date,game_id,competition_id,season,competition_type,home_club_id,away_club_id,home_club_name,away_club_name,home_goals,away_goals
2014-10-05,2466858,PO1,2014,domestic_league,720,1075,FC Porto,SC Braga,2,1
2014-10-05,2466859,PO1,2014,domestic_league,982,2425,CD Nacional,Rio Ave FC,0,0
2014-10-05,2466860,PO1,2014,domestic_league,2995,1301,FC Paços de Ferreira,CS Marítimo,3,2
2014-10-05,2466861,PO1,2014,domestic_league,2990,979,Académica Coimbra,Moreirense FC,0,0
2014-10-05,2466862,PO1,2014,domestic_league,68608,1085,CF Os Belenenses,Vitória Setúbal FC,1,1
2014-10-05,2466864,PO1,2014,domestic_league,294,8024,SL Benfica,FC Arouca,4,0
2014-10-05,2466866,PO1,2014,domestic_league,2424,1465,Gil Vicente FC,GD Estoril Praia,1,1
2014-10-05,2469967,TR1,2014,domestic_league,6890,19771,Basaksehir FK,Akhisarspor,4,0
2014-10-05,2469968,TR1,2014,domestic_league,1506,449,Kardemir Karabükspor,Trabzonspor,3,0
2014-10-05,2469974,TR1,2014,domestic_league,20698,114,Balikesirspor,Beşiktaş Jimnastik Kulübü,0,1
2014-10-05,2469975,TR1,2014,domestic_league,825,126,Eskisehirspor,Caykur Rizespor,1,2
2014-10-05,2475241,ES1,2014,domestic_league,714,681,RCD Espanyol Barcelona,Real Sociedad,2,0
2014-10-05,2475243,ES1,2014,domestic_league,368,897,Sevilla FC,Deportivo de La Coruña,4,1
2014-10-05,2475245,ES1,2014,domestic_league,940,1050,Celta de Vigo,Villarreal CF,1,3
2014-10-05,2475246,ES1,2014,domestic_league,418,621,Real Madrid,Athletic Bilbao,5,0
2014-10-05,2478638,IT1,2014,domestic_league,749,458,FC Empoli,Palermo FC,3,0
2014-10-05,2478639,IT1,2014,domestic_league,430,46,ACF Fiorentina,Inter Milan,3,0
2014-10-05,2478641,IT1,2014,domestic_league,506,12,Juventus FC,Associazione Sportiva Roma,3,2
2014-10-05,2478642,IT1,2014,domestic_league,398,6574,Società Sportiva Lazio S.p.A.,US Sassuolo,3,2
2014-10-05,2478644,IT1,2014,domestic_league,6195,416,SSC Napoli,Torino FC,2,1
2014-10-05,2478645,IT1,2014,domestic_league,130,252,Parma Calcio 1913,Genoa CFC,1,2
2014-10-05,2478646,IT1,2014,domestic_league,1038,800,UC Sampdoria,Atalanta BC,1,0
2014-10-05,2478647,IT1,2014,domestic_league,410,1429,Udinese Calcio,Cesena FC,1,1
2014-10-05,2481057,SC1,2014,domestic_league,371,2999,Celtic FC,Hamilton Academical FC,0,1
2014-10-05,2481059,SC1,2014,domestic_league,2451,2759,Inverness Caledonian Thistle FC,Ross County FC,1,1
2014-10-05,2482188,FR1,2014,domestic_league,855,995,EA Guingamp,FC Nantes,0,1
2014-10-05,2482189,FR1,2014,domestic_league,1041,1082,Olympique Lyon,LOSC Lille,3,0
2014-10-05,2482191,FR1,2014,domestic_league,583,162,Paris Saint-Germain,AS Monaco,1,1
2014-10-05,2482194,FR1,2014,domestic_league,618,415,AS Saint-Étienne,FC Toulouse,0,1
2014-10-05,2486534,GB1,2014,domestic_league,148,180,Tottenham Hotspur,Southampton FC,1,0
2014-10-05,2486536,GB1,2014,domestic_league,985,29,Manchester United,Everton FC,2,1
2014-10-05,2486537,GB1,2014,domestic_league,631,11,Chelsea FC,Arsenal FC,2,0
2014-10-05,2486538,GB1,2014,domestic_league,379,1039,West Ham United,Queens Park Rangers,2,0
2014-10-05,2495672,DK1,2014,domestic_league,20100,5817,FC Vestsjaelland,Sönderjyske Fodbold,1,1
2014-10-05,2495673,DK1,2014,domestic_league,5724,2778,Randers FC,FC Nordsjaelland,0,0
2014-10-05,2495674,DK1,2014,domestic_league,190,3426,FC Copenhagen,Esbjerg fB,2,1
2014-10-05,2495675,DK1,2014,domestic_league,206,1053,Bröndby IF,Aalborg BK,2,1
2014-10-05,2497894,UKR1,2014,domestic_league,6993,339,FK Mariupol,Dnipro Dnipropetrovsk (-2020),0,1
2014-10-05,2497895,UKR1,2014,domestic_league,338,660,Dynamo Kyiv,FC Shakhtar Donetsk,1,0
2014-10-05,2497897,UKR1,2014,domestic_league,6414,6994,Metalist Kharkiv (- 2016),Metalurg Zaporizhya (-2016),2,1
2014-10-05,2498092,SFA,2014,domestic_cup,23692,3014,University of Stirling FC,Albion Rovers FC,1,4
2014-10-05,2503719,BE1,2014,domestic_league,2282,3057,Club Brugge KV,Standard Liège,3,0
2014-10-05,2503720,BE1,2014,domestic_league,58,1184,RSC Anderlecht,KRC Genk,0,0
2014-10-05,2503721,BE1,2014,domestic_league,498,2861,KSC Lokeren (- 2020),KV Oostende,3,1
2014-10-11,2502703,SFA,2014,domestic_cup,28457,17602,East Kilbride FC,The Spartans FC,1,5
2014-10-11,2502704,SFA,2014,domestic_cup,3458,3028,Forres Mechanics FC,Elgin City FC,1,3
2014-10-11,2502834,SFA,2014,domestic_cup,3030,3021,Montrose FC,Arbroath FC,1,3
2014-10-14,2500397,CDR,2014,domestic_cup,1532,2867,Albacete Balompié,Recreativo Huelva,2,1
2014-10-14,2500399,CDR,2014,domestic_cup,13222,1108,CD Mirandés,Deportivo Alavés,0,1
2014-10-15,2500389,CDR,2014,domestic_cup,9477,18690,CE L'Hospitalet,CD Izarra,3,2
2014-10-15,2500390,CDR,2014,domestic_cup,16196,29733,UE Cornellà,SD Leioa,2,1
2014-10-15,2500391,CDR,2014,domestic_cup,12605,2687,Real Balompédica Linense,Cádiz CF,1,2
2014-10-15,2500392,CDR,2014,domestic_cup,11259,3239,CD Alcoyano,UE Lleida (- 2011),1,0
2014-10-15,2500393,CDR,2014,domestic_cup,2497,34148,Real Oviedo,UCAM Murcia CF,1,0
2014-10-15,2500394,CDR,2014,domestic_cup,5358,3708,SD Huesca,Barakaldo CF,2,1
2014-10-15,2500395,CDR,2014,domestic_cup,366,12321,Real Valladolid CF,Girona FC,2,0
2014-10-15,2500398,CDR,2014,domestic_cup,150,11000,Real Betis Balompié,CD Lugo,5,4
2014-10-16,2500396,CDR,2014,domestic_cup,472,2296,UD Las Palmas,CD Numancia,2,0
2014-10-17,2475259,ES1,2014,domestic_league,16795,367,Granada CF,Rayo Vallecano,0,1
2014-10-17,2481064,SC1,2014,domestic_league,2999,370,Hamilton Academical FC,Aberdeen FC,3,0
2014-10-17,2482196,FR1,2014,domestic_league,826,583,RC Lens,Paris Saint-Germain,1,3
2014-10-17,2495676,DK1,2014,domestic_league,1053,5818,Aalborg BK,Hobro IK,1,1
2014-10-17,2497903,UKR1,2014,domestic_league,660,4482,FC Shakhtar Donetsk,Volyn Lutsk,6,2
2014-10-18,2459658,NL1,2014,domestic_league,403,499,Willem II Tilburg,Vitesse Arnhem,1,4
2014-10-18,2459659,NL1,2014,domestic_league,383,1090,PSV Eindhoven,AZ Alkmaar,3,0
2014-10-18,2459660,NL1,2014,domestic_league,234,1304,Feyenoord Rotterdam,Heracles Almelo,2,1
2014-10-18,2459661,NL1,2014,domestic_league,132,1268,NAC Breda,ADO Den Haag,1,1
2014-10-18,2459662,NL1,2014,domestic_league,317,610,FC Twente Enschede,Ajax Amsterdam,1,1
2014-10-18,2460689,L1,2014,domestic_league,27,86,Bayern Munich,SV Werder Bremen,6,0
2014-10-18,2460690,L1,2014,domestic_league,33,44,FC Schalke 04,Hertha BSC,2,0
2014-10-18,2460691,L1,2014,domestic_league,39,167,1.FSV Mainz 05,FC Augsburg,2,1
2014-10-18,2460692,L1,2014,domestic_league,42,18,Hannover 96,Borussia Mönchengladbach,0,3
2014-10-18,2460693,L1,2014,domestic_league,60,82,SC Freiburg,VfL Wolfsburg,1,2
2014-10-18,2460694,L1,2014,domestic_league,79,15,VfB Stuttgart,Bayer 04 Leverkusen,3,3
2014-10-18,2460696,L1,2014,domestic_league,3,16,1.FC Köln,Borussia Dortmund,2,1
2014-10-18,2469976,TR1,2014,domestic_league,524,1506,Gaziantepspor (- 2020),Kardemir Karabükspor,1,0
2014-10-18,2469979,TR1,2014,domestic_league,141,36,Galatasaray,Fenerbahce,2,1
2014-10-18,2469980,TR1,2014,domestic_league,2293,6890,Konyaspor,Basaksehir FK,0,0
2014-10-18,2475250,ES1,2014,domestic_league,993,1084,Córdoba CF,Málaga CF,1,2
2014-10-18,2475256,ES1,2014,domestic_league,621,940,Athletic Bilbao,Celta de Vigo,1,1
2014-10-18,2475257,ES1,2014,domestic_league,3368,418,Levante UD,Real Madrid,0,5
2014-10-18,2475258,ES1,2014,domestic_league,131,1533,FC Barcelona,SD Eibar,3,0
2014-10-18,2478655,IT1,2014,domestic_league,12,862,Associazione Sportiva Roma,Chievo Verona,3,0
2014-10-18,2478656,IT1,2014,domestic_league,6574,506,US Sassuolo,Juventus FC,1,1
2014-10-18,2481063,SC1,2014,domestic_league,1519,2760,Dundee United FC,Partick Thistle FC,1,0
2014-10-18,2481065,SC1,2014,domestic_league,987,511,Motherwell FC,Dundee FC,1,3
2014-10-18,2481066,SC1,2014,domestic_league,2759,371,Ross County FC,Celtic FC,0,5
2014-10-18,2481067,SC1,2014,domestic_league,2578,2553,St. Johnstone FC,Kilmarnock FC,1,2
2014-10-18,2481068,SC1,2014,domestic_league,465,2451,St. Mirren FC,Inverness Caledonian Thistle FC,0,1
2014-10-18,2482197,FR1,2014,domestic_league,1082,855,LOSC Lille,EA Guingamp,1,2
2014-10-18,2482198,FR1,2014,domestic_league,1158,618,FC Lorient,AS Saint-Étienne,0,1
2014-10-18,2482200,FR1,2014,domestic_league,347,273,FC Metz,Stade Rennais FC,0,0
2014-10-18,2482201,FR1,2014,domestic_league,162,14171,AS Monaco,Thonon Évian Grand Genève FC,2,0
2014-10-18,2482203,FR1,2014,domestic_league,995,1421,FC Nantes,Stade Reims,1,1
2014-10-18,2482204,FR1,2014,domestic_league,417,595,OGC Nice,SC Bastia,0,1
2014-10-18,2486539,GB1,2014,domestic_league,281,148,Manchester City,Tottenham Hotspur,4,1
2014-10-18,2486540,GB1,2014,domestic_league,11,3008,Arsenal FC,Hull City,2,2
2014-10-18,2486541,GB1,2014,domestic_league,1132,379,Burnley FC,West Ham United,1,3
2014-10-18,2486542,GB1,2014,domestic_league,873,631,Crystal Palace,Chelsea FC,1,2
2014-10-18,2486543,GB1,2014,domestic_league,29,405,Everton FC,Aston Villa,3,0
2014-10-18,2486544,GB1,2014,domestic_league,762,1003,Newcastle United,Leicester City,1,0
2014-10-18,2486545,GB1,2014,domestic_league,180,289,Southampton FC,Sunderland AFC,8,0
2014-10-18,2494358,GR1,2014,domestic_league,5572,7185,Niki Volou,Panthrakikos Komotini,1,0
2014-10-18,2494359,GR1,2014,domestic_league,6676,6418,A.G.S Asteras Tripolis,Panetolikos Agrinio,1,1
2014-10-18,2494360,GR1,2014,domestic_league,5220,683,GS Ergotelis,Olympiakos Syndesmos Filathlon Peiraios,2,3
2014-10-18,2495677,DK1,2014,domestic_league,2778,5817,FC Nordsjaelland,Sönderjyske Fodbold,2,3
2014-10-18,2497900,UKR1,2014,domestic_league,6996,338,Goverla Uzhgorod (- 2016),Dynamo Kyiv,0,4
2014-10-18,2497904,UKR1,2014,domestic_league,2740,6414,Vorskla Poltava,Metalist Kharkiv (- 2016),0,0
2014-10-18,2497906,UKR1,2014,domestic_league,6994,23611,Metalurg Zaporizhya (-2016),Olimpik Donetsk,2,2
2014-10-18,2500980,RU1,2014,domestic_league,2410,2439,PFK CSKA Moskva,Kuban Krasnodar (-2018),6,0
2014-10-18,2500981,RU1,2014,domestic_league,16704,964,FK Krasnodar,AO FK Zenit Sankt-Peterburg,2,2
2014-10-18,2500982,RU1,2014,domestic_league,932,3725,"Футбольный клуб ""Локомотив"" Москва",RFK Akhmat Grozny,2,1
2014-10-18,2503722,BE1,2014,domestic_league,354,58,KV Mechelen,RSC Anderlecht,1,1
2014-10-18,2503723,BE1,2014,domestic_league,2861,29228,KV Oostende,Royal Excel Mouscron (-2022),0,0
2014-10-18,2503724,BE1,2014,domestic_league,601,28643,KV Kortrijk,SK Beveren,2,1
2014-10-18,2503725,BE1,2014,domestic_league,520,204,Cercle Brugge,Lierse SK (- 2018),1,2
2014-10-18,2503726,BE1,2014,domestic_league,157,172,KAA Gent,Royal Charleroi Sporting Club,2,2
2014-10-19,2459663,NL1,2014,domestic_league,306,133,SC Heerenveen,SC Cambuur Leeuwarden,2,2
2014-10-19,2459664,NL1,2014,domestic_league,1455,200,FC Dordrecht,FC Utrecht,1,3
2014-10-19,2459665,NL1,2014,domestic_league,1435,1269,Go Ahead Eagles,PEC Zwolle,3,2
2014-10-19,2459666,NL1,2014,domestic_league,202,798,FC Groningen,Excelsior Rotterdam,1,1
2014-10-19,2460695,L1,2014,domestic_league,41,533,Hamburger SV,TSG 1899 Hoffenheim,1,1
2014-10-19,2460697,L1,2014,domestic_league,127,24,SC Paderborn 07,Eintracht Frankfurt,3,1
2014-10-19,2469977,TR1,2014,domestic_league,449,3216,Trabzonspor,Mersin Talimyurdu SK,3,1
2014-10-19,2469978,TR1,2014,domestic_league,114,2381,Beşiktaş Jimnastik Kulübü,Sivasspor,3,2
2014-10-19,2469981,TR1,2014,domestic_league,19771,10484,Akhisarspor,Kasimpasa,2,0
2014-10-19,2469982,TR1,2014,domestic_league,20,825,Bursaspor,Eskisehirspor,2,2
2014-10-19,2475252,ES1,2014,domestic_league,13,714,Atlético de Madrid,RCD Espanyol Barcelona,2,0
2014-10-19,2475253,ES1,2014,domestic_league,897,1049,Deportivo de La Coruña,Valencia CF,3,0
2014-10-19,2475254,ES1,2014,domestic_league,1531,368,Elche CF,Sevilla FC,0,2
2014-10-19,2475255,ES1,2014,domestic_league,1050,3302,Villarreal CF,UD Almería,2,0
2014-10-19,2478648,IT1,2014,domestic_league,800,130,Atalanta BC,Parma Calcio 1913,1,0
2014-10-19,2478649,IT1,2014,domestic_league,1390,1038,Cagliari Calcio,UC Sampdoria,2,2
2014-10-19,2478650,IT1,2014,domestic_league,430,398,ACF Fiorentina,Società Sportiva Lazio S.p.A.,0,2
2014-10-19,2478652,IT1,2014,domestic_league,276,5,Hellas Verona,AC Milan,1,3
2014-10-19,2478653,IT1,2014,domestic_league,46,6195,Inter Milan,SSC Napoli,2,2
2014-10-19,2478654,IT1,2014,domestic_league,458,1429,Palermo FC,Cesena FC,2,1
2014-10-19,2478657,IT1,2014,domestic_league,416,410,Torino FC,Udinese Calcio,1,0
2014-10-19,2482195,FR1,2014,domestic_league,40,1162,FC Girondins Bordeaux,SM Caen,1,1
2014-10-19,2482199,FR1,2014,domestic_league,244,415,Olympique Marseille,FC Toulouse,2,0
2014-10-19,2482202,FR1,2014,domestic_league,1041,969,Olympique Lyon,Montpellier HSC,5,1
2014-10-19,2486546,GB1,2014,domestic_league,1039,31,Queens Park Rangers,Liverpool FC,2,3
2014-10-19,2486547,GB1,2014,domestic_league,512,2288,Stoke City,Swansea City,2,1
2014-10-19,2494361,GR1,2014,domestic_league,265,653,Panathinaikos Athlitikos Omilos,Omilos Filathlon Irakliou FC,1,2
2014-10-19,2494363,GR1,2014,domestic_league,28956,5219,AEL Kalloni,AOK Kerkyra,1,0
2014-10-19,2494364,GR1,2014,domestic_league,2079,2672,Veria NPS,APO Levadiakos Football Club,2,1
2014-10-19,2494365,GR1,2014,domestic_league,21957,128,AO Platanias,AO Xanthi,1,0
2014-10-19,2494366,GR1,2014,domestic_league,1091,3060,Panthessalonikios Athlitikos Omilos Konstantinoupoliton,APS Atromitos Athinon,2,1
2014-10-19,2495678,DK1,2014,domestic_league,865,1177,FC Midtjylland,Silkeborg IF,2,1
2014-10-19,2495679,DK1,2014,domestic_league,206,20100,Bröndby IF,FC Vestsjaelland,5,0
2014-10-19,2495680,DK1,2014,domestic_league,190,5724,FC Copenhagen,Randers FC,1,0
2014-10-19,2497901,UKR1,2014,domestic_league,2783,10690,Metalurg Donetsk (- 2015),Zorya Lugansk,0,0
2014-10-19,2497902,UKR1,2014,domestic_league,2477,6993,Karpaty Lviv (-2021),FK Mariupol,1,0
2014-10-19,2497905,UKR1,2014,domestic_league,339,6992,Dnipro Dnipropetrovsk (-2020),Chornomorets Odesa,2,1
2014-10-19,2500983,RU1,2014,domestic_league,11127,232,Ural Yekaterinburg,FK Spartak Moskva,2,0
2014-10-19,2500984,RU1,2014,domestic_league,3729,1083,Arsenal Tula,FK Rostov,1,1
2014-10-19,2503727,BE1,2014,domestic_league,3057,3508,Standard Liège,Zulte Waregem,0,5
2014-10-19,2503728,BE1,2014,domestic_league,498,2282,KSC Lokeren (- 2020),Club Brugge KV,1,3
2014-10-19,2503729,BE1,2014,domestic_league,1184,968,KRC Genk,KVC Westerlo,3,1
2014-10-20,2469983,TR1,2014,domestic_league,126,20698,Caykur Rizespor,Balikesirspor,2,2
2014-10-20,2469984,TR1,2014,domestic_league,820,6894,Gençlerbirliği Spor Kulübü,Kayseri Erciyesspor,0,0
2014-10-20,2475251,ES1,2014,domestic_league,681,3709,Real Sociedad,Getafe CF,1,2
2014-10-20,2478651,IT1,2014,domestic_league,252,749,Genoa CFC,FC Empoli,1,1
2014-10-20,2486548,GB1,2014,domestic_league,984,985,West Bromwich Albion,Manchester United,2,2
2014-10-20,2494362,GR1,2014,domestic_league,169,2671,Panionios Athens,PAS Giannina,0,1
2014-10-20,2495681,DK1,2014,domestic_league,3426,173,Esbjerg fB,Odense Boldklub,2,0
2014-10-20,2500985,RU1,2014,domestic_league,28095,1186,FK Ufa,Torpedo Moscow,1,1
2014-10-20,2500986,RU1,2014,domestic_league,2698,11126,FC Rubin Kazan,Mordovia Saransk (-2020),5,0
2014-10-21,2495310,CL,2014,international_cup,2410,281,PFK CSKA Moskva,Manchester City,2,2
2014-10-21,2495311,CL,2014,international_cup,12,27,Associazione Sportiva Roma,Bayern Munich,1,7
2014-10-21,2495312,CL,2014,international_cup,2784,583,APOEL Nicosia,Paris Saint-Germain,0,1
2014-10-21,2495313,CL,2014,international_cup,131,610,FC Barcelona,Ajax Amsterdam,3,1
2014-10-21,2495314,CL,2014,international_cup,33,336,FC Schalke 04,Sporting CP,4,3
2014-10-21,2495315,CL,2014,international_cup,631,790,Chelsea FC,NK Maribor,6,0
2014-10-21,2495316,CL,2014,international_cup,713,660,BATE Borisov,FC Shakhtar Donetsk,0,7
2014-10-21,2495317,CL,2014,international_cup,720,621,FC Porto,Athletic Bilbao,2,1
2014-10-22,2492458,EL,2014,other,6414,255,Metalist Kharkiv (- 2016),Legia Warszawa,0,1
2014-10-22,2495318,CL,2014,international_cup,683,506,Olympiakos Syndesmos Filathlon Peiraios,Juventus FC,1,0
2014-10-22,2495319,CL,2014,international_cup,13,496,Atlético de Madrid,Malmö Fotbollförening,5,0
2014-10-22,2495320,CL,2014,international_cup,31,418,Liverpool FC,Real Madrid,0,3
2014-10-22,2495321,CL,2014,international_cup,31614,26,Ludogorets Razgrad,FC Basel 1893,1,0
2014-10-22,2495322,CL,2014,international_cup,162,294,AS Monaco,SL Benfica,0,0
2014-10-22,2495323,CL,2014,international_cup,15,964,Bayer 04 Leverkusen,AO FK Zenit Sankt-Peterburg,2,0
2014-10-22,2495324,CL,2014,international_cup,58,11,RSC Anderlecht,Arsenal FC,1,2
2014-10-22,2495325,CL,2014,international_cup,141,16,Galatasaray,Borussia Dortmund,0,4
2014-10-23,2491051,EL,2014,other,449,498,Trabzonspor,KSC Lokeren (- 2020),2,0
2014-10-23,2492352,EL,2014,other,1050,260,Villarreal CF,FC Zürich,4,1
2014-10-23,2492353,EL,2014,other,18,429,Borussia Mönchengladbach,Apollon Limassol,5,0
2014-10-23,2492364,EL,2014,other,46,618,Inter Milan,AS Saint-Étienne,0,0
2014-10-23,2492365,EL,2014,other,339,10625,Dnipro Dnipropetrovsk (-2020),Qarabağ FK,0,1
2014-10-23,2492376,EL,2014,other,2282,190,Club Brugge KV,FC Copenhagen,1,1
2014-10-23,2492377,EL,2014,other,416,1008,Torino FC,HJK Helsinki,2,0
2014-10-23,2492388,EL,2014,other,669,114,FK Partizan Belgrade,Beşiktaş Jimnastik Kulübü,0,4
2014-10-23,2492389,EL,2014,other,148,6676,Tottenham Hotspur,A.G.S Asteras Tripolis,5,1
2014-10-23,2492400,EL,2014,other,409,419,Fußballclub Red Bull Salzburg,GNK Dinamo Zagreb,4,2
2014-10-23,2492401,EL,2014,other,371,13499,Celtic FC,Astra Giurgiu (- 2024),2,1
2014-10-23,2492412,EL,2014,other,383,265,PSV Eindhoven,Panathinaikos Athlitikos Omilos,1,1
2014-10-23,2492413,EL,2014,other,1465,121,GD Estoril Praia,FK Dinamo Moskva,1,2
2014-10-23,2492424,EL,2014,other,1091,430,Panthessalonikios Athlitikos Omilos Konstantinoupoliton,ACF Fiorentina,0,1
2014-10-23,2492425,EL,2014,other,1180,855,Dinamo Minsk,EA Guingamp,0,0
2014-10-23,2492436,EL,2014,other,3057,368,Standard Liège,Sevilla FC,0,0
2014-10-23,2492437,EL,2014,other,144,234,HNK Rijeka,Feyenoord Rotterdam,3,1
2014-10-23,2492448,EL,2014,other,16704,82,FK Krasnodar,VfL Wolfsburg,2,4
2014-10-23,2492449,EL,2014,other,1082,29,LOSC Lille,Everton FC,0,0
2014-10-23,2492466,EL,2014,other,1053,338,Aalborg BK,Dynamo Kyiv,3,0
2014-10-23,2492467,EL,2014,other,301,2425,FCSB,Rio Ave FC,2,1
2014-10-23,2492484,EL,2014,other,452,6195,BSC Young Boys,SSC Napoli,2,0
2014-10-23,2492485,EL,2014,other,540,197,Slovan Bratislava,AC Sparta Prague,0,3
2014-10-24,2459667,NL1,2014,domestic_league,1268,1455,ADO Den Haag,FC Dordrecht,2,0
2014-10-24,2460705,L1,2014,domestic_league,86,3,SV Werder Bremen,1.FC Köln,0,1
2014-10-24,2466873,PO1,2014,domestic_league,1085,2420,Vitória Setúbal FC,Vitória Guimarães SC,0,1
2014-10-24,2469991,TR1,2014,domestic_league,1506,19771,Kardemir Karabükspor,Akhisarspor,2,1
2014-10-24,2469992,TR1,2014,domestic_league,10484,2293,Kasimpasa,Konyaspor,2,0
2014-10-24,2475266,ES1,2014,domestic_league,940,3368,Celta de Vigo,Levante UD,3,0
2014-10-24,2481069,SC1,2014,domestic_league,370,987,Aberdeen FC,Motherwell FC,1,0
2014-10-24,2482214,FR1,2014,domestic_league,415,826,FC Toulouse,RC Lens,0,2
2014-10-24,2495682,DK1,2014,domestic_league,1177,20100,Silkeborg IF,FC Vestsjaelland,1,2
2014-10-24,2503745,BE1,2014,domestic_league,204,354,Lierse SK (- 2018),KV Mechelen,0,1
2014-10-24,2506729,RU1,2014,domestic_league,11127,3729,Ural Yekaterinburg,Arsenal Tula,1,0
2014-10-25,2459668,NL1,2014,domestic_league,499,132,Vitesse Arnhem,NAC Breda,2,2
2014-10-25,2459669,NL1,2014,domestic_league,1304,403,Heracles Almelo,Willem II Tilburg,1,3
2014-10-25,2459670,NL1,2014,domestic_league,610,1435,Ajax Amsterdam,Go Ahead Eagles,3,1
2014-10-25,2459673,NL1,2014,domestic_league,1090,202,AZ Alkmaar,FC Groningen,2,2
2014-10-25,2460698,L1,2014,domestic_league,16,42,Borussia Dortmund,Hannover 96,0,1
2014-10-25,2460699,L1,2014,domestic_league,15,33,Bayer 04 Leverkusen,FC Schalke 04,1,0
2014-10-25,2460702,L1,2014,domestic_league,167,60,FC Augsburg,SC Freiburg,2,0
2014-10-25,2460703,L1,2014,domestic_league,533,127,TSG 1899 Hoffenheim,SC Paderborn 07,1,0
2014-10-25,2460704,L1,2014,domestic_league,44,41,Hertha BSC,Hamburger SV,3,0
2014-10-25,2460706,L1,2014,domestic_league,24,79,Eintracht Frankfurt,VfB Stuttgart,4,5
2014-10-25,2466867,PO1,2014,domestic_league,8024,720,FC Arouca,FC Porto,0,5
2014-10-25,2466868,PO1,2014,domestic_league,2503,2995,Boavista FC,FC Paços de Ferreira,1,2
2014-10-25,2466872,PO1,2014,domestic_league,979,2424,Moreirense FC,Gil Vicente FC,2,0
2014-10-25,2469986,TR1,2014,domestic_league,2381,126,Sivasspor,Caykur Rizespor,0,1
2014-10-25,2469988,TR1,2014,domestic_league,36,820,Fenerbahce,Gençlerbirliği Spor Kulübü,2,1
2014-10-25,2469990,TR1,2014,domestic_league,20698,20,Balikesirspor,Bursaspor,0,5
2014-10-25,2475260,ES1,2014,domestic_league,993,681,Córdoba CF,Real Sociedad,1,1
2014-10-25,2475263,ES1,2014,domestic_league,1049,1531,Valencia CF,Elche CF,3,1
2014-10-25,2475265,ES1,2014,domestic_league,3302,621,UD Almería,Athletic Bilbao,0,1
2014-10-25,2475267,ES1,2014,domestic_league,418,131,Real Madrid,FC Barcelona,3,1
2014-10-25,2475268,ES1,2014,domestic_league,1533,16795,SD Eibar,Granada CF,1,1
2014-10-25,2478660,IT1,2014,domestic_league,749,1390,FC Empoli,Cagliari Calcio,0,4
2014-10-25,2478665,IT1,2014,domestic_league,130,6574,Parma Calcio 1913,US Sassuolo,1,3
2014-10-25,2478666,IT1,2014,domestic_league,1038,12,UC Sampdoria,Associazione Sportiva Roma,0,0
2014-10-25,2481071,SC1,2014,domestic_league,511,2999,Dundee FC,Hamilton Academical FC,2,0
2014-10-25,2481072,SC1,2014,domestic_league,2451,1519,Inverness Caledonian Thistle FC,Dundee United FC,1,0
2014-10-25,2481073,SC1,2014,domestic_league,2760,2578,Partick Thistle FC,St. Johnstone FC,0,0
2014-10-25,2481074,SC1,2014,domestic_league,465,2759,St. Mirren FC,Ross County FC,2,2
2014-10-25,2482205,FR1,2014,domestic_league,595,162,SC Bastia,AS Monaco,1,3
2014-10-25,2482206,FR1,2014,domestic_league,1162,1158,SM Caen,FC Lorient,2,1
2014-10-25,2482207,FR1,2014,domestic_league,14171,995,Thonon Évian Grand Genève FC,FC Nantes,0,2
2014-10-25,2482210,FR1,2014,domestic_league,583,40,Paris Saint-Germain,FC Girondins Bordeaux,3,0
2014-10-25,2482211,FR1,2014,domestic_league,1421,969,Stade Reims,Montpellier HSC,1,0
2014-10-25,2486549,GB1,2014,domestic_league,984,873,West Bromwich Albion,Crystal Palace,2,2
2014-10-25,2486550,GB1,2014,domestic_league,31,3008,Liverpool FC,Hull City,0,0
2014-10-25,2486551,GB1,2014,domestic_league,180,512,Southampton FC,Stoke City,1,0
2014-10-25,2486552,GB1,2014,domestic_league,289,11,Sunderland AFC,Arsenal FC,0,2
2014-10-25,2486554,GB1,2014,domestic_league,379,281,West Ham United,Manchester City,2,1
2014-10-25,2486555,GB1,2014,domestic_league,2288,1003,Swansea City,Leicester City,2,0
2014-10-25,2494370,GR1,2014,domestic_league,3060,5220,APS Atromitos Athinon,GS Ergotelis,1,1
2014-10-25,2494371,GR1,2014,domestic_league,2672,169,APO Levadiakos Football Club,Panionios Athens,1,0
2014-10-25,2494376,GR1,2014,domestic_league,2671,28956,PAS Giannina,AEL Kalloni,0,0
2014-10-25,2495683,DK1,2014,domestic_league,5817,865,Sönderjyske Fodbold,FC Midtjylland,1,1
2014-10-25,2503746,BE1,2014,domestic_league,28643,1184,SK Beveren,KRC Genk,0,1
2014-10-25,2503747,BE1,2014,domestic_league,172,2861,Royal Charleroi Sporting Club,KV Oostende,2,0
2014-10-25,2503748,BE1,2014,domestic_league,3508,520,Zulte Waregem,Cercle Brugge,1,2
2014-10-25,2503749,BE1,2014,domestic_league,968,601,KVC Westerlo,KV Kortrijk,2,1
2014-10-25,2506730,RU1,2014,domestic_league,4128,1083,Amkar Perm,FK Rostov,2,0
2014-10-25,2506731,RU1,2014,domestic_league,1186,2439,Torpedo Moscow,Kuban Krasnodar (-2018),0,0
2014-10-26,2459671,NL1,2014,domestic_league,133,234,SC Cambuur Leeuwarden,Feyenoord Rotterdam,0,1
2014-10-26,2459672,NL1,2014,domestic_league,200,383,FC Utrecht,PSV Eindhoven,1,5
2014-10-26,2459674,NL1,2014,domestic_league,1269,306,PEC Zwolle,SC Heerenveen,2,2
2014-10-26,2459675,NL1,2014,domestic_league,798,317,Excelsior Rotterdam,FC Twente Enschede,2,1
2014-10-26,2460700,L1,2014,domestic_league,82,39,VfL Wolfsburg,1.FSV Mainz 05,3,0
2014-10-26,2460701,L1,2014,domestic_league,18,27,Borussia Mönchengladbach,Bayern Munich,0,0
2014-10-26,2466869,PO1,2014,domestic_league,982,2990,CD Nacional,Académica Coimbra,1,0
2014-10-26,2466870,PO1,2014,domestic_league,1465,68608,GD Estoril Praia,CF Os Belenenses,1,2
2014-10-26,2466871,PO1,2014,domestic_league,1075,294,SC Braga,SL Benfica,2,1
2014-10-26,2466874,PO1,2014,domestic_league,336,1301,Sporting CP,CS Marítimo,4,2
2014-10-26,2469985,TR1,2014,domestic_league,6890,141,Basaksehir FK,Galatasaray,4,0
2014-10-26,2469987,TR1,2014,domestic_league,449,524,Trabzonspor,Gaziantepspor (- 2020),4,4
2014-10-26,2469993,TR1,2014,domestic_league,3216,825,Mersin Talimyurdu SK,Eskisehirspor,4,2
2014-10-26,2475261,ES1,2014,domestic_league,3709,13,Getafe CF,Atlético de Madrid,0,1
2014-10-26,2475262,ES1,2014,domestic_league,714,897,RCD Espanyol Barcelona,Deportivo de La Coruña,0,0
2014-10-26,2475264,ES1,2014,domestic_league,368,1050,Sevilla FC,Villarreal CF,2,1
2014-10-26,2475269,ES1,2014,domestic_league,1084,367,Málaga CF,Rayo Vallecano,4,0
2014-10-26,2478658,IT1,2014,domestic_league,1429,46,Cesena FC,Inter Milan,0,1
2014-10-26,2478659,IT1,2014,domestic_league,862,252,Chievo Verona,Genoa CFC,1,2
2014-10-26,2478661,IT1,2014,domestic_league,506,458,Juventus FC,Palermo FC,2,0
2014-10-26,2478662,IT1,2014,domestic_league,398,416,Società Sportiva Lazio S.p.A.,Torino FC,2,1
2014-10-26,2478663,IT1,2014,domestic_league,5,430,AC Milan,ACF Fiorentina,1,1
2014-10-26,2478664,IT1,2014,domestic_league,6195,276,SSC Napoli,Hellas Verona,6,2
2014-10-26,2478667,IT1,2014,domestic_league,410,800,Udinese Calcio,Atalanta BC,2,0
2014-10-26,2481070,SC1,2014,domestic_league,371,2553,Celtic FC,Kilmarnock FC,2,0
2014-10-26,2482208,FR1,2014,domestic_league,855,417,EA Guingamp,OGC Nice,2,7
2014-10-26,2482209,FR1,2014,domestic_league,1041,244,Olympique Lyon,Olympique Marseille,1,0
2014-10-26,2482212,FR1,2014,domestic_league,273,1082,Stade Rennais FC,LOSC Lille,2,0
2014-10-26,2482213,FR1,2014,domestic_league,618,347,AS Saint-Étienne,FC Metz,1,0
2014-10-26,2486553,GB1,2014,domestic_league,148,762,Tottenham Hotspur,Newcastle United,1,2
2014-10-26,2486556,GB1,2014,domestic_league,1132,29,Burnley FC,Everton FC,1,3
2014-10-26,2486557,GB1,2014,domestic_league,985,631,Manchester United,Chelsea FC,1,1
2014-10-26,2494369,GR1,2014,domestic_league,5219,21957,AOK Kerkyra,AO Platanias,1,2
2014-10-26,2494372,GR1,2014,domestic_league,653,6676,Omilos Filathlon Irakliou FC,A.G.S Asteras Tripolis,2,3
2014-10-26,2494373,GR1,2014,domestic_league,683,265,Olympiakos Syndesmos Filathlon Peiraios,Panathinaikos Athlitikos Omilos,1,0
2014-10-26,2494374,GR1,2014,domestic_league,1091,2079,Panthessalonikios Athlitikos Omilos Konstantinoupoliton,Veria NPS,4,1
2014-10-26,2494375,GR1,2014,domestic_league,6418,7185,Panetolikos Agrinio,Panthrakikos Komotini,3,1
2014-10-26,2495684,DK1,2014,domestic_league,5724,173,Randers FC,Odense Boldklub,3,0
2014-10-26,2495685,DK1,2014,domestic_league,5818,190,Hobro IK,FC Copenhagen,0,2
2014-10-26,2495686,DK1,2014,domestic_league,3426,206,Esbjerg fB,Bröndby IF,0,0
2014-10-26,2503750,BE1,2014,domestic_league,2282,157,Club Brugge KV,KAA Gent,2,2
2014-10-26,2503751,BE1,2014,domestic_league,58,3057,RSC Anderlecht,Standard Liège,0,2
2014-10-26,2503752,BE1,2014,domestic_league,29228,498,Royal Excel Mouscron (-2022),KSC Lokeren (- 2020),2,2
2014-10-26,2506732,RU1,2014,domestic_league,232,932,FK Spartak Moskva,"Футбольный клуб ""Локомотив"" Москва",1,1
2014-10-26,2506733,RU1,2014,domestic_league,28095,2410,FK Ufa,PFK CSKA Moskva,3,3
2014-10-26,2506734,RU1,2014,domestic_league,964,11126,AO FK Zenit Sankt-Peterburg,Mordovia Saransk (-2020),5,0
2014-10-27,2466875,PO1,2014,domestic_league,2425,3327,Rio Ave FC,FC Penafiel,3,2
2014-10-27,2469989,TR1,2014,domestic_league,6894,114,Kayseri Erciyesspor,Beşiktaş Jimnastik Kulübü,3,2
2014-10-27,2486558,GB1,2014,domestic_league,1039,405,Queens Park Rangers,Aston Villa,2,0
2014-10-27,2494368,GR1,2014,domestic_league,128,5572,AO Xanthi,Niki Volou,2,0
2014-10-27,2495687,DK1,2014,domestic_league,2778,1053,FC Nordsjaelland,Aalborg BK,0,1
2014-10-27,2497909,UKRP,2014,domestic_cup,660,23634,FC Shakhtar Donetsk,FK Poltava (-2018),4,1
2014-10-27,2497911,UKRP,2014,domestic_cup,339,4482,Dnipro Dnipropetrovsk (-2020),Volyn Lutsk,4,0
2014-10-27,2506735,RU1,2014,domestic_league,16704,3725,FK Krasnodar,RFK Akhmat Grozny,2,0
2014-10-27,2506736,RU1,2014,domestic_league,121,2698,FK Dinamo Moskva,FC Rubin Kazan,0,2
2014-10-28,2478676,IT1,2014,domestic_league,6574,749,US Sassuolo,FC Empoli,3,1
2014-10-28,2488526,DFB,2014,domestic_cup,21,86,Chemnitzer FC,SV Werder Bremen,0,2
2014-10-28,2488527,DFB,2014,domestic_cup,10,44,Arminia Bielefeld,Hertha BSC,4,2
2014-10-28,2488528,DFB,2014,domestic_cup,107,48,Kickers Offenbach,Karlsruher SC,1,0
2014-10-28,2488529,DFB,2014,domestic_cup,129,80,SG Dynamo Dresden,VfL Bochum,2,1
2014-10-28,2488530,DFB,2014,domestic_cup,52,3,MSV Duisburg,1.FC Köln,1,4
2014-10-28,2488535,DFB,2014,domestic_cup,83,42,VfR Aalen,Hannover 96,2,0
2014-10-28,2488536,DFB,2014,domestic_cup,2,65,1.FC Kaiserslautern,SpVgg Greuther Fürth,2,0
2014-10-28,2488539,DFB,2014,domestic_cup,35,16,FC St. Pauli,Borussia Dortmund,0,3
2014-10-28,2497907,UKRP,2014,domestic_cup,6994,23611,Metalurg Zaporizhya (-2016),Olimpik Donetsk,0,4
2014-10-28,2497914,UKRP,2014,domestic_cup,338,2477,Dynamo Kyiv,Karpaty Lviv (-2021),1,0
2014-10-28,2500747,NLP,2014,domestic_cup,33427,610,SV Urk,Ajax Amsterdam,0,4
2014-10-28,2500752,NLP,2014,domestic_cup,642,32713,De Graafschap Doetinchem,SV Deltasport Vlaardingen,4,1
2014-10-28,2500754,NLP,2014,domestic_cup,1304,1283,Heracles Almelo,FC Emmen,6,2
2014-10-28,2500757,NLP,2014,domestic_cup,499,1455,Vitesse Arnhem,FC Dordrecht,2,1
2014-10-28,2500760,NLP,2014,domestic_cup,385,132,Fortuna Sittardia Combinatie,NAC Breda,2,3
2014-10-28,2500761,NLP,2014,domestic_cup,1426,384,VVV-Venlo,MVV Maastricht,2,0
2014-10-28,2501139,DKP,2014,domestic_cup,20108,5866,Jammerbugt FC,Brönshöj Boldklub,0,2
2014-10-28,2501140,DKP,2014,domestic_cup,5784,865,Aarhus Fremad,FC Midtjylland,1,5
2014-10-28,2501141,DKP,2014,domestic_cup,45053,1177,,Silkeborg IF,0,4
2014-10-28,2501142,DKP,2014,domestic_cup,16100,5781,,Skive IK,0,3
2014-10-28,2501144,DKP,2014,domestic_cup,678,5817,Aarhus GF,Sönderjyske Fodbold,5,6
2014-10-28,2503753,BE1,2014,domestic_league,1184,204,KRC Genk,Lierse SK (- 2018),3,0
2014-10-28,2503754,BE1,2014,domestic_league,354,3508,KV Mechelen,Zulte Waregem,1,1
2014-10-28,2507232,GRP,2014,domestic_cup,980,1837,APO Fostiras,Panachaiki GE,0,2
2014-10-28,2507238,GRP,2014,domestic_cup,32755,47,Ethnikos Gazoros,Iraklis Thessaloniki,1,2
2014-10-28,2507240,GRP,2014,domestic_cup,2441,29962,Athlitiki Enosi Konstantinoupoleos,Iraklis Psachnon,3,0
2014-10-28,2507244,GRP,2014,domestic_cup,21725,35415,Tyrnavos 2005,Eginiakos,2,1
2014-10-28,2507246,GRP,2014,domestic_cup,7646,4602,AO Chania,Olympiakos Volou,0,0
2014-10-29,2478668,IT1,2014,domestic_league,800,6195,Atalanta BC,SSC Napoli,1,1
2014-10-29,2478669,IT1,2014,domestic_league,1390,5,Cagliari Calcio,AC Milan,1,1
2014-10-29,2478670,IT1,2014,domestic_league,430,410,ACF Fiorentina,Udinese Calcio,3,0
2014-10-29,2478671,IT1,2014,domestic_league,252,506,Genoa CFC,Juventus FC,1,0
2014-10-29,2478673,IT1,2014,domestic_league,46,1038,Inter Milan,UC Sampdoria,1,0
2014-10-29,2478674,IT1,2014,domestic_league,458,862,Palermo FC,Chievo Verona,1,0
2014-10-29,2478675,IT1,2014,domestic_league,12,1429,Associazione Sportiva Roma,Cesena FC,2,0
2014-10-29,2478677,IT1,2014,domestic_league,416,130,Torino FC,Parma Calcio 1913,1,0
2014-10-29,2488525,DFB,2014,domestic_cup,187,15,1.FC Magdeburg,Bayer 04 Leverkusen,6,7
2014-10-29,2488531,DFB,2014,domestic_cup,1557,23,Würzburger Kickers,Eintracht Braunschweig,0,1
2014-10-29,2488532,DFB,2014,domestic_cup,72,60,TSV 1860 Munich,SC Freiburg,2,5
2014-10-29,2488533,DFB,2014,domestic_cup,41,27,Hamburger SV,Bayern Munich,1,3
2014-10-29,2488534,DFB,2014,domestic_cup,533,293,TSG 1899 Hoffenheim,FSV Frankfurt,5,1
2014-10-29,2488537,DFB,2014,domestic_cup,82,2036,VfL Wolfsburg,1. Fußballclub Heidenheim 1846,4,1
2014-10-29,2488538,DFB,2014,domestic_cup,23826,94,RB Leipzig,FC Erzgebirge Aue,3,1
2014-10-29,2488540,DFB,2014,domestic_cup,24,18,Eintracht Frankfurt,Borussia Mönchengladbach,1,2
2014-10-29,2497908,UKRP,2014,domestic_cup,6992,16247,Chornomorets Odesa,PFK Stal Kamyanske (-2018),6,3
2014-10-29,2497910,UKRP,2014,domestic_cup,6414,6996,Metalist Kharkiv (- 2016),Goverla Uzhgorod (- 2016),1,1
2014-10-29,2497913,UKRP,2014,domestic_cup,2740,6993,Vorskla Poltava,FK Mariupol,3,2
2014-10-29,2500748,NLP,2014,domestic_cup,1435,317,Go Ahead Eagles,FC Twente Enschede,4,5
2014-10-29,2500749,NLP,2014,domestic_cup,133,6614,SC Cambuur Leeuwarden,SVV Scheveningen,2,0
2014-10-29,2500751,NLP,2014,domestic_cup,2815,202,Flevo Boys Emmeloord,FC Groningen,1,8
2014-10-29,2500753,NLP,2014,domestic_cup,19964,1090,GVVV Veenendaal,AZ Alkmaar,0,5
2014-10-29,2500758,NLP,2014,domestic_cup,724,26016,FC Volendam,Sportlust '46 Woerden,3,0
2014-10-29,2500759,NLP,2014,domestic_cup,1269,11312,PEC Zwolle,HHC Hardenberg,6,1
2014-10-29,2500762,NLP,2014,domestic_cup,723,383,Almere City FC,PSV Eindhoven,1,5
2014-10-29,2501143,DKP,2014,domestic_cup,23297,362,HB Köge,Akademisk Boldklub,2,1
2014-10-29,2501145,DKP,2014,domestic_cup,5716,206,BK Fremad Amager,Bröndby IF,1,3
2014-10-29,2501147,DKP,2014,domestic_cup,20160,20100,FC Svendborg,FC Vestsjaelland,2,3
2014-10-29,2501152,DKP,2014,domestic_cup,2414,3426,AC Horsens,Esbjerg fB,0,7
2014-10-29,2501153,DKP,2014,domestic_cup,369,5724,Lyngby Boldklub,Randers FC,0,2
2014-10-29,2503755,BE1,2014,domestic_league,157,28643,KAA Gent,SK Beveren,4,1
2014-10-29,2503756,BE1,2014,domestic_league,2861,968,KV Oostende,KVC Westerlo,4,0
2014-10-29,2503757,BE1,2014,domestic_league,498,172,KSC Lokeren (- 2020),Royal Charleroi Sporting Club,5,2
2014-10-29,2503758,BE1,2014,domestic_league,601,58,KV Kortrijk,RSC Anderlecht,2,3
2014-10-29,2503759,BE1,2014,domestic_league,520,3057,Cercle Brugge,Standard Liège,0,1
2014-10-29,2505177,CDR,2014,domestic_cup,16196,418,UE Cornellà,Real Madrid,1,4
2014-10-29,2505189,CDR,2014,domestic_cup,11422,368,CE Sabadell FC,Sevilla FC,1,6
2014-10-29,2507219,RUP,2014,domestic_cup,2410,1186,PFK CSKA Moskva,Torpedo Moscow,2,0
2014-10-29,2507220,RUP,2014,domestic_cup,28095,932,FK Ufa,"Футбольный клуб ""Локомотив"" Москва",0,1
2014-10-29,2507221,RUP,2014,domestic_cup,964,3729,AO FK Zenit Sankt-Peterburg,Arsenal Tula,2,3
2014-10-29,2507222,RUP,2014,domestic_cup,34230,14589,Syzran-2003,FC Orenburg,0,1
2014-10-29,2507223,RUP,2014,domestic_cup,2439,40426,Kuban Krasnodar (-2018),FC Tosno (-2018),3,0
2014-10-29,2507233,GRP,2014,domestic_cup,683,169,Olympiakos Syndesmos Filathlon Peiraios,Panionios Athens,1,1
2014-10-29,2507234,GRP,2014,domestic_cup,1091,2671,Panthessalonikios Athlitikos Omilos Konstantinoupoliton,PAS Giannina,1,1
2014-10-29,2507239,GRP,2014,domestic_cup,2672,21957,APO Levadiakos Football Club,AO Platanias,2,0
2014-10-29,2507241,GRP,2014,domestic_cup,3060,7185,APS Atromitos Athinon,Panthrakikos Komotini,1,1
2014-10-29,2507242,GRP,2014,domestic_cup,5220,2079,GS Ergotelis,Veria NPS,0,2
2014-10-29,2507245,GRP,2014,domestic_cup,6676,28956,A.G.S Asteras Tripolis,AEL Kalloni,2,1
2014-10-29,2524728,POCP,2014,,8024,7179,FC Arouca,CD Tondela,1,0
2014-10-29,2524729,POCP,2014,,979,3348,Moreirense FC,CD Trofense,5,4
2014-10-29,2524730,POCP,2014,,68608,7788,CF Os Belenenses,Académico Viseu FC,4,1
2014-10-29,2524731,POCP,2014,,2424,5227,Gil Vicente FC,Atlético CP,1,1
2014-10-29,2524732,POCP,2014,,2995,976,FC Paços de Ferreira,CF União Madeira (-2021),2,2
2014-10-30,2478672,IT1,2014,domestic_league,276,398,Hellas Verona,Società Sportiva Lazio S.p.A.,1,1
2014-10-30,2497912,UKRP,2014,domestic_cup,10690,18303,Zorya Lugansk,FC Oleksandriya,1,1
2014-10-30,2500750,NLP,2014,domestic_cup,7294,798,VV WKE Emmen,Excelsior Rotterdam,0,3
2014-10-30,2500755,NLP,2014,domestic_cup,192,468,Roda JC Kerkrade,Sparta Rotterdam,4,2
2014-10-30,2500756,NLP,2014,domestic_cup,6160,467,De Treffers,NEC Nijmegen,1,3
2014-10-30,2501151,DKP,2014,domestic_cup,443,1053,Vejle Boldklub,Aalborg BK,0,1
2014-10-30,2501154,DKP,2014,domestic_cup,1842,190,FC Roskilde,FC Copenhagen,2,3
2014-10-30,2503760,BE1,2014,domestic_league,29228,2282,Royal Excel Mouscron (-2022),Club Brugge KV,1,4
2014-10-30,2507224,RUP,2014,domestic_cup,11126,2374,Mordovia Saransk (-2020),Shinnik Yaroslavl,5,1
2014-10-30,2507225,RUP,2014,domestic_cup,16704,2696,FK Krasnodar,PFK Krylya Sovetov Samara,1,3
2014-10-30,2507226,RUP,2014,domestic_cup,2698,232,FC Rubin Kazan,FK Spartak Moskva,2,0
2014-10-30,2507235,GRP,2014,domestic_cup,5219,3392,AOK Kerkyra,Apollon Pontou,3,0
2014-10-30,2507236,GRP,2014,domestic_cup,5572,9415,Niki Volou,APS Zakynthos,0,3
2014-10-30,2507237,GRP,2014,domestic_cup,653,128,Omilos Filathlon Irakliou FC,AO Xanthi,1,0
2014-10-30,2507243,GRP,2014,domestic_cup,33490,441,AE Ermionidas,Apollon Smyrnis,0,1
2014-10-30,2507247,GRP,2014,domestic_cup,265,6418,Panathinaikos Athlitikos Omilos,Panetolikos Agrinio,3,1
2014-10-31,2460708,L1,2014,domestic_league,33,167,FC Schalke 04,FC Augsburg,1,0
2014-10-31,2469516,PO1,2014,domestic_league,294,2425,SL Benfica,Rio Ave FC,1,0
2014-10-31,2469997,TR1,2014,domestic_league,141,10484,Galatasaray,Kasimpasa,2,1
2014-10-31,2475272,ES1,2014,domestic_league,897,3709,Deportivo de La Coruña,Getafe CF,1,2
2014-10-31,2481084,SC1,2014,domestic_league,2578,987,St. Johnstone FC,Motherwell FC,2,1
2014-10-31,2482221,FR1,2014,domestic_league,162,1421,AS Monaco,Stade Reims,1,1
2014-10-31,2495688,DK1,2014,domestic_league,865,2778,FC Midtjylland,FC Nordsjaelland,2,0
2014-10-31,2503762,BE1,2014,domestic_league,3508,1184,Zulte Waregem,KRC Genk,2,0
2014-10-31,2504263,UKR1,2014,domestic_league,2783,660,Metalurg Donetsk (- 2015),FC Shakhtar Donetsk,2,1
2014-10-31,2508359,RU1,2014,domestic_league,1083,11127,FK Rostov,Ural Yekaterinburg,1,0
2014-11-01,2459677,NL1,2014,domestic_league,610,1455,Ajax Amsterdam,FC Dordrecht,4,0
2014-11-01,2459678,NL1,2014,domestic_league,234,1269,Feyenoord Rotterdam,PEC Zwolle,2,0
2014-11-01,2459679,NL1,2014,domestic_league,317,306,FC Twente Enschede,SC Heerenveen,2,0
2014-11-01,2459680,NL1,2014,domestic_league,383,1268,PSV Eindhoven,ADO Den Haag,1,0
2014-11-01,2460707,L1,2014,domestic_league,27,16,Bayern Munich,Borussia Dortmund,2,1
2014-11-01,2460710,L1,2014,domestic_league,39,86,1.FSV Mainz 05,SV Werder Bremen,1,2
2014-11-01,2460711,L1,2014,domestic_league,42,24,Hannover 96,Eintracht Frankfurt,1,0
2014-11-01,2460712,L1,2014,domestic_league,79,82,VfB Stuttgart,VfL Wolfsburg,0,4
2014-11-01,2460713,L1,2014,domestic_league,41,15,Hamburger SV,Bayer 04 Leverkusen,1,0
2014-11-01,2469518,PO1,2014,domestic_league,2420,336,Vitória Guimarães SC,Sporting CP,3,0
2014-11-01,2469521,PO1,2014,domestic_league,3327,1465,FC Penafiel,GD Estoril Praia,1,2
2014-11-01,2469522,PO1,2014,domestic_league,720,982,FC Porto,CD Nacional,2,0
2014-11-01,2469998,TR1,2014,domestic_league,19771,449,Akhisarspor,Trabzonspor,1,1
2014-11-01,2470001,TR1,2014,domestic_league,20,2381,Bursaspor,Sivasspor,3,0
2014-11-01,2470002,TR1,2014,domestic_league,820,6890,Gençlerbirliği Spor Kulübü,Basaksehir FK,1,0
2014-11-01,2475270,ES1,2014,domestic_league,681,1084,Real Sociedad,Málaga CF,0,1
2014-11-01,2475271,ES1,2014,domestic_league,13,993,Atlético de Madrid,Córdoba CF,4,2
2014-11-01,2475277,ES1,2014,domestic_league,131,940,FC Barcelona,Celta de Vigo,0,1
2014-11-01,2475278,ES1,2014,domestic_league,16795,418,Granada CF,Real Madrid,0,4
2014-11-01,2478680,IT1,2014,domestic_league,749,506,FC Empoli,Juventus FC,0,2
2014-11-01,2478683,IT1,2014,domestic_league,6195,12,SSC Napoli,Associazione Sportiva Roma,2,0
2014-11-01,2478684,IT1,2014,domestic_league,130,46,Parma Calcio 1913,Inter Milan,2,0
2014-11-01,2481079,SC1,2014,domestic_league,371,2451,Celtic FC,Inverness Caledonian Thistle FC,1,0
2014-11-01,2481080,SC1,2014,domestic_league,1519,465,Dundee United FC,St. Mirren FC,3,0
2014-11-01,2481081,SC1,2014,domestic_league,2999,2760,Hamilton Academical FC,Partick Thistle FC,3,3
2014-11-01,2481082,SC1,2014,domestic_league,2553,511,Kilmarnock FC,Dundee FC,1,3
2014-11-01,2482216,FR1,2014,domestic_league,855,595,EA Guingamp,SC Bastia,1,0
2014-11-01,2482217,FR1,2014,domestic_league,1082,618,LOSC Lille,AS Saint-Étienne,1,1
2014-11-01,2482218,FR1,2014,domestic_league,1158,583,FC Lorient,Paris Saint-Germain,1,2
2014-11-01,2482220,FR1,2014,domestic_league,347,1162,FC Metz,SM Caen,3,2
2014-11-01,2482222,FR1,2014,domestic_league,969,14171,Montpellier HSC,Thonon Évian Grand Genève FC,2,0
2014-11-01,2482224,FR1,2014,domestic_league,417,1041,OGC Nice,Olympique Lyon,1,3
2014-11-01,2486559,GB1,2014,domestic_league,762,31,Newcastle United,Liverpool FC,1,0
2014-11-01,2486560,GB1,2014,domestic_league,11,1132,Arsenal FC,Burnley FC,3,0
2014-11-01,2486561,GB1,2014,domestic_league,631,1039,Chelsea FC,Queens Park Rangers,2,1
2014-11-01,2486562,GB1,2014,domestic_league,29,2288,Everton FC,Swansea City,0,0
2014-11-01,2486563,GB1,2014,domestic_league,3008,180,Hull City,Southampton FC,0,1
2014-11-01,2486564,GB1,2014,domestic_league,1003,984,Leicester City,West Bromwich Albion,0,1
2014-11-01,2486565,GB1,2014,domestic_league,512,379,Stoke City,West Ham United,2,2
2014-11-01,2494378,GR1,2014,domestic_league,6676,683,A.G.S Asteras Tripolis,Olympiakos Syndesmos Filathlon Peiraios,0,0
2014-11-01,2494379,GR1,2014,domestic_league,2079,169,Veria NPS,Panionios Athens,2,2
2014-11-01,2494385,GR1,2014,domestic_league,21957,2671,AO Platanias,PAS Giannina,0,0
2014-11-01,2495689,DK1,2014,domestic_league,20100,3426,FC Vestsjaelland,Esbjerg fB,1,4
2014-11-01,2502712,SFA,2014,domestic_cup,3024,2801,East Fife FC,Berwick Rangers FC,2,3
2014-11-01,2502713,SFA,2014,domestic_cup,3016,3027,Forfar Athletic FC,Cowdenbeath FC,1,3
2014-11-01,2502714,SFA,2014,domestic_cup,12886,3491,Edinburgh City FC,Brora Rangers FC,2,3
2014-11-01,2502715,SFA,2014,domestic_cup,3012,3194,Stenhousemuir FC,Brechin City FC,1,2
2014-11-01,2502716,SFA,2014,domestic_cup,8929,3033,Hurlford United FC,Stirling Albion FC,1,1
2014-11-01,2502717,SFA,2014,domestic_cup,1192,3020,Ayr United FC,Alloa Athletic FC,1,1
2014-11-01,2502718,SFA,2014,domestic_cup,3032,3034,Peterhead FC,Stranraer FC,0,1
2014-11-01,2502719,SFA,2014,domestic_cup,3023,124,Dumbarton FC,Rangers FC,0,1
2014-11-01,2502720,SFA,2014,domestic_cup,3031,3014,Queen's Park FC,Albion Rovers FC,1,2
2014-11-01,2502721,SFA,2014,domestic_cup,3026,2802,Greenock Morton FC,Airdrieonians FC,0,0
2014-11-01,2502722,SFA,2014,domestic_cup,3015,1241,Annan Athletic FC,Livingston FC,3,2
2014-11-01,2502724,SFA,2014,domestic_cup,5660,2795,Linlithgow Rose FC,Raith Rovers FC,0,2
2014-11-01,2503761,BE1,2014,domestic_league,520,601,Cercle Brugge,KV Kortrijk,0,4
2014-11-01,2503763,BE1,2014,domestic_league,58,498,RSC Anderlecht,KSC Lokeren (- 2020),1,1
2014-11-01,2503764,BE1,2014,domestic_league,3057,354,Standard Liège,KV Mechelen,2,0
2014-11-01,2503765,BE1,2014,domestic_league,28643,2861,SK Beveren,KV Oostende,1,0
2014-11-01,2504264,UKR1,2014,domestic_league,2740,6993,Vorskla Poltava,FK Mariupol,0,0
2014-11-01,2504265,UKR1,2014,domestic_league,6994,6992,Metalurg Zaporizhya (-2016),Chornomorets Odesa,0,0
2014-11-01,2507112,SFA,2014,domestic_cup,3021,5751,Arbroath FC,Nairn County FC,2,1
2014-11-01,2507113,SFA,2014,domestic_cup,3028,24232,Elgin City FC,Bo'ness United FC,4,4
2014-11-01,2507114,SFA,2014,domestic_cup,17602,2575,The Spartans FC,Clyde FC,2,0
2014-11-01,2508360,RU1,2014,domestic_league,2410,964,PFK CSKA Moskva,AO FK Zenit Sankt-Peterburg,0,1
2014-11-02,2459676,NL1,2014,domestic_league,1435,1304,Go Ahead Eagles,Heracles Almelo,1,3
2014-11-02,2459681,NL1,2014,domestic_league,200,499,FC Utrecht,Vitesse Arnhem,3,1
2014-11-02,2459682,NL1,2014,domestic_league,403,133,Willem II Tilburg,SC Cambuur Leeuwarden,1,1
2014-11-02,2459683,NL1,2014,domestic_league,1090,798,AZ Alkmaar,Excelsior Rotterdam,3,3
2014-11-02,2459684,NL1,2014,domestic_league,202,132,FC Groningen,NAC Breda,1,0
2014-11-02,2460709,L1,2014,domestic_league,18,533,Borussia Mönchengladbach,TSG 1899 Hoffenheim,3,1
2014-11-02,2460714,L1,2014,domestic_league,3,60,1.FC Köln,SC Freiburg,0,1
2014-11-02,2460715,L1,2014,domestic_league,127,44,SC Paderborn 07,Hertha BSC,3,1
2014-11-02,2469514,PO1,2014,domestic_league,2990,1075,Académica Coimbra,SC Braga,1,1
2014-11-02,2469517,PO1,2014,domestic_league,2995,1085,FC Paços de Ferreira,Vitória Setúbal FC,4,1
2014-11-02,2469519,PO1,2014,domestic_league,1301,979,CS Marítimo,Moreirense FC,1,2
2014-11-02,2469520,PO1,2014,domestic_league,2424,8024,Gil Vicente FC,FC Arouca,1,1
2014-11-02,2469994,TR1,2014,domestic_league,114,36,Beşiktaş Jimnastik Kulübü,Fenerbahce,0,2
2014-11-02,2469996,TR1,2014,domestic_league,126,6894,Caykur Rizespor,Kayseri Erciyesspor,1,1
2014-11-02,2469999,TR1,2014,domestic_league,524,3216,Gaziantepspor (- 2020),Mersin Talimyurdu SK,1,0
2014-11-02,2475273,ES1,2014,domestic_league,1531,714,Elche CF,RCD Espanyol Barcelona,2,1
2014-11-02,2475274,ES1,2014,domestic_league,1050,1049,Villarreal CF,Valencia CF,1,3
2014-11-02,2475275,ES1,2014,domestic_league,621,368,Athletic Bilbao,Sevilla FC,1,0
2014-11-02,2475276,ES1,2014,domestic_league,3368,3302,Levante UD,UD Almería,2,1
2014-11-02,2478679,IT1,2014,domestic_league,862,6574,Chievo Verona,US Sassuolo,0,0
2014-11-02,2478682,IT1,2014,domestic_league,5,458,AC Milan,Palermo FC,0,2
2014-11-02,2478685,IT1,2014,domestic_league,1038,430,UC Sampdoria,ACF Fiorentina,3,1
2014-11-02,2478686,IT1,2014,domestic_league,416,800,Torino FC,Atalanta BC,0,0
2014-11-02,2478687,IT1,2014,domestic_league,410,252,Udinese Calcio,Genoa CFC,2,4
2014-11-02,2482215,FR1,2014,domestic_league,40,415,FC Girondins Bordeaux,FC Toulouse,2,1
2014-11-02,2482219,FR1,2014,domestic_league,244,826,Olympique Marseille,RC Lens,2,1
2014-11-02,2482223,FR1,2014,domestic_league,995,273,FC Nantes,Stade Rennais FC,1,1
2014-11-02,2486566,GB1,2014,domestic_league,281,985,Manchester City,Manchester United,1,0
2014-11-02,2486567,GB1,2014,domestic_league,405,148,Aston Villa,Tottenham Hotspur,1,2
2014-11-02,2494380,GR1,2014,domestic_league,5220,1091,GS Ergotelis,Panthessalonikios Athlitikos Omilos Konstantinoupoliton,0,2
2014-11-02,2494381,GR1,2014,domestic_league,5572,5219,Niki Volou,AOK Kerkyra,0,0
2014-11-02,2494382,GR1,2014,domestic_league,265,3060,Panathinaikos Athlitikos Omilos,APS Atromitos Athinon,2,0
2014-11-02,2494383,GR1,2014,domestic_league,6418,128,Panetolikos Agrinio,AO Xanthi,5,2
2014-11-02,2494384,GR1,2014,domestic_league,7185,653,Panthrakikos Komotini,Omilos Filathlon Irakliou FC,0,0
2014-11-02,2495690,DK1,2014,domestic_league,173,5818,Odense Boldklub,Hobro IK,3,1
2014-11-02,2495691,DK1,2014,domestic_league,190,5817,FC Copenhagen,Sönderjyske Fodbold,1,1
2014-11-02,2495692,DK1,2014,domestic_league,206,5724,Bröndby IF,Randers FC,1,0
2014-11-02,2502723,SFA,2014,domestic_cup,3000,1270,East Stirlingshire FC,Dunfermline Athletic FC,1,4
2014-11-02,2503766,BE1,2014,domestic_league,204,157,Lierse SK (- 2018),KAA Gent,0,1
2014-11-02,2503767,BE1,2014,domestic_league,172,2282,Royal Charleroi Sporting Club,Club Brugge KV,0,0
2014-11-02,2503768,BE1,2014,domestic_league,968,29228,KVC Westerlo,Royal Excel Mouscron (-2022),1,3
2014-11-02,2504266,UKR1,2014,domestic_league,2477,10690,Karpaty Lviv (-2021),Zorya Lugansk,1,2
2014-11-02,2504267,UKR1,2014,domestic_league,6414,23611,Metalist Kharkiv (- 2016),Olimpik Donetsk,0,0
2014-11-02,2504268,UKR1,2014,domestic_league,339,338,Dnipro Dnipropetrovsk (-2020),Dynamo Kyiv,0,3
2014-11-02,2508361,RU1,2014,domestic_league,932,121,"Футбольный клуб ""Локомотив"" Москва",FK Dinamo Moskva,4,2
2014-11-02,2508362,RU1,2014,domestic_league,11126,16704,Mordovia Saransk (-2020),FK Krasnodar,2,1
2014-11-02,2508363,RU1,2014,domestic_league,2439,232,Kuban Krasnodar (-2018),FK Spartak Moskva,3,3
2014-11-03,2469515,PO1,2014,domestic_league,68608,2503,CF Os Belenenses,Boavista FC,3,1
2014-11-03,2469995,TR1,2014,domestic_league,2293,1506,Konyaspor,Kardemir Karabükspor,1,0
2014-11-03,2470000,TR1,2014,domestic_league,825,20698,Eskisehirspor,Balikesirspor,2,2
2014-11-03,2475279,ES1,2014,domestic_league,367,1533,Rayo Vallecano,SD Eibar,2,3
2014-11-03,2478678,IT1,2014,domestic_league,1429,276,Cesena FC,Hellas Verona,1,1
2014-11-03,2478681,IT1,2014,domestic_league,398,1390,Società Sportiva Lazio S.p.A.,Cagliari Calcio,4,2
2014-11-03,2481083,SC1,2014,domestic_league,2759,370,Ross County FC,Aberdeen FC,0,1
2014-11-03,2486568,GB1,2014,domestic_league,873,289,Crystal Palace,Sunderland AFC,1,3
2014-11-03,2494377,GR1,2014,domestic_league,28956,2672,AEL Kalloni,APO Levadiakos Football Club,0,0
2014-11-03,2495693,DK1,2014,domestic_league,1053,1177,Aalborg BK,Silkeborg IF,2,0
2014-11-03,2504269,UKR1,2014,domestic_league,6996,4482,Goverla Uzhgorod (- 2016),Volyn Lutsk,0,0
2014-11-03,2508364,RU1,2014,domestic_league,1186,3729,Torpedo Moscow,Arsenal Tula,0,1
2014-11-03,2508365,RU1,2014,domestic_league,2698,4128,FC Rubin Kazan,Amkar Perm,1,1
2014-11-03,2508366,RU1,2014,domestic_league,3725,28095,RFK Akhmat Grozny,FK Ufa,1,0
2014-11-04,2495326,CL,2014,international_cup,964,15,AO FK Zenit Sankt-Peterburg,Bayer 04 Leverkusen,1,2
2014-11-04,2495327,CL,2014,international_cup,496,13,Malmö Fotbollförening,Atlético de Madrid,0,2
2014-11-04,2495328,CL,2014,international_cup,506,683,Juventus FC,Olympiakos Syndesmos Filathlon Peiraios,3,2
2014-11-04,2495329,CL,2014,international_cup,418,31,Real Madrid,Liverpool FC,1,0
2014-11-04,2495330,CL,2014,international_cup,26,31614,FC Basel 1893,Ludogorets Razgrad,4,0
2014-11-04,2495331,CL,2014,international_cup,294,162,SL Benfica,AS Monaco,1,0
2014-11-04,2495332,CL,2014,international_cup,16,141,Borussia Dortmund,Galatasaray,4,1
2014-11-04,2495333,CL,2014,international_cup,11,58,Arsenal FC,RSC Anderlecht,3,3
2014-11-05,2495334,CL,2014,international_cup,281,2410,Manchester City,PFK CSKA Moskva,1,2
2014-11-05,2495335,CL,2014,international_cup,27,12,Bayern Munich,Associazione Sportiva Roma,2,0
2014-11-05,2495336,CL,2014,international_cup,610,131,Ajax Amsterdam,FC Barcelona,0,2
2014-11-05,2495337,CL,2014,international_cup,583,2784,Paris Saint-Germain,APOEL Nicosia,1,0
2014-11-05,2495338,CL,2014,international_cup,790,631,NK Maribor,Chelsea FC,1,1
2014-11-05,2495339,CL,2014,international_cup,336,33,Sporting CP,FC Schalke 04,4,2
2014-11-05,2495340,CL,2014,international_cup,621,720,Athletic Bilbao,FC Porto,0,2
2014-11-05,2495341,CL,2014,international_cup,660,713,FC Shakhtar Donetsk,BATE Borisov,5,0
2014-11-06,2491052,EL,2014,other,498,449,KSC Lokeren (- 2020),Trabzonspor,1,1
2014-11-06,2492354,EL,2014,other,260,1050,FC Zürich,Villarreal CF,3,2
2014-11-06,2492355,EL,2014,other,429,18,Apollon Limassol,Borussia Mönchengladbach,0,2
2014-11-06,2492366,EL,2014,other,618,46,AS Saint-Étienne,Inter Milan,1,1
2014-11-06,2492367,EL,2014,other,10625,339,Qarabağ FK,Dnipro Dnipropetrovsk (-2020),1,2
2014-11-06,2492378,EL,2014,other,190,2282,FC Copenhagen,Club Brugge KV,0,4
2014-11-06,2492379,EL,2014,other,1008,416,HJK Helsinki,Torino FC,2,1
2014-11-06,2492390,EL,2014,other,6676,148,A.G.S Asteras Tripolis,Tottenham Hotspur,1,2
2014-11-06,2492391,EL,2014,other,114,669,Beşiktaş Jimnastik Kulübü,FK Partizan Belgrade,2,1
2014-11-06,2492402,EL,2014,other,419,409,GNK Dinamo Zagreb,Fußballclub Red Bull Salzburg,1,5
2014-11-06,2492403,EL,2014,other,13499,371,Astra Giurgiu (- 2024),Celtic FC,1,1
2014-11-06,2492414,EL,2014,other,121,1465,FK Dinamo Moskva,GD Estoril Praia,1,0
2014-11-06,2492415,EL,2014,other,265,383,Panathinaikos Athlitikos Omilos,PSV Eindhoven,2,3
2014-11-06,2492426,EL,2014,other,430,1091,ACF Fiorentina,Panthessalonikios Athlitikos Omilos Konstantinoupoliton,1,1
2014-11-06,2492427,EL,2014,other,855,1180,EA Guingamp,Dinamo Minsk,2,0
2014-11-06,2492438,EL,2014,other,368,3057,Sevilla FC,Standard Liège,3,1
2014-11-06,2492439,EL,2014,other,234,144,Feyenoord Rotterdam,HNK Rijeka,2,0
2014-11-06,2492450,EL,2014,other,29,1082,Everton FC,LOSC Lille,3,0
2014-11-06,2492451,EL,2014,other,82,16704,VfL Wolfsburg,FK Krasnodar,5,1
2014-11-06,2492459,EL,2014,other,255,6414,Legia Warszawa,Metalist Kharkiv (- 2016),2,1
2014-11-06,2492468,EL,2014,other,2425,301,Rio Ave FC,FCSB,2,2
2014-11-06,2492469,EL,2014,other,338,1053,Dynamo Kyiv,Aalborg BK,2,0
2014-11-06,2492486,EL,2014,other,6195,452,SSC Napoli,BSC Young Boys,3,0
2014-11-06,2492487,EL,2014,other,197,540,AC Sparta Prague,Slovan Bratislava,4,0
2014-11-07,2459685,NL1,2014,domestic_league,798,200,Excelsior Rotterdam,FC Utrecht,2,2
2014-11-07,2460721,L1,2014,domestic_league,44,42,Hertha BSC,Hannover 96,0,2
2014-11-07,2469523,PO1,2014,domestic_league,8024,2420,FC Arouca,Vitória Guimarães SC,1,2
2014-11-07,2470004,TR1,2014,domestic_league,524,19771,Gaziantepspor (- 2020),Akhisarspor,1,0
2014-11-07,2470008,TR1,2014,domestic_league,2381,825,Sivasspor,Eskisehirspor,1,1
2014-11-07,2475281,ES1,2014,domestic_league,993,897,Córdoba CF,Deportivo de La Coruña,0,0
2014-11-07,2482232,FR1,2014,domestic_league,273,1158,Stade Rennais FC,FC Lorient,1,0
2014-11-07,2488260,SC1,2014,domestic_league,987,1519,Motherwell FC,Dundee United FC,1,0
2014-11-07,2495694,DK1,2014,domestic_league,1177,865,Silkeborg IF,FC Midtjylland,1,2
2014-11-07,2503785,BE1,2014,domestic_league,2861,3508,KV Oostende,Zulte Waregem,1,3
2014-11-07,2507145,FAC,2014,domestic_cup,9527,6699,Warrington Town,Exeter City,1,0
2014-11-07,2509345,RU1,2014,domestic_league,11127,2439,Ural Yekaterinburg,Kuban Krasnodar (-2018),0,1
2014-11-08,2459686,NL1,2014,domestic_league,1268,403,ADO Den Haag,Willem II Tilburg,3,2
2014-11-08,2459687,NL1,2014,domestic_league,306,1435,SC Heerenveen,Go Ahead Eagles,2,2
2014-11-08,2459688,NL1,2014,domestic_league,132,1090,NAC Breda,AZ Alkmaar,0,1
2014-11-08,2459691,NL1,2014,domestic_league,1269,202,PEC Zwolle,FC Groningen,2,0
2014-11-08,2460717,L1,2014,domestic_league,15,39,Bayer 04 Leverkusen,1.FSV Mainz 05,0,0
2014-11-08,2460719,L1,2014,domestic_league,167,127,FC Augsburg,SC Paderborn 07,3,0
2014-11-08,2460720,L1,2014,domestic_league,533,3,TSG 1899 Hoffenheim,1.FC Köln,3,4
2014-11-08,2460722,L1,2014,domestic_league,86,79,SV Werder Bremen,VfB Stuttgart,2,0
2014-11-08,2460723,L1,2014,domestic_league,24,27,Eintracht Frankfurt,Bayern Munich,0,4
2014-11-08,2460724,L1,2014,domestic_league,60,33,SC Freiburg,FC Schalke 04,2,0
2014-11-08,2469525,PO1,2014,domestic_league,1075,2424,SC Braga,Gil Vicente FC,2,0
2014-11-08,2470007,TR1,2014,domestic_league,36,126,Fenerbahce,Caykur Rizespor,2,1
2014-11-08,2470010,TR1,2014,domestic_league,1506,141,Kardemir Karabükspor,Galatasaray,1,2
2014-11-08,2470011,TR1,2014,domestic_league,3216,20698,Mersin Talimyurdu SK,Balikesirspor,2,1
2014-11-08,2475282,ES1,2014,domestic_league,3709,1531,Getafe CF,Elche CF,0,0
2014-11-08,2475286,ES1,2014,domestic_league,3302,131,UD Almería,FC Barcelona,1,2
2014-11-08,2475287,ES1,2014,domestic_league,940,16795,Celta de Vigo,Granada CF,0,0
2014-11-08,2475288,ES1,2014,domestic_league,418,367,Real Madrid,Rayo Vallecano,5,1
2014-11-08,2475289,ES1,2014,domestic_league,1084,1533,Málaga CF,SD Eibar,2,1
2014-11-08,2478696,IT1,2014,domestic_league,1038,5,UC Sampdoria,AC Milan,2,2
2014-11-08,2478697,IT1,2014,domestic_league,6574,800,US Sassuolo,Atalanta BC,0,0
2014-11-08,2482225,FR1,2014,domestic_league,595,969,SC Bastia,Montpellier HSC,2,0
2014-11-08,2482226,FR1,2014,domestic_league,1162,995,SM Caen,FC Nantes,1,2
2014-11-08,2482227,FR1,2014,domestic_league,14171,417,Thonon Évian Grand Genève FC,OGC Nice,1,0
2014-11-08,2482228,FR1,2014,domestic_league,826,40,RC Lens,FC Girondins Bordeaux,1,2
2014-11-08,2482234,FR1,2014,domestic_league,415,347,FC Toulouse,FC Metz,3,0
2014-11-08,2486569,GB1,2014,domestic_league,31,631,Liverpool FC,Chelsea FC,1,2
2014-11-08,2486570,GB1,2014,domestic_league,1132,3008,Burnley FC,Hull City,1,0
2014-11-08,2486571,GB1,2014,domestic_league,985,873,Manchester United,Crystal Palace,1,0
2014-11-08,2486572,GB1,2014,domestic_league,1039,281,Queens Park Rangers,Manchester City,2,2
2014-11-08,2486573,GB1,2014,domestic_league,180,1003,Southampton FC,Leicester City,2,0
2014-11-08,2486575,GB1,2014,domestic_league,379,405,West Ham United,Aston Villa,0,0
2014-11-08,2488257,SC1,2014,domestic_league,511,2578,Dundee FC,St. Johnstone FC,1,1
2014-11-08,2488258,SC1,2014,domestic_league,2451,2999,Inverness Caledonian Thistle FC,Hamilton Academical FC,4,2
2014-11-08,2488259,SC1,2014,domestic_league,2553,2759,Kilmarnock FC,Ross County FC,0,3
2014-11-08,2488261,SC1,2014,domestic_league,465,2760,St. Mirren FC,Partick Thistle FC,0,1
2014-11-08,2494386,GR1,2014,domestic_league,128,653,AO Xanthi,Omilos Filathlon Irakliou FC,2,1
2014-11-08,2494387,GR1,2014,domestic_league,5219,6418,AOK Kerkyra,Panetolikos Agrinio,1,2
2014-11-08,2494389,GR1,2014,domestic_league,5220,2079,GS Ergotelis,Veria NPS,2,2
2014-11-08,2495695,DK1,2014,domestic_league,5724,3426,Randers FC,Esbjerg fB,3,2
2014-11-08,2503786,BE1,2014,domestic_league,29228,172,Royal Excel Mouscron (-2022),Royal Charleroi Sporting Club,0,2
2014-11-08,2503787,BE1,2014,domestic_league,601,204,KV Kortrijk,Lierse SK (- 2018),1,0
2014-11-08,2503788,BE1,2014,domestic_league,354,520,KV Mechelen,Cercle Brugge,1,1
2014-11-08,2504270,UKR1,2014,domestic_league,6996,2783,Goverla Uzhgorod (- 2016),Metalurg Donetsk (- 2015),1,0
2014-11-08,2504271,UKR1,2014,domestic_league,10690,6994,Zorya Lugansk,Metalurg Zaporizhya (-2016),3,0
2014-11-08,2504272,UKR1,2014,domestic_league,6992,2740,Chornomorets Odesa,Vorskla Poltava,1,0
2014-11-08,2507141,FAC,2014,domestic_cup,972,3537,Yeovil Town,Crawley Town,1,0
2014-11-08,2507142,FAC,2014,domestic_cup,1252,3884,York City,AFC Wimbledon,1,1
2014-11-08,2507143,FAC,2014,domestic_cup,899,3054,Walsall FC,Shrewsbury Town,2,2
2014-11-08,2507147,FAC,2014,domestic_cup,1072,1220,Peterborough United,Carlisle United,2,1
2014-11-08,2507148,FAC,2014,domestic_cup,3371,352,Cheltenham Town,Swindon Town,5,0
2014-11-08,2507149,FAC,2014,domestic_cup,8981,4074,Bromley FC,Dartford FC,3,4
2014-11-08,2507150,FAC,2014,domestic_cup,2814,698,Gillingham FC,Bristol City,1,2
2014-11-08,2507152,FAC,2014,domestic_cup,1042,350,Crewe Alexandra,Sheffield United,0,0
2014-11-08,2507153,FAC,2014,domestic_cup,1034,988,Grimsby Town,Oxford United,1,3
2014-11-08,2507154,FAC,2014,domestic_cup,1074,2455,Tranmere Rovers,Bristol Rovers,1,0
2014-11-08,2507155,FAC,2014,domestic_cup,2793,31367,Southend United,Chester FC,1,2
2014-11-08,2507156,FAC,2014,domestic_cup,1031,3716,Luton Town,Newport County,4,2
2014-11-08,2507158,FAC,2014,domestic_cup,986,11177,Cambridge United,Fleetwood Town,1,0
2014-11-08,2507159,FAC,2014,domestic_cup,1302,1088,Northampton Town,Rochdale AFC,0,0
2014-11-08,2507160,FAC,2014,domestic_cup,1211,991,Port Vale FC,Milton Keynes Dons,3,4
2014-11-08,2507161,FAC,2014,domestic_cup,2262,22672,Plymouth Argyle,AFC Fylde,2,0
2014-11-08,2507162,FAC,2014,domestic_cup,349,2963,Barnsley FC,Burton Albion,5,0
2014-11-08,2507163,FAC,2014,domestic_cup,2577,34461,Hartlepool United,East Thurrock United,2,0
2014-11-08,2507165,FAC,2014,domestic_cup,1078,1150,Oldham Athletic,Leyton Orient,1,0
2014-11-08,2507248,FAC,2014,domestic_cup,10391,1198,Eastleigh FC,Lincoln City,2,1
2014-11-08,2507250,FAC,2014,domestic_cup,3055,3694,Basingstoke Town,AFC Telford United,1,1
2014-11-08,2507251,FAC,2014,domestic_cup,3696,9829,Dagenham & Redbridge FC,Southport FC,0,0
2014-11-08,2507253,FAC,2014,domestic_cup,2804,2805,Barnet FC,Wycombe Wanderers,1,3
2014-11-08,2507254,FAC,2014,domestic_cup,2413,17980,Bury FC,Hemel Hempstead Town,3,1
2014-11-08,2507255,FAC,2014,domestic_cup,3936,3697,Dover Athletic,Morecambe FC,1,0
2014-11-08,2508629,SFA,2014,domestic_cup,24232,3028,Bo'ness United FC,Elgin City FC,5,4
2014-11-08,2508630,SFA,2014,domestic_cup,3033,8929,Stirling Albion FC,Hurlford United FC,15,14
2014-11-08,2509346,RU1,2014,domestic_league,4128,11126,Amkar Perm,Mordovia Saransk (-2020),0,1
2014-11-08,2509347,RU1,2014,domestic_league,1186,932,Torpedo Moscow,"Футбольный клуб ""Локомотив"" Москва",0,1
2014-11-08,2509348,RU1,2014,domestic_league,964,3725,AO FK Zenit Sankt-Peterburg,RFK Akhmat Grozny,1,3
2014-11-09,2459689,NL1,2014,domestic_league,133,610,SC Cambuur Leeuwarden,Ajax Amsterdam,2,4
2014-11-09,2459690,NL1,2014,domestic_league,1455,317,FC Dordrecht,FC Twente Enschede,0,4
2014-11-09,2459692,NL1,2014,domestic_league,499,234,Vitesse Arnhem,Feyenoord Rotterdam,0,0
2014-11-09,2459693,NL1,2014,domestic_league,1304,383,Heracles Almelo,PSV Eindhoven,1,2
2014-11-09,2460716,L1,2014,domestic_league,16,18,Borussia Dortmund,Borussia Mönchengladbach,1,0
2014-11-09,2460718,L1,2014,domestic_league,82,41,VfL Wolfsburg,Hamburger SV,2,0
2014-11-09,2469524,PO1,2014,domestic_league,2503,3327,Boavista FC,FC Penafiel,1,0
2014-11-09,2469526,PO1,2014,domestic_league,1465,720,GD Estoril Praia,FC Porto,2,2
2014-11-09,2469528,PO1,2014,domestic_league,979,68608,Moreirense FC,CF Os Belenenses,0,1
2014-11-09,2469529,PO1,2014,domestic_league,982,294,CD Nacional,SL Benfica,1,2
2014-11-09,2469530,PO1,2014,domestic_league,336,2995,Sporting CP,FC Paços de Ferreira,1,1
2014-11-09,2469531,PO1,2014,domestic_league,1085,1301,Vitória Setúbal FC,CS Marítimo,1,0
2014-11-09,2470003,TR1,2014,domestic_league,6894,20,Kayseri Erciyesspor,Bursaspor,1,1
2014-11-09,2470005,TR1,2014,domestic_league,10484,820,Kasimpasa,Gençlerbirliği Spor Kulübü,2,2
2014-11-09,2470006,TR1,2014,domestic_league,6890,114,Basaksehir FK,Beşiktaş Jimnastik Kulübü,1,2
2014-11-09,2470009,TR1,2014,domestic_league,449,2293,Trabzonspor,Konyaspor,3,2
2014-11-09,2475280,ES1,2014,domestic_league,681,13,Real Sociedad,Atlético de Madrid,2,1
2014-11-09,2475283,ES1,2014,domestic_league,714,1050,RCD Espanyol Barcelona,Villarreal CF,1,1
2014-11-09,2475284,ES1,2014,domestic_league,1049,621,Valencia CF,Athletic Bilbao,0,0
2014-11-09,2475285,ES1,2014,domestic_league,368,3368,Sevilla FC,Levante UD,1,1
2014-11-09,2478688,IT1,2014,domestic_league,1390,252,Cagliari Calcio,Genoa CFC,1,1
2014-11-09,2478689,IT1,2014,domestic_league,862,1429,Chievo Verona,Cesena FC,2,1
2014-11-09,2478690,IT1,2014,domestic_league,749,398,FC Empoli,Società Sportiva Lazio S.p.A.,2,1
2014-11-09,2478691,IT1,2014,domestic_league,430,6195,ACF Fiorentina,SSC Napoli,0,1
2014-11-09,2478692,IT1,2014,domestic_league,46,276,Inter Milan,Hellas Verona,2,2
2014-11-09,2478693,IT1,2014,domestic_league,506,130,Juventus FC,Parma Calcio 1913,7,0
2014-11-09,2478694,IT1,2014,domestic_league,458,410,Palermo FC,Udinese Calcio,1,1
2014-11-09,2478695,IT1,2014,domestic_league,12,416,Associazione Sportiva Roma,Torino FC,3,0
2014-11-09,2482229,FR1,2014,domestic_league,1041,855,Olympique Lyon,EA Guingamp,3,1
2014-11-09,2482230,FR1,2014,domestic_league,583,244,Paris Saint-Germain,Olympique Marseille,2,0
2014-11-09,2482231,FR1,2014,domestic_league,1421,1082,Stade Reims,LOSC Lille,2,0
2014-11-09,2482233,FR1,2014,domestic_league,618,162,AS Saint-Étienne,AS Monaco,1,1
2014-11-09,2486574,GB1,2014,domestic_league,148,512,Tottenham Hotspur,Stoke City,1,2
2014-11-09,2486576,GB1,2014,domestic_league,289,29,Sunderland AFC,Everton FC,1,1
2014-11-09,2486577,GB1,2014,domestic_league,984,762,West Bromwich Albion,Newcastle United,0,2
2014-11-09,2486578,GB1,2014,domestic_league,2288,11,Swansea City,Arsenal FC,2,1
2014-11-09,2488256,SC1,2014,domestic_league,370,371,Aberdeen FC,Celtic FC,1,2
2014-11-09,2494390,GR1,2014,domestic_league,2672,21957,APO Levadiakos Football Club,AO Platanias,0,0
2014-11-09,2494391,GR1,2014,domestic_league,683,7185,Olympiakos Syndesmos Filathlon Peiraios,Panthrakikos Komotini,5,1
2014-11-09,2494392,GR1,2014,domestic_league,1091,265,Panthessalonikios Athlitikos Omilos Konstantinoupoliton,Panathinaikos Athlitikos Omilos,1,2
2014-11-09,2494393,GR1,2014,domestic_league,169,28956,Panionios Athens,AEL Kalloni,0,2
2014-11-09,2494394,GR1,2014,domestic_league,2671,5572,PAS Giannina,Niki Volou,4,0
2014-11-09,2495696,DK1,2014,domestic_league,5817,173,Sönderjyske Fodbold,Odense Boldklub,2,1
2014-11-09,2495697,DK1,2014,domestic_league,1053,20100,Aalborg BK,FC Vestsjaelland,2,0
2014-11-09,2495698,DK1,2014,domestic_league,5818,206,Hobro IK,Bröndby IF,3,0
2014-11-09,2495699,DK1,2014,domestic_league,2778,190,FC Nordsjaelland,FC Copenhagen,0,0
2014-11-09,2503789,BE1,2014,domestic_league,157,58,KAA Gent,RSC Anderlecht,0,2
2014-11-09,2503790,BE1,2014,domestic_league,2282,968,Club Brugge KV,KVC Westerlo,5,0
2014-11-09,2503791,BE1,2014,domestic_league,1184,3057,KRC Genk,Standard Liège,0,2
2014-11-09,2503792,BE1,2014,domestic_league,498,28643,KSC Lokeren (- 2020),SK Beveren,3,0
2014-11-09,2504273,UKR1,2014,domestic_league,4482,23611,Volyn Lutsk,Olimpik Donetsk,4,0
2014-11-09,2504274,UKR1,2014,domestic_league,660,339,FC Shakhtar Donetsk,Dnipro Dnipropetrovsk (-2020),0,0
2014-11-09,2504275,UKR1,2014,domestic_league,6993,6414,FK Mariupol,Metalist Kharkiv (- 2016),1,3
2014-11-09,2504276,UKR1,2014,domestic_league,338,2477,Dynamo Kyiv,Karpaty Lviv (-2021),0,0
2014-11-09,2507140,FAC,2014,domestic_cup,20955,1060,Gosport Borough,Colchester United,3,6
2014-11-09,2507144,FAC,2014,domestic_cup,1045,3688,Notts County,Accrington Stanley,0,0
2014-11-09,2507151,FAC,2014,domestic_cup,1020,3717,Portsmouth FC,Aldershot Town,2,2
2014-11-09,2507157,FAC,2014,domestic_cup,3684,7047,Stevenage FC,Maidstone United,0,0
2014-11-09,2507164,FAC,2014,domestic_cup,990,5548,Coventry City,Worcester City,1,2
2014-11-09,2507166,FAC,2014,domestic_cup,4310,2962,Blyth Spartans,Altrincham FC,4,1
2014-11-09,2507167,FAC,2014,domestic_cup,3455,2964,Forest Green Rovers,Scunthorpe United,0,2
2014-11-09,2507249,FAC,2014,domestic_cup,1127,1027,FC Halifax Town,Bradford City,1,2
2014-11-09,2507252,FAC,2014,domestic_cup,6340,1219,Braintree Town,Chesterfield FC,0,6
2014-11-09,2507256,FAC,2014,domestic_cup,1112,2796,Wrexham AFC,Woking FC,3,0
2014-11-09,2507915,FAC,2014,domestic_cup,45923,3456,Norton United,Gateshead FC,0,4
2014-11-09,2509349,RU1,2014,domestic_league,121,2410,FK Dinamo Moskva,PFK CSKA Moskva,1,0
2014-11-09,2509350,RU1,2014,domestic_league,28095,1083,FK Ufa,FK Rostov,0,0
2014-11-09,2509351,RU1,2014,domestic_league,16704,2698,FK Krasnodar,FC Rubin Kazan,2,0
2014-11-09,2509352,RU1,2014,domestic_league,232,3729,FK Spartak Moskva,Arsenal Tula,2,0
2014-11-10,2469527,PO1,2014,domestic_league,2425,2990,Rio Ave FC,Académica Coimbra,3,0
2014-11-10,2494388,GR1,2014,domestic_league,3060,6676,APS Atromitos Athinon,A.G.S Asteras Tripolis,4,3
2014-11-10,2507257,FAC,2014,domestic_cup,2794,466,Havant & Waterlooville FC,Preston North End,0,3
2014-11-11,2508631,SFA,2014,domestic_cup,3020,1192,Alloa Athletic FC,Ayr United FC,4,0
2014-11-11,2508632,SFA,2014,domestic_cup,2802,3026,Airdrieonians FC,Greenock Morton FC,0,2
2014-11-16,2508410,DKP,2014,domestic_cup,23297,20100,HB Köge,FC Vestsjaelland,0,3
2014-11-16,2524733,POCP,2014,,2503,4864,Boavista FC,Clube Oriental Lissabon,5,0
2014-11-16,2524734,POCP,2014,,3327,10140,FC Penafiel,SC Covilhã,1,0
2014-11-16,2524735,POCP,2014,,2425,3325,Rio Ave FC,GD Chaves,4,2
2014-11-18,2507139,FAC,2014,domestic_cup,3820,29842,Mansfield Town,Concord Rangers,1,1
2014-11-18,2507146,FAC,2014,domestic_cup,3712,2454,Weston-super-Mare AFC,Doncaster Rovers,1,4
2014-11-18,2510858,FAC,2014,domestic_cup,3884,1252,AFC Wimbledon,York City,3,1
2014-11-18,2510859,FAC,2014,domestic_cup,3054,899,Shrewsbury Town,Walsall FC,1,0
2014-11-18,2510860,FAC,2014,domestic_cup,3688,1045,Accrington Stanley,Notts County,2,1
2014-11-18,2510861,FAC,2014,domestic_cup,3694,3055,AFC Telford United,Basingstoke Town,2,1
2014-11-18,2510862,FAC,2014,domestic_cup,9829,3696,Southport FC,Dagenham & Redbridge FC,2,0
2014-11-18,2510864,FAC,2014,domestic_cup,350,1042,Sheffield United,Crewe Alexandra,2,0
2014-11-18,2510866,FAC,2014,domestic_cup,1088,1302,Rochdale AFC,Northampton Town,2,1
2014-11-19,2508407,DKP,2014,domestic_cup,13290,1053,Odder IGF,Aalborg BK,2,4
2014-11-19,2510863,FAC,2014,domestic_cup,3717,1020,Aldershot Town,Portsmouth FC,1,0
2014-11-20,2510865,FAC,2014,domestic_cup,7047,3684,Maidstone United,Stevenage FC,2,1
2014-11-21,2475294,ES1,2014,domestic_league,621,714,Athletic Bilbao,RCD Espanyol Barcelona,3,1
2014-11-21,2482240,FR1,2014,domestic_league,347,583,FC Metz,Paris Saint-Germain,2,3
2014-11-21,2495700,DK1,2014,domestic_league,20100,5724,FC Vestsjaelland,Randers FC,0,1
2014-11-21,2504280,UKR1,2014,domestic_league,2477,660,Karpaty Lviv (-2021),FC Shakhtar Donetsk,0,2
2014-11-22,2459694,NL1,2014,domestic_league,1435,132,Go Ahead Eagles,NAC Breda,2,0
2014-11-22,2459695,NL1,2014,domestic_league,1090,499,AZ Alkmaar,Vitesse Arnhem,1,0
2014-11-22,2459696,NL1,2014,domestic_league,234,1455,Feyenoord Rotterdam,FC Dordrecht,2,0
2014-11-22,2459697,NL1,2014,domestic_league,403,798,Willem II Tilburg,Excelsior Rotterdam,1,1
2014-11-22,2459698,NL1,2014,domestic_league,610,306,Ajax Amsterdam,SC Heerenveen,4,1
2014-11-22,2460725,L1,2014,domestic_league,27,533,Bayern Munich,TSG 1899 Hoffenheim,4,0
2014-11-22,2460726,L1,2014,domestic_league,33,82,FC Schalke 04,VfL Wolfsburg,3,2
2014-11-22,2460727,L1,2014,domestic_league,18,24,Borussia Mönchengladbach,Eintracht Frankfurt,1,3
2014-11-22,2460728,L1,2014,domestic_league,39,60,1.FSV Mainz 05,SC Freiburg,2,2
2014-11-22,2460729,L1,2014,domestic_league,42,15,Hannover 96,Bayer 04 Leverkusen,1,3
2014-11-22,2460732,L1,2014,domestic_league,3,44,1.FC Köln,Hertha BSC,1,2
2014-11-22,2460733,L1,2014,domestic_league,127,16,SC Paderborn 07,Borussia Dortmund,2,2
2014-11-22,2470015,TR1,2014,domestic_league,141,449,Galatasaray,Trabzonspor,0,3
2014-11-22,2470017,TR1,2014,domestic_league,19771,3216,Akhisarspor,Mersin Talimyurdu SK,1,1
2014-11-22,2470020,TR1,2014,domestic_league,126,6890,Caykur Rizespor,Basaksehir FK,0,2
2014-11-22,2475290,ES1,2014,domestic_league,13,1084,Atlético de Madrid,Málaga CF,3,1
2014-11-22,2475291,ES1,2014,domestic_league,897,681,Deportivo de La Coruña,Real Sociedad,0,0
2014-11-22,2475296,ES1,2014,domestic_league,131,368,FC Barcelona,Sevilla FC,5,1
2014-11-22,2475299,ES1,2014,domestic_league,1533,418,SD Eibar,Real Madrid,0,4
2014-11-22,2478698,IT1,2014,domestic_league,800,12,Atalanta BC,Associazione Sportiva Roma,1,2
2014-11-22,2478702,IT1,2014,domestic_league,398,506,Società Sportiva Lazio S.p.A.,Juventus FC,0,3
2014-11-22,2482235,FR1,2014,domestic_league,595,1041,SC Bastia,Olympique Lyon,0,0
2014-11-22,2482236,FR1,2014,domestic_league,855,273,EA Guingamp,Stade Rennais FC,0,1
2014-11-22,2482238,FR1,2014,domestic_league,1158,826,FC Lorient,RC Lens,1,0
2014-11-22,2482241,FR1,2014,domestic_league,162,1162,AS Monaco,SM Caen,2,2
2014-11-22,2482244,FR1,2014,domestic_league,417,1421,OGC Nice,Stade Reims,0,0
2014-11-22,2486579,GB1,2014,domestic_league,631,984,Chelsea FC,West Bromwich Albion,2,0
2014-11-22,2486580,GB1,2014,domestic_league,29,379,Everton FC,West Ham United,2,1
2014-11-22,2486581,GB1,2014,domestic_league,1003,289,Leicester City,Sunderland AFC,0,0
2014-11-22,2486582,GB1,2014,domestic_league,281,2288,Manchester City,Swansea City,2,1
2014-11-22,2486583,GB1,2014,domestic_league,762,1039,Newcastle United,Queens Park Rangers,1,0
2014-11-22,2486584,GB1,2014,domestic_league,512,1132,Stoke City,Burnley FC,1,2
2014-11-22,2486585,GB1,2014,domestic_league,11,985,Arsenal FC,Manchester United,1,2
2014-11-22,2488262,SC1,2014,domestic_league,1519,2553,Dundee United FC,Kilmarnock FC,3,1
2014-11-22,2488263,SC1,2014,domestic_league,371,511,Celtic FC,Dundee FC,2,1
2014-11-22,2488264,SC1,2014,domestic_league,2999,465,Hamilton Academical FC,St. Mirren FC,3,0
2014-11-22,2488265,SC1,2014,domestic_league,2451,987,Inverness Caledonian Thistle FC,Motherwell FC,3,1
2014-11-22,2488267,SC1,2014,domestic_league,2578,2759,St. Johnstone FC,Ross County FC,2,1
2014-11-22,2495701,DK1,2014,domestic_league,3426,5818,Esbjerg fB,Hobro IK,4,2
2014-11-22,2495705,DK1,2014,domestic_league,190,1177,FC Copenhagen,Silkeborg IF,1,0
2014-11-22,2504279,UKR1,2014,domestic_league,339,6996,Dnipro Dnipropetrovsk (-2020),Goverla Uzhgorod (- 2016),1,1
2014-11-22,2504283,UKR1,2014,domestic_league,23611,6993,Olimpik Donetsk,FK Mariupol,3,2
2014-11-22,2512751,BE1,2014,domestic_league,172,58,Royal Charleroi Sporting Club,RSC Anderlecht,3,1
2014-11-22,2512752,BE1,2014,domestic_league,157,520,KAA Gent,Cercle Brugge,4,0
2014-11-22,2512753,BE1,2014,domestic_league,29228,204,Royal Excel Mouscron (-2022),Lierse SK (- 2018),2,1
2014-11-22,2512754,BE1,2014,domestic_league,498,968,KSC Lokeren (- 2020),KVC Westerlo,0,0
2014-11-22,2512755,BE1,2014,domestic_league,2282,28643,Club Brugge KV,SK Beveren,4,2
2014-11-22,2512791,RU1,2014,domestic_league,11127,2698,Ural Yekaterinburg,FC Rubin Kazan,1,3
2014-11-22,2512792,RU1,2014,domestic_league,1186,1083,Torpedo Moscow,FK Rostov,2,1
2014-11-22,2512793,RU1,2014,domestic_league,16704,2410,FK Krasnodar,PFK CSKA Moskva,2,1
2014-11-22,2512794,RU1,2014,domestic_league,964,2439,AO FK Zenit Sankt-Peterburg,Kuban Krasnodar (-2018),1,0
2014-11-23,2459699,NL1,2014,domestic_league,202,383,FC Groningen,PSV Eindhoven,1,1
2014-11-23,2459700,NL1,2014,domestic_league,1269,317,PEC Zwolle,FC Twente Enschede,1,2
2014-11-23,2459701,NL1,2014,domestic_league,1304,1268,Heracles Almelo,ADO Den Haag,3,1
2014-11-23,2459702,NL1,2014,domestic_league,200,133,FC Utrecht,SC Cambuur Leeuwarden,1,3
2014-11-23,2460730,L1,2014,domestic_league,79,167,VfB Stuttgart,FC Augsburg,0,1
2014-11-23,2460731,L1,2014,domestic_league,41,86,Hamburger SV,SV Werder Bremen,2,0
2014-11-23,2470013,TR1,2014,domestic_league,820,1506,Gençlerbirliği Spor Kulübü,Kardemir Karabükspor,2,2
2014-11-23,2470014,TR1,2014,domestic_league,114,10484,Beşiktaş Jimnastik Kulübü,Kasimpasa,2,0
2014-11-23,2470016,TR1,2014,domestic_league,2293,524,Konyaspor,Gaziantepspor (- 2020),2,0
2014-11-23,2470019,TR1,2014,domestic_league,825,6894,Eskisehirspor,Kayseri Erciyesspor,2,1
2014-11-23,2475292,ES1,2014,domestic_league,1531,993,Elche CF,Córdoba CF,2,2
2014-11-23,2475293,ES1,2014,domestic_league,1050,3709,Villarreal CF,Getafe CF,2,1
2014-11-23,2475295,ES1,2014,domestic_league,3368,1049,Levante UD,Valencia CF,2,1
2014-11-23,2475298,ES1,2014,domestic_league,367,940,Rayo Vallecano,Celta de Vigo,1,0
2014-11-23,2478699,IT1,2014,domestic_league,1429,1038,Cesena FC,UC Sampdoria,1,1
2014-11-23,2478701,IT1,2014,domestic_league,276,430,Hellas Verona,ACF Fiorentina,1,2
2014-11-23,2478703,IT1,2014,domestic_league,5,46,AC Milan,Inter Milan,1,1
2014-11-23,2478704,IT1,2014,domestic_league,6195,1390,SSC Napoli,Cagliari Calcio,3,3
2014-11-23,2478705,IT1,2014,domestic_league,130,749,Parma Calcio 1913,FC Empoli,0,2
2014-11-23,2478706,IT1,2014,domestic_league,416,6574,Torino FC,US Sassuolo,0,1
2014-11-23,2478707,IT1,2014,domestic_league,410,862,Udinese Calcio,Chievo Verona,1,1
2014-11-23,2482239,FR1,2014,domestic_league,244,40,Olympique Marseille,FC Girondins Bordeaux,3,1
2014-11-23,2482242,FR1,2014,domestic_league,969,415,Montpellier HSC,FC Toulouse,2,0
2014-11-23,2482243,FR1,2014,domestic_league,995,618,FC Nantes,AS Saint-Étienne,0,0
2014-11-23,2486586,GB1,2014,domestic_league,873,31,Crystal Palace,Liverpool FC,3,1
2014-11-23,2486587,GB1,2014,domestic_league,3008,148,Hull City,Tottenham Hotspur,1,2
2014-11-23,2488266,SC1,2014,domestic_league,2760,370,Partick Thistle FC,Aberdeen FC,0,1
2014-11-23,2495702,DK1,2014,domestic_league,173,2778,Odense Boldklub,FC Nordsjaelland,1,0
2014-11-23,2495703,DK1,2014,domestic_league,206,5817,Bröndby IF,Sönderjyske Fodbold,1,0
2014-11-23,2495704,DK1,2014,domestic_league,865,1053,FC Midtjylland,Aalborg BK,2,0
2014-11-23,2504277,UKR1,2014,domestic_league,2740,10690,Vorskla Poltava,Zorya Lugansk,2,0
2014-11-23,2504278,UKR1,2014,domestic_league,2783,4482,Metalurg Donetsk (- 2015),Volyn Lutsk,1,2
2014-11-23,2504281,UKR1,2014,domestic_league,6994,338,Metalurg Zaporizhya (-2016),Dynamo Kyiv,2,4
2014-11-23,2512756,BE1,2014,domestic_league,2861,3057,KV Oostende,Standard Liège,3,2
2014-11-23,2512757,BE1,2014,domestic_league,1184,354,KRC Genk,KV Mechelen,3,0
2014-11-23,2512758,BE1,2014,domestic_league,601,3508,KV Kortrijk,Zulte Waregem,3,1
2014-11-23,2512795,RU1,2014,domestic_league,121,3725,FK Dinamo Moskva,RFK Akhmat Grozny,3,0
2014-11-23,2512796,RU1,2014,domestic_league,3729,4128,Arsenal Tula,Amkar Perm,4,0
2014-11-23,2512797,RU1,2014,domestic_league,232,11126,FK Spartak Moskva,Mordovia Saransk (-2020),4,2
2014-11-24,2470012,TR1,2014,domestic_league,20,36,Bursaspor,Fenerbahce,1,1
2014-11-24,2470018,TR1,2014,domestic_league,20698,2381,Balikesirspor,Sivasspor,1,3
2014-11-24,2475297,ES1,2014,domestic_league,16795,3302,Granada CF,UD Almería,0,0
2014-11-24,2478700,IT1,2014,domestic_league,252,458,Genoa CFC,Palermo FC,1,1
2014-11-24,2486588,GB1,2014,domestic_league,405,180,Aston Villa,Southampton FC,1,1
2014-11-24,2512798,RU1,2014,domestic_league,932,28095,"Футбольный клуб ""Локомотив"" Москва",FK Ufa,0,0
2014-11-25,2495342,CL,2014,international_cup,2410,12,PFK CSKA Moskva,Associazione Sportiva Roma,1,1
2014-11-25,2495343,CL,2014,international_cup,713,720,BATE Borisov,FC Porto,0,3
2014-11-25,2495344,CL,2014,international_cup,281,27,Manchester City,Bayern Munich,3,2
2014-11-25,2495345,CL,2014,international_cup,2784,131,APOEL Nicosia,FC Barcelona,0,4
2014-11-25,2495346,CL,2014,international_cup,583,610,Paris Saint-Germain,Ajax Amsterdam,3,1
2014-11-25,2495347,CL,2014,international_cup,33,631,FC Schalke 04,Chelsea FC,0,5
2014-11-25,2495348,CL,2014,international_cup,336,790,Sporting CP,NK Maribor,3,1
2014-11-25,2495349,CL,2014,international_cup,660,621,FC Shakhtar Donetsk,Athletic Bilbao,0,1
2014-11-25,2512875,FAC,2014,domestic_cup,29842,3820,Concord Rangers,Mansfield Town,0,1
2014-11-26,2495351,CL,2014,international_cup,496,506,Malmö Fotbollförening,Juventus FC,0,2
2014-11-26,2495352,CL,2014,international_cup,13,683,Atlético de Madrid,Olympiakos Syndesmos Filathlon Peiraios,4,0
2014-11-26,2495353,CL,2014,international_cup,26,418,FC Basel 1893,Real Madrid,0,1
2014-11-26,2495354,CL,2014,international_cup,31614,31,Ludogorets Razgrad,Liverpool FC,2,2
2014-11-26,2495355,CL,2014,international_cup,15,162,Bayer 04 Leverkusen,AS Monaco,0,1
2014-11-26,2495356,CL,2014,international_cup,11,16,Arsenal FC,Borussia Dortmund,2,0
2014-11-26,2495357,CL,2014,international_cup,58,141,RSC Anderlecht,Galatasaray,2,0
2014-11-26,2508405,DKP,2014,domestic_cup,5724,1177,Randers FC,Silkeborg IF,1,0
2014-11-26,2514360,CL,2014,international_cup,964,294,AO FK Zenit Sankt-Peterburg,SL Benfica,1,0
2014-11-27,2491053,EL,2014,other,449,6414,Trabzonspor,Metalist Kharkiv (- 2016),3,1
2014-11-27,2492356,EL,2014,other,1050,18,Villarreal CF,Borussia Mönchengladbach,2,2
2014-11-27,2492357,EL,2014,other,260,429,FC Zürich,Apollon Limassol,3,1
2014-11-27,2492368,EL,2014,other,46,339,Inter Milan,Dnipro Dnipropetrovsk (-2020),2,1
2014-11-27,2492369,EL,2014,other,618,10625,AS Saint-Étienne,Qarabağ FK,1,1
2014-11-27,2492380,EL,2014,other,1008,190,HJK Helsinki,FC Copenhagen,2,1
2014-11-27,2492381,EL,2014,other,416,2282,Torino FC,Club Brugge KV,0,0
2014-11-27,2492392,EL,2014,other,6676,114,A.G.S Asteras Tripolis,Beşiktaş Jimnastik Kulübü,2,2
2014-11-27,2492393,EL,2014,other,148,669,Tottenham Hotspur,FK Partizan Belgrade,1,0
2014-11-27,2492404,EL,2014,other,371,409,Celtic FC,Fußballclub Red Bull Salzburg,1,3
2014-11-27,2492405,EL,2014,other,13499,419,Astra Giurgiu (- 2024),GNK Dinamo Zagreb,1,0
2014-11-27,2492416,EL,2014,other,121,265,FK Dinamo Moskva,Panathinaikos Athlitikos Omilos,2,1
2014-11-27,2492417,EL,2014,other,1465,383,GD Estoril Praia,PSV Eindhoven,3,3
2014-11-27,2492428,EL,2014,other,855,430,EA Guingamp,ACF Fiorentina,1,2
2014-11-27,2492429,EL,2014,other,1180,1091,Dinamo Minsk,Panthessalonikios Athlitikos Omilos Konstantinoupoliton,0,2
2014-11-27,2492440,EL,2014,other,234,368,Feyenoord Rotterdam,Sevilla FC,2,0
2014-11-27,2492441,EL,2014,other,144,3057,HNK Rijeka,Standard Liège,2,0
2014-11-27,2492452,EL,2014,other,16704,1082,FK Krasnodar,LOSC Lille,1,1
2014-11-27,2492453,EL,2014,other,82,29,VfL Wolfsburg,Everton FC,0,2
2014-11-27,2492460,EL,2014,other,498,255,KSC Lokeren (- 2020),Legia Warszawa,1,0
2014-11-27,2492470,EL,2014,other,1053,301,Aalborg BK,FCSB,1,0
2014-11-27,2492471,EL,2014,other,338,2425,Dynamo Kyiv,Rio Ave FC,2,0
2014-11-27,2492488,EL,2014,other,197,6195,AC Sparta Prague,SSC Napoli,0,0
2014-11-27,2492489,EL,2014,other,540,452,Slovan Bratislava,BSC Young Boys,1,3
2014-11-28,2459703,NL1,2014,domestic_league,1455,403,FC Dordrecht,Willem II Tilburg,0,4
2014-11-28,2460742,L1,2014,domestic_league,60,79,SC Freiburg,VfB Stuttgart,1,4
2014-11-28,2469534,PO1,2014,domestic_league,2420,979,Vitória Guimarães SC,Moreirense FC,2,1
2014-11-28,2470024,TR1,2014,domestic_league,6890,20,Basaksehir FK,Bursaspor,0,0
2014-11-28,2470027,TR1,2014,domestic_league,19771,2293,Akhisarspor,Konyaspor,0,0
2014-11-28,2475301,ES1,2014,domestic_league,681,1531,Real Sociedad,Elche CF,3,0
2014-11-28,2482249,FR1,2014,domestic_league,244,995,Olympique Marseille,FC Nantes,2,0
2014-11-28,2495706,DK1,2014,domestic_league,5817,3426,Sönderjyske Fodbold,Esbjerg fB,0,0
2014-11-28,2512759,BE1,2014,domestic_league,3508,157,Zulte Waregem,KAA Gent,2,1
2014-11-28,2514351,RU1,2014,domestic_league,1083,4128,FK Rostov,Amkar Perm,1,1
2014-11-29,2459704,NL1,2014,domestic_league,306,1304,SC Heerenveen,Heracles Almelo,0,1
2014-11-29,2459705,NL1,2014,domestic_league,132,200,NAC Breda,FC Utrecht,1,5
2014-11-29,2459706,NL1,2014,domestic_league,499,1435,Vitesse Arnhem,Go Ahead Eagles,2,2
2014-11-29,2459707,NL1,2014,domestic_league,133,1090,SC Cambuur Leeuwarden,AZ Alkmaar,0,2
2014-11-29,2460734,L1,2014,domestic_league,33,39,FC Schalke 04,1.FSV Mainz 05,4,1
2014-11-29,2460735,L1,2014,domestic_league,15,3,Bayer 04 Leverkusen,1.FC Köln,5,1
2014-11-29,2460737,L1,2014,domestic_league,167,41,FC Augsburg,Hamburger SV,3,1
2014-11-29,2460738,L1,2014,domestic_league,533,42,TSG 1899 Hoffenheim,Hannover 96,4,3
2014-11-29,2460739,L1,2014,domestic_league,44,27,Hertha BSC,Bayern Munich,0,1
2014-11-29,2460740,L1,2014,domestic_league,86,127,SV Werder Bremen,SC Paderborn 07,4,0
2014-11-29,2469536,PO1,2014,domestic_league,68608,8024,CF Os Belenenses,FC Arouca,0,0
2014-11-29,2469538,PO1,2014,domestic_league,3327,1075,FC Penafiel,SC Braga,1,6
2014-11-29,2469540,PO1,2014,domestic_league,336,1085,Sporting CP,Vitória Setúbal FC,3,0
2014-11-29,2470021,TR1,2014,domestic_league,524,141,Gaziantepspor (- 2020),Galatasaray,0,1
2014-11-29,2470026,TR1,2014,domestic_league,6894,20698,Kayseri Erciyesspor,Balikesirspor,4,0
2014-11-29,2470029,TR1,2014,domestic_league,10484,126,Kasimpasa,Caykur Rizespor,3,1
2014-11-29,2475303,ES1,2014,domestic_league,3709,621,Getafe CF,Athletic Bilbao,1,2
2014-11-29,2475304,ES1,2014,domestic_league,714,3368,RCD Espanyol Barcelona,Levante UD,2,1
2014-11-29,2475308,ES1,2014,domestic_league,940,1533,Celta de Vigo,SD Eibar,0,1
2014-11-29,2475309,ES1,2014,domestic_league,1084,418,Málaga CF,Real Madrid,1,2
2014-11-29,2478710,IT1,2014,domestic_league,862,398,Chievo Verona,Società Sportiva Lazio S.p.A.,0,0
2014-11-29,2478717,IT1,2014,domestic_league,6574,276,US Sassuolo,Hellas Verona,2,1
2014-11-29,2482246,FR1,2014,domestic_league,1162,969,SM Caen,Montpellier HSC,1,1
2014-11-29,2482248,FR1,2014,domestic_league,826,347,RC Lens,FC Metz,2,0
2014-11-29,2482250,FR1,2014,domestic_league,583,417,Paris Saint-Germain,OGC Nice,1,0
2014-11-29,2482251,FR1,2014,domestic_league,1421,595,Stade Reims,SC Bastia,2,1
2014-11-29,2482252,FR1,2014,domestic_league,273,162,Stade Rennais FC,AS Monaco,2,0
2014-11-29,2482254,FR1,2014,domestic_league,415,1158,FC Toulouse,FC Lorient,2,3
2014-11-29,2486589,GB1,2014,domestic_league,984,11,West Bromwich Albion,Arsenal FC,0,1
2014-11-29,2486590,GB1,2014,domestic_league,1132,405,Burnley FC,Aston Villa,1,1
2014-11-29,2486591,GB1,2014,domestic_league,31,512,Liverpool FC,Stoke City,1,0
2014-11-29,2486592,GB1,2014,domestic_league,985,3008,Manchester United,Hull City,3,0
2014-11-29,2486593,GB1,2014,domestic_league,1039,1003,Queens Park Rangers,Leicester City,3,2
2014-11-29,2486594,GB1,2014,domestic_league,2288,873,Swansea City,Crystal Palace,1,1
2014-11-29,2486595,GB1,2014,domestic_league,379,762,West Ham United,Newcastle United,1,0
2014-11-29,2486596,GB1,2014,domestic_league,289,631,Sunderland AFC,Chelsea FC,0,0
2014-11-29,2494405,GR1,2014,domestic_league,28956,21957,AEL Kalloni,AO Platanias,0,0
2014-11-29,2494406,GR1,2014,domestic_league,3060,128,APS Atromitos Athinon,AO Xanthi,2,0
2014-11-29,2494408,GR1,2014,domestic_league,2672,6418,APO Levadiakos Football Club,Panetolikos Agrinio,0,0
2014-11-29,2495707,DK1,2014,domestic_league,1177,173,Silkeborg IF,Odense Boldklub,0,1
2014-11-29,2508409,DKP,2014,domestic_cup,5866,5781,Brönshöj Boldklub,Skive IK,1,0
2014-11-29,2508544,UKR1,2014,domestic_league,23611,6992,Olimpik Donetsk,Chornomorets Odesa,2,1
2014-11-29,2508686,SFA,2014,domestic_cup,2578,2759,St. Johnstone FC,Ross County FC,2,1
2014-11-29,2508687,SFA,2014,domestic_cup,465,2451,St. Mirren FC,Inverness Caledonian Thistle FC,1,1
2014-11-29,2508690,SFA,2014,domestic_cup,3001,3491,Queen of the South FC,Brora Rangers FC,4,1
2014-11-29,2508691,SFA,2014,domestic_cup,3034,1270,Stranraer FC,Dunfermline Athletic FC,2,2
2014-11-29,2508692,SFA,2014,domestic_cup,1191,3027,Falkirk FC,Cowdenbeath FC,1,0
2014-11-29,2508693,SFA,2014,domestic_cup,2801,3014,Berwick Rangers FC,Albion Rovers FC,1,1
2014-11-29,2508694,SFA,2014,domestic_cup,511,370,Dundee FC,Aberdeen FC,2,1
2014-11-29,2508695,SFA,2014,domestic_cup,3015,3194,Annan Athletic FC,Brechin City FC,1,1
2014-11-29,2508696,SFA,2014,domestic_cup,987,1519,Motherwell FC,Dundee United FC,1,2
2014-11-29,2508697,SFA,2014,domestic_cup,2760,2999,Partick Thistle FC,Hamilton Academical FC,2,0
2014-11-29,2510959,SFA,2014,domestic_cup,17602,3026,The Spartans FC,Greenock Morton FC,2,1
2014-11-29,2510960,SFA,2014,domestic_cup,3020,903,Alloa Athletic FC,Hibernian FC,1,2
2014-11-29,2511626,SFA,2014,domestic_cup,24232,3021,Bo'ness United FC,Arbroath FC,0,5
2014-11-29,2511627,SFA,2014,domestic_cup,3033,2795,Stirling Albion FC,Raith Rovers FC,0,2
2014-11-29,2512760,BE1,2014,domestic_league,968,172,KVC Westerlo,Royal Charleroi Sporting Club,2,3
2014-11-29,2512761,BE1,2014,domestic_league,354,2861,KV Mechelen,KV Oostende,0,0
2014-11-29,2512762,BE1,2014,domestic_league,28643,29228,SK Beveren,Royal Excel Mouscron (-2022),2,1
2014-11-29,2512763,BE1,2014,domestic_league,520,1184,Cercle Brugge,KRC Genk,0,1
2014-11-29,2514352,RU1,2014,domestic_league,3729,11127,Arsenal Tula,Ural Yekaterinburg,1,2
2014-11-29,2514353,RU1,2014,domestic_league,2410,28095,PFK CSKA Moskva,FK Ufa,5,0
2014-11-29,2514354,RU1,2014,domestic_league,11126,964,Mordovia Saransk (-2020),AO FK Zenit Sankt-Peterburg,1,0
2014-11-29,2514355,RU1,2014,domestic_league,2439,1186,Kuban Krasnodar (-2018),Torpedo Moscow,1,1
2014-11-30,2459708,NL1,2014,domestic_league,1268,610,ADO Den Haag,Ajax Amsterdam,1,1
2014-11-30,2459709,NL1,2014,domestic_league,798,1269,Excelsior Rotterdam,PEC Zwolle,0,5
2014-11-30,2459710,NL1,2014,domestic_league,317,202,FC Twente Enschede,FC Groningen,1,2
2014-11-30,2460736,L1,2014,domestic_league,82,18,VfL Wolfsburg,Borussia Mönchengladbach,1,0
2014-11-30,2460741,L1,2014,domestic_league,24,16,Eintracht Frankfurt,Borussia Dortmund,2,0
2014-11-30,2469532,PO1,2014,domestic_league,2990,294,Académica Coimbra,SL Benfica,0,2
2014-11-30,2469533,PO1,2014,domestic_league,2424,982,Gil Vicente FC,CD Nacional,0,0
2014-11-30,2469535,PO1,2014,domestic_league,720,2425,FC Porto,Rio Ave FC,5,0
2014-11-30,2469537,PO1,2014,domestic_league,1301,2503,CS Marítimo,Boavista FC,4,0
2014-11-30,2470023,TR1,2014,domestic_league,3216,2381,Mersin Talimyurdu SK,Sivasspor,2,0
2014-11-30,2470025,TR1,2014,domestic_league,36,825,Fenerbahce,Eskisehirspor,2,2
2014-11-30,2475300,ES1,2014,domestic_league,13,897,Atlético de Madrid,Deportivo de La Coruña,2,0
2014-11-30,2475302,ES1,2014,domestic_league,993,1050,Córdoba CF,Villarreal CF,0,2
2014-11-30,2475305,ES1,2014,domestic_league,1049,131,Valencia CF,FC Barcelona,0,1
2014-11-30,2475306,ES1,2014,domestic_league,368,16795,Sevilla FC,Granada CF,5,1
2014-11-30,2478708,IT1,2014,domestic_league,1390,430,Cagliari Calcio,ACF Fiorentina,0,4
2014-11-30,2478709,IT1,2014,domestic_league,1429,252,Cesena FC,Genoa CFC,0,3
2014-11-30,2478711,IT1,2014,domestic_league,749,800,FC Empoli,Atalanta BC,0,0
2014-11-30,2478712,IT1,2014,domestic_league,506,416,Juventus FC,Torino FC,2,1
2014-11-30,2478713,IT1,2014,domestic_league,5,410,AC Milan,Udinese Calcio,2,0
2014-11-30,2478714,IT1,2014,domestic_league,458,130,Palermo FC,Parma Calcio 1913,2,1
2014-11-30,2478715,IT1,2014,domestic_league,12,46,Associazione Sportiva Roma,Inter Milan,4,2
2014-11-30,2482245,FR1,2014,domestic_league,40,1082,FC Girondins Bordeaux,LOSC Lille,1,0
2014-11-30,2482247,FR1,2014,domestic_league,14171,855,Thonon Évian Grand Genève FC,EA Guingamp,2,0
2014-11-30,2482253,FR1,2014,domestic_league,618,1041,AS Saint-Étienne,Olympique Lyon,3,0
2014-11-30,2486597,GB1,2014,domestic_league,180,281,Southampton FC,Manchester City,0,3
2014-11-30,2486598,GB1,2014,domestic_league,148,29,Tottenham Hotspur,Everton FC,2,1
2014-11-30,2494404,GR1,2014,domestic_league,5219,683,AOK Kerkyra,Olympiakos Syndesmos Filathlon Peiraios,0,4
2014-11-30,2494407,GR1,2014,domestic_league,5220,6676,GS Ergotelis,A.G.S Asteras Tripolis,1,4
2014-11-30,2494409,GR1,2014,domestic_league,1091,7185,Panthessalonikios Athlitikos Omilos Konstantinoupoliton,Panthrakikos Komotini,3,2
2014-11-30,2494410,GR1,2014,domestic_league,265,2079,Panathinaikos Athlitikos Omilos,Veria NPS,2,1
2014-11-30,2494411,GR1,2014,domestic_league,169,5572,Panionios Athens,Niki Volou,2,1
2014-11-30,2494412,GR1,2014,domestic_league,2671,653,PAS Giannina,Omilos Filathlon Irakliou FC,3,0
2014-11-30,2495708,DK1,2014,domestic_league,5818,5724,Hobro IK,Randers FC,0,1
2014-11-30,2495709,DK1,2014,domestic_league,2778,206,FC Nordsjaelland,Bröndby IF,2,0
2014-11-30,2495710,DK1,2014,domestic_league,1053,190,Aalborg BK,FC Copenhagen,0,1
2014-11-30,2508543,UKR1,2014,domestic_league,6414,10690,Metalist Kharkiv (- 2016),Zorya Lugansk,4,2
2014-11-30,2508546,UKR1,2014,domestic_league,2740,338,Vorskla Poltava,Dynamo Kyiv,0,3
2014-11-30,2508547,UKR1,2014,domestic_league,6994,660,Metalurg Zaporizhya (-2016),FC Shakhtar Donetsk,0,4
2014-11-30,2508549,UKR1,2014,domestic_league,2477,6996,Karpaty Lviv (-2021),Goverla Uzhgorod (- 2016),1,0
2014-11-30,2508688,SFA,2014,domestic_cup,124,2553,Rangers FC,Kilmarnock FC,3,0
2014-11-30,2508689,SFA,2014,domestic_cup,43,371,Heart of Midlothian FC,Celtic FC,0,4
2014-11-30,2512764,BE1,2014,domestic_league,58,2282,RSC Anderlecht,Club Brugge KV,2,2
2014-11-30,2512765,BE1,2014,domestic_league,3057,601,Standard Liège,KV Kortrijk,0,2
2014-11-30,2512766,BE1,2014,domestic_league,204,498,Lierse SK (- 2018),KSC Lokeren (- 2020),1,1
2014-11-30,2514356,RU1,2014,domestic_league,932,232,"Футбольный клуб ""Локомотив"" Москва",FK Spartak Moskva,1,0
2014-11-30,2514357,RU1,2014,domestic_league,2698,121,FC Rubin Kazan,FK Dinamo Moskva,1,1
2014-11-30,2514358,RU1,2014,domestic_league,3725,16704,RFK Akhmat Grozny,FK Krasnodar,0,1
2014-11-30,2514856,UKR1,2014,domestic_league,6993,4482,FK Mariupol,Volyn Lutsk,1,3
2014-12-01,2469539,PO1,2014,domestic_league,2995,1465,FC Paços de Ferreira,GD Estoril Praia,1,1
2014-12-01,2470022,TR1,2014,domestic_league,449,820,Trabzonspor,Gençlerbirliği Spor Kulübü,4,1
2014-12-01,2470028,TR1,2014,domestic_league,1506,114,Kardemir Karabükspor,Beşiktaş Jimnastik Kulübü,1,2
2014-12-01,2475307,ES1,2014,domestic_league,3302,367,UD Almería,Rayo Vallecano,0,1
2014-12-01,2478716,IT1,2014,domestic_league,1038,6195,UC Sampdoria,SSC Napoli,1,1
2014-12-01,2495711,DK1,2014,domestic_league,865,20100,FC Midtjylland,FC Vestsjaelland,2,1
2014-12-01,2508404,DKP,2014,domestic_cup,5904,5817,Varde IF,Sönderjyske Fodbold,0,3
2014-12-01,2508548,UKR1,2014,domestic_league,339,2783,Dnipro Dnipropetrovsk (-2020),Metalurg Donetsk (- 2015),1,1
2014-12-02,2482258,FR1,2014,domestic_league,1158,244,FC Lorient,Olympique Marseille,1,1
2014-12-02,2482261,FR1,2014,domestic_league,162,826,AS Monaco,RC Lens,2,0
2014-12-02,2482263,FR1,2014,domestic_league,995,415,FC Nantes,FC Toulouse,1,2
2014-12-02,2486600,GB1,2014,domestic_league,1132,762,Burnley FC,Newcastle United,1,1
2014-12-02,2486601,GB1,2014,domestic_league,1003,31,Leicester City,Liverpool FC,1,3
2014-12-02,2486602,GB1,2014,domestic_league,985,512,Manchester United,Stoke City,2,1
2014-12-02,2486603,GB1,2014,domestic_league,2288,1039,Swansea City,Queens Park Rangers,2,0
2014-12-02,2486604,GB1,2014,domestic_league,873,405,Crystal Palace,Aston Villa,0,1
2014-12-02,2486605,GB1,2014,domestic_league,984,379,West Bromwich Albion,West Ham United,1,2
2014-12-02,2489318,CIT,2014,domestic_cup,398,4361,Società Sportiva Lazio S.p.A.,Varese 1910,3,0
2014-12-02,2489322,CIT,2014,domestic_cup,276,839,Hellas Verona,AC Perugia Calcio,1,0
2014-12-02,2505179,CDR,2014,domestic_cup,11259,621,CD Alcoyano,Athletic Bilbao,1,1
2014-12-02,2505182,CDR,2014,domestic_cup,472,940,UD Las Palmas,Celta de Vigo,2,1
2014-12-02,2505184,CDR,2014,domestic_cup,1108,714,Deportivo Alavés,RCD Espanyol Barcelona,0,2
2014-12-02,2505190,CDR,2014,domestic_cup,366,1531,Real Valladolid CF,Elche CF,0,0
2014-12-02,2505204,CDR,2014,domestic_cup,418,16196,Real Madrid,UE Cornellà,5,0
2014-12-02,2514713,SFA,2014,domestic_cup,2451,465,Inverness Caledonian Thistle FC,St. Mirren FC,4,0
2014-12-02,2514857,RU1,2014,domestic_league,2410,4128,PFK CSKA Moskva,Amkar Perm,2,1
2014-12-02,2514858,RU1,2014,domestic_league,3729,28095,Arsenal Tula,FK Ufa,0,1
2014-12-02,2515842,CIT,2014,domestic_cup,6574,2921,US Sassuolo,Delfino Pescara 1936,1,0
2014-12-03,2481015,SC1,2014,domestic_league,371,2760,Celtic FC,Partick Thistle FC,1,0
2014-12-03,2482255,FR1,2014,domestic_league,595,14171,SC Bastia,Thonon Évian Grand Genève FC,1,2
2014-12-03,2482256,FR1,2014,domestic_league,855,1162,EA Guingamp,SM Caen,5,1
2014-12-03,2482257,FR1,2014,domestic_league,1082,583,LOSC Lille,Paris Saint-Germain,1,1
2014-12-03,2482260,FR1,2014,domestic_league,347,40,FC Metz,FC Girondins Bordeaux,0,0
2014-12-03,2482262,FR1,2014,domestic_league,969,618,Montpellier HSC,AS Saint-Étienne,0,2
2014-12-03,2482264,FR1,2014,domestic_league,417,273,OGC Nice,Stade Rennais FC,1,2
2014-12-03,2486599,GB1,2014,domestic_league,11,180,Arsenal FC,Southampton FC,1,0
2014-12-03,2486606,GB1,2014,domestic_league,631,148,Chelsea FC,Tottenham Hotspur,3,0
2014-12-03,2486607,GB1,2014,domestic_league,29,3008,Everton FC,Hull City,1,1
2014-12-03,2486608,GB1,2014,domestic_league,289,281,Sunderland AFC,Manchester City,1,4
2014-12-03,2488541,CIT,2014,domestic_cup,800,2331,Atalanta BC,AS Avellino 1912,2,0
2014-12-03,2489320,CIT,2014,domestic_cup,410,1429,Udinese Calcio,Cesena FC,4,2
2014-12-03,2489321,CIT,2014,domestic_cup,749,252,FC Empoli,Genoa CFC,2,0
2014-12-03,2494349,GR1,2014,domestic_league,128,28956,AO Xanthi,AEL Kalloni,2,1
2014-12-03,2494350,GR1,2014,domestic_league,683,1091,Olympiakos Syndesmos Filathlon Peiraios,Panthessalonikios Athlitikos Omilos Konstantinoupoliton,1,2
2014-12-03,2494352,GR1,2014,domestic_league,7185,21957,Panthrakikos Komotini,AO Platanias,1,0
2014-12-03,2494354,GR1,2014,domestic_league,2671,2672,PAS Giannina,APO Levadiakos Football Club,0,4
2014-12-03,2494356,GR1,2014,domestic_league,5219,169,AOK Kerkyra,Panionios Athens,1,0
2014-12-03,2494357,GR1,2014,domestic_league,3060,2079,APS Atromitos Athinon,Veria NPS,0,0
2014-12-03,2505176,CDR,2014,domestic_cup,5358,131,SD Huesca,FC Barcelona,0,4
2014-12-03,2505178,CDR,2014,domestic_cup,9477,13,CE L'Hospitalet,Atlético de Madrid,0,3
2014-12-03,2505187,CDR,2014,domestic_cup,16795,993,Granada CF,Córdoba CF,1,0
2014-12-03,2505188,CDR,2014,domestic_cup,897,1084,Deportivo de La Coruña,Málaga CF,1,1
2014-12-03,2505192,CDR,2014,domestic_cup,368,11422,Sevilla FC,CE Sabadell FC,5,1
2014-12-03,2508408,DKP,2014,domestic_cup,5842,206,VSK Aarhus,Bröndby IF,1,2
2014-12-03,2514859,RU1,2014,domestic_league,2698,964,FC Rubin Kazan,AO FK Zenit Sankt-Peterburg,0,1
2014-12-03,2514860,RU1,2014,domestic_league,932,11127,"Футбольный клуб ""Локомотив"" Москва",Ural Yekaterinburg,1,0
2014-12-03,2514861,RU1,2014,domestic_league,2439,16704,Kuban Krasnodar (-2018),FK Krasnodar,1,1
2014-12-03,2514862,RU1,2014,domestic_league,3725,1186,RFK Akhmat Grozny,Torpedo Moscow,0,1
2014-12-04,2482259,FR1,2014,domestic_league,1041,1421,Olympique Lyon,Stade Reims,2,1
2014-12-04,2488542,CIT,2014,domestic_cup,1390,1385,Cagliari Calcio,Modena FC,9,8
2014-12-04,2489319,CIT,2014,domestic_cup,1038,19,UC Sampdoria,Brescia Calcio,2,0
2014-12-04,2494351,GR1,2014,domestic_league,6418,265,Panetolikos Agrinio,Panathinaikos Athlitikos Omilos,0,1
2014-12-04,2494353,GR1,2014,domestic_league,5572,6676,Niki Volou,A.G.S Asteras Tripolis,0,2
2014-12-04,2494355,GR1,2014,domestic_league,653,5220,Omilos Filathlon Irakliou FC,GS Ergotelis,1,0
2014-12-04,2505180,CDR,2014,domestic_cup,2687,1050,Cádiz CF,Villarreal CF,1,2
2014-12-04,2505181,CDR,2014,domestic_cup,2497,681,Real Oviedo,Real Sociedad,0,0
2014-12-04,2505185,CDR,2014,domestic_cup,367,1049,Rayo Vallecano,Valencia CF,1,2
2014-12-04,2508406,DKP,2014,domestic_cup,5777,190,Greve Fodbold,FC Copenhagen,0,3
2014-12-04,2508411,DKP,2014,domestic_cup,3426,865,Esbjerg fB,FC Midtjylland,3,0
2014-12-04,2514863,RU1,2014,domestic_league,11126,121,Mordovia Saransk (-2020),FK Dinamo Moskva,0,1
2014-12-04,2514864,RU1,2014,domestic_league,232,1083,FK Spartak Moskva,FK Rostov,1,1
2014-12-05,2460744,L1,2014,domestic_league,16,533,Borussia Dortmund,TSG 1899 Hoffenheim,1,0
2014-12-05,2469543,PO1,2014,domestic_league,2503,336,Boavista FC,Sporting CP,1,3
2014-12-05,2478720,IT1,2014,domestic_league,430,506,ACF Fiorentina,Juventus FC,0,0
2014-12-05,2482274,FR1,2014,domestic_league,415,162,FC Toulouse,AS Monaco,0,2
2014-12-05,2495712,DK1,2014,domestic_league,5724,5817,Randers FC,Sönderjyske Fodbold,0,0
2014-12-05,2498290,UKR1,2014,domestic_league,338,2783,Dynamo Kyiv,Metalurg Donetsk (- 2015),3,0
2014-12-05,2498291,UKR1,2014,domestic_league,660,6996,FC Shakhtar Donetsk,Goverla Uzhgorod (- 2016),4,1
2014-12-05,2505042,SC1,2014,domestic_league,2759,1519,Ross County FC,Dundee United FC,2,3
2014-12-05,2505183,CDR,2014,domestic_cup,150,3302,Real Betis Balompié,UD Almería,3,4
2014-12-05,2505186,CDR,2014,domestic_cup,3709,1533,Getafe CF,SD Eibar,3,0
2014-12-05,2505191,CDR,2014,domestic_cup,1532,3368,Albacete Balompié,Levante UD,1,1
2014-12-05,2512767,BE1,2014,domestic_league,968,28643,KVC Westerlo,SK Beveren,1,2
2014-12-05,2514117,FAC,2014,domestic_cup,2577,4310,Hartlepool United,Blyth Spartans,1,2
2014-12-06,2459712,NL1,2014,domestic_league,1090,1435,AZ Alkmaar,Go Ahead Eagles,2,0
2014-12-06,2459713,NL1,2014,domestic_league,798,234,Excelsior Rotterdam,Feyenoord Rotterdam,2,5
2014-12-06,2459714,NL1,2014,domestic_league,133,132,SC Cambuur Leeuwarden,NAC Breda,0,1
2014-12-06,2459715,NL1,2014,domestic_league,1455,383,FC Dordrecht,PSV Eindhoven,1,3
2014-12-06,2459716,NL1,2014,domestic_league,610,403,Ajax Amsterdam,Willem II Tilburg,5,0
2014-12-06,2460743,L1,2014,domestic_league,27,15,Bayern Munich,Bayer 04 Leverkusen,1,0
2014-12-06,2460745,L1,2014,domestic_league,18,44,Borussia Mönchengladbach,Hertha BSC,3,2
2014-12-06,2460746,L1,2014,domestic_league,42,82,Hannover 96,VfL Wolfsburg,1,3
2014-12-06,2460748,L1,2014,domestic_league,79,33,VfB Stuttgart,FC Schalke 04,0,4
2014-12-06,2460750,L1,2014,domestic_league,3,167,1.FC Köln,FC Augsburg,1,2
2014-12-06,2460751,L1,2014,domestic_league,127,60,SC Paderborn 07,SC Freiburg,1,1
2014-12-06,2469541,PO1,2014,domestic_league,2990,720,Académica Coimbra,FC Porto,0,3
2014-12-06,2469545,PO1,2014,domestic_league,1465,1085,GD Estoril Praia,Vitória Setúbal FC,1,0
2014-12-06,2469546,PO1,2014,domestic_league,294,68608,SL Benfica,CF Os Belenenses,3,0
2014-12-06,2469548,PO1,2014,domestic_league,2425,2424,Rio Ave FC,Gil Vicente FC,0,0
2014-12-06,2470030,TR1,2014,domestic_league,20698,36,Balikesirspor,Fenerbahce,0,1
2014-12-06,2470032,TR1,2014,domestic_league,820,524,Gençlerbirliği Spor Kulübü,Gaziantepspor (- 2020),2,0
2014-12-06,2470034,TR1,2014,domestic_league,141,19771,Galatasaray,Akhisarspor,2,1
2014-12-06,2470035,TR1,2014,domestic_league,2293,3216,Konyaspor,Mersin Talimyurdu SK,2,0
2014-12-06,2475310,ES1,2014,domestic_league,897,1084,Deportivo de La Coruña,Málaga CF,0,1
2014-12-06,2475311,ES1,2014,domestic_league,1531,13,Elche CF,Atlético de Madrid,0,2
2014-12-06,2475313,ES1,2014,domestic_league,621,993,Athletic Bilbao,Córdoba CF,0,1
2014-12-06,2475319,ES1,2014,domestic_league,418,940,Real Madrid,Celta de Vigo,3,0
2014-12-06,2478726,IT1,2014,domestic_league,12,6574,Associazione Sportiva Roma,US Sassuolo,2,2
2014-12-06,2478727,IT1,2014,domestic_league,416,458,Torino FC,Palermo FC,2,2
2014-12-06,2482265,FR1,2014,domestic_league,40,1158,FC Girondins Bordeaux,FC Lorient,3,2
2014-12-06,2482266,FR1,2014,domestic_league,1162,417,SM Caen,OGC Nice,2,3
2014-12-06,2482270,FR1,2014,domestic_league,583,995,Paris Saint-Germain,FC Nantes,2,1
2014-12-06,2482272,FR1,2014,domestic_league,273,969,Stade Rennais FC,Montpellier HSC,0,4
2014-12-06,2482273,FR1,2014,domestic_league,618,595,AS Saint-Étienne,SC Bastia,1,0
2014-12-06,2486610,GB1,2014,domestic_league,3008,984,Hull City,West Bromwich Albion,0,0
2014-12-06,2486611,GB1,2014,domestic_league,31,289,Liverpool FC,Sunderland AFC,0,0
2014-12-06,2486612,GB1,2014,domestic_league,281,29,Manchester City,Everton FC,1,0
2014-12-06,2486613,GB1,2014,domestic_league,762,631,Newcastle United,Chelsea FC,2,1
2014-12-06,2486614,GB1,2014,domestic_league,1039,1132,Queens Park Rangers,Burnley FC,2,0
2014-12-06,2486616,GB1,2014,domestic_league,512,11,Stoke City,Arsenal FC,3,2
2014-12-06,2486617,GB1,2014,domestic_league,148,873,Tottenham Hotspur,Crystal Palace,0,0
2014-12-06,2494414,GR1,2014,domestic_league,5219,3060,AOK Kerkyra,APS Atromitos Athinon,1,1
2014-12-06,2494416,GR1,2014,domestic_league,2079,21957,Veria NPS,AO Platanias,2,0
2014-12-06,2494419,GR1,2014,domestic_league,683,2671,Olympiakos Syndesmos Filathlon Peiraios,PAS Giannina,2,2
2014-12-06,2495713,DK1,2014,domestic_league,173,1053,Odense Boldklub,Aalborg BK,1,1
2014-12-06,2498289,UKR1,2014,domestic_league,10690,339,Zorya Lugansk,Dnipro Dnipropetrovsk (-2020),2,1
2014-12-06,2498292,UKR1,2014,domestic_league,23611,2740,Olimpik Donetsk,Vorskla Poltava,1,1
2014-12-06,2505038,SC1,2014,domestic_league,370,2999,Aberdeen FC,Hamilton Academical FC,3,0
2014-12-06,2505039,SC1,2014,domestic_league,511,2451,Dundee FC,Inverness Caledonian Thistle FC,1,2
2014-12-06,2505040,SC1,2014,domestic_league,987,371,Motherwell FC,Celtic FC,0,1
2014-12-06,2505041,SC1,2014,domestic_league,2760,2553,Partick Thistle FC,Kilmarnock FC,1,1
2014-12-06,2505043,SC1,2014,domestic_league,465,2578,St. Mirren FC,St. Johnstone FC,0,1
2014-12-06,2512768,BE1,2014,domestic_league,29228,58,Royal Excel Mouscron (-2022),RSC Anderlecht,4,2
2014-12-06,2512769,BE1,2014,domestic_league,2861,204,KV Oostende,Lierse SK (- 2018),2,1
2014-12-06,2512770,BE1,2014,domestic_league,498,520,KSC Lokeren (- 2020),Cercle Brugge,0,0
2014-12-06,2512771,BE1,2014,domestic_league,601,354,KV Kortrijk,KV Mechelen,3,0
2014-12-06,2514118,FAC,2014,domestic_cup,988,1074,Oxford United,Tranmere Rovers,2,2
2014-12-06,2514119,FAC,2014,domestic_cup,2413,1031,Bury FC,Luton Town,1,1
2014-12-06,2514120,FAC,2014,domestic_cup,3688,972,Accrington Stanley,Yeovil Town,1,1
2014-12-06,2514121,FAC,2014,domestic_cup,991,1219,Milton Keynes Dons,Chesterfield FC,0,1
2014-12-06,2514122,FAC,2014,domestic_cup,1078,2454,Oldham Athletic,Doncaster Rovers,0,1
2014-12-06,2514123,FAC,2014,domestic_cup,466,3054,Preston North End,Shrewsbury Town,1,0
2014-12-06,2514124,FAC,2014,domestic_cup,350,2262,Sheffield United,Plymouth Argyle,3,0
2014-12-06,2514125,FAC,2014,domestic_cup,1112,7047,Wrexham AFC,Maidstone United,3,1
2014-12-06,2514380,FAC,2014,domestic_cup,986,3820,Cambridge United,Mansfield Town,2,2
2014-12-06,2515996,RU1,2014,domestic_league,964,16704,AO FK Zenit Sankt-Peterburg,FK Krasnodar,4,0
2014-12-06,2515997,RU1,2014,domestic_league,2439,2410,Kuban Krasnodar (-2018),PFK CSKA Moskva,0,1
2014-12-07,2459717,NL1,2014,domestic_league,1269,1268,PEC Zwolle,ADO Den Haag,3,1
2014-12-07,2459718,NL1,2014,domestic_league,200,1304,FC Utrecht,Heracles Almelo,2,4
2014-12-07,2459719,NL1,2014,domestic_league,202,306,FC Groningen,SC Heerenveen,1,1
2014-12-07,2459720,NL1,2014,domestic_league,499,317,Vitesse Arnhem,FC Twente Enschede,2,2
2014-12-07,2460747,L1,2014,domestic_league,24,86,Eintracht Frankfurt,SV Werder Bremen,5,2
2014-12-07,2460749,L1,2014,domestic_league,41,39,Hamburger SV,1.FSV Mainz 05,2,1
2014-12-07,2469542,PO1,2014,domestic_league,8024,3327,FC Arouca,FC Penafiel,0,1
2014-12-07,2469544,PO1,2014,domestic_league,1075,2420,SC Braga,Vitória Guimarães SC,0,0
2014-12-07,2469547,PO1,2014,domestic_league,979,2995,Moreirense FC,FC Paços de Ferreira,2,0
2014-12-07,2470031,TR1,2014,domestic_league,20,10484,Bursaspor,Kasimpasa,5,1
2014-12-07,2470033,TR1,2014,domestic_league,114,449,Beşiktaş Jimnastik Kulübü,Trabzonspor,3,0
2014-12-07,2470037,TR1,2014,domestic_league,825,6890,Eskisehirspor,Basaksehir FK,0,1
2014-12-07,2470038,TR1,2014,domestic_league,126,1506,Caykur Rizespor,Kardemir Karabükspor,0,3
2014-12-07,2475312,ES1,2014,domestic_league,1050,681,Villarreal CF,Real Sociedad,4,0
2014-12-07,2475315,ES1,2014,domestic_league,131,714,FC Barcelona,RCD Espanyol Barcelona,5,1
2014-12-07,2475316,ES1,2014,domestic_league,16795,1049,Granada CF,Valencia CF,1,1
2014-12-07,2475317,ES1,2014,domestic_league,367,368,Rayo Vallecano,Sevilla FC,0,1
2014-12-07,2478718,IT1,2014,domestic_league,800,1429,Atalanta BC,Cesena FC,3,2
2014-12-07,2478721,IT1,2014,domestic_league,252,5,Genoa CFC,AC Milan,1,0
2014-12-07,2478723,IT1,2014,domestic_league,46,410,Inter Milan,Udinese Calcio,1,2
2014-12-07,2478724,IT1,2014,domestic_league,6195,749,SSC Napoli,FC Empoli,2,2
2014-12-07,2478725,IT1,2014,domestic_league,130,398,Parma Calcio 1913,Società Sportiva Lazio S.p.A.,1,2
2014-12-07,2482267,FR1,2014,domestic_league,14171,1041,Thonon Évian Grand Genève FC,Olympique Lyon,2,3
2014-12-07,2482268,FR1,2014,domestic_league,826,1082,RC Lens,LOSC Lille,1,1
2014-12-07,2482269,FR1,2014,domestic_league,244,347,Olympique Marseille,FC Metz,3,1
2014-12-07,2482271,FR1,2014,domestic_league,1421,855,Stade Reims,EA Guingamp,2,3
2014-12-07,2486609,GB1,2014,domestic_league,405,1003,Aston Villa,Leicester City,2,1
2014-12-07,2486618,GB1,2014,domestic_league,379,2288,West Ham United,Swansea City,3,1
2014-12-07,2494413,GR1,2014,domestic_league,128,1091,AO Xanthi,Panthessalonikios Athlitikos Omilos Konstantinoupoliton,4,2
2014-12-07,2494415,GR1,2014,domestic_league,6676,265,A.G.S Asteras Tripolis,Panathinaikos Athlitikos Omilos,1,1
2014-12-07,2494417,GR1,2014,domestic_league,5572,28956,Niki Volou,AEL Kalloni,2,0
2014-12-07,2494418,GR1,2014,domestic_league,653,2672,Omilos Filathlon Irakliou FC,APO Levadiakos Football Club,0,2
2014-12-07,2494420,GR1,2014,domestic_league,6418,169,Panetolikos Agrinio,Panionios Athens,2,1
2014-12-07,2495714,DK1,2014,domestic_league,20100,5818,FC Vestsjaelland,Hobro IK,1,1
2014-12-07,2495715,DK1,2014,domestic_league,206,1177,Bröndby IF,Silkeborg IF,1,0
2014-12-07,2495716,DK1,2014,domestic_league,190,865,FC Copenhagen,FC Midtjylland,3,0
2014-12-07,2498293,UKR1,2014,domestic_league,4482,6414,Volyn Lutsk,Metalist Kharkiv (- 2016),0,3
2014-12-07,2498294,UKR1,2014,domestic_league,6993,6994,FK Mariupol,Metalurg Zaporizhya (-2016),1,2
2014-12-07,2498295,UKR1,2014,domestic_league,6992,2477,Chornomorets Odesa,Karpaty Lviv (-2021),0,0
2014-12-07,2512772,BE1,2014,domestic_league,2282,3508,Club Brugge KV,Zulte Waregem,2,1
2014-12-07,2512773,BE1,2014,domestic_league,172,3057,Royal Charleroi Sporting Club,Standard Liège,0,1
2014-12-07,2512774,BE1,2014,domestic_league,157,1184,KAA Gent,KRC Genk,0,0
2014-12-07,2514126,FAC,2014,domestic_cup,3456,9527,Gateshead FC,Warrington Town,2,0
2014-12-07,2514127,FAC,2014,domestic_cup,2964,5548,Scunthorpe United,Worcester City,1,1
2014-12-07,2514128,FAC,2014,domestic_cup,2805,3884,Wycombe Wanderers,AFC Wimbledon,0,1
2014-12-07,2514129,FAC,2014,domestic_cup,9829,10391,Southport FC,Eastleigh FC,2,1
2014-12-07,2514130,FAC,2014,domestic_cup,349,31367,Barnsley FC,Chester FC,0,0
2014-12-07,2514131,FAC,2014,domestic_cup,1027,4074,Bradford City,Dartford FC,4,1
2014-12-07,2514132,FAC,2014,domestic_cup,698,3694,Bristol City,AFC Telford United,1,0
2014-12-07,2514133,FAC,2014,domestic_cup,3717,1088,Aldershot Town,Rochdale AFC,0,0
2014-12-07,2514134,FAC,2014,domestic_cup,3371,3936,Cheltenham Town,Dover Athletic,0,1
2014-12-07,2514135,FAC,2014,domestic_cup,1060,1072,Colchester United,Peterborough United,1,0
2014-12-07,2515998,RU1,2014,domestic_league,3725,932,RFK Akhmat Grozny,"Футбольный клуб ""Локомотив"" Москва",0,0
2014-12-07,2515999,RU1,2014,domestic_league,121,4128,FK Dinamo Moskva,Amkar Perm,5,0
2014-12-08,2469549,PO1,2014,domestic_league,982,1301,CD Nacional,CS Marítimo,3,0
2014-12-08,2470036,TR1,2014,domestic_league,2381,6894,Sivasspor,Kayseri Erciyesspor,1,1
2014-12-08,2475314,ES1,2014,domestic_league,3368,3709,Levante UD,Getafe CF,1,1
2014-12-08,2475318,ES1,2014,domestic_league,1533,3302,SD Eibar,UD Almería,5,2
2014-12-08,2478719,IT1,2014,domestic_league,1390,862,Cagliari Calcio,Chievo Verona,0,2
2014-12-08,2478722,IT1,2014,domestic_league,276,1038,Hellas Verona,UC Sampdoria,1,3
2014-12-08,2486615,GB1,2014,domestic_league,180,985,Southampton FC,Manchester United,1,2
2014-12-08,2494421,GR1,2014,domestic_league,7185,5220,Panthrakikos Komotini,GS Ergotelis,0,0
2014-12-08,2495717,DK1,2014,domestic_league,3426,2778,Esbjerg fB,FC Nordsjaelland,0,0
2014-12-08,2516000,RU1,2014,domestic_league,1186,28095,Torpedo Moscow,FK Ufa,2,2
2014-12-08,2516001,RU1,2014,domestic_league,11126,2698,Mordovia Saransk (-2020),FC Rubin Kazan,0,1
2014-12-08,2516002,RU1,2014,domestic_league,1083,3729,FK Rostov,Arsenal Tula,0,1
2014-12-08,2516003,RU1,2014,domestic_league,232,11127,FK Spartak Moskva,Ural Yekaterinburg,2,0
2014-12-09,2495358,CL,2014,international_cup,506,13,Juventus FC,Atlético de Madrid,0,0
2014-12-09,2495359,CL,2014,international_cup,683,496,Olympiakos Syndesmos Filathlon Peiraios,Malmö Fotbollförening,4,2
2014-12-09,2495360,CL,2014,international_cup,31,26,Liverpool FC,FC Basel 1893,1,1
2014-12-09,2495361,CL,2014,international_cup,418,31614,Real Madrid,Ludogorets Razgrad,4,0
2014-12-09,2495362,CL,2014,international_cup,162,964,AS Monaco,AO FK Zenit Sankt-Peterburg,2,0
2014-12-09,2495363,CL,2014,international_cup,294,15,SL Benfica,Bayer 04 Leverkusen,0,0
2014-12-09,2495364,CL,2014,international_cup,141,11,Galatasaray,Arsenal FC,1,4
2014-12-09,2495365,CL,2014,international_cup,16,58,Borussia Dortmund,RSC Anderlecht,1,1
2014-12-09,2514714,SFA,2014,domestic_cup,3014,2801,Albion Rovers FC,Berwick Rangers FC,0,1
2014-12-09,2514715,SFA,2014,domestic_cup,3194,3015,Brechin City FC,Annan Athletic FC,4,2
2014-12-09,2514887,SFA,2014,domestic_cup,1270,3034,Dunfermline Athletic FC,Stranraer FC,1,3
2014-12-10,2495366,CL,2014,international_cup,12,281,Associazione Sportiva Roma,Manchester City,0,2
2014-12-10,2495367,CL,2014,international_cup,27,2410,Bayern Munich,PFK CSKA Moskva,3,0
2014-12-10,2495368,CL,2014,international_cup,131,583,FC Barcelona,Paris Saint-Germain,3,1
2014-12-10,2495369,CL,2014,international_cup,610,2784,Ajax Amsterdam,APOEL Nicosia,4,0
2014-12-10,2495370,CL,2014,international_cup,790,33,NK Maribor,FC Schalke 04,0,1
2014-12-10,2495371,CL,2014,international_cup,631,336,Chelsea FC,Sporting CP,3,1
2014-12-10,2495372,CL,2014,international_cup,720,660,FC Porto,FC Shakhtar Donetsk,1,1
2014-12-10,2495373,CL,2014,international_cup,621,713,Athletic Bilbao,BATE Borisov,2,0
2014-12-10,2511580,KLUB,2014,,9100,11391,Moghreb Atlético Tétouan,Auckland City FC,3,4
2014-12-11,2491054,EL,2014,other,255,449,Legia Warszawa,Trabzonspor,2,0
2014-12-11,2492358,EL,2014,other,429,1050,Apollon Limassol,Villarreal CF,0,2
2014-12-11,2492359,EL,2014,other,18,260,Borussia Mönchengladbach,FC Zürich,3,0
2014-12-11,2492370,EL,2014,other,10625,46,Qarabağ FK,Inter Milan,0,0
2014-12-11,2492371,EL,2014,other,339,618,Dnipro Dnipropetrovsk (-2020),AS Saint-Étienne,1,0
2014-12-11,2492382,EL,2014,other,190,416,FC Copenhagen,Torino FC,1,5
2014-12-11,2492383,EL,2014,other,2282,1008,Club Brugge KV,HJK Helsinki,2,1
2014-12-11,2492394,EL,2014,other,114,148,Beşiktaş Jimnastik Kulübü,Tottenham Hotspur,1,0
2014-12-11,2492395,EL,2014,other,669,6676,FK Partizan Belgrade,A.G.S Asteras Tripolis,0,0
2014-12-11,2492406,EL,2014,other,419,371,GNK Dinamo Zagreb,Celtic FC,4,3
2014-12-11,2492407,EL,2014,other,409,13499,Fußballclub Red Bull Salzburg,Astra Giurgiu (- 2024),5,1
2014-12-11,2492418,EL,2014,other,265,1465,Panathinaikos Athlitikos Omilos,GD Estoril Praia,1,1
2014-12-11,2492419,EL,2014,other,383,121,PSV Eindhoven,FK Dinamo Moskva,0,1
2014-12-11,2492430,EL,2014,other,1091,855,Panthessalonikios Athlitikos Omilos Konstantinoupoliton,EA Guingamp,1,2
2014-12-11,2492431,EL,2014,other,430,1180,ACF Fiorentina,Dinamo Minsk,1,2
2014-12-11,2492442,EL,2014,other,3057,234,Standard Liège,Feyenoord Rotterdam,0,3
2014-12-11,2492443,EL,2014,other,368,144,Sevilla FC,HNK Rijeka,1,0
2014-12-11,2492454,EL,2014,other,1082,82,LOSC Lille,VfL Wolfsburg,0,3
2014-12-11,2492455,EL,2014,other,29,16704,Everton FC,FK Krasnodar,0,1
2014-12-11,2492461,EL,2014,other,6414,498,Metalist Kharkiv (- 2016),KSC Lokeren (- 2020),0,1
2014-12-11,2492472,EL,2014,other,301,338,FCSB,Dynamo Kyiv,0,2
2014-12-11,2492473,EL,2014,other,2425,1053,Rio Ave FC,Aalborg BK,2,0
2014-12-11,2492490,EL,2014,other,452,197,BSC Young Boys,AC Sparta Prague,2,0
2014-12-11,2492491,EL,2014,other,6195,540,SSC Napoli,Slovan Bratislava,3,0
2014-12-12,2459721,NL1,2014,domestic_league,1304,1455,Heracles Almelo,FC Dordrecht,1,1
2014-12-12,2460757,L1,2014,domestic_league,533,24,TSG 1899 Hoffenheim,Eintracht Frankfurt,3,2
2014-12-12,2470042,TR1,2014,domestic_league,36,2381,Fenerbahce,Sivasspor,4,1
2014-12-12,2475328,ES1,2014,domestic_league,3302,418,UD Almería,Real Madrid,1,4
2014-12-12,2480122,PO1,2014,domestic_league,1085,2503,Vitória Setúbal FC,Boavista FC,0,1
2014-12-12,2482279,FR1,2014,domestic_league,1041,1162,Olympique Lyon,SM Caen,3,0
2014-12-12,2512775,BE1,2014,domestic_league,354,157,KV Mechelen,KAA Gent,0,0
2014-12-13,2459722,NL1,2014,domestic_league,132,306,NAC Breda,SC Heerenveen,0,2
2014-12-13,2459723,NL1,2014,domestic_league,1268,798,ADO Den Haag,Excelsior Rotterdam,2,2
2014-12-13,2459725,NL1,2014,domestic_league,1435,133,Go Ahead Eagles,SC Cambuur Leeuwarden,1,2
2014-12-13,2459729,NL1,2014,domestic_league,403,1269,Willem II Tilburg,PEC Zwolle,0,1
2014-12-13,2460752,L1,2014,domestic_league,33,3,FC Schalke 04,1.FC Köln,1,2
2014-12-13,2460755,L1,2014,domestic_league,39,79,1.FSV Mainz 05,VfB Stuttgart,1,1
2014-12-13,2460756,L1,2014,domestic_league,167,27,FC Augsburg,Bayern Munich,0,4
2014-12-13,2460758,L1,2014,domestic_league,44,16,Hertha BSC,Borussia Dortmund,1,0
2014-12-13,2460759,L1,2014,domestic_league,86,42,SV Werder Bremen,Hannover 96,3,3
2014-12-13,2460760,L1,2014,domestic_league,60,41,SC Freiburg,Hamburger SV,0,0
2014-12-13,2470039,TR1,2014,domestic_league,6890,20698,Basaksehir FK,Balikesirspor,1,0
2014-12-13,2470043,TR1,2014,domestic_league,2293,141,Konyaspor,Galatasaray,0,5
2014-12-13,2470044,TR1,2014,domestic_league,19771,820,Akhisarspor,Gençlerbirliği Spor Kulübü,1,1
2014-12-13,2470046,TR1,2014,domestic_league,10484,825,Kasimpasa,Eskisehirspor,1,0
2014-12-13,2475323,ES1,2014,domestic_league,993,3368,Córdoba CF,Levante UD,0,0
2014-12-13,2475324,ES1,2014,domestic_league,3709,131,Getafe CF,FC Barcelona,0,0
2014-12-13,2475326,ES1,2014,domestic_league,1049,367,Valencia CF,Rayo Vallecano,3,0
2014-12-13,2475329,ES1,2014,domestic_league,1084,940,Málaga CF,Celta de Vigo,1,0
2014-12-13,2478733,IT1,2014,domestic_league,398,800,Società Sportiva Lazio S.p.A.,Atalanta BC,3,0
2014-12-13,2478735,IT1,2014,domestic_league,458,6574,Palermo FC,US Sassuolo,2,1
2014-12-13,2480116,PO1,2014,domestic_league,68608,1075,CF Os Belenenses,SC Braga,0,1
2014-12-13,2480118,PO1,2014,domestic_league,3327,982,FC Penafiel,CD Nacional,2,1
2014-12-13,2480119,PO1,2014,domestic_league,2424,2990,Gil Vicente FC,Académica Coimbra,1,1
2014-12-13,2480120,PO1,2014,domestic_league,2995,8024,FC Paços de Ferreira,FC Arouca,2,1
2014-12-13,2482275,FR1,2014,domestic_league,595,273,SC Bastia,Stade Rennais FC,2,0
2014-12-13,2482278,FR1,2014,domestic_league,1158,347,FC Lorient,FC Metz,3,1
2014-12-13,2482281,FR1,2014,domestic_league,969,826,Montpellier HSC,RC Lens,3,3
2014-12-13,2482282,FR1,2014,domestic_league,995,40,FC Nantes,FC Girondins Bordeaux,2,1
2014-12-13,2482284,FR1,2014,domestic_league,1421,14171,Stade Reims,Thonon Évian Grand Genève FC,3,2
2014-12-13,2486619,GB1,2014,domestic_league,11,762,Arsenal FC,Newcastle United,4,1
2014-12-13,2486620,GB1,2014,domestic_league,1132,180,Burnley FC,Southampton FC,1,0
2014-12-13,2486621,GB1,2014,domestic_league,631,3008,Chelsea FC,Hull City,2,0
2014-12-13,2486622,GB1,2014,domestic_league,873,512,Crystal Palace,Stoke City,1,1
2014-12-13,2486624,GB1,2014,domestic_league,1003,281,Leicester City,Manchester City,0,1
2014-12-13,2486626,GB1,2014,domestic_league,289,379,Sunderland AFC,West Ham United,1,1
2014-12-13,2486628,GB1,2014,domestic_league,984,405,West Bromwich Albion,Aston Villa,1,0
2014-12-13,2494422,GR1,2014,domestic_league,28956,6418,AEL Kalloni,Panetolikos Agrinio,0,0
2014-12-13,2494425,GR1,2014,domestic_league,2672,683,APO Levadiakos Football Club,Olympiakos Syndesmos Filathlon Peiraios,1,2
2014-12-13,2494430,GR1,2014,domestic_league,21957,5572,AO Platanias,Niki Volou,3,1
2014-12-13,2505044,SC1,2014,domestic_league,1519,370,Dundee United FC,Aberdeen FC,0,2
2014-12-13,2505045,SC1,2014,domestic_league,2999,511,Hamilton Academical FC,Dundee FC,2,1
2014-12-13,2505046,SC1,2014,domestic_league,2451,2760,Inverness Caledonian Thistle FC,Partick Thistle FC,0,4
2014-12-13,2505047,SC1,2014,domestic_league,2553,2578,Kilmarnock FC,St. Johnstone FC,0,1
2014-12-13,2505048,SC1,2014,domestic_league,987,2759,Motherwell FC,Ross County FC,2,2
2014-12-13,2511581,KLUB,2014,,3711,36100,CD Cruz Azul,Western Sydney Wanderers,3,1
2014-12-13,2512776,BE1,2014,domestic_league,1184,601,KRC Genk,KV Kortrijk,3,0
2014-12-13,2512777,BE1,2014,domestic_league,204,968,Lierse SK (- 2018),KVC Westerlo,3,3
2014-12-13,2512778,BE1,2014,domestic_league,28643,172,SK Beveren,Royal Charleroi Sporting Club,1,3
2014-12-13,2512779,BE1,2014,domestic_league,520,29228,Cercle Brugge,Royal Excel Mouscron (-2022),2,1
2014-12-13,2517223,KLUB,2014,,18272,11391,ES Sétif,Auckland City FC,0,1
2014-12-14,2459724,NL1,2014,domestic_league,234,1090,Feyenoord Rotterdam,AZ Alkmaar,2,2
2014-12-14,2459726,NL1,2014,domestic_league,610,200,Ajax Amsterdam,FC Utrecht,3,1
2014-12-14,2459727,NL1,2014,domestic_league,383,317,PSV Eindhoven,FC Twente Enschede,2,0
2014-12-14,2459728,NL1,2014,domestic_league,202,499,FC Groningen,Vitesse Arnhem,1,1
2014-12-14,2460753,L1,2014,domestic_league,15,18,Bayer 04 Leverkusen,Borussia Mönchengladbach,1,1
2014-12-14,2460754,L1,2014,domestic_league,82,127,VfL Wolfsburg,SC Paderborn 07,1,1
2014-12-14,2470041,TR1,2014,domestic_league,1506,20,Kardemir Karabükspor,Bursaspor,3,2
2014-12-14,2470045,TR1,2014,domestic_league,524,114,Gaziantepspor (- 2020),Beşiktaş Jimnastik Kulübü,0,1
2014-12-14,2470047,TR1,2014,domestic_league,3216,6894,Mersin Talimyurdu SK,Kayseri Erciyesspor,1,1
2014-12-14,2475321,ES1,2014,domestic_league,13,1050,Atlético de Madrid,Villarreal CF,0,1
2014-12-14,2475322,ES1,2014,domestic_league,681,621,Real Sociedad,Athletic Bilbao,1,1
2014-12-14,2475325,ES1,2014,domestic_league,714,16795,RCD Espanyol Barcelona,Granada CF,2,1
2014-12-14,2475327,ES1,2014,domestic_league,368,1533,Sevilla FC,SD Eibar,0,0
2014-12-14,2478728,IT1,2014,domestic_league,1429,430,Cesena FC,ACF Fiorentina,1,4
2014-12-14,2478731,IT1,2014,domestic_league,252,12,Genoa CFC,Associazione Sportiva Roma,0,1
2014-12-14,2478732,IT1,2014,domestic_league,506,1038,Juventus FC,UC Sampdoria,1,1
2014-12-14,2478734,IT1,2014,domestic_league,5,6195,AC Milan,SSC Napoli,2,0
2014-12-14,2478736,IT1,2014,domestic_league,130,1390,Parma Calcio 1913,Cagliari Calcio,0,0
2014-12-14,2478737,IT1,2014,domestic_league,410,276,Udinese Calcio,Hellas Verona,1,2
2014-12-14,2480117,PO1,2014,domestic_league,2420,2425,Vitória Guimarães SC,Rio Ave FC,0,0
2014-12-14,2480121,PO1,2014,domestic_league,720,294,FC Porto,SL Benfica,0,2
2014-12-14,2480123,PO1,2014,domestic_league,1301,1465,CS Marítimo,GD Estoril Praia,0,0
2014-12-14,2480124,PO1,2014,domestic_league,336,979,Sporting CP,Moreirense FC,1,1
2014-12-14,2482276,FR1,2014,domestic_league,855,583,EA Guingamp,Paris Saint-Germain,1,0
2014-12-14,2482277,FR1,2014,domestic_league,1082,415,LOSC Lille,FC Toulouse,3,0
2014-12-14,2482280,FR1,2014,domestic_league,162,244,AS Monaco,Olympique Marseille,1,0
2014-12-14,2482283,FR1,2014,domestic_league,417,618,OGC Nice,AS Saint-Étienne,0,0
2014-12-14,2486625,GB1,2014,domestic_league,985,31,Manchester United,Liverpool FC,3,0
2014-12-14,2486627,GB1,2014,domestic_league,2288,148,Swansea City,Tottenham Hotspur,1,2
2014-12-14,2494423,GR1,2014,domestic_league,6676,2079,A.G.S Asteras Tripolis,Veria NPS,2,0
2014-12-14,2494424,GR1,2014,domestic_league,5220,128,GS Ergotelis,AO Xanthi,0,2
2014-12-14,2494426,GR1,2014,domestic_league,1091,5219,Panthessalonikios Athlitikos Omilos Konstantinoupoliton,AOK Kerkyra,2,1
2014-12-14,2494427,GR1,2014,domestic_league,265,7185,Panathinaikos Athlitikos Omilos,Panthrakikos Komotini,4,0
2014-12-14,2494428,GR1,2014,domestic_league,169,653,Panionios Athens,Omilos Filathlon Irakliou FC,2,0
2014-12-14,2494429,GR1,2014,domestic_league,2671,3060,PAS Giannina,APS Atromitos Athinon,1,0
2014-12-14,2505049,SC1,2014,domestic_league,371,465,Celtic FC,St. Mirren FC,4,1
2014-12-14,2512780,BE1,2014,domestic_league,3057,2282,Standard Liège,Club Brugge KV,1,3
2014-12-14,2512781,BE1,2014,domestic_league,58,2861,RSC Anderlecht,KV Oostende,3,0
2014-12-14,2512782,BE1,2014,domestic_league,3508,498,Zulte Waregem,KSC Lokeren (- 2020),1,0
2014-12-15,2470040,TR1,2014,domestic_league,449,126,Trabzonspor,Caykur Rizespor,3,2
2014-12-15,2475320,ES1,2014,domestic_league,897,1531,Deportivo de La Coruña,Elche CF,1,0
2014-12-15,2478729,IT1,2014,domestic_league,862,46,Chievo Verona,Inter Milan,0,2
2014-12-15,2478730,IT1,2014,domestic_league,749,416,FC Empoli,Torino FC,0,0
2014-12-15,2486623,GB1,2014,domestic_league,29,1039,Everton FC,Queens Park Rangers,3,1
2014-12-16,2460761,L1,2014,domestic_league,27,60,Bayern Munich,SC Freiburg,2,0
2014-12-16,2460765,L1,2014,domestic_league,42,167,Hannover 96,FC Augsburg,2,0
2014-12-16,2460767,L1,2014,domestic_league,41,79,Hamburger SV,VfB Stuttgart,0,1
2014-12-16,2460768,L1,2014,domestic_league,3,39,1.FC Köln,1.FSV Mainz 05,0,0
2014-12-16,2505196,CDR,2014,domestic_cup,1049,367,Valencia CF,Rayo Vallecano,4,4
2014-12-16,2505198,CDR,2014,domestic_cup,3302,150,UD Almería,Real Betis Balompié,2,1
2014-12-16,2505199,CDR,2014,domestic_cup,940,472,Celta de Vigo,UD Las Palmas,3,1
2014-12-16,2505205,CDR,2014,domestic_cup,131,5358,FC Barcelona,SD Huesca,8,1
2014-12-16,2509859,NLP,2014,domestic_cup,1426,1269,VVV-Venlo,PEC Zwolle,0,1
2014-12-16,2509860,NLP,2014,domestic_cup,1304,133,Heracles Almelo,SC Cambuur Leeuwarden,0,3
2014-12-16,2516539,FAC,2014,domestic_cup,1074,988,Tranmere Rovers,Oxford United,2,1
2014-12-16,2516540,FAC,2014,domestic_cup,1031,2413,Luton Town,Bury FC,1,0
2014-12-16,2516542,FAC,2014,domestic_cup,972,3688,Yeovil Town,Accrington Stanley,2,0
2014-12-16,2516543,FAC,2014,domestic_cup,31367,349,Chester FC,Barnsley FC,0,3
2014-12-16,2516544,FAC,2014,domestic_cup,3820,986,Mansfield Town,Cambridge United,0,1
2014-12-16,2516545,FAC,2014,domestic_cup,1088,3717,Rochdale AFC,Aldershot Town,4,1
2014-12-16,2517431,KLUB,2014,,3711,418,CD Cruz Azul,Real Madrid,0,4
2014-12-17,2459711,NL1,2014,domestic_league,383,234,PSV Eindhoven,Feyenoord Rotterdam,4,3
2014-12-17,2460762,L1,2014,domestic_league,16,82,Borussia Dortmund,VfL Wolfsburg,2,2
2014-12-17,2460763,L1,2014,domestic_league,18,86,Borussia Mönchengladbach,SV Werder Bremen,4,1
2014-12-17,2460764,L1,2014,domestic_league,533,15,TSG 1899 Hoffenheim,Bayer 04 Leverkusen,0,1
2014-12-17,2460766,L1,2014,domestic_league,24,44,Eintracht Frankfurt,Hertha BSC,4,4
2014-12-17,2460769,L1,2014,domestic_league,127,33,SC Paderborn 07,FC Schalke 04,1,2
2014-12-17,2494432,GR1,2014,domestic_league,5219,5220,AOK Kerkyra,GS Ergotelis,3,1
2014-12-17,2494433,GR1,2014,domestic_league,3060,2672,APS Atromitos Athinon,APO Levadiakos Football Club,1,0
2014-12-17,2494434,GR1,2014,domestic_league,2079,5572,Veria NPS,Niki Volou,2,0
2014-12-17,2494435,GR1,2014,domestic_league,653,28956,Omilos Filathlon Irakliou FC,AEL Kalloni,1,1
2014-12-17,2494436,GR1,2014,domestic_league,683,169,Olympiakos Syndesmos Filathlon Peiraios,Panionios Athens,2,0
2014-12-17,2494437,GR1,2014,domestic_league,6418,21957,Panetolikos Agrinio,AO Platanias,1,0
2014-12-17,2494438,GR1,2014,domestic_league,7185,6676,Panthrakikos Komotini,A.G.S Asteras Tripolis,1,1
2014-12-17,2505194,CDR,2014,domestic_cup,993,16795,Córdoba CF,Granada CF,1,1
2014-12-17,2505195,CDR,2014,domestic_cup,1533,3709,SD Eibar,Getafe CF,1,2
2014-12-17,2505197,CDR,2014,domestic_cup,714,1108,RCD Espanyol Barcelona,Deportivo Alavés,1,0
2014-12-17,2505200,CDR,2014,domestic_cup,681,2497,Real Sociedad,Real Oviedo,2,0
2014-12-17,2505201,CDR,2014,domestic_cup,1050,2687,Villarreal CF,Cádiz CF,3,0
2014-12-17,2505206,CDR,2014,domestic_cup,3368,1532,Levante UD,Albacete Balompié,0,0
2014-12-17,2509861,NLP,2014,domestic_cup,642,317,De Graafschap Doetinchem,FC Twente Enschede,2,4
2014-12-17,2509862,NLP,2014,domestic_cup,1090,467,AZ Alkmaar,NEC Nijmegen,2,1
2014-12-17,2509863,NLP,2014,domestic_cup,202,724,FC Groningen,FC Volendam,3,0
2014-12-17,2516541,FAC,2014,domestic_cup,5548,2964,Worcester City,Scunthorpe United,14,15
2014-12-17,2517432,KLUB,2014,,1775,11391,Club Atlético San Lorenzo de Almagro,Auckland City FC,2,1
2014-12-17,2518319,KLUB,2014,,18272,36100,ES Sétif,Western Sydney Wanderers,7,6
2014-12-18,2478739,IT1,2014,domestic_league,1390,506,Cagliari Calcio,Juventus FC,1,3
2014-12-18,2478743,IT1,2014,domestic_league,6195,130,SSC Napoli,Parma Calcio 1913,2,0
2014-12-18,2494431,GR1,2014,domestic_league,128,265,AO Xanthi,Panathinaikos Athlitikos Omilos,4,2
2014-12-18,2494439,GR1,2014,domestic_league,2671,1091,PAS Giannina,Panthessalonikios Athlitikos Omilos Konstantinoupoliton,3,0
2014-12-18,2505193,CDR,2014,domestic_cup,1084,897,Málaga CF,Deportivo de La Coruña,4,1
2014-12-18,2505202,CDR,2014,domestic_cup,621,11259,Athletic Bilbao,CD Alcoyano,1,0
2014-12-18,2505203,CDR,2014,domestic_cup,13,9477,Atlético de Madrid,CE L'Hospitalet,2,2
2014-12-18,2505207,CDR,2014,domestic_cup,1531,366,Elche CF,Real Valladolid CF,1,0
2014-12-18,2509865,NLP,2014,domestic_cup,798,132,Excelsior Rotterdam,NAC Breda,6,0
2014-12-18,2509866,NLP,2014,domestic_cup,610,499,Ajax Amsterdam,Vitesse Arnhem,0,4
2014-12-19,2459730,NL1,2014,domestic_league,306,1268,SC Heerenveen,ADO Den Haag,0,0
2014-12-19,2460773,L1,2014,domestic_league,39,27,1.FSV Mainz 05,Bayern Munich,1,2
2014-12-19,2470048,TR1,2014,domestic_league,6894,36,Kayseri Erciyesspor,Fenerbahce,0,1
2014-12-19,2475339,ES1,2014,domestic_league,940,3302,Celta de Vigo,UD Almería,0,1
2014-12-19,2480139,PO1,2014,domestic_league,720,1085,FC Porto,Vitória Setúbal FC,4,0
2014-12-19,2482287,FR1,2014,domestic_league,826,417,RC Lens,OGC Nice,2,0
2014-12-20,2459731,NL1,2014,domestic_league,133,1269,SC Cambuur Leeuwarden,PEC Zwolle,2,1
2014-12-20,2459732,NL1,2014,domestic_league,1455,202,FC Dordrecht,FC Groningen,1,1
2014-12-20,2459733,NL1,2014,domestic_league,383,1435,PSV Eindhoven,Go Ahead Eagles,5,0
2014-12-20,2459734,NL1,2014,domestic_league,1090,200,AZ Alkmaar,FC Utrecht,0,3
2014-12-20,2460770,L1,2014,domestic_league,33,41,FC Schalke 04,Hamburger SV,0,0
2014-12-20,2460771,L1,2014,domestic_league,15,24,Bayer 04 Leverkusen,Eintracht Frankfurt,1,1
2014-12-20,2460772,L1,2014,domestic_league,82,3,VfL Wolfsburg,1.FC Köln,2,1
2014-12-20,2460774,L1,2014,domestic_league,167,18,FC Augsburg,Borussia Mönchengladbach,2,1
2014-12-20,2460776,L1,2014,domestic_league,86,16,SV Werder Bremen,Borussia Dortmund,2,1
2014-12-20,2460778,L1,2014,domestic_league,79,127,VfB Stuttgart,SC Paderborn 07,0,0
2014-12-20,2470049,TR1,2014,domestic_league,2381,6890,Sivasspor,Basaksehir FK,0,2
2014-12-20,2470050,TR1,2014,domestic_league,820,2293,Gençlerbirliği Spor Kulübü,Konyaspor,5,0
2014-12-20,2470052,TR1,2014,domestic_league,141,3216,Galatasaray,Mersin Talimyurdu SK,3,2
2014-12-20,2470054,TR1,2014,domestic_league,825,1506,Eskisehirspor,Kardemir Karabükspor,1,1
2014-12-20,2475333,ES1,2014,domestic_league,3368,681,Levante UD,Real Sociedad,1,1
2014-12-20,2475334,ES1,2014,domestic_league,131,993,FC Barcelona,Córdoba CF,5,0
2014-12-20,2475336,ES1,2014,domestic_league,367,714,Rayo Vallecano,RCD Espanyol Barcelona,1,3
2014-12-20,2475337,ES1,2014,domestic_league,1533,1049,SD Eibar,Valencia CF,0,1
2014-12-20,2478744,IT1,2014,domestic_league,12,5,Associazione Sportiva Roma,AC Milan,0,0
2014-12-20,2478746,IT1,2014,domestic_league,6574,1429,US Sassuolo,Cesena FC,1,1
2014-12-20,2480137,PO1,2014,domestic_league,1465,2420,GD Estoril Praia,Vitória Guimarães SC,1,0
2014-12-20,2482286,FR1,2014,domestic_league,1162,595,SM Caen,SC Bastia,1,1
2014-12-20,2482288,FR1,2014,domestic_league,1158,995,FC Lorient,FC Nantes,1,2
2014-12-20,2482290,FR1,2014,domestic_league,347,162,FC Metz,AS Monaco,0,1
2014-12-20,2482291,FR1,2014,domestic_league,583,969,Paris Saint-Germain,Montpellier HSC,0,0
2014-12-20,2482292,FR1,2014,domestic_league,273,1421,Stade Rennais FC,Stade Reims,1,3
2014-12-20,2482294,FR1,2014,domestic_league,415,855,FC Toulouse,EA Guingamp,1,1
2014-12-20,2486629,GB1,2014,domestic_league,405,985,Aston Villa,Manchester United,1,1
2014-12-20,2486630,GB1,2014,domestic_league,3008,2288,Hull City,Swansea City,0,1
2014-12-20,2486632,GB1,2014,domestic_league,281,873,Manchester City,Crystal Palace,3,0
2014-12-20,2486634,GB1,2014,domestic_league,1039,984,Queens Park Rangers,West Bromwich Albion,3,2
2014-12-20,2486635,GB1,2014,domestic_league,180,29,Southampton FC,Everton FC,3,0
2014-12-20,2486637,GB1,2014,domestic_league,148,1132,Tottenham Hotspur,Burnley FC,2,1
2014-12-20,2486638,GB1,2014,domestic_league,379,1003,West Ham United,Leicester City,2,0
2014-12-20,2494440,GR1,2014,domestic_league,28956,683,AEL Kalloni,Olympiakos Syndesmos Filathlon Peiraios,0,5
2014-12-20,2494446,GR1,2014,domestic_league,7185,2079,Panthrakikos Komotini,Veria NPS,1,1
2014-12-20,2494448,GR1,2014,domestic_league,21957,653,AO Platanias,Omilos Filathlon Irakliou FC,1,0
2014-12-20,2505050,SC1,2014,domestic_league,370,2553,Aberdeen FC,Kilmarnock FC,1,0
2014-12-20,2505052,SC1,2014,domestic_league,2760,511,Partick Thistle FC,Dundee FC,1,1
2014-12-20,2505053,SC1,2014,domestic_league,2759,2999,Ross County FC,Hamilton Academical FC,0,1
2014-12-20,2505054,SC1,2014,domestic_league,2578,2451,St. Johnstone FC,Inverness Caledonian Thistle FC,1,0
2014-12-20,2505055,SC1,2014,domestic_league,465,987,St. Mirren FC,Motherwell FC,0,1
2014-12-20,2512783,BE1,2014,domestic_league,28643,58,SK Beveren,RSC Anderlecht,0,2
2014-12-20,2512784,BE1,2014,domestic_league,2861,520,KV Oostende,Cercle Brugge,2,0
2014-12-20,2512785,BE1,2014,domestic_league,172,204,Royal Charleroi Sporting Club,Lierse SK (- 2018),6,0
2014-12-20,2512786,BE1,2014,domestic_league,968,354,KVC Westerlo,KV Mechelen,1,1
2014-12-20,2512787,BE1,2014,domestic_league,29228,3508,Royal Excel Mouscron (-2022),Zulte Waregem,0,1
2014-12-20,2518506,KLUB,2014,,3711,11391,CD Cruz Azul,Auckland City FC,3,5
2014-12-20,2518507,KLUB,2014,,418,1775,Real Madrid,Club Atlético San Lorenzo de Almagro,2,0
2014-12-21,2459735,NL1,2014,domestic_league,499,1304,Vitesse Arnhem,Heracles Almelo,3,0
2014-12-21,2459736,NL1,2014,domestic_league,132,234,NAC Breda,Feyenoord Rotterdam,0,1
2014-12-21,2459737,NL1,2014,domestic_league,798,610,Excelsior Rotterdam,Ajax Amsterdam,0,2
2014-12-21,2459738,NL1,2014,domestic_league,317,403,FC Twente Enschede,Willem II Tilburg,3,2
2014-12-21,2460775,L1,2014,domestic_league,44,533,Hertha BSC,TSG 1899 Hoffenheim,0,5
2014-12-21,2460777,L1,2014,domestic_league,60,42,SC Freiburg,Hannover 96,2,2
2014-12-21,2470051,TR1,2014,domestic_league,114,19771,Beşiktaş Jimnastik Kulübü,Akhisarspor,3,1
2014-12-21,2470053,TR1,2014,domestic_league,20698,10484,Balikesirspor,Kasimpasa,5,3
2014-12-21,2470055,TR1,2014,domestic_league,20,449,Bursaspor,Trabzonspor,3,3
2014-12-21,2475330,ES1,2014,domestic_league,1531,1084,Elche CF,Málaga CF,1,2
2014-12-21,2475331,ES1,2014,domestic_league,1050,897,Villarreal CF,Deportivo de La Coruña,3,0
2014-12-21,2475332,ES1,2014,domestic_league,621,13,Athletic Bilbao,Atlético de Madrid,1,4
2014-12-21,2475335,ES1,2014,domestic_league,16795,3709,Granada CF,Getafe CF,1,1
2014-12-21,2478738,IT1,2014,domestic_league,800,458,Atalanta BC,Palermo FC,3,3
2014-12-21,2478740,IT1,2014,domestic_league,430,749,ACF Fiorentina,FC Empoli,1,1
2014-12-21,2478741,IT1,2014,domestic_league,276,862,Hellas Verona,Chievo Verona,0,1
2014-12-21,2478742,IT1,2014,domestic_league,46,398,Inter Milan,Società Sportiva Lazio S.p.A.,2,2
2014-12-21,2478745,IT1,2014,domestic_league,1038,410,UC Sampdoria,Udinese Calcio,2,2
2014-12-21,2478747,IT1,2014,domestic_league,416,252,Torino FC,Genoa CFC,2,1
2014-12-21,2480133,PO1,2014,domestic_league,2990,3327,Académica Coimbra,FC Penafiel,1,1
2014-12-21,2480134,PO1,2014,domestic_league,8024,1301,FC Arouca,CS Marítimo,1,0
2014-12-21,2480135,PO1,2014,domestic_league,294,2424,SL Benfica,Gil Vicente FC,1,0
2014-12-21,2480138,PO1,2014,domestic_league,982,336,CD Nacional,Sporting CP,0,1
2014-12-21,2480141,PO1,2014,domestic_league,979,2503,Moreirense FC,Boavista FC,1,0
2014-12-21,2482285,FR1,2014,domestic_league,40,1041,FC Girondins Bordeaux,Olympique Lyon,0,5
2014-12-21,2482289,FR1,2014,domestic_league,244,1082,Olympique Marseille,LOSC Lille,2,1
2014-12-21,2482293,FR1,2014,domestic_league,618,14171,AS Saint-Étienne,Thonon Évian Grand Genève FC,3,0
2014-12-21,2486631,GB1,2014,domestic_league,31,11,Liverpool FC,Arsenal FC,2,2
2014-12-21,2486633,GB1,2014,domestic_league,762,289,Newcastle United,Sunderland AFC,0,1
2014-12-21,2494441,GR1,2014,domestic_league,6676,128,A.G.S Asteras Tripolis,AO Xanthi,2,1
2014-12-21,2494442,GR1,2014,domestic_league,5220,2671,GS Ergotelis,PAS Giannina,1,0
2014-12-21,2494443,GR1,2014,domestic_league,2672,1091,APO Levadiakos Football Club,Panthessalonikios Athlitikos Omilos Konstantinoupoliton,1,2
2014-12-21,2494444,GR1,2014,domestic_league,5572,6418,Niki Volou,Panetolikos Agrinio,0,3
2014-12-21,2494447,GR1,2014,domestic_league,169,3060,Panionios Athens,APS Atromitos Athinon,2,2
2014-12-21,2505051,SC1,2014,domestic_league,1519,371,Dundee United FC,Celtic FC,2,1
2014-12-21,2512788,BE1,2014,domestic_league,157,3057,KAA Gent,Standard Liège,1,2
2014-12-21,2512789,BE1,2014,domestic_league,2282,1184,Club Brugge KV,KRC Genk,4,1
2014-12-21,2512790,BE1,2014,domestic_league,498,601,KSC Lokeren (- 2020),KV Kortrijk,1,2
2014-12-22,2470056,TR1,2014,domestic_league,126,524,Caykur Rizespor,Gaziantepspor (- 2020),0,1
2014-12-22,2480136,PO1,2014,domestic_league,1075,2995,SC Braga,FC Paços de Ferreira,3,0
2014-12-22,2480140,PO1,2014,domestic_league,2425,68608,Rio Ave FC,CF Os Belenenses,0,0
2014-12-22,2484243,SCI,2014,other,506,6195,Juventus FC,SSC Napoli,7,8
2014-12-22,2486636,GB1,2014,domestic_league,512,631,Stoke City,Chelsea FC,0,2
2014-12-22,2494445,GR1,2014,domestic_league,265,5219,Panathinaikos Athlitikos Omilos,AOK Kerkyra,2,0
2014-12-26,2470065,TR1,2014,domestic_league,820,141,Gençlerbirliği Spor Kulübü,Galatasaray,1,1
2014-12-26,2486639,GB1,2014,domestic_league,11,1039,Arsenal FC,Queens Park Rangers,2,1
2014-12-26,2486640,GB1,2014,domestic_league,1132,31,Burnley FC,Liverpool FC,0,1
2014-12-26,2486641,GB1,2014,domestic_league,631,379,Chelsea FC,West Ham United,2,0
2014-12-26,2486642,GB1,2014,domestic_league,873,180,Crystal Palace,Southampton FC,1,3
2014-12-26,2486643,GB1,2014,domestic_league,29,512,Everton FC,Stoke City,0,1
2014-12-26,2486644,GB1,2014,domestic_league,1003,148,Leicester City,Tottenham Hotspur,1,2
2014-12-26,2486645,GB1,2014,domestic_league,985,762,Manchester United,Newcastle United,3,1
2014-12-26,2486646,GB1,2014,domestic_league,289,3008,Sunderland AFC,Hull City,1,3
2014-12-26,2486647,GB1,2014,domestic_league,2288,405,Swansea City,Aston Villa,1,0
2014-12-26,2486648,GB1,2014,domestic_league,984,281,West Bromwich Albion,Manchester City,1,3
2014-12-26,2512839,BE1,2014,domestic_league,3508,172,Zulte Waregem,Royal Charleroi Sporting Club,1,3
2014-12-26,2512840,BE1,2014,domestic_league,601,157,KV Kortrijk,KAA Gent,2,3
2014-12-26,2512841,BE1,2014,domestic_league,354,29228,KV Mechelen,Royal Excel Mouscron (-2022),1,0
2014-12-26,2512842,BE1,2014,domestic_league,204,2282,Lierse SK (- 2018),Club Brugge KV,0,6
2014-12-26,2512843,BE1,2014,domestic_league,58,968,RSC Anderlecht,KVC Westerlo,4,0
2014-12-27,2470057,TR1,2014,domestic_league,6890,6894,Basaksehir FK,Kayseri Erciyesspor,3,1
2014-12-27,2470059,TR1,2014,domestic_league,1506,20698,Kardemir Karabükspor,Balikesirspor,0,1
2014-12-27,2470060,TR1,2014,domestic_league,36,3216,Fenerbahce,Mersin Talimyurdu SK,1,0
2014-12-27,2505056,SC1,2014,domestic_league,371,2759,Celtic FC,Ross County FC,0,0
2014-12-27,2505057,SC1,2014,domestic_league,511,465,Dundee FC,St. Mirren FC,1,3
2014-12-27,2505059,SC1,2014,domestic_league,2553,2999,Kilmarnock FC,Hamilton Academical FC,1,0
2014-12-27,2505060,SC1,2014,domestic_league,987,2760,Motherwell FC,Partick Thistle FC,1,0
2014-12-27,2505061,SC1,2014,domestic_league,2578,1519,St. Johnstone FC,Dundee United FC,2,1
2014-12-27,2512845,BE1,2014,domestic_league,3057,498,Standard Liège,KSC Lokeren (- 2020),2,0
2014-12-27,2512846,BE1,2014,domestic_league,520,28643,Cercle Brugge,SK Beveren,1,0
2014-12-28,2470058,TR1,2014,domestic_league,19771,126,Akhisarspor,Caykur Rizespor,0,4
2014-12-28,2470061,TR1,2014,domestic_league,2293,114,Konyaspor,Beşiktaş Jimnastik Kulübü,1,2
2014-12-28,2470062,TR1,2014,domestic_league,524,20,Gaziantepspor (- 2020),Bursaspor,1,2
2014-12-28,2470064,TR1,2014,domestic_league,10484,2381,Kasimpasa,Sivasspor,0,0
2014-12-28,2486649,GB1,2014,domestic_league,405,289,Aston Villa,Sunderland AFC,0,0
2014-12-28,2486650,GB1,2014,domestic_league,3008,1003,Hull City,Leicester City,0,1
2014-12-28,2486652,GB1,2014,domestic_league,281,1132,Manchester City,Burnley FC,2,2
2014-12-28,2486653,GB1,2014,domestic_league,762,29,Newcastle United,Everton FC,3,2
2014-12-28,2486654,GB1,2014,domestic_league,1039,873,Queens Park Rangers,Crystal Palace,0,0
2014-12-28,2486655,GB1,2014,domestic_league,180,631,Southampton FC,Chelsea FC,1,1
2014-12-28,2486656,GB1,2014,domestic_league,512,984,Stoke City,West Bromwich Albion,2,0
2014-12-28,2486657,GB1,2014,domestic_league,148,985,Tottenham Hotspur,Manchester United,0,0
2014-12-28,2486658,GB1,2014,domestic_league,379,11,West Ham United,Arsenal FC,1,2
2014-12-28,2505058,SC1,2014,domestic_league,2451,370,Inverness Caledonian Thistle FC,Aberdeen FC,0,1
2014-12-28,2524739,POCP,2014,,979,8024,Moreirense FC,FC Arouca,2,0
2014-12-28,2524744,POCP,2014,,1465,1301,GD Estoril Praia,CS Marítimo,1,1
2014-12-28,2524745,POCP,2014,,10140,2424,SC Covilhã,Gil Vicente FC,2,1
2014-12-28,2524750,POCP,2014,,2503,68608,Boavista FC,CF Os Belenenses,0,0
2014-12-28,2524761,POCP,2014,,976,1075,CF União Madeira (-2021),SC Braga,2,1
2014-12-29,2470063,TR1,2014,domestic_league,449,825,Trabzonspor,Eskisehirspor,1,4
2014-12-29,2486651,GB1,2014,domestic_league,31,2288,Liverpool FC,Swansea City,4,1
2014-12-29,2524751,POCP,2014,,2420,336,Vitória Guimarães SC,Sporting CP,0,2
2014-12-30,2524738,POCP,2014,,294,982,SL Benfica,CD Nacional,1,0
2014-12-30,2524760,POCP,2014,,2425,720,Rio Ave FC,FC Porto,0,1
2015-01-01,2486659,GB1,2014,domestic_league,405,873,Aston Villa,Crystal Palace,0,0
2015-01-01,2486660,GB1,2014,domestic_league,3008,29,Hull City,Everton FC,2,0
2015-01-01,2486661,GB1,2014,domestic_league,31,1003,Liverpool FC,Leicester City,2,2
2015-01-01,2486662,GB1,2014,domestic_league,281,289,Manchester City,Sunderland AFC,3,2
2015-01-01,2486663,GB1,2014,domestic_league,762,1132,Newcastle United,Burnley FC,3,3
2015-01-01,2486664,GB1,2014,domestic_league,1039,2288,Queens Park Rangers,Swansea City,1,1
2015-01-01,2486665,GB1,2014,domestic_league,180,11,Southampton FC,Arsenal FC,2,0
2015-01-01,2486666,GB1,2014,domestic_league,512,985,Stoke City,Manchester United,1,1
2015-01-01,2486667,GB1,2014,domestic_league,148,631,Tottenham Hotspur,Chelsea FC,5,3
2015-01-01,2486668,GB1,2014,domestic_league,379,984,West Ham United,West Bromwich Albion,1,1
2015-01-01,2505062,SC1,2014,domestic_league,370,2578,Aberdeen FC,St. Johnstone FC,2,0
2015-01-01,2505063,SC1,2014,domestic_league,1519,511,Dundee United FC,Dundee FC,6,2
2015-01-01,2505064,SC1,2014,domestic_league,2999,987,Hamilton Academical FC,Motherwell FC,5,0
2015-01-01,2505066,SC1,2014,domestic_league,2759,2451,Ross County FC,Inverness Caledonian Thistle FC,1,3
2015-01-01,2505067,SC1,2014,domestic_league,465,2553,St. Mirren FC,Kilmarnock FC,1,2
2015-01-02,2480145,PO1,2014,domestic_league,68608,2990,CF Os Belenenses,Académica Coimbra,0,0
2015-01-02,2517331,FAC,2014,domestic_cup,603,1060,Cardiff City,Colchester United,3,1
2015-01-02,2523847,FAC,2014,domestic_cup,991,1219,Milton Keynes Dons,Chesterfield FC,0,1
2015-01-03,2470067,TR1,2014,domestic_league,20,19771,Bursaspor,Akhisarspor,3,1
2015-01-03,2470070,TR1,2014,domestic_league,36,6890,Fenerbahce,Basaksehir FK,2,0
2015-01-03,2470074,TR1,2014,domestic_league,126,2293,Caykur Rizespor,Konyaspor,1,1
2015-01-03,2475340,ES1,2014,domestic_league,1531,1050,Elche CF,Villarreal CF,2,2
2015-01-03,2475341,ES1,2014,domestic_league,897,621,Deportivo de La Coruña,Athletic Bilbao,1,0
2015-01-03,2475342,ES1,2014,domestic_league,13,3368,Atlético de Madrid,Levante UD,3,1
2015-01-03,2475348,ES1,2014,domestic_league,368,940,Sevilla FC,Celta de Vigo,1,0
2015-01-03,2475349,ES1,2014,domestic_league,1084,3302,Málaga CF,UD Almería,1,2
2015-01-03,2480142,PO1,2014,domestic_league,2995,2425,FC Paços de Ferreira,Rio Ave FC,1,2
2015-01-03,2480143,PO1,2014,domestic_league,2424,720,Gil Vicente FC,FC Porto,1,5
2015-01-03,2480148,PO1,2014,domestic_league,1301,1075,CS Marítimo,SC Braga,2,1
2015-01-03,2480149,PO1,2014,domestic_league,336,1465,Sporting CP,GD Estoril Praia,3,0
2015-01-03,2494450,GR1,2014,domestic_league,5219,6676,AOK Kerkyra,A.G.S Asteras Tripolis,1,0
2015-01-03,2494452,GR1,2014,domestic_league,2079,6418,Veria NPS,Panetolikos Agrinio,1,3
2015-01-03,2494454,GR1,2014,domestic_league,653,5572,Omilos Filathlon Irakliou FC,Niki Volou,3,0
2015-01-03,2494456,GR1,2014,domestic_league,1091,169,Panthessalonikios Athlitikos Omilos Konstantinoupoliton,Panionios Athens,3,2
2015-01-03,2517323,FAC,2014,domestic_cup,358,164,Charlton Athletic,Blackburn Rovers,1,2
2015-01-03,2517327,FAC,2014,domestic_cup,984,3456,West Bromwich Albion,Gateshead FC,7,0
2015-01-03,2517328,FAC,2014,domestic_cup,4310,337,Blyth Spartans,Birmingham City,2,3
2015-01-03,2517329,FAC,2014,domestic_cup,1194,989,Rotherham United,AFC Bournemouth,1,5
2015-01-03,2517330,FAC,2014,domestic_cup,1110,1032,Huddersfield Town,Reading FC,0,1
2015-01-03,2517332,FAC,2014,domestic_cup,355,1071,Bolton Wanderers,Wigan Athletic,1,0
2015-01-03,2517335,FAC,2014,domestic_cup,1028,1027,Millwall FC,Bradford City,3,3
2015-01-03,2517336,FAC,2014,domestic_cup,22,9829,Derby County,Southport FC,1,0
2015-01-03,2517337,FAC,2014,domestic_cup,931,543,Fulham FC,Wolverhampton Wanderers,0,0
2015-01-03,2517338,FAC,2014,domestic_cup,1003,762,Leicester City,Newcastle United,1,0
2015-01-03,2517341,FAC,2014,domestic_cup,466,1123,Preston North End,Norwich City,2,0
2015-01-03,2517342,FAC,2014,domestic_cup,2454,698,Doncaster Rovers,Bristol City,1,1
2015-01-03,2517347,FAC,2014,domestic_cup,1148,1237,Brentford FC,Brighton & Hove Albion,0,2
2015-01-03,2518105,FAC,2014,domestic_cup,1074,2288,Tranmere Rovers,Swansea City,2,6
2015-01-03,2518106,FAC,2014,domestic_cup,986,1031,Cambridge United,Luton Town,2,1
2015-01-03,2518108,FAC,2014,domestic_cup,349,641,Barnsley FC,Middlesbrough FC,0,2
2015-01-03,2518109,FAC,2014,domestic_cup,1088,703,Rochdale AFC,Nottingham Forest,1,0
2015-01-04,2470066,TR1,2014,domestic_league,2381,1506,Sivasspor,Kardemir Karabükspor,2,0
2015-01-04,2470069,TR1,2014,domestic_league,114,141,Beşiktaş Jimnastik Kulübü,Galatasaray,0,2
2015-01-04,2470071,TR1,2014,domestic_league,6894,10484,Kayseri Erciyesspor,Kasimpasa,2,5
2015-01-04,2470073,TR1,2014,domestic_league,825,524,Eskisehirspor,Gaziantepspor (- 2020),1,3
2015-01-04,2475343,ES1,2014,domestic_league,681,131,Real Sociedad,FC Barcelona,1,0
2015-01-04,2475345,ES1,2014,domestic_league,3709,367,Getafe CF,Rayo Vallecano,1,2
2015-01-04,2475346,ES1,2014,domestic_league,714,1533,RCD Espanyol Barcelona,SD Eibar,1,2
2015-01-04,2475347,ES1,2014,domestic_league,1049,418,Valencia CF,Real Madrid,2,1
2015-01-04,2480144,PO1,2014,domestic_league,2420,982,Vitória Guimarães SC,CD Nacional,4,0
2015-01-04,2480146,PO1,2014,domestic_league,2503,8024,Boavista FC,FC Arouca,3,1
2015-01-04,2480147,PO1,2014,domestic_league,3327,294,FC Penafiel,SL Benfica,0,3
2015-01-04,2480150,PO1,2014,domestic_league,1085,979,Vitória Setúbal FC,Moreirense FC,2,1
2015-01-04,2494451,GR1,2014,domestic_league,3060,28956,APS Atromitos Athinon,AEL Kalloni,0,0
2015-01-04,2494453,GR1,2014,domestic_league,2672,5220,APO Levadiakos Football Club,GS Ergotelis,1,1
2015-01-04,2494455,GR1,2014,domestic_league,683,21957,Olympiakos Syndesmos Filathlon Peiraios,AO Platanias,2,1
2015-01-04,2494457,GR1,2014,domestic_league,2671,265,PAS Giannina,Panathinaikos Athlitikos Omilos,0,0
2015-01-04,2505068,SC1,2014,domestic_league,511,2759,Dundee FC,Ross County FC,1,1
2015-01-04,2505069,SC1,2014,domestic_league,2451,465,Inverness Caledonian Thistle FC,St. Mirren FC,1,0
2015-01-04,2505070,SC1,2014,domestic_league,987,370,Motherwell FC,Aberdeen FC,0,2
2015-01-04,2505072,SC1,2014,domestic_league,2760,1519,Partick Thistle FC,Dundee United FC,2,2
2015-01-04,2505073,SC1,2014,domestic_league,2578,2999,St. Johnstone FC,Hamilton Academical FC,0,1
2015-01-04,2517320,FAC,2014,domestic_cup,11,3008,Arsenal FC,Hull City,2,0
2015-01-04,2517321,FAC,2014,domestic_cup,180,677,Southampton FC,Ipswich Town,1,1
2015-01-04,2517322,FAC,2014,domestic_cup,512,1112,Stoke City,Wrexham AFC,3,1
2015-01-04,2517324,FAC,2014,domestic_cup,3936,873,Dover Athletic,Crystal Palace,0,4
2015-01-04,2517326,FAC,2014,domestic_cup,281,1035,Manchester City,Sheffield Wednesday,2,1
2015-01-04,2517333,FAC,2014,domestic_cup,289,399,Sunderland AFC,Leeds United,1,0
2015-01-04,2517340,FAC,2014,domestic_cup,631,1010,Chelsea FC,Watford FC,3,0
2015-01-04,2517348,FAC,2014,domestic_cup,1039,350,Queens Park Rangers,Sheffield United,0,3
2015-01-04,2518107,FAC,2014,domestic_cup,972,985,Yeovil Town,Manchester United,0,2
2015-01-04,2524277,FAC,2014,domestic_cup,405,1181,Aston Villa,Blackpool FC,1,0
2015-01-05,2470068,TR1,2014,domestic_league,3216,820,Mersin Talimyurdu SK,Gençlerbirliği Spor Kulübü,1,1
2015-01-05,2470072,TR1,2014,domestic_league,20698,449,Balikesirspor,Trabzonspor,2,2
2015-01-05,2475344,ES1,2014,domestic_league,993,16795,Córdoba CF,Granada CF,2,0
2015-01-05,2478753,IT1,2014,domestic_league,398,1038,Società Sportiva Lazio S.p.A.,UC Sampdoria,3,0
2015-01-05,2494449,GR1,2014,domestic_league,128,7185,AO Xanthi,Panthrakikos Komotini,0,0
2015-01-05,2505071,SC1,2014,domestic_league,2553,371,Kilmarnock FC,Celtic FC,0,2
2015-01-05,2517325,FAC,2014,domestic_cup,3884,31,AFC Wimbledon,Liverpool FC,1,2
2015-01-05,2517334,FAC,2014,domestic_cup,1132,148,Burnley FC,Tottenham Hotspur,1,1
2015-01-06,2478748,IT1,2014,domestic_league,1429,6195,Cesena FC,SSC Napoli,1,4
2015-01-06,2478749,IT1,2014,domestic_league,862,416,Chievo Verona,Torino FC,0,0
2015-01-06,2478750,IT1,2014,domestic_league,749,276,FC Empoli,Hellas Verona,0,0
2015-01-06,2478751,IT1,2014,domestic_league,252,800,Genoa CFC,Atalanta BC,2,2
2015-01-06,2478752,IT1,2014,domestic_league,506,46,Juventus FC,Inter Milan,1,1
2015-01-06,2478754,IT1,2014,domestic_league,5,6574,AC Milan,US Sassuolo,1,2
2015-01-06,2478755,IT1,2014,domestic_league,458,1390,Palermo FC,Cagliari Calcio,5,0
2015-01-06,2478756,IT1,2014,domestic_league,130,430,Parma Calcio 1913,ACF Fiorentina,1,0
2015-01-06,2478757,IT1,2014,domestic_league,410,12,Udinese Calcio,Associazione Sportiva Roma,0,1
2015-01-06,2517339,FAC,2014,domestic_cup,29,379,Everton FC,West Ham United,1,1
2015-01-06,2518373,FAC,2014,domestic_cup,2964,1219,Scunthorpe United,Chesterfield FC,2,2
2015-01-06,2518522,CDR,2014,domestic_cup,940,621,Celta de Vigo,Athletic Bilbao,2,4
2015-01-06,2518523,CDR,2014,domestic_cup,1084,3368,Málaga CF,Levante UD,2,0
2015-01-07,2482237,FR1,2014,domestic_league,1082,14171,LOSC Lille,Thonon Évian Grand Genève FC,1,0
2015-01-07,2517607,GRP,2014,domestic_cup,980,683,APO Fostiras,Olympiakos Syndesmos Filathlon Peiraios,0,2
2015-01-07,2517608,GRP,2014,domestic_cup,169,1837,Panionios Athens,Panachaiki GE,4,0
2015-01-07,2517609,GRP,2014,domestic_cup,5219,1091,AOK Kerkyra,Panthessalonikios Athlitikos Omilos Konstantinoupoliton,0,0
2015-01-07,2517610,GRP,2014,domestic_cup,2671,3392,PAS Giannina,Apollon Pontou,2,1
2015-01-07,2517613,GRP,2014,domestic_cup,32755,2672,Ethnikos Gazoros,APO Levadiakos Football Club,0,2
2015-01-07,2517614,GRP,2014,domestic_cup,21957,47,AO Platanias,Iraklis Thessaloniki,0,0
2015-01-07,2517617,GRP,2014,domestic_cup,33490,5220,AE Ermionidas,GS Ergotelis,2,0
2015-01-07,2517618,GRP,2014,domestic_cup,2079,441,Veria NPS,Apollon Smyrnis,1,1
2015-01-07,2517619,GRP,2014,domestic_cup,21725,6676,Tyrnavos 2005,A.G.S Asteras Tripolis,1,1
2015-01-07,2517620,GRP,2014,domestic_cup,28956,35415,AEL Kalloni,Eginiakos,5,0
2015-01-07,2518524,CDR,2014,domestic_cup,13,418,Atlético de Madrid,Real Madrid,2,0
2015-01-07,2518525,CDR,2014,domestic_cup,1050,681,Villarreal CF,Real Sociedad,1,0
2015-01-07,2518526,CDR,2014,domestic_cup,1049,714,Valencia CF,RCD Espanyol Barcelona,2,1
2015-01-07,2518527,CDR,2014,domestic_cup,3302,3709,UD Almería,Getafe CF,1,1
2015-01-08,2517611,GRP,2014,domestic_cup,5572,653,Niki Volou,Omilos Filathlon Irakliou FC,0,3
2015-01-08,2517612,GRP,2014,domestic_cup,128,9415,AO Xanthi,APS Zakynthos,3,1
2015-01-08,2517615,GRP,2014,domestic_cup,2441,3060,Athlitiki Enosi Konstantinoupoleos,APS Atromitos Athinon,3,0
2015-01-08,2517616,GRP,2014,domestic_cup,7185,29962,Panthrakikos Komotini,Iraklis Psachnon,2,1
2015-01-08,2517621,GRP,2014,domestic_cup,7646,265,AO Chania,Panathinaikos Athlitikos Omilos,2,2
2015-01-08,2517622,GRP,2014,domestic_cup,6418,4602,Panetolikos Agrinio,Olympiakos Volou,0,2
2015-01-08,2518528,CDR,2014,domestic_cup,16795,368,Granada CF,Sevilla FC,1,2
2015-01-08,2518529,CDR,2014,domestic_cup,131,1531,FC Barcelona,Elche CF,5,0
2015-01-09,2475352,ES1,2014,domestic_league,3368,897,Levante UD,Deportivo de La Coruña,0,0
2015-01-09,2480164,PO1,2014,domestic_league,1465,979,GD Estoril Praia,Moreirense FC,1,1
2015-01-09,2482299,FR1,2014,domestic_league,969,244,Montpellier HSC,Olympique Marseille,2,1
2015-01-10,2475350,ES1,2014,domestic_league,1084,1050,Málaga CF,Villarreal CF,1,1
2015-01-10,2475356,ES1,2014,domestic_league,1533,3709,SD Eibar,Getafe CF,2,1
2015-01-10,2475357,ES1,2014,domestic_league,418,714,Real Madrid,RCD Espanyol Barcelona,3,0
2015-01-10,2475358,ES1,2014,domestic_league,940,1049,Celta de Vigo,Valencia CF,1,1
2015-01-10,2478766,IT1,2014,domestic_league,6574,410,US Sassuolo,Udinese Calcio,1,1
2015-01-10,2478767,IT1,2014,domestic_league,416,5,Torino FC,AC Milan,1,1
2015-01-10,2480161,PO1,2014,domestic_league,2990,2995,Académica Coimbra,FC Paços de Ferreira,2,2
2015-01-10,2480163,PO1,2014,domestic_league,294,2420,SL Benfica,Vitória Guimarães SC,3,0
2015-01-10,2480167,PO1,2014,domestic_league,720,68608,FC Porto,CF Os Belenenses,3,0
2015-01-10,2482296,FR1,2014,domestic_league,1082,1162,LOSC Lille,SM Caen,1,0
2015-01-10,2482297,FR1,2014,domestic_league,855,826,EA Guingamp,RC Lens,2,0
2015-01-10,2482298,FR1,2014,domestic_league,417,1158,OGC Nice,FC Lorient,3,1
2015-01-10,2482301,FR1,2014,domestic_league,595,583,SC Bastia,Paris Saint-Germain,4,2
2015-01-10,2482302,FR1,2014,domestic_league,14171,273,Thonon Évian Grand Genève FC,Stade Rennais FC,1,1
2015-01-10,2482303,FR1,2014,domestic_league,1421,618,Stade Reims,AS Saint-Étienne,1,2
2015-01-10,2486670,GB1,2014,domestic_league,1132,1039,Burnley FC,Queens Park Rangers,2,1
2015-01-10,2486671,GB1,2014,domestic_league,631,762,Chelsea FC,Newcastle United,2,0
2015-01-10,2486672,GB1,2014,domestic_league,873,148,Crystal Palace,Tottenham Hotspur,2,1
2015-01-10,2486673,GB1,2014,domestic_league,29,281,Everton FC,Manchester City,1,1
2015-01-10,2486674,GB1,2014,domestic_league,1003,405,Leicester City,Aston Villa,1,0
2015-01-10,2486676,GB1,2014,domestic_league,289,31,Sunderland AFC,Liverpool FC,0,1
2015-01-10,2486677,GB1,2014,domestic_league,2288,379,Swansea City,West Ham United,1,1
2015-01-10,2486678,GB1,2014,domestic_league,984,3008,West Bromwich Albion,Hull City,1,0
2015-01-10,2494396,GR1,2014,domestic_league,6676,1091,A.G.S Asteras Tripolis,Panthessalonikios Athlitikos Omilos Konstantinoupoliton,3,0
2015-01-10,2494397,GR1,2014,domestic_league,2079,28956,Veria NPS,AEL Kalloni,1,1
2015-01-10,2494403,GR1,2014,domestic_league,21957,169,AO Platanias,Panionios Athens,3,0
2015-01-10,2505075,SC1,2014,domestic_league,511,987,Dundee FC,Motherwell FC,4,1
2015-01-10,2505077,SC1,2014,domestic_league,2553,2451,Kilmarnock FC,Inverness Caledonian Thistle FC,1,2
2015-01-10,2505079,SC1,2014,domestic_league,465,370,St. Mirren FC,Aberdeen FC,0,2
2015-01-11,2475351,ES1,2014,domestic_league,621,1531,Athletic Bilbao,Elche CF,1,2
2015-01-11,2475353,ES1,2014,domestic_league,131,13,FC Barcelona,Atlético de Madrid,3,1
2015-01-11,2475354,ES1,2014,domestic_league,16795,681,Granada CF,Real Sociedad,1,1
2015-01-11,2475359,ES1,2014,domestic_league,3302,368,UD Almería,Sevilla FC,0,2
2015-01-11,2478758,IT1,2014,domestic_league,800,862,Atalanta BC,Chievo Verona,1,1
2015-01-11,2478759,IT1,2014,domestic_league,1390,1429,Cagliari Calcio,Cesena FC,2,1
2015-01-11,2478760,IT1,2014,domestic_league,430,458,ACF Fiorentina,Palermo FC,4,3
2015-01-11,2478761,IT1,2014,domestic_league,276,130,Hellas Verona,Parma Calcio 1913,3,1
2015-01-11,2478762,IT1,2014,domestic_league,46,252,Inter Milan,Genoa CFC,3,1
2015-01-11,2478763,IT1,2014,domestic_league,6195,506,SSC Napoli,Juventus FC,1,3
2015-01-11,2478764,IT1,2014,domestic_league,12,398,Associazione Sportiva Roma,Società Sportiva Lazio S.p.A.,2,2
2015-01-11,2478765,IT1,2014,domestic_league,1038,749,UC Sampdoria,FC Empoli,1,0
2015-01-11,2480162,PO1,2014,domestic_league,8024,1085,FC Arouca,Vitória Setúbal FC,1,0
2015-01-11,2480165,PO1,2014,domestic_league,2424,3327,Gil Vicente FC,FC Penafiel,2,1
2015-01-11,2480166,PO1,2014,domestic_league,1075,336,SC Braga,Sporting CP,0,1
2015-01-11,2480168,PO1,2014,domestic_league,982,2503,CD Nacional,Boavista FC,2,1
2015-01-11,2480169,PO1,2014,domestic_league,2425,1301,Rio Ave FC,CS Marítimo,0,0
2015-01-11,2482295,FR1,2014,domestic_league,162,40,AS Monaco,FC Girondins Bordeaux,0,0
2015-01-11,2482300,FR1,2014,domestic_league,995,347,FC Nantes,FC Metz,0,0
2015-01-11,2482304,FR1,2014,domestic_league,1041,415,Olympique Lyon,FC Toulouse,3,0
2015-01-11,2486669,GB1,2014,domestic_league,11,512,Arsenal FC,Stoke City,3,0
2015-01-11,2486675,GB1,2014,domestic_league,985,180,Manchester United,Southampton FC,0,1
2015-01-11,2494395,GR1,2014,domestic_league,128,683,AO Xanthi,Olympiakos Syndesmos Filathlon Peiraios,1,3
2015-01-11,2494398,GR1,2014,domestic_league,5572,2672,Niki Volou,APO Levadiakos Football Club,0,3
2015-01-11,2494399,GR1,2014,domestic_league,653,5219,Omilos Filathlon Irakliou FC,AOK Kerkyra,3,2
2015-01-11,2494400,GR1,2014,domestic_league,265,5220,Panathinaikos Athlitikos Omilos,GS Ergotelis,5,0
2015-01-11,2494401,GR1,2014,domestic_league,6418,2671,Panetolikos Agrinio,PAS Giannina,0,0
2015-01-11,2494402,GR1,2014,domestic_league,7185,3060,Panthrakikos Komotini,APS Atromitos Athinon,1,1
2015-01-12,2475355,ES1,2014,domestic_league,367,993,Rayo Vallecano,Córdoba CF,0,1
2015-01-12,2505076,SC1,2014,domestic_league,2999,1519,Hamilton Academical FC,Dundee United FC,2,3
2015-01-13,2515980,CIT,2014,domestic_cup,5,6574,AC Milan,US Sassuolo,2,1
2015-01-13,2518531,CDR,2014,domestic_cup,3368,1084,Levante UD,Málaga CF,3,2
2015-01-13,2518534,CDR,2014,domestic_cup,714,1049,RCD Espanyol Barcelona,Valencia CF,2,0
2015-01-13,2524747,POCP,2014,,1465,2424,GD Estoril Praia,Gil Vicente FC,3,0
2015-01-13,2524762,POCP,2014,,720,976,FC Porto,CF União Madeira (-2021),3,1
2015-01-13,2524881,FAC,2014,domestic_cup,543,931,Wolverhampton Wanderers,Fulham FC,6,8
2015-01-13,2524882,FAC,2014,domestic_cup,1219,2964,Chesterfield FC,Scunthorpe United,2,0
2015-01-13,2524883,FAC,2014,domestic_cup,379,29,West Ham United,Everton FC,11,10
2015-01-13,2524884,FAC,2014,domestic_cup,698,2454,Bristol City,Doncaster Rovers,2,0
2015-01-14,2494458,GR1,2014,domestic_league,128,2079,AO Xanthi,Veria NPS,2,2
2015-01-14,2494459,GR1,2014,domestic_league,28956,1091,AEL Kalloni,Panthessalonikios Athlitikos Omilos Konstantinoupoliton,1,2
2015-01-14,2494460,GR1,2014,domestic_league,6676,2671,A.G.S Asteras Tripolis,PAS Giannina,2,2
2015-01-14,2494463,GR1,2014,domestic_league,265,2672,Panathinaikos Athlitikos Omilos,APO Levadiakos Football Club,1,0
2015-01-14,2494464,GR1,2014,domestic_league,6418,653,Panetolikos Agrinio,Omilos Filathlon Irakliou FC,3,1
2015-01-14,2494465,GR1,2014,domestic_league,7185,5219,Panthrakikos Komotini,AOK Kerkyra,1,0
2015-01-14,2515981,CIT,2014,domestic_cup,416,398,Torino FC,Società Sportiva Lazio S.p.A.,1,3
2015-01-14,2515987,CIT,2014,domestic_cup,130,1390,Parma Calcio 1913,Cagliari Calcio,2,1
2015-01-14,2518530,CDR,2014,domestic_cup,621,940,Athletic Bilbao,Celta de Vigo,0,2
2015-01-14,2518533,CDR,2014,domestic_cup,681,1050,Real Sociedad,Villarreal CF,2,2
2015-01-14,2518535,CDR,2014,domestic_cup,3709,3302,Getafe CF,UD Almería,1,0
2015-01-14,2518536,CDR,2014,domestic_cup,368,16795,Sevilla FC,Granada CF,4,0
2015-01-14,2524740,POCP,2014,,982,979,CD Nacional,Moreirense FC,1,1
2015-01-14,2524741,POCP,2014,,294,8024,SL Benfica,FC Arouca,4,0
2015-01-14,2524746,POCP,2014,,1301,10140,CS Marítimo,SC Covilhã,2,1
2015-01-14,2524752,POCP,2014,,336,2503,Sporting CP,Boavista FC,1,0
2015-01-14,2524753,POCP,2014,,68608,1085,CF Os Belenenses,Vitória Setúbal FC,2,2
2015-01-14,2524763,POCP,2014,,1075,2990,SC Braga,Académica Coimbra,1,0
2015-01-14,2524878,FAC,2014,domestic_cup,677,180,Ipswich Town,Southampton FC,0,1
2015-01-14,2524879,FAC,2014,domestic_cup,148,1132,Tottenham Hotspur,Burnley FC,4,2
2015-01-14,2524880,FAC,2014,domestic_cup,1027,1028,Bradford City,Millwall FC,4,0
2015-01-15,2494462,GR1,2014,domestic_league,5572,683,Niki Volou,Olympiakos Syndesmos Filathlon Peiraios,0,3
2015-01-15,2494466,GR1,2014,domestic_league,21957,3060,AO Platanias,APS Atromitos Athinon,0,0
2015-01-15,2515986,CIT,2014,domestic_cup,506,276,Juventus FC,Hellas Verona,6,1
2015-01-15,2518532,CDR,2014,domestic_cup,418,13,Real Madrid,Atlético de Madrid,2,2
2015-01-15,2518537,CDR,2014,domestic_cup,1531,131,Elche CF,FC Barcelona,0,4
2015-01-16,2459739,NL1,2014,domestic_league,610,202,Ajax Amsterdam,FC Groningen,2,0
2015-01-16,2475365,ES1,2014,domestic_league,993,1533,Córdoba CF,SD Eibar,1,1
2015-01-16,2482312,FR1,2014,domestic_league,40,417,FC Girondins Bordeaux,OGC Nice,1,2
2015-01-16,2512847,BE1,2014,domestic_league,2282,354,Club Brugge KV,KV Mechelen,1,1
2015-01-17,2459740,NL1,2014,domestic_league,1269,132,PEC Zwolle,NAC Breda,4,1
2015-01-17,2459741,NL1,2014,domestic_league,1090,1455,AZ Alkmaar,FC Dordrecht,2,0
2015-01-17,2459742,NL1,2014,domestic_league,1268,133,ADO Den Haag,SC Cambuur Leeuwarden,2,2
2015-01-17,2459743,NL1,2014,domestic_league,499,383,Vitesse Arnhem,PSV Eindhoven,0,1
2015-01-17,2475360,ES1,2014,domestic_league,1050,621,Villarreal CF,Athletic Bilbao,2,0
2015-01-17,2475364,ES1,2014,domestic_league,681,367,Real Sociedad,Rayo Vallecano,0,1
2015-01-17,2475367,ES1,2014,domestic_league,714,940,RCD Espanyol Barcelona,Celta de Vigo,1,0
2015-01-17,2475368,ES1,2014,domestic_league,1049,3302,Valencia CF,UD Almería,3,2
2015-01-17,2478770,IT1,2014,domestic_league,749,46,FC Empoli,Inter Milan,0,0
2015-01-17,2478775,IT1,2014,domestic_league,458,12,Palermo FC,Associazione Sportiva Roma,1,1
2015-01-17,2480178,PO1,2014,domestic_league,3327,720,FC Penafiel,FC Porto,1,3
2015-01-17,2480179,PO1,2014,domestic_league,2420,2990,Vitória Guimarães SC,Académica Coimbra,4,0
2015-01-17,2482305,FR1,2014,domestic_league,415,595,FC Toulouse,SC Bastia,1,1
2015-01-17,2482308,FR1,2014,domestic_league,1158,1082,FC Lorient,LOSC Lille,1,0
2015-01-17,2482309,FR1,2014,domestic_league,826,1041,RC Lens,Olympique Lyon,0,2
2015-01-17,2482310,FR1,2014,domestic_league,347,969,FC Metz,Montpellier HSC,2,3
2015-01-17,2482311,FR1,2014,domestic_league,162,995,AS Monaco,FC Nantes,1,0
2015-01-17,2482313,FR1,2014,domestic_league,1162,1421,SM Caen,Stade Reims,4,1
2015-01-17,2486679,GB1,2014,domestic_league,405,31,Aston Villa,Liverpool FC,0,2
2015-01-17,2486680,GB1,2014,domestic_league,1132,873,Burnley FC,Crystal Palace,2,3
2015-01-17,2486682,GB1,2014,domestic_league,1003,512,Leicester City,Stoke City,0,1
2015-01-17,2486684,GB1,2014,domestic_league,762,180,Newcastle United,Southampton FC,1,2
2015-01-17,2486685,GB1,2014,domestic_league,1039,985,Queens Park Rangers,Manchester United,0,2
2015-01-17,2486686,GB1,2014,domestic_league,2288,631,Swansea City,Chelsea FC,0,5
2015-01-17,2486687,GB1,2014,domestic_league,148,289,Tottenham Hotspur,Sunderland AFC,2,1
2015-01-17,2494474,GR1,2014,domestic_league,5219,128,AOK Kerkyra,AO Xanthi,0,0
2015-01-17,2494476,GR1,2014,domestic_league,2079,653,Veria NPS,Omilos Filathlon Irakliou FC,4,1
2015-01-17,2494481,GR1,2014,domestic_league,169,265,Panionios Athens,Panathinaikos Athlitikos Omilos,1,1
2015-01-17,2505080,SC1,2014,domestic_league,370,511,Aberdeen FC,Dundee FC,3,3
2015-01-17,2505082,SC1,2014,domestic_league,2999,371,Hamilton Academical FC,Celtic FC,0,2
2015-01-17,2505084,SC1,2014,domestic_league,2759,465,Ross County FC,St. Mirren FC,1,2
2015-01-17,2505085,SC1,2014,domestic_league,2578,2760,St. Johnstone FC,Partick Thistle FC,2,0
2015-01-17,2512848,BE1,2014,domestic_league,29228,157,Royal Excel Mouscron (-2022),KAA Gent,1,3
2015-01-17,2512849,BE1,2014,domestic_league,2861,601,KV Oostende,KV Kortrijk,1,7
2015-01-17,2512850,BE1,2014,domestic_league,172,520,Royal Charleroi Sporting Club,Cercle Brugge,0,2
2015-01-17,2512851,BE1,2014,domestic_league,28643,3508,SK Beveren,Zulte Waregem,1,3
2015-01-18,2459744,NL1,2014,domestic_league,403,1435,Willem II Tilburg,Go Ahead Eagles,1,0
2015-01-18,2459745,NL1,2014,domestic_league,200,306,FC Utrecht,SC Heerenveen,1,2
2015-01-18,2459746,NL1,2014,domestic_league,234,317,Feyenoord Rotterdam,FC Twente Enschede,3,1
2015-01-18,2459747,NL1,2014,domestic_league,1304,798,Heracles Almelo,Excelsior Rotterdam,0,3
2015-01-18,2475361,ES1,2014,domestic_league,1531,3368,Elche CF,Levante UD,1,0
2015-01-18,2475362,ES1,2014,domestic_league,897,131,Deportivo de La Coruña,FC Barcelona,0,4
2015-01-18,2475363,ES1,2014,domestic_league,13,16795,Atlético de Madrid,Granada CF,2,0
2015-01-18,2475366,ES1,2014,domestic_league,3709,418,Getafe CF,Real Madrid,0,3
2015-01-18,2475369,ES1,2014,domestic_league,368,1084,Sevilla FC,Málaga CF,2,0
2015-01-18,2478768,IT1,2014,domestic_league,1429,416,Cesena FC,Torino FC,2,3
2015-01-18,2478769,IT1,2014,domestic_league,862,430,Chievo Verona,ACF Fiorentina,1,2
2015-01-18,2478771,IT1,2014,domestic_league,252,6574,Genoa CFC,US Sassuolo,3,3
2015-01-18,2478772,IT1,2014,domestic_league,506,276,Juventus FC,Hellas Verona,4,0
2015-01-18,2478773,IT1,2014,domestic_league,398,6195,Società Sportiva Lazio S.p.A.,SSC Napoli,0,1
2015-01-18,2478774,IT1,2014,domestic_league,5,800,AC Milan,Atalanta BC,0,1
2015-01-18,2478776,IT1,2014,domestic_league,130,1038,Parma Calcio 1913,UC Sampdoria,0,2
2015-01-18,2478777,IT1,2014,domestic_league,410,1390,Udinese Calcio,Cagliari Calcio,2,2
2015-01-18,2480175,PO1,2014,domestic_league,68608,2424,CF Os Belenenses,Gil Vicente FC,2,0
2015-01-18,2480176,PO1,2014,domestic_league,2503,1465,Boavista FC,GD Estoril Praia,1,2
2015-01-18,2480177,PO1,2014,domestic_league,2995,982,FC Paços de Ferreira,CD Nacional,2,3
2015-01-18,2480180,PO1,2014,domestic_league,979,8024,Moreirense FC,FC Arouca,1,0
2015-01-18,2480181,PO1,2014,domestic_league,1301,294,CS Marítimo,SL Benfica,0,4
2015-01-18,2480182,PO1,2014,domestic_league,1085,1075,Vitória Setúbal FC,SC Braga,1,3
2015-01-18,2480183,PO1,2014,domestic_league,336,2425,Sporting CP,Rio Ave FC,4,2
2015-01-18,2482306,FR1,2014,domestic_league,583,14171,Paris Saint-Germain,Thonon Évian Grand Genève FC,4,2
2015-01-18,2482307,FR1,2014,domestic_league,244,855,Olympique Marseille,EA Guingamp,2,1
2015-01-18,2482314,FR1,2014,domestic_league,273,618,Stade Rennais FC,AS Saint-Étienne,0,0
2015-01-18,2486683,GB1,2014,domestic_league,281,11,Manchester City,Arsenal FC,0,2
2015-01-18,2486688,GB1,2014,domestic_league,379,3008,West Ham United,Hull City,3,0
2015-01-18,2494475,GR1,2014,domestic_league,3060,5572,APS Atromitos Athinon,Niki Volou,3,0
2015-01-18,2494478,GR1,2014,domestic_league,2672,6676,APO Levadiakos Football Club,A.G.S Asteras Tripolis,3,1
2015-01-18,2494479,GR1,2014,domestic_league,683,6418,Olympiakos Syndesmos Filathlon Peiraios,Panetolikos Agrinio,2,0
2015-01-18,2494480,GR1,2014,domestic_league,1091,21957,Panthessalonikios Athlitikos Omilos Konstantinoupoliton,AO Platanias,1,0
2015-01-18,2494482,GR1,2014,domestic_league,2671,7185,PAS Giannina,Panthrakikos Komotini,2,2
2015-01-18,2512852,BE1,2014,domestic_league,58,204,RSC Anderlecht,Lierse SK (- 2018),3,0
2015-01-18,2512853,BE1,2014,domestic_league,968,3057,KVC Westerlo,Standard Liège,1,1
2015-01-18,2512854,BE1,2014,domestic_league,498,1184,KSC Lokeren (- 2020),KRC Genk,1,1
2015-01-19,2486681,GB1,2014,domestic_league,29,984,Everton FC,West Bromwich Albion,0,0
2015-01-19,2494477,GR1,2014,domestic_league,5220,28956,GS Ergotelis,AEL Kalloni,3,3
2015-01-20,2505089,SC1,2014,domestic_league,2451,2578,Inverness Caledonian Thistle FC,St. Johnstone FC,2,0
2015-01-20,2509864,NLP,2014,domestic_cup,192,383,Roda JC Kerkrade,PSV Eindhoven,3,2
2015-01-20,2515984,CIT,2014,domestic_cup,12,749,Associazione Sportiva Roma,FC Empoli,2,1
2015-01-20,2527979,GRP,2014,domestic_cup,169,2079,Panionios Athens,Veria NPS,2,1
2015-01-21,2505087,SC1,2014,domestic_league,371,987,Celtic FC,Motherwell FC,4,0
2015-01-21,2505088,SC1,2014,domestic_league,511,2553,Dundee FC,Kilmarnock FC,1,0
2015-01-21,2505090,SC1,2014,domestic_league,2760,2999,Partick Thistle FC,Hamilton Academical FC,5,0
2015-01-21,2505091,SC1,2014,domestic_league,465,1519,St. Mirren FC,Dundee United FC,1,1
2015-01-21,2515982,CIT,2014,domestic_cup,46,1038,Inter Milan,UC Sampdoria,2,0
2015-01-21,2515985,CIT,2014,domestic_cup,430,800,ACF Fiorentina,Atalanta BC,3,1
2015-01-21,2524742,POCP,2014,,979,294,Moreirense FC,SL Benfica,0,2
2015-01-21,2524743,POCP,2014,,8024,982,FC Arouca,CD Nacional,1,0
2015-01-21,2524748,POCP,2014,,10140,1465,SC Covilhã,GD Estoril Praia,3,2
2015-01-21,2524749,POCP,2014,,2424,1301,Gil Vicente FC,CS Marítimo,0,1
2015-01-21,2524754,POCP,2014,,68608,336,CF Os Belenenses,Sporting CP,3,2
2015-01-21,2524755,POCP,2014,,1085,2420,Vitória Setúbal FC,Vitória Guimarães SC,2,0
2015-01-21,2524764,POCP,2014,,1075,720,SC Braga,FC Porto,1,1
2015-01-21,2524765,POCP,2014,,2990,2425,Académica Coimbra,Rio Ave FC,1,0
2015-01-21,2527958,CDR,2014,domestic_cup,1084,621,Málaga CF,Athletic Bilbao,0,0
2015-01-21,2527960,CDR,2014,domestic_cup,1050,3709,Villarreal CF,Getafe CF,1,0
2015-01-21,2527981,GRP,2014,domestic_cup,7646,2671,AO Chania,PAS Giannina,1,2
2015-01-21,2527982,GRP,2014,domestic_cup,128,265,AO Xanthi,Panathinaikos Athlitikos Omilos,1,1
2015-01-21,2527983,GRP,2014,domestic_cup,21725,683,Tyrnavos 2005,Olympiakos Syndesmos Filathlon Peiraios,0,3
2015-01-21,2527984,GRP,2014,domestic_cup,47,6676,Iraklis Thessaloniki,A.G.S Asteras Tripolis,1,1
2015-01-21,2527985,GRP,2014,domestic_cup,441,2672,Apollon Smyrnis,APO Levadiakos Football Club,1,1
2015-01-21,2527986,GRP,2014,domestic_cup,5219,2441,AOK Kerkyra,Athlitiki Enosi Konstantinoupoleos,1,1
2015-01-21,2528139,CDR,2014,domestic_cup,131,13,FC Barcelona,Atlético de Madrid,1,0
2015-01-22,2515983,CIT,2014,domestic_cup,6195,410,SSC Napoli,Udinese Calcio,7,6
2015-01-22,2527959,CDR,2014,domestic_cup,714,368,RCD Espanyol Barcelona,Sevilla FC,3,1
2015-01-22,2527980,GRP,2014,domestic_cup,7185,653,Panthrakikos Komotini,Omilos Filathlon Irakliou FC,0,4
2015-01-23,2459748,NL1,2014,domestic_league,317,1304,FC Twente Enschede,Heracles Almelo,2,0
2015-01-23,2470079,TR1,2014,domestic_league,2293,20,Konyaspor,Bursaspor,2,3
2015-01-23,2470081,TR1,2014,domestic_league,449,2381,Trabzonspor,Sivasspor,3,1
2015-01-23,2482319,FR1,2014,domestic_league,417,244,OGC Nice,Olympique Marseille,2,1
2015-01-23,2505096,SC1,2014,domestic_league,2578,370,St. Johnstone FC,Aberdeen FC,1,1
2015-01-23,2527269,FAC,2014,domestic_cup,986,985,Cambridge United,Manchester United,0,0
2015-01-23,2530793,BE1,2014,domestic_league,1184,29228,KRC Genk,Royal Excel Mouscron (-2022),2,0
2015-01-24,2459749,NL1,2014,domestic_league,133,383,SC Cambuur Leeuwarden,PSV Eindhoven,1,2
2015-01-24,2459750,NL1,2014,domestic_league,1455,798,FC Dordrecht,Excelsior Rotterdam,1,0
2015-01-24,2459751,NL1,2014,domestic_league,1269,1090,PEC Zwolle,AZ Alkmaar,1,1
2015-01-24,2459752,NL1,2014,domestic_league,306,499,SC Heerenveen,Vitesse Arnhem,4,1
2015-01-24,2470075,TR1,2014,domestic_league,6890,3216,Basaksehir FK,Mersin Talimyurdu SK,2,2
2015-01-24,2470076,TR1,2014,domestic_league,524,20698,Gaziantepspor (- 2020),Balikesirspor,1,0
2015-01-24,2470077,TR1,2014,domestic_league,10484,36,Kasimpasa,Fenerbahce,0,3
2015-01-24,2470080,TR1,2014,domestic_league,19771,825,Akhisarspor,Eskisehirspor,2,2
2015-01-24,2475371,ES1,2014,domestic_league,1050,3368,Villarreal CF,Levante UD,1,0
2015-01-24,2475372,ES1,2014,domestic_league,13,367,Atlético de Madrid,Rayo Vallecano,3,1
2015-01-24,2475374,ES1,2014,domestic_league,1531,131,Elche CF,FC Barcelona,0,6
2015-01-24,2475376,ES1,2014,domestic_league,681,1533,Real Sociedad,SD Eibar,1,0
2015-01-24,2475379,ES1,2014,domestic_league,993,418,Córdoba CF,Real Madrid,1,2
2015-01-24,2478782,IT1,2014,domestic_league,398,5,Società Sportiva Lazio S.p.A.,AC Milan,3,1
2015-01-24,2478785,IT1,2014,domestic_league,1390,6574,Cagliari Calcio,US Sassuolo,2,1
2015-01-24,2482315,FR1,2014,domestic_league,595,40,SC Bastia,FC Girondins Bordeaux,0,0
2015-01-24,2482318,FR1,2014,domestic_league,855,1158,EA Guingamp,FC Lorient,3,2
2015-01-24,2482321,FR1,2014,domestic_league,1082,162,LOSC Lille,AS Monaco,0,1
2015-01-24,2482322,FR1,2014,domestic_league,969,995,Montpellier HSC,FC Nantes,4,0
2015-01-24,2490874,PO1,2014,domestic_league,2420,2424,Vitória Guimarães SC,Gil Vicente FC,2,2
2015-01-24,2494483,GR1,2014,domestic_league,128,2671,AO Xanthi,PAS Giannina,1,1
2015-01-24,2494484,GR1,2014,domestic_league,5219,2079,AOK Kerkyra,Veria NPS,4,0
2015-01-24,2494485,GR1,2014,domestic_league,6676,169,A.G.S Asteras Tripolis,Panionios Athens,2,0
2015-01-24,2494486,GR1,2014,domestic_league,5572,1091,Niki Volou,Panthessalonikios Athlitikos Omilos Konstantinoupoliton,0,3
2015-01-24,2494487,GR1,2014,domestic_league,653,683,Omilos Filathlon Irakliou FC,Olympiakos Syndesmos Filathlon Peiraios,0,3
2015-01-24,2494488,GR1,2014,domestic_league,265,28956,Panathinaikos Athlitikos Omilos,AEL Kalloni,1,0
2015-01-24,2494490,GR1,2014,domestic_league,7185,2672,Panthrakikos Komotini,APO Levadiakos Football Club,1,0
2015-01-24,2505092,SC1,2014,domestic_league,1519,987,Dundee United FC,Motherwell FC,3,1
2015-01-24,2505093,SC1,2014,domestic_league,2999,2451,Hamilton Academical FC,Inverness Caledonian Thistle FC,0,2
2015-01-24,2505094,SC1,2014,domestic_league,2553,2760,Kilmarnock FC,Partick Thistle FC,2,2
2015-01-24,2505095,SC1,2014,domestic_league,2759,371,Ross County FC,Celtic FC,0,1
2015-01-24,2505097,SC1,2014,domestic_league,465,511,St. Mirren FC,Dundee FC,1,2
2015-01-24,2527270,FAC,2014,domestic_cup,164,2288,Blackburn Rovers,Swansea City,3,1
2015-01-24,2527271,FAC,2014,domestic_cup,22,1219,Derby County,Chesterfield FC,2,0
2015-01-24,2527272,FAC,2014,domestic_cup,466,350,Preston North End,Sheffield United,1,1
2015-01-24,2527273,FAC,2014,domestic_cup,337,984,Birmingham City,West Bromwich Albion,1,2
2015-01-24,2527274,FAC,2014,domestic_cup,603,1032,Cardiff City,Reading FC,1,2
2015-01-24,2527275,FAC,2014,domestic_cup,289,931,Sunderland AFC,Fulham FC,0,0
2015-01-24,2527276,FAC,2014,domestic_cup,281,641,Manchester City,Middlesbrough FC,0,2
2015-01-24,2527277,FAC,2014,domestic_cup,31,355,Liverpool FC,Bolton Wanderers,0,0
2015-01-24,2528144,FAC,2014,domestic_cup,631,1027,Chelsea FC,Bradford City,2,4
2015-01-24,2528145,FAC,2014,domestic_cup,180,873,Southampton FC,Crystal Palace,2,3
2015-01-24,2528146,FAC,2014,domestic_cup,148,1003,Tottenham Hotspur,Leicester City,1,2
2015-01-24,2530794,BE1,2014,domestic_league,601,172,KV Kortrijk,Royal Charleroi Sporting Club,0,0
2015-01-24,2530795,BE1,2014,domestic_league,354,498,KV Mechelen,KSC Lokeren (- 2020),0,1
2015-01-24,2530797,BE1,2014,domestic_league,3508,968,Zulte Waregem,KVC Westerlo,1,3
2015-01-24,2532385,BE1,2014,domestic_league,204,28643,Lierse SK (- 2018),SK Beveren,1,1
2015-01-25,2459753,NL1,2014,domestic_league,610,234,Ajax Amsterdam,Feyenoord Rotterdam,0,0
2015-01-25,2459754,NL1,2014,domestic_league,132,403,NAC Breda,Willem II Tilburg,0,0
2015-01-25,2459755,NL1,2014,domestic_league,202,200,FC Groningen,FC Utrecht,2,2
2015-01-25,2459756,NL1,2014,domestic_league,1435,1268,Go Ahead Eagles,ADO Den Haag,1,0
2015-01-25,2470078,TR1,2014,domestic_league,141,126,Galatasaray,Caykur Rizespor,2,0
2015-01-25,2470082,TR1,2014,domestic_league,1506,6894,Kardemir Karabükspor,Kayseri Erciyesspor,1,2
2015-01-25,2475370,ES1,2014,domestic_league,1049,368,Valencia CF,Sevilla FC,3,1
2015-01-25,2475375,ES1,2014,domestic_league,714,3302,RCD Espanyol Barcelona,UD Almería,3,0
2015-01-25,2475377,ES1,2014,domestic_league,621,1084,Athletic Bilbao,Málaga CF,1,1
2015-01-25,2475378,ES1,2014,domestic_league,897,16795,Deportivo de La Coruña,Granada CF,2,2
2015-01-25,2478778,IT1,2014,domestic_league,276,800,Hellas Verona,Atalanta BC,1,0
2015-01-25,2478779,IT1,2014,domestic_league,130,1429,Parma Calcio 1913,Cesena FC,1,2
2015-01-25,2478780,IT1,2014,domestic_league,506,862,Juventus FC,Chievo Verona,2,0
2015-01-25,2478783,IT1,2014,domestic_league,1038,458,UC Sampdoria,Palermo FC,1,1
2015-01-25,2478784,IT1,2014,domestic_league,430,12,ACF Fiorentina,Associazione Sportiva Roma,1,1
2015-01-25,2478786,IT1,2014,domestic_league,46,416,Inter Milan,Torino FC,0,1
2015-01-25,2482316,FR1,2014,domestic_league,273,1162,Stade Rennais FC,SM Caen,1,4
2015-01-25,2482317,FR1,2014,domestic_league,1421,826,Stade Reims,RC Lens,0,0
2015-01-25,2482320,FR1,2014,domestic_league,1041,347,Olympique Lyon,FC Metz,2,0
2015-01-25,2482323,FR1,2014,domestic_league,618,583,AS Saint-Étienne,Paris Saint-Germain,0,1
2015-01-25,2482324,FR1,2014,domestic_league,14171,415,Thonon Évian Grand Genève FC,FC Toulouse,1,0
2015-01-25,2490868,PO1,2014,domestic_league,979,982,Moreirense FC,CD Nacional,2,3
2015-01-25,2490869,PO1,2014,domestic_league,1301,720,CS Marítimo,FC Porto,1,0
2015-01-25,2490870,PO1,2014,domestic_league,2503,1075,Boavista FC,SC Braga,1,0
2015-01-25,2490871,PO1,2014,domestic_league,336,2990,Sporting CP,Académica Coimbra,1,0
2015-01-25,2490872,PO1,2014,domestic_league,1465,8024,GD Estoril Praia,FC Arouca,1,0
2015-01-25,2490875,PO1,2014,domestic_league,1085,2425,Vitória Setúbal FC,Rio Ave FC,4,1
2015-01-25,2490876,PO1,2014,domestic_league,68608,3327,CF Os Belenenses,FC Penafiel,0,0
2015-01-25,2527278,FAC,2014,domestic_cup,698,379,Bristol City,West Ham United,0,1
2015-01-25,2527279,FAC,2014,domestic_cup,405,989,Aston Villa,AFC Bournemouth,2,1
2015-01-25,2527280,FAC,2014,domestic_cup,1237,11,Brighton & Hove Albion,Arsenal FC,2,3
2015-01-25,2530798,BE1,2014,domestic_league,3057,58,Standard Liège,RSC Anderlecht,2,0
2015-01-25,2530799,BE1,2014,domestic_league,520,2282,Cercle Brugge,Club Brugge KV,0,3
2015-01-25,2530800,BE1,2014,domestic_league,157,2861,KAA Gent,KV Oostende,3,1
2015-01-26,2470083,TR1,2014,domestic_league,820,114,Gençlerbirliği Spor Kulübü,Beşiktaş Jimnastik Kulübü,0,2
2015-01-26,2475373,ES1,2014,domestic_league,3709,940,Getafe CF,Celta de Vigo,2,1
2015-01-26,2478781,IT1,2014,domestic_league,6195,252,SSC Napoli,Genoa CFC,2,1
2015-01-26,2478787,IT1,2014,domestic_league,749,410,FC Empoli,Udinese Calcio,1,2
2015-01-26,2490873,PO1,2014,domestic_league,2995,294,FC Paços de Ferreira,SL Benfica,1,0
2015-01-26,2494489,GR1,2014,domestic_league,6418,3060,Panetolikos Agrinio,APS Atromitos Athinon,1,1
2015-01-26,2494491,GR1,2014,domestic_league,21957,5220,AO Platanias,GS Ergotelis,1,2
2015-01-26,2527281,FAC,2014,domestic_cup,1088,512,Rochdale AFC,Stoke City,1,4
2015-01-27,2524024,NLP,2014,domestic_cup,133,1269,SC Cambuur Leeuwarden,PEC Zwolle,2,3
2015-01-27,2524025,NLP,2014,domestic_cup,317,1090,FC Twente Enschede,AZ Alkmaar,3,0
2015-01-27,2527987,GRP,2014,domestic_cup,653,7185,Omilos Filathlon Irakliou FC,Panthrakikos Komotini,1,0
2015-01-27,2527988,GRP,2014,domestic_cup,2672,441,APO Levadiakos Football Club,Apollon Smyrnis,1,4
2015-01-27,2527989,GRP,2014,domestic_cup,6676,47,A.G.S Asteras Tripolis,Iraklis Thessaloniki,0,1
2015-01-27,2528963,CIT,2014,domestic_cup,5,398,AC Milan,Società Sportiva Lazio S.p.A.,0,1
2015-01-28,2524026,NLP,2014,domestic_cup,202,499,FC Groningen,Vitesse Arnhem,4,0
2015-01-28,2524756,POCP,2014,,336,1085,Sporting CP,Vitória Setúbal FC,1,1
2015-01-28,2524757,POCP,2014,,2503,2420,Boavista FC,Vitória Guimarães SC,2,2
2015-01-28,2524766,POCP,2014,,720,2990,FC Porto,Académica Coimbra,4,1
2015-01-28,2524767,POCP,2014,,976,2425,CF União Madeira (-2021),Rio Ave FC,2,1
2015-01-28,2527990,GRP,2014,domestic_cup,2079,169,Veria NPS,Panionios Athens,1,1
2015-01-28,2527991,GRP,2014,domestic_cup,2671,7646,PAS Giannina,AO Chania,3,5
2015-01-28,2527992,GRP,2014,domestic_cup,683,21725,Olympiakos Syndesmos Filathlon Peiraios,Tyrnavos 2005,8,0
2015-01-28,2528140,CDR,2014,domestic_cup,13,131,Atlético de Madrid,FC Barcelona,2,3
2015-01-28,2528964,CIT,2014,domestic_cup,130,506,Parma Calcio 1913,Juventus FC,0,1
2015-01-28,2529125,NLP,2014,domestic_cup,192,798,Roda JC Kerkrade,Excelsior Rotterdam,1,4
2015-01-29,2527973,CDR,2014,domestic_cup,621,1084,Athletic Bilbao,Málaga CF,1,0
2015-01-29,2527974,CDR,2014,domestic_cup,368,714,Sevilla FC,RCD Espanyol Barcelona,1,0
2015-01-29,2527975,CDR,2014,domestic_cup,3709,1050,Getafe CF,Villarreal CF,0,1
2015-01-29,2527993,GRP,2014,domestic_cup,2441,5219,Athlitiki Enosi Konstantinoupoleos,AOK Kerkyra,2,0
2015-01-29,2527994,GRP,2014,domestic_cup,265,128,Panathinaikos Athlitikos Omilos,AO Xanthi,0,1
2015-01-30,2459759,NL1,2014,domestic_league,1455,306,FC Dordrecht,SC Heerenveen,0,0
2015-01-30,2460781,L1,2014,domestic_league,82,27,VfL Wolfsburg,Bayern Munich,4,1
2015-01-30,2470085,TR1,2014,domestic_league,449,6894,Trabzonspor,Kayseri Erciyesspor,2,1
2015-01-30,2470088,TR1,2014,domestic_league,19771,20698,Akhisarspor,Balikesirspor,2,2
2015-01-30,2475386,ES1,2014,domestic_league,367,897,Rayo Vallecano,Deportivo de La Coruña,1,2
2015-01-30,2482333,FR1,2014,domestic_league,583,273,Paris Saint-Germain,Stade Rennais FC,1,0
2015-01-30,2490884,PO1,2014,domestic_league,1075,979,SC Braga,Moreirense FC,1,0
2015-01-30,2530801,BE1,2014,domestic_league,2282,2861,Club Brugge KV,KV Oostende,2,0
2015-01-31,2459757,NL1,2014,domestic_league,202,1435,FC Groningen,Go Ahead Eagles,2,0
2015-01-31,2459758,NL1,2014,domestic_league,383,403,PSV Eindhoven,Willem II Tilburg,2,1
2015-01-31,2459760,NL1,2014,domestic_league,798,132,Excelsior Rotterdam,NAC Breda,0,0
2015-01-31,2459761,NL1,2014,domestic_league,317,133,FC Twente Enschede,SC Cambuur Leeuwarden,2,1
2015-01-31,2460779,L1,2014,domestic_league,33,42,FC Schalke 04,Hannover 96,1,0
2015-01-31,2460780,L1,2014,domestic_league,15,16,Bayer 04 Leverkusen,Borussia Dortmund,0,0
2015-01-31,2460782,L1,2014,domestic_league,39,127,1.FSV Mainz 05,SC Paderborn 07,5,0
2015-01-31,2460785,L1,2014,domestic_league,60,24,SC Freiburg,Eintracht Frankfurt,4,1
2015-01-31,2460786,L1,2014,domestic_league,79,18,VfB Stuttgart,Borussia Mönchengladbach,0,1
2015-01-31,2460787,L1,2014,domestic_league,41,3,Hamburger SV,1.FC Köln,0,2
2015-01-31,2470084,TR1,2014,domestic_league,10484,6890,Kasimpasa,Basaksehir FK,0,1
2015-01-31,2470086,TR1,2014,domestic_league,524,2381,Gaziantepspor (- 2020),Sivasspor,1,3
2015-01-31,2470087,TR1,2014,domestic_league,1506,36,Kardemir Karabükspor,Fenerbahce,1,2
2015-01-31,2475383,ES1,2014,domestic_league,940,993,Celta de Vigo,Córdoba CF,1,0
2015-01-31,2475384,ES1,2014,domestic_league,418,681,Real Madrid,Real Sociedad,4,1
2015-01-31,2475385,ES1,2014,domestic_league,1533,13,SD Eibar,Atlético de Madrid,1,3
2015-01-31,2475387,ES1,2014,domestic_league,16795,1531,Granada CF,Elche CF,1,0
2015-01-31,2478789,IT1,2014,domestic_league,12,749,Associazione Sportiva Roma,FC Empoli,1,1
2015-01-31,2478790,IT1,2014,domestic_league,252,430,Genoa CFC,ACF Fiorentina,1,1
2015-01-31,2482325,FR1,2014,domestic_league,826,595,RC Lens,SC Bastia,1,1
2015-01-31,2482326,FR1,2014,domestic_league,244,14171,Olympique Marseille,Thonon Évian Grand Genève FC,1,0
2015-01-31,2482328,FR1,2014,domestic_league,995,1082,FC Nantes,LOSC Lille,1,1
2015-01-31,2482330,FR1,2014,domestic_league,1158,969,FC Lorient,Montpellier HSC,0,0
2015-01-31,2482331,FR1,2014,domestic_league,347,417,FC Metz,OGC Nice,0,0
2015-01-31,2482332,FR1,2014,domestic_league,415,1421,FC Toulouse,Stade Reims,1,0
2015-01-31,2486690,GB1,2014,domestic_league,631,281,Chelsea FC,Manchester City,1,1
2015-01-31,2486691,GB1,2014,domestic_league,873,29,Crystal Palace,Everton FC,0,1
2015-01-31,2486692,GB1,2014,domestic_league,3008,762,Hull City,Newcastle United,0,3
2015-01-31,2486693,GB1,2014,domestic_league,31,379,Liverpool FC,West Ham United,2,0
2015-01-31,2486694,GB1,2014,domestic_league,985,1003,Manchester United,Leicester City,3,1
2015-01-31,2486696,GB1,2014,domestic_league,512,1039,Stoke City,Queens Park Rangers,3,1
2015-01-31,2486697,GB1,2014,domestic_league,289,1132,Sunderland AFC,Burnley FC,2,0
2015-01-31,2486698,GB1,2014,domestic_league,984,148,West Bromwich Albion,Tottenham Hotspur,0,3
2015-01-31,2490878,PO1,2014,domestic_league,982,68608,CD Nacional,CF Os Belenenses,2,1
2015-01-31,2490881,PO1,2014,domestic_league,3327,2420,FC Penafiel,Vitória Guimarães SC,1,1
2015-01-31,2490883,PO1,2014,domestic_league,294,2503,SL Benfica,Boavista FC,3,0
2015-01-31,2494492,GR1,2014,domestic_league,28956,6676,AEL Kalloni,A.G.S Asteras Tripolis,1,0
2015-01-31,2494497,GR1,2014,domestic_league,1091,6418,Panthessalonikios Athlitikos Omilos Konstantinoupoliton,Panetolikos Agrinio,1,2
2015-01-31,2494499,GR1,2014,domestic_league,169,7185,Panionios Athens,Panthrakikos Komotini,2,1
2015-01-31,2505100,SC1,2014,domestic_league,511,2999,Dundee FC,Hamilton Academical FC,1,1
2015-01-31,2505101,SC1,2014,domestic_league,2451,2759,Inverness Caledonian Thistle FC,Ross County FC,1,1
2015-01-31,2505102,SC1,2014,domestic_league,987,2578,Motherwell FC,St. Johnstone FC,1,1
2015-01-31,2505103,SC1,2014,domestic_league,2760,465,Partick Thistle FC,St. Mirren FC,0,1
2015-01-31,2530802,BE1,2014,domestic_league,172,1184,Royal Charleroi Sporting Club,KRC Genk,1,0
2015-01-31,2530803,BE1,2014,domestic_league,28643,354,SK Beveren,KV Mechelen,2,2
2015-01-31,2530804,BE1,2014,domestic_league,968,520,KVC Westerlo,Cercle Brugge,1,0
2015-01-31,2530805,BE1,2014,domestic_league,29228,601,Royal Excel Mouscron (-2022),KV Kortrijk,0,3
2015-02-01,2459762,NL1,2014,domestic_league,234,1268,Feyenoord Rotterdam,ADO Den Haag,2,1
2015-02-01,2459763,NL1,2014,domestic_league,200,1269,FC Utrecht,PEC Zwolle,0,2
2015-02-01,2459764,NL1,2014,domestic_league,499,610,Vitesse Arnhem,Ajax Amsterdam,1,0
2015-02-01,2459765,NL1,2014,domestic_league,1090,1304,AZ Alkmaar,Heracles Almelo,3,1
2015-02-01,2460783,L1,2014,domestic_league,167,533,FC Augsburg,TSG 1899 Hoffenheim,3,1
2015-02-01,2460784,L1,2014,domestic_league,86,44,SV Werder Bremen,Hertha BSC,2,0
2015-02-01,2470089,TR1,2014,domestic_league,2293,825,Konyaspor,Eskisehirspor,1,0
2015-02-01,2470090,TR1,2014,domestic_league,141,20,Galatasaray,Bursaspor,2,2
2015-02-01,2470091,TR1,2014,domestic_league,820,126,Gençlerbirliği Spor Kulübü,Caykur Rizespor,0,2
2015-02-01,2470092,TR1,2014,domestic_league,114,3216,Beşiktaş Jimnastik Kulübü,Mersin Talimyurdu SK,2,1
2015-02-01,2475381,ES1,2014,domestic_league,368,714,Sevilla FC,RCD Espanyol Barcelona,3,2
2015-02-01,2475382,ES1,2014,domestic_league,3302,3709,UD Almería,Getafe CF,1,0
2015-02-01,2475388,ES1,2014,domestic_league,131,1050,FC Barcelona,Villarreal CF,3,2
2015-02-01,2475389,ES1,2014,domestic_league,3368,621,Levante UD,Athletic Bilbao,0,2
2015-02-01,2478788,IT1,2014,domestic_league,800,1390,Atalanta BC,Cagliari Calcio,2,1
2015-02-01,2478791,IT1,2014,domestic_league,458,276,Palermo FC,Hellas Verona,2,1
2015-02-01,2478792,IT1,2014,domestic_league,6574,46,US Sassuolo,Inter Milan,3,1
2015-02-01,2478793,IT1,2014,domestic_league,410,506,Udinese Calcio,Juventus FC,0,0
2015-02-01,2478794,IT1,2014,domestic_league,1429,398,Cesena FC,Società Sportiva Lazio S.p.A.,2,1
2015-02-01,2478795,IT1,2014,domestic_league,862,6195,Chievo Verona,SSC Napoli,1,2
2015-02-01,2478796,IT1,2014,domestic_league,5,130,AC Milan,Parma Calcio 1913,3,1
2015-02-01,2478797,IT1,2014,domestic_league,416,1038,Torino FC,UC Sampdoria,5,1
2015-02-01,2482327,FR1,2014,domestic_league,40,855,FC Girondins Bordeaux,EA Guingamp,1,1
2015-02-01,2482329,FR1,2014,domestic_league,162,1041,AS Monaco,Olympique Lyon,0,0
2015-02-01,2482334,FR1,2014,domestic_league,1162,618,SM Caen,AS Saint-Étienne,1,0
2015-02-01,2486689,GB1,2014,domestic_league,11,405,Arsenal FC,Aston Villa,5,0
2015-02-01,2486695,GB1,2014,domestic_league,180,2288,Southampton FC,Swansea City,0,1
2015-02-01,2490877,PO1,2014,domestic_league,2990,1301,Académica Coimbra,CS Marítimo,1,1
2015-02-01,2490879,PO1,2014,domestic_league,2425,1465,Rio Ave FC,GD Estoril Praia,2,1
2015-02-01,2490880,PO1,2014,domestic_league,720,2995,FC Porto,FC Paços de Ferreira,5,0
2015-02-01,2490882,PO1,2014,domestic_league,8024,336,FC Arouca,Sporting CP,1,3
2015-02-01,2490885,PO1,2014,domestic_league,2424,1085,Gil Vicente FC,Vitória Setúbal FC,1,1
2015-02-01,2494494,GR1,2014,domestic_league,2079,683,Veria NPS,Olympiakos Syndesmos Filathlon Peiraios,0,2
2015-02-01,2494495,GR1,2014,domestic_league,5220,5572,GS Ergotelis,Niki Volou,3,0
2015-02-01,2494496,GR1,2014,domestic_league,2672,128,APO Levadiakos Football Club,AO Xanthi,1,2
2015-02-01,2494498,GR1,2014,domestic_league,265,21957,Panathinaikos Athlitikos Omilos,AO Platanias,3,0
2015-02-01,2494500,GR1,2014,domestic_league,2671,5219,PAS Giannina,AOK Kerkyra,2,1
2015-02-01,2530806,BE1,2014,domestic_league,498,157,KSC Lokeren (- 2020),KAA Gent,3,3
2015-02-01,2530807,BE1,2014,domestic_league,58,3508,RSC Anderlecht,Zulte Waregem,0,0
2015-02-01,2530808,BE1,2014,domestic_league,204,3057,Lierse SK (- 2018),Standard Liège,2,3
2015-02-02,2475380,ES1,2014,domestic_league,1084,1049,Málaga CF,Valencia CF,1,0
2015-02-03,2459766,NL1,2014,domestic_league,1435,798,Go Ahead Eagles,Excelsior Rotterdam,0,0
2015-02-03,2459767,NL1,2014,domestic_league,132,383,NAC Breda,PSV Eindhoven,0,2
2015-02-03,2460788,L1,2014,domestic_league,27,33,Bayern Munich,FC Schalke 04,1,1
2015-02-03,2460790,L1,2014,domestic_league,18,60,Borussia Mönchengladbach,SC Freiburg,1,0
2015-02-03,2460792,L1,2014,domestic_league,42,39,Hannover 96,1.FSV Mainz 05,1,1
2015-02-03,2460794,L1,2014,domestic_league,24,82,Eintracht Frankfurt,VfL Wolfsburg,1,1
2015-02-03,2512844,BE1,2014,domestic_league,1184,2861,KRC Genk,KV Oostende,1,1
2015-02-03,2529661,CIT,2014,domestic_cup,12,430,Associazione Sportiva Roma,ACF Fiorentina,0,2
2015-02-03,2530777,FAC,2014,domestic_cup,931,289,Fulham FC,Sunderland AFC,1,3
2015-02-03,2530778,FAC,2014,domestic_cup,350,466,Sheffield United,Preston North End,1,3
2015-02-03,2530779,FAC,2014,domestic_cup,985,986,Manchester United,Cambridge United,3,0
2015-02-04,2459768,NL1,2014,domestic_league,306,234,SC Heerenveen,Feyenoord Rotterdam,3,1
2015-02-04,2459769,NL1,2014,domestic_league,1268,317,ADO Den Haag,FC Twente Enschede,2,0
2015-02-04,2459770,NL1,2014,domestic_league,1269,1455,PEC Zwolle,FC Dordrecht,4,0
2015-02-04,2459771,NL1,2014,domestic_league,133,499,SC Cambuur Leeuwarden,Vitesse Arnhem,0,2
2015-02-04,2459772,NL1,2014,domestic_league,403,200,Willem II Tilburg,FC Utrecht,1,0
2015-02-04,2460789,L1,2014,domestic_league,16,167,Borussia Dortmund,FC Augsburg,0,1
2015-02-04,2460791,L1,2014,domestic_league,533,86,TSG 1899 Hoffenheim,SV Werder Bremen,1,2
2015-02-04,2460793,L1,2014,domestic_league,44,15,Hertha BSC,Bayer 04 Leverkusen,0,1
2015-02-04,2460795,L1,2014,domestic_league,3,79,1.FC Köln,VfB Stuttgart,0,0
2015-02-04,2460796,L1,2014,domestic_league,127,41,SC Paderborn 07,Hamburger SV,0,3
2015-02-04,2475338,ES1,2014,domestic_league,418,368,Real Madrid,Sevilla FC,2,1
2015-02-04,2494501,GR1,2014,domestic_league,128,169,AO Xanthi,Panionios Athens,1,1
2015-02-04,2494502,GR1,2014,domestic_league,5219,2672,AOK Kerkyra,APO Levadiakos Football Club,0,0
2015-02-04,2494503,GR1,2014,domestic_league,6676,21957,A.G.S Asteras Tripolis,AO Platanias,1,0
2015-02-04,2494505,GR1,2014,domestic_league,653,1091,Omilos Filathlon Irakliou FC,Panthessalonikios Athlitikos Omilos Konstantinoupoliton,3,1
2015-02-04,2494506,GR1,2014,domestic_league,683,3060,Olympiakos Syndesmos Filathlon Peiraios,APS Atromitos Athinon,2,1
2015-02-04,2494507,GR1,2014,domestic_league,6418,5220,Panetolikos Agrinio,GS Ergotelis,4,0
2015-02-04,2494509,GR1,2014,domestic_league,2671,2079,PAS Giannina,Veria NPS,4,1
2015-02-04,2524758,POCP,2014,,2420,68608,Vitória Guimarães SC,CF Os Belenenses,2,0
2015-02-04,2524759,POCP,2014,,1085,2503,Vitória Setúbal FC,Boavista FC,3,0
2015-02-04,2524768,POCP,2014,,2425,1075,Rio Ave FC,SC Braga,0,2
2015-02-04,2524769,POCP,2014,,2990,976,Académica Coimbra,CF União Madeira (-2021),3,1
2015-02-04,2529662,CIT,2014,domestic_cup,6195,46,SSC Napoli,Inter Milan,1,0
2015-02-04,2530780,FAC,2014,domestic_cup,355,31,Bolton Wanderers,Liverpool FC,1,2
2015-02-05,2459773,NL1,2014,domestic_league,1304,202,Heracles Almelo,FC Groningen,2,2
2015-02-05,2459774,NL1,2014,domestic_league,610,1090,Ajax Amsterdam,AZ Alkmaar,0,1
2015-02-05,2494504,GR1,2014,domestic_league,5572,265,Niki Volou,Panathinaikos Athlitikos Omilos,0,3
2015-02-05,2494508,GR1,2014,domestic_league,7185,28956,Panthrakikos Komotini,AEL Kalloni,3,2
2015-02-06,2460797,L1,2014,domestic_league,33,18,FC Schalke 04,Borussia Mönchengladbach,1,0
2015-02-06,2470098,TR1,2014,domestic_league,6890,1506,Basaksehir FK,Kardemir Karabükspor,2,2
2015-02-06,2475395,ES1,2014,domestic_league,897,1533,Deportivo de La Coruña,SD Eibar,2,0
2015-02-06,2482336,FR1,2014,domestic_league,618,826,AS Saint-Étienne,RC Lens,3,3
2015-02-06,2532361,BE1,2014,domestic_league,3057,29228,Standard Liège,Royal Excel Mouscron (-2022),3,0
2015-02-07,2459775,NL1,2014,domestic_league,1455,1268,FC Dordrecht,ADO Den Haag,0,0
2015-02-07,2459776,NL1,2014,domestic_league,317,798,FC Twente Enschede,Excelsior Rotterdam,1,3
2015-02-07,2459777,NL1,2014,domestic_league,306,1269,SC Heerenveen,PEC Zwolle,4,0
2015-02-07,2459778,NL1,2014,domestic_league,132,499,NAC Breda,Vitesse Arnhem,0,1
2015-02-07,2459779,NL1,2014,domestic_league,383,200,PSV Eindhoven,FC Utrecht,3,1
2015-02-07,2460798,L1,2014,domestic_league,82,533,VfL Wolfsburg,TSG 1899 Hoffenheim,3,0
2015-02-07,2460799,L1,2014,domestic_league,39,44,1.FSV Mainz 05,Hertha BSC,0,2
2015-02-07,2460802,L1,2014,domestic_league,60,16,SC Freiburg,Borussia Dortmund,0,3
2015-02-07,2460803,L1,2014,domestic_league,79,27,VfB Stuttgart,Bayern Munich,0,2
2015-02-07,2460804,L1,2014,domestic_league,41,42,Hamburger SV,Hannover 96,2,1
2015-02-07,2460805,L1,2014,domestic_league,3,127,1.FC Köln,SC Paderborn 07,0,0
2015-02-07,2470093,TR1,2014,domestic_league,36,449,Fenerbahce,Trabzonspor,0,0
2015-02-07,2470097,TR1,2014,domestic_league,6894,524,Kayseri Erciyesspor,Gaziantepspor (- 2020),0,1
2015-02-07,2470100,TR1,2014,domestic_league,2381,19771,Sivasspor,Akhisarspor,2,0
2015-02-07,2475393,ES1,2014,domestic_league,681,940,Real Sociedad,Celta de Vigo,1,1
2015-02-07,2475394,ES1,2014,domestic_league,13,418,Atlético de Madrid,Real Madrid,4,0
2015-02-07,2475397,ES1,2014,domestic_league,1050,16795,Villarreal CF,Granada CF,2,0
2015-02-07,2475399,ES1,2014,domestic_league,3368,1084,Levante UD,Málaga CF,4,1
2015-02-07,2478802,IT1,2014,domestic_league,506,5,Juventus FC,AC Milan,3,1
2015-02-07,2478806,IT1,2014,domestic_league,276,416,Hellas Verona,Torino FC,1,3
2015-02-07,2482335,FR1,2014,domestic_league,14171,40,Thonon Évian Grand Genève FC,FC Girondins Bordeaux,0,1
2015-02-07,2482337,FR1,2014,domestic_league,969,1082,Montpellier HSC,LOSC Lille,1,2
2015-02-07,2482338,FR1,2014,domestic_league,1421,1158,Stade Reims,FC Lorient,1,3
2015-02-07,2482339,FR1,2014,domestic_league,273,244,Stade Rennais FC,Olympique Marseille,1,1
2015-02-07,2482340,FR1,2014,domestic_league,595,347,SC Bastia,FC Metz,2,0
2015-02-07,2482344,FR1,2014,domestic_league,1162,415,SM Caen,FC Toulouse,2,0
2015-02-07,2486699,GB1,2014,domestic_league,405,631,Aston Villa,Chelsea FC,1,2
2015-02-07,2486701,GB1,2014,domestic_league,29,31,Everton FC,Liverpool FC,0,0
2015-02-07,2486702,GB1,2014,domestic_league,1003,873,Leicester City,Crystal Palace,0,1
2015-02-07,2486703,GB1,2014,domestic_league,281,3008,Manchester City,Hull City,1,1
2015-02-07,2486705,GB1,2014,domestic_league,1039,180,Queens Park Rangers,Southampton FC,0,1
2015-02-07,2486706,GB1,2014,domestic_league,2288,289,Swansea City,Sunderland AFC,1,1
2015-02-07,2486707,GB1,2014,domestic_league,148,11,Tottenham Hotspur,Arsenal FC,2,1
2015-02-07,2490894,PO1,2014,domestic_league,979,720,Moreirense FC,FC Porto,0,2
2015-02-07,2505086,SC1,2014,domestic_league,370,2759,Aberdeen FC,Ross County FC,4,0
2015-02-07,2514883,SFA,2014,domestic_cup,3001,2578,Queen of the South FC,St. Johnstone FC,2,0
2015-02-07,2514885,SFA,2014,domestic_cup,511,371,Dundee FC,Celtic FC,0,2
2015-02-07,2514886,SFA,2014,domestic_cup,903,3021,Hibernian FC,Arbroath FC,3,1
2015-02-07,2516473,SFA,2014,domestic_cup,2760,2451,Partick Thistle FC,Inverness Caledonian Thistle FC,1,2
2015-02-07,2518593,GR1,2014,domestic_league,2672,2671,APO Levadiakos Football Club,PAS Giannina,1,2
2015-02-07,2518594,GR1,2014,domestic_league,5220,653,GS Ergotelis,Omilos Filathlon Irakliou FC,3,2
2015-02-07,2518595,GR1,2014,domestic_league,2079,3060,Veria NPS,APS Atromitos Athinon,1,1
2015-02-07,2528604,SC1,2014,domestic_league,2999,2553,Hamilton Academical FC,Kilmarnock FC,0,0
2015-02-07,2532362,BE1,2014,domestic_league,354,172,KV Mechelen,Royal Charleroi Sporting Club,0,0
2015-02-07,2532363,BE1,2014,domestic_league,157,968,KAA Gent,KVC Westerlo,4,0
2015-02-07,2532364,BE1,2014,domestic_league,2861,498,KV Oostende,KSC Lokeren (- 2020),0,1
2015-02-07,2532365,BE1,2014,domestic_league,3508,204,Zulte Waregem,Lierse SK (- 2018),2,3
2015-02-07,2533672,SFA,2014,domestic_cup,17602,2801,The Spartans FC,Berwick Rangers FC,1,1
2015-02-07,2533673,SFA,2014,domestic_cup,1191,3194,Falkirk FC,Brechin City FC,2,1
2015-02-08,2459780,NL1,2014,domestic_league,234,133,Feyenoord Rotterdam,SC Cambuur Leeuwarden,2,1
2015-02-08,2459781,NL1,2014,domestic_league,403,1304,Willem II Tilburg,Heracles Almelo,3,0
2015-02-08,2459782,NL1,2014,domestic_league,1435,610,Go Ahead Eagles,Ajax Amsterdam,1,2
2015-02-08,2459783,NL1,2014,domestic_league,202,1090,FC Groningen,AZ Alkmaar,2,4
2015-02-08,2460800,L1,2014,domestic_league,167,24,FC Augsburg,Eintracht Frankfurt,2,2
2015-02-08,2460801,L1,2014,domestic_league,86,15,SV Werder Bremen,Bayer 04 Leverkusen,2,1
2015-02-08,2470094,TR1,2014,domestic_league,20,820,Bursaspor,Gençlerbirliği Spor Kulübü,3,1
2015-02-08,2470096,TR1,2014,domestic_league,20698,2293,Balikesirspor,Konyaspor,0,1
2015-02-08,2470099,TR1,2014,domestic_league,3216,10484,Mersin Talimyurdu SK,Kasimpasa,6,2
2015-02-08,2470101,TR1,2014,domestic_league,126,114,Caykur Rizespor,Beşiktaş Jimnastik Kulübü,1,2
2015-02-08,2475390,ES1,2014,domestic_league,714,1049,RCD Espanyol Barcelona,Valencia CF,1,2
2015-02-08,2475391,ES1,2014,domestic_league,3709,368,Getafe CF,Sevilla FC,2,1
2015-02-08,2475392,ES1,2014,domestic_league,993,3302,Córdoba CF,UD Almería,1,2
2015-02-08,2475398,ES1,2014,domestic_league,621,131,Athletic Bilbao,FC Barcelona,2,5
2015-02-08,2478798,IT1,2014,domestic_league,430,800,ACF Fiorentina,Atalanta BC,3,2
2015-02-08,2478799,IT1,2014,domestic_league,749,1429,FC Empoli,Cesena FC,2,0
2015-02-08,2478803,IT1,2014,domestic_league,46,458,Inter Milan,Palermo FC,3,0
2015-02-08,2478804,IT1,2014,domestic_league,1390,12,Cagliari Calcio,Associazione Sportiva Roma,1,2
2015-02-08,2478805,IT1,2014,domestic_league,1038,6574,UC Sampdoria,US Sassuolo,1,1
2015-02-08,2478807,IT1,2014,domestic_league,6195,410,SSC Napoli,Udinese Calcio,3,1
2015-02-08,2482341,FR1,2014,domestic_league,855,162,EA Guingamp,AS Monaco,1,0
2015-02-08,2482342,FR1,2014,domestic_league,417,995,OGC Nice,FC Nantes,0,0
2015-02-08,2482343,FR1,2014,domestic_league,1041,583,Olympique Lyon,Paris Saint-Germain,1,1
2015-02-08,2486700,GB1,2014,domestic_league,1132,984,Burnley FC,West Bromwich Albion,2,2
2015-02-08,2486704,GB1,2014,domestic_league,762,512,Newcastle United,Stoke City,1,1
2015-02-08,2486708,GB1,2014,domestic_league,379,985,West Ham United,Manchester United,1,1
2015-02-08,2490886,PO1,2014,domestic_league,8024,982,FC Arouca,CD Nacional,3,3
2015-02-08,2490887,PO1,2014,domestic_league,1085,2990,Vitória Setúbal FC,Académica Coimbra,0,0
2015-02-08,2490888,PO1,2014,domestic_league,2420,68608,Vitória Guimarães SC,CF Os Belenenses,0,1
2015-02-08,2490889,PO1,2014,domestic_league,336,294,Sporting CP,SL Benfica,1,1
2015-02-08,2490890,PO1,2014,domestic_league,1465,1075,GD Estoril Praia,SC Braga,0,2
2015-02-08,2490891,PO1,2014,domestic_league,1301,2424,CS Marítimo,Gil Vicente FC,1,2
2015-02-08,2490893,PO1,2014,domestic_league,2995,3327,FC Paços de Ferreira,FC Penafiel,2,1
2015-02-08,2514884,SFA,2014,domestic_cup,124,2795,Rangers FC,Raith Rovers FC,1,2
2015-02-08,2518596,GR1,2014,domestic_league,6676,5572,A.G.S Asteras Tripolis,Niki Volou,3,0
2015-02-08,2518597,GR1,2014,domestic_league,265,6418,Panathinaikos Athlitikos Omilos,Panetolikos Agrinio,1,0
2015-02-08,2518598,GR1,2014,domestic_league,169,5219,Panionios Athens,AOK Kerkyra,0,0
2015-02-08,2518599,GR1,2014,domestic_league,21957,7185,AO Platanias,Panthrakikos Komotini,2,0
2015-02-08,2518600,GR1,2014,domestic_league,1091,683,Panthessalonikios Athlitikos Omilos Konstantinoupoliton,Olympiakos Syndesmos Filathlon Peiraios,0,0
2015-02-08,2532366,BE1,2014,domestic_league,601,2282,KV Kortrijk,Club Brugge KV,2,0
2015-02-08,2532367,BE1,2014,domestic_league,520,58,Cercle Brugge,RSC Anderlecht,0,2
2015-02-08,2532368,BE1,2014,domestic_league,1184,28643,KRC Genk,SK Beveren,1,0
2015-02-08,2533674,SFA,2014,domestic_cup,3034,1519,Stranraer FC,Dundee United FC,0,3
2015-02-09,2470095,TR1,2014,domestic_league,825,141,Eskisehirspor,Galatasaray,1,2
2015-02-09,2475396,ES1,2014,domestic_league,1531,367,Elche CF,Rayo Vallecano,2,0
2015-02-09,2478801,IT1,2014,domestic_league,398,252,Società Sportiva Lazio S.p.A.,Genoa CFC,0,1
2015-02-09,2490892,PO1,2014,domestic_league,2503,2425,Boavista FC,Rio Ave FC,1,1
2015-02-09,2518601,GR1,2014,domestic_league,28956,128,AEL Kalloni,AO Xanthi,2,2
2015-02-10,2486709,GB1,2014,domestic_league,11,1003,Arsenal FC,Leicester City,2,1
2015-02-10,2486710,GB1,2014,domestic_league,3008,405,Hull City,Aston Villa,2,0
2015-02-10,2486714,GB1,2014,domestic_league,31,148,Liverpool FC,Tottenham Hotspur,3,2
2015-02-10,2486718,GB1,2014,domestic_league,289,1039,Sunderland AFC,Queens Park Rangers,0,2
2015-02-11,2478800,IT1,2014,domestic_league,130,862,Parma Calcio 1913,Chievo Verona,0,1
2015-02-11,2486711,GB1,2014,domestic_league,985,1132,Manchester United,Burnley FC,3,1
2015-02-11,2486712,GB1,2014,domestic_league,180,379,Southampton FC,West Ham United,0,0
2015-02-11,2486713,GB1,2014,domestic_league,873,762,Crystal Palace,Newcastle United,1,1
2015-02-11,2486715,GB1,2014,domestic_league,984,2288,West Bromwich Albion,Swansea City,2,0
2015-02-11,2486716,GB1,2014,domestic_league,631,29,Chelsea FC,Everton FC,1,0
2015-02-11,2486717,GB1,2014,domestic_league,512,281,Stoke City,Manchester City,1,4
2015-02-11,2505065,SC1,2014,domestic_league,2760,371,Partick Thistle FC,Celtic FC,0,3
2015-02-11,2532386,CDR,2014,domestic_cup,131,1050,FC Barcelona,Villarreal CF,3,1
2015-02-11,2532387,CDR,2014,domestic_cup,621,714,Athletic Bilbao,RCD Espanyol Barcelona,1,1
2015-02-11,2532981,POCP,2014,,294,1085,SL Benfica,Vitória Setúbal FC,3,0
2015-02-11,2533038,GRP,2014,domestic_cup,47,169,Iraklis Thessaloniki,Panionios Athens,2,0
2015-02-11,2533039,GRP,2014,domestic_cup,683,2441,Olympiakos Syndesmos Filathlon Peiraios,Athlitiki Enosi Konstantinoupoleos,1,1
2015-02-12,2533040,GRP,2014,domestic_cup,7646,441,AO Chania,Apollon Smyrnis,1,1
2015-02-12,2533041,GRP,2014,domestic_cup,653,128,Omilos Filathlon Irakliou FC,AO Xanthi,1,1
2015-02-13,2459784,NL1,2014,domestic_league,1090,383,AZ Alkmaar,PSV Eindhoven,2,4
2015-02-13,2460807,L1,2014,domestic_league,16,39,Borussia Dortmund,1.FSV Mainz 05,4,2
2015-02-13,2475403,ES1,2014,domestic_league,3302,681,UD Almería,Real Sociedad,2,2
2015-02-13,2482352,FR1,2014,domestic_league,244,1421,Olympique Marseille,Stade Reims,2,2
2015-02-13,2498714,PO1,2014,domestic_league,720,2420,FC Porto,Vitória Guimarães SC,1,0
2015-02-13,2532369,BE1,2014,domestic_league,968,1184,KVC Westerlo,KRC Genk,1,2
2015-02-14,2459785,NL1,2014,domestic_league,1304,234,Heracles Almelo,Feyenoord Rotterdam,2,0
2015-02-14,2459786,NL1,2014,domestic_league,798,202,Excelsior Rotterdam,FC Groningen,1,1
2015-02-14,2459787,NL1,2014,domestic_league,499,403,Vitesse Arnhem,Willem II Tilburg,2,0
2015-02-14,2459788,NL1,2014,domestic_league,1268,132,ADO Den Haag,NAC Breda,3,2
2015-02-14,2460806,L1,2014,domestic_league,27,41,Bayern Munich,Hamburger SV,8,0
2015-02-14,2460808,L1,2014,domestic_league,15,82,Bayer 04 Leverkusen,VfL Wolfsburg,4,5
2015-02-14,2460809,L1,2014,domestic_league,18,3,Borussia Mönchengladbach,1.FC Köln,1,0
2015-02-14,2460810,L1,2014,domestic_league,533,79,TSG 1899 Hoffenheim,VfB Stuttgart,2,1
2015-02-14,2460813,L1,2014,domestic_league,86,167,SV Werder Bremen,FC Augsburg,3,2
2015-02-14,2460814,L1,2014,domestic_league,24,33,Eintracht Frankfurt,FC Schalke 04,1,0
2015-02-14,2470103,TR1,2014,domestic_league,524,36,Gaziantepspor (- 2020),Fenerbahce,0,5
2015-02-14,2470106,TR1,2014,domestic_league,19771,6894,Akhisarspor,Kayseri Erciyesspor,1,0
2015-02-14,2470109,TR1,2014,domestic_league,1506,10484,Kardemir Karabükspor,Kasimpasa,0,0
2015-02-14,2475400,ES1,2014,domestic_league,1084,714,Málaga CF,RCD Espanyol Barcelona,0,2
2015-02-14,2475402,ES1,2014,domestic_league,368,993,Sevilla FC,Córdoba CF,3,0
2015-02-14,2475405,ES1,2014,domestic_league,418,897,Real Madrid,Deportivo de La Coruña,2,0
2015-02-14,2475408,ES1,2014,domestic_league,16795,621,Granada CF,Athletic Bilbao,0,0
2015-02-14,2478810,IT1,2014,domestic_league,6574,430,US Sassuolo,ACF Fiorentina,1,3
2015-02-14,2478815,IT1,2014,domestic_league,458,6195,Palermo FC,SSC Napoli,3,1
2015-02-14,2482345,FR1,2014,domestic_league,995,595,FC Nantes,SC Bastia,0,2
2015-02-14,2482346,FR1,2014,domestic_league,583,1162,Paris Saint-Germain,SM Caen,2,2
2015-02-14,2482347,FR1,2014,domestic_league,826,14171,RC Lens,Thonon Évian Grand Genève FC,0,2
2015-02-14,2482351,FR1,2014,domestic_league,1082,417,LOSC Lille,OGC Nice,0,0
2015-02-14,2482353,FR1,2014,domestic_league,415,273,FC Toulouse,Stade Rennais FC,2,1
2015-02-14,2498713,PO1,2014,domestic_league,2424,2995,Gil Vicente FC,FC Paços de Ferreira,1,0
2015-02-14,2498718,PO1,2014,domestic_league,68608,336,CF Os Belenenses,Sporting CP,1,1
2015-02-14,2505104,SC1,2014,domestic_league,511,2760,Dundee FC,Partick Thistle FC,1,0
2015-02-14,2505106,SC1,2014,domestic_league,2553,1519,Kilmarnock FC,Dundee United FC,3,2
2015-02-14,2505107,SC1,2014,domestic_league,2759,987,Ross County FC,Motherwell FC,3,2
2015-02-14,2505108,SC1,2014,domestic_league,2578,371,St. Johnstone FC,Celtic FC,1,2
2015-02-14,2505109,SC1,2014,domestic_league,465,2451,St. Mirren FC,Inverness Caledonian Thistle FC,1,2
2015-02-14,2518602,GR1,2014,domestic_league,7185,5572,Panthrakikos Komotini,Niki Volou,3,0
2015-02-14,2518603,GR1,2014,domestic_league,2671,169,PAS Giannina,Panionios Athens,1,3
2015-02-14,2518605,GR1,2014,domestic_league,683,5220,Olympiakos Syndesmos Filathlon Peiraios,GS Ergotelis,3,0
2015-02-14,2518608,GR1,2014,domestic_league,6418,6676,Panetolikos Agrinio,A.G.S Asteras Tripolis,2,0
2015-02-14,2530790,FAC,2014,domestic_cup,984,379,West Bromwich Albion,West Ham United,4,0
2015-02-14,2530791,FAC,2014,domestic_cup,164,512,Blackburn Rovers,Stoke City,4,1
2015-02-14,2530792,FAC,2014,domestic_cup,22,1032,Derby County,Reading FC,1,2
2015-02-14,2532370,BE1,2014,domestic_league,3508,3057,Zulte Waregem,Standard Liège,1,1
2015-02-14,2532371,BE1,2014,domestic_league,29228,2861,Royal Excel Mouscron (-2022),KV Oostende,0,1
2015-02-14,2532372,BE1,2014,domestic_league,204,520,Lierse SK (- 2018),Cercle Brugge,2,1
2015-02-14,2532373,BE1,2014,domestic_league,28643,601,SK Beveren,KV Kortrijk,1,0
2015-02-14,2532982,FAC,2014,domestic_cup,873,31,Crystal Palace,Liverpool FC,1,2
2015-02-15,2459789,NL1,2014,domestic_league,133,306,SC Cambuur Leeuwarden,SC Heerenveen,2,1
2015-02-15,2459790,NL1,2014,domestic_league,200,1455,FC Utrecht,FC Dordrecht,6,1
2015-02-15,2459791,NL1,2014,domestic_league,1269,1435,PEC Zwolle,Go Ahead Eagles,0,1
2015-02-15,2459792,NL1,2014,domestic_league,610,317,Ajax Amsterdam,FC Twente Enschede,4,2
2015-02-15,2460811,L1,2014,domestic_league,42,127,Hannover 96,SC Paderborn 07,1,2
2015-02-15,2460812,L1,2014,domestic_league,44,60,Hertha BSC,SC Freiburg,0,2
2015-02-15,2470102,TR1,2014,domestic_league,126,3216,Caykur Rizespor,Mersin Talimyurdu SK,0,4
2015-02-15,2470105,TR1,2014,domestic_league,449,6890,Trabzonspor,Basaksehir FK,3,2
2015-02-15,2470107,TR1,2014,domestic_league,2293,2381,Konyaspor,Sivasspor,0,1
2015-02-15,2470108,TR1,2014,domestic_league,114,20,Beşiktaş Jimnastik Kulübü,Bursaspor,3,2
2015-02-15,2475401,ES1,2014,domestic_league,1049,3709,Valencia CF,Getafe CF,1,0
2015-02-15,2475404,ES1,2014,domestic_league,940,13,Celta de Vigo,Atlético de Madrid,2,0
2015-02-15,2475407,ES1,2014,domestic_league,367,1050,Rayo Vallecano,Villarreal CF,2,0
2015-02-15,2475409,ES1,2014,domestic_league,131,3368,FC Barcelona,Levante UD,5,0
2015-02-15,2478808,IT1,2014,domestic_league,416,1390,Torino FC,Cagliari Calcio,1,1
2015-02-15,2478809,IT1,2014,domestic_league,5,749,AC Milan,FC Empoli,1,1
2015-02-15,2478811,IT1,2014,domestic_league,252,276,Genoa CFC,Hellas Verona,5,2
2015-02-15,2478812,IT1,2014,domestic_league,800,46,Atalanta BC,Inter Milan,1,4
2015-02-15,2478813,IT1,2014,domestic_league,1429,506,Cesena FC,Juventus FC,2,2
2015-02-15,2478814,IT1,2014,domestic_league,410,398,Udinese Calcio,Società Sportiva Lazio S.p.A.,0,1
2015-02-15,2478816,IT1,2014,domestic_league,12,130,Associazione Sportiva Roma,Parma Calcio 1913,0,0
2015-02-15,2478817,IT1,2014,domestic_league,862,1038,Chievo Verona,UC Sampdoria,2,1
2015-02-15,2482348,FR1,2014,domestic_league,347,855,FC Metz,EA Guingamp,0,2
2015-02-15,2482349,FR1,2014,domestic_league,1158,1041,FC Lorient,Olympique Lyon,1,1
2015-02-15,2482354,FR1,2014,domestic_league,40,618,FC Girondins Bordeaux,AS Saint-Étienne,1,0
2015-02-15,2498710,PO1,2014,domestic_league,294,1085,SL Benfica,Vitória Setúbal FC,3,0
2015-02-15,2498711,PO1,2014,domestic_league,1075,8024,SC Braga,FC Arouca,2,0
2015-02-15,2498715,PO1,2014,domestic_league,3327,1301,FC Penafiel,CS Marítimo,3,4
2015-02-15,2498716,PO1,2014,domestic_league,2425,979,Rio Ave FC,Moreirense FC,1,1
2015-02-15,2498717,PO1,2014,domestic_league,2990,2503,Académica Coimbra,Boavista FC,0,0
2015-02-15,2505105,SC1,2014,domestic_league,2999,370,Hamilton Academical FC,Aberdeen FC,0,3
2015-02-15,2518604,GR1,2014,domestic_league,653,265,Omilos Filathlon Irakliou FC,Panathinaikos Athlitikos Omilos,2,3
2015-02-15,2518606,GR1,2014,domestic_league,5219,28956,AOK Kerkyra,AEL Kalloni,2,0
2015-02-15,2518607,GR1,2014,domestic_league,2672,2079,APO Levadiakos Football Club,Veria NPS,0,2
2015-02-15,2518609,GR1,2014,domestic_league,3060,1091,APS Atromitos Athinon,Panthessalonikios Athlitikos Omilos Konstantinoupoliton,4,0
2015-02-15,2530788,FAC,2014,domestic_cup,11,641,Arsenal FC,Middlesbrough FC,2,0
2015-02-15,2530789,FAC,2014,domestic_cup,405,1003,Aston Villa,Leicester City,2,1
2015-02-15,2532374,BE1,2014,domestic_league,58,354,RSC Anderlecht,KV Mechelen,1,1
2015-02-15,2532375,BE1,2014,domestic_league,2282,498,Club Brugge KV,KSC Lokeren (- 2020),1,1
2015-02-15,2532376,BE1,2014,domestic_league,172,157,Royal Charleroi Sporting Club,KAA Gent,0,0
2015-02-15,2532796,FAC,2014,domestic_cup,1027,289,Bradford City,Sunderland AFC,2,0
2015-02-16,2470104,TR1,2014,domestic_league,141,20698,Galatasaray,Balikesirspor,3,1
2015-02-16,2470110,TR1,2014,domestic_league,820,825,Gençlerbirliği Spor Kulübü,Eskisehirspor,1,2
2015-02-16,2475406,ES1,2014,domestic_league,1533,1531,SD Eibar,Elche CF,0,1
2015-02-16,2498712,PO1,2014,domestic_league,982,1465,CD Nacional,GD Estoril Praia,1,0
2015-02-16,2518610,GR1,2014,domestic_league,128,21957,AO Xanthi,AO Platanias,0,0
2015-02-16,2532797,FAC,2014,domestic_cup,466,985,Preston North End,Manchester United,1,3
2015-02-17,2517512,CL,2014,international_cup,583,631,Paris Saint-Germain,Chelsea FC,1,1
2015-02-17,2517517,CL,2014,international_cup,660,27,FC Shakhtar Donetsk,Bayern Munich,0,0
2015-02-17,2533761,SFA,2014,domestic_cup,2801,17602,Berwick Rangers FC,The Spartans FC,1,0
2015-02-18,2494461,GR1,2014,domestic_league,5220,169,GS Ergotelis,Panionios Athens,2,2
2015-02-18,2517516,CL,2014,international_cup,33,418,FC Schalke 04,Real Madrid,0,2
2015-02-18,2517519,CL,2014,international_cup,26,720,FC Basel 1893,FC Porto,1,1
2015-02-19,2517528,EL,2014,other,452,29,BSC Young Boys,Everton FC,1,4
2015-02-19,2517529,EL,2014,other,416,621,Torino FC,Athletic Bilbao,2,2
2015-02-19,2517530,EL,2014,other,368,18,Sevilla FC,Borussia Mönchengladbach,1,0
2015-02-19,2517531,EL,2014,other,82,336,VfL Wolfsburg,Sporting CP,2,0
2015-02-19,2517532,EL,2014,other,610,255,Ajax Amsterdam,Legia Warszawa,1,0
2015-02-19,2517533,EL,2014,other,1053,2282,Aalborg BK,Club Brugge KV,1,3
2015-02-19,2517534,EL,2014,other,58,121,RSC Anderlecht,FK Dinamo Moskva,0,0
2015-02-19,2517535,EL,2014,other,339,683,Dnipro Dnipropetrovsk (-2020),Olympiakos Syndesmos Filathlon Peiraios,2,0
2015-02-19,2517536,EL,2014,other,449,6195,Trabzonspor,SSC Napoli,0,4
2015-02-19,2517537,EL,2014,other,855,338,EA Guingamp,Dynamo Kyiv,2,1
2015-02-19,2517538,EL,2014,other,1050,409,Villarreal CF,Fußballclub Red Bull Salzburg,2,1
2015-02-19,2517539,EL,2014,other,12,234,Associazione Sportiva Roma,Feyenoord Rotterdam,1,1
2015-02-19,2517540,EL,2014,other,383,964,PSV Eindhoven,AO FK Zenit Sankt-Peterburg,0,1
2015-02-19,2517541,EL,2014,other,31,114,Liverpool FC,Beşiktaş Jimnastik Kulübü,1,0
2015-02-19,2517542,EL,2014,other,148,430,Tottenham Hotspur,ACF Fiorentina,1,1
2015-02-19,2517543,EL,2014,other,371,46,Celtic FC,Inter Milan,3,3
2015-02-20,2459793,NL1,2014,domestic_league,132,133,NAC Breda,SC Cambuur Leeuwarden,2,1
2015-02-20,2460820,L1,2014,domestic_league,79,16,VfB Stuttgart,Borussia Dortmund,2,3
2015-02-20,2470239,TR1,2014,domestic_league,6894,2293,Kayseri Erciyesspor,Konyaspor,3,0
2015-02-20,2475410,ES1,2014,domestic_league,3709,714,Getafe CF,RCD Espanyol Barcelona,2,1
2015-02-20,2478818,IT1,2014,domestic_league,506,800,Juventus FC,Atalanta BC,2,1
2015-02-20,2482361,FR1,2014,domestic_league,417,162,OGC Nice,AS Monaco,0,1
2015-02-20,2498727,PO1,2014,domestic_league,2995,2420,FC Paços de Ferreira,Vitória Guimarães SC,2,2
2015-02-20,2532377,BE1,2014,domestic_league,3057,28643,Standard Liège,SK Beveren,3,2
2015-02-20,2532448,DK1,2014,domestic_league,2778,5724,FC Nordsjaelland,Randers FC,0,3
2015-02-21,2459794,NL1,2014,domestic_league,1268,1269,ADO Den Haag,PEC Zwolle,3,2
2015-02-21,2459795,NL1,2014,domestic_league,1435,1090,Go Ahead Eagles,AZ Alkmaar,0,2
2015-02-21,2459797,NL1,2014,domestic_league,1304,200,Heracles Almelo,FC Utrecht,1,1
2015-02-21,2460815,L1,2014,domestic_league,33,86,FC Schalke 04,SV Werder Bremen,1,1
2015-02-21,2460817,L1,2014,domestic_league,39,24,1.FSV Mainz 05,Eintracht Frankfurt,3,1
2015-02-21,2460818,L1,2014,domestic_league,167,15,FC Augsburg,Bayer 04 Leverkusen,2,2
2015-02-21,2460819,L1,2014,domestic_league,60,533,SC Freiburg,TSG 1899 Hoffenheim,1,1
2015-02-21,2460822,L1,2014,domestic_league,3,42,1.FC Köln,Hannover 96,1,1
2015-02-21,2460823,L1,2014,domestic_league,127,27,SC Paderborn 07,Bayern Munich,0,6
2015-02-21,2470240,TR1,2014,domestic_league,6890,524,Basaksehir FK,Gaziantepspor (- 2020),1,0
2015-02-21,2470241,TR1,2014,domestic_league,20,126,Bursaspor,Caykur Rizespor,1,1
2015-02-21,2470242,TR1,2014,domestic_league,2381,141,Sivasspor,Galatasaray,2,3
2015-02-21,2475411,ES1,2014,domestic_league,993,1049,Córdoba CF,Valencia CF,1,2
2015-02-21,2475413,ES1,2014,domestic_league,13,3302,Atlético de Madrid,UD Almería,3,0
2015-02-21,2475414,ES1,2014,domestic_league,897,940,Deportivo de La Coruña,Celta de Vigo,0,2
2015-02-21,2475419,ES1,2014,domestic_league,131,1084,FC Barcelona,Málaga CF,0,1
2015-02-21,2482355,FR1,2014,domestic_league,273,40,Stade Rennais FC,FC Girondins Bordeaux,1,1
2015-02-21,2482356,FR1,2014,domestic_league,1162,826,SM Caen,RC Lens,4,1
2015-02-21,2482357,FR1,2014,domestic_league,595,1082,SC Bastia,LOSC Lille,2,1
2015-02-21,2482364,FR1,2014,domestic_league,583,415,Paris Saint-Germain,FC Toulouse,3,1
2015-02-21,2486719,GB1,2014,domestic_league,405,512,Aston Villa,Stoke City,1,2
2015-02-21,2486720,GB1,2014,domestic_league,631,1132,Chelsea FC,Burnley FC,1,1
2015-02-21,2486721,GB1,2014,domestic_league,873,11,Crystal Palace,Arsenal FC,1,2
2015-02-21,2486723,GB1,2014,domestic_league,3008,1039,Hull City,Queens Park Rangers,2,1
2015-02-21,2486724,GB1,2014,domestic_league,281,762,Manchester City,Newcastle United,5,0
2015-02-21,2486726,GB1,2014,domestic_league,289,984,Sunderland AFC,West Bromwich Albion,0,0
2015-02-21,2486727,GB1,2014,domestic_league,2288,985,Swansea City,Manchester United,2,1
2015-02-21,2498721,PO1,2014,domestic_league,979,294,Moreirense FC,SL Benfica,1,3
2015-02-21,2498723,PO1,2014,domestic_league,1085,3327,Vitória Setúbal FC,FC Penafiel,0,1
2015-02-21,2498726,PO1,2014,domestic_league,1075,982,SC Braga,CD Nacional,3,1
2015-02-21,2505110,SC1,2014,domestic_league,370,465,Aberdeen FC,St. Mirren FC,3,0
2015-02-21,2505112,SC1,2014,domestic_league,1519,2578,Dundee United FC,St. Johnstone FC,0,2
2015-02-21,2505113,SC1,2014,domestic_league,2451,2553,Inverness Caledonian Thistle FC,Kilmarnock FC,3,3
2015-02-21,2518611,GR1,2014,domestic_league,5572,128,Niki Volou,AO Xanthi,0,3
2015-02-21,2518613,GR1,2014,domestic_league,2079,1091,Veria NPS,Panthessalonikios Athlitikos Omilos Konstantinoupoliton,1,3
2015-02-21,2518615,GR1,2014,domestic_league,28956,2671,AEL Kalloni,PAS Giannina,1,0
2015-02-21,2518619,GR1,2014,domestic_league,7185,6418,Panthrakikos Komotini,Panetolikos Agrinio,0,0
2015-02-21,2530282,SC1,2014,domestic_league,987,511,Motherwell FC,Dundee FC,0,1
2015-02-21,2530283,SC1,2014,domestic_league,2760,2759,Partick Thistle FC,Ross County FC,1,3
2015-02-21,2532378,BE1,2014,domestic_league,498,29228,KSC Lokeren (- 2020),Royal Excel Mouscron (-2022),1,0
2015-02-21,2532379,BE1,2014,domestic_league,2861,172,KV Oostende,Royal Charleroi Sporting Club,1,3
2015-02-21,2532380,BE1,2014,domestic_league,601,968,KV Kortrijk,KVC Westerlo,6,0
2015-02-21,2532381,BE1,2014,domestic_league,520,3508,Cercle Brugge,Zulte Waregem,2,2
2015-02-21,2532449,DK1,2014,domestic_league,1177,3426,Silkeborg IF,Esbjerg fB,1,3
2015-02-22,2459796,NL1,2014,domestic_league,383,1455,PSV Eindhoven,FC Dordrecht,3,0
2015-02-22,2459798,NL1,2014,domestic_league,403,610,Willem II Tilburg,Ajax Amsterdam,1,1
2015-02-22,2459799,NL1,2014,domestic_league,306,202,SC Heerenveen,FC Groningen,3,1
2015-02-22,2459800,NL1,2014,domestic_league,317,499,FC Twente Enschede,Vitesse Arnhem,1,2
2015-02-22,2459801,NL1,2014,domestic_league,234,798,Feyenoord Rotterdam,Excelsior Rotterdam,3,2
2015-02-22,2460816,L1,2014,domestic_league,82,44,VfL Wolfsburg,Hertha BSC,2,1
2015-02-22,2460821,L1,2014,domestic_league,41,18,Hamburger SV,Borussia Mönchengladbach,1,1
2015-02-22,2470244,TR1,2014,domestic_league,10484,449,Kasimpasa,Trabzonspor,1,1
2015-02-22,2470245,TR1,2014,domestic_league,3216,1506,Mersin Talimyurdu SK,Kardemir Karabükspor,2,1
2015-02-22,2470246,TR1,2014,domestic_league,20698,820,Balikesirspor,Gençlerbirliği Spor Kulübü,0,1
2015-02-22,2470247,TR1,2014,domestic_league,825,114,Eskisehirspor,Beşiktaş Jimnastik Kulübü,1,0
2015-02-22,2475412,ES1,2014,domestic_league,681,368,Real Sociedad,Sevilla FC,4,3
2015-02-22,2475415,ES1,2014,domestic_league,1531,418,Elche CF,Real Madrid,0,2
2015-02-22,2475416,ES1,2014,domestic_league,1050,1533,Villarreal CF,SD Eibar,1,0
2015-02-22,2475417,ES1,2014,domestic_league,621,367,Athletic Bilbao,Rayo Vallecano,1,0
2015-02-22,2478819,IT1,2014,domestic_league,5,1429,AC Milan,Cesena FC,2,0
2015-02-22,2478820,IT1,2014,domestic_league,749,862,FC Empoli,Chievo Verona,3,0
2015-02-22,2478823,IT1,2014,domestic_league,398,458,Società Sportiva Lazio S.p.A.,Palermo FC,2,1
2015-02-22,2478824,IT1,2014,domestic_league,276,12,Hellas Verona,Associazione Sportiva Roma,1,1
2015-02-22,2478826,IT1,2014,domestic_league,430,416,ACF Fiorentina,Torino FC,1,1
2015-02-22,2482359,FR1,2014,domestic_league,618,244,AS Saint-Étienne,Olympique Marseille,2,2
2015-02-22,2482360,FR1,2014,domestic_league,1421,347,Stade Reims,FC Metz,0,0
2015-02-22,2482362,FR1,2014,domestic_league,855,969,EA Guingamp,Montpellier HSC,0,2
2015-02-22,2482363,FR1,2014,domestic_league,1041,995,Olympique Lyon,FC Nantes,1,0
2015-02-22,2486722,GB1,2014,domestic_league,29,1003,Everton FC,Leicester City,2,2
2015-02-22,2486725,GB1,2014,domestic_league,180,31,Southampton FC,Liverpool FC,0,2
2015-02-22,2486728,GB1,2014,domestic_league,148,379,Tottenham Hotspur,West Ham United,2,2
2015-02-22,2498719,PO1,2014,domestic_league,1465,2990,GD Estoril Praia,Académica Coimbra,1,2
2015-02-22,2498720,PO1,2014,domestic_league,1301,68608,CS Marítimo,CF Os Belenenses,1,2
2015-02-22,2498722,PO1,2014,domestic_league,336,2424,Sporting CP,Gil Vicente FC,2,0
2015-02-22,2498724,PO1,2014,domestic_league,8024,2425,FC Arouca,Rio Ave FC,1,0
2015-02-22,2505111,SC1,2014,domestic_league,371,2999,Celtic FC,Hamilton Academical FC,4,0
2015-02-22,2518614,GR1,2014,domestic_league,6676,653,A.G.S Asteras Tripolis,Omilos Filathlon Irakliou FC,6,1
2015-02-22,2518616,GR1,2014,domestic_league,169,2672,Panionios Athens,APO Levadiakos Football Club,1,0
2015-02-22,2518617,GR1,2014,domestic_league,21957,5219,AO Platanias,AOK Kerkyra,1,1
2015-02-22,2518618,GR1,2014,domestic_league,265,683,Panathinaikos Athlitikos Omilos,Olympiakos Syndesmos Filathlon Peiraios,2,1
2015-02-22,2532382,BE1,2014,domestic_league,157,2282,KAA Gent,Club Brugge KV,2,1
2015-02-22,2532383,BE1,2014,domestic_league,1184,58,KRC Genk,RSC Anderlecht,0,1
2015-02-22,2532384,BE1,2014,domestic_league,354,204,KV Mechelen,Lierse SK (- 2018),2,1
2015-02-22,2532450,DK1,2014,domestic_league,5817,5818,Sönderjyske Fodbold,Hobro IK,1,0
2015-02-22,2532451,DK1,2014,domestic_league,190,20100,FC Copenhagen,FC Vestsjaelland,2,0
2015-02-22,2532452,DK1,2014,domestic_league,1053,206,Aalborg BK,Bröndby IF,1,0
2015-02-23,2470243,TR1,2014,domestic_league,36,19771,Fenerbahce,Akhisarspor,1,2
2015-02-23,2475418,ES1,2014,domestic_league,3368,16795,Levante UD,Granada CF,2,1
2015-02-23,2478822,IT1,2014,domestic_league,1390,46,Cagliari Calcio,Inter Milan,1,2
2015-02-23,2478825,IT1,2014,domestic_league,6195,6574,SSC Napoli,US Sassuolo,2,0
2015-02-23,2498725,PO1,2014,domestic_league,2503,720,Boavista FC,FC Porto,0,2
2015-02-23,2518612,GR1,2014,domestic_league,5220,3060,GS Ergotelis,APS Atromitos Athinon,1,2
2015-02-23,2532453,DK1,2014,domestic_league,865,173,FC Midtjylland,Odense Boldklub,3,0
2015-02-24,2478821,IT1,2014,domestic_league,1038,252,UC Sampdoria,Genoa CFC,1,1
2015-02-24,2505081,SC1,2014,domestic_league,1519,2451,Dundee United FC,Inverness Caledonian Thistle FC,1,1
2015-02-24,2517513,CL,2014,international_cup,281,131,Manchester City,FC Barcelona,1,2
2015-02-24,2517515,CL,2014,international_cup,506,16,Juventus FC,Borussia Dortmund,2,1
2015-02-25,2517514,CL,2014,international_cup,15,13,Bayer 04 Leverkusen,Atlético de Madrid,1,0
2015-02-25,2517518,CL,2014,international_cup,11,162,Arsenal FC,AS Monaco,1,3
2015-02-26,2517544,EL,2014,other,6195,449,SSC Napoli,Trabzonspor,1,0
2015-02-26,2517545,EL,2014,other,114,31,Beşiktaş Jimnastik Kulübü,Liverpool FC,6,4
2015-02-26,2517594,EL,2014,other,683,339,Olympiakos Syndesmos Filathlon Peiraios,Dnipro Dnipropetrovsk (-2020),2,2
2015-02-26,2531136,EL,2014,other,18,368,Borussia Mönchengladbach,Sevilla FC,2,3
2015-02-26,2531137,EL,2014,other,255,610,Legia Warszawa,Ajax Amsterdam,0,3
2015-02-26,2531138,EL,2014,other,121,58,FK Dinamo Moskva,RSC Anderlecht,3,1
2015-02-26,2531139,EL,2014,other,338,855,Dynamo Kyiv,EA Guingamp,3,1
2015-02-26,2531140,EL,2014,other,964,383,AO FK Zenit Sankt-Peterburg,PSV Eindhoven,3,0
2015-02-26,2531141,EL,2014,other,430,148,ACF Fiorentina,Tottenham Hotspur,2,0
2015-02-26,2531142,EL,2014,other,46,371,Inter Milan,Celtic FC,1,0
2015-02-26,2531143,EL,2014,other,29,452,Everton FC,BSC Young Boys,3,1
2015-02-26,2531144,EL,2014,other,621,416,Athletic Bilbao,Torino FC,2,3
2015-02-26,2531145,EL,2014,other,336,82,Sporting CP,VfL Wolfsburg,0,0
2015-02-26,2531146,EL,2014,other,2282,1053,Club Brugge KV,Aalborg BK,3,0
2015-02-26,2531147,EL,2014,other,409,1050,Fußballclub Red Bull Salzburg,Villarreal CF,1,3
2015-02-26,2531148,EL,2014,other,234,12,Feyenoord Rotterdam,Associazione Sportiva Roma,1,2
2015-02-27,2459802,NL1,2014,domestic_league,1455,1435,FC Dordrecht,Go Ahead Eagles,2,1
2015-02-27,2460824,L1,2014,domestic_league,27,3,Bayern Munich,1.FC Köln,4,1
2015-02-27,2470253,TR1,2014,domestic_league,141,6894,Galatasaray,Kayseri Erciyesspor,3,1
2015-02-27,2475421,ES1,2014,domestic_league,714,993,RCD Espanyol Barcelona,Córdoba CF,1,0
2015-02-27,2482366,FR1,2014,domestic_league,244,1162,Olympique Marseille,SM Caen,2,3
2015-02-27,2510832,UKR1,2014,domestic_league,6993,6992,FK Mariupol,Chornomorets Odesa,0,0
2015-02-27,2512198,PO1,2014,domestic_league,2420,1301,Vitória Guimarães SC,CS Marítimo,1,0
2015-02-27,2532454,DK1,2014,domestic_league,20100,5817,FC Vestsjaelland,Sönderjyske Fodbold,0,1
2015-02-27,2535538,BE1,2014,domestic_league,3057,520,Standard Liège,Cercle Brugge,1,0
2015-02-28,2459803,NL1,2014,domestic_league,499,1269,Vitesse Arnhem,PEC Zwolle,2,1
2015-02-28,2459804,NL1,2014,domestic_league,1090,403,AZ Alkmaar,Willem II Tilburg,2,0
2015-02-28,2459805,NL1,2014,domestic_league,317,132,FC Twente Enschede,NAC Breda,1,1
2015-02-28,2459806,NL1,2014,domestic_league,133,1304,SC Cambuur Leeuwarden,Heracles Almelo,1,0
2015-02-28,2460825,L1,2014,domestic_league,16,33,Borussia Dortmund,FC Schalke 04,3,0
2015-02-28,2460826,L1,2014,domestic_league,15,60,Bayer 04 Leverkusen,SC Freiburg,1,0
2015-02-28,2460828,L1,2014,domestic_league,533,39,TSG 1899 Hoffenheim,1.FSV Mainz 05,2,0
2015-02-28,2460829,L1,2014,domestic_league,42,79,Hannover 96,VfB Stuttgart,1,1
2015-02-28,2460830,L1,2014,domestic_league,44,167,Hertha BSC,FC Augsburg,1,0
2015-02-28,2460832,L1,2014,domestic_league,24,41,Eintracht Frankfurt,Hamburger SV,2,1
2015-02-28,2470252,TR1,2014,domestic_league,2293,36,Konyaspor,Fenerbahce,1,1
2015-02-28,2470254,TR1,2014,domestic_league,820,2381,Gençlerbirliği Spor Kulübü,Sivasspor,0,0
2015-02-28,2470256,TR1,2014,domestic_league,126,825,Caykur Rizespor,Eskisehirspor,3,0
2015-02-28,2475420,ES1,2014,domestic_league,1084,3709,Málaga CF,Getafe CF,3,2
2015-02-28,2475424,ES1,2014,domestic_league,3302,897,UD Almería,Deportivo de La Coruña,0,0
2015-02-28,2475428,ES1,2014,domestic_league,367,3368,Rayo Vallecano,Levante UD,4,2
2015-02-28,2475429,ES1,2014,domestic_league,16795,131,Granada CF,FC Barcelona,1,3
2015-02-28,2478833,IT1,2014,domestic_league,862,5,Chievo Verona,AC Milan,0,0
2015-02-28,2482365,FR1,2014,domestic_league,1158,595,FC Lorient,SC Bastia,2,0
2015-02-28,2482367,FR1,2014,domestic_league,347,14171,FC Metz,Thonon Évian Grand Genève FC,1,2
2015-02-28,2482369,FR1,2014,domestic_league,1082,1041,LOSC Lille,Olympique Lyon,2,1
2015-02-28,2482372,FR1,2014,domestic_league,40,1421,FC Girondins Bordeaux,Stade Reims,1,1
2015-02-28,2482373,FR1,2014,domestic_league,826,273,RC Lens,Stade Rennais FC,0,1
2015-02-28,2482374,FR1,2014,domestic_league,415,618,FC Toulouse,AS Saint-Étienne,1,1
2015-02-28,2486730,GB1,2014,domestic_league,1132,2288,Burnley FC,Swansea City,0,1
2015-02-28,2486733,GB1,2014,domestic_league,985,289,Manchester United,Sunderland AFC,2,0
2015-02-28,2486734,GB1,2014,domestic_league,762,405,Newcastle United,Aston Villa,1,0
2015-02-28,2486736,GB1,2014,domestic_league,512,3008,Stoke City,Hull City,1,0
2015-02-28,2486737,GB1,2014,domestic_league,984,180,West Bromwich Albion,Southampton FC,1,0
2015-02-28,2486738,GB1,2014,domestic_league,379,873,West Ham United,Crystal Palace,1,3
2015-02-28,2505115,SC1,2014,domestic_league,1519,2760,Dundee United FC,Partick Thistle FC,0,2
2015-02-28,2505116,SC1,2014,domestic_league,987,2451,Motherwell FC,Inverness Caledonian Thistle FC,2,1
2015-02-28,2505117,SC1,2014,domestic_league,2759,511,Ross County FC,Dundee FC,1,0
2015-02-28,2505118,SC1,2014,domestic_league,2578,2553,St. Johnstone FC,Kilmarnock FC,0,0
2015-02-28,2505119,SC1,2014,domestic_league,465,2999,St. Mirren FC,Hamilton Academical FC,1,0
2015-02-28,2510833,UKR1,2014,domestic_league,10690,23611,Zorya Lugansk,Olimpik Donetsk,5,1
2015-02-28,2510835,UKR1,2014,domestic_league,660,2740,FC Shakhtar Donetsk,Vorskla Poltava,3,0
2015-02-28,2512193,PO1,2014,domestic_league,2424,2503,Gil Vicente FC,Boavista FC,1,1
2015-02-28,2512194,PO1,2014,domestic_league,2425,1075,Rio Ave FC,SC Braga,0,2
2015-02-28,2512197,PO1,2014,domestic_league,294,1465,SL Benfica,GD Estoril Praia,6,0
2015-02-28,2532455,DK1,2014,domestic_league,5818,2778,Hobro IK,FC Nordsjaelland,1,0
2015-02-28,2535539,BE1,2014,domestic_league,172,498,Royal Charleroi Sporting Club,KSC Lokeren (- 2020),1,0
2015-02-28,2535540,BE1,2014,domestic_league,3508,354,Zulte Waregem,KV Mechelen,2,3
2015-02-28,2535541,BE1,2014,domestic_league,204,1184,Lierse SK (- 2018),KRC Genk,0,2
2015-02-28,2535542,BE1,2014,domestic_league,968,2861,KVC Westerlo,KV Oostende,3,0
2015-03-01,2459807,NL1,2014,domestic_league,798,306,Excelsior Rotterdam,SC Heerenveen,3,0
2015-03-01,2459808,NL1,2014,domestic_league,200,234,FC Utrecht,Feyenoord Rotterdam,0,0
2015-03-01,2459809,NL1,2014,domestic_league,202,1268,FC Groningen,ADO Den Haag,1,1
2015-03-01,2459810,NL1,2014,domestic_league,383,610,PSV Eindhoven,Ajax Amsterdam,1,3
2015-03-01,2460827,L1,2014,domestic_league,18,127,Borussia Mönchengladbach,SC Paderborn 07,2,0
2015-03-01,2460831,L1,2014,domestic_league,86,82,SV Werder Bremen,VfL Wolfsburg,3,5
2015-03-01,2470248,TR1,2014,domestic_league,19771,6890,Akhisarspor,Basaksehir FK,0,2
2015-03-01,2470250,TR1,2014,domestic_league,524,10484,Gaziantepspor (- 2020),Kasimpasa,0,2
2015-03-01,2470251,TR1,2014,domestic_league,20,3216,Bursaspor,Mersin Talimyurdu SK,2,1
2015-03-01,2470255,TR1,2014,domestic_league,114,20698,Beşiktaş Jimnastik Kulübü,Balikesirspor,2,2
2015-03-01,2475422,ES1,2014,domestic_league,1049,681,Valencia CF,Real Sociedad,2,0
2015-03-01,2475423,ES1,2014,domestic_league,368,13,Sevilla FC,Atlético de Madrid,0,0
2015-03-01,2475426,ES1,2014,domestic_league,418,1050,Real Madrid,Villarreal CF,1,1
2015-03-01,2475427,ES1,2014,domestic_league,1533,621,SD Eibar,Athletic Bilbao,0,1
2015-03-01,2478828,IT1,2014,domestic_league,458,749,Palermo FC,FC Empoli,0,0
2015-03-01,2478829,IT1,2014,domestic_league,46,430,Inter Milan,ACF Fiorentina,0,1
2015-03-01,2478830,IT1,2014,domestic_league,1390,276,Cagliari Calcio,Hellas Verona,1,2
2015-03-01,2478832,IT1,2014,domestic_league,6574,398,US Sassuolo,Società Sportiva Lazio S.p.A.,0,3
2015-03-01,2478834,IT1,2014,domestic_league,416,6195,Torino FC,SSC Napoli,1,0
2015-03-01,2478836,IT1,2014,domestic_league,800,1038,Atalanta BC,UC Sampdoria,1,2
2015-03-01,2478837,IT1,2014,domestic_league,1429,410,Cesena FC,Udinese Calcio,1,0
2015-03-01,2482368,FR1,2014,domestic_league,995,855,FC Nantes,EA Guingamp,1,0
2015-03-01,2482370,FR1,2014,domestic_league,969,417,Montpellier HSC,OGC Nice,2,1
2015-03-01,2482371,FR1,2014,domestic_league,162,583,AS Monaco,Paris Saint-Germain,0,0
2015-03-01,2486729,GB1,2014,domestic_league,11,29,Arsenal FC,Everton FC,2,0
2015-03-01,2486732,GB1,2014,domestic_league,31,281,Liverpool FC,Manchester City,2,1
2015-03-01,2505114,SC1,2014,domestic_league,371,370,Celtic FC,Aberdeen FC,4,0
2015-03-01,2510830,UKR1,2014,domestic_league,339,4482,Dnipro Dnipropetrovsk (-2020),Volyn Lutsk,5,0
2015-03-01,2510831,UKR1,2014,domestic_league,2783,2477,Metalurg Donetsk (- 2015),Karpaty Lviv (-2021),1,1
2015-03-01,2510834,UKR1,2014,domestic_league,338,6414,Dynamo Kyiv,Metalist Kharkiv (- 2016),3,0
2015-03-01,2510836,UKR1,2014,domestic_league,6996,6994,Goverla Uzhgorod (- 2016),Metalurg Zaporizhya (-2016),0,1
2015-03-01,2512195,PO1,2014,domestic_league,2990,8024,Académica Coimbra,FC Arouca,1,1
2015-03-01,2512199,PO1,2014,domestic_league,3327,979,FC Penafiel,Moreirense FC,1,2
2015-03-01,2512200,PO1,2014,domestic_league,982,1085,CD Nacional,Vitória Setúbal FC,3,0
2015-03-01,2512201,PO1,2014,domestic_league,720,336,FC Porto,Sporting CP,3,0
2015-03-01,2532456,DK1,2014,domestic_league,5724,1177,Randers FC,Silkeborg IF,1,2
2015-03-01,2532457,DK1,2014,domestic_league,173,190,Odense Boldklub,FC Copenhagen,1,0
2015-03-01,2532458,DK1,2014,domestic_league,206,865,Bröndby IF,FC Midtjylland,1,1
2015-03-01,2535543,BE1,2014,domestic_league,2282,29228,Club Brugge KV,Royal Excel Mouscron (-2022),3,0
2015-03-01,2535544,BE1,2014,domestic_league,58,601,RSC Anderlecht,KV Kortrijk,2,0
2015-03-01,2535545,BE1,2014,domestic_league,28643,157,SK Beveren,KAA Gent,0,1
2015-03-02,2470249,TR1,2014,domestic_league,449,1506,Trabzonspor,Kardemir Karabükspor,3,2
2015-03-02,2475425,ES1,2014,domestic_league,940,1531,Celta de Vigo,Elche CF,1,1
2015-03-02,2478831,IT1,2014,domestic_league,12,506,Associazione Sportiva Roma,Juventus FC,1,1
2015-03-02,2512196,PO1,2014,domestic_league,68608,2995,CF Os Belenenses,FC Paços de Ferreira,0,1
2015-03-02,2532459,DK1,2014,domestic_league,3426,1053,Esbjerg fB,Aalborg BK,1,3
2015-03-02,2537253,RUP,2014,domestic_cup,2439,11126,Kuban Krasnodar (-2018),Mordovia Saransk (-2020),1,0
2015-03-02,2537254,RUP,2014,domestic_cup,2410,2696,PFK CSKA Moskva,PFK Krylya Sovetov Samara,1,0
2015-03-03,2486739,GB1,2014,domestic_league,405,984,Aston Villa,West Bromwich Albion,2,1
2015-03-03,2486740,GB1,2014,domestic_league,3008,289,Hull City,Sunderland AFC,1,1
2015-03-03,2486742,GB1,2014,domestic_league,180,873,Southampton FC,Crystal Palace,1,0
2015-03-03,2507893,DFB,2014,domestic_cup,15,2,Bayer 04 Leverkusen,1.FC Kaiserslautern,2,0
2015-03-03,2507896,DFB,2014,domestic_cup,83,533,VfR Aalen,TSG 1899 Hoffenheim,0,2
2015-03-03,2507899,DFB,2014,domestic_cup,129,16,SG Dynamo Dresden,Borussia Dortmund,0,2
2015-03-03,2507900,DFB,2014,domestic_cup,60,3,SC Freiburg,1.FC Köln,2,1
2015-03-03,2537255,RUP,2014,domestic_cup,932,2698,"Футбольный клуб ""Локомотив"" Москва",FC Rubin Kazan,4,2
2015-03-03,2537256,RUP,2014,domestic_cup,3729,14589,Arsenal Tula,FC Orenburg,0,1
2015-03-04,2482358,FR1,2014,domestic_league,14171,1158,Thonon Évian Grand Genève FC,FC Lorient,1,0
2015-03-04,2486741,GB1,2014,domestic_league,1039,11,Queens Park Rangers,Arsenal FC,1,2
2015-03-04,2486743,GB1,2014,domestic_league,379,631,West Ham United,Chelsea FC,0,1
2015-03-04,2486744,GB1,2014,domestic_league,31,1132,Liverpool FC,Burnley FC,2,0
2015-03-04,2486745,GB1,2014,domestic_league,281,1003,Manchester City,Leicester City,2,0
2015-03-04,2486746,GB1,2014,domestic_league,762,985,Newcastle United,Manchester United,0,1
2015-03-04,2486747,GB1,2014,domestic_league,512,29,Stoke City,Everton FC,2,0
2015-03-04,2486748,GB1,2014,domestic_league,148,2288,Tottenham Hotspur,Swansea City,3,2
2015-03-04,2505074,SC1,2014,domestic_league,371,2578,Celtic FC,St. Johnstone FC,0,1
2015-03-04,2507894,DFB,2014,domestic_cup,107,18,Kickers Offenbach,Borussia Mönchengladbach,0,2
2015-03-04,2507895,DFB,2014,domestic_cup,27,23,Bayern Munich,Eintracht Braunschweig,2,0
2015-03-04,2507897,DFB,2014,domestic_cup,23826,82,RB Leipzig,VfL Wolfsburg,0,2
2015-03-04,2507898,DFB,2014,domestic_cup,10,86,Arminia Bielefeld,SV Werder Bremen,3,1
2015-03-04,2508350,UKRP,2014,domestic_cup,6414,660,Metalist Kharkiv (- 2016),FC Shakhtar Donetsk,0,2
2015-03-04,2508351,UKRP,2014,domestic_cup,10690,338,Zorya Lugansk,Dynamo Kyiv,1,2
2015-03-04,2508352,UKRP,2014,domestic_cup,2740,23611,Vorskla Poltava,Olimpik Donetsk,0,0
2015-03-04,2515950,DKP,2014,domestic_cup,5866,20100,Brönshöj Boldklub,FC Vestsjaelland,1,2
2015-03-04,2515951,DKP,2014,domestic_cup,5817,206,Sönderjyske Fodbold,Bröndby IF,4,2
2015-03-04,2532388,CDR,2014,domestic_cup,1050,131,Villarreal CF,FC Barcelona,1,3
2015-03-04,2532389,CDR,2014,domestic_cup,714,621,RCD Espanyol Barcelona,Athletic Bilbao,0,2
2015-03-04,2532968,CIT,2014,domestic_cup,398,6195,Società Sportiva Lazio S.p.A.,SSC Napoli,1,1
2015-03-04,2533044,GRP,2014,domestic_cup,169,47,Panionios Athens,Iraklis Thessaloniki,3,4
2015-03-05,2515949,DKP,2014,domestic_cup,3426,1053,Esbjerg fB,Aalborg BK,4,2
2015-03-05,2515952,DKP,2014,domestic_cup,190,5724,FC Copenhagen,Randers FC,5,4
2015-03-05,2532969,CIT,2014,domestic_cup,506,430,Juventus FC,ACF Fiorentina,1,2
2015-03-05,2533042,GRP,2014,domestic_cup,441,7646,Apollon Smyrnis,AO Chania,3,1
2015-03-05,2533043,GRP,2014,domestic_cup,128,653,AO Xanthi,Omilos Filathlon Irakliou FC,3,0
2015-03-06,2459811,NL1,2014,domestic_league,403,317,Willem II Tilburg,FC Twente Enschede,2,2
2015-03-06,2460838,L1,2014,domestic_league,79,44,VfB Stuttgart,Hertha BSC,0,0
2015-03-06,2470262,TR1,2014,domestic_league,10484,19771,Kasimpasa,Akhisarspor,2,2
2015-03-06,2475437,ES1,2014,domestic_league,3368,1533,Levante UD,SD Eibar,2,1
2015-03-06,2482379,FR1,2014,domestic_league,415,244,FC Toulouse,Olympique Marseille,1,6
2015-03-06,2512209,PO1,2014,domestic_league,1075,720,SC Braga,FC Porto,0,1
2015-03-06,2534015,SFA,2014,domestic_cup,3001,1191,Queen of the South FC,Falkirk FC,0,1
2015-03-07,2459812,NL1,2014,domestic_league,1435,383,Go Ahead Eagles,PSV Eindhoven,0,3
2015-03-07,2459813,NL1,2014,domestic_league,1304,499,Heracles Almelo,Vitesse Arnhem,1,1
2015-03-07,2459814,NL1,2014,domestic_league,1268,306,ADO Den Haag,SC Heerenveen,0,1
2015-03-07,2459815,NL1,2014,domestic_league,1269,133,PEC Zwolle,SC Cambuur Leeuwarden,6,1
2015-03-07,2460833,L1,2014,domestic_league,33,533,FC Schalke 04,TSG 1899 Hoffenheim,3,1
2015-03-07,2460834,L1,2014,domestic_league,39,18,1.FSV Mainz 05,Borussia Mönchengladbach,2,2
2015-03-07,2460835,L1,2014,domestic_league,167,82,FC Augsburg,VfL Wolfsburg,1,0
2015-03-07,2460836,L1,2014,domestic_league,42,27,Hannover 96,Bayern Munich,1,3
2015-03-07,2460837,L1,2014,domestic_league,60,86,SC Freiburg,SV Werder Bremen,0,1
2015-03-07,2460839,L1,2014,domestic_league,41,16,Hamburger SV,Borussia Dortmund,0,0
2015-03-07,2470263,TR1,2014,domestic_league,825,20,Eskisehirspor,Bursaspor,0,0
2015-03-07,2470264,TR1,2014,domestic_league,20698,126,Balikesirspor,Caykur Rizespor,2,2
2015-03-07,2470265,TR1,2014,domestic_league,6894,820,Kayseri Erciyesspor,Gençlerbirliği Spor Kulübü,2,4
2015-03-07,2475433,ES1,2014,domestic_league,897,368,Deportivo de La Coruña,Sevilla FC,3,4
2015-03-07,2475434,ES1,2014,domestic_league,1531,3302,Elche CF,UD Almería,1,0
2015-03-07,2475436,ES1,2014,domestic_league,621,418,Athletic Bilbao,Real Madrid,1,0
2015-03-07,2475439,ES1,2014,domestic_league,16795,1084,Granada CF,Málaga CF,1,0
2015-03-07,2478839,IT1,2014,domestic_league,1038,1390,UC Sampdoria,Cagliari Calcio,2,0
2015-03-07,2478842,IT1,2014,domestic_league,5,276,AC Milan,Hellas Verona,2,2
2015-03-07,2482375,FR1,2014,domestic_league,1162,40,SM Caen,FC Girondins Bordeaux,1,2
2015-03-07,2482376,FR1,2014,domestic_league,583,826,Paris Saint-Germain,RC Lens,4,1
2015-03-07,2482380,FR1,2014,domestic_league,273,347,Stade Rennais FC,FC Metz,1,0
2015-03-07,2482381,FR1,2014,domestic_league,14171,162,Thonon Évian Grand Genève FC,AS Monaco,1,3
2015-03-07,2482383,FR1,2014,domestic_league,1421,995,Stade Reims,FC Nantes,3,1
2015-03-07,2482384,FR1,2014,domestic_league,595,417,SC Bastia,OGC Nice,2,1
2015-03-07,2486735,GB1,2014,domestic_league,1039,148,Queens Park Rangers,Tottenham Hotspur,1,2
2015-03-07,2505078,SC1,2014,domestic_league,2759,2760,Ross County FC,Partick Thistle FC,1,0
2015-03-07,2505083,SC1,2014,domestic_league,987,2553,Motherwell FC,Kilmarnock FC,1,1
2015-03-07,2510839,UKR1,2014,domestic_league,6993,10690,FK Mariupol,Zorya Lugansk,2,1
2015-03-07,2510841,UKR1,2014,domestic_league,6994,2783,Metalurg Zaporizhya (-2016),Metalurg Donetsk (- 2015),0,1
2015-03-07,2510843,UKR1,2014,domestic_league,6414,660,Metalist Kharkiv (- 2016),FC Shakhtar Donetsk,2,2
2015-03-07,2512204,PO1,2014,domestic_league,1085,68608,Vitória Setúbal FC,CF Os Belenenses,1,1
2015-03-07,2518629,GR1,2014,domestic_league,2079,5220,Veria NPS,GS Ergotelis,0,1
2015-03-07,2518631,GR1,2014,domestic_league,6676,3060,A.G.S Asteras Tripolis,APS Atromitos Athinon,1,0
2015-03-07,2532460,DK1,2014,domestic_league,2778,5817,FC Nordsjaelland,Sönderjyske Fodbold,4,0
2015-03-07,2537189,RU1,2014,domestic_league,3725,2410,RFK Akhmat Grozny,PFK CSKA Moskva,1,2
2015-03-07,2537190,RU1,2014,domestic_league,964,11127,AO FK Zenit Sankt-Peterburg,Ural Yekaterinburg,3,0
2015-03-07,2540192,FAC,2014,domestic_cup,1027,1032,Bradford City,Reading FC,0,0
2015-03-07,2540193,FAC,2014,domestic_cup,405,984,Aston Villa,West Bromwich Albion,2,0
2015-03-07,2545918,BE1,2014,domestic_league,2282,172,Club Brugge KV,Royal Charleroi Sporting Club,1,0
2015-03-07,2545919,BE1,2014,domestic_league,1184,3508,KRC Genk,Zulte Waregem,3,2
2015-03-07,2545920,BE1,2014,domestic_league,157,204,KAA Gent,Lierse SK (- 2018),2,1
2015-03-07,2545921,BE1,2014,domestic_league,2861,28643,KV Oostende,SK Beveren,4,3
2015-03-07,2545922,BE1,2014,domestic_league,29228,968,Royal Excel Mouscron (-2022),KVC Westerlo,1,0
2015-03-07,2545923,BE1,2014,domestic_league,498,58,KSC Lokeren (- 2020),RSC Anderlecht,1,2
2015-03-07,2545924,BE1,2014,domestic_league,601,520,KV Kortrijk,Cercle Brugge,1,0
2015-03-07,2545925,BE1,2014,domestic_league,354,3057,KV Mechelen,Standard Liège,1,0
2015-03-08,2459816,NL1,2014,domestic_league,202,1455,FC Groningen,FC Dordrecht,2,0
2015-03-08,2459817,NL1,2014,domestic_league,234,132,Feyenoord Rotterdam,NAC Breda,3,0
2015-03-08,2459818,NL1,2014,domestic_league,610,798,Ajax Amsterdam,Excelsior Rotterdam,1,0
2015-03-08,2459819,NL1,2014,domestic_league,200,1090,FC Utrecht,AZ Alkmaar,6,2
2015-03-08,2460840,L1,2014,domestic_league,3,24,1.FC Köln,Eintracht Frankfurt,4,2
2015-03-08,2460841,L1,2014,domestic_league,127,15,SC Paderborn 07,Bayer 04 Leverkusen,0,3
2015-03-08,2470257,TR1,2014,domestic_league,1506,524,Kardemir Karabükspor,Gaziantepspor (- 2020),0,0
2015-03-08,2470259,TR1,2014,domestic_league,2381,114,Sivasspor,Beşiktaş Jimnastik Kulübü,0,1
2015-03-08,2470260,TR1,2014,domestic_league,36,141,Fenerbahce,Galatasaray,1,0
2015-03-08,2470261,TR1,2014,domestic_league,6890,2293,Basaksehir FK,Konyaspor,0,0
2015-03-08,2475431,ES1,2014,domestic_league,681,714,Real Sociedad,RCD Espanyol Barcelona,1,0
2015-03-08,2475432,ES1,2014,domestic_league,13,1049,Atlético de Madrid,Valencia CF,1,1
2015-03-08,2475435,ES1,2014,domestic_league,1050,940,Villarreal CF,Celta de Vigo,4,1
2015-03-08,2475438,ES1,2014,domestic_league,131,367,FC Barcelona,Rayo Vallecano,6,1
2015-03-08,2478838,IT1,2014,domestic_league,130,800,Parma Calcio 1913,Atalanta BC,0,0
2015-03-08,2478841,IT1,2014,domestic_league,749,252,FC Empoli,Genoa CFC,1,1
2015-03-08,2478843,IT1,2014,domestic_league,6195,46,SSC Napoli,Inter Milan,2,2
2015-03-08,2478844,IT1,2014,domestic_league,1429,458,Cesena FC,Palermo FC,0,0
2015-03-08,2478845,IT1,2014,domestic_league,862,12,Chievo Verona,Associazione Sportiva Roma,0,0
2015-03-08,2478847,IT1,2014,domestic_league,410,416,Udinese Calcio,Torino FC,3,2
2015-03-08,2482377,FR1,2014,domestic_league,855,1082,EA Guingamp,LOSC Lille,0,1
2015-03-08,2482378,FR1,2014,domestic_league,618,1158,AS Saint-Étienne,FC Lorient,2,0
2015-03-08,2482382,FR1,2014,domestic_league,969,1041,Montpellier HSC,Olympique Lyon,1,5
2015-03-08,2510837,UKR1,2014,domestic_league,23611,338,Olimpik Donetsk,Dynamo Kyiv,0,1
2015-03-08,2510838,UKR1,2014,domestic_league,4482,6992,Volyn Lutsk,Chornomorets Odesa,1,1
2015-03-08,2510840,UKR1,2014,domestic_league,2477,339,Karpaty Lviv (-2021),Dnipro Dnipropetrovsk (-2020),0,1
2015-03-08,2510842,UKR1,2014,domestic_league,2740,6996,Vorskla Poltava,Goverla Uzhgorod (- 2016),2,0
2015-03-08,2512202,PO1,2014,domestic_league,1301,2995,CS Marítimo,FC Paços de Ferreira,2,1
2015-03-08,2512203,PO1,2014,domestic_league,979,2990,Moreirense FC,Académica Coimbra,0,2
2015-03-08,2512207,PO1,2014,domestic_league,8024,294,FC Arouca,SL Benfica,1,3
2015-03-08,2512208,PO1,2014,domestic_league,2503,2420,Boavista FC,Vitória Guimarães SC,3,1
2015-03-08,2512210,PO1,2014,domestic_league,1465,2424,GD Estoril Praia,Gil Vicente FC,1,1
2015-03-08,2518630,GR1,2014,domestic_league,28956,169,AEL Kalloni,Panionios Athens,1,0
2015-03-08,2518633,GR1,2014,domestic_league,5572,2671,Niki Volou,PAS Giannina,0,3
2015-03-08,2518634,GR1,2014,domestic_league,653,128,Omilos Filathlon Irakliou FC,AO Xanthi,0,1
2015-03-08,2518635,GR1,2014,domestic_league,6418,5219,Panetolikos Agrinio,AOK Kerkyra,0,1
2015-03-08,2518636,GR1,2014,domestic_league,265,1091,Panathinaikos Athlitikos Omilos,Panthessalonikios Athlitikos Omilos Konstantinoupoliton,4,3
2015-03-08,2532461,DK1,2014,domestic_league,1177,5818,Silkeborg IF,Hobro IK,0,1
2015-03-08,2532462,DK1,2014,domestic_league,190,206,FC Copenhagen,Bröndby IF,3,1
2015-03-08,2532463,DK1,2014,domestic_league,865,3426,FC Midtjylland,Esbjerg fB,3,0
2015-03-08,2532464,DK1,2014,domestic_league,1053,5724,Aalborg BK,Randers FC,2,1
2015-03-08,2534014,SFA,2014,domestic_cup,1519,371,Dundee United FC,Celtic FC,1,1
2015-03-08,2536138,SFA,2014,domestic_cup,903,2801,Hibernian FC,Berwick Rangers FC,4,0
2015-03-08,2537191,RU1,2014,domestic_league,232,16704,FK Spartak Moskva,FK Krasnodar,1,3
2015-03-08,2537192,RU1,2014,domestic_league,121,28095,FK Dinamo Moskva,FK Ufa,3,1
2015-03-08,2537193,RU1,2014,domestic_league,1083,932,FK Rostov,"Футбольный клуб ""Локомотив"" Москва",0,1
2015-03-08,2540194,FAC,2014,domestic_cup,31,164,Liverpool FC,Blackburn Rovers,0,0
2015-03-09,2470258,TR1,2014,domestic_league,3216,449,Mersin Talimyurdu SK,Trabzonspor,1,5
2015-03-09,2475430,ES1,2014,domestic_league,993,3709,Córdoba CF,Getafe CF,1,2
2015-03-09,2478840,IT1,2014,domestic_league,398,430,Società Sportiva Lazio S.p.A.,ACF Fiorentina,4,0
2015-03-09,2478846,IT1,2014,domestic_league,506,6574,Juventus FC,US Sassuolo,1,0
2015-03-09,2512205,PO1,2014,domestic_league,336,3327,Sporting CP,FC Penafiel,3,2
2015-03-09,2512206,PO1,2014,domestic_league,2425,982,Rio Ave FC,CD Nacional,1,1
2015-03-09,2518637,GR1,2014,domestic_league,21957,2672,AO Platanias,APO Levadiakos Football Club,1,3
2015-03-09,2532465,DK1,2014,domestic_league,20100,173,FC Vestsjaelland,Odense Boldklub,1,2
2015-03-09,2537194,RU1,2014,domestic_league,4128,1186,Amkar Perm,Torpedo Moscow,0,0
2015-03-09,2537195,RU1,2014,domestic_league,2698,3729,FC Rubin Kazan,Arsenal Tula,1,0
2015-03-09,2537196,RU1,2014,domestic_league,2439,11126,Kuban Krasnodar (-2018),Mordovia Saransk (-2020),0,0
2015-03-09,2540195,FAC,2014,domestic_cup,985,11,Manchester United,Arsenal FC,1,2
2015-03-10,2517524,CL,2014,international_cup,418,33,Real Madrid,FC Schalke 04,3,4
2015-03-10,2517527,CL,2014,international_cup,720,26,FC Porto,FC Basel 1893,4,0
2015-03-10,2534016,SFA,2014,domestic_cup,2451,2795,Inverness Caledonian Thistle FC,Raith Rovers FC,1,0
2015-03-11,2517520,CL,2014,international_cup,631,583,Chelsea FC,Paris Saint-Germain,2,2
2015-03-11,2517525,CL,2014,international_cup,27,660,Bayern Munich,FC Shakhtar Donetsk,7,0
2015-03-11,2533045,GRP,2014,domestic_cup,2441,683,Athlitiki Enosi Konstantinoupoleos,Olympiakos Syndesmos Filathlon Peiraios,0,3
2015-03-12,2538955,EL,2014,other,29,338,Everton FC,Dynamo Kyiv,2,1
2015-03-12,2538956,EL,2014,other,339,610,Dnipro Dnipropetrovsk (-2020),Ajax Amsterdam,1,0
2015-03-12,2538957,EL,2014,other,964,416,AO FK Zenit Sankt-Peterburg,Torino FC,2,0
2015-03-12,2538958,EL,2014,other,82,46,VfL Wolfsburg,Inter Milan,3,1
2015-03-12,2538959,EL,2014,other,1050,368,Villarreal CF,Sevilla FC,1,3
2015-03-12,2538960,EL,2014,other,6195,121,SSC Napoli,FK Dinamo Moskva,3,1
2015-03-12,2538961,EL,2014,other,2282,114,Club Brugge KV,Beşiktaş Jimnastik Kulübü,2,1
2015-03-12,2538962,EL,2014,other,430,12,ACF Fiorentina,Associazione Sportiva Roma,1,1
2015-03-13,2459820,NL1,2014,domestic_league,499,1090,Vitesse Arnhem,AZ Alkmaar,3,1
2015-03-13,2460843,L1,2014,domestic_league,15,79,Bayer 04 Leverkusen,VfB Stuttgart,4,0
2015-03-13,2470271,TR1,2014,domestic_league,20,20698,Bursaspor,Balikesirspor,4,2
2015-03-13,2470273,TR1,2014,domestic_league,2293,10484,Konyaspor,Kasimpasa,2,1
2015-03-13,2475443,ES1,2014,domestic_league,1049,897,Valencia CF,Deportivo de La Coruña,2,0
2015-03-13,2482385,FR1,2014,domestic_league,162,595,AS Monaco,SC Bastia,3,0
2015-03-13,2482388,FR1,2014,domestic_league,417,855,OGC Nice,EA Guingamp,1,2
2015-03-13,2512212,PO1,2014,domestic_league,2995,2503,FC Paços de Ferreira,Boavista FC,1,0
2015-03-13,2512943,UKR1,2014,domestic_league,2477,4482,Karpaty Lviv (-2021),Volyn Lutsk,0,2
2015-03-13,2529632,SC1,2014,domestic_league,370,987,Aberdeen FC,Motherwell FC,2,1
2015-03-13,2532466,DK1,2014,domestic_league,5724,865,Randers FC,FC Midtjylland,1,2
2015-03-13,2537207,RU1,2014,domestic_league,16704,11127,FK Krasnodar,Ural Yekaterinburg,1,1
2015-03-14,2459822,NL1,2014,domestic_league,133,200,SC Cambuur Leeuwarden,FC Utrecht,3,1
2015-03-14,2459823,NL1,2014,domestic_league,132,1435,NAC Breda,Go Ahead Eagles,1,0
2015-03-14,2459824,NL1,2014,domestic_league,798,403,Excelsior Rotterdam,Willem II Tilburg,2,3
2015-03-14,2459825,NL1,2014,domestic_league,317,1269,FC Twente Enschede,PEC Zwolle,2,0
2015-03-14,2460842,L1,2014,domestic_league,16,3,Borussia Dortmund,1.FC Köln,0,0
2015-03-14,2460846,L1,2014,domestic_league,167,39,FC Augsburg,1.FSV Mainz 05,0,2
2015-03-14,2460847,L1,2014,domestic_league,533,41,TSG 1899 Hoffenheim,Hamburger SV,3,0
2015-03-14,2460848,L1,2014,domestic_league,44,33,Hertha BSC,FC Schalke 04,2,2
2015-03-14,2460849,L1,2014,domestic_league,86,27,SV Werder Bremen,Bayern Munich,0,4
2015-03-14,2460850,L1,2014,domestic_league,24,127,Eintracht Frankfurt,SC Paderborn 07,4,0
2015-03-14,2470266,TR1,2014,domestic_league,141,6890,Galatasaray,Basaksehir FK,2,2
2015-03-14,2470267,TR1,2014,domestic_league,126,2381,Caykur Rizespor,Sivasspor,2,1
2015-03-14,2470272,TR1,2014,domestic_league,19771,1506,Akhisarspor,Kardemir Karabükspor,5,1
2015-03-14,2475442,ES1,2014,domestic_league,714,13,RCD Espanyol Barcelona,Atlético de Madrid,0,0
2015-03-14,2475446,ES1,2014,domestic_league,940,621,Celta de Vigo,Athletic Bilbao,1,2
2015-03-14,2475448,ES1,2014,domestic_league,1533,131,SD Eibar,FC Barcelona,0,2
2015-03-14,2475449,ES1,2014,domestic_league,367,16795,Rayo Vallecano,Granada CF,3,1
2015-03-14,2478850,IT1,2014,domestic_league,1390,749,Cagliari Calcio,FC Empoli,1,1
2015-03-14,2478851,IT1,2014,domestic_league,458,506,Palermo FC,Juventus FC,0,1
2015-03-14,2482386,FR1,2014,domestic_league,1158,1162,FC Lorient,SM Caen,2,1
2015-03-14,2482387,FR1,2014,domestic_league,995,14171,FC Nantes,Thonon Évian Grand Genève FC,2,1
2015-03-14,2482391,FR1,2014,domestic_league,969,1421,Montpellier HSC,Stade Reims,3,1
2015-03-14,2482393,FR1,2014,domestic_league,347,618,FC Metz,AS Saint-Étienne,2,3
2015-03-14,2482394,FR1,2014,domestic_league,826,415,RC Lens,FC Toulouse,1,0
2015-03-14,2486749,GB1,2014,domestic_league,11,379,Arsenal FC,West Ham United,3,0
2015-03-14,2486750,GB1,2014,domestic_league,1132,281,Burnley FC,Manchester City,1,0
2015-03-14,2486752,GB1,2014,domestic_league,873,1039,Crystal Palace,Queens Park Rangers,3,1
2015-03-14,2486754,GB1,2014,domestic_league,1003,3008,Leicester City,Hull City,0,0
2015-03-14,2486756,GB1,2014,domestic_league,289,405,Sunderland AFC,Aston Villa,0,4
2015-03-14,2486758,GB1,2014,domestic_league,984,512,West Bromwich Albion,Stoke City,1,0
2015-03-14,2512214,PO1,2014,domestic_league,68608,1465,CF Os Belenenses,GD Estoril Praia,2,2
2015-03-14,2512215,PO1,2014,domestic_league,294,1075,SL Benfica,SC Braga,2,0
2015-03-14,2512217,PO1,2014,domestic_league,2420,1085,Vitória Guimarães SC,Vitória Setúbal FC,0,1
2015-03-14,2512940,UKR1,2014,domestic_league,6996,6414,Goverla Uzhgorod (- 2016),Metalist Kharkiv (- 2016),2,2
2015-03-14,2512941,UKR1,2014,domestic_league,2783,2740,Metalurg Donetsk (- 2015),Vorskla Poltava,1,1
2015-03-14,2518639,GR1,2014,domestic_league,3060,7185,APS Atromitos Athinon,Panthrakikos Komotini,2,0
2015-03-14,2518640,GR1,2014,domestic_league,5220,265,GS Ergotelis,Panathinaikos Athlitikos Omilos,0,2
2015-03-14,2518645,GR1,2014,domestic_league,1091,6676,Panthessalonikios Athlitikos Omilos Konstantinoupoliton,A.G.S Asteras Tripolis,0,0
2015-03-14,2529634,SC1,2014,domestic_league,2999,2759,Hamilton Academical FC,Ross County FC,2,2
2015-03-14,2529636,SC1,2014,domestic_league,2553,465,Kilmarnock FC,St. Mirren FC,1,0
2015-03-14,2529637,SC1,2014,domestic_league,2760,2578,Partick Thistle FC,St. Johnstone FC,3,0
2015-03-14,2532467,DK1,2014,domestic_league,5817,1177,Sönderjyske Fodbold,Silkeborg IF,1,4
2015-03-14,2537208,RU1,2014,domestic_league,28095,4128,FK Ufa,Amkar Perm,1,1
2015-03-14,2537209,RU1,2014,domestic_league,2410,11126,PFK CSKA Moskva,Mordovia Saransk (-2020),4,0
2015-03-14,2537210,RU1,2014,domestic_league,932,3729,"Футбольный клуб ""Локомотив"" Москва",Arsenal Tula,0,1
2015-03-15,2459821,NL1,2014,domestic_league,383,202,PSV Eindhoven,FC Groningen,2,1
2015-03-15,2459826,NL1,2014,domestic_league,306,610,SC Heerenveen,Ajax Amsterdam,1,4
2015-03-15,2459827,NL1,2014,domestic_league,1268,1304,ADO Den Haag,Heracles Almelo,1,3
2015-03-15,2459828,NL1,2014,domestic_league,1455,234,FC Dordrecht,Feyenoord Rotterdam,1,2
2015-03-15,2460844,L1,2014,domestic_league,82,60,VfL Wolfsburg,SC Freiburg,3,0
2015-03-15,2460845,L1,2014,domestic_league,18,42,Borussia Mönchengladbach,Hannover 96,2,0
2015-03-15,2470269,TR1,2014,domestic_league,820,36,Gençlerbirliği Spor Kulübü,Fenerbahce,2,1
2015-03-15,2470270,TR1,2014,domestic_league,114,6894,Beşiktaş Jimnastik Kulübü,Kayseri Erciyesspor,5,1
2015-03-15,2470274,TR1,2014,domestic_league,825,3216,Eskisehirspor,Mersin Talimyurdu SK,2,0
2015-03-15,2475440,ES1,2014,domestic_league,1084,993,Málaga CF,Córdoba CF,2,0
2015-03-15,2475444,ES1,2014,domestic_league,368,1531,Sevilla FC,Elche CF,3,0
2015-03-15,2475445,ES1,2014,domestic_league,3302,1050,UD Almería,Villarreal CF,0,0
2015-03-15,2475447,ES1,2014,domestic_league,418,3368,Real Madrid,Levante UD,2,0
2015-03-15,2478848,IT1,2014,domestic_league,46,1429,Inter Milan,Cesena FC,1,1
2015-03-15,2478849,IT1,2014,domestic_league,252,862,Genoa CFC,Chievo Verona,0,2
2015-03-15,2478854,IT1,2014,domestic_league,276,6195,Hellas Verona,SSC Napoli,2,0
2015-03-15,2478855,IT1,2014,domestic_league,6574,130,US Sassuolo,Parma Calcio 1913,4,1
2015-03-15,2478857,IT1,2014,domestic_league,800,410,Atalanta BC,Udinese Calcio,0,0
2015-03-15,2482389,FR1,2014,domestic_league,244,1041,Olympique Marseille,Olympique Lyon,0,0
2015-03-15,2482390,FR1,2014,domestic_league,40,583,FC Girondins Bordeaux,Paris Saint-Germain,3,2
2015-03-15,2482392,FR1,2014,domestic_league,1082,273,LOSC Lille,Stade Rennais FC,3,0
2015-03-15,2486751,GB1,2014,domestic_league,631,180,Chelsea FC,Southampton FC,1,1
2015-03-15,2486753,GB1,2014,domestic_league,29,762,Everton FC,Newcastle United,3,0
2015-03-15,2486755,GB1,2014,domestic_league,985,148,Manchester United,Tottenham Hotspur,3,0
2015-03-15,2512211,PO1,2014,domestic_league,720,8024,FC Porto,FC Arouca,1,0
2015-03-15,2512213,PO1,2014,domestic_league,2990,982,Académica Coimbra,CD Nacional,2,1
2015-03-15,2512216,PO1,2014,domestic_league,2424,979,Gil Vicente FC,Moreirense FC,0,1
2015-03-15,2512218,PO1,2014,domestic_league,1301,336,CS Marítimo,Sporting CP,0,1
2015-03-15,2512219,PO1,2014,domestic_league,3327,2425,FC Penafiel,Rio Ave FC,0,2
2015-03-15,2512942,UKR1,2014,domestic_league,339,6994,Dnipro Dnipropetrovsk (-2020),Metalurg Zaporizhya (-2016),1,0
2015-03-15,2512944,UKR1,2014,domestic_league,6993,338,FK Mariupol,Dynamo Kyiv,0,5
2015-03-15,2512945,UKR1,2014,domestic_league,10690,6992,Zorya Lugansk,Chornomorets Odesa,1,0
2015-03-15,2512946,UKR1,2014,domestic_league,660,23611,FC Shakhtar Donetsk,Olimpik Donetsk,6,0
2015-03-15,2518638,GR1,2014,domestic_league,5219,653,AOK Kerkyra,Omilos Filathlon Irakliou FC,4,1
2015-03-15,2518641,GR1,2014,domestic_league,683,128,Olympiakos Syndesmos Filathlon Peiraios,AO Xanthi,2,0
2015-03-15,2518642,GR1,2014,domestic_league,2672,5572,APO Levadiakos Football Club,Niki Volou,3,0
2015-03-15,2518643,GR1,2014,domestic_league,169,21957,Panionios Athens,AO Platanias,0,0
2015-03-15,2518644,GR1,2014,domestic_league,2671,6418,PAS Giannina,Panetolikos Agrinio,0,0
2015-03-15,2518646,GR1,2014,domestic_league,28956,2079,AEL Kalloni,Veria NPS,4,1
2015-03-15,2532468,DK1,2014,domestic_league,2778,20100,FC Nordsjaelland,FC Vestsjaelland,2,0
2015-03-15,2532469,DK1,2014,domestic_league,3426,190,Esbjerg fB,FC Copenhagen,0,1
2015-03-15,2532470,DK1,2014,domestic_league,206,173,Bröndby IF,Odense Boldklub,2,0
2015-03-15,2537211,RU1,2014,domestic_league,232,121,FK Spartak Moskva,FK Dinamo Moskva,1,0
2015-03-15,2537212,RU1,2014,domestic_league,1186,964,Torpedo Moscow,AO FK Zenit Sankt-Peterburg,1,1
2015-03-15,2537213,RU1,2014,domestic_league,2698,3725,FC Rubin Kazan,RFK Akhmat Grozny,2,1
2015-03-15,2545926,BE1,2014,domestic_league,58,157,RSC Anderlecht,KAA Gent,1,2
2015-03-15,2545927,BE1,2014,domestic_league,3057,1184,Standard Liège,KRC Genk,1,0
2015-03-15,2545928,BE1,2014,domestic_league,172,29228,Royal Charleroi Sporting Club,Royal Excel Mouscron (-2022),2,0
2015-03-15,2545929,BE1,2014,domestic_league,3508,2861,Zulte Waregem,KV Oostende,1,4
2015-03-15,2545930,BE1,2014,domestic_league,204,601,Lierse SK (- 2018),KV Kortrijk,0,0
2015-03-15,2545931,BE1,2014,domestic_league,968,2282,KVC Westerlo,Club Brugge KV,1,3
2015-03-15,2545932,BE1,2014,domestic_league,28643,498,SK Beveren,KSC Lokeren (- 2020),0,0
2015-03-15,2545933,BE1,2014,domestic_league,520,354,Cercle Brugge,KV Mechelen,2,3
2015-03-16,2470268,TR1,2014,domestic_league,524,449,Gaziantepspor (- 2020),Trabzonspor,2,0
2015-03-16,2475441,ES1,2014,domestic_league,3709,681,Getafe CF,Real Sociedad,0,1
2015-03-16,2478852,IT1,2014,domestic_league,416,398,Torino FC,Società Sportiva Lazio S.p.A.,0,2
2015-03-16,2478853,IT1,2014,domestic_league,430,5,ACF Fiorentina,AC Milan,2,1
2015-03-16,2478856,IT1,2014,domestic_league,12,1038,Associazione Sportiva Roma,UC Sampdoria,0,2
2015-03-16,2486757,GB1,2014,domestic_league,2288,31,Swansea City,Liverpool FC,0,1
2015-03-16,2532471,DK1,2014,domestic_league,5818,1053,Hobro IK,Aalborg BK,1,0
2015-03-16,2537214,RU1,2014,domestic_league,1083,2439,FK Rostov,Kuban Krasnodar (-2018),2,1
2015-03-16,2545447,FAC,2014,domestic_cup,1032,1027,Reading FC,Bradford City,3,0
2015-03-17,2517522,CL,2014,international_cup,13,15,Atlético de Madrid,Bayer 04 Leverkusen,4,2
2015-03-17,2517526,CL,2014,international_cup,162,11,AS Monaco,Arsenal FC,0,2
2015-03-17,2518624,GR1,2014,domestic_league,5219,5572,AOK Kerkyra,Niki Volou,3,0
2015-03-18,2517521,CL,2014,international_cup,131,281,FC Barcelona,Manchester City,1,0
2015-03-18,2517523,CL,2014,international_cup,16,506,Borussia Dortmund,Juventus FC,0,3
2015-03-18,2518620,GR1,2014,domestic_league,2672,28956,APO Levadiakos Football Club,AEL Kalloni,3,0
2015-03-18,2518621,GR1,2014,domestic_league,653,7185,Omilos Filathlon Irakliou FC,Panthrakikos Komotini,0,1
2015-03-18,2518622,GR1,2014,domestic_league,1091,5220,Panthessalonikios Athlitikos Omilos Konstantinoupoliton,GS Ergotelis,1,0
2015-03-18,2518623,GR1,2014,domestic_league,128,6418,AO Xanthi,Panetolikos Agrinio,3,0
2015-03-18,2518625,GR1,2014,domestic_league,169,2079,Panionios Athens,Veria NPS,4,2
2015-03-18,2518626,GR1,2014,domestic_league,2671,21957,PAS Giannina,AO Platanias,1,0
2015-03-18,2518627,GR1,2014,domestic_league,3060,265,APS Atromitos Athinon,Panathinaikos Athlitikos Omilos,2,0
2015-03-18,2518628,GR1,2014,domestic_league,683,6676,Olympiakos Syndesmos Filathlon Peiraios,A.G.S Asteras Tripolis,2,0
2015-03-18,2544479,SFA,2014,domestic_cup,371,1519,Celtic FC,Dundee United FC,4,0
2015-03-19,2538963,EL,2014,other,338,29,Dynamo Kyiv,Everton FC,5,2
2015-03-19,2538964,EL,2014,other,610,339,Ajax Amsterdam,Dnipro Dnipropetrovsk (-2020),2,1
2015-03-19,2538965,EL,2014,other,416,964,Torino FC,AO FK Zenit Sankt-Peterburg,1,0
2015-03-19,2538966,EL,2014,other,46,82,Inter Milan,VfL Wolfsburg,1,2
2015-03-19,2538967,EL,2014,other,368,1050,Sevilla FC,Villarreal CF,2,1
2015-03-19,2538968,EL,2014,other,121,6195,FK Dinamo Moskva,SSC Napoli,0,0
2015-03-19,2538969,EL,2014,other,114,2282,Beşiktaş Jimnastik Kulübü,Club Brugge KV,1,3
2015-03-19,2538970,EL,2014,other,12,430,Associazione Sportiva Roma,ACF Fiorentina,0,3
2015-03-20,2459829,NL1,2014,domestic_league,200,132,FC Utrecht,NAC Breda,3,4
2015-03-20,2460857,L1,2014,domestic_league,41,44,Hamburger SV,Hertha BSC,0,1
2015-03-20,2470276,TR1,2014,domestic_league,1506,2293,Kardemir Karabükspor,Konyaspor,0,1
2015-03-20,2470281,TR1,2014,domestic_league,20698,825,Balikesirspor,Eskisehirspor,4,1
2015-03-20,2475453,ES1,2014,domestic_league,1531,1049,Elche CF,Valencia CF,0,4
2015-03-20,2482398,FR1,2014,domestic_league,583,1158,Paris Saint-Germain,FC Lorient,3,1
2015-03-20,2526193,PO1,2014,domestic_league,1075,2990,SC Braga,Académica Coimbra,0,0
2015-03-20,2529640,SC1,2014,domestic_league,987,2999,Motherwell FC,Hamilton Academical FC,4,0
2015-03-20,2532472,DK1,2014,domestic_league,173,3426,Odense Boldklub,Esbjerg fB,0,2
2015-03-20,2537236,RU1,2014,domestic_league,28095,16704,FK Ufa,FK Krasnodar,0,2
2015-03-21,2459830,NL1,2014,domestic_league,1435,499,Go Ahead Eagles,Vitesse Arnhem,0,2
2015-03-21,2459831,NL1,2014,domestic_league,403,1455,Willem II Tilburg,FC Dordrecht,2,1
2015-03-21,2459832,NL1,2014,domestic_league,1304,306,Heracles Almelo,SC Heerenveen,1,4
2015-03-21,2459833,NL1,2014,domestic_league,1090,133,AZ Alkmaar,SC Cambuur Leeuwarden,2,1
2015-03-21,2460852,L1,2014,domestic_league,33,15,FC Schalke 04,Bayer 04 Leverkusen,0,1
2015-03-21,2460854,L1,2014,domestic_league,42,16,Hannover 96,Borussia Dortmund,2,3
2015-03-21,2460855,L1,2014,domestic_league,60,167,SC Freiburg,FC Augsburg,2,0
2015-03-21,2460856,L1,2014,domestic_league,79,24,VfB Stuttgart,Eintracht Frankfurt,3,1
2015-03-21,2460858,L1,2014,domestic_league,3,86,1.FC Köln,SV Werder Bremen,1,1
2015-03-21,2460859,L1,2014,domestic_league,127,533,SC Paderborn 07,TSG 1899 Hoffenheim,0,0
2015-03-21,2470277,TR1,2014,domestic_league,6894,126,Kayseri Erciyesspor,Caykur Rizespor,0,3
2015-03-21,2470278,TR1,2014,domestic_league,10484,141,Kasimpasa,Galatasaray,2,3
2015-03-21,2470280,TR1,2014,domestic_league,3216,524,Mersin Talimyurdu SK,Gaziantepspor (- 2020),0,1
2015-03-21,2470282,TR1,2014,domestic_league,2381,20,Sivasspor,Bursaspor,4,1
2015-03-21,2475451,ES1,2014,domestic_league,13,3709,Atlético de Madrid,Getafe CF,2,0
2015-03-21,2475455,ES1,2014,domestic_league,621,3302,Athletic Bilbao,UD Almería,2,1
2015-03-21,2475456,ES1,2014,domestic_league,3368,940,Levante UD,Celta de Vigo,0,1
2015-03-21,2475458,ES1,2014,domestic_league,16795,1533,Granada CF,SD Eibar,0,0
2015-03-21,2475459,ES1,2014,domestic_league,367,1084,Rayo Vallecano,Málaga CF,1,0
2015-03-21,2478859,IT1,2014,domestic_league,5,1390,AC Milan,Cagliari Calcio,3,1
2015-03-21,2478864,IT1,2014,domestic_league,862,458,Chievo Verona,Palermo FC,1,0
2015-03-21,2482395,FR1,2014,domestic_league,415,40,FC Toulouse,FC Girondins Bordeaux,2,1
2015-03-21,2482396,FR1,2014,domestic_league,595,855,SC Bastia,EA Guingamp,0,0
2015-03-21,2482400,FR1,2014,domestic_league,1162,347,SM Caen,FC Metz,0,0
2015-03-21,2482402,FR1,2014,domestic_league,14171,969,Thonon Évian Grand Genève FC,Montpellier HSC,1,0
2015-03-21,2482403,FR1,2014,domestic_league,273,995,Stade Rennais FC,FC Nantes,0,0
2015-03-21,2482404,FR1,2014,domestic_league,1041,417,Olympique Lyon,OGC Nice,1,2
2015-03-21,2486759,GB1,2014,domestic_league,405,2288,Aston Villa,Swansea City,0,1
2015-03-21,2486762,GB1,2014,domestic_league,281,984,Manchester City,West Bromwich Albion,3,0
2015-03-21,2486763,GB1,2014,domestic_league,762,11,Newcastle United,Arsenal FC,1,2
2015-03-21,2486765,GB1,2014,domestic_league,180,1132,Southampton FC,Burnley FC,2,0
2015-03-21,2486766,GB1,2014,domestic_league,512,873,Stoke City,Crystal Palace,1,2
2015-03-21,2486767,GB1,2014,domestic_league,148,1003,Tottenham Hotspur,Leicester City,4,3
2015-03-21,2486768,GB1,2014,domestic_league,379,289,West Ham United,Sunderland AFC,1,0
2015-03-21,2518647,GR1,2014,domestic_league,5572,169,Niki Volou,Panionios Athens,0,3
2015-03-21,2518648,GR1,2014,domestic_league,6418,2672,Panetolikos Agrinio,APO Levadiakos Football Club,0,1
2015-03-21,2518649,GR1,2014,domestic_league,7185,1091,Panthrakikos Komotini,Panthessalonikios Athlitikos Omilos Konstantinoupoliton,3,1
2015-03-21,2518655,GR1,2014,domestic_league,653,2671,Omilos Filathlon Irakliou FC,PAS Giannina,0,3
2015-03-21,2526195,PO1,2014,domestic_league,2425,294,Rio Ave FC,SL Benfica,2,1
2015-03-21,2526200,PO1,2014,domestic_league,1465,3327,GD Estoril Praia,FC Penafiel,3,3
2015-03-21,2526201,PO1,2014,domestic_league,982,720,CD Nacional,FC Porto,1,1
2015-03-21,2529638,SC1,2014,domestic_league,371,1519,Celtic FC,Dundee United FC,3,0
2015-03-21,2529639,SC1,2014,domestic_league,511,370,Dundee FC,Aberdeen FC,1,1
2015-03-21,2529641,SC1,2014,domestic_league,2760,2451,Partick Thistle FC,Inverness Caledonian Thistle FC,1,0
2015-03-21,2529642,SC1,2014,domestic_league,2759,2553,Ross County FC,Kilmarnock FC,2,1
2015-03-21,2529643,SC1,2014,domestic_league,2578,465,St. Johnstone FC,St. Mirren FC,2,0
2015-03-21,2532473,DK1,2014,domestic_league,865,5818,FC Midtjylland,Hobro IK,3,0
2015-03-21,2537237,RU1,2014,domestic_league,11127,4128,Ural Yekaterinburg,Amkar Perm,1,0
2015-03-21,2537238,RU1,2014,domestic_league,2698,1083,FC Rubin Kazan,FK Rostov,2,0
2015-03-21,2537239,RU1,2014,domestic_league,3729,2410,Arsenal Tula,PFK CSKA Moskva,1,4
2015-03-21,2537240,RU1,2014,domestic_league,1186,232,Torpedo Moscow,FK Spartak Moskva,0,1
2015-03-22,2459834,NL1,2014,domestic_league,610,1268,Ajax Amsterdam,ADO Den Haag,1,0
2015-03-22,2459835,NL1,2014,domestic_league,234,383,Feyenoord Rotterdam,PSV Eindhoven,2,1
2015-03-22,2459836,NL1,2014,domestic_league,202,317,FC Groningen,FC Twente Enschede,2,2
2015-03-22,2459837,NL1,2014,domestic_league,1269,798,PEC Zwolle,Excelsior Rotterdam,1,1
2015-03-22,2460851,L1,2014,domestic_league,27,18,Bayern Munich,Borussia Mönchengladbach,0,2
2015-03-22,2460853,L1,2014,domestic_league,39,82,1.FSV Mainz 05,VfL Wolfsburg,1,1
2015-03-22,2470275,TR1,2014,domestic_league,36,114,Fenerbahce,Beşiktaş Jimnastik Kulübü,1,0
2015-03-22,2470279,TR1,2014,domestic_league,449,19771,Trabzonspor,Akhisarspor,2,0
2015-03-22,2470283,TR1,2014,domestic_league,6890,820,Basaksehir FK,Gençlerbirliği Spor Kulübü,3,1
2015-03-22,2475450,ES1,2014,domestic_league,681,993,Real Sociedad,Córdoba CF,3,1
2015-03-22,2475452,ES1,2014,domestic_league,897,714,Deportivo de La Coruña,RCD Espanyol Barcelona,0,0
2015-03-22,2475454,ES1,2014,domestic_league,1050,368,Villarreal CF,Sevilla FC,0,2
2015-03-22,2475457,ES1,2014,domestic_league,131,418,FC Barcelona,Real Madrid,2,1
2015-03-22,2478858,IT1,2014,domestic_league,6195,800,SSC Napoli,Atalanta BC,1,1
2015-03-22,2478860,IT1,2014,domestic_league,410,430,Udinese Calcio,ACF Fiorentina,2,2
2015-03-22,2478861,IT1,2014,domestic_league,506,252,Juventus FC,Genoa CFC,1,0
2015-03-22,2478862,IT1,2014,domestic_league,398,276,Società Sportiva Lazio S.p.A.,Hellas Verona,2,0
2015-03-22,2478863,IT1,2014,domestic_league,1038,46,UC Sampdoria,Inter Milan,1,0
2015-03-22,2478865,IT1,2014,domestic_league,1429,12,Cesena FC,Associazione Sportiva Roma,0,1
2015-03-22,2478866,IT1,2014,domestic_league,749,6574,FC Empoli,US Sassuolo,3,1
2015-03-22,2478867,IT1,2014,domestic_league,130,416,Parma Calcio 1913,Torino FC,0,2
2015-03-22,2482397,FR1,2014,domestic_league,618,1082,AS Saint-Étienne,LOSC Lille,2,0
2015-03-22,2482399,FR1,2014,domestic_league,826,244,RC Lens,Olympique Marseille,0,4
2015-03-22,2482401,FR1,2014,domestic_league,1421,162,Stade Reims,AS Monaco,1,3
2015-03-22,2486760,GB1,2014,domestic_league,3008,631,Hull City,Chelsea FC,2,3
2015-03-22,2486761,GB1,2014,domestic_league,31,985,Liverpool FC,Manchester United,1,2
2015-03-22,2486764,GB1,2014,domestic_league,1039,29,Queens Park Rangers,Everton FC,1,2
2015-03-22,2518650,GR1,2014,domestic_league,128,3060,AO Xanthi,APS Atromitos Athinon,1,0
2015-03-22,2518651,GR1,2014,domestic_league,6676,5220,A.G.S Asteras Tripolis,GS Ergotelis,2,1
2015-03-22,2518652,GR1,2014,domestic_league,683,5219,Olympiakos Syndesmos Filathlon Peiraios,AOK Kerkyra,3,0
2015-03-22,2518654,GR1,2014,domestic_league,2079,265,Veria NPS,Panathinaikos Athlitikos Omilos,1,0
2015-03-22,2526194,PO1,2014,domestic_league,2503,68608,Boavista FC,CF Os Belenenses,1,0
2015-03-22,2526197,PO1,2014,domestic_league,336,2420,Sporting CP,Vitória Guimarães SC,4,1
2015-03-22,2526198,PO1,2014,domestic_league,979,1301,Moreirense FC,CS Marítimo,1,1
2015-03-22,2526199,PO1,2014,domestic_league,8024,2424,FC Arouca,Gil Vicente FC,3,1
2015-03-22,2532474,DK1,2014,domestic_league,1177,2778,Silkeborg IF,FC Nordsjaelland,2,2
2015-03-22,2532475,DK1,2014,domestic_league,1053,5817,Aalborg BK,Sönderjyske Fodbold,1,4
2015-03-22,2532476,DK1,2014,domestic_league,20100,206,FC Vestsjaelland,Bröndby IF,0,1
2015-03-22,2532477,DK1,2014,domestic_league,190,5724,FC Copenhagen,Randers FC,1,1
2015-03-22,2537241,RU1,2014,domestic_league,121,964,FK Dinamo Moskva,AO FK Zenit Sankt-Peterburg,0,1
2015-03-22,2537242,RU1,2014,domestic_league,11126,932,Mordovia Saransk (-2020),"Футбольный клуб ""Локомотив"" Москва",0,0
2015-03-22,2537243,RU1,2014,domestic_league,2439,3725,Kuban Krasnodar (-2018),RFK Akhmat Grozny,1,0
2015-03-23,2518653,GR1,2014,domestic_league,21957,28956,AO Platanias,AEL Kalloni,1,0
2015-03-23,2526196,PO1,2014,domestic_league,1085,2995,Vitória Setúbal FC,FC Paços de Ferreira,0,0
2015-04-01,2508349,UKRP,2014,domestic_cup,6992,339,Chornomorets Odesa,Dnipro Dnipropetrovsk (-2020),0,4
2015-04-02,2530957,POCP,2014,,1301,720,CS Marítimo,FC Porto,2,1
2015-04-03,2475469,ES1,2014,domestic_league,1533,367,SD Eibar,Rayo Vallecano,1,2
2015-04-03,2482413,FR1,2014,domestic_league,162,618,AS Monaco,AS Saint-Étienne,1,1
2015-04-03,2512951,UKR1,2014,domestic_league,23611,6996,Olimpik Donetsk,Goverla Uzhgorod (- 2016),1,2
2015-04-03,2526202,PO1,2014,domestic_league,2420,8024,Vitória Guimarães SC,FC Arouca,1,0
2015-04-03,2526204,PO1,2014,domestic_league,2424,1075,Gil Vicente FC,SC Braga,0,2
2015-04-03,2526206,PO1,2014,domestic_league,2990,2425,Académica Coimbra,Rio Ave FC,0,0
2015-04-03,2529649,SC1,2014,domestic_league,465,371,St. Mirren FC,Celtic FC,0,2
2015-04-04,2459838,NL1,2014,domestic_league,1269,403,PEC Zwolle,Willem II Tilburg,1,0
2015-04-04,2459839,NL1,2014,domestic_league,499,202,Vitesse Arnhem,FC Groningen,1,1
2015-04-04,2459840,NL1,2014,domestic_league,306,132,SC Heerenveen,NAC Breda,0,0
2015-04-04,2459841,NL1,2014,domestic_league,1455,1304,FC Dordrecht,Heracles Almelo,2,3
2015-04-04,2459842,NL1,2014,domestic_league,317,383,FC Twente Enschede,PSV Eindhoven,0,5
2015-04-04,2460860,L1,2014,domestic_league,16,27,Borussia Dortmund,Bayern Munich,0,1
2015-04-04,2460861,L1,2014,domestic_league,15,41,Bayer 04 Leverkusen,Hamburger SV,4,0
2015-04-04,2460862,L1,2014,domestic_league,82,79,VfL Wolfsburg,VfB Stuttgart,3,1
2015-04-04,2460864,L1,2014,domestic_league,533,18,TSG 1899 Hoffenheim,Borussia Mönchengladbach,1,4
2015-04-04,2460866,L1,2014,domestic_league,86,39,SV Werder Bremen,1.FSV Mainz 05,0,0
2015-04-04,2460867,L1,2014,domestic_league,24,42,Eintracht Frankfurt,Hannover 96,2,2
2015-04-04,2460868,L1,2014,domestic_league,60,3,SC Freiburg,1.FC Köln,1,0
2015-04-04,2470286,TR1,2014,domestic_league,820,10484,Gençlerbirliği Spor Kulübü,Kasimpasa,5,2
2015-04-04,2470288,TR1,2014,domestic_league,126,36,Caykur Rizespor,Fenerbahce,1,5
2015-04-04,2470289,TR1,2014,domestic_league,825,2381,Eskisehirspor,Sivasspor,1,3
2015-04-04,2470292,TR1,2014,domestic_league,20698,3216,Balikesirspor,Mersin Talimyurdu SK,1,3
2015-04-04,2475460,ES1,2014,domestic_league,1084,681,Málaga CF,Real Sociedad,1,1
2015-04-04,2475461,ES1,2014,domestic_league,993,13,Córdoba CF,Atlético de Madrid,0,2
2015-04-04,2475465,ES1,2014,domestic_league,368,621,Sevilla FC,Athletic Bilbao,2,0
2015-04-04,2475466,ES1,2014,domestic_league,3302,3368,UD Almería,Levante UD,1,4
2015-04-04,2478868,IT1,2014,domestic_league,276,1429,Hellas Verona,Cesena FC,3,3
2015-04-04,2478869,IT1,2014,domestic_league,6574,862,US Sassuolo,Chievo Verona,1,0
2015-04-04,2478870,IT1,2014,domestic_league,506,749,Juventus FC,FC Empoli,2,0
2015-04-04,2478871,IT1,2014,domestic_league,1390,398,Cagliari Calcio,Società Sportiva Lazio S.p.A.,1,3
2015-04-04,2478872,IT1,2014,domestic_league,458,5,Palermo FC,AC Milan,1,2
2015-04-04,2478873,IT1,2014,domestic_league,12,6195,Associazione Sportiva Roma,SSC Napoli,1,0
2015-04-04,2478874,IT1,2014,domestic_league,46,130,Inter Milan,Parma Calcio 1913,1,1
2015-04-04,2478875,IT1,2014,domestic_league,430,1038,ACF Fiorentina,UC Sampdoria,2,0
2015-04-04,2478876,IT1,2014,domestic_league,800,416,Atalanta BC,Torino FC,1,2
2015-04-04,2478877,IT1,2014,domestic_league,252,410,Genoa CFC,Udinese Calcio,1,1
2015-04-04,2482405,FR1,2014,domestic_league,969,595,Montpellier HSC,SC Bastia,3,1
2015-04-04,2482407,FR1,2014,domestic_league,417,14171,OGC Nice,Thonon Évian Grand Genève FC,2,2
2015-04-04,2482409,FR1,2014,domestic_league,855,1041,EA Guingamp,Olympique Lyon,1,3
2015-04-04,2482411,FR1,2014,domestic_league,1082,1421,LOSC Lille,Stade Reims,3,1
2015-04-04,2482412,FR1,2014,domestic_league,1158,273,FC Lorient,Stade Rennais FC,0,3
2015-04-04,2482414,FR1,2014,domestic_league,347,415,FC Metz,FC Toulouse,3,2
2015-04-04,2486769,GB1,2014,domestic_league,11,31,Arsenal FC,Liverpool FC,4,1
2015-04-04,2486771,GB1,2014,domestic_league,631,512,Chelsea FC,Stoke City,2,1
2015-04-04,2486773,GB1,2014,domestic_league,29,180,Everton FC,Southampton FC,1,0
2015-04-04,2486774,GB1,2014,domestic_league,1003,379,Leicester City,West Ham United,2,1
2015-04-04,2486775,GB1,2014,domestic_league,985,405,Manchester United,Aston Villa,3,1
2015-04-04,2486777,GB1,2014,domestic_league,2288,3008,Swansea City,Hull City,3,1
2015-04-04,2486778,GB1,2014,domestic_league,984,1039,West Bromwich Albion,Queens Park Rangers,1,4
2015-04-04,2512947,UKR1,2014,domestic_league,2740,339,Vorskla Poltava,Dnipro Dnipropetrovsk (-2020),1,3
2015-04-04,2512949,UKR1,2014,domestic_league,6992,338,Chornomorets Odesa,Dynamo Kyiv,0,2
2015-04-04,2512952,UKR1,2014,domestic_league,6414,2783,Metalist Kharkiv (- 2016),Metalurg Donetsk (- 2015),1,0
2015-04-04,2518656,GR1,2014,domestic_league,28956,5572,AEL Kalloni,Niki Volou,3,0
2015-04-04,2518657,GR1,2014,domestic_league,21957,2079,AO Platanias,Veria NPS,1,0
2015-04-04,2518658,GR1,2014,domestic_league,265,6676,Panathinaikos Athlitikos Omilos,A.G.S Asteras Tripolis,2,2
2015-04-04,2526203,PO1,2014,domestic_league,3327,2503,FC Penafiel,Boavista FC,2,2
2015-04-04,2526207,PO1,2014,domestic_league,68608,979,CF Os Belenenses,Moreirense FC,2,0
2015-04-04,2526208,PO1,2014,domestic_league,294,982,SL Benfica,CD Nacional,3,1
2015-04-04,2526209,PO1,2014,domestic_league,2995,336,FC Paços de Ferreira,Sporting CP,1,1
2015-04-04,2529644,SC1,2014,domestic_league,370,2760,Aberdeen FC,Partick Thistle FC,0,0
2015-04-04,2529645,SC1,2014,domestic_league,1519,2759,Dundee United FC,Ross County FC,1,2
2015-04-04,2529646,SC1,2014,domestic_league,2999,2578,Hamilton Academical FC,St. Johnstone FC,1,1
2015-04-04,2529647,SC1,2014,domestic_league,2451,511,Inverness Caledonian Thistle FC,Dundee FC,1,1
2015-04-04,2529648,SC1,2014,domestic_league,2553,987,Kilmarnock FC,Motherwell FC,1,2
2015-04-04,2532478,DK1,2014,domestic_league,5817,2778,Sönderjyske Fodbold,FC Nordsjaelland,1,2
2015-04-04,2550035,RU1,2014,domestic_league,4128,2698,Amkar Perm,FC Rubin Kazan,0,3
2015-04-04,2550036,RU1,2014,domestic_league,121,932,FK Dinamo Moskva,"Футбольный клуб ""Локомотив"" Москва",2,2
2015-04-04,2550037,RU1,2014,domestic_league,16704,11126,FK Krasnodar,Mordovia Saransk (-2020),4,0
2015-04-04,2550038,RU1,2014,domestic_league,232,2439,FK Spartak Moskva,Kuban Krasnodar (-2018),1,1
2015-04-05,2459843,NL1,2014,domestic_league,200,610,FC Utrecht,Ajax Amsterdam,1,1
2015-04-05,2459844,NL1,2014,domestic_league,1090,234,AZ Alkmaar,Feyenoord Rotterdam,1,4
2015-04-05,2459845,NL1,2014,domestic_league,798,1268,Excelsior Rotterdam,ADO Den Haag,2,3
2015-04-05,2459846,NL1,2014,domestic_league,133,1435,SC Cambuur Leeuwarden,Go Ahead Eagles,1,0
2015-04-05,2460863,L1,2014,domestic_league,167,33,FC Augsburg,FC Schalke 04,0,0
2015-04-05,2460865,L1,2014,domestic_league,44,127,Hertha BSC,SC Paderborn 07,2,0
2015-04-05,2470284,TR1,2014,domestic_league,20,6894,Bursaspor,Kayseri Erciyesspor,3,0
2015-04-05,2470285,TR1,2014,domestic_league,19771,524,Akhisarspor,Gaziantepspor (- 2020),3,0
2015-04-05,2470290,TR1,2014,domestic_league,2293,449,Konyaspor,Trabzonspor,1,0
2015-04-05,2470291,TR1,2014,domestic_league,141,1506,Galatasaray,Kardemir Karabükspor,4,2
2015-04-05,2475462,ES1,2014,domestic_league,3709,897,Getafe CF,Deportivo de La Coruña,2,1
2015-04-05,2475464,ES1,2014,domestic_league,1049,1050,Valencia CF,Villarreal CF,0,0
2015-04-05,2475467,ES1,2014,domestic_league,940,131,Celta de Vigo,FC Barcelona,0,1
2015-04-05,2475468,ES1,2014,domestic_league,418,16795,Real Madrid,Granada CF,9,1
2015-04-05,2482406,FR1,2014,domestic_league,995,1162,FC Nantes,SM Caen,1,2
2015-04-05,2482408,FR1,2014,domestic_league,40,826,FC Girondins Bordeaux,RC Lens,2,1
2015-04-05,2482410,FR1,2014,domestic_league,244,583,Olympique Marseille,Paris Saint-Germain,2,3
2015-04-05,2486770,GB1,2014,domestic_league,1132,148,Burnley FC,Tottenham Hotspur,0,0
2015-04-05,2486776,GB1,2014,domestic_league,289,762,Sunderland AFC,Newcastle United,1,0
2015-04-05,2512948,UKR1,2014,domestic_league,6993,660,FK Mariupol,FC Shakhtar Donetsk,2,6
2015-04-05,2512950,UKR1,2014,domestic_league,6994,2477,Metalurg Zaporizhya (-2016),Karpaty Lviv (-2021),2,1
2015-04-05,2512953,UKR1,2014,domestic_league,4482,10690,Volyn Lutsk,Zorya Lugansk,1,2
2015-04-05,2518659,GR1,2014,domestic_league,169,6418,Panionios Athens,Panetolikos Agrinio,3,0
2015-04-05,2518660,GR1,2014,domestic_league,5220,7185,GS Ergotelis,Panthrakikos Komotini,2,1
2015-04-05,2518661,GR1,2014,domestic_league,2672,653,APO Levadiakos Football Club,Omilos Filathlon Irakliou FC,3,0
2015-04-05,2518662,GR1,2014,domestic_league,1091,128,Panthessalonikios Athlitikos Omilos Konstantinoupoliton,AO Xanthi,2,1
2015-04-05,2518663,GR1,2014,domestic_league,2671,683,PAS Giannina,Olympiakos Syndesmos Filathlon Peiraios,3,1
2015-04-05,2532479,DK1,2014,domestic_league,5818,1177,Hobro IK,Silkeborg IF,2,2
2015-04-05,2532480,DK1,2014,domestic_league,3426,865,Esbjerg fB,FC Midtjylland,3,3
2015-04-05,2550039,RU1,2014,domestic_league,964,2410,AO FK Zenit Sankt-Peterburg,PFK CSKA Moskva,2,1
2015-04-05,2550040,RU1,2014,domestic_league,11127,1083,Ural Yekaterinburg,FK Rostov,0,1
2015-04-05,2550041,RU1,2014,domestic_league,28095,3725,FK Ufa,RFK Akhmat Grozny,0,1
2015-04-05,2550042,RU1,2014,domestic_league,3729,1186,Arsenal Tula,Torpedo Moscow,1,3
2015-04-06,2470287,TR1,2014,domestic_league,114,6890,Beşiktaş Jimnastik Kulübü,Basaksehir FK,0,0
2015-04-06,2475463,ES1,2014,domestic_league,714,1531,RCD Espanyol Barcelona,Elche CF,1,1
2015-04-06,2486772,GB1,2014,domestic_league,873,281,Crystal Palace,Manchester City,2,1
2015-04-06,2518664,GR1,2014,domestic_league,3060,5219,APS Atromitos Athinon,AOK Kerkyra,2,1
2015-04-06,2526205,PO1,2014,domestic_league,720,1465,FC Porto,GD Estoril Praia,5,0
2015-04-06,2526210,PO1,2014,domestic_league,1301,1085,CS Marítimo,Vitória Setúbal FC,1,1
2015-04-06,2532481,DK1,2014,domestic_league,206,190,Bröndby IF,FC Copenhagen,0,0
2015-04-06,2532482,DK1,2014,domestic_league,5724,1053,Randers FC,Aalborg BK,1,1
2015-04-07,2475470,ES1,2014,domestic_league,13,681,Atlético de Madrid,Real Sociedad,2,0
2015-04-07,2475475,ES1,2014,domestic_league,3368,368,Levante UD,Sevilla FC,1,2
2015-04-07,2475479,ES1,2014,domestic_league,1533,1084,SD Eibar,Málaga CF,1,0
2015-04-07,2482350,FR1,2014,domestic_league,162,969,AS Monaco,Montpellier HSC,0,0
2015-04-07,2486790,GB1,2014,domestic_league,405,1039,Aston Villa,Queens Park Rangers,3,3
2015-04-07,2529653,SC1,2014,domestic_league,987,465,Motherwell FC,St. Mirren FC,5,0
2015-04-07,2529654,SC1,2014,domestic_league,2759,2578,Ross County FC,St. Johnstone FC,1,0
2015-04-07,2530955,NLP,2014,domestic_cup,317,1269,FC Twente Enschede,PEC Zwolle,3,5
2015-04-07,2532483,DK1,2014,domestic_league,173,20100,Odense Boldklub,FC Vestsjaelland,1,2
2015-04-07,2532971,CIT,2014,domestic_cup,430,506,ACF Fiorentina,Juventus FC,0,3
2015-04-07,2544475,DFB,2014,domestic_cup,16,533,Borussia Dortmund,TSG 1899 Hoffenheim,3,2
2015-04-07,2544476,DFB,2014,domestic_cup,82,60,VfL Wolfsburg,SC Freiburg,1,0
2015-04-07,2551054,RU1,2014,domestic_league,11126,4128,Mordovia Saransk (-2020),Amkar Perm,1,0
2015-04-07,2551055,RU1,2014,domestic_league,2698,16704,FC Rubin Kazan,FK Krasnodar,1,2
2015-04-08,2475471,ES1,2014,domestic_league,897,993,Deportivo de La Coruña,Córdoba CF,1,1
2015-04-08,2475476,ES1,2014,domestic_league,131,3302,FC Barcelona,UD Almería,4,0
2015-04-08,2475477,ES1,2014,domestic_league,16795,940,Granada CF,Celta de Vigo,1,1
2015-04-08,2475478,ES1,2014,domestic_league,367,418,Rayo Vallecano,Real Madrid,0,2
2015-04-08,2478827,IT1,2014,domestic_league,130,410,Parma Calcio 1913,Udinese Calcio,1,0
2015-04-08,2508368,UKRP,2014,domestic_cup,339,6992,Dnipro Dnipropetrovsk (-2020),Chornomorets Odesa,1,0
2015-04-08,2508369,UKRP,2014,domestic_cup,660,6414,FC Shakhtar Donetsk,Metalist Kharkiv (- 2016),1,0
2015-04-08,2508370,UKRP,2014,domestic_cup,338,10690,Dynamo Kyiv,Zorya Lugansk,2,0
2015-04-08,2508371,UKRP,2014,domestic_cup,23611,2740,Olimpik Donetsk,Vorskla Poltava,1,0
2015-04-08,2529650,SC1,2014,domestic_league,370,2451,Aberdeen FC,Inverness Caledonian Thistle FC,1,0
2015-04-08,2529651,SC1,2014,domestic_league,371,2760,Celtic FC,Partick Thistle FC,2,0
2015-04-08,2529652,SC1,2014,domestic_league,511,1519,Dundee FC,Dundee United FC,3,1
2015-04-08,2530956,NLP,2014,domestic_cup,202,798,FC Groningen,Excelsior Rotterdam,3,0
2015-04-08,2532970,CIT,2014,domestic_cup,6195,398,SSC Napoli,Società Sportiva Lazio S.p.A.,0,1
2015-04-08,2544474,DFB,2014,domestic_cup,15,27,Bayer 04 Leverkusen,Bayern Munich,3,5
2015-04-08,2544477,DFB,2014,domestic_cup,10,18,Arminia Bielefeld,Borussia Mönchengladbach,6,5
2015-04-08,2545446,FAC,2014,domestic_cup,164,31,Blackburn Rovers,Liverpool FC,0,1
2015-04-08,2547042,GRP,2014,domestic_cup,441,683,Apollon Smyrnis,Olympiakos Syndesmos Filathlon Peiraios,0,3
2015-04-08,2551056,RU1,2014,domestic_league,3725,964,RFK Akhmat Grozny,AO FK Zenit Sankt-Peterburg,1,2
2015-04-08,2551057,RU1,2014,domestic_league,2439,11127,Kuban Krasnodar (-2018),Ural Yekaterinburg,0,2
2015-04-08,2551058,RU1,2014,domestic_league,932,1186,"Футбольный клуб ""Локомотив"" Москва",Torpedo Moscow,2,0
2015-04-08,2551059,RU1,2014,domestic_league,2410,121,PFK CSKA Moskva,FK Dinamo Moskva,1,2
2015-04-09,2475472,ES1,2014,domestic_league,1531,3709,Elche CF,Getafe CF,0,1
2015-04-09,2475473,ES1,2014,domestic_league,1050,714,Villarreal CF,RCD Espanyol Barcelona,0,3
2015-04-09,2475474,ES1,2014,domestic_league,621,1049,Athletic Bilbao,Valencia CF,1,1
2015-04-09,2547043,GRP,2014,domestic_cup,47,128,Iraklis Thessaloniki,AO Xanthi,0,1
2015-04-09,2551060,RU1,2014,domestic_league,3729,232,Arsenal Tula,FK Spartak Moskva,1,0
2015-04-09,2551061,RU1,2014,domestic_league,1083,28095,FK Rostov,FK Ufa,2,0
2015-04-10,2459847,NL1,2014,domestic_league,383,1269,PSV Eindhoven,PEC Zwolle,3,1
2015-04-10,2460873,L1,2014,domestic_league,42,44,Hannover 96,Hertha BSC,1,1
2015-04-10,2482421,FR1,2014,domestic_league,1162,162,SM Caen,AS Monaco,0,3
2015-04-10,2512957,UKR1,2014,domestic_league,6996,6993,Goverla Uzhgorod (- 2016),FK Mariupol,2,1
2015-04-10,2512959,UKR1,2014,domestic_league,6994,4482,Metalurg Zaporizhya (-2016),Volyn Lutsk,1,1
2015-04-10,2526215,PO1,2014,domestic_league,8024,68608,FC Arouca,CF Os Belenenses,0,1
2015-04-10,2532484,DK1,2014,domestic_league,5818,3426,Hobro IK,Esbjerg fB,3,1
2015-04-11,2459848,NL1,2014,domestic_league,798,499,Excelsior Rotterdam,Vitesse Arnhem,1,3
2015-04-11,2459849,NL1,2014,domestic_league,306,1090,SC Heerenveen,AZ Alkmaar,5,2
2015-04-11,2459850,NL1,2014,domestic_league,132,1455,NAC Breda,FC Dordrecht,2,2
2015-04-11,2459851,NL1,2014,domestic_league,1304,610,Heracles Almelo,Ajax Amsterdam,0,2
2015-04-11,2460869,L1,2014,domestic_league,27,24,Bayern Munich,Eintracht Frankfurt,3,0
2015-04-11,2460870,L1,2014,domestic_league,33,60,FC Schalke 04,SC Freiburg,0,0
2015-04-11,2460871,L1,2014,domestic_league,18,16,Borussia Mönchengladbach,Borussia Dortmund,3,1
2015-04-11,2460872,L1,2014,domestic_league,39,15,1.FSV Mainz 05,Bayer 04 Leverkusen,2,3
2015-04-11,2460875,L1,2014,domestic_league,41,82,Hamburger SV,VfL Wolfsburg,0,2
2015-04-11,2460877,L1,2014,domestic_league,127,167,SC Paderborn 07,FC Augsburg,2,1
2015-04-11,2475480,ES1,2014,domestic_league,1084,13,Málaga CF,Atlético de Madrid,2,2
2015-04-11,2475486,ES1,2014,domestic_league,368,131,Sevilla FC,FC Barcelona,2,2
2015-04-11,2475487,ES1,2014,domestic_league,3302,16795,UD Almería,Granada CF,3,0
2015-04-11,2475488,ES1,2014,domestic_league,940,367,Celta de Vigo,Rayo Vallecano,6,1
2015-04-11,2475489,ES1,2014,domestic_league,418,1533,Real Madrid,SD Eibar,3,0
2015-04-11,2478878,IT1,2014,domestic_league,252,1390,Genoa CFC,Cagliari Calcio,2,0
2015-04-11,2478882,IT1,2014,domestic_league,276,46,Hellas Verona,Inter Milan,0,3
2015-04-11,2478883,IT1,2014,domestic_league,130,506,Parma Calcio 1913,Juventus FC,1,0
2015-04-11,2486779,GB1,2014,domestic_league,1132,11,Burnley FC,Arsenal FC,0,1
2015-04-11,2486783,GB1,2014,domestic_league,180,3008,Southampton FC,Hull City,2,0
2015-04-11,2486784,GB1,2014,domestic_league,289,873,Sunderland AFC,Crystal Palace,1,4
2015-04-11,2486785,GB1,2014,domestic_league,2288,29,Swansea City,Everton FC,1,1
2015-04-11,2486786,GB1,2014,domestic_league,148,405,Tottenham Hotspur,Aston Villa,0,1
2015-04-11,2486787,GB1,2014,domestic_league,984,1003,West Bromwich Albion,Leicester City,2,3
2015-04-11,2486788,GB1,2014,domestic_league,379,512,West Ham United,Stoke City,1,1
2015-04-11,2512954,UKR1,2014,domestic_league,2783,23611,Metalurg Donetsk (- 2015),Olimpik Donetsk,4,2
2015-04-11,2512956,UKR1,2014,domestic_league,660,6992,FC Shakhtar Donetsk,Chornomorets Odesa,5,0
2015-04-11,2512958,UKR1,2014,domestic_league,339,6414,Dnipro Dnipropetrovsk (-2020),Metalist Kharkiv (- 2016),0,0
2015-04-11,2526211,PO1,2014,domestic_league,294,2990,SL Benfica,Académica Coimbra,5,1
2015-04-11,2526213,PO1,2014,domestic_league,979,2420,Moreirense FC,Vitória Guimarães SC,2,1
2015-04-11,2526214,PO1,2014,domestic_league,2425,720,Rio Ave FC,FC Porto,1,3
2015-04-11,2526216,PO1,2014,domestic_league,2503,1301,Boavista FC,CS Marítimo,0,2
2015-04-11,2529656,SC1,2014,domestic_league,1519,2999,Dundee United FC,Hamilton Academical FC,1,0
2015-04-11,2529657,SC1,2014,domestic_league,2451,371,Inverness Caledonian Thistle FC,Celtic FC,1,1
2015-04-11,2529658,SC1,2014,domestic_league,2760,987,Partick Thistle FC,Motherwell FC,2,0
2015-04-11,2529659,SC1,2014,domestic_league,2578,511,St. Johnstone FC,Dundee FC,1,0
2015-04-11,2532485,DK1,2014,domestic_league,5724,20100,Randers FC,FC Vestsjaelland,1,1
2015-04-11,2551366,RU1,2014,domestic_league,16704,2439,FK Krasnodar,Kuban Krasnodar (-2018),3,2
2015-04-12,2459852,NL1,2014,domestic_league,403,234,Willem II Tilburg,Feyenoord Rotterdam,2,2
2015-04-12,2459853,NL1,2014,domestic_league,1435,317,Go Ahead Eagles,FC Twente Enschede,1,3
2015-04-12,2459854,NL1,2014,domestic_league,202,133,FC Groningen,SC Cambuur Leeuwarden,3,2
2015-04-12,2459855,NL1,2014,domestic_league,1268,200,ADO Den Haag,FC Utrecht,2,0
2015-04-12,2460874,L1,2014,domestic_league,79,86,VfB Stuttgart,SV Werder Bremen,3,2
2015-04-12,2460876,L1,2014,domestic_league,3,533,1.FC Köln,TSG 1899 Hoffenheim,3,2
2015-04-12,2475481,ES1,2014,domestic_league,681,897,Real Sociedad,Deportivo de La Coruña,2,2
2015-04-12,2475482,ES1,2014,domestic_league,993,1531,Córdoba CF,Elche CF,0,2
2015-04-12,2475483,ES1,2014,domestic_league,3709,1050,Getafe CF,Villarreal CF,1,1
2015-04-12,2475484,ES1,2014,domestic_league,714,621,RCD Espanyol Barcelona,Athletic Bilbao,1,0
2015-04-12,2478879,IT1,2014,domestic_league,1429,862,Cesena FC,Chievo Verona,0,1
2015-04-12,2478880,IT1,2014,domestic_league,398,749,Società Sportiva Lazio S.p.A.,FC Empoli,4,0
2015-04-12,2478881,IT1,2014,domestic_league,6195,430,SSC Napoli,ACF Fiorentina,3,0
2015-04-12,2478884,IT1,2014,domestic_league,410,458,Udinese Calcio,Palermo FC,1,3
2015-04-12,2478885,IT1,2014,domestic_league,416,12,Torino FC,Associazione Sportiva Roma,1,1
2015-04-12,2478886,IT1,2014,domestic_league,5,1038,AC Milan,UC Sampdoria,1,1
2015-04-12,2478887,IT1,2014,domestic_league,800,6574,Atalanta BC,US Sassuolo,2,1
2015-04-12,2482416,FR1,2014,domestic_league,273,855,Stade Rennais FC,EA Guingamp,1,0
2015-04-12,2482417,FR1,2014,domestic_league,14171,1082,Thonon Évian Grand Genève FC,LOSC Lille,0,1
2015-04-12,2482418,FR1,2014,domestic_league,826,1158,RC Lens,FC Lorient,0,0
2015-04-12,2482419,FR1,2014,domestic_league,40,244,FC Girondins Bordeaux,Olympique Marseille,1,0
2015-04-12,2482422,FR1,2014,domestic_league,415,969,FC Toulouse,Montpellier HSC,1,0
2015-04-12,2482423,FR1,2014,domestic_league,618,995,AS Saint-Étienne,FC Nantes,1,0
2015-04-12,2482424,FR1,2014,domestic_league,1421,417,Stade Reims,OGC Nice,0,1
2015-04-12,2486781,GB1,2014,domestic_league,985,281,Manchester United,Manchester City,4,2
2015-04-12,2486782,GB1,2014,domestic_league,1039,631,Queens Park Rangers,Chelsea FC,0,1
2015-04-12,2512955,UKR1,2014,domestic_league,338,10690,Dynamo Kyiv,Zorya Lugansk,2,2
2015-04-12,2526212,PO1,2014,domestic_league,982,2424,CD Nacional,Gil Vicente FC,3,2
2015-04-12,2526217,PO1,2014,domestic_league,1075,3327,SC Braga,FC Penafiel,4,0
2015-04-12,2526219,PO1,2014,domestic_league,1085,336,Vitória Setúbal FC,Sporting CP,1,2
2015-04-12,2529655,SC1,2014,domestic_league,2553,370,Kilmarnock FC,Aberdeen FC,1,2
2015-04-12,2532486,DK1,2014,domestic_league,2778,173,FC Nordsjaelland,Odense Boldklub,1,2
2015-04-12,2532487,DK1,2014,domestic_league,1053,865,Aalborg BK,FC Midtjylland,1,2
2015-04-12,2532488,DK1,2014,domestic_league,5817,206,Sönderjyske Fodbold,Bröndby IF,0,1
2015-04-12,2551367,RU1,2014,domestic_league,964,2698,AO FK Zenit Sankt-Peterburg,FC Rubin Kazan,1,1
2015-04-12,2551368,RU1,2014,domestic_league,28095,3729,FK Ufa,Arsenal Tula,0,1
2015-04-12,2551369,RU1,2014,domestic_league,121,11126,FK Dinamo Moskva,Mordovia Saransk (-2020),2,1
2015-04-13,2475485,ES1,2014,domestic_league,1049,3368,Valencia CF,Levante UD,3,0
2015-04-13,2486780,GB1,2014,domestic_league,31,762,Liverpool FC,Newcastle United,2,0
2015-04-13,2512960,UKR1,2014,domestic_league,2477,2740,Karpaty Lviv (-2021),Vorskla Poltava,0,0
2015-04-13,2526218,PO1,2014,domestic_league,1465,2995,GD Estoril Praia,FC Paços de Ferreira,1,0
2015-04-13,2529660,SC1,2014,domestic_league,465,2759,St. Mirren FC,Ross County FC,0,3
2015-04-13,2532489,DK1,2014,domestic_league,1177,190,Silkeborg IF,FC Copenhagen,0,4
2015-04-13,2551370,RU1,2014,domestic_league,11127,932,Ural Yekaterinburg,"Футбольный клуб ""Локомотив"" Москва",2,0
2015-04-13,2551371,RU1,2014,domestic_league,4128,2410,Amkar Perm,PFK CSKA Moskva,1,0
2015-04-13,2551372,RU1,2014,domestic_league,1186,3725,Torpedo Moscow,RFK Akhmat Grozny,0,0
2015-04-13,2551373,RU1,2014,domestic_league,1083,232,FK Rostov,FK Spartak Moskva,2,1
2015-04-14,2547350,CL,2014,international_cup,13,418,Atlético de Madrid,Real Madrid,0,0
2015-04-14,2547352,CL,2014,international_cup,506,162,Juventus FC,AS Monaco,1,0
2015-04-15,2478835,IT1,2014,domestic_league,252,130,Genoa CFC,Parma Calcio 1913,2,0
2015-04-15,2482415,FR1,2014,domestic_league,1041,595,Olympique Lyon,SC Bastia,2,0
2015-04-15,2494493,GR1,2014,domestic_league,3060,653,APS Atromitos Athinon,Omilos Filathlon Irakliou FC,3,0
2015-04-15,2505099,SC1,2014,domestic_league,371,2553,Celtic FC,Kilmarnock FC,4,1
2015-04-15,2518632,GR1,2014,domestic_league,7185,683,Panthrakikos Komotini,Olympiakos Syndesmos Filathlon Peiraios,1,3
2015-04-15,2544481,DKP,2014,domestic_cup,20100,5817,FC Vestsjaelland,Sönderjyske Fodbold,2,0
2015-04-15,2547349,CL,2014,international_cup,583,131,Paris Saint-Germain,FC Barcelona,1,3
2015-04-15,2547351,CL,2014,international_cup,720,27,FC Porto,Bayern Munich,3,1
2015-04-16,2544482,DKP,2014,domestic_cup,190,3426,FC Copenhagen,Esbjerg fB,1,1
2015-04-16,2547353,EL,2014,other,368,964,Sevilla FC,AO FK Zenit Sankt-Peterburg,2,1
2015-04-16,2547355,EL,2014,other,338,430,Dynamo Kyiv,ACF Fiorentina,1,1
2015-04-16,2547356,EL,2014,other,82,6195,VfL Wolfsburg,SSC Napoli,1,4
2015-04-16,2547357,EL,2014,other,2282,339,Club Brugge KV,Dnipro Dnipropetrovsk (-2020),0,0
2015-04-17,2459856,NL1,2014,domestic_league,133,798,SC Cambuur Leeuwarden,Excelsior Rotterdam,1,1
2015-04-17,2460885,L1,2014,domestic_league,24,18,Eintracht Frankfurt,Borussia Mönchengladbach,0,0
2015-04-17,2470297,TR1,2014,domestic_league,524,2293,Gaziantepspor (- 2020),Konyaspor,1,1
2015-04-17,2475494,ES1,2014,domestic_league,3368,714,Levante UD,RCD Espanyol Barcelona,2,2
2015-04-17,2482429,FR1,2014,domestic_league,995,244,FC Nantes,Olympique Marseille,1,0
2015-04-17,2526223,PO1,2014,domestic_league,2420,1075,Vitória Guimarães SC,SC Braga,1,0
2015-04-17,2532492,DK1,2014,domestic_league,865,1177,FC Midtjylland,Silkeborg IF,1,0
2015-04-18,2459857,NL1,2014,domestic_league,1090,1268,AZ Alkmaar,ADO Den Haag,3,1
2015-04-18,2459858,NL1,2014,domestic_league,383,306,PSV Eindhoven,SC Heerenveen,4,1
2015-04-18,2459859,NL1,2014,domestic_league,499,1455,Vitesse Arnhem,FC Dordrecht,3,0
2015-04-18,2459860,NL1,2014,domestic_league,403,202,Willem II Tilburg,FC Groningen,1,4
2015-04-18,2460878,L1,2014,domestic_league,16,127,Borussia Dortmund,SC Paderborn 07,3,0
2015-04-18,2460879,L1,2014,domestic_league,15,42,Bayer 04 Leverkusen,Hannover 96,4,0
2015-04-18,2460881,L1,2014,domestic_league,167,79,FC Augsburg,VfB Stuttgart,2,1
2015-04-18,2460882,L1,2014,domestic_league,533,27,TSG 1899 Hoffenheim,Bayern Munich,0,2
2015-04-18,2460883,L1,2014,domestic_league,44,3,Hertha BSC,1.FC Köln,0,0
2015-04-18,2460886,L1,2014,domestic_league,60,39,SC Freiburg,1.FSV Mainz 05,2,3
2015-04-18,2470294,TR1,2014,domestic_league,1506,820,Kardemir Karabükspor,Gençlerbirliği Spor Kulübü,2,1
2015-04-18,2470295,TR1,2014,domestic_league,10484,114,Kasimpasa,Beşiktaş Jimnastik Kulübü,1,5
2015-04-18,2475490,ES1,2014,domestic_league,897,13,Deportivo de La Coruña,Atlético de Madrid,1,2
2015-04-18,2475493,ES1,2014,domestic_league,621,3709,Athletic Bilbao,Getafe CF,4,0
2015-04-18,2475495,ES1,2014,domestic_league,131,1049,FC Barcelona,Valencia CF,2,0
2015-04-18,2475499,ES1,2014,domestic_league,418,1084,Real Madrid,Málaga CF,3,1
2015-04-18,2478889,IT1,2014,domestic_league,1038,1429,UC Sampdoria,Cesena FC,0,0
2015-04-18,2478892,IT1,2014,domestic_league,506,398,Juventus FC,Società Sportiva Lazio S.p.A.,2,0
2015-04-18,2482427,FR1,2014,domestic_league,855,14171,EA Guingamp,Thonon Évian Grand Genève FC,1,1
2015-04-18,2482428,FR1,2014,domestic_league,347,826,FC Metz,RC Lens,3,1
2015-04-18,2482430,FR1,2014,domestic_league,417,583,OGC Nice,Paris Saint-Germain,1,3
2015-04-18,2482431,FR1,2014,domestic_league,595,1421,SC Bastia,Stade Reims,1,2
2015-04-18,2482432,FR1,2014,domestic_league,162,273,AS Monaco,Stade Rennais FC,1,1
2015-04-18,2482434,FR1,2014,domestic_league,1158,415,FC Lorient,FC Toulouse,0,1
2015-04-18,2486791,GB1,2014,domestic_league,631,985,Chelsea FC,Manchester United,1,0
2015-04-18,2486792,GB1,2014,domestic_league,873,984,Crystal Palace,West Bromwich Albion,0,2
2015-04-18,2486793,GB1,2014,domestic_league,29,1132,Everton FC,Burnley FC,1,0
2015-04-18,2486795,GB1,2014,domestic_league,1003,2288,Leicester City,Swansea City,2,0
2015-04-18,2486798,GB1,2014,domestic_league,512,180,Stoke City,Southampton FC,2,1
2015-04-18,2505098,SC1,2014,domestic_league,370,1519,Aberdeen FC,Dundee United FC,1,0
2015-04-18,2513002,UKR1,2014,domestic_league,6993,2783,FK Mariupol,Metalurg Donetsk (- 2015),1,1
2015-04-18,2513003,UKR1,2014,domestic_league,6414,2477,Metalist Kharkiv (- 2016),Karpaty Lviv (-2021),0,0
2015-04-18,2513006,UKR1,2014,domestic_league,10690,660,Zorya Lugansk,FC Shakhtar Donetsk,1,4
2015-04-18,2518665,GR1,2014,domestic_league,6418,28956,Panetolikos Agrinio,AEL Kalloni,2,0
2015-04-18,2518666,GR1,2014,domestic_league,128,5220,AO Xanthi,GS Ergotelis,0,1
2015-04-18,2518667,GR1,2014,domestic_league,5219,1091,AOK Kerkyra,Panthessalonikios Athlitikos Omilos Konstantinoupoliton,0,1
2015-04-18,2526220,PO1,2014,domestic_league,720,2990,FC Porto,Académica Coimbra,1,0
2015-04-18,2526225,PO1,2014,domestic_league,68608,294,CF Os Belenenses,SL Benfica,0,2
2015-04-18,2532490,DK1,2014,domestic_league,20100,1053,FC Vestsjaelland,Aalborg BK,2,1
2015-04-18,2544480,SFA,2014,domestic_cup,903,1191,Hibernian FC,Falkirk FC,0,1
2015-04-18,2549820,FAC,2014,domestic_cup,1032,11,Reading FC,Arsenal FC,1,2
2015-04-18,2557032,RU1,2014,domestic_league,28095,932,FK Ufa,"Футбольный клуб ""Локомотив"" Москва",1,0
2015-04-18,2557033,RU1,2014,domestic_league,11126,232,Mordovia Saransk (-2020),FK Spartak Moskva,1,3
2015-04-18,2557034,RU1,2014,domestic_league,2698,11127,FC Rubin Kazan,Ural Yekaterinburg,2,1
2015-04-19,2459861,NL1,2014,domestic_league,234,1435,Feyenoord Rotterdam,Go Ahead Eagles,0,1
2015-04-19,2459862,NL1,2014,domestic_league,1304,1269,Heracles Almelo,PEC Zwolle,2,0
2015-04-19,2459863,NL1,2014,domestic_league,610,132,Ajax Amsterdam,NAC Breda,0,0
2015-04-19,2459864,NL1,2014,domestic_league,200,317,FC Utrecht,FC Twente Enschede,1,0
2015-04-19,2460880,L1,2014,domestic_league,82,33,VfL Wolfsburg,FC Schalke 04,1,1
2015-04-19,2460884,L1,2014,domestic_league,86,41,SV Werder Bremen,Hamburger SV,1,0
2015-04-19,2470296,TR1,2014,domestic_league,449,141,Trabzonspor,Galatasaray,2,1
2015-04-19,2470299,TR1,2014,domestic_league,2381,20698,Sivasspor,Balikesirspor,1,1
2015-04-19,2470300,TR1,2014,domestic_league,6894,825,Kayseri Erciyesspor,Eskisehirspor,0,1
2015-04-19,2470301,TR1,2014,domestic_league,6890,126,Basaksehir FK,Caykur Rizespor,3,1
2015-04-19,2475492,ES1,2014,domestic_league,1050,993,Villarreal CF,Córdoba CF,0,0
2015-04-19,2475496,ES1,2014,domestic_league,16795,368,Granada CF,Sevilla FC,1,1
2015-04-19,2475497,ES1,2014,domestic_league,367,3302,Rayo Vallecano,UD Almería,2,0
2015-04-19,2475498,ES1,2014,domestic_league,1533,940,SD Eibar,Celta de Vigo,0,1
2015-04-19,2478888,IT1,2014,domestic_league,12,800,Associazione Sportiva Roma,Atalanta BC,1,1
2015-04-19,2478890,IT1,2014,domestic_league,458,252,Palermo FC,Genoa CFC,2,1
2015-04-19,2478893,IT1,2014,domestic_league,46,5,Inter Milan,AC Milan,0,0
2015-04-19,2478894,IT1,2014,domestic_league,1390,6195,Cagliari Calcio,SSC Napoli,0,3
2015-04-19,2478895,IT1,2014,domestic_league,749,130,FC Empoli,Parma Calcio 1913,2,2
2015-04-19,2478896,IT1,2014,domestic_league,6574,416,US Sassuolo,Torino FC,1,1
2015-04-19,2478897,IT1,2014,domestic_league,862,410,Chievo Verona,Udinese Calcio,1,1
2015-04-19,2482425,FR1,2014,domestic_league,1082,40,LOSC Lille,FC Girondins Bordeaux,2,0
2015-04-19,2482426,FR1,2014,domestic_league,969,1162,Montpellier HSC,SM Caen,1,0
2015-04-19,2482433,FR1,2014,domestic_league,1041,618,Olympique Lyon,AS Saint-Étienne,2,2
2015-04-19,2486796,GB1,2014,domestic_league,281,379,Manchester City,West Ham United,2,0
2015-04-19,2486797,GB1,2014,domestic_league,762,148,Newcastle United,Tottenham Hotspur,1,3
2015-04-19,2513001,UKR1,2014,domestic_league,6992,6996,Chornomorets Odesa,Goverla Uzhgorod (- 2016),1,1
2015-04-19,2513004,UKR1,2014,domestic_league,23611,339,Olimpik Donetsk,Dnipro Dnipropetrovsk (-2020),0,5
2015-04-19,2513005,UKR1,2014,domestic_league,4482,338,Volyn Lutsk,Dynamo Kyiv,1,3
2015-04-19,2513007,UKR1,2014,domestic_league,2740,6994,Vorskla Poltava,Metalurg Zaporizhya (-2016),5,0
2015-04-19,2518668,GR1,2014,domestic_league,7185,265,Panthrakikos Komotini,Panathinaikos Athlitikos Omilos,2,1
2015-04-19,2518669,GR1,2014,domestic_league,3060,2671,APS Atromitos Athinon,PAS Giannina,1,1
2015-04-19,2518670,GR1,2014,domestic_league,5572,21957,Niki Volou,AO Platanias,0,3
2015-04-19,2518671,GR1,2014,domestic_league,653,169,Omilos Filathlon Irakliou FC,Panionios Athens,0,3
2015-04-19,2518672,GR1,2014,domestic_league,683,2672,Olympiakos Syndesmos Filathlon Peiraios,APO Levadiakos Football Club,4,0
2015-04-19,2526221,PO1,2014,domestic_league,3327,8024,FC Penafiel,FC Arouca,0,2
2015-04-19,2526222,PO1,2014,domestic_league,336,2503,Sporting CP,Boavista FC,2,1
2015-04-19,2526224,PO1,2014,domestic_league,1085,1465,Vitória Setúbal FC,GD Estoril Praia,1,2
2015-04-19,2526226,PO1,2014,domestic_league,2995,979,FC Paços de Ferreira,Moreirense FC,0,0
2015-04-19,2526227,PO1,2014,domestic_league,2424,2425,Gil Vicente FC,Rio Ave FC,0,0
2015-04-19,2532491,DK1,2014,domestic_league,190,2778,FC Copenhagen,FC Nordsjaelland,2,0
2015-04-19,2532494,DK1,2014,domestic_league,206,5818,Bröndby IF,Hobro IK,0,1
2015-04-19,2532495,DK1,2014,domestic_league,173,5817,Odense Boldklub,Sönderjyske Fodbold,0,0
2015-04-19,2551385,FAC,2014,domestic_cup,405,31,Aston Villa,Liverpool FC,2,1
2015-04-19,2552955,SFA,2014,domestic_cup,2451,371,Inverness Caledonian Thistle FC,Celtic FC,3,2
2015-04-19,2557035,RU1,2014,domestic_league,2410,16704,PFK CSKA Moskva,FK Krasnodar,1,1
2015-04-19,2557036,RU1,2014,domestic_league,3725,121,RFK Akhmat Grozny,FK Dinamo Moskva,0,0
2015-04-19,2557037,RU1,2014,domestic_league,2439,964,Kuban Krasnodar (-2018),AO FK Zenit Sankt-Peterburg,0,0
2015-04-20,2470293,TR1,2014,domestic_league,36,20,Fenerbahce,Bursaspor,1,0
2015-04-20,2470298,TR1,2014,domestic_league,3216,19771,Mersin Talimyurdu SK,Akhisarspor,1,1
2015-04-20,2475491,ES1,2014,domestic_league,1531,681,Elche CF,Real Sociedad,1,0
2015-04-20,2478891,IT1,2014,domestic_league,430,276,ACF Fiorentina,Hellas Verona,0,1
2015-04-20,2518673,GR1,2014,domestic_league,2079,6676,Veria NPS,A.G.S Asteras Tripolis,4,0
2015-04-20,2526228,PO1,2014,domestic_league,1301,982,CS Marítimo,CD Nacional,1,1
2015-04-20,2532493,DK1,2014,domestic_league,3426,5724,Esbjerg fB,Randers FC,0,0
2015-04-20,2557038,RU1,2014,domestic_league,4128,3729,Amkar Perm,Arsenal Tula,0,1
2015-04-20,2557039,RU1,2014,domestic_league,1083,1186,FK Rostov,Torpedo Moscow,1,0
2015-04-21,2547382,CL,2014,international_cup,27,720,Bayern Munich,FC Porto,6,1
2015-04-21,2547383,CL,2014,international_cup,131,583,FC Barcelona,Paris Saint-Germain,2,0
2015-04-22,2547384,CL,2014,international_cup,418,13,Real Madrid,Atlético de Madrid,1,0
2015-04-22,2549774,CL,2014,international_cup,162,506,AS Monaco,Juventus FC,0,0
2015-04-22,2552233,SC1,2014,domestic_league,511,371,Dundee FC,Celtic FC,1,2
2015-04-23,2547386,EL,2014,other,964,368,AO FK Zenit Sankt-Peterburg,Sevilla FC,2,2
2015-04-23,2547387,EL,2014,other,430,338,ACF Fiorentina,Dynamo Kyiv,2,0
2015-04-23,2547388,EL,2014,other,6195,82,SSC Napoli,VfL Wolfsburg,2,2
2015-04-23,2547389,EL,2014,other,339,2282,Dnipro Dnipropetrovsk (-2020),Club Brugge KV,1,0
2015-04-24,2459865,NL1,2014,domestic_league,1268,499,ADO Den Haag,Vitesse Arnhem,1,0
2015-04-24,2460890,L1,2014,domestic_league,39,33,1.FSV Mainz 05,FC Schalke 04,2,0
2015-04-24,2470304,TR1,2014,domestic_league,2381,3216,Sivasspor,Mersin Talimyurdu SK,1,2
2015-04-24,2475503,ES1,2014,domestic_league,993,621,Córdoba CF,Athletic Bilbao,0,1
2015-04-24,2482438,FR1,2014,domestic_league,244,1158,Olympique Marseille,FC Lorient,3,5
2015-04-24,2526229,PO1,2014,domestic_league,1075,68608,SC Braga,CF Os Belenenses,1,1
2015-04-24,2532500,DK1,2014,domestic_league,3426,173,Esbjerg fB,Odense Boldklub,0,2
2015-04-24,2557592,SC1,2014,domestic_league,2999,987,Hamilton Academical FC,Motherwell FC,2,0
2015-04-24,2559087,RU1,2014,domestic_league,28095,2439,FK Ufa,Kuban Krasnodar (-2018),3,2
2015-04-24,2559088,RU1,2014,domestic_league,11126,11127,Mordovia Saransk (-2020),Ural Yekaterinburg,2,1
2015-04-25,2459866,NL1,2014,domestic_league,306,403,SC Heerenveen,Willem II Tilburg,1,1
2015-04-25,2459867,NL1,2014,domestic_league,132,1304,NAC Breda,Heracles Almelo,1,3
2015-04-25,2459868,NL1,2014,domestic_league,1435,200,Go Ahead Eagles,FC Utrecht,0,2
2015-04-25,2459869,NL1,2014,domestic_league,798,383,Excelsior Rotterdam,PSV Eindhoven,2,3
2015-04-25,2460887,L1,2014,domestic_league,27,44,Bayern Munich,Hertha BSC,1,0
2015-04-25,2460888,L1,2014,domestic_league,16,24,Borussia Dortmund,Eintracht Frankfurt,2,0
2015-04-25,2460891,L1,2014,domestic_league,42,533,Hannover 96,TSG 1899 Hoffenheim,1,2
2015-04-25,2460892,L1,2014,domestic_league,79,60,VfB Stuttgart,SC Freiburg,2,2
2015-04-25,2460893,L1,2014,domestic_league,41,167,Hamburger SV,FC Augsburg,3,2
2015-04-25,2460894,L1,2014,domestic_league,3,15,1.FC Köln,Bayer 04 Leverkusen,1,1
2015-04-25,2470305,TR1,2014,domestic_league,20,6890,Bursaspor,Basaksehir FK,4,1
2015-04-25,2470306,TR1,2014,domestic_league,825,36,Eskisehirspor,Fenerbahce,1,1
2015-04-25,2470310,TR1,2014,domestic_league,126,10484,Caykur Rizespor,Kasimpasa,1,3
2015-04-25,2475501,ES1,2014,domestic_league,13,1531,Atlético de Madrid,Elche CF,3,0
2015-04-25,2475502,ES1,2014,domestic_league,681,1050,Real Sociedad,Villarreal CF,0,0
2015-04-25,2475504,ES1,2014,domestic_league,3709,3368,Getafe CF,Levante UD,0,1
2015-04-25,2475505,ES1,2014,domestic_league,714,131,RCD Espanyol Barcelona,FC Barcelona,0,2
2015-04-25,2478903,IT1,2014,domestic_league,410,5,Udinese Calcio,AC Milan,2,1
2015-04-25,2478905,IT1,2014,domestic_league,46,12,Inter Milan,Associazione Sportiva Roma,2,1
2015-04-25,2482435,FR1,2014,domestic_league,14171,595,Thonon Évian Grand Genève FC,SC Bastia,1,2
2015-04-25,2482436,FR1,2014,domestic_league,1162,855,SM Caen,EA Guingamp,0,2
2015-04-25,2482437,FR1,2014,domestic_league,583,1082,Paris Saint-Germain,LOSC Lille,6,1
2015-04-25,2482440,FR1,2014,domestic_league,40,347,FC Girondins Bordeaux,FC Metz,1,1
2015-04-25,2482443,FR1,2014,domestic_league,415,995,FC Toulouse,FC Nantes,1,1
2015-04-25,2482444,FR1,2014,domestic_league,273,417,Stade Rennais FC,OGC Nice,2,1
2015-04-25,2486800,GB1,2014,domestic_league,1132,1003,Burnley FC,Leicester City,0,1
2015-04-25,2486801,GB1,2014,domestic_league,873,3008,Crystal Palace,Hull City,0,2
2015-04-25,2486803,GB1,2014,domestic_league,281,405,Manchester City,Aston Villa,3,2
2015-04-25,2486804,GB1,2014,domestic_league,762,2288,Newcastle United,Swansea City,2,3
2015-04-25,2486805,GB1,2014,domestic_league,1039,379,Queens Park Rangers,West Ham United,0,0
2015-04-25,2486806,GB1,2014,domestic_league,180,148,Southampton FC,Tottenham Hotspur,2,2
2015-04-25,2486807,GB1,2014,domestic_league,512,289,Stoke City,Sunderland AFC,1,1
2015-04-25,2486808,GB1,2014,domestic_league,984,31,West Bromwich Albion,Liverpool FC,0,0
2015-04-25,2517461,UKR1,2014,domestic_league,2740,4482,Vorskla Poltava,Volyn Lutsk,2,0
2015-04-25,2517462,UKR1,2014,domestic_league,2783,6992,Metalurg Donetsk (- 2015),Chornomorets Odesa,1,0
2015-04-25,2517463,UKR1,2014,domestic_league,6996,10690,Goverla Uzhgorod (- 2016),Zorya Lugansk,1,2
2015-04-25,2518674,GR1,2014,domestic_league,28956,653,AEL Kalloni,Omilos Filathlon Irakliou FC,3,0
2015-04-25,2518676,GR1,2014,domestic_league,265,128,Panathinaikos Athlitikos Omilos,AO Xanthi,2,0
2015-04-25,2526230,PO1,2014,domestic_league,2425,2420,Rio Ave FC,Vitória Guimarães SC,1,1
2015-04-25,2526232,PO1,2014,domestic_league,2990,2424,Académica Coimbra,Gil Vicente FC,1,2
2015-04-25,2526236,PO1,2014,domestic_league,1465,1301,GD Estoril Praia,CS Marítimo,1,1
2015-04-25,2532496,DK1,2014,domestic_league,2778,1177,FC Nordsjaelland,Silkeborg IF,1,0
2015-04-25,2557593,SC1,2014,domestic_league,511,2578,Dundee FC,St. Johnstone FC,0,2
2015-04-25,2557594,SC1,2014,domestic_league,2451,370,Inverness Caledonian Thistle FC,Aberdeen FC,1,2
2015-04-25,2557595,SC1,2014,domestic_league,2759,2760,Ross County FC,Partick Thistle FC,1,2
2015-04-25,2557596,SC1,2014,domestic_league,465,2553,St. Mirren FC,Kilmarnock FC,4,1
2015-04-25,2559089,RU1,2014,domestic_league,4128,3725,Amkar Perm,RFK Akhmat Grozny,2,1
2015-04-25,2559090,RU1,2014,domestic_league,1186,2410,Torpedo Moscow,PFK CSKA Moskva,0,2
2015-04-25,2559091,RU1,2014,domestic_league,16704,932,FK Krasnodar,"Футбольный клуб ""Локомотив"" Москва",1,0
2015-04-26,2459870,NL1,2014,domestic_league,1455,133,FC Dordrecht,SC Cambuur Leeuwarden,0,0
2015-04-26,2459871,NL1,2014,domestic_league,1269,610,PEC Zwolle,Ajax Amsterdam,1,1
2015-04-26,2459872,NL1,2014,domestic_league,202,234,FC Groningen,Feyenoord Rotterdam,1,1
2015-04-26,2459873,NL1,2014,domestic_league,317,1090,FC Twente Enschede,AZ Alkmaar,0,2
2015-04-26,2460889,L1,2014,domestic_league,18,82,Borussia Mönchengladbach,VfL Wolfsburg,1,0
2015-04-26,2460895,L1,2014,domestic_league,127,86,SC Paderborn 07,SV Werder Bremen,2,2
2015-04-26,2470302,TR1,2014,domestic_league,141,524,Galatasaray,Gaziantepspor (- 2020),1,0
2015-04-26,2470303,TR1,2014,domestic_league,820,449,Gençlerbirliği Spor Kulübü,Trabzonspor,1,1
2015-04-26,2470307,TR1,2014,domestic_league,20698,6894,Balikesirspor,Kayseri Erciyesspor,1,1
2015-04-26,2470308,TR1,2014,domestic_league,2293,19771,Konyaspor,Akhisarspor,2,1
2015-04-26,2475500,ES1,2014,domestic_league,1084,897,Málaga CF,Deportivo de La Coruña,1,1
2015-04-26,2475507,ES1,2014,domestic_league,368,367,Sevilla FC,Rayo Vallecano,2,0
2015-04-26,2475508,ES1,2014,domestic_league,3302,1533,UD Almería,SD Eibar,2,0
2015-04-26,2475509,ES1,2014,domestic_league,940,418,Celta de Vigo,Real Madrid,2,4
2015-04-26,2478898,IT1,2014,domestic_league,430,1390,ACF Fiorentina,Cagliari Calcio,1,3
2015-04-26,2478899,IT1,2014,domestic_league,252,1429,Genoa CFC,Cesena FC,3,1
2015-04-26,2478900,IT1,2014,domestic_league,398,862,Società Sportiva Lazio S.p.A.,Chievo Verona,1,1
2015-04-26,2478901,IT1,2014,domestic_league,800,749,Atalanta BC,FC Empoli,2,2
2015-04-26,2478902,IT1,2014,domestic_league,416,506,Torino FC,Juventus FC,2,1
2015-04-26,2478904,IT1,2014,domestic_league,130,458,Parma Calcio 1913,Palermo FC,1,0
2015-04-26,2478906,IT1,2014,domestic_league,6195,1038,SSC Napoli,UC Sampdoria,4,2
2015-04-26,2478907,IT1,2014,domestic_league,276,6574,Hellas Verona,US Sassuolo,3,2
2015-04-26,2482439,FR1,2014,domestic_league,1421,1041,Stade Reims,Olympique Lyon,2,4
2015-04-26,2482441,FR1,2014,domestic_league,826,162,RC Lens,AS Monaco,0,3
2015-04-26,2482442,FR1,2014,domestic_league,618,969,AS Saint-Étienne,Montpellier HSC,1,0
2015-04-26,2486799,GB1,2014,domestic_league,11,631,Arsenal FC,Chelsea FC,0,0
2015-04-26,2486802,GB1,2014,domestic_league,29,985,Everton FC,Manchester United,3,0
2015-04-26,2517458,UKR1,2014,domestic_league,660,338,FC Shakhtar Donetsk,Dynamo Kyiv,0,0
2015-04-26,2517459,UKR1,2014,domestic_league,339,6993,Dnipro Dnipropetrovsk (-2020),FK Mariupol,1,0
2015-04-26,2517460,UKR1,2014,domestic_league,6994,6414,Metalurg Zaporizhya (-2016),Metalist Kharkiv (- 2016),0,0
2015-04-26,2517464,UKR1,2014,domestic_league,2477,23611,Karpaty Lviv (-2021),Olimpik Donetsk,4,1
2015-04-26,2518675,GR1,2014,domestic_league,2672,3060,APO Levadiakos Football Club,APS Atromitos Athinon,2,1
2015-04-26,2518677,GR1,2014,domestic_league,1091,2671,Panthessalonikios Athlitikos Omilos Konstantinoupoliton,PAS Giannina,1,1
2015-04-26,2518678,GR1,2014,domestic_league,6676,7185,A.G.S Asteras Tripolis,Panthrakikos Komotini,2,1
2015-04-26,2518679,GR1,2014,domestic_league,5572,2079,Niki Volou,Veria NPS,0,3
2015-04-26,2518680,GR1,2014,domestic_league,21957,6418,AO Platanias,Panetolikos Agrinio,2,0
2015-04-26,2518681,GR1,2014,domestic_league,169,683,Panionios Athens,Olympiakos Syndesmos Filathlon Peiraios,2,2
2015-04-26,2526231,PO1,2014,domestic_league,982,3327,CD Nacional,FC Penafiel,2,0
2015-04-26,2526233,PO1,2014,domestic_league,8024,2995,FC Arouca,FC Paços de Ferreira,1,3
2015-04-26,2526234,PO1,2014,domestic_league,294,720,SL Benfica,FC Porto,0,0
2015-04-26,2526235,PO1,2014,domestic_league,2503,1085,Boavista FC,Vitória Setúbal FC,0,0
2015-04-26,2532497,DK1,2014,domestic_league,5817,1053,Sönderjyske Fodbold,Aalborg BK,0,3
2015-04-26,2532499,DK1,2014,domestic_league,5724,190,Randers FC,FC Copenhagen,3,0
2015-04-26,2532501,DK1,2014,domestic_league,206,20100,Bröndby IF,FC Vestsjaelland,4,0
2015-04-26,2557597,SC1,2014,domestic_league,1519,371,Dundee United FC,Celtic FC,0,3
2015-04-26,2559092,RU1,2014,domestic_league,232,2698,FK Spartak Moskva,FC Rubin Kazan,1,0
2015-04-26,2559093,RU1,2014,domestic_league,1083,121,FK Rostov,FK Dinamo Moskva,2,2
2015-04-26,2559094,RU1,2014,domestic_league,964,3729,AO FK Zenit Sankt-Peterburg,Arsenal Tula,1,0
2015-04-27,2470309,TR1,2014,domestic_league,114,1506,Beşiktaş Jimnastik Kulübü,Kardemir Karabükspor,2,1
2015-04-27,2475506,ES1,2014,domestic_league,1049,16795,Valencia CF,Granada CF,4,0
2015-04-27,2518682,GR1,2014,domestic_league,5220,5219,GS Ergotelis,AOK Kerkyra,1,2
2015-04-27,2526237,PO1,2014,domestic_league,979,336,Moreirense FC,Sporting CP,1,4
2015-04-27,2532498,DK1,2014,domestic_league,5818,865,Hobro IK,FC Midtjylland,0,0
2015-04-28,2475512,ES1,2014,domestic_league,621,681,Athletic Bilbao,Real Sociedad,1,1
2015-04-28,2475513,ES1,2014,domestic_league,3368,993,Levante UD,Córdoba CF,1,0
2015-04-28,2475514,ES1,2014,domestic_league,131,3709,FC Barcelona,Getafe CF,6,0
2015-04-28,2478913,IT1,2014,domestic_league,410,46,Udinese Calcio,Inter Milan,1,2
2015-04-28,2482420,FR1,2014,domestic_league,583,347,Paris Saint-Germain,FC Metz,3,1
2015-04-28,2486794,GB1,2014,domestic_league,3008,31,Hull City,Liverpool FC,1,0
2015-04-28,2551355,DFB,2014,domestic_cup,27,16,Bayern Munich,Borussia Dortmund,1,3
2015-04-29,2475510,ES1,2014,domestic_league,1531,897,Elche CF,Deportivo de La Coruña,4,0
2015-04-29,2475511,ES1,2014,domestic_league,1050,13,Villarreal CF,Atlético de Madrid,0,1
2015-04-29,2475517,ES1,2014,domestic_league,1533,368,SD Eibar,Sevilla FC,1,3
2015-04-29,2475518,ES1,2014,domestic_league,418,3302,Real Madrid,UD Almería,3,0
2015-04-29,2475519,ES1,2014,domestic_league,940,1084,Celta de Vigo,Málaga CF,1,0
2015-04-29,2478908,IT1,2014,domestic_league,1429,800,Cesena FC,Atalanta BC,2,2
2015-04-29,2478909,IT1,2014,domestic_league,862,1390,Chievo Verona,Cagliari Calcio,1,0
2015-04-29,2478910,IT1,2014,domestic_league,506,430,Juventus FC,ACF Fiorentina,3,2
2015-04-29,2478911,IT1,2014,domestic_league,5,252,AC Milan,Genoa CFC,1,3
2015-04-29,2478912,IT1,2014,domestic_league,1038,276,UC Sampdoria,Hellas Verona,1,1
2015-04-29,2478915,IT1,2014,domestic_league,398,130,Società Sportiva Lazio S.p.A.,Parma Calcio 1913,4,0
2015-04-29,2478916,IT1,2014,domestic_league,6574,12,US Sassuolo,Associazione Sportiva Roma,0,3
2015-04-29,2478917,IT1,2014,domestic_league,458,416,Palermo FC,Torino FC,2,2
2015-04-29,2486731,GB1,2014,domestic_league,1003,631,Leicester City,Chelsea FC,1,3
2015-04-29,2544483,DKP,2014,domestic_cup,5817,20100,Sönderjyske Fodbold,FC Vestsjaelland,1,0
2015-04-29,2547044,GRP,2014,domestic_cup,683,441,Olympiakos Syndesmos Filathlon Peiraios,Apollon Smyrnis,1,1
2015-04-29,2547045,GRP,2014,domestic_cup,128,47,AO Xanthi,Iraklis Thessaloniki,0,0
2015-04-29,2551356,DFB,2014,domestic_cup,10,82,Arminia Bielefeld,VfL Wolfsburg,0,4
2015-04-29,2551463,UKRP,2014,domestic_cup,23611,338,Olimpik Donetsk,Dynamo Kyiv,0,0
2015-04-29,2551464,UKRP,2014,domestic_cup,339,660,Dnipro Dnipropetrovsk (-2020),FC Shakhtar Donetsk,0,1
2015-04-29,2560965,RUP,2014,domestic_cup,14589,932,FC Orenburg,"Футбольный клуб ""Локомотив"" Москва",4,5
2015-04-29,2560966,RUP,2014,domestic_cup,2439,2410,Kuban Krasnodar (-2018),PFK CSKA Moskva,1,0
2015-04-30,2475515,ES1,2014,domestic_league,16795,714,Granada CF,RCD Espanyol Barcelona,1,2
2015-04-30,2475516,ES1,2014,domestic_league,367,1049,Rayo Vallecano,Valencia CF,1,1
2015-04-30,2478914,IT1,2014,domestic_league,749,6195,FC Empoli,SSC Napoli,4,2
2015-04-30,2500979,RU1,2014,domestic_league,4128,121,Amkar Perm,FK Dinamo Moskva,2,0
2015-04-30,2544484,DKP,2014,domestic_cup,3426,190,Esbjerg fB,FC Copenhagen,0,1
2015-05-01,2475523,ES1,2014,domestic_league,681,3368,Real Sociedad,Levante UD,3,0
2015-05-01,2482449,FR1,2014,domestic_league,347,244,FC Metz,Olympique Marseille,0,2
2015-05-01,2526242,PO1,2014,domestic_league,2420,1465,Vitória Guimarães SC,GD Estoril Praia,2,0
2015-05-01,2532505,DK1,2014,domestic_league,1053,5818,Aalborg BK,Hobro IK,5,0
2015-05-01,2557598,SC1,2014,domestic_league,371,511,Celtic FC,Dundee FC,5,0
2015-05-02,2460896,L1,2014,domestic_league,33,79,FC Schalke 04,VfB Stuttgart,3,2
2015-05-02,2460897,L1,2014,domestic_league,15,27,Bayer 04 Leverkusen,Bayern Munich,2,0
2015-05-02,2460898,L1,2014,domestic_league,82,42,VfL Wolfsburg,Hannover 96,2,2
2015-05-02,2460900,L1,2014,domestic_league,167,3,FC Augsburg,1.FC Köln,0,0
2015-05-02,2460901,L1,2014,domestic_league,533,16,TSG 1899 Hoffenheim,Borussia Dortmund,1,1
2015-05-02,2460903,L1,2014,domestic_league,86,24,SV Werder Bremen,Eintracht Frankfurt,1,0
2015-05-02,2460904,L1,2014,domestic_league,60,127,SC Freiburg,SC Paderborn 07,1,2
2015-05-02,2470311,TR1,2014,domestic_league,36,20698,Fenerbahce,Balikesirspor,4,3
2015-05-02,2470316,TR1,2014,domestic_league,3216,2293,Mersin Talimyurdu SK,Konyaspor,3,1
2015-05-02,2470318,TR1,2014,domestic_league,6890,825,Basaksehir FK,Eskisehirspor,1,1
2015-05-02,2470319,TR1,2014,domestic_league,1506,126,Kardemir Karabükspor,Caykur Rizespor,2,0
2015-05-02,2475521,ES1,2014,domestic_league,897,1050,Deportivo de La Coruña,Villarreal CF,1,1
2015-05-02,2475522,ES1,2014,domestic_league,13,621,Atlético de Madrid,Athletic Bilbao,0,0
2015-05-02,2475524,ES1,2014,domestic_league,993,131,Córdoba CF,FC Barcelona,0,8
2015-05-02,2475528,ES1,2014,domestic_league,368,418,Sevilla FC,Real Madrid,2,3
2015-05-02,2478922,IT1,2014,domestic_league,1038,506,UC Sampdoria,Juventus FC,0,1
2015-05-02,2478925,IT1,2014,domestic_league,6574,458,US Sassuolo,Palermo FC,0,0
2015-05-02,2482445,FR1,2014,domestic_league,1158,40,FC Lorient,FC Girondins Bordeaux,0,0
2015-05-02,2482446,FR1,2014,domestic_league,417,1162,OGC Nice,SM Caen,1,1
2015-05-02,2482447,FR1,2014,domestic_league,1041,14171,Olympique Lyon,Thonon Évian Grand Genève FC,2,0
2015-05-02,2482451,FR1,2014,domestic_league,855,1421,EA Guingamp,Stade Reims,2,0
2015-05-02,2482452,FR1,2014,domestic_league,969,273,Montpellier HSC,Stade Rennais FC,0,0
2015-05-02,2482453,FR1,2014,domestic_league,595,618,SC Bastia,AS Saint-Étienne,1,0
2015-05-02,2486809,GB1,2014,domestic_league,405,29,Aston Villa,Everton FC,3,2
2015-05-02,2486812,GB1,2014,domestic_league,1003,762,Leicester City,Newcastle United,3,0
2015-05-02,2486813,GB1,2014,domestic_league,31,1039,Liverpool FC,Queens Park Rangers,2,1
2015-05-02,2486814,GB1,2014,domestic_league,985,984,Manchester United,West Bromwich Albion,0,1
2015-05-02,2486815,GB1,2014,domestic_league,289,180,Sunderland AFC,Southampton FC,2,1
2015-05-02,2486816,GB1,2014,domestic_league,2288,512,Swansea City,Stoke City,2,0
2015-05-02,2486818,GB1,2014,domestic_league,379,1132,West Ham United,Burnley FC,1,0
2015-05-02,2517469,UKR1,2014,domestic_league,6993,2477,FK Mariupol,Karpaty Lviv (-2021),1,0
2015-05-02,2517471,UKR1,2014,domestic_league,10690,2783,Zorya Lugansk,Metalurg Donetsk (- 2015),4,2
2015-05-02,2526240,PO1,2014,domestic_league,2424,294,Gil Vicente FC,SL Benfica,0,5
2015-05-02,2526243,PO1,2014,domestic_league,336,982,Sporting CP,CD Nacional,2,0
2015-05-02,2532506,DK1,2014,domestic_league,1177,5817,Silkeborg IF,Sönderjyske Fodbold,2,2
2015-05-02,2557599,SC1,2014,domestic_league,1519,370,Dundee United FC,Aberdeen FC,1,0
2015-05-02,2557600,SC1,2014,domestic_league,2553,2999,Kilmarnock FC,Hamilton Academical FC,2,3
2015-05-02,2557601,SC1,2014,domestic_league,987,2759,Motherwell FC,Ross County FC,1,1
2015-05-02,2557602,SC1,2014,domestic_league,2760,465,Partick Thistle FC,St. Mirren FC,3,0
2015-05-02,2557603,SC1,2014,domestic_league,2578,2451,St. Johnstone FC,Inverness Caledonian Thistle FC,1,1
2015-05-02,2559098,RU1,2014,domestic_league,1083,3725,FK Rostov,RFK Akhmat Grozny,0,1
2015-05-02,2559101,RU1,2014,domestic_league,232,964,FK Spartak Moskva,AO FK Zenit Sankt-Peterburg,1,1
2015-05-03,2460899,L1,2014,domestic_league,39,41,1.FSV Mainz 05,Hamburger SV,1,2
2015-05-03,2460902,L1,2014,domestic_league,44,18,Hertha BSC,Borussia Mönchengladbach,1,2
2015-05-03,2470312,TR1,2014,domestic_league,10484,20,Kasimpasa,Bursaspor,5,3
2015-05-03,2470313,TR1,2014,domestic_league,524,820,Gaziantepspor (- 2020),Gençlerbirliği Spor Kulübü,0,3
2015-05-03,2470314,TR1,2014,domestic_league,449,114,Trabzonspor,Beşiktaş Jimnastik Kulübü,0,2
2015-05-03,2475520,ES1,2014,domestic_league,1084,1531,Málaga CF,Elche CF,1,2
2015-05-03,2475525,ES1,2014,domestic_league,3709,16795,Getafe CF,Granada CF,1,2
2015-05-03,2475526,ES1,2014,domestic_league,714,367,RCD Espanyol Barcelona,Rayo Vallecano,1,1
2015-05-03,2475527,ES1,2014,domestic_league,1049,1533,Valencia CF,SD Eibar,3,1
2015-05-03,2478918,IT1,2014,domestic_league,430,1429,ACF Fiorentina,Cesena FC,3,1
2015-05-03,2478919,IT1,2014,domestic_league,46,862,Inter Milan,Chievo Verona,0,0
2015-05-03,2478921,IT1,2014,domestic_league,12,252,Associazione Sportiva Roma,Genoa CFC,2,0
2015-05-03,2478923,IT1,2014,domestic_league,800,398,Atalanta BC,Società Sportiva Lazio S.p.A.,1,1
2015-05-03,2478924,IT1,2014,domestic_league,6195,5,SSC Napoli,AC Milan,3,0
2015-05-03,2478927,IT1,2014,domestic_league,276,410,Hellas Verona,Udinese Calcio,0,1
2015-05-03,2482448,FR1,2014,domestic_league,1082,826,LOSC Lille,RC Lens,3,1
2015-05-03,2482450,FR1,2014,domestic_league,995,583,FC Nantes,Paris Saint-Germain,0,2
2015-05-03,2482454,FR1,2014,domestic_league,162,415,AS Monaco,FC Toulouse,4,1
2015-05-03,2486810,GB1,2014,domestic_league,631,873,Chelsea FC,Crystal Palace,1,0
2015-05-03,2486817,GB1,2014,domestic_league,148,281,Tottenham Hotspur,Manchester City,0,1
2015-05-03,2517467,UKR1,2014,domestic_league,6414,2740,Metalist Kharkiv (- 2016),Vorskla Poltava,0,2
2015-05-03,2517470,UKR1,2014,domestic_league,6992,339,Chornomorets Odesa,Dnipro Dnipropetrovsk (-2020),0,3
2015-05-03,2518683,GR1,2014,domestic_league,128,6676,AO Xanthi,A.G.S Asteras Tripolis,0,0
2015-05-03,2518684,GR1,2014,domestic_league,5219,265,AOK Kerkyra,Panathinaikos Athlitikos Omilos,1,1
2015-05-03,2518685,GR1,2014,domestic_league,3060,169,APS Atromitos Athinon,Panionios Athens,3,1
2015-05-03,2518686,GR1,2014,domestic_league,2079,7185,Veria NPS,Panthrakikos Komotini,0,1
2015-05-03,2518687,GR1,2014,domestic_league,653,21957,Omilos Filathlon Irakliou FC,AO Platanias,0,3
2015-05-03,2518688,GR1,2014,domestic_league,683,28956,Olympiakos Syndesmos Filathlon Peiraios,AEL Kalloni,5,0
2015-05-03,2518689,GR1,2014,domestic_league,1091,2672,Panthessalonikios Athlitikos Omilos Konstantinoupoliton,APO Levadiakos Football Club,1,0
2015-05-03,2518690,GR1,2014,domestic_league,6418,5572,Panetolikos Agrinio,Niki Volou,3,0
2015-05-03,2518691,GR1,2014,domestic_league,2671,5220,PAS Giannina,GS Ergotelis,0,0
2015-05-03,2526238,PO1,2014,domestic_league,3327,2990,FC Penafiel,Académica Coimbra,0,0
2015-05-03,2526239,PO1,2014,domestic_league,1301,8024,CS Marítimo,FC Arouca,1,1
2015-05-03,2526244,PO1,2014,domestic_league,1085,720,Vitória Setúbal FC,FC Porto,0,2
2015-05-03,2526246,PO1,2014,domestic_league,2503,979,Boavista FC,Moreirense FC,3,1
2015-05-03,2532502,DK1,2014,domestic_league,20100,2778,FC Vestsjaelland,FC Nordsjaelland,2,1
2015-05-03,2532503,DK1,2014,domestic_league,190,3426,FC Copenhagen,Esbjerg fB,2,1
2015-05-03,2532507,DK1,2014,domestic_league,173,206,Odense Boldklub,Bröndby IF,0,2
2015-05-03,2551354,NLP,2014,domestic_cup,1269,202,PEC Zwolle,FC Groningen,0,2
2015-05-03,2559095,RU1,2014,domestic_league,4128,932,Amkar Perm,"Футбольный клуб ""Локомотив"" Москва",1,1
2015-05-03,2559100,RU1,2014,domestic_league,2439,121,Kuban Krasnodar (-2018),FK Dinamo Moskva,1,2
2015-05-03,2559102,RU1,2014,domestic_league,1186,2698,Torpedo Moscow,FC Rubin Kazan,2,2
2015-05-04,2470315,TR1,2014,domestic_league,19771,141,Akhisarspor,Galatasaray,0,2
2015-05-04,2470317,TR1,2014,domestic_league,6894,2381,Kayseri Erciyesspor,Sivasspor,2,3
2015-05-04,2475529,ES1,2014,domestic_league,3302,940,UD Almería,Celta de Vigo,2,2
2015-05-04,2478926,IT1,2014,domestic_league,1390,130,Cagliari Calcio,Parma Calcio 1913,4,0
2015-05-04,2486811,GB1,2014,domestic_league,3008,11,Hull City,Arsenal FC,1,3
2015-05-04,2517465,UKR1,2014,domestic_league,23611,6994,Olimpik Donetsk,Metalurg Zaporizhya (-2016),0,0
2015-05-04,2517466,UKR1,2014,domestic_league,338,6996,Dynamo Kyiv,Goverla Uzhgorod (- 2016),6,0
2015-05-04,2517468,UKR1,2014,domestic_league,4482,660,Volyn Lutsk,FC Shakhtar Donetsk,0,0
2015-05-04,2526241,PO1,2014,domestic_league,2995,1075,FC Paços de Ferreira,SC Braga,2,2
2015-05-04,2526245,PO1,2014,domestic_league,68608,2425,CF Os Belenenses,Rio Ave FC,1,3
2015-05-04,2532504,DK1,2014,domestic_league,865,5724,FC Midtjylland,Randers FC,5,2
2015-05-04,2559096,RU1,2014,domestic_league,3729,16704,Arsenal Tula,FK Krasnodar,0,3
2015-05-04,2559097,RU1,2014,domestic_league,2410,11127,PFK CSKA Moskva,Ural Yekaterinburg,3,1
2015-05-04,2559099,RU1,2014,domestic_league,28095,11126,FK Ufa,Mordovia Saransk (-2020),1,2
2015-05-05,2558055,SC1,2014,domestic_league,2451,1519,Inverness Caledonian Thistle FC,Dundee United FC,2,1
2015-05-05,2560715,CL,2014,international_cup,506,418,Juventus FC,Real Madrid,2,1
2015-05-06,2478920,IT1,2014,domestic_league,416,749,Torino FC,FC Empoli,0,1
2015-05-06,2560716,CL,2014,international_cup,131,27,FC Barcelona,Bayern Munich,3,0
2015-05-07,2560695,EL,2014,other,6195,339,SSC Napoli,Dnipro Dnipropetrovsk (-2020),1,1
2015-05-07,2560696,EL,2014,other,368,430,Sevilla FC,ACF Fiorentina,3,0
2015-05-08,2460911,L1,2014,domestic_league,41,60,Hamburger SV,SC Freiburg,1,1
2015-05-08,2470324,TR1,2014,domestic_league,141,2293,Galatasaray,Konyaspor,1,0
2015-05-08,2470327,TR1,2014,domestic_league,825,10484,Eskisehirspor,Kasimpasa,4,1
2015-05-08,2470328,TR1,2014,domestic_league,6894,3216,Kayseri Erciyesspor,Mersin Talimyurdu SK,2,2
2015-05-08,2475536,ES1,2014,domestic_league,1533,714,SD Eibar,RCD Espanyol Barcelona,0,2
2015-05-08,2482456,FR1,2014,domestic_league,583,855,Paris Saint-Germain,EA Guingamp,6,0
2015-05-08,2532510,DK1,2014,domestic_league,5724,2778,Randers FC,FC Nordsjaelland,2,0
2015-05-08,2557604,SC1,2014,domestic_league,987,2553,Motherwell FC,Kilmarnock FC,3,1
2015-05-08,2559107,RU1,2014,domestic_league,2698,2439,FC Rubin Kazan,Kuban Krasnodar (-2018),1,0
2015-05-08,2559109,RU1,2014,domestic_league,11127,28095,Ural Yekaterinburg,FK Ufa,1,1
2015-05-09,2460905,L1,2014,domestic_league,27,167,Bayern Munich,FC Augsburg,0,1
2015-05-09,2460906,L1,2014,domestic_league,16,44,Borussia Dortmund,Hertha BSC,2,0
2015-05-09,2460907,L1,2014,domestic_league,18,15,Borussia Mönchengladbach,Bayer 04 Leverkusen,3,0
2015-05-09,2460908,L1,2014,domestic_league,42,86,Hannover 96,SV Werder Bremen,1,1
2015-05-09,2460909,L1,2014,domestic_league,24,533,Eintracht Frankfurt,TSG 1899 Hoffenheim,3,1
2015-05-09,2460910,L1,2014,domestic_league,79,39,VfB Stuttgart,1.FSV Mainz 05,2,0
2015-05-09,2470320,TR1,2014,domestic_league,20698,6890,Balikesirspor,Basaksehir FK,1,2
2015-05-09,2470322,TR1,2014,domestic_league,20,1506,Bursaspor,Kardemir Karabükspor,7,1
2015-05-09,2470323,TR1,2014,domestic_league,2381,36,Sivasspor,Fenerbahce,2,3
2015-05-09,2470325,TR1,2014,domestic_league,820,19771,Gençlerbirliği Spor Kulübü,Akhisarspor,0,0
2015-05-09,2475531,ES1,2014,domestic_league,621,897,Athletic Bilbao,Deportivo de La Coruña,1,1
2015-05-09,2475533,ES1,2014,domestic_league,131,681,FC Barcelona,Real Sociedad,2,0
2015-05-09,2475534,ES1,2014,domestic_league,16795,993,Granada CF,Córdoba CF,2,0
2015-05-09,2475537,ES1,2014,domestic_league,418,1049,Real Madrid,Valencia CF,2,2
2015-05-09,2478929,IT1,2014,domestic_league,506,1390,Juventus FC,Cagliari Calcio,1,1
2015-05-09,2478934,IT1,2014,domestic_league,5,12,AC Milan,Associazione Sportiva Roma,2,1
2015-05-09,2482455,FR1,2014,domestic_league,273,595,Stade Rennais FC,SC Bastia,0,1
2015-05-09,2482457,FR1,2014,domestic_league,415,1082,FC Toulouse,LOSC Lille,3,2
2015-05-09,2482458,FR1,2014,domestic_league,347,1158,FC Metz,FC Lorient,0,4
2015-05-09,2482459,FR1,2014,domestic_league,1162,1041,SM Caen,Olympique Lyon,3,0
2015-05-09,2482462,FR1,2014,domestic_league,40,995,FC Girondins Bordeaux,FC Nantes,2,1
2015-05-09,2482464,FR1,2014,domestic_league,14171,1421,Thonon Évian Grand Genève FC,Stade Reims,2,3
2015-05-09,2486820,GB1,2014,domestic_league,405,379,Aston Villa,West Ham United,1,0
2015-05-09,2486822,GB1,2014,domestic_league,873,985,Crystal Palace,Manchester United,1,2
2015-05-09,2486823,GB1,2014,domestic_league,29,289,Everton FC,Sunderland AFC,0,2
2015-05-09,2486824,GB1,2014,domestic_league,3008,1132,Hull City,Burnley FC,0,1
2015-05-09,2486825,GB1,2014,domestic_league,1003,180,Leicester City,Southampton FC,2,0
2015-05-09,2486827,GB1,2014,domestic_league,762,984,Newcastle United,West Bromwich Albion,1,1
2015-05-09,2486828,GB1,2014,domestic_league,512,148,Stoke City,Tottenham Hotspur,3,0
2015-05-09,2526247,PO1,2014,domestic_league,2425,2995,Rio Ave FC,FC Paços de Ferreira,0,0
2015-05-09,2526250,PO1,2014,domestic_league,2990,68608,Académica Coimbra,CF Os Belenenses,1,1
2015-05-09,2526252,PO1,2014,domestic_league,294,3327,SL Benfica,FC Penafiel,4,0
2015-05-09,2526253,PO1,2014,domestic_league,1075,1301,SC Braga,CS Marítimo,1,3
2015-05-09,2528847,UKR1,2014,domestic_league,6996,660,Goverla Uzhgorod (- 2016),FC Shakhtar Donetsk,3,7
2015-05-09,2528848,UKR1,2014,domestic_league,2740,23611,Vorskla Poltava,Olimpik Donetsk,3,1
2015-05-09,2532511,DK1,2014,domestic_league,3426,1177,Esbjerg fB,Silkeborg IF,5,2
2015-05-09,2557605,SC1,2014,domestic_league,511,2451,Dundee FC,Inverness Caledonian Thistle FC,0,1
2015-05-09,2557606,SC1,2014,domestic_league,2999,2760,Hamilton Academical FC,Partick Thistle FC,1,1
2015-05-09,2557607,SC1,2014,domestic_league,2759,465,Ross County FC,St. Mirren FC,1,2
2015-05-09,2557608,SC1,2014,domestic_league,2578,1519,St. Johnstone FC,Dundee United FC,1,1
2015-05-10,2459874,NL1,2014,domestic_league,200,798,FC Utrecht,Excelsior Rotterdam,2,2
2015-05-10,2459876,NL1,2014,domestic_league,1090,132,AZ Alkmaar,NAC Breda,3,2
2015-05-10,2459877,NL1,2014,domestic_league,403,1268,Willem II Tilburg,ADO Den Haag,1,0
2015-05-10,2459878,NL1,2014,domestic_league,1435,306,Go Ahead Eagles,SC Heerenveen,1,1
2015-05-10,2459879,NL1,2014,domestic_league,610,133,Ajax Amsterdam,SC Cambuur Leeuwarden,3,0
2015-05-10,2459880,NL1,2014,domestic_league,383,1304,PSV Eindhoven,Heracles Almelo,2,0
2015-05-10,2459881,NL1,2014,domestic_league,202,1269,FC Groningen,PEC Zwolle,0,1
2015-05-10,2459882,NL1,2014,domestic_league,317,1455,FC Twente Enschede,FC Dordrecht,3,0
2015-05-10,2460912,L1,2014,domestic_league,3,33,1.FC Köln,FC Schalke 04,2,0
2015-05-10,2460913,L1,2014,domestic_league,127,82,SC Paderborn 07,VfL Wolfsburg,1,3
2015-05-10,2470321,TR1,2014,domestic_league,126,449,Caykur Rizespor,Trabzonspor,0,2
2015-05-10,2470326,TR1,2014,domestic_league,114,524,Beşiktaş Jimnastik Kulübü,Gaziantepspor (- 2020),1,1
2015-05-10,2475530,ES1,2014,domestic_league,1050,1531,Villarreal CF,Elche CF,1,0
2015-05-10,2475532,ES1,2014,domestic_league,3368,13,Levante UD,Atlético de Madrid,2,2
2015-05-10,2475538,ES1,2014,domestic_league,940,368,Celta de Vigo,Sevilla FC,1,1
2015-05-10,2475539,ES1,2014,domestic_league,3302,1084,UD Almería,Málaga CF,1,2
2015-05-10,2478928,IT1,2014,domestic_league,458,800,Palermo FC,Atalanta BC,2,3
2015-05-10,2478930,IT1,2014,domestic_league,749,430,FC Empoli,ACF Fiorentina,2,3
2015-05-10,2478931,IT1,2014,domestic_league,862,276,Chievo Verona,Hellas Verona,2,2
2015-05-10,2478932,IT1,2014,domestic_league,398,46,Società Sportiva Lazio S.p.A.,Inter Milan,1,2
2015-05-10,2478933,IT1,2014,domestic_league,130,6195,Parma Calcio 1913,SSC Napoli,2,2
2015-05-10,2478935,IT1,2014,domestic_league,410,1038,Udinese Calcio,UC Sampdoria,1,4
2015-05-10,2478936,IT1,2014,domestic_league,1429,6574,Cesena FC,US Sassuolo,2,3
2015-05-10,2482460,FR1,2014,domestic_league,244,162,Olympique Marseille,AS Monaco,2,1
2015-05-10,2482461,FR1,2014,domestic_league,826,969,RC Lens,Montpellier HSC,0,1
2015-05-10,2482463,FR1,2014,domestic_league,618,417,AS Saint-Étienne,OGC Nice,5,0
2015-05-10,2486821,GB1,2014,domestic_league,631,31,Chelsea FC,Liverpool FC,1,1
2015-05-10,2486826,GB1,2014,domestic_league,281,1039,Manchester City,Queens Park Rangers,6,0
2015-05-10,2518692,GR1,2014,domestic_league,28956,3060,AEL Kalloni,APS Atromitos Athinon,1,1
2015-05-10,2518693,GR1,2014,domestic_league,6676,5219,A.G.S Asteras Tripolis,AOK Kerkyra,2,0
2015-05-10,2518694,GR1,2014,domestic_league,5220,2672,GS Ergotelis,APO Levadiakos Football Club,0,2
2015-05-10,2518696,GR1,2014,domestic_league,265,2671,Panathinaikos Athlitikos Omilos,PAS Giannina,3,1
2015-05-10,2518697,GR1,2014,domestic_league,6418,2079,Panetolikos Agrinio,Veria NPS,2,0
2015-05-10,2518698,GR1,2014,domestic_league,7185,128,Panthrakikos Komotini,AO Xanthi,2,0
2015-05-10,2518699,GR1,2014,domestic_league,169,1091,Panionios Athens,Panthessalonikios Athlitikos Omilos Konstantinoupoliton,0,0
2015-05-10,2518700,GR1,2014,domestic_league,21957,683,AO Platanias,Olympiakos Syndesmos Filathlon Peiraios,1,1
2015-05-10,2526248,PO1,2014,domestic_league,720,2424,FC Porto,Gil Vicente FC,2,0
2015-05-10,2526251,PO1,2014,domestic_league,8024,2503,FC Arouca,Boavista FC,0,0
2015-05-10,2526254,PO1,2014,domestic_league,1465,336,GD Estoril Praia,Sporting CP,1,1
2015-05-10,2526255,PO1,2014,domestic_league,979,1085,Moreirense FC,Vitória Setúbal FC,3,1
2015-05-10,2528846,UKR1,2014,domestic_league,6994,6993,Metalurg Zaporizhya (-2016),FK Mariupol,2,0
2015-05-10,2528849,UKR1,2014,domestic_league,2783,338,Metalurg Donetsk (- 2015),Dynamo Kyiv,0,6
2015-05-10,2528850,UKR1,2014,domestic_league,339,10690,Dnipro Dnipropetrovsk (-2020),Zorya Lugansk,0,2
2015-05-10,2528851,UKR1,2014,domestic_league,2477,6992,Karpaty Lviv (-2021),Chornomorets Odesa,2,0
2015-05-10,2532509,DK1,2014,domestic_league,5818,5817,Hobro IK,Sönderjyske Fodbold,2,2
2015-05-10,2532512,DK1,2014,domestic_league,206,1053,Bröndby IF,Aalborg BK,1,1
2015-05-10,2532513,DK1,2014,domestic_league,173,865,Odense Boldklub,FC Midtjylland,3,1
2015-05-10,2557609,SC1,2014,domestic_league,370,371,Aberdeen FC,Celtic FC,0,1
2015-05-10,2559103,RU1,2014,domestic_league,121,1186,FK Dinamo Moskva,Torpedo Moscow,0,0
2015-05-10,2559105,RU1,2014,domestic_league,932,2410,"Футбольный клуб ""Локомотив"" Москва",PFK CSKA Moskva,1,3
2015-05-10,2559110,RU1,2014,domestic_league,964,1083,AO FK Zenit Sankt-Peterburg,FK Rostov,3,0
2015-05-11,2459875,NL1,2014,domestic_league,234,499,Feyenoord Rotterdam,Vitesse Arnhem,1,4
2015-05-11,2475535,ES1,2014,domestic_league,367,3709,Rayo Vallecano,Getafe CF,2,0
2015-05-11,2478937,IT1,2014,domestic_league,252,416,Genoa CFC,Torino FC,5,1
2015-05-11,2486819,GB1,2014,domestic_league,11,2288,Arsenal FC,Swansea City,0,1
2015-05-11,2526249,PO1,2014,domestic_league,982,2420,CD Nacional,Vitória Guimarães SC,2,2
2015-05-11,2528845,UKR1,2014,domestic_league,6414,4482,Metalist Kharkiv (- 2016),Volyn Lutsk,3,3
2015-05-11,2532508,DK1,2014,domestic_league,20100,190,FC Vestsjaelland,FC Copenhagen,0,1
2015-05-11,2559104,RU1,2014,domestic_league,16704,4128,FK Krasnodar,Amkar Perm,1,1
2015-05-11,2559106,RU1,2014,domestic_league,11126,3729,Mordovia Saransk (-2020),Arsenal Tula,1,0
2015-05-11,2559108,RU1,2014,domestic_league,3725,232,RFK Akhmat Grozny,FK Spartak Moskva,4,2
2015-05-12,2470330,TR1,2014,domestic_league,6890,2381,Basaksehir FK,Sivasspor,2,1
2015-05-12,2470331,TR1,2014,domestic_league,2293,820,Konyaspor,Gençlerbirliği Spor Kulübü,1,0
2015-05-12,2470333,TR1,2014,domestic_league,3216,141,Mersin Talimyurdu SK,Galatasaray,0,1
2015-05-12,2470334,TR1,2014,domestic_league,10484,20698,Kasimpasa,Balikesirspor,2,3
2015-05-12,2470335,TR1,2014,domestic_league,1506,825,Kardemir Karabükspor,Eskisehirspor,2,2
2015-05-12,2560717,CL,2014,international_cup,27,131,Bayern Munich,FC Barcelona,3,2
2015-05-13,2470329,TR1,2014,domestic_league,36,6894,Fenerbahce,Kayseri Erciyesspor,1,1
2015-05-13,2470336,TR1,2014,domestic_league,449,20,Trabzonspor,Bursaspor,1,0
2015-05-13,2470337,TR1,2014,domestic_league,524,126,Gaziantepspor (- 2020),Caykur Rizespor,1,2
2015-05-13,2560718,CL,2014,international_cup,418,506,Real Madrid,Juventus FC,1,1
2015-05-14,2470332,TR1,2014,domestic_league,19771,114,Akhisarspor,Beşiktaş Jimnastik Kulübü,1,1
2015-05-14,2560697,EL,2014,other,339,6195,Dnipro Dnipropetrovsk (-2020),SSC Napoli,1,0
2015-05-14,2560698,EL,2014,other,430,368,ACF Fiorentina,Sevilla FC,0,2
2015-05-14,2561320,DKP,2014,domestic_cup,20100,190,FC Vestsjaelland,FC Copenhagen,2,3
2015-05-15,2528852,UKR1,2014,domestic_league,6992,6994,Chornomorets Odesa,Metalurg Zaporizhya (-2016),0,0
2015-05-15,2532515,DK1,2014,domestic_league,1053,173,Aalborg BK,Odense Boldklub,0,2
2015-05-15,2557610,SC1,2014,domestic_league,2578,371,St. Johnstone FC,Celtic FC,0,0
2015-05-15,2559117,RU1,2014,domestic_league,11126,1083,Mordovia Saransk (-2020),FK Rostov,0,0
2015-05-16,2460914,L1,2014,domestic_league,33,127,FC Schalke 04,SC Paderborn 07,1,0
2015-05-16,2460915,L1,2014,domestic_league,15,533,Bayer 04 Leverkusen,TSG 1899 Hoffenheim,2,0
2015-05-16,2460916,L1,2014,domestic_league,82,16,VfL Wolfsburg,Borussia Dortmund,2,1
2015-05-16,2460917,L1,2014,domestic_league,39,3,1.FSV Mainz 05,1.FC Köln,2,0
2015-05-16,2460918,L1,2014,domestic_league,167,42,FC Augsburg,Hannover 96,1,2
2015-05-16,2460919,L1,2014,domestic_league,44,24,Hertha BSC,Eintracht Frankfurt,0,0
2015-05-16,2460920,L1,2014,domestic_league,86,18,SV Werder Bremen,Borussia Mönchengladbach,0,2
2015-05-16,2460921,L1,2014,domestic_league,60,27,SC Freiburg,Bayern Munich,2,1
2015-05-16,2460922,L1,2014,domestic_league,79,41,VfB Stuttgart,Hamburger SV,2,1
2015-05-16,2470340,TR1,2014,domestic_league,20698,1506,Balikesirspor,Kardemir Karabükspor,4,2
2015-05-16,2470345,TR1,2014,domestic_league,2381,10484,Sivasspor,Kasimpasa,1,1
2015-05-16,2470346,TR1,2014,domestic_league,141,820,Galatasaray,Gençlerbirliği Spor Kulübü,1,0
2015-05-16,2478942,IT1,2014,domestic_league,46,506,Inter Milan,Juventus FC,1,2
2015-05-16,2478943,IT1,2014,domestic_league,1038,398,UC Sampdoria,Società Sportiva Lazio S.p.A.,0,1
2015-05-16,2482465,FR1,2014,domestic_league,1041,40,Olympique Lyon,FC Girondins Bordeaux,1,1
2015-05-16,2482466,FR1,2014,domestic_league,595,1162,SC Bastia,SM Caen,1,1
2015-05-16,2482467,FR1,2014,domestic_league,417,826,OGC Nice,RC Lens,2,1
2015-05-16,2482468,FR1,2014,domestic_league,995,1158,FC Nantes,FC Lorient,1,1
2015-05-16,2482469,FR1,2014,domestic_league,1082,244,LOSC Lille,Olympique Marseille,0,4
2015-05-16,2482470,FR1,2014,domestic_league,162,347,AS Monaco,FC Metz,2,0
2015-05-16,2482471,FR1,2014,domestic_league,969,583,Montpellier HSC,Paris Saint-Germain,1,2
2015-05-16,2482472,FR1,2014,domestic_league,1421,273,Stade Reims,Stade Rennais FC,1,0
2015-05-16,2482473,FR1,2014,domestic_league,14171,618,Thonon Évian Grand Genève FC,AS Saint-Étienne,1,2
2015-05-16,2482474,FR1,2014,domestic_league,855,415,EA Guingamp,FC Toulouse,2,1
2015-05-16,2486829,GB1,2014,domestic_league,1132,512,Burnley FC,Stoke City,0,0
2015-05-16,2486830,GB1,2014,domestic_league,31,873,Liverpool FC,Crystal Palace,1,3
2015-05-16,2486832,GB1,2014,domestic_league,1039,762,Queens Park Rangers,Newcastle United,2,1
2015-05-16,2486833,GB1,2014,domestic_league,180,405,Southampton FC,Aston Villa,6,1
2015-05-16,2486834,GB1,2014,domestic_league,289,1003,Sunderland AFC,Leicester City,0,0
2015-05-16,2486836,GB1,2014,domestic_league,148,3008,Tottenham Hotspur,Hull City,2,0
2015-05-16,2486838,GB1,2014,domestic_league,379,29,West Ham United,Everton FC,1,2
2015-05-16,2528855,UKR1,2014,domestic_league,10690,2477,Zorya Lugansk,Karpaty Lviv (-2021),1,1
2015-05-16,2528857,UKR1,2014,domestic_league,660,2783,FC Shakhtar Donetsk,Metalurg Donetsk (- 2015),2,0
2015-05-16,2528858,UKR1,2014,domestic_league,6993,2740,FK Mariupol,Vorskla Poltava,1,2
2015-05-16,2557611,SC1,2014,domestic_league,511,370,Dundee FC,Aberdeen FC,1,1
2015-05-16,2557612,SC1,2014,domestic_league,2451,1519,Inverness Caledonian Thistle FC,Dundee United FC,3,0
2015-05-16,2557613,SC1,2014,domestic_league,2760,2553,Partick Thistle FC,Kilmarnock FC,1,4
2015-05-16,2557614,SC1,2014,domestic_league,2759,2999,Ross County FC,Hamilton Academical FC,2,1
2015-05-16,2557615,SC1,2014,domestic_league,465,987,St. Mirren FC,Motherwell FC,2,1
2015-05-16,2559111,RU1,2014,domestic_league,4128,2439,Amkar Perm,Kuban Krasnodar (-2018),1,0
2015-05-16,2559112,RU1,2014,domestic_league,3729,3725,Arsenal Tula,RFK Akhmat Grozny,1,1
2015-05-16,2559116,RU1,2014,domestic_league,932,2698,"Футбольный клуб ""Локомотив"" Москва",FC Rubin Kazan,3,0
2015-05-17,2459883,NL1,2014,domestic_league,306,317,SC Heerenveen,FC Twente Enschede,1,3
2015-05-17,2459884,NL1,2014,domestic_league,133,403,SC Cambuur Leeuwarden,Willem II Tilburg,1,2
2015-05-17,2459885,NL1,2014,domestic_league,1455,610,FC Dordrecht,Ajax Amsterdam,2,1
2015-05-17,2459886,NL1,2014,domestic_league,132,202,NAC Breda,FC Groningen,4,5
2015-05-17,2459887,NL1,2014,domestic_league,1269,234,PEC Zwolle,Feyenoord Rotterdam,3,0
2015-05-17,2459888,NL1,2014,domestic_league,798,1090,Excelsior Rotterdam,AZ Alkmaar,1,4
2015-05-17,2459889,NL1,2014,domestic_league,1304,1435,Heracles Almelo,Go Ahead Eagles,1,0
2015-05-17,2459890,NL1,2014,domestic_league,499,200,Vitesse Arnhem,FC Utrecht,3,3
2015-05-17,2459891,NL1,2014,domestic_league,1268,383,ADO Den Haag,PSV Eindhoven,2,3
2015-05-17,2470338,TR1,2014,domestic_league,6894,6890,Kayseri Erciyesspor,Basaksehir FK,0,1
2015-05-17,2470341,TR1,2014,domestic_league,3216,36,Mersin Talimyurdu SK,Fenerbahce,0,1
2015-05-17,2470343,TR1,2014,domestic_league,20,524,Bursaspor,Gaziantepspor (- 2020),2,0
2015-05-17,2470344,TR1,2014,domestic_league,825,449,Eskisehirspor,Trabzonspor,2,0
2015-05-17,2475540,ES1,2014,domestic_league,1050,1084,Villarreal CF,Málaga CF,2,1
2015-05-17,2475541,ES1,2014,domestic_league,1531,621,Elche CF,Athletic Bilbao,2,3
2015-05-17,2475542,ES1,2014,domestic_league,897,3368,Deportivo de La Coruña,Levante UD,2,0
2015-05-17,2475543,ES1,2014,domestic_league,13,131,Atlético de Madrid,FC Barcelona,0,1
2015-05-17,2475544,ES1,2014,domestic_league,681,16795,Real Sociedad,Granada CF,0,3
2015-05-17,2475545,ES1,2014,domestic_league,993,367,Córdoba CF,Rayo Vallecano,1,2
2015-05-17,2475546,ES1,2014,domestic_league,3709,1533,Getafe CF,SD Eibar,1,1
2015-05-17,2475547,ES1,2014,domestic_league,714,418,RCD Espanyol Barcelona,Real Madrid,1,4
2015-05-17,2475548,ES1,2014,domestic_league,1049,940,Valencia CF,Celta de Vigo,1,1
2015-05-17,2475549,ES1,2014,domestic_league,368,3302,Sevilla FC,UD Almería,2,1
2015-05-17,2478939,IT1,2014,domestic_league,416,862,Torino FC,Chievo Verona,2,0
2015-05-17,2478940,IT1,2014,domestic_league,276,749,Hellas Verona,FC Empoli,2,1
2015-05-17,2478941,IT1,2014,domestic_league,800,252,Atalanta BC,Genoa CFC,1,4
2015-05-17,2478944,IT1,2014,domestic_league,6574,5,US Sassuolo,AC Milan,3,2
2015-05-17,2478945,IT1,2014,domestic_league,1390,458,Cagliari Calcio,Palermo FC,0,1
2015-05-17,2478947,IT1,2014,domestic_league,12,410,Associazione Sportiva Roma,Udinese Calcio,2,1
2015-05-17,2486831,GB1,2014,domestic_league,985,11,Manchester United,Arsenal FC,1,1
2015-05-17,2486835,GB1,2014,domestic_league,2288,281,Swansea City,Manchester City,2,4
2015-05-17,2526256,PO1,2014,domestic_league,2995,2990,FC Paços de Ferreira,Académica Coimbra,3,2
2015-05-17,2526257,PO1,2014,domestic_league,1085,8024,Vitória Setúbal FC,FC Arouca,2,1
2015-05-17,2526258,PO1,2014,domestic_league,2420,294,Vitória Guimarães SC,SL Benfica,0,0
2015-05-17,2526259,PO1,2014,domestic_league,336,1075,Sporting CP,SC Braga,4,1
2015-05-17,2526260,PO1,2014,domestic_league,979,1465,Moreirense FC,GD Estoril Praia,1,1
2015-05-17,2526261,PO1,2014,domestic_league,3327,2424,FC Penafiel,Gil Vicente FC,2,1
2015-05-17,2526262,PO1,2014,domestic_league,68608,720,CF Os Belenenses,FC Porto,1,1
2015-05-17,2526264,PO1,2014,domestic_league,1301,2425,CS Marítimo,Rio Ave FC,4,0
2015-05-17,2528853,UKR1,2014,domestic_league,23611,6414,Olimpik Donetsk,Metalist Kharkiv (- 2016),2,1
2015-05-17,2528854,UKR1,2014,domestic_league,4482,6996,Volyn Lutsk,Goverla Uzhgorod (- 2016),4,2
2015-05-17,2528856,UKR1,2014,domestic_league,338,339,Dynamo Kyiv,Dnipro Dnipropetrovsk (-2020),1,0
2015-05-17,2532514,DK1,2014,domestic_league,865,190,FC Midtjylland,FC Copenhagen,2,0
2015-05-17,2532516,DK1,2014,domestic_league,1177,206,Silkeborg IF,Bröndby IF,0,2
2015-05-17,2532519,DK1,2014,domestic_league,5818,20100,Hobro IK,FC Vestsjaelland,0,1
2015-05-17,2559114,RU1,2014,domestic_league,16704,1186,FK Krasnodar,Torpedo Moscow,2,2
2015-05-17,2559115,RU1,2014,domestic_league,28095,964,FK Ufa,AO FK Zenit Sankt-Peterburg,1,1
2015-05-17,2567920,RU1,2014,domestic_league,232,2410,FK Spartak Moskva,PFK CSKA Moskva,0,4
2015-05-18,2470339,TR1,2014,domestic_league,126,19771,Caykur Rizespor,Akhisarspor,3,1
2015-05-18,2470342,TR1,2014,domestic_league,114,2293,Beşiktaş Jimnastik Kulübü,Konyaspor,0,1
2015-05-18,2478938,IT1,2014,domestic_league,6195,1429,SSC Napoli,Cesena FC,3,2
2015-05-18,2478946,IT1,2014,domestic_league,430,130,ACF Fiorentina,Parma Calcio 1913,3,0
2015-05-18,2486837,GB1,2014,domestic_league,984,631,West Bromwich Albion,Chelsea FC,3,0
2015-05-18,2526263,PO1,2014,domestic_league,2503,982,Boavista FC,CD Nacional,0,1
2015-05-18,2532517,DK1,2014,domestic_league,2778,3426,FC Nordsjaelland,Esbjerg fB,1,3
2015-05-18,2532518,DK1,2014,domestic_league,5817,5724,Sönderjyske Fodbold,Randers FC,1,1
2015-05-18,2559118,RU1,2014,domestic_league,11127,121,Ural Yekaterinburg,FK Dinamo Moskva,2,1
2015-05-20,2486789,GB1,2014,domestic_league,11,289,Arsenal FC,Sunderland AFC,0,0
2015-05-20,2504282,UKR1,2014,domestic_league,6414,6992,Metalist Kharkiv (- 2016),Chornomorets Odesa,0,0
2015-05-20,2532521,DK1,2014,domestic_league,190,1053,FC Copenhagen,Aalborg BK,1,0
2015-05-20,2532525,DK1,2014,domestic_league,173,1177,Odense Boldklub,Silkeborg IF,1,1
2015-05-20,2551386,CIT,2014,domestic_cup,398,506,Società Sportiva Lazio S.p.A.,Juventus FC,1,2
2015-05-20,2551465,UKRP,2014,domestic_cup,338,23611,Dynamo Kyiv,Olimpik Donetsk,4,1
2015-05-20,2551466,UKRP,2014,domestic_cup,660,339,FC Shakhtar Donetsk,Dnipro Dnipropetrovsk (-2020),1,1
2015-05-21,2532520,DK1,2014,domestic_league,20100,865,FC Vestsjaelland,FC Midtjylland,0,0
2015-05-21,2532522,DK1,2014,domestic_league,5724,5818,Randers FC,Hobro IK,0,1
2015-05-21,2532523,DK1,2014,domestic_league,3426,5817,Esbjerg fB,Sönderjyske Fodbold,2,3
2015-05-21,2532524,DK1,2014,domestic_league,206,2778,Bröndby IF,FC Nordsjaelland,3,1
2015-05-21,2569123,RUP,2014,domestic_cup,932,2439,"Футбольный клуб ""Локомотив"" Москва",Kuban Krasnodar (-2018),3,1
2015-05-22,2470349,TR1,2014,domestic_league,820,3216,Gençlerbirliği Spor Kulübü,Mersin Talimyurdu SK,1,2
2015-05-22,2526268,PO1,2014,domestic_league,720,3327,FC Porto,FC Penafiel,2,0
2015-05-23,2460923,L1,2014,domestic_league,27,39,Bayern Munich,1.FSV Mainz 05,2,0
2015-05-23,2460924,L1,2014,domestic_league,16,86,Borussia Dortmund,SV Werder Bremen,3,2
2015-05-23,2460925,L1,2014,domestic_league,18,167,Borussia Mönchengladbach,FC Augsburg,1,3
2015-05-23,2460926,L1,2014,domestic_league,533,44,TSG 1899 Hoffenheim,Hertha BSC,2,1
2015-05-23,2460927,L1,2014,domestic_league,42,60,Hannover 96,SC Freiburg,2,1
2015-05-23,2460928,L1,2014,domestic_league,24,15,Eintracht Frankfurt,Bayer 04 Leverkusen,2,1
2015-05-23,2460929,L1,2014,domestic_league,41,33,Hamburger SV,FC Schalke 04,2,0
2015-05-23,2460930,L1,2014,domestic_league,3,82,1.FC Köln,VfL Wolfsburg,2,2
2015-05-23,2460931,L1,2014,domestic_league,127,79,SC Paderborn 07,VfB Stuttgart,1,2
2015-05-23,2470352,TR1,2014,domestic_league,10484,6894,Kasimpasa,Kayseri Erciyesspor,3,3
2015-05-23,2470353,TR1,2014,domestic_league,449,20698,Trabzonspor,Balikesirspor,3,2
2015-05-23,2470355,TR1,2014,domestic_league,2293,126,Konyaspor,Caykur Rizespor,1,1
2015-05-23,2475550,ES1,2014,domestic_league,621,1050,Athletic Bilbao,Villarreal CF,4,0
2015-05-23,2475551,ES1,2014,domestic_league,3368,1531,Levante UD,Elche CF,0,0
2015-05-23,2475552,ES1,2014,domestic_league,131,897,FC Barcelona,Deportivo de La Coruña,2,2
2015-05-23,2475553,ES1,2014,domestic_league,16795,13,Granada CF,Atlético de Madrid,0,0
2015-05-23,2475554,ES1,2014,domestic_league,367,681,Rayo Vallecano,Real Sociedad,2,4
2015-05-23,2475555,ES1,2014,domestic_league,1533,993,SD Eibar,Córdoba CF,3,0
2015-05-23,2475556,ES1,2014,domestic_league,418,3709,Real Madrid,Getafe CF,7,3
2015-05-23,2475557,ES1,2014,domestic_league,940,714,Celta de Vigo,RCD Espanyol Barcelona,3,2
2015-05-23,2475558,ES1,2014,domestic_league,3302,1049,UD Almería,Valencia CF,2,3
2015-05-23,2475559,ES1,2014,domestic_league,1084,368,Málaga CF,Sevilla FC,2,3
2015-05-23,2478952,IT1,2014,domestic_league,252,46,Genoa CFC,Inter Milan,3,2
2015-05-23,2478953,IT1,2014,domestic_league,506,6195,Juventus FC,SSC Napoli,3,1
2015-05-23,2482475,FR1,2014,domestic_league,244,595,Olympique Marseille,SC Bastia,3,0
2015-05-23,2482476,FR1,2014,domestic_league,1162,14171,SM Caen,Thonon Évian Grand Genève FC,3,2
2015-05-23,2482477,FR1,2014,domestic_league,618,855,AS Saint-Étienne,EA Guingamp,2,1
2015-05-23,2482478,FR1,2014,domestic_league,347,1082,FC Metz,LOSC Lille,1,4
2015-05-23,2482479,FR1,2014,domestic_league,273,1041,Stade Rennais FC,Olympique Lyon,0,1
2015-05-23,2482480,FR1,2014,domestic_league,1158,162,FC Lorient,AS Monaco,0,1
2015-05-23,2482481,FR1,2014,domestic_league,40,969,FC Girondins Bordeaux,Montpellier HSC,2,1
2015-05-23,2482482,FR1,2014,domestic_league,826,995,RC Lens,FC Nantes,1,0
2015-05-23,2482483,FR1,2014,domestic_league,415,417,FC Toulouse,OGC Nice,2,3
2015-05-23,2482484,FR1,2014,domestic_league,583,1421,Paris Saint-Germain,Stade Reims,3,2
2015-05-23,2526265,PO1,2014,domestic_league,2424,68608,Gil Vicente FC,CF Os Belenenses,0,2
2015-05-23,2526266,PO1,2014,domestic_league,1465,2503,GD Estoril Praia,Boavista FC,2,0
2015-05-23,2526267,PO1,2014,domestic_league,982,2995,CD Nacional,FC Paços de Ferreira,3,0
2015-05-23,2526269,PO1,2014,domestic_league,2990,2420,Académica Coimbra,Vitória Guimarães SC,2,4
2015-05-23,2526270,PO1,2014,domestic_league,8024,979,FC Arouca,Moreirense FC,1,2
2015-05-23,2526271,PO1,2014,domestic_league,294,1301,SL Benfica,CS Marítimo,4,1
2015-05-23,2526272,PO1,2014,domestic_league,1075,1085,SC Braga,Vitória Setúbal FC,5,0
2015-05-23,2526273,PO1,2014,domestic_league,2425,336,Rio Ave FC,Sporting CP,0,1
2015-05-23,2557616,SC1,2014,domestic_league,2999,465,Hamilton Academical FC,St. Mirren FC,1,0
2015-05-23,2557617,SC1,2014,domestic_league,2553,2759,Kilmarnock FC,Ross County FC,1,2
2015-05-23,2557618,SC1,2014,domestic_league,987,2760,Motherwell FC,Partick Thistle FC,0,0
2015-05-23,2558358,UKR1,2014,domestic_league,2783,6996,Metalurg Donetsk (- 2015),Goverla Uzhgorod (- 2016),0,0
2015-05-23,2558361,UKR1,2014,domestic_league,23611,4482,Olimpik Donetsk,Volyn Lutsk,1,3
2015-05-23,2558364,UKR1,2014,domestic_league,339,660,Dnipro Dnipropetrovsk (-2020),FC Shakhtar Donetsk,3,2
2015-05-23,2561173,GRP,2014,domestic_cup,683,128,Olympiakos Syndesmos Filathlon Peiraios,AO Xanthi,3,1
2015-05-23,2568461,RU1,2014,domestic_league,4128,964,Amkar Perm,AO FK Zenit Sankt-Peterburg,1,0
2015-05-23,2568462,RU1,2014,domestic_league,1186,11127,Torpedo Moscow,Ural Yekaterinburg,3,1
2015-05-23,2568463,RU1,2014,domestic_league,232,28095,FK Spartak Moskva,FK Ufa,1,2
2015-05-24,2470347,TR1,2014,domestic_league,1506,2381,Kardemir Karabükspor,Sivasspor,2,1
2015-05-24,2470350,TR1,2014,domestic_league,141,114,Galatasaray,Beşiktaş Jimnastik Kulübü,2,0
2015-05-24,2470354,TR1,2014,domestic_league,524,825,Gaziantepspor (- 2020),Eskisehirspor,3,2
2015-05-24,2478948,IT1,2014,domestic_league,862,800,Chievo Verona,Atalanta BC,1,1
2015-05-24,2478949,IT1,2014,domestic_league,1429,1390,Cesena FC,Cagliari Calcio,0,1
2015-05-24,2478950,IT1,2014,domestic_league,458,430,Palermo FC,ACF Fiorentina,2,3
2015-05-24,2478951,IT1,2014,domestic_league,130,276,Parma Calcio 1913,Hellas Verona,2,2
2015-05-24,2478955,IT1,2014,domestic_league,749,1038,FC Empoli,UC Sampdoria,1,1
2015-05-24,2478956,IT1,2014,domestic_league,410,6574,Udinese Calcio,US Sassuolo,0,1
2015-05-24,2478957,IT1,2014,domestic_league,5,416,AC Milan,Torino FC,3,0
2015-05-24,2486839,GB1,2014,domestic_league,11,984,Arsenal FC,West Bromwich Albion,4,1
2015-05-24,2486840,GB1,2014,domestic_league,405,1132,Aston Villa,Burnley FC,0,1
2015-05-24,2486841,GB1,2014,domestic_league,631,289,Chelsea FC,Sunderland AFC,3,1
2015-05-24,2486842,GB1,2014,domestic_league,873,2288,Crystal Palace,Swansea City,1,0
2015-05-24,2486843,GB1,2014,domestic_league,29,148,Everton FC,Tottenham Hotspur,0,1
2015-05-24,2486844,GB1,2014,domestic_league,3008,985,Hull City,Manchester United,0,0
2015-05-24,2486845,GB1,2014,domestic_league,1003,1039,Leicester City,Queens Park Rangers,5,1
2015-05-24,2486846,GB1,2014,domestic_league,281,180,Manchester City,Southampton FC,2,0
2015-05-24,2486847,GB1,2014,domestic_league,762,379,Newcastle United,West Ham United,2,0
2015-05-24,2486848,GB1,2014,domestic_league,512,31,Stoke City,Liverpool FC,6,1
2015-05-24,2532531,DK1,2014,domestic_league,5817,20100,Sönderjyske Fodbold,FC Vestsjaelland,1,1
2015-05-24,2557619,SC1,2014,domestic_league,370,2578,Aberdeen FC,St. Johnstone FC,0,1
2015-05-24,2557620,SC1,2014,domestic_league,371,2451,Celtic FC,Inverness Caledonian Thistle FC,5,0
2015-05-24,2557621,SC1,2014,domestic_league,1519,511,Dundee United FC,Dundee FC,3,0
2015-05-24,2558359,UKR1,2014,domestic_league,2477,338,Karpaty Lviv (-2021),Dynamo Kyiv,0,1
2015-05-24,2558360,UKR1,2014,domestic_league,6414,6993,Metalist Kharkiv (- 2016),FK Mariupol,3,1
2015-05-24,2558362,UKR1,2014,domestic_league,6994,10690,Metalurg Zaporizhya (-2016),Zorya Lugansk,0,1
2015-05-24,2558363,UKR1,2014,domestic_league,2740,6992,Vorskla Poltava,Chornomorets Odesa,2,0
2015-05-24,2568464,RU1,2014,domestic_league,16704,1083,FK Krasnodar,FK Rostov,2,1
2015-05-24,2568465,RU1,2014,domestic_league,11126,3725,Mordovia Saransk (-2020),RFK Akhmat Grozny,1,0
2015-05-24,2568466,RU1,2014,domestic_league,121,3729,FK Dinamo Moskva,Arsenal Tula,2,2
2015-05-25,2470348,TR1,2014,domestic_league,19771,20,Akhisarspor,Bursaspor,0,1
2015-05-25,2470351,TR1,2014,domestic_league,6890,36,Basaksehir FK,Fenerbahce,2,2
2015-05-25,2478954,IT1,2014,domestic_league,398,12,Società Sportiva Lazio S.p.A.,Associazione Sportiva Roma,1,2
2015-05-25,2532526,DK1,2014,domestic_league,190,173,FC Copenhagen,Odense Boldklub,1,0
2015-05-25,2532527,DK1,2014,domestic_league,865,206,FC Midtjylland,Bröndby IF,2,3
2015-05-25,2532529,DK1,2014,domestic_league,1177,5724,Silkeborg IF,Randers FC,0,2
2015-05-25,2532530,DK1,2014,domestic_league,2778,5818,FC Nordsjaelland,Hobro IK,4,2
2015-05-25,2568467,RU1,2014,domestic_league,932,2439,"Футбольный клуб ""Локомотив"" Москва",Kuban Krasnodar (-2018),1,1
2015-05-25,2568468,RU1,2014,domestic_league,2410,2698,PFK CSKA Moskva,FC Rubin Kazan,3,0
2015-05-26,2532528,DK1,2014,domestic_league,1053,3426,Aalborg BK,Esbjerg fB,1,0
2015-05-27,2567511,EL,2014,other,339,368,Dnipro Dnipropetrovsk (-2020),Sevilla FC,2,3
2015-05-29,2470357,TR1,2014,domestic_league,20698,524,Balikesirspor,Gaziantepspor (- 2020),1,1
2015-05-29,2470361,TR1,2014,domestic_league,825,19771,Eskisehirspor,Akhisarspor,1,3
2015-05-29,2470363,TR1,2014,domestic_league,6894,1506,Kayseri Erciyesspor,Kardemir Karabükspor,4,3
2015-05-29,2470364,TR1,2014,domestic_league,114,820,Beşiktaş Jimnastik Kulübü,Gençlerbirliği Spor Kulübü,2,1
2015-05-29,2558366,UKR1,2014,domestic_league,10690,2740,Zorya Lugansk,Vorskla Poltava,1,1
2015-05-29,2558369,UKR1,2014,domestic_league,4482,2783,Volyn Lutsk,Metalurg Donetsk (- 2015),1,1
2015-05-29,2561805,POCP,2014,,1301,294,CS Marítimo,SL Benfica,1,2
2015-05-30,2470356,TR1,2014,domestic_league,3216,6890,Mersin Talimyurdu SK,Basaksehir FK,2,2
2015-05-30,2470358,TR1,2014,domestic_league,36,10484,Fenerbahce,Kasimpasa,2,0
2015-05-30,2470359,TR1,2014,domestic_league,126,141,Caykur Rizespor,Galatasaray,1,1
2015-05-30,2470360,TR1,2014,domestic_league,20,2293,Bursaspor,Konyaspor,0,0
2015-05-30,2470362,TR1,2014,domestic_league,2381,449,Sivasspor,Trabzonspor,1,1
2015-05-30,2478962,IT1,2014,domestic_league,276,506,Hellas Verona,Juventus FC,2,2
2015-05-30,2478964,IT1,2014,domestic_league,800,5,Atalanta BC,AC Milan,1,3
2015-05-30,2543981,CDR,2014,domestic_cup,621,131,Athletic Bilbao,FC Barcelona,1,3
2015-05-30,2558367,UKR1,2014,domestic_league,338,6994,Dynamo Kyiv,Metalurg Zaporizhya (-2016),2,2
2015-05-30,2558368,UKR1,2014,domestic_league,660,2477,FC Shakhtar Donetsk,Karpaty Lviv (-2021),2,2
2015-05-30,2558370,UKR1,2014,domestic_league,6993,23611,FK Mariupol,Olimpik Donetsk,4,1
2015-05-30,2558371,UKR1,2014,domestic_league,6996,339,Goverla Uzhgorod (- 2016),Dnipro Dnipropetrovsk (-2020),0,0
2015-05-30,2558482,SFA,2014,domestic_cup,2451,1191,Inverness Caledonian Thistle FC,Falkirk FC,2,1
2015-05-30,2559128,RU1,2014,domestic_league,121,16704,FK Dinamo Moskva,FK Krasnodar,1,1
2015-05-30,2559129,RU1,2014,domestic_league,1083,2410,FK Rostov,PFK CSKA Moskva,1,1
2015-05-30,2559130,RU1,2014,domestic_league,28095,2698,FK Ufa,FC Rubin Kazan,1,1
2015-05-30,2559131,RU1,2014,domestic_league,2439,3729,Kuban Krasnodar (-2018),Arsenal Tula,5,1
2015-05-30,2559132,RU1,2014,domestic_league,232,4128,FK Spartak Moskva,Amkar Perm,3,3
2015-05-30,2559133,RU1,2014,domestic_league,3725,11127,RFK Akhmat Grozny,Ural Yekaterinburg,1,3
2015-05-30,2559134,RU1,2014,domestic_league,1186,11126,Torpedo Moscow,Mordovia Saransk (-2020),2,0
2015-05-30,2559135,RU1,2014,domestic_league,964,932,AO FK Zenit Sankt-Peterburg,"Футбольный клуб ""Локомотив"" Москва",1,0
2015-05-30,2561228,FAC,2014,domestic_cup,11,405,Arsenal FC,Aston Villa,4,0
2015-05-30,2561745,DFB,2014,domestic_cup,16,82,Borussia Dortmund,VfL Wolfsburg,1,3
2015-05-31,2478958,IT1,2014,domestic_league,416,1429,Torino FC,Cesena FC,5,0
2015-05-31,2478959,IT1,2014,domestic_league,430,862,ACF Fiorentina,Chievo Verona,3,0
2015-05-31,2478960,IT1,2014,domestic_league,46,749,Inter Milan,FC Empoli,4,3
2015-05-31,2478961,IT1,2014,domestic_league,6574,252,US Sassuolo,Genoa CFC,3,1
2015-05-31,2478963,IT1,2014,domestic_league,6195,398,SSC Napoli,Società Sportiva Lazio S.p.A.,2,4
2015-05-31,2478965,IT1,2014,domestic_league,12,458,Associazione Sportiva Roma,Palermo FC,1,2
2015-05-31,2478966,IT1,2014,domestic_league,1038,130,UC Sampdoria,Parma Calcio 1913,2,2
2015-05-31,2478967,IT1,2014,domestic_league,1390,410,Cagliari Calcio,Udinese Calcio,4,3
2015-05-31,2532532,DK1,2014,domestic_league,1177,1053,Silkeborg IF,Aalborg BK,1,2
2015-05-31,2532533,DK1,2014,domestic_league,2778,865,FC Nordsjaelland,FC Midtjylland,1,0
2015-05-31,2532534,DK1,2014,domestic_league,5817,190,Sönderjyske Fodbold,FC Copenhagen,1,2
2015-05-31,2532535,DK1,2014,domestic_league,5818,173,Hobro IK,Odense Boldklub,2,2
2015-05-31,2532536,DK1,2014,domestic_league,5724,206,Randers FC,Bröndby IF,1,1
2015-05-31,2532537,DK1,2014,domestic_league,3426,20100,Esbjerg fB,FC Vestsjaelland,2,1
2015-06-04,2569175,UKRP,2014,domestic_cup,338,660,Dynamo Kyiv,FC Shakhtar Donetsk,5,4
2015-06-06,2567502,CL,2014,international_cup,506,131,Juventus FC,FC Barcelona,1,3
2015-06-07,2532538,DK1,2014,domestic_league,173,5724,Odense Boldklub,Randers FC,0,2
2015-06-07,2532539,DK1,2014,domestic_league,206,3426,Bröndby IF,Esbjerg fB,0,1
2015-06-07,2532540,DK1,2014,domestic_league,1053,2778,Aalborg BK,FC Nordsjaelland,1,0
2015-06-07,2532541,DK1,2014,domestic_league,865,5817,FC Midtjylland,Sönderjyske Fodbold,2,1
2015-06-07,2532542,DK1,2014,domestic_league,190,5818,FC Copenhagen,Hobro IK,1,0
2015-06-07,2532543,DK1,2014,domestic_league,20100,1177,FC Vestsjaelland,Silkeborg IF,3,1
2015-06-30,2580211,CLQ,2015,international_cup,38204,10854,Lincoln Red Imps FC,FC Santa Coloma,0,0
2015-06-30,2580212,CLQ,2015,international_cup,21532,5771,Crusaders FC,Levadia Tallinn,0,0
2015-06-30,2580213,CLQ,2015,international_cup,10301,11479,FC Pyunik Yerevan,SS Folgore/Falciano,2,1
2015-06-30,2583514,ELQ,2015,other,32129,2573,Balzan FC,FK Zeljeznicar Sarajevo,0,2
2015-06-30,2583515,ELQ,2015,other,12346,3258,FC Progrès Niederkorn,Shamrock Rovers,0,0
2015-06-30,2583516,ELQ,2015,other,10791,11907,Renova Dzepciste,Dacia Chisinau,0,1
2015-07-01,2580214,CLQ,2015,international_cup,10532,10734,B36 Tórshavn,The New Saints,1,2
2015-07-02,2583517,ELQ,2015,other,16779,3793,Ordabasy Shymkent,Beitar Jerusalem,0,0
2015-07-02,2583518,ELQ,2015,other,4807,6808,FC Shirak Gyumri,HSK Zrinjski Mostar,2,0
2015-07-02,2583519,ELQ,2015,other,23560,2300,FK Kruoja Pakruojis (-2015),Jagiellonia Bialystok,0,1
2015-07-02,2583520,ELQ,2015,other,37914,2578,Alashkert Yerevan FC,St. Johnstone FC,1,0
2015-07-02,2583521,ELQ,2015,other,22140,8956,KF Laçi,FK Inter Baku,1,1
2015-07-02,2583522,ELQ,2015,other,27116,7964,FK Kukësi,Torpedo-BelAZ Zhodino,2,0
2015-07-02,2583523,ELQ,2015,other,11215,365,OFK Olimpik Novi Grad - Sarajevo,Spartak Trnava,1,1
2015-07-02,2583524,ELQ,2015,other,11910,5724,UE Sant Julia,Randers FC,0,1
2015-07-02,2583525,ELQ,2015,other,27118,271,FK Jelgava,Litex Lovech,1,1
2015-07-02,2583526,ELQ,2015,other,1043,1189,Skonto Riga (- 2016),St. Patrick's Athletic,2,1
2015-07-02,2583527,ELQ,2015,other,2925,1101,FC Lahti,Idrottsföreningen Elfsborg,2,2
2015-07-02,2583528,ELQ,2015,other,5228,6764,FK Atlantas Klaipeda (-2020),Beroe Stara Zagora,0,2
2015-07-02,2583529,ELQ,2015,other,1002,4641,FC Flora Tallinn,Rabotnicki Skopje,1,0
2015-07-02,2583530,ELQ,2015,other,1102,272,Vaasan Palloseura,Allmänna Idrottsklubben,2,2
2015-07-02,2583531,ELQ,2015,other,23777,1185,SJK Seinäjoki,FH Hafnarfjördur,0,1
2015-07-02,2583532,ELQ,2015,other,663,22010,Dinamo Tbilisi,FK Qabala,2,1
2015-07-02,2583533,ELQ,2015,other,11344,829,Dinamo Batumi,Omonia Nicosia,1,0
2015-07-02,2583534,ELQ,2015,other,10157,22783,FK Aktobe,Kalju FC,0,1
2015-07-02,2583535,ELQ,2015,other,8031,10883,Neftchi Baku,OFK Titograd,2,2
2015-07-02,2583536,ELQ,2015,other,22832,447,JK Sillamäe Kalev,HNK Hajduk Split,1,1
2015-07-02,2583537,ELQ,2015,other,84,3070,Debreceni VSC,FK Sutjeska Niksic,3,0
2015-07-02,2583538,ELQ,2015,other,2817,4040,Strømsgodset IF,FK Partizani,3,1
2015-07-02,2583539,ELQ,2015,other,11914,27843,FC Differdange 03,Bala Town,3,1
2015-07-02,2583540,ELQ,2015,other,206,10607,Bröndby IF,AC Juvenes-Dogana,9,0
2015-07-02,2583541,ELQ,2015,other,2481,1058,FC Sheriff Tiraspol,Odds BK,0,3
2015-07-02,2583542,ELQ,2015,other,41494,429,FC Saxan Ceadir-Lunga,Apollon Limassol,0,2
2015-07-02,2583543,ELQ,2015,other,8818,19090,FC Botosani,FC Tskhinvali,1,1
2015-07-02,2583544,ELQ,2015,other,32832,4313,FK Trakai,HB Tórshavn,3,0
2015-07-02,2583545,ELQ,2015,other,42246,540,Europa FC,Slovan Bratislava,0,6
2015-07-02,2583546,ELQ,2015,other,23088,11194,Airbus UK Broughton,NK Lokomotiva Zagreb,1,3
2015-07-02,2583547,ELQ,2015,other,24832,195,Víkingur Gøta,Rosenborg Ballklub,0,2
2015-07-02,2583548,ELQ,2015,other,1435,279,Go Ahead Eagles,Ferencvárosi TC,1,1
2015-07-02,2583549,ELQ,2015,other,6248,6621,NK Domzale,FK Cukaricki,0,1
2015-07-02,2583550,ELQ,2015,other,710,759,NK Celje,Slask Wroclaw,0,1
2015-07-02,2583551,ELQ,2015,other,31130,6335,Newtown AFC,Valletta FC,2,1
2015-07-02,2583552,ELQ,2015,other,634,448,MTK Budapest,FK Vojvodina Novi Sad,0,0
2015-07-02,2583553,ELQ,2015,other,4391,28936,Buducnost Podgorica,FK Spartaks Jurmala,1,3
2015-07-02,2583554,ELQ,2015,other,24349,163,La Fiorita 1967,FC Vaduz,0,5
2015-07-02,2583555,ELQ,2015,other,159,10482,Red Star Belgrade,Kairat Almaty,0,2
2015-07-02,2583556,ELQ,2015,other,10262,14344,Birkirkara FC,FC Ulisses Yerevan,0,0
2015-07-02,2583557,ELQ,2015,other,379,28958,West Ham United,FC Lusitanos,3,0
2015-07-02,2583558,ELQ,2015,other,3463,10695,Glenavon FC,Shakhter Soligorsk,1,2
2015-07-02,2583559,ELQ,2015,other,3471,11540,Linfield FC,NSÍ Runavík,2,0
2015-07-02,2583560,ELQ,2015,other,27774,3237,Cork City FC,KR Reykjavík,1,1
2015-07-02,2583561,ELQ,2015,other,6069,853,University College Dublin,F91 Dudelange,1,0
2015-07-02,2583562,ELQ,2015,other,9026,1443,Glentoran FC,MSK Zilina,1,4
2015-07-02,2583563,ELQ,2015,other,1167,370,Shkendija Tetovo,Aberdeen FC,1,1
2015-07-02,2583564,ELQ,2015,other,5849,433,Víkingur Reykjavík,FC Koper,0,1
2015-07-07,2580205,CLQ,2015,international_cup,10854,38204,FC Santa Coloma,Lincoln Red Imps FC,1,2
2015-07-07,2580207,CLQ,2015,international_cup,5771,21532,Levadia Tallinn,Crusaders FC,1,1
2015-07-07,2580208,CLQ,2015,international_cup,11479,10301,SS Folgore/Falciano,FC Pyunik Yerevan,1,2
2015-07-07,2583565,ELQ,2015,other,3258,12346,Shamrock Rovers,FC Progrès Niederkorn,3,0
2015-07-07,2583662,CLQ,2015,international_cup,10734,10532,The New Saints,B36 Tórshavn,4,1
2015-07-09,2583566,ELQ,2015,other,19090,8818,FC Tskhinvali,FC Botosani,1,3
2015-07-09,2583567,ELQ,2015,other,540,42246,Slovan Bratislava,Europa FC,3,0
2015-07-09,2583568,ELQ,2015,other,7964,27116,Torpedo-BelAZ Zhodino,FK Kukësi,0,0
2015-07-09,2583569,ELQ,2015,other,2578,37914,St. Johnstone FC,Alashkert Yerevan FC,2,1
2015-07-09,2583570,ELQ,2015,other,271,27118,Litex Lovech,FK Jelgava,2,2
2015-07-09,2583571,ELQ,2015,other,22010,663,FK Qabala,Dinamo Tbilisi,2,0
2015-07-09,2583572,ELQ,2015,other,11907,10791,Dacia Chisinau,Renova Dzepciste,4,1
2015-07-09,2583573,ELQ,2015,other,365,11215,Spartak Trnava,OFK Olimpik Novi Grad - Sarajevo,0,0
2015-07-09,2583574,ELQ,2015,other,27843,11914,Bala Town,FC Differdange 03,2,1
2015-07-09,2583575,ELQ,2015,other,195,24832,Rosenborg Ballklub,Víkingur Gøta,0,0
2015-07-09,2583576,ELQ,2015,other,11540,3471,NSÍ Runavík,Linfield FC,4,3
2015-07-09,2583577,ELQ,2015,other,6764,5228,Beroe Stara Zagora,FK Atlantas Klaipeda (-2020),3,1
2015-07-09,2583578,ELQ,2015,other,3070,84,FK Sutjeska Niksic,Debreceni VSC,2,0
2015-07-09,2583579,ELQ,2015,other,3793,16779,Beitar Jerusalem,Ordabasy Shymkent,2,1
2015-07-09,2583580,ELQ,2015,other,429,41494,Apollon Limassol,FC Saxan Ceadir-Lunga,2,0
2015-07-09,2583581,ELQ,2015,other,10482,159,Kairat Almaty,Red Star Belgrade,2,1
2015-07-09,2583582,ELQ,2015,other,6808,4807,HSK Zrinjski Mostar,FC Shirak Gyumri,2,1
2015-07-09,2583583,ELQ,2015,other,4313,32832,HB Tórshavn,FK Trakai,1,4
2015-07-09,2583584,ELQ,2015,other,272,1102,Allmänna Idrottsklubben,Vaasan Palloseura,4,0
2015-07-09,2583585,ELQ,2015,other,1443,9026,MSK Zilina,Glentoran FC,3,0
2015-07-09,2583586,ELQ,2015,other,10883,8031,OFK Titograd,Neftchi Baku,1,1
2015-07-09,2583587,ELQ,2015,other,759,710,Slask Wroclaw,NK Celje,3,1
2015-07-09,2583588,ELQ,2015,other,163,24349,FC Vaduz,La Fiorita 1967,5,1
2015-07-09,2583589,ELQ,2015,other,14344,10262,FC Ulisses Yerevan,Birkirkara FC,1,3
2015-07-09,2583590,ELQ,2015,other,853,6069,F91 Dudelange,University College Dublin,2,1
2015-07-09,2583591,ELQ,2015,other,8956,22140,FK Inter Baku,KF Laçi,0,0
2015-07-09,2583592,ELQ,2015,other,22783,10157,Kalju FC,FK Aktobe,0,0
2015-07-09,2583593,ELQ,2015,other,829,11344,Omonia Nicosia,Dinamo Batumi,2,0
2015-07-09,2583594,ELQ,2015,other,1101,2925,Idrottsföreningen Elfsborg,FC Lahti,5,0
2015-07-09,2583595,ELQ,2015,other,28936,4391,FK Spartaks Jurmala,Buducnost Podgorica,0,0
2015-07-09,2583596,ELQ,2015,other,10695,3463,Shakhter Soligorsk,Glenavon FC,3,0
2015-07-09,2583597,ELQ,2015,other,447,22832,HNK Hajduk Split,JK Sillamäe Kalev,6,2
2015-07-09,2583598,ELQ,2015,other,1058,2481,Odds BK,FC Sheriff Tiraspol,0,0
2015-07-09,2583599,ELQ,2015,other,5724,11910,Randers FC,UE Sant Julia,3,0
2015-07-09,2583600,ELQ,2015,other,28958,379,FC Lusitanos,West Ham United,0,1
2015-07-09,2583601,ELQ,2015,other,11194,23088,NK Lokomotiva Zagreb,Airbus UK Broughton,2,2
2015-07-09,2583602,ELQ,2015,other,4641,1002,Rabotnicki Skopje,FC Flora Tallinn,2,0
2015-07-09,2583603,ELQ,2015,other,4040,2817,FK Partizani,Strømsgodset IF,0,1
2015-07-09,2583604,ELQ,2015,other,6621,6248,FK Cukaricki,NK Domzale,0,0
2015-07-09,2583605,ELQ,2015,other,279,1435,Ferencvárosi TC,Go Ahead Eagles,4,1
2015-07-09,2583606,ELQ,2015,other,433,5849,FC Koper,Víkingur Reykjavík,2,2
2015-07-09,2583607,ELQ,2015,other,2300,23560,Jagiellonia Bialystok,FK Kruoja Pakruojis (-2015),8,0
2015-07-09,2583608,ELQ,2015,other,10607,206,AC Juvenes-Dogana,Bröndby IF,0,2
2015-07-09,2583609,ELQ,2015,other,448,634,FK Vojvodina Novi Sad,MTK Budapest,3,1
2015-07-09,2583611,ELQ,2015,other,1189,1043,St. Patrick's Athletic,Skonto Riga (- 2016),0,2
2015-07-09,2583612,ELQ,2015,other,6335,31130,Valletta FC,Newtown AFC,1,2
2015-07-09,2583613,ELQ,2015,other,370,1167,Aberdeen FC,Shkendija Tetovo,0,0
2015-07-09,2583614,ELQ,2015,other,1185,23777,FH Hafnarfjördur,SJK Seinäjoki,1,0
2015-07-09,2583615,ELQ,2015,other,2573,32129,FK Zeljeznicar Sarajevo,Balzan FC,1,0
2015-07-09,2583616,ELQ,2015,other,3237,27774,KR Reykjavík,Cork City FC,2,1
2015-07-12,2586012,RUSS,2015,other,964,932,AO FK Zenit Sankt-Peterburg,"Футбольный клуб ""Локомотив"" Москва",5,3
2015-07-14,2579615,UKRS,2015,,338,660,Dynamo Kyiv,FC Shakhtar Donetsk,0,2
2015-07-14,2587306,CLQ,2015,international_cup,2782,1008,JFK Ventspils,HJK Helsinki,1,3
2015-07-14,2587307,CLQ,2015,international_cup,2784,77,APOEL Nicosia,Vardar Skopje,0,0
2015-07-14,2587308,CLQ,2015,international_cup,865,38204,FC Midtjylland,Lincoln Red Imps FC,1,0
2015-07-14,2587309,CLQ,2015,international_cup,31614,30686,Ludogorets Razgrad,FC Milsami Orhei,0,1
2015-07-14,2587310,CLQ,2015,international_cup,12469,21532,KF Skënderbeu,Crusaders FC,4,1
2015-07-14,2587311,CLQ,2015,international_cup,10734,11107,The New Saints,Videoton FC Fehérvár,0,1
2015-07-14,2587312,CLQ,2015,international_cup,687,10301,Molde Fotballklubb,FC Pyunik Yerevan,5,0
2015-07-14,2587313,CLQ,2015,international_cup,10604,119,Hibernians FC,Maccabi Tel Aviv,2,1
2015-07-14,2587314,CLQ,2015,international_cup,790,22220,NK Maribor,FC Astana,1,0
2015-07-14,2587315,CLQ,2015,international_cup,7918,301,AS Trencin,FCSB,0,2
2015-07-14,2587316,CLQ,2015,international_cup,669,32017,FK Partizan Belgrade,FC Dila Gori,1,0
2015-07-14,2587317,CLQ,2015,international_cup,282,238,FK Sarajevo,Lech Poznan,0,2
2015-07-15,2587318,CLQ,2015,international_cup,10625,5972,Qarabağ FK,Rudar Pljevlja,0,0
2015-07-15,2587319,CLQ,2015,international_cup,496,602,Malmö Fotbollförening,FK Zalgiris Vilnius,0,0
2015-07-15,2587320,CLQ,2015,international_cup,713,6066,BATE Borisov,Dundalk FC,2,1
2015-07-15,2587321,CLQ,2015,international_cup,371,21875,Celtic FC,Stjarnan Gardabaer,2,0
2015-07-15,2587322,CLQ,2015,international_cup,419,11976,GNK Dinamo Zagreb,CS Fola Esch,1,1
2015-07-15,2623406,RUP,2015,domestic_cup,43502,28098,Chertanovo Moscow,FK Kaluga,4,0
2015-07-15,2623407,RUP,2015,domestic_cup,27932,6673,MITOS Novocherkassk (-2016),SKA Rostov-na-Donu,3,4
2015-07-15,2623408,RUP,2015,domestic_cup,12041,11123,Angusht Nazran,Mashuk-KMV Pyatigorsk,3,1
2015-07-15,2623409,RUP,2015,domestic_cup,2703,12045,Spartak Vladikavkaz (-2020),Dinamo Stavropol,0,1
2015-07-15,2623410,RUP,2015,domestic_cup,12048,33535,Druzhba Maikop,Biolog-Novokubansk Progress,1,2
2015-07-15,2623411,RUP,2015,domestic_cup,45044,12065,Solyaris Moskau (-2017),Torpedo Vladimir,0,1
2015-07-16,2583617,ELQ,2015,other,2976,938,Hapoel Beer Sheva,FC Thun,1,1
2015-07-16,2583618,ELQ,2015,other,967,1180,Cherno More Varna,Dinamo Minsk,1,1
2015-07-16,2583619,ELQ,2015,other,2451,13499,Inverness Caledonian Thistle FC,Astra Giurgiu (- 2024),0,1
2015-07-16,2589806,ELQ,2015,other,27116,10883,FK Kukësi,OFK Titograd,0,1
2015-07-16,2589807,ELQ,2015,other,6764,206,Beroe Stara Zagora,Bröndby IF,0,1
2015-07-16,2589808,ELQ,2015,other,3258,1058,Shamrock Rovers,Odds BK,0,2
2015-07-16,2589809,ELQ,2015,other,11194,1091,NK Lokomotiva Zagreb,Panthessalonikios Athlitikos Omilos Konstantinoupoliton,2,1
2015-07-16,2589810,ELQ,2015,other,3237,195,KR Reykjavík,Rosenborg Ballklub,0,1
2015-07-16,2589811,ELQ,2015,other,540,6069,Slovan Bratislava,University College Dublin,1,0
2015-07-16,2589812,ELQ,2015,other,272,4807,Allmänna Idrottsklubben,FC Shirak Gyumri,2,0
2015-07-16,2589813,ELQ,2015,other,10482,37914,Kairat Almaty,Alashkert Yerevan FC,3,0
2015-07-16,2589814,ELQ,2015,other,279,2573,Ferencvárosi TC,FK Zeljeznicar Sarajevo,0,1
2015-07-16,2589815,ELQ,2015,other,255,8818,Legia Warszawa,FC Botosani,1,0
2015-07-16,2589816,ELQ,2015,other,448,28936,FK Vojvodina Novi Sad,FK Spartaks Jurmala,3,0
2015-07-16,2589817,ELQ,2015,other,163,22783,FC Vaduz,Kalju FC,3,1
2015-07-16,2589818,ELQ,2015,other,11907,1443,Dacia Chisinau,MSK Zilina,1,2
2015-07-16,2589819,ELQ,2015,other,2300,829,Jagiellonia Bialystok,Omonia Nicosia,0,0
2015-07-16,2589820,ELQ,2015,other,27118,4641,FK Jelgava,Rabotnicki Skopje,1,0
2015-07-16,2589821,ELQ,2015,other,5546,2817,FK Mlada Boleslav,Strømsgodset IF,1,2
2015-07-16,2589822,ELQ,2015,other,1185,8956,FH Hafnarfjördur,FK Inter Baku,1,2
2015-07-16,2589823,ELQ,2015,other,379,10262,West Ham United,Birkirkara FC,1,0
2015-07-16,2589824,ELQ,2015,other,144,370,HNK Rijeka,Aberdeen FC,0,3
2015-07-16,2589825,ELQ,2015,other,6621,22010,FK Cukaricki,FK Qabala,1,0
2015-07-16,2589826,ELQ,2015,other,449,11914,Trabzonspor,FC Differdange 03,1,0
2015-07-16,2589827,ELQ,2015,other,429,32832,Apollon Limassol,FK Trakai,4,0
2015-07-16,2589828,ELQ,2015,other,172,3793,Royal Charleroi Sporting Club,Beitar Jerusalem,5,1
2015-07-16,2589829,ELQ,2015,other,433,447,FC Koper,HNK Hajduk Split,3,2
2015-07-16,2589830,ELQ,2015,other,365,3471,Spartak Trnava,Linfield FC,2,1
2015-07-16,2589831,ELQ,2015,other,190,31130,FC Copenhagen,Newtown AFC,2,0
2015-07-16,2589832,ELQ,2015,other,1043,84,Skonto Riga (- 2016),Debreceni VSC,2,2
2015-07-16,2589833,ELQ,2015,other,5724,1101,Randers FC,Idrottsföreningen Elfsborg,0,0
2015-07-16,2589834,ELQ,2015,other,759,801,Slask Wroclaw,Idrottsföreningen Kamraterna Göteborg,0,0
2015-07-16,2589835,ELQ,2015,other,10695,4441,Shakhter Soligorsk,Wolfsberger AC,0,1
2015-07-16,2623412,RUP,2015,domestic_cup,50587,23110,Metallurg Asha,FK Chelyabinsk,1,2
2015-07-16,2623413,RUP,2015,domestic_cup,17960,6407,Karelia Petrozavodsk,Dinamo St. Petersburg (-2018),4,2
2015-07-16,2623414,RUP,2015,domestic_cup,12444,37029,Znamya Truda Orekhovo-Zuevo,FK Dolgoprudnyi,1,3
2015-07-16,2623415,RUP,2015,domestic_cup,17399,41201,Zenit Penza,PFK Tambov (-2021),0,2
2015-07-16,2623416,RUP,2015,domestic_cup,11125,12069,Tekstilshchik Ivanovo,Volga Tver,3,6
2015-07-16,2623417,RUP,2015,domestic_cup,11122,10627,Avangard Kursk,FC Orel,2,0
2015-07-16,2623418,RUP,2015,domestic_cup,11121,22444,Dinamo Bryansk,Dnepr Smolensk,2,0
2015-07-16,2623419,RUP,2015,domestic_cup,45913,6419,Trevis &amp; VVK St. Petersburg,Pskov-747 (-2020),1,2
2015-07-16,2623420,RUP,2015,domestic_cup,28097,14590,Dinamo Kostroma (-2022),Spartak Kostroma,0,2
2015-07-16,2623421,RUP,2015,domestic_cup,40896,44753,Strogino Moscow,FK Domodedovo (-2017),7,8
2015-07-16,2623422,RUP,2015,domestic_cup,3719,19958,FC Khimki (-2025),FC Kolomna,2,0
2015-07-16,2623423,RUP,2015,domestic_cup,16612,50586,Lokomotiv Liski,Energomash Belgorod (-2018),3,2
2015-07-16,2623424,RUP,2015,domestic_cup,12068,1186,Vityaz Podolsk,Torpedo Moscow,0,1
2015-07-16,2639089,BESC,2015,other,157,2282,KAA Gent,Club Brugge KV,1,0
2015-07-17,2581201,DK1,2015,domestic_league,2778,5817,FC Nordsjaelland,Sönderjyske Fodbold,0,2
2015-07-17,2582802,RU1,2015,domestic_league,232,28095,FK Spartak Moskva,FK Ufa,2,2
2015-07-17,2585993,UKR1,2015,domestic_league,6994,10690,Metalurg Zaporizhya (-2016),Zorya Lugansk,0,6
2015-07-18,2581202,DK1,2015,domestic_league,865,1063,FC Midtjylland,Viborg FF,2,0
2015-07-18,2582799,RU1,2015,domestic_league,2410,2698,PFK CSKA Moskva,FC Rubin Kazan,1,0
2015-07-18,2582803,RU1,2015,domestic_league,1083,3725,FK Rostov,RFK Akhmat Grozny,1,1
2015-07-18,2585994,UKR1,2015,domestic_league,23611,6992,Olimpik Donetsk,Chornomorets Odesa,2,2
2015-07-18,2585995,UKR1,2015,domestic_league,6414,2477,Metalist Kharkiv (- 2016),Karpaty Lviv (-2021),2,0
2015-07-18,2585996,UKR1,2015,domestic_league,2740,4482,Vorskla Poltava,Volyn Lutsk,1,1
2015-07-19,2581203,DK1,2015,domestic_league,173,5818,Odense Boldklub,Hobro IK,3,0
2015-07-19,2581205,DK1,2015,domestic_league,678,206,Aarhus GF,Bröndby IF,2,1
2015-07-19,2582798,RU1,2015,domestic_league,2700,2696,Anzhi Makhachkala ( -2022),PFK Krylya Sovetov Samara,0,1
2015-07-19,2582801,RU1,2015,domestic_league,11126,932,Mordovia Saransk (-2020),"Футбольный клуб ""Локомотив"" Москва",0,1
2015-07-19,2582804,RU1,2015,domestic_league,964,121,AO FK Zenit Sankt-Peterburg,FK Dinamo Moskva,2,1
2015-07-19,2585997,UKR1,2015,domestic_league,660,18303,FC Shakhtar Donetsk,FC Oleksandriya,2,0
2015-07-19,2585998,UKR1,2015,domestic_league,6996,339,Goverla Uzhgorod (- 2016),Dnipro Dnipropetrovsk (-2020),1,1
2015-07-19,2596677,UKR1,2015,domestic_league,16247,338,PFK Stal Kamyanske (-2018),Dynamo Kyiv,1,2
2015-07-20,2581206,DK1,2015,domestic_league,1053,3426,Aalborg BK,Esbjerg fB,1,1
2015-07-20,2582797,RU1,2015,domestic_league,4128,16704,Amkar Perm,FK Krasnodar,0,1
2015-07-20,2582800,RU1,2015,domestic_league,2439,11127,Kuban Krasnodar (-2018),Ural Yekaterinburg,0,2
2015-07-21,2587323,CLQ,2015,international_cup,32017,669,FC Dila Gori,FK Partizan Belgrade,0,2
2015-07-21,2587324,CLQ,2015,international_cup,10301,687,FC Pyunik Yerevan,Molde Fotballklubb,1,0
2015-07-21,2587325,CLQ,2015,international_cup,30686,31614,FC Milsami Orhei,Ludogorets Razgrad,2,1
2015-07-21,2587326,CLQ,2015,international_cup,1008,2782,HJK Helsinki,JFK Ventspils,1,0
2015-07-21,2587327,CLQ,2015,international_cup,119,10604,Maccabi Tel Aviv,Hibernians FC,5,1
2015-07-21,2587328,CLQ,2015,international_cup,77,2784,Vardar Skopje,APOEL Nicosia,1,1
2015-07-21,2587329,CLQ,2015,international_cup,38204,865,Lincoln Red Imps FC,FC Midtjylland,0,2
2015-07-21,2587330,CLQ,2015,international_cup,602,496,FK Zalgiris Vilnius,Malmö Fotbollförening,0,1
2015-07-21,2587331,CLQ,2015,international_cup,21532,12469,Crusaders FC,KF Skënderbeu,3,2
2015-07-21,2592014,ELQ,2015,other,1101,5724,Idrottsföreningen Elfsborg,Randers FC,1,0
2015-07-22,2586000,UKRP,2015,domestic_cup,12302,2712,Naftovyk-Ukrnafta Okhtyrka,Nyva Ternopil,3,1
2015-07-22,2586001,UKRP,2015,domestic_cup,9007,26459,Arsenal Kyiv,NK Veres Rivne,1,0
2015-07-22,2586002,UKRP,2015,domestic_cup,48332,21216,Kolos Kovalivka,PFK Sumy (-2019),1,3
2015-07-22,2586003,UKRP,2015,domestic_cup,33571,26726,Real Farma Ovidiopol,Krystal Kherson,4,5
2015-07-22,2586004,UKRP,2015,domestic_cup,32036,23634,Avangard Kramatorsk,FK Poltava (-2018),2,1
2015-07-22,2586005,UKRP,2015,domestic_cup,24288,39097,Arsenal-Kyivshchyna Bila Tserkva,Obolon Kyiv,0,2
2015-07-22,2586006,UKRP,2015,domestic_cup,21903,6422,Bukovyna Chernivtsi,MFK Mykolaiv,4,5
2015-07-22,2586007,UKRP,2015,domestic_cup,29914,30698,Energiya Nova Kakhovka,Girnyk Kryvyi Rig,0,4
2015-07-22,2586008,UKRP,2015,domestic_cup,49306,29281,Balkany Zorya,Skala Morshyn,2,1
2015-07-22,2586009,UKRP,2015,domestic_cup,41127,44588,Myr Gornostaivka,Barsa Sumy,6,0
2015-07-22,2586010,UKRP,2015,domestic_cup,40523,36625,FK Nikopol,FC Ternopil ( -2018),1,3
2015-07-22,2586011,UKRP,2015,domestic_cup,13017,33179,Kremin Kremenchuk,Slavutych Cherkasy,0,4
2015-07-22,2586457,UKRP,2015,domestic_cup,49634,49364,SKK Demnya,Ingulets Petrove,1,2
2015-07-22,2587332,CLQ,2015,international_cup,22220,790,FC Astana,NK Maribor,3,1
2015-07-22,2587333,CLQ,2015,international_cup,11976,419,CS Fola Esch,GNK Dinamo Zagreb,0,3
2015-07-22,2587334,CLQ,2015,international_cup,301,7918,FCSB,AS Trencin,2,3
2015-07-22,2587335,CLQ,2015,international_cup,11107,10734,Videoton FC Fehérvár,The New Saints,1,1
2015-07-22,2587336,CLQ,2015,international_cup,6066,713,Dundalk FC,BATE Borisov,0,0
2015-07-22,2587337,CLQ,2015,international_cup,5972,10625,Rudar Pljevlja,Qarabağ FK,0,1
2015-07-22,2587338,CLQ,2015,international_cup,238,282,Lech Poznan,FK Sarajevo,1,0
2015-07-22,2587339,CLQ,2015,international_cup,21875,371,Stjarnan Gardabaer,Celtic FC,1,4
2015-07-23,2583620,ELQ,2015,other,938,2976,FC Thun,Hapoel Beer Sheva,2,1
2015-07-23,2583621,ELQ,2015,other,1180,967,Dinamo Minsk,Cherno More Varna,4,0
2015-07-23,2583622,ELQ,2015,other,13499,2451,Astra Giurgiu (- 2024),Inverness Caledonian Thistle FC,0,0
2015-07-23,2590417,ELQ,2015,other,11914,449,FC Differdange 03,Trabzonspor,1,2
2015-07-23,2590526,ELQ,2015,other,1091,11194,Panthessalonikios Athlitikos Omilos Konstantinoupoliton,NK Lokomotiva Zagreb,6,0
2015-07-23,2591990,ELQ,2015,other,447,433,HNK Hajduk Split,FC Koper,4,1
2015-07-23,2591991,ELQ,2015,other,3793,172,Beitar Jerusalem,Royal Charleroi Sporting Club,1,4
2015-07-23,2591992,ELQ,2015,other,32832,429,FK Trakai,Apollon Limassol,0,0
2015-07-23,2591993,ELQ,2015,other,22010,6621,FK Qabala,FK Cukaricki,2,0
2015-07-23,2591994,ELQ,2015,other,370,144,Aberdeen FC,HNK Rijeka,2,2
2015-07-23,2591995,ELQ,2015,other,10262,379,Birkirkara FC,West Ham United,4,5
2015-07-23,2591996,ELQ,2015,other,8956,1185,FK Inter Baku,FH Hafnarfjördur,2,2
2015-07-23,2591997,ELQ,2015,other,2817,5546,Strømsgodset IF,FK Mlada Boleslav,0,1
2015-07-23,2591998,ELQ,2015,other,4641,27118,Rabotnicki Skopje,FK Jelgava,2,0
2015-07-23,2591999,ELQ,2015,other,829,2300,Omonia Nicosia,Jagiellonia Bialystok,1,0
2015-07-23,2592000,ELQ,2015,other,1443,11907,MSK Zilina,Dacia Chisinau,4,2
2015-07-23,2592001,ELQ,2015,other,22783,163,Kalju FC,FC Vaduz,0,2
2015-07-23,2592002,ELQ,2015,other,28936,448,FK Spartaks Jurmala,FK Vojvodina Novi Sad,1,1
2015-07-23,2592003,ELQ,2015,other,8818,255,FC Botosani,Legia Warszawa,0,3
2015-07-23,2592004,ELQ,2015,other,2573,279,FK Zeljeznicar Sarajevo,Ferencvárosi TC,2,0
2015-07-23,2592005,ELQ,2015,other,37914,10482,Alashkert Yerevan FC,Kairat Almaty,2,1
2015-07-23,2592006,ELQ,2015,other,4807,272,FC Shirak Gyumri,Allmänna Idrottsklubben,0,2
2015-07-23,2592007,ELQ,2015,other,6069,540,University College Dublin,Slovan Bratislava,1,5
2015-07-23,2592008,ELQ,2015,other,195,3237,Rosenborg Ballklub,KR Reykjavík,3,0
2015-07-23,2592009,ELQ,2015,other,1058,3258,Odds BK,Shamrock Rovers,2,1
2015-07-23,2592010,ELQ,2015,other,206,6764,Bröndby IF,Beroe Stara Zagora,0,0
2015-07-23,2592011,ELQ,2015,other,10883,27116,OFK Titograd,FK Kukësi,2,4
2015-07-23,2592012,ELQ,2015,other,4441,10695,Wolfsberger AC,Shakhter Soligorsk,2,0
2015-07-23,2592013,ELQ,2015,other,801,759,Idrottsföreningen Kamraterna Göteborg,Slask Wroclaw,2,0
2015-07-23,2592015,ELQ,2015,other,84,1043,Debreceni VSC,Skonto Riga (- 2016),9,2
2015-07-23,2592016,ELQ,2015,other,31130,190,Newtown AFC,FC Copenhagen,1,3
2015-07-23,2592017,ELQ,2015,other,3471,365,Linfield FC,Spartak Trnava,1,3
2015-07-23,2596690,UKR1,2015,domestic_league,4482,660,Volyn Lutsk,FC Shakhtar Donetsk,1,4
2015-07-24,2581207,DK1,2015,domestic_league,5818,1053,Hobro IK,Aalborg BK,0,1
2015-07-24,2581208,DK1,2015,domestic_league,5817,865,Sönderjyske Fodbold,FC Midtjylland,1,2
2015-07-24,2587022,BE1,2015,domestic_league,475,2282,Sint-Truidense VV,Club Brugge KV,2,1
2015-07-24,2599211,RU1,2015,domestic_league,2696,2410,PFK Krylya Sovetov Samara,PFK CSKA Moskva,0,2
2015-07-24,2632626,RUP,2015,domestic_cup,23110,11135,FK Chelyabinsk,Nosta Novotroitsk,0,1
2015-07-24,2632627,RUP,2015,domestic_cup,41201,12052,PFK Tambov (-2021),FC Ryazan,2,0
2015-07-24,2632628,RUP,2015,domestic_cup,6433,20529,Zenit Izhevsk,Dinamo Kirov,1,0
2015-07-24,2632629,RUP,2015,domestic_cup,33535,6673,Biolog-Novokubansk Progress,SKA Rostov-na-Donu,0,1
2015-07-24,2632630,RUP,2015,domestic_cup,12069,14590,Volga Tver,Spartak Kostroma,1,0
2015-07-24,2632631,RUP,2015,domestic_cup,12065,44753,Torpedo Vladimir,FK Domodedovo (-2017),1,2
2015-07-24,2632632,RUP,2015,domestic_cup,1186,11121,Torpedo Moscow,Dinamo Bryansk,2,3
2015-07-24,2632633,RUP,2015,domestic_cup,3723,43502,Metallurg Lipetsk,Chertanovo Moscow,5,1
2015-07-24,2632634,RUP,2015,domestic_cup,3733,12439,Neftekhimik Nizhnekamsk,Volga Uljanovsk,2,1
2015-07-24,2632635,RUP,2015,domestic_cup,50359,49702,Shakhter Peshelan,FK Nizhny Novgorod,5,4
2015-07-24,2632636,RUP,2015,domestic_cup,34230,2705,Syzran-2003,Lada Togliatti,0,1
2015-07-24,2632637,RUP,2015,domestic_cup,6419,17960,Pskov-747 (-2020),Karelia Petrozavodsk,2,0
2015-07-24,2632638,RUP,2015,domestic_cup,11122,16612,Avangard Kursk,Lokomotiv Liski,0,3
2015-07-24,2632639,RUP,2015,domestic_cup,8835,12041,Spartak Nalchik,Angusht Nazran,10,9
2015-07-24,2632640,RUP,2015,domestic_cup,12045,12432,Dinamo Stavropol,FK Astrakhan,5,4
2015-07-24,2632641,RUP,2015,domestic_cup,45045,5287,Afips Afipskiy (-2018),Chernomorets Novorossijsk,1,0
2015-07-25,2587023,BE1,2015,domestic_league,601,3057,KV Kortrijk,Standard Liège,2,1
2015-07-25,2587024,BE1,2015,domestic_league,1184,2727,KRC Genk,Oud-Heverlee Leuven,3,1
2015-07-25,2587025,BE1,2015,domestic_league,2861,354,KV Oostende,KV Mechelen,3,1
2015-07-25,2587026,BE1,2015,domestic_league,3508,498,Zulte Waregem,KSC Lokeren (- 2020),3,1
2015-07-25,2596691,UKR1,2015,domestic_league,6996,2740,Goverla Uzhgorod (- 2016),Vorskla Poltava,1,1
2015-07-25,2596692,UKR1,2015,domestic_league,2477,16247,Karpaty Lviv (-2021),PFK Stal Kamyanske (-2018),1,0
2015-07-25,2596693,UKR1,2015,domestic_league,338,23611,Dynamo Kyiv,Olimpik Donetsk,2,0
2015-07-25,2596694,UKR1,2015,domestic_league,10690,6414,Zorya Lugansk,Metalist Kharkiv (- 2016),0,0
2015-07-25,2599212,RU1,2015,domestic_league,28095,1083,FK Ufa,FK Rostov,1,2
2015-07-25,2599213,RU1,2015,domestic_league,121,11126,FK Dinamo Moskva,Mordovia Saransk (-2020),2,2
2015-07-25,2599214,RU1,2015,domestic_league,3725,2439,RFK Akhmat Grozny,Kuban Krasnodar (-2018),1,1
2015-07-26,2581209,DK1,2015,domestic_league,5724,2778,Randers FC,FC Nordsjaelland,3,0
2015-07-26,2581210,DK1,2015,domestic_league,206,173,Bröndby IF,Odense Boldklub,1,2
2015-07-26,2581211,DK1,2015,domestic_league,3426,190,Esbjerg fB,FC Copenhagen,1,2
2015-07-26,2587027,BE1,2015,domestic_league,968,157,KVC Westerlo,KAA Gent,1,1
2015-07-26,2587028,BE1,2015,domestic_league,58,28643,RSC Anderlecht,SK Beveren,3,2
2015-07-26,2587029,BE1,2015,domestic_league,172,29228,Royal Charleroi Sporting Club,Royal Excel Mouscron (-2022),2,1
2015-07-26,2596695,UKR1,2015,domestic_league,18303,6994,FC Oleksandriya,Metalurg Zaporizhya (-2016),1,0
2015-07-26,2596696,UKR1,2015,domestic_league,339,6992,Dnipro Dnipropetrovsk (-2020),Chornomorets Odesa,4,2
2015-07-26,2599215,RU1,2015,domestic_league,11127,964,Ural Yekaterinburg,AO FK Zenit Sankt-Peterburg,1,4
2015-07-26,2599216,RU1,2015,domestic_league,2698,4128,FC Rubin Kazan,Amkar Perm,0,2
2015-07-26,2599217,RU1,2015,domestic_league,16704,232,FK Krasnodar,FK Spartak Moskva,0,1
2015-07-26,2632642,RUP,2015,domestic_cup,40737,32548,FK Belogorsk,Yakutia Yakutsk (-2017),1,0
2015-07-26,2632643,RUP,2015,domestic_cup,12420,12043,Irtysh Omsk,Dinamo Barnaul,1,2
2015-07-26,2632645,RUP,2015,domestic_cup,50600,3715,Restavratsiya Krasnoyarsk,FK Novokuznetsk (-2021),1,2
2015-07-27,2581212,DK1,2015,domestic_league,1063,678,Viborg FF,Aarhus GF,0,0
2015-07-27,2599218,RU1,2015,domestic_league,2700,932,Anzhi Makhachkala ( -2022),"Футбольный клуб ""Локомотив"" Москва",1,3
2015-07-28,2602556,CLQ,2015,international_cup,265,2282,Panathinaikos Athlitikos Omilos,Club Brugge KV,2,1
2015-07-28,2604355,CLQ,2015,international_cup,36,660,Fenerbahce,FC Shakhtar Donetsk,0,0
2015-07-28,2604363,CLQ,2015,international_cup,30686,12469,FC Milsami Orhei,KF Skënderbeu,0,2
2015-07-28,2604364,CLQ,2015,international_cup,865,2784,FC Midtjylland,APOEL Nicosia,1,2
2015-07-28,2604365,CLQ,2015,international_cup,119,941,Maccabi Tel Aviv,FC Viktoria Plzen,1,2
2015-07-28,2604366,CLQ,2015,international_cup,452,162,BSC Young Boys,AS Monaco,1,3
2015-07-28,2604367,CLQ,2015,international_cup,11107,713,Videoton FC Fehérvár,BATE Borisov,1,1
2015-07-28,2604368,CLQ,2015,international_cup,419,687,GNK Dinamo Zagreb,Molde Fotballklubb,1,1
2015-07-28,2604380,CLQ,2015,international_cup,2410,197,PFK CSKA Moskva,AC Sparta Prague,2,2
2015-07-29,2600582,CLQ,2015,international_cup,238,26,Lech Poznan,FC Basel 1893,1,3
2015-07-29,2602148,CLQ,2015,international_cup,409,496,Fußballclub Red Bull Salzburg,Malmö Fotbollförening,2,0
2015-07-29,2602932,CLQ,2015,international_cup,170,610,Rapid Vienna,Ajax Amsterdam,2,2
2015-07-29,2603972,CLQ,2015,international_cup,301,669,FCSB,FK Partizan Belgrade,1,1
2015-07-29,2604358,ELQ,2015,other,1322,190,FK Jablonec,FC Copenhagen,0,1
2015-07-29,2604376,CLQ,2015,international_cup,1008,22220,HJK Helsinki,FC Astana,0,0
2015-07-29,2604378,CLQ,2015,international_cup,371,10625,Celtic FC,Qarabağ FK,1,0
2015-07-30,2602064,ELQ,2015,other,4641,449,Rabotnicki Skopje,Trabzonspor,1,0
2015-07-30,2602066,ELQ,2015,other,1090,6890,AZ Alkmaar,Basaksehir FK,2,0
2015-07-30,2602552,ELQ,2015,other,1091,365,Panthessalonikios Athlitikos Omilos Konstantinoupoliton,Spartak Trnava,1,0
2015-07-30,2602553,ELQ,2015,other,272,3060,Allmänna Idrottsklubben,APS Atromitos Athinon,1,3
2015-07-30,2602879,ELQ,2015,other,122,2698,Sportklub Puntigamer Sturm Graz,FC Rubin Kazan,2,3
2015-07-30,2602880,ELQ,2015,other,3551,2420,Sportclub Rheindorf Altach,Vitória Guimarães SC,2,1
2015-07-30,2602881,ELQ,2015,other,4441,16,Wolfsberger AC,Borussia Dortmund,0,1
2015-07-30,2604357,ELQ,2015,other,379,13499,West Ham United,Astra Giurgiu (- 2024),2,2
2015-07-30,2604361,ELQ,2015,other,180,499,Southampton FC,Vitesse Arnhem,3,0
2015-07-30,2604369,ELQ,2015,other,68608,801,CF Os Belenenses,Idrottsföreningen Kamraterna Göteborg,2,1
2015-07-30,2604371,ELQ,2015,other,621,8956,Athletic Bilbao,FK Inter Baku,2,0
2015-07-30,2604373,ELQ,2015,other,447,2817,HNK Hajduk Split,Strømsgodset IF,2,0
2015-07-30,2604536,ELQ,2015,other,16650,618,AS Ardealul Tg. Mures (- 2018),AS Saint-Étienne,0,3
2015-07-30,2604788,ELQ,2015,other,260,1180,FC Zürich,Dinamo Minsk,0,1
2015-07-30,2604903,ELQ,2015,other,10482,370,Kairat Almaty,Aberdeen FC,2,1
2015-07-30,2604904,ELQ,2015,other,1101,1058,Idrottsföreningen Elfsborg,Odds BK,2,1
2015-07-30,2604906,ELQ,2015,other,697,6028,FC Slovan Liberec,Ironi Kiryat Shmona,2,1
2015-07-30,2604907,ELQ,2015,other,429,22010,Apollon Limassol,FK Qabala,1,1
2015-07-30,2604908,ELQ,2015,other,16704,540,FK Krasnodar,Slovan Bratislava,2,0
2015-07-30,2604909,ELQ,2015,other,1443,2740,MSK Zilina,Vorskla Poltava,2,0
2015-07-30,2604910,ELQ,2015,other,84,195,Debreceni VSC,Rosenborg Ballklub,2,3
2015-07-30,2604912,ELQ,2015,other,206,829,Bröndby IF,Omonia Nicosia,0,0
2015-07-30,2604913,ELQ,2015,other,3057,2573,Standard Liège,FK Zeljeznicar Sarajevo,2,1
2015-07-30,2604914,ELQ,2015,other,172,10690,Royal Charleroi Sporting Club,Zorya Lugansk,0,2
2015-07-30,2604915,ELQ,2015,other,40,2156,FC Girondins Bordeaux,AEK Larnaca,3,0
2015-07-30,2604916,ELQ,2015,other,1038,448,UC Sampdoria,FK Vojvodina Novi Sad,0,4
2015-07-30,2605684,ELQ,2015,other,938,163,FC Thun,FC Vaduz,0,0
2015-07-30,2605810,ELQ,2015,other,27116,255,FK Kukësi,Legia Warszawa,0,3
2015-07-31,2581213,DK1,2015,domestic_league,1063,3426,Viborg FF,Esbjerg fB,2,1
2015-07-31,2581214,DK1,2015,domestic_league,865,173,FC Midtjylland,Odense Boldklub,1,0
2015-07-31,2587030,BE1,2015,domestic_league,157,1184,KAA Gent,KRC Genk,1,0
2015-07-31,2599219,RU1,2015,domestic_league,2439,28095,Kuban Krasnodar (-2018),FK Ufa,1,1
2015-07-31,2632644,RUP,2015,domestic_cup,37029,3719,FK Dolgoprudnyi,FC Khimki (-2025),1,5
2015-08-01,2576512,DFL,2015,other,82,27,VfL Wolfsburg,Bayern Munich,6,5
2015-08-01,2579876,SC1,2015,domestic_league,371,2759,Celtic FC,Ross County FC,2,0
2015-08-01,2579878,SC1,2015,domestic_league,2999,2760,Hamilton Academical FC,Partick Thistle FC,0,0
2015-08-01,2579880,SC1,2015,domestic_league,2451,987,Inverness Caledonian Thistle FC,Motherwell FC,0,1
2015-08-01,2579881,SC1,2015,domestic_league,2553,511,Kilmarnock FC,Dundee FC,0,4
2015-08-01,2587031,BE1,2015,domestic_league,2282,354,Club Brugge KV,KV Mechelen,3,0
2015-08-01,2587032,BE1,2015,domestic_league,28643,601,SK Beveren,KV Kortrijk,2,1
2015-08-01,2587033,BE1,2015,domestic_league,2861,968,KV Oostende,KVC Westerlo,2,1
2015-08-01,2587034,BE1,2015,domestic_league,29228,475,Royal Excel Mouscron (-2022),Sint-Truidense VV,0,2
2015-08-01,2587061,POCP,2015,,8827,4294,UD Oliveirense,SC Farense,6,4
2015-08-01,2596700,UKR1,2015,domestic_league,23611,2477,Olimpik Donetsk,Karpaty Lviv (-2021),0,1
2015-08-01,2596701,UKR1,2015,domestic_league,660,6996,FC Shakhtar Donetsk,Goverla Uzhgorod (- 2016),2,0
2015-08-01,2599220,RU1,2015,domestic_league,4128,2696,Amkar Perm,PFK Krylya Sovetov Samara,1,0
2015-08-01,2599221,RU1,2015,domestic_league,964,3725,AO FK Zenit Sankt-Peterburg,RFK Akhmat Grozny,3,0
2015-08-01,2599222,RU1,2015,domestic_league,2410,2700,PFK CSKA Moskva,Anzhi Makhachkala ( -2022),1,0
2015-08-01,2605838,FRCH,2015,other,583,1041,Paris Saint-Germain,Olympique Lyon,2,0
2015-08-02,2579877,SC1,2015,domestic_league,1519,370,Dundee United FC,Aberdeen FC,0,1
2015-08-02,2579879,SC1,2015,domestic_league,43,2578,Heart of Midlothian FC,St. Johnstone FC,4,3
2015-08-02,2581215,DK1,2015,domestic_league,678,5724,Aarhus GF,Randers FC,3,2
2015-08-02,2581216,DK1,2015,domestic_league,5817,190,Sönderjyske Fodbold,FC Copenhagen,1,3
2015-08-02,2581217,DK1,2015,domestic_league,206,5818,Bröndby IF,Hobro IK,0,2
2015-08-02,2587035,BE1,2015,domestic_league,498,172,KSC Lokeren (- 2020),Royal Charleroi Sporting Club,2,2
2015-08-02,2587036,BE1,2015,domestic_league,3057,3508,Standard Liège,Zulte Waregem,2,1
2015-08-02,2587037,BE1,2015,domestic_league,2727,58,Oud-Heverlee Leuven,RSC Anderlecht,0,2
2015-08-02,2587054,POCP,2015,,2424,7788,Gil Vicente FC,Académico Viseu FC,4,5
2015-08-02,2587055,POCP,2015,,4864,2421,Clube Oriental Lissabon,SC Freamunde,5,3
2015-08-02,2587056,POCP,2015,,3349,10140,CD Feirense,SC Covilhã,2,1
2015-08-02,2587057,POCP,2015,,3325,4297,GD Chaves,Varzim SC,0,2
2015-08-02,2587058,POCP,2015,,7056,3345,CD Mafra,Leixões SC,0,2
2015-08-02,2587059,POCP,2015,,3327,4750,FC Penafiel,SC Olhanense,2,0
2015-08-02,2587060,POCP,2015,,7378,3336,Portimonense SC,Desportivo Aves (- 2020),3,0
2015-08-02,2587062,POCP,2015,,2423,5227,CD Santa Clara,Atlético CP,6,7
2015-08-02,2594063,NLSC,2015,other,202,383,FC Groningen,PSV Eindhoven,0,3
2015-08-02,2596697,UKR1,2015,domestic_league,6414,18303,Metalist Kharkiv (- 2016),FC Oleksandriya,1,1
2015-08-02,2596698,UKR1,2015,domestic_league,6992,338,Chornomorets Odesa,Dynamo Kyiv,0,2
2015-08-02,2596699,UKR1,2015,domestic_league,16247,10690,PFK Stal Kamyanske (-2018),Zorya Lugansk,2,0
2015-08-02,2596702,UKR1,2015,domestic_league,6994,4482,Metalurg Zaporizhya (-2016),Volyn Lutsk,0,2
2015-08-02,2596703,UKR1,2015,domestic_league,2740,339,Vorskla Poltava,Dnipro Dnipropetrovsk (-2020),1,1
2015-08-02,2599223,RU1,2015,domestic_league,932,121,"Футбольный клуб ""Локомотив"" Москва",FK Dinamo Moskva,1,1
2015-08-02,2599224,RU1,2015,domestic_league,11126,11127,Mordovia Saransk (-2020),Ural Yekaterinburg,1,1
2015-08-02,2599225,RU1,2015,domestic_league,1083,16704,FK Rostov,FK Krasnodar,0,0
2015-08-02,2599283,CIT,2015,domestic_cup,4153,4255,L'Aquila 1927,US Arezzo,2,0
2015-08-02,2599284,CIT,2015,domestic_cup,4084,7197,AS Cittadella,Potenza Calcio,15,0
2015-08-02,2599285,CIT,2015,domestic_cup,18950,4554,SS Matera Calcio,FC Südtirol,0,1
2015-08-02,2599286,CIT,2015,domestic_cup,2722,8322,SPAL,Rende Calcio 1968,1,0
2015-08-02,2599287,CIT,2015,domestic_cup,1005,4097,US Lecce,US Catanzaro,3,2
2015-08-02,2599288,CIT,2015,domestic_cup,4171,36745,Benevento Calcio,AC Tuttocuoio,0,1
2015-08-02,2599289,CIT,2015,domestic_cup,704,1253,Foggia Calcio,AS Lucchese Libertas,2,1
2015-08-02,2599290,CIT,2015,domestic_cup,5174,4515,FC Pavia 1911,US Poggibonsi,3,0
2015-08-02,2599291,CIT,2015,domestic_cup,4172,26883,Pisa Sporting Club,USD Sestri Levante 1919,4,0
2015-08-02,2599292,CIT,2015,domestic_cup,19,2239,Brescia Calcio,US Cremonese,4,3
2015-08-02,2599293,CIT,2015,domestic_cup,4106,5514,Casertana FC,Calcio Lecco 1912,1,0
2015-08-02,2599294,CIT,2015,domestic_cup,5587,10670,SS Juve Stabia,AS Melfi,2,0
2015-08-02,2599295,CIT,2015,domestic_cup,2721,44884,US Alessandria Calcio 1912,AltoVicentino,2,0
2015-08-02,2599297,CIT,2015,domestic_cup,9439,5615,Feralpisalò,Alma Juventus Fano 1906,5,1
2015-08-02,2599298,CIT,2015,domestic_cup,9690,14888,Bassano Virtus 55 ST,US Città di Pontedera,2,1
2015-08-02,2599299,CIT,2015,domestic_cup,408,4031,Ascoli Calcio 1898,Cosenza Calcio,1,2
2015-08-02,2599300,CIT,2015,domestic_cup,22294,1388,AS Viterbese Castrense,US Ancona,0,2
2015-08-02,2604690,CIT,2015,domestic_cup,5621,37463,AC Reggiana 1919,AC Delta Rovigo,3,0
2015-08-02,2605728,GBCS,2015,other,11,631,Arsenal FC,Chelsea FC,1,0
2015-08-03,2581218,DK1,2015,domestic_league,2778,1053,FC Nordsjaelland,Aalborg BK,2,1
2015-08-03,2599226,RU1,2015,domestic_league,232,2698,FK Spartak Moskva,FC Rubin Kazan,1,0
2015-08-04,2587758,DKP,2015,domestic_cup,5767,443,Middelfart Boldklub,Vejle Boldklub,2,5
2015-08-04,2602933,CLQ,2015,international_cup,610,170,Ajax Amsterdam,Rapid Vienna,2,3
2015-08-04,2608177,CLQ,2015,international_cup,2784,865,APOEL Nicosia,FC Midtjylland,0,1
2015-08-04,2608178,CLQ,2015,international_cup,687,419,Molde Fotballklubb,GNK Dinamo Zagreb,3,3
2015-08-04,2608179,CLQ,2015,international_cup,162,452,AS Monaco,BSC Young Boys,4,0
2015-08-05,2601006,CLQ,2015,international_cup,26,238,FC Basel 1893,Lech Poznan,1,0
2015-08-05,2602149,CLQ,2015,international_cup,496,409,Malmö Fotbollförening,Fußballclub Red Bull Salzburg,3,0
2015-08-05,2602557,CLQ,2015,international_cup,2282,265,Club Brugge KV,Panathinaikos Athlitikos Omilos,3,0
2015-08-05,2603973,CLQ,2015,international_cup,669,301,FK Partizan Belgrade,FCSB,4,2
2015-08-05,2604356,CLQ,2015,international_cup,660,36,FC Shakhtar Donetsk,Fenerbahce,3,0
2015-08-05,2604377,CLQ,2015,international_cup,22220,1008,FC Astana,HJK Helsinki,4,3
2015-08-05,2604379,CLQ,2015,international_cup,10625,371,Qarabağ FK,Celtic FC,0,0
2015-08-05,2604381,CLQ,2015,international_cup,197,2410,AC Sparta Prague,PFK CSKA Moskva,2,3
2015-08-05,2608180,CLQ,2015,international_cup,713,11107,BATE Borisov,Videoton FC Fehérvár,1,0
2015-08-05,2608181,CLQ,2015,international_cup,941,119,FC Viktoria Plzen,Maccabi Tel Aviv,0,2
2015-08-05,2608182,CLQ,2015,international_cup,12469,30686,KF Skënderbeu,FC Milsami Orhei,2,0
2015-08-06,2602065,ELQ,2015,other,449,4641,Trabzonspor,Rabotnicki Skopje,1,1
2015-08-06,2602067,ELQ,2015,other,6890,1090,Basaksehir FK,AZ Alkmaar,1,2
2015-08-06,2602554,ELQ,2015,other,365,1091,Spartak Trnava,Panthessalonikios Athlitikos Omilos Konstantinoupoliton,1,1
2015-08-06,2602555,ELQ,2015,other,3060,272,APS Atromitos Athinon,Allmänna Idrottsklubben,1,0
2015-08-06,2602882,ELQ,2015,other,2698,122,FC Rubin Kazan,Sportklub Puntigamer Sturm Graz,1,1
2015-08-06,2602883,ELQ,2015,other,2420,3551,Vitória Guimarães SC,Sportclub Rheindorf Altach,1,4
2015-08-06,2602884,ELQ,2015,other,16,4441,Borussia Dortmund,Wolfsberger AC,5,0
2015-08-06,2604359,ELQ,2015,other,13499,379,Astra Giurgiu (- 2024),West Ham United,2,1
2015-08-06,2604360,ELQ,2015,other,190,1322,FC Copenhagen,FK Jablonec,2,3
2015-08-06,2604362,ELQ,2015,other,499,180,Vitesse Arnhem,Southampton FC,0,2
2015-08-06,2604370,ELQ,2015,other,801,68608,Idrottsföreningen Kamraterna Göteborg,CF Os Belenenses,0,0
2015-08-06,2604372,ELQ,2015,other,8956,621,FK Inter Baku,Athletic Bilbao,0,0
2015-08-06,2604374,ELQ,2015,other,2817,447,Strømsgodset IF,HNK Hajduk Split,0,2
2015-08-06,2604537,ELQ,2015,other,618,16650,AS Saint-Étienne,AS Ardealul Tg. Mures (- 2018),1,2
2015-08-06,2604789,ELQ,2015,other,163,938,FC Vaduz,FC Thun,2,2
2015-08-06,2604790,ELQ,2015,other,1180,260,Dinamo Minsk,FC Zürich,1,1
2015-08-06,2604917,ELQ,2015,other,22010,429,FK Qabala,Apollon Limassol,1,0
2015-08-06,2604918,ELQ,2015,other,829,206,Omonia Nicosia,Bröndby IF,2,2
2015-08-06,2604919,ELQ,2015,other,1058,1101,Odds BK,Idrottsföreningen Elfsborg,2,0
2015-08-06,2604920,ELQ,2015,other,6028,697,Ironi Kiryat Shmona,FC Slovan Liberec,0,3
2015-08-06,2604921,ELQ,2015,other,195,84,Rosenborg Ballklub,Debreceni VSC,3,1
2015-08-06,2604922,ELQ,2015,other,2740,1443,Vorskla Poltava,MSK Zilina,3,1
2015-08-06,2604923,ELQ,2015,other,2156,40,AEK Larnaca,FC Girondins Bordeaux,0,1
2015-08-06,2604924,ELQ,2015,other,10690,172,Zorya Lugansk,Royal Charleroi Sporting Club,3,0
2015-08-06,2604925,ELQ,2015,other,2573,3057,FK Zeljeznicar Sarajevo,Standard Liège,0,1
2015-08-06,2604926,ELQ,2015,other,540,16704,Slovan Bratislava,FK Krasnodar,3,3
2015-08-06,2604927,ELQ,2015,other,370,10482,Aberdeen FC,Kairat Almaty,1,1
2015-08-06,2604928,ELQ,2015,other,448,1038,FK Vojvodina Novi Sad,UC Sampdoria,0,2
2015-08-06,2604929,ELQ,2015,other,255,27116,Legia Warszawa,FK Kukësi,1,0
2015-08-06,2639579,RUP,2015,domestic_cup,12431,16613,Smena Komsomolsk-na-Amure,Sakhalin Yuzhno-Sakhalinsk,0,2
2015-08-06,2639580,RUP,2015,domestic_cup,12049,40737,FK Chita (-2022),FK Belogorsk,2,5
2015-08-06,2639581,RUP,2015,domestic_cup,12043,3715,Dinamo Barnaul,FK Novokuznetsk (-2021),4,1
2015-08-07,2576657,DFB,2015,domestic_cup,5263,105,TuS Erndtebrück,SV Darmstadt 98,0,5
2015-08-07,2576675,DFB,2015,domestic_cup,222,293,BFC Dynamo,FSV Frankfurt,0,2
2015-08-07,2576681,DFB,2015,domestic_cup,64,167,SV 07 Elversberg,FC Augsburg,1,3
2015-08-07,2581219,DK1,2015,domestic_league,173,678,Odense Boldklub,Aarhus GF,2,2
2015-08-07,2586765,FR1,2015,domestic_league,1082,583,LOSC Lille,Paris Saint-Germain,0,1
2015-08-07,2587038,BE1,2015,domestic_league,3508,1184,Zulte Waregem,KRC Genk,0,0
2015-08-07,2596706,UKR1,2015,domestic_league,4482,6414,Volyn Lutsk,Metalist Kharkiv (- 2016),2,2
2015-08-07,2608161,RU1,2015,domestic_league,3725,11126,RFK Akhmat Grozny,Mordovia Saransk (-2020),0,0
2015-08-07,2639582,RUP,2015,domestic_cup,6433,3733,Zenit Izhevsk,Neftekhimik Nizhnekamsk,3,1
2015-08-07,2639583,RUP,2015,domestic_cup,20923,50359,Khimik Dzerzhinsk,Shakhter Peshelan,0,1
2015-08-07,2639584,RUP,2015,domestic_cup,2705,11135,Lada Togliatti,Nosta Novotroitsk,0,2
2015-08-07,2639585,RUP,2015,domestic_cup,16612,41201,Lokomotiv Liski,PFK Tambov (-2021),1,3
2015-08-07,2639586,RUP,2015,domestic_cup,11121,3723,Dinamo Bryansk,Metallurg Lipetsk,0,1
2015-08-08,2576660,DFB,2015,domestic_cup,1622,89,FC Viktoria Köln,1.FC Union Berlin,2,1
2015-08-08,2576662,DFB,2015,domestic_cup,247,3,SV Meppen,1.FC Köln,0,4
2015-08-08,2576665,DFB,2015,domestic_cup,440,23,Hallescher FC,Eintracht Braunschweig,0,1
2015-08-08,2576667,DFB,2015,domestic_cup,71,82,Stuttgarter Kickers,VfL Wolfsburg,1,4
2015-08-08,2576670,DFB,2015,domestic_cup,668,15,Sportfreunde Lotte,Bayer 04 Leverkusen,0,3
2015-08-08,2576671,DFB,2015,domestic_cup,52,33,MSV Duisburg,FC Schalke 04,0,5
2015-08-08,2576673,DFB,2015,domestic_cup,1557,86,Würzburger Kickers,SV Werder Bremen,0,2
2015-08-08,2576674,DFB,2015,domestic_cup,94,65,FC Erzgebirge Aue,SpVgg Greuther Fürth,1,0
2015-08-08,2576677,DFB,2015,domestic_cup,68,48,SSV Reutlingen 05,Karlsruher SC,3,1
2015-08-08,2576685,DFB,2015,domestic_cup,269,79,Holstein Kiel,VfB Stuttgart,1,2
2015-08-08,2576686,DFB,2015,domestic_cup,72,533,TSV 1860 Munich,TSG 1899 Hoffenheim,2,0
2015-08-08,2576687,DFB,2015,domestic_cup,1328,24,Bremer SV,Eintracht Frankfurt,0,3
2015-08-08,2577857,GB1,2015,domestic_league,989,405,AFC Bournemouth,Aston Villa,0,1
2015-08-08,2577858,GB1,2015,domestic_league,631,2288,Chelsea FC,Swansea City,2,2
2015-08-08,2577860,GB1,2015,domestic_league,985,148,Manchester United,Tottenham Hotspur,1,0
2015-08-08,2577861,GB1,2015,domestic_league,1003,289,Leicester City,Sunderland AFC,4,2
2015-08-08,2577863,GB1,2015,domestic_league,1123,873,Norwich City,Crystal Palace,1,3
2015-08-08,2577865,GB1,2015,domestic_league,29,1010,Everton FC,Watford FC,2,2
2015-08-08,2579885,SC1,2015,domestic_league,511,43,Dundee FC,Heart of Midlothian FC,1,2
2015-08-08,2579886,SC1,2015,domestic_league,987,1519,Motherwell FC,Dundee United FC,0,2
2015-08-08,2579888,SC1,2015,domestic_league,2759,2999,Ross County FC,Hamilton Academical FC,2,0
2015-08-08,2579889,SC1,2015,domestic_league,2578,2451,St. Johnstone FC,Inverness Caledonian Thistle FC,1,1
2015-08-08,2581220,DK1,2015,domestic_league,5818,1063,Hobro IK,Viborg FF,1,1
2015-08-08,2586766,FR1,2015,domestic_league,595,273,SC Bastia,Stade Rennais FC,2,1
2015-08-08,2586768,FR1,2015,domestic_league,1095,3558,ESTAC Troyes,GFC Ajaccio,0,0
2015-08-08,2586769,FR1,2015,domestic_league,995,855,FC Nantes,EA Guingamp,1,0
2015-08-08,2586771,FR1,2015,domestic_league,417,162,OGC Nice,AS Monaco,1,2
2015-08-08,2586772,FR1,2015,domestic_league,969,1420,Montpellier HSC,Angers SCO,0,2
2015-08-08,2586773,FR1,2015,domestic_league,244,1162,Olympique Marseille,SM Caen,0,1
2015-08-08,2587039,BE1,2015,domestic_league,601,498,KV Kortrijk,KSC Lokeren (- 2020),0,0
2015-08-08,2587040,BE1,2015,domestic_league,968,2727,KVC Westerlo,Oud-Heverlee Leuven,3,2
2015-08-08,2587041,BE1,2015,domestic_league,475,2861,Sint-Truidense VV,KV Oostende,1,1
2015-08-08,2587042,BE1,2015,domestic_league,354,29228,KV Mechelen,Royal Excel Mouscron (-2022),3,1
2015-08-08,2588893,NL1,2015,domestic_league,192,1304,Roda JC Kerkrade,Heracles Almelo,3,1
2015-08-08,2588895,NL1,2015,domestic_league,234,200,Feyenoord Rotterdam,FC Utrecht,3,2
2015-08-08,2590636,SCI,2015,other,506,398,Juventus FC,Società Sportiva Lazio S.p.A.,2,0
2015-08-08,2596705,UKR1,2015,domestic_league,18303,16247,FC Oleksandriya,PFK Stal Kamyanske (-2018),0,1
2015-08-08,2596708,UKR1,2015,domestic_league,2477,6992,Karpaty Lviv (-2021),Chornomorets Odesa,4,0
2015-08-08,2596710,UKR1,2015,domestic_league,6996,6994,Goverla Uzhgorod (- 2016),Metalurg Zaporizhya (-2016),1,1
2015-08-08,2607127,CIT,2015,domestic_cup,3522,19,Spezia Calcio,Brescia Calcio,1,0
2015-08-08,2607135,CIT,2015,domestic_cup,1210,1388,US Livorno 1915,US Ancona,2,0
2015-08-08,2608162,RU1,2015,domestic_league,11127,932,Ural Yekaterinburg,"Футбольный клуб ""Локомотив"" Москва",1,3
2015-08-08,2608163,RU1,2015,domestic_league,2700,121,Anzhi Makhachkala ( -2022),FK Dinamo Moskva,2,3
2015-08-08,2639587,RUP,2015,domestic_cup,6673,45045,SKA Rostov-na-Donu,Afips Afipskiy (-2018),3,0
2015-08-08,2639588,RUP,2015,domestic_cup,12069,6419,Volga Tver,Pskov-747 (-2020),5,4
2015-08-08,2639589,RUP,2015,domestic_cup,12045,8835,Dinamo Stavropol,Spartak Nalchik,0,3
2015-08-08,2639590,RUP,2015,domestic_cup,44753,3719,FK Domodedovo (-2017),FC Khimki (-2025),7,8
2015-08-09,2576658,DFB,2015,domestic_cup,113,41,FC Carl Zeiss Jena,Hamburger SV,3,2
2015-08-09,2576661,DFB,2015,domestic_cup,78,127,VfB Lübeck,SC Paderborn 07,1,2
2015-08-09,2576663,DFB,2015,domestic_cup,1193,254,Bahlinger SC,SV Sandhausen,3,5
2015-08-09,2576666,DFB,2015,domestic_cup,25,39,FC Energie Cottbus,1.FSV Mainz 05,0,3
2015-08-09,2576668,DFB,2015,domestic_cup,1481,60,HSV Barmbek-Uhlenhorst,SC Freiburg,0,5
2015-08-09,2576669,DFB,2015,domestic_cup,30,2,FC Hansa Rostock,1.FC Kaiserslautern,4,5
2015-08-09,2576672,DFB,2015,domestic_cup,56,38,Rot-Weiss Essen,Fortuna Düsseldorf,1,3
2015-08-09,2576676,DFB,2015,domestic_cup,442,80,FSV Salmrohr,VfL Bochum,0,5
2015-08-09,2576678,DFB,2015,domestic_cup,726,2036,FK Pirmasens,1. Fußballclub Heidenheim 1846,1,4
2015-08-09,2576679,DFB,2015,domestic_cup,21,16,Chemnitzer FC,Borussia Dortmund,0,2
2015-08-09,2576680,DFB,2015,domestic_cup,66,4795,SpVgg Unterhaching,FC Ingolstadt 04,2,1
2015-08-09,2576682,DFB,2015,domestic_cup,1203,27,FC Nöttingen,Bayern Munich,1,3
2015-08-09,2576684,DFB,2015,domestic_cup,373,42,KSV Hessen Kassel,Hannover 96,0,2
2015-08-09,2577859,GB1,2015,domestic_league,762,180,Newcastle United,Southampton FC,2,2
2015-08-09,2577862,GB1,2015,domestic_league,11,379,Arsenal FC,West Ham United,0,2
2015-08-09,2577864,GB1,2015,domestic_league,512,31,Stoke City,Liverpool FC,0,1
2015-08-09,2579884,SC1,2015,domestic_league,370,2553,Aberdeen FC,Kilmarnock FC,2,0
2015-08-09,2579887,SC1,2015,domestic_league,2760,371,Partick Thistle FC,Celtic FC,0,2
2015-08-09,2581221,DK1,2015,domestic_league,3426,5817,Esbjerg fB,Sönderjyske Fodbold,0,4
2015-08-09,2581222,DK1,2015,domestic_league,190,2778,FC Copenhagen,FC Nordsjaelland,1,1
2015-08-09,2581223,DK1,2015,domestic_league,5724,206,Randers FC,Bröndby IF,3,3
2015-08-09,2586767,FR1,2015,domestic_league,415,618,FC Toulouse,AS Saint-Étienne,2,1
2015-08-09,2586770,FR1,2015,domestic_league,40,1421,FC Girondins Bordeaux,Stade Reims,1,2
2015-08-09,2586774,FR1,2015,domestic_league,1041,1158,Olympique Lyon,FC Lorient,0,0
2015-08-09,2587043,BE1,2015,domestic_league,58,157,RSC Anderlecht,KAA Gent,1,1
2015-08-09,2587044,BE1,2015,domestic_league,172,2282,Royal Charleroi Sporting Club,Club Brugge KV,0,0
2015-08-09,2587045,BE1,2015,domestic_league,3057,28643,Standard Liège,SK Beveren,1,0
2015-08-09,2587063,POSU,2015,other,294,336,SL Benfica,Sporting CP,0,1
2015-08-09,2588896,NL1,2015,domestic_league,1090,610,AZ Alkmaar,Ajax Amsterdam,0,3
2015-08-09,2588899,NL1,2015,domestic_league,403,499,Willem II Tilburg,Vitesse Arnhem,1,1
2015-08-09,2596704,UKR1,2015,domestic_league,10690,23611,Zorya Lugansk,Olimpik Donetsk,4,0
2015-08-09,2596707,UKR1,2015,domestic_league,339,338,Dnipro Dnipropetrovsk (-2020),Dynamo Kyiv,1,2
2015-08-09,2596709,UKR1,2015,domestic_league,2740,660,Vorskla Poltava,FC Shakhtar Donetsk,2,2
2015-08-09,2599301,CIT,2015,domestic_cup,4331,1047,Trapani Calcio,Como 1907,1,0
2015-08-09,2599302,CIT,2015,domestic_cup,1390,20519,Cagliari Calcio,Virtus Entella,5,0
2015-08-09,2607118,CIT,2015,domestic_cup,6692,4153,Novara Calcio 1908,L'Aquila 1927,5,0
2015-08-09,2607119,CIT,2015,domestic_cup,1415,4084,Città di Teramo 1913,AS Cittadella,0,2
2015-08-09,2607120,CIT,2015,domestic_cup,2921,4554,Delfino Pescara 1936,FC Südtirol,2,0
2015-08-09,2607122,CIT,2015,domestic_cup,1429,1005,Cesena FC,US Lecce,4,0
2015-08-09,2607123,CIT,2015,domestic_cup,1385,36745,Modena FC,AC Tuttocuoio,3,0
2015-08-09,2607124,CIT,2015,domestic_cup,332,704,FC Bari 1908,Foggia Calcio,1,2
2015-08-09,2607125,CIT,2015,domestic_cup,22045,5174,US Latina Calcio,FC Pavia 1911,1,4
2015-08-09,2607126,CIT,2015,domestic_cup,380,4172,US Salernitana 1919,Pisa Sporting Club,1,0
2015-08-09,2607128,CIT,2015,domestic_cup,2331,4106,AS Avellino 1912,Casertana FC,3,0
2015-08-09,2607129,CIT,2015,domestic_cup,4718,5587,SS Virtus Lanciano,SS Juve Stabia,0,2
2015-08-09,2607130,CIT,2015,domestic_cup,26789,2721,FC Pro Vercelli 1892,US Alessandria Calcio 1912,1,2
2015-08-09,2607131,CIT,2015,domestic_cup,839,5621,AC Perugia Calcio,AC Reggiana 1919,3,1
2015-08-09,2607132,CIT,2015,domestic_cup,4083,9439,FC Crotone,Feralpisalò,1,0
2015-08-09,2607133,CIT,2015,domestic_cup,1103,9690,Ternana Calcio,Bassano Virtus 55 ST,2,0
2015-08-09,2607134,CIT,2015,domestic_cup,2655,4031,LR Vicenza,Cosenza Calcio,5,3
2015-08-09,2608164,RU1,2015,domestic_league,2410,4128,PFK CSKA Moskva,Amkar Perm,2,0
2015-08-09,2608165,RU1,2015,domestic_league,28095,964,FK Ufa,AO FK Zenit Sankt-Peterburg,0,1
2015-08-09,2608166,RU1,2015,domestic_league,2696,232,PFK Krylya Sovetov Samara,FK Spartak Moskva,0,2
2015-08-10,2576659,DFB,2015,domestic_cup,10,44,Arminia Bielefeld,Hertha BSC,0,2
2015-08-10,2576664,DFB,2015,domestic_cup,81,23826,VfL Osnabrück,RB Leipzig,0,2
2015-08-10,2576683,DFB,2015,domestic_cup,35,18,FC St. Pauli,Borussia Mönchengladbach,1,4
2015-08-10,2576688,DFB,2015,domestic_cup,83,4,VfR Aalen,1.FC Nuremberg,1,2
2015-08-10,2577866,GB1,2015,domestic_league,984,281,West Bromwich Albion,Manchester City,0,3
2015-08-10,2581224,DK1,2015,domestic_league,1053,865,Aalborg BK,FC Midtjylland,0,2
2015-08-10,2607121,CIT,2015,domestic_cup,1627,2722,Catania FC,SPAL,3,0
2015-08-10,2608167,RU1,2015,domestic_league,2698,1083,FC Rubin Kazan,FK Rostov,0,3
2015-08-10,2608168,RU1,2015,domestic_league,16704,2439,FK Krasnodar,Kuban Krasnodar (-2018),1,1
2015-08-11,2579891,SC1,2015,domestic_league,1519,511,Dundee United FC,Dundee FC,2,2
2015-08-11,2579895,SC1,2015,domestic_league,2578,2759,St. Johnstone FC,Ross County FC,1,1
2015-08-11,2587762,DKP,2015,domestic_cup,20971,20100,BK Frem Saksköbing,FC Vestsjaelland,0,4
2015-08-11,2587773,DKP,2015,domestic_cup,3732,5866,Hellerup IK,Brönshöj Boldklub,0,3
2015-08-11,2587783,DKP,2015,domestic_cup,5889,5776,Naesby Boldklub,FC Fredericia,0,6
2015-08-11,2588891,NL1,2015,domestic_league,306,642,SC Heerenveen,De Graafschap Doetinchem,3,1
2015-08-11,2588894,NL1,2015,domestic_league,1268,383,ADO Den Haag,PSV Eindhoven,2,2
2015-08-11,2611042,USC,2015,international_cup,131,368,FC Barcelona,Sevilla FC,5,4
2015-08-12,2579892,SC1,2015,domestic_league,43,987,Heart of Midlothian FC,Motherwell FC,2,0
2015-08-12,2579893,SC1,2015,domestic_league,2451,2760,Inverness Caledonian Thistle FC,Partick Thistle FC,0,0
2015-08-12,2579894,SC1,2015,domestic_league,2553,371,Kilmarnock FC,Celtic FC,2,2
2015-08-12,2587777,DKP,2015,domestic_cup,49672,5091,IF Frem Bjaeverskov,Naestved Boldklub,0,4
2015-08-12,2587784,DKP,2015,domestic_cup,5791,20160,B1913 Odense,FC Svendborg,0,3
2015-08-12,2587788,DKP,2015,domestic_cup,24186,22110,Taarnby FF,FC Helsingör,1,3
2015-08-12,2587790,DKP,2015,domestic_cup,5925,23297,Avarta,HB Köge,2,5
2015-08-12,2587792,DKP,2015,domestic_cup,1909,1177,Holstebro Boldklub,Silkeborg IF,0,4
2015-08-12,2587793,DKP,2015,domestic_cup,5733,1842,Nyköbing FC,FC Roskilde,1,2
2015-08-12,2587794,DKP,2015,domestic_cup,362,369,Akademisk Boldklub,Lyngby Boldklub,0,3
2015-08-12,2588892,NL1,2015,domestic_league,1269,133,PEC Zwolle,SC Cambuur Leeuwarden,2,2
2015-08-12,2588897,NL1,2015,domestic_league,467,798,NEC Nijmegen,Excelsior Rotterdam,1,0
2015-08-12,2588898,NL1,2015,domestic_league,202,317,FC Groningen,FC Twente Enschede,1,1
2015-08-14,2577885,GB1,2015,domestic_league,405,985,Aston Villa,Manchester United,0,1
2015-08-14,2581147,L1,2015,domestic_league,27,41,Bayern Munich,Hamburger SV,5,0
2015-08-14,2581225,DK1,2015,domestic_league,865,190,FC Midtjylland,FC Copenhagen,0,0
2015-08-14,2586588,PO1,2015,domestic_league,7179,336,CD Tondela,Sporting CP,1,2
2015-08-14,2586781,FR1,2015,domestic_league,162,1082,AS Monaco,LOSC Lille,0,0
2015-08-14,2587046,BE1,2015,domestic_league,2282,601,Club Brugge KV,KV Kortrijk,2,1
2015-08-14,2588900,NL1,2015,domestic_league,499,192,Vitesse Arnhem,Roda JC Kerkrade,3,0
2015-08-14,2589245,TR1,2015,domestic_league,36,825,Fenerbahce,Eskisehirspor,2,0
2015-08-14,2597427,UKR1,2015,domestic_league,660,339,FC Shakhtar Donetsk,Dnipro Dnipropetrovsk (-2020),0,2
2015-08-14,2608169,RU1,2015,domestic_league,4128,2700,Amkar Perm,Anzhi Makhachkala ( -2022),1,1
2015-08-14,2608171,RU1,2015,domestic_league,232,2410,FK Spartak Moskva,PFK CSKA Moskva,1,2
2015-08-14,2611213,CIT,2015,domestic_cup,1025,5174,Bologna Football Club 1909,FC Pavia 1911,0,1
2015-08-14,2611219,CIT,2015,domestic_cup,4083,1103,FC Crotone,Ternana Calcio,1,0
2015-08-14,2613602,SUC,2015,other,621,131,Athletic Bilbao,FC Barcelona,4,0
2015-08-14,3282963,RUP,2015,domestic_cup,11121,16612,Dinamo Bryansk,Lokomotiv Liski,0,1
2015-08-15,2577883,GB1,2015,domestic_league,2288,762,Swansea City,Newcastle United,2,0
2015-08-15,2577884,GB1,2015,domestic_league,180,29,Southampton FC,Everton FC,0,3
2015-08-15,2577888,GB1,2015,domestic_league,289,1123,Sunderland AFC,Norwich City,1,3
2015-08-15,2577890,GB1,2015,domestic_league,148,512,Tottenham Hotspur,Stoke City,2,2
2015-08-15,2577891,GB1,2015,domestic_league,379,1003,West Ham United,Leicester City,1,2
2015-08-15,2577892,GB1,2015,domestic_league,1010,984,Watford FC,West Bromwich Albion,0,0
2015-08-15,2579896,SC1,2015,domestic_league,371,2451,Celtic FC,Inverness Caledonian Thistle FC,4,2
2015-08-15,2579897,SC1,2015,domestic_league,511,2578,Dundee FC,St. Johnstone FC,2,1
2015-08-15,2579898,SC1,2015,domestic_league,2999,1519,Hamilton Academical FC,Dundee United FC,4,0
2015-08-15,2579899,SC1,2015,domestic_league,987,370,Motherwell FC,Aberdeen FC,1,2
2015-08-15,2579900,SC1,2015,domestic_league,2760,2553,Partick Thistle FC,Kilmarnock FC,2,2
2015-08-15,2579901,SC1,2015,domestic_league,2759,43,Ross County FC,Heart of Midlothian FC,1,2
2015-08-15,2581148,L1,2015,domestic_league,16,18,Borussia Dortmund,Borussia Mönchengladbach,4,0
2015-08-15,2581149,L1,2015,domestic_league,86,33,SV Werder Bremen,FC Schalke 04,0,3
2015-08-15,2581150,L1,2015,domestic_league,15,533,Bayer 04 Leverkusen,TSG 1899 Hoffenheim,2,1
2015-08-15,2581153,L1,2015,domestic_league,105,42,SV Darmstadt 98,Hannover 96,2,2
2015-08-15,2581154,L1,2015,domestic_league,39,4795,1.FSV Mainz 05,FC Ingolstadt 04,0,1
2015-08-15,2581155,L1,2015,domestic_league,167,44,FC Augsburg,Hertha BSC,0,1
2015-08-15,2581226,DK1,2015,domestic_league,678,1053,Aarhus GF,Aalborg BK,2,3
2015-08-15,2586581,PO1,2015,domestic_league,68608,2425,CF Os Belenenses,Rio Ave FC,3,3
2015-08-15,2586586,PO1,2015,domestic_league,720,2420,FC Porto,Vitória Guimarães SC,3,0
2015-08-15,2586776,FR1,2015,domestic_league,1420,995,Angers SCO,FC Nantes,0,0
2015-08-15,2586779,FR1,2015,domestic_league,618,40,AS Saint-Étienne,FC Girondins Bordeaux,1,1
2015-08-15,2586780,FR1,2015,domestic_league,855,1041,EA Guingamp,Olympique Lyon,0,1
2015-08-15,2586782,FR1,2015,domestic_league,1162,415,SM Caen,FC Toulouse,1,0
2015-08-15,2586783,FR1,2015,domestic_league,1095,417,ESTAC Troyes,OGC Nice,3,3
2015-08-15,2586784,FR1,2015,domestic_league,273,969,Stade Rennais FC,Montpellier HSC,1,0
2015-08-15,2587047,BE1,2015,domestic_league,29228,3057,Royal Excel Mouscron (-2022),Standard Liège,1,1
2015-08-15,2587048,BE1,2015,domestic_league,498,354,KSC Lokeren (- 2020),KV Mechelen,2,0
2015-08-15,2587049,BE1,2015,domestic_league,28643,3508,SK Beveren,Zulte Waregem,2,1
2015-08-15,2587050,BE1,2015,domestic_league,1184,968,KRC Genk,KVC Westerlo,2,1
2015-08-15,2588901,NL1,2015,domestic_league,642,1269,De Graafschap Doetinchem,PEC Zwolle,0,3
2015-08-15,2588902,NL1,2015,domestic_league,610,403,Ajax Amsterdam,Willem II Tilburg,3,0
2015-08-15,2588903,NL1,2015,domestic_league,317,1268,FC Twente Enschede,ADO Den Haag,1,4
2015-08-15,2588904,NL1,2015,domestic_league,798,1090,Excelsior Rotterdam,AZ Alkmaar,2,2
2015-08-15,2589246,TR1,2015,domestic_league,6890,589,Basaksehir FK,Antalyaspor,2,3
2015-08-15,2589249,TR1,2015,domestic_league,449,20,Trabzonspor,Bursaspor,1,0
2015-08-15,2589253,TR1,2015,domestic_league,2381,141,Sivasspor,Galatasaray,2,2
2015-08-15,2597425,UKR1,2015,domestic_league,23611,18303,Olimpik Donetsk,FC Oleksandriya,1,0
2015-08-15,2597426,UKR1,2015,domestic_league,6994,2740,Metalurg Zaporizhya (-2016),Vorskla Poltava,1,1
2015-08-15,2597428,UKR1,2015,domestic_league,338,2477,Dynamo Kyiv,Karpaty Lviv (-2021),3,0
2015-08-15,2608170,RU1,2015,domestic_league,964,16704,AO FK Zenit Sankt-Peterburg,FK Krasnodar,0,2
2015-08-15,2608172,RU1,2015,domestic_league,2439,2698,Kuban Krasnodar (-2018),FC Rubin Kazan,0,1
2015-08-15,2611207,CIT,2015,domestic_cup,800,4084,Atalanta BC,AS Cittadella,3,0
2015-08-15,2611210,CIT,2015,domestic_cup,6574,1385,US Sassuolo,Modena FC,2,0
2015-08-15,2611211,CIT,2015,domestic_cup,4331,1390,Trapani Calcio,Cagliari Calcio,3,5
2015-08-15,2611212,CIT,2015,domestic_cup,276,704,Hellas Verona,Foggia Calcio,3,1
2015-08-15,2611215,CIT,2015,domestic_cup,8970,3522,Frosinone Calcio,Spezia Calcio,5,6
2015-08-15,2611216,CIT,2015,domestic_cup,458,2331,Palermo FC,AS Avellino 1912,2,1
2015-08-15,2611217,CIT,2015,domestic_cup,2721,5587,US Alessandria Calcio 1912,SS Juve Stabia,1,0
2015-08-15,2611220,CIT,2015,domestic_cup,749,2655,FC Empoli,LR Vicenza,0,1
2015-08-15,3282962,RUP,2015,domestic_cup,6419,44753,Pskov-747 (-2020),FK Domodedovo (-2017),2,1
2015-08-16,2577887,GB1,2015,domestic_league,281,631,Manchester City,Chelsea FC,3,0
2015-08-16,2577889,GB1,2015,domestic_league,873,11,Crystal Palace,Arsenal FC,1,2
2015-08-16,2581151,L1,2015,domestic_league,82,24,VfL Wolfsburg,Eintracht Frankfurt,2,1
2015-08-16,2581152,L1,2015,domestic_league,79,3,VfB Stuttgart,1.FC Köln,1,3
2015-08-16,2581227,DK1,2015,domestic_league,2778,3426,FC Nordsjaelland,Esbjerg fB,1,2
2015-08-16,2581228,DK1,2015,domestic_league,1063,206,Viborg FF,Bröndby IF,0,4
2015-08-16,2581229,DK1,2015,domestic_league,173,5724,Odense Boldklub,Randers FC,2,3
2015-08-16,2586580,PO1,2015,domestic_league,294,1465,SL Benfica,GD Estoril Praia,4,0
2015-08-16,2586582,PO1,2015,domestic_league,1075,982,SC Braga,CD Nacional,2,1
2015-08-16,2586584,PO1,2015,domestic_league,979,8024,Moreirense FC,FC Arouca,0,2
2015-08-16,2586585,PO1,2015,domestic_league,1085,2503,Vitória Setúbal FC,Boavista FC,2,2
2015-08-16,2586587,PO1,2015,domestic_league,976,1301,CF União Madeira (-2021),CS Marítimo,2,1
2015-08-16,2586775,FR1,2015,domestic_league,1421,244,Stade Reims,Olympique Marseille,1,0
2015-08-16,2586777,FR1,2015,domestic_league,1158,595,FC Lorient,SC Bastia,1,1
2015-08-16,2586778,FR1,2015,domestic_league,583,3558,Paris Saint-Germain,GFC Ajaccio,2,0
2015-08-16,2587051,BE1,2015,domestic_league,2861,58,KV Oostende,RSC Anderlecht,3,1
2015-08-16,2587052,BE1,2015,domestic_league,157,475,KAA Gent,Sint-Truidense VV,1,0
2015-08-16,2587053,BE1,2015,domestic_league,2727,172,Oud-Heverlee Leuven,Royal Charleroi Sporting Club,2,0
2015-08-16,2588905,NL1,2015,domestic_league,383,202,PSV Eindhoven,FC Groningen,2,0
2015-08-16,2588906,NL1,2015,domestic_league,133,234,SC Cambuur Leeuwarden,Feyenoord Rotterdam,0,2
2015-08-16,2588907,NL1,2015,domestic_league,200,306,FC Utrecht,SC Heerenveen,1,1
2015-08-16,2588908,NL1,2015,domestic_league,1304,467,Heracles Almelo,NEC Nijmegen,3,0
2015-08-16,2589247,TR1,2015,domestic_league,524,10484,Gaziantepspor (- 2020),Kasimpasa,0,3
2015-08-16,2589250,TR1,2015,domestic_league,3216,114,Mersin Talimyurdu SK,Beşiktaş Jimnastik Kulübü,2,5
2015-08-16,2589251,TR1,2015,domestic_league,2293,19771,Konyaspor,Akhisarspor,1,1
2015-08-16,2589252,TR1,2015,domestic_league,2944,3205,Ankaraspor,Kayserispor,1,1
2015-08-16,2597429,UKR1,2015,domestic_league,6414,6996,Metalist Kharkiv (- 2016),Goverla Uzhgorod (- 2016),2,2
2015-08-16,2597430,UKR1,2015,domestic_league,6992,10690,Chornomorets Odesa,Zorya Lugansk,0,2
2015-08-16,2597431,UKR1,2015,domestic_league,16247,4482,PFK Stal Kamyanske (-2018),Volyn Lutsk,1,2
2015-08-16,2608173,RU1,2015,domestic_league,932,3725,"Футбольный клуб ""Локомотив"" Москва",RFK Akhmat Grozny,0,0
2015-08-16,2608174,RU1,2015,domestic_league,121,11127,FK Dinamo Moskva,Ural Yekaterinburg,1,0
2015-08-16,2608175,RU1,2015,domestic_league,1083,2696,FK Rostov,PFK Krylya Sovetov Samara,1,1
2015-08-16,2611206,CIT,2015,domestic_cup,410,6692,Udinese Calcio,Novara Calcio 1908,3,1
2015-08-16,2611208,CIT,2015,domestic_cup,416,2921,Torino FC,Delfino Pescara 1936,4,1
2015-08-16,2611221,CIT,2015,domestic_cup,4102,1210,AC Carpi,US Livorno 1915,2,0
2015-08-17,2577886,GB1,2015,domestic_league,31,989,Liverpool FC,AFC Bournemouth,1,0
2015-08-17,2581230,DK1,2015,domestic_league,5817,5818,Sönderjyske Fodbold,Hobro IK,3,0
2015-08-17,2586583,PO1,2015,domestic_league,2995,2990,FC Paços de Ferreira,Académica Coimbra,1,0
2015-08-17,2589248,TR1,2015,domestic_league,820,126,Gençlerbirliği Spor Kulübü,Caykur Rizespor,2,3
2015-08-17,2608176,RU1,2015,domestic_league,11126,28095,Mordovia Saransk (-2020),FK Ufa,0,1
2015-08-17,2611214,CIT,2015,domestic_cup,862,380,Chievo Verona,US Salernitana 1919,0,1
2015-08-17,2611218,CIT,2015,domestic_cup,5,839,AC Milan,AC Perugia Calcio,2,0
2015-08-17,2613603,SUC,2015,other,131,621,FC Barcelona,Athletic Bilbao,1,1
2015-08-18,2609556,CLQ,2015,international_cup,22220,2784,FC Astana,APOEL Nicosia,1,0
2015-08-18,2609560,CLQ,2015,international_cup,713,669,BATE Borisov,FK Partizan Belgrade,1,0
2015-08-18,2609561,CLQ,2015,international_cup,398,15,Società Sportiva Lazio S.p.A.,Bayer 04 Leverkusen,1,0
2015-08-18,2609562,CLQ,2015,international_cup,985,2282,Manchester United,Club Brugge KV,3,1
2015-08-18,2609563,CLQ,2015,international_cup,336,2410,Sporting CP,PFK CSKA Moskva,2,1
2015-08-19,2609557,CLQ,2015,international_cup,12469,419,KF Skënderbeu,GNK Dinamo Zagreb,1,2
2015-08-19,2609558,CLQ,2015,international_cup,371,496,Celtic FC,Malmö Fotbollförening,3,2
2015-08-19,2609559,CLQ,2015,international_cup,26,119,FC Basel 1893,Maccabi Tel Aviv,2,2
2015-08-19,2609564,CLQ,2015,international_cup,170,660,Rapid Vienna,FC Shakhtar Donetsk,0,1
2015-08-19,2609565,CLQ,2015,international_cup,1049,162,Valencia CF,AS Monaco,3,1
2015-08-20,2611209,CIT,2015,domestic_cup,1627,1429,Catania FC,Cesena FC,1,4
2015-08-20,2611231,ELQ,2015,other,1180,409,Dinamo Minsk,Fußballclub Red Bull Salzburg,2,0
2015-08-20,2613522,ELQ,2015,other,1058,16,Odds BK,Borussia Dortmund,3,4
2015-08-20,2613758,ELQ,2015,other,238,11107,Lech Poznan,Videoton FC Fehérvár,3,0
2015-08-20,2613760,ELQ,2015,other,22010,265,FK Qabala,Panathinaikos Athlitikos Omilos,0,0
2015-08-20,2613761,ELQ,2015,other,1091,206,Panthessalonikios Athlitikos Omilos Konstantinoupoliton,Bröndby IF,5,0
2015-08-20,2613764,ELQ,2015,other,3060,36,APS Atromitos Athinon,Fenerbahce,0,1
2015-08-20,2613837,ELQ,2015,other,301,195,FCSB,Rosenborg Ballklub,0,3
2015-08-20,2613838,ELQ,2015,other,13499,1090,Astra Giurgiu (- 2024),AZ Alkmaar,3,2
2015-08-20,2614564,ELQ,2015,other,941,448,FC Viktoria Plzen,FK Vojvodina Novi Sad,3,0
2015-08-20,2614734,ELQ,2015,other,452,10625,BSC Young Boys,Qarabağ FK,0,1
2015-08-20,2614736,ELQ,2015,other,197,938,AC Sparta Prague,FC Thun,3,1
2015-08-20,2614924,ELQ,2015,other,180,865,Southampton FC,FC Midtjylland,1,1
2015-08-20,2615056,ELQ,2015,other,697,447,FC Slovan Liberec,HNK Hajduk Split,1,0
2015-08-20,2615057,ELQ,2015,other,10690,255,Zorya Lugansk,Legia Warszawa,0,1
2015-08-20,2615058,ELQ,2015,other,4641,2698,Rabotnicki Skopje,FC Rubin Kazan,1,1
2015-08-20,2615059,ELQ,2015,other,1443,621,MSK Zilina,Athletic Bilbao,3,2
2015-08-20,2615060,ELQ,2015,other,3551,68608,Sportclub Rheindorf Altach,CF Os Belenenses,0,1
2015-08-20,2615061,ELQ,2015,other,40,10482,FC Girondins Bordeaux,Kairat Almaty,1,0
2015-08-20,2615062,ELQ,2015,other,610,1322,Ajax Amsterdam,FK Jablonec,1,0
2015-08-20,2615063,ELQ,2015,other,687,3057,Molde Fotballklubb,Standard Liège,2,0
2015-08-20,2615064,ELQ,2015,other,16704,1008,FK Krasnodar,HJK Helsinki,5,1
2015-08-20,2615065,ELQ,2015,other,30686,618,FC Milsami Orhei,AS Saint-Étienne,1,1
2015-08-21,2581180,L1,2015,domestic_league,44,86,Hertha BSC,SV Werder Bremen,1,1
2015-08-21,2581231,DK1,2015,domestic_league,5818,2778,Hobro IK,FC Nordsjaelland,1,3
2015-08-21,2586791,FR1,2015,domestic_league,969,583,Montpellier HSC,Paris Saint-Germain,0,1
2015-08-21,2588909,NL1,2015,domestic_league,202,798,FC Groningen,Excelsior Rotterdam,2,0
2015-08-21,2590403,TR1,2015,domestic_league,10484,6890,Kasimpasa,Basaksehir FK,1,0
2015-08-21,2594472,ES1,2015,domestic_league,1084,368,Málaga CF,Sevilla FC,0,0
2015-08-21,2596939,PO1,2015,domestic_league,2425,1075,Rio Ave FC,SC Braga,1,0
2015-08-21,2611184,UKRP,2015,domestic_cup,33179,16247,Slavutych Cherkasy,PFK Stal Kamyanske (-2018),1,3
2015-08-21,2613502,RU1,2015,domestic_league,3725,121,RFK Akhmat Grozny,FK Dinamo Moskva,1,1
2015-08-21,2617066,BE1,2015,domestic_league,475,1184,Sint-Truidense VV,KRC Genk,3,1
2015-08-22,2577895,GB1,2015,domestic_league,873,405,Crystal Palace,Aston Villa,2,1
2015-08-22,2577897,GB1,2015,domestic_league,1123,512,Norwich City,Stoke City,1,1
2015-08-22,2577898,GB1,2015,domestic_league,379,989,West Ham United,AFC Bournemouth,3,4
2015-08-22,2577899,GB1,2015,domestic_league,985,762,Manchester United,Newcastle United,0,0
2015-08-22,2577900,GB1,2015,domestic_league,289,2288,Sunderland AFC,Swansea City,1,1
2015-08-22,2577902,GB1,2015,domestic_league,1003,148,Leicester City,Tottenham Hotspur,1,1
2015-08-22,2579902,SC1,2015,domestic_league,370,511,Aberdeen FC,Dundee FC,2,0
2015-08-22,2579903,SC1,2015,domestic_league,1519,371,Dundee United FC,Celtic FC,1,3
2015-08-22,2579904,SC1,2015,domestic_league,43,2760,Heart of Midlothian FC,Partick Thistle FC,3,0
2015-08-22,2579905,SC1,2015,domestic_league,2451,2999,Inverness Caledonian Thistle FC,Hamilton Academical FC,0,2
2015-08-22,2579906,SC1,2015,domestic_league,2553,2759,Kilmarnock FC,Ross County FC,0,4
2015-08-22,2579907,SC1,2015,domestic_league,2578,987,St. Johnstone FC,Motherwell FC,2,1
2015-08-22,2581174,L1,2015,domestic_league,33,105,FC Schalke 04,SV Darmstadt 98,1,1
2015-08-22,2581176,L1,2015,domestic_league,41,79,Hamburger SV,VfB Stuttgart,3,2
2015-08-22,2581177,L1,2015,domestic_league,24,167,Eintracht Frankfurt,FC Augsburg,1,1
2015-08-22,2581178,L1,2015,domestic_league,3,82,1.FC Köln,VfL Wolfsburg,1,1
2015-08-22,2581179,L1,2015,domestic_league,42,15,Hannover 96,Bayer 04 Leverkusen,0,1
2015-08-22,2581181,L1,2015,domestic_league,533,27,TSG 1899 Hoffenheim,Bayern Munich,1,2
2015-08-22,2586785,FR1,2015,domestic_league,3558,1420,GFC Ajaccio,Angers SCO,0,2
2015-08-22,2586786,FR1,2015,domestic_league,415,162,FC Toulouse,AS Monaco,1,1
2015-08-22,2586787,FR1,2015,domestic_league,595,855,SC Bastia,EA Guingamp,3,0
2015-08-22,2586789,FR1,2015,domestic_league,995,1421,FC Nantes,Stade Reims,1,0
2015-08-22,2586790,FR1,2015,domestic_league,417,1162,OGC Nice,SM Caen,2,1
2015-08-22,2586793,FR1,2015,domestic_league,1041,273,Olympique Lyon,Stade Rennais FC,1,2
2015-08-22,2588910,NL1,2015,domestic_league,192,642,Roda JC Kerkrade,De Graafschap Doetinchem,1,0
2015-08-22,2588911,NL1,2015,domestic_league,306,383,SC Heerenveen,PSV Eindhoven,1,1
2015-08-22,2588913,NL1,2015,domestic_league,133,1304,SC Cambuur Leeuwarden,Heracles Almelo,1,6
2015-08-22,2590400,TR1,2015,domestic_league,3205,2293,Kayserispor,Konyaspor,1,1
2015-08-22,2590401,TR1,2015,domestic_league,19771,3216,Akhisarspor,Mersin Talimyurdu SK,2,0
2015-08-22,2590402,TR1,2015,domestic_league,114,449,Beşiktaş Jimnastik Kulübü,Trabzonspor,1,2
2015-08-22,2594473,ES1,2015,domestic_league,367,1049,Rayo Vallecano,Valencia CF,0,0
2015-08-22,2594475,ES1,2015,domestic_league,714,3709,RCD Espanyol Barcelona,Getafe CF,1,0
2015-08-22,2594476,ES1,2015,domestic_league,897,681,Deportivo de La Coruña,Real Sociedad,0,0
2015-08-22,2594480,ES1,2015,domestic_league,13,472,Atlético de Madrid,UD Las Palmas,1,0
2015-08-22,2596940,PO1,2015,domestic_league,336,2995,Sporting CP,FC Paços de Ferreira,1,1
2015-08-22,2596941,PO1,2015,domestic_league,1301,720,CS Marítimo,FC Porto,1,1
2015-08-22,2603977,IT1,2015,domestic_league,276,12,Hellas Verona,Associazione Sportiva Roma,1,1
2015-08-22,2603980,IT1,2015,domestic_league,398,1025,Società Sportiva Lazio S.p.A.,Bologna Football Club 1909,2,1
2015-08-22,2611183,UKRP,2015,domestic_cup,6422,6414,MFK Mykolaiv,Metalist Kharkiv (- 2016),2,1
2015-08-22,2611185,UKRP,2015,domestic_cup,16239,2740,Desna Chernigiv,Vorskla Poltava,3,5
2015-08-22,2611186,UKRP,2015,domestic_cup,49306,339,Balkany Zorya,Dnipro Dnipropetrovsk (-2020),0,1
2015-08-22,2611187,UKRP,2015,domestic_cup,41127,6992,Myr Gornostaivka,Chornomorets Odesa,0,2
2015-08-22,2611188,UKRP,2015,domestic_cup,36625,6994,FC Ternopil ( -2018),Metalurg Zaporizhya (-2016),3,1
2015-08-22,2611189,UKRP,2015,domestic_cup,9007,660,Arsenal Kyiv,FC Shakhtar Donetsk,0,3
2015-08-22,2611190,UKRP,2015,domestic_cup,21216,39097,PFK Sumy (-2019),Obolon Kyiv,0,1
2015-08-22,2611191,UKRP,2015,domestic_cup,32036,18303,Avangard Kramatorsk,FC Oleksandriya,1,3
2015-08-22,2611192,UKRP,2015,domestic_cup,30698,6993,Girnyk Kryvyi Rig,FK Mariupol,3,0
2015-08-22,2611193,UKRP,2015,domestic_cup,16242,6996,Gelios Kharkiv,Goverla Uzhgorod (- 2016),1,0
2015-08-22,2611194,UKRP,2015,domestic_cup,12302,23611,Naftovyk-Ukrnafta Okhtyrka,Olimpik Donetsk,0,2
2015-08-22,2611195,UKRP,2015,domestic_cup,29109,338,Girnyk-Sport Gorishni Plavni,Dynamo Kyiv,0,6
2015-08-22,2611197,UKRP,2015,domestic_cup,49364,4482,Ingulets Petrove,Volyn Lutsk,0,2
2015-08-22,2611230,UKRP,2015,domestic_cup,8838,2477,Zirka Kropyvnytskyi,Karpaty Lviv (-2021),6,5
2015-08-22,2611495,GR1,2015,domestic_league,28956,47,AEL Kalloni,Iraklis Thessaloniki,0,1
2015-08-22,2611496,GR1,2015,domestic_league,7185,6676,Panthrakikos Komotini,A.G.S Asteras Tripolis,0,2
2015-08-22,2611497,GR1,2015,domestic_league,2441,21957,Athlitiki Enosi Konstantinoupoleos,AO Platanias,3,0
2015-08-22,2613503,RU1,2015,domestic_league,4128,232,Amkar Perm,FK Spartak Moskva,1,3
2015-08-22,2613504,RU1,2015,domestic_league,2410,1083,PFK CSKA Moskva,FK Rostov,2,1
2015-08-22,2613505,RU1,2015,domestic_league,2700,11127,Anzhi Makhachkala ( -2022),Ural Yekaterinburg,1,1
2015-08-22,2617067,BE1,2015,domestic_league,3508,2282,Zulte Waregem,Club Brugge KV,2,0
2015-08-22,2617068,BE1,2015,domestic_league,354,2727,KV Mechelen,Oud-Heverlee Leuven,2,1
2015-08-22,2617069,BE1,2015,domestic_league,28643,29228,SK Beveren,Royal Excel Mouscron (-2022),3,3
2015-08-22,2617070,BE1,2015,domestic_league,172,968,Royal Charleroi Sporting Club,KVC Westerlo,0,0
2015-08-23,2577894,GB1,2015,domestic_league,984,631,West Bromwich Albion,Chelsea FC,2,3
2015-08-23,2577896,GB1,2015,domestic_league,29,281,Everton FC,Manchester City,0,2
2015-08-23,2577901,GB1,2015,domestic_league,1010,180,Watford FC,Southampton FC,0,0
2015-08-23,2581175,L1,2015,domestic_league,18,39,Borussia Mönchengladbach,1.FSV Mainz 05,1,2
2015-08-23,2581182,L1,2015,domestic_league,4795,16,FC Ingolstadt 04,Borussia Dortmund,0,4
2015-08-23,2581232,DK1,2015,domestic_league,3426,865,Esbjerg fB,FC Midtjylland,1,1
2015-08-23,2581233,DK1,2015,domestic_league,5724,1063,Randers FC,Viborg FF,0,1
2015-08-23,2581234,DK1,2015,domestic_league,206,5817,Bröndby IF,Sönderjyske Fodbold,1,0
2015-08-23,2581235,DK1,2015,domestic_league,190,678,FC Copenhagen,Aarhus GF,2,2
2015-08-23,2586788,FR1,2015,domestic_league,1158,618,FC Lorient,AS Saint-Étienne,0,1
2015-08-23,2586792,FR1,2015,domestic_league,244,1095,Olympique Marseille,ESTAC Troyes,6,0
2015-08-23,2586794,FR1,2015,domestic_league,1082,40,LOSC Lille,FC Girondins Bordeaux,0,0
2015-08-23,2588912,NL1,2015,domestic_league,467,610,NEC Nijmegen,Ajax Amsterdam,0,2
2015-08-23,2588914,NL1,2015,domestic_league,1269,317,PEC Zwolle,FC Twente Enschede,2,1
2015-08-23,2588915,NL1,2015,domestic_league,1090,403,AZ Alkmaar,Willem II Tilburg,0,0
2015-08-23,2588916,NL1,2015,domestic_league,1268,200,ADO Den Haag,FC Utrecht,1,1
2015-08-23,2588917,NL1,2015,domestic_league,234,499,Feyenoord Rotterdam,Vitesse Arnhem,2,0
2015-08-23,2590399,TR1,2015,domestic_league,589,820,Antalyaspor,Gençlerbirliği Spor Kulübü,3,1
2015-08-23,2590404,TR1,2015,domestic_league,126,36,Caykur Rizespor,Fenerbahce,1,1
2015-08-23,2590405,TR1,2015,domestic_league,825,2381,Eskisehirspor,Sivasspor,4,2
2015-08-23,2590406,TR1,2015,domestic_league,20,524,Bursaspor,Gaziantepspor (- 2020),0,1
2015-08-23,2594471,ES1,2015,domestic_league,621,131,Athletic Bilbao,FC Barcelona,0,1
2015-08-23,2594474,ES1,2015,domestic_league,3368,940,Levante UD,Celta de Vigo,1,2
2015-08-23,2594478,ES1,2015,domestic_league,150,1050,Real Betis Balompié,Villarreal CF,1,1
2015-08-23,2594479,ES1,2015,domestic_league,2448,418,Sporting Gijón,Real Madrid,0,0
2015-08-23,2596942,PO1,2015,domestic_league,2503,7179,Boavista FC,CD Tondela,1,0
2015-08-23,2596943,PO1,2015,domestic_league,1465,979,GD Estoril Praia,Moreirense FC,2,0
2015-08-23,2596944,PO1,2015,domestic_league,982,976,CD Nacional,CF União Madeira (-2021),1,0
2015-08-23,2596945,PO1,2015,domestic_league,2420,68608,Vitória Guimarães SC,CF Os Belenenses,1,1
2015-08-23,2596946,PO1,2015,domestic_league,8024,294,FC Arouca,SL Benfica,1,0
2015-08-23,2603974,IT1,2015,domestic_league,749,862,FC Empoli,Chievo Verona,1,3
2015-08-23,2603975,IT1,2015,domestic_league,430,5,ACF Fiorentina,AC Milan,2,0
2015-08-23,2603976,IT1,2015,domestic_league,8970,416,Frosinone Calcio,Torino FC,1,2
2015-08-23,2603978,IT1,2015,domestic_league,46,800,Inter Milan,Atalanta BC,1,0
2015-08-23,2603979,IT1,2015,domestic_league,506,410,Juventus FC,Udinese Calcio,0,1
2015-08-23,2603981,IT1,2015,domestic_league,458,252,Palermo FC,Genoa CFC,1,0
2015-08-23,2603982,IT1,2015,domestic_league,1038,4102,UC Sampdoria,AC Carpi,5,2
2015-08-23,2603983,IT1,2015,domestic_league,6574,6195,US Sassuolo,SSC Napoli,2,1
2015-08-23,2611196,UKRP,2015,domestic_cup,26726,10690,Krystal Kherson,Zorya Lugansk,0,5
2015-08-23,2611498,GR1,2015,domestic_league,3060,2672,APS Atromitos Athinon,APO Levadiakos Football Club,1,0
2015-08-23,2611499,GR1,2015,domestic_league,2079,2671,Veria NPS,PAS Giannina,1,1
2015-08-23,2611500,GR1,2015,domestic_league,1091,128,Panthessalonikios Athlitikos Omilos Konstantinoupoliton,AO Xanthi,0,0
2015-08-23,2611501,GR1,2015,domestic_league,683,169,Olympiakos Syndesmos Filathlon Peiraios,Panionios Athens,3,0
2015-08-23,2613506,RU1,2015,domestic_league,28095,932,FK Ufa,"Футбольный клуб ""Локомотив"" Москва",0,3
2015-08-23,2613507,RU1,2015,domestic_league,16704,11126,FK Krasnodar,Mordovia Saransk (-2020),0,0
2015-08-23,2617071,BE1,2015,domestic_league,58,498,RSC Anderlecht,KSC Lokeren (- 2020),1,0
2015-08-23,2617072,BE1,2015,domestic_league,3057,2861,Standard Liège,KV Oostende,1,2
2015-08-23,2617073,BE1,2015,domestic_league,601,157,KV Kortrijk,KAA Gent,0,0
2015-08-24,2577893,GB1,2015,domestic_league,11,31,Arsenal FC,Liverpool FC,0,0
2015-08-24,2581236,DK1,2015,domestic_league,1053,173,Aalborg BK,Odense Boldklub,5,1
2015-08-24,2590407,TR1,2015,domestic_league,141,2944,Galatasaray,Ankaraspor,1,2
2015-08-24,2594477,ES1,2015,domestic_league,16795,1533,Granada CF,SD Eibar,1,3
2015-08-24,2596947,PO1,2015,domestic_league,2990,1085,Académica Coimbra,Vitória Setúbal FC,0,4
2015-08-24,2611502,GR1,2015,domestic_league,6418,265,Panetolikos Agrinio,Panathinaikos Athlitikos Omilos,1,2
2015-08-24,2613508,RU1,2015,domestic_league,2696,2439,PFK Krylya Sovetov Samara,Kuban Krasnodar (-2018),3,0
2015-08-24,2613509,RU1,2015,domestic_league,2698,964,FC Rubin Kazan,AO FK Zenit Sankt-Peterburg,1,3
2015-08-25,2613766,CLQ,2015,international_cup,419,12469,GNK Dinamo Zagreb,KF Skënderbeu,4,1
2015-08-25,2613767,CLQ,2015,international_cup,496,371,Malmö Fotbollförening,Celtic FC,2,0
2015-08-25,2613768,CLQ,2015,international_cup,119,26,Maccabi Tel Aviv,FC Basel 1893,1,1
2015-08-25,2613769,CLQ,2015,international_cup,660,170,FC Shakhtar Donetsk,Rapid Vienna,2,2
2015-08-25,2613770,CLQ,2015,international_cup,162,1049,AS Monaco,Valencia CF,2,1
2015-08-25,2614473,DKP,2015,domestic_cup,5874,5776,Brabrand IF,FC Fredericia,1,2
2015-08-25,2614474,DKP,2015,domestic_cup,5091,2778,Naestved Boldklub,FC Nordsjaelland,1,0
2015-08-26,2597512,NLP,2015,domestic_cup,33430,9545,VV Hoogland,Rijnsburgse Boys,0,3
2015-08-26,2597513,NLP,2015,domestic_cup,45286,19231,JSV Nieuwegein,HBS Craeyenhout,1,3
2015-08-26,2597514,NLP,2015,domestic_cup,6601,20945,SV Blerick,VV Capelle,1,5
2015-08-26,2597516,NLP,2015,domestic_cup,34156,7474,USV Hercules,VV Noordwijk,5,6
2015-08-26,2597517,NLP,2015,domestic_cup,7294,19964,VV WKE Emmen,GVVV Veenendaal,3,0
2015-08-26,2597518,NLP,2015,domestic_cup,10796,7481,VV Dubbeldam,VV DOVO Veenendaal,1,4
2015-08-26,2597519,NLP,2015,domestic_cup,16866,46104,SC Genemuiden,ZVV Zaanlandia,4,0
2015-08-26,2597520,NLP,2015,domestic_cup,6130,43306,VV Ter Leede,LONGA '30,7,3
2015-08-26,2597521,NLP,2015,domestic_cup,3943,8994,HSV Hoek,EVV Echt,0,1
2015-08-26,2597522,NLP,2015,domestic_cup,8565,3410,HSC '21 Haaksbergen,Excelsior Maassluis,2,1
2015-08-26,2597523,NLP,2015,domestic_cup,18586,6614,Blauw Geel '38 / Jumbo Veghel,SVV Scheveningen,0,1
2015-08-26,2597524,NLP,2015,domestic_cup,20780,23533,ONS Sneek,VC Vlissingen,3,2
2015-08-26,2597525,NLP,2015,domestic_cup,2945,10804,OJC Rosmalen,Sparta Nijkerk,6,5
2015-08-26,2597527,NLP,2015,domestic_cup,12652,18843,SV TEC Tiel,VV Berkum,0,1
2015-08-26,2597528,NLP,2015,domestic_cup,7408,6160,Harkemase Boys,De Treffers,1,3
2015-08-26,2597529,NLP,2015,domestic_cup,7116,28378,VV IJsselmeervogels,Koninklijke HFC Haarlem,0,1
2015-08-26,2597530,NLP,2015,domestic_cup,12451,2958,RKSV Groene Ster,ACV Assen,0,2
2015-08-26,2597532,NLP,2015,domestic_cup,9663,49878,Excelsior '31 Rijssen,VV SCM Maastricht,10,2
2015-08-26,2613771,CLQ,2015,international_cup,2784,22220,APOEL Nicosia,FC Astana,1,1
2015-08-26,2613772,CLQ,2015,international_cup,669,713,FK Partizan Belgrade,BATE Borisov,2,1
2015-08-26,2613773,CLQ,2015,international_cup,15,398,Bayer 04 Leverkusen,Società Sportiva Lazio S.p.A.,3,0
2015-08-26,2613774,CLQ,2015,international_cup,2282,985,Club Brugge KV,Manchester United,0,4
2015-08-26,2613775,CLQ,2015,international_cup,2410,336,PFK CSKA Moskva,Sporting CP,3,1
2015-08-26,2616660,RUP,2015,domestic_cup,16613,4057,Sakhalin Yuzhno-Sakhalinsk,Luch Vladivostok,1,0
2015-08-26,2616661,RUP,2015,domestic_cup,12043,3714,Dinamo Barnaul,Enisey Krasnoyarsk,1,3
