date,game_id,competition_id,season,competition_type,home_club_id,away_club_id,home_club_name,away_club_name,home_goals,away_goals
2025-07-23,4626816,ECLQ,2025,other,46710,447,Zira FC,HNK Hajduk Split,1,1
2025-07-23,4656642,COL1,2025,,11648,20590,Independiente Santa Fe,Rionegro Águilas,0,0
2025-07-23,4656643,COL1,2025,,9811,8172,Deportivo Pereira,Atlético Nacional,2,1
2025-07-23,4656644,COL1,2025,,38628,14649,Llaneros FC,Boyacá Chicó FC,2,1
2025-07-23,4670216,ECLQ,2025,other,5771,41133,Levadia Tallinn,FC Saburtalo,1,0
2025-07-23,4670220,ECLQ,2025,other,4391,30686,Buducnost Podgorica,FC Milsami Orhei,0,0
2025-07-23,4670222,ECLQ,2025,other,10734,11914,The New Saints,FC Differdange 03,0,1
2025-07-23,4670224,ECLQ,2025,other,4772,41916,NK Olimpija Ljubljana,Inter Club d'Escaldes,4,2
2025-07-24,4582223,BRA1,2024,domestic_league,221,6600,Santos Futebol Clube,Sport Club Internacional,1,2
2025-07-24,4582224,BRA1,2024,domestic_league,8793,614,Red Bull Bragantino,Clube de Regatas do Flamengo,1,2
2025-07-24,4582227,BRA1,2024,domestic_league,2125,8718,Esporte Clube Vitória,Sport Club do Recife,2,2
2025-07-24,4582229,BRA1,2024,domestic_league,10492,585,Esporte Clube Juventude,São Paulo Futebol Clube,0,1
2025-07-24,4625756,ELQ,2025,other,2790,7769,FC Lugano,CFR Cluj,0,0
2025-07-24,4625758,ELQ,2025,other,710,2156,NK Celje,AEK Larnaca,1,1
2025-07-24,4625760,ELQ,2025,other,156,1075,Levski Sofia,SC Braga,0,0
2025-07-24,4625762,ELQ,2025,other,377,255,FC Baník Ostrava a.s.,Legia Warszawa,2,2
2025-07-24,4625764,ELQ,2025,other,58,1109,RSC Anderlecht,BK Häcken,1,0
2025-07-24,4625766,ELQ,2025,other,2481,200,FC Sheriff Tiraspol,FC Utrecht,1,3
2025-07-24,4625768,ELQ,2025,other,865,903,FC Midtjylland,Hibernian FC,1,1
2025-07-24,4625770,ELQ,2025,other,114,660,Beşiktaş Jimnastik Kulübü,FC Shakhtar Donetsk,2,4
2025-07-24,4625976,ECLQ,2025,other,1189,22783,St. Patrick's Athletic,Kalju FC,1,0
2025-07-24,4625978,ECLQ,2025,other,3461,1918,Larne FC,FC Prishtina,0,0
2025-07-24,4625980,ECLQ,2025,other,8671,5849,KF Vllaznia,Víkingur Reykjavík,2,1
2025-07-24,4625982,ECLQ,2025,other,40090,1033,FK Kauno Zalgiris,Valur Reykjavík,1,1
2025-07-24,4626782,ECLQ,2025,other,1519,21835,Dundee United FC,FC UNA Strassen,1,0
2025-07-24,4626785,ECLQ,2025,other,163,21515,FC Vaduz,Dungannon Swifts FC,0,1
2025-07-24,4626787,ECLQ,2025,other,195,23559,Rosenborg Ballklub,FK Banga Gargzdai,5,0
2025-07-24,4626788,ECLQ,2025,other,64780,588,Atlètic Club d'Escaldes,FC Dinamo City,1,2
2025-07-24,4626789,ECLQ,2025,other,14,72702,Austria Vienna,FC Spaeri Tbilisi,2,0
2025-07-24,4626791,ECLQ,2025,other,239,433,Viking Fotballklubb,FC Koper,7,0
2025-07-24,4626792,ECLQ,2025,other,2441,2976,Athlitiki Enosi Konstantinoupoleos,Hapoel Beer Sheva,1,0
2025-07-24,4626793,ECLQ,2025,other,10301,6055,FC Pyunik Yerevan,ETO FC,2,1
2025-07-24,4626794,ECLQ,2025,other,48325,32017,Riga FC,FC Dila Gori,2,1
2025-07-24,4626795,ECLQ,2025,other,9644,1443,Raków Częstochowa,MSK Zilina,3,0
2025-07-24,4626797,ECLQ,2025,other,53453,6429,FC Ararat-Armenia,FC Universitatea Cluj,0,0
2025-07-24,4626798,ECLQ,2025,other,599,2423,NK Varazdin,CD Santa Clara,2,1
2025-07-24,4626800,ECLQ,2025,other,12163,790,Paksi FC,NK Maribor,1,0
2025-07-24,4626801,ECLQ,2025,other,46643,63993,FC Petrocub Hincesti,Sabah FK,0,2
2025-07-24,4626802,ECLQ,2025,other,1059,172,Hammarby IF,Royal Charleroi Sporting Club,0,0
2025-07-24,4626803,ECLQ,2025,other,4645,6170,FK Radnicki 1923 Kragujevac,KÍ Klaksvík,0,0
2025-07-24,4626804,ECLQ,2025,other,4633,2300,FK Novi Pazar,Jagiellonia Bialystok,1,2
2025-07-24,4626805,ECLQ,2025,other,53646,10854,FK Polissya Zhytomyr,FC Santa Coloma,1,2
2025-07-24,4626806,ECLQ,2025,other,77,527,Vardar Skopje,Football Club Lausanne-Sport,2,1
2025-07-24,4626807,ECLQ,2025,other,4313,206,HB Tórshavn,Bröndby IF,1,1
2025-07-24,4626808,ECLQ,2025,other,18303,669,FC Oleksandriya,FK Partizan Belgrade,0,2
2025-07-24,4626809,ECLQ,2025,other,10604,365,Hibernians FC,Spartak Trnava,1,2
2025-07-24,4626812,ECLQ,2025,other,282,40812,FK Sarajevo,Universitatea Craiova,2,1
2025-07-24,4626813,ECLQ,2025,other,10586,37169,Aris Limassol,Puskás Akadémia FC,3,2
2025-07-24,4626814,ECLQ,2025,other,38208,3258,St Joseph's FC,Shamrock Rovers,0,4
2025-07-24,4626815,ECLQ,2025,other,3189,1090,Ilves Tampere,AZ Alkmaar,4,3
2025-07-24,4626817,ECLQ,2025,other,40604,1008,Arda Kardzhali,HJK Helsinki,0,0
2025-07-24,4626818,ECLQ,2025,other,10157,197,FK Aktobe,AC Sparta Prague,2,1
2025-07-24,4626820,ECLQ,2025,other,11065,170,FK Decic Tuzi,Rapid Vienna,0,2
2025-07-24,4626821,ECLQ,2025,other,7964,1064,Torpedo-BelAZ Zhodino,Maccabi Haifa,1,1
2025-07-24,4626822,ECLQ,2025,other,44360,605,Araz-Nakhchivan,Aris Thessalonikis,2,1
2025-07-24,4626823,ECLQ,2025,other,829,253,Omonia Nicosia,Torpedo Kutaisi,1,0
2025-07-24,4626824,ECLQ,2025,other,967,6890,Cherno More Varna,Basaksehir FK,0,1
2025-07-24,4626825,ECLQ,2025,other,3070,3793,FK Sutjeska Niksic,Beitar Jerusalem,1,2
2025-07-24,4626856,ECLQ,2025,other,23371,272,Paide Linnameeskond,Allmänna Idrottsklubben,0,2
2025-07-24,4626864,ECLQ,2025,other,22220,2714,FC Astana,FC Zimbru Chisinau,1,1
2025-07-24,4656645,COL1,2025,,11854,14680,Junior FC,Unión Magdalena,4,1
2025-07-24,4656646,COL1,2025,,17425,2350,Internacional de Bogotá,Millonarios FC,1,0
2025-07-24,4670218,ECLQ,2025,other,602,3471,FK Zalgiris Vilnius,Linfield FC,0,0
2025-07-24,4670226,ECLQ,2025,other,1180,27114,Dinamo Minsk,KF Egnatia,0,2
2025-07-24,4670230,ECLQ,2025,other,51316,14178,FC Kosice,Neman Grodno,2,3
2025-07-25,4522714,NO1,2024,domestic_league,3837,2817,Fredrikstad Fotballklubb,Strømsgodset IF,3,2
2025-07-25,4620626,PL1,2025,domestic_league,6107,7154,Morski Związkowy Klub Sportowy Arka Gdynia Spółka Akcyjna,Radomiak Radom,1,1
2025-07-25,4620630,PL1,2025,domestic_league,5689,15906,Cracovia,Termalica Bruk-Bet Nieciecza Klub Sportowy,2,0
2025-07-25,4626734,DK1,2025,domestic_league,678,5724,Aarhus GF,Randers FC,1,2
2025-07-25,4627233,C1,2025,domestic_league,260,321,FC Zürich,FC Sion,2,3
2025-07-25,4627416,BE1,2025,domestic_league,1096,3948,Royal Antwerp FC,Union Saint-Gilloise,1,1
2025-07-25,4627627,RU1,2025,domestic_league,2696,49702,PFK Krylya Sovetov Samara,FK Nizhny Novgorod,2,0
2025-07-25,4648964,RO1,2025,domestic_league,37624,9465,FC Metaloglobus Bucharest,Petrolul Ploiesti,0,3
2025-07-25,4648968,RO1,2025,domestic_league,37255,455,FK Csikszereda Miercurea Ciuc,FC Rapid 1923,0,2
2025-07-25,4656647,COL1,2025,,10093,7136,Independiente Medellín,Envigado FC,3,4
2025-07-25,4656648,COL1,2025,,9961,32041,Deportivo Cali,Fortaleza CEIF,1,1
2025-07-26,4522715,NO1,2024,domestic_league,2761,4309,FK Haugesund,Hamarkameratene,0,3
2025-07-26,4522716,NO1,2024,domestic_league,21101,23184,Kristiansund Ballklubb,KFUM-Kameratene Oslo,0,5
2025-07-26,4522718,NO1,2024,domestic_league,6399,10217,Sandefjord Fotball,Sarpsborg 08 Fotballforening,3,2
2025-07-26,4522719,NO1,2024,domestic_league,501,76,Fotballklubben Bodø/Glimt,Vålerengens Idrettsforening,7,2
2025-07-26,4525779,SE1,2024,domestic_league,1092,496,Idrottsföreningen  Brommapojkarna,Malmö Fotbollförening,2,3
2025-07-26,4525781,SE1,2024,domestic_league,7009,1011,Göteborgs Atlet- och Idrottssällskap,Halmstads BK,3,0
2025-07-26,4525784,SE1,2024,domestic_league,3641,2844,Degerfors IF,IFK Norrköping,0,0
2025-07-26,4582211,BRA1,2024,domestic_league,537,199,S. A. F. Botafogo,Sport Club Corinthians Paulista,1,1
2025-07-26,4582214,BRA1,2024,domestic_league,3876,2125,Mirasol Futebol Clube,Esporte Clube Vitória,1,1
2025-07-26,4582218,BRA1,2024,domestic_league,10870,8793,Fortaleza Esporte Clube,Red Bull Bragantino,3,1
2025-07-26,4582219,BRA1,2024,domestic_league,8718,221,Sport Club do Recife,Santos Futebol Clube,2,2
2025-07-26,4587098,MLS1,2024,domestic_league,813,45604,Columbus Crew,Orlando City Soccer Club,1,3
2025-07-26,4587099,MLS1,2024,domestic_league,626,4078,New England Revolution,Club de Foot Montréal,1,3
2025-07-26,4587100,MLS1,2024,domestic_league,8816,40058,FC Dallas,New York City Football Club,3,4
2025-07-26,4587102,MLS1,2024,domestic_league,51828,4291,Los Angeles Football Club,Portland Timbers,0,1
2025-07-26,4587103,MLS1,2024,domestic_league,114977,63966,San Diego Football Club,Nashville SC,1,0
2025-07-26,4620627,PL1,2025,domestic_league,4000,238,Lechia Gdansk,Lech Poznan,3,4
2025-07-26,4620628,PL1,2025,domestic_league,324,3527,Pogon Szczecin,Motor Lublin Spółka Akcyjna,4,1
2025-07-26,4620634,PL1,2025,domestic_league,6112,428,Piast Gliwice,Górnik Zabrze,0,1
2025-07-26,4624526,TS1,2025,domestic_league,2311,450,"SK Sigma Olomouc, a.s.",FK Dukla Prague,0,0
2025-07-26,4624529,TS1,2025,domestic_league,5545,5544,FC Zlin,1.FC Slovacko,1,1
2025-07-26,4624530,TS1,2025,domestic_league,941,1322,FC Viktoria Plzen,FK Jablonec,1,1
2025-07-26,4624531,TS1,2025,domestic_league,1897,13726,FC Hradec Kralove,MFK Karvina,1,2
2025-07-26,4624533,TS1,2025,domestic_league,715,62,"Bohemians Praha 1905, a.s.",SK Slavia Prague,0,2
2025-07-26,4626735,DK1,2025,domestic_league,190,443,FC Copenhagen,Vejle Boldklub,2,0
2025-07-26,4627234,C1,2025,domestic_league,504,434,Grasshopper Club Zurich,FC Luzern,2,3
2025-07-26,4627235,C1,2025,domestic_league,257,26,FC St. Gallen 1879,FC Basel 1893,2,1
2025-07-26,4627236,C1,2025,domestic_league,452,61,BSC Young Boys,Servette FC,3,1
2025-07-26,4627417,BE1,2025,domestic_league,9010,520,FCV Dender EH,Cercle Brugge,0,0
2025-07-26,4627418,BE1,2025,domestic_league,3508,354,Zulte Waregem,KV Mechelen,1,1
2025-07-26,4627419,BE1,2025,domestic_league,3901,3057,RAAL La Louvière,Standard Liège,0,2
2025-07-26,4627625,RU1,2025,domestic_league,232,2741,FK Spartak Moskva,FK Baltika,0,3
2025-07-26,4627626,RU1,2025,domestic_league,16704,932,FK Krasnodar,"Футбольный клуб ""Локомотив"" Москва",1,2
2025-07-26,4627629,RU1,2025,domestic_league,121,1083,FK Dinamo Moskva,FK Rostov,1,0
2025-07-26,4627632,RU1,2025,domestic_league,41231,71985,FK Sochi,Akron Togliatti,0,4
2025-07-26,4640769,SER1,2025,domestic_league,7567,6622,FK Radnicki Nis,FK Mladost Lucani,3,1
2025-07-26,4640770,SER1,2025,domestic_league,33328,3137,FK Radnik Surdulica,FK TSC Backa Topola,0,0
2025-07-26,4640772,SER1,2025,domestic_league,159,53,Red Star Belgrade,OFK Beograd,7,1
2025-07-26,4648963,RO1,2025,domestic_league,952,58049,UTA Arad,FC Hermannstadt,1,0
2025-07-26,4648965,RO1,2025,domestic_league,301,29831,FCSB,FCV Farul Constanta,1,2
2025-07-26,4684693,COL1,2025,,10503,9811,Deportes Tolima,Deportivo Pereira,1,0
2025-07-26,4684694,COL1,2025,,8172,11648,Atlético Nacional,Independiente Santa Fe,1,1
2025-07-26,4684695,COL1,2025,,14649,10090,Boyacá Chicó FC,Asociación Deportivo Pasto,2,2
2025-07-27,4522713,NO1,2024,domestic_league,1057,239,Bryne FK,Viking Fotballklubb,1,3
2025-07-27,4522717,NO1,2024,domestic_league,195,1293,Rosenborg Ballklub,Tromsø Idrettslag,4,1
2025-07-27,4525778,SE1,2024,domestic_league,272,1236,Allmänna Idrottsklubben,Östers IF,0,0
2025-07-27,4525782,SE1,2024,domestic_league,1109,1044,BK Häcken,Djurgårdens Idrottsförening,1,6
2025-07-27,4525783,SE1,2024,domestic_league,2719,7945,Mjällby Almänna Idrottsförening,IK Sirius,2,1
2025-07-27,4525785,SE1,2024,domestic_league,3622,1059,IFK Värnamo,Hammarby IF,2,3
2025-07-27,4530544,JAP1,2024,domestic_league,828,9597,Urawa Red Diamonds,Avispa Fukuoka,0,0
2025-07-27,4582212,BRA1,2024,domestic_league,1023,210,Sociedade Esportiva Palmeiras,Grêmio Foot-Ball Porto Alegrense,1,0
2025-07-27,4582213,BRA1,2024,domestic_league,585,2462,São Paulo Futebol Clube,Fluminense Football Club,3,1
2025-07-27,4582215,BRA1,2024,domestic_league,609,2029,Cruzeiro Esporte Clube,Ceará Sporting Club,1,2
2025-07-27,4582216,BRA1,2024,domestic_league,6600,978,Sport Club Internacional,Club de Regatas Vasco da Gama,1,1
2025-07-27,4582217,BRA1,2024,domestic_league,10010,10492,Esporte Clube Bahia,Esporte Clube Juventude,3,0
2025-07-27,4587104,MLS1,2024,domestic_league,69261,51772,Club Internacional de Fútbol Miami,Football Club Cincinnati,0,0
2025-07-27,4587105,MLS1,2024,domestic_league,51663,9636,Atlanta United Football Club,Seattle Sounders FC,2,2
2025-07-27,4587106,MLS1,2024,domestic_league,78435,11141,Charlotte Football Club,Toronto FC,2,0
2025-07-27,4587107,MLS1,2024,domestic_league,2440,72309,D.C. United,Austin FC,2,4
2025-07-27,4587108,MLS1,2024,domestic_league,25467,1247,Philadelphia Union,Colorado Rapids,3,1
2025-07-27,4587109,MLS1,2024,domestic_league,432,623,Chicago Fire Soccer Club,Red Bull New York,1,0
2025-07-27,4587110,MLS1,2024,domestic_league,82686,56089,St. Louis City Soccer Club,Minnesota United FC,1,2
2025-07-27,4587111,MLS1,2024,domestic_league,6643,218,Real Salt Lake,San Jose Earthquakes,2,1
2025-07-27,4587112,MLS1,2024,domestic_league,6321,4284,Vancouver Whitecaps FC,Sporting Kansas City,3,0
2025-07-27,4620629,PL1,2025,domestic_league,6110,255,Korona Kielce,Legia Warszawa,0,2
2025-07-27,4620632,PL1,2025,domestic_league,9644,2118,Raków Częstochowa,Wisla Plock,1,2
2025-07-27,4620633,PL1,2025,domestic_league,2300,88,Jagiellonia Bialystok,Widzew Lodz,3,2
2025-07-27,4624527,TS1,2025,domestic_league,697,1496,FC Slovan Liberec,FK Pardubice,2,1
2025-07-27,4624528,TS1,2025,domestic_league,197,5546,AC Sparta Prague,FK Mlada Boleslav,3,2
2025-07-27,4624532,TS1,2025,domestic_league,377,814,FC Baník Ostrava a.s.,FK Teplice,1,1
2025-07-27,4626736,DK1,2025,domestic_league,173,1063,Odense Boldklub,Viborg FF,3,1
2025-07-27,4626737,DK1,2025,domestic_league,1177,5776,Silkeborg IF,FC Fredericia,0,2
2025-07-27,4626738,DK1,2025,domestic_league,2778,206,FC Nordsjaelland,Bröndby IF,0,1
2025-07-27,4627237,C1,2025,domestic_league,527,242,Football Club Lausanne-Sport,FC Winterthur,3,2
2025-07-27,4627238,C1,2025,domestic_league,2790,938,FC Lugano,FC Thun,1,2
2025-07-27,4627420,BE1,2025,domestic_league,58,968,RSC Anderlecht,KVC Westerlo,5,2
2025-07-27,4627421,BE1,2025,domestic_league,2727,172,Oud-Heverlee Leuven,Royal Charleroi Sporting Club,2,2
2025-07-27,4627422,BE1,2025,domestic_league,2282,1184,Club Brugge KV,KRC Genk,2,1
2025-07-27,4627423,BE1,2025,domestic_league,475,157,Sint-Truidense VV,KAA Gent,3,1
2025-07-27,4627628,RU1,2025,domestic_league,2410,3725,PFK CSKA Moskva,RFK Akhmat Grozny,2,1
2025-07-27,4627630,RU1,2025,domestic_league,14589,75231,FC Orenburg,Dinamo Makhachkala,1,1
2025-07-27,4627631,RU1,2025,domestic_league,2698,964,FC Rubin Kazan,AO FK Zenit Sankt-Peterburg,2,2
2025-07-27,4640766,SER1,2025,domestic_league,4645,59358,FK Radnicki 1923 Kragujevac,FK Zeleznicar Pancevo,1,1
2025-07-27,4640767,SER1,2025,domestic_league,788,4633,FK Napredak Krusevac,FK Novi Pazar,2,2
2025-07-27,4640768,SER1,2025,domestic_league,32113,6621,FK IMT Belgrad,FK Cukaricki,1,3
2025-07-27,4640771,SER1,2025,domestic_league,15276,448,FK Spartak Subotica,FK Vojvodina Novi Sad,1,3
2025-07-27,4648966,RO1,2025,domestic_league,4959,312,SC Otelul Galati,FC Dinamo 1948,2,1
2025-07-27,4648969,RO1,2025,domestic_league,7769,41278,CFR Cluj,ACSC FC Arges,0,2
2025-07-27,4684696,COL1,2025,,6984,11854,Once Caldas,Junior FC,2,2
2025-07-27,4684697,COL1,2025,,2352,20590,CD América de Cali,Rionegro Águilas,2,1
2025-07-27,4684698,COL1,2025,,7136,17425,Envigado FC,Internacional de Bogotá,1,1
2025-07-28,4525780,SE1,2024,domestic_league,1101,801,Idrottsföreningen Elfsborg,Idrottsföreningen Kamraterna Göteborg,4,3
2025-07-28,4582210,BRA1,2024,domestic_league,614,330,Clube de Regatas do Flamengo,Clube Atlético Mineiro,1,0
2025-07-28,4620631,PL1,2025,domestic_league,6456,168,GKS GieKSa Katowice Spółka Akcyjna,Zaglebie Lubin,2,2
2025-07-28,4626739,DK1,2025,domestic_league,865,5817,FC Midtjylland,Sönderjyske Fodbold,6,2
2025-07-28,4648967,RO1,2025,domestic_league,8818,29700,FC Botosani,AFC Unirea 04 Slobozia,4,0
2025-07-28,4648970,RO1,2025,domestic_league,40812,6429,Universitatea Craiova,FC Universitatea Cluj,2,1
2025-07-28,4684699,COL1,2025,,14680,10093,Unión Magdalena,Independiente Medellín,0,2
2025-07-28,4684700,COL1,2025,,32041,22902,Fortaleza CEIF,Alianza FC,2,2
2025-07-29,4625714,CLQ,2025,international_cup,338,17149,Dynamo Kyiv,Hamrun Spartans,3,0
2025-07-29,4625716,CLQ,2025,international_cup,159,38204,Red Star Belgrade,Lincoln Red Imps FC,5,1
2025-07-29,4625719,CLQ,2025,international_cup,33741,190,FC Drita,FC Copenhagen,0,1
2025-07-29,4625722,CLQ,2025,international_cup,6808,540,HSK Zrinjski Mostar,Slovan Bratislava,2,2
2025-07-29,4625724,CLQ,2025,international_cup,10482,6251,Kairat Almaty,Kuopion Palloseura,3,0
2025-07-29,4634016,CGB,2025,,2804,3716,Barnet FC,Newport County,4,6
2025-07-29,4650492,RUP,2025,domestic_cup,121,41231,FK Dinamo Moskva,FK Sochi,3,2
2025-07-29,4650493,RUP,2025,domestic_cup,16704,2696,FK Krasnodar,PFK Krylya Sovetov Samara,1,2
2025-07-29,4650496,RUP,2025,domestic_cup,71985,2741,Akron Togliatti,FK Baltika,2,1
2025-07-29,4670217,ECLQ,2025,other,41133,5771,FC Saburtalo,Levadia Tallinn,2,2
2025-07-29,4670223,ECLQ,2025,other,11914,10734,FC Differdange 03,The New Saints,1,0
2025-07-29,4670225,ECLQ,2025,other,41916,4772,Inter Club d'Escaldes,NK Olimpija Ljubljana,1,1
2025-07-29,4676359,DKP,2025,domestic_cup,1894,23297,Hvidovre IF,HB Köge,4,3
2025-07-29,4684701,COL1,2025,,6495,9961,Atlético Bucaramanga,Deportivo Cali,2,3
2025-07-29,4684702,COL1,2025,,2350,38628,Millonarios FC,Llaneros FC,0,1
2025-07-30,4522577,NO1,2024,domestic_league,501,2817,Fotballklubben Bodø/Glimt,Strømsgodset IF,1,0
2025-07-30,4582176,BRA1,2024,domestic_league,210,10870,Grêmio Foot-Ball Porto Alegrense,Fortaleza Esporte Clube,2,1
2025-07-30,4625713,CLQ,2025,international_cup,496,33783,Malmö Fotbollförening,FC RFS,1,0
2025-07-30,4625715,CLQ,2025,international_cup,119,45457,Maccabi Tel Aviv,Pafos FC,0,1
2025-07-30,4625717,CLQ,2025,international_cup,279,60368,Ferencvárosi TC,FC Noah Yerevan,4,3
2025-07-30,4625718,CLQ,2025,international_cup,3737,238,Breidablik Kópavogur,Lech Poznan,0,1
2025-07-30,4625720,CLQ,2025,international_cup,31614,144,Ludogorets Razgrad,HNK Rijeka,3,1
2025-07-30,4625721,CLQ,2025,international_cup,301,1167,FCSB,Shkendija Tetovo,1,2
2025-07-30,4625723,CLQ,2025,international_cup,10625,3909,Qarabağ FK,Shelbourne FC,1,0
2025-07-30,4625725,CLQ,2025,international_cup,409,1100,Fußballclub Red Bull Salzburg,Sportsklubben Brann,1,1
2025-07-30,4625726,CLQ,2025,international_cup,61,941,Servette FC,FC Viktoria Plzen,1,3
2025-07-30,4625727,CLQ,2025,international_cup,265,124,Panathinaikos Athlitikos Omilos,Rangers FC,1,1
2025-07-30,4650490,RUP,2025,domestic_cup,3725,964,RFK Akhmat Grozny,AO FK Zenit Sankt-Peterburg,1,2
2025-07-30,4650494,RUP,2025,domestic_cup,75231,49702,Dinamo Makhachkala,FK Nizhny Novgorod,1,0
2025-07-30,4650495,RUP,2025,domestic_cup,1083,232,FK Rostov,FK Spartak Moskva,0,2
2025-07-30,4650497,RUP,2025,domestic_cup,2410,932,PFK CSKA Moskva,"Футбольный клуб ""Локомотив"" Москва",2,1
2025-07-31,4625757,ELQ,2025,other,7769,2790,CFR Cluj,FC Lugano,1,0
2025-07-31,4625759,ELQ,2025,other,2156,710,AEK Larnaca,NK Celje,2,1
2025-07-31,4625761,ELQ,2025,other,1075,156,SC Braga,Levski Sofia,1,0
2025-07-31,4625763,ELQ,2025,other,255,377,Legia Warszawa,FC Baník Ostrava a.s.,2,1
2025-07-31,4625765,ELQ,2025,other,1109,58,BK Häcken,RSC Anderlecht,6,3
2025-07-31,4625767,ELQ,2025,other,200,2481,FC Utrecht,FC Sheriff Tiraspol,4,1
2025-07-31,4625769,ELQ,2025,other,903,865,Hibernian FC,FC Midtjylland,1,2
2025-07-31,4625771,ELQ,2025,other,660,114,FC Shakhtar Donetsk,Beşiktaş Jimnastik Kulübü,2,0
2025-07-31,4625977,ECLQ,2025,other,1918,3461,FC Prishtina,Larne FC,5,6
2025-07-31,4625979,ECLQ,2025,other,1033,40090,Valur Reykjavík,FK Kauno Zalgiris,1,2
2025-07-31,4625981,ECLQ,2025,other,6055,10301,ETO FC,FC Pyunik Yerevan,3,1
2025-07-31,4625985,ECLQ,2025,other,63993,46643,Sabah FK,FC Petrocub Hincesti,4,1
2025-07-31,4626811,ECLQ,2025,other,272,23371,Allmänna Idrottsklubben,Paide Linnameeskond,6,0
2025-07-31,4626819,ECLQ,2025,other,2714,22220,FC Zimbru Chisinau,FC Astana,0,2
2025-07-31,4626827,ECLQ,2025,other,21835,1519,FC UNA Strassen,Dundee United FC,0,1
2025-07-31,4626828,ECLQ,2025,other,22783,1189,Kalju FC,St. Patrick's Athletic,2,2
2025-07-31,4626830,ECLQ,2025,other,21515,163,Dungannon Swifts FC,FC Vaduz,0,3
2025-07-31,4626831,ECLQ,2025,other,1839,1177,KA Akureyri,Silkeborg IF,2,3
2025-07-31,4626832,ECLQ,2025,other,23559,195,FK Banga Gargzdai,Rosenborg Ballklub,0,2
2025-07-31,4626833,ECLQ,2025,other,588,64780,FC Dinamo City,Atlètic Club d'Escaldes,1,1
2025-07-31,4626834,ECLQ,2025,other,72702,14,FC Spaeri Tbilisi,Austria Vienna,0,5
2025-07-31,4626835,ECLQ,2025,other,10603,28082,Floriana FC,FC Ballkani,1,1
2025-07-31,4626836,ECLQ,2025,other,433,239,FC Koper,Viking Fotballklubb,3,5
2025-07-31,4626837,ECLQ,2025,other,2976,2441,Hapoel Beer Sheva,Athlitiki Enosi Konstantinoupoleos,0,0
2025-07-31,4626839,ECLQ,2025,other,32017,48325,FC Dila Gori,Riga FC,3,3
2025-07-31,4626840,ECLQ,2025,other,1443,9644,MSK Zilina,Raków Częstochowa,1,3
2025-07-31,4626841,ECLQ,2025,other,5849,8671,Víkingur Reykjavík,KF Vllaznia,4,2
2025-07-31,4626842,ECLQ,2025,other,6429,53453,FC Universitatea Cluj,FC Ararat-Armenia,1,2
2025-07-31,4626843,ECLQ,2025,other,2423,599,CD Santa Clara,NK Varazdin,2,0
2025-07-31,4626845,ECLQ,2025,other,790,12163,NK Maribor,Paksi FC,1,1
2025-07-31,4626847,ECLQ,2025,other,172,1059,Royal Charleroi Sporting Club,Hammarby IF,1,2
2025-07-31,4626848,ECLQ,2025,other,6170,4645,KÍ Klaksvík,FK Radnicki 1923 Kragujevac,1,0
2025-07-31,4626849,ECLQ,2025,other,2300,4633,Jagiellonia Bialystok,FK Novi Pazar,3,1
2025-07-31,4626850,ECLQ,2025,other,10854,53646,FC Santa Coloma,FK Polissya Zhytomyr,1,4
2025-07-31,4626851,ECLQ,2025,other,527,77,Football Club Lausanne-Sport,Vardar Skopje,5,0
2025-07-31,4626852,ECLQ,2025,other,206,4313,Bröndby IF,HB Tórshavn,1,0
2025-07-31,4626853,ECLQ,2025,other,669,18303,FK Partizan Belgrade,FC Oleksandriya,4,0
2025-07-31,4626854,ECLQ,2025,other,365,10604,Spartak Trnava,Hibernians FC,5,1
2025-07-31,4626857,ECLQ,2025,other,40812,282,Universitatea Craiova,FK Sarajevo,4,0
2025-07-31,4626858,ECLQ,2025,other,37169,10586,Puskás Akadémia FC,Aris Limassol,0,2
2025-07-31,4626859,ECLQ,2025,other,3258,38208,Shamrock Rovers,St Joseph's FC,0,0
2025-07-31,4626860,ECLQ,2025,other,1090,3189,AZ Alkmaar,Ilves Tampere,5,0
2025-07-31,4626861,ECLQ,2025,other,447,46710,HNK Hajduk Split,Zira FC,2,1
2025-07-31,4626862,ECLQ,2025,other,1008,40604,HJK Helsinki,Arda Kardzhali,5,6
2025-07-31,4626863,ECLQ,2025,other,197,10157,AC Sparta Prague,FK Aktobe,4,0
2025-07-31,4626865,ECLQ,2025,other,170,11065,Rapid Vienna,FK Decic Tuzi,4,2
2025-07-31,4626866,ECLQ,2025,other,1064,7964,Maccabi Haifa,Torpedo-BelAZ Zhodino,3,0
2025-07-31,4626867,ECLQ,2025,other,605,44360,Aris Thessalonikis,Araz-Nakhchivan,2,2
2025-07-31,4626868,ECLQ,2025,other,253,829,Torpedo Kutaisi,Omonia Nicosia,0,4
2025-07-31,4626869,ECLQ,2025,other,6890,967,Basaksehir FK,Cherno More Varna,4,0
2025-07-31,4626870,ECLQ,2025,other,3793,3070,Beitar Jerusalem,FK Sutjeska Niksic,5,2
2025-07-31,4650491,RUP,2025,domestic_cup,2698,14589,FC Rubin Kazan,FC Orenburg,2,0
2025-07-31,4670219,ECLQ,2025,other,3471,602,Linfield FC,FK Zalgiris Vilnius,2,0
2025-07-31,4670221,ECLQ,2025,other,30686,4391,FC Milsami Orhei,Buducnost Podgorica,2,1
2025-07-31,4670227,ECLQ,2025,other,27114,1180,KF Egnatia,Dinamo Minsk,1,0
2025-07-31,4670228,ECLQ,2025,other,14178,51316,Neman Grodno,FC Kosice,1,1
2025-07-31,4683940,POSU,2025,other,336,294,Sporting CP,SL Benfica,0,1
2025-08-01,4620635,PL1,2025,domestic_league,2118,6112,Wisla Plock,Piast Gliwice,2,0
2025-08-01,4620639,PL1,2025,domestic_league,168,6110,Zaglebie Lubin,Korona Kielce,1,1
2025-08-01,4625259,KR1,2025,domestic_league,11194,456,NK Lokomotiva Zagreb,HNK Vukovar 1991,1,0
2025-08-01,4626740,DK1,2025,domestic_league,5776,190,FC Fredericia,FC Copenhagen,0,2
2025-08-01,4626741,DK1,2025,domestic_league,443,173,Vejle Boldklub,Odense Boldklub,4,0
2025-08-01,4627474,BE1,2025,domestic_league,354,2282,KV Mechelen,Club Brugge KV,2,1
2025-08-01,4638183,A1,2025,domestic_league,413,122,LASK,Sportklub Puntigamer Sturm Graz,0,2
2025-08-01,4646019,UKR1,2025,domestic_league,48726,81401,Rukh Lviv,SC Poltava,2,1
2025-08-01,4646025,UKR1,2025,domestic_league,48332,3592,Kolos Kovalivka,Kryvbas Kryvyi Rig,2,1
2025-08-01,4648971,RO1,2025,domestic_league,9465,952,Petrolul Ploiesti,UTA Arad,1,2
2025-08-01,4648972,RO1,2025,domestic_league,29831,37624,FCV Farul Constanta,FC Metaloglobus Bucharest,2,1
2025-08-02,4522765,NO1,2024,domestic_league,10217,1100,Sarpsborg 08 Fotballforening,Sportsklubben Brann,1,4
2025-08-02,4522775,NO1,2024,domestic_league,1293,3837,Tromsø Idrettslag,Fredrikstad Fotballklubb,0,0
2025-08-02,4525732,SE1,2024,domestic_league,1092,2844,Idrottsföreningen  Brommapojkarna,IFK Norrköping,6,4
2025-08-02,4525737,SE1,2024,domestic_league,3622,7009,IFK Värnamo,Göteborgs Atlet- och Idrottssällskap,2,2
2025-08-02,4582275,BRA1,2024,domestic_league,3876,978,Mirasol Futebol Clube,Club de Regatas Vasco da Gama,3,2
2025-08-02,4582305,BRA1,2024,domestic_league,8718,10010,Sport Club do Recife,Esporte Clube Bahia,0,0
2025-08-02,4620636,PL1,2025,domestic_league,15906,324,Termalica Bruk-Bet Nieciecza Klub Sportowy,Pogon Szczecin,1,1
2025-08-02,4620642,PL1,2025,domestic_league,238,428,Lech Poznan,Górnik Zabrze,2,1
2025-08-02,4620643,PL1,2025,domestic_league,88,6456,Widzew Lodz,GKS GieKSa Katowice Spółka Akcyjna,3,0
2025-08-02,4624535,TS1,2025,domestic_league,2311,697,"SK Sigma Olomouc, a.s.",FC Slovan Liberec,2,1
2025-08-02,4624536,TS1,2025,domestic_league,814,715,FK Teplice,"Bohemians Praha 1905, a.s.",3,0
2025-08-02,4624537,TS1,2025,domestic_league,1322,1897,FK Jablonec,FC Hradec Kralove,2,0
2025-08-02,4624539,TS1,2025,domestic_league,13726,5545,MFK Karvina,FC Zlin,0,1
2025-08-02,4625255,KR1,2025,domestic_league,327,419,NK Osijek,GNK Dinamo Zagreb,0,2
2025-08-02,4627239,C1,2025,domestic_league,61,257,Servette FC,FC St. Gallen 1879,1,4
2025-08-02,4627240,C1,2025,domestic_league,242,452,FC Winterthur,BSC Young Boys,1,1
2025-08-02,4627241,C1,2025,domestic_league,26,504,FC Basel 1893,Grasshopper Club Zurich,2,1
2025-08-02,4627475,BE1,2025,domestic_league,968,3508,KVC Westerlo,Zulte Waregem,3,1
2025-08-02,4627476,BE1,2025,domestic_league,3057,9010,Standard Liège,FCV Dender EH,1,1
2025-08-02,4638184,A1,2025,domestic_league,4441,3551,Wolfsberger AC,Sportclub Rheindorf Altach,0,2
2025-08-02,4638185,A1,2025,domestic_league,2446,4467,WSG Tirol,TSV Hartberg,4,2
2025-08-02,4638186,A1,2025,domestic_league,266,409,SV Ried,Fußballclub Red Bull Salzburg,2,2
2025-08-02,4638756,SC1,2025,domestic_league,2553,1241,Kilmarnock FC,Livingston FC,2,2
2025-08-02,4638757,SC1,2025,domestic_league,987,124,Motherwell FC,Rangers FC,1,1
2025-08-02,4640749,SER1,2025,domestic_league,53,8819,OFK Beograd,FK Javor-Matis Ivanjica,1,0
2025-08-02,4640751,SER1,2025,domestic_league,3137,15276,FK TSC Backa Topola,FK Spartak Subotica,2,0
2025-08-02,4640752,SER1,2025,domestic_league,6622,33328,FK Mladost Lucani,FK Radnik Surdulica,1,0
2025-08-02,4641213,BE1,2025,domestic_league,157,3901,KAA Gent,RAAL La Louvière,1,0
2025-08-02,4646022,UKR1,2025,domestic_league,26459,338,NK Veres Rivne,Dynamo Kyiv,0,1
2025-08-02,4646023,UKR1,2025,domestic_league,10690,63007,Zorya Lugansk,LNZ Cherkasy,0,0
2025-08-02,4648973,RO1,2025,domestic_league,312,301,FC Dinamo 1948,FCSB,4,3
2025-08-02,4648976,RO1,2025,domestic_league,41278,37255,ACSC FC Arges,FK Csikszereda Miercurea Ciuc,3,1
2025-08-02,4649204,RU1,2025,domestic_league,1083,2696,FK Rostov,PFK Krylya Sovetov Samara,1,4
2025-08-02,4649205,RU1,2025,domestic_league,16704,121,FK Krasnodar,FK Dinamo Moskva,1,0
2025-08-02,4649207,RU1,2025,domestic_league,49702,932,FK Nizhny Novgorod,"Футбольный клуб ""Локомотив"" Москва",2,3
2025-08-02,4676360,DKP,2025,domestic_cup,25516,21000,Nexö Boldklub Bornholm,Gentofte VI,0,2
2025-08-02,4692726,COL1,2025,,17425,14680,Internacional de Bogotá,Unión Magdalena,0,1
2025-08-02,4692728,COL1,2025,,9961,38628,Deportivo Cali,Llaneros FC,0,3
2025-08-02,4692729,COL1,2025,,11854,14649,Junior FC,Boyacá Chicó FC,2,0
2025-08-03,4522746,NO1,2024,domestic_league,4309,501,Hamarkameratene,Fotballklubben Bodø/Glimt,1,3
2025-08-03,4522751,NO1,2024,domestic_league,23184,195,KFUM-Kameratene Oslo,Rosenborg Ballklub,4,1
2025-08-03,4522756,NO1,2024,domestic_league,687,1057,Molde Fotballklubb,Bryne FK,2,0
2025-08-03,4522772,NO1,2024,domestic_league,2817,2761,Strømsgodset IF,FK Haugesund,2,0
2025-08-03,4522787,NO1,2024,domestic_league,76,6399,Vålerengens Idrettsforening,Sandefjord Fotball,2,1
2025-08-03,4525730,SE1,2024,domestic_league,1044,1011,Djurgårdens Idrottsförening,Halmstads BK,1,1
2025-08-03,4525734,SE1,2024,domestic_league,1109,1101,BK Häcken,Idrottsföreningen Elfsborg,1,2
2025-08-03,4525736,SE1,2024,domestic_league,7945,1236,IK Sirius,Östers IF,1,1
2025-08-03,4582261,BRA1,2024,domestic_league,2462,210,Fluminense Football Club,Grêmio Foot-Ball Porto Alegrense,1,0
2025-08-03,4582264,BRA1,2024,domestic_league,537,609,S. A. F. Botafogo,Cruzeiro Esporte Clube,0,2
2025-08-03,4582267,BRA1,2024,domestic_league,199,10870,Sport Club Corinthians Paulista,Fortaleza Esporte Clube,1,1
2025-08-03,4582281,BRA1,2024,domestic_league,330,8793,Clube Atlético Mineiro,Red Bull Bragantino,2,1
2025-08-03,4582291,BRA1,2024,domestic_league,2125,1023,Esporte Clube Vitória,Sociedade Esportiva Palmeiras,2,2
2025-08-03,4582299,BRA1,2024,domestic_league,2029,614,Ceará Sporting Club,Clube de Regatas do Flamengo,1,1
2025-08-03,4620637,PL1,2025,domestic_league,255,6107,Legia Warszawa,Morski Związkowy Klub Sportowy Arka Gdynia Spółka Akcyjna,0,0
2025-08-03,4620640,PL1,2025,domestic_league,7154,9644,Radomiak Radom,Raków Częstochowa,3,1
2025-08-03,4620641,PL1,2025,domestic_league,5689,4000,Cracovia,Lechia Gdansk,2,2
2025-08-03,4624534,TS1,2025,domestic_league,450,377,FK Dukla Prague,FC Baník Ostrava a.s.,1,1
2025-08-03,4624538,TS1,2025,domestic_league,5544,62,1.FC Slovacko,SK Slavia Prague,0,1
2025-08-03,4624540,TS1,2025,domestic_league,1496,197,FK Pardubice,AC Sparta Prague,1,3
2025-08-03,4625256,KR1,2025,domestic_league,144,2362,HNK Rijeka,Slaven Belupo Koprivnica,2,0
2025-08-03,4625258,KR1,2025,domestic_league,447,999,HNK Hajduk Split,NK Istra 1961,2,1
2025-08-03,4626742,DK1,2025,domestic_league,5724,1177,Randers FC,Silkeborg IF,1,0
2025-08-03,4626743,DK1,2025,domestic_league,5817,2778,Sönderjyske Fodbold,FC Nordsjaelland,3,2
2025-08-03,4626744,DK1,2025,domestic_league,678,865,Aarhus GF,FC Midtjylland,0,0
2025-08-03,4626745,DK1,2025,domestic_league,206,1063,Bröndby IF,Viborg FF,0,2
2025-08-03,4627242,C1,2025,domestic_league,938,527,FC Thun,Football Club Lausanne-Sport,2,1
2025-08-03,4627243,C1,2025,domestic_league,434,260,FC Luzern,FC Zürich,1,1
2025-08-03,4627244,C1,2025,domestic_league,321,2790,FC Sion,FC Lugano,4,0
2025-08-03,4627478,BE1,2025,domestic_league,1184,1096,KRC Genk,Royal Antwerp FC,1,1
2025-08-03,4627479,BE1,2025,domestic_league,520,58,Cercle Brugge,RSC Anderlecht,0,2
2025-08-03,4627480,BE1,2025,domestic_league,3948,2727,Union Saint-Gilloise,Oud-Heverlee Leuven,5,0
2025-08-03,4627481,BE1,2025,domestic_league,172,475,Royal Charleroi Sporting Club,Sint-Truidense VV,1,1
2025-08-03,4638187,A1,2025,domestic_league,170,2157,Rapid Vienna,FC Blau-Weiss Linz,1,0
2025-08-03,4638188,A1,2025,domestic_league,316,14,Grazer AK 1902,Austria Vienna,2,2
2025-08-03,4638758,SC1,2025,domestic_league,1191,1519,Falkirk FC,Dundee United FC,2,2
2025-08-03,4638759,SC1,2025,domestic_league,511,903,Dundee FC,Hibernian FC,1,2
2025-08-03,4638760,SC1,2025,domestic_league,371,465,Celtic FC,St. Mirren FC,1,0
2025-08-03,4640753,SER1,2025,domestic_league,6621,7567,FK Cukaricki,FK Radnicki Nis,1,1
2025-08-03,4640756,SER1,2025,domestic_league,669,4645,FK Partizan Belgrade,FK Radnicki 1923 Kragujevac,2,1
2025-08-03,4646020,UKR1,2025,domestic_league,85465,53646,Karpaty Lviv,FK Polissya Zhytomyr,0,2
2025-08-03,4646024,UKR1,2025,domestic_league,87883,18303,FC Kudrivka,FC Oleksandriya,3,1
2025-08-03,4646026,UKR1,2025,domestic_league,84122,660,Epicentr Kamyanets-Podilskyi,FC Shakhtar Donetsk,0,1
2025-08-03,4648977,RO1,2025,domestic_league,58049,6429,FC Hermannstadt,FC Universitatea Cluj,2,2
2025-08-03,4648978,RO1,2025,domestic_league,7769,40812,CFR Cluj,Universitatea Craiova,2,3
2025-08-03,4649203,RU1,2025,domestic_league,964,2410,AO FK Zenit Sankt-Peterburg,PFK CSKA Moskva,1,1
2025-08-03,4649208,RU1,2025,domestic_league,2741,14589,FK Baltika,FC Orenburg,3,2
2025-08-03,4649209,RU1,2025,domestic_league,75231,3725,Dinamo Makhachkala,RFK Akhmat Grozny,1,0
2025-08-03,4649210,RU1,2025,domestic_league,71985,232,Akron Togliatti,FK Spartak Moskva,1,1
2025-08-03,4692730,COL1,2025,,10503,8172,Deportes Tolima,Atlético Nacional,0,0
2025-08-03,4692731,COL1,2025,,11648,2352,Independiente Santa Fe,CD América de Cali,2,1
2025-08-03,4692732,COL1,2025,,9811,6984,Deportivo Pereira,Once Caldas,2,1
2025-08-03,4692733,COL1,2025,,22902,6495,Alianza FC,Atlético Bucaramanga,1,3
2025-08-03,4696822,NLSC,2025,other,383,1435,PSV Eindhoven,Go Ahead Eagles,2,1
2025-08-04,4525733,SE1,2024,domestic_league,801,3641,Idrottsföreningen Kamraterna Göteborg,Degerfors IF,3,0
2025-08-04,4582285,BRA1,2024,domestic_league,6600,585,Sport Club Internacional,São Paulo Futebol Clube,1,2
2025-08-04,4625257,KR1,2025,domestic_league,599,24575,NK Varazdin,HNK Gorica,1,1
2025-08-04,4638761,SC1,2025,domestic_league,43,370,Heart of Midlothian FC,Aberdeen FC,2,0
2025-08-04,4640754,SER1,2025,domestic_league,4633,32113,FK Novi Pazar,FK IMT Belgrad,1,2
2025-08-04,4640755,SER1,2025,domestic_league,59358,788,FK Zeleznicar Pancevo,FK Napredak Krusevac,0,0
2025-08-04,4646021,UKR1,2025,domestic_league,55686,39097,TOV FK Metalist 1925 Kharkiv,Obolon Kyiv,0,0
2025-08-04,4648974,RO1,2025,domestic_league,29700,4959,AFC Unirea 04 Slobozia,SC Otelul Galati,0,0
2025-08-04,4648975,RO1,2025,domestic_league,455,8818,FC Rapid 1923,FC Botosani,2,1
2025-08-04,4649206,RU1,2025,domestic_league,2698,41231,FC Rubin Kazan,FK Sochi,2,1
2025-08-04,4692734,COL1,2025,,10093,2350,Independiente Medellín,Millonarios FC,1,0
2025-08-04,4692735,COL1,2025,,20590,32041,Rionegro Águilas,Fortaleza CEIF,2,2
2025-08-05,4582270,BRA1,2024,domestic_league,221,10492,Santos Futebol Clube,Esporte Clube Juventude,3,1
2025-08-05,4634015,CGB,2025,,3688,1078,Accrington Stanley,Oldham Athletic,3,1
2025-08-05,4637908,RUP,2025,domestic_cup,101577,54797,Amkal Moscow,Kvant Obninsk,3,1
2025-08-05,4637909,RUP,2025,domestic_cup,124553,132096,Shumbrat Saransk,Kristall-MEZT Borisoglebsk,1,3
2025-08-05,4637911,RUP,2025,domestic_cup,132097,45913,Real World Challenge St. Petersburg,Trevis &amp; VVK St. Petersburg,0,3
2025-08-05,4676362,DKP,2025,domestic_cup,5874,5781,Brabrand IF,Skive IK,0,3
2025-08-05,4676363,DKP,2025,domestic_cup,12386,5734,Grenaa IF,Young Boys FD,0,3
2025-08-05,4676364,DKP,2025,domestic_cup,89408,5091,Görslev IF,Naestved Boldklub,2,1
2025-08-05,4676365,DKP,2025,domestic_cup,75807,5716,Ishöj IF,BK Fremad Amager,2,1
2025-08-05,4676366,DKP,2025,domestic_cup,25119,75635,Bramming Boldklub,Svendborg fB - Oure FA,3,2
2025-08-05,4676367,DKP,2025,domestic_cup,75628,25495,BK Odense Chang,Kolding Boldklub,0,3
2025-08-05,4676368,DKP,2025,domestic_cup,24192,5733,Ringsted IF,Nyköbing FC,7,6
2025-08-05,4676369,DKP,2025,domestic_cup,28854,5792,Listrup UIF,Boldklubben Skjold,0,7
2025-08-05,4676370,DKP,2025,domestic_cup,20971,21784,BK Frem Saksköbing,Sundby Boldklub,1,6
2025-08-05,4676371,DKP,2025,domestic_cup,22110,369,FC Helsingör,Lyngby Boldklub,0,1
2025-08-05,4676372,DKP,2025,domestic_cup,67609,362,FC Rudersdal,Akademisk Boldklub,1,3
2025-08-05,4676373,DKP,2025,domestic_cup,22929,12275,Odense KFUM,Kolding IF,0,4
2025-08-05,4676374,DKP,2025,domestic_cup,20975,5767,Odense KS,Middelfart Boldklub,2,3
2025-08-05,4676375,DKP,2025,domestic_cup,20997,3732,Fredensborg BI,Hellerup IK,1,3
2025-08-05,4676376,DKP,2025,domestic_cup,84314,100585,FC ESPM,Tune IF,1,2
2025-08-05,4676377,DKP,2025,domestic_cup,26507,1842,Kastrup BK,FC Roskilde,0,2
2025-08-05,4676378,DKP,2025,domestic_cup,78005,5925,Raklev GI,Avarta,2,0
2025-08-05,4676381,DKP,2025,domestic_cup,82626,24201,Farsö Ullits IK,Nörresundby FB,4,3
2025-08-05,4676388,DKP,2025,domestic_cup,26937,13208,FC Skanderborg,Kjellerup IF,4,0
2025-08-05,4676620,DKP,2025,domestic_cup,132893,947,Aalholm IF,Boldklubben af 1893,0,10
2025-08-05,4676621,DKP,2025,domestic_cup,132892,9023,Sködstrup SF,Thisted FC,0,2
2025-08-05,4676622,DKP,2025,domestic_cup,132891,5818,Skovsgaard B,Hobro IK,2,4
2025-08-05,4676623,DKP,2025,domestic_cup,24186,21035,Taarnby FF,FA 2000,0,1
2025-08-05,4676624,DKP,2025,domestic_cup,20985,49675,BK Viktoria,Hilleröd Fodbold,0,5
2025-08-05,4676625,DKP,2025,domestic_cup,132890,5784,Skibsby-Højene IF,Aarhus Fremad,0,3
2025-08-05,4676626,DKP,2025,domestic_cup,132895,5842,Nörager B,VSK Aarhus,1,6
2025-08-05,4676628,DKP,2025,domestic_cup,132894,45057,Snejbjerg SG&I,Vejgaard B,0,6
2025-08-05,4676630,DKP,2025,domestic_cup,41305,132900,Mejrup GU,Thorsager-Rönde Idraetsforening,2,1
2025-08-05,4691921,CLQ,2025,international_cup,496,190,Malmö Fotbollförening,FC Copenhagen,0,0
2025-08-05,4691924,CLQ,2025,international_cup,338,45457,Dynamo Kyiv,Pafos FC,0,1
2025-08-05,4691925,CLQ,2025,international_cup,1167,10625,Shkendija Tetovo,Qarabağ FK,0,1
2025-08-05,4691926,CLQ,2025,international_cup,124,941,Rangers FC,FC Viktoria Plzen,3,0
2025-08-05,4692605,ELQ,2025,other,17149,119,Hamrun Spartans,Maccabi Tel Aviv,1,2
2025-08-05,4694010,ECLQ,2025,other,6170,14178,KÍ Klaksvík,Neman Grodno,2,0
2025-08-06,4627251,C1,2025,domestic_league,26,452,FC Basel 1893,BSC Young Boys,4,1
2025-08-06,4637900,RUP,2025,domestic_cup,91532,11135,Ilpar Ilyinsky,Nosta Novotroitsk,3,2
2025-08-06,4637905,RUP,2025,domestic_cup,59522,12048,PSK Dinskaya,Druzhba Maikop,11,10
2025-08-06,4637906,RUP,2025,domestic_cup,68289,19958,Znamya Noginsk,FC Kolomna,3,0
2025-08-06,4637907,RUP,2025,domestic_cup,101576,12065,2DROTS Moskau,Torpedo Vladimir,1,0
2025-08-06,4637910,RUP,2025,domestic_cup,121097,10627,Broke Boys Moscow,FC Orel,3,2
2025-08-06,4637912,RUP,2025,domestic_cup,109709,54923,SSh Leningradets,FK Cherepovets,0,3
2025-08-06,4676379,DKP,2025,domestic_cup,5790,37554,B1909 Odense,FC Sönderborg,1,0
2025-08-06,4676380,DKP,2025,domestic_cup,22235,3426,Boldklubben Marienlyst,Esbjerg fB,1,2
2025-08-06,4676382,DKP,2025,domestic_cup,21779,1798,Husum Boldklub,Holbaek B&I,1,6
2025-08-06,4676383,DKP,2025,domestic_cup,20361,5866,Alleröd FK,Brönshöj Boldklub,2,4
2025-08-06,4676384,DKP,2025,domestic_cup,21006,444,Ledöje-Smörum Fodbold,BK Frem,3,1
2025-08-06,4676385,DKP,2025,domestic_cup,1909,13290,Holstebro Boldklub,Odder IGF,2,4
2025-08-06,4676386,DKP,2025,domestic_cup,19657,1053,Vendsyssel FF,Aalborg BK,1,2
2025-08-06,4676627,DKP,2025,domestic_cup,81612,75418,Boldklubben Vestkysten Oksböl,Billund IF,4,1
2025-08-06,4676629,DKP,2025,domestic_cup,132899,16173,Öresund Klubfodbold,Vanlöse IF,0,5
2025-08-06,4676659,CLQ,2025,international_cup,234,36,Feyenoord Rotterdam,Fenerbahce,2,1
2025-08-06,4676661,CLQ,2025,international_cup,417,294,OGC Nice,SL Benfica,0,2
2025-08-06,4676662,CLQ,2025,international_cup,409,2282,Fußballclub Red Bull Salzburg,Club Brugge KV,0,1
2025-08-06,4676663,CLQ,2025,international_cup,31614,279,Ludogorets Razgrad,Ferencvárosi TC,0,0
2025-08-06,4691922,CLQ,2025,international_cup,10482,540,Kairat Almaty,Slovan Bratislava,1,0
2025-08-06,4691923,CLQ,2025,international_cup,238,159,Lech Poznan,Red Star Belgrade,1,3
2025-08-06,4692603,ELQ,2025,other,144,3909,HNK Rijeka,Shelbourne FC,1,2
2025-08-06,4692604,ELQ,2025,other,33783,6251,FC RFS,Kuopion Palloseura,1,2
2025-08-07,4637899,RUP,2025,domestic_cup,121100,39200,SShOR-1 Kristall St. Petersburg,Luki-Energia Velikie Luki,1,3
2025-08-07,4637902,RUP,2025,domestic_cup,54990,55329,Buryatia Ulan-Ude,FC Irkutsk,0,8
2025-08-07,4637903,RUP,2025,domestic_cup,121098,128785,Anri Vladivostok,KDV Tomsk,0,4
2025-08-07,4637904,RUP,2025,domestic_cup,101582,6430,Temp Barnaul,Uralets-TS Nizhniy Tagil,5,3
2025-08-07,4676387,DKP,2025,domestic_cup,20973,10918,Marstal/Rise IF,Tved BK,3,2
2025-08-07,4676389,DKP,2025,domestic_cup,91760,10836,FC Kalundborg,Stenlöse Boldklub,1,0
2025-08-07,4676390,DKP,2025,domestic_cup,91419,110316,Bröndby Strand IK,"Nerashté, Ballerup",2,1
2025-08-07,4676391,DKP,2025,domestic_cup,21766,5957,Vallensbaek IF 39,FC Nakskov,1,7
2025-08-07,4676392,DKP,2025,domestic_cup,67614,77303,FC BiH Odense,FC Horsens,2,7
2025-08-07,4692602,ELQ,2025,other,38204,60368,Lincoln Red Imps FC,FC Noah Yerevan,1,1
2025-08-07,4692606,ELQ,2025,other,6808,3737,HSK Zrinjski Mostar,Breidablik Kópavogur,1,1
2025-08-07,4692607,ELQ,2025,other,301,33741,FCSB,FC Drita,3,2
2025-08-07,4692608,ELQ,2025,other,7769,1075,CFR Cluj,SC Braga,1,2
2025-08-07,4692609,ELQ,2025,other,3837,865,Fredrikstad Fotballklubb,FC Midtjylland,1,3
2025-08-07,4692610,ELQ,2025,other,2156,255,AEK Larnaca,Legia Warszawa,4,1
2025-08-07,4692611,ELQ,2025,other,1091,4441,Panthessalonikios Athlitikos Omilos Konstantinoupoliton,Wolfsberger AC,0,0
2025-08-07,4692612,ELQ,2025,other,61,200,Servette FC,FC Utrecht,1,3
2025-08-07,4692613,ELQ,2025,other,1109,1100,BK Häcken,Sportsklubben Brann,0,2
2025-08-07,4692614,ELQ,2025,other,265,660,Panathinaikos Athlitikos Omilos,FC Shakhtar Donetsk,0,0
2025-08-07,4693615,ECLQ,2025,other,11914,5771,FC Differdange 03,Levadia Tallinn,2,3
2025-08-07,4693953,ECLQ,2025,other,4772,27114,NK Olimpija Ljubljana,KF Egnatia,0,0
2025-08-07,4693954,ECLQ,2025,other,30686,10613,FC Milsami Orhei,AC Virtus Acquaviva,3,2
2025-08-07,4693955,ECLQ,2025,other,24832,3471,Víkingur Gøta,Linfield FC,2,1
2025-08-07,4694006,ECLQ,2025,other,170,1519,Rapid Vienna,Dundee United FC,2,2
2025-08-07,4694007,ECLQ,2025,other,197,53453,AC Sparta Prague,FC Ararat-Armenia,4,1
2025-08-07,4694008,ECLQ,2025,other,1090,163,AZ Alkmaar,FC Vaduz,3,0
2025-08-07,4694009,ECLQ,2025,other,2790,710,FC Lugano,NK Celje,0,5
2025-08-07,4694011,ECLQ,2025,other,48325,3793,Riga FC,Beitar Jerusalem,3,0
2025-08-07,4694012,ECLQ,2025,other,5849,206,Víkingur Reykjavík,Bröndby IF,3,0
2025-08-07,4694013,ECLQ,2025,other,447,588,HNK Hajduk Split,FC Dinamo City,2,1
2025-08-07,4694014,ECLQ,2025,other,58,2481,RSC Anderlecht,FC Sheriff Tiraspol,3,0
2025-08-07,4694015,ECLQ,2025,other,527,22220,Football Club Lausanne-Sport,FC Astana,3,1
2025-08-07,4694016,ECLQ,2025,other,3461,2423,Larne FC,CD Santa Clara,0,3
2025-08-07,4694017,ECLQ,2025,other,10586,2441,Aris Limassol,Athlitiki Enosi Konstantinoupoleos,2,2
2025-08-07,4694018,ECLQ,2025,other,239,6890,Viking Fotballklubb,Basaksehir FK,1,3
2025-08-07,4694019,ECLQ,2025,other,44360,829,Araz-Nakhchivan,Omonia Nicosia,0,4
2025-08-07,4694020,ECLQ,2025,other,28082,3258,FC Ballkani,Shamrock Rovers,1,0
2025-08-07,4694021,ECLQ,2025,other,9644,1064,Raków Częstochowa,Maccabi Haifa,0,1
2025-08-07,4694022,ECLQ,2025,other,272,6055,Allmänna Idrottsklubben,ETO FC,2,1
2025-08-07,4694023,ECLQ,2025,other,40812,365,Universitatea Craiova,Spartak Trnava,3,0
2025-08-07,4694024,ECLQ,2025,other,53646,12163,FK Polissya Zhytomyr,Paksi FC,3,0
2025-08-07,4694025,ECLQ,2025,other,156,63993,Levski Sofia,Sabah FK,1,0
2025-08-07,4694026,ECLQ,2025,other,1177,2300,Silkeborg IF,Jagiellonia Bialystok,0,1
2025-08-07,4694027,ECLQ,2025,other,669,903,FK Partizan Belgrade,Hibernian FC,0,2
2025-08-07,4694028,ECLQ,2025,other,377,14,FC Baník Ostrava a.s.,Austria Vienna,4,3
2025-08-07,4694029,ECLQ,2025,other,195,1059,Rosenborg Ballklub,Hammarby IF,0,0
2025-08-07,4694030,ECLQ,2025,other,1189,114,St. Patrick's Athletic,Beşiktaş Jimnastik Kulübü,1,4
2025-08-07,4694031,ECLQ,2025,other,40090,40604,FK Kauno Zalgiris,Arda Kardzhali,0,1
2025-08-08,4620647,PL1,2025,domestic_league,428,15906,Górnik Zabrze,Termalica Bruk-Bet Nieciecza Klub Sportowy,0,1
2025-08-08,4620648,PL1,2025,domestic_league,6110,7154,Korona Kielce,Radomiak Radom,3,0
2025-08-08,4624818,NL1,2025,domestic_league,385,1435,Fortuna Sittardia Combinatie,Go Ahead Eagles,2,2
2025-08-08,4625260,KR1,2025,domestic_league,419,456,GNK Dinamo Zagreb,HNK Vukovar 1991,3,0
2025-08-08,4627482,BE1,2025,domestic_league,475,9010,Sint-Truidense VV,FCV Dender EH,2,0
2025-08-08,4646029,UKR1,2025,domestic_league,48726,338,Rukh Lviv,Dynamo Kyiv,1,5
2025-08-08,4646032,UKR1,2025,domestic_league,81401,26459,SC Poltava,NK Veres Rivne,1,0
2025-08-08,4646343,TR1,2025,domestic_league,2832,141,Gaziantep FK,Galatasaray,0,3
2025-08-08,4648283,DK1,2025,domestic_league,190,678,FC Copenhagen,Aarhus GF,2,3
2025-08-08,4648284,DK1,2025,domestic_league,1063,5817,Viborg FF,Sönderjyske Fodbold,1,0
2025-08-08,4648655,PO1,2025,domestic_league,3268,336,Casa Pia AC,Sporting CP,0,2
2025-08-08,4648980,RO1,2025,domestic_league,37624,312,FC Metaloglobus Bucharest,FC Dinamo 1948,0,1
2025-08-08,4649241,RU1,2025,domestic_league,75231,71985,Dinamo Makhachkala,Akron Togliatti,1,1
2025-08-08,4675373,UKRP,2025,domestic_cup,132384,90593,Legiya Kyiv,Polissya Stavky,0,4
2025-08-08,4675548,UKRP,2025,domestic_cup,132873,132870,IRON Zaporizhya,FC Novoukrainka,5,1
2025-08-08,4693216,COL1,2025,,14680,10090,Unión Magdalena,Asociación Deportivo Pasto,1,1
2025-08-08,4693218,COL1,2025,,8172,22902,Atlético Nacional,Alianza FC,3,0
2025-08-09,4522569,NO1,2024,domestic_league,501,1293,Fotballklubben Bodø/Glimt,Tromsø Idrettslag,1,1
2025-08-09,4522574,NO1,2024,domestic_league,687,4309,Molde Fotballklubb,Hamarkameratene,1,0
2025-08-09,4525766,SE1,2024,domestic_league,496,2719,Malmö Fotbollförening,Mjällby Almänna Idrottsförening,1,3
2025-08-09,4525768,SE1,2024,domestic_league,1011,7945,Halmstads BK,IK Sirius,0,1
2025-08-09,4530637,JAP1,2024,domestic_league,3734,3828,Tokyo Verdy,Yokohama Marinos,1,0
2025-08-09,4530639,JAP1,2024,domestic_league,9598,9597,Kawasaki Frontale,Avispa Fukuoka,2,5
2025-08-09,4530640,JAP1,2024,domestic_league,943,828,Yokohama FC,Urawa Red Diamonds,1,2
2025-08-09,4582120,BRA1,2024,domestic_league,614,3876,Clube de Regatas do Flamengo,Mirasol Futebol Clube,2,1
2025-08-09,4582123,BRA1,2024,domestic_league,585,2125,São Paulo Futebol Clube,Esporte Clube Vitória,2,0
2025-08-09,4582124,BRA1,2024,domestic_league,8793,6600,Red Bull Bragantino,Sport Club Internacional,1,3
2025-08-09,4620644,PL1,2025,domestic_league,6107,324,Morski Związkowy Klub Sportowy Arka Gdynia Spółka Akcyjna,Pogon Szczecin,2,1
2025-08-09,4620652,PL1,2025,domestic_league,88,2118,Widzew Lodz,Wisla Plock,1,1
2025-08-09,4624542,TS1,2025,domestic_league,697,450,FC Slovan Liberec,FK Dukla Prague,2,0
2025-08-09,4624544,TS1,2025,domestic_league,5545,5546,FC Zlin,FK Mlada Boleslav,3,2
2025-08-09,4624545,TS1,2025,domestic_league,941,5544,FC Viktoria Plzen,1.FC Slovacko,1,1
2025-08-09,4624549,TS1,2025,domestic_league,62,814,SK Slavia Prague,FK Teplice,3,0
2025-08-09,4624819,NL1,2025,domestic_league,467,798,NEC Nijmegen,Excelsior Rotterdam,5,0
2025-08-09,4624820,NL1,2025,domestic_league,234,132,Feyenoord Rotterdam,NAC Breda,2,0
2025-08-09,4624821,NL1,2025,domestic_league,306,724,SC Heerenveen,FC Volendam,1,1
2025-08-09,4624822,NL1,2025,domestic_league,383,468,PSV Eindhoven,Sparta Rotterdam,6,1
2025-08-09,4625261,KR1,2025,domestic_league,999,11194,NK Istra 1961,NK Lokomotiva Zagreb,2,2
2025-08-09,4625264,KR1,2025,domestic_league,327,144,NK Osijek,HNK Rijeka,0,0
2025-08-09,4627246,C1,2025,domestic_league,257,242,FC St. Gallen 1879,FC Winterthur,5,0
2025-08-09,4627247,C1,2025,domestic_league,434,938,FC Luzern,FC Thun,1,2
2025-08-09,4627483,BE1,2025,domestic_league,2282,520,Club Brugge KV,Cercle Brugge,2,0
2025-08-09,4627484,BE1,2025,domestic_league,968,354,KVC Westerlo,KV Mechelen,0,1
2025-08-09,4627485,BE1,2025,domestic_league,157,3948,KAA Gent,Union Saint-Gilloise,2,3
2025-08-09,4630638,CIT,2025,domestic_cup,20519,1103,Virtus Entella,Ternana Calcio,4,0
2025-08-09,4638189,A1,2025,domestic_league,2157,4467,FC Blau-Weiss Linz,TSV Hartberg,0,1
2025-08-09,4638190,A1,2025,domestic_league,3551,266,Sportclub Rheindorf Altach,SV Ried,1,0
2025-08-09,4638191,A1,2025,domestic_league,409,316,Fußballclub Red Bull Salzburg,Grazer AK 1902,5,0
2025-08-09,4638794,SC1,2025,domestic_league,1241,1191,Livingston FC,Falkirk FC,3,1
2025-08-09,4638795,SC1,2025,domestic_league,124,511,Rangers FC,Dundee FC,1,1
2025-08-09,4638796,SC1,2025,domestic_league,465,987,St. Mirren FC,Motherwell FC,0,0
2025-08-09,4640785,SER1,2025,domestic_league,33328,6621,FK Radnik Surdulica,FK Cukaricki,3,1
2025-08-09,4640786,SER1,2025,domestic_league,15276,6622,FK Spartak Subotica,FK Mladost Lucani,1,1
2025-08-09,4640787,SER1,2025,domestic_league,159,3137,Red Star Belgrade,FK TSC Backa Topola,1,0
2025-08-09,4640788,SER1,2025,domestic_league,53,448,OFK Beograd,FK Vojvodina Novi Sad,1,2
2025-08-09,4646028,UKR1,2025,domestic_league,3592,55686,Kryvbas Kryvyi Rig,TOV FK Metalist 1925 Kharkiv,2,0
2025-08-09,4646034,UKR1,2025,domestic_league,63007,84122,LNZ Cherkasy,Epicentr Kamyanets-Podilskyi,1,0
2025-08-09,4646339,TR1,2025,domestic_league,589,10484,Antalyaspor,Kasimpasa,2,1
2025-08-09,4646341,TR1,2025,domestic_league,152,820,Samsunspor,Gençlerbirliği Spor Kulübü,2,1
2025-08-09,4648658,PO1,2025,domestic_league,8024,110302,FC Arouca,Avs Futebol,3,1
2025-08-09,4648661,PO1,2025,domestic_league,982,2424,CD Nacional,Gil Vicente FC,0,2
2025-08-09,4648979,RO1,2025,domestic_league,952,29831,UTA Arad,FCV Farul Constanta,2,1
2025-08-09,4648984,RO1,2025,domestic_league,6429,9465,FC Universitatea Cluj,Petrolul Ploiesti,1,1
2025-08-09,4649236,RU1,2025,domestic_league,2696,2741,PFK Krylya Sovetov Samara,FK Baltika,1,1
2025-08-09,4649237,RU1,2025,domestic_league,2410,2698,PFK CSKA Moskva,FC Rubin Kazan,5,1
2025-08-09,4649238,RU1,2025,domestic_league,932,232,"Футбольный клуб ""Локомотив"" Москва",FK Spartak Moskva,4,2
2025-08-09,4649239,RU1,2025,domestic_league,3725,964,RFK Akhmat Grozny,AO FK Zenit Sankt-Peterburg,1,0
2025-08-09,4675370,UKRP,2025,domestic_cup,53392,96822,Girnyk Novoyavorivsk,Naftovyk Dolyna,4,5
2025-08-09,4675372,UKRP,2025,domestic_cup,94729,132435,SC Korosten Agro-Nyva,Lutsksantekhmontazh №536 Lutsk,1,0
2025-08-09,4675374,UKRP,2025,domestic_cup,132383,123680,Karbon Cherkasy,Palmira Odesa,2,1
2025-08-09,4675375,UKRP,2025,domestic_cup,81150,132438,Olimpia Savyntsi,NIKA SMK Bogodukhiv,4,0
2025-08-09,4690163,SFA,2025,domestic_cup,57766,45649,Invergordon FC,Lochar Thistle FC,3,1
2025-08-09,4690164,SFA,2025,domestic_cup,4230,6188,Irvine Meadow XI FC,Johnstone Burgh FC,1,4
2025-08-09,4690165,SFA,2025,domestic_cup,11251,42245,Whitburn FC,Steins Thistle,3,2
2025-08-09,4690166,SFA,2025,domestic_cup,23703,23701,Dundee North End FC,Culter FC,6,4
2025-08-09,4693219,COL1,2025,,2350,9961,Millonarios FC,Deportivo Cali,3,3
2025-08-09,4693220,COL1,2025,,6984,20590,Once Caldas,Rionegro Águilas,1,1
2025-08-09,4693221,COL1,2025,,2352,10503,CD América de Cali,Deportes Tolima,0,1
2025-08-10,4522571,NO1,2024,domestic_league,1057,23184,Bryne FK,KFUM-Kameratene Oslo,0,0
2025-08-10,4522573,NO1,2024,domestic_league,2761,10217,FK Haugesund,Sarpsborg 08 Fotballforening,3,2
2025-08-10,4522576,NO1,2024,domestic_league,6399,239,Sandefjord Fotball,Viking Fotballklubb,1,2
2025-08-10,4525762,SE1,2024,domestic_league,272,1044,Allmänna Idrottsklubben,Djurgårdens Idrottsförening,0,0
2025-08-10,4525765,SE1,2024,domestic_league,1236,1092,Östers IF,Idrottsföreningen  Brommapojkarna,1,1
2025-08-10,4525767,SE1,2024,domestic_league,2844,1059,IFK Norrköping,Hammarby IF,0,2
2025-08-10,4525769,SE1,2024,domestic_league,3641,1109,Degerfors IF,BK Häcken,0,0
2025-08-10,4530635,JAP1,2024,domestic_league,6632,8457,Hitachi Kashiwa Reysol,Shonan Bellmare,2,0
2025-08-10,4530636,JAP1,2024,domestic_league,6631,2241,Tokyo Football Club,Kashima Antlers FC,0,1
2025-08-10,4530638,JAP1,2024,domestic_league,23568,3958,Zelvia,Rakuten Vissel Kobe,2,0
2025-08-10,4530641,JAP1,2024,domestic_league,1066,593,Nagoya Grampus Eight,Kyoto Purple Sanga,1,2
2025-08-10,4530642,JAP1,2024,domestic_league,596,22171,Gamba Osaka,Fagiano Okayama Sports Club,0,3
2025-08-10,4530644,JAP1,2024,domestic_league,2697,1062,Sanfrecce Hiroshima,S-Pulse,0,0
2025-08-10,4582121,BRA1,2024,domestic_league,978,330,Club de Regatas Vasco da Gama,Clube Atlético Mineiro,1,1
2025-08-10,4582122,BRA1,2024,domestic_league,1023,2029,Sociedade Esportiva Palmeiras,Ceará Sporting Club,2,1
2025-08-10,4582125,BRA1,2024,domestic_league,609,221,Cruzeiro Esporte Clube,Santos Futebol Clube,1,2
2025-08-10,4582127,BRA1,2024,domestic_league,10010,2462,Esporte Clube Bahia,Fluminense Football Club,3,3
2025-08-10,4582128,BRA1,2024,domestic_league,10870,537,Fortaleza Esporte Clube,S. A. F. Botafogo,0,5
2025-08-10,4587113,MLS1,2024,domestic_league,4078,51663,Club de Foot Montréal,Atlanta United Football Club,1,1
2025-08-10,4587114,MLS1,2024,domestic_league,626,2440,New England Revolution,D.C. United,2,0
2025-08-10,4587116,MLS1,2024,domestic_league,25467,11141,Philadelphia Union,Toronto FC,1,1
2025-08-10,4587117,MLS1,2024,domestic_league,72309,9168,Austin FC,Houston Dynamo,2,2
2025-08-10,4587118,MLS1,2024,domestic_league,432,51828,Chicago Fire Soccer Club,Los Angeles Football Club,2,2
2025-08-10,4587119,MLS1,2024,domestic_league,8816,4291,FC Dallas,Portland Timbers,2,0
2025-08-10,4587120,MLS1,2024,domestic_league,4284,114977,Sporting Kansas City,San Diego Football Club,0,2
2025-08-10,4587121,MLS1,2024,domestic_league,82686,63966,St. Louis City Soccer Club,Nashville SC,3,1
2025-08-10,4587122,MLS1,2024,domestic_league,218,6321,San Jose Earthquakes,Vancouver Whitecaps FC,2,1
2025-08-10,4587123,MLS1,2024,domestic_league,51772,78435,Football Club Cincinnati,Charlotte Football Club,0,1
2025-08-10,4587124,MLS1,2024,domestic_league,56089,1247,Minnesota United FC,Colorado Rapids,1,2
2025-08-10,4587125,MLS1,2024,domestic_league,623,6643,Red Bull New York,Real Salt Lake,2,1
2025-08-10,4620645,PL1,2025,domestic_league,255,6456,Legia Warszawa,GKS GieKSa Katowice Spółka Akcyjna,3,1
2025-08-10,4620650,PL1,2025,domestic_league,2300,5689,Jagiellonia Bialystok,Cracovia,5,2
2025-08-10,4624543,TS1,2025,domestic_league,197,2311,AC Sparta Prague,"SK Sigma Olomouc, a.s.",1,0
2025-08-10,4624546,TS1,2025,domestic_league,1897,1496,FC Hradec Kralove,FK Pardubice,1,1
2025-08-10,4624547,TS1,2025,domestic_league,377,13726,FC Baník Ostrava a.s.,MFK Karvina,1,2
2025-08-10,4624548,TS1,2025,domestic_league,715,1322,"Bohemians Praha 1905, a.s.",FK Jablonec,0,1
2025-08-10,4624823,NL1,2025,domestic_league,1269,317,PEC Zwolle,FC Twente Enschede,1,0
2025-08-10,4624824,NL1,2025,domestic_league,610,1434,Ajax Amsterdam,SC Telstar,2,0
2025-08-10,4624825,NL1,2025,domestic_league,1090,202,AZ Alkmaar,FC Groningen,4,1
2025-08-10,4624826,NL1,2025,domestic_league,200,1304,FC Utrecht,Heracles Almelo,4,0
2025-08-10,4625263,KR1,2025,domestic_league,2362,599,Slaven Belupo Koprivnica,NK Varazdin,3,1
2025-08-10,4627245,C1,2025,domestic_league,61,504,Servette FC,Grasshopper Club Zurich,1,1
2025-08-10,4627248,C1,2025,domestic_league,452,321,BSC Young Boys,FC Sion,0,0
2025-08-10,4627249,C1,2025,domestic_league,527,260,Football Club Lausanne-Sport,FC Zürich,1,2
2025-08-10,4627250,C1,2025,domestic_league,2790,26,FC Lugano,FC Basel 1893,3,1
2025-08-10,4627486,BE1,2025,domestic_league,3901,172,RAAL La Louvière,Royal Charleroi Sporting Club,1,0
2025-08-10,4627487,BE1,2025,domestic_league,58,3508,RSC Anderlecht,Zulte Waregem,2,3
2025-08-10,4627488,BE1,2025,domestic_league,3057,1184,Standard Liège,KRC Genk,2,1
2025-08-10,4627489,BE1,2025,domestic_league,1096,2727,Royal Antwerp FC,Oud-Heverlee Leuven,3,1
2025-08-10,4630639,CIT,2025,domestic_cup,3037,2655,Calcio Padova,LR Vicenza,0,2
2025-08-10,4630640,CIT,2025,domestic_cup,22249,2331,Audace Cerignola,AS Avellino 1912,1,0
2025-08-10,4630641,CIT,2025,domestic_cup,2921,4111,Delfino Pescara 1936,Rimini FC,1,0
2025-08-10,4638192,A1,2025,domestic_league,2446,413,WSG Tirol,LASK,3,1
2025-08-10,4638193,A1,2025,domestic_league,122,170,Sportklub Puntigamer Sturm Graz,Rapid Vienna,1,2
2025-08-10,4638194,A1,2025,domestic_league,14,4441,Austria Vienna,Wolfsberger AC,0,2
2025-08-10,4638792,SC1,2025,domestic_league,1519,43,Dundee United FC,Heart of Midlothian FC,2,3
2025-08-10,4638793,SC1,2025,domestic_league,903,2553,Hibernian FC,Kilmarnock FC,2,2
2025-08-10,4638797,SC1,2025,domestic_league,370,371,Aberdeen FC,Celtic FC,0,2
2025-08-10,4640782,SER1,2025,domestic_league,788,669,FK Napredak Krusevac,FK Partizan Belgrade,2,7
2025-08-10,4640784,SER1,2025,domestic_league,7567,4633,FK Radnicki Nis,FK Novi Pazar,2,3
2025-08-10,4646027,UKR1,2025,domestic_league,53646,48332,FK Polissya Zhytomyr,Kolos Kovalivka,0,1
2025-08-10,4646031,UKR1,2025,domestic_league,39097,18303,Obolon Kyiv,FC Oleksandriya,1,0
2025-08-10,4646033,UKR1,2025,domestic_league,85465,660,Karpaty Lviv,FC Shakhtar Donetsk,3,3
2025-08-10,4646338,TR1,2025,domestic_league,7160,2293,Eyüpspor,Konyaspor,1,4
2025-08-10,4646345,TR1,2025,domestic_league,126,1467,Caykur Rizespor,Göztepe,0,3
2025-08-10,4648285,DK1,2025,domestic_league,865,5776,FC Midtjylland,FC Fredericia,3,3
2025-08-10,4648286,DK1,2025,domestic_league,1177,2778,Silkeborg IF,FC Nordsjaelland,4,2
2025-08-10,4648287,DK1,2025,domestic_league,206,443,Bröndby IF,Vejle Boldklub,2,1
2025-08-10,4648656,PO1,2025,domestic_league,1075,7179,SC Braga,CD Tondela,3,0
2025-08-10,4648660,PO1,2025,domestic_league,979,2521,Moreirense FC,FC Alverca,2,1
2025-08-10,4648662,PO1,2025,domestic_league,3329,2423,FC Famalicão,CD Santa Clara,3,0
2025-08-10,4648981,RO1,2025,domestic_league,301,29700,FCSB,AFC Unirea 04 Slobozia,0,1
2025-08-10,4648986,RO1,2025,domestic_league,40812,58049,Universitatea Craiova,FC Hermannstadt,1,0
2025-08-10,4649235,RU1,2025,domestic_league,1083,49702,FK Rostov,FK Nizhny Novgorod,1,0
2025-08-10,4649240,RU1,2025,domestic_league,14589,16704,FC Orenburg,FK Krasnodar,0,1
2025-08-10,4649242,RU1,2025,domestic_league,41231,121,FK Sochi,FK Dinamo Moskva,1,1
2025-08-10,4675369,UKRP,2025,domestic_cup,102196,97481,Fazenda Chernivtsi,Medeya - Nevytskyi Zamok Onokivska TG,5,4
2025-08-10,4675371,UKRP,2025,domestic_cup,129864,102361,Kolos Polonne,Agron Velyki Gai OTG,5,3
2025-08-10,4693222,COL1,2025,,6495,11648,Atlético Bucaramanga,Independiente Santa Fe,2,1
2025-08-10,4693223,COL1,2025,,7136,11854,Envigado FC,Junior FC,1,1
2025-08-10,4693224,COL1,2025,,32041,9811,Fortaleza CEIF,Deportivo Pereira,0,0
2025-08-10,4703996,GBCS,2025,other,873,31,Crystal Palace,Liverpool FC,5,4
2025-08-10,4704400,KR1,2025,domestic_league,447,24575,HNK Hajduk Split,HNK Gorica,2,0
2025-08-11,4525763,SE1,2024,domestic_league,1101,3622,Idrottsföreningen Elfsborg,IFK Värnamo,2,2
2025-08-11,4525764,SE1,2024,domestic_league,7009,801,Göteborgs Atlet- och Idrottssällskap,Idrottsföreningen Kamraterna Göteborg,0,1
2025-08-11,4530643,JAP1,2024,domestic_league,1022,8344,Cerezo Osaka,Albirex Niigata,3,1
2025-08-11,4582126,BRA1,2024,domestic_league,210,8718,Grêmio Foot-Ball Porto Alegrense,Sport Club do Recife,0,1
2025-08-11,4587126,MLS1,2024,domestic_league,45604,69261,Orlando City Soccer Club,Club Internacional de Fútbol Miami,4,1
2025-08-11,4587127,MLS1,2024,domestic_league,1061,9636,Los Angeles Galaxy,Seattle Sounders FC,0,4
2025-08-11,4620646,PL1,2025,domestic_league,4000,3527,Lechia Gdansk,Motor Lublin Spółka Akcyjna,3,3
2025-08-11,4640781,SER1,2025,domestic_league,8819,4645,FK Javor-Matis Ivanjica,FK Radnicki 1923 Kragujevac,2,2
2025-08-11,4640783,SER1,2025,domestic_league,32113,59358,FK IMT Belgrad,FK Zeleznicar Pancevo,1,4
2025-08-11,4646030,UKR1,2025,domestic_league,10690,87883,Zorya Lugansk,FC Kudrivka,2,1
2025-08-11,4646340,TR1,2025,domestic_league,449,120,Trabzonspor,Kocaelispor,1,0
2025-08-11,4648288,DK1,2025,domestic_league,173,5724,Odense Boldklub,Randers FC,3,2
2025-08-11,4648659,PO1,2025,domestic_league,1465,2431,GD Estoril Praia,CF Estrela Amadora,1,1
2025-08-11,4648663,PO1,2025,domestic_league,720,2420,FC Porto,Vitória Guimarães SC,3,0
2025-08-11,4648982,RO1,2025,domestic_league,4959,455,SC Otelul Galati,FC Rapid 1923,1,1
2025-08-11,4648983,RO1,2025,domestic_league,8818,41278,FC Botosani,ACSC FC Arges,3,1
2025-08-11,4693225,COL1,2025,,38628,10093,Llaneros FC,Independiente Medellín,0,1
2025-08-12,4582129,BRA1,2024,domestic_league,10492,199,Esporte Clube Juventude,Sport Club Corinthians Paulista,2,1
2025-08-12,4634017,CGB,2025,,6168,466,Barrow AFC,Preston North End,0,1
2025-08-12,4634018,CGB,2025,,1034,3054,Grimsby Town,Shrewsbury Town,3,1
2025-08-12,4634019,CGB,2025,,1181,1211,Blackpool FC,Port Vale FC,0,1
2025-08-12,4634020,CGB,2025,,34888,1194,Salford City,Rotherham United,2,3
2025-08-12,4634021,CGB,2025,,12020,1198,Harrogate Town,Lincoln City,1,3
2025-08-12,4634022,CGB,2025,,1074,2963,Tranmere Rovers,Burton Albion,5,6
2025-08-12,4634023,CGB,2025,,1098,1042,Stockport County,Crewe Alexandra,3,1
2025-08-12,4634025,CGB,2025,,1112,3008,Wrexham AFC,Hull City,8,6
2025-08-12,4634027,CGB,2025,,512,899,Stoke City,Walsall FC,4,3
2025-08-12,4634029,CGB,2025,,164,1027,Blackburn Rovers,Bradford City,1,2
2025-08-12,4634030,CGB,2025,,641,2454,Middlesbrough FC,Doncaster Rovers,0,4
2025-08-12,4634031,CGB,2025,,984,22,West Bromwich Albion,Derby County,3,4
2025-08-12,4634033,CGB,2025,,1219,3820,Chesterfield FC,Mansfield Town,0,2
2025-08-12,4634035,CGB,2025,,1071,1045,Wigan Athletic,Notts County,1,0
2025-08-12,4634036,CGB,2025,,990,1031,Coventry City,Luton Town,1,0
2025-08-12,4634037,CGB,2025,,698,991,Bristol City,Milton Keynes Dons,2,0
2025-08-12,4634038,CGB,2025,,8981,677,Bromley FC,Ipswich Town,6,5
2025-08-12,4634039,CGB,2025,,2455,986,Bristol Rovers,Cambridge United,0,2
2025-08-12,4634040,CGB,2025,,1150,2805,Leyton Orient,Wycombe Wanderers,0,1
2025-08-12,4634041,CGB,2025,,1010,1123,Watford FC,Norwich City,1,2
2025-08-12,4634042,CGB,2025,,358,3684,Charlton Athletic,Stevenage FC,3,1
2025-08-12,4634043,CGB,2025,,988,1060,Oxford United,Colchester United,1,0
2025-08-12,4634045,CGB,2025,,603,352,Cardiff City,Swindon Town,2,1
2025-08-12,4634046,CGB,2025,,2814,3884,Gillingham FC,AFC Wimbledon,3,5
2025-08-12,4634047,CGB,2025,,1302,180,Northampton Town,Southampton FC,0,1
2025-08-12,4634049,CGB,2025,,2262,1039,Plymouth Argyle,Queens Park Rangers,3,2
2025-08-12,4634050,CGB,2025,,2288,3537,Swansea City,Crawley Town,3,1
2025-08-12,4634051,CGB,2025,,1020,1032,Portsmouth FC,Reading FC,1,2
2025-08-12,4650498,RUP,2025,domestic_cup,964,2698,AO FK Zenit Sankt-Peterburg,FC Rubin Kazan,3,0
2025-08-12,4650502,RUP,2025,domestic_cup,232,75231,FK Spartak Moskva,Dinamo Makhachkala,4,5
2025-08-12,4650504,RUP,2025,domestic_cup,71985,2410,Akron Togliatti,PFK CSKA Moskva,6,5
2025-08-12,4676393,DKP,2025,domestic_cup,5889,2414,Naesby Boldklub,AC Horsens,1,2
2025-08-12,4676660,CLQ,2025,international_cup,36,234,Fenerbahce,Feyenoord Rotterdam,5,2
2025-08-12,4676664,CLQ,2025,international_cup,294,417,SL Benfica,OGC Nice,2,0
2025-08-12,4676665,CLQ,2025,international_cup,2282,409,Club Brugge KV,Fußballclub Red Bull Salzburg,3,2
2025-08-12,4676666,CLQ,2025,international_cup,279,31614,Ferencvárosi TC,Ludogorets Razgrad,3,0
2025-08-12,4691927,CLQ,2025,international_cup,190,496,FC Copenhagen,Malmö Fotbollförening,5,0
2025-08-12,4691928,CLQ,2025,international_cup,540,10482,Slovan Bratislava,Kairat Almaty,4,4
2025-08-12,4691929,CLQ,2025,international_cup,159,238,Red Star Belgrade,Lech Poznan,1,1
2025-08-12,4691930,CLQ,2025,international_cup,941,124,FC Viktoria Plzen,Rangers FC,2,1
2025-08-12,4691931,CLQ,2025,international_cup,45457,338,Pafos FC,Dynamo Kyiv,2,0
2025-08-12,4691932,CLQ,2025,international_cup,10625,1167,Qarabağ FK,Shkendija Tetovo,5,1
2025-08-12,4692616,ELQ,2025,other,3909,144,Shelbourne FC,HNK Rijeka,1,3
2025-08-12,4693217,COL1,2025,,14649,17425,Boyacá Chicó FC,Internacional de Bogotá,0,0
2025-08-12,4699496,CGB,2025,,3716,1028,Newport County,Millwall FC,0,1
2025-08-12,4699497,CGB,2025,,3688,1072,Accrington Stanley,Peterborough United,2,1
2025-08-13,4625635,USC,2025,international_cup,583,148,Paris Saint-Germain,Tottenham Hotspur,6,5
2025-08-13,4634024,CGB,2025,,1110,1003,Huddersfield Town,Leicester City,5,4
2025-08-13,4634026,CGB,2025,,337,350,Birmingham City,Sheffield United,2,1
2025-08-13,4634032,CGB,2025,,355,1035,Bolton Wanderers,Sheffield Wednesday,5,7
2025-08-13,4634034,CGB,2025,,349,11177,Barnsley FC,Fleetwood Town,7,6
2025-08-13,4634048,CGB,2025,,3371,6699,Cheltenham Town,Exeter City,2,0
2025-08-13,4650499,RUP,2025,domestic_cup,14589,3725,FC Orenburg,RFK Akhmat Grozny,2,1
2025-08-13,4650500,RUP,2025,domestic_cup,41231,2696,FK Sochi,PFK Krylya Sovetov Samara,6,4
2025-08-13,4650501,RUP,2025,domestic_cup,121,16704,FK Dinamo Moskva,FK Krasnodar,0,4
2025-08-13,4650505,RUP,2025,domestic_cup,932,2741,"Футбольный клуб ""Локомотив"" Москва",FK Baltika,2,0
2025-08-13,4694072,ECLQ,2025,other,6890,239,Basaksehir FK,Viking Fotballklubb,1,1
2025-08-14,4650503,RUP,2025,domestic_cup,49702,1083,FK Nizhny Novgorod,FK Rostov,1,0
2025-08-14,4692615,ELQ,2025,other,60368,38204,FC Noah Yerevan,Lincoln Red Imps FC,5,6
2025-08-14,4692617,ELQ,2025,other,6251,33783,Kuopion Palloseura,FC RFS,1,0
2025-08-14,4692618,ELQ,2025,other,119,17149,Maccabi Tel Aviv,Hamrun Spartans,3,1
2025-08-14,4692619,ELQ,2025,other,3737,6808,Breidablik Kópavogur,HSK Zrinjski Mostar,1,2
2025-08-14,4692620,ELQ,2025,other,33741,301,FC Drita,FCSB,1,3
2025-08-14,4692621,ELQ,2025,other,1075,7769,SC Braga,CFR Cluj,2,0
2025-08-14,4692622,ELQ,2025,other,865,3837,FC Midtjylland,Fredrikstad Fotballklubb,2,0
2025-08-14,4692623,ELQ,2025,other,255,2156,Legia Warszawa,AEK Larnaca,2,1
2025-08-14,4692624,ELQ,2025,other,4441,1091,Wolfsberger AC,Panthessalonikios Athlitikos Omilos Konstantinoupoliton,0,1
2025-08-14,4692625,ELQ,2025,other,200,61,FC Utrecht,Servette FC,2,1
2025-08-14,4692626,ELQ,2025,other,1100,1109,Sportsklubben Brann,BK Häcken,0,1
2025-08-14,4692627,ELQ,2025,other,660,265,FC Shakhtar Donetsk,Panathinaikos Athlitikos Omilos,3,4
2025-08-14,4693226,COL1,2025,,9961,14680,Deportivo Cali,Unión Magdalena,3,1
2025-08-14,4693616,ECLQ,2025,other,5771,11914,Levadia Tallinn,FC Differdange 03,1,3
2025-08-14,4694057,ECLQ,2025,other,27114,4772,KF Egnatia,NK Olimpija Ljubljana,2,4
2025-08-14,4694058,ECLQ,2025,other,10613,30686,AC Virtus Acquaviva,FC Milsami Orhei,3,0
2025-08-14,4694059,ECLQ,2025,other,3471,24832,Linfield FC,Víkingur Gøta,2,0
2025-08-14,4694060,ECLQ,2025,other,1519,170,Dundee United FC,Rapid Vienna,6,7
2025-08-14,4694061,ECLQ,2025,other,53453,197,FC Ararat-Armenia,AC Sparta Prague,1,2
2025-08-14,4694062,ECLQ,2025,other,163,1090,FC Vaduz,AZ Alkmaar,0,1
2025-08-14,4694063,ECLQ,2025,other,710,2790,NK Celje,FC Lugano,2,4
2025-08-14,4694064,ECLQ,2025,other,14178,6170,Neman Grodno,KÍ Klaksvík,7,4
2025-08-14,4694065,ECLQ,2025,other,3793,48325,Beitar Jerusalem,Riga FC,3,1
2025-08-14,4694066,ECLQ,2025,other,206,5849,Bröndby IF,Víkingur Reykjavík,4,0
2025-08-14,4694067,ECLQ,2025,other,588,447,FC Dinamo City,HNK Hajduk Split,3,1
2025-08-14,4694068,ECLQ,2025,other,2481,58,FC Sheriff Tiraspol,RSC Anderlecht,1,1
2025-08-14,4694069,ECLQ,2025,other,22220,527,FC Astana,Football Club Lausanne-Sport,0,2
2025-08-14,4694070,ECLQ,2025,other,2423,3461,CD Santa Clara,Larne FC,0,0
2025-08-14,4694071,ECLQ,2025,other,2441,10586,Athlitiki Enosi Konstantinoupoleos,Aris Limassol,3,1
2025-08-14,4694073,ECLQ,2025,other,829,44360,Omonia Nicosia,Araz-Nakhchivan,5,0
2025-08-14,4694074,ECLQ,2025,other,3258,28082,Shamrock Rovers,FC Ballkani,4,0
2025-08-14,4694075,ECLQ,2025,other,1064,9644,Maccabi Haifa,Raków Częstochowa,0,2
2025-08-14,4694076,ECLQ,2025,other,6055,272,ETO FC,Allmänna Idrottsklubben,2,0
2025-08-14,4694077,ECLQ,2025,other,365,40812,Spartak Trnava,Universitatea Craiova,4,3
2025-08-14,4694078,ECLQ,2025,other,12163,53646,Paksi FC,FK Polissya Zhytomyr,2,1
2025-08-14,4694079,ECLQ,2025,other,63993,156,Sabah FK,Levski Sofia,0,2
2025-08-14,4694080,ECLQ,2025,other,2300,1177,Jagiellonia Bialystok,Silkeborg IF,2,2
2025-08-14,4694081,ECLQ,2025,other,903,669,Hibernian FC,FK Partizan Belgrade,2,3
2025-08-14,4694082,ECLQ,2025,other,14,377,Austria Vienna,FC Baník Ostrava a.s.,1,1
2025-08-14,4694083,ECLQ,2025,other,1059,195,Hammarby IF,Rosenborg Ballklub,0,1
2025-08-14,4694084,ECLQ,2025,other,114,1189,Beşiktaş Jimnastik Kulübü,St. Patrick's Athletic,3,2
2025-08-14,4694085,ECLQ,2025,other,40604,40090,Arda Kardzhali,FK Kauno Zalgiris,2,0
2025-08-15,4522733,NO1,2024,domestic_league,2817,501,Strømsgodset IF,Fotballklubben Bodø/Glimt,0,5
2025-08-15,4620656,PL1,2025,domestic_league,168,4000,Zaglebie Lubin,Lechia Gdansk,6,2
2025-08-15,4620659,PL1,2025,domestic_league,5689,88,Cracovia,Widzew Lodz,1,0
2025-08-15,4623573,DFB,2025,domestic_cup,10,86,Arminia Bielefeld,SV Werder Bremen,1,0
2025-08-15,4623576,DFB,2025,domestic_cup,2589,15,SG Sonnenhof Großaspach,Bayer 04 Leverkusen,0,4
2025-08-15,4623577,DFB,2025,domestic_cup,1,187,1.FC Saarbrücken,1.FC Magdeburg,1,3
2025-08-15,4623587,DFB,2025,domestic_cup,220,89,FC Gütersloh,1.FC Union Berlin,0,5
2025-08-15,4625269,KR1,2025,domestic_league,456,999,HNK Vukovar 1991,NK Istra 1961,1,1
2025-08-15,4625774,GB1,2025,domestic_league,31,989,Liverpool FC,AFC Bournemouth,4,2
2025-08-15,4627490,BE1,2025,domestic_league,2727,1184,Oud-Heverlee Leuven,KRC Genk,1,2
2025-08-15,4631307,CIT,2025,domestic_cup,749,5621,FC Empoli,AC Reggiana 1919,4,1
2025-08-15,4631308,CIT,2025,domestic_cup,6574,4097,US Sassuolo,US Catanzaro,1,0
2025-08-15,4631309,CIT,2025,domestic_cup,1005,5587,US Lecce,SS Juve Stabia,2,0
2025-08-15,4635006,FR1,2025,domestic_league,273,244,Stade Rennais FC,Olympique Marseille,1,0
2025-08-15,4640719,SER1,2025,domestic_league,6622,159,FK Mladost Lucani,Red Star Belgrade,1,4
2025-08-15,4640720,SER1,2025,domestic_league,6621,15276,FK Cukaricki,FK Spartak Subotica,2,1
2025-08-15,4641415,NL1,2025,domestic_league,1434,1269,SC Telstar,PEC Zwolle,0,2
2025-08-15,4645606,ES1,2025,domestic_league,12321,367,Girona FC,Rayo Vallecano,1,3
2025-08-15,4645612,ES1,2025,domestic_league,1050,2497,Villarreal CF,Real Oviedo,2,0
2025-08-15,4646038,UKR1,2025,domestic_league,48726,39097,Rukh Lviv,Obolon Kyiv,1,2
2025-08-15,4646353,TR1,2025,domestic_league,141,6646,Galatasaray,Fatih Karagümrük,3,0
2025-08-15,4648301,DK1,2025,domestic_league,2778,190,FC Nordsjaelland,FC Copenhagen,1,3
2025-08-15,4648302,DK1,2025,domestic_league,5776,5817,FC Fredericia,Sönderjyske Fodbold,3,2
2025-08-15,4648637,PO1,2025,domestic_league,110302,3268,Avs Futebol,Casa Pia AC,0,2
2025-08-15,4648951,RO1,2025,domestic_league,312,952,FC Dinamo 1948,UTA Arad,1,1
2025-08-15,4648952,RO1,2025,domestic_league,29700,37624,AFC Unirea 04 Slobozia,FC Metaloglobus Bucharest,2,1
2025-08-15,4669572,CIT,2025,domestic_cup,252,2655,Genoa CFC,LR Vicenza,3,0
2025-08-15,4692727,COL1,2025,,10090,7136,Asociación Deportivo Pasto,Envigado FC,0,1
2025-08-15,4693230,COL1,2025,,22902,6984,Alianza FC,Once Caldas,0,0
2025-08-15,4693232,COL1,2025,,9811,2352,Deportivo Pereira,CD América de Cali,2,1
2025-08-16,4525647,SE1,2024,domestic_league,2844,1101,IFK Norrköping,Idrottsföreningen Elfsborg,2,1
2025-08-16,4525648,SE1,2024,domestic_league,1011,496,Halmstads BK,Malmö Fotbollförening,0,4
2025-08-16,4529842,RSK1,2024,domestic_league,31622,3535,Suwon FC,Ulsan Hyundai Football Club,4,2
2025-08-16,4530485,JAP1,2024,domestic_league,2241,9597,Kashima Antlers FC,Avispa Fukuoka,1,1
2025-08-16,4530486,JAP1,2024,domestic_league,828,1066,Urawa Red Diamonds,Nagoya Grampus Eight,2,1
2025-08-16,4530487,JAP1,2024,domestic_league,23568,1022,Zelvia,Cerezo Osaka,3,0
2025-08-16,4530488,JAP1,2024,domestic_league,8457,6631,Shonan Bellmare,Tokyo Football Club,2,2
2025-08-16,4530489,JAP1,2024,domestic_league,8344,9598,Albirex Niigata,Kawasaki Frontale,1,1
2025-08-16,4530490,JAP1,2024,domestic_league,1062,3828,S-Pulse,Yokohama Marinos,1,3
2025-08-16,4530491,JAP1,2024,domestic_league,593,3734,Kyoto Purple Sanga,Tokyo Verdy,1,0
2025-08-16,4530492,JAP1,2024,domestic_league,3958,943,Rakuten Vissel Kobe,Yokohama FC,0,1
2025-08-16,4530494,JAP1,2024,domestic_league,2697,596,Sanfrecce Hiroshima,Gamba Osaka,1,0
2025-08-16,4582271,BRA1,2024,domestic_league,2462,10870,Fluminense Football Club,Fortaleza Esporte Clube,2,1
2025-08-16,4582320,BRA1,2024,domestic_league,2125,10492,Esporte Clube Vitória,Esporte Clube Juventude,2,2
2025-08-16,4582325,BRA1,2024,domestic_league,2029,8793,Ceará Sporting Club,Red Bull Bragantino,1,0
2025-08-16,4582332,BRA1,2024,domestic_league,8718,585,Sport Club do Recife,São Paulo Futebol Clube,2,2
2025-08-16,4620655,PL1,2025,domestic_league,3527,6112,Motor Lublin Spółka Akcyjna,Piast Gliwice,0,0
2025-08-16,4620660,PL1,2025,domestic_league,6456,6107,GKS GieKSa Katowice Spółka Akcyjna,Morski Związkowy Klub Sportowy Arka Gdynia Spółka Akcyjna,4,1
2025-08-16,4620661,PL1,2025,domestic_league,238,6110,Lech Poznan,Korona Kielce,1,1
2025-08-16,4622725,DFL,2025,other,79,27,VfB Stuttgart,Bayern Munich,1,2
2025-08-16,4623579,DFB,2025,domestic_cup,1193,2036,Bahlinger SC,1. Fußballclub Heidenheim 1846,0,5
2025-08-16,4623580,DFB,2025,domestic_cup,30,533,FC Hansa Rostock,TSG 1899 Hoffenheim,0,4
2025-08-16,4623582,DFB,2025,domestic_cup,254,23826,SV Sandhausen,RB Leipzig,2,4
2025-08-16,4623583,DFB,2025,domestic_cup,25,42,FC Energie Cottbus,Hannover 96,1,0
2025-08-16,4623588,DFB,2025,domestic_cup,668,60,Sportfreunde Lotte,SC Freiburg,0,2
2025-08-16,4623589,DFB,2025,domestic_cup,222,80,BFC Dynamo,VfL Bochum,1,3
2025-08-16,4623590,DFB,2025,domestic_cup,117,35,Eintracht Norderstedt,FC St. Pauli,2,3
2025-08-16,4623591,DFB,2025,domestic_cup,78,105,VfB Lübeck,SV Darmstadt 98,1,2
2025-08-16,4623593,DFB,2025,domestic_cup,1468,4,FV Illertissen,1.FC Nuremberg,9,8
2025-08-16,4623601,DFB,2025,domestic_cup,726,41,FK Pirmasens,Hamburger SV,1,2
2025-08-16,4623602,DFB,2025,domestic_cup,26444,82,SV Hemelingen,VfL Wolfsburg,0,9
2025-08-16,4624550,TS1,2025,domestic_league,450,941,FK Dukla Prague,FC Viktoria Plzen,2,0
2025-08-16,4624551,TS1,2025,domestic_league,2311,5545,"SK Sigma Olomouc, a.s.",FC Zlin,1,0
2025-08-16,4624553,TS1,2025,domestic_league,1322,62,FK Jablonec,SK Slavia Prague,1,1
2025-08-16,4624554,TS1,2025,domestic_league,5544,814,1.FC Slovacko,FK Teplice,2,1
2025-08-16,4624557,TS1,2025,domestic_league,5546,1897,FK Mlada Boleslav,FC Hradec Kralove,3,2
2025-08-16,4625265,KR1,2025,domestic_league,144,419,HNK Rijeka,GNK Dinamo Zagreb,0,2
2025-08-16,4625268,KR1,2025,domestic_league,11194,24575,NK Lokomotiva Zagreb,HNK Gorica,1,3
2025-08-16,4625775,GB1,2025,domestic_league,405,762,Aston Villa,Newcastle United,0,0
2025-08-16,4625777,GB1,2025,domestic_league,1237,931,Brighton & Hove Albion,Fulham FC,1,1
2025-08-16,4625778,GB1,2025,domestic_league,289,379,Sunderland AFC,West Ham United,3,0
2025-08-16,4625779,GB1,2025,domestic_league,148,1132,Tottenham Hotspur,Burnley FC,3,0
2025-08-16,4625780,GB1,2025,domestic_league,543,281,Wolverhampton Wanderers,Manchester City,0,4
2025-08-16,4627491,BE1,2025,domestic_league,3508,2282,Zulte Waregem,Club Brugge KV,0,1
2025-08-16,4627492,BE1,2025,domestic_league,354,157,KV Mechelen,KAA Gent,1,1
2025-08-16,4627493,BE1,2025,domestic_league,3948,3057,Union Saint-Gilloise,Standard Liège,3,0
2025-08-16,4631310,CIT,2025,domestic_cup,607,2581,Venezia FC,Mantova 1911,4,0
2025-08-16,4631311,CIT,2025,domestic_cup,1047,4554,Como 1907,FC Südtirol,3,1
2025-08-16,4631312,CIT,2025,domestic_cup,2239,458,US Cremonese,Palermo FC,4,5
2025-08-16,4635007,FR1,2025,domestic_league,826,1041,RC Lens,Olympique Lyon,0,1
2025-08-16,4635008,FR1,2025,domestic_league,417,415,OGC Nice,FC Toulouse,0,1
2025-08-16,4635013,FR1,2025,domestic_league,162,738,AS Monaco,Le Havre AC,3,1
2025-08-16,4640717,SER1,2025,domestic_league,448,8819,FK Vojvodina Novi Sad,FK Javor-Matis Ivanjica,2,2
2025-08-16,4640721,SER1,2025,domestic_league,4633,33328,FK Novi Pazar,FK Radnik Surdulica,2,0
2025-08-16,4641416,NL1,2025,domestic_league,202,306,FC Groningen,SC Heerenveen,2,1
2025-08-16,4641417,NL1,2025,domestic_league,798,234,Excelsior Rotterdam,Feyenoord Rotterdam,1,2
2025-08-16,4641418,NL1,2025,domestic_league,1304,467,Heracles Almelo,NEC Nijmegen,1,4
2025-08-16,4642886,A1,2025,domestic_league,4467,409,TSV Hartberg,Fußballclub Red Bull Salzburg,1,2
2025-08-16,4642887,A1,2025,domestic_league,316,2446,Grazer AK 1902,WSG Tirol,1,1
2025-08-16,4642888,A1,2025,domestic_league,266,122,SV Ried,Sportklub Puntigamer Sturm Graz,1,3
2025-08-16,4645605,ES1,2025,domestic_league,1108,3368,Deportivo Alavés,Levante UD,2,1
2025-08-16,4645608,ES1,2025,domestic_league,237,131,RCD Mallorca,FC Barcelona,0,3
2025-08-16,4645611,ES1,2025,domestic_league,1049,681,Valencia CF,Real Sociedad,1,1
2025-08-16,4646035,UKR1,2025,domestic_league,18303,55686,FC Oleksandriya,TOV FK Metalist 1925 Kharkiv,1,4
2025-08-16,4646036,UKR1,2025,domestic_league,84122,338,Epicentr Kamyanets-Podilskyi,Dynamo Kyiv,1,4
2025-08-16,4646040,UKR1,2025,domestic_league,48332,85465,Kolos Kovalivka,Karpaty Lviv,1,1
2025-08-16,4646350,TR1,2025,domestic_league,11282,126,Alanyaspor,Caykur Rizespor,0,0
2025-08-16,4646352,TR1,2025,domestic_league,1467,36,Göztepe,Fenerbahce,0,0
2025-08-16,4646355,TR1,2025,domestic_league,120,152,Kocaelispor,Samsunspor,0,1
2025-08-16,4648642,PO1,2025,domestic_league,2420,1465,Vitória Guimarães SC,GD Estoril Praia,3,2
2025-08-16,4648644,PO1,2025,domestic_league,7179,3329,CD Tondela,FC Famalicão,0,1
2025-08-16,4648645,PO1,2025,domestic_league,2431,294,CF Estrela Amadora,SL Benfica,0,1
2025-08-16,4648957,RO1,2025,domestic_league,9465,58049,Petrolul Ploiesti,FC Hermannstadt,1,1
2025-08-16,4649219,RU1,2025,domestic_league,232,964,FK Spartak Moskva,AO FK Zenit Sankt-Peterburg,2,2
2025-08-16,4649222,RU1,2025,domestic_league,3725,2696,RFK Akhmat Grozny,PFK Krylya Sovetov Samara,3,1
2025-08-16,4649225,RU1,2025,domestic_league,2741,932,FK Baltika,"Футбольный клуб ""Локомотив"" Москва",1,1
2025-08-16,4669573,CIT,2025,domestic_cup,1390,20519,Cagliari Calcio,Virtus Entella,6,5
2025-08-16,4693227,COL1,2025,,17425,38628,Internacional de Bogotá,Llaneros FC,2,1
2025-08-16,4693228,COL1,2025,,20590,14649,Rionegro Águilas,Boyacá Chicó FC,2,0
2025-08-17,4522730,NO1,2024,domestic_league,4309,1057,Hamarkameratene,Bryne FK,1,0
2025-08-17,4522731,NO1,2024,domestic_league,23184,687,KFUM-Kameratene Oslo,Molde Fotballklubb,0,0
2025-08-17,4522732,NO1,2024,domestic_league,21101,6399,Kristiansund Ballklubb,Sandefjord Fotball,2,2
2025-08-17,4522734,NO1,2024,domestic_league,1293,1100,Tromsø Idrettslag,Sportsklubben Brann,1,2
2025-08-17,4522736,NO1,2024,domestic_league,76,10217,Vålerengens Idrettsforening,Sarpsborg 08 Fotballforening,4,0
2025-08-17,4525642,SE1,2024,domestic_league,1059,7009,Hammarby IF,Göteborgs Atlet- och Idrottssällskap,1,2
2025-08-17,4525643,SE1,2024,domestic_league,1092,7945,Idrottsföreningen  Brommapojkarna,IK Sirius,2,4
2025-08-17,4525644,SE1,2024,domestic_league,801,272,Idrottsföreningen Kamraterna Göteborg,Allmänna Idrottsklubben,2,1
2025-08-17,4525645,SE1,2024,domestic_league,1109,1236,BK Häcken,Östers IF,0,2
2025-08-17,4525646,SE1,2024,domestic_league,2719,1044,Mjällby Almänna Idrottsförening,Djurgårdens Idrottsförening,1,1
2025-08-17,4529843,RSK1,2024,domestic_league,6505,6500,Gimcheon Sangmu Football Club,Football Club Seoul,6,2
2025-08-17,4529844,RSK1,2024,domestic_league,30925,6499,Gwangju Football Club,Foundation Coorperation Hana Financial Group Inc. Football Club,2,0
2025-08-17,4530493,JAP1,2024,domestic_league,22171,6632,Fagiano Okayama Sports Club,Hitachi Kashiwa Reysol,2,1
2025-08-17,4582282,BRA1,2024,domestic_league,199,10010,Sport Club Corinthians Paulista,Esporte Clube Bahia,1,2
2025-08-17,4582290,BRA1,2024,domestic_league,221,978,Santos Futebol Clube,Club de Regatas Vasco da Gama,0,6
2025-08-17,4582306,BRA1,2024,domestic_league,330,210,Clube Atlético Mineiro,Grêmio Foot-Ball Porto Alegrense,1,3
2025-08-17,4582312,BRA1,2024,domestic_league,6600,614,Sport Club Internacional,Clube de Regatas do Flamengo,1,3
2025-08-17,4587128,MLS1,2024,domestic_league,78435,6643,Charlotte Football Club,Real Salt Lake,1,0
2025-08-17,4587129,MLS1,2024,domestic_league,69261,1061,Club Internacional de Fútbol Miami,Los Angeles Galaxy,3,1
2025-08-17,4587130,MLS1,2024,domestic_league,4078,2440,Club de Foot Montréal,D.C. United,1,1
2025-08-17,4587131,MLS1,2024,domestic_league,626,51828,New England Revolution,Los Angeles Football Club,0,2
2025-08-17,4587132,MLS1,2024,domestic_league,623,25467,Red Bull New York,Philadelphia Union,1,0
2025-08-17,4587133,MLS1,2024,domestic_league,45604,4284,Orlando City Soccer Club,Sporting Kansas City,3,1
2025-08-17,4587134,MLS1,2024,domestic_league,11141,813,Toronto FC,Columbus Crew,1,1
2025-08-17,4587135,MLS1,2024,domestic_league,72309,8816,Austin FC,FC Dallas,1,1
2025-08-17,4587136,MLS1,2024,domestic_league,432,82686,Chicago Fire Soccer Club,St. Louis City Soccer Club,3,2
2025-08-17,4587137,MLS1,2024,domestic_league,56089,9636,Minnesota United FC,Seattle Sounders FC,1,0
2025-08-17,4587138,MLS1,2024,domestic_league,1247,51663,Colorado Rapids,Atlanta United Football Club,3,1
2025-08-17,4587139,MLS1,2024,domestic_league,4291,51772,Portland Timbers,Football Club Cincinnati,2,3
2025-08-17,4587140,MLS1,2024,domestic_league,40058,63966,New York City Football Club,Nashville SC,2,1
2025-08-17,4620653,PL1,2025,domestic_league,2118,255,Wisla Plock,Legia Warszawa,1,0
2025-08-17,4620654,PL1,2025,domestic_league,15906,9644,Termalica Bruk-Bet Nieciecza Klub Sportowy,Raków Częstochowa,2,3
2025-08-17,4620657,PL1,2025,domestic_league,7154,2300,Radomiak Radom,Jagiellonia Bialystok,1,2
2025-08-17,4620658,PL1,2025,domestic_league,324,428,Pogon Szczecin,Górnik Zabrze,0,3
2025-08-17,4623578,DFB,2025,domestic_cup,497,33,1.FC Lokomotive Leipzig,FC Schalke 04,0,1
2025-08-17,4623581,DFB,2025,domestic_cup,4883,65,Blau-Weiß Lohne,SpVgg Greuther Fürth,0,2
2025-08-17,4623584,DFB,2025,domestic_cup,459,269,FC 08 Homburg,Holstein Kiel,0,2
2025-08-17,4623585,DFB,2025,domestic_cup,109,3,SSV Jahn Regensburg,1.FC Köln,1,2
2025-08-17,4623592,DFB,2025,domestic_cup,2085,24,FV Engers 07,Eintracht Frankfurt,0,5
2025-08-17,4623594,DFB,2025,domestic_cup,2643,48,ZFC Meuselwitz,Karlsruher SC,0,5
2025-08-17,4623597,DFB,2025,domestic_cup,29476,2,RSV Eintracht 1949,1.FC Kaiserslautern,0,7
2025-08-17,4623598,DFB,2025,domestic_cup,1622,127,FC Viktoria Köln,SC Paderborn 07,1,3
2025-08-17,4623599,DFB,2025,domestic_cup,29988,18,SV Atlas Delmenhorst,Borussia Mönchengladbach,2,3
2025-08-17,4623600,DFB,2025,domestic_cup,440,167,Hallescher FC,FC Augsburg,0,2
2025-08-17,4623603,DFB,2025,domestic_cup,69,64,SSV Ulm 1846,SV 07 Elversberg,0,1
2025-08-17,4624552,TS1,2025,domestic_league,697,197,FC Slovan Liberec,AC Sparta Prague,0,2
2025-08-17,4624555,TS1,2025,domestic_league,13726,715,MFK Karvina,"Bohemians Praha 1905, a.s.",1,2
2025-08-17,4625266,KR1,2025,domestic_league,599,327,NK Varazdin,NK Osijek,0,0
2025-08-17,4625267,KR1,2025,domestic_league,447,2362,HNK Hajduk Split,Slaven Belupo Koprivnica,3,0
2025-08-17,4625776,GB1,2025,domestic_league,703,1148,Nottingham Forest,Brentford FC,3,1
2025-08-17,4625781,GB1,2025,domestic_league,631,873,Chelsea FC,Crystal Palace,0,0
2025-08-17,4625782,GB1,2025,domestic_league,985,11,Manchester United,Arsenal FC,0,1
2025-08-17,4627494,BE1,2025,domestic_league,9010,58,FCV Dender EH,RSC Anderlecht,0,2
2025-08-17,4627495,BE1,2025,domestic_league,475,3901,Sint-Truidense VV,RAAL La Louvière,2,1
2025-08-17,4627496,BE1,2025,domestic_league,172,1096,Royal Charleroi Sporting Club,Royal Antwerp FC,1,1
2025-08-17,4627497,BE1,2025,domestic_league,520,968,Cercle Brugge,KVC Westerlo,4,1
2025-08-17,4631313,CIT,2025,domestic_cup,2919,8970,AC Monza,Frosinone Calcio,0,1
2025-08-17,4631314,CIT,2025,domestic_cup,1429,4172,Cesena FC,Pisa Sporting Club,1,2
2025-08-17,4631315,CIT,2025,domestic_cup,5,332,AC Milan,FC Bari 1908,2,0
2025-08-17,4635009,FR1,2025,domestic_league,290,1158,AJ Auxerre,FC Lorient,1,0
2025-08-17,4635010,FR1,2025,domestic_league,3911,1082,Stade Brestois 29,LOSC Lille,3,3
2025-08-17,4635011,FR1,2025,domestic_league,1420,10004,Angers SCO,Paris FC,1,0
2025-08-17,4635012,FR1,2025,domestic_league,347,667,FC Metz,RC Strasbourg Alsace,0,1
2025-08-17,4635014,FR1,2025,domestic_league,995,583,FC Nantes,Paris Saint-Germain,0,1
2025-08-17,4640718,SER1,2025,domestic_league,3137,53,FK TSC Backa Topola,OFK Beograd,1,3
2025-08-17,4640722,SER1,2025,domestic_league,59358,7567,FK Zeleznicar Pancevo,FK Radnicki Nis,3,0
2025-08-17,4640724,SER1,2025,domestic_league,4645,788,FK Radnicki 1923 Kragujevac,FK Napredak Krusevac,0,0
2025-08-17,4641419,NL1,2025,domestic_league,1435,610,Go Ahead Eagles,Ajax Amsterdam,2,2
2025-08-17,4641420,NL1,2025,domestic_league,317,383,FC Twente Enschede,PSV Eindhoven,0,2
2025-08-17,4641421,NL1,2025,domestic_league,468,200,Sparta Rotterdam,FC Utrecht,2,1
2025-08-17,4641422,NL1,2025,domestic_league,724,1090,FC Volendam,AZ Alkmaar,2,2
2025-08-17,4641423,NL1,2025,domestic_league,132,385,NAC Breda,Fortuna Sittardia Combinatie,2,1
2025-08-17,4642889,A1,2025,domestic_league,413,14,LASK,Austria Vienna,2,1
2025-08-17,4642890,A1,2025,domestic_league,170,3551,Rapid Vienna,Sportclub Rheindorf Altach,0,0
2025-08-17,4642891,A1,2025,domestic_league,4441,2157,Wolfsberger AC,FC Blau-Weiss Linz,3,0
2025-08-17,4645607,ES1,2025,domestic_league,714,13,RCD Espanyol Barcelona,Atlético de Madrid,2,1
2025-08-17,4645613,ES1,2025,domestic_league,621,368,Athletic Bilbao,Sevilla FC,3,2
2025-08-17,4645614,ES1,2025,domestic_league,940,3709,Celta de Vigo,Getafe CF,0,2
2025-08-17,4646039,UKR1,2025,domestic_league,87883,81401,FC Kudrivka,SC Poltava,3,1
2025-08-17,4646041,UKR1,2025,domestic_league,26459,660,NK Veres Rivne,FC Shakhtar Donetsk,0,2
2025-08-17,4646042,UKR1,2025,domestic_league,53646,63007,FK Polissya Zhytomyr,LNZ Cherkasy,0,2
2025-08-17,4646348,TR1,2025,domestic_league,2293,2832,Konyaspor,Gaziantep FK,3,0
2025-08-17,4646349,TR1,2025,domestic_league,114,7160,Beşiktaş Jimnastik Kulübü,Eyüpspor,2,1
2025-08-17,4646351,TR1,2025,domestic_league,6890,3205,Basaksehir FK,Kayserispor,1,1
2025-08-17,4646354,TR1,2025,domestic_league,820,589,Gençlerbirliği Spor Kulübü,Antalyaspor,0,1
2025-08-17,4648303,DK1,2025,domestic_league,443,865,Vejle Boldklub,FC Midtjylland,0,2
2025-08-17,4648304,DK1,2025,domestic_league,1063,1177,Viborg FF,Silkeborg IF,2,3
2025-08-17,4648305,DK1,2025,domestic_league,5724,206,Randers FC,Bröndby IF,0,2
2025-08-17,4648638,PO1,2025,domestic_league,2521,1075,FC Alverca,SC Braga,0,3
2025-08-17,4648640,PO1,2025,domestic_league,2423,979,CD Santa Clara,Moreirense FC,0,1
2025-08-17,4648641,PO1,2025,domestic_league,2425,982,Rio Ave FC,CD Nacional,1,1
2025-08-17,4648643,PO1,2025,domestic_league,336,8024,Sporting CP,FC Arouca,6,0
2025-08-17,4648953,RO1,2025,domestic_league,455,301,FC Rapid 1923,FCSB,2,2
2025-08-17,4648956,RO1,2025,domestic_league,7769,8818,CFR Cluj,FC Botosani,3,3
2025-08-17,4648958,RO1,2025,domestic_league,37255,40812,FK Csikszereda Miercurea Ciuc,Universitatea Craiova,1,2
2025-08-17,4649220,RU1,2025,domestic_league,16704,41231,FK Krasnodar,FK Sochi,5,1
2025-08-17,4649221,RU1,2025,domestic_league,121,2410,FK Dinamo Moskva,PFK CSKA Moskva,1,3
2025-08-17,4649223,RU1,2025,domestic_league,2698,1083,FC Rubin Kazan,FK Rostov,1,0
2025-08-17,4649226,RU1,2025,domestic_league,71985,14589,Akron Togliatti,FC Orenburg,1,2
2025-08-17,4669574,CIT,2025,domestic_cup,130,2921,Parma Calcio 1913,Delfino Pescara 1936,2,0
2025-08-17,4693229,COL1,2025,,8172,32041,Atlético Nacional,Fortaleza CEIF,2,2
2025-08-18,4525649,SE1,2024,domestic_league,3622,3641,IFK Värnamo,Degerfors IF,3,2
2025-08-18,4582277,BRA1,2024,domestic_league,537,1023,S. A. F. Botafogo,Sociedade Esportiva Palmeiras,0,1
2025-08-18,4587141,MLS1,2024,domestic_league,218,114977,San Jose Earthquakes,San Diego Football Club,1,2
2025-08-18,4587142,MLS1,2024,domestic_league,6321,9168,Vancouver Whitecaps FC,Houston Dynamo,1,1
2025-08-18,4623572,DFB,2025,domestic_cup,129,39,SG Dynamo Dresden,1.FSV Mainz 05,0,1
2025-08-18,4623574,DFB,2025,domestic_cup,103,38,1.FC Schweinfurt 05,Fortuna Düsseldorf,2,4
2025-08-18,4623586,DFB,2025,domestic_cup,91,44,Preußen Münster,Hertha BSC,3,5
2025-08-18,4623596,DFB,2025,domestic_cup,56,16,Rot-Weiss Essen,Borussia Dortmund,0,1
2025-08-18,4625783,GB1,2025,domestic_league,399,29,Leeds United,Everton FC,1,0
2025-08-18,4631316,CIT,2025,domestic_cup,3522,1038,Spezia Calcio,UC Sampdoria,5,3
2025-08-18,4631317,CIT,2025,domestic_cup,410,4159,Udinese Calcio,Carrarese Calcio 1908,2,0
2025-08-18,4631318,CIT,2025,domestic_cup,416,1385,Torino FC,Modena FC,1,0
2025-08-18,4640723,SER1,2025,domestic_league,669,32113,FK Partizan Belgrade,FK IMT Belgrad,5,1
2025-08-18,4645609,ES1,2025,domestic_league,1531,150,Elche CF,Real Betis Balompié,1,1
2025-08-18,4646037,UKR1,2025,domestic_league,10690,3592,Zorya Lugansk,Kryvbas Kryvyi Rig,2,3
2025-08-18,4646347,TR1,2025,domestic_league,10484,449,Kasimpasa,Trabzonspor,0,1
2025-08-18,4648306,DK1,2025,domestic_league,173,678,Odense Boldklub,Aarhus GF,1,5
2025-08-18,4648639,PO1,2025,domestic_league,2424,720,Gil Vicente FC,FC Porto,0,2
2025-08-18,4648954,RO1,2025,domestic_league,41278,4959,ACSC FC Arges,SC Otelul Galati,2,0
2025-08-18,4648955,RO1,2025,domestic_league,29831,6429,FCV Farul Constanta,FC Universitatea Cluj,0,1
2025-08-18,4649224,RU1,2025,domestic_league,49702,75231,FK Nizhny Novgorod,Dinamo Makhachkala,2,0
2025-08-18,4669575,CIT,2025,domestic_cup,22249,276,Audace Cerignola,Hellas Verona,3,5
2025-08-18,4693231,COL1,2025,,10503,2350,Deportes Tolima,Millonarios FC,3,1
2025-08-18,4693233,COL1,2025,,11854,6495,Junior FC,Atlético Bucaramanga,2,1
2025-08-18,4697241,GRP,2025,domestic_cup,21600,2672,Makedonikos,APO Levadiakos Football Club,1,2
2025-08-18,4697245,GRP,2025,domestic_cup,5572,6418,Niki Volou,Panetolikos Agrinio,1,2
2025-08-19,4582297,BRA1,2024,domestic_league,3876,609,Mirasol Futebol Clube,Cruzeiro Esporte Clube,1,1
2025-08-19,4624541,TS1,2025,domestic_league,5546,941,FK Mlada Boleslav,FC Viktoria Plzen,0,5
2025-08-19,4645610,ES1,2025,domestic_league,418,331,Real Madrid,CA Osasuna,1,0
2025-08-19,4693234,COL1,2025,,10090,10093,Asociación Deportivo Pasto,Independiente Medellín,1,2
2025-08-19,4697235,GRP,2025,domestic_cup,2671,60949,PAS Giannina,Volou Neos Podosferikos Syllogos,0,4
2025-08-19,4697236,GRP,2025,domestic_cup,3391,3385,Kavala FC,Panserraikos Serres,6,5
2025-08-19,4697239,GRP,2025,domestic_cup,9,4603,Kalamata FC,Athlitiki Enosi Larisas,1,2
2025-08-19,4697242,GRP,2025,domestic_cup,4585,30120,Anagennisi Karditsas,Athlitiki Enosi Kifisias,3,4
2025-08-19,4697243,GRP,2025,domestic_cup,2984,4007,Egaleo FC,Panargiakos,7,6
2025-08-19,4697246,CLQ,2025,international_cup,124,2282,Rangers FC,Club Brugge KV,1,3
2025-08-19,4697247,CLQ,2025,international_cup,279,10625,Ferencvárosi TC,Qarabağ FK,1,3
2025-08-19,4697248,CLQ,2025,international_cup,159,45457,Red Star Belgrade,Pafos FC,1,2
2025-08-19,4699157,RUP,2025,domestic_cup,28098,101577,FK Kaluga,Amkal Moscow,0,1
2025-08-19,4699167,RUP,2025,domestic_cup,67241,59522,Kuban Krasnodar,PSK Dinskaya,1,2
2025-08-19,4699168,RUP,2025,domestic_cup,65683,15122,Kuban Holding Pavlovskaya,Nart Cherkessk,4,3
2025-08-19,4699169,RUP,2025,domestic_cup,12045,12041,Dinamo Stavropol,Angusht Nazran,4,2
2025-08-19,4699177,RUP,2025,domestic_cup,6672,12052,Salyut Belgorod,FC Ryazan,3,0
2025-08-19,4699178,RUP,2025,domestic_cup,71624,3723,Spartak Tambov,Metallurg Lipetsk,2,1
2025-08-19,4699853,RUP,2025,domestic_cup,12420,101582,Irtysh Omsk,Temp Barnaul,2,4
2025-08-20,4530563,JAP1,2024,domestic_league,2697,3958,Sanfrecce Hiroshima,Rakuten Vissel Kobe,0,1
2025-08-20,4582179,BRA1,2024,domestic_league,10492,978,Esporte Clube Juventude,Club de Regatas Vasco da Gama,2,0
2025-08-20,4693235,COL1,2025,,11648,7136,Independiente Santa Fe,Envigado FC,1,0
2025-08-20,4697237,GRP,2025,domestic_cup,35433,3062,Kampaniakos,Athens Kallithea,0,1
2025-08-20,4697238,GRP,2025,domestic_cup,85955,40445,Ellas Syros,Nestos Chrysoupoli,1,0
2025-08-20,4697240,GRP,2025,domestic_cup,37276,4001,PAE Chania,Marko FC,0,1
2025-08-20,4697244,GRP,2025,domestic_cup,169,47,Panionios Athens,Iraklis Thessaloniki,3,4
2025-08-20,4697249,CLQ,2025,international_cup,501,122,Fotballklubben Bodø/Glimt,Sportklub Puntigamer Sturm Graz,5,0
2025-08-20,4697250,CLQ,2025,international_cup,371,10482,Celtic FC,Kairat Almaty,0,0
2025-08-20,4697251,CLQ,2025,international_cup,26,190,FC Basel 1893,FC Copenhagen,1,1
2025-08-20,4697252,CLQ,2025,international_cup,36,294,Fenerbahce,SL Benfica,0,0
2025-08-20,4699156,RUP,2025,domestic_cup,58065,68289,Veles Moscow,Znamya Noginsk,2,0
2025-08-20,4699158,RUP,2025,domestic_cup,132096,54924,Kristall-MEZT Borisoglebsk,FC Murom,3,2
2025-08-20,4699160,RUP,2025,domestic_cup,17399,40896,Zenit Penza,Strogino Moscow,1,0
2025-08-20,4699161,RUP,2025,domestic_cup,54923,45913,FK Cherepovets,Trevis &amp; VVK St. Petersburg,2,1
2025-08-20,4699162,RUP,2025,domestic_cup,75596,55591,Dinamo Vologda,Dinamo St. Petersburg,1,0
2025-08-20,4699163,RUP,2025,domestic_cup,20529,132095,Dinamo Kirov,Fankom Kirov,13,14
2025-08-20,4699165,RUP,2025,domestic_cup,55013,75506,Legion-Dinamo Makhachkala,Alania Vladikavkaz,6,5
2025-08-20,4699166,RUP,2025,domestic_cup,11123,8835,Mashuk-KMV Pyatigorsk,Spartak Nalchik,4,2
2025-08-20,4699170,RUP,2025,domestic_cup,12432,109516,FK Astrakhan,Pobeda Khasavyurt,1,0
2025-08-20,4699171,RUP,2025,domestic_cup,12444,12043,Znamya Truda Orekhovo-Zuevo,Dinamo Barnaul,2,1
2025-08-20,4699172,RUP,2025,domestic_cup,71623,70777,Torpedo Miass,Volna Kovernino,3,5
2025-08-20,4699173,RUP,2025,domestic_cup,20923,4128,Khimik Dzerzhinsk,Amkar Perm,6,4
2025-08-20,4699175,RUP,2025,domestic_cup,6432,43502,Volgar Astrakhan,Chertanovo Moscow,2,1
2025-08-20,4699176,RUP,2025,domestic_cup,99200,101576,Kosmos Dolgoprudnyi,2DROTS Moskau,1,0
2025-08-20,4699179,RUP,2025,domestic_cup,11121,2737,Dinamo Bryansk,Saturn Ramenskoe,2,3
2025-08-20,4699854,RUP,2025,domestic_cup,128785,91328,KDV Tomsk,Dinamo Vladivostok,3,0
2025-08-20,4699878,RUP,2025,domestic_cup,39200,67107,Luki-Energia Velikie Luki,FC Leningradets,2,0
2025-08-21,4654976,COL1,2025,,2350,14680,Millonarios FC,Unión Magdalena,1,2
2025-08-21,4699159,RUP,2025,domestic_cup,11122,121097,Avangard Kursk,Broke Boys Moscow,1,2
2025-08-21,4699164,RUP,2025,domestic_cup,12054,91532,FC Tyumen,Ilpar Ilyinsky,4,1
2025-08-21,4699174,RUP,2025,domestic_cup,11125,82718,Tekstilshchik Ivanovo,Volga Tver,5,4
2025-08-21,4699883,RUP,2025,domestic_cup,55329,75068,FC Irkutsk,Sibir Novosibirsk,2,0
2025-08-21,4705687,ELQ,2025,other,119,338,Maccabi Tel Aviv,Dynamo Kyiv,3,1
2025-08-21,4705688,ELQ,2025,other,1167,31614,Shkendija Tetovo,Ludogorets Razgrad,2,1
2025-08-21,4705689,ELQ,2025,other,540,452,Slovan Bratislava,BSC Young Boys,0,1
2025-08-21,4705690,ELQ,2025,other,496,2311,Malmö Fotbollförening,"SK Sigma Olomouc, a.s.",3,0
2025-08-21,4705691,ELQ,2025,other,265,152,Panathinaikos Athlitikos Omilos,Samsunspor,2,1
2025-08-21,4705692,ELQ,2025,other,370,301,Aberdeen FC,FCSB,2,2
2025-08-21,4705693,ELQ,2025,other,238,1184,Lech Poznan,KRC Genk,1,5
2025-08-21,4705694,ELQ,2025,other,865,6251,FC Midtjylland,Kuopion Palloseura,4,0
2025-08-21,4705695,ELQ,2025,other,38204,1075,Lincoln Red Imps FC,SC Braga,0,4
2025-08-21,4705696,ELQ,2025,other,6808,200,HSK Zrinjski Mostar,FC Utrecht,0,2
2025-08-21,4705697,ELQ,2025,other,1100,2156,Sportsklubben Brann,AEK Larnaca,2,1
2025-08-21,4705698,ELQ,2025,other,144,1091,HNK Rijeka,Panthessalonikios Athlitikos Omilos Konstantinoupoliton,1,0
2025-08-21,4707329,ECLQ,2025,other,17149,33783,Hamrun Spartans,FC RFS,1,0
2025-08-21,4707330,ECLQ,2025,other,3909,3471,Shelbourne FC,Linfield FC,3,1
2025-08-21,4707331,ECLQ,2025,other,3737,10613,Breidablik Kópavogur,AC Virtus Acquaviva,2,1
2025-08-21,4707332,ECLQ,2025,other,33741,11914,FC Drita,FC Differdange 03,2,1
2025-08-21,4707333,ECLQ,2025,other,4772,60368,NK Olimpija Ljubljana,FC Noah Yerevan,1,4
2025-08-21,4707334,ECLQ,2025,other,667,206,RC Strasbourg Alsace,Bröndby IF,0,0
2025-08-21,4707335,ECLQ,2025,other,2300,588,Jagiellonia Bialystok,FC Dinamo City,3,0
2025-08-21,4707336,ECLQ,2025,other,660,61,FC Shakhtar Donetsk,Servette FC,1,1
2025-08-21,4707337,ECLQ,2025,other,58,2441,RSC Anderlecht,Athlitiki Enosi Konstantinoupoleos,1,1
2025-08-21,4707338,ECLQ,2025,other,6890,40812,Basaksehir FK,Universitatea Craiova,1,2
2025-08-21,4707339,ECLQ,2025,other,873,3837,Crystal Palace,Fredrikstad Fotballklubb,1,0
2025-08-21,4707340,ECLQ,2025,other,710,377,NK Celje,FC Baník Ostrava a.s.,1,0
2025-08-21,4707341,ECLQ,2025,other,9644,40604,Raków Częstochowa,Arda Kardzhali,1,0
2025-08-21,4707342,ECLQ,2025,other,903,255,Hibernian FC,Legia Warszawa,1,2
2025-08-21,4707343,ECLQ,2025,other,156,1090,Levski Sofia,AZ Alkmaar,0,2
2025-08-21,4707344,ECLQ,2025,other,53646,430,FK Polissya Zhytomyr,ACF Fiorentina,0,3
2025-08-21,4707345,ECLQ,2025,other,6055,170,ETO FC,Rapid Vienna,2,1
2025-08-21,4707346,ECLQ,2025,other,14178,367,Neman Grodno,Rayo Vallecano,0,1
2025-08-21,4707347,ECLQ,2025,other,527,114,Football Club Lausanne-Sport,Beşiktaş Jimnastik Kulübü,1,1
2025-08-21,4707348,ECLQ,2025,other,2423,3258,CD Santa Clara,Shamrock Rovers,1,2
2025-08-21,4707349,ECLQ,2025,other,195,39,Rosenborg Ballklub,1.FSV Mainz 05,2,1
2025-08-21,4707350,ECLQ,2025,other,197,48325,AC Sparta Prague,Riga FC,2,0
2025-08-21,4707351,ECLQ,2025,other,1109,7769,BK Häcken,CFR Cluj,7,2
2025-08-21,4707352,ECLQ,2025,other,4441,829,Wolfsberger AC,Omonia Nicosia,2,1
2025-08-22,4522653,NO1,2024,domestic_league,23184,4309,KFUM-Kameratene Oslo,Hamarkameratene,2,2
2025-08-22,4530495,JAP1,2024,domestic_league,6632,828,Hitachi Kashiwa Reysol,Urawa Red Diamonds,4,2
2025-08-22,4623155,PL1,2025,domestic_league,7154,15906,Radomiak Radom,Termalica Bruk-Bet Nieciecza Klub Sportowy,1,1
2025-08-22,4623157,PL1,2025,domestic_league,88,324,Widzew Lodz,Pogon Szczecin,1,2
2025-08-22,4625784,GB1,2025,domestic_league,379,631,West Ham United,Chelsea FC,1,5
2025-08-22,4632805,L1,2025,domestic_league,27,23826,Bayern Munich,RB Leipzig,6,0
2025-08-22,4635023,FR1,2025,domestic_league,583,1420,Paris Saint-Germain,Angers SCO,1,0
2025-08-22,4640924,SER1,2025,domestic_league,8819,788,FK Javor-Matis Ivanjica,FK Napredak Krusevac,0,0
2025-08-22,4645521,ES1,2025,domestic_league,150,1108,Real Betis Balompié,Deportivo Alavés,1,0
2025-08-22,4646361,TR1,2025,domestic_league,6646,1467,Fatih Karagümrük,Göztepe,0,2
2025-08-22,4648995,RO1,2025,domestic_league,952,29700,UTA Arad,AFC Unirea 04 Slobozia,1,1
2025-08-22,4648996,RO1,2025,domestic_league,37624,455,FC Metaloglobus Bucharest,FC Rapid 1923,1,2
2025-08-22,4649232,RU1,2025,domestic_league,14589,3725,FC Orenburg,RFK Akhmat Grozny,2,2
2025-08-22,4704426,KR1,2025,domestic_league,456,24575,HNK Vukovar 1991,HNK Gorica,2,2
2025-08-22,4705950,UKRP,2025,domestic_cup,132383,49364,Karbon Cherkasy,Ingulets Petrove,1,2
2025-08-22,4705954,UKRP,2025,domestic_cup,67939,2740,Viktoriya Mykolaivka,Vorskla Poltava,1,0
2025-08-22,4705956,UKRP,2025,domestic_cup,27227,48332,Lokomotyv Kyiv,Kolos Kovalivka,6,4
2025-08-22,4705962,UKRP,2025,domestic_cup,132448,83678,Mayak Sarny,Metalist Kharkiv,0,2
2025-08-23,4529878,RSK1,2024,domestic_league,6505,31622,Gimcheon Sangmu Football Club,Suwon FC,3,2
2025-08-23,4529879,RSK1,2024,domestic_league,30925,21459,Gwangju Football Club,Gangwon Football Club,0,1
2025-08-23,4529880,RSK1,2024,domestic_league,6504,19684,Daegu FC,Jeju SK Football Club,2,2
2025-08-23,4530497,JAP1,2024,domestic_league,3734,2697,Tokyo Verdy,Sanfrecce Hiroshima,0,3
2025-08-23,4530499,JAP1,2024,domestic_league,8344,2241,Albirex Niigata,Kashima Antlers FC,1,2
2025-08-23,4530500,JAP1,2024,domestic_league,1066,9598,Nagoya Grampus Eight,Kawasaki Frontale,3,4
2025-08-23,4530501,JAP1,2024,domestic_league,596,943,Gamba Osaka,Yokohama FC,3,2
2025-08-23,4530502,JAP1,2024,domestic_league,1022,3958,Cerezo Osaka,Rakuten Vissel Kobe,1,1
2025-08-23,4530503,JAP1,2024,domestic_league,22171,8457,Fagiano Okayama Sports Club,Shonan Bellmare,1,0
2025-08-23,4530504,JAP1,2024,domestic_league,9597,1062,Avispa Fukuoka,S-Pulse,0,0
2025-08-23,4582044,BRA1,2024,domestic_league,8793,2462,Red Bull Bragantino,Fluminense Football Club,4,2
2025-08-23,4582045,BRA1,2024,domestic_league,609,6600,Cruzeiro Esporte Clube,Sport Club Internacional,2,1
2025-08-23,4620687,IT1,2025,domestic_league,252,1005,Genoa CFC,US Lecce,0,0
2025-08-23,4620690,IT1,2025,domestic_league,5,2239,AC Milan,US Cremonese,1,2
2025-08-23,4620691,IT1,2025,domestic_league,12,1025,Associazione Sportiva Roma,Bologna Football Club 1909,1,0
2025-08-23,4620692,IT1,2025,domestic_league,6574,6195,US Sassuolo,SSC Napoli,0,2
2025-08-23,4623150,PL1,2025,domestic_league,428,6456,Górnik Zabrze,GKS GieKSa Katowice Spółka Akcyjna,3,0
2025-08-23,4623151,PL1,2025,domestic_league,6110,3527,Korona Kielce,Motor Lublin Spółka Akcyjna,2,0
2025-08-23,4624559,TS1,2025,domestic_league,5545,697,FC Zlin,FC Slovan Liberec,1,0
2025-08-23,4624560,TS1,2025,domestic_league,941,13726,FC Viktoria Plzen,MFK Karvina,2,1
2025-08-23,4624564,TS1,2025,domestic_league,62,1496,SK Slavia Prague,FK Pardubice,3,1
2025-08-23,4624565,TS1,2025,domestic_league,814,1322,FK Teplice,FK Jablonec,0,1
2025-08-23,4625270,KR1,2025,domestic_league,419,999,GNK Dinamo Zagreb,NK Istra 1961,3,0
2025-08-23,4625272,KR1,2025,domestic_league,2362,11194,Slaven Belupo Koprivnica,NK Lokomotiva Zagreb,1,2
2025-08-23,4625786,GB1,2025,domestic_league,281,148,Manchester City,Tottenham Hotspur,0,2
2025-08-23,4625789,GB1,2025,domestic_league,989,543,AFC Bournemouth,Wolverhampton Wanderers,1,0
2025-08-23,4625790,GB1,2025,domestic_league,11,399,Arsenal FC,Leeds United,5,0
2025-08-23,4625791,GB1,2025,domestic_league,1148,405,Brentford FC,Aston Villa,1,0
2025-08-23,4625792,GB1,2025,domestic_league,1132,289,Burnley FC,Sunderland AFC,2,0
2025-08-23,4627253,C1,2025,domestic_league,260,938,FC Zürich,FC Thun,0,4
2025-08-23,4627522,BE1,2025,domestic_league,3057,520,Standard Liège,Cercle Brugge,0,3
2025-08-23,4627523,BE1,2025,domestic_league,3508,475,Zulte Waregem,Sint-Truidense VV,0,2
2025-08-23,4633376,L1,2025,domestic_league,24,86,Eintracht Frankfurt,SV Werder Bremen,4,1
2025-08-23,4634122,L1,2025,domestic_league,15,533,Bayer 04 Leverkusen,TSG 1899 Hoffenheim,1,2
2025-08-23,4634123,L1,2025,domestic_league,60,167,SC Freiburg,FC Augsburg,1,3
2025-08-23,4634126,L1,2025,domestic_league,89,79,1.FC Union Berlin,VfB Stuttgart,2,1
2025-08-23,4634127,L1,2025,domestic_league,35,16,FC St. Pauli,Borussia Dortmund,3,3
2025-08-23,4634128,L1,2025,domestic_league,2036,82,1. Fußballclub Heidenheim 1846,VfL Wolfsburg,1,3
2025-08-23,4635015,FR1,2025,domestic_league,244,10004,Olympique Marseille,Paris FC,5,2
2025-08-23,4635019,FR1,2025,domestic_league,417,290,OGC Nice,AJ Auxerre,3,1
2025-08-23,4635021,FR1,2025,domestic_league,1041,347,Olympique Lyon,FC Metz,3,0
2025-08-23,4638798,SC1,2025,domestic_league,371,1241,Celtic FC,Livingston FC,3,0
2025-08-23,4638801,SC1,2025,domestic_league,43,987,Heart of Midlothian FC,Motherwell FC,3,3
2025-08-23,4638802,SC1,2025,domestic_league,2553,511,Kilmarnock FC,Dundee FC,0,0
2025-08-23,4640922,SER1,2025,domestic_league,53,6622,OFK Beograd,FK Mladost Lucani,1,1
2025-08-23,4640923,SER1,2025,domestic_league,448,3137,FK Vojvodina Novi Sad,FK TSC Backa Topola,2,0
2025-08-23,4641442,NL1,2025,domestic_league,1435,468,Go Ahead Eagles,Sparta Rotterdam,0,3
2025-08-23,4641443,NL1,2025,domestic_league,383,202,PSV Eindhoven,FC Groningen,4,2
2025-08-23,4641444,NL1,2025,domestic_league,1434,724,SC Telstar,FC Volendam,2,2
2025-08-23,4642892,A1,2025,domestic_league,409,413,Fußballclub Red Bull Salzburg,LASK,3,0
2025-08-23,4642893,A1,2025,domestic_league,2157,266,FC Blau-Weiss Linz,SV Ried,0,2
2025-08-23,4645518,ES1,2025,domestic_league,13,1531,Atlético de Madrid,Elche CF,1,1
2025-08-23,4645522,ES1,2025,domestic_league,3368,131,Levante UD,FC Barcelona,2,3
2025-08-23,4645523,ES1,2025,domestic_league,237,940,RCD Mallorca,Celta de Vigo,1,1
2025-08-23,4646362,TR1,2025,domestic_league,2832,820,Gaziantep FK,Gençlerbirliği Spor Kulübü,2,1
2025-08-23,4646363,TR1,2025,domestic_league,36,120,Fenerbahce,Kocaelispor,3,1
2025-08-23,4648307,DK1,2025,domestic_league,190,173,FC Copenhagen,Odense Boldklub,1,1
2025-08-23,4648700,PO1,2025,domestic_league,982,336,CD Nacional,Sporting CP,1,4
2025-08-23,4648701,PO1,2025,domestic_league,8024,2425,FC Arouca,Rio Ave FC,3,3
2025-08-23,4648703,PO1,2025,domestic_league,294,7179,SL Benfica,CD Tondela,3,0
2025-08-23,4648708,PO1,2025,domestic_league,979,2420,Moreirense FC,Vitória Guimarães SC,2,0
2025-08-23,4648998,RO1,2025,domestic_league,6429,312,FC Universitatea Cluj,FC Dinamo 1948,0,1
2025-08-23,4649001,RO1,2025,domestic_league,8818,37255,FC Botosani,FK Csikszereda Miercurea Ciuc,3,1
2025-08-23,4649227,RU1,2025,domestic_league,964,75231,AO FK Zenit Sankt-Peterburg,Dinamo Makhachkala,4,0
2025-08-23,4649230,RU1,2025,domestic_league,121,49702,FK Dinamo Moskva,FK Nizhny Novgorod,3,0
2025-08-23,4649231,RU1,2025,domestic_league,932,1083,"Футбольный клуб ""Локомотив"" Москва",FK Rostov,3,3
2025-08-23,4649233,RU1,2025,domestic_league,2698,232,FC Rubin Kazan,FK Spartak Moskva,0,2
2025-08-23,4658054,GR1,2025,domestic_league,605,60949,Aris Thessalonikis,Volou Neos Podosferikos Syllogos,2,0
2025-08-23,4658056,GR1,2025,domestic_league,683,6676,Olympiakos Syndesmos Filathlon Peiraios,A.G.S Asteras Tripolis,2,0
2025-08-23,4658058,GR1,2025,domestic_league,6418,3060,Panetolikos Agrinio,APS Atromitos Athinon,0,2
2025-08-23,4693237,COL1,2025,,38628,10090,Llaneros FC,Asociación Deportivo Pasto,2,1
2025-08-23,4693238,COL1,2025,,10093,17425,Independiente Medellín,Internacional de Bogotá,3,1
2025-08-23,4693239,COL1,2025,,7136,9811,Envigado FC,Deportivo Pereira,1,1
2025-08-23,4705952,UKRP,2025,domestic_cup,86787,30697,Skala 1911 Stryi,Podillya Khmelnytskyi,4,5
2025-08-23,4705953,UKRP,2025,domestic_cup,111182,63007,Probiy Gorodenka,LNZ Cherkasy,0,1
2025-08-23,4705955,UKRP,2025,domestic_cup,6992,10690,Chornomorets Odesa,Zorya Lugansk,2,1
2025-08-23,4705961,UKRP,2025,domestic_cup,86209,87883,Livyi Bereg Kyiv,FC Kudrivka,3,0
2025-08-23,4705963,UKRP,2025,domestic_cup,132873,81401,IRON Zaporizhya,SC Poltava,1,5
2025-08-23,4705964,UKRP,2025,domestic_cup,81150,110388,Olimpia Savyntsi,SC Vilkhivtsi (Zakarpattya Oblast),4,2
2025-08-23,4705966,UKRP,2025,domestic_cup,105819,21903,Avangard Lozova,Bukovyna Chernivtsi,0,3
2025-08-23,4705967,UKRP,2025,domestic_cup,94729,26459,SC Korosten Agro-Nyva,NK Veres Rivne,0,4
2025-08-23,4705972,UKRP,2025,domestic_cup,120646,84122,Agrotekh Tyshkivka,Epicentr Kamyanets-Podilskyi,8,7
2025-08-23,4705973,UKRP,2025,domestic_cup,29109,83930,Girnyk-Sport Gorishni Plavni,FC Trostyanets,4,3
2025-08-23,4705974,UKRP,2025,domestic_cup,132877,53645,Dengoff Denykhivka,PFC Prykarpattya Ivano-Frankivsk,13,12
2025-08-23,4705976,UKRP,2025,domestic_cup,102196,61761,Fazenda Chernivtsi,MFK Metalurg Zaporizhya,0,1
2025-08-24,4522651,NO1,2024,domestic_league,1057,2817,Bryne FK,Strømsgodset IF,2,2
2025-08-24,4522652,NO1,2024,domestic_league,2761,76,FK Haugesund,Vålerengens Idrettsforening,2,3
2025-08-24,4522654,NO1,2024,domestic_league,687,1293,Molde Fotballklubb,Tromsø Idrettslag,2,0
2025-08-24,4525666,SE1,2024,domestic_league,1044,1092,Djurgårdens Idrottsförening,Idrottsföreningen  Brommapojkarna,1,0
2025-08-24,4525667,SE1,2024,domestic_league,1101,1011,Idrottsföreningen Elfsborg,Halmstads BK,1,2
2025-08-24,4525670,SE1,2024,domestic_league,496,801,Malmö Fotbollförening,Idrottsföreningen Kamraterna Göteborg,0,0
2025-08-24,4525671,SE1,2024,domestic_league,7945,1059,IK Sirius,Hammarby IF,3,1
2025-08-24,4525672,SE1,2024,domestic_league,3641,272,Degerfors IF,Allmänna Idrottsklubben,0,1
2025-08-24,4525673,SE1,2024,domestic_league,3622,1109,IFK Värnamo,BK Häcken,1,5
2025-08-24,4529881,RSK1,2024,domestic_league,6500,3535,Football Club Seoul,Ulsan Hyundai Football Club,3,2
2025-08-24,4529882,RSK1,2024,domestic_league,311,6502,Football Club Pohang Steelers,Jeonbuk Hyundai Motors,3,1
2025-08-24,4529883,RSK1,2024,domestic_league,38898,6499,Football Club Anyang,Foundation Coorperation Hana Financial Group Inc. Football Club,3,2
2025-08-24,4530496,JAP1,2024,domestic_league,6631,593,Tokyo Football Club,Kyoto Purple Sanga,0,4
2025-08-24,4582041,BRA1,2024,domestic_league,978,199,Club de Regatas Vasco da Gama,Sport Club Corinthians Paulista,2,3
2025-08-24,4582046,BRA1,2024,domestic_league,210,2029,Grêmio Foot-Ball Porto Alegrense,Ceará Sporting Club,0,0
2025-08-24,4582047,BRA1,2024,domestic_league,10010,221,Esporte Clube Bahia,Santos Futebol Clube,2,0
2025-08-24,4582048,BRA1,2024,domestic_league,10870,3876,Fortaleza Esporte Clube,Mirasol Futebol Clube,0,1
2025-08-24,4582049,BRA1,2024,domestic_league,10492,537,Esporte Clube Juventude,S. A. F. Botafogo,1,3
2025-08-24,4587143,MLS1,2024,domestic_league,51772,40058,Football Club Cincinnati,New York City Football Club,0,1
2025-08-24,4587144,MLS1,2024,domestic_league,813,626,Columbus Crew,New England Revolution,1,2
2025-08-24,4587145,MLS1,2024,domestic_league,2440,69261,D.C. United,Club Internacional de Fútbol Miami,1,1
2025-08-24,4587146,MLS1,2024,domestic_league,4078,72309,Club de Foot Montréal,Austin FC,3,2
2025-08-24,4587147,MLS1,2024,domestic_league,25467,432,Philadelphia Union,Chicago Fire Soccer Club,4,0
2025-08-24,4587148,MLS1,2024,domestic_league,8816,51828,FC Dallas,Los Angeles Football Club,1,1
2025-08-24,4587149,MLS1,2024,domestic_league,9168,218,Houston Dynamo,San Jose Earthquakes,1,2
2025-08-24,4587150,MLS1,2024,domestic_league,63966,45604,Nashville SC,Orlando City Soccer Club,5,1
2025-08-24,4587151,MLS1,2024,domestic_league,6643,56089,Real Salt Lake,Minnesota United FC,1,3
2025-08-24,4587152,MLS1,2024,domestic_league,6321,82686,Vancouver Whitecaps FC,St. Louis City Soccer Club,3,2
2025-08-24,4587153,MLS1,2024,domestic_league,1061,1247,Los Angeles Galaxy,Colorado Rapids,3,0
2025-08-24,4587154,MLS1,2024,domestic_league,114977,4291,San Diego Football Club,Portland Timbers,0,0
2025-08-24,4587155,MLS1,2024,domestic_league,51663,11141,Atlanta United Football Club,Toronto FC,0,0
2025-08-24,4620684,IT1,2025,domestic_league,800,4172,Atalanta BC,Pisa Sporting Club,1,1
2025-08-24,4620685,IT1,2025,domestic_league,1390,430,Cagliari Calcio,ACF Fiorentina,1,1
2025-08-24,4620686,IT1,2025,domestic_league,1047,398,Como 1907,Società Sportiva Lazio S.p.A.,2,0
2025-08-24,4620689,IT1,2025,domestic_league,506,130,Juventus FC,Parma Calcio 1913,2,0
2025-08-24,4623152,PL1,2025,domestic_league,4000,6107,Lechia Gdansk,Morski Związkowy Klub Sportowy Arka Gdynia Spółka Akcyjna,1,0
2025-08-24,4623154,PL1,2025,domestic_league,6112,5689,Piast Gliwice,Cracovia,0,0
2025-08-24,4624558,TS1,2025,domestic_league,197,450,AC Sparta Prague,FK Dukla Prague,3,2
2025-08-24,4624561,TS1,2025,domestic_league,1897,2311,FC Hradec Kralove,"SK Sigma Olomouc, a.s.",1,0
2025-08-24,4624562,TS1,2025,domestic_league,377,5544,FC Baník Ostrava a.s.,1.FC Slovacko,2,0
2025-08-24,4625273,KR1,2025,domestic_league,327,447,NK Osijek,HNK Hajduk Split,0,2
2025-08-24,4625274,KR1,2025,domestic_league,144,599,HNK Rijeka,NK Varazdin,1,2
2025-08-24,4625787,GB1,2025,domestic_league,931,985,Fulham FC,Manchester United,1,1
2025-08-24,4625788,GB1,2025,domestic_league,29,1237,Everton FC,Brighton & Hove Albion,2,0
2025-08-24,4625793,GB1,2025,domestic_league,873,703,Crystal Palace,Nottingham Forest,1,1
2025-08-24,4627254,C1,2025,domestic_league,504,242,Grasshopper Club Zurich,FC Winterthur,2,2
2025-08-24,4627256,C1,2025,domestic_league,257,434,FC St. Gallen 1879,FC Luzern,0,1
2025-08-24,4627524,BE1,2025,domestic_league,1096,354,Royal Antwerp FC,KV Mechelen,2,1
2025-08-24,4627526,BE1,2025,domestic_league,3901,3948,RAAL La Louvière,Union Saint-Gilloise,0,0
2025-08-24,4627527,BE1,2025,domestic_league,9010,2727,FCV Dender EH,Oud-Heverlee Leuven,0,1
2025-08-24,4634124,L1,2025,domestic_league,39,3,1.FSV Mainz 05,1.FC Köln,0,1
2025-08-24,4634125,L1,2025,domestic_league,18,41,Borussia Mönchengladbach,Hamburger SV,0,0
2025-08-24,4635016,FR1,2025,domestic_league,1082,162,LOSC Lille,AS Monaco,1,0
2025-08-24,4635017,FR1,2025,domestic_league,738,826,Le Havre AC,RC Lens,1,2
2025-08-24,4635018,FR1,2025,domestic_league,1158,273,FC Lorient,Stade Rennais FC,4,0
2025-08-24,4635020,FR1,2025,domestic_league,415,3911,FC Toulouse,Stade Brestois 29,2,0
2025-08-24,4635022,FR1,2025,domestic_league,667,995,RC Strasbourg Alsace,FC Nantes,1,0
2025-08-24,4638803,SC1,2025,domestic_league,465,124,St. Mirren FC,Rangers FC,1,1
2025-08-24,4640917,SER1,2025,domestic_league,32113,4645,FK IMT Belgrad,FK Radnicki 1923 Kragujevac,2,0
2025-08-24,4640918,SER1,2025,domestic_league,7567,669,FK Radnicki Nis,FK Partizan Belgrade,2,2
2025-08-24,4640919,SER1,2025,domestic_league,33328,59358,FK Radnik Surdulica,FK Zeleznicar Pancevo,1,2
2025-08-24,4640920,SER1,2025,domestic_league,15276,4633,FK Spartak Subotica,FK Novi Pazar,1,1
2025-08-24,4641445,NL1,2025,domestic_league,306,317,SC Heerenveen,FC Twente Enschede,1,2
2025-08-24,4641447,NL1,2025,domestic_league,200,798,FC Utrecht,Excelsior Rotterdam,4,1
2025-08-24,4641448,NL1,2025,domestic_league,467,132,NEC Nijmegen,NAC Breda,3,0
2025-08-24,4641449,NL1,2025,domestic_league,610,1304,Ajax Amsterdam,Heracles Almelo,2,0
2025-08-24,4642895,A1,2025,domestic_league,3551,316,Sportclub Rheindorf Altach,Grazer AK 1902,1,1
2025-08-24,4642896,A1,2025,domestic_league,4441,170,Wolfsberger AC,Rapid Vienna,1,2
2025-08-24,4642897,A1,2025,domestic_league,14,4467,Austria Vienna,TSV Hartberg,1,3
2025-08-24,4645516,ES1,2025,domestic_league,1050,12321,Villarreal CF,Girona FC,5,0
2025-08-24,4645519,ES1,2025,domestic_league,331,1049,CA Osasuna,Valencia CF,1,0
2025-08-24,4645520,ES1,2025,domestic_league,2497,418,Real Oviedo,Real Madrid,0,3
2025-08-24,4645524,ES1,2025,domestic_league,681,714,Real Sociedad,RCD Espanyol Barcelona,2,2
2025-08-24,4646359,TR1,2025,domestic_league,449,589,Trabzonspor,Antalyaspor,1,0
2025-08-24,4646365,TR1,2025,domestic_league,3205,141,Kayserispor,Galatasaray,0,4
2025-08-24,4648308,DK1,2025,domestic_league,5776,5724,FC Fredericia,Randers FC,1,0
2025-08-24,4648309,DK1,2025,domestic_league,865,1177,FC Midtjylland,Silkeborg IF,4,2
2025-08-24,4648310,DK1,2025,domestic_league,5817,206,Sönderjyske Fodbold,Bröndby IF,2,0
2025-08-24,4648311,DK1,2025,domestic_league,678,443,Aarhus GF,Vejle Boldklub,1,0
2025-08-24,4648702,PO1,2025,domestic_league,3329,2424,FC Famalicão,Gil Vicente FC,0,0
2025-08-24,4648704,PO1,2025,domestic_league,1075,110302,SC Braga,Avs Futebol,2,2
2025-08-24,4648705,PO1,2025,domestic_league,720,3268,FC Porto,Casa Pia AC,4,0
2025-08-24,4648997,RO1,2025,domestic_league,301,41278,FCSB,ACSC FC Arges,0,2
2025-08-24,4648999,RO1,2025,domestic_league,4959,7769,SC Otelul Galati,CFR Cluj,4,1
2025-08-24,4649002,RO1,2025,domestic_league,40812,9465,Universitatea Craiova,Petrolul Ploiesti,2,0
2025-08-24,4649228,RU1,2025,domestic_league,2696,16704,PFK Krylya Sovetov Samara,FK Krasnodar,0,6
2025-08-24,4649229,RU1,2025,domestic_league,2410,71985,PFK CSKA Moskva,Akron Togliatti,3,1
2025-08-24,4649234,RU1,2025,domestic_league,41231,2741,FK Sochi,FK Baltika,0,2
2025-08-24,4658053,GR1,2025,domestic_league,2441,3385,Athlitiki Enosi Konstantinoupoleos,Panserraikos Serres,2,0
2025-08-24,4658059,GR1,2025,domestic_league,1091,4603,Panthessalonikios Athlitikos Omilos Konstantinoupoliton,Athlitiki Enosi Larisas,1,0
2025-08-24,4693240,COL1,2025,,32041,11648,Fortaleza CEIF,Independiente Santa Fe,2,0
2025-08-24,4693241,COL1,2025,,2350,11854,Millonarios FC,Junior FC,3,0
2025-08-24,4693242,COL1,2025,,6984,10503,Once Caldas,Deportes Tolima,0,1
2025-08-24,4693243,COL1,2025,,14680,22902,Unión Magdalena,Alianza FC,2,3
2025-08-24,4705951,UKRP,2025,domestic_cup,132719,48726,Kormil Yavoriv,Rukh Lviv,1,2
2025-08-24,4705958,UKRP,2025,domestic_cup,74867,65423,FC Uzhgorod,Feniks-Mariupol,1,2
2025-08-24,4705959,UKRP,2025,domestic_cup,112114,85465,Penuel Kryvyi Rig,Karpaty Lviv,0,8
2025-08-24,4705960,UKRP,2025,domestic_cup,20423,110586,Nyva Vinnytsya,UCSA Tarasivka,3,0
2025-08-24,4705965,UKRP,2025,domestic_cup,55686,39097,TOV FK Metalist 1925 Kharkiv,Obolon Kyiv,2,0
2025-08-24,4705970,UKRP,2025,domestic_cup,129864,96822,Kolos Polonne,Naftovyk Dolyna,4,1
2025-08-24,4705975,UKRP,2025,domestic_cup,112110,3592,FC Kulykiv-Bilka,Kryvbas Kryvyi Rig,0,3
2025-08-25,4522656,NO1,2024,domestic_league,10217,21101,Sarpsborg 08 Fotballforening,Kristiansund Ballklubb,0,1
2025-08-25,4525668,SE1,2024,domestic_league,7009,2719,Göteborgs Atlet- och Idrottssällskap,Mjällby Almänna Idrottsförening,0,2
2025-08-25,4525669,SE1,2024,domestic_league,1236,2844,Östers IF,IFK Norrköping,1,2
2025-08-25,4582042,BRA1,2024,domestic_league,1023,8718,Sociedade Esportiva Palmeiras,Sport Club do Recife,3,0
2025-08-25,4582043,BRA1,2024,domestic_league,585,330,São Paulo Futebol Clube,Clube Atlético Mineiro,2,0
2025-08-25,4587156,MLS1,2024,domestic_league,78435,623,Charlotte Football Club,Red Bull New York,1,0
2025-08-25,4587157,MLS1,2024,domestic_league,9636,4284,Seattle Sounders FC,Sporting Kansas City,5,2
2025-08-25,4620688,IT1,2025,domestic_league,46,416,Inter Milan,Torino FC,5,0
2025-08-25,4620693,IT1,2025,domestic_league,410,276,Udinese Calcio,Hellas Verona,1,1
2025-08-25,4623158,PL1,2025,domestic_league,2118,168,Wisla Plock,Zaglebie Lubin,2,1
2025-08-25,4625785,GB1,2025,domestic_league,762,31,Newcastle United,Liverpool FC,2,3
2025-08-25,4645515,ES1,2025,domestic_league,368,3709,Sevilla FC,Getafe CF,1,2
2025-08-25,4645517,ES1,2025,domestic_league,621,367,Athletic Bilbao,Rayo Vallecano,1,0
2025-08-25,4646357,TR1,2025,domestic_league,7160,11282,Eyüpspor,Alanyaspor,2,1
2025-08-25,4648312,DK1,2025,domestic_league,2778,1063,FC Nordsjaelland,Viborg FF,1,0
2025-08-25,4648706,PO1,2025,domestic_league,2431,2521,CF Estrela Amadora,FC Alverca,2,2
2025-08-25,4649000,RO1,2025,domestic_league,58049,29831,FC Hermannstadt,FCV Farul Constanta,1,0
2025-08-25,4658055,GR1,2025,domestic_league,2672,30120,APO Levadiakos Football Club,Athlitiki Enosi Kifisias,3,2
2025-08-25,4693244,COL1,2025,,2352,8172,CD América de Cali,Atlético Nacional,1,1
2025-08-25,4693245,COL1,2025,,6495,20590,Atlético Bucaramanga,Rionegro Águilas,4,0
2025-08-25,4705957,UKRP,2025,domestic_cup,74872,53629,Dinaz Vyshgorod,Agrobiznes Volochysk,0,3
2025-08-25,4705968,UKRP,2025,domestic_cup,45200,97548,Chayka Petropavlivska Borshchagivka,FC Lisne,0,4
2025-08-25,4705969,UKRP,2025,domestic_cup,99617,81169,Atlet Kyiv,FC Chernigiv,0,1
2025-08-25,4705971,UKRP,2025,domestic_cup,90593,122007,Polissya Stavky,Rebel Kyiv,3,0
2025-08-25,4705977,UKRP,2025,domestic_cup,33571,2712,Real Farma Ovidiopol,Nyva Ternopil,0,3
2025-08-26,4582040,BRA1,2024,domestic_league,614,2125,Clube de Regatas do Flamengo,Esporte Clube Vitória,8,0
2025-08-26,4623595,DFB,2025,domestic_cup,23,79,Eintracht Braunschweig,VfB Stuttgart,11,12
2025-08-26,4650506,RUP,2025,domestic_cup,14589,964,FC Orenburg,AO FK Zenit Sankt-Peterburg,3,5
2025-08-26,4650507,RUP,2025,domestic_cup,3725,2698,RFK Akhmat Grozny,FC Rubin Kazan,2,0
2025-08-26,4650510,RUP,2025,domestic_cup,232,49702,FK Spartak Moskva,FK Nizhny Novgorod,4,0
2025-08-26,4693236,COL1,2025,,14649,9961,Boyacá Chicó FC,Deportivo Cali,0,0
2025-08-26,4705681,CLQ,2025,international_cup,45457,159,Pafos FC,Red Star Belgrade,1,1
2025-08-26,4705682,CLQ,2025,international_cup,122,501,Sportklub Puntigamer Sturm Graz,Fotballklubben Bodø/Glimt,2,1
2025-08-26,4705683,CLQ,2025,international_cup,10482,371,Kairat Almaty,Celtic FC,3,2
2025-08-26,4709783,CGB,2025,,3688,2454,Accrington Stanley,Doncaster Rovers,0,2
2025-08-26,4709784,CGB,2025,,1071,1098,Wigan Athletic,Stockport County,1,0
2025-08-26,4709785,CGB,2025,,512,1027,Stoke City,Bradford City,0,3
2025-08-26,4709786,CGB,2025,,1132,22,Burnley FC,Derby County,2,1
2025-08-26,4709787,CGB,2025,,1032,3884,Reading FC,AFC Wimbledon,2,1
2025-08-26,4709788,CGB,2025,,543,379,Wolverhampton Wanderers,West Ham United,3,2
2025-08-26,4709789,CGB,2025,,986,358,Cambridge United,Charlton Athletic,3,1
2025-08-26,4709790,CGB,2025,,289,1110,Sunderland AFC,Huddersfield Town,6,7
2025-08-26,4709791,CGB,2025,,466,1112,Preston North End,Wrexham AFC,2,3
2025-08-26,4709792,CGB,2025,,349,1194,Barnsley FC,Rotherham United,2,1
2025-08-26,4709793,CGB,2025,,1123,180,Norwich City,Southampton FC,0,3
2025-08-26,4709794,CGB,2025,,989,1148,AFC Bournemouth,Brentford FC,0,2
2025-08-26,4709795,CGB,2025,,1028,990,Millwall FC,Coventry City,2,1
2025-08-26,4709796,CGB,2025,,2288,2262,Swansea City,Plymouth Argyle,6,4
2025-08-26,4709797,CGB,2025,,8981,2805,Bromley FC,Wycombe Wanderers,5,6
2025-08-26,4709798,CGB,2025,,603,3371,Cardiff City,Cheltenham Town,3,0
2025-08-26,4709803,CGB,2025,,1035,399,Sheffield Wednesday,Leeds United,4,1
2025-08-26,4715177,CGB,2025,,2963,1198,Burton Albion,Lincoln City,0,1
2025-08-26,4715178,CGB,2025,,337,1211,Birmingham City,Port Vale FC,0,1
2025-08-27,4623575,DFB,2025,domestic_cup,108,27,SV Wehen Wiesbaden,Bayern Munich,2,3
2025-08-27,4645543,ES1,2025,domestic_league,940,150,Celta de Vigo,Real Betis Balompié,1,1
2025-08-27,4650508,RUP,2025,domestic_cup,2696,121,PFK Krylya Sovetov Samara,FK Dinamo Moskva,5,4
2025-08-27,4650509,RUP,2025,domestic_cup,41231,16704,FK Sochi,FK Krasnodar,2,4
2025-08-27,4650511,RUP,2025,domestic_cup,1083,75231,FK Rostov,Dinamo Makhachkala,1,3
2025-08-27,4650512,RUP,2025,domestic_cup,2741,2410,FK Baltika,PFK CSKA Moskva,0,2
2025-08-27,4704506,DKP,2025,domestic_cup,91760,173,FC Kalundborg,Odense Boldklub,0,11
2025-08-27,4705680,CLQ,2025,international_cup,10625,279,Qarabağ FK,Ferencvárosi TC,2,3
2025-08-27,4705684,CLQ,2025,international_cup,190,26,FC Copenhagen,FC Basel 1893,2,0
2025-08-27,4705685,CLQ,2025,international_cup,294,36,SL Benfica,Fenerbahce,1,0
2025-08-27,4705686,CLQ,2025,international_cup,2282,124,Club Brugge KV,Rangers FC,6,0
2025-08-27,4705709,ELQ,2025,other,2156,1100,AEK Larnaca,Sportsklubben Brann,0,4
2025-08-27,4707375,ECLQ,2025,other,48325,197,Riga FC,AC Sparta Prague,1,0
2025-08-27,4709799,CGB,2025,,29,3820,Everton FC,Mansfield Town,2,0
2025-08-27,4709800,CGB,2025,,931,698,Fulham FC,Bristol City,2,0
2025-08-27,4709801,CGB,2025,,988,1237,Oxford United,Brighton & Hove Albion,0,6
2025-08-27,4709802,CGB,2025,,1034,985,Grimsby Town,Manchester United,14,13
2025-08-28,4650513,RUP,2025,domestic_cup,932,71985,"Футбольный клуб ""Локомотив"" Москва",Akron Togliatti,2,0
2025-08-28,4705699,ELQ,2025,other,338,119,Dynamo Kyiv,Maccabi Tel Aviv,1,0
2025-08-28,4705700,ELQ,2025,other,31614,1167,Ludogorets Razgrad,Shkendija Tetovo,4,1
2025-08-28,4705701,ELQ,2025,other,452,540,BSC Young Boys,Slovan Bratislava,3,2
2025-08-28,4705702,ELQ,2025,other,2311,496,"SK Sigma Olomouc, a.s.",Malmö Fotbollförening,0,2
2025-08-28,4705703,ELQ,2025,other,152,265,Samsunspor,Panathinaikos Athlitikos Omilos,0,0
2025-08-28,4705704,ELQ,2025,other,301,370,FCSB,Aberdeen FC,3,0
2025-08-28,4705705,ELQ,2025,other,1184,238,KRC Genk,Lech Poznan,1,2
2025-08-28,4705706,ELQ,2025,other,6251,865,Kuopion Palloseura,FC Midtjylland,0,2
2025-08-28,4705707,ELQ,2025,other,1075,38204,SC Braga,Lincoln Red Imps FC,5,1
2025-08-28,4705708,ELQ,2025,other,200,6808,FC Utrecht,HSK Zrinjski Mostar,0,0
2025-08-28,4705710,ELQ,2025,other,1091,144,Panthessalonikios Athlitikos Omilos Konstantinoupoliton,HNK Rijeka,5,0
2025-08-28,4706128,SA1,2025,domestic_league,50532,9131,Damac Football Club,Al-Hazem Sport Club,1,1
2025-08-28,4706129,SA1,2025,domestic_league,7732,91427,Al-Ettifaq Football Club,Al-Kholood Club,2,1
2025-08-28,4706130,SA1,2025,domestic_league,18487,34911,Al-Ahli Saudi Football Club,Neom Sports Club,1,0
2025-08-28,4707354,ECLQ,2025,other,33783,17149,FC RFS,Hamrun Spartans,2,2
2025-08-28,4707355,ECLQ,2025,other,3471,3909,Linfield FC,Shelbourne FC,0,2
2025-08-28,4707356,ECLQ,2025,other,10613,3737,AC Virtus Acquaviva,Breidablik Kópavogur,1,3
2025-08-28,4707357,ECLQ,2025,other,11914,33741,FC Differdange 03,FC Drita,0,1
2025-08-28,4707358,ECLQ,2025,other,60368,4772,FC Noah Yerevan,NK Olimpija Ljubljana,3,2
2025-08-28,4707359,ECLQ,2025,other,206,667,Bröndby IF,RC Strasbourg Alsace,2,3
2025-08-28,4707360,ECLQ,2025,other,588,2300,FC Dinamo City,Jagiellonia Bialystok,1,1
2025-08-28,4707361,ECLQ,2025,other,61,660,Servette FC,FC Shakhtar Donetsk,1,2
2025-08-28,4707362,ECLQ,2025,other,2441,58,Athlitiki Enosi Konstantinoupoleos,RSC Anderlecht,2,0
2025-08-28,4707363,ECLQ,2025,other,40812,6890,Universitatea Craiova,Basaksehir FK,3,1
2025-08-28,4707364,ECLQ,2025,other,3837,873,Fredrikstad Fotballklubb,Crystal Palace,0,0
2025-08-28,4707365,ECLQ,2025,other,377,710,FC Baník Ostrava a.s.,NK Celje,0,2
2025-08-28,4707366,ECLQ,2025,other,40604,9644,Arda Kardzhali,Raków Częstochowa,1,2
2025-08-28,4707367,ECLQ,2025,other,255,903,Legia Warszawa,Hibernian FC,3,3
2025-08-28,4707368,ECLQ,2025,other,1090,156,AZ Alkmaar,Levski Sofia,4,1
2025-08-28,4707369,ECLQ,2025,other,430,53646,ACF Fiorentina,FK Polissya Zhytomyr,3,2
2025-08-28,4707370,ECLQ,2025,other,170,6055,Rapid Vienna,ETO FC,2,0
2025-08-28,4707371,ECLQ,2025,other,367,14178,Rayo Vallecano,Neman Grodno,4,0
2025-08-28,4707372,ECLQ,2025,other,114,527,Beşiktaş Jimnastik Kulübü,Football Club Lausanne-Sport,0,1
2025-08-28,4707373,ECLQ,2025,other,3258,2423,Shamrock Rovers,CD Santa Clara,0,0
2025-08-28,4707374,ECLQ,2025,other,39,195,1.FSV Mainz 05,Rosenborg Ballklub,4,1
2025-08-28,4707376,ECLQ,2025,other,7769,1109,CFR Cluj,BK Häcken,1,0
2025-08-28,4707377,ECLQ,2025,other,829,4441,Omonia Nicosia,Wolfsberger AC,6,4
2025-08-29,4620695,IT1,2025,domestic_league,2239,6574,US Cremonese,US Sassuolo,3,2
2025-08-29,4620699,IT1,2025,domestic_league,1005,5,US Lecce,AC Milan,0,2
2025-08-29,4623159,PL1,2025,domestic_league,6107,2118,Morski Związkowy Klub Sportowy Arka Gdynia Spółka Akcyjna,Wisla Plock,1,0
2025-08-29,4623162,PL1,2025,domestic_league,6456,7154,GKS GieKSa Katowice Spółka Akcyjna,Radomiak Radom,3,2
2025-08-29,4625279,KR1,2025,domestic_league,999,24575,NK Istra 1961,HNK Gorica,1,0
2025-08-29,4627538,BE1,2025,domestic_league,520,475,Cercle Brugge,Sint-Truidense VV,1,1
2025-08-29,4634145,L1,2025,domestic_league,41,35,Hamburger SV,FC St. Pauli,0,2
2025-08-29,4635026,FR1,2025,domestic_league,826,3911,RC Lens,Stade Brestois 29,3,1
2025-08-29,4640791,SER1,2025,domestic_league,6621,53,FK Cukaricki,OFK Beograd,1,3
2025-08-29,4641460,NL1,2025,domestic_league,202,1304,FC Groningen,Heracles Almelo,4,0
2025-08-29,4645525,ES1,2025,domestic_league,1049,3709,Valencia CF,Getafe CF,3,0
2025-08-29,4645529,ES1,2025,domestic_league,1531,3368,Elche CF,Levante UD,2,0
2025-08-29,4646044,UKR1,2025,domestic_league,81401,10690,SC Poltava,Zorya Lugansk,1,4
2025-08-29,4646046,UKR1,2025,domestic_league,87883,85465,FC Kudrivka,Karpaty Lviv,2,2
2025-08-29,4648074,TR1,2025,domestic_league,1467,2293,Göztepe,Konyaspor,1,1
2025-08-29,4648295,DK1,2025,domestic_league,443,1063,Vejle Boldklub,Viborg FF,1,2
2025-08-29,4648649,PO1,2025,domestic_league,2424,979,Gil Vicente FC,Moreirense FC,2,0
2025-08-29,4648943,RO1,2025,domestic_league,455,952,FC Rapid 1923,UTA Arad,2,0
2025-08-29,4690168,SFA,2025,domestic_cup,81509,6325,St Cadoc's YC,Pollok FC,0,1
2025-08-29,4706131,SA1,2025,domestic_league,1114,31008,Al-Hilal Saudi Football Club,Al-Riyadh Saudi Club,2,0
2025-08-29,4706132,SA1,2025,domestic_league,9840,6070,Al-Shabab Club,Al-Khaleej Club (Saihat),1,4
2025-08-29,4706133,SA1,2025,domestic_league,28844,18544,Al-Taawoun Football Club,Al-Nassr Football Club,0,5
2025-08-30,4522799,NO1,2024,domestic_league,76,1057,Vålerengens Idrettsforening,Bryne FK,3,2
2025-08-30,4525636,SE1,2024,domestic_league,1092,1101,Idrottsföreningen  Brommapojkarna,Idrottsföreningen Elfsborg,3,0
2025-08-30,4525638,SE1,2024,domestic_league,801,3622,Idrottsföreningen Kamraterna Göteborg,IFK Värnamo,1,0
2025-08-30,4525640,SE1,2024,domestic_league,2719,1011,Mjällby Almänna Idrottsförening,Halmstads BK,1,0
2025-08-30,4529884,RSK1,2024,domestic_league,3535,6502,Ulsan Hyundai Football Club,Jeonbuk Hyundai Motors,0,2
2025-08-30,4529885,RSK1,2024,domestic_league,6504,31622,Daegu FC,Suwon FC,3,1
2025-08-30,4529886,RSK1,2024,domestic_league,19684,30925,Jeju SK Football Club,Gwangju Football Club,0,1
2025-08-30,4530632,JAP1,2024,domestic_league,593,22171,Kyoto Purple Sanga,Fagiano Okayama Sports Club,5,0
2025-08-30,4530634,JAP1,2024,domestic_league,3958,3828,Rakuten Vissel Kobe,Yokohama Marinos,1,0
2025-08-30,4582269,BRA1,2024,domestic_league,537,8793,S. A. F. Botafogo,Red Bull Bragantino,4,1
2025-08-30,4582321,BRA1,2024,domestic_league,2029,10492,Ceará Sporting Club,Esporte Clube Juventude,0,1
2025-08-30,4620694,IT1,2025,domestic_league,1025,1047,Bologna Football Club 1909,Como 1907,1,0
2025-08-30,4620700,IT1,2025,domestic_league,6195,1390,SSC Napoli,Cagliari Calcio,1,0
2025-08-30,4620701,IT1,2025,domestic_league,130,800,Parma Calcio 1913,Atalanta BC,1,1
2025-08-30,4620702,IT1,2025,domestic_league,4172,12,Pisa Sporting Club,Associazione Sportiva Roma,0,1
2025-08-30,4623160,PL1,2025,domestic_league,15906,6110,Termalica Bruk-Bet Nieciecza Klub Sportowy,Korona Kielce,1,3
2025-08-30,4623163,PL1,2025,domestic_league,428,3527,Górnik Zabrze,Motor Lublin Spółka Akcyjna,0,1
2025-08-30,4623167,PL1,2025,domestic_league,168,6112,Zaglebie Lubin,Piast Gliwice,2,2
2025-08-30,4624566,TS1,2025,domestic_league,450,1897,FK Dukla Prague,FC Hradec Kralove,1,1
2025-08-30,4624570,TS1,2025,domestic_league,5544,1322,1.FC Slovacko,FK Jablonec,0,2
2025-08-30,4624571,TS1,2025,domestic_league,13726,814,MFK Karvina,FK Teplice,4,1
2025-08-30,4624572,TS1,2025,domestic_league,1496,715,FK Pardubice,"Bohemians Praha 1905, a.s.",1,1
2025-08-30,4624573,TS1,2025,domestic_league,5546,62,FK Mlada Boleslav,SK Slavia Prague,1,3
2025-08-30,4625275,KR1,2025,domestic_league,599,419,NK Varazdin,GNK Dinamo Zagreb,2,2
2025-08-30,4625278,KR1,2025,domestic_league,456,2362,HNK Vukovar 1991,Slaven Belupo Koprivnica,1,2
2025-08-30,4625796,GB1,2025,domestic_league,631,931,Chelsea FC,Fulham FC,2,0
2025-08-30,4625797,GB1,2025,domestic_league,399,762,Leeds United,Newcastle United,0,0
2025-08-30,4625799,GB1,2025,domestic_league,985,1132,Manchester United,Burnley FC,3,2
2025-08-30,4625801,GB1,2025,domestic_league,289,1148,Sunderland AFC,Brentford FC,2,1
2025-08-30,4625802,GB1,2025,domestic_league,148,989,Tottenham Hotspur,AFC Bournemouth,0,1
2025-08-30,4625803,GB1,2025,domestic_league,543,29,Wolverhampton Wanderers,Everton FC,2,3
2025-08-30,4627257,C1,2025,domestic_league,938,504,FC Thun,Grasshopper Club Zurich,1,1
2025-08-30,4627258,C1,2025,domestic_league,242,260,FC Winterthur,FC Zürich,1,3
2025-08-30,4627259,C1,2025,domestic_league,321,26,FC Sion,FC Basel 1893,0,1
2025-08-30,4627539,BE1,2025,domestic_league,354,3901,KV Mechelen,RAAL La Louvière,3,2
2025-08-30,4627540,BE1,2025,domestic_league,968,1096,KVC Westerlo,Royal Antwerp FC,2,0
2025-08-30,4627543,BE1,2025,domestic_league,172,9010,Royal Charleroi Sporting Club,FCV Dender EH,3,1
2025-08-30,4634138,L1,2025,domestic_league,23826,2036,RB Leipzig,1. Fußballclub Heidenheim 1846,2,0
2025-08-30,4634139,L1,2025,domestic_league,86,15,SV Werder Bremen,Bayer 04 Leverkusen,3,3
2025-08-30,4634140,L1,2025,domestic_league,79,18,VfB Stuttgart,Borussia Mönchengladbach,1,0
2025-08-30,4634142,L1,2025,domestic_league,167,27,FC Augsburg,Bayern Munich,2,3
2025-08-30,4634143,L1,2025,domestic_league,533,24,TSG 1899 Hoffenheim,Eintracht Frankfurt,1,3
2025-08-30,4635024,FR1,2025,domestic_league,415,583,FC Toulouse,Paris Saint-Germain,3,6
2025-08-30,4635027,FR1,2025,domestic_league,995,290,FC Nantes,AJ Auxerre,1,0
2025-08-30,4635031,FR1,2025,domestic_league,1158,1082,FC Lorient,LOSC Lille,1,7
2025-08-30,4638807,SC1,2025,domestic_league,1241,43,Livingston FC,Heart of Midlothian FC,1,2
2025-08-30,4638808,SC1,2025,domestic_league,987,2553,Motherwell FC,Kilmarnock FC,2,2
2025-08-30,4640789,SER1,2025,domestic_league,3137,8819,FK TSC Backa Topola,FK Javor-Matis Ivanjica,2,2
2025-08-30,4640790,SER1,2025,domestic_league,6622,448,FK Mladost Lucani,FK Vojvodina Novi Sad,0,0
2025-08-30,4640794,SER1,2025,domestic_league,669,33328,FK Partizan Belgrade,FK Radnik Surdulica,2,0
2025-08-30,4641461,NL1,2025,domestic_league,724,610,FC Volendam,Ajax Amsterdam,1,1
2025-08-30,4641462,NL1,2025,domestic_league,306,1435,SC Heerenveen,Go Ahead Eagles,2,2
2025-08-30,4641463,NL1,2025,domestic_league,383,1434,PSV Eindhoven,SC Telstar,0,2
2025-08-30,4641464,NL1,2025,domestic_league,798,317,Excelsior Rotterdam,FC Twente Enschede,1,0
2025-08-30,4642898,A1,2025,domestic_league,409,2157,Fußballclub Red Bull Salzburg,FC Blau-Weiss Linz,2,2
2025-08-30,4642899,A1,2025,domestic_league,413,266,LASK,SV Ried,1,3
2025-08-30,4642900,A1,2025,domestic_league,316,122,Grazer AK 1902,Sportklub Puntigamer Sturm Graz,0,3
2025-08-30,4645526,ES1,2025,domestic_league,418,237,Real Madrid,RCD Mallorca,2,1
2025-08-30,4645527,ES1,2025,domestic_league,1108,13,Deportivo Alavés,Atlético de Madrid,1,1
2025-08-30,4645531,ES1,2025,domestic_league,12321,368,Girona FC,Sevilla FC,0,2
2025-08-30,4645532,ES1,2025,domestic_league,2497,681,Real Oviedo,Real Sociedad,1,0
2025-08-30,4646045,UKR1,2025,domestic_league,3592,39097,Kryvbas Kryvyi Rig,Obolon Kyiv,2,1
2025-08-30,4646049,UKR1,2025,domestic_league,48332,84122,Kolos Kovalivka,Epicentr Kamyanets-Podilskyi,1,0
2025-08-30,4646050,UKR1,2025,domestic_league,55686,48726,TOV FK Metalist 1925 Kharkiv,Rukh Lviv,2,0
2025-08-30,4646366,TR1,2025,domestic_league,10484,2832,Kasimpasa,Gaziantep FK,2,3
2025-08-30,4646367,TR1,2025,domestic_league,589,6646,Antalyaspor,Fatih Karagümrük,1,2
2025-08-30,4646372,TR1,2025,domestic_league,141,126,Galatasaray,Caykur Rizespor,3,1
2025-08-30,4646374,TR1,2025,domestic_league,120,3205,Kocaelispor,Kayserispor,1,1
2025-08-30,4648646,PO1,2025,domestic_league,110302,3329,Avs Futebol,FC Famalicão,0,1
2025-08-30,4648647,PO1,2025,domestic_league,3268,982,Casa Pia AC,CD Nacional,0,2
2025-08-30,4648652,PO1,2025,domestic_league,2420,8024,Vitória Guimarães SC,FC Arouca,1,1
2025-08-30,4648653,PO1,2025,domestic_league,336,720,Sporting CP,FC Porto,1,2
2025-08-30,4648945,RO1,2025,domestic_league,29700,6429,AFC Unirea 04 Slobozia,FC Universitatea Cluj,0,1
2025-08-30,4648947,RO1,2025,domestic_league,312,58049,FC Dinamo 1948,FC Hermannstadt,2,0
2025-08-30,4649259,RU1,2025,domestic_league,964,49702,AO FK Zenit Sankt-Peterburg,FK Nizhny Novgorod,2,0
2025-08-30,4649260,RU1,2025,domestic_league,232,41231,FK Spartak Moskva,FK Sochi,2,1
2025-08-30,4649261,RU1,2025,domestic_league,1083,3725,FK Rostov,RFK Akhmat Grozny,1,1
2025-08-30,4649264,RU1,2025,domestic_league,14589,2698,FC Orenburg,FC Rubin Kazan,2,2
2025-08-30,4664987,GR1,2025,domestic_league,4603,30120,Athlitiki Enosi Larisas,Athlitiki Enosi Kifisias,1,1
2025-08-30,4664988,GR1,2025,domestic_league,605,6418,Aris Thessalonikis,Panetolikos Agrinio,0,2
2025-08-30,4664989,GR1,2025,domestic_league,60949,683,Volou Neos Podosferikos Syllogos,Olympiakos Syndesmos Filathlon Peiraios,0,2
2025-08-30,4664991,GR1,2025,domestic_league,3385,653,Panserraikos Serres,Omilos Filathlon Irakliou FC,0,1
2025-08-30,4690167,SFA,2025,domestic_cup,10518,10597,Sauchie Juniors FC,Lothian Thistle Hutchison Vale FC,2,0
2025-08-30,4690169,SFA,2025,domestic_cup,23688,11964,Hawick Royal Albert United FC,Threave Rovers FC,1,4
2025-08-30,4690170,SFA,2025,domestic_cup,6567,26145,Auchinleck Talbot FC,Haddington Athletic FC,4,0
2025-08-30,4690171,SFA,2025,domestic_cup,25418,23718,Glasgow University FC,Newton Stewart FC,3,1
2025-08-30,4690176,SFA,2025,domestic_cup,25425,23685,Golspie Sutherland FC,Coldstream FC,0,3
2025-08-30,4690177,SFA,2025,domestic_cup,23336,8920,Vale of Leithen FC,Musselburgh Athletic FC,1,6
2025-08-30,4690181,SFA,2025,domestic_cup,22428,17593,Wigtown & Bladnoch FC,Camelon Juniors FC,0,10
2025-08-30,4690182,SFA,2025,domestic_cup,26144,3470,Dunbar United FC,Cumnock Juniors FC,2,4
2025-08-30,4690186,SFA,2025,domestic_cup,85489,8436,Bo'ness Athletic FC,,7,0
2025-08-30,4693251,COL1,2025,,11854,38628,Junior FC,Llaneros FC,4,0
2025-08-30,4693252,COL1,2025,,20590,2350,Rionegro Águilas,Millonarios FC,1,2
2025-08-30,4693253,COL1,2025,,14649,14680,Boyacá Chicó FC,Unión Magdalena,1,0
2025-08-30,4706134,SA1,2025,domestic_league,27221,50531,Al-Fateh Club,Al-Fayha FC,1,2
2025-08-30,4706135,SA1,2025,domestic_league,26069,32328,Al-Qadsiah Saudi Football Club,Al-Najma Sport Club,3,1
2025-08-30,4706136,SA1,2025,domestic_league,71665,8023,Al-Okhdood Club,Al-Ittihad Football Club,2,5
2025-08-30,4737053,SFA,2025,domestic_cup,8364,23686,Benburb FC,Easthouses Lily Miners Welfare FC,2,0
2025-08-31,4522749,NO1,2024,domestic_league,3837,2761,Fredrikstad Fotballklubb,FK Haugesund,2,2
2025-08-31,4522754,NO1,2024,domestic_league,4309,10217,Hamarkameratene,Sarpsborg 08 Fotballforening,1,3
2025-08-31,4522762,NO1,2024,domestic_league,21101,1100,Kristiansund Ballklubb,Sportsklubben Brann,2,2
2025-08-31,4522768,NO1,2024,domestic_league,6399,501,Sandefjord Fotball,Fotballklubben Bodø/Glimt,1,2
2025-08-31,4522777,NO1,2024,domestic_league,2817,687,Strømsgodset IF,Molde Fotballklubb,3,1
2025-08-31,4522784,NO1,2024,domestic_league,1293,23184,Tromsø Idrettslag,KFUM-Kameratene Oslo,2,0
2025-08-31,4522791,NO1,2024,domestic_league,239,195,Viking Fotballklubb,Rosenborg Ballklub,2,1
2025-08-31,4525634,SE1,2024,domestic_league,272,7945,Allmänna Idrottsklubben,IK Sirius,2,1
2025-08-31,4525635,SE1,2024,domestic_league,1059,1236,Hammarby IF,Östers IF,4,0
2025-08-31,4525637,SE1,2024,domestic_league,7009,1109,Göteborgs Atlet- och Idrottssällskap,BK Häcken,2,1
2025-08-31,4525639,SE1,2024,domestic_league,496,3641,Malmö Fotbollförening,Degerfors IF,1,1
2025-08-31,4525641,SE1,2024,domestic_league,2844,1044,IFK Norrköping,Djurgårdens Idrottsförening,0,4
2025-08-31,4529887,RSK1,2024,domestic_league,6500,38898,Football Club Seoul,Football Club Anyang,1,2
2025-08-31,4529888,RSK1,2024,domestic_league,21459,311,Gangwon Football Club,Football Club Pohang Steelers,1,0
2025-08-31,4529889,RSK1,2024,domestic_league,6499,6505,Foundation Coorperation Hana Financial Group Inc. Football Club,Gimcheon Sangmu Football Club,2,1
2025-08-31,4530625,JAP1,2024,domestic_league,828,8344,Urawa Red Diamonds,Albirex Niigata,1,0
2025-08-31,4530626,JAP1,2024,domestic_league,6632,9597,Hitachi Kashiwa Reysol,Avispa Fukuoka,2,1
2025-08-31,4530629,JAP1,2024,domestic_league,8457,596,Shonan Bellmare,Gamba Osaka,4,5
2025-08-31,4530630,JAP1,2024,domestic_league,1062,2241,S-Pulse,Kashima Antlers FC,1,1
2025-08-31,4530631,JAP1,2024,domestic_league,1066,6631,Nagoya Grampus Eight,Tokyo Football Club,1,1
2025-08-31,4530633,JAP1,2024,domestic_league,1022,2697,Cerezo Osaka,Sanfrecce Hiroshima,1,1
2025-08-31,4582265,BRA1,2024,domestic_league,614,210,Clube de Regatas do Flamengo,Grêmio Foot-Ball Porto Alegrense,1,1
2025-08-31,4582276,BRA1,2024,domestic_league,199,1023,Sport Club Corinthians Paulista,Sociedade Esportiva Palmeiras,1,1
2025-08-31,4582288,BRA1,2024,domestic_league,221,2462,Santos Futebol Clube,Fluminense Football Club,0,0
2025-08-31,4582295,BRA1,2024,domestic_league,3876,10010,Mirasol Futebol Clube,Esporte Clube Bahia,5,1
2025-08-31,4582302,BRA1,2024,domestic_league,609,585,Cruzeiro Esporte Clube,São Paulo Futebol Clube,1,0
2025-08-31,4582316,BRA1,2024,domestic_league,2125,330,Esporte Clube Vitória,Clube Atlético Mineiro,1,0
2025-08-31,4587158,MLS1,2024,domestic_league,51772,25467,Football Club Cincinnati,Philadelphia Union,0,1
2025-08-31,4587160,MLS1,2024,domestic_league,626,78435,New England Revolution,Charlotte Football Club,1,2
2025-08-31,4587161,MLS1,2024,domestic_league,623,813,Red Bull New York,Columbus Crew,0,0
2025-08-31,4587162,MLS1,2024,domestic_league,40058,2440,New York City Football Club,D.C. United,1,2
2025-08-31,4587164,MLS1,2024,domestic_league,11141,4078,Toronto FC,Club de Foot Montréal,1,1
2025-08-31,4587165,MLS1,2024,domestic_league,72309,218,Austin FC,San Jose Earthquakes,3,1
2025-08-31,4587166,MLS1,2024,domestic_league,4284,1247,Sporting Kansas City,Colorado Rapids,4,2
2025-08-31,4587167,MLS1,2024,domestic_league,56089,4291,Minnesota United FC,Portland Timbers,1,1
2025-08-31,4587168,MLS1,2024,domestic_league,63966,51663,Nashville SC,Atlanta United Football Club,0,1
2025-08-31,4587169,MLS1,2024,domestic_league,82686,9168,St. Louis City Soccer Club,Houston Dynamo,2,3
2025-08-31,4620696,IT1,2025,domestic_league,252,506,Genoa CFC,Juventus FC,0,1
2025-08-31,4620697,IT1,2025,domestic_league,46,410,Inter Milan,Udinese Calcio,1,2
2025-08-31,4620698,IT1,2025,domestic_league,398,276,Società Sportiva Lazio S.p.A.,Hellas Verona,4,0
2025-08-31,4620703,IT1,2025,domestic_league,416,430,Torino FC,ACF Fiorentina,0,0
2025-08-31,4623161,PL1,2025,domestic_league,5689,255,Cracovia,Legia Warszawa,2,1
2025-08-31,4623164,PL1,2025,domestic_league,2300,4000,Jagiellonia Bialystok,Lechia Gdansk,2,0
2025-08-31,4623165,PL1,2025,domestic_league,238,88,Lech Poznan,Widzew Lodz,2,1
2025-08-31,4623166,PL1,2025,domestic_league,324,9644,Pogon Szczecin,Raków Częstochowa,2,0
2025-08-31,4624567,TS1,2025,domestic_league,2311,377,"SK Sigma Olomouc, a.s.",FC Baník Ostrava a.s.,1,0
2025-08-31,4624568,TS1,2025,domestic_league,697,941,FC Slovan Liberec,FC Viktoria Plzen,1,1
2025-08-31,4624569,TS1,2025,domestic_league,197,5545,AC Sparta Prague,FC Zlin,3,1
2025-08-31,4625276,KR1,2025,domestic_league,447,144,HNK Hajduk Split,HNK Rijeka,2,2
2025-08-31,4625277,KR1,2025,domestic_league,11194,327,NK Lokomotiva Zagreb,NK Osijek,1,1
2025-08-31,4625794,GB1,2025,domestic_league,405,873,Aston Villa,Crystal Palace,0,3
2025-08-31,4625795,GB1,2025,domestic_league,1237,281,Brighton & Hove Albion,Manchester City,2,1
2025-08-31,4625798,GB1,2025,domestic_league,31,11,Liverpool FC,Arsenal FC,1,0
2025-08-31,4625800,GB1,2025,domestic_league,703,379,Nottingham Forest,West Ham United,0,3
2025-08-31,4627260,C1,2025,domestic_league,527,257,Football Club Lausanne-Sport,FC St. Gallen 1879,1,2
2025-08-31,4627261,C1,2025,domestic_league,61,434,Servette FC,FC Luzern,2,2
2025-08-31,4627262,C1,2025,domestic_league,452,2790,BSC Young Boys,FC Lugano,3,1
2025-08-31,4627541,BE1,2025,domestic_league,2727,3057,Oud-Heverlee Leuven,Standard Liège,1,0
2025-08-31,4627542,BE1,2025,domestic_league,157,2282,KAA Gent,Club Brugge KV,1,1
2025-08-31,4627544,BE1,2025,domestic_league,3948,58,Union Saint-Gilloise,RSC Anderlecht,2,0
2025-08-31,4627545,BE1,2025,domestic_league,1184,3508,KRC Genk,Zulte Waregem,3,2
2025-08-31,4634137,L1,2025,domestic_league,16,89,Borussia Dortmund,1.FC Union Berlin,3,0
2025-08-31,4634141,L1,2025,domestic_league,82,39,VfL Wolfsburg,1.FSV Mainz 05,1,1
2025-08-31,4634144,L1,2025,domestic_league,3,60,1.FC Köln,SC Freiburg,4,1
2025-08-31,4635025,FR1,2025,domestic_league,162,667,AS Monaco,RC Strasbourg Alsace,3,2
2025-08-31,4635028,FR1,2025,domestic_league,1420,273,Angers SCO,Stade Rennais FC,1,1
2025-08-31,4635029,FR1,2025,domestic_league,10004,347,Paris FC,FC Metz,3,2
2025-08-31,4635030,FR1,2025,domestic_league,738,417,Le Havre AC,OGC Nice,3,1
2025-08-31,4635032,FR1,2025,domestic_league,1041,244,Olympique Lyon,Olympique Marseille,1,0
2025-08-31,4638804,SC1,2025,domestic_league,370,1191,Aberdeen FC,Falkirk FC,0,1
2025-08-31,4638805,SC1,2025,domestic_league,511,1519,Dundee FC,Dundee United FC,0,2
2025-08-31,4638806,SC1,2025,domestic_league,903,465,Hibernian FC,St. Mirren FC,1,1
2025-08-31,4638809,SC1,2025,domestic_league,124,371,Rangers FC,Celtic FC,0,0
2025-08-31,4640792,SER1,2025,domestic_league,4633,159,FK Novi Pazar,Red Star Belgrade,1,5
2025-08-31,4640793,SER1,2025,domestic_league,59358,15276,FK Zeleznicar Pancevo,FK Spartak Subotica,1,1
2025-08-31,4640795,SER1,2025,domestic_league,4645,7567,FK Radnicki 1923 Kragujevac,FK Radnicki Nis,1,0
2025-08-31,4640796,SER1,2025,domestic_league,788,32113,FK Napredak Krusevac,FK IMT Belgrad,3,1
2025-08-31,4641465,NL1,2025,domestic_league,385,467,Fortuna Sittardia Combinatie,NEC Nijmegen,3,2
2025-08-31,4641466,NL1,2025,domestic_league,1269,200,PEC Zwolle,FC Utrecht,0,2
2025-08-31,4641467,NL1,2025,domestic_league,468,234,Sparta Rotterdam,Feyenoord Rotterdam,0,4
2025-08-31,4641468,NL1,2025,domestic_league,132,1090,NAC Breda,AZ Alkmaar,0,1
2025-08-31,4642901,A1,2025,domestic_league,4467,170,TSV Hartberg,Rapid Vienna,0,1
2025-08-31,4642902,A1,2025,domestic_league,14,3551,Austria Vienna,Sportclub Rheindorf Altach,1,0
2025-08-31,4642903,A1,2025,domestic_league,2446,4441,WSG Tirol,Wolfsberger AC,1,1
2025-08-31,4645528,ES1,2025,domestic_league,940,1050,Celta de Vigo,Villarreal CF,1,1
2025-08-31,4645530,ES1,2025,domestic_league,714,331,RCD Espanyol Barcelona,CA Osasuna,1,0
2025-08-31,4645533,ES1,2025,domestic_league,150,621,Real Betis Balompié,Athletic Bilbao,1,2
2025-08-31,4645534,ES1,2025,domestic_league,367,131,Rayo Vallecano,FC Barcelona,1,1
2025-08-31,4646043,UKR1,2025,domestic_league,338,53646,Dynamo Kyiv,FK Polissya Zhytomyr,4,1
2025-08-31,4646047,UKR1,2025,domestic_league,660,18303,FC Shakhtar Donetsk,FC Oleksandriya,2,0
2025-08-31,4646048,UKR1,2025,domestic_league,63007,26459,LNZ Cherkasy,NK Veres Rivne,0,2
2025-08-31,4646368,TR1,2025,domestic_league,449,152,Trabzonspor,Samsunspor,1,1
2025-08-31,4646369,TR1,2025,domestic_league,11282,114,Alanyaspor,Beşiktaş Jimnastik Kulübü,2,0
2025-08-31,4646370,TR1,2025,domestic_league,6890,7160,Basaksehir FK,Eyüpspor,0,0
2025-08-31,4646373,TR1,2025,domestic_league,820,36,Gençlerbirliği Spor Kulübü,Fenerbahce,1,3
2025-08-31,4648296,DK1,2025,domestic_league,678,5776,Aarhus GF,FC Fredericia,4,1
2025-08-31,4648297,DK1,2025,domestic_league,1177,5817,Silkeborg IF,Sönderjyske Fodbold,0,2
2025-08-31,4648298,DK1,2025,domestic_league,173,2778,Odense Boldklub,FC Nordsjaelland,1,2
2025-08-31,4648299,DK1,2025,domestic_league,5724,190,Randers FC,FC Copenhagen,1,5
2025-08-31,4648300,DK1,2025,domestic_league,206,865,Bröndby IF,FC Midtjylland,1,3
2025-08-31,4648648,PO1,2025,domestic_league,2521,294,FC Alverca,SL Benfica,1,2
2025-08-31,4648650,PO1,2025,domestic_league,2423,2431,CD Santa Clara,CF Estrela Amadora,0,0
2025-08-31,4648651,PO1,2025,domestic_league,7179,1465,CD Tondela,GD Estoril Praia,2,2
2025-08-31,4648654,PO1,2025,domestic_league,2425,1075,Rio Ave FC,SC Braga,2,2
2025-08-31,4648944,RO1,2025,domestic_league,41278,37624,ACSC FC Arges,FC Metaloglobus Bucharest,2,1
2025-08-31,4648946,RO1,2025,domestic_league,7769,301,CFR Cluj,FCSB,2,2
2025-08-31,4648950,RO1,2025,domestic_league,8818,40812,FC Botosani,Universitatea Craiova,1,1
2025-08-31,4649262,RU1,2025,domestic_league,2410,16704,PFK CSKA Moskva,FK Krasnodar,1,1
2025-08-31,4649263,RU1,2025,domestic_league,932,2696,"Футбольный клуб ""Локомотив"" Москва",PFK Krylya Sovetov Samara,2,2
2025-08-31,4649265,RU1,2025,domestic_league,75231,121,Dinamo Makhachkala,FK Dinamo Moskva,1,0
2025-08-31,4649266,RU1,2025,domestic_league,71985,2741,Akron Togliatti,FK Baltika,0,2
2025-08-31,4664986,GR1,2025,domestic_league,2441,6676,Athlitiki Enosi Konstantinoupoleos,A.G.S Asteras Tripolis,1,0
2025-08-31,4664990,GR1,2025,domestic_league,265,2672,Panathinaikos Athlitikos Omilos,APO Levadiakos Football Club,1,1
2025-08-31,4664992,GR1,2025,domestic_league,1091,3060,Panthessalonikios Athlitikos Omilos Konstantinoupoliton,APS Atromitos Athinon,1,0
2025-08-31,4693246,COL1,2025,,9961,10093,Deportivo Cali,Independiente Medellín,1,3
2025-08-31,4693247,COL1,2025,,8172,7136,Atlético Nacional,Envigado FC,1,0
2025-08-31,4693248,COL1,2025,,22902,2352,Alianza FC,CD América de Cali,1,0
2025-08-31,4693255,COL1,2025,,9811,6495,Deportivo Pereira,Atlético Bucaramanga,0,1
2025-09-01,4582310,BRA1,2024,domestic_league,6600,10870,Sport Club Internacional,Fortaleza Esporte Clube,2,1
2025-09-01,4582328,BRA1,2024,domestic_league,8718,978,Sport Club do Recife,Club de Regatas Vasco da Gama,2,3
2025-09-01,4587172,MLS1,2024,domestic_league,51828,114977,Los Angeles Football Club,San Diego Football Club,1,2
2025-09-01,4648948,RO1,2025,domestic_league,37255,4959,FK Csikszereda Miercurea Ciuc,SC Otelul Galati,1,1
2025-09-01,4648949,RO1,2025,domestic_league,29831,9465,FCV Farul Constanta,Petrolul Ploiesti,2,1
2025-09-01,4693249,COL1,2025,,10503,32041,Deportes Tolima,Fortaleza CEIF,1,1
2025-09-01,4693254,COL1,2025,,17425,10090,Internacional de Bogotá,Asociación Deportivo Pasto,0,0
2025-09-02,4693250,COL1,2025,,11648,6984,Independiente Santa Fe,Once Caldas,1,2
2025-09-02,4704492,DKP,2025,domestic_cup,26937,443,FC Skanderborg,Vejle Boldklub,0,6
2025-09-02,4704494,DKP,2025,domestic_cup,20973,1053,Marstal/Rise IF,Aalborg BK,1,6
2025-09-02,4704496,DKP,2025,domestic_cup,5781,12275,Skive IK,Kolding IF,0,2
2025-09-02,4704498,DKP,2025,domestic_cup,81612,25119,Boldklubben Vestkysten Oksböl,Bramming Boldklub,4,0
2025-09-02,4704499,DKP,2025,domestic_cup,77303,5842,FC Horsens,VSK Aarhus,0,5
2025-09-02,4704500,DKP,2025,domestic_cup,82626,25495,Farsö Ullits IK,Kolding Boldklub,1,2
2025-09-02,4704502,DKP,2025,domestic_cup,41305,9023,Mejrup GU,Thisted FC,0,4
2025-09-02,4704508,DKP,2025,domestic_cup,21000,5866,Gentofte VI,Brönshöj Boldklub,7,8
2025-09-02,4704509,DKP,2025,domestic_cup,21006,369,Ledöje-Smörum Fodbold,Lyngby Boldklub,6,7
2025-09-02,4704510,DKP,2025,domestic_cup,1798,75807,Holbaek B&I,Ishöj IF,3,0
2025-09-02,4704511,DKP,2025,domestic_cup,21784,16173,Sundby Boldklub,Vanlöse IF,3,2
2025-09-02,4704513,DKP,2025,domestic_cup,5957,3732,FC Nakskov,Hellerup IK,0,4
2025-09-02,4704514,DKP,2025,domestic_cup,91419,49675,Bröndby Strand IK,Hilleröd Fodbold,2,3
2025-09-02,4715559,NLP,2025,domestic_cup,44682,8565,Olde Veste '54,HSC '21 Haaksbergen,0,3
2025-09-02,4715560,NLP,2025,domestic_cup,44675,9663,VV DZOH Emmen,Excelsior '31 Rijssen,2,5
2025-09-02,4715561,NLP,2025,domestic_cup,7408,10804,Harkemase Boys,Sparta Nijkerk,0,1
2025-09-02,4715562,NLP,2025,domestic_cup,34396,21735,VV Hoogeveen,Velocitas 1897 Groningen,6,1
2025-09-02,4715563,NLP,2025,domestic_cup,33139,33427,VV Zwaluwen Vlaardingen,SV Urk,1,2
2025-09-02,4715564,NLP,2025,domestic_cup,12732,20945,VVSB Noordwijkerhout,VV Capelle,1,2
2025-09-02,4715565,NLP,2025,domestic_cup,2821,11075,FC Lisse,RKVV Westlandia,1,0
2025-09-02,4715566,NLP,2025,domestic_cup,18586,10806,Blauw Geel '38 / Jumbo Veghel,VVOG Harderwijk,7,6
2025-09-02,4715567,NLP,2025,domestic_cup,6614,33432,SVV Scheveningen,VV Staphorst,2,0
2025-09-02,4715568,NLP,2025,domestic_cup,12652,74177,SV TEC Tiel,SV Poortugaal,3,2
2025-09-02,4715569,NLP,2025,domestic_cup,39432,3569,VV SteDoCo Hoornaar,DVS '33 Ermelo,0,2
2025-09-02,4715570,NLP,2025,domestic_cup,8626,2958,RKSV Halsteren,ACV Assen,3,1
2025-09-02,4715571,NLP,2025,domestic_cup,7393,18673,RKSV ROHDA Raalte,HVV Hollandia Hoorn,4,1
2025-09-02,4715572,NLP,2025,domestic_cup,68742,7474,SV Walcheren Vlissingen,VV Noordwijk,1,3
2025-09-02,4715573,NLP,2025,domestic_cup,34452,29201,FC Aalsmeer,HZVV Hoogeveen,2,4
2025-09-02,4715574,NLP,2025,domestic_cup,44972,53327,SV De Foresters Heiloo,VV Scherpenzeel,4,6
2025-09-02,4721485,DKP,2025,domestic_cup,89408,1842,Görslev IF,FC Roskilde,0,5
2025-09-03,4704493,DKP,2025,domestic_cup,5767,1177,Middelfart Boldklub,Silkeborg IF,1,2
2025-09-03,4704495,DKP,2025,domestic_cup,5734,5784,Young Boys FD,Aarhus Fremad,1,6
2025-09-03,4704497,DKP,2025,domestic_cup,13290,29391,Odder IGF,IF Lyseng,5,6
2025-09-03,4704503,DKP,2025,domestic_cup,5790,5818,B1909 Odense,Hobro IK,0,3
2025-09-03,4704504,DKP,2025,domestic_cup,100585,5776,Tune IF,FC Fredericia,2,4
2025-09-03,4704505,DKP,2025,domestic_cup,78005,5817,Raklev GI,Sönderjyske Fodbold,0,10
2025-09-03,4704507,DKP,2025,domestic_cup,24192,5792,Ringsted IF,Boldklubben Skjold,3,1
2025-09-03,4704515,DKP,2025,domestic_cup,21035,1894,FA 2000,Hvidovre IF,1,2
2025-09-03,4715575,NLP,2025,domestic_cup,34156,33429,USV Hercules,VV Goes,4,0
2025-09-03,4715576,NLP,2025,domestic_cup,7116,16866,VV IJsselmeervogels,SC Genemuiden,0,1
2025-09-03,4715577,NLP,2025,domestic_cup,26016,81325,Sportlust '46 Woerden,RKVV Sportclub '25 Bocholtz,4,1
2025-09-03,4715578,NLP,2025,domestic_cup,44920,21984,TOGB Berkel,UDI'19/Beter Bed,1,3
2025-09-03,4715579,NLP,2025,domestic_cup,9547,1227,ADO '20 Heemskerk,RBC Roosendaal,0,2
2025-09-03,4715580,NLP,2025,domestic_cup,3943,18470,HSV Hoek,FC Rijnvogels Katwijk,6,4
2025-09-03,4715581,NLP,2025,domestic_cup,10716,69995,VV Kloetinge,VV DVO Sittard,3,0
2025-09-03,4715582,NLP,2025,domestic_cup,12285,66208,Kozakken Boys,SV Kampong,4,0
2025-09-03,4715583,NLP,2025,domestic_cup,18154,2878,VV Gemert,SV Huizen,2,1
2025-09-03,4715584,NLP,2025,domestic_cup,8449,7526,VV UNA Veldhoven,SV ARC Alphen aan den Rijn,1,2
2025-09-03,4715585,NLP,2025,domestic_cup,44452,10715,SC 't Zand Tilburg,RKSV Mierlo-Hout Helmond,4,2
2025-09-03,4715586,NLP,2025,domestic_cup,60697,7481,RKVV Erp,VV DOVO Veenendaal,0,4
2025-09-03,4715587,NLP,2025,domestic_cup,33330,1097,Juliana '31,SV Meerssen,0,2
2025-09-03,4715588,NLP,2025,domestic_cup,52851,12451,VV Heino,RKSV Groene Ster,8,9
2025-09-03,4715589,NLP,2025,domestic_cup,38146,10790,AWC Wijchen,ASWH Ambacht,0,2
2025-09-04,4705820,DKP,2025,domestic_cup,2414,1063,AC Horsens,Viborg FF,0,1
2025-09-06,4648707,PO1,2025,domestic_league,1465,2423,GD Estoril Praia,CD Santa Clara,0,1
2025-09-06,4693256,COL1,2025,,10090,14649,Asociación Deportivo Pasto,Boyacá Chicó FC,2,0
2025-09-06,4693257,COL1,2025,,6984,9811,Once Caldas,Deportivo Pereira,1,0
2025-09-06,4693258,COL1,2025,,6495,22902,Atlético Bucaramanga,Alianza FC,3,1
2025-09-06,4693259,COL1,2025,,38628,10503,Llaneros FC,Deportes Tolima,1,0
2025-09-07,4587101,MLS1,2024,domestic_league,9168,1061,Houston Dynamo,Los Angeles Galaxy,1,1
2025-09-07,4587174,MLS1,2024,domestic_league,432,626,Chicago Fire Soccer Club,New England Revolution,3,2
2025-09-07,4587175,MLS1,2024,domestic_league,82686,8816,St. Louis City Soccer Club,FC Dallas,1,1
2025-09-07,4693260,COL1,2025,,14680,11854,Unión Magdalena,Junior FC,3,1
2025-09-07,4693261,COL1,2025,,2350,11648,Millonarios FC,Independiente Santa Fe,0,0
2025-09-07,4693262,COL1,2025,,7136,20590,Envigado FC,Rionegro Águilas,1,1
2025-09-07,4693263,COL1,2025,,2352,9961,CD América de Cali,Deportivo Cali,0,0
2025-09-08,4587173,MLS1,2024,domestic_league,4284,72309,Sporting Kansas City,Austin FC,1,2
2025-09-08,4693264,COL1,2025,,10093,8172,Independiente Medellín,Atlético Nacional,3,3
2025-09-08,4693265,COL1,2025,,32041,17425,Fortaleza CEIF,Internacional de Bogotá,1,0
2025-09-09,4704512,DKP,2025,domestic_cup,362,947,Akademisk Boldklub,Boldklubben af 1893,4,5
2025-09-09,4712090,RUP,2025,domestic_cup,12432,55013,FK Astrakhan,Legion-Dinamo Makhachkala,5,2
2025-09-10,4704501,DKP,2025,domestic_cup,45057,3426,Vejgaard B,Esbjerg fB,1,2
2025-09-10,4712078,RUP,2025,domestic_cup,99200,58065,Kosmos Dolgoprudnyi,Veles Moscow,1,4
2025-09-10,4712079,RUP,2025,domestic_cup,132096,71624,Kristall-MEZT Borisoglebsk,Spartak Tambov,1,0
2025-09-10,4712080,RUP,2025,domestic_cup,17399,6432,Zenit Penza,Volgar Astrakhan,0,1
2025-09-10,4712081,RUP,2025,domestic_cup,11125,75596,Tekstilshchik Ivanovo,Dinamo Vologda,3,1
2025-09-10,4712082,RUP,2025,domestic_cup,70777,12054,Volna Kovernino,FC Tyumen,5,4
2025-09-10,4712083,RUP,2025,domestic_cup,101582,12444,Temp Barnaul,Znamya Truda Orekhovo-Zuevo,0,1
2025-09-10,4712084,RUP,2025,domestic_cup,11123,65683,Mashuk-KMV Pyatigorsk,Kuban Holding Pavlovskaya,0,3
2025-09-10,4712087,RUP,2025,domestic_cup,39200,54923,Luki-Energia Velikie Luki,FK Cherepovets,2,4
2025-09-10,4712088,RUP,2025,domestic_cup,132095,20923,Fankom Kirov,Khimik Dzerzhinsk,4,3
2025-09-10,4712091,RUP,2025,domestic_cup,59522,12045,PSK Dinskaya,Dinamo Stavropol,2,1
2025-09-10,4718616,COL1,2025,,6495,6984,Atlético Bucaramanga,Once Caldas,0,0
2025-09-11,4654985,COL1,2025,,2350,10090,Millonarios FC,Asociación Deportivo Pasto,1,0
2025-09-11,4712085,RUP,2025,domestic_cup,101577,6672,Amkal Moscow,Salyut Belgorod,2,1
2025-09-11,4712086,RUP,2025,domestic_cup,2737,121097,Saturn Ramenskoe,Broke Boys Moscow,0,2
2025-09-11,4712089,RUP,2025,domestic_cup,55329,128785,FC Irkutsk,KDV Tomsk,3,0
2025-09-12,4522752,NO1,2024,domestic_league,501,21101,Fotballklubben Bodø/Glimt,Kristiansund Ballklubb,7,1
2025-09-12,4623169,PL1,2025,domestic_league,238,168,Lech Poznan,Zaglebie Lubin,1,2
2025-09-12,4623170,PL1,2025,domestic_league,4000,6456,Lechia Gdansk,GKS GieKSa Katowice Spółka Akcyjna,2,0
2025-09-12,4625281,KR1,2025,domestic_league,2362,999,Slaven Belupo Koprivnica,NK Istra 1961,2,1
2025-09-12,4627566,BE1,2025,domestic_league,3057,354,Standard Liège,KV Mechelen,1,1
2025-09-12,4634147,L1,2025,domestic_league,15,24,Bayer 04 Leverkusen,Eintracht Frankfurt,3,1
2025-09-12,4635033,FR1,2025,domestic_league,244,1158,Olympique Marseille,FC Lorient,4,0
2025-09-12,4640774,SER1,2025,domestic_league,7567,788,FK Radnicki Nis,FK Napredak Krusevac,3,0
2025-09-12,4640775,SER1,2025,domestic_league,33328,4645,FK Radnik Surdulica,FK Radnicki 1923 Kragujevac,2,3
2025-09-12,4645574,ES1,2025,domestic_league,368,1531,Sevilla FC,Elche CF,2,2
2025-09-12,4646053,UKR1,2025,domestic_league,26459,87883,NK Veres Rivne,FC Kudrivka,2,0
2025-09-12,4646056,UKR1,2025,domestic_league,18303,63007,FC Oleksandriya,LNZ Cherkasy,4,1
2025-09-12,4648342,DK1,2025,domestic_league,5817,5724,Sönderjyske Fodbold,Randers FC,0,1
2025-09-12,4648665,PO1,2025,domestic_league,2521,7179,FC Alverca,CD Tondela,1,0
2025-09-12,4648670,PO1,2025,domestic_league,294,2423,SL Benfica,CD Santa Clara,1,1
2025-09-12,4648988,RO1,2025,domestic_league,6429,455,FC Universitatea Cluj,FC Rapid 1923,0,0
2025-09-12,4649248,RU1,2025,domestic_league,2698,75231,FC Rubin Kazan,Dinamo Makhachkala,1,0
2025-09-12,4706110,SA1,2025,domestic_league,7732,18487,Al-Ettifaq Football Club,Al-Ahli Saudi Football Club,0,0
2025-09-12,4706111,SA1,2025,domestic_league,9840,9131,Al-Shabab Club,Al-Hazem Sport Club,1,0
2025-09-12,4706115,SA1,2025,domestic_league,8023,27221,Al-Ittihad Football Club,Al-Fateh Club,4,2
2025-09-13,4522758,NO1,2024,domestic_league,1100,76,Sportsklubben Brann,Vålerengens Idrettsforening,3,2
2025-09-13,4522788,NO1,2024,domestic_league,687,3837,Molde Fotballklubb,Fredrikstad Fotballklubb,1,2
2025-09-13,4525624,SE1,2024,domestic_league,1011,2844,Halmstads BK,IFK Norrköping,1,1
2025-09-13,4525625,SE1,2024,domestic_league,3641,2719,Degerfors IF,Mjällby Almänna Idrottsförening,0,1
2025-09-13,4529896,RSK1,2024,domestic_league,21459,6500,Gangwon Football Club,Football Club Seoul,3,2
2025-09-13,4529897,RSK1,2024,domestic_league,311,3535,Football Club Pohang Steelers,Ulsan Hyundai Football Club,1,1
2025-09-13,4529898,RSK1,2024,domestic_league,6502,6499,Jeonbuk Hyundai Motors,Foundation Coorperation Hana Financial Group Inc. Football Club,1,0
2025-09-13,4530515,JAP1,2024,domestic_league,2241,8457,Kashima Antlers FC,Shonan Bellmare,3,0
2025-09-13,4530520,JAP1,2024,domestic_league,596,828,Gamba Osaka,Urawa Red Diamonds,1,0
2025-09-13,4530522,JAP1,2024,domestic_league,22171,1066,Fagiano Okayama Sports Club,Nagoya Grampus Eight,0,1
2025-09-13,4582192,BRA1,2024,domestic_league,1023,6600,Sociedade Esportiva Palmeiras,Sport Club Internacional,4,1
2025-09-13,4582196,BRA1,2024,domestic_league,210,3876,Grêmio Foot-Ball Porto Alegrense,Mirasol Futebol Clube,0,1
2025-09-13,4582198,BRA1,2024,domestic_league,10870,2125,Fortaleza Esporte Clube,Esporte Clube Vitória,2,0
2025-09-13,4620705,IT1,2025,domestic_league,1390,130,Cagliari Calcio,Parma Calcio 1913,2,0
2025-09-13,4620707,IT1,2025,domestic_league,430,6195,ACF Fiorentina,SSC Napoli,1,3
2025-09-13,4620708,IT1,2025,domestic_league,506,46,Juventus FC,Inter Milan,4,3
2025-09-13,4623168,PL1,2025,domestic_league,6110,324,Korona Kielce,Pogon Szczecin,1,0
2025-09-13,4623173,PL1,2025,domestic_league,6112,2300,Piast Gliwice,Jagiellonia Bialystok,1,1
2025-09-13,4624574,TS1,2025,domestic_league,5545,450,FC Zlin,FK Dukla Prague,1,1
2025-09-13,4624575,TS1,2025,domestic_league,941,2311,FC Viktoria Plzen,"SK Sigma Olomouc, a.s.",1,0
2025-09-13,4624577,TS1,2025,domestic_league,377,697,FC Baník Ostrava a.s.,FC Slovan Liberec,0,2
2025-09-13,4624579,TS1,2025,domestic_league,62,13726,SK Slavia Prague,MFK Karvina,3,1
2025-09-13,4624580,TS1,2025,domestic_league,814,5546,FK Teplice,FK Mlada Boleslav,2,3
2025-09-13,4625283,KR1,2025,domestic_league,144,11194,HNK Rijeka,NK Lokomotiva Zagreb,1,1
2025-09-13,4625284,KR1,2025,domestic_league,599,447,NK Varazdin,HNK Hajduk Split,2,0
2025-09-13,4625804,GB1,2025,domestic_league,11,703,Arsenal FC,Nottingham Forest,3,0
2025-09-13,4625805,GB1,2025,domestic_league,989,1237,AFC Bournemouth,Brighton & Hove Albion,2,1
2025-09-13,4625806,GB1,2025,domestic_league,1148,631,Brentford FC,Chelsea FC,2,2
2025-09-13,4625808,GB1,2025,domestic_league,873,289,Crystal Palace,Sunderland AFC,0,0
2025-09-13,4625809,GB1,2025,domestic_league,29,405,Everton FC,Aston Villa,0,0
2025-09-13,4625810,GB1,2025,domestic_league,931,399,Fulham FC,Leeds United,1,0
2025-09-13,4625812,GB1,2025,domestic_league,762,543,Newcastle United,Wolverhampton Wanderers,1,0
2025-09-13,4625813,GB1,2025,domestic_league,379,148,West Ham United,Tottenham Hotspur,0,3
2025-09-13,4627263,C1,2025,domestic_league,938,26,FC Thun,FC Basel 1893,1,3
2025-09-13,4627264,C1,2025,domestic_league,260,61,FC Zürich,Servette FC,2,1
2025-09-13,4627265,C1,2025,domestic_league,257,2790,FC St. Gallen 1879,FC Lugano,1,0
2025-09-13,4627567,BE1,2025,domestic_league,3508,2727,Zulte Waregem,Oud-Heverlee Leuven,2,0
2025-09-13,4627568,BE1,2025,domestic_league,9010,3948,FCV Dender EH,Union Saint-Gilloise,0,1
2025-09-13,4627569,BE1,2025,domestic_league,3901,2282,RAAL La Louvière,Club Brugge KV,1,0
2025-09-13,4634146,L1,2025,domestic_league,27,41,Bayern Munich,Hamburger SV,5,0
2025-09-13,4634148,L1,2025,domestic_league,60,79,SC Freiburg,VfB Stuttgart,3,1
2025-09-13,4634149,L1,2025,domestic_league,39,23826,1.FSV Mainz 05,RB Leipzig,0,1
2025-09-13,4634151,L1,2025,domestic_league,82,3,VfL Wolfsburg,1.FC Köln,3,3
2025-09-13,4634152,L1,2025,domestic_league,89,533,1.FC Union Berlin,TSG 1899 Hoffenheim,2,4
2025-09-13,4634154,L1,2025,domestic_league,2036,16,1. Fußballclub Heidenheim 1846,Borussia Dortmund,0,2
2025-09-13,4635035,FR1,2025,domestic_league,290,162,AJ Auxerre,AS Monaco,1,2
2025-09-13,4635036,FR1,2025,domestic_league,417,995,OGC Nice,FC Nantes,1,0
2025-09-13,4638774,SC1,2025,domestic_league,370,1241,Aberdeen FC,Livingston FC,0,0
2025-09-13,4638775,SC1,2025,domestic_league,511,987,Dundee FC,Motherwell FC,1,1
2025-09-13,4638776,SC1,2025,domestic_league,1191,465,Falkirk FC,St. Mirren FC,1,2
2025-09-13,4638777,SC1,2025,domestic_league,903,1519,Hibernian FC,Dundee United FC,3,3
2025-09-13,4638779,SC1,2025,domestic_league,124,43,Rangers FC,Heart of Midlothian FC,0,2
2025-09-13,4640773,SER1,2025,domestic_league,8819,32113,FK Javor-Matis Ivanjica,FK IMT Belgrad,2,0
2025-09-13,4640778,SER1,2025,domestic_league,53,4633,OFK Beograd,FK Novi Pazar,0,2
2025-09-13,4640779,SER1,2025,domestic_league,448,6621,FK Vojvodina Novi Sad,FK Cukaricki,3,1
2025-09-13,4641424,NL1,2025,domestic_league,610,1269,Ajax Amsterdam,PEC Zwolle,3,1
2025-09-13,4641425,NL1,2025,domestic_league,1435,724,Go Ahead Eagles,FC Volendam,3,0
2025-09-13,4641426,NL1,2025,domestic_league,467,383,NEC Nijmegen,PSV Eindhoven,3,5
2025-09-13,4641427,NL1,2025,domestic_league,317,132,FC Twente Enschede,NAC Breda,2,2
2025-09-13,4641428,NL1,2025,domestic_league,234,306,Feyenoord Rotterdam,SC Heerenveen,1,0
2025-09-13,4642907,A1,2025,domestic_league,4441,409,Wolfsberger AC,Fußballclub Red Bull Salzburg,3,1
2025-09-13,4642908,A1,2025,domestic_league,2157,316,FC Blau-Weiss Linz,Grazer AK 1902,3,0
2025-09-13,4642909,A1,2025,domestic_league,3551,413,Sportclub Rheindorf Altach,LASK,1,0
2025-09-13,4645565,ES1,2025,domestic_league,681,418,Real Sociedad,Real Madrid,1,2
2025-09-13,4645566,ES1,2025,domestic_league,13,1050,Atlético de Madrid,Villarreal CF,2,0
2025-09-13,4645570,ES1,2025,domestic_league,3709,2497,Getafe CF,Real Oviedo,2,0
2025-09-13,4645572,ES1,2025,domestic_league,621,1108,Athletic Bilbao,Deportivo Alavés,0,1
2025-09-13,4646052,UKR1,2025,domestic_league,39097,338,Obolon Kyiv,Dynamo Kyiv,2,2
2025-09-13,4646057,UKR1,2025,domestic_league,48726,84122,Rukh Lviv,Epicentr Kamyanets-Podilskyi,0,1
2025-09-13,4646058,UKR1,2025,domestic_league,55686,660,TOV FK Metalist 1925 Kharkiv,FC Shakhtar Donetsk,1,1
2025-09-13,4646375,TR1,2025,domestic_league,7160,141,Eyüpspor,Galatasaray,0,2
2025-09-13,4646376,TR1,2025,domestic_league,2293,11282,Konyaspor,Alanyaspor,1,2
2025-09-13,4646377,TR1,2025,domestic_league,114,6890,Beşiktaş Jimnastik Kulübü,Basaksehir FK,2,1
2025-09-13,4646378,TR1,2025,domestic_league,152,589,Samsunspor,Antalyaspor,1,2
2025-09-13,4646379,TR1,2025,domestic_league,6646,10484,Fatih Karagümrük,Kasimpasa,0,1
2025-09-13,4648337,DK1,2025,domestic_league,206,190,Bröndby IF,FC Copenhagen,2,1
2025-09-13,4648667,PO1,2025,domestic_league,3329,336,FC Famalicão,Sporting CP,1,2
2025-09-13,4648668,PO1,2025,domestic_league,979,2425,Moreirense FC,Rio Ave FC,3,1
2025-09-13,4648671,PO1,2025,domestic_league,1465,110302,GD Estoril Praia,Avs Futebol,3,1
2025-09-13,4648672,PO1,2025,domestic_league,720,982,FC Porto,CD Nacional,1,0
2025-09-13,4648987,RO1,2025,domestic_league,952,41278,UTA Arad,ACSC FC Arges,3,3
2025-09-13,4648989,RO1,2025,domestic_league,37624,7769,FC Metaloglobus Bucharest,CFR Cluj,1,1
2025-09-13,4649244,RU1,2025,domestic_league,16704,71985,FK Krasnodar,Akron Togliatti,2,1
2025-09-13,4649246,RU1,2025,domestic_league,121,232,FK Dinamo Moskva,FK Spartak Moskva,2,2
2025-09-13,4649247,RU1,2025,domestic_league,3725,932,RFK Akhmat Grozny,"Футбольный клуб ""Локомотив"" Москва",1,1
2025-09-13,4649249,RU1,2025,domestic_league,49702,14589,FK Nizhny Novgorod,FC Orenburg,3,1
2025-09-13,4664980,GR1,2025,domestic_league,3060,605,APS Atromitos Athinon,Aris Thessalonikis,1,2
2025-09-13,4664983,GR1,2025,domestic_league,683,3385,Olympiakos Syndesmos Filathlon Peiraios,Panserraikos Serres,5,0
2025-09-13,4664985,GR1,2025,domestic_league,6418,60949,Panetolikos Agrinio,Volou Neos Podosferikos Syllogos,1,2
2025-09-13,4693267,COL1,2025,,11854,17425,Junior FC,Internacional de Bogotá,1,1
2025-09-13,4693268,COL1,2025,,32041,2352,Fortaleza CEIF,CD América de Cali,1,0
2025-09-13,4693269,COL1,2025,,22902,2350,Alianza FC,Millonarios FC,3,0
2025-09-13,4706112,SA1,2025,domestic_league,1114,26069,Al-Hilal Saudi Football Club,Al-Qadsiah Saudi Football Club,2,2
2025-09-13,4706113,SA1,2025,domestic_league,6070,50531,Al-Khaleej Club (Saihat),Al-Fayha FC,3,0
2025-09-13,4706114,SA1,2025,domestic_league,71665,28844,Al-Okhdood Club,Al-Taawoun Football Club,2,3
2025-09-14,4522766,NO1,2024,domestic_league,1057,1293,Bryne FK,Tromsø Idrettslag,0,2
2025-09-14,4522774,NO1,2024,domestic_league,4309,2817,Hamarkameratene,Strømsgodset IF,1,2
2025-09-14,4522776,NO1,2024,domestic_league,2761,195,FK Haugesund,Rosenborg Ballklub,0,3
2025-09-14,4522782,NO1,2024,domestic_league,23184,239,KFUM-Kameratene Oslo,Viking Fotballklubb,2,2
2025-09-14,4522800,NO1,2024,domestic_league,10217,6399,Sarpsborg 08 Fotballforening,Sandefjord Fotball,2,1
2025-09-14,4525619,SE1,2024,domestic_league,1044,1059,Djurgårdens Idrottsförening,Hammarby IF,3,3
2025-09-14,4525620,SE1,2024,domestic_league,1101,496,Idrottsföreningen Elfsborg,Malmö Fotbollförening,2,2
2025-09-14,4525622,SE1,2024,domestic_league,1236,3622,Östers IF,IFK Värnamo,4,3
2025-09-14,4525623,SE1,2024,domestic_league,7945,7009,IK Sirius,Göteborgs Atlet- och Idrottssällskap,3,0
2025-09-14,4529899,RSK1,2024,domestic_league,38898,19684,Football Club Anyang,Jeju SK Football Club,2,1
2025-09-14,4529900,RSK1,2024,domestic_league,6505,6504,Gimcheon Sangmu Football Club,Daegu FC,1,2
2025-09-14,4529901,RSK1,2024,domestic_league,31622,30925,Suwon FC,Gwangju Football Club,2,4
2025-09-14,4582190,BRA1,2024,domestic_league,2462,199,Fluminense Football Club,Sport Club Corinthians Paulista,0,1
2025-09-14,4582193,BRA1,2024,domestic_league,585,537,São Paulo Futebol Clube,S. A. F. Botafogo,1,0
2025-09-14,4582194,BRA1,2024,domestic_league,8793,8718,Red Bull Bragantino,Sport Club do Recife,1,1
2025-09-14,4582195,BRA1,2024,domestic_league,330,221,Clube Atlético Mineiro,Santos Futebol Clube,1,1
2025-09-14,4582199,BRA1,2024,domestic_league,10492,614,Esporte Clube Juventude,Clube de Regatas do Flamengo,0,2
2025-09-14,4587176,MLS1,2024,domestic_league,51663,813,Atlanta United Football Club,Columbus Crew,4,5
2025-09-14,4587177,MLS1,2024,domestic_league,78435,69261,Charlotte Football Club,Club Internacional de Fútbol Miami,3,0
2025-09-14,4587178,MLS1,2024,domestic_league,51772,63966,Football Club Cincinnati,Nashville SC,2,1
2025-09-14,4587179,MLS1,2024,domestic_league,2440,45604,D.C. United,Orlando City Soccer Club,1,1
2025-09-14,4587180,MLS1,2024,domestic_league,4078,82686,Club de Foot Montréal,St. Louis City Soccer Club,0,2
2025-09-14,4587181,MLS1,2024,domestic_league,626,11141,New England Revolution,Toronto FC,1,1
2025-09-14,4587182,MLS1,2024,domestic_league,218,51828,San Jose Earthquakes,Los Angeles Football Club,2,4
2025-09-14,4587183,MLS1,2024,domestic_league,432,40058,Chicago Fire Soccer Club,New York City Football Club,1,3
2025-09-14,4587184,MLS1,2024,domestic_league,8816,72309,FC Dallas,Austin FC,2,0
2025-09-14,4587185,MLS1,2024,domestic_league,9636,1061,Seattle Sounders FC,Los Angeles Galaxy,2,2
2025-09-14,4587186,MLS1,2024,domestic_league,1247,9168,Colorado Rapids,Houston Dynamo,2,1
2025-09-14,4587187,MLS1,2024,domestic_league,6643,4284,Real Salt Lake,Sporting Kansas City,2,1
2025-09-14,4587188,MLS1,2024,domestic_league,6321,25467,Vancouver Whitecaps FC,Philadelphia Union,7,0
2025-09-14,4587189,MLS1,2024,domestic_league,4291,623,Portland Timbers,Red Bull New York,2,1
2025-09-14,4587190,MLS1,2024,domestic_league,114977,56089,San Diego Football Club,Minnesota United FC,1,3
2025-09-14,4620704,IT1,2025,domestic_league,800,1005,Atalanta BC,US Lecce,4,1
2025-09-14,4620709,IT1,2025,domestic_league,5,1025,AC Milan,Bologna Football Club 1909,1,0
2025-09-14,4620710,IT1,2025,domestic_league,4172,410,Pisa Sporting Club,Udinese Calcio,0,1
2025-09-14,4620711,IT1,2025,domestic_league,12,416,Associazione Sportiva Roma,Torino FC,0,1
2025-09-14,4620712,IT1,2025,domestic_league,6574,398,US Sassuolo,Società Sportiva Lazio S.p.A.,1,0
2025-09-14,4623171,PL1,2025,domestic_league,255,7154,Legia Warszawa,Radomiak Radom,4,1
2025-09-14,4623172,PL1,2025,domestic_league,3527,15906,Motor Lublin Spółka Akcyjna,Termalica Bruk-Bet Nieciecza Klub Sportowy,1,1
2025-09-14,4623175,PL1,2025,domestic_league,88,6107,Widzew Lodz,Morski Związkowy Klub Sportowy Arka Gdynia Spółka Akcyjna,2,0
2025-09-14,4624576,TS1,2025,domestic_league,1897,197,FC Hradec Kralove,AC Sparta Prague,2,1
2025-09-14,4624578,TS1,2025,domestic_league,715,5544,"Bohemians Praha 1905, a.s.",1.FC Slovacko,1,0
2025-09-14,4624581,TS1,2025,domestic_league,1322,1496,FK Jablonec,FK Pardubice,3,2
2025-09-14,4625280,KR1,2025,domestic_league,419,24575,GNK Dinamo Zagreb,HNK Gorica,1,2
2025-09-14,4625282,KR1,2025,domestic_league,327,456,NK Osijek,HNK Vukovar 1991,4,0
2025-09-14,4625807,GB1,2025,domestic_league,1132,31,Burnley FC,Liverpool FC,0,1
2025-09-14,4625811,GB1,2025,domestic_league,281,985,Manchester City,Manchester United,3,0
2025-09-14,4627266,C1,2025,domestic_league,242,321,FC Winterthur,FC Sion,2,3
2025-09-14,4627267,C1,2025,domestic_league,504,527,Grasshopper Club Zurich,Football Club Lausanne-Sport,3,1
2025-09-14,4627268,C1,2025,domestic_league,434,452,FC Luzern,BSC Young Boys,1,2
2025-09-14,4627570,BE1,2025,domestic_league,1096,157,Royal Antwerp FC,KAA Gent,1,2
2025-09-14,4627571,BE1,2025,domestic_league,520,172,Cercle Brugge,Royal Charleroi Sporting Club,2,3
2025-09-14,4627572,BE1,2025,domestic_league,58,1184,RSC Anderlecht,KRC Genk,1,1
2025-09-14,4627573,BE1,2025,domestic_league,475,968,Sint-Truidense VV,KVC Westerlo,0,3
2025-09-14,4634150,L1,2025,domestic_league,18,86,Borussia Mönchengladbach,SV Werder Bremen,0,4
2025-09-14,4634153,L1,2025,domestic_league,35,167,FC St. Pauli,FC Augsburg,2,1
2025-09-14,4635034,FR1,2025,domestic_league,583,826,Paris Saint-Germain,RC Lens,2,0
2025-09-14,4635037,FR1,2025,domestic_league,347,1420,FC Metz,Angers SCO,1,1
2025-09-14,4635038,FR1,2025,domestic_league,3911,10004,Stade Brestois 29,Paris FC,1,2
2025-09-14,4635039,FR1,2025,domestic_league,667,738,RC Strasbourg Alsace,Le Havre AC,1,0
2025-09-14,4635040,FR1,2025,domestic_league,1082,415,LOSC Lille,FC Toulouse,2,1
2025-09-14,4635041,FR1,2025,domestic_league,273,1041,Stade Rennais FC,Olympique Lyon,3,1
2025-09-14,4638778,SC1,2025,domestic_league,2553,371,Kilmarnock FC,Celtic FC,1,2
2025-09-14,4640776,SER1,2025,domestic_league,15276,669,FK Spartak Subotica,FK Partizan Belgrade,2,5
2025-09-14,4640777,SER1,2025,domestic_league,159,59358,Red Star Belgrade,FK Zeleznicar Pancevo,7,1
2025-09-14,4640780,SER1,2025,domestic_league,3137,6622,FK TSC Backa Topola,FK Mladost Lucani,1,0
2025-09-14,4641429,NL1,2025,domestic_league,798,468,Excelsior Rotterdam,Sparta Rotterdam,0,1
2025-09-14,4641430,NL1,2025,domestic_league,200,202,FC Utrecht,FC Groningen,0,1
2025-09-14,4641431,NL1,2025,domestic_league,1304,1090,Heracles Almelo,AZ Alkmaar,1,2
2025-09-14,4641432,NL1,2025,domestic_league,1434,385,SC Telstar,Fortuna Sittardia Combinatie,1,3
2025-09-14,4642904,A1,2025,domestic_league,122,14,Sportklub Puntigamer Sturm Graz,Austria Vienna,0,1
2025-09-14,4642905,A1,2025,domestic_league,170,2446,Rapid Vienna,WSG Tirol,4,1
2025-09-14,4642906,A1,2025,domestic_league,266,4467,SV Ried,TSV Hartberg,0,2
2025-09-14,4645567,ES1,2025,domestic_league,131,1049,FC Barcelona,Valencia CF,6,0
2025-09-14,4645568,ES1,2025,domestic_league,940,12321,Celta de Vigo,Girona FC,1,1
2025-09-14,4645571,ES1,2025,domestic_league,331,367,CA Osasuna,Rayo Vallecano,2,0
2025-09-14,4645573,ES1,2025,domestic_league,3368,150,Levante UD,Real Betis Balompié,2,2
2025-09-14,4646051,UKR1,2025,domestic_league,10690,48332,Zorya Lugansk,Kolos Kovalivka,1,3
2025-09-14,4646054,UKR1,2025,domestic_league,3592,53646,Kryvbas Kryvyi Rig,FK Polissya Zhytomyr,0,1
2025-09-14,4646055,UKR1,2025,domestic_league,85465,81401,Karpaty Lviv,SC Poltava,1,1
2025-09-14,4646380,TR1,2025,domestic_league,2832,120,Gaziantep FK,Kocaelispor,2,0
2025-09-14,4646381,TR1,2025,domestic_league,36,449,Fenerbahce,Trabzonspor,1,0
2025-09-14,4646383,TR1,2025,domestic_league,3205,1467,Kayserispor,Göztepe,1,1
2025-09-14,4648339,DK1,2025,domestic_league,1063,678,Viborg FF,Aarhus GF,1,2
2025-09-14,4648340,DK1,2025,domestic_league,2778,865,FC Nordsjaelland,FC Midtjylland,1,0
2025-09-14,4648341,DK1,2025,domestic_league,1177,173,Silkeborg IF,Odense Boldklub,2,1
2025-09-14,4648664,PO1,2025,domestic_league,2431,2420,CF Estrela Amadora,Vitória Guimarães SC,0,2
2025-09-14,4648666,PO1,2025,domestic_league,8024,3268,FC Arouca,Casa Pia AC,0,2
2025-09-14,4648669,PO1,2025,domestic_league,1075,2424,SC Braga,Gil Vicente FC,0,1
2025-09-14,4648993,RO1,2025,domestic_league,4959,8818,SC Otelul Galati,FC Botosani,0,1
2025-09-14,4648994,RO1,2025,domestic_league,40812,29831,Universitatea Craiova,FCV Farul Constanta,2,0
2025-09-14,4649151,RO1,2025,domestic_league,37255,301,FK Csikszereda Miercurea Ciuc,FCSB,1,1
2025-09-14,4649243,RU1,2025,domestic_league,1083,2410,FK Rostov,PFK CSKA Moskva,1,0
2025-09-14,4649245,RU1,2025,domestic_league,2696,41231,PFK Krylya Sovetov Samara,FK Sochi,2,0
2025-09-14,4649250,RU1,2025,domestic_league,2741,964,FK Baltika,AO FK Zenit Sankt-Peterburg,0,0
2025-09-14,4664979,GR1,2025,domestic_league,6676,4603,A.G.S Asteras Tripolis,Athlitiki Enosi Larisas,2,2
2025-09-14,4664981,GR1,2025,domestic_league,30120,265,Athlitiki Enosi Kifisias,Panathinaikos Athlitikos Omilos,3,2
2025-09-14,4664982,GR1,2025,domestic_league,2672,2441,APO Levadiakos Football Club,Athlitiki Enosi Konstantinoupoleos,0,1
2025-09-14,4664984,GR1,2025,domestic_league,653,1091,Omilos Filathlon Irakliou FC,Panthessalonikios Athlitikos Omilos Konstantinoupoliton,1,2
2025-09-14,4693270,COL1,2025,,6984,7136,Once Caldas,Envigado FC,1,0
2025-09-14,4693271,COL1,2025,,8172,6495,Atlético Nacional,Atlético Bucaramanga,0,3
2025-09-14,4693272,COL1,2025,,11648,14680,Independiente Santa Fe,Unión Magdalena,2,0
2025-09-14,4693273,COL1,2025,,9961,10090,Deportivo Cali,Asociación Deportivo Pasto,2,1
2025-09-14,4706116,SA1,2025,domestic_league,31008,32328,Al-Riyadh Saudi Club,Al-Najma Sport Club,2,1
2025-09-14,4706117,SA1,2025,domestic_league,50532,34911,Damac Football Club,Neom Sports Club,1,2
2025-09-14,4706118,SA1,2025,domestic_league,18544,91427,Al-Nassr Football Club,Al-Kholood Club,2,0
2025-09-15,4525618,SE1,2024,domestic_league,272,1092,Allmänna Idrottsklubben,Idrottsföreningen  Brommapojkarna,2,1
2025-09-15,4525621,SE1,2024,domestic_league,1109,801,BK Häcken,Idrottsföreningen Kamraterna Göteborg,1,2
2025-09-15,4530516,JAP1,2024,domestic_league,6631,3734,Tokyo Football Club,Tokyo Verdy,1,0
2025-09-15,4582191,BRA1,2024,domestic_league,978,2029,Club de Regatas Vasco da Gama,Ceará Sporting Club,2,2
2025-09-15,4620706,IT1,2025,domestic_league,1047,252,Como 1907,Genoa CFC,1,1
2025-09-15,4620713,IT1,2025,domestic_league,276,2239,Hellas Verona,US Cremonese,0,0
2025-09-15,4623174,PL1,2025,domestic_league,9644,428,Raków Częstochowa,Górnik Zabrze,0,1
2025-09-15,4645569,ES1,2025,domestic_league,714,237,RCD Espanyol Barcelona,RCD Mallorca,3,2
2025-09-15,4646382,TR1,2025,domestic_league,126,820,Caykur Rizespor,Gençlerbirliği Spor Kulübü,1,0
2025-09-15,4648338,DK1,2025,domestic_league,5776,443,FC Fredericia,Vejle Boldklub,1,1
2025-09-15,4648990,RO1,2025,domestic_league,58049,29700,FC Hermannstadt,AFC Unirea 04 Slobozia,0,2
2025-09-15,4648992,RO1,2025,domestic_league,9465,312,Petrolul Ploiesti,FC Dinamo 1948,0,3
2025-09-15,4693274,COL1,2025,,9811,38628,Deportivo Pereira,Llaneros FC,0,0
2025-09-15,4693275,COL1,2025,,10503,14649,Deportes Tolima,Boyacá Chicó FC,4,0
2025-09-16,4582197,BRA1,2024,domestic_league,10010,609,Esporte Clube Bahia,Cruzeiro Esporte Clube,1,2
2025-09-16,4650515,RUP,2025,domestic_cup,14589,2698,FC Orenburg,FC Rubin Kazan,4,2
2025-09-16,4650519,RUP,2025,domestic_cup,49702,75231,FK Nizhny Novgorod,Dinamo Makhachkala,1,2
2025-09-16,4650521,RUP,2025,domestic_cup,71985,932,Akron Togliatti,"Футбольный клуб ""Локомотив"" Москва",1,3
2025-09-16,4715840,CGB,2025,,873,1028,Crystal Palace,Millwall FC,5,3
2025-09-16,4715842,CGB,2025,,1148,405,Brentford FC,Aston Villa,5,3
2025-09-16,4715850,CGB,2025,,1035,1034,Sheffield Wednesday,Grimsby Town,0,1
2025-09-16,4716774,CL,2025,international_cup,506,16,Juventus FC,Borussia Dortmund,4,4
2025-09-16,4716778,CL,2025,international_cup,621,11,Athletic Bilbao,Arsenal FC,0,2
2025-09-16,4716779,CL,2025,international_cup,383,3948,PSV Eindhoven,Union Saint-Gilloise,1,3
2025-09-16,4716843,CL,2025,international_cup,418,244,Real Madrid,Olympique Marseille,2,1
2025-09-16,4716844,CL,2025,international_cup,294,10625,SL Benfica,Qarabağ FK,2,3
2025-09-16,4716845,CL,2025,international_cup,148,1050,Tottenham Hotspur,Villarreal CF,1,0
2025-09-16,4718702,GRP,2025,domestic_cup,3984,60949,GS Ilioupolis,Volou Neos Podosferikos Syllogos,1,3
2025-09-16,4720660,DKP,2025,domestic_cup,3732,5724,Hellerup IK,Randers FC,1,2
2025-09-16,4720664,DKP,2025,domestic_cup,1894,5817,Hvidovre IF,Sönderjyske Fodbold,1,2
2025-09-17,4582111,BRA1,2024,domestic_league,537,3876,S. A. F. Botafogo,Mirasol Futebol Clube,3,3
2025-09-17,4587191,MLS1,2024,domestic_league,69261,9636,Club Internacional de Fútbol Miami,Seattle Sounders FC,3,1
2025-09-17,4627252,C1,2025,domestic_league,321,61,FC Sion,Servette FC,0,2
2025-09-17,4627255,C1,2025,domestic_league,2790,527,FC Lugano,Football Club Lausanne-Sport,1,1
2025-09-17,4627520,BE1,2025,domestic_league,1184,172,KRC Genk,Royal Charleroi Sporting Club,0,1
2025-09-17,4641450,NL1,2025,domestic_league,234,385,Feyenoord Rotterdam,Fortuna Sittardia Combinatie,2,0
2025-09-17,4646342,TR1,2025,domestic_league,6646,6890,Fatih Karagümrük,Basaksehir FK,0,2
2025-09-17,4646344,TR1,2025,domestic_league,36,11282,Fenerbahce,Alanyaspor,2,2
2025-09-17,4646360,TR1,2025,domestic_league,152,10484,Samsunspor,Kasimpasa,0,0
2025-09-17,4650514,RUP,2025,domestic_cup,964,3725,AO FK Zenit Sankt-Peterburg,RFK Akhmat Grozny,2,1
2025-09-17,4650516,RUP,2025,domestic_cup,41231,121,FK Sochi,FK Dinamo Moskva,0,4
2025-09-17,4650517,RUP,2025,domestic_cup,2696,16704,PFK Krylya Sovetov Samara,FK Krasnodar,1,2
2025-09-17,4715272,UKRP,2025,domestic_cup,18303,338,FC Oleksandriya,Dynamo Kyiv,1,2
2025-09-17,4715274,UKRP,2025,domestic_cup,86209,67939,Livyi Bereg Kyiv,Viktoriya Mykolaivka,0,1
2025-09-17,4715277,UKRP,2025,domestic_cup,90593,660,Polissya Stavky,FC Shakhtar Donetsk,0,1
2025-09-17,4715280,UKRP,2025,domestic_cup,83678,63007,Metalist Kharkiv,LNZ Cherkasy,0,2
2025-09-17,4715283,UKRP,2025,domestic_cup,81169,3592,FC Chernigiv,Kryvbas Kryvyi Rig,3,0
2025-09-17,4715851,CGB,2025,,2288,703,Swansea City,Nottingham Forest,3,2
2025-09-17,4716775,CL,2025,international_cup,610,46,Ajax Amsterdam,Inter Milan,0,2
2025-09-17,4716777,CL,2025,international_cup,583,800,Paris Saint-Germain,Atalanta BC,4,0
2025-09-17,4716846,CL,2025,international_cup,683,45457,Olympiakos Syndesmos Filathlon Peiraios,Pafos FC,0,0
2025-09-17,4716847,CL,2025,international_cup,62,501,SK Slavia Prague,Fotballklubben Bodø/Glimt,2,2
2025-09-17,4717478,CL,2025,international_cup,27,631,Bayern Munich,Chelsea FC,3,1
2025-09-17,4717479,CL,2025,international_cup,31,13,Liverpool FC,Atlético de Madrid,3,2
2025-09-17,4718615,COL1,2025,,2352,6495,CD América de Cali,Atlético Bucaramanga,0,0
2025-09-17,4718701,GRP,2025,domestic_cup,3060,85955,APS Atromitos Athinon,Ellas Syros,4,2
2025-09-17,4718703,GRP,2025,domestic_cup,30120,6676,Athlitiki Enosi Kifisias,A.G.S Asteras Tripolis,1,1
2025-09-17,4718704,GRP,2025,domestic_cup,2672,1091,APO Levadiakos Football Club,Panthessalonikios Athlitikos Omilos Konstantinoupoliton,4,1
2025-09-17,4718705,GRP,2025,domestic_cup,4001,4603,Marko FC,Athlitiki Enosi Larisas,2,2
2025-09-17,4718706,GRP,2025,domestic_cup,653,3391,Omilos Filathlon Irakliou FC,Kavala FC,3,0
2025-09-17,4718707,GRP,2025,domestic_cup,265,3062,Panathinaikos Athlitikos Omilos,Athens Kallithea,1,0
2025-09-17,4718708,GRP,2025,domestic_cup,6418,605,Panetolikos Agrinio,Aris Thessalonikis,0,1
2025-09-17,4718709,GRP,2025,domestic_cup,2984,2441,Egaleo FC,Athlitiki Enosi Konstantinoupoleos,0,1
2025-09-17,4720659,DKP,2025,domestic_cup,25495,1177,Kolding Boldklub,Silkeborg IF,0,5
2025-09-17,4720663,DKP,2025,domestic_cup,1053,865,Aalborg BK,FC Midtjylland,0,3
2025-09-17,4720666,DKP,2025,domestic_cup,29391,1842,IF Lyseng,FC Roskilde,4,3
2025-09-18,4521295,MLS1,2024,domestic_league,6643,51828,Real Salt Lake,Los Angeles Football Club,1,4
2025-09-18,4587115,MLS1,2024,domestic_league,40058,813,New York City Football Club,Columbus Crew,3,2
2025-09-18,4650518,RUP,2025,domestic_cup,232,1083,FK Spartak Moskva,FK Rostov,1,2
2025-09-18,4650520,RUP,2025,domestic_cup,2410,2741,PFK CSKA Moskva,FK Baltika,10,11
2025-09-18,4706146,SA1,2025,domestic_league,91427,50532,Al-Kholood Club,Damac Football Club,2,1
2025-09-18,4706147,SA1,2025,domestic_league,28844,7732,Al-Taawoun Football Club,Al-Ettifaq Football Club,4,1
2025-09-18,4706148,SA1,2025,domestic_league,34911,71665,Neom Sports Club,Al-Okhdood Club,1,0
2025-09-18,4715273,UKRP,2025,domestic_cup,61761,65423,MFK Metalurg Zaporizhya,Feniks-Mariupol,3,5
2025-09-18,4715284,UKRP,2025,domestic_cup,21903,85465,Bukovyna Chernivtsi,Karpaty Lviv,1,0
2025-09-18,4715286,UKRP,2025,domestic_cup,2712,81401,Nyva Ternopil,SC Poltava,3,0
2025-09-18,4716776,CL,2025,international_cup,281,6195,Manchester City,SSC Napoli,2,0
2025-09-18,4717480,CL,2025,international_cup,2282,162,Club Brugge KV,AS Monaco,4,1
2025-09-18,4717481,CL,2025,international_cup,190,15,FC Copenhagen,Bayer 04 Leverkusen,2,2
2025-09-18,4717482,CL,2025,international_cup,24,141,Eintracht Frankfurt,Galatasaray,5,1
2025-09-18,4717483,CL,2025,international_cup,336,10482,Sporting CP,Kairat Almaty,4,1
2025-09-18,4717484,CL,2025,international_cup,762,131,Newcastle United,FC Barcelona,1,2
2025-09-19,4620719,IT1,2025,domestic_league,1005,1390,US Lecce,Cagliari Calcio,1,2
2025-09-19,4623179,PL1,2025,domestic_league,6456,5689,GKS GieKSa Katowice Spółka Akcyjna,Cracovia,0,3
2025-09-19,4623181,PL1,2025,domestic_league,2118,2300,Wisla Plock,Jagiellonia Bialystok,0,1
2025-09-19,4634160,L1,2025,domestic_league,79,35,VfB Stuttgart,FC St. Pauli,2,0
2025-09-19,4635049,FR1,2025,domestic_league,1041,1420,Olympique Lyon,Angers SCO,1,0
2025-09-19,4640819,SER1,2025,domestic_league,788,33328,FK Napredak Krusevac,FK Radnik Surdulica,1,3
2025-09-19,4641234,BE1,2025,domestic_league,157,9010,KAA Gent,FCV Dender EH,3,0
2025-09-19,4641469,NL1,2025,domestic_league,468,317,Sparta Rotterdam,FC Twente Enschede,1,5
2025-09-19,4645487,ES1,2025,domestic_league,150,681,Real Betis Balompié,Real Sociedad,3,1
2025-09-19,4646440,TR1,2025,domestic_league,1467,114,Göztepe,Beşiktaş Jimnastik Kulübü,3,0
2025-09-19,4648322,DK1,2025,domestic_league,173,5776,Odense Boldklub,FC Fredericia,3,2
2025-09-19,4648697,PO1,2025,domestic_league,2425,720,Rio Ave FC,FC Porto,0,3
2025-09-19,4649024,RO1,2025,domestic_league,8818,301,FC Botosani,FCSB,3,1
2025-09-19,4706149,SA1,2025,domestic_league,26069,6070,Al-Qadsiah Saudi Football Club,Al-Khaleej Club (Saihat),2,1
2025-09-19,4706150,SA1,2025,domestic_league,50531,9840,Al-Fayha FC,Al-Shabab Club,0,0
2025-09-19,4706151,SA1,2025,domestic_league,18487,1114,Al-Ahli Saudi Football Club,Al-Hilal Saudi Football Club,3,3
2025-09-20,4522750,NO1,2024,domestic_league,3837,1057,Fredrikstad Fotballklubb,Bryne FK,1,1
2025-09-20,4522761,NO1,2024,domestic_league,6399,1100,Sandefjord Fotball,Sportsklubben Brann,0,3
2025-09-20,4522792,NO1,2024,domestic_league,76,23184,Vålerengens Idrettsforening,KFUM-Kameratene Oslo,1,1
2025-09-20,4525659,SE1,2024,domestic_league,7009,1101,Göteborgs Atlet- och Idrottssällskap,Idrottsföreningen Elfsborg,2,0
2025-09-20,4525661,SE1,2024,domestic_league,496,1044,Malmö Fotbollförening,Djurgårdens Idrottsförening,0,1
2025-09-20,4525662,SE1,2024,domestic_league,2719,1236,Mjällby Almänna Idrottsförening,Östers IF,1,1
2025-09-20,4529919,RSK1,2024,domestic_league,6502,6505,Jeonbuk Hyundai Motors,Gimcheon Sangmu Football Club,1,2
2025-09-20,4529920,RSK1,2024,domestic_league,6499,6504,Foundation Coorperation Hana Financial Group Inc. Football Club,Daegu FC,3,2
2025-09-20,4530557,JAP1,2024,domestic_league,9598,6631,Kawasaki Frontale,Tokyo Football Club,0,1
2025-09-20,4530561,JAP1,2024,domestic_league,593,1062,Kyoto Purple Sanga,S-Pulse,0,1
2025-09-20,4530562,JAP1,2024,domestic_league,1022,6632,Cerezo Osaka,Hitachi Kashiwa Reysol,1,1
2025-09-20,4582286,BRA1,2024,domestic_league,537,330,S. A. F. Botafogo,Clube Atlético Mineiro,1,0
2025-09-20,4582347,BRA1,2024,domestic_league,2125,2462,Esporte Clube Vitória,Fluminense Football Club,0,1
2025-09-20,4582348,BRA1,2024,domestic_league,2029,10010,Ceará Sporting Club,Esporte Clube Bahia,1,1
2025-09-20,4587192,MLS1,2024,domestic_league,40058,78435,New York City Football Club,Charlotte Football Club,2,0
2025-09-20,4587193,MLS1,2024,domestic_league,25467,626,Philadelphia Union,New England Revolution,1,0
2025-09-20,4587194,MLS1,2024,domestic_league,51663,114977,Atlanta United Football Club,San Diego Football Club,1,1
2025-09-20,4620714,IT1,2025,domestic_league,1025,252,Bologna Football Club 1909,Genoa CFC,2,1
2025-09-20,4620722,IT1,2025,domestic_league,410,5,Udinese Calcio,AC Milan,0,3
2025-09-20,4620723,IT1,2025,domestic_league,276,506,Hellas Verona,Juventus FC,1,1
2025-09-20,4623177,PL1,2025,domestic_league,6107,6110,Morski Związkowy Klub Sportowy Arka Gdynia Spółka Akcyjna,Korona Kielce,0,0
2025-09-20,4623178,PL1,2025,domestic_league,15906,238,Termalica Bruk-Bet Nieciecza Klub Sportowy,Lech Poznan,0,2
2025-09-20,4623183,PL1,2025,domestic_league,7154,6112,Radomiak Radom,Piast Gliwice,1,0
2025-09-20,4623184,PL1,2025,domestic_league,9644,255,Raków Częstochowa,Legia Warszawa,1,1
2025-09-20,4624582,TS1,2025,domestic_league,197,941,AC Sparta Prague,FC Viktoria Plzen,2,1
2025-09-20,4624583,TS1,2025,domestic_league,5545,1897,FC Zlin,FC Hradec Kralove,1,2
2025-09-20,4624587,TS1,2025,domestic_league,2311,814,"SK Sigma Olomouc, a.s.",FK Teplice,0,0
2025-09-20,4624588,TS1,2025,domestic_league,13726,1322,MFK Karvina,FK Jablonec,1,2
2025-09-20,4624589,TS1,2025,domestic_league,1496,5544,FK Pardubice,1.FC Slovacko,1,1
2025-09-20,4625285,KR1,2025,domestic_league,447,419,HNK Hajduk Split,GNK Dinamo Zagreb,0,2
2025-09-20,4625286,KR1,2025,domestic_league,11194,599,NK Lokomotiva Zagreb,NK Varazdin,1,0
2025-09-20,4625816,GB1,2025,domestic_league,1237,148,Brighton & Hove Albion,Tottenham Hotspur,2,2
2025-09-20,4625817,GB1,2025,domestic_league,1132,703,Burnley FC,Nottingham Forest,1,1
2025-09-20,4625818,GB1,2025,domestic_league,931,1148,Fulham FC,Brentford FC,3,1
2025-09-20,4625819,GB1,2025,domestic_league,31,29,Liverpool FC,Everton FC,2,1
2025-09-20,4625820,GB1,2025,domestic_league,985,631,Manchester United,Chelsea FC,2,1
2025-09-20,4625822,GB1,2025,domestic_league,379,873,West Ham United,Crystal Palace,1,2
2025-09-20,4625823,GB1,2025,domestic_league,543,399,Wolverhampton Wanderers,Leeds United,1,3
2025-09-20,4634158,L1,2025,domestic_league,23826,3,RB Leipzig,1.FC Köln,3,1
2025-09-20,4634159,L1,2025,domestic_league,86,60,SV Werder Bremen,SC Freiburg,0,3
2025-09-20,4634161,L1,2025,domestic_league,167,39,FC Augsburg,1.FSV Mainz 05,1,4
2025-09-20,4634162,L1,2025,domestic_league,533,27,TSG 1899 Hoffenheim,Bayern Munich,1,4
2025-09-20,4634163,L1,2025,domestic_league,41,2036,Hamburger SV,1. Fußballclub Heidenheim 1846,2,1
2025-09-20,4635042,FR1,2025,domestic_league,826,1082,RC Lens,LOSC Lille,3,0
2025-09-20,4635043,FR1,2025,domestic_league,995,273,FC Nantes,Stade Rennais FC,2,2
2025-09-20,4635045,FR1,2025,domestic_league,3911,417,Stade Brestois 29,OGC Nice,4,1
2025-09-20,4640815,SER1,2025,domestic_league,4633,448,FK Novi Pazar,FK Vojvodina Novi Sad,1,0
2025-09-20,4640816,SER1,2025,domestic_league,59358,53,FK Zeleznicar Pancevo,OFK Beograd,1,3
2025-09-20,4640817,SER1,2025,domestic_league,669,159,FK Partizan Belgrade,Red Star Belgrade,1,2
2025-09-20,4640818,SER1,2025,domestic_league,4645,15276,FK Radnicki 1923 Kragujevac,FK Spartak Subotica,2,0
2025-09-20,4641232,BE1,2025,domestic_league,58,1096,RSC Anderlecht,Royal Antwerp FC,0,0
2025-09-20,4641235,BE1,2025,domestic_league,2727,3901,Oud-Heverlee Leuven,RAAL La Louvière,1,2
2025-09-20,4641238,BE1,2025,domestic_league,172,3508,Royal Charleroi Sporting Club,Zulte Waregem,1,2
2025-09-20,4641470,NL1,2025,domestic_league,724,798,FC Volendam,Excelsior Rotterdam,1,2
2025-09-20,4641471,NL1,2025,domestic_league,202,1434,FC Groningen,SC Telstar,2,0
2025-09-20,4641472,NL1,2025,domestic_league,385,200,Fortuna Sittardia Combinatie,FC Utrecht,1,0
2025-09-20,4641473,NL1,2025,domestic_league,132,1304,NAC Breda,Heracles Almelo,2,1
2025-09-20,4642910,A1,2025,domestic_league,409,122,Fußballclub Red Bull Salzburg,Sportklub Puntigamer Sturm Graz,0,2
2025-09-20,4642912,A1,2025,domestic_league,4467,4441,TSV Hartberg,Wolfsberger AC,2,2
2025-09-20,4642913,A1,2025,domestic_league,14,266,Austria Vienna,SV Ried,3,2
2025-09-20,4645485,ES1,2025,domestic_league,1108,368,Deportivo Alavés,Sevilla FC,1,2
2025-09-20,4645489,ES1,2025,domestic_league,12321,3368,Girona FC,Levante UD,0,4
2025-09-20,4645490,ES1,2025,domestic_league,1049,621,Valencia CF,Athletic Bilbao,2,0
2025-09-20,4645493,ES1,2025,domestic_league,418,714,Real Madrid,RCD Espanyol Barcelona,2,0
2025-09-20,4645494,ES1,2025,domestic_league,1050,331,Villarreal CF,CA Osasuna,2,1
2025-09-20,4646060,UKR1,2025,domestic_league,53646,87883,FK Polissya Zhytomyr,FC Kudrivka,2,0
2025-09-20,4646064,UKR1,2025,domestic_league,48332,26459,Kolos Kovalivka,NK Veres Rivne,0,0
2025-09-20,4646436,TR1,2025,domestic_league,589,3205,Antalyaspor,Kayserispor,1,1
2025-09-20,4646437,TR1,2025,domestic_league,449,2832,Trabzonspor,Gaziantep FK,1,1
2025-09-20,4646442,TR1,2025,domestic_league,820,7160,Gençlerbirliği Spor Kulübü,Eyüpspor,1,0
2025-09-20,4648321,DK1,2025,domestic_league,865,1063,FC Midtjylland,Viborg FF,2,0
2025-09-20,4648691,PO1,2025,domestic_league,110302,294,Avs Futebol,SL Benfica,0,3
2025-09-20,4648695,PO1,2025,domestic_league,2423,2521,CD Santa Clara,FC Alverca,2,1
2025-09-20,4648696,PO1,2025,domestic_league,982,8024,CD Nacional,FC Arouca,1,2
2025-09-20,4648699,PO1,2025,domestic_league,2420,1075,Vitória Guimarães SC,SC Braga,1,1
2025-09-20,4649020,RO1,2025,domestic_league,41278,6429,ACSC FC Arges,FC Universitatea Cluj,1,0
2025-09-20,4649026,RO1,2025,domestic_league,4959,40812,SC Otelul Galati,Universitatea Craiova,1,0
2025-09-20,4649198,RU1,2025,domestic_league,49702,3725,FK Nizhny Novgorod,RFK Akhmat Grozny,1,2
2025-09-20,4649200,RU1,2025,domestic_league,75231,932,Dinamo Makhachkala,"Футбольный клуб ""Локомотив"" Москва",1,1
2025-09-20,4649201,RU1,2025,domestic_league,71985,2698,Akron Togliatti,FC Rubin Kazan,2,2
2025-09-20,4649404,SC1,2025,domestic_league,511,1241,Dundee FC,Livingston FC,3,2
2025-09-20,4665071,GR1,2025,domestic_league,60949,6676,Volou Neos Podosferikos Syllogos,A.G.S Asteras Tripolis,2,1
2025-09-20,4665072,GR1,2025,domestic_league,30120,605,Athlitiki Enosi Kifisias,Aris Thessalonikis,0,1
2025-09-20,4665075,GR1,2025,domestic_league,3385,3060,Panserraikos Serres,APS Atromitos Athinon,1,1
2025-09-20,4665076,GR1,2025,domestic_league,1091,6418,Panthessalonikios Athlitikos Omilos Konstantinoupoliton,Panetolikos Agrinio,0,0
2025-09-20,4693276,COL1,2025,,6495,10503,Atlético Bucaramanga,Deportes Tolima,2,0
2025-09-20,4693277,COL1,2025,,2352,6984,CD América de Cali,Once Caldas,2,1
2025-09-20,4693278,COL1,2025,,7136,22902,Envigado FC,Alianza FC,0,0
2025-09-20,4693279,COL1,2025,,38628,20590,Llaneros FC,Rionegro Águilas,0,1
2025-09-20,4706152,SA1,2025,domestic_league,9131,27221,Al-Hazem Sport Club,Al-Fateh Club,0,0
2025-09-20,4706153,SA1,2025,domestic_league,32328,8023,Al-Najma Sport Club,Al-Ittihad Football Club,0,1
2025-09-20,4706154,SA1,2025,domestic_league,18544,31008,Al-Nassr Football Club,Al-Riyadh Saudi Club,5,1
2025-09-21,4522755,NO1,2024,domestic_league,21101,2761,Kristiansund Ballklubb,FK Haugesund,2,0
2025-09-21,4522760,NO1,2024,domestic_league,195,501,Rosenborg Ballklub,Fotballklubben Bodø/Glimt,1,1
2025-09-21,4522773,NO1,2024,domestic_league,2817,10217,Strømsgodset IF,Sarpsborg 08 Fotballforening,2,1
2025-09-21,4522778,NO1,2024,domestic_league,1293,4309,Tromsø Idrettslag,Hamarkameratene,1,0
2025-09-21,4522785,NO1,2024,domestic_league,239,687,Viking Fotballklubb,Molde Fotballklubb,1,0
2025-09-21,4525658,SE1,2024,domestic_league,1059,1109,Hammarby IF,BK Häcken,4,0
2025-09-21,4525660,SE1,2024,domestic_league,801,1092,Idrottsföreningen Kamraterna Göteborg,Idrottsföreningen  Brommapojkarna,0,1
2025-09-21,4525664,SE1,2024,domestic_league,7945,3641,IK Sirius,Degerfors IF,1,3
2025-09-21,4529921,RSK1,2024,domestic_league,3535,38898,Ulsan Hyundai Football Club,Football Club Anyang,0,0
2025-09-21,4529922,RSK1,2024,domestic_league,31622,21459,Suwon FC,Gangwon Football Club,1,0
2025-09-21,4529923,RSK1,2024,domestic_league,6500,30925,Football Club Seoul,Gwangju Football Club,3,0
2025-09-21,4529924,RSK1,2024,domestic_league,311,19684,Football Club Pohang Steelers,Jeju SK Football Club,1,0
2025-09-21,4582274,BRA1,2024,domestic_league,614,978,Clube de Regatas do Flamengo,Club de Regatas Vasco da Gama,1,1
2025-09-21,4582294,BRA1,2024,domestic_league,1023,10870,Sociedade Esportiva Palmeiras,Fortaleza Esporte Clube,4,1
2025-09-21,4582314,BRA1,2024,domestic_league,3876,10492,Mirasol Futebol Clube,Esporte Clube Juventude,2,0
2025-09-21,4582329,BRA1,2024,domestic_league,6600,210,Sport Club Internacional,Grêmio Foot-Ball Porto Alegrense,2,3
2025-09-21,4582349,BRA1,2024,domestic_league,8718,199,Sport Club do Recife,Sport Club Corinthians Paulista,1,0
2025-09-21,4587195,MLS1,2024,domestic_league,813,11141,Columbus Crew,Toronto FC,1,1
2025-09-21,4587196,MLS1,2024,domestic_league,69261,2440,Club Internacional de Fútbol Miami,D.C. United,3,2
2025-09-21,4587197,MLS1,2024,domestic_league,4078,623,Club de Foot Montréal,Red Bull New York,0,2
2025-09-21,4587198,MLS1,2024,domestic_league,45604,63966,Orlando City Soccer Club,Nashville SC,3,2
2025-09-21,4587200,MLS1,2024,domestic_league,8816,1247,FC Dallas,Colorado Rapids,3,1
2025-09-21,4587201,MLS1,2024,domestic_league,9168,4291,Houston Dynamo,Portland Timbers,1,0
2025-09-21,4587202,MLS1,2024,domestic_league,4284,6321,Sporting Kansas City,Vancouver Whitecaps FC,0,2
2025-09-21,4587203,MLS1,2024,domestic_league,56089,432,Minnesota United FC,Chicago Fire Soccer Club,0,3
2025-09-21,4587204,MLS1,2024,domestic_league,1061,51772,Los Angeles Galaxy,Football Club Cincinnati,2,3
2025-09-21,4587205,MLS1,2024,domestic_league,218,82686,San Jose Earthquakes,St. Louis City Soccer Club,1,3
2025-09-21,4620715,IT1,2025,domestic_league,2239,130,US Cremonese,Parma Calcio 1913,0,0
2025-09-21,4620716,IT1,2025,domestic_league,430,1047,ACF Fiorentina,Como 1907,1,2
2025-09-21,4620717,IT1,2025,domestic_league,46,6574,Inter Milan,US Sassuolo,2,1
2025-09-21,4620718,IT1,2025,domestic_league,398,12,Società Sportiva Lazio S.p.A.,Associazione Sportiva Roma,0,1
2025-09-21,4620721,IT1,2025,domestic_league,416,800,Torino FC,Atalanta BC,0,3
2025-09-21,4623180,PL1,2025,domestic_league,428,88,Górnik Zabrze,Widzew Lodz,3,2
2025-09-21,4623182,PL1,2025,domestic_league,324,4000,Pogon Szczecin,Lechia Gdansk,3,4
2025-09-21,4623185,PL1,2025,domestic_league,168,3527,Zaglebie Lubin,Motor Lublin Spółka Akcyjna,2,2
2025-09-21,4624584,TS1,2025,domestic_league,5546,377,FK Mlada Boleslav,FC Baník Ostrava a.s.,1,1
2025-09-21,4624585,TS1,2025,domestic_league,450,715,FK Dukla Prague,"Bohemians Praha 1905, a.s.",0,2
2025-09-21,4624586,TS1,2025,domestic_league,697,62,FC Slovan Liberec,SK Slavia Prague,1,1
2025-09-21,4625288,KR1,2025,domestic_league,999,327,NK Istra 1961,NK Osijek,2,1
2025-09-21,4625289,KR1,2025,domestic_league,24575,2362,HNK Gorica,Slaven Belupo Koprivnica,2,1
2025-09-21,4625814,GB1,2025,domestic_league,11,281,Arsenal FC,Manchester City,1,1
2025-09-21,4625815,GB1,2025,domestic_league,989,762,AFC Bournemouth,Newcastle United,0,0
2025-09-21,4625821,GB1,2025,domestic_league,289,405,Sunderland AFC,Aston Villa,1,1
2025-09-21,4634155,L1,2025,domestic_league,15,18,Bayer 04 Leverkusen,Borussia Mönchengladbach,1,1
2025-09-21,4634156,L1,2025,domestic_league,24,89,Eintracht Frankfurt,1.FC Union Berlin,3,4
2025-09-21,4634157,L1,2025,domestic_league,16,82,Borussia Dortmund,VfL Wolfsburg,1,0
2025-09-21,4635044,FR1,2025,domestic_league,10004,667,Paris FC,RC Strasbourg Alsace,2,3
2025-09-21,4635046,FR1,2025,domestic_league,290,415,AJ Auxerre,FC Toulouse,1,0
2025-09-21,4635047,FR1,2025,domestic_league,738,1158,Le Havre AC,FC Lorient,1,1
2025-09-21,4635048,FR1,2025,domestic_league,162,347,AS Monaco,FC Metz,5,2
2025-09-21,4640813,SER1,2025,domestic_league,6622,8819,FK Mladost Lucani,FK Javor-Matis Ivanjica,2,1
2025-09-21,4640814,SER1,2025,domestic_league,6621,3137,FK Cukaricki,FK TSC Backa Topola,4,2
2025-09-21,4640820,SER1,2025,domestic_league,32113,7567,FK IMT Belgrad,FK Radnicki Nis,1,0
2025-09-21,4641231,BE1,2025,domestic_league,2282,475,Club Brugge KV,Sint-Truidense VV,2,0
2025-09-21,4641233,BE1,2025,domestic_league,1184,3948,KRC Genk,Union Saint-Gilloise,1,2
2025-09-21,4641236,BE1,2025,domestic_league,354,520,KV Mechelen,Cercle Brugge,0,0
2025-09-21,4641237,BE1,2025,domestic_league,968,3057,KVC Westerlo,Standard Liège,0,2
2025-09-21,4641474,NL1,2025,domestic_league,1269,1435,PEC Zwolle,Go Ahead Eagles,0,2
2025-09-21,4641475,NL1,2025,domestic_league,383,610,PSV Eindhoven,Ajax Amsterdam,2,2
2025-09-21,4641476,NL1,2025,domestic_league,306,467,SC Heerenveen,NEC Nijmegen,3,2
2025-09-21,4641477,NL1,2025,domestic_league,1090,234,AZ Alkmaar,Feyenoord Rotterdam,3,3
2025-09-21,4642911,A1,2025,domestic_league,413,2157,LASK,FC Blau-Weiss Linz,2,0
2025-09-21,4642914,A1,2025,domestic_league,3551,2446,Sportclub Rheindorf Altach,WSG Tirol,1,1
2025-09-21,4642915,A1,2025,domestic_league,316,170,Grazer AK 1902,Rapid Vienna,1,1
2025-09-21,4645486,ES1,2025,domestic_league,131,3709,FC Barcelona,Getafe CF,3,0
2025-09-21,4645488,ES1,2025,domestic_league,1531,2497,Elche CF,Real Oviedo,1,0
2025-09-21,4645491,ES1,2025,domestic_league,237,13,RCD Mallorca,Atlético de Madrid,1,1
2025-09-21,4645492,ES1,2025,domestic_league,367,940,Rayo Vallecano,Celta de Vigo,1,1
2025-09-21,4646061,UKR1,2025,domestic_league,84122,3592,Epicentr Kamyanets-Podilskyi,Kryvbas Kryvyi Rig,4,5
2025-09-21,4646062,UKR1,2025,domestic_league,81401,55686,SC Poltava,TOV FK Metalist 1925 Kharkiv,0,2
2025-09-21,4646065,UKR1,2025,domestic_league,63007,48726,LNZ Cherkasy,Rukh Lviv,1,0
2025-09-21,4646435,TR1,2025,domestic_league,10484,36,Kasimpasa,Fenerbahce,1,1
2025-09-21,4646438,TR1,2025,domestic_league,152,6646,Samsunspor,Fatih Karagümrük,3,2
2025-09-21,4646439,TR1,2025,domestic_league,6890,11282,Basaksehir FK,Alanyaspor,1,1
2025-09-21,4646443,TR1,2025,domestic_league,120,126,Kocaelispor,Caykur Rizespor,1,1
2025-09-21,4648319,DK1,2025,domestic_league,678,206,Aarhus GF,Bröndby IF,1,0
2025-09-21,4648320,DK1,2025,domestic_league,190,1177,FC Copenhagen,Silkeborg IF,3,3
2025-09-21,4648324,DK1,2025,domestic_league,443,5817,Vejle Boldklub,Sönderjyske Fodbold,2,2
2025-09-21,4648692,PO1,2025,domestic_league,3268,3329,Casa Pia AC,FC Famalicão,1,1
2025-09-21,4648693,PO1,2025,domestic_league,2424,1465,Gil Vicente FC,GD Estoril Praia,2,0
2025-09-21,4648694,PO1,2025,domestic_league,7179,2431,CD Tondela,CF Estrela Amadora,0,0
2025-09-21,4649019,RO1,2025,domestic_league,7769,952,CFR Cluj,UTA Arad,1,1
2025-09-21,4649021,RO1,2025,domestic_league,455,58049,FC Rapid 1923,FC Hermannstadt,1,2
2025-09-21,4649023,RO1,2025,domestic_league,29700,9465,AFC Unirea 04 Slobozia,Petrolul Ploiesti,1,0
2025-09-21,4649195,RU1,2025,domestic_league,232,2696,FK Spartak Moskva,PFK Krylya Sovetov Samara,2,1
2025-09-21,4649196,RU1,2025,domestic_league,16704,964,FK Krasnodar,AO FK Zenit Sankt-Peterburg,0,2
2025-09-21,4649197,RU1,2025,domestic_league,14589,121,FC Orenburg,FK Dinamo Moskva,1,3
2025-09-21,4649199,RU1,2025,domestic_league,2741,1083,FK Baltika,FK Rostov,0,0
2025-09-21,4665070,GR1,2025,domestic_league,4603,2441,Athlitiki Enosi Larisas,Athlitiki Enosi Konstantinoupoleos,1,1
2025-09-21,4665073,GR1,2025,domestic_league,2672,653,APO Levadiakos Football Club,Omilos Filathlon Irakliou FC,4,0
2025-09-21,4665074,GR1,2025,domestic_league,265,683,Panathinaikos Athlitikos Omilos,Olympiakos Syndesmos Filathlon Peiraios,1,1
2025-09-21,4693280,COL1,2025,,10090,11648,Asociación Deportivo Pasto,Independiente Santa Fe,1,1
2025-09-21,4693281,COL1,2025,,17425,9961,Internacional de Bogotá,Deportivo Cali,0,4
2025-09-21,4693282,COL1,2025,,2350,32041,Millonarios FC,Fortaleza CEIF,3,2
2025-09-21,4693283,COL1,2025,,14680,8172,Unión Magdalena,Atlético Nacional,1,2
2025-09-22,4525663,SE1,2024,domestic_league,2844,272,IFK Norrköping,Allmänna Idrottsklubben,3,1
2025-09-22,4525665,SE1,2024,domestic_league,3622,1011,IFK Värnamo,Halmstads BK,1,2
2025-09-22,4582307,BRA1,2024,domestic_league,221,585,Santos Futebol Clube,São Paulo Futebol Clube,1,0
2025-09-22,4582323,BRA1,2024,domestic_league,609,8793,Cruzeiro Esporte Clube,Red Bull Bragantino,2,1
2025-09-22,4587199,MLS1,2024,domestic_league,72309,9636,Austin FC,Seattle Sounders FC,2,1
2025-09-22,4587206,MLS1,2024,domestic_league,51828,6643,Los Angeles Football Club,Real Salt Lake,4,1
2025-09-22,4620720,IT1,2025,domestic_league,6195,4172,SSC Napoli,Pisa Sporting Club,3,2
2025-09-22,4625287,KR1,2025,domestic_league,456,144,HNK Vukovar 1991,HNK Rijeka,3,2
2025-09-22,4635050,FR1,2025,domestic_league,244,583,Olympique Marseille,Paris Saint-Germain,1,0
2025-09-22,4646059,UKR1,2025,domestic_league,39097,85465,Obolon Kyiv,Karpaty Lviv,0,2
2025-09-22,4646063,UKR1,2025,domestic_league,338,18303,Dynamo Kyiv,FC Oleksandriya,2,2
2025-09-22,4646066,UKR1,2025,domestic_league,660,10690,FC Shakhtar Donetsk,Zorya Lugansk,1,0
2025-09-22,4646441,TR1,2025,domestic_league,141,2293,Galatasaray,Konyaspor,3,1
2025-09-22,4648323,DK1,2025,domestic_league,5724,2778,Randers FC,FC Nordsjaelland,3,0
2025-09-22,4648698,PO1,2025,domestic_league,336,979,Sporting CP,Moreirense FC,3,0
2025-09-22,4649022,RO1,2025,domestic_league,37255,37624,FK Csikszereda Miercurea Ciuc,FC Metaloglobus Bucharest,2,2
2025-09-22,4649025,RO1,2025,domestic_league,312,29831,FC Dinamo 1948,FCV Farul Constanta,1,1
2025-09-22,4649202,RU1,2025,domestic_league,41231,2410,FK Sochi,PFK CSKA Moskva,1,3
2025-09-22,4693284,COL1,2025,,10093,11854,Independiente Medellín,Junior FC,2,2
2025-09-22,4693285,COL1,2025,,14649,9811,Boyacá Chicó FC,Deportivo Pereira,1,1
2025-09-23,4530615,JAP1,2024,domestic_league,2241,1022,Kashima Antlers FC,Cerezo Osaka,3,1
2025-09-23,4530616,JAP1,2024,domestic_league,6632,2697,Hitachi Kashiwa Reysol,Sanfrecce Hiroshima,0,0
2025-09-23,4530617,JAP1,2024,domestic_league,6631,9597,Tokyo Football Club,Avispa Fukuoka,1,0
2025-09-23,4530618,JAP1,2024,domestic_league,8457,9598,Shonan Bellmare,Kawasaki Frontale,1,2
2025-09-23,4530619,JAP1,2024,domestic_league,8344,1066,Albirex Niigata,Nagoya Grampus Eight,0,0
2025-09-23,4530620,JAP1,2024,domestic_league,1062,828,S-Pulse,Urawa Red Diamonds,0,0
2025-09-23,4530621,JAP1,2024,domestic_league,593,23568,Kyoto Purple Sanga,Zelvia,1,1
2025-09-23,4530622,JAP1,2024,domestic_league,596,3828,Gamba Osaka,Yokohama Marinos,3,1
2025-09-23,4530623,JAP1,2024,domestic_league,3958,3734,Rakuten Vissel Kobe,Tokyo Verdy,4,0
2025-09-23,4530624,JAP1,2024,domestic_league,22171,943,Fagiano Okayama Sports Club,Yokohama FC,0,0
2025-09-23,4627525,BE1,2025,domestic_league,58,157,RSC Anderlecht,KAA Gent,1,0
2025-09-23,4638799,SC1,2025,domestic_league,1519,370,Dundee United FC,Aberdeen FC,2,0
2025-09-23,4638800,SC1,2025,domestic_league,1191,903,Falkirk FC,Hibernian FC,2,2
2025-09-23,4645536,ES1,2025,domestic_league,621,12321,Athletic Bilbao,Girona FC,1,1
2025-09-23,4645538,ES1,2025,domestic_league,714,1049,RCD Espanyol Barcelona,Valencia CF,2,2
2025-09-23,4645539,ES1,2025,domestic_league,3368,418,Levante UD,Real Madrid,1,4
2025-09-23,4645540,ES1,2025,domestic_league,368,1050,Sevilla FC,Villarreal CF,1,2
2025-09-23,4648657,PO1,2025,domestic_league,294,2425,SL Benfica,Rio Ave FC,1,1
2025-09-23,4709224,CIT,2025,domestic_cup,5,1005,AC Milan,US Lecce,3,0
2025-09-23,4709227,CIT,2025,domestic_cup,1390,8970,Cagliari Calcio,Frosinone Calcio,4,1
2025-09-23,4709641,CIT,2025,domestic_cup,410,458,Udinese Calcio,Palermo FC,2,1
2025-09-23,4715281,UKRP,2025,domestic_cup,81150,97548,Olimpia Savyntsi,FC Lisne,1,2
2025-09-23,4715282,UKRP,2025,domestic_cup,132877,53629,Dengoff Denykhivka,Agrobiznes Volochysk,0,2
2025-09-23,4715841,CGB,2025,,349,1237,Barnsley FC,Brighton & Hove Albion,0,6
2025-09-23,4715843,CGB,2025,,1132,603,Burnley FC,Cardiff City,1,2
2025-09-23,4715844,CGB,2025,,931,986,Fulham FC,Cambridge United,1,0
2025-09-23,4715845,CGB,2025,,31,180,Liverpool FC,Southampton FC,2,1
2025-09-23,4715847,CGB,2025,,1198,631,Lincoln City,Chelsea FC,1,2
2025-09-23,4715853,CGB,2025,,1071,2805,Wigan Athletic,Wycombe Wanderers,0,2
2025-09-23,4715854,CGB,2025,,543,29,Wolverhampton Wanderers,Everton FC,2,0
2025-09-23,4715855,CGB,2025,,1112,1032,Wrexham AFC,Reading FC,2,0
2025-09-23,4718723,GRP,2025,domestic_cup,605,4001,Aris Thessalonikis,Marko FC,1,0
2025-09-23,4718726,GRP,2025,domestic_cup,3391,30120,Kavala FC,Athlitiki Enosi Kifisias,1,1
2025-09-23,4720665,DKP,2025,domestic_cup,21784,173,Sundby Boldklub,Odense Boldklub,0,3
2025-09-23,4720667,DKP,2025,domestic_cup,5866,5842,Brönshöj Boldklub,VSK Aarhus,3,1
2025-09-23,4724160,NLP,2025,domestic_cup,8626,10790,RKSV Halsteren,ASWH Ambacht,3,2
2025-09-23,4724161,NLP,2025,domestic_cup,53327,34396,VV Scherpenzeel,VV Hoogeveen,3,4
2025-09-23,4724162,NLP,2025,domestic_cup,28378,7526,Koninklijke HFC Haarlem,SV ARC Alphen aan den Rijn,5,0
2025-09-23,4724163,NLP,2025,domestic_cup,7481,12652,VV DOVO Veenendaal,SV TEC Tiel,1,0
2025-09-23,4724164,NLP,2025,domestic_cup,2821,33427,FC Lisse,SV Urk,4,1
2025-09-23,4724165,NLP,2025,domestic_cup,29201,3410,HZVV Hoogeveen,Excelsior Maassluis,1,5
2025-09-23,4724166,NLP,2025,domestic_cup,6160,17605,De Treffers,RKAV Volendam,6,3
2025-09-23,4724167,NLP,2025,domestic_cup,1227,19964,RBC Roosendaal,GVVV Veenendaal,0,1
2025-09-23,4724168,NLP,2025,domestic_cup,21984,26016,UDI'19/Beter Bed,Sportlust '46 Woerden,0,1
2025-09-23,4724169,NLP,2025,domestic_cup,7393,3569,RKSV ROHDA Raalte,DVS '33 Ermelo,1,0
2025-09-23,4724170,NLP,2025,domestic_cup,8565,44452,HSC '21 Haaksbergen,SC 't Zand Tilburg,3,1
2025-09-23,4724171,NLP,2025,domestic_cup,20945,6614,VV Capelle,SVV Scheveningen,5,1
2025-09-23,4724172,NLP,2025,domestic_cup,44455,9663,VV Eemdijk,Excelsior '31 Rijssen,2,1
2025-09-23,4724173,NLP,2025,domestic_cup,10804,10716,Sparta Nijkerk,VV Kloetinge,4,3
2025-09-23,4724174,NLP,2025,domestic_cup,12285,13642,Kozakken Boys,BVV Barendrecht,2,3
2025-09-23,4724175,NLP,2025,domestic_cup,34156,10803,USV Hercules,SV Spakenburg,1,3
2025-09-23,4724176,NLP,2025,domestic_cup,3943,18586,HSV Hoek,Blauw Geel '38 / Jumbo Veghel,1,0
2025-09-23,4724177,NLP,2025,domestic_cup,7474,11312,VV Noordwijk,HHC Hardenberg,0,2
2025-09-23,4724179,NLP,2025,domestic_cup,1097,18154,SV Meerssen,VV Gemert,0,1
2025-09-23,4726014,DKP,2025,domestic_cup,24192,3426,Ringsted IF,Esbjerg fB,0,1
2025-09-23,4727988,RUP,2025,domestic_cup,59522,11127,PSK Dinskaya,Ural Yekaterinburg,1,2
2025-09-23,4727991,RUP,2025,domestic_cup,121097,3834,Broke Boys Moscow,Sokol Saratov,0,2
2025-09-24,4582221,BRA1,2024,domestic_league,978,10010,Club de Regatas Vasco da Gama,Esporte Clube Bahia,3,1
2025-09-24,4582226,BRA1,2024,domestic_league,210,537,Grêmio Foot-Ball Porto Alegrense,S. A. F. Botafogo,1,1
2025-09-24,4623153,PL1,2025,domestic_league,255,2300,Legia Warszawa,Jagiellonia Bialystok,0,0
2025-09-24,4623156,PL1,2025,domestic_league,9644,238,Raków Częstochowa,Lech Poznan,2,2
2025-09-24,4627521,BE1,2025,domestic_league,2282,968,Club Brugge KV,KVC Westerlo,5,5
2025-09-24,4640747,SER1,2025,domestic_league,4633,4645,FK Novi Pazar,FK Radnicki 1923 Kragujevac,1,1
2025-09-24,4641446,NL1,2025,domestic_league,1090,1269,AZ Alkmaar,PEC Zwolle,2,2
2025-09-24,4645535,ES1,2025,domestic_league,681,237,Real Sociedad,RCD Mallorca,1,0
2025-09-24,4645537,ES1,2025,domestic_league,13,367,Atlético de Madrid,Rayo Vallecano,3,2
2025-09-24,4645541,ES1,2025,domestic_league,3709,1108,Getafe CF,Deportivo Alavés,1,1
2025-09-24,4646346,TR1,2025,domestic_league,3205,114,Kayserispor,Beşiktaş Jimnastik Kulübü,0,4
2025-09-24,4709226,CIT,2025,domestic_cup,1047,6574,Como 1907,US Sassuolo,3,0
2025-09-24,4709560,CIT,2025,domestic_cup,130,3522,Parma Calcio 1913,Spezia Calcio,6,5
2025-09-24,4709561,CIT,2025,domestic_cup,276,607,Hellas Verona,Venezia FC,4,5
2025-09-24,4715271,UKRP,2025,domestic_cup,129864,55686,Kolos Polonne,TOV FK Metalist 1925 Kharkiv,1,4
2025-09-24,4715275,UKRP,2025,domestic_cup,49364,30697,Ingulets Petrove,Podillya Khmelnytskyi,4,1
2025-09-24,4715276,UKRP,2025,domestic_cup,48726,53646,Rukh Lviv,FK Polissya Zhytomyr,3,0
2025-09-24,4715278,UKRP,2025,domestic_cup,120646,6992,Agrotekh Tyshkivka,Chornomorets Odesa,6,4
2025-09-24,4715279,UKRP,2025,domestic_cup,20423,29109,Nyva Vinnytsya,Girnyk-Sport Gorishni Plavni,7,0
2025-09-24,4715285,UKRP,2025,domestic_cup,27227,26459,Lokomotyv Kyiv,NK Veres Rivne,1,0
2025-09-24,4715846,CGB,2025,,1110,281,Huddersfield Town,Manchester City,0,2
2025-09-24,4715848,CGB,2025,,762,1027,Newcastle United,Bradford City,4,1
2025-09-24,4715849,CGB,2025,,1211,11,Port Vale FC,Arsenal FC,0,2
2025-09-24,4715852,CGB,2025,,148,2454,Tottenham Hotspur,Doncaster Rovers,3,0
2025-09-24,4715936,EL,2025,other,419,36,GNK Dinamo Zagreb,Fenerbahce,3,1
2025-09-24,4715941,EL,2025,other,150,703,Real Betis Balompié,Nottingham Forest,2,2
2025-09-24,4715955,EL,2025,other,1075,234,SC Braga,Feyenoord Rotterdam,1,0
2025-09-24,4715960,EL,2025,other,159,371,Red Star Belgrade,Celtic FC,1,1
2025-09-24,4715968,EL,2025,other,1091,119,Panthessalonikios Athlitikos Omilos Konstantinoupoliton,Maccabi Tel Aviv,0,0
2025-09-24,4715997,EL,2025,other,60,26,SC Freiburg,FC Basel 1893,2,1
2025-09-24,4716015,EL,2025,other,417,12,OGC Nice,Associazione Sportiva Roma,1,2
2025-09-24,4716037,EL,2025,other,496,31614,Malmö Fotbollförening,Ludogorets Razgrad,1,2
2025-09-24,4716256,EL,2025,other,865,122,FC Midtjylland,Sportklub Puntigamer Sturm Graz,2,0
2025-09-24,4718719,GRP,2025,domestic_cup,2441,6418,Athlitiki Enosi Konstantinoupoleos,Panetolikos Agrinio,2,1
2025-09-24,4718720,GRP,2025,domestic_cup,4603,2672,Athlitiki Enosi Larisas,APO Levadiakos Football Club,1,2
2025-09-24,4718721,GRP,2025,domestic_cup,6676,683,A.G.S Asteras Tripolis,Olympiakos Syndesmos Filathlon Peiraios,1,2
2025-09-24,4718722,GRP,2025,domestic_cup,3062,653,Athens Kallithea,Omilos Filathlon Irakliou FC,0,1
2025-09-24,4718724,GRP,2025,domestic_cup,60949,3060,Volou Neos Podosferikos Syllogos,APS Atromitos Athinon,1,1
2025-09-24,4718725,GRP,2025,domestic_cup,85955,2984,Ellas Syros,Egaleo FC,3,0
2025-09-24,4720655,DKP,2025,domestic_cup,369,190,Lyngby Boldklub,FC Copenhagen,0,2
2025-09-24,4720656,DKP,2025,domestic_cup,1798,443,Holbaek B&I,Vejle Boldklub,2,3
2025-09-24,4720658,DKP,2025,domestic_cup,9023,5776,Thisted FC,FC Fredericia,1,2
2025-09-24,4720661,DKP,2025,domestic_cup,49675,678,Hilleröd Fodbold,Aarhus GF,1,2
2025-09-24,4720662,DKP,2025,domestic_cup,81612,1063,Boldklubben Vestkysten Oksböl,Viborg FF,0,6
2025-09-24,4720668,DKP,2025,domestic_cup,5784,5818,Aarhus Fremad,Hobro IK,1,2
2025-09-24,4724178,NLP,2025,domestic_cup,12451,16866,RKSV Groene Ster,SC Genemuiden,5,6
2025-09-24,4724871,DKP,2025,domestic_cup,947,206,Boldklubben af 1893,Bröndby IF,1,4
2025-09-24,4727985,RUP,2025,domestic_cup,12444,36972,Znamya Truda Orekhovo-Zuevo,Chaika Peschanokopskoe,0,1
2025-09-24,4727987,RUP,2025,domestic_cup,3690,59024,SKA Khabarovsk,Rodina Moscow,0,3
2025-09-24,4727989,RUP,2025,domestic_cup,11125,1124,Tekstilshchik Ivanovo,Fakel Voronezh,2,4
2025-09-24,4727992,RUP,2025,domestic_cup,65683,12439,Kuban Holding Pavlovskaya,Volga Uljanovsk,10,9
2025-09-24,4727993,RUP,2025,domestic_cup,12432,5287,FK Astrakhan,Chernomorets Novorossijsk,0,2
2025-09-24,4727994,RUP,2025,domestic_cup,132096,1186,Kristall-MEZT Borisoglebsk,Torpedo Moscow,1,3
2025-09-24,4727995,RUP,2025,domestic_cup,58065,3609,Veles Moscow,Rotor Volgograd,2,1
2025-09-24,4727996,RUP,2025,domestic_cup,6432,3733,Volgar Astrakhan,Neftekhimik Nizhnekamsk,3,5
2025-09-24,4727997,RUP,2025,domestic_cup,54923,2374,FK Cherepovets,Shinnik Yaroslavl,1,4
2025-09-24,4727999,RUP,2025,domestic_cup,132095,28095,Fankom Kirov,FK Ufa,0,3
2025-09-25,4514580,MLS1,2024,domestic_league,6321,4291,Vancouver Whitecaps FC,Portland Timbers,1,1
2025-09-25,4587207,MLS1,2024,domestic_league,40058,69261,New York City Football Club,Club Internacional de Fútbol Miami,0,4
2025-09-25,4645542,ES1,2025,domestic_league,2497,131,Real Oviedo,FC Barcelona,1,3
2025-09-25,4645544,ES1,2025,domestic_league,331,1531,CA Osasuna,Elche CF,1,1
2025-09-25,4706137,SA1,2025,domestic_league,6070,28844,Al-Khaleej Club (Saihat),Al-Taawoun Football Club,0,1
2025-09-25,4706138,SA1,2025,domestic_league,9840,91427,Al-Shabab Club,Al-Kholood Club,1,2
2025-09-25,4706139,SA1,2025,domestic_league,1114,71665,Al-Hilal Saudi Football Club,Al-Okhdood Club,3,1
2025-09-25,4709225,CIT,2025,domestic_cup,252,749,Genoa CFC,FC Empoli,3,1
2025-09-25,4709642,CIT,2025,domestic_cup,416,4172,Torino FC,Pisa Sporting Club,1,0
2025-09-25,4715926,EL,2025,other,124,1184,Rangers FC,KRC Genk,0,1
2025-09-25,4715934,EL,2025,other,1082,1100,LOSC Lille,Sportsklubben Brann,2,1
2025-09-25,4715943,EL,2025,other,409,720,Fußballclub Red Bull Salzburg,FC Porto,0,1
2025-09-25,4715950,EL,2025,other,405,1025,Aston Villa,Bologna Football Club 1909,1,0
2025-09-25,4715976,EL,2025,other,279,941,Ferencvárosi TC,FC Viktoria Plzen,1,1
2025-09-25,4715990,EL,2025,other,452,265,BSC Young Boys,Panathinaikos Athlitikos Omilos,1,4
2025-09-25,4716030,EL,2025,other,79,940,VfB Stuttgart,Celta de Vigo,2,1
2025-09-25,4716041,EL,2025,other,1435,301,Go Ahead Eagles,FCSB,0,1
2025-09-25,4716044,EL,2025,other,200,1041,FC Utrecht,Olympique Lyon,0,1
2025-09-25,4718617,COL1,2025,,10090,2352,Asociación Deportivo Pasto,CD América de Cali,0,2
2025-09-25,4718727,GRP,2025,domestic_cup,47,3984,Iraklis Thessaloniki,GS Ilioupolis,1,0
2025-09-25,4720657,DKP,2025,domestic_cup,12275,2778,Kolding IF,FC Nordsjaelland,0,2
2025-09-25,4727984,RUP,2025,domestic_cup,3243,14590,KamAZ Naberezhnye Chelny,Spartak Kostroma,5,4
2025-09-25,4727986,RUP,2025,domestic_cup,55329,23110,FC Irkutsk,FK Chelyabinsk,2,3
2025-09-25,4727990,RUP,2025,domestic_cup,70777,3729,Volna Kovernino,Arsenal Tula,0,3
2025-09-25,4727998,RUP,2025,domestic_cup,101577,3714,Amkal Moscow,Enisey Krasnoyarsk,1,2
2025-09-26,4623193,PL1,2025,domestic_league,2118,6456,Wisla Plock,GKS GieKSa Katowice Spółka Akcyjna,1,1
2025-09-26,4624590,TS1,2025,domestic_league,62,450,SK Slavia Prague,FK Dukla Prague,2,0
2025-09-26,4625293,KR1,2025,domestic_league,599,456,NK Varazdin,HNK Vukovar 1991,2,1
2025-09-26,4634164,L1,2025,domestic_league,27,86,Bayern Munich,SV Werder Bremen,4,0
2025-09-26,4635051,FR1,2025,domestic_league,667,244,RC Strasbourg Alsace,Olympique Marseille,1,2
2025-09-26,4640798,SER1,2025,domestic_league,33328,32113,FK Radnik Surdulica,FK IMT Belgrad,2,0
2025-09-26,4641226,BE1,2025,domestic_league,2727,58,Oud-Heverlee Leuven,RSC Anderlecht,1,1
2025-09-26,4641433,NL1,2025,domestic_league,317,385,FC Twente Enschede,Fortuna Sittardia Combinatie,3,2
2025-09-26,4645584,ES1,2025,domestic_league,12321,714,Girona FC,RCD Espanyol Barcelona,0,0
2025-09-26,4646075,UKR1,2025,domestic_league,87883,84122,FC Kudrivka,Epicentr Kamyanets-Podilskyi,2,1
2025-09-26,4646731,TR1,2025,domestic_league,11282,141,Alanyaspor,Galatasaray,0,1
2025-09-26,4648760,PO1,2025,domestic_league,294,2424,SL Benfica,Gil Vicente FC,2,1
2025-09-26,4649005,RO1,2025,domestic_league,58049,41278,FC Hermannstadt,ACSC FC Arges,0,1
2025-09-26,4649010,RO1,2025,domestic_league,40812,312,Universitatea Craiova,FC Dinamo 1948,2,2
2025-09-26,4649214,RU1,2025,domestic_league,2696,121,PFK Krylya Sovetov Samara,FK Dinamo Moskva,2,3
2025-09-26,4706141,SA1,2025,domestic_league,50532,7732,Damac Football Club,Al-Ettifaq Football Club,1,3
2025-09-26,4706142,SA1,2025,domestic_league,8023,18544,Al-Ittihad Football Club,Al-Nassr Football Club,0,2
2025-09-26,4706144,SA1,2025,domestic_league,9131,18487,Al-Hazem Sport Club,Al-Ahli Saudi Football Club,0,2
2025-09-26,4717121,SFA,2025,domestic_cup,6567,3470,Auchinleck Talbot FC,Cumnock Juniors FC,2,1
2025-09-26,4717125,SFA,2025,domestic_cup,49189,25418,Cumbernauld Colts FC,Glasgow University FC,4,0
2025-09-27,4522793,NO1,2024,domestic_league,10217,239,Sarpsborg 08 Fotballforening,Viking Fotballklubb,3,3
2025-09-27,4525629,SE1,2024,domestic_league,1101,3641,Idrottsföreningen Elfsborg,Degerfors IF,1,2
2025-09-27,4525630,SE1,2024,domestic_league,1109,2844,BK Häcken,IFK Norrköping,2,0
2025-09-27,4529925,RSK1,2024,domestic_league,21459,6499,Gangwon Football Club,Foundation Coorperation Hana Financial Group Inc. Football Club,0,0
2025-09-27,4529926,RSK1,2024,domestic_league,6505,311,Gimcheon Sangmu Football Club,Football Club Pohang Steelers,2,0
2025-09-27,4529927,RSK1,2024,domestic_league,6504,3535,Daegu FC,Ulsan Hyundai Football Club,1,1
2025-09-27,4529928,RSK1,2024,domestic_league,6500,6502,Football Club Seoul,Jeonbuk Hyundai Motors,1,1
2025-09-27,4530546,JAP1,2024,domestic_league,3734,828,Tokyo Verdy,Urawa Red Diamonds,0,0
2025-09-27,4530547,JAP1,2024,domestic_league,23568,22171,Zelvia,Fagiano Okayama Sports Club,1,0
2025-09-27,4530550,JAP1,2024,domestic_league,1066,2241,Nagoya Grampus Eight,Kashima Antlers FC,0,4
2025-09-27,4530551,JAP1,2024,domestic_league,596,8344,Gamba Osaka,Albirex Niigata,4,2
2025-09-27,4530553,JAP1,2024,domestic_league,3958,1062,Rakuten Vissel Kobe,S-Pulse,2,1
2025-09-27,4530554,JAP1,2024,domestic_league,9597,2697,Avispa Fukuoka,Sanfrecce Hiroshima,1,2
2025-09-27,4582241,BRA1,2024,domestic_league,978,609,Club de Regatas Vasco da Gama,Cruzeiro Esporte Clube,2,0
2025-09-27,4582248,BRA1,2024,domestic_league,10870,8718,Fortaleza Esporte Clube,Sport Club do Recife,1,0
2025-09-27,4582249,BRA1,2024,domestic_league,10492,6600,Esporte Clube Juventude,Sport Club Internacional,1,1
2025-09-27,4587209,MLS1,2024,domestic_league,11141,69261,Toronto FC,Club Internacional de Fútbol Miami,1,1
2025-09-27,4620724,IT1,2025,domestic_league,1390,46,Cagliari Calcio,Inter Milan,0,2
2025-09-27,4620725,IT1,2025,domestic_league,1047,2239,Como 1907,US Cremonese,1,1
2025-09-27,4620727,IT1,2025,domestic_league,506,800,Juventus FC,Atalanta BC,1,1
2025-09-27,4623186,PL1,2025,domestic_league,5689,428,Cracovia,Górnik Zabrze,1,1
2025-09-27,4623187,PL1,2025,domestic_league,6110,4000,Korona Kielce,Lechia Gdansk,3,0
2025-09-27,4623191,PL1,2025,domestic_league,6112,15906,Piast Gliwice,Termalica Bruk-Bet Nieciecza Klub Sportowy,4,2
2025-09-27,4624591,TS1,2025,domestic_league,715,2311,"Bohemians Praha 1905, a.s.","SK Sigma Olomouc, a.s.",2,2
2025-09-27,4624592,TS1,2025,domestic_league,1897,697,FC Hradec Kralove,FC Slovan Liberec,2,3
2025-09-27,4624593,TS1,2025,domestic_league,377,197,FC Baník Ostrava a.s.,AC Sparta Prague,0,3
2025-09-27,4624595,TS1,2025,domestic_league,5544,13726,1.FC Slovacko,MFK Karvina,1,2
2025-09-27,4625292,KR1,2025,domestic_league,144,999,HNK Rijeka,NK Istra 1961,0,0
2025-09-27,4625294,KR1,2025,domestic_league,447,11194,HNK Hajduk Split,NK Lokomotiva Zagreb,2,0
2025-09-27,4625825,GB1,2025,domestic_league,1148,985,Brentford FC,Manchester United,3,1
2025-09-27,4625826,GB1,2025,domestic_league,631,1237,Chelsea FC,Brighton & Hove Albion,1,3
2025-09-27,4625827,GB1,2025,domestic_league,873,31,Crystal Palace,Liverpool FC,2,1
2025-09-27,4625829,GB1,2025,domestic_league,399,989,Leeds United,AFC Bournemouth,2,2
2025-09-27,4625830,GB1,2025,domestic_league,281,1132,Manchester City,Burnley FC,5,1
2025-09-27,4625832,GB1,2025,domestic_league,703,289,Nottingham Forest,Sunderland AFC,0,1
2025-09-27,4625833,GB1,2025,domestic_league,148,543,Tottenham Hotspur,Wolverhampton Wanderers,1,1
2025-09-27,4627270,C1,2025,domestic_league,2790,504,FC Lugano,Grasshopper Club Zurich,2,1
2025-09-27,4627271,C1,2025,domestic_league,61,242,Servette FC,FC Winterthur,4,0
2025-09-27,4627274,C1,2025,domestic_league,260,257,FC Zürich,FC St. Gallen 1879,3,1
2025-09-27,4634166,L1,2025,domestic_league,39,16,1.FSV Mainz 05,Borussia Dortmund,0,2
2025-09-27,4634167,L1,2025,domestic_league,18,24,Borussia Mönchengladbach,Eintracht Frankfurt,4,6
2025-09-27,4634168,L1,2025,domestic_league,82,23826,VfL Wolfsburg,RB Leipzig,0,1
2025-09-27,4634170,L1,2025,domestic_league,35,15,FC St. Pauli,Bayer 04 Leverkusen,1,2
2025-09-27,4634171,L1,2025,domestic_league,2036,167,1. Fußballclub Heidenheim 1846,FC Augsburg,2,1
2025-09-27,4635054,FR1,2025,domestic_league,415,995,FC Toulouse,FC Nantes,2,2
2025-09-27,4635057,FR1,2025,domestic_league,1158,162,FC Lorient,AS Monaco,3,1
2025-09-27,4635059,FR1,2025,domestic_league,583,290,Paris Saint-Germain,AJ Auxerre,2,0
2025-09-27,4638762,SC1,2025,domestic_league,371,903,Celtic FC,Hibernian FC,0,0
2025-09-27,4638763,SC1,2025,domestic_league,1519,2553,Dundee United FC,Kilmarnock FC,0,2
2025-09-27,4638764,SC1,2025,domestic_league,43,1191,Heart of Midlothian FC,Falkirk FC,3,0
2025-09-27,4638766,SC1,2025,domestic_league,987,370,Motherwell FC,Aberdeen FC,2,0
2025-09-27,4638767,SC1,2025,domestic_league,465,511,St. Mirren FC,Dundee FC,1,0
2025-09-27,4640797,SER1,2025,domestic_league,8819,7567,FK Javor-Matis Ivanjica,FK Radnicki Nis,2,1
2025-09-27,4640801,SER1,2025,domestic_league,53,669,OFK Beograd,FK Partizan Belgrade,0,2
2025-09-27,4640802,SER1,2025,domestic_league,448,59358,FK Vojvodina Novi Sad,FK Zeleznicar Pancevo,1,1
2025-09-27,4641222,BE1,2025,domestic_league,3948,968,Union Saint-Gilloise,KVC Westerlo,2,0
2025-09-27,4641223,BE1,2025,domestic_league,3057,2282,Standard Liège,Club Brugge KV,1,2
2025-09-27,4641224,BE1,2025,domestic_league,3508,1096,Zulte Waregem,Royal Antwerp FC,2,0
2025-09-27,4641435,NL1,2025,domestic_league,610,132,Ajax Amsterdam,NAC Breda,2,1
2025-09-27,4641436,NL1,2025,domestic_league,724,1269,FC Volendam,PEC Zwolle,2,1
2025-09-27,4641437,NL1,2025,domestic_league,798,383,Excelsior Rotterdam,PSV Eindhoven,1,2
2025-09-27,4641440,NL1,2025,domestic_league,1304,468,Heracles Almelo,Sparta Rotterdam,3,0
2025-09-27,4642918,A1,2025,domestic_league,266,316,SV Ried,Grazer AK 1902,0,0
2025-09-27,4642919,A1,2025,domestic_league,4441,413,Wolfsberger AC,LASK,1,0
2025-09-27,4642920,A1,2025,domestic_league,2157,3551,FC Blau-Weiss Linz,Sportclub Rheindorf Altach,1,0
2025-09-27,4645576,ES1,2025,domestic_league,13,418,Atlético de Madrid,Real Madrid,5,2
2025-09-27,4645579,ES1,2025,domestic_league,3709,3368,Getafe CF,Levante UD,1,1
2025-09-27,4645581,ES1,2025,domestic_league,237,1108,RCD Mallorca,Deportivo Alavés,1,0
2025-09-27,4645582,ES1,2025,domestic_league,1050,621,Villarreal CF,Athletic Bilbao,1,0
2025-09-27,4646077,UKR1,2025,domestic_league,18303,81401,FC Oleksandriya,SC Poltava,1,0
2025-09-27,4646078,UKR1,2025,domestic_league,85465,338,Karpaty Lviv,Dynamo Kyiv,3,3
2025-09-27,4646082,UKR1,2025,domestic_league,10690,39097,Zorya Lugansk,Obolon Kyiv,0,0
2025-09-27,4646728,TR1,2025,domestic_league,7160,1467,Eyüpspor,Göztepe,0,0
2025-09-27,4646732,TR1,2025,domestic_league,6646,449,Fatih Karagümrük,Trabzonspor,3,4
2025-09-27,4646733,TR1,2025,domestic_league,2832,152,Gaziantep FK,Samsunspor,2,2
2025-09-27,4648317,DK1,2025,domestic_league,5817,190,Sönderjyske Fodbold,FC Copenhagen,1,2
2025-09-27,4648754,PO1,2025,domestic_league,1465,336,GD Estoril Praia,Sporting CP,0,1
2025-09-27,4648758,PO1,2025,domestic_league,2423,7179,CD Santa Clara,CD Tondela,1,2
2025-09-27,4648761,PO1,2025,domestic_league,2431,110302,CF Estrela Amadora,Avs Futebol,3,0
2025-09-27,4648762,PO1,2025,domestic_league,979,3268,Moreirense FC,Casa Pia AC,2,1
2025-09-27,4649003,RO1,2025,domestic_league,952,37255,UTA Arad,FK Csikszereda Miercurea Ciuc,0,0
2025-09-27,4649006,RO1,2025,domestic_league,9465,455,Petrolul Ploiesti,FC Rapid 1923,0,1
2025-09-27,4649211,RU1,2025,domestic_league,964,14589,AO FK Zenit Sankt-Peterburg,FC Orenburg,5,2
2025-09-27,4649213,RU1,2025,domestic_league,1083,16704,FK Rostov,FK Krasnodar,0,0
2025-09-27,4649216,RU1,2025,domestic_league,932,2698,"Футбольный клуб ""Локомотив"" Москва",FC Rubin Kazan,1,0
2025-09-27,4649217,RU1,2025,domestic_league,3725,71985,RFK Akhmat Grozny,Akron Togliatti,3,0
2025-09-27,4665051,GR1,2025,domestic_league,605,3385,Aris Thessalonikis,Panserraikos Serres,1,1
2025-09-27,4665053,GR1,2025,domestic_league,683,2672,Olympiakos Syndesmos Filathlon Peiraios,APO Levadiakos Football Club,3,2
2025-09-27,4693286,COL1,2025,,6984,14649,Once Caldas,Boyacá Chicó FC,5,2
2025-09-27,4693287,COL1,2025,,32041,6495,Fortaleza CEIF,Atlético Bucaramanga,2,1
2025-09-27,4693288,COL1,2025,,9811,14680,Deportivo Pereira,Unión Magdalena,2,2
2025-09-27,4693289,COL1,2025,,22902,38628,Alianza FC,Llaneros FC,3,1
2025-09-27,4706140,SA1,2025,domestic_league,32328,50531,Al-Najma Sport Club,Al-Fayha FC,1,2
2025-09-27,4706143,SA1,2025,domestic_league,31008,34911,Al-Riyadh Saudi Club,Neom Sports Club,2,3
2025-09-27,4706145,SA1,2025,domestic_league,27221,26069,Al-Fateh Club,Al-Qadsiah Saudi Football Club,0,1
2025-09-27,4717115,SFA,2025,domestic_cup,23621,3878,Turriff United FC,Hill of Beath Hawthorn,2,1
2025-09-27,4717116,SFA,2025,domestic_cup,3027,8364,Cowdenbeath FC,Benburb FC,1,2
2025-09-27,4717117,SFA,2025,domestic_cup,3490,6400,Huntly FC,Buckie Thistle FC,1,3
2025-09-27,4717118,SFA,2025,domestic_cup,26154,6325,Tranent FC,Pollok FC,3,0
2025-09-27,4717119,SFA,2025,domestic_cup,21795,3000,Newtongrange Star FC,East Stirlingshire FC,1,3
2025-09-27,4717120,SFA,2025,domestic_cup,26147,3457,Jeanfield Swifts FC,Clydebank FC,0,4
2025-09-27,4717122,SFA,2025,domestic_cup,3458,44914,Forres Mechanics FC,Caledonian Braves FC,0,2
2025-09-27,4717123,SFA,2025,domestic_cup,23303,14524,Civil Service Strollers FC,Dundonald Bluebell JFC,2,3
2025-09-27,4717124,SFA,2025,domestic_cup,3491,23616,Brora Rangers FC,Fraserburgh FC,0,1
2025-09-27,4717126,SFA,2025,domestic_cup,10580,10518,Inverurie Loco Works FC,Sauchie Juniors FC,0,2
2025-09-27,4717127,SFA,2025,domestic_cup,23620,23703,Strathspey Thistle FC,Dundee North End FC,1,2
2025-09-27,4717128,SFA,2025,domestic_cup,3459,9027,Clachnacuddin FC,Kilwinning Rangers FC,2,1
2025-09-27,4717129,SFA,2025,domestic_cup,6188,11964,Johnstone Burgh FC,Threave Rovers FC,4,0
2025-09-27,4717130,SFA,2025,domestic_cup,22388,3194,Lochee United FC,Brechin City FC,1,3
2025-09-27,4717131,SFA,2025,domestic_cup,5660,11379,Linlithgow Rose FC,Gala Fairydean Rovers FC,2,1
2025-09-27,4717132,SFA,2025,domestic_cup,85489,16266,Bo'ness Athletic FC,Keith FC,2,1
2025-09-27,4717133,SFA,2025,domestic_cup,8920,44946,Musselburgh Athletic FC,,2,0
2025-09-27,4717134,SFA,2025,domestic_cup,6547,4223,Darvel FC,Deveronvale FC,1,3
2025-09-27,4717136,SFA,2025,domestic_cup,26045,24574,,Gretna FC 2008,0,4
2025-09-27,4717137,SFA,2025,domestic_cup,17593,3014,Camelon Juniors FC,Albion Rovers FC,2,1
2025-09-27,4717138,SFA,2025,domestic_cup,24232,25442,Bo'ness United FC,Banks O' Dee FC,0,3
2025-09-27,4717139,SFA,2025,domestic_cup,23685,6359,Coldstream FC,Tayport FC,2,3
2025-09-27,4717140,SFA,2025,domestic_cup,23617,23613,Lossiemouth FC,Formartine United FC,1,2
2025-09-27,4717141,SFA,2025,domestic_cup,20603,16253,Bonnyrigg Rose FC,Broxburn Athletic FC,2,1
2025-09-27,4717142,SFA,2025,domestic_cup,23337,23619,Wick Academy FC,Rothes FC,5,0
2025-09-27,4717143,SFA,2025,domestic_cup,2801,5751,Berwick Rangers FC,Nairn County FC,0,2
2025-09-27,4717144,SFA,2025,domestic_cup,8928,57766,Glenafton Athletic FC,Invergordon FC,3,2
2025-09-27,4732718,CDR,2025,domestic_cup,41404,20233,,SD Negreira,2,1
2025-09-27,4732719,CDR,2025,domestic_cup,134732,77192,Puerto de Vega CF,,4,0
2025-09-27,4732720,CDR,2025,domestic_cup,29739,76277,CD Getxo,,0,0
2025-09-27,4732721,CDR,2025,domestic_cup,93935,134733,Atlètic Sant Just,,3,0
2025-09-27,4732722,CDR,2025,domestic_cup,84296,61989,CD Sant Jordi,,1,0
2025-09-27,4732723,CDR,2025,domestic_cup,83483,70288,Manises CF,UD Los Garres,2,0
2025-09-27,4732724,CDR,2025,domestic_cup,108867,107473,,Atlético Palma del Río CF,0,5
2025-09-27,4732725,CDR,2025,domestic_cup,134734,34119,,UD Maracena,1,1
2025-09-27,4732726,CDR,2025,domestic_cup,93948,62414,CF Campanario,CD Yuncos,0,0
2025-09-27,4732727,CDR,2025,domestic_cup,122524,102261,CF Inter de Valdemoro,Universitario FC Las Palmas,1,1
2025-09-28,4522650,NO1,2024,domestic_league,1100,3837,Sportsklubben Brann,Fredrikstad Fotballklubb,1,0
2025-09-28,4522759,NO1,2024,domestic_league,1057,21101,Bryne FK,Kristiansund Ballklubb,2,0
2025-09-28,4522764,NO1,2024,domestic_league,4309,195,Hamarkameratene,Rosenborg Ballklub,4,0
2025-09-28,4522786,NO1,2024,domestic_league,687,76,Molde Fotballklubb,Vålerengens Idrettsforening,4,1
2025-09-28,4522796,NO1,2024,domestic_league,1293,2817,Tromsø Idrettslag,Strømsgodset IF,3,1
2025-09-28,4525626,SE1,2024,domestic_league,272,7009,Allmänna Idrottsklubben,Göteborgs Atlet- och Idrottssällskap,1,1
2025-09-28,4525628,SE1,2024,domestic_league,1092,2719,Idrottsföreningen  Brommapojkarna,Mjällby Almänna Idrottsförening,0,1
2025-09-28,4525632,SE1,2024,domestic_league,496,3622,Malmö Fotbollförening,IFK Värnamo,3,2
2025-09-28,4525633,SE1,2024,domestic_league,1011,1059,Halmstads BK,Hammarby IF,1,0
2025-09-28,4529929,RSK1,2024,domestic_league,19684,31622,Jeju SK Football Club,Suwon FC,3,4
2025-09-28,4529930,RSK1,2024,domestic_league,38898,30925,Football Club Anyang,Gwangju Football Club,0,0
2025-09-28,4530545,JAP1,2024,domestic_league,6631,3828,Tokyo Football Club,Yokohama Marinos,2,3
2025-09-28,4530548,JAP1,2024,domestic_league,9598,6632,Kawasaki Frontale,Hitachi Kashiwa Reysol,4,4
2025-09-28,4530549,JAP1,2024,domestic_league,943,8457,Yokohama FC,Shonan Bellmare,1,0
2025-09-28,4530552,JAP1,2024,domestic_league,1022,593,Cerezo Osaka,Kyoto Purple Sanga,1,2
2025-09-28,4582240,BRA1,2024,domestic_league,2462,537,Fluminense Football Club,S. A. F. Botafogo,2,0
2025-09-28,4582244,BRA1,2024,domestic_league,8793,221,Red Bull Bragantino,Santos Futebol Clube,2,2
2025-09-28,4582245,BRA1,2024,domestic_league,330,3876,Clube Atlético Mineiro,Mirasol Futebol Clube,1,0
2025-09-28,4582246,BRA1,2024,domestic_league,210,2125,Grêmio Foot-Ball Porto Alegrense,Esporte Clube Vitória,3,1
2025-09-28,4582247,BRA1,2024,domestic_league,10010,1023,Esporte Clube Bahia,Sociedade Esportiva Palmeiras,1,0
2025-09-28,4587210,MLS1,2024,domestic_league,78435,4078,Charlotte Football Club,Club de Foot Montréal,1,4
2025-09-28,4587211,MLS1,2024,domestic_league,2440,25467,D.C. United,Philadelphia Union,0,6
2025-09-28,4587212,MLS1,2024,domestic_league,626,51663,New England Revolution,Atlanta United Football Club,2,0
2025-09-28,4587213,MLS1,2024,domestic_league,623,40058,Red Bull New York,New York City Football Club,2,3
2025-09-28,4587214,MLS1,2024,domestic_league,432,813,Chicago Fire Soccer Club,Columbus Crew,2,0
2025-09-28,4587215,MLS1,2024,domestic_league,63966,9168,Nashville SC,Houston Dynamo,3,1
2025-09-28,4587216,MLS1,2024,domestic_league,82686,51828,St. Louis City Soccer Club,Los Angeles Football Club,0,3
2025-09-28,4587217,MLS1,2024,domestic_league,1247,56089,Colorado Rapids,Minnesota United FC,1,1
2025-09-28,4587218,MLS1,2024,domestic_league,6643,72309,Real Salt Lake,Austin FC,3,1
2025-09-28,4587219,MLS1,2024,domestic_league,1061,4284,Los Angeles Galaxy,Sporting Kansas City,4,1
2025-09-28,4587220,MLS1,2024,domestic_league,4291,8816,Portland Timbers,FC Dallas,2,2
2025-09-28,4587221,MLS1,2024,domestic_league,114977,218,San Diego Football Club,San Jose Earthquakes,0,1
2025-09-28,4587222,MLS1,2024,domestic_league,9636,6321,Seattle Sounders FC,Vancouver Whitecaps FC,2,2
2025-09-28,4620728,IT1,2025,domestic_league,1005,1025,US Lecce,Bologna Football Club 1909,2,2
2025-09-28,4620729,IT1,2025,domestic_league,5,6195,AC Milan,SSC Napoli,2,1
2025-09-28,4620731,IT1,2025,domestic_league,4172,430,Pisa Sporting Club,ACF Fiorentina,0,0
2025-09-28,4620732,IT1,2025,domestic_league,12,276,Associazione Sportiva Roma,Hellas Verona,2,0
2025-09-28,4620733,IT1,2025,domestic_league,6574,410,US Sassuolo,Udinese Calcio,3,1
2025-09-28,4623188,PL1,2025,domestic_league,238,2300,Lech Poznan,Jagiellonia Bialystok,2,2
2025-09-28,4623189,PL1,2025,domestic_league,255,324,Legia Warszawa,Pogon Szczecin,1,0
2025-09-28,4623192,PL1,2025,domestic_league,88,9644,Widzew Lodz,Raków Częstochowa,0,1
2025-09-28,4624594,TS1,2025,domestic_league,941,5545,FC Viktoria Plzen,FC Zlin,0,1
2025-09-28,4624596,TS1,2025,domestic_league,814,1496,FK Teplice,FK Pardubice,0,0
2025-09-28,4624597,TS1,2025,domestic_league,1322,5546,FK Jablonec,FK Mlada Boleslav,2,0
2025-09-28,4625290,KR1,2025,domestic_league,419,2362,GNK Dinamo Zagreb,Slaven Belupo Koprivnica,4,1
2025-09-28,4625824,GB1,2025,domestic_league,405,931,Aston Villa,Fulham FC,3,1
2025-09-28,4625831,GB1,2025,domestic_league,762,11,Newcastle United,Arsenal FC,1,2
2025-09-28,4627269,C1,2025,domestic_league,26,434,FC Basel 1893,FC Luzern,1,2
2025-09-28,4627272,C1,2025,domestic_league,321,527,FC Sion,Football Club Lausanne-Sport,0,0
2025-09-28,4627273,C1,2025,domestic_league,452,938,BSC Young Boys,FC Thun,4,2
2025-09-28,4634165,L1,2025,domestic_league,60,533,SC Freiburg,TSG 1899 Hoffenheim,1,1
2025-09-28,4634169,L1,2025,domestic_league,89,41,1.FC Union Berlin,Hamburger SV,0,0
2025-09-28,4634172,L1,2025,domestic_league,3,79,1.FC Köln,VfB Stuttgart,1,2
2025-09-28,4635052,FR1,2025,domestic_league,1420,3911,Angers SCO,Stade Brestois 29,0,2
2025-09-28,4635053,FR1,2025,domestic_league,273,826,Stade Rennais FC,RC Lens,0,0
2025-09-28,4635055,FR1,2025,domestic_league,347,738,FC Metz,Le Havre AC,0,0
2025-09-28,4635056,FR1,2025,domestic_league,417,10004,OGC Nice,Paris FC,1,1
2025-09-28,4635058,FR1,2025,domestic_league,1082,1041,LOSC Lille,Olympique Lyon,0,1
2025-09-28,4638765,SC1,2025,domestic_league,1241,124,Livingston FC,Rangers FC,1,2
2025-09-28,4640799,SER1,2025,domestic_league,15276,788,FK Spartak Subotica,FK Napredak Krusevac,2,1
2025-09-28,4640800,SER1,2025,domestic_league,159,4645,Red Star Belgrade,FK Radnicki 1923 Kragujevac,2,1
2025-09-28,4640803,SER1,2025,domestic_league,3137,4633,FK TSC Backa Topola,FK Novi Pazar,1,0
2025-09-28,4640804,SER1,2025,domestic_league,6622,6621,FK Mladost Lucani,FK Cukaricki,1,1
2025-09-28,4641225,BE1,2025,domestic_league,520,157,Cercle Brugge,KAA Gent,2,4
2025-09-28,4641227,BE1,2025,domestic_league,475,1184,Sint-Truidense VV,KRC Genk,1,2
2025-09-28,4641228,BE1,2025,domestic_league,172,354,Royal Charleroi Sporting Club,KV Mechelen,0,2
2025-09-28,4641229,BE1,2025,domestic_league,9010,3901,FCV Dender EH,RAAL La Louvière,0,0
2025-09-28,4641434,NL1,2025,domestic_league,202,234,FC Groningen,Feyenoord Rotterdam,0,1
2025-09-28,4641438,NL1,2025,domestic_league,467,1090,NEC Nijmegen,AZ Alkmaar,2,1
2025-09-28,4641439,NL1,2025,domestic_league,200,306,FC Utrecht,SC Heerenveen,2,2
2025-09-28,4641441,NL1,2025,domestic_league,1434,1435,SC Telstar,Go Ahead Eagles,4,2
2025-09-28,4642916,A1,2025,domestic_league,122,4467,Sportklub Puntigamer Sturm Graz,TSV Hartberg,1,0
2025-09-28,4642917,A1,2025,domestic_league,170,14,Rapid Vienna,Austria Vienna,1,3
2025-09-28,4642921,A1,2025,domestic_league,2446,409,WSG Tirol,Fußballclub Red Bull Salzburg,1,2
2025-09-28,4645577,ES1,2025,domestic_league,131,681,FC Barcelona,Real Sociedad,2,1
2025-09-28,4645578,ES1,2025,domestic_league,150,331,Real Betis Balompié,CA Osasuna,2,0
2025-09-28,4645580,ES1,2025,domestic_league,367,368,Rayo Vallecano,Sevilla FC,0,1
2025-09-28,4645583,ES1,2025,domestic_league,1531,940,Elche CF,Celta de Vigo,2,1
2025-09-28,4646076,UKR1,2025,domestic_league,63007,3592,LNZ Cherkasy,Kryvbas Kryvyi Rig,0,0
2025-09-28,4646080,UKR1,2025,domestic_league,55686,48332,TOV FK Metalist 1925 Kharkiv,Kolos Kovalivka,1,0
2025-09-28,4646081,UKR1,2025,domestic_league,48726,660,Rukh Lviv,FC Shakhtar Donetsk,0,4
2025-09-28,4646729,TR1,2025,domestic_league,2293,6890,Konyaspor,Basaksehir FK,2,1
2025-09-28,4646734,TR1,2025,domestic_league,36,589,Fenerbahce,Antalyaspor,2,0
2025-09-28,4646735,TR1,2025,domestic_league,126,10484,Caykur Rizespor,Kasimpasa,1,2
2025-09-28,4646736,TR1,2025,domestic_league,3205,820,Kayserispor,Gençlerbirliği Spor Kulübü,1,1
2025-09-28,4648313,DK1,2025,domestic_league,206,173,Bröndby IF,Odense Boldklub,5,1
2025-09-28,4648315,DK1,2025,domestic_league,1177,443,Silkeborg IF,Vejle Boldklub,1,1
2025-09-28,4648316,DK1,2025,domestic_league,2778,678,FC Nordsjaelland,Aarhus GF,1,2
2025-09-28,4648318,DK1,2025,domestic_league,1063,5776,Viborg FF,FC Fredericia,2,1
2025-09-28,4648755,PO1,2025,domestic_league,2521,2420,FC Alverca,Vitória Guimarães SC,2,0
2025-09-28,4648757,PO1,2025,domestic_league,3329,2425,FC Famalicão,Rio Ave FC,0,0
2025-09-28,4648759,PO1,2025,domestic_league,1075,982,SC Braga,CD Nacional,0,1
2025-09-28,4649008,RO1,2025,domestic_league,29831,29700,FCV Farul Constanta,AFC Unirea 04 Slobozia,1,1
2025-09-28,4649009,RO1,2025,domestic_league,301,4959,FCSB,SC Otelul Galati,1,0
2025-09-28,4649212,RU1,2025,domestic_league,232,49702,FK Spartak Moskva,FK Nizhny Novgorod,3,0
2025-09-28,4649215,RU1,2025,domestic_league,2410,2741,PFK CSKA Moskva,FK Baltika,1,0
2025-09-28,4649218,RU1,2025,domestic_league,75231,41231,Dinamo Makhachkala,FK Sochi,0,0
2025-09-28,4665049,GR1,2025,domestic_league,2441,60949,Athlitiki Enosi Konstantinoupoleos,Volou Neos Podosferikos Syllogos,1,0
2025-09-28,4665050,GR1,2025,domestic_league,6676,1091,A.G.S Asteras Tripolis,Panthessalonikios Athlitikos Omilos Konstantinoupoliton,3,3
2025-09-28,4665054,GR1,2025,domestic_league,653,30120,Omilos Filathlon Irakliou FC,Athlitiki Enosi Kifisias,1,3
2025-09-28,4665055,GR1,2025,domestic_league,6418,265,Panetolikos Agrinio,Panathinaikos Athlitikos Omilos,1,2
2025-09-28,4693290,COL1,2025,,10503,10093,Deportes Tolima,Independiente Medellín,2,3
2025-09-28,4693291,COL1,2025,,8172,2350,Atlético Nacional,Millonarios FC,2,0
2025-09-28,4693292,COL1,2025,,2352,7136,CD América de Cali,Envigado FC,1,1
2025-09-28,4693293,COL1,2025,,20590,9961,Rionegro Águilas,Deportivo Cali,3,1
2025-09-28,4738724,KR1,2025,domestic_league,24575,327,HNK Gorica,NK Osijek,0,1
2025-09-29,4522769,NO1,2024,domestic_league,2761,6399,FK Haugesund,Sandefjord Fotball,2,3
2025-09-29,4525627,SE1,2024,domestic_league,1044,7945,Djurgårdens Idrottsförening,IK Sirius,8,2
2025-09-29,4525631,SE1,2024,domestic_league,1236,801,Östers IF,Idrottsföreningen Kamraterna Göteborg,0,2
2025-09-29,4582242,BRA1,2024,domestic_league,199,614,Sport Club Corinthians Paulista,Clube de Regatas do Flamengo,1,2
2025-09-29,4587208,MLS1,2024,domestic_league,51772,45604,Football Club Cincinnati,Orlando City Soccer Club,1,1
2025-09-29,4620726,IT1,2025,domestic_league,252,398,Genoa CFC,Società Sportiva Lazio S.p.A.,0,3
2025-09-29,4620730,IT1,2025,domestic_league,130,416,Parma Calcio 1913,Torino FC,2,1
2025-09-29,4623190,PL1,2025,domestic_league,3527,7154,Motor Lublin Spółka Akcyjna,Radomiak Radom,2,2
2025-09-29,4623194,PL1,2025,domestic_league,168,6107,Zaglebie Lubin,Morski Związkowy Klub Sportowy Arka Gdynia Spółka Akcyjna,4,0
2025-09-29,4625828,GB1,2025,domestic_league,29,379,Everton FC,West Ham United,1,1
2025-09-29,4646079,UKR1,2025,domestic_league,26459,53646,NK Veres Rivne,FK Polissya Zhytomyr,1,4
2025-09-29,4646730,TR1,2025,domestic_league,114,120,Beşiktaş Jimnastik Kulübü,Kocaelispor,3,1
2025-09-29,4648314,DK1,2025,domestic_league,865,5724,FC Midtjylland,Randers FC,2,1
2025-09-29,4648756,PO1,2025,domestic_league,8024,720,FC Arouca,FC Porto,0,4
2025-09-29,4649004,RO1,2025,domestic_league,6429,7769,FC Universitatea Cluj,CFR Cluj,2,2
2025-09-29,4649007,RO1,2025,domestic_league,37624,8818,FC Metaloglobus Bucharest,FC Botosani,0,2
2025-09-29,4665052,GR1,2025,domestic_league,3060,4603,APS Atromitos Athinon,Athlitiki Enosi Larisas,1,1
2025-09-29,4693294,COL1,2025,,11648,17425,Independiente Santa Fe,Internacional de Bogotá,3,0
2025-09-29,4693295,COL1,2025,,11854,10090,Junior FC,Asociación Deportivo Pasto,2,0
2025-09-29,4717114,SFA,2025,domestic_cup,23692,8927,University of Stirling FC,Burntisland Shipyard AFC,6,2
2025-09-30,4582243,BRA1,2024,domestic_league,585,2029,São Paulo Futebol Clube,Ceará Sporting Club,0,1
2025-09-30,4645575,ES1,2025,domestic_league,1049,2497,Valencia CF,Real Oviedo,1,2
2025-09-30,4650522,RUP,2025,domestic_cup,2698,964,FC Rubin Kazan,AO FK Zenit Sankt-Peterburg,0,1
2025-09-30,4650523,RUP,2025,domestic_cup,3725,14589,RFK Akhmat Grozny,FC Orenburg,0,1
2025-09-30,4650524,RUP,2025,domestic_cup,16704,121,FK Krasnodar,FK Dinamo Moskva,4,2
2025-09-30,4715000,CL,2025,international_cup,46,62,Inter Milan,SK Slavia Prague,3,0
2025-09-30,4715003,CL,2025,international_cup,631,294,Chelsea FC,SL Benfica,1,0
2025-09-30,4715023,CL,2025,international_cup,13,24,Atlético de Madrid,Eintracht Frankfurt,5,1
2025-09-30,4715031,CL,2025,international_cup,800,2282,Atalanta BC,Club Brugge KV,2,1
2025-09-30,4715103,CL,2025,international_cup,501,148,Fotballklubben Bodø/Glimt,Tottenham Hotspur,2,2
2025-09-30,4715107,CL,2025,international_cup,244,610,Olympique Marseille,Ajax Amsterdam,4,0
2025-09-30,4715117,CL,2025,international_cup,141,31,Galatasaray,Liverpool FC,1,0
2025-09-30,4715137,CL,2025,international_cup,45457,27,Pafos FC,Bayern Munich,1,5
2025-09-30,4715141,CL,2025,international_cup,10482,418,Kairat Almaty,Real Madrid,0,5
2025-10-01,4522779,NO1,2024,domestic_league,23184,3837,KFUM-Kameratene Oslo,Fredrikstad Fotballklubb,2,1
2025-10-01,4582252,BRA1,2024,domestic_league,1023,978,Sociedade Esportiva Palmeiras,Club de Regatas Vasco da Gama,3,0
2025-10-01,4582254,BRA1,2024,domestic_league,3876,8793,Mirasol Futebol Clube,Red Bull Bragantino,1,1
2025-10-01,4582255,BRA1,2024,domestic_league,330,10492,Clube Atlético Mineiro,Esporte Clube Juventude,0,0
2025-10-01,4582256,BRA1,2024,domestic_league,6600,199,Sport Club Internacional,Sport Club Corinthians Paulista,1,1
2025-10-01,4582259,BRA1,2024,domestic_league,8718,2462,Sport Club do Recife,Fluminense Football Club,2,2
2025-10-01,4587159,MLS1,2024,domestic_league,69261,432,Club Internacional de Fútbol Miami,Chicago Fire Soccer Club,3,5
2025-10-01,4624556,TS1,2025,domestic_league,1496,377,FK Pardubice,FC Baník Ostrava a.s.,0,1
2025-10-01,4650525,RUP,2025,domestic_cup,2696,41231,PFK Krylya Sovetov Samara,FK Sochi,8,7
2025-10-01,4650526,RUP,2025,domestic_cup,49702,232,FK Nizhny Novgorod,FK Spartak Moskva,1,2
2025-10-01,4650528,RUP,2025,domestic_cup,2741,71985,FK Baltika,Akron Togliatti,3,0
2025-10-01,4650529,RUP,2025,domestic_cup,932,2410,"Футбольный клуб ""Локомотив"" Москва",PFK CSKA Moskva,2,4
2025-10-01,4715009,CL,2025,international_cup,16,621,Borussia Dortmund,Athletic Bilbao,4,1
2025-10-01,4715010,CL,2025,international_cup,131,583,FC Barcelona,Paris Saint-Germain,1,2
2025-10-01,4715016,CL,2025,international_cup,11,683,Arsenal FC,Olympiakos Syndesmos Filathlon Peiraios,2,0
2025-10-01,4715020,CL,2025,international_cup,15,383,Bayer 04 Leverkusen,PSV Eindhoven,1,1
2025-10-01,4715035,CL,2025,international_cup,1050,506,Villarreal CF,Juventus FC,2,2
2025-10-01,4715091,CL,2025,international_cup,6195,336,SSC Napoli,Sporting CP,2,1
2025-10-01,4715113,CL,2025,international_cup,162,281,AS Monaco,Manchester City,2,2
2025-10-01,4715124,CL,2025,international_cup,3948,762,Union Saint-Gilloise,Newcastle United,0,4
2025-10-01,4715128,CL,2025,international_cup,10625,190,Qarabağ FK,FC Copenhagen,2,0
2025-10-02,4582251,BRA1,2024,domestic_league,537,10010,S. A. F. Botafogo,Esporte Clube Bahia,2,1
2025-10-02,4582253,BRA1,2024,domestic_league,221,210,Santos Futebol Clube,Grêmio Foot-Ball Porto Alegrense,1,1
2025-10-02,4582257,BRA1,2024,domestic_league,2125,2029,Esporte Clube Vitória,Ceará Sporting Club,1,0
2025-10-02,4582258,BRA1,2024,domestic_league,10870,585,Fortaleza Esporte Clube,São Paulo Futebol Clube,0,2
2025-10-02,4650527,RUP,2025,domestic_cup,75231,1083,Dinamo Makhachkala,FK Rostov,5,3
2025-10-02,4715915,EL,2025,other,12,1082,Associazione Sportiva Roma,LOSC Lille,0,1
2025-10-02,4715920,EL,2025,other,720,159,FC Porto,Red Star Belgrade,2,1
2025-10-02,4715927,EL,2025,other,234,405,Feyenoord Rotterdam,Aston Villa,0,2
2025-10-02,4715953,EL,2025,other,36,417,Fenerbahce,OGC Nice,2,1
2025-10-02,4715963,EL,2025,other,1041,409,Olympique Lyon,Fußballclub Red Bull Salzburg,2,0
2025-10-02,4715974,EL,2025,other,941,496,FC Viktoria Plzen,Malmö Fotbollförening,3,0
2025-10-02,4715980,EL,2025,other,371,1075,Celtic FC,SC Braga,0,2
2025-10-02,4715983,EL,2025,other,119,419,Maccabi Tel Aviv,GNK Dinamo Zagreb,1,3
2025-10-02,4715994,EL,2025,other,26,79,FC Basel 1893,VfB Stuttgart,2,0
2025-10-02,4715999,EL,2025,other,31614,150,Ludogorets Razgrad,Real Betis Balompié,0,2
2025-10-02,4716005,EL,2025,other,703,865,Nottingham Forest,FC Midtjylland,2,3
2025-10-02,4716007,EL,2025,other,122,124,Sportklub Puntigamer Sturm Graz,Rangers FC,2,1
2025-10-02,4716013,EL,2025,other,301,452,FCSB,BSC Young Boys,0,2
2025-10-02,4716021,EL,2025,other,1025,60,Bologna Football Club 1909,SC Freiburg,1,1
2025-10-02,4716024,EL,2025,other,940,1091,Celta de Vigo,Panthessalonikios Athlitikos Omilos Konstantinoupoliton,3,1
2025-10-02,4716034,EL,2025,other,265,1435,Panathinaikos Athlitikos Omilos,Go Ahead Eagles,1,2
2025-10-02,4716048,EL,2025,other,1184,279,KRC Genk,Ferencvárosi TC,0,1
2025-10-02,4716054,EL,2025,other,1100,200,Sportsklubben Brann,FC Utrecht,1,0
2025-10-02,4716072,UCOL,2025,other,430,2311,ACF Fiorentina,"SK Sigma Olomouc, a.s.",2,0
2025-10-02,4716080,UCOL,2025,other,540,667,Slovan Bratislava,RC Strasbourg Alsace,1,2
2025-10-02,4716087,UCOL,2025,other,255,152,Legia Warszawa,Samsunspor,0,1
2025-10-02,4716088,UCOL,2025,other,197,3258,AC Sparta Prague,Shamrock Rovers,4,1
2025-10-02,4716091,UCOL,2025,other,338,873,Dynamo Kyiv,Crystal Palace,0,2
2025-10-02,4716097,UCOL,2025,other,238,170,Lech Poznan,Rapid Vienna,4,1
2025-10-02,4716102,UCOL,2025,other,367,1167,Rayo Vallecano,Shkendija Tetovo,2,0
2025-10-02,4716107,UCOL,2025,other,829,39,Omonia Nicosia,1.FSV Mainz 05,0,1
2025-10-02,4716117,UCOL,2025,other,2300,17149,Jagiellonia Bialystok,Hamrun Spartans,1,0
2025-10-02,4716119,UCOL,2025,other,710,2441,NK Celje,Athlitiki Enosi Konstantinoupoleos,3,1
2025-10-02,4716125,UCOL,2025,other,6808,38204,HSK Zrinjski Mostar,Lincoln Red Imps FC,5,0
2025-10-02,4716131,UCOL,2025,other,6251,33741,Kuopion Palloseura,FC Drita,1,1
2025-10-02,4716136,UCOL,2025,other,370,660,Aberdeen FC,FC Shakhtar Donetsk,2,3
2025-10-02,4716153,UCOL,2025,other,9644,40812,Raków Częstochowa,Universitatea Craiova,2,0
2025-10-02,4716154,UCOL,2025,other,2156,1090,AEK Larnaca,AZ Alkmaar,4,0
2025-10-02,4716165,UCOL,2025,other,527,3737,Football Club Lausanne-Sport,Breidablik Kópavogur,3,0
2025-10-02,4716173,UCOL,2025,other,60368,144,FC Noah Yerevan,HNK Rijeka,1,0
2025-10-02,4716177,UCOL,2025,other,3909,1109,Shelbourne FC,BK Häcken,0,0
2025-10-03,4529931,RSK1,2024,domestic_league,19684,6502,Jeju SK Football Club,Jeonbuk Hyundai Motors,1,1
2025-10-03,4530585,JAP1,2024,domestic_league,8457,3734,Shonan Bellmare,Tokyo Verdy,0,1
2025-10-03,4582250,BRA1,2024,domestic_league,614,609,Clube de Regatas do Flamengo,Cruzeiro Esporte Clube,0,0
2025-10-03,4620746,IT1,2025,domestic_league,276,6574,Hellas Verona,US Sassuolo,0,1
2025-10-03,4623200,PL1,2025,domestic_league,4000,2118,Lechia Gdansk,Wisla Plock,1,1
2025-10-03,4623201,PL1,2025,domestic_league,324,6112,Pogon Szczecin,Piast Gliwice,2,1
2025-10-03,4625297,KR1,2025,domestic_league,999,599,NK Istra 1961,NK Varazdin,1,0
2025-10-03,4625836,GB1,2025,domestic_league,989,931,AFC Bournemouth,Fulham FC,3,1
2025-10-03,4634180,L1,2025,domestic_league,533,3,TSG 1899 Hoffenheim,1.FC Köln,0,1
2025-10-03,4635064,FR1,2025,domestic_league,10004,1158,Paris FC,FC Lorient,2,0
2025-10-03,4640926,SER1,2025,domestic_league,4633,6622,FK Novi Pazar,FK Mladost Lucani,1,0
2025-10-03,4640929,SER1,2025,domestic_league,4645,53,FK Radnicki 1923 Kragujevac,OFK Beograd,0,2
2025-10-03,4640932,SER1,2025,domestic_league,7567,33328,FK Radnicki Nis,FK Radnik Surdulica,4,2
2025-10-03,4641242,BE1,2025,domestic_league,157,172,KAA Gent,Royal Charleroi Sporting Club,2,1
2025-10-03,4641451,NL1,2025,domestic_league,132,202,NAC Breda,FC Groningen,1,2
2025-10-03,4645512,ES1,2025,domestic_league,331,3709,CA Osasuna,Getafe CF,2,1
2025-10-03,4646095,UKR1,2025,domestic_league,48332,48726,Kolos Kovalivka,Rukh Lviv,0,2
2025-10-03,4646097,UKR1,2025,domestic_league,84122,10690,Epicentr Kamyanets-Podilskyi,Zorya Lugansk,1,2
2025-10-03,4647831,TR1,2025,domestic_league,589,126,Antalyaspor,Caykur Rizespor,2,5
2025-10-03,4647832,TR1,2025,domestic_league,449,3205,Trabzonspor,Kayserispor,4,0
2025-10-03,4648345,DK1,2025,domestic_league,173,5817,Odense Boldklub,Sönderjyske Fodbold,1,1
2025-10-03,4648737,PO1,2025,domestic_league,3268,1465,Casa Pia AC,GD Estoril Praia,2,2
2025-10-03,4649049,RO1,2025,domestic_league,29700,312,AFC Unirea 04 Slobozia,FC Dinamo 1948,0,1
2025-10-04,4522675,NO1,2024,domestic_league,21101,687,Kristiansund Ballklubb,Molde Fotballklubb,2,1
2025-10-04,4522677,NO1,2024,domestic_league,6399,1057,Sandefjord Fotball,Bryne FK,1,0
2025-10-04,4522680,NO1,2024,domestic_league,76,1293,Vålerengens Idrettsforening,Tromsø Idrettslag,1,0
2025-10-04,4529932,RSK1,2024,domestic_league,30925,6504,Gwangju Football Club,Daegu FC,2,3
2025-10-04,4530587,JAP1,2024,domestic_league,828,3958,Urawa Red Diamonds,Rakuten Vissel Kobe,1,0
2025-10-04,4530588,JAP1,2024,domestic_league,6632,3828,Hitachi Kashiwa Reysol,Yokohama Marinos,1,0
2025-10-04,4530589,JAP1,2024,domestic_league,8344,22171,Albirex Niigata,Fagiano Okayama Sports Club,1,1
2025-10-04,4530590,JAP1,2024,domestic_league,1062,6631,S-Pulse,Tokyo Football Club,1,1
2025-10-04,4530591,JAP1,2024,domestic_league,1066,1022,Nagoya Grampus Eight,Cerezo Osaka,2,1
2025-10-04,4530592,JAP1,2024,domestic_league,593,9598,Kyoto Purple Sanga,Kawasaki Frontale,1,1
2025-10-04,4530593,JAP1,2024,domestic_league,2697,23568,Sanfrecce Hiroshima,Zelvia,2,1
2025-10-04,4530594,JAP1,2024,domestic_league,9597,943,Avispa Fukuoka,Yokohama FC,1,0
2025-10-04,4550389,SE1,2024,domestic_league,7009,2844,Göteborgs Atlet- och Idrottssällskap,IFK Norrköping,2,1
2025-10-04,4550391,SE1,2024,domestic_league,1236,1011,Östers IF,Halmstads BK,3,0
2025-10-04,4550392,SE1,2024,domestic_league,2719,1101,Mjällby Almänna Idrottsförening,Idrottsföreningen Elfsborg,2,0
2025-10-04,4550394,SE1,2024,domestic_league,3641,1044,Degerfors IF,Djurgårdens Idrottsförening,1,1
2025-10-04,4582280,BRA1,2024,domestic_league,2462,330,Fluminense Football Club,Clube Atlético Mineiro,3,0
2025-10-04,4582313,BRA1,2024,domestic_league,8793,210,Red Bull Bragantino,Grêmio Foot-Ball Porto Alegrense,1,0
2025-10-04,4582331,BRA1,2024,domestic_league,6600,537,Sport Club Internacional,S. A. F. Botafogo,2,0
2025-10-04,4587223,MLS1,2024,domestic_league,2440,78435,D.C. United,Charlotte Football Club,0,1
2025-10-04,4587224,MLS1,2024,domestic_league,8816,1061,FC Dallas,Los Angeles Galaxy,2,1
2025-10-04,4587226,MLS1,2024,domestic_league,4078,63966,Club de Foot Montréal,Nashville SC,1,1
2025-10-04,4620737,IT1,2025,domestic_league,800,1047,Atalanta BC,Como 1907,1,1
2025-10-04,4620740,IT1,2025,domestic_league,46,2239,Inter Milan,US Cremonese,4,1
2025-10-04,4620742,IT1,2025,domestic_league,398,416,Società Sportiva Lazio S.p.A.,Torino FC,3,3
2025-10-04,4620744,IT1,2025,domestic_league,130,1005,Parma Calcio 1913,US Lecce,0,1
2025-10-04,4623195,PL1,2025,domestic_league,6107,5689,Morski Związkowy Klub Sportowy Arka Gdynia Spółka Akcyjna,Cracovia,2,1
2025-10-04,4623196,PL1,2025,domestic_league,15906,88,Termalica Bruk-Bet Nieciecza Klub Sportowy,Widzew Lodz,2,4
2025-10-04,4623202,PL1,2025,domestic_league,7154,168,Radomiak Radom,Zaglebie Lubin,3,1
2025-10-04,4624604,TS1,2025,domestic_league,450,814,FK Dukla Prague,FK Teplice,1,3
2025-10-04,4624606,TS1,2025,domestic_league,697,715,FC Slovan Liberec,"Bohemians Praha 1905, a.s.",0,0
2025-10-04,4624610,TS1,2025,domestic_league,1496,13726,FK Pardubice,MFK Karvina,2,1
2025-10-04,4624611,TS1,2025,domestic_league,5546,5544,FK Mlada Boleslav,1.FC Slovacko,0,0
2025-10-04,4625296,KR1,2025,domestic_league,456,447,HNK Vukovar 1991,HNK Hajduk Split,0,1
2025-10-04,4625299,KR1,2025,domestic_league,2362,327,Slaven Belupo Koprivnica,NK Osijek,2,1
2025-10-04,4625834,GB1,2025,domestic_league,11,379,Arsenal FC,West Ham United,2,0
2025-10-04,4625838,GB1,2025,domestic_league,631,31,Chelsea FC,Liverpool FC,2,1
2025-10-04,4625840,GB1,2025,domestic_league,399,148,Leeds United,Tottenham Hotspur,1,2
2025-10-04,4625841,GB1,2025,domestic_league,985,289,Manchester United,Sunderland AFC,2,0
2025-10-04,4627275,C1,2025,domestic_league,434,321,FC Luzern,FC Sion,3,3
2025-10-04,4627276,C1,2025,domestic_league,257,938,FC St. Gallen 1879,FC Thun,1,2
2025-10-04,4627277,C1,2025,domestic_league,504,260,Grasshopper Club Zurich,FC Zürich,3,0
2025-10-04,4634173,L1,2025,domestic_league,15,89,Bayer 04 Leverkusen,1.FC Union Berlin,2,0
2025-10-04,4634174,L1,2025,domestic_league,24,27,Eintracht Frankfurt,Bayern Munich,0,3
2025-10-04,4634175,L1,2025,domestic_league,16,23826,Borussia Dortmund,RB Leipzig,1,1
2025-10-04,4634176,L1,2025,domestic_league,86,35,SV Werder Bremen,FC St. Pauli,1,0
2025-10-04,4634179,L1,2025,domestic_league,167,82,FC Augsburg,VfL Wolfsburg,3,1
2025-10-04,4635061,FR1,2025,domestic_league,347,244,FC Metz,Olympique Marseille,0,3
2025-10-04,4635066,FR1,2025,domestic_league,3911,995,Stade Brestois 29,FC Nantes,0,0
2025-10-04,4635067,FR1,2025,domestic_league,290,826,AJ Auxerre,RC Lens,1,2
2025-10-04,4638782,SC1,2025,domestic_league,1519,1241,Dundee United FC,Livingston FC,1,1
2025-10-04,4638784,SC1,2025,domestic_league,43,903,Heart of Midlothian FC,Hibernian FC,1,0
2025-10-04,4638785,SC1,2025,domestic_league,2553,465,Kilmarnock FC,St. Mirren FC,2,0
2025-10-04,4640927,SER1,2025,domestic_league,59358,3137,FK Zeleznicar Pancevo,FK TSC Backa Topola,1,0
2025-10-04,4640928,SER1,2025,domestic_league,669,448,FK Partizan Belgrade,FK Vojvodina Novi Sad,1,0
2025-10-04,4641243,BE1,2025,domestic_league,1096,520,Royal Antwerp FC,Cercle Brugge,1,1
2025-10-04,4641244,BE1,2025,domestic_league,3901,3508,RAAL La Louvière,Zulte Waregem,0,0
2025-10-04,4641245,BE1,2025,domestic_league,354,475,KV Mechelen,Sint-Truidense VV,1,3
2025-10-04,4641452,NL1,2025,domestic_league,468,610,Sparta Rotterdam,Ajax Amsterdam,3,3
2025-10-04,4641453,NL1,2025,domestic_league,385,724,Fortuna Sittardia Combinatie,FC Volendam,1,0
2025-10-04,4641454,NL1,2025,domestic_league,1269,383,PEC Zwolle,PSV Eindhoven,0,4
2025-10-04,4641455,NL1,2025,domestic_league,306,798,SC Heerenveen,Excelsior Rotterdam,2,1
2025-10-04,4642924,A1,2025,domestic_league,266,2446,SV Ried,WSG Tirol,2,0
2025-10-04,4642925,A1,2025,domestic_league,14,2157,Austria Vienna,FC Blau-Weiss Linz,0,1
2025-10-04,4642927,A1,2025,domestic_league,316,4441,Grazer AK 1902,Wolfsberger AC,1,3
2025-10-04,4645506,ES1,2025,domestic_league,621,237,Athletic Bilbao,RCD Mallorca,2,1
2025-10-04,4645507,ES1,2025,domestic_league,12321,1049,Girona FC,Valencia CF,2,1
2025-10-04,4645508,ES1,2025,domestic_league,418,1050,Real Madrid,Villarreal CF,3,1
2025-10-04,4645513,ES1,2025,domestic_league,2497,3368,Real Oviedo,Levante UD,0,2
2025-10-04,4646092,UKR1,2025,domestic_league,53646,81401,FK Polissya Zhytomyr,SC Poltava,4,0
2025-10-04,4646093,UKR1,2025,domestic_league,18303,85465,FC Oleksandriya,Karpaty Lviv,0,2
2025-10-04,4646094,UKR1,2025,domestic_league,39097,26459,Obolon Kyiv,NK Veres Rivne,1,1
2025-10-04,4647836,TR1,2025,domestic_league,141,114,Galatasaray,Beşiktaş Jimnastik Kulübü,1,1
2025-10-04,4647837,TR1,2025,domestic_league,820,11282,Gençlerbirliği Spor Kulübü,Alanyaspor,2,2
2025-10-04,4647838,TR1,2025,domestic_league,120,7160,Kocaelispor,Eyüpspor,1,0
2025-10-04,4648736,PO1,2025,domestic_league,110302,2521,Avs Futebol,FC Alverca,1,3
2025-10-04,4648740,PO1,2025,domestic_league,2424,2431,Gil Vicente FC,CF Estrela Amadora,2,0
2025-10-04,4648741,PO1,2025,domestic_league,982,979,CD Nacional,Moreirense FC,3,2
2025-10-04,4648742,PO1,2025,domestic_league,2420,2423,Vitória Guimarães SC,CD Santa Clara,2,1
2025-10-04,4649044,RO1,2025,domestic_league,37255,6429,FK Csikszereda Miercurea Ciuc,FC Universitatea Cluj,2,1
2025-10-04,4649046,RO1,2025,domestic_league,41278,9465,ACSC FC Arges,Petrolul Ploiesti,0,1
2025-10-04,4649047,RO1,2025,domestic_league,455,29831,FC Rapid 1923,FCV Farul Constanta,3,1
2025-10-04,4649187,RU1,2025,domestic_league,16704,3725,FK Krasnodar,RFK Akhmat Grozny,2,0
2025-10-04,4649189,RU1,2025,domestic_league,121,932,FK Dinamo Moskva,"Футбольный клуб ""Локомотив"" Москва",3,5
2025-10-04,4649191,RU1,2025,domestic_league,2698,2696,FC Rubin Kazan,PFK Krylya Sovetov Samara,2,0
2025-10-04,4649193,RU1,2025,domestic_league,71985,964,Akron Togliatti,AO FK Zenit Sankt-Peterburg,1,1
2025-10-04,4665007,GR1,2025,domestic_league,4603,60949,Athlitiki Enosi Larisas,Volou Neos Podosferikos Syllogos,2,5
2025-10-04,4665010,GR1,2025,domestic_league,653,605,Omilos Filathlon Irakliou FC,Aris Thessalonikis,3,0
2025-10-04,4665012,GR1,2025,domestic_league,3385,6676,Panserraikos Serres,A.G.S Asteras Tripolis,2,1
2025-10-04,4693296,COL1,2025,,9961,9811,Deportivo Cali,Deportivo Pereira,1,0
2025-10-04,4693297,COL1,2025,,7136,6495,Envigado FC,Atlético Bucaramanga,1,2
2025-10-04,4693298,COL1,2025,,14680,20590,Unión Magdalena,Rionegro Águilas,3,2
2025-10-04,4732728,CDR,2025,domestic_cup,20233,41404,SD Negreira,,4,0
2025-10-04,4732729,CDR,2025,domestic_cup,77192,134732,,Puerto de Vega CF,1,1
2025-10-04,4732730,CDR,2025,domestic_cup,76277,29739,,CD Getxo,1,2
2025-10-04,4732731,CDR,2025,domestic_cup,134733,93935,,Atlètic Sant Just,1,4
2025-10-04,4732732,CDR,2025,domestic_cup,61989,84296,,CD Sant Jordi,1,3
2025-10-04,4732733,CDR,2025,domestic_cup,70288,83483,UD Los Garres,Manises CF,4,0
2025-10-04,4732734,CDR,2025,domestic_cup,107473,108867,Atlético Palma del Río CF,,5,0
2025-10-04,4732735,CDR,2025,domestic_cup,34119,134734,UD Maracena,,2,0
2025-10-04,4732736,CDR,2025,domestic_cup,62414,93948,CD Yuncos,CF Campanario,2,0
2025-10-04,4732737,CDR,2025,domestic_cup,102261,122524,Universitario FC Las Palmas,CF Inter de Valdemoro,1,3
2025-10-05,4522673,NO1,2024,domestic_league,501,2761,Fotballklubben Bodø/Glimt,FK Haugesund,2,0
2025-10-05,4522674,NO1,2024,domestic_league,3837,4309,Fredrikstad Fotballklubb,Hamarkameratene,1,1
2025-10-05,4522676,NO1,2024,domestic_league,195,10217,Rosenborg Ballklub,Sarpsborg 08 Fotballforening,2,3
2025-10-05,4522678,NO1,2024,domestic_league,2817,23184,Strømsgodset IF,KFUM-Kameratene Oslo,1,1
2025-10-05,4522679,NO1,2024,domestic_league,239,1100,Viking Fotballklubb,Sportsklubben Brann,3,0
2025-10-05,4529933,RSK1,2024,domestic_league,6505,3535,Gimcheon Sangmu Football Club,Ulsan Hyundai Football Club,3,0
2025-10-05,4529934,RSK1,2024,domestic_league,311,6499,Football Club Pohang Steelers,Foundation Coorperation Hana Financial Group Inc. Football Club,1,3
2025-10-05,4530586,JAP1,2024,domestic_league,2241,596,Kashima Antlers FC,Gamba Osaka,0,0
2025-10-05,4550387,SE1,2024,domestic_league,272,3622,Allmänna Idrottsklubben,IFK Värnamo,2,3
2025-10-05,4550388,SE1,2024,domestic_league,1092,1109,Idrottsföreningen  Brommapojkarna,BK Häcken,1,3
2025-10-05,4550390,SE1,2024,domestic_league,801,1059,Idrottsföreningen Kamraterna Göteborg,Hammarby IF,1,2
2025-10-05,4550393,SE1,2024,domestic_league,7945,496,IK Sirius,Malmö Fotbollförening,5,1
2025-10-05,4582289,BRA1,2024,domestic_league,978,2125,Club de Regatas Vasco da Gama,Esporte Clube Vitória,4,3
2025-10-05,4582296,BRA1,2024,domestic_league,199,3876,Sport Club Corinthians Paulista,Mirasol Futebol Clube,3,0
2025-10-05,4582304,BRA1,2024,domestic_league,585,1023,São Paulo Futebol Clube,Sociedade Esportiva Palmeiras,2,3
2025-10-05,4582335,BRA1,2024,domestic_league,10010,614,Esporte Clube Bahia,Clube de Regatas do Flamengo,1,0
2025-10-05,4582341,BRA1,2024,domestic_league,10492,10870,Esporte Clube Juventude,Fortaleza Esporte Clube,1,2
2025-10-05,4587225,MLS1,2024,domestic_league,69261,626,Club Internacional de Fútbol Miami,New England Revolution,4,1
2025-10-05,4587227,MLS1,2024,domestic_league,623,51772,Red Bull New York,Football Club Cincinnati,0,1
2025-10-05,4587228,MLS1,2024,domestic_league,45604,813,Orlando City Soccer Club,Columbus Crew,1,1
2025-10-05,4587229,MLS1,2024,domestic_league,25467,40058,Philadelphia Union,New York City Football Club,1,0
2025-10-05,4587230,MLS1,2024,domestic_league,72309,82686,Austin FC,St. Louis City Soccer Club,1,3
2025-10-05,4587231,MLS1,2024,domestic_league,432,11141,Chicago Fire Soccer Club,Toronto FC,2,2
2025-10-05,4587232,MLS1,2024,domestic_league,9168,114977,Houston Dynamo,San Diego Football Club,2,4
2025-10-05,4587233,MLS1,2024,domestic_league,56089,4284,Minnesota United FC,Sporting Kansas City,3,0
2025-10-05,4587234,MLS1,2024,domestic_league,6643,1247,Real Salt Lake,Colorado Rapids,1,0
2025-10-05,4587235,MLS1,2024,domestic_league,9636,4291,Seattle Sounders FC,Portland Timbers,1,0
2025-10-05,4587236,MLS1,2024,domestic_league,6321,218,Vancouver Whitecaps FC,San Jose Earthquakes,4,1
2025-10-05,4620738,IT1,2025,domestic_league,1025,4172,Bologna Football Club 1909,Pisa Sporting Club,4,0
2025-10-05,4620739,IT1,2025,domestic_league,430,12,ACF Fiorentina,Associazione Sportiva Roma,1,2
2025-10-05,4620741,IT1,2025,domestic_league,506,5,Juventus FC,AC Milan,0,0
2025-10-05,4620743,IT1,2025,domestic_league,6195,252,SSC Napoli,Genoa CFC,2,1
2025-10-05,4620745,IT1,2025,domestic_league,410,1390,Udinese Calcio,Cagliari Calcio,1,1
2025-10-05,4623197,PL1,2025,domestic_league,6456,238,GKS GieKSa Katowice Spółka Akcyjna,Lech Poznan,0,1
2025-10-05,4623198,PL1,2025,domestic_league,428,255,Górnik Zabrze,Legia Warszawa,3,1
2025-10-05,4623199,PL1,2025,domestic_league,2300,6110,Jagiellonia Bialystok,Korona Kielce,3,1
2025-10-05,4623203,PL1,2025,domestic_league,9644,3527,Raków Częstochowa,Motor Lublin Spółka Akcyjna,2,0
2025-10-05,4624605,TS1,2025,domestic_league,2311,1322,"SK Sigma Olomouc, a.s.",FK Jablonec,2,0
2025-10-05,4624607,TS1,2025,domestic_league,197,62,AC Sparta Prague,SK Slavia Prague,1,1
2025-10-05,4624608,TS1,2025,domestic_league,5545,377,FC Zlin,FC Baník Ostrava a.s.,1,1
2025-10-05,4624609,TS1,2025,domestic_league,941,1897,FC Viktoria Plzen,FC Hradec Kralove,3,3
2025-10-05,4625295,KR1,2025,domestic_league,11194,419,NK Lokomotiva Zagreb,GNK Dinamo Zagreb,2,1
2025-10-05,4625298,KR1,2025,domestic_league,24575,144,HNK Gorica,HNK Rijeka,1,3
2025-10-05,4625835,GB1,2025,domestic_league,405,1132,Aston Villa,Burnley FC,2,1
2025-10-05,4625837,GB1,2025,domestic_league,1148,281,Brentford FC,Manchester City,0,1
2025-10-05,4625839,GB1,2025,domestic_league,29,873,Everton FC,Crystal Palace,2,1
2025-10-05,4625842,GB1,2025,domestic_league,762,703,Newcastle United,Nottingham Forest,2,0
2025-10-05,4625843,GB1,2025,domestic_league,543,1237,Wolverhampton Wanderers,Brighton & Hove Albion,1,1
2025-10-05,4627278,C1,2025,domestic_league,527,452,Football Club Lausanne-Sport,BSC Young Boys,5,0
2025-10-05,4627279,C1,2025,domestic_league,61,26,Servette FC,FC Basel 1893,0,3
2025-10-05,4627280,C1,2025,domestic_league,242,2790,FC Winterthur,FC Lugano,2,4
2025-10-05,4634177,L1,2025,domestic_league,79,2036,VfB Stuttgart,1. Fußballclub Heidenheim 1846,1,0
2025-10-05,4634178,L1,2025,domestic_league,18,60,Borussia Mönchengladbach,SC Freiburg,0,0
2025-10-05,4634181,L1,2025,domestic_league,41,39,Hamburger SV,1.FSV Mainz 05,4,0
2025-10-05,4635060,FR1,2025,domestic_league,162,417,AS Monaco,OGC Nice,2,2
2025-10-05,4635062,FR1,2025,domestic_league,1041,415,Olympique Lyon,FC Toulouse,1,2
2025-10-05,4635063,FR1,2025,domestic_league,738,273,Le Havre AC,Stade Rennais FC,2,2
2025-10-05,4635065,FR1,2025,domestic_league,667,1420,RC Strasbourg Alsace,Angers SCO,5,0
2025-10-05,4635068,FR1,2025,domestic_league,1082,583,LOSC Lille,Paris Saint-Germain,1,1
2025-10-05,4638780,SC1,2025,domestic_league,370,511,Aberdeen FC,Dundee FC,4,0
2025-10-05,4638781,SC1,2025,domestic_league,371,987,Celtic FC,Motherwell FC,3,2
2025-10-05,4638783,SC1,2025,domestic_league,1191,124,Falkirk FC,Rangers FC,1,1
2025-10-05,4640925,SER1,2025,domestic_league,6621,8819,FK Cukaricki,FK Javor-Matis Ivanjica,1,0
2025-10-05,4640930,SER1,2025,domestic_league,788,159,FK Napredak Krusevac,Red Star Belgrade,0,3
2025-10-05,4640931,SER1,2025,domestic_league,32113,15276,FK IMT Belgrad,FK Spartak Subotica,1,0
2025-10-05,4641239,BE1,2025,domestic_league,2282,3948,Club Brugge KV,Union Saint-Gilloise,1,0
2025-10-05,4641240,BE1,2025,domestic_league,58,3057,RSC Anderlecht,Standard Liège,1,0
2025-10-05,4641241,BE1,2025,domestic_league,1184,9010,KRC Genk,FCV Dender EH,2,1
2025-10-05,4641246,BE1,2025,domestic_league,968,2727,KVC Westerlo,Oud-Heverlee Leuven,2,0
2025-10-05,4641456,NL1,2025,domestic_league,317,1304,FC Twente Enschede,Heracles Almelo,2,1
2025-10-05,4641457,NL1,2025,domestic_league,1090,1434,AZ Alkmaar,SC Telstar,2,1
2025-10-05,4641458,NL1,2025,domestic_league,234,200,Feyenoord Rotterdam,FC Utrecht,3,2
2025-10-05,4641459,NL1,2025,domestic_league,1435,467,Go Ahead Eagles,NEC Nijmegen,1,1
2025-10-05,4642922,A1,2025,domestic_league,409,170,Fußballclub Red Bull Salzburg,Rapid Vienna,2,1
2025-10-05,4642923,A1,2025,domestic_league,413,4467,LASK,TSV Hartberg,3,3
2025-10-05,4642926,A1,2025,domestic_league,3551,122,Sportclub Rheindorf Altach,Sportklub Puntigamer Sturm Graz,0,2
2025-10-05,4645505,ES1,2025,domestic_league,1108,1531,Deportivo Alavés,Elche CF,3,1
2025-10-05,4645509,ES1,2025,domestic_league,940,13,Celta de Vigo,Atlético de Madrid,1,1
2025-10-05,4645510,ES1,2025,domestic_league,368,131,Sevilla FC,FC Barcelona,4,1
2025-10-05,4645511,ES1,2025,domestic_league,714,150,RCD Espanyol Barcelona,Real Betis Balompié,1,2
2025-10-05,4645514,ES1,2025,domestic_league,681,367,Real Sociedad,Rayo Vallecano,0,1
2025-10-05,4646091,UKR1,2025,domestic_league,3592,87883,Kryvbas Kryvyi Rig,FC Kudrivka,3,1
2025-10-05,4646096,UKR1,2025,domestic_league,660,63007,FC Shakhtar Donetsk,LNZ Cherkasy,1,4
2025-10-05,4646098,UKR1,2025,domestic_league,338,55686,Dynamo Kyiv,TOV FK Metalist 1925 Kharkiv,1,1
2025-10-05,4647830,TR1,2025,domestic_league,10484,2293,Kasimpasa,Konyaspor,1,1
2025-10-05,4647833,TR1,2025,domestic_league,152,36,Samsunspor,Fenerbahce,0,0
2025-10-05,4647834,TR1,2025,domestic_league,6646,2832,Fatih Karagümrük,Gaziantep FK,0,2
2025-10-05,4647835,TR1,2025,domestic_league,1467,6890,Göztepe,Basaksehir FK,1,0
2025-10-05,4648343,DK1,2025,domestic_league,678,1177,Aarhus GF,Silkeborg IF,3,1
2025-10-05,4648344,DK1,2025,domestic_league,190,865,FC Copenhagen,FC Midtjylland,1,1
2025-10-05,4648346,DK1,2025,domestic_league,5724,1063,Randers FC,Viborg FF,2,1
2025-10-05,4648347,DK1,2025,domestic_league,5776,206,FC Fredericia,Bröndby IF,0,2
2025-10-05,4648348,DK1,2025,domestic_league,443,2778,Vejle Boldklub,FC Nordsjaelland,0,3
2025-10-05,4648738,PO1,2025,domestic_league,8024,3329,FC Arouca,FC Famalicão,1,1
2025-10-05,4648739,PO1,2025,domestic_league,2425,7179,Rio Ave FC,CD Tondela,3,0
2025-10-05,4648743,PO1,2025,domestic_league,336,1075,Sporting CP,SC Braga,1,1
2025-10-05,4648744,PO1,2025,domestic_league,720,294,FC Porto,SL Benfica,0,0
2025-10-05,4649045,RO1,2025,domestic_league,7769,58049,CFR Cluj,FC Hermannstadt,2,1
2025-10-05,4649050,RO1,2025,domestic_league,301,40812,FCSB,Universitatea Craiova,1,0
2025-10-05,4649188,RU1,2025,domestic_league,2410,232,PFK CSKA Moskva,FK Spartak Moskva,3,2
2025-10-05,4649190,RU1,2025,domestic_league,14589,1083,FC Orenburg,FK Rostov,0,1
2025-10-05,4649192,RU1,2025,domestic_league,2741,75231,FK Baltika,Dinamo Makhachkala,2,0
2025-10-05,4649194,RU1,2025,domestic_league,41231,49702,FK Sochi,FK Nizhny Novgorod,2,1
2025-10-05,4665008,GR1,2025,domestic_league,30120,2441,Athlitiki Enosi Kifisias,Athlitiki Enosi Konstantinoupoleos,2,3
2025-10-05,4665009,GR1,2025,domestic_league,2672,6418,APO Levadiakos Football Club,Panetolikos Agrinio,6,0
2025-10-05,4665011,GR1,2025,domestic_league,265,3060,Panathinaikos Athlitikos Omilos,APS Atromitos Athinon,1,0
2025-10-05,4665013,GR1,2025,domestic_league,1091,683,Panthessalonikios Athlitikos Omilos Konstantinoupoliton,Olympiakos Syndesmos Filathlon Peiraios,2,1
2025-10-05,4693299,COL1,2025,,38628,32041,Llaneros FC,Fortaleza CEIF,0,0
2025-10-05,4693301,COL1,2025,,10090,22902,Asociación Deportivo Pasto,Alianza FC,3,3
2025-10-05,4693302,COL1,2025,,11854,10503,Junior FC,Deportes Tolima,0,1
2025-10-06,4582324,BRA1,2024,domestic_league,609,8718,Cruzeiro Esporte Clube,Sport Club do Recife,1,1
2025-10-06,4582338,BRA1,2024,domestic_league,2029,221,Ceará Sporting Club,Santos Futebol Clube,3,0
2025-10-06,4587237,MLS1,2024,domestic_league,51828,51663,Los Angeles Football Club,Atlanta United Football Club,1,0
2025-10-06,4649043,RO1,2025,domestic_league,8818,952,FC Botosani,UTA Arad,2,1
2025-10-06,4649048,RO1,2025,domestic_league,4959,37624,SC Otelul Galati,FC Metaloglobus Bucharest,4,0
2025-10-06,4693303,COL1,2025,,14649,8172,Boyacá Chicó FC,Atlético Nacional,1,1
2025-10-07,4693304,COL1,2025,,17425,6984,Internacional de Bogotá,Once Caldas,0,1
2025-10-08,4582175,BRA1,2024,domestic_league,330,8718,Clube Atlético Mineiro,Sport Club do Recife,3,1
2025-10-08,4693266,COL1,2025,,20590,10093,Rionegro Águilas,Independiente Medellín,2,1
2025-10-08,4693305,COL1,2025,,2350,2352,Millonarios FC,CD América de Cali,2,1
2025-10-09,4521272,MLS1,2024,domestic_league,51828,11141,Los Angeles Football Club,Toronto FC,2,0
2025-10-09,4582204,BRA1,2024,domestic_league,3876,2462,Mirasol Futebol Clube,Fluminense Football Club,2,1
2025-10-11,4582112,BRA1,2024,domestic_league,1023,10492,Sociedade Esportiva Palmeiras,Esporte Clube Juventude,4,1
2025-10-11,4693306,COL1,2025,,10503,7136,Deportes Tolima,Envigado FC,1,2
2025-10-12,4521298,MLS1,2024,domestic_league,69261,51663,Club Internacional de Fútbol Miami,Atlanta United Football Club,4,0
2025-10-12,4587163,MLS1,2024,domestic_league,45604,6321,Orlando City Soccer Club,Vancouver Whitecaps FC,1,2
2025-10-12,4587170,MLS1,2024,domestic_league,1061,8816,Los Angeles Galaxy,FC Dallas,2,1
2025-10-12,4587171,MLS1,2024,domestic_league,9636,6643,Seattle Sounders FC,Real Salt Lake,1,0
2025-10-12,4693308,COL1,2025,,2352,17425,CD América de Cali,Internacional de Bogotá,3,2
2025-10-12,4693309,COL1,2025,,11648,38628,Independiente Santa Fe,Llaneros FC,1,3
2025-10-12,4693312,COL1,2025,,22902,11854,Alianza FC,Junior FC,0,1
2025-10-13,4521320,MLS1,2024,domestic_league,72309,51828,Austin FC,Los Angeles Football Club,1,0
2025-10-13,4693307,COL1,2025,,6984,10093,Once Caldas,Independiente Medellín,1,5
2025-10-13,4693310,COL1,2025,,6495,14680,Atlético Bucaramanga,Unión Magdalena,1,0
2025-10-13,4693311,COL1,2025,,20590,10090,Rionegro Águilas,Asociación Deportivo Pasto,2,2
2025-10-14,4693313,COL1,2025,,32041,14649,Fortaleza CEIF,Boyacá Chicó FC,1,0
2025-10-15,4582262,BRA1,2024,domestic_league,537,614,S. A. F. Botafogo,Clube de Regatas do Flamengo,0,3
2025-10-15,4582266,BRA1,2024,domestic_league,1023,8793,Sociedade Esportiva Palmeiras,Red Bull Bragantino,5,1
2025-10-15,4693314,COL1,2025,,8172,9961,Atlético Nacional,Deportivo Cali,2,1
2025-10-15,4737973,RUP,2025,domestic_cup,36972,3243,Chaika Peschanokopskoe,KamAZ Naberezhnye Chelny,1,3
2025-10-15,4737974,RUP,2025,domestic_cup,59024,23110,Rodina Moscow,FK Chelyabinsk,4,5
2025-10-15,4737976,RUP,2025,domestic_cup,3729,3834,Arsenal Tula,Sokol Saratov,1,0
2025-10-15,4737979,RUP,2025,domestic_cup,2374,3733,Shinnik Yaroslavl,Neftekhimik Nizhnekamsk,4,6
2025-10-15,4737980,RUP,2025,domestic_cup,3714,28095,Enisey Krasnoyarsk,FK Ufa,4,6
2025-10-16,4582272,BRA1,2024,domestic_league,221,199,Santos Futebol Clube,Sport Club Corinthians Paulista,3,1
2025-10-16,4582278,BRA1,2024,domestic_league,3876,6600,Mirasol Futebol Clube,Sport Club Internacional,3,1
2025-10-16,4582284,BRA1,2024,domestic_league,330,609,Clube Atlético Mineiro,Cruzeiro Esporte Clube,1,1
2025-10-16,4582292,BRA1,2024,domestic_league,210,585,Grêmio Foot-Ball Porto Alegrense,São Paulo Futebol Clube,2,0
2025-10-16,4582308,BRA1,2024,domestic_league,10870,978,Fortaleza Esporte Clube,Club de Regatas Vasco da Gama,0,2
2025-10-16,4582315,BRA1,2024,domestic_league,8718,2029,Sport Club do Recife,Ceará Sporting Club,1,1
2025-10-16,4648985,RO1,2025,domestic_league,37255,7769,FK Csikszereda Miercurea Ciuc,CFR Cluj,2,2
2025-10-16,4693315,COL1,2025,,9811,2350,Deportivo Pereira,Millonarios FC,3,2
2025-10-16,4737975,RUP,2025,domestic_cup,1124,11127,Fakel Voronezh,Ural Yekaterinburg,1,0
2025-10-16,4737977,RUP,2025,domestic_cup,5287,65683,Chernomorets Novorossijsk,Kuban Holding Pavlovskaya,1,2
2025-10-16,4737978,RUP,2025,domestic_cup,1186,58065,Torpedo Moscow,Veles Moscow,3,0
2025-10-17,4530572,JAP1,2024,domestic_league,3958,2241,Rakuten Vissel Kobe,Kashima Antlers FC,0,0
2025-10-17,4530574,JAP1,2024,domestic_league,2697,6631,Sanfrecce Hiroshima,Tokyo Football Club,0,0
2025-10-17,4582260,BRA1,2024,domestic_league,2462,10492,Fluminense Football Club,Esporte Clube Juventude,1,0
2025-10-17,4582301,BRA1,2024,domestic_league,2125,10010,Esporte Clube Vitória,Esporte Clube Bahia,2,1
2025-10-17,4623850,PL1,2025,domestic_league,3527,6456,Motor Lublin Spółka Akcyjna,GKS GieKSa Katowice Spółka Akcyjna,2,5
2025-10-17,4623852,PL1,2025,domestic_league,88,7154,Widzew Lodz,Radomiak Radom,3,2
2025-10-17,4625304,KR1,2025,domestic_league,456,11194,HNK Vukovar 1991,NK Lokomotiva Zagreb,1,1
2025-10-17,4634187,L1,2025,domestic_league,89,18,1.FC Union Berlin,Borussia Mönchengladbach,3,1
2025-10-17,4635071,FR1,2025,domestic_league,583,667,Paris Saint-Germain,RC Strasbourg Alsace,3,3
2025-10-17,4645603,ES1,2025,domestic_league,2497,714,Real Oviedo,RCD Espanyol Barcelona,0,2
2025-10-17,4646083,UKR1,2025,domestic_league,81401,39097,SC Poltava,Obolon Kyiv,1,2
2025-10-17,4648292,DK1,2025,domestic_league,1177,190,Silkeborg IF,FC Copenhagen,3,1
2025-10-17,4649031,RO1,2025,domestic_league,29831,41278,FCV Farul Constanta,ACSC FC Arges,0,0
2025-10-17,4706119,SA1,2025,domestic_league,91427,32328,Al-Kholood Club,Al-Najma Sport Club,5,1
2025-10-17,4706120,SA1,2025,domestic_league,18487,9840,Al-Ahli Saudi Football Club,Al-Shabab Club,1,1
2025-10-17,4706123,SA1,2025,domestic_league,50531,8023,Al-Fayha FC,Al-Ittihad Football Club,1,1
2025-10-17,4727276,AUS1,2025,domestic_league,875,8054,Adelaide United,Sydney FC,2,1
2025-10-17,4727277,AUS1,2025,domestic_league,7831,71085,Brisbane Roar,Macarthur FC,1,0
2025-10-18,4522721,NO1,2024,domestic_league,1100,2761,Sportsklubben Brann,FK Haugesund,4,1
2025-10-18,4522722,NO1,2024,domestic_league,1057,195,Bryne FK,Rosenborg Ballklub,2,2
2025-10-18,4522726,NO1,2024,domestic_league,10217,501,Sarpsborg 08 Fotballforening,Fotballklubben Bodø/Glimt,2,5
2025-10-18,4529939,RSK1,2024,domestic_league,6499,19684,Foundation Coorperation Hana Financial Group Inc. Football Club,Jeju SK Football Club,3,1
2025-10-18,4529940,RSK1,2024,domestic_league,6502,31622,Jeonbuk Hyundai Motors,Suwon FC,2,0
2025-10-18,4530565,JAP1,2024,domestic_league,3734,8344,Tokyo Verdy,Albirex Niigata,1,0
2025-10-18,4530566,JAP1,2024,domestic_league,23568,9597,Zelvia,Avispa Fukuoka,0,0
2025-10-18,4530567,JAP1,2024,domestic_league,9598,1062,Kawasaki Frontale,S-Pulse,5,3
2025-10-18,4530568,JAP1,2024,domestic_league,3828,828,Yokohama Marinos,Urawa Red Diamonds,4,0
2025-10-18,4530569,JAP1,2024,domestic_league,943,1066,Yokohama FC,Nagoya Grampus Eight,2,2
2025-10-18,4530571,JAP1,2024,domestic_league,596,6632,Gamba Osaka,Hitachi Kashiwa Reysol,0,5
2025-10-18,4530573,JAP1,2024,domestic_league,22171,1022,Fagiano Okayama Sports Club,Cerezo Osaka,1,2
2025-10-18,4550399,SE1,2024,domestic_league,1109,7945,BK Häcken,IK Sirius,1,1
2025-10-18,4550400,SE1,2024,domestic_league,2844,496,IFK Norrköping,Malmö Fotbollförening,0,2
2025-10-18,4582273,BRA1,2024,domestic_league,199,330,Sport Club Corinthians Paulista,Clube Atlético Mineiro,1,0
2025-10-18,4587238,MLS1,2024,domestic_league,51663,2440,Atlanta United Football Club,D.C. United,1,1
2025-10-18,4587239,MLS1,2024,domestic_league,78435,25467,Charlotte Football Club,Philadelphia Union,2,0
2025-10-18,4587240,MLS1,2024,domestic_league,51772,4078,Football Club Cincinnati,Club de Foot Montréal,3,0
2025-10-18,4587241,MLS1,2024,domestic_league,813,623,Columbus Crew,Red Bull New York,3,1
2025-10-18,4587242,MLS1,2024,domestic_league,63966,69261,Nashville SC,Club Internacional de Fútbol Miami,2,5
2025-10-18,4587243,MLS1,2024,domestic_league,626,432,New England Revolution,Chicago Fire Soccer Club,2,2
2025-10-18,4587244,MLS1,2024,domestic_league,40058,9636,New York City Football Club,Seattle Sounders FC,1,2
2025-10-18,4587245,MLS1,2024,domestic_league,11141,45604,Toronto FC,Orlando City Soccer Club,4,2
2025-10-18,4620752,IT1,2025,domestic_league,1005,6574,US Lecce,US Sassuolo,0,0
2025-10-18,4620754,IT1,2025,domestic_league,4172,276,Pisa Sporting Club,Hellas Verona,0,0
2025-10-18,4620755,IT1,2025,domestic_league,12,46,Associazione Sportiva Roma,Inter Milan,0,1
2025-10-18,4620756,IT1,2025,domestic_league,416,6195,Torino FC,SSC Napoli,1,0
2025-10-18,4623846,PL1,2025,domestic_league,5689,9644,Cracovia,Raków Częstochowa,2,0
2025-10-18,4623847,PL1,2025,domestic_league,2300,6107,Jagiellonia Bialystok,Morski Związkowy Klub Sportowy Arka Gdynia Spółka Akcyjna,4,0
2025-10-18,4623848,PL1,2025,domestic_league,6110,428,Korona Kielce,Górnik Zabrze,1,1
2025-10-18,4624613,TS1,2025,domestic_league,715,941,"Bohemians Praha 1905, a.s.",FC Viktoria Plzen,0,1
2025-10-18,4624614,TS1,2025,domestic_league,62,5545,SK Slavia Prague,FC Zlin,0,0
2025-10-18,4624615,TS1,2025,domestic_league,814,697,FK Teplice,FC Slovan Liberec,1,1
2025-10-18,4624618,TS1,2025,domestic_league,13726,2311,MFK Karvina,"SK Sigma Olomouc, a.s.",1,1
2025-10-18,4624619,TS1,2025,domestic_league,1496,5546,FK Pardubice,FK Mlada Boleslav,2,1
2025-10-18,4625300,KR1,2025,domestic_league,419,327,GNK Dinamo Zagreb,NK Osijek,2,1
2025-10-18,4625301,KR1,2025,domestic_league,2362,144,Slaven Belupo Koprivnica,HNK Rijeka,1,1
2025-10-18,4625844,GB1,2025,domestic_league,1237,762,Brighton & Hove Albion,Newcastle United,2,1
2025-10-18,4625845,GB1,2025,domestic_league,1132,399,Burnley FC,Leeds United,2,0
2025-10-18,4625846,GB1,2025,domestic_league,873,989,Crystal Palace,AFC Bournemouth,3,3
2025-10-18,4625847,GB1,2025,domestic_league,931,11,Fulham FC,Arsenal FC,0,1
2025-10-18,4625849,GB1,2025,domestic_league,281,29,Manchester City,Everton FC,2,0
2025-10-18,4625850,GB1,2025,domestic_league,703,631,Nottingham Forest,Chelsea FC,0,3
2025-10-18,4625851,GB1,2025,domestic_league,289,543,Sunderland AFC,Wolverhampton Wanderers,2,0
2025-10-18,4627281,C1,2025,domestic_league,26,242,FC Basel 1893,FC Winterthur,3,0
2025-10-18,4627282,C1,2025,domestic_league,938,61,FC Thun,Servette FC,3,1
2025-10-18,4627283,C1,2025,domestic_league,2790,260,FC Lugano,FC Zürich,1,0
2025-10-18,4634182,L1,2025,domestic_league,27,16,Bayern Munich,Borussia Dortmund,2,1
2025-10-18,4634184,L1,2025,domestic_league,39,15,1.FSV Mainz 05,Bayer 04 Leverkusen,3,4
2025-10-18,4634185,L1,2025,domestic_league,23826,41,RB Leipzig,Hamburger SV,2,1
2025-10-18,4634186,L1,2025,domestic_league,82,79,VfL Wolfsburg,VfB Stuttgart,0,3
2025-10-18,4634189,L1,2025,domestic_league,2036,86,1. Fußballclub Heidenheim 1846,SV Werder Bremen,2,2
2025-10-18,4634190,L1,2025,domestic_league,3,167,1.FC Köln,FC Augsburg,1,1
2025-10-18,4635069,FR1,2025,domestic_league,244,738,Olympique Marseille,Le Havre AC,6,2
2025-10-18,4635070,FR1,2025,domestic_league,417,1041,OGC Nice,Olympique Lyon,3,2
2025-10-18,4635075,FR1,2025,domestic_league,1420,162,Angers SCO,AS Monaco,1,1
2025-10-18,4638769,SC1,2025,domestic_league,903,1241,Hibernian FC,Livingston FC,4,0
2025-10-18,4638770,SC1,2025,domestic_league,2553,43,Kilmarnock FC,Heart of Midlothian FC,0,3
2025-10-18,4638771,SC1,2025,domestic_league,987,1191,Motherwell FC,Falkirk FC,1,2
2025-10-18,4638772,SC1,2025,domestic_league,124,1519,Rangers FC,Dundee United FC,2,2
2025-10-18,4638773,SC1,2025,domestic_league,465,370,St. Mirren FC,Aberdeen FC,0,1
2025-10-18,4640877,SER1,2025,domestic_league,8819,33328,FK Javor-Matis Ivanjica,FK Radnik Surdulica,3,2
2025-10-18,4640880,SER1,2025,domestic_league,53,788,OFK Beograd,FK Napredak Krusevac,4,0
2025-10-18,4640881,SER1,2025,domestic_league,448,4645,FK Vojvodina Novi Sad,FK Radnicki 1923 Kragujevac,4,1
2025-10-18,4640882,SER1,2025,domestic_league,3137,669,FK TSC Backa Topola,FK Partizan Belgrade,0,1
2025-10-18,4641247,BE1,2025,domestic_league,3948,172,Union Saint-Gilloise,Royal Charleroi Sporting Club,3,1
2025-10-18,4641249,BE1,2025,domestic_league,3901,968,RAAL La Louvière,KVC Westerlo,0,0
2025-10-18,4641252,BE1,2025,domestic_league,2727,2282,Oud-Heverlee Leuven,Club Brugge KV,0,1
2025-10-18,4641485,NL1,2025,domestic_league,200,724,FC Utrecht,FC Volendam,3,1
2025-10-18,4641486,NL1,2025,domestic_league,383,1435,PSV Eindhoven,Go Ahead Eagles,2,1
2025-10-18,4641487,NL1,2025,domestic_league,610,1090,Ajax Amsterdam,AZ Alkmaar,0,2
2025-10-18,4641488,NL1,2025,domestic_league,132,1269,NAC Breda,PEC Zwolle,2,2
2025-10-18,4641492,NL1,2025,domestic_league,467,317,NEC Nijmegen,FC Twente Enschede,3,3
2025-10-18,4642930,A1,2025,domestic_league,4441,266,Wolfsberger AC,SV Ried,1,2
2025-10-18,4642932,A1,2025,domestic_league,2446,14,WSG Tirol,Austria Vienna,2,3
2025-10-18,4642933,A1,2025,domestic_league,316,4467,Grazer AK 1902,TSV Hartberg,0,0
2025-10-18,4645596,ES1,2025,domestic_league,13,331,Atlético de Madrid,CA Osasuna,1,0
2025-10-18,4645597,ES1,2025,domestic_league,131,12321,FC Barcelona,Girona FC,2,1
2025-10-18,4645602,ES1,2025,domestic_league,1050,150,Villarreal CF,Real Betis Balompié,2,2
2025-10-18,4645604,ES1,2025,domestic_league,368,237,Sevilla FC,RCD Mallorca,1,3
2025-10-18,4646087,UKR1,2025,domestic_league,53646,660,FK Polissya Zhytomyr,FC Shakhtar Donetsk,0,0
2025-10-18,4646088,UKR1,2025,domestic_league,48726,3592,Rukh Lviv,Kryvbas Kryvyi Rig,1,2
2025-10-18,4646090,UKR1,2025,domestic_league,10690,338,Zorya Lugansk,Dynamo Kyiv,1,1
2025-10-18,4647840,TR1,2025,domestic_league,2293,120,Konyaspor,Kocaelispor,2,3
2025-10-18,4647841,TR1,2025,domestic_league,114,820,Beşiktaş Jimnastik Kulübü,Gençlerbirliği Spor Kulübü,1,2
2025-10-18,4647843,TR1,2025,domestic_league,6890,141,Basaksehir FK,Galatasaray,1,2
2025-10-18,4647846,TR1,2025,domestic_league,126,449,Caykur Rizespor,Trabzonspor,1,2
2025-10-18,4649028,RO1,2025,domestic_league,6429,8818,FC Universitatea Cluj,FC Botosani,0,2
2025-10-18,4649033,RO1,2025,domestic_league,37624,301,FC Metaloglobus Bucharest,FCSB,2,1
2025-10-18,4649034,RO1,2025,domestic_league,40812,29700,Universitatea Craiova,AFC Unirea 04 Slobozia,3,1
2025-10-18,4649251,RU1,2025,domestic_league,232,1083,FK Spartak Moskva,FK Rostov,1,1
2025-10-18,4649252,RU1,2025,domestic_league,2696,14589,PFK Krylya Sovetov Samara,FC Orenburg,1,1
2025-10-18,4649254,RU1,2025,domestic_league,932,2410,"Футбольный клуб ""Локомотив"" Москва",PFK CSKA Moskva,3,0
2025-10-18,4649256,RU1,2025,domestic_league,49702,71985,FK Nizhny Novgorod,Akron Togliatti,0,1
2025-10-18,4649257,RU1,2025,domestic_league,75231,16704,Dinamo Makhachkala,FK Krasnodar,0,2
2025-10-18,4665023,GR1,2025,domestic_league,4603,683,Athlitiki Enosi Larisas,Olympiakos Syndesmos Filathlon Peiraios,0,2
2025-10-18,4665025,GR1,2025,domestic_league,3060,2672,APS Atromitos Athinon,APO Levadiakos Football Club,2,2
2025-10-18,4665027,GR1,2025,domestic_league,6418,653,Panetolikos Agrinio,Omilos Filathlon Irakliou FC,4,2
2025-10-18,4693316,COL1,2025,,10093,32041,Independiente Medellín,Fortaleza CEIF,3,1
2025-10-18,4693317,COL1,2025,,14680,7136,Unión Magdalena,Envigado FC,3,1
2025-10-18,4693318,COL1,2025,,10090,8172,Asociación Deportivo Pasto,Atlético Nacional,2,2
2025-10-18,4693319,COL1,2025,,20590,22902,Rionegro Águilas,Alianza FC,1,0
2025-10-18,4693321,COL1,2025,,14649,11648,Boyacá Chicó FC,Independiente Santa Fe,0,0
2025-10-18,4706121,SA1,2025,domestic_league,7732,1114,Al-Ettifaq Football Club,Al-Hilal Saudi Football Club,0,5
2025-10-18,4706122,SA1,2025,domestic_league,71665,9131,Al-Okhdood Club,Al-Hazem Sport Club,1,2
2025-10-18,4706124,SA1,2025,domestic_league,18544,27221,Al-Nassr Football Club,Al-Fateh Club,5,1
2025-10-18,4727278,AUS1,2025,domestic_league,36100,25580,Western Sydney Wanderers,Melbourne City FC,1,1
2025-10-18,4727279,AUS1,2025,domestic_league,7006,118373,Melbourne Victory,Auckland FC,0,0
2025-10-18,4727280,AUS1,2025,domestic_league,970,8445,Perth Glory,Wellington Phoenix,2,2
2025-10-19,4522723,NO1,2024,domestic_league,4309,76,Hamarkameratene,Vålerengens Idrettsforening,2,1
2025-10-19,4522724,NO1,2024,domestic_league,23184,21101,KFUM-Kameratene Oslo,Kristiansund Ballklubb,1,1
2025-10-19,4522725,NO1,2024,domestic_league,687,6399,Molde Fotballklubb,Sandefjord Fotball,1,3
2025-10-19,4522727,NO1,2024,domestic_league,2817,3837,Strømsgodset IF,Fredrikstad Fotballklubb,0,3
2025-10-19,4522728,NO1,2024,domestic_league,1293,239,Tromsø Idrettslag,Viking Fotballklubb,1,3
2025-10-19,4530570,JAP1,2024,domestic_league,8457,593,Shonan Bellmare,Kyoto Purple Sanga,1,1
2025-10-19,4550395,SE1,2024,domestic_league,1059,272,Hammarby IF,Allmänna Idrottsklubben,2,1
2025-10-19,4550396,SE1,2024,domestic_league,1101,1236,Idrottsföreningen Elfsborg,Östers IF,5,1
2025-10-19,4550397,SE1,2024,domestic_league,7009,1044,Göteborgs Atlet- och Idrottssällskap,Djurgårdens Idrottsförening,3,2
2025-10-19,4550402,SE1,2024,domestic_league,3622,1092,IFK Värnamo,Idrottsföreningen  Brommapojkarna,1,1
2025-10-19,4582263,BRA1,2024,domestic_league,614,1023,Clube de Regatas do Flamengo,Sociedade Esportiva Palmeiras,3,2
2025-10-19,4582283,BRA1,2024,domestic_league,3876,585,Mirasol Futebol Clube,São Paulo Futebol Clube,3,0
2025-10-19,4582293,BRA1,2024,domestic_league,609,10870,Cruzeiro Esporte Clube,Fortaleza Esporte Clube,1,0
2025-10-19,4582303,BRA1,2024,domestic_league,6600,8718,Sport Club Internacional,Sport Club do Recife,2,0
2025-10-19,4582318,BRA1,2024,domestic_league,2029,537,Ceará Sporting Club,S. A. F. Botafogo,0,2
2025-10-19,4587246,MLS1,2024,domestic_league,1247,51828,Colorado Rapids,Los Angeles Football Club,2,2
2025-10-19,4587247,MLS1,2024,domestic_league,4284,9168,Sporting Kansas City,Houston Dynamo,0,0
2025-10-19,4587248,MLS1,2024,domestic_league,1061,56089,Los Angeles Galaxy,Minnesota United FC,2,1
2025-10-19,4587249,MLS1,2024,domestic_league,4291,114977,Portland Timbers,San Diego Football Club,0,4
2025-10-19,4587250,MLS1,2024,domestic_league,218,72309,San Jose Earthquakes,Austin FC,2,1
2025-10-19,4587251,MLS1,2024,domestic_league,82686,6643,St. Louis City Soccer Club,Real Salt Lake,2,2
2025-10-19,4587252,MLS1,2024,domestic_league,6321,8816,Vancouver Whitecaps FC,FC Dallas,1,2
2025-10-19,4620747,IT1,2025,domestic_league,800,398,Atalanta BC,Società Sportiva Lazio S.p.A.,0,0
2025-10-19,4620748,IT1,2025,domestic_league,1390,1025,Cagliari Calcio,Bologna Football Club 1909,0,2
2025-10-19,4620749,IT1,2025,domestic_league,1047,506,Como 1907,Juventus FC,2,0
2025-10-19,4620751,IT1,2025,domestic_league,252,130,Genoa CFC,Parma Calcio 1913,0,0
2025-10-19,4620753,IT1,2025,domestic_league,5,430,AC Milan,ACF Fiorentina,2,1
2025-10-19,4623849,PL1,2025,domestic_league,238,324,Lech Poznan,Pogon Szczecin,2,2
2025-10-19,4623851,PL1,2025,domestic_league,6112,4000,Piast Gliwice,Lechia Gdansk,1,2
2025-10-19,4623854,PL1,2025,domestic_league,168,255,Zaglebie Lubin,Legia Warszawa,3,1
2025-10-19,4624612,TS1,2025,domestic_league,377,1897,FC Baník Ostrava a.s.,FC Hradec Kralove,0,1
2025-10-19,4624616,TS1,2025,domestic_league,1322,450,FK Jablonec,FK Dukla Prague,0,0
2025-10-19,4624617,TS1,2025,domestic_league,5544,197,1.FC Slovacko,AC Sparta Prague,0,0
2025-10-19,4625302,KR1,2025,domestic_league,24575,599,HNK Gorica,NK Varazdin,1,3
2025-10-19,4625303,KR1,2025,domestic_league,999,447,NK Istra 1961,HNK Hajduk Split,0,3
2025-10-19,4625848,GB1,2025,domestic_league,31,985,Liverpool FC,Manchester United,1,2
2025-10-19,4625852,GB1,2025,domestic_league,148,405,Tottenham Hotspur,Aston Villa,1,2
2025-10-19,4627284,C1,2025,domestic_league,504,321,Grasshopper Club Zurich,FC Sion,0,1
2025-10-19,4627285,C1,2025,domestic_league,434,527,FC Luzern,Football Club Lausanne-Sport,2,2
2025-10-19,4627286,C1,2025,domestic_league,452,257,BSC Young Boys,FC St. Gallen 1879,1,2
2025-10-19,4634183,L1,2025,domestic_league,60,24,SC Freiburg,Eintracht Frankfurt,2,2
2025-10-19,4634188,L1,2025,domestic_league,35,533,FC St. Pauli,TSG 1899 Hoffenheim,0,3
2025-10-19,4635072,FR1,2025,domestic_league,415,347,FC Toulouse,FC Metz,4,0
2025-10-19,4635073,FR1,2025,domestic_league,826,10004,RC Lens,Paris FC,2,1
2025-10-19,4635074,FR1,2025,domestic_league,1158,3911,FC Lorient,Stade Brestois 29,3,3
2025-10-19,4635076,FR1,2025,domestic_league,995,1082,FC Nantes,LOSC Lille,0,2
2025-10-19,4635077,FR1,2025,domestic_league,273,290,Stade Rennais FC,AJ Auxerre,2,2
2025-10-19,4638768,SC1,2025,domestic_league,511,371,Dundee FC,Celtic FC,2,0
2025-10-19,4640878,SER1,2025,domestic_league,15276,7567,FK Spartak Subotica,FK Radnicki Nis,2,0
2025-10-19,4640879,SER1,2025,domestic_league,159,32113,Red Star Belgrade,FK IMT Belgrad,6,1
2025-10-19,4640883,SER1,2025,domestic_league,6622,59358,FK Mladost Lucani,FK Zeleznicar Pancevo,2,1
2025-10-19,4640884,SER1,2025,domestic_league,6621,4633,FK Cukaricki,FK Novi Pazar,1,1
2025-10-19,4641250,BE1,2025,domestic_league,3508,157,Zulte Waregem,KAA Gent,4,1
2025-10-19,4641251,BE1,2025,domestic_league,520,1184,Cercle Brugge,KRC Genk,2,2
2025-10-19,4641253,BE1,2025,domestic_league,475,58,Sint-Truidense VV,RSC Anderlecht,2,2
2025-10-19,4641254,BE1,2025,domestic_league,9010,354,FCV Dender EH,KV Mechelen,1,3
2025-10-19,4641484,NL1,2025,domestic_league,1304,234,Heracles Almelo,Feyenoord Rotterdam,0,7
2025-10-19,4641489,NL1,2025,domestic_league,202,468,FC Groningen,Sparta Rotterdam,0,2
2025-10-19,4641490,NL1,2025,domestic_league,798,385,Excelsior Rotterdam,Fortuna Sittardia Combinatie,1,0
2025-10-19,4641491,NL1,2025,domestic_league,1434,306,SC Telstar,SC Heerenveen,2,3
2025-10-19,4642928,A1,2025,domestic_league,409,3551,Fußballclub Red Bull Salzburg,Sportclub Rheindorf Altach,2,2
2025-10-19,4642929,A1,2025,domestic_league,170,413,Rapid Vienna,LASK,0,2
2025-10-19,4642931,A1,2025,domestic_league,2157,122,FC Blau-Weiss Linz,Sportklub Puntigamer Sturm Graz,3,4
2025-10-19,4645598,ES1,2025,domestic_league,940,681,Celta de Vigo,Real Sociedad,1,1
2025-10-19,4645599,ES1,2025,domestic_league,3709,418,Getafe CF,Real Madrid,0,1
2025-10-19,4645600,ES1,2025,domestic_league,3368,367,Levante UD,Rayo Vallecano,0,3
2025-10-19,4645601,ES1,2025,domestic_league,1531,621,Elche CF,Athletic Bilbao,0,0
2025-10-19,4646084,UKR1,2025,domestic_league,26459,18303,NK Veres Rivne,FC Oleksandriya,1,1
2025-10-19,4646085,UKR1,2025,domestic_league,85465,84122,Karpaty Lviv,Epicentr Kamyanets-Podilskyi,1,3
2025-10-19,4646086,UKR1,2025,domestic_league,63007,48332,LNZ Cherkasy,Kolos Kovalivka,1,0
2025-10-19,4647842,TR1,2025,domestic_league,11282,1467,Alanyaspor,Göztepe,1,0
2025-10-19,4647844,TR1,2025,domestic_league,2832,589,Gaziantep FK,Antalyaspor,3,2
2025-10-19,4647845,TR1,2025,domestic_league,36,6646,Fenerbahce,Fatih Karagümrük,2,1
2025-10-19,4647847,TR1,2025,domestic_league,3205,152,Kayserispor,Samsunspor,1,3
2025-10-19,4648289,DK1,2025,domestic_league,865,443,FC Midtjylland,Vejle Boldklub,5,1
2025-10-19,4648290,DK1,2025,domestic_league,2778,5724,FC Nordsjaelland,Randers FC,1,0
2025-10-19,4648291,DK1,2025,domestic_league,206,678,Bröndby IF,Aarhus GF,3,3
2025-10-19,4648294,DK1,2025,domestic_league,1063,173,Viborg FF,Odense Boldklub,1,2
2025-10-19,4649027,RO1,2025,domestic_league,952,4959,UTA Arad,SC Otelul Galati,0,4
2025-10-19,4649032,RO1,2025,domestic_league,312,455,FC Dinamo 1948,FC Rapid 1923,0,2
2025-10-19,4649253,RU1,2025,domestic_league,121,3725,FK Dinamo Moskva,RFK Akhmat Grozny,2,2
2025-10-19,4649255,RU1,2025,domestic_league,2698,2741,FC Rubin Kazan,FK Baltika,0,3
2025-10-19,4649258,RU1,2025,domestic_league,41231,964,FK Sochi,AO FK Zenit Sankt-Peterburg,0,3
2025-10-19,4665021,GR1,2025,domestic_league,2441,1091,Athlitiki Enosi Konstantinoupoleos,Panthessalonikios Athlitikos Omilos Konstantinoupoliton,0,2
2025-10-19,4665022,GR1,2025,domestic_league,6676,30120,A.G.S Asteras Tripolis,Athlitiki Enosi Kifisias,2,2
2025-10-19,4665024,GR1,2025,domestic_league,605,265,Aris Thessalonikis,Panathinaikos Athlitikos Omilos,1,1
2025-10-19,4665026,GR1,2025,domestic_league,60949,3385,Volou Neos Podosferikos Syllogos,Panserraikos Serres,2,1
2025-10-19,4693320,COL1,2025,,11854,9811,Junior FC,Deportivo Pereira,3,2
2025-10-19,4693323,COL1,2025,,38628,6984,Llaneros FC,Once Caldas,2,0
2025-10-19,4693324,COL1,2025,,9961,2352,Deportivo Cali,CD América de Cali,0,2
2025-10-19,4706125,SA1,2025,domestic_league,6070,31008,Al-Khaleej Club (Saihat),Al-Riyadh Saudi Club,4,1
2025-10-19,4706126,SA1,2025,domestic_league,28844,50532,Al-Taawoun Football Club,Damac Football Club,6,1
2025-10-19,4706127,SA1,2025,domestic_league,34911,26069,Neom Sports Club,Al-Qadsiah Saudi Football Club,1,3
2025-10-19,4727281,AUS1,2025,domestic_league,6954,5551,Central Coast Mariners,Newcastle United Jets,3,2
2025-10-20,4550398,SE1,2024,domestic_league,801,2719,Idrottsföreningen Kamraterna Göteborg,Mjällby Almänna Idrottsförening,0,2
2025-10-20,4550401,SE1,2024,domestic_league,3641,1011,Degerfors IF,Halmstads BK,0,1
2025-10-20,4582268,BRA1,2024,domestic_league,978,2462,Club de Regatas Vasco da Gama,Fluminense Football Club,2,0
2025-10-20,4582311,BRA1,2024,domestic_league,10010,210,Esporte Clube Bahia,Grêmio Foot-Ball Porto Alegrense,4,0
2025-10-20,4582326,BRA1,2024,domestic_league,10492,8793,Esporte Clube Juventude,Red Bull Bragantino,1,0
2025-10-20,4620750,IT1,2025,domestic_league,2239,410,US Cremonese,Udinese Calcio,1,1
2025-10-20,4623853,PL1,2025,domestic_league,2118,15906,Wisla Plock,Termalica Bruk-Bet Nieciecza Klub Sportowy,3,1
2025-10-20,4625853,GB1,2025,domestic_league,379,1148,West Ham United,Brentford FC,0,2
2025-10-20,4641248,BE1,2025,domestic_league,3057,1096,Standard Liège,Royal Antwerp FC,1,0
2025-10-20,4645595,ES1,2025,domestic_league,1108,1049,Deportivo Alavés,Valencia CF,0,0
2025-10-20,4646089,UKR1,2025,domestic_league,87883,55686,FC Kudrivka,TOV FK Metalist 1925 Kharkiv,1,1
2025-10-20,4647839,TR1,2025,domestic_league,7160,10484,Eyüpspor,Kasimpasa,2,0
2025-10-20,4648293,DK1,2025,domestic_league,5817,5776,Sönderjyske Fodbold,FC Fredericia,3,0
2025-10-20,4649029,RO1,2025,domestic_league,58049,37255,FC Hermannstadt,FK Csikszereda Miercurea Ciuc,0,2
2025-10-20,4649030,RO1,2025,domestic_league,9465,7769,Petrolul Ploiesti,CFR Cluj,1,0
2025-10-21,4582279,BRA1,2024,domestic_league,221,2125,Santos Futebol Clube,Esporte Clube Vitória,0,1
2025-10-21,4650554,RUP,2025,domestic_cup,75231,232,Dinamo Makhachkala,FK Spartak Moskva,1,3
2025-10-21,4650557,RUP,2025,domestic_cup,2410,71985,PFK CSKA Moskva,Akron Togliatti,3,2
2025-10-21,4693300,COL1,2025,,10093,11648,Independiente Medellín,Independiente Santa Fe,1,1
2025-10-21,4693322,COL1,2025,,17425,10503,Internacional de Bogotá,Deportes Tolima,0,2
2025-10-21,4715012,CL,2025,international_cup,131,683,FC Barcelona,Olympiakos Syndesmos Filathlon Peiraios,6,1
2025-10-21,4715015,CL,2025,international_cup,11,13,Arsenal FC,Atlético de Madrid,4,0
2025-10-21,4715018,CL,2025,international_cup,15,583,Bayer 04 Leverkusen,Paris Saint-Germain,2,7
2025-10-21,4715034,CL,2025,international_cup,1050,281,Villarreal CF,Manchester City,0,2
2025-10-21,4715062,CL,2025,international_cup,383,6195,PSV Eindhoven,SSC Napoli,6,2
2025-10-21,4715109,CL,2025,international_cup,190,16,FC Copenhagen,Borussia Dortmund,2,4
2025-10-21,4715121,CL,2025,international_cup,3948,46,Union Saint-Gilloise,Inter Milan,0,4
2025-10-21,4715134,CL,2025,international_cup,762,294,Newcastle United,SL Benfica,3,0
2025-10-21,4715144,CL,2025,international_cup,10482,45457,Kairat Almaty,Pafos FC,0,0
2025-10-22,4582177,BRA1,2024,domestic_league,10010,6600,Esporte Clube Bahia,Sport Club Internacional,1,0
2025-10-22,4624563,TS1,2025,domestic_league,715,5546,"Bohemians Praha 1905, a.s.",FK Mlada Boleslav,1,1
2025-10-22,4646358,TR1,2025,domestic_league,2293,114,Konyaspor,Beşiktaş Jimnastik Kulübü,0,2
2025-10-22,4646364,TR1,2025,domestic_league,126,6890,Caykur Rizespor,Basaksehir FK,0,0
2025-10-22,4650550,RUP,2025,domestic_cup,964,14589,AO FK Zenit Sankt-Peterburg,FC Orenburg,6,0
2025-10-22,4650551,RUP,2025,domestic_cup,2698,3725,FC Rubin Kazan,RFK Akhmat Grozny,7,6
2025-10-22,4650553,RUP,2025,domestic_cup,121,2696,FK Dinamo Moskva,PFK Krylya Sovetov Samara,4,0
2025-10-22,4650555,RUP,2025,domestic_cup,1083,49702,FK Rostov,FK Nizhny Novgorod,4,1
2025-10-22,4693325,COL1,2025,,2350,6495,Millonarios FC,Atlético Bucaramanga,1,1
2025-10-22,4714979,CL,2025,international_cup,418,506,Real Madrid,Juventus FC,1,0
2025-10-22,4714987,CL,2025,international_cup,27,2282,Bayern Munich,Club Brugge KV,4,0
2025-10-22,4715004,CL,2025,international_cup,631,610,Chelsea FC,Ajax Amsterdam,5,1
2025-10-22,4715006,CL,2025,international_cup,24,31,Eintracht Frankfurt,Liverpool FC,1,5
2025-10-22,4715038,CL,2025,international_cup,336,244,Sporting CP,Olympique Marseille,2,1
2025-10-22,4715057,CL,2025,international_cup,162,148,AS Monaco,Tottenham Hotspur,0,0
2025-10-22,4715119,CL,2025,international_cup,141,501,Galatasaray,Fotballklubben Bodø/Glimt,3,1
2025-10-22,4715132,CL,2025,international_cup,621,10625,Athletic Bilbao,Qarabağ FK,3,1
2025-10-22,4715139,CL,2025,international_cup,800,62,Atalanta BC,SK Slavia Prague,0,0
2025-10-22,4737018,DKP,2025,domestic_cup,5866,173,Brönshöj Boldklub,Odense Boldklub,0,3
2025-10-23,4650552,RUP,2025,domestic_cup,16704,41231,FK Krasnodar,FK Sochi,3,0
2025-10-23,4650556,RUP,2025,domestic_cup,2741,932,FK Baltika,"Футбольный клуб ""Локомотив"" Москва",1,2
2025-10-23,4706155,SA1,2025,domestic_league,31008,91427,Al-Riyadh Saudi Club,Al-Kholood Club,1,0
2025-10-23,4706156,SA1,2025,domestic_league,50531,28844,Al-Fayha FC,Al-Taawoun Football Club,1,2
2025-10-23,4706157,SA1,2025,domestic_league,32328,18487,Al-Najma Sport Club,Al-Ahli Saudi Football Club,0,1
2025-10-23,4715916,EL,2025,other,12,941,Associazione Sportiva Roma,FC Viktoria Plzen,1,2
2025-10-23,4715930,EL,2025,other,234,265,Feyenoord Rotterdam,Panathinaikos Athlitikos Omilos,3,1
2025-10-23,4715932,EL,2025,other,1082,1091,LOSC Lille,Panthessalonikios Athlitikos Omilos Konstantinoupoliton,3,4
2025-10-23,4715944,EL,2025,other,409,279,Fußballclub Red Bull Salzburg,Ferencvárosi TC,2,3
2025-10-23,4715954,EL,2025,other,36,79,Fenerbahce,VfB Stuttgart,1,0
2025-10-23,4715956,EL,2025,other,1075,159,SC Braga,Red Star Belgrade,2,0
2025-10-23,4715965,EL,2025,other,1041,26,Olympique Lyon,FC Basel 1893,2,0
2025-10-23,4715981,EL,2025,other,371,122,Celtic FC,Sportklub Puntigamer Sturm Graz,2,1
2025-10-23,4715985,EL,2025,other,119,865,Maccabi Tel Aviv,FC Midtjylland,0,3
2025-10-23,4715989,EL,2025,other,452,31614,BSC Young Boys,Ludogorets Razgrad,3,2
2025-10-23,4715998,EL,2025,other,60,200,SC Freiburg,FC Utrecht,2,0
2025-10-23,4716003,EL,2025,other,703,720,Nottingham Forest,FC Porto,2,0
2025-10-23,4716014,EL,2025,other,301,1025,FCSB,Bologna Football Club 1909,1,2
2025-10-23,4716025,EL,2025,other,940,417,Celta de Vigo,OGC Nice,2,1
2025-10-23,4716035,EL,2025,other,496,419,Malmö Fotbollförening,GNK Dinamo Zagreb,1,1
2025-10-23,4716039,EL,2025,other,1435,405,Go Ahead Eagles,Aston Villa,2,1
2025-10-23,4716047,EL,2025,other,1184,150,KRC Genk,Real Betis Balompié,0,0
2025-10-23,4716051,EL,2025,other,1100,124,Sportsklubben Brann,Rangers FC,3,0
2025-10-23,4716073,UCOL,2025,other,1090,540,AZ Alkmaar,Slovan Bratislava,1,0
2025-10-23,4716076,UCOL,2025,other,660,255,FC Shakhtar Donetsk,Legia Warszawa,1,2
2025-10-23,4716082,UCOL,2025,other,170,430,Rapid Vienna,ACF Fiorentina,0,3
2025-10-23,4716096,UCOL,2025,other,873,2156,Crystal Palace,AEK Larnaca,0,1
2025-10-23,4716104,UCOL,2025,other,3258,710,Shamrock Rovers,NK Celje,0,2
2025-10-23,4716110,UCOL,2025,other,39,6808,1.FSV Mainz 05,HSK Zrinjski Mostar,1,0
2025-10-23,4716113,UCOL,2025,other,667,2300,RC Strasbourg Alsace,Jagiellonia Bialystok,1,1
2025-10-23,4716127,UCOL,2025,other,38204,238,Lincoln Red Imps FC,Lech Poznan,2,1
2025-10-23,4716134,UCOL,2025,other,2441,370,Athlitiki Enosi Konstantinoupoleos,Aberdeen FC,6,0
2025-10-23,4716140,UCOL,2025,other,33741,829,FC Drita,Omonia Nicosia,1,1
2025-10-23,4716143,UCOL,2025,other,3737,6251,Breidablik Kópavogur,Kuopion Palloseura,0,0
2025-10-23,4716147,UCOL,2025,other,2311,9644,"SK Sigma Olomouc, a.s.",Raków Częstochowa,1,1
2025-10-23,4716148,UCOL,2025,other,152,338,Samsunspor,Dynamo Kyiv,3,0
2025-10-23,4716159,UCOL,2025,other,1167,3909,Shkendija Tetovo,Shelbourne FC,1,0
2025-10-23,4716160,UCOL,2025,other,1109,367,BK Häcken,Rayo Vallecano,2,2
2025-10-23,4716168,UCOL,2025,other,40812,60368,Universitatea Craiova,FC Noah Yerevan,1,1
2025-10-23,4716171,UCOL,2025,other,17149,527,Hamrun Spartans,Football Club Lausanne-Sport,0,1
2025-10-24,4620760,IT1,2025,domestic_league,5,4172,AC Milan,Pisa Sporting Club,2,2
2025-10-24,4623856,PL1,2025,domestic_league,15906,168,Termalica Bruk-Bet Nieciecza Klub Sportowy,Zaglebie Lubin,1,1
2025-10-24,4623860,PL1,2025,domestic_league,3527,88,Motor Lublin Spółka Akcyjna,Widzew Lodz,3,0
2025-10-24,4625860,GB1,2025,domestic_league,399,379,Leeds United,West Ham United,2,1
2025-10-24,4634194,L1,2025,domestic_league,86,89,SV Werder Bremen,1.FC Union Berlin,1,0
2025-10-24,4635084,FR1,2025,domestic_league,10004,995,Paris FC,FC Nantes,1,2
2025-10-24,4640757,SER1,2025,domestic_league,4633,8819,FK Novi Pazar,FK Javor-Matis Ivanjica,1,2
2025-10-24,4640759,SER1,2025,domestic_league,669,6622,FK Partizan Belgrade,FK Mladost Lucani,3,0
2025-10-24,4640761,SER1,2025,domestic_league,788,448,FK Napredak Krusevac,FK Vojvodina Novi Sad,1,4
2025-10-24,4641262,BE1,2025,domestic_league,172,58,Royal Charleroi Sporting Club,RSC Anderlecht,1,0
2025-10-24,4641646,NL1,2025,domestic_league,306,132,SC Heerenveen,NAC Breda,3,3
2025-10-24,4645557,ES1,2025,domestic_league,681,368,Real Sociedad,Sevilla FC,2,1
2025-10-24,4646067,UKR1,2025,domestic_league,18303,84122,FC Oleksandriya,Epicentr Kamyanets-Podilskyi,0,1
2025-10-24,4646069,UKR1,2025,domestic_league,26459,10690,NK Veres Rivne,Zorya Lugansk,0,0
2025-10-24,4647853,TR1,2025,domestic_league,6646,3205,Fatih Karagümrük,Kayserispor,2,2
2025-10-24,4648391,DK1,2025,domestic_league,678,2778,Aarhus GF,FC Nordsjaelland,1,0
2025-10-24,4648729,PO1,2025,domestic_league,2521,2424,FC Alverca,Gil Vicente FC,0,4
2025-10-24,4649038,RO1,2025,domestic_league,37255,9465,FK Csikszereda Miercurea Ciuc,Petrolul Ploiesti,1,1
2025-10-24,4649040,RO1,2025,domestic_league,41278,312,ACSC FC Arges,FC Dinamo 1948,1,1
2025-10-24,4693330,COL1,2025,,22902,17425,Alianza FC,Internacional de Bogotá,2,0
2025-10-24,4704401,KR1,2025,domestic_league,24575,447,HNK Gorica,HNK Hajduk Split,1,3
2025-10-24,4706158,SA1,2025,domestic_league,27221,7732,Al-Fateh Club,Al-Ettifaq Football Club,2,1
2025-10-24,4706159,SA1,2025,domestic_league,34911,6070,Neom Sports Club,Al-Khaleej Club (Saihat),1,1
2025-10-24,4706160,SA1,2025,domestic_league,8023,1114,Al-Ittihad Football Club,Al-Hilal Saudi Football Club,0,2
2025-10-24,4716121,UCOL,2025,other,144,197,HNK Rijeka,AC Sparta Prague,1,0
2025-10-24,4727228,AUS1,2025,domestic_league,5551,7006,Newcastle United Jets,Melbourne Victory,5,2
2025-10-24,4738976,SFA,2025,domestic_cup,85489,5660,Bo'ness Athletic FC,Linlithgow Rose FC,0,2
2025-10-24,4738982,SFA,2025,domestic_cup,23613,6400,Formartine United FC,Buckie Thistle FC,0,2
2025-10-25,4522780,NO1,2024,domestic_league,10217,23184,Sarpsborg 08 Fotballforening,KFUM-Kameratene Oslo,2,1
2025-10-25,4522790,NO1,2024,domestic_league,239,1057,Viking Fotballklubb,Bryne FK,5,1
2025-10-25,4530575,JAP1,2024,domestic_league,828,23568,Urawa Red Diamonds,Zelvia,0,0
2025-10-25,4530576,JAP1,2024,domestic_league,6632,943,Hitachi Kashiwa Reysol,Yokohama FC,2,0
2025-10-25,4530577,JAP1,2024,domestic_league,6631,22171,Tokyo Football Club,Fagiano Okayama Sports Club,3,1
2025-10-25,4530578,JAP1,2024,domestic_league,3828,2697,Yokohama Marinos,Sanfrecce Hiroshima,3,0
2025-10-25,4530580,JAP1,2024,domestic_league,1062,3734,S-Pulse,Tokyo Verdy,1,0
2025-10-25,4530581,JAP1,2024,domestic_league,1066,596,Nagoya Grampus Eight,Gamba Osaka,0,2
2025-10-25,4530582,JAP1,2024,domestic_league,593,2241,Kyoto Purple Sanga,Kashima Antlers FC,1,1
2025-10-25,4530583,JAP1,2024,domestic_league,1022,9598,Cerezo Osaka,Kawasaki Frontale,2,0
2025-10-25,4550404,SE1,2024,domestic_league,1044,3622,Djurgårdens Idrottsförening,IFK Värnamo,6,2
2025-10-25,4550406,SE1,2024,domestic_league,1236,3641,Östers IF,Degerfors IF,1,2
2025-10-25,4582287,BRA1,2024,domestic_league,2462,6600,Fluminense Football Club,Sport Club Internacional,1,0
2025-10-25,4582319,BRA1,2024,domestic_league,10870,614,Fortaleza Esporte Clube,Clube de Regatas do Flamengo,1,0
2025-10-25,4582333,BRA1,2024,domestic_league,330,2029,Clube Atlético Mineiro,Ceará Sporting Club,1,0
2025-10-25,4582340,BRA1,2024,domestic_league,2125,199,Esporte Clube Vitória,Sport Club Corinthians Paulista,0,1
2025-10-25,4582345,BRA1,2024,domestic_league,8718,3876,Sport Club do Recife,Mirasol Futebol Clube,1,2
2025-10-25,4620757,IT1,2025,domestic_league,2239,800,US Cremonese,Atalanta BC,1,1
2025-10-25,4620761,IT1,2025,domestic_league,6195,46,SSC Napoli,Inter Milan,3,1
2025-10-25,4620762,IT1,2025,domestic_league,130,1047,Parma Calcio 1913,Como 1907,0,0
2025-10-25,4620765,IT1,2025,domestic_league,410,1005,Udinese Calcio,US Lecce,3,2
2025-10-25,4623855,PL1,2025,domestic_league,6107,6112,Morski Związkowy Klub Sportowy Arka Gdynia Spółka Akcyjna,Piast Gliwice,2,1
2025-10-25,4623857,PL1,2025,domestic_league,6456,6110,GKS GieKSa Katowice Spółka Akcyjna,Korona Kielce,1,0
2025-10-25,4623861,PL1,2025,domestic_league,324,5689,Pogon Szczecin,Cracovia,2,1
2025-10-25,4624620,TS1,2025,domestic_league,450,5544,FK Dukla Prague,1.FC Slovacko,1,0
2025-10-25,4624622,TS1,2025,domestic_league,697,1322,FC Slovan Liberec,FK Jablonec,0,2
2025-10-25,4624624,TS1,2025,domestic_league,5545,1496,FC Zlin,FK Pardubice,2,2
2025-10-25,4624626,TS1,2025,domestic_league,1897,814,FC Hradec Kralove,FK Teplice,0,0
2025-10-25,4624627,TS1,2025,domestic_league,5546,13726,FK Mlada Boleslav,MFK Karvina,2,4
2025-10-25,4625306,KR1,2025,domestic_league,11194,999,NK Lokomotiva Zagreb,NK Istra 1961,1,2
2025-10-25,4625308,KR1,2025,domestic_league,599,2362,NK Varazdin,Slaven Belupo Koprivnica,1,3
2025-10-25,4625857,GB1,2025,domestic_league,1148,31,Brentford FC,Liverpool FC,3,2
2025-10-25,4625858,GB1,2025,domestic_league,631,289,Chelsea FC,Sunderland AFC,1,2
2025-10-25,4625861,GB1,2025,domestic_league,985,1237,Manchester United,Brighton & Hove Albion,4,2
2025-10-25,4625862,GB1,2025,domestic_league,762,931,Newcastle United,Fulham FC,2,1
2025-10-25,4627293,C1,2025,domestic_league,321,938,FC Sion,FC Thun,0,1
2025-10-25,4627294,C1,2025,domestic_league,242,434,FC Winterthur,FC Luzern,2,2
2025-10-25,4627295,C1,2025,domestic_league,257,504,FC St. Gallen 1879,Grasshopper Club Zurich,5,0
2025-10-25,4634192,L1,2025,domestic_league,24,35,Eintracht Frankfurt,FC St. Pauli,2,0
2025-10-25,4634193,L1,2025,domestic_league,16,3,Borussia Dortmund,1.FC Köln,1,0
2025-10-25,4634196,L1,2025,domestic_league,18,27,Borussia Mönchengladbach,Bayern Munich,0,3
2025-10-25,4634197,L1,2025,domestic_league,167,23826,FC Augsburg,RB Leipzig,0,6
2025-10-25,4634198,L1,2025,domestic_league,533,2036,TSG 1899 Hoffenheim,1. Fußballclub Heidenheim 1846,3,1
2025-10-25,4634199,L1,2025,domestic_league,41,82,Hamburger SV,VfL Wolfsburg,0,1
2025-10-25,4635080,FR1,2025,domestic_league,162,415,AS Monaco,FC Toulouse,1,0
2025-10-25,4635085,FR1,2025,domestic_league,826,244,RC Lens,Olympique Marseille,2,1
2025-10-25,4635086,FR1,2025,domestic_league,3911,583,Stade Brestois 29,Paris Saint-Germain,0,3
2025-10-25,4638787,SC1,2025,domestic_league,1519,465,Dundee United FC,St. Mirren FC,3,1
2025-10-25,4638788,SC1,2025,domestic_league,1191,511,Falkirk FC,Dundee FC,2,1
2025-10-25,4638790,SC1,2025,domestic_league,1241,987,Livingston FC,Motherwell FC,1,2
2025-10-25,4640758,SER1,2025,domestic_league,59358,6621,FK Zeleznicar Pancevo,FK Cukaricki,1,0
2025-10-25,4640760,SER1,2025,domestic_league,4645,3137,FK Radnicki 1923 Kragujevac,FK TSC Backa Topola,2,1
2025-10-25,4640762,SER1,2025,domestic_league,32113,53,FK IMT Belgrad,OFK Beograd,1,1
2025-10-25,4640764,SER1,2025,domestic_league,33328,15276,FK Radnik Surdulica,FK Spartak Subotica,2,0
2025-10-25,4641257,BE1,2025,domestic_league,157,3057,KAA Gent,Standard Liège,4,0
2025-10-25,4641260,BE1,2025,domestic_league,354,2727,KV Mechelen,Oud-Heverlee Leuven,1,1
2025-10-25,4641261,BE1,2025,domestic_league,968,9010,KVC Westerlo,FCV Dender EH,1,1
2025-10-25,4641647,NL1,2025,domestic_league,385,202,Fortuna Sittardia Combinatie,FC Groningen,1,2
2025-10-25,4641648,NL1,2025,domestic_league,724,1304,FC Volendam,Heracles Almelo,3,0
2025-10-25,4641649,NL1,2025,domestic_league,468,1434,Sparta Rotterdam,SC Telstar,1,0
2025-10-25,4641650,NL1,2025,domestic_league,1269,467,PEC Zwolle,NEC Nijmegen,2,2
2025-10-25,4642935,A1,2025,domestic_league,413,316,LASK,Grazer AK 1902,1,0
2025-10-25,4642938,A1,2025,domestic_league,3551,4467,Sportclub Rheindorf Altach,TSV Hartberg,2,2
2025-10-25,4642939,A1,2025,domestic_league,2446,2157,WSG Tirol,FC Blau-Weiss Linz,2,0
2025-10-25,4645555,ES1,2025,domestic_league,621,3709,Athletic Bilbao,Getafe CF,0,1
2025-10-25,4645556,ES1,2025,domestic_league,12321,2497,Girona FC,Real Oviedo,3,3
2025-10-25,4645558,ES1,2025,domestic_league,1049,1050,Valencia CF,Villarreal CF,0,2
2025-10-25,4645563,ES1,2025,domestic_league,714,1531,RCD Espanyol Barcelona,Elche CF,1,0
2025-10-25,4646068,UKR1,2025,domestic_league,85465,48726,Karpaty Lviv,Rukh Lviv,0,0
2025-10-25,4646071,UKR1,2025,domestic_league,55686,63007,TOV FK Metalist 1925 Kharkiv,LNZ Cherkasy,0,1
2025-10-25,4646073,UKR1,2025,domestic_league,39097,53646,Obolon Kyiv,FK Polissya Zhytomyr,0,4
2025-10-25,4647851,TR1,2025,domestic_league,449,7160,Trabzonspor,Eyüpspor,2,0
2025-10-25,4647857,TR1,2025,domestic_league,120,11282,Kocaelispor,Alanyaspor,2,0
2025-10-25,4648728,PO1,2025,domestic_league,2431,2425,CF Estrela Amadora,Rio Ave FC,1,2
2025-10-25,4648733,PO1,2025,domestic_league,2423,110302,CD Santa Clara,Avs Futebol,2,0
2025-10-25,4648734,PO1,2025,domestic_league,294,8024,SL Benfica,FC Arouca,5,0
2025-10-25,4649036,RO1,2025,domestic_league,4959,6429,SC Otelul Galati,FC Universitatea Cluj,1,2
2025-10-25,4649039,RO1,2025,domestic_league,7769,29831,CFR Cluj,FCV Farul Constanta,0,2
2025-10-25,4649180,RU1,2025,domestic_league,232,14589,FK Spartak Moskva,FC Orenburg,1,0
2025-10-25,4649181,RU1,2025,domestic_league,1083,75231,FK Rostov,Dinamo Makhachkala,1,1
2025-10-25,4649183,RU1,2025,domestic_league,2410,2696,PFK CSKA Moskva,PFK Krylya Sovetov Samara,1,0
2025-10-25,4665028,GR1,2025,domestic_league,30120,6418,Athlitiki Enosi Kifisias,Panetolikos Agrinio,1,1
2025-10-25,4665031,GR1,2025,domestic_league,653,3060,Omilos Filathlon Irakliou FC,APS Atromitos Athinon,1,3
2025-10-25,4665033,GR1,2025,domestic_league,3385,4603,Panserraikos Serres,Athlitiki Enosi Larisas,0,2
2025-10-25,4693327,COL1,2025,,32041,10090,Fortaleza CEIF,Asociación Deportivo Pasto,2,0
2025-10-25,4693328,COL1,2025,,9811,20590,Deportivo Pereira,Rionegro Águilas,1,5
2025-10-25,4693329,COL1,2025,,7136,14649,Envigado FC,Boyacá Chicó FC,0,2
2025-10-25,4693331,COL1,2025,,10503,9961,Deportes Tolima,Deportivo Cali,2,1
2025-10-25,4693332,COL1,2025,,6495,38628,Atlético Bucaramanga,Llaneros FC,2,0
2025-10-25,4693335,COL1,2025,,2352,11854,CD América de Cali,Junior FC,2,1
2025-10-25,4706161,SA1,2025,domestic_league,9840,50532,Al-Shabab Club,Damac Football Club,1,1
2025-10-25,4706162,SA1,2025,domestic_league,26069,71665,Al-Qadsiah Saudi Football Club,Al-Okhdood Club,0,0
2025-10-25,4706163,SA1,2025,domestic_league,9131,18544,Al-Hazem Sport Club,Al-Nassr Football Club,0,2
2025-10-25,4727229,AUS1,2025,domestic_league,118373,36100,Auckland FC,Western Sydney Wanderers,1,0
2025-10-25,4727230,AUS1,2025,domestic_league,25580,970,Melbourne City FC,Perth Glory,4,0
2025-10-25,4727231,AUS1,2025,domestic_league,8054,6954,Sydney FC,Central Coast Mariners,2,0
2025-10-25,4738974,SFA,2025,domestic_cup,6567,24574,Auchinleck Talbot FC,Gretna FC 2008,3,1
2025-10-25,4738975,SFA,2025,domestic_cup,25442,23616,Banks O' Dee FC,Fraserburgh FC,4,0
2025-10-25,4738977,SFA,2025,domestic_cup,3194,14524,Brechin City FC,Dundonald Bluebell JFC,3,1
2025-10-25,4738978,SFA,2025,domestic_cup,17593,6188,Camelon Juniors FC,Johnstone Burgh FC,1,0
2025-10-25,4738979,SFA,2025,domestic_cup,3459,10518,Clachnacuddin FC,Sauchie Juniors FC,2,0
2025-10-25,4738980,SFA,2025,domestic_cup,3457,3000,Clydebank FC,East Stirlingshire FC,3,1
2025-10-25,4738981,SFA,2025,domestic_cup,49189,20603,Cumbernauld Colts FC,Bonnyrigg Rose FC,0,2
2025-10-25,4738983,SFA,2025,domestic_cup,5751,23621,Nairn County FC,Turriff United FC,1,2
2025-10-25,4738984,SFA,2025,domestic_cup,26154,23703,Tranent FC,Dundee North End FC,3,0
2025-10-25,4738985,SFA,2025,domestic_cup,23337,8364,Wick Academy FC,Benburb FC,8,9
2025-10-25,4738986,SFA,2025,domestic_cup,3034,8928,Stranraer FC,Glenafton Athletic FC,4,0
2025-10-25,4738987,SFA,2025,domestic_cup,17602,28457,The Spartans FC,East Kilbride FC,2,1
2025-10-25,4738988,SFA,2025,domestic_cup,8920,3016,Musselburgh Athletic FC,Forfar Athletic FC,1,2
2025-10-25,4738989,SFA,2025,domestic_cup,3028,4223,Elgin City FC,Deveronvale FC,2,1
2025-10-25,4738990,SFA,2025,domestic_cup,3023,6359,Dumbarton FC,Tayport FC,2,0
2025-10-25,4738991,SFA,2025,domestic_cup,2575,3015,Clyde FC,Annan Athletic FC,2,3
2025-10-25,4738992,SFA,2025,domestic_cup,44914,3033,Caledonian Braves FC,Stirling Albion FC,3,4
2025-10-25,4749493,SFA,2025,domestic_cup,12886,23692,Edinburgh City FC,University of Stirling FC,1,0
2025-10-25,4752432,RSK1,2024,domestic_league,6502,6505,Jeonbuk Hyundai Motors,Gimcheon Sangmu Football Club,2,3
2025-10-26,4522745,NO1,2024,domestic_league,501,687,Fotballklubben Bodø/Glimt,Molde Fotballklubb,4,1
2025-10-26,4522748,NO1,2024,domestic_league,2761,1293,FK Haugesund,Tromsø Idrettslag,2,3
2025-10-26,4522753,NO1,2024,domestic_league,21101,4309,Kristiansund Ballklubb,Hamarkameratene,1,3
2025-10-26,4522763,NO1,2024,domestic_league,195,1100,Rosenborg Ballklub,Sportsklubben Brann,2,3
2025-10-26,4522770,NO1,2024,domestic_league,6399,3837,Sandefjord Fotball,Fredrikstad Fotballklubb,0,0
2025-10-26,4522795,NO1,2024,domestic_league,76,2817,Vålerengens Idrettsforening,Strømsgodset IF,2,1
2025-10-26,4530579,JAP1,2024,domestic_league,8344,3958,Albirex Niigata,Rakuten Vissel Kobe,2,2
2025-10-26,4530584,JAP1,2024,domestic_league,9597,8457,Avispa Fukuoka,Shonan Bellmare,1,0
2025-10-26,4550403,SE1,2024,domestic_league,272,1109,Allmänna Idrottsklubben,BK Häcken,2,2
2025-10-26,4550408,SE1,2024,domestic_league,2719,2844,Mjällby Almänna Idrottsförening,IFK Norrköping,2,1
2025-10-26,4550409,SE1,2024,domestic_league,7945,1101,IK Sirius,Idrottsföreningen Elfsborg,4,0
2025-10-26,4550410,SE1,2024,domestic_league,1011,801,Halmstads BK,Idrottsföreningen Kamraterna Göteborg,0,3
2025-10-26,4582298,BRA1,2024,domestic_league,537,221,S. A. F. Botafogo,Santos Futebol Clube,2,2
2025-10-26,4582309,BRA1,2024,domestic_league,1023,609,Sociedade Esportiva Palmeiras,Cruzeiro Esporte Clube,0,0
2025-10-26,4582327,BRA1,2024,domestic_league,8793,978,Red Bull Bragantino,Club de Regatas Vasco da Gama,0,3
2025-10-26,4582337,BRA1,2024,domestic_league,210,10492,Grêmio Foot-Ball Porto Alegrense,Esporte Clube Juventude,3,1
2025-10-26,4582343,BRA1,2024,domestic_league,585,10010,São Paulo Futebol Clube,Esporte Clube Bahia,2,0
2025-10-26,4620758,IT1,2025,domestic_league,430,1025,ACF Fiorentina,Bologna Football Club 1909,2,2
2025-10-26,4620759,IT1,2025,domestic_league,398,506,Società Sportiva Lazio S.p.A.,Juventus FC,1,0
2025-10-26,4620763,IT1,2025,domestic_league,6574,12,US Sassuolo,Associazione Sportiva Roma,0,1
2025-10-26,4620764,IT1,2025,domestic_league,416,252,Torino FC,Genoa CFC,2,1
2025-10-26,4620766,IT1,2025,domestic_league,276,1390,Hellas Verona,Cagliari Calcio,2,2
2025-10-26,4623858,PL1,2025,domestic_league,428,2300,Górnik Zabrze,Jagiellonia Bialystok,2,1
2025-10-26,4623859,PL1,2025,domestic_league,255,238,Legia Warszawa,Lech Poznan,0,0
2025-10-26,4623863,PL1,2025,domestic_league,9644,4000,Raków Częstochowa,Lechia Gdansk,2,1
2025-10-26,4624621,TS1,2025,domestic_league,2311,62,"SK Sigma Olomouc, a.s.",SK Slavia Prague,0,0
2025-10-26,4624625,TS1,2025,domestic_league,941,377,FC Viktoria Plzen,FC Baník Ostrava a.s.,2,0
2025-10-26,4625854,GB1,2025,domestic_league,11,873,Arsenal FC,Crystal Palace,1,0
2025-10-26,4625855,GB1,2025,domestic_league,405,281,Aston Villa,Manchester City,1,0
2025-10-26,4625856,GB1,2025,domestic_league,989,703,AFC Bournemouth,Nottingham Forest,2,0
2025-10-26,4625859,GB1,2025,domestic_league,29,148,Everton FC,Tottenham Hotspur,0,3
2025-10-26,4625863,GB1,2025,domestic_league,543,1132,Wolverhampton Wanderers,Burnley FC,2,3
2025-10-26,4627296,C1,2025,domestic_league,260,452,FC Zürich,BSC Young Boys,2,3
2025-10-26,4627297,C1,2025,domestic_league,527,26,Football Club Lausanne-Sport,FC Basel 1893,5,1
2025-10-26,4627298,C1,2025,domestic_league,61,2790,Servette FC,FC Lugano,2,1
2025-10-26,4634191,L1,2025,domestic_league,15,60,Bayer 04 Leverkusen,SC Freiburg,2,0
2025-10-26,4634195,L1,2025,domestic_league,79,39,VfB Stuttgart,1.FSV Mainz 05,2,1
2025-10-26,4635078,FR1,2025,domestic_league,1041,667,Olympique Lyon,RC Strasbourg Alsace,2,1
2025-10-26,4635079,FR1,2025,domestic_league,1420,1158,Angers SCO,FC Lorient,2,0
2025-10-26,4635081,FR1,2025,domestic_league,273,417,Stade Rennais FC,OGC Nice,1,2
2025-10-26,4635082,FR1,2025,domestic_league,290,738,AJ Auxerre,Le Havre AC,0,1
2025-10-26,4635083,FR1,2025,domestic_league,1082,347,LOSC Lille,FC Metz,6,1
2025-10-26,4638786,SC1,2025,domestic_league,370,903,Aberdeen FC,Hibernian FC,1,2
2025-10-26,4638789,SC1,2025,domestic_league,43,371,Heart of Midlothian FC,Celtic FC,3,1
2025-10-26,4638791,SC1,2025,domestic_league,124,2553,Rangers FC,Kilmarnock FC,3,1
2025-10-26,4640763,SER1,2025,domestic_league,7567,159,FK Radnicki Nis,Red Star Belgrade,0,0
2025-10-26,4641255,BE1,2025,domestic_league,3948,475,Union Saint-Gilloise,Sint-Truidense VV,2,0
2025-10-26,4641256,BE1,2025,domestic_league,1184,3901,KRC Genk,RAAL La Louvière,1,1
2025-10-26,4641258,BE1,2025,domestic_league,1096,2282,Royal Antwerp FC,Club Brugge KV,0,1
2025-10-26,4641259,BE1,2025,domestic_league,520,3508,Cercle Brugge,Zulte Waregem,1,1
2025-10-26,4641651,NL1,2025,domestic_league,317,610,FC Twente Enschede,Ajax Amsterdam,2,3
2025-10-26,4641652,NL1,2025,domestic_league,234,383,Feyenoord Rotterdam,PSV Eindhoven,2,3
2025-10-26,4641653,NL1,2025,domestic_league,1435,798,Go Ahead Eagles,Excelsior Rotterdam,2,0
2025-10-26,4641654,NL1,2025,domestic_league,1090,200,AZ Alkmaar,FC Utrecht,4,1
2025-10-26,4642934,A1,2025,domestic_league,122,4441,Sportklub Puntigamer Sturm Graz,Wolfsberger AC,1,3
2025-10-26,4642936,A1,2025,domestic_league,266,170,SV Ried,Rapid Vienna,0,2
2025-10-26,4642937,A1,2025,domestic_league,14,409,Austria Vienna,Fußballclub Red Bull Salzburg,0,3
2025-10-26,4645559,ES1,2025,domestic_league,367,1108,Rayo Vallecano,Deportivo Alavés,1,0
2025-10-26,4645561,ES1,2025,domestic_league,418,131,Real Madrid,FC Barcelona,2,1
2025-10-26,4645562,ES1,2025,domestic_league,331,940,CA Osasuna,Celta de Vigo,2,3
2025-10-26,4645564,ES1,2025,domestic_league,237,3368,RCD Mallorca,Levante UD,1,1
2025-10-26,4646070,UKR1,2025,domestic_league,81401,48332,SC Poltava,Kolos Kovalivka,2,2
2025-10-26,4646072,UKR1,2025,domestic_league,660,87883,FC Shakhtar Donetsk,FC Kudrivka,4,0
2025-10-26,4646074,UKR1,2025,domestic_league,338,3592,Dynamo Kyiv,Kryvbas Kryvyi Rig,4,0
2025-10-26,4647849,TR1,2025,domestic_league,10484,114,Kasimpasa,Beşiktaş Jimnastik Kulübü,1,1
2025-10-26,4647850,TR1,2025,domestic_league,589,6890,Antalyaspor,Basaksehir FK,0,4
2025-10-26,4647855,TR1,2025,domestic_league,141,1467,Galatasaray,Göztepe,3,1
2025-10-26,4647856,TR1,2025,domestic_league,820,2293,Gençlerbirliği Spor Kulübü,Konyaspor,1,2
2025-10-26,4648392,DK1,2025,domestic_league,190,1063,FC Copenhagen,Viborg FF,0,0
2025-10-26,4648393,DK1,2025,domestic_league,5776,865,FC Fredericia,FC Midtjylland,0,4
2025-10-26,4648394,DK1,2025,domestic_league,5724,5817,Randers FC,Sönderjyske Fodbold,0,0
2025-10-26,4648396,DK1,2025,domestic_league,443,1177,Vejle Boldklub,Silkeborg IF,1,2
2025-10-26,4648727,PO1,2025,domestic_league,1465,982,GD Estoril Praia,CD Nacional,1,1
2025-10-26,4648730,PO1,2025,domestic_league,3329,2420,FC Famalicão,Vitória Guimarães SC,2,0
2025-10-26,4648732,PO1,2025,domestic_league,1075,3268,SC Braga,Casa Pia AC,4,0
2025-10-26,4648735,PO1,2025,domestic_league,7179,336,CD Tondela,Sporting CP,0,3
2025-10-26,4649035,RO1,2025,domestic_league,301,952,FCSB,UTA Arad,4,0
2025-10-26,4649042,RO1,2025,domestic_league,37624,40812,FC Metaloglobus Bucharest,Universitatea Craiova,0,0
2025-10-26,4649179,RU1,2025,domestic_league,964,121,AO FK Zenit Sankt-Peterburg,FK Dinamo Moskva,2,1
2025-10-26,4649182,RU1,2025,domestic_league,16704,2698,FK Krasnodar,FC Rubin Kazan,1,0
2025-10-26,4649185,RU1,2025,domestic_league,49702,2741,FK Nizhny Novgorod,FK Baltika,0,0
2025-10-26,4649186,RU1,2025,domestic_league,71985,932,Akron Togliatti,"Футбольный клуб ""Локомотив"" Москва",1,1
2025-10-26,4665029,GR1,2025,domestic_league,2672,605,APO Levadiakos Football Club,Aris Thessalonikis,1,1
2025-10-26,4665030,GR1,2025,domestic_league,683,2441,Olympiakos Syndesmos Filathlon Peiraios,Athlitiki Enosi Konstantinoupoleos,2,0
2025-10-26,4665032,GR1,2025,domestic_league,265,6676,Panathinaikos Athlitikos Omilos,A.G.S Asteras Tripolis,2,0
2025-10-26,4665034,GR1,2025,domestic_league,1091,60949,Panthessalonikios Athlitikos Omilos Konstantinoupoliton,Volou Neos Podosferikos Syllogos,3,0
2025-10-26,4693326,COL1,2025,,11648,2350,Independiente Santa Fe,Millonarios FC,0,1
2025-10-26,4693333,COL1,2025,,8172,10093,Atlético Nacional,Independiente Medellín,5,2
2025-10-26,4693334,COL1,2025,,6984,14680,Once Caldas,Unión Magdalena,1,0
2025-10-26,4727232,AUS1,2025,domestic_league,8445,7831,Wellington Phoenix,Brisbane Roar,2,1
2025-10-26,4752435,RSK1,2024,domestic_league,3535,6504,Ulsan Hyundai Football Club,Daegu FC,1,1
2025-10-27,4550405,SE1,2024,domestic_league,1092,7009,Idrottsföreningen  Brommapojkarna,Göteborgs Atlet- och Idrottssällskap,0,2
2025-10-27,4550407,SE1,2024,domestic_league,496,1059,Malmö Fotbollförening,Hammarby IF,1,3
2025-10-27,4623862,PL1,2025,domestic_league,7154,2118,Radomiak Radom,Wisla Plock,1,1
2025-10-27,4625305,KR1,2025,domestic_league,456,419,HNK Vukovar 1991,GNK Dinamo Zagreb,1,0
2025-10-27,4625309,KR1,2025,domestic_league,144,327,HNK Rijeka,NK Osijek,4,2
2025-10-27,4645560,ES1,2025,domestic_league,150,13,Real Betis Balompié,Atlético de Madrid,0,2
2025-10-27,4647852,TR1,2025,domestic_league,152,126,Samsunspor,Caykur Rizespor,1,1
2025-10-27,4647854,TR1,2025,domestic_league,2832,36,Gaziantep FK,Fenerbahce,0,4
2025-10-27,4648395,DK1,2025,domestic_league,173,206,Odense Boldklub,Bröndby IF,1,4
2025-10-27,4648731,PO1,2025,domestic_league,979,720,Moreirense FC,FC Porto,1,2
2025-10-27,4649037,RO1,2025,domestic_league,8818,58049,FC Botosani,FC Hermannstadt,2,0
2025-10-27,4649041,RO1,2025,domestic_league,455,29700,FC Rapid 1923,AFC Unirea 04 Slobozia,4,1
2025-10-27,4649184,RU1,2025,domestic_league,3725,41231,RFK Akhmat Grozny,FK Sochi,2,4
2025-10-27,4727233,AUS1,2025,domestic_league,71085,875,Macarthur FC,Adelaide United,2,1
2025-10-28,4612540,POCP,2025,,336,2521,Sporting CP,FC Alverca,5,1
2025-10-28,4620767,IT1,2025,domestic_league,800,5,Atalanta BC,AC Milan,1,1
2025-10-28,4620774,IT1,2025,domestic_league,1005,6195,US Lecce,SSC Napoli,0,1
2025-10-28,4624623,TS1,2025,domestic_league,197,715,AC Sparta Prague,"Bohemians Praha 1905, a.s.",2,1
2025-10-28,4627303,C1,2025,domestic_league,321,257,FC Sion,FC St. Gallen 1879,3,2
2025-10-28,4627304,C1,2025,domestic_league,938,242,FC Thun,FC Winterthur,3,0
2025-10-28,4693336,COL1,2025,,10090,9811,Asociación Deportivo Pasto,Deportivo Pereira,4,0
2025-10-28,4693337,COL1,2025,,20590,7136,Rionegro Águilas,Envigado FC,1,0
2025-10-28,4693338,COL1,2025,,9961,22902,Deportivo Cali,Alianza FC,0,1
2025-10-28,4717146,DFB,2025,domestic_cup,2036,41,1. Fußballclub Heidenheim 1846,Hamburger SV,0,1
2025-10-28,4717148,DFB,2025,domestic_cup,167,80,FC Augsburg,VfL Bochum,0,1
2025-10-28,4717150,DFB,2025,domestic_cup,35,533,FC St. Pauli,TSG 1899 Hoffenheim,10,9
2025-10-28,4717151,DFB,2025,domestic_cup,25,23826,FC Energie Cottbus,RB Leipzig,1,4
2025-10-28,4717152,DFB,2025,domestic_cup,18,48,Borussia Mönchengladbach,Karlsruher SC,3,1
2025-10-28,4717153,DFB,2025,domestic_cup,24,16,Eintracht Frankfurt,Borussia Dortmund,3,5
2025-10-28,4717155,DFB,2025,domestic_cup,82,269,VfL Wolfsburg,Holstein Kiel,0,1
2025-10-28,4717157,DFB,2025,domestic_cup,44,64,Hertha BSC,SV 07 Elversberg,3,0
2025-10-28,4718742,GRP,2025,domestic_cup,30120,3062,Athlitiki Enosi Kifisias,Athens Kallithea,2,1
2025-10-28,4718745,GRP,2025,domestic_cup,653,47,Omilos Filathlon Irakliou FC,Iraklis Thessaloniki,3,1
2025-10-28,4718746,GRP,2025,domestic_cup,6418,85955,Panetolikos Agrinio,Ellas Syros,4,1
2025-10-28,4738048,UKRP,2025,domestic_cup,21903,2712,Bukovyna Chernivtsi,Nyva Ternopil,2,1
2025-10-28,4738049,UKRP,2025,domestic_cup,81169,97548,FC Chernigiv,FC Lisne,5,4
2025-10-28,4738052,UKRP,2025,domestic_cup,27227,20423,Lokomotyv Kyiv,Nyva Vinnytsya,1,0
2025-10-28,4740847,CGB,2025,,1034,1148,Grimsby Town,Brentford FC,0,5
2025-10-28,4740848,CGB,2025,,2805,931,Wycombe Wanderers,Fulham FC,5,6
2025-10-28,4740849,CGB,2025,,1112,603,Wrexham AFC,Cardiff City,1,2
2025-10-28,4743095,NLP,2025,domestic_cup,18154,385,VV Gemert,Fortuna Sittardia Combinatie,0,1
2025-10-28,4743096,NLP,2025,domestic_cup,404,1268,FC Den Bosch,ADO Den Haag,8,7
2025-10-28,4743097,NLP,2025,domestic_cup,500,1269,Helmond Sport,PEC Zwolle,1,4
2025-10-28,4743098,NLP,2025,domestic_cup,10804,723,Sparta Nijkerk,Almere City FC,0,2
2025-10-28,4743099,NLP,2025,domestic_cup,19964,642,GVVV Veenendaal,De Graafschap Doetinchem,4,2
2025-10-28,4743100,NLP,2025,domestic_cup,11312,1228,HHC Hardenberg,TOP Oss,0,2
2025-10-28,4743101,NLP,2025,domestic_cup,34396,1283,VV Hoogeveen,FC Emmen,1,0
2025-10-28,4743102,NLP,2025,domestic_cup,9933,499,VV Katwijk,Vitesse Arnhem,5,4
2025-10-28,4743103,NLP,2025,domestic_cup,1426,306,VVV-Venlo,SC Heerenveen,0,3
2025-10-28,4743262,CDR,2025,domestic_cup,20233,681,SD Negreira,Real Sociedad,0,3
2025-10-28,4743264,CDR,2025,domestic_cup,55398,2497,Ourense CF,Real Oviedo,4,2
2025-10-28,4743266,CDR,2025,domestic_cup,41604,1536,Atlético Tordesillas,Burgos CF,1,2
2025-10-28,4743270,CDR,2025,domestic_cup,33303,630,SD Logroñés,Racing Santander,0,4
2025-10-28,4743274,CDR,2025,domestic_cup,16646,1176,UP Langreo,Racing Ferrol,3,4
2025-10-28,4743282,CDR,2025,domestic_cup,13244,5358,Utebo FC,SD Huesca,0,3
2025-10-28,4743290,CDR,2025,domestic_cup,34119,1049,UD Maracena,Valencia CF,0,5
2025-10-28,4743291,CDR,2025,domestic_cup,2929,368,CD Toledo,Sevilla FC,1,4
2025-10-28,4743294,CDR,2025,domestic_cup,27448,16795,CD Roda,Granada CF,1,5
2025-10-28,4743298,CDR,2025,domestic_cup,34148,2687,UCAM Murcia CF,Cádiz CF,1,3
2025-10-28,4743304,CDR,2025,domestic_cup,122524,3709,CF Inter de Valdemoro,Getafe CF,0,11
2025-10-28,4743307,CDR,2025,domestic_cup,57379,1532,UD San Fernando,Albacete Balompié,0,3
2025-10-28,4743308,CDR,2025,domestic_cup,101648,472,CD Extremadura 1924,UD Las Palmas,3,1
2025-10-28,4743310,CDR,2025,domestic_cup,13702,47421,CF Rayo Majadahonda,CF Talavera de la Reina,1,4
2025-10-28,4743312,CDR,2025,domestic_cup,13436,648,RSD Alcalá,CD Tenerife,0,4
2025-10-28,4743313,CDR,2025,domestic_cup,16576,11602,CD Guadalajara,CP Cacereño,2,1
2025-10-28,4743314,CDR,2025,domestic_cup,40162,4542,CD Tropezón,Cultural Leonesa,1,3
2025-10-28,4743315,CDR,2025,domestic_cup,20963,12321,CE Constància,Girona FC,2,3
2025-10-28,4750681,RUP,2025,domestic_cup,23110,3243,FK Chelyabinsk,KamAZ Naberezhnye Chelny,3,4
2025-10-28,4758580,NLP,2025,domestic_cup,20945,192,VV Capelle,Roda JC Kerkrade,1,5
2025-10-29,4522655,NO1,2024,domestic_league,195,6399,Rosenborg Ballklub,Sandefjord Fotball,1,1
2025-10-29,4522747,NO1,2024,domestic_league,1100,501,Sportsklubben Brann,Fotballklubben Bodø/Glimt,1,2
2025-10-29,4582110,BRA1,2024,domestic_league,2462,2029,Fluminense Football Club,Ceará Sporting Club,1,0
2025-10-29,4612541,POCP,2025,,294,7179,SL Benfica,CD Tondela,3,0
2025-10-29,4612543,POCP,2025,,1075,2423,SC Braga,CD Santa Clara,5,0
2025-10-29,4620768,IT1,2025,domestic_league,1025,416,Bologna Football Club 1909,Torino FC,0,0
2025-10-29,4620770,IT1,2025,domestic_league,1047,276,Como 1907,Hellas Verona,3,1
2025-10-29,4620771,IT1,2025,domestic_league,252,2239,Genoa CFC,US Cremonese,0,2
2025-10-29,4620772,IT1,2025,domestic_league,46,430,Inter Milan,ACF Fiorentina,3,0
2025-10-29,4620773,IT1,2025,domestic_league,506,410,Juventus FC,Udinese Calcio,3,1
2025-10-29,4620776,IT1,2025,domestic_league,12,130,Associazione Sportiva Roma,Parma Calcio 1913,2,1
2025-10-29,4627299,C1,2025,domestic_league,26,260,FC Basel 1893,FC Zürich,2,0
2025-10-29,4627301,C1,2025,domestic_league,527,61,Football Club Lausanne-Sport,Servette FC,1,3
2025-10-29,4635087,FR1,2025,domestic_league,244,1420,Olympique Marseille,Angers SCO,2,2
2025-10-29,4635088,FR1,2025,domestic_league,1158,583,FC Lorient,Paris Saint-Germain,1,1
2025-10-29,4635089,FR1,2025,domestic_league,995,162,FC Nantes,AS Monaco,3,5
2025-10-29,4635090,FR1,2025,domestic_league,667,290,RC Strasbourg Alsace,AJ Auxerre,3,0
2025-10-29,4635091,FR1,2025,domestic_league,10004,1041,Paris FC,Olympique Lyon,3,3
2025-10-29,4635092,FR1,2025,domestic_league,738,3911,Le Havre AC,Stade Brestois 29,1,0
2025-10-29,4635093,FR1,2025,domestic_league,415,273,FC Toulouse,Stade Rennais FC,2,2
2025-10-29,4635094,FR1,2025,domestic_league,347,826,FC Metz,RC Lens,2,0
2025-10-29,4635095,FR1,2025,domestic_league,417,1082,OGC Nice,LOSC Lille,2,0
2025-10-29,4649403,SC1,2025,domestic_league,371,1191,Celtic FC,Falkirk FC,4,0
2025-10-29,4649405,SC1,2025,domestic_league,903,124,Hibernian FC,Rangers FC,0,1
2025-10-29,4649406,SC1,2025,domestic_league,2553,370,Kilmarnock FC,Aberdeen FC,0,1
2025-10-29,4649407,SC1,2025,domestic_league,987,1519,Motherwell FC,Dundee United FC,2,0
2025-10-29,4649408,SC1,2025,domestic_league,465,43,St. Mirren FC,Heart of Midlothian FC,2,2
2025-10-29,4693340,COL1,2025,,17425,32041,Internacional de Bogotá,Fortaleza CEIF,0,1
2025-10-29,4693341,COL1,2025,,10093,6495,Independiente Medellín,Atlético Bucaramanga,3,0
2025-10-29,4693344,COL1,2025,,11854,11648,Junior FC,Independiente Santa Fe,1,2
2025-10-29,4717145,DFB,2025,domestic_cup,1468,187,FV Illertissen,1.FC Magdeburg,0,3
2025-10-29,4717147,DFB,2025,domestic_cup,65,2,SpVgg Greuther Fürth,1.FC Kaiserslautern,0,1
2025-10-29,4717149,DFB,2025,domestic_cup,39,79,1.FSV Mainz 05,VfB Stuttgart,0,2
2025-10-29,4717154,DFB,2025,domestic_cup,38,60,Fortuna Düsseldorf,SC Freiburg,1,3
2025-10-29,4717156,DFB,2025,domestic_cup,89,10,1.FC Union Berlin,Arminia Bielefeld,2,1
2025-10-29,4717158,DFB,2025,domestic_cup,105,33,SV Darmstadt 98,FC Schalke 04,4,0
2025-10-29,4717159,DFB,2025,domestic_cup,127,15,SC Paderborn 07,Bayer 04 Leverkusen,2,4
2025-10-29,4717160,DFB,2025,domestic_cup,3,27,1.FC Köln,Bayern Munich,1,4
2025-10-29,4718740,GRP,2025,domestic_cup,3060,265,APS Atromitos Athinon,Panathinaikos Athlitikos Omilos,1,2
2025-10-29,4718741,GRP,2025,domestic_cup,3984,2441,GS Ilioupolis,Athlitiki Enosi Konstantinoupoleos,0,1
2025-10-29,4718743,GRP,2025,domestic_cup,2672,6676,APO Levadiakos Football Club,A.G.S Asteras Tripolis,1,0
2025-10-29,4718744,GRP,2025,domestic_cup,683,60949,Olympiakos Syndesmos Filathlon Peiraios,Volou Neos Podosferikos Syllogos,5,0
2025-10-29,4718747,GRP,2025,domestic_cup,1091,4603,Panthessalonikios Athlitikos Omilos Konstantinoupoliton,Athlitiki Enosi Larisas,4,1
2025-10-29,4718748,GRP,2025,domestic_cup,2984,605,Egaleo FC,Aris Thessalonikis,1,3
2025-10-29,4737017,DKP,2025,domestic_cup,29391,443,IF Lyseng,Vejle Boldklub,0,4
2025-10-29,4737020,DKP,2025,domestic_cup,678,5817,Aarhus GF,Sönderjyske Fodbold,2,1
2025-10-29,4737021,DKP,2025,domestic_cup,5818,190,Hobro IK,FC Copenhagen,1,4
2025-10-29,4737022,DKP,2025,domestic_cup,3426,5724,Esbjerg fB,Randers FC,4,2
2025-10-29,4737023,DKP,2025,domestic_cup,5776,1063,FC Fredericia,Viborg FF,4,6
2025-10-29,4738045,UKRP,2025,domestic_cup,67939,49364,Viktoriya Mykolaivka,Ingulets Petrove,0,1
2025-10-29,4738046,UKRP,2025,domestic_cup,338,660,Dynamo Kyiv,FC Shakhtar Donetsk,2,1
2025-10-29,4738050,UKRP,2025,domestic_cup,63007,48726,LNZ Cherkasy,Rukh Lviv,1,0
2025-10-29,4740850,CGB,2025,,11,1237,Arsenal FC,Brighton & Hove Albion,2,0
2025-10-29,4740851,CGB,2025,,31,873,Liverpool FC,Crystal Palace,0,3
2025-10-29,4740852,CGB,2025,,2288,281,Swansea City,Manchester City,1,3
2025-10-29,4740853,CGB,2025,,543,631,Wolverhampton Wanderers,Chelsea FC,3,4
2025-10-29,4740854,CGB,2025,,762,148,Newcastle United,Tottenham Hotspur,2,0
2025-10-29,4743104,NLP,2025,domestic_cup,7110,724,Quick Boys,FC Volendam,1,2
2025-10-29,4743105,NLP,2025,domestic_cup,132,1304,NAC Breda,Heracles Almelo,1,4
2025-10-29,4743106,NLP,2025,domestic_cup,8565,28378,HSC '21 Haaksbergen,Koninklijke HFC Haarlem,3,0
2025-10-29,4743107,NLP,2025,domestic_cup,235,133,RKC Waalwijk,SC Cambuur Leeuwarden,3,2
2025-10-29,4743108,NLP,2025,domestic_cup,3943,3892,HSV Hoek,FC Eindhoven,3,2
2025-10-29,4743109,NLP,2025,domestic_cup,16866,8626,SC Genemuiden,RKSV Halsteren,1,0
2025-10-29,4743110,NLP,2025,domestic_cup,2821,1434,FC Lisse,SC Telstar,0,5
2025-10-29,4743111,NLP,2025,domestic_cup,3410,798,Excelsior Maassluis,Excelsior Rotterdam,1,0
2025-10-29,4743265,CDR,2025,domestic_cup,13226,2448,Caudal Deportivo,Sporting Gijón,0,1
2025-10-29,4743267,CDR,2025,domestic_cup,18691,366,Club Portugalete,Real Valladolid CF,1,0
2025-10-29,4743268,CDR,2025,domestic_cup,33818,1533,Náxara CD,SD Eibar,2,4
2025-10-29,4743269,CDR,2025,domestic_cup,40977,13222,Atlético Astorga,CD Mirandés,4,5
2025-10-29,4743272,CDR,2025,domestic_cup,2296,16122,CD Numancia,Arenas Club,3,0
2025-10-29,4743276,CDR,2025,domestic_cup,60225,5650,UD Ourense,Pontevedra CF,1,4
2025-10-29,4743277,CDR,2025,domestic_cup,93935,237,Atlètic Sant Just,RCD Mallorca,0,2
2025-10-29,4743278,CDR,2025,domestic_cup,84296,331,CD Sant Jordi,CA Osasuna,0,5
2025-10-29,4743281,CDR,2025,domestic_cup,40175,142,UD Mutilvera,Real Zaragoza,1,3
2025-10-29,4743283,CDR,2025,domestic_cup,28014,11422,UD Poblense,CE Sabadell FC,1,2
2025-10-29,4743284,CDR,2025,domestic_cup,47880,41403,CD Ebro,SD Tarazona,5,4
2025-10-29,4743285,CDR,2025,domestic_cup,83848,20528,Reus FC Reddis,CE Europa,6,5
2025-10-29,4743287,CDR,2025,domestic_cup,12697,19301,UE Sant Andreu,CD Teruel,2,1
2025-10-29,4743288,CDR,2025,domestic_cup,70288,1531,UD Los Garres,Elche CF,0,4
2025-10-29,4743293,CDR,2025,domestic_cup,38059,1050,Ciudad Lucena,Villarreal CF,0,6
2025-10-29,4743295,CDR,2025,domestic_cup,56725,993,CD Cieza,Córdoba CF,1,0
2025-10-29,4743297,CDR,2025,domestic_cup,49806,3302,CF Lorca Deportiva,UD Almería,0,2
2025-10-29,4743300,CDR,2025,domestic_cup,67509,43454,Torrent CF,Juventud Torremolinos CF,3,1
2025-10-29,4743301,CDR,2025,domestic_cup,60350,7077,Salerm Puente Genil FC,FC Cartagena,0,1
2025-10-29,4743302,CDR,2025,domestic_cup,666,12567,Real Jaén CF,CD Eldense,1,3
2025-10-29,4743305,CDR,2025,domestic_cup,62414,367,CD Yuncos,Rayo Vallecano,1,6
2025-10-29,4743306,CDR,2025,domestic_cup,44640,1244,CD Azuaga,CD Leganés,1,4
2025-10-29,4743309,CDR,2025,domestic_cup,20921,46854,CDA Navalcarnero,Mérida AD,2,1
2025-10-29,4743311,CDR,2025,domestic_cup,47486,13241,CD Quintanar del Rey,UD Ibiza,5,4
2025-10-29,4743316,CDR,2025,domestic_cup,132258,8568,CD Unión Malacitano,AD Ceuta FC,0,2
2025-10-29,4750683,RUP,2025,domestic_cup,1186,65683,Torpedo Moscow,Kuban Holding Pavlovskaya,4,2
2025-10-30,4620769,IT1,2025,domestic_league,1390,6574,Cagliari Calcio,US Sassuolo,1,2
2025-10-30,4620775,IT1,2025,domestic_league,4172,398,Pisa Sporting Club,Società Sportiva Lazio S.p.A.,0,0
2025-10-30,4627300,C1,2025,domestic_league,504,452,Grasshopper Club Zurich,BSC Young Boys,3,3
2025-10-30,4627302,C1,2025,domestic_league,2790,434,FC Lugano,FC Luzern,2,0
2025-10-30,4640750,SER1,2025,domestic_league,448,159,FK Vojvodina Novi Sad,Red Star Belgrade,3,2
2025-10-30,4693342,COL1,2025,,2350,6984,Millonarios FC,Once Caldas,0,0
2025-10-30,4693343,COL1,2025,,14680,10503,Unión Magdalena,Deportes Tolima,0,2
2025-10-30,4709349,SA1,2025,domestic_league,18487,31008,Al-Ahli Saudi Football Club,Al-Riyadh Saudi Club,1,1
2025-10-30,4709356,SA1,2025,domestic_league,91427,34911,Al-Kholood Club,Neom Sports Club,2,3
2025-10-30,4709357,SA1,2025,domestic_league,50532,27221,Damac Football Club,Al-Fateh Club,1,1
2025-10-30,4737019,DKP,2025,domestic_cup,865,1177,FC Midtjylland,Silkeborg IF,4,0
2025-10-30,4737928,DKP,2025,domestic_cup,2778,206,FC Nordsjaelland,Bröndby IF,4,2
2025-10-30,4738047,UKRP,2025,domestic_cup,120646,65423,Agrotekh Tyshkivka,Feniks-Mariupol,7,8
2025-10-30,4738051,UKRP,2025,domestic_cup,55686,53629,TOV FK Metalist 1925 Kharkiv,Agrobiznes Volochysk,4,3
2025-10-30,4743112,NLP,2025,domestic_cup,9545,467,Rijnsburgse Boys,NEC Nijmegen,2,3
2025-10-30,4743113,NLP,2025,domestic_cup,468,202,Sparta Rotterdam,FC Groningen,5,2
2025-10-30,4743114,NLP,2025,domestic_cup,26016,13642,Sportlust '46 Woerden,BVV Barendrecht,4,3
2025-10-30,4743115,NLP,2025,domestic_cup,6160,384,De Treffers,MVV Maastricht,3,1
2025-10-30,4743116,NLP,2025,domestic_cup,403,1455,Willem II Tilburg,FC Dordrecht,7,0
2025-10-30,4743117,NLP,2025,domestic_cup,10803,7481,SV Spakenburg,VV DOVO Veenendaal,5,1
2025-10-30,4743118,NLP,2025,domestic_cup,44455,2838,VV Eemdijk,AFC Amsterdam,1,2
2025-10-30,4743119,NLP,2025,domestic_cup,7393,317,RKSV ROHDA Raalte,FC Twente Enschede,1,4
2025-10-30,4743261,CDR,2025,domestic_cup,29739,1108,CD Getxo,Deportivo Alavés,0,7
2025-10-30,4743263,CDR,2025,domestic_cup,134732,940,Puerto de Vega CF,Celta de Vigo,0,2
2025-10-30,4743271,CDR,2025,domestic_cup,60605,897,UD Sámano,Deportivo de La Coruña,1,5
2025-10-30,4743273,CDR,2025,domestic_cup,24420,4032,UD Logroñés,SD Ponferradina,1,3
2025-10-30,4743275,CDR,2025,domestic_cup,6212,20844,Real Ávila CF,Real Avilés CF,1,0
2025-10-30,4743279,CDR,2025,domestic_cup,92869,714,CE Atlètic Lleida,RCD Espanyol Barcelona,1,2
2025-10-30,4743280,CDR,2025,domestic_cup,13223,10718,CD Valle de Egüés,FC Andorra,1,5
2025-10-30,4743286,CDR,2025,domestic_cup,18687,5648,CD Atlético Baleares,Gimnàstic de Tarragona,2,0
2025-10-30,4743289,CDR,2025,domestic_cup,107473,150,Atlético Palma del Río CF,Real Betis Balompié,1,7
2025-10-30,4743292,CDR,2025,domestic_cup,4054,3368,Orihuela CF,Levante UD,3,4
2025-10-30,4743296,CDR,2025,domestic_cup,24445,1084,CD Estepona FS,Málaga CF,1,3
2025-10-30,4743299,CDR,2025,domestic_cup,42457,2502,Club Atlético Antoniano,CD Castellón,1,0
2025-10-30,4743303,CDR,2025,domestic_cup,171,16022,Real Murcia CF,Antequera CF,3,2
2025-10-30,4750682,RUP,2025,domestic_cup,1124,3729,Fakel Voronezh,Arsenal Tula,2,3
2025-10-30,4750684,RUP,2025,domestic_cup,28095,3733,FK Ufa,Neftekhimik Nizhnekamsk,2,4
2025-10-31,4634204,L1,2025,domestic_league,167,16,FC Augsburg,Borussia Dortmund,0,1
2025-10-31,4641265,BE1,2025,domestic_league,3057,172,Standard Liège,Royal Charleroi Sporting Club,3,1
2025-10-31,4641619,NL1,2025,domestic_league,383,385,PSV Eindhoven,Fortuna Sittardia Combinatie,5,2
2025-10-31,4645588,ES1,2025,domestic_league,3709,12321,Getafe CF,Girona FC,2,1
2025-10-31,4646121,UKR1,2025,domestic_league,87883,39097,FC Kudrivka,Obolon Kyiv,1,0
2025-10-31,4647898,TR1,2025,domestic_league,6890,120,Basaksehir FK,Kocaelispor,1,0
2025-10-31,4648722,PO1,2025,domestic_league,336,2521,Sporting CP,FC Alverca,2,0
2025-10-31,4649016,RO1,2025,domestic_league,312,7769,FC Dinamo 1948,CFR Cluj,2,1
2025-10-31,4649270,RU1,2025,domestic_league,2410,49702,PFK CSKA Moskva,FK Nizhny Novgorod,2,0
2025-10-31,4693345,COL1,2025,,38628,8172,Llaneros FC,Atlético Nacional,0,3
2025-10-31,4709350,SA1,2025,domestic_league,7732,9131,Al-Ettifaq Football Club,Al-Hazem Sport Club,2,2
2025-10-31,4709351,SA1,2025,domestic_league,71665,32328,Al-Okhdood Club,Al-Najma Sport Club,2,1
2025-10-31,4709352,SA1,2025,domestic_league,1114,9840,Al-Hilal Saudi Football Club,Al-Shabab Club,1,0
2025-10-31,4712527,PL1,2025,domestic_league,15906,6456,Termalica Bruk-Bet Nieciecza Klub Sportowy,GKS GieKSa Katowice Spółka Akcyjna,0,3
2025-10-31,4712533,PL1,2025,domestic_league,6112,6110,Piast Gliwice,Korona Kielce,0,0
2025-10-31,4727324,AUS1,2025,domestic_league,7831,25580,Brisbane Roar,Melbourne City FC,0,0
2025-10-31,4727325,AUS1,2025,domestic_league,970,7006,Perth Glory,Melbourne Victory,0,2
2025-10-31,4753804,FAC,2025,domestic_cup,1031,3455,Luton Town,Forest Green Rovers,4,3
2025-11-01,4522789,NO1,2024,domestic_league,687,195,Molde Fotballklubb,Rosenborg Ballklub,4,2
2025-11-01,4522798,NO1,2024,domestic_league,76,501,Vålerengens Idrettsforening,Fotballklubben Bodø/Glimt,3,1
2025-11-01,4550414,SE1,2024,domestic_league,1109,496,BK Häcken,Malmö Fotbollförening,1,1
2025-11-01,4550415,SE1,2024,domestic_league,2844,7945,IFK Norrköping,IK Sirius,1,2
2025-11-01,4582233,BRA1,2024,domestic_league,221,10870,Santos Futebol Clube,Fortaleza Esporte Clube,1,1
2025-11-01,4582234,BRA1,2024,domestic_league,3876,537,Mirasol Futebol Clube,S. A. F. Botafogo,0,0
2025-11-01,4582235,BRA1,2024,domestic_league,609,2125,Cruzeiro Esporte Clube,Esporte Clube Vitória,3,1
2025-11-01,4620777,IT1,2025,domestic_league,2239,506,US Cremonese,Juventus FC,1,2
2025-11-01,4620781,IT1,2025,domestic_league,6195,1047,SSC Napoli,Como 1907,0,0
2025-11-01,4620785,IT1,2025,domestic_league,410,800,Udinese Calcio,Atalanta BC,1,0
2025-11-01,4624628,TS1,2025,domestic_league,1496,450,FK Pardubice,FK Dukla Prague,1,1
2025-11-01,4624630,TS1,2025,domestic_league,5544,697,1.FC Slovacko,FC Slovan Liberec,0,3
2025-11-01,4624632,TS1,2025,domestic_league,1322,5545,FK Jablonec,FC Zlin,1,3
2025-11-01,4624635,TS1,2025,domestic_league,62,377,SK Slavia Prague,FC Baník Ostrava a.s.,2,0
2025-11-01,4625310,KR1,2025,domestic_league,419,144,GNK Dinamo Zagreb,HNK Rijeka,2,1
2025-11-01,4625314,KR1,2025,domestic_league,999,456,NK Istra 1961,HNK Vukovar 1991,1,1
2025-11-01,4625864,GB1,2025,domestic_league,1237,399,Brighton & Hove Albion,Leeds United,3,0
2025-11-01,4625865,GB1,2025,domestic_league,1132,11,Burnley FC,Arsenal FC,0,2
2025-11-01,4625866,GB1,2025,domestic_league,873,1148,Crystal Palace,Brentford FC,2,0
2025-11-01,4625867,GB1,2025,domestic_league,931,543,Fulham FC,Wolverhampton Wanderers,3,0
2025-11-01,4625868,GB1,2025,domestic_league,31,405,Liverpool FC,Aston Villa,2,0
2025-11-01,4625870,GB1,2025,domestic_league,703,985,Nottingham Forest,Manchester United,2,2
2025-11-01,4625872,GB1,2025,domestic_league,148,631,Tottenham Hotspur,Chelsea FC,0,1
2025-11-01,4627307,C1,2025,domestic_league,938,321,FC Thun,FC Sion,2,1
2025-11-01,4627308,C1,2025,domestic_league,242,61,FC Winterthur,Servette FC,4,2
2025-11-01,4627310,C1,2025,domestic_league,260,527,FC Zürich,Football Club Lausanne-Sport,1,2
2025-11-01,4634200,L1,2025,domestic_league,27,15,Bayern Munich,Bayer 04 Leverkusen,3,0
2025-11-01,4634201,L1,2025,domestic_league,39,86,1.FSV Mainz 05,SV Werder Bremen,1,1
2025-11-01,4634202,L1,2025,domestic_league,23826,79,RB Leipzig,VfB Stuttgart,3,1
2025-11-01,4634205,L1,2025,domestic_league,89,60,1.FC Union Berlin,SC Freiburg,0,0
2025-11-01,4634206,L1,2025,domestic_league,35,18,FC St. Pauli,Borussia Mönchengladbach,0,4
2025-11-01,4634207,L1,2025,domestic_league,2036,24,1. Fußballclub Heidenheim 1846,Eintracht Frankfurt,1,1
2025-11-01,4635096,FR1,2025,domestic_league,583,417,Paris Saint-Germain,OGC Nice,1,0
2025-11-01,4635103,FR1,2025,domestic_league,162,10004,AS Monaco,Paris FC,0,1
2025-11-01,4635104,FR1,2025,domestic_league,290,244,AJ Auxerre,Olympique Marseille,0,1
2025-11-01,4640837,SER1,2025,domestic_league,8819,15276,FK Javor-Matis Ivanjica,FK Spartak Subotica,1,1
2025-11-01,4640843,SER1,2025,domestic_league,6621,669,FK Cukaricki,FK Partizan Belgrade,4,1
2025-11-01,4641263,BE1,2025,domestic_league,2282,9010,Club Brugge KV,FCV Dender EH,2,1
2025-11-01,4641264,BE1,2025,domestic_league,58,354,RSC Anderlecht,KV Mechelen,3,1
2025-11-01,4641267,BE1,2025,domestic_league,3508,3948,Zulte Waregem,Union Saint-Gilloise,1,4
2025-11-01,4641620,NL1,2025,domestic_league,234,724,Feyenoord Rotterdam,FC Volendam,3,1
2025-11-01,4641621,NL1,2025,domestic_league,132,1435,NAC Breda,Go Ahead Eagles,1,0
2025-11-01,4641622,NL1,2025,domestic_league,610,306,Ajax Amsterdam,SC Heerenveen,1,1
2025-11-01,4641623,NL1,2025,domestic_league,1434,798,SC Telstar,Excelsior Rotterdam,2,2
2025-11-01,4642942,A1,2025,domestic_league,4467,14,TSV Hartberg,Austria Vienna,2,1
2025-11-01,4642944,A1,2025,domestic_league,2157,413,FC Blau-Weiss Linz,LASK,0,1
2025-11-01,4642945,A1,2025,domestic_league,316,3551,Grazer AK 1902,Sportclub Rheindorf Altach,3,1
2025-11-01,4645585,ES1,2025,domestic_league,13,368,Atlético de Madrid,Sevilla FC,3,0
2025-11-01,4645589,ES1,2025,domestic_league,418,1049,Real Madrid,Valencia CF,4,0
2025-11-01,4645590,ES1,2025,domestic_league,681,621,Real Sociedad,Athletic Bilbao,3,2
2025-11-01,4645593,ES1,2025,domestic_league,1050,367,Villarreal CF,Rayo Vallecano,4,0
2025-11-01,4646116,UKR1,2025,domestic_league,84122,26459,Epicentr Kamyanets-Podilskyi,NK Veres Rivne,2,3
2025-11-01,4646117,UKR1,2025,domestic_league,48332,18303,Kolos Kovalivka,FC Oleksandriya,1,1
2025-11-01,4646122,UKR1,2025,domestic_league,3592,81401,Kryvbas Kryvyi Rig,SC Poltava,2,2
2025-11-01,4647899,TR1,2025,domestic_league,1467,820,Göztepe,Gençlerbirliği Spor Kulübü,1,0
2025-11-01,4647900,TR1,2025,domestic_league,141,449,Galatasaray,Trabzonspor,0,0
2025-11-01,4648353,DK1,2025,domestic_league,190,5776,FC Copenhagen,FC Fredericia,3,2
2025-11-01,4648719,PO1,2025,domestic_league,3268,2431,Casa Pia AC,CF Estrela Amadora,3,5
2025-11-01,4648721,PO1,2025,domestic_league,2425,1465,Rio Ave FC,GD Estoril Praia,0,4
2025-11-01,4648723,PO1,2025,domestic_league,982,3329,CD Nacional,FC Famalicão,0,1
2025-11-01,4648726,PO1,2025,domestic_league,2420,294,Vitória Guimarães SC,SL Benfica,0,3
2025-11-01,4649012,RO1,2025,domestic_league,6429,301,FC Universitatea Cluj,FCSB,0,2
2025-11-01,4649017,RO1,2025,domestic_league,29700,41278,AFC Unirea 04 Slobozia,ACSC FC Arges,0,1
2025-11-01,4649267,RU1,2025,domestic_league,964,932,AO FK Zenit Sankt-Peterburg,"Футбольный клуб ""Локомотив"" Москва",2,0
2025-11-01,4649268,RU1,2025,domestic_league,1083,71985,FK Rostov,Akron Togliatti,0,1
2025-11-01,4649272,RU1,2025,domestic_league,2698,121,FC Rubin Kazan,FK Dinamo Moskva,0,0
2025-11-01,4649274,RU1,2025,domestic_league,75231,2696,Dinamo Makhachkala,PFK Krylya Sovetov Samara,2,0
2025-11-01,4649432,SC1,2025,domestic_league,1241,903,Livingston FC,Hibernian FC,2,2
2025-11-01,4649434,SC1,2025,domestic_league,1191,2553,Falkirk FC,Kilmarnock FC,3,1
2025-11-01,4649435,SC1,2025,domestic_league,43,511,Heart of Midlothian FC,Dundee FC,4,0
2025-11-01,4665003,GR1,2025,domestic_league,3060,30120,APS Atromitos Athinon,Athlitiki Enosi Kifisias,1,2
2025-11-01,4665004,GR1,2025,domestic_league,60949,265,Volou Neos Podosferikos Syllogos,Panathinaikos Athlitikos Omilos,1,0
2025-11-01,4665005,GR1,2025,domestic_league,683,605,Olympiakos Syndesmos Filathlon Peiraios,Aris Thessalonikis,2,1
2025-11-01,4709353,SA1,2025,domestic_league,28844,26069,Al-Taawoun Football Club,Al-Qadsiah Saudi Football Club,2,0
2025-11-01,4709354,SA1,2025,domestic_league,6070,8023,Al-Khaleej Club (Saihat),Al-Ittihad Football Club,4,4
2025-11-01,4709355,SA1,2025,domestic_league,18544,50531,Al-Nassr Football Club,Al-Fayha FC,2,1
2025-11-01,4727326,AUS1,2025,domestic_league,118373,875,Auckland FC,Adelaide United,2,1
2025-11-01,4727327,AUS1,2025,domestic_league,5551,8054,Newcastle United Jets,Sydney FC,1,4
2025-11-01,4727328,AUS1,2025,domestic_league,71085,36100,Macarthur FC,Western Sydney Wanderers,1,1
2025-11-01,4752438,RSK1,2024,domestic_league,21459,6502,Gangwon Football Club,Jeonbuk Hyundai Motors,0,0
2025-11-01,4752440,RSK1,2024,domestic_league,6505,311,Gimcheon Sangmu Football Club,Football Club Pohang Steelers,0,1
2025-11-01,4753805,FAC,2025,domestic_cup,3698,6340,Chelmsford City,Braintree Town,4,1
2025-11-01,4753806,FAC,2025,domestic_cup,3884,3456,AFC Wimbledon,Gateshead FC,0,2
2025-11-01,4753807,FAC,2025,domestic_cup,1181,2964,Blackpool FC,Scunthorpe United,1,0
2025-11-01,4753808,FAC,2025,domestic_cup,355,1110,Bolton Wanderers,Huddersfield Town,2,1
2025-11-01,4753809,FAC,2025,domestic_cup,3867,3537,Boreham Wood FC,Crawley Town,3,0
2025-11-01,4753810,FAC,2025,domestic_cup,8981,2455,Bromley FC,Bristol Rovers,1,2
2025-11-01,4753811,FAC,2025,domestic_cup,2963,3826,Burton Albion,St Albans City,6,0
2025-11-01,4753812,FAC,2025,domestic_cup,10895,29512,Buxton FC,Chatham Town,2,1
2025-11-01,4753813,FAC,2025,domestic_cup,986,31367,Cambridge United,Chester FC,3,0
2025-11-01,4753814,FAC,2025,domestic_cup,3371,1027,Cheltenham Town,Bradford City,1,0
2025-11-01,4753815,FAC,2025,domestic_cup,1060,991,Colchester United,Milton Keynes Dons,2,3
2025-11-01,4753816,FAC,2025,domestic_cup,1042,2454,Crewe Alexandra,Doncaster Rovers,1,2
2025-11-01,4753817,FAC,2025,domestic_cup,349,1252,Barnsley FC,York City,3,2
2025-11-01,4753818,FAC,2025,domestic_cup,1032,1220,Reading FC,Carlisle United,2,3
2025-11-01,4753819,FAC,2025,domestic_cup,11177,2804,Fleetwood Town,Barnet FC,2,1
2025-11-01,4753820,FAC,2025,domestic_cup,85287,20952,Macclesfield FC,AFC Totton,6,3
2025-11-01,4753821,FAC,2025,domestic_cup,1127,6699,FC Halifax Town,Exeter City,0,2
2025-11-01,4753822,FAC,2025,domestic_cup,3820,12020,Mansfield Town,Harrogate Town,3,2
2025-11-01,4753823,FAC,2025,domestic_cup,3716,2814,Newport County,Gillingham FC,6,5
2025-11-01,4753824,FAC,2025,domestic_cup,1034,2797,Grimsby Town,Ebbsfleet United,3,1
2025-11-01,4753825,FAC,2025,domestic_cup,1078,1302,Oldham Athletic,Northampton Town,3,1
2025-11-01,4753826,FAC,2025,domestic_cup,1072,603,Peterborough United,Cardiff City,1,0
2025-11-01,4753827,FAC,2025,domestic_cup,1194,352,Rotherham United,Swindon Town,1,2
2025-11-01,4753828,FAC,2025,domestic_cup,34888,1198,Salford City,Lincoln City,5,3
2025-11-01,4753829,FAC,2025,domestic_cup,11310,2962,Slough Town,Altrincham FC,2,1
2025-11-01,4753830,FAC,2025,domestic_cup,45922,6168,Spennymoor Town,Barrow AFC,0,2
2025-11-01,4753831,FAC,2025,domestic_cup,3684,1219,Stevenage FC,Chesterfield FC,0,1
2025-11-01,4753832,FAC,2025,domestic_cup,3052,3694,Sutton United,AFC Telford United,2,1
2025-11-01,4753833,FAC,2025,domestic_cup,1074,1098,Tranmere Rovers,Stockport County,1,3
2025-11-01,4753834,FAC,2025,domestic_cup,4117,2793,Wealdstone FC,Southend United,1,0
2025-11-01,4753835,FAC,2025,domestic_cup,3712,3717,Weston-super-Mare AFC,Aldershot Town,2,1
2025-11-01,4753836,FAC,2025,domestic_cup,1071,17980,Wigan Athletic,Hemel Hempstead Town,6,4
2025-11-01,4753837,FAC,2025,domestic_cup,2805,2262,Wycombe Wanderers,Plymouth Argyle,2,0
2025-11-01,4753838,FAC,2025,domestic_cup,20877,1045,Brackley Town,Notts County,6,5
2025-11-02,4522757,NO1,2024,domestic_league,1057,1100,Bryne FK,Sportsklubben Brann,2,1
2025-11-02,4522767,NO1,2024,domestic_league,3837,21101,Fredrikstad Fotballklubb,Kristiansund Ballklubb,3,1
2025-11-02,4522771,NO1,2024,domestic_league,4309,6399,Hamarkameratene,Sandefjord Fotball,3,1
2025-11-02,4522783,NO1,2024,domestic_league,23184,2761,KFUM-Kameratene Oslo,FK Haugesund,1,4
2025-11-02,4522794,NO1,2024,domestic_league,2817,239,Strømsgodset IF,Viking Fotballklubb,1,2
2025-11-02,4522797,NO1,2024,domestic_league,1293,10217,Tromsø Idrettslag,Sarpsborg 08 Fotballforening,4,0
2025-11-02,4550411,SE1,2024,domestic_league,1044,801,Djurgårdens Idrottsförening,Idrottsföreningen Kamraterna Göteborg,0,0
2025-11-02,4550412,SE1,2024,domestic_league,1101,272,Idrottsföreningen Elfsborg,Allmänna Idrottsklubben,0,3
2025-11-02,4550413,SE1,2024,domestic_league,7009,1236,Göteborgs Atlet- och Idrottssällskap,Östers IF,1,1
2025-11-02,4550416,SE1,2024,domestic_league,1011,1092,Halmstads BK,Idrottsföreningen  Brommapojkarna,0,0
2025-11-02,4582230,BRA1,2024,domestic_league,614,8718,Clube de Regatas do Flamengo,Sport Club do Recife,3,0
2025-11-02,4582231,BRA1,2024,domestic_league,978,585,Club de Regatas Vasco da Gama,São Paulo Futebol Clube,0,2
2025-11-02,4582232,BRA1,2024,domestic_league,199,210,Sport Club Corinthians Paulista,Grêmio Foot-Ball Porto Alegrense,2,0
2025-11-02,4582236,BRA1,2024,domestic_league,6600,330,Sport Club Internacional,Clube Atlético Mineiro,0,0
2025-11-02,4582237,BRA1,2024,domestic_league,10010,8793,Esporte Clube Bahia,Red Bull Bragantino,2,1
2025-11-02,4582238,BRA1,2024,domestic_league,2029,2462,Ceará Sporting Club,Fluminense Football Club,2,0
2025-11-02,4582239,BRA1,2024,domestic_league,10492,1023,Esporte Clube Juventude,Sociedade Esportiva Palmeiras,0,2
2025-11-02,4620778,IT1,2025,domestic_league,430,1005,ACF Fiorentina,US Lecce,0,1
2025-11-02,4620780,IT1,2025,domestic_league,5,12,AC Milan,Associazione Sportiva Roma,1,0
2025-11-02,4620782,IT1,2025,domestic_league,130,1025,Parma Calcio 1913,Bologna Football Club 1909,1,3
2025-11-02,4620784,IT1,2025,domestic_league,416,4172,Torino FC,Pisa Sporting Club,2,2
2025-11-02,4620786,IT1,2025,domestic_league,276,46,Hellas Verona,Inter Milan,1,2
2025-11-02,4624629,TS1,2025,domestic_league,5546,2311,FK Mlada Boleslav,"SK Sigma Olomouc, a.s.",1,4
2025-11-02,4624631,TS1,2025,domestic_league,13726,197,MFK Karvina,AC Sparta Prague,2,1
2025-11-02,4624633,TS1,2025,domestic_league,814,941,FK Teplice,FC Viktoria Plzen,1,2
2025-11-02,4624634,TS1,2025,domestic_league,715,1897,"Bohemians Praha 1905, a.s.",FC Hradec Kralove,1,2
2025-11-02,4625311,KR1,2025,domestic_league,327,599,NK Osijek,NK Varazdin,0,0
2025-11-02,4625312,KR1,2025,domestic_league,2362,447,Slaven Belupo Koprivnica,HNK Hajduk Split,0,0
2025-11-02,4625869,GB1,2025,domestic_league,281,989,Manchester City,AFC Bournemouth,3,1
2025-11-02,4625873,GB1,2025,domestic_league,379,762,West Ham United,Newcastle United,3,1
2025-11-02,4627306,C1,2025,domestic_league,434,504,FC Luzern,Grasshopper Club Zurich,6,0
2025-11-02,4627309,C1,2025,domestic_league,452,26,BSC Young Boys,FC Basel 1893,0,0
2025-11-02,4634203,L1,2025,domestic_league,82,533,VfL Wolfsburg,TSG 1899 Hoffenheim,2,3
2025-11-02,4634208,L1,2025,domestic_league,3,41,1.FC Köln,Hamburger SV,4,1
2025-11-02,4635097,FR1,2025,domestic_league,415,738,FC Toulouse,Le Havre AC,0,0
2025-11-02,4635098,FR1,2025,domestic_league,1082,1420,LOSC Lille,Angers SCO,1,0
2025-11-02,4635099,FR1,2025,domestic_league,273,667,Stade Rennais FC,RC Strasbourg Alsace,4,1
2025-11-02,4635100,FR1,2025,domestic_league,826,1158,RC Lens,FC Lorient,3,0
2025-11-02,4635101,FR1,2025,domestic_league,3911,1041,Stade Brestois 29,Olympique Lyon,0,0
2025-11-02,4635102,FR1,2025,domestic_league,995,347,FC Nantes,FC Metz,0,2
2025-11-02,4640838,SER1,2025,domestic_league,159,33328,Red Star Belgrade,FK Radnik Surdulica,1,1
2025-11-02,4640840,SER1,2025,domestic_league,448,32113,FK Vojvodina Novi Sad,FK IMT Belgrad,1,3
2025-11-02,4640841,SER1,2025,domestic_league,3137,788,FK TSC Backa Topola,FK Napredak Krusevac,1,1
2025-11-02,4640844,SER1,2025,domestic_league,4633,59358,FK Novi Pazar,FK Zeleznicar Pancevo,1,0
2025-11-02,4641266,BE1,2025,domestic_league,3901,520,RAAL La Louvière,Cercle Brugge,2,1
2025-11-02,4641268,BE1,2025,domestic_league,2727,157,Oud-Heverlee Leuven,KAA Gent,4,0
2025-11-02,4641269,BE1,2025,domestic_league,475,1096,Sint-Truidense VV,Royal Antwerp FC,1,0
2025-11-02,4641270,BE1,2025,domestic_league,968,1184,KVC Westerlo,KRC Genk,0,1
2025-11-02,4641624,NL1,2025,domestic_league,1304,1269,Heracles Almelo,PEC Zwolle,8,2
2025-11-02,4641625,NL1,2025,domestic_league,202,317,FC Groningen,FC Twente Enschede,1,1
2025-11-02,4641626,NL1,2025,domestic_league,468,1090,Sparta Rotterdam,AZ Alkmaar,0,1
2025-11-02,4641627,NL1,2025,domestic_league,200,467,FC Utrecht,NEC Nijmegen,1,0
2025-11-02,4642940,A1,2025,domestic_league,409,266,Fußballclub Red Bull Salzburg,SV Ried,4,1
2025-11-02,4642941,A1,2025,domestic_league,170,122,Rapid Vienna,Sportklub Puntigamer Sturm Graz,2,1
2025-11-02,4642943,A1,2025,domestic_league,4441,2446,Wolfsberger AC,WSG Tirol,0,0
2025-11-02,4645586,ES1,2025,domestic_league,131,1531,FC Barcelona,Elche CF,3,1
2025-11-02,4645587,ES1,2025,domestic_league,150,237,Real Betis Balompié,RCD Mallorca,3,0
2025-11-02,4645591,ES1,2025,domestic_league,3368,940,Levante UD,Celta de Vigo,1,2
2025-11-02,4645594,ES1,2025,domestic_league,1108,714,Deportivo Alavés,RCD Espanyol Barcelona,2,1
2025-11-02,4646118,UKR1,2025,domestic_league,660,338,FC Shakhtar Donetsk,Dynamo Kyiv,3,1
2025-11-02,4646119,UKR1,2025,domestic_league,10690,48726,Zorya Lugansk,Rukh Lviv,1,0
2025-11-02,4647895,TR1,2025,domestic_league,2293,152,Konyaspor,Samsunspor,1,3
2025-11-02,4647896,TR1,2025,domestic_league,114,36,Beşiktaş Jimnastik Kulübü,Fenerbahce,2,3
2025-11-02,4647902,TR1,2025,domestic_league,3205,10484,Kayserispor,Kasimpasa,3,2
2025-11-02,4648349,DK1,2025,domestic_league,2778,173,FC Nordsjaelland,Odense Boldklub,2,4
2025-11-02,4648350,DK1,2025,domestic_league,5817,443,Sönderjyske Fodbold,Vejle Boldklub,2,1
2025-11-02,4648352,DK1,2025,domestic_league,1177,206,Silkeborg IF,Bröndby IF,0,2
2025-11-02,4648354,DK1,2025,domestic_league,1063,5724,Viborg FF,Randers FC,3,2
2025-11-02,4648718,PO1,2025,domestic_league,110302,7179,Avs Futebol,CD Tondela,2,2
2025-11-02,4648720,PO1,2025,domestic_league,8024,979,FC Arouca,Moreirense FC,0,2
2025-11-02,4648725,PO1,2025,domestic_league,720,1075,FC Porto,SC Braga,2,1
2025-11-02,4649011,RO1,2025,domestic_league,952,37624,UTA Arad,FC Metaloglobus Bucharest,2,0
2025-11-02,4649013,RO1,2025,domestic_league,58049,4959,FC Hermannstadt,SC Otelul Galati,1,3
2025-11-02,4649018,RO1,2025,domestic_league,40812,455,Universitatea Craiova,FC Rapid 1923,2,2
2025-11-02,4649269,RU1,2025,domestic_league,16704,232,FK Krasnodar,FK Spartak Moskva,2,1
2025-11-02,4649271,RU1,2025,domestic_league,14589,41231,FC Orenburg,FK Sochi,3,1
2025-11-02,4649273,RU1,2025,domestic_league,2741,3725,FK Baltika,RFK Akhmat Grozny,2,0
2025-11-02,4665000,GR1,2025,domestic_league,2441,6418,Athlitiki Enosi Konstantinoupoleos,Panetolikos Agrinio,1,0
2025-11-02,4665002,GR1,2025,domestic_league,4603,2672,Athlitiki Enosi Larisas,APO Levadiakos Football Club,0,2
2025-11-02,4665006,GR1,2025,domestic_league,3385,1091,Panserraikos Serres,Panthessalonikios Athlitikos Omilos Konstantinoupoliton,0,5
2025-11-02,4712529,PL1,2025,domestic_league,428,6107,Górnik Zabrze,Morski Związkowy Klub Sportowy Arka Gdynia Spółka Akcyjna,5,1
2025-11-02,4712531,PL1,2025,domestic_league,238,3527,Lech Poznan,Motor Lublin Spółka Akcyjna,2,2
2025-11-02,4712532,PL1,2025,domestic_league,2300,9644,Jagiellonia Bialystok,Raków Częstochowa,1,2
2025-11-02,4712534,PL1,2025,domestic_league,88,255,Widzew Lodz,Legia Warszawa,1,1
2025-11-02,4727329,AUS1,2025,domestic_league,6954,8445,Central Coast Mariners,Wellington Phoenix,1,1
2025-11-02,4752443,RSK1,2024,domestic_league,31622,6504,Suwon FC,Daegu FC,1,1
2025-11-02,4753839,FAC,2025,domestic_cup,34798,3054,South Shields FC,Shrewsbury Town,1,3
2025-11-02,4753840,FAC,2025,domestic_cup,10391,899,Eastleigh FC,Walsall FC,0,3
2025-11-02,4753841,FAC,2025,domestic_cup,1211,27045,Port Vale FC,Maldon & Tiptree FC,5,1
2025-11-02,4753842,FAC,2025,domestic_cup,6684,3688,Gainsborough Trinity,Accrington Stanley,1,2
2025-11-03,4550417,SE1,2024,domestic_league,3641,1059,Degerfors IF,Hammarby IF,1,1
2025-11-03,4550418,SE1,2024,domestic_league,3622,2719,IFK Värnamo,Mjällby Almänna Idrottsförening,0,5
2025-11-03,4620779,IT1,2025,domestic_league,398,1390,Società Sportiva Lazio S.p.A.,Cagliari Calcio,2,0
2025-11-03,4620783,IT1,2025,domestic_league,6574,252,US Sassuolo,Genoa CFC,1,2
2025-11-03,4625313,KR1,2025,domestic_league,24575,11194,HNK Gorica,NK Lokomotiva Zagreb,4,1
2025-11-03,4625871,GB1,2025,domestic_league,289,29,Sunderland AFC,Everton FC,1,1
2025-11-03,4640839,SER1,2025,domestic_league,53,7567,OFK Beograd,FK Radnicki Nis,0,1
2025-11-03,4645592,ES1,2025,domestic_league,2497,331,Real Oviedo,CA Osasuna,0,0
2025-11-03,4646115,UKR1,2025,domestic_league,63007,85465,LNZ Cherkasy,Karpaty Lviv,0,1
2025-11-03,4646120,UKR1,2025,domestic_league,53646,55686,FK Polissya Zhytomyr,TOV FK Metalist 1925 Kharkiv,0,0
2025-11-03,4647894,TR1,2025,domestic_league,7160,589,Eyüpspor,Antalyaspor,0,1
2025-11-03,4647897,TR1,2025,domestic_league,11282,2832,Alanyaspor,Gaziantep FK,0,0
2025-11-03,4647901,TR1,2025,domestic_league,126,6646,Caykur Rizespor,Fatih Karagümrük,1,0
2025-11-03,4648351,DK1,2025,domestic_league,865,678,FC Midtjylland,Aarhus GF,1,1
2025-11-03,4648724,PO1,2025,domestic_league,2424,2423,Gil Vicente FC,CD Santa Clara,1,0
2025-11-03,4649014,RO1,2025,domestic_league,9465,8818,Petrolul Ploiesti,FC Botosani,0,0
2025-11-03,4649015,RO1,2025,domestic_league,29831,37255,FCV Farul Constanta,FK Csikszereda Miercurea Ciuc,3,0
2025-11-03,4665001,GR1,2025,domestic_league,6676,653,A.G.S Asteras Tripolis,Omilos Filathlon Irakliou FC,3,0
2025-11-03,4712526,PL1,2025,domestic_league,2118,324,Wisla Plock,Pogon Szczecin,2,0
2025-11-03,4712528,PL1,2025,domestic_league,4000,7154,Lechia Gdansk,Radomiak Radom,1,2
2025-11-03,4712530,PL1,2025,domestic_league,5689,168,Cracovia,Zaglebie Lubin,0,0
2025-11-03,4753871,FAC,2025,domestic_cup,3539,1150,Tamworth FC,Leyton Orient,0,1
2025-11-04,4714990,CL,2025,international_cup,31,418,Liverpool FC,Real Madrid,1,0
2025-11-04,4714992,CL,2025,international_cup,148,190,Tottenham Hotspur,FC Copenhagen,4,0
2025-11-04,4714994,CL,2025,international_cup,583,27,Paris Saint-Germain,Bayern Munich,1,2
2025-11-04,4715008,CL,2025,international_cup,506,336,Juventus FC,Sporting CP,1,1
2025-11-04,4715025,CL,2025,international_cup,13,3948,Atlético de Madrid,Union Saint-Gilloise,3,1
2025-11-04,4715026,CL,2025,international_cup,501,162,Fotballklubben Bodø/Glimt,AS Monaco,0,1
2025-11-04,4715033,CL,2025,international_cup,62,11,SK Slavia Prague,Arsenal FC,0,3
2025-11-04,4715037,CL,2025,international_cup,683,383,Olympiakos Syndesmos Filathlon Peiraios,PSV Eindhoven,1,1
2025-11-04,4715093,CL,2025,international_cup,6195,24,SSC Napoli,Eintracht Frankfurt,0,0
2025-11-05,4582317,BRA1,2024,domestic_league,537,978,S. A. F. Botafogo,Club de Regatas Vasco da Gama,3,0
2025-11-05,4582334,BRA1,2024,domestic_league,8793,199,Red Bull Bragantino,Sport Club Corinthians Paulista,2,1
2025-11-05,4582336,BRA1,2024,domestic_league,330,10010,Clube Atlético Mineiro,Esporte Clube Bahia,3,0
2025-11-05,4582339,BRA1,2024,domestic_league,210,609,Grêmio Foot-Ball Porto Alegrense,Cruzeiro Esporte Clube,0,1
2025-11-05,4582342,BRA1,2024,domestic_league,2125,6600,Esporte Clube Vitória,Sport Club Internacional,1,0
2025-11-05,4582346,BRA1,2024,domestic_league,8718,10492,Sport Club do Recife,Esporte Clube Juventude,0,2
2025-11-05,4640765,SER1,2025,domestic_league,8819,669,FK Javor-Matis Ivanjica,FK Partizan Belgrade,2,3
2025-11-05,4714978,CL,2025,international_cup,46,10482,Inter Milan,Kairat Almaty,2,1
2025-11-05,4714982,CL,2025,international_cup,281,16,Manchester City,Borussia Dortmund,4,1
2025-11-05,4714983,CL,2025,international_cup,610,141,Ajax Amsterdam,Galatasaray,0,3
2025-11-05,4714999,CL,2025,international_cup,2282,131,Club Brugge KV,FC Barcelona,3,3
2025-11-05,4715022,CL,2025,international_cup,244,800,Olympique Marseille,Atalanta BC,0,1
2025-11-05,4715027,CL,2025,international_cup,294,15,SL Benfica,Bayer 04 Leverkusen,0,1
2025-11-05,4715055,CL,2025,international_cup,10625,631,Qarabağ FK,Chelsea FC,2,2
2025-11-05,4715143,CL,2025,international_cup,762,621,Newcastle United,Athletic Bilbao,2,0
2025-11-05,4715145,CL,2025,international_cup,45457,1050,Pafos FC,Villarreal CF,1,0
2025-11-05,4758976,RUP,2025,domestic_cup,14589,16704,FC Orenburg,FK Krasnodar,1,3
2025-11-05,4758977,RUP,2025,domestic_cup,75231,2410,Dinamo Makhachkala,PFK CSKA Moskva,1,0
2025-11-05,4758978,RUP,2025,domestic_cup,964,121,AO FK Zenit Sankt-Peterburg,FK Dinamo Moskva,1,3
2025-11-06,4582300,BRA1,2024,domestic_league,2462,3876,Fluminense Football Club,Mirasol Futebol Clube,1,0
2025-11-06,4582330,BRA1,2024,domestic_league,585,614,São Paulo Futebol Clube,Clube de Regatas do Flamengo,2,2
2025-11-06,4582344,BRA1,2024,domestic_league,2029,10870,Ceará Sporting Club,Fortaleza Esporte Clube,1,1
2025-11-06,4693339,COL1,2025,,14649,2352,Boyacá Chicó FC,CD América de Cali,0,2
2025-11-06,4709340,SA1,2025,domestic_league,26069,91427,Al-Qadsiah Saudi Football Club,Al-Kholood Club,4,0
2025-11-06,4709341,SA1,2025,domestic_league,9131,6070,Al-Hazem Sport Club,Al-Khaleej Club (Saihat),1,4
2025-11-06,4709348,SA1,2025,domestic_league,31008,50532,Al-Riyadh Saudi Club,Damac Football Club,1,1
2025-11-06,4715923,EL,2025,other,124,12,Rangers FC,Associazione Sportiva Roma,0,2
2025-11-06,4715938,EL,2025,other,419,940,GNK Dinamo Zagreb,Celta de Vigo,0,3
2025-11-06,4715940,EL,2025,other,150,1041,Real Betis Balompié,Olympique Lyon,2,0
2025-11-06,4715946,EL,2025,other,409,1435,Fußballclub Red Bull Salzburg,Go Ahead Eagles,2,0
2025-11-06,4715948,EL,2025,other,405,119,Aston Villa,Maccabi Tel Aviv,2,0
2025-11-06,4715958,EL,2025,other,1075,1184,SC Braga,KRC Genk,3,4
2025-11-06,4715959,EL,2025,other,159,1082,Red Star Belgrade,LOSC Lille,1,0
2025-11-06,4715969,EL,2025,other,1091,452,Panthessalonikios Athlitikos Omilos Konstantinoupoliton,BSC Young Boys,4,0
2025-11-06,4715972,EL,2025,other,941,36,FC Viktoria Plzen,Fenerbahce,0,0
2025-11-06,4715977,EL,2025,other,279,31614,Ferencvárosi TC,Ludogorets Razgrad,3,1
2025-11-06,4715993,EL,2025,other,26,301,FC Basel 1893,FCSB,3,1
2025-11-06,4716009,EL,2025,other,122,703,Sportklub Puntigamer Sturm Graz,Nottingham Forest,0,0
2025-11-06,4716017,EL,2025,other,417,60,OGC Nice,SC Freiburg,1,3
2025-11-06,4716022,EL,2025,other,1025,1100,Bologna Football Club 1909,Sportsklubben Brann,0,0
2025-11-06,4716027,EL,2025,other,79,234,VfB Stuttgart,Feyenoord Rotterdam,2,0
2025-11-06,4716038,EL,2025,other,496,265,Malmö Fotbollförening,Panathinaikos Athlitikos Omilos,0,1
2025-11-06,4716043,EL,2025,other,200,720,FC Utrecht,FC Porto,1,1
2025-11-06,4716078,UCOL,2025,other,660,3737,FC Shakhtar Donetsk,Breidablik Kópavogur,2,0
2025-11-06,4716084,UCOL,2025,other,170,40812,Rapid Vienna,Universitatea Craiova,0,1
2025-11-06,4716090,UCOL,2025,other,197,9644,AC Sparta Prague,Raków Częstochowa,0,0
2025-11-06,4716092,UCOL,2025,other,338,6808,Dynamo Kyiv,HSK Zrinjski Mostar,6,0
2025-11-06,4716094,UCOL,2025,other,873,1090,Crystal Palace,AZ Alkmaar,3,1
2025-11-06,4716100,UCOL,2025,other,367,238,Rayo Vallecano,Lech Poznan,3,2
2025-11-06,4716109,UCOL,2025,other,39,430,1.FSV Mainz 05,ACF Fiorentina,2,1
2025-11-06,4716118,UCOL,2025,other,710,255,NK Celje,Legia Warszawa,2,1
2025-11-06,4716128,UCOL,2025,other,38204,144,Lincoln Red Imps FC,HNK Rijeka,1,1
2025-11-06,4716130,UCOL,2025,other,6251,540,Kuopion Palloseura,Slovan Bratislava,3,1
2025-11-06,4716133,UCOL,2025,other,2441,3258,Athlitiki Enosi Konstantinoupoleos,Shamrock Rovers,1,1
2025-11-06,4716150,UCOL,2025,other,152,17149,Samsunspor,Hamrun Spartans,3,0
2025-11-06,4716155,UCOL,2025,other,2156,370,AEK Larnaca,Aberdeen FC,0,0
2025-11-06,4716158,UCOL,2025,other,1167,2300,Shkendija Tetovo,Jagiellonia Bialystok,1,1
2025-11-06,4716161,UCOL,2025,other,1109,667,BK Häcken,RC Strasbourg Alsace,1,2
2025-11-06,4716164,UCOL,2025,other,527,829,Football Club Lausanne-Sport,Omonia Nicosia,1,1
2025-11-06,4716174,UCOL,2025,other,60368,2311,FC Noah Yerevan,"SK Sigma Olomouc, a.s.",1,2
2025-11-06,4716176,UCOL,2025,other,3909,33741,Shelbourne FC,FC Drita,0,1
2025-11-06,4716255,EL,2025,other,865,371,FC Midtjylland,Celtic FC,3,1
2025-11-06,4758979,RUP,2025,domestic_cup,232,932,FK Spartak Moskva,"Футбольный клуб ""Локомотив"" Москва",3,1
2025-11-07,4582322,BRA1,2024,domestic_league,1023,221,Sociedade Esportiva Palmeiras,Santos Futebol Clube,2,0
2025-11-07,4620800,IT1,2025,domestic_league,4172,2239,Pisa Sporting Club,US Cremonese,1,0
2025-11-07,4623880,PL1,2025,domestic_league,7154,5689,Radomiak Radom,Cracovia,3,0
2025-11-07,4623881,PL1,2025,domestic_league,168,428,Zaglebie Lubin,Górnik Zabrze,2,0
2025-11-07,4634212,L1,2025,domestic_league,86,82,SV Werder Bremen,VfL Wolfsburg,2,1
2025-11-07,4635110,FR1,2025,domestic_league,10004,273,Paris FC,Stade Rennais FC,0,1
2025-11-07,4641221,BE1,2025,domestic_league,9010,3508,FCV Dender EH,Zulte Waregem,2,2
2025-11-07,4641673,NL1,2025,domestic_league,317,1434,FC Twente Enschede,SC Telstar,0,0
2025-11-07,4645547,ES1,2025,domestic_league,1531,681,Elche CF,Real Sociedad,1,1
2025-11-07,4646108,UKR1,2025,domestic_league,87883,48332,FC Kudrivka,Kolos Kovalivka,1,3
2025-11-07,4646110,UKR1,2025,domestic_league,84122,39097,Epicentr Kamyanets-Podilskyi,Obolon Kyiv,1,2
2025-11-07,4647892,TR1,2025,domestic_league,820,6890,Gençlerbirliği Spor Kulübü,Basaksehir FK,2,1
2025-11-07,4648334,DK1,2025,domestic_league,173,1177,Odense Boldklub,Silkeborg IF,1,1
2025-11-07,4648752,PO1,2025,domestic_league,1465,8024,GD Estoril Praia,FC Arouca,4,3
2025-11-07,4649108,RO1,2025,domestic_league,6429,37624,FC Universitatea Cluj,FC Metaloglobus Bucharest,3,1
2025-11-07,4649111,RO1,2025,domestic_league,29831,8818,FCV Farul Constanta,FC Botosani,2,0
2025-11-07,4693347,COL1,2025,,9811,10093,Deportivo Pereira,Independiente Medellín,1,4
2025-11-07,4693353,COL1,2025,,7136,2350,Envigado FC,Millonarios FC,1,1
2025-11-07,4706164,KR1,2025,domestic_league,24575,456,HNK Gorica,HNK Vukovar 1991,1,1
2025-11-07,4709342,SA1,2025,domestic_league,50531,71665,Al-Fayha FC,Al-Okhdood Club,2,0
2025-11-07,4709344,SA1,2025,domestic_league,27221,28844,Al-Fateh Club,Al-Taawoun Football Club,2,5
2025-11-07,4709345,SA1,2025,domestic_league,32328,1114,Al-Najma Sport Club,Al-Hilal Saudi Football Club,2,4
2025-11-07,4727259,AUS1,2025,domestic_league,875,36100,Adelaide United,Western Sydney Wanderers,2,0
2025-11-07,4727260,AUS1,2025,domestic_league,970,6954,Perth Glory,Central Coast Mariners,0,1
2025-11-08,4522671,NO1,2024,domestic_league,10217,3837,Sarpsborg 08 Fotballforening,Fredrikstad Fotballklubb,0,2
2025-11-08,4522672,NO1,2024,domestic_league,239,4309,Viking Fotballklubb,Hamarkameratene,3,0
2025-11-08,4530595,JAP1,2024,domestic_league,2241,943,Kashima Antlers FC,Yokohama FC,2,1
2025-11-08,4530596,JAP1,2024,domestic_league,6632,1066,Hitachi Kashiwa Reysol,Nagoya Grampus Eight,1,0
2025-11-08,4530597,JAP1,2024,domestic_league,3734,9597,Tokyo Verdy,Avispa Fukuoka,0,0
2025-11-08,4530599,JAP1,2024,domestic_league,9598,22171,Kawasaki Frontale,Fagiano Okayama Sports Club,1,1
2025-11-08,4530600,JAP1,2024,domestic_league,8457,8344,Shonan Bellmare,Albirex Niigata,5,2
2025-11-08,4620794,IT1,2025,domestic_league,1047,1390,Como 1907,Cagliari Calcio,0,0
2025-11-08,4620797,IT1,2025,domestic_league,506,416,Juventus FC,Torino FC,0,0
2025-11-08,4620798,IT1,2025,domestic_league,1005,276,US Lecce,Hellas Verona,0,0
2025-11-08,4620799,IT1,2025,domestic_league,130,5,Parma Calcio 1913,AC Milan,2,2
2025-11-08,4623874,PL1,2025,domestic_league,6456,6112,GKS GieKSa Katowice Spółka Akcyjna,Piast Gliwice,1,3
2025-11-08,4623876,PL1,2025,domestic_league,4000,88,Lechia Gdansk,Widzew Lodz,2,1
2025-11-08,4623878,PL1,2025,domestic_league,3527,2118,Motor Lublin Spółka Akcyjna,Wisla Plock,1,1
2025-11-08,4624636,TS1,2025,domestic_league,377,1322,FC Baník Ostrava a.s.,FK Jablonec,0,1
2025-11-08,4624638,TS1,2025,domestic_league,5545,715,FC Zlin,"Bohemians Praha 1905, a.s.",0,1
2025-11-08,4624640,TS1,2025,domestic_league,1897,5544,FC Hradec Kralove,1.FC Slovacko,4,0
2025-11-08,4624643,TS1,2025,domestic_league,450,5546,FK Dukla Prague,FK Mlada Boleslav,0,1
2025-11-08,4625317,KR1,2025,domestic_league,11194,2362,NK Lokomotiva Zagreb,Slaven Belupo Koprivnica,1,1
2025-11-08,4625318,KR1,2025,domestic_league,447,327,HNK Hajduk Split,NK Osijek,2,0
2025-11-08,4625876,GB1,2025,domestic_league,631,543,Chelsea FC,Wolverhampton Wanderers,3,0
2025-11-08,4625878,GB1,2025,domestic_league,29,931,Everton FC,Fulham FC,2,0
2025-11-08,4625881,GB1,2025,domestic_league,289,11,Sunderland AFC,Arsenal FC,2,2
2025-11-08,4625882,GB1,2025,domestic_league,148,985,Tottenham Hotspur,Manchester United,2,2
2025-11-08,4625883,GB1,2025,domestic_league,379,1132,West Ham United,Burnley FC,3,2
2025-11-08,4627313,C1,2025,domestic_league,61,938,Servette FC,FC Thun,0,1
2025-11-08,4627315,C1,2025,domestic_league,242,504,FC Winterthur,Grasshopper Club Zurich,0,1
2025-11-08,4627316,C1,2025,domestic_league,260,434,FC Zürich,FC Luzern,3,2
2025-11-08,4634209,L1,2025,domestic_league,15,2036,Bayer 04 Leverkusen,1. Fußballclub Heidenheim 1846,6,0
2025-11-08,4634214,L1,2025,domestic_league,18,3,Borussia Mönchengladbach,1.FC Köln,3,1
2025-11-08,4634215,L1,2025,domestic_league,89,27,1.FC Union Berlin,Bayern Munich,2,2
2025-11-08,4634216,L1,2025,domestic_league,533,23826,TSG 1899 Hoffenheim,RB Leipzig,3,1
2025-11-08,4634217,L1,2025,domestic_league,41,16,Hamburger SV,Borussia Dortmund,1,1
2025-11-08,4635105,FR1,2025,domestic_league,244,3911,Olympique Marseille,Stade Brestois 29,3,0
2025-11-08,4635109,FR1,2025,domestic_league,738,995,Le Havre AC,FC Nantes,1,1
2025-11-08,4635112,FR1,2025,domestic_league,162,826,AS Monaco,RC Lens,1,4
2025-11-08,4640864,SER1,2025,domestic_league,788,6622,FK Napredak Krusevac,FK Mladost Lucani,0,1
2025-11-08,4640866,SER1,2025,domestic_league,7567,448,FK Radnicki Nis,FK Vojvodina Novi Sad,0,1
2025-11-08,4640867,SER1,2025,domestic_league,33328,53,FK Radnik Surdulica,OFK Beograd,1,0
2025-11-08,4641216,BE1,2025,domestic_league,1096,3901,Royal Antwerp FC,RAAL La Louvière,3,1
2025-11-08,4641217,BE1,2025,domestic_league,520,2727,Cercle Brugge,Oud-Heverlee Leuven,1,2
2025-11-08,4641220,BE1,2025,domestic_league,172,968,Royal Charleroi Sporting Club,KVC Westerlo,2,0
2025-11-08,4641674,NL1,2025,domestic_league,798,1304,Excelsior Rotterdam,Heracles Almelo,1,2
2025-11-08,4641675,NL1,2025,domestic_league,724,132,FC Volendam,NAC Breda,2,1
2025-11-08,4641676,NL1,2025,domestic_league,385,306,Fortuna Sittardia Combinatie,SC Heerenveen,2,0
2025-11-08,4641677,NL1,2025,domestic_league,1269,468,PEC Zwolle,Sparta Rotterdam,1,0
2025-11-08,4642948,A1,2025,domestic_league,266,2157,SV Ried,FC Blau-Weiss Linz,2,1
2025-11-08,4642949,A1,2025,domestic_league,4441,4467,Wolfsberger AC,TSV Hartberg,1,2
2025-11-08,4642950,A1,2025,domestic_league,14,316,Austria Vienna,Grazer AK 1902,2,1
2025-11-08,4645546,ES1,2025,domestic_league,13,3368,Atlético de Madrid,Levante UD,3,1
2025-11-08,4645548,ES1,2025,domestic_league,714,1050,RCD Espanyol Barcelona,Villarreal CF,0,2
2025-11-08,4645550,ES1,2025,domestic_league,12321,1108,Girona FC,Deportivo Alavés,1,0
2025-11-08,4645554,ES1,2025,domestic_league,368,331,Sevilla FC,CA Osasuna,1,0
2025-11-08,4646107,UKR1,2025,domestic_league,26459,48726,NK Veres Rivne,Rukh Lviv,1,0
2025-11-08,4646113,UKR1,2025,domestic_league,55686,10690,TOV FK Metalist 1925 Kharkiv,Zorya Lugansk,1,3
2025-11-08,4646114,UKR1,2025,domestic_league,85465,3592,Karpaty Lviv,Kryvbas Kryvyi Rig,1,0
2025-11-08,4647885,TR1,2025,domestic_league,10484,1467,Kasimpasa,Göztepe,0,2
2025-11-08,4647886,TR1,2025,domestic_league,589,114,Antalyaspor,Beşiktaş Jimnastik Kulübü,1,3
2025-11-08,4647887,TR1,2025,domestic_league,449,11282,Trabzonspor,Alanyaspor,1,1
2025-11-08,4647890,TR1,2025,domestic_league,2832,126,Gaziantep FK,Caykur Rizespor,2,2
2025-11-08,4648747,PO1,2025,domestic_league,2521,2425,FC Alverca,Rio Ave FC,1,1
2025-11-08,4648749,PO1,2025,domestic_league,2423,336,CD Santa Clara,Sporting CP,1,2
2025-11-08,4648753,PO1,2025,domestic_league,7179,2420,CD Tondela,Vitória Guimarães SC,0,1
2025-11-08,4649110,RO1,2025,domestic_league,9465,4959,Petrolul Ploiesti,SC Otelul Galati,0,0
2025-11-08,4649112,RO1,2025,domestic_league,312,37255,FC Dinamo 1948,FK Csikszereda Miercurea Ciuc,4,0
2025-11-08,4649114,RO1,2025,domestic_league,455,41278,FC Rapid 1923,ACSC FC Arges,2,0
2025-11-08,4649284,RU1,2025,domestic_league,121,71985,FK Dinamo Moskva,Akron Togliatti,1,2
2025-11-08,4649287,RU1,2025,domestic_league,49702,2698,FK Nizhny Novgorod,FC Rubin Kazan,0,0
2025-11-08,4649289,RU1,2025,domestic_league,75231,2410,Dinamo Makhachkala,PFK CSKA Moskva,0,1
2025-11-08,4649290,RU1,2025,domestic_league,41231,1083,FK Sochi,FK Rostov,0,1
2025-11-08,4649424,SC1,2025,domestic_league,1191,1241,Falkirk FC,Livingston FC,1,1
2025-11-08,4649425,SC1,2025,domestic_league,465,903,St. Mirren FC,Hibernian FC,0,3
2025-11-08,4665020,GR1,2025,domestic_league,6418,4603,Panetolikos Agrinio,Athlitiki Enosi Larisas,3,0
2025-11-08,4693350,COL1,2025,,8172,20590,Atlético Nacional,Rionegro Águilas,2,1
2025-11-08,4693351,COL1,2025,,32041,11854,Fortaleza CEIF,Junior FC,1,1
2025-11-08,4693355,COL1,2025,,10503,38628,Deportes Tolima,Llaneros FC,3,1
2025-11-08,4709343,SA1,2025,domestic_league,9840,7732,Al-Shabab Club,Al-Ettifaq Football Club,1,1
2025-11-08,4709346,SA1,2025,domestic_league,8023,18487,Al-Ittihad Football Club,Al-Ahli Saudi Football Club,0,1
2025-11-08,4709347,SA1,2025,domestic_league,34911,18544,Neom Sports Club,Al-Nassr Football Club,1,3
2025-11-08,4726114,BRA1,2024,domestic_league,978,10492,Club de Regatas Vasco da Gama,Esporte Clube Juventude,1,3
2025-11-08,4726119,BRA1,2024,domestic_league,6600,10010,Sport Club Internacional,Esporte Clube Bahia,2,2
2025-11-08,4726122,BRA1,2024,domestic_league,8718,330,Sport Club do Recife,Clube Atlético Mineiro,2,4
2025-11-08,4727261,AUS1,2025,domestic_league,8445,118373,Wellington Phoenix,Auckland FC,1,2
2025-11-08,4727262,AUS1,2025,domestic_league,7006,25580,Melbourne Victory,Melbourne City FC,0,2
2025-11-08,4752445,RSK1,2024,domestic_league,6504,30925,Daegu FC,Gwangju Football Club,1,0
2025-11-08,4752446,RSK1,2024,domestic_league,6505,21459,Gimcheon Sangmu Football Club,Gangwon Football Club,0,1
2025-11-08,4752447,RSK1,2024,domestic_league,6502,6499,Jeonbuk Hyundai Motors,Foundation Coorperation Hana Financial Group Inc. Football Club,3,1
2025-11-09,4522665,NO1,2024,domestic_league,501,1057,Fotballklubben Bodø/Glimt,Bryne FK,5,0
2025-11-09,4522666,NO1,2024,domestic_league,1100,23184,Sportsklubben Brann,KFUM-Kameratene Oslo,1,1
2025-11-09,4522667,NO1,2024,domestic_league,2761,687,FK Haugesund,Molde Fotballklubb,0,2
2025-11-09,4522668,NO1,2024,domestic_league,21101,2817,Kristiansund Ballklubb,Strømsgodset IF,2,1
2025-11-09,4522669,NO1,2024,domestic_league,195,76,Rosenborg Ballklub,Vålerengens Idrettsforening,1,0
2025-11-09,4522670,NO1,2024,domestic_league,6399,1293,Sandefjord Fotball,Tromsø Idrettslag,1,0
2025-11-09,4530598,JAP1,2024,domestic_league,23568,6631,Zelvia,Tokyo Football Club,0,1
2025-11-09,4530601,JAP1,2024,domestic_league,1062,1022,S-Pulse,Cerezo Osaka,1,4
2025-11-09,4550419,SE1,2024,domestic_league,272,1011,Allmänna Idrottsklubben,Halmstads BK,0,2
2025-11-09,4550420,SE1,2024,domestic_league,1059,1101,Hammarby IF,Idrottsföreningen Elfsborg,3,0
2025-11-09,4550421,SE1,2024,domestic_league,1092,3641,Idrottsföreningen  Brommapojkarna,Degerfors IF,1,3
2025-11-09,4550422,SE1,2024,domestic_league,801,2844,Idrottsföreningen Kamraterna Göteborg,IFK Norrköping,2,0
2025-11-09,4550423,SE1,2024,domestic_league,1236,1044,Östers IF,Djurgårdens Idrottsförening,1,3
2025-11-09,4550424,SE1,2024,domestic_league,496,7009,Malmö Fotbollförening,Göteborgs Atlet- och Idrottssällskap,2,1
2025-11-09,4550425,SE1,2024,domestic_league,2719,1109,Mjällby Almänna Idrottsförening,BK Häcken,1,0
2025-11-09,4550426,SE1,2024,domestic_league,7945,3622,IK Sirius,IFK Värnamo,3,1
2025-11-09,4620792,IT1,2025,domestic_league,800,6574,Atalanta BC,US Sassuolo,0,3
2025-11-09,4620793,IT1,2025,domestic_league,1025,6195,Bologna Football Club 1909,SSC Napoli,2,0
2025-11-09,4620795,IT1,2025,domestic_league,252,430,Genoa CFC,ACF Fiorentina,2,2
2025-11-09,4620796,IT1,2025,domestic_league,46,398,Inter Milan,Società Sportiva Lazio S.p.A.,2,0
2025-11-09,4620801,IT1,2025,domestic_league,12,410,Associazione Sportiva Roma,Udinese Calcio,2,0
2025-11-09,4623873,PL1,2025,domestic_league,6107,238,Morski Związkowy Klub Sportowy Arka Gdynia Spółka Akcyjna,Lech Poznan,3,1
2025-11-09,4623875,PL1,2025,domestic_league,6110,9644,Korona Kielce,Raków Częstochowa,1,4
2025-11-09,4623877,PL1,2025,domestic_league,255,15906,Legia Warszawa,Termalica Bruk-Bet Nieciecza Klub Sportowy,1,2
2025-11-09,4623879,PL1,2025,domestic_league,324,2300,Pogon Szczecin,Jagiellonia Bialystok,1,2
2025-11-09,4624637,TS1,2025,domestic_league,941,62,FC Viktoria Plzen,SK Slavia Prague,3,5
2025-11-09,4624639,TS1,2025,domestic_league,197,814,AC Sparta Prague,FK Teplice,2,2
2025-11-09,4624641,TS1,2025,domestic_league,697,13726,FC Slovan Liberec,MFK Karvina,6,0
2025-11-09,4624642,TS1,2025,domestic_league,2311,1496,"SK Sigma Olomouc, a.s.",FK Pardubice,2,0
2025-11-09,4625315,KR1,2025,domestic_league,999,419,NK Istra 1961,GNK Dinamo Zagreb,2,1
2025-11-09,4625319,KR1,2025,domestic_league,599,144,NK Varazdin,HNK Rijeka,1,0
2025-11-09,4625874,GB1,2025,domestic_league,405,989,Aston Villa,AFC Bournemouth,4,0
2025-11-09,4625875,GB1,2025,domestic_league,1148,762,Brentford FC,Newcastle United,3,1
2025-11-09,4625877,GB1,2025,domestic_league,873,1237,Crystal Palace,Brighton & Hove Albion,0,0
2025-11-09,4625879,GB1,2025,domestic_league,281,31,Manchester City,Liverpool FC,3,0
2025-11-09,4625880,GB1,2025,domestic_league,703,399,Nottingham Forest,Leeds United,3,1
2025-11-09,4627311,C1,2025,domestic_league,26,2790,FC Basel 1893,FC Lugano,0,1
2025-11-09,4627312,C1,2025,domestic_league,527,321,Football Club Lausanne-Sport,FC Sion,2,2
2025-11-09,4627314,C1,2025,domestic_league,257,452,FC St. Gallen 1879,BSC Young Boys,1,4
2025-11-09,4634210,L1,2025,domestic_league,24,39,Eintracht Frankfurt,1.FSV Mainz 05,1,0
2025-11-09,4634211,L1,2025,domestic_league,60,35,SC Freiburg,FC St. Pauli,2,1
2025-11-09,4634213,L1,2025,domestic_league,79,167,VfB Stuttgart,FC Augsburg,3,2
2025-11-09,4635106,FR1,2025,domestic_league,1041,583,Olympique Lyon,Paris Saint-Germain,2,3
2025-11-09,4635107,FR1,2025,domestic_league,347,417,FC Metz,OGC Nice,2,1
2025-11-09,4635108,FR1,2025,domestic_league,1420,290,Angers SCO,AJ Auxerre,2,0
2025-11-09,4635111,FR1,2025,domestic_league,1158,415,FC Lorient,FC Toulouse,1,1
2025-11-09,4635113,FR1,2025,domestic_league,667,1082,RC Strasbourg Alsace,LOSC Lille,2,0
2025-11-09,4640861,SER1,2025,domestic_league,59358,8819,FK Zeleznicar Pancevo,FK Javor-Matis Ivanjica,2,0
2025-11-09,4640862,SER1,2025,domestic_league,669,4633,FK Partizan Belgrade,FK Novi Pazar,2,0
2025-11-09,4640865,SER1,2025,domestic_league,32113,3137,FK IMT Belgrad,FK TSC Backa Topola,1,1
2025-11-09,4640868,SER1,2025,domestic_league,15276,159,FK Spartak Subotica,Red Star Belgrade,2,3
2025-11-09,4641214,BE1,2025,domestic_league,58,2282,RSC Anderlecht,Club Brugge KV,1,0
2025-11-09,4641215,BE1,2025,domestic_league,157,1184,KAA Gent,KRC Genk,1,1
2025-11-09,4641218,BE1,2025,domestic_league,354,3948,KV Mechelen,Union Saint-Gilloise,1,1
2025-11-09,4641219,BE1,2025,domestic_league,475,3057,Sint-Truidense VV,Standard Liège,1,0
2025-11-09,4641678,NL1,2025,domestic_league,200,610,FC Utrecht,Ajax Amsterdam,2,1
2025-11-09,4641679,NL1,2025,domestic_league,1090,383,AZ Alkmaar,PSV Eindhoven,1,5
2025-11-09,4641680,NL1,2025,domestic_league,467,202,NEC Nijmegen,FC Groningen,2,0
2025-11-09,4641681,NL1,2025,domestic_league,1435,234,Go Ahead Eagles,Feyenoord Rotterdam,2,1
2025-11-09,4642946,A1,2025,domestic_league,122,409,Sportklub Puntigamer Sturm Graz,Fußballclub Red Bull Salzburg,1,1
2025-11-09,4642947,A1,2025,domestic_league,413,3551,LASK,Sportclub Rheindorf Altach,1,0
2025-11-09,4642951,A1,2025,domestic_league,2446,170,WSG Tirol,Rapid Vienna,1,1
2025-11-09,4645545,ES1,2025,domestic_league,621,2497,Athletic Bilbao,Real Oviedo,1,0
2025-11-09,4645549,ES1,2025,domestic_league,367,418,Rayo Vallecano,Real Madrid,0,0
2025-11-09,4645551,ES1,2025,domestic_league,940,131,Celta de Vigo,FC Barcelona,2,4
2025-11-09,4645552,ES1,2025,domestic_league,1049,150,Valencia CF,Real Betis Balompié,1,1
2025-11-09,4645553,ES1,2025,domestic_league,237,3709,RCD Mallorca,Getafe CF,1,0
2025-11-09,4646109,UKR1,2025,domestic_league,338,63007,Dynamo Kyiv,LNZ Cherkasy,0,1
2025-11-09,4646111,UKR1,2025,domestic_league,660,81401,FC Shakhtar Donetsk,SC Poltava,7,1
2025-11-09,4646112,UKR1,2025,domestic_league,18303,53646,FC Oleksandriya,FK Polissya Zhytomyr,0,3
2025-11-09,4647888,TR1,2025,domestic_league,152,7160,Samsunspor,Eyüpspor,1,0
2025-11-09,4647889,TR1,2025,domestic_league,6646,2293,Fatih Karagümrük,Konyaspor,2,0
2025-11-09,4647891,TR1,2025,domestic_league,36,3205,Fenerbahce,Kayserispor,4,2
2025-11-09,4647893,TR1,2025,domestic_league,120,141,Kocaelispor,Galatasaray,1,0
2025-11-09,4648331,DK1,2025,domestic_league,678,5817,Aarhus GF,Sönderjyske Fodbold,2,3
2025-11-09,4648332,DK1,2025,domestic_league,206,2778,Bröndby IF,FC Nordsjaelland,2,0
2025-11-09,4648333,DK1,2025,domestic_league,5776,1063,FC Fredericia,Viborg FF,0,3
2025-11-09,4648335,DK1,2025,domestic_league,443,190,Vejle Boldklub,FC Copenhagen,2,0
2025-11-09,4648336,DK1,2025,domestic_league,5724,865,Randers FC,FC Midtjylland,0,2
2025-11-09,4648745,PO1,2025,domestic_league,110302,2424,Avs Futebol,Gil Vicente FC,1,1
2025-11-09,4648746,PO1,2025,domestic_league,2431,982,CF Estrela Amadora,CD Nacional,1,1
2025-11-09,4648748,PO1,2025,domestic_league,3329,720,FC Famalicão,FC Porto,0,1
2025-11-09,4648750,PO1,2025,domestic_league,1075,979,SC Braga,Moreirense FC,2,1
2025-11-09,4648751,PO1,2025,domestic_league,294,3268,SL Benfica,Casa Pia AC,2,2
2025-11-09,4649107,RO1,2025,domestic_league,40812,952,Universitatea Craiova,UTA Arad,1,2
2025-11-09,4649109,RO1,2025,domestic_league,58049,301,FC Hermannstadt,FCSB,3,3
2025-11-09,4649113,RO1,2025,domestic_league,29700,7769,AFC Unirea 04 Slobozia,CFR Cluj,0,1
2025-11-09,4649283,RU1,2025,domestic_league,2696,964,PFK Krylya Sovetov Samara,AO FK Zenit Sankt-Peterburg,1,1
2025-11-09,4649285,RU1,2025,domestic_league,932,14589,"Футбольный клуб ""Локомотив"" Москва",FC Orenburg,1,0
2025-11-09,4649286,RU1,2025,domestic_league,3725,232,RFK Akhmat Grozny,FK Spartak Moskva,1,2
2025-11-09,4649288,RU1,2025,domestic_league,2741,16704,FK Baltika,FK Krasnodar,1,1
2025-11-09,4649421,SC1,2025,domestic_league,370,987,Aberdeen FC,Motherwell FC,1,1
2025-11-09,4649422,SC1,2025,domestic_league,371,2553,Celtic FC,Kilmarnock FC,4,0
2025-11-09,4649423,SC1,2025,domestic_league,511,124,Dundee FC,Rangers FC,0,3
2025-11-09,4649426,SC1,2025,domestic_league,43,1519,Heart of Midlothian FC,Dundee United FC,1,1
2025-11-09,4665014,GR1,2025,domestic_league,605,6676,Aris Thessalonikis,A.G.S Asteras Tripolis,0,0
2025-11-09,4665015,GR1,2025,domestic_league,3060,60949,APS Atromitos Athinon,Volou Neos Podosferikos Syllogos,0,1
2025-11-09,4665016,GR1,2025,domestic_league,30120,683,Athlitiki Enosi Kifisias,Olympiakos Syndesmos Filathlon Peiraios,1,3
2025-11-09,4665017,GR1,2025,domestic_league,2672,3385,APO Levadiakos Football Club,Panserraikos Serres,5,2
2025-11-09,4665018,GR1,2025,domestic_league,653,2441,Omilos Filathlon Irakliou FC,Athlitiki Enosi Konstantinoupoleos,0,1
2025-11-09,4665019,GR1,2025,domestic_league,265,1091,Panathinaikos Athlitikos Omilos,Panthessalonikios Athlitikos Omilos Konstantinoupoliton,2,1
2025-11-09,4693346,COL1,2025,,22902,14649,Alianza FC,Boyacá Chicó FC,2,0
2025-11-09,4693348,COL1,2025,,6984,10090,Once Caldas,Asociación Deportivo Pasto,1,0
2025-11-09,4693349,COL1,2025,,6495,17425,Atlético Bucaramanga,Internacional de Bogotá,2,1
2025-11-09,4693354,COL1,2025,,2352,14680,CD América de Cali,Unión Magdalena,3,0
2025-11-09,4726113,BRA1,2024,domestic_league,614,221,Clube de Regatas do Flamengo,Santos Futebol Clube,3,2
2025-11-09,4726115,BRA1,2024,domestic_league,199,2029,Sport Club Corinthians Paulista,Ceará Sporting Club,0,1
2025-11-09,4726116,BRA1,2024,domestic_league,585,8793,São Paulo Futebol Clube,Red Bull Bragantino,0,1
2025-11-09,4726117,BRA1,2024,domestic_league,3876,1023,Mirasol Futebol Clube,Sociedade Esportiva Palmeiras,2,1
2025-11-09,4726118,BRA1,2024,domestic_league,609,2462,Cruzeiro Esporte Clube,Fluminense Football Club,0,0
2025-11-09,4726120,BRA1,2024,domestic_league,2125,537,Esporte Clube Vitória,S. A. F. Botafogo,0,0
2025-11-09,4726121,BRA1,2024,domestic_league,10870,210,Fortaleza Esporte Clube,Grêmio Foot-Ball Porto Alegrense,2,2
2025-11-09,4727258,AUS1,2025,domestic_league,7831,5551,Brisbane Roar,Newcastle United Jets,3,0
2025-11-09,4727263,AUS1,2025,domestic_league,8054,71085,Sydney FC,Macarthur FC,2,0
2025-11-09,4752448,RSK1,2024,domestic_league,311,6500,Football Club Pohang Steelers,Football Club Seoul,0,0
2025-11-09,4752449,RSK1,2024,domestic_league,3535,31622,Ulsan Hyundai Football Club,Suwon FC,1,0
2025-11-10,4693352,COL1,2025,,11648,9961,Independiente Santa Fe,Deportivo Cali,1,0
2025-11-12,4582225,BRA1,2024,domestic_league,330,10870,Clube Atlético Mineiro,Fortaleza Esporte Clube,3,3
2025-11-12,4766958,COL1,2025,,17425,9811,Internacional de Bogotá,Deportivo Pereira,4,0
2025-11-13,4766959,COL1,2025,,14649,2350,Boyacá Chicó FC,Millonarios FC,1,2
2025-11-14,4766960,COL1,2025,,38628,7136,Llaneros FC,Envigado FC,0,3
2025-11-14,4766961,COL1,2025,,11648,22902,Independiente Santa Fe,Alianza FC,1,0
2025-11-14,4766962,COL1,2025,,20590,10503,Rionegro Águilas,Deportes Tolima,1,2
2025-11-14,4766963,COL1,2025,,10093,2352,Independiente Medellín,CD América de Cali,3,0
2025-11-14,4766964,COL1,2025,,14680,32041,Unión Magdalena,Fortaleza CEIF,2,0
2025-11-14,4766965,COL1,2025,,10090,6495,Asociación Deportivo Pasto,Atlético Bucaramanga,3,0
2025-11-14,4766966,COL1,2025,,9961,6984,Deportivo Cali,Once Caldas,1,1
2025-11-14,4766967,COL1,2025,,11854,8172,Junior FC,Atlético Nacional,2,1
2025-11-15,4582119,BRA1,2024,domestic_league,8718,614,Sport Club do Recife,Clube de Regatas do Flamengo,1,5
2025-11-16,4582203,BRA1,2024,domestic_league,221,1023,Santos Futebol Clube,Sociedade Esportiva Palmeiras,1,0
2025-11-16,4726157,BRA1,2024,domestic_league,8793,330,Red Bull Bragantino,Clube Atlético Mineiro,2,0
2025-11-18,4726124,BRA1,2024,domestic_league,537,8718,S. A. F. Botafogo,Sport Club do Recife,3,2
2025-11-19,4726155,BRA1,2024,domestic_league,1023,2125,Sociedade Esportiva Palmeiras,Esporte Clube Vitória,0,0
2025-11-20,4726123,BRA1,2024,domestic_league,2462,614,Fluminense Football Club,Clube de Regatas do Flamengo,2,1
2025-11-20,4726125,BRA1,2024,domestic_league,199,585,Sport Club Corinthians Paulista,São Paulo Futebol Clube,3,1
2025-11-20,4726126,BRA1,2024,domestic_league,221,3876,Santos Futebol Clube,Mirasol Futebol Clube,1,1
2025-11-20,4726129,BRA1,2024,domestic_league,210,978,Grêmio Foot-Ball Porto Alegrense,Club de Regatas Vasco da Gama,2,0
2025-11-20,4726130,BRA1,2024,domestic_league,10010,10870,Esporte Clube Bahia,Fortaleza Esporte Clube,2,3
2025-11-20,4726132,BRA1,2024,domestic_league,10492,609,Esporte Clube Juventude,Cruzeiro Esporte Clube,3,3
2025-11-21,4522740,NO1,2024,domestic_league,23184,501,KFUM-Kameratene Oslo,Fotballklubben Bodø/Glimt,1,2
2025-11-21,4623882,PL1,2025,domestic_league,15906,6107,Termalica Bruk-Bet Nieciecza Klub Sportowy,Morski Związkowy Klub Sportowy Arka Gdynia Spółka Akcyjna,2,0
2025-11-21,4623884,PL1,2025,domestic_league,428,2118,Górnik Zabrze,Wisla Plock,1,1
2025-11-21,4625323,KR1,2025,domestic_league,2362,456,Slaven Belupo Koprivnica,HNK Vukovar 1991,4,1
2025-11-21,4634220,L1,2025,domestic_league,39,533,1.FSV Mainz 05,TSG 1899 Hoffenheim,1,1
2025-11-21,4635121,FR1,2025,domestic_league,417,244,OGC Nice,Olympique Marseille,1,5
2025-11-21,4640735,SER1,2025,domestic_league,33328,448,FK Radnik Surdulica,FK Vojvodina Novi Sad,3,1
2025-11-21,4641275,BE1,2025,domestic_league,3057,3508,Standard Liège,Zulte Waregem,0,0
2025-11-21,4645502,ES1,2025,domestic_league,1049,3368,Valencia CF,Levante UD,1,0
2025-11-21,4646100,UKR1,2025,domestic_league,81401,63007,SC Poltava,LNZ Cherkasy,0,2
2025-11-21,4648325,DK1,2025,domestic_league,1177,678,Silkeborg IF,Aarhus GF,0,2
2025-11-21,4649120,RO1,2025,domestic_league,37255,29700,FK Csikszereda Miercurea Ciuc,AFC Unirea 04 Slobozia,2,1
2025-11-21,4649122,RO1,2025,domestic_league,41278,40812,ACSC FC Arges,Universitatea Craiova,1,2
2025-11-21,4649282,RU1,2025,domestic_league,71985,41231,Akron Togliatti,FK Sochi,3,2
2025-11-21,4709331,SA1,2025,domestic_league,18487,26069,Al-Ahli Saudi Football Club,Al-Qadsiah Saudi Football Club,2,1
2025-11-21,4709332,SA1,2025,domestic_league,8023,31008,Al-Ittihad Football Club,Al-Riyadh Saudi Club,2,1
2025-11-21,4709335,SA1,2025,domestic_league,91427,9131,Al-Kholood Club,Al-Hazem Sport Club,1,2
2025-11-21,4726131,BRA1,2024,domestic_league,2029,6600,Ceará Sporting Club,Sport Club Internacional,1,2
2025-11-21,4727246,AUS1,2025,domestic_league,875,25580,Adelaide United,Melbourne City FC,4,1
2025-11-22,4522741,NO1,2024,domestic_league,687,1100,Molde Fotballklubb,Sportsklubben Brann,4,0
2025-11-22,4522742,NO1,2024,domestic_league,2817,6399,Strømsgodset IF,Sandefjord Fotball,2,6
2025-11-22,4522743,NO1,2024,domestic_league,1293,195,Tromsø Idrettslag,Rosenborg Ballklub,1,0
2025-11-22,4522744,NO1,2024,domestic_league,76,21101,Vålerengens Idrettsforening,Kristiansund Ballklubb,3,0
2025-11-22,4620802,IT1,2025,domestic_league,1390,252,Cagliari Calcio,Genoa CFC,3,3
2025-11-22,4620804,IT1,2025,domestic_league,430,506,ACF Fiorentina,Juventus FC,1,1
2025-11-22,4620807,IT1,2025,domestic_league,6195,800,SSC Napoli,Atalanta BC,3,1
2025-11-22,4620810,IT1,2025,domestic_league,410,1025,Udinese Calcio,Bologna Football Club 1909,0,3
2025-11-22,4623883,PL1,2025,domestic_league,5689,3527,Cracovia,Motor Lublin Spółka Akcyjna,1,2
2025-11-22,4623887,PL1,2025,domestic_league,255,4000,Legia Warszawa,Lechia Gdansk,2,2
2025-11-22,4623889,PL1,2025,domestic_league,9644,6112,Raków Częstochowa,Piast Gliwice,1,3
2025-11-22,4624644,TS1,2025,domestic_league,450,2311,FK Dukla Prague,"SK Sigma Olomouc, a.s.",2,2
2025-11-22,4624645,TS1,2025,domestic_league,1496,697,FK Pardubice,FC Slovan Liberec,0,4
2025-11-22,4624646,TS1,2025,domestic_league,5546,197,FK Mlada Boleslav,AC Sparta Prague,1,2
2025-11-22,4624650,TS1,2025,domestic_league,814,377,FK Teplice,FC Baník Ostrava a.s.,1,0
2025-11-22,4624651,TS1,2025,domestic_league,62,715,SK Slavia Prague,"Bohemians Praha 1905, a.s.",3,1
2025-11-22,4625320,KR1,2025,domestic_league,419,599,GNK Dinamo Zagreb,NK Varazdin,3,1
2025-11-22,4625321,KR1,2025,domestic_league,144,447,HNK Rijeka,HNK Hajduk Split,5,0
2025-11-22,4625885,GB1,2025,domestic_league,989,379,AFC Bournemouth,West Ham United,2,2
2025-11-22,4625886,GB1,2025,domestic_league,1237,1148,Brighton & Hove Albion,Brentford FC,2,1
2025-11-22,4625887,GB1,2025,domestic_league,1132,631,Burnley FC,Chelsea FC,0,2
2025-11-22,4625888,GB1,2025,domestic_league,931,289,Fulham FC,Sunderland AFC,1,0
2025-11-22,4625890,GB1,2025,domestic_league,31,703,Liverpool FC,Nottingham Forest,0,3
2025-11-22,4625892,GB1,2025,domestic_league,762,281,Newcastle United,Manchester City,2,1
2025-11-22,4625893,GB1,2025,domestic_league,543,873,Wolverhampton Wanderers,Crystal Palace,0,2
2025-11-22,4627318,C1,2025,domestic_league,434,61,FC Luzern,Servette FC,2,2
2025-11-22,4627321,C1,2025,domestic_league,938,2790,FC Thun,FC Lugano,0,1
2025-11-22,4627322,C1,2025,domestic_league,452,242,BSC Young Boys,FC Winterthur,5,0
2025-11-22,4634218,L1,2025,domestic_league,27,60,Bayern Munich,SC Freiburg,6,2
2025-11-22,4634219,L1,2025,domestic_league,16,79,Borussia Dortmund,VfB Stuttgart,3,3
2025-11-22,4634222,L1,2025,domestic_league,82,15,VfL Wolfsburg,Bayer 04 Leverkusen,1,3
2025-11-22,4634223,L1,2025,domestic_league,167,41,FC Augsburg,Hamburger SV,1,0
2025-11-22,4634225,L1,2025,domestic_league,2036,18,1. Fußballclub Heidenheim 1846,Borussia Mönchengladbach,0,3
2025-11-22,4634226,L1,2025,domestic_league,3,24,1.FC Köln,Eintracht Frankfurt,3,4
2025-11-22,4635114,FR1,2025,domestic_league,826,667,RC Lens,RC Strasbourg Alsace,1,0
2025-11-22,4635115,FR1,2025,domestic_league,273,162,Stade Rennais FC,AS Monaco,4,1
2025-11-22,4635122,FR1,2025,domestic_league,583,738,Paris Saint-Germain,Le Havre AC,3,0
2025-11-22,4640734,SER1,2025,domestic_league,15276,53,FK Spartak Subotica,OFK Beograd,2,2
2025-11-22,4640738,SER1,2025,domestic_league,788,6621,FK Napredak Krusevac,FK Cukaricki,1,1
2025-11-22,4640740,SER1,2025,domestic_league,669,59358,FK Partizan Belgrade,FK Zeleznicar Pancevo,1,3
2025-11-22,4641271,BE1,2025,domestic_league,2282,172,Club Brugge KV,Royal Charleroi Sporting Club,1,0
2025-11-22,4641272,BE1,2025,domestic_league,3948,520,Union Saint-Gilloise,Cercle Brugge,2,0
2025-11-22,4641278,BE1,2025,domestic_league,968,157,KVC Westerlo,KAA Gent,0,0
2025-11-22,4641637,NL1,2025,domestic_league,610,798,Ajax Amsterdam,Excelsior Rotterdam,1,2
2025-11-22,4641639,NL1,2025,domestic_league,724,317,FC Volendam,FC Twente Enschede,1,1
2025-11-22,4641641,NL1,2025,domestic_league,1304,1435,Heracles Almelo,Go Ahead Eagles,4,2
2025-11-22,4641642,NL1,2025,domestic_league,132,383,NAC Breda,PSV Eindhoven,0,1
2025-11-22,4641644,NL1,2025,domestic_league,468,385,Sparta Rotterdam,Fortuna Sittardia Combinatie,1,1
2025-11-22,4642955,A1,2025,domestic_league,4467,266,TSV Hartberg,SV Ried,2,0
2025-11-22,4642956,A1,2025,domestic_league,2157,14,FC Blau-Weiss Linz,Austria Vienna,2,3
2025-11-22,4642957,A1,2025,domestic_league,3551,4441,Sportclub Rheindorf Altach,Wolfsberger AC,3,1
2025-11-22,4645498,ES1,2025,domestic_league,331,681,CA Osasuna,Real Sociedad,1,3
2025-11-22,4645500,ES1,2025,domestic_league,131,621,FC Barcelona,Athletic Bilbao,4,0
2025-11-22,4645503,ES1,2025,domestic_league,1050,237,Villarreal CF,RCD Mallorca,2,1
2025-11-22,4645504,ES1,2025,domestic_league,1108,940,Deportivo Alavés,Celta de Vigo,0,1
2025-11-22,4646099,UKR1,2025,domestic_league,48332,338,Kolos Kovalivka,Dynamo Kyiv,2,1
2025-11-22,4646102,UKR1,2025,domestic_league,39097,660,Obolon Kyiv,FC Shakhtar Donetsk,0,6
2025-11-22,4646104,UKR1,2025,domestic_league,85465,55686,Karpaty Lviv,TOV FK Metalist 1925 Kharkiv,1,2
2025-11-22,4647903,TR1,2025,domestic_league,7160,6646,Eyüpspor,Fatih Karagümrük,1,1
2025-11-22,4647909,TR1,2025,domestic_league,141,820,Galatasaray,Gençlerbirliği Spor Kulübü,3,2
2025-11-22,4647911,TR1,2025,domestic_league,3205,2832,Kayserispor,Gaziantep FK,0,3
2025-11-22,4649115,RO1,2025,domestic_league,952,6429,UTA Arad,FC Universitatea Cluj,0,2
2025-11-22,4649117,RO1,2025,domestic_league,301,9465,FCSB,Petrolul Ploiesti,1,1
2025-11-22,4649275,RU1,2025,domestic_league,232,2410,FK Spartak Moskva,PFK CSKA Moskva,1,0
2025-11-22,4649279,RU1,2025,domestic_league,14589,2741,FC Orenburg,FK Baltika,0,0
2025-11-22,4649280,RU1,2025,domestic_league,2698,3725,FC Rubin Kazan,RFK Akhmat Grozny,1,0
2025-11-22,4649440,SC1,2025,domestic_league,1519,1191,Dundee United FC,Falkirk FC,0,3
2025-11-22,4649441,SC1,2025,domestic_league,903,511,Hibernian FC,Dundee FC,2,0
2025-11-22,4649442,SC1,2025,domestic_league,2553,987,Kilmarnock FC,Motherwell FC,1,3
2025-11-22,4649443,SC1,2025,domestic_league,124,1241,Rangers FC,Livingston FC,2,1
2025-11-22,4649444,SC1,2025,domestic_league,465,371,St. Mirren FC,Celtic FC,0,1
2025-11-22,4665099,GR1,2025,domestic_league,6676,6418,A.G.S Asteras Tripolis,Panetolikos Agrinio,1,1
2025-11-22,4665102,GR1,2025,domestic_league,683,3060,Olympiakos Syndesmos Filathlon Peiraios,APS Atromitos Athinon,3,0
2025-11-22,4709333,SA1,2025,domestic_league,1114,27221,Al-Hilal Saudi Football Club,Al-Fateh Club,2,1
2025-11-22,4709334,SA1,2025,domestic_league,7732,50531,Al-Ettifaq Football Club,Al-Fayha FC,3,2
2025-11-22,4709336,SA1,2025,domestic_league,50532,32328,Damac Football Club,Al-Najma Sport Club,0,0
2025-11-22,4726134,BRA1,2024,domestic_league,537,210,S. A. F. Botafogo,Grêmio Foot-Ball Porto Alegrense,3,2
2025-11-22,4727247,AUS1,2025,domestic_league,8445,71085,Wellington Phoenix,Macarthur FC,0,1
2025-11-22,4727248,AUS1,2025,domestic_league,36100,6954,Western Sydney Wanderers,Central Coast Mariners,3,2
2025-11-22,4727249,AUS1,2025,domestic_league,8054,7006,Sydney FC,Melbourne Victory,3,0
2025-11-22,4752450,RSK1,2024,domestic_league,38898,31622,Football Club Anyang,Suwon FC,0,1
2025-11-22,4752451,RSK1,2024,domestic_league,6500,6505,Football Club Seoul,Gimcheon Sangmu Football Club,1,3
2025-11-22,4752452,RSK1,2024,domestic_league,6499,21459,Foundation Coorperation Hana Financial Group Inc. Football Club,Gangwon Football Club,1,1
2025-11-22,4752453,RSK1,2024,domestic_league,30925,3535,Gwangju Football Club,Ulsan Hyundai Football Club,2,0
2025-11-22,4752454,RSK1,2024,domestic_league,311,6502,Football Club Pohang Steelers,Jeonbuk Hyundai Motors,0,0
2025-11-23,4522737,NO1,2024,domestic_league,1057,10217,Bryne FK,Sarpsborg 08 Fotballforening,0,3
2025-11-23,4522738,NO1,2024,domestic_league,3837,239,Fredrikstad Fotballklubb,Viking Fotballklubb,0,1
2025-11-23,4522739,NO1,2024,domestic_league,4309,2761,Hamarkameratene,FK Haugesund,5,0
2025-11-23,4620803,IT1,2025,domestic_league,2239,12,US Cremonese,Associazione Sportiva Roma,1,3
2025-11-23,4620805,IT1,2025,domestic_league,46,5,Inter Milan,AC Milan,0,1
2025-11-23,4620806,IT1,2025,domestic_league,398,1005,Società Sportiva Lazio S.p.A.,US Lecce,2,0
2025-11-23,4620811,IT1,2025,domestic_league,276,130,Hellas Verona,Parma Calcio 1913,1,2
2025-11-23,4623886,PL1,2025,domestic_league,238,7154,Lech Poznan,Radomiak Radom,4,1
2025-11-23,4623890,PL1,2025,domestic_league,88,6110,Widzew Lodz,Korona Kielce,1,3
2025-11-23,4624647,TS1,2025,domestic_league,5544,5545,1.FC Slovacko,FC Zlin,2,0
2025-11-23,4624648,TS1,2025,domestic_league,1322,941,FK Jablonec,FC Viktoria Plzen,3,3
2025-11-23,4624649,TS1,2025,domestic_league,13726,1897,MFK Karvina,FC Hradec Kralove,4,3
2025-11-23,4625322,KR1,2025,domestic_league,327,11194,NK Osijek,NK Lokomotiva Zagreb,1,1
2025-11-23,4625324,KR1,2025,domestic_league,24575,999,HNK Gorica,NK Istra 1961,1,0
2025-11-23,4625884,GB1,2025,domestic_league,11,148,Arsenal FC,Tottenham Hotspur,4,1
2025-11-23,4625889,GB1,2025,domestic_league,399,405,Leeds United,Aston Villa,1,2
2025-11-23,4627317,C1,2025,domestic_league,504,26,Grasshopper Club Zurich,FC Basel 1893,1,1
2025-11-23,4627319,C1,2025,domestic_league,321,260,FC Sion,FC Zürich,2,2
2025-11-23,4627320,C1,2025,domestic_league,257,527,FC St. Gallen 1879,Football Club Lausanne-Sport,1,0
2025-11-23,4634221,L1,2025,domestic_league,23826,86,RB Leipzig,SV Werder Bremen,2,0
2025-11-23,4634224,L1,2025,domestic_league,35,89,FC St. Pauli,1.FC Union Berlin,0,1
2025-11-23,4635116,FR1,2025,domestic_league,995,1158,FC Nantes,FC Lorient,1,1
2025-11-23,4635117,FR1,2025,domestic_league,415,1420,FC Toulouse,Angers SCO,0,1
2025-11-23,4635118,FR1,2025,domestic_league,3911,347,Stade Brestois 29,FC Metz,3,2
2025-11-23,4635119,FR1,2025,domestic_league,1082,10004,LOSC Lille,Paris FC,4,2
2025-11-23,4635120,FR1,2025,domestic_league,290,1041,AJ Auxerre,Olympique Lyon,0,0
2025-11-23,4640733,SER1,2025,domestic_league,8819,159,FK Javor-Matis Ivanjica,Red Star Belgrade,1,0
2025-11-23,4640736,SER1,2025,domestic_league,7567,3137,FK Radnicki Nis,FK TSC Backa Topola,1,1
2025-11-23,4640737,SER1,2025,domestic_league,32113,6622,FK IMT Belgrad,FK Mladost Lucani,1,3
2025-11-23,4640739,SER1,2025,domestic_league,4645,4633,FK Radnicki 1923 Kragujevac,FK Novi Pazar,0,0
2025-11-23,4641273,BE1,2025,domestic_league,1184,354,KRC Genk,KV Mechelen,0,1
2025-11-23,4641274,BE1,2025,domestic_league,1096,9010,Royal Antwerp FC,FCV Dender EH,1,2
2025-11-23,4641276,BE1,2025,domestic_league,3901,58,RAAL La Louvière,RSC Anderlecht,0,1
2025-11-23,4641277,BE1,2025,domestic_league,2727,475,Oud-Heverlee Leuven,Sint-Truidense VV,1,2
2025-11-23,4641638,NL1,2025,domestic_league,202,1269,FC Groningen,PEC Zwolle,2,2
2025-11-23,4641640,NL1,2025,domestic_league,234,467,Feyenoord Rotterdam,NEC Nijmegen,2,4
2025-11-23,4641643,NL1,2025,domestic_league,306,1090,SC Heerenveen,AZ Alkmaar,3,1
2025-11-23,4641645,NL1,2025,domestic_league,1434,200,SC Telstar,FC Utrecht,1,1
2025-11-23,4642952,A1,2025,domestic_league,122,413,Sportklub Puntigamer Sturm Graz,LASK,1,3
2025-11-23,4642953,A1,2025,domestic_league,409,2446,Fußballclub Red Bull Salzburg,WSG Tirol,2,3
2025-11-23,4642954,A1,2025,domestic_league,170,316,Rapid Vienna,Grazer AK 1902,1,2
2025-11-23,4645495,ES1,2025,domestic_league,150,12321,Real Betis Balompié,Girona FC,1,1
2025-11-23,4645496,ES1,2025,domestic_league,1531,418,Elche CF,Real Madrid,2,2
2025-11-23,4645499,ES1,2025,domestic_league,2497,367,Real Oviedo,Rayo Vallecano,0,0
2025-11-23,4645501,ES1,2025,domestic_league,3709,13,Getafe CF,Atlético de Madrid,0,1
2025-11-23,4646101,UKR1,2025,domestic_league,53646,84122,FK Polissya Zhytomyr,Epicentr Kamyanets-Podilskyi,0,0
2025-11-23,4646103,UKR1,2025,domestic_league,48726,87883,Rukh Lviv,FC Kudrivka,4,2
2025-11-23,4646106,UKR1,2025,domestic_league,3592,26459,Kryvbas Kryvyi Rig,NK Veres Rivne,2,2
2025-11-23,4647905,TR1,2025,domestic_league,114,152,Beşiktaş Jimnastik Kulübü,Samsunspor,1,1
2025-11-23,4647906,TR1,2025,domestic_league,11282,10484,Alanyaspor,Kasimpasa,1,2
2025-11-23,4647908,TR1,2025,domestic_league,1467,120,Göztepe,Kocaelispor,0,0
2025-11-23,4647910,TR1,2025,domestic_league,126,36,Caykur Rizespor,Fenerbahce,2,5
2025-11-23,4648326,DK1,2025,domestic_league,190,206,FC Copenhagen,Bröndby IF,1,0
2025-11-23,4648327,DK1,2025,domestic_league,2778,5776,FC Nordsjaelland,FC Fredericia,5,0
2025-11-23,4648328,DK1,2025,domestic_league,5817,865,Sönderjyske Fodbold,FC Midtjylland,2,1
2025-11-23,4648330,DK1,2025,domestic_league,1063,443,Viborg FF,Vejle Boldklub,5,2
2025-11-23,4649118,RO1,2025,domestic_league,4959,29831,SC Otelul Galati,FCV Farul Constanta,2,2
2025-11-23,4649121,RO1,2025,domestic_league,7769,455,CFR Cluj,FC Rapid 1923,3,0
2025-11-23,4649276,RU1,2025,domestic_league,2696,1083,PFK Krylya Sovetov Samara,FK Rostov,2,0
2025-11-23,4649277,RU1,2025,domestic_league,121,75231,FK Dinamo Moskva,Dinamo Makhachkala,3,0
2025-11-23,4649278,RU1,2025,domestic_league,932,16704,"Футбольный клуб ""Локомотив"" Москва",FK Krasnodar,1,1
2025-11-23,4649281,RU1,2025,domestic_league,49702,964,FK Nizhny Novgorod,AO FK Zenit Sankt-Peterburg,0,2
2025-11-23,4649439,SC1,2025,domestic_league,370,43,Aberdeen FC,Heart of Midlothian FC,1,0
2025-11-23,4665098,GR1,2025,domestic_league,2441,605,Athlitiki Enosi Konstantinoupoleos,Aris Thessalonikis,1,0
2025-11-23,4665103,GR1,2025,domestic_league,3385,265,Panserraikos Serres,Panathinaikos Athlitikos Omilos,0,3
2025-11-23,4665104,GR1,2025,domestic_league,1091,30120,Panthessalonikios Athlitikos Omilos Konstantinoupoliton,Athlitiki Enosi Kifisias,3,0
2025-11-23,4709337,SA1,2025,domestic_league,71665,9840,Al-Okhdood Club,Al-Shabab Club,1,1
2025-11-23,4709338,SA1,2025,domestic_league,18544,6070,Al-Nassr Football Club,Al-Khaleej Club (Saihat),4,1
2025-11-23,4709339,SA1,2025,domestic_league,28844,34911,Al-Taawoun Football Club,Neom Sports Club,1,1
2025-11-23,4726133,BRA1,2024,domestic_league,614,8793,Clube de Regatas do Flamengo,Red Bull Bragantino,3,0
2025-11-23,4726135,BRA1,2024,domestic_league,1023,2462,Sociedade Esportiva Palmeiras,Fluminense Football Club,0,0
2025-11-23,4726136,BRA1,2024,domestic_league,585,10492,São Paulo Futebol Clube,Esporte Clube Juventude,2,1
2025-11-23,4726138,BRA1,2024,domestic_league,609,199,Cruzeiro Esporte Clube,Sport Club Corinthians Paulista,3,0
2025-11-23,4726140,BRA1,2024,domestic_league,10010,978,Esporte Clube Bahia,Club de Regatas Vasco da Gama,1,0
2025-11-23,4726142,BRA1,2024,domestic_league,8718,2125,Sport Club do Recife,Esporte Clube Vitória,1,3
2025-11-23,4727250,AUS1,2025,domestic_league,118373,7831,Auckland FC,Brisbane Roar,1,1
2025-11-23,4727251,AUS1,2025,domestic_league,5551,970,Newcastle United Jets,Perth Glory,1,2
2025-11-24,4620808,IT1,2025,domestic_league,6574,4172,US Sassuolo,Pisa Sporting Club,2,2
2025-11-24,4620809,IT1,2025,domestic_league,416,1047,Torino FC,Como 1907,1,5
2025-11-24,4623888,PL1,2025,domestic_league,324,168,Pogon Szczecin,Zaglebie Lubin,5,1
2025-11-24,4625891,GB1,2025,domestic_league,985,29,Manchester United,Everton FC,0,1
2025-11-24,4645497,ES1,2025,domestic_league,714,368,RCD Espanyol Barcelona,Sevilla FC,2,1
2025-11-24,4646105,UKR1,2025,domestic_league,10690,18303,Zorya Lugansk,FC Oleksandriya,2,2
2025-11-24,4647904,TR1,2025,domestic_league,2293,589,Konyaspor,Antalyaspor,0,0
2025-11-24,4647907,TR1,2025,domestic_league,6890,449,Basaksehir FK,Trabzonspor,3,4
2025-11-24,4648329,DK1,2025,domestic_league,5724,173,Randers FC,Odense Boldklub,0,0
2025-11-24,4649116,RO1,2025,domestic_league,37624,58049,FC Metaloglobus Bucharest,FC Hermannstadt,1,1
2025-11-24,4649119,RO1,2025,domestic_league,8818,312,FC Botosani,FC Dinamo 1948,1,1
2025-11-24,4665100,GR1,2025,domestic_league,4603,653,Athlitiki Enosi Larisas,Omilos Filathlon Irakliou FC,1,2
2025-11-24,4665101,GR1,2025,domestic_league,60949,2672,Volou Neos Podosferikos Syllogos,APO Levadiakos Football Club,1,2
2025-11-24,4726137,BRA1,2024,domestic_league,3876,2029,Mirasol Futebol Clube,Ceará Sporting Club,3,0
2025-11-25,4649437,SC1,2025,domestic_league,987,903,Motherwell FC,Hibernian FC,2,0
2025-11-25,4714985,CL,2025,international_cup,610,294,Ajax Amsterdam,SL Benfica,0,2
2025-11-25,4714986,CL,2025,international_cup,141,3948,Galatasaray,Union Saint-Gilloise,0,1
2025-11-25,4715013,CL,2025,international_cup,6195,10625,SSC Napoli,Qarabağ FK,2,0
2025-11-25,4715021,CL,2025,international_cup,244,762,Olympique Marseille,Newcastle United,2,1
2025-11-25,4715028,CL,2025,international_cup,501,506,Fotballklubben Bodø/Glimt,Juventus FC,2,3
2025-11-25,4715030,CL,2025,international_cup,62,621,SK Slavia Prague,Athletic Bilbao,0,0
2025-11-25,4715053,CL,2025,international_cup,631,131,Chelsea FC,FC Barcelona,3,0
2025-11-25,4715095,CL,2025,international_cup,281,15,Manchester City,Bayer 04 Leverkusen,0,2
2025-11-25,4715122,CL,2025,international_cup,16,1050,Borussia Dortmund,Villarreal CF,4,0
2025-11-25,4726139,BRA1,2024,domestic_league,6600,221,Sport Club Internacional,Santos Futebol Clube,1,1
2025-11-25,4760328,RUP,2025,domestic_cup,3729,2698,Arsenal Tula,FC Rubin Kazan,3,2
2025-11-25,4760329,RUP,2025,domestic_cup,1186,2741,Torpedo Moscow,FK Baltika,0,2
2025-11-26,4627305,C1,2025,domestic_league,2790,257,FC Lugano,FC St. Gallen 1879,1,3
2025-11-26,4715005,CL,2025,international_cup,24,800,Eintracht Frankfurt,Atalanta BC,0,3
2025-11-26,4715017,CL,2025,international_cup,190,10482,FC Copenhagen,Kairat Almaty,3,2
2025-11-26,4715049,CL,2025,international_cup,683,418,Olympiakos Syndesmos Filathlon Peiraios,Real Madrid,3,4
2025-11-26,4715060,CL,2025,international_cup,583,148,Paris Saint-Germain,Tottenham Hotspur,5,3
2025-11-26,4715066,CL,2025,international_cup,31,383,Liverpool FC,PSV Eindhoven,1,4
2025-11-26,4715114,CL,2025,international_cup,336,2282,Sporting CP,Club Brugge KV,3,0
2025-11-26,4715125,CL,2025,international_cup,13,46,Atlético de Madrid,Inter Milan,2,1
2025-11-26,4715130,CL,2025,international_cup,11,27,Arsenal FC,Bayern Munich,3,1
2025-11-26,4715147,CL,2025,international_cup,45457,162,Pafos FC,AS Monaco,2,2
2025-11-26,4726147,BRA1,2024,domestic_league,8793,10870,Red Bull Bragantino,Fortaleza Esporte Clube,0,1
2025-11-26,4726148,BRA1,2024,domestic_league,330,614,Clube Atlético Mineiro,Clube de Regatas do Flamengo,1,1
2025-11-26,4726149,BRA1,2024,domestic_league,210,1023,Grêmio Foot-Ball Porto Alegrense,Sociedade Esportiva Palmeiras,3,2
2025-11-26,4758980,RUP,2025,domestic_cup,932,232,"Футбольный клуб ""Локомотив"" Москва",FK Spartak Moskva,2,3
2025-11-26,4758981,RUP,2025,domestic_cup,2410,75231,PFK CSKA Moskva,Dinamo Makhachkala,7,5
2025-11-26,4758982,RUP,2025,domestic_cup,16704,14589,FK Krasnodar,FC Orenburg,4,0
2025-11-26,4760330,RUP,2025,domestic_cup,3733,1083,Neftekhimik Nizhnekamsk,FK Rostov,1,3
2025-11-27,4715917,EL,2025,other,12,865,Associazione Sportiva Roma,FC Midtjylland,2,1
2025-11-27,4715921,EL,2025,other,720,417,FC Porto,OGC Nice,3,0
2025-11-27,4715924,EL,2025,other,124,1075,Rangers FC,SC Braga,1,1
2025-11-27,4715928,EL,2025,other,234,371,Feyenoord Rotterdam,Celtic FC,1,3
2025-11-27,4715931,EL,2025,other,1082,419,LOSC Lille,GNK Dinamo Zagreb,4,0
2025-11-27,4715942,EL,2025,other,150,200,Real Betis Balompié,FC Utrecht,2,1
2025-11-27,4715949,EL,2025,other,405,452,Aston Villa,BSC Young Boys,2,1
2025-11-27,4715952,EL,2025,other,36,279,Fenerbahce,Ferencvárosi TC,1,1
2025-11-27,4715961,EL,2025,other,159,301,Red Star Belgrade,FCSB,1,0
2025-11-27,4715970,EL,2025,other,1091,1100,Panthessalonikios Athlitikos Omilos Konstantinoupoliton,Sportsklubben Brann,1,1
2025-11-27,4715973,EL,2025,other,941,60,FC Viktoria Plzen,SC Freiburg,0,0
2025-11-27,4715984,EL,2025,other,119,1041,Maccabi Tel Aviv,Olympique Lyon,0,6
2025-11-27,4716002,EL,2025,other,31614,940,Ludogorets Razgrad,Celta de Vigo,3,2
2025-11-27,4716006,EL,2025,other,703,496,Nottingham Forest,Malmö Fotbollförening,3,0
2025-11-27,4716019,EL,2025,other,1025,409,Bologna Football Club 1909,Fußballclub Red Bull Salzburg,4,1
2025-11-27,4716033,EL,2025,other,265,122,Panathinaikos Athlitikos Omilos,Sportklub Puntigamer Sturm Graz,2,1
2025-11-27,4716042,EL,2025,other,1435,79,Go Ahead Eagles,VfB Stuttgart,0,4
2025-11-27,4716049,EL,2025,other,1184,26,KRC Genk,FC Basel 1893,2,1
2025-11-27,4716071,UCOL,2025,other,430,2441,ACF Fiorentina,Athlitiki Enosi Konstantinoupoleos,0,1
2025-11-27,4716075,UCOL,2025,other,1090,3909,AZ Alkmaar,Shelbourne FC,2,0
2025-11-27,4716079,UCOL,2025,other,540,367,Slovan Bratislava,Rayo Vallecano,2,1
2025-11-27,4716085,UCOL,2025,other,255,197,Legia Warszawa,AC Sparta Prague,0,1
2025-11-27,4716099,UCOL,2025,other,238,527,Lech Poznan,Football Club Lausanne-Sport,2,0
2025-11-27,4716103,UCOL,2025,other,3258,660,Shamrock Rovers,FC Shakhtar Donetsk,1,2
2025-11-27,4716106,UCOL,2025,other,829,338,Omonia Nicosia,Dynamo Kyiv,2,0
2025-11-27,4716112,UCOL,2025,other,667,873,RC Strasbourg Alsace,Crystal Palace,2,1
2025-11-27,4716116,UCOL,2025,other,2300,6251,Jagiellonia Bialystok,Kuopion Palloseura,1,0
2025-11-27,4716123,UCOL,2025,other,144,2156,HNK Rijeka,AEK Larnaca,0,0
2025-11-27,4716126,UCOL,2025,other,6808,1109,HSK Zrinjski Mostar,BK Häcken,2,1
2025-11-27,4716138,UCOL,2025,other,370,60368,Aberdeen FC,FC Noah Yerevan,1,1
2025-11-27,4716141,UCOL,2025,other,33741,1167,FC Drita,Shkendija Tetovo,1,0
2025-11-27,4716144,UCOL,2025,other,3737,152,Breidablik Kópavogur,Samsunspor,2,2
2025-11-27,4716146,UCOL,2025,other,2311,710,"SK Sigma Olomouc, a.s.",NK Celje,2,1
2025-11-27,4716151,UCOL,2025,other,9644,170,Raków Częstochowa,Rapid Vienna,4,1
2025-11-27,4716167,UCOL,2025,other,40812,39,Universitatea Craiova,1.FSV Mainz 05,1,0
2025-11-27,4716170,UCOL,2025,other,17149,38204,Hamrun Spartans,Lincoln Red Imps FC,3,1
2025-11-27,4726143,BRA1,2024,domestic_league,2462,585,Fluminense Football Club,São Paulo Futebol Clube,6,0
2025-11-27,4758983,RUP,2025,domestic_cup,121,964,FK Dinamo Moskva,AO FK Zenit Sankt-Peterburg,0,1
2025-11-27,4760327,RUP,2025,domestic_cup,3243,2696,KamAZ Naberezhnye Chelny,PFK Krylya Sovetov Samara,3,5
2025-11-28,4620814,IT1,2025,domestic_league,1047,6574,Como 1907,US Sassuolo,2,0
2025-11-28,4624769,PL1,2025,domestic_league,6112,88,Piast Gliwice,Widzew Lodz,0,2
2025-11-28,4624770,PL1,2025,domestic_league,7154,428,Radomiak Radom,Górnik Zabrze,4,0
2025-11-28,4625327,KR1,2025,domestic_league,456,327,HNK Vukovar 1991,NK Osijek,2,2
2025-11-28,4634232,L1,2025,domestic_league,18,23826,Borussia Mönchengladbach,RB Leipzig,0,0
2025-11-28,4635127,FR1,2025,domestic_league,347,273,FC Metz,Stade Rennais FC,0,1
2025-11-28,4640872,SER1,2025,domestic_league,6621,32113,FK Cukaricki,FK IMT Belgrad,1,1
2025-11-28,4641284,BE1,2025,domestic_league,354,3057,KV Mechelen,Standard Liège,0,1
2025-11-28,4641670,NL1,2025,domestic_league,1269,306,PEC Zwolle,SC Heerenveen,2,1
2025-11-28,4645767,ES1,2025,domestic_league,3709,1531,Getafe CF,Elche CF,1,0
2025-11-28,4646145,UKR1,2025,domestic_league,39097,48332,Obolon Kyiv,Kolos Kovalivka,0,0
2025-11-28,4647884,TR1,2025,domestic_league,120,820,Kocaelispor,Gençlerbirliği Spor Kulübü,1,0
2025-11-28,4648383,DK1,2025,domestic_league,5817,1063,Sönderjyske Fodbold,Viborg FF,2,2
2025-11-28,4648711,PO1,2025,domestic_league,2420,110302,Vitória Guimarães SC,Avs Futebol,4,0
2025-11-28,4649072,RO1,2025,domestic_league,455,37255,FC Rapid 1923,FK Csikszereda Miercurea Ciuc,4,1
2025-11-28,4726144,BRA1,2024,domestic_league,978,6600,Club de Regatas Vasco da Gama,Sport Club Internacional,5,1
2025-11-28,4726152,BRA1,2024,domestic_league,10492,10010,Esporte Clube Juventude,Esporte Clube Bahia,1,1
2025-11-28,4727294,AUS1,2025,domestic_league,7831,7006,Brisbane Roar,Melbourne Victory,1,0
2025-11-28,4757416,SFA,2025,domestic_cup,5660,3031,Linlithgow Rose FC,Queen's Park FC,1,3
2025-11-29,4620815,IT1,2025,domestic_league,252,276,Genoa CFC,Hellas Verona,2,1
2025-11-29,4620816,IT1,2025,domestic_league,506,1390,Juventus FC,Cagliari Calcio,2,1
2025-11-29,4620818,IT1,2025,domestic_league,5,398,AC Milan,Società Sportiva Lazio S.p.A.,1,0
2025-11-29,4620819,IT1,2025,domestic_league,130,410,Parma Calcio 1913,Udinese Calcio,0,2
2025-11-29,4624652,TS1,2025,domestic_league,377,450,FC Baník Ostrava a.s.,FK Dukla Prague,3,1
2025-11-29,4624655,TS1,2025,domestic_league,1897,1322,FC Hradec Kralove,FK Jablonec,2,0
2025-11-29,4624656,TS1,2025,domestic_league,62,5544,SK Slavia Prague,1.FC Slovacko,3,0
2025-11-29,4624657,TS1,2025,domestic_league,5545,13726,FC Zlin,MFK Karvina,1,3
2025-11-29,4624765,PL1,2025,domestic_league,6456,324,GKS GieKSa Katowice Spółka Akcyjna,Pogon Szczecin,2,0
2025-11-29,4624766,PL1,2025,domestic_league,6110,5689,Korona Kielce,Cracovia,0,1
2025-11-29,4624767,PL1,2025,domestic_league,4000,15906,Lechia Gdansk,Termalica Bruk-Bet Nieciecza Klub Sportowy,5,1
2025-11-29,4625326,KR1,2025,domestic_league,999,2362,NK Istra 1961,Slaven Belupo Koprivnica,1,1
2025-11-29,4625329,KR1,2025,domestic_league,447,599,HNK Hajduk Split,NK Varazdin,1,1
2025-11-29,4625895,GB1,2025,domestic_league,1148,1132,Brentford FC,Burnley FC,3,1
2025-11-29,4625898,GB1,2025,domestic_league,29,762,Everton FC,Newcastle United,1,4
2025-11-29,4625899,GB1,2025,domestic_league,281,399,Manchester City,Leeds United,3,2
2025-11-29,4625901,GB1,2025,domestic_league,289,989,Sunderland AFC,AFC Bournemouth,3,2
2025-11-29,4625902,GB1,2025,domestic_league,148,931,Tottenham Hotspur,Fulham FC,1,2
2025-11-29,4627325,C1,2025,domestic_league,2790,321,FC Lugano,FC Sion,1,1
2025-11-29,4627326,C1,2025,domestic_league,434,242,FC Luzern,FC Winterthur,1,3
2025-11-29,4627328,C1,2025,domestic_league,260,504,FC Zürich,Grasshopper Club Zurich,1,0
2025-11-29,4634227,L1,2025,domestic_league,27,35,Bayern Munich,FC St. Pauli,3,1
2025-11-29,4634228,L1,2025,domestic_league,15,16,Bayer 04 Leverkusen,Borussia Dortmund,1,2
2025-11-29,4634231,L1,2025,domestic_league,86,3,SV Werder Bremen,1.FC Köln,1,1
2025-11-29,4634233,L1,2025,domestic_league,89,2036,1.FC Union Berlin,1. Fußballclub Heidenheim 1846,1,2
2025-11-29,4634234,L1,2025,domestic_league,533,167,TSG 1899 Hoffenheim,FC Augsburg,3,0
2025-11-29,4635124,FR1,2025,domestic_league,10004,290,Paris FC,AJ Auxerre,1,1
2025-11-29,4635130,FR1,2025,domestic_league,162,583,AS Monaco,Paris Saint-Germain,1,0
2025-11-29,4635131,FR1,2025,domestic_league,244,415,Olympique Marseille,FC Toulouse,2,2
2025-11-29,4640869,SER1,2025,domestic_league,669,8819,FK Partizan Belgrade,FK Javor-Matis Ivanjica,4,0
2025-11-29,4640870,SER1,2025,domestic_league,59358,4645,FK Zeleznicar Pancevo,FK Radnicki 1923 Kragujevac,1,0
2025-11-29,4640871,SER1,2025,domestic_league,4633,788,FK Novi Pazar,FK Napredak Krusevac,2,1
2025-11-29,4640873,SER1,2025,domestic_league,6622,7567,FK Mladost Lucani,FK Radnicki Nis,2,1
2025-11-29,4640875,SER1,2025,domestic_league,448,15276,FK Vojvodina Novi Sad,FK Spartak Subotica,2,0
2025-11-29,4641283,BE1,2025,domestic_league,3508,520,Zulte Waregem,Cercle Brugge,1,1
2025-11-29,4641285,BE1,2025,domestic_league,172,3901,Royal Charleroi Sporting Club,RAAL La Louvière,0,0
2025-11-29,4641286,BE1,2025,domestic_league,9010,968,FCV Dender EH,KVC Westerlo,2,2
2025-11-29,4641665,NL1,2025,domestic_league,798,132,Excelsior Rotterdam,NAC Breda,1,0
2025-11-29,4641667,NL1,2025,domestic_league,385,1304,Fortuna Sittardia Combinatie,Heracles Almelo,1,1
2025-11-29,4641669,NL1,2025,domestic_league,467,468,NEC Nijmegen,Sparta Rotterdam,3,1
2025-11-29,4642960,A1,2025,domestic_league,266,4441,SV Ried,Wolfsberger AC,1,0
2025-11-29,4642961,A1,2025,domestic_league,14,2446,Austria Vienna,WSG Tirol,0,0
2025-11-29,4642963,A1,2025,domestic_league,316,2157,Grazer AK 1902,FC Blau-Weiss Linz,3,1
2025-11-29,4645761,ES1,2025,domestic_league,237,331,RCD Mallorca,CA Osasuna,2,2
2025-11-29,4645764,ES1,2025,domestic_league,131,1108,FC Barcelona,Deportivo Alavés,3,1
2025-11-29,4645765,ES1,2025,domestic_league,3368,621,Levante UD,Athletic Bilbao,0,2
2025-11-29,4645768,ES1,2025,domestic_league,13,2497,Atlético de Madrid,Real Oviedo,2,0
2025-11-29,4646139,UKR1,2025,domestic_league,63007,87883,LNZ Cherkasy,FC Kudrivka,1,0
2025-11-29,4646146,UKR1,2025,domestic_league,26459,85465,NK Veres Rivne,Karpaty Lviv,0,0
2025-11-29,4647876,TR1,2025,domestic_league,10484,6890,Kasimpasa,Basaksehir FK,1,3
2025-11-29,4647878,TR1,2025,domestic_league,449,2293,Trabzonspor,Konyaspor,3,1
2025-11-29,4647881,TR1,2025,domestic_league,2832,7160,Gaziantep FK,Eyüpspor,1,2
2025-11-29,4647883,TR1,2025,domestic_league,126,3205,Caykur Rizespor,Kayserispor,0,1
2025-11-29,4648384,DK1,2025,domestic_league,1177,5724,Silkeborg IF,Randers FC,0,0
2025-11-29,4648710,PO1,2025,domestic_league,2424,7179,Gil Vicente FC,CD Tondela,0,1
2025-11-29,4648714,PO1,2025,domestic_league,3268,2521,Casa Pia AC,FC Alverca,0,2
2025-11-29,4648715,PO1,2025,domestic_league,979,3329,Moreirense FC,FC Famalicão,2,2
2025-11-29,4648717,PO1,2025,domestic_league,982,294,CD Nacional,SL Benfica,1,2
2025-11-29,4649070,RO1,2025,domestic_league,312,4959,FC Dinamo 1948,SC Otelul Galati,1,0
2025-11-29,4649073,RO1,2025,domestic_league,41278,7769,ACSC FC Arges,CFR Cluj,3,0
2025-11-29,4649310,RU1,2025,domestic_league,2410,14589,PFK CSKA Moskva,FC Orenburg,2,0
2025-11-29,4649312,RU1,2025,domestic_league,2741,232,FK Baltika,FK Spartak Moskva,1,0
2025-11-29,4649313,RU1,2025,domestic_league,71985,49702,Akron Togliatti,FK Nizhny Novgorod,1,2
2025-11-29,4649415,SC1,2025,domestic_league,511,465,Dundee FC,St. Mirren FC,3,1
2025-11-29,4649417,SC1,2025,domestic_league,2553,1519,Kilmarnock FC,Dundee United FC,1,1
2025-11-29,4649419,SC1,2025,domestic_league,987,43,Motherwell FC,Heart of Midlothian FC,0,0
2025-11-29,4665133,GR1,2025,domestic_league,605,4603,Aris Thessalonikis,Athlitiki Enosi Larisas,2,1
2025-11-29,4665135,GR1,2025,domestic_league,30120,3385,Athlitiki Enosi Kifisias,Panserraikos Serres,3,0
2025-11-29,4665137,GR1,2025,domestic_league,653,60949,Omilos Filathlon Irakliou FC,Volou Neos Podosferikos Syllogos,0,1
2025-11-29,4726146,BRA1,2024,domestic_league,221,8718,Santos Futebol Clube,Sport Club do Recife,3,0
2025-11-29,4726150,BRA1,2024,domestic_league,2125,3876,Esporte Clube Vitória,Mirasol Futebol Clube,2,0
2025-11-29,4727295,AUS1,2025,domestic_league,8445,875,Wellington Phoenix,Adelaide United,2,1
2025-11-29,4727296,AUS1,2025,domestic_league,6954,25580,Central Coast Mariners,Melbourne City FC,0,0
2025-11-29,4727297,AUS1,2025,domestic_league,36100,8054,Western Sydney Wanderers,Sydney FC,1,0
2025-11-29,4757408,SFA,2025,domestic_cup,3015,6400,Annan Athletic FC,Buckie Thistle FC,4,0
2025-11-29,4757409,SFA,2025,domestic_cup,1192,23621,Ayr United FC,Turriff United FC,3,0
2025-11-29,4757410,SFA,2025,domestic_cup,25442,2759,Banks O' Dee FC,Ross County FC,0,2
2025-11-29,4757411,SFA,2025,domestic_cup,20603,17602,Bonnyrigg Rose FC,The Spartans FC,1,2
2025-11-29,4757412,SFA,2025,domestic_cup,3023,6567,Dumbarton FC,Auchinleck Talbot FC,0,4
2025-11-29,4757413,SFA,2025,domestic_cup,17593,12886,Camelon Juniors FC,Edinburgh City FC,2,1
2025-11-29,4757414,SFA,2025,domestic_cup,3028,3033,Elgin City FC,Stirling Albion FC,4,2
2025-11-29,4757415,SFA,2025,domestic_cup,3016,2760,Forfar Athletic FC,Partick Thistle FC,0,2
2025-11-29,4757417,SFA,2025,domestic_cup,3034,3457,Stranraer FC,Clydebank FC,2,1
2025-11-29,4757434,SFA,2025,domestic_cup,2802,2999,Airdrieonians FC,Hamilton Academical FC,4,0
2025-11-29,4757435,SFA,2025,domestic_cup,8364,3030,Benburb FC,Montrose FC,0,3
2025-11-29,4757436,SFA,2025,domestic_cup,1270,3001,Dunfermline Athletic FC,Queen of the South FC,2,1
2025-11-29,4757437,SFA,2025,domestic_cup,3024,3021,East Fife FC,Arbroath FC,0,2
2025-11-29,4757439,SFA,2025,domestic_cup,3804,3194,Kelty Hearts FC,Brechin City FC,2,0
2025-11-29,4757440,SFA,2025,domestic_cup,2578,8933,St. Johnstone FC,Cove Rangers FC,1,2
2025-11-29,4757441,SFA,2025,domestic_cup,3032,3026,Peterhead FC,Greenock Morton FC,5,7
2025-11-29,4757442,SFA,2025,domestic_cup,2795,3020,Raith Rovers FC,Alloa Athletic FC,1,0
2025-11-29,4757443,SFA,2025,domestic_cup,3012,3459,Stenhousemuir FC,Clachnacuddin FC,4,1
2025-11-30,4522705,NO1,2024,domestic_league,501,3837,Fotballklubben Bodø/Glimt,Fredrikstad Fotballklubb,5,0
2025-11-30,4522706,NO1,2024,domestic_league,1100,4309,Sportsklubben Brann,Hamarkameratene,3,1
2025-11-30,4522707,NO1,2024,domestic_league,2761,1057,FK Haugesund,Bryne FK,1,4
2025-11-30,4522708,NO1,2024,domestic_league,21101,1293,Kristiansund Ballklubb,Tromsø Idrettslag,1,3
2025-11-30,4522709,NO1,2024,domestic_league,195,2817,Rosenborg Ballklub,Strømsgodset IF,6,0
2025-11-30,4522710,NO1,2024,domestic_league,6399,23184,Sandefjord Fotball,KFUM-Kameratene Oslo,2,0
2025-11-30,4522711,NO1,2024,domestic_league,10217,687,Sarpsborg 08 Fotballforening,Molde Fotballklubb,1,0
2025-11-30,4522712,NO1,2024,domestic_league,239,76,Viking Fotballklubb,Vålerengens Idrettsforening,5,1
2025-11-30,4530476,JAP1,2024,domestic_league,23568,1066,Zelvia,Nagoya Grampus Eight,3,1
2025-11-30,4530477,JAP1,2024,domestic_league,9598,2697,Kawasaki Frontale,Sanfrecce Hiroshima,1,2
2025-11-30,4530479,JAP1,2024,domestic_league,943,593,Yokohama FC,Kyoto Purple Sanga,0,1
2025-11-30,4530480,JAP1,2024,domestic_league,8457,1062,Shonan Bellmare,S-Pulse,1,0
2025-11-30,4530481,JAP1,2024,domestic_league,8344,6632,Albirex Niigata,Hitachi Kashiwa Reysol,1,3
2025-11-30,4530483,JAP1,2024,domestic_league,22171,828,Fagiano Okayama Sports Club,Urawa Red Diamonds,0,1
2025-11-30,4530484,JAP1,2024,domestic_league,9597,596,Avispa Fukuoka,Gamba Osaka,1,0
2025-11-30,4620812,IT1,2025,domestic_league,800,430,Atalanta BC,ACF Fiorentina,2,0
2025-11-30,4620817,IT1,2025,domestic_league,1005,416,US Lecce,Torino FC,2,1
2025-11-30,4620820,IT1,2025,domestic_league,4172,46,Pisa Sporting Club,Inter Milan,0,2
2025-11-30,4620821,IT1,2025,domestic_league,12,6195,Associazione Sportiva Roma,SSC Napoli,0,1
2025-11-30,4624653,TS1,2025,domestic_league,697,2311,FC Slovan Liberec,"SK Sigma Olomouc, a.s.",1,0
2025-11-30,4624654,TS1,2025,domestic_league,715,814,"Bohemians Praha 1905, a.s.",FK Teplice,0,1
2025-11-30,4624658,TS1,2025,domestic_league,197,1496,AC Sparta Prague,FK Pardubice,2,4
2025-11-30,4624659,TS1,2025,domestic_league,941,5546,FC Viktoria Plzen,FK Mlada Boleslav,2,1
2025-11-30,4624764,PL1,2025,domestic_league,6107,9644,Morski Związkowy Klub Sportowy Arka Gdynia Spółka Akcyjna,Raków Częstochowa,1,4
2025-11-30,4624771,PL1,2025,domestic_league,2118,238,Wisla Plock,Lech Poznan,0,0
2025-11-30,4624772,PL1,2025,domestic_league,168,2300,Zaglebie Lubin,Jagiellonia Bialystok,0,0
2025-11-30,4625328,KR1,2025,domestic_league,11194,144,NK Lokomotiva Zagreb,HNK Rijeka,1,1
2025-11-30,4625894,GB1,2025,domestic_league,405,543,Aston Villa,Wolverhampton Wanderers,1,0
2025-11-30,4625896,GB1,2025,domestic_league,631,11,Chelsea FC,Arsenal FC,1,1
2025-11-30,4625897,GB1,2025,domestic_league,873,985,Crystal Palace,Manchester United,1,2
2025-11-30,4625900,GB1,2025,domestic_league,703,1237,Nottingham Forest,Brighton & Hove Albion,0,2
2025-11-30,4625903,GB1,2025,domestic_league,379,31,West Ham United,Liverpool FC,0,2
2025-11-30,4627323,C1,2025,domestic_league,26,257,FC Basel 1893,FC St. Gallen 1879,0,0
2025-11-30,4627324,C1,2025,domestic_league,527,938,Football Club Lausanne-Sport,FC Thun,2,1
2025-11-30,4627327,C1,2025,domestic_league,61,452,Servette FC,BSC Young Boys,4,4
2025-11-30,4634229,L1,2025,domestic_league,24,82,Eintracht Frankfurt,VfL Wolfsburg,1,1
2025-11-30,4634230,L1,2025,domestic_league,60,39,SC Freiburg,1.FSV Mainz 05,4,0
2025-11-30,4634235,L1,2025,domestic_league,41,79,Hamburger SV,VfB Stuttgart,2,1
2025-11-30,4635123,FR1,2025,domestic_league,1041,995,Olympique Lyon,FC Nantes,3,0
2025-11-30,4635125,FR1,2025,domestic_league,1420,826,Angers SCO,RC Lens,1,2
2025-11-30,4635126,FR1,2025,domestic_league,738,1082,Le Havre AC,LOSC Lille,0,1
2025-11-30,4635128,FR1,2025,domestic_league,667,3911,RC Strasbourg Alsace,Stade Brestois 29,1,2
2025-11-30,4635129,FR1,2025,domestic_league,1158,417,FC Lorient,OGC Nice,3,1
2025-11-30,4640874,SER1,2025,domestic_league,3137,33328,FK TSC Backa Topola,FK Radnik Surdulica,0,2
2025-11-30,4640876,SER1,2025,domestic_league,53,159,OFK Beograd,Red Star Belgrade,3,4
2025-11-30,4641279,BE1,2025,domestic_league,2282,1096,Club Brugge KV,Royal Antwerp FC,0,1
2025-11-30,4641280,BE1,2025,domestic_league,58,3948,RSC Anderlecht,Union Saint-Gilloise,1,0
2025-11-30,4641281,BE1,2025,domestic_league,1184,2727,KRC Genk,Oud-Heverlee Leuven,2,1
2025-11-30,4641282,BE1,2025,domestic_league,157,475,KAA Gent,Sint-Truidense VV,1,2
2025-11-30,4641666,NL1,2025,domestic_league,317,1090,FC Twente Enschede,AZ Alkmaar,1,0
2025-11-30,4641668,NL1,2025,domestic_league,1435,200,Go Ahead Eagles,FC Utrecht,2,2
2025-11-30,4641671,NL1,2025,domestic_league,383,724,PSV Eindhoven,FC Volendam,3,0
2025-11-30,4641672,NL1,2025,domestic_league,1434,234,SC Telstar,Feyenoord Rotterdam,1,2
2025-11-30,4642958,A1,2025,domestic_league,413,170,LASK,Rapid Vienna,3,0
2025-11-30,4642959,A1,2025,domestic_league,4467,122,TSV Hartberg,Sportklub Puntigamer Sturm Graz,0,1
2025-11-30,4642962,A1,2025,domestic_league,3551,409,Sportclub Rheindorf Altach,Fußballclub Red Bull Salzburg,1,1
2025-11-30,4645760,ES1,2025,domestic_league,12321,418,Girona FC,Real Madrid,1,1
2025-11-30,4645763,ES1,2025,domestic_league,681,1050,Real Sociedad,Villarreal CF,2,3
2025-11-30,4645766,ES1,2025,domestic_league,368,150,Sevilla FC,Real Betis Balompié,0,2
2025-11-30,4645769,ES1,2025,domestic_league,940,714,Celta de Vigo,RCD Espanyol Barcelona,0,1
2025-11-30,4646140,UKR1,2025,domestic_league,84122,55686,Epicentr Kamyanets-Podilskyi,TOV FK Metalist 1925 Kharkiv,0,0
2025-11-30,4646142,UKR1,2025,domestic_league,18303,48726,FC Oleksandriya,Rukh Lviv,0,1
2025-11-30,4646143,UKR1,2025,domestic_league,53646,10690,FK Polissya Zhytomyr,Zorya Lugansk,2,0
2025-11-30,4647877,TR1,2025,domestic_league,589,1467,Antalyaspor,Göztepe,1,2
2025-11-30,4647880,TR1,2025,domestic_league,6646,114,Fatih Karagümrük,Beşiktaş Jimnastik Kulübü,0,2
2025-11-30,4648379,DK1,2025,domestic_league,678,190,Aarhus GF,FC Copenhagen,2,0
2025-11-30,4648381,DK1,2025,domestic_league,865,2778,FC Midtjylland,FC Nordsjaelland,6,0
2025-11-30,4648382,DK1,2025,domestic_league,173,443,Odense Boldklub,Vejle Boldklub,3,0
2025-11-30,4648712,PO1,2025,domestic_league,720,1465,FC Porto,GD Estoril Praia,1,0
2025-11-30,4648713,PO1,2025,domestic_league,336,2431,Sporting CP,CF Estrela Amadora,4,0
2025-11-30,4648716,PO1,2025,domestic_league,2425,2423,Rio Ave FC,CD Santa Clara,1,1
2025-11-30,4649067,RO1,2025,domestic_league,58049,952,FC Hermannstadt,UTA Arad,1,2
2025-11-30,4649069,RO1,2025,domestic_league,29831,301,FCV Farul Constanta,FCSB,1,2
2025-11-30,4649071,RO1,2025,domestic_league,29700,8818,AFC Unirea 04 Slobozia,FC Botosani,0,1
2025-11-30,4649307,RU1,2025,domestic_league,964,2698,AO FK Zenit Sankt-Peterburg,FC Rubin Kazan,1,0
2025-11-30,4649308,RU1,2025,domestic_league,1083,932,FK Rostov,"Футбольный клуб ""Локомотив"" Москва",1,3
2025-11-30,4649309,RU1,2025,domestic_league,16704,2696,FK Krasnodar,PFK Krylya Sovetov Samara,5,0
2025-11-30,4649311,RU1,2025,domestic_league,3725,121,RFK Akhmat Grozny,FK Dinamo Moskva,2,1
2025-11-30,4649416,SC1,2025,domestic_league,903,371,Hibernian FC,Celtic FC,1,2
2025-11-30,4649418,SC1,2025,domestic_league,1241,370,Livingston FC,Aberdeen FC,0,1
2025-11-30,4649420,SC1,2025,domestic_league,124,1191,Rangers FC,Falkirk FC,0,0
2025-11-30,4665134,GR1,2025,domestic_league,3060,6676,APS Atromitos Athinon,A.G.S Asteras Tripolis,0,1
2025-11-30,4665136,GR1,2025,domestic_league,2672,1091,APO Levadiakos Football Club,Panthessalonikios Athlitikos Omilos Konstantinoupoliton,2,3
2025-11-30,4665138,GR1,2025,domestic_league,265,2441,Panathinaikos Athlitikos Omilos,Athlitiki Enosi Konstantinoupoleos,2,3
2025-11-30,4665139,GR1,2025,domestic_league,6418,683,Panetolikos Agrinio,Olympiakos Syndesmos Filathlon Peiraios,0,1
2025-11-30,4726141,BRA1,2024,domestic_league,10870,330,Fortaleza Esporte Clube,Clube Atlético Mineiro,1,0
2025-11-30,4726145,BRA1,2024,domestic_league,199,537,Sport Club Corinthians Paulista,S. A. F. Botafogo,2,2
2025-11-30,4726151,BRA1,2024,domestic_league,2029,609,Ceará Sporting Club,Cruzeiro Esporte Clube,1,1
2025-11-30,4727298,AUS1,2025,domestic_league,118373,5551,Auckland FC,Newcastle United Jets,1,2
2025-11-30,4727299,AUS1,2025,domestic_league,71085,970,Macarthur FC,Perth Glory,0,2
2025-11-30,4752457,RSK1,2024,domestic_league,31622,30925,Suwon FC,Gwangju Football Club,0,1
2025-11-30,4752458,RSK1,2024,domestic_league,3535,19684,Ulsan Hyundai Football Club,Jeju SK Football Club,0,1
2025-11-30,4752460,RSK1,2024,domestic_league,6505,6499,Gimcheon Sangmu Football Club,Foundation Coorperation Hana Financial Group Inc. Football Club,0,3
2025-11-30,4752461,RSK1,2024,domestic_league,21459,311,Gangwon Football Club,Football Club Pohang Steelers,1,0
2025-12-01,4620813,IT1,2025,domestic_league,1025,2239,Bologna Football Club 1909,US Cremonese,1,3
2025-12-01,4624768,PL1,2025,domestic_league,3527,255,Motor Lublin Spółka Akcyjna,Legia Warszawa,1,1
2025-12-01,4625325,KR1,2025,domestic_league,24575,419,HNK Gorica,GNK Dinamo Zagreb,0,2
2025-12-01,4645762,ES1,2025,domestic_league,367,1049,Rayo Vallecano,Valencia CF,1,1
2025-12-01,4646141,UKR1,2025,domestic_league,660,3592,FC Shakhtar Donetsk,Kryvbas Kryvyi Rig,2,2
2025-12-01,4646144,UKR1,2025,domestic_league,338,81401,Dynamo Kyiv,SC Poltava,1,2
2025-12-01,4647879,TR1,2025,domestic_league,152,11282,Samsunspor,Alanyaspor,1,1
2025-12-01,4647882,TR1,2025,domestic_league,36,141,Fenerbahce,Galatasaray,1,1
2025-12-01,4648380,DK1,2025,domestic_league,206,5776,Bröndby IF,FC Fredericia,1,3
2025-12-01,4648709,PO1,2025,domestic_league,8024,1075,FC Arouca,SC Braga,0,4
2025-12-01,4649068,RO1,2025,domestic_league,9465,37624,Petrolul Ploiesti,FC Metaloglobus Bucharest,4,1
2025-12-01,4649074,RO1,2025,domestic_league,6429,40812,FC Universitatea Cluj,Universitatea Craiova,0,0
2025-12-01,4649314,RU1,2025,domestic_league,41231,75231,FK Sochi,Dinamo Makhachkala,0,0
2025-12-02,4625905,GB1,2025,domestic_league,989,29,AFC Bournemouth,Everton FC,0,1
2025-12-02,4625908,GB1,2025,domestic_league,931,281,Fulham FC,Manchester City,4,5
2025-12-02,4625912,GB1,2025,domestic_league,762,148,Newcastle United,Tottenham Hotspur,2,2
2025-12-02,4641664,NL1,2025,domestic_league,610,202,Ajax Amsterdam,FC Groningen,2,0
2025-12-02,4645831,ES1,2025,domestic_league,131,13,FC Barcelona,Atlético de Madrid,3,1
2025-12-02,4718754,GRP,2025,domestic_cup,60949,2984,Volou Neos Podosferikos Syllogos,Egaleo FC,6,0
2025-12-02,4726154,BRA1,2024,domestic_league,978,3876,Club de Regatas Vasco da Gama,Mirasol Futebol Clube,0,2
2025-12-02,4736145,CIT,2025,domestic_cup,506,410,Juventus FC,Udinese Calcio,2,0
2025-12-02,4761580,DFB,2025,domestic_cup,16,15,Borussia Dortmund,Bayer 04 Leverkusen,0,1
2025-12-02,4761583,DFB,2025,domestic_cup,44,2,Hertha BSC,1.FC Kaiserslautern,6,1
2025-12-02,4761585,DFB,2025,domestic_cup,18,35,Borussia Mönchengladbach,FC St. Pauli,1,2
2025-12-02,4761586,DFB,2025,domestic_cup,23826,187,RB Leipzig,1.FC Magdeburg,3,1
2025-12-02,4766834,CDR,2025,domestic_cup,18691,1108,Club Portugalete,Deportivo Alavés,0,3
2025-12-02,4766838,CDR,2025,domestic_cup,47880,331,CD Ebro,CA Osasuna,3,5
2025-12-02,4766839,CDR,2025,domestic_cup,2296,237,CD Numancia,RCD Mallorca,2,3
2025-12-02,4766842,CDR,2025,domestic_cup,1176,5358,Racing Ferrol,SD Huesca,0,2
2025-12-02,4766850,CDR,2025,domestic_cup,20921,3709,CDA Navalcarnero,Getafe CF,2,3
2025-12-02,4766856,CDR,2025,domestic_cup,16576,8568,CD Guadalajara,AD Ceuta FC,1,0
2025-12-03,4625904,GB1,2025,domestic_league,11,1148,Arsenal FC,Brentford FC,2,0
2025-12-03,4625906,GB1,2025,domestic_league,1237,405,Brighton & Hove Albion,Aston Villa,3,4
2025-12-03,4625907,GB1,2025,domestic_league,1132,873,Burnley FC,Crystal Palace,0,1
2025-12-03,4625909,GB1,2025,domestic_league,399,631,Leeds United,Chelsea FC,3,1
2025-12-03,4625910,GB1,2025,domestic_league,31,289,Liverpool FC,Sunderland AFC,1,1
2025-12-03,4625913,GB1,2025,domestic_league,543,703,Wolverhampton Wanderers,Nottingham Forest,0,1
2025-12-03,4640842,SER1,2025,domestic_league,6622,4645,FK Mladost Lucani,FK Radnicki 1923 Kragujevac,0,2
2025-12-03,4642894,A1,2025,domestic_league,122,2446,Sportklub Puntigamer Sturm Graz,WSG Tirol,1,3
2025-12-03,4645837,ES1,2025,domestic_league,621,418,Athletic Bilbao,Real Madrid,0,3
2025-12-03,4649427,SC1,2025,domestic_league,370,465,Aberdeen FC,St. Mirren FC,3,3
2025-12-03,4649428,SC1,2025,domestic_league,371,511,Celtic FC,Dundee FC,1,0
2025-12-03,4649429,SC1,2025,domestic_league,1519,124,Dundee United FC,Rangers FC,2,2
2025-12-03,4649430,SC1,2025,domestic_league,1191,987,Falkirk FC,Motherwell FC,0,0
2025-12-03,4649431,SC1,2025,domestic_league,43,2553,Heart of Midlothian FC,Kilmarnock FC,1,1
2025-12-03,4718749,GRP,2025,domestic_cup,2441,653,Athlitiki Enosi Konstantinoupoleos,Omilos Filathlon Irakliou FC,2,0
2025-12-03,4718750,GRP,2025,domestic_cup,4603,3060,Athlitiki Enosi Larisas,APS Atromitos Athinon,0,1
2025-12-03,4718751,GRP,2025,domestic_cup,6676,3984,A.G.S Asteras Tripolis,GS Ilioupolis,5,0
2025-12-03,4718752,GRP,2025,domestic_cup,3062,3391,Athens Kallithea,Kavala FC,2,1
2025-12-03,4718753,GRP,2025,domestic_cup,605,1091,Aris Thessalonikis,Panthessalonikios Athlitikos Omilos Konstantinoupoliton,1,1
2025-12-03,4718755,GRP,2025,domestic_cup,85955,683,Ellas Syros,Olympiakos Syndesmos Filathlon Peiraios,2,5
2025-12-03,4718756,GRP,2025,domestic_cup,4001,2672,Marko FC,APO Levadiakos Football Club,1,3
2025-12-03,4718758,GRP,2025,domestic_cup,265,30120,Panathinaikos Athlitikos Omilos,Athlitiki Enosi Kifisias,1,0
2025-12-03,4726127,BRA1,2024,domestic_league,8793,2125,Red Bull Bragantino,Esporte Clube Vitória,4,0
2025-12-03,4726156,BRA1,2024,domestic_league,585,6600,São Paulo Futebol Clube,Sport Club Internacional,3,0
2025-12-03,4726159,BRA1,2024,domestic_league,210,2462,Grêmio Foot-Ball Porto Alegrense,Fluminense Football Club,1,2
2025-12-03,4726160,BRA1,2024,domestic_league,10010,8718,Esporte Clube Bahia,Sport Club do Recife,2,0
2025-12-03,4726161,BRA1,2024,domestic_league,10870,199,Fortaleza Esporte Clube,Sport Club Corinthians Paulista,2,1
2025-12-03,4726162,BRA1,2024,domestic_league,10492,221,Esporte Clube Juventude,Santos Futebol Clube,0,3
2025-12-03,4736146,CIT,2025,domestic_cup,800,252,Atalanta BC,Genoa CFC,4,0
2025-12-03,4736147,CIT,2025,domestic_cup,46,607,Inter Milan,Venezia FC,5,1
2025-12-03,4736150,CIT,2025,domestic_cup,6195,1390,SSC Napoli,Cagliari Calcio,10,9
2025-12-03,4761067,NLP,2025,domestic_cup,1269,1090,PEC Zwolle,AZ Alkmaar,1,3
2025-12-03,4761581,DFB,2025,domestic_cup,89,27,1.FC Union Berlin,Bayern Munich,2,3
2025-12-03,4761582,DFB,2025,domestic_cup,80,79,VfL Bochum,VfB Stuttgart,0,2
2025-12-03,4761584,DFB,2025,domestic_cup,60,105,SC Freiburg,SV Darmstadt 98,2,0
2025-12-03,4761587,DFB,2025,domestic_cup,41,269,Hamburger SV,Holstein Kiel,3,5
2025-12-03,4766833,CDR,2025,domestic_cup,55398,12321,Ourense CF,Girona FC,2,1
2025-12-03,4766835,CDR,2025,domestic_cup,83848,681,Reus FC Reddis,Real Sociedad,0,2
2025-12-03,4766841,CDR,2025,domestic_cup,5650,1533,Pontevedra CF,SD Eibar,0,3
2025-12-03,4766844,CDR,2025,domestic_cup,13222,2448,CD Mirandés,Sporting Gijón,0,2
2025-12-03,4766845,CDR,2025,domestic_cup,4542,10718,Cultural Leonesa,FC Andorra,4,2
2025-12-03,4766847,CDR,2025,domestic_cup,56725,3368,CD Cieza,Levante UD,0,1
2025-12-03,4766849,CDR,2025,domestic_cup,47486,1531,CD Quintanar del Rey,Elche CF,1,2
2025-12-03,4766851,CDR,2025,domestic_cup,67509,150,Torrent CF,Real Betis Balompié,1,4
2025-12-03,4766852,CDR,2025,domestic_cup,42457,1050,Club Atlético Antoniano,Villarreal CF,4,6
2025-12-03,4766855,CDR,2025,domestic_cup,171,2687,Real Murcia CF,Cádiz CF,3,2
2025-12-03,4766857,CDR,2025,domestic_cup,47421,1084,CF Talavera de la Reina,Málaga CF,2,1
2025-12-03,4766858,CDR,2025,domestic_cup,12567,3302,CD Eldense,UD Almería,2,1
2025-12-03,4769104,DKP,2025,domestic_cup,3426,190,Esbjerg fB,FC Copenhagen,2,4
2025-12-03,4769105,DKP,2025,domestic_cup,1063,443,Viborg FF,Vejle Boldklub,4,1
2025-12-04,4612542,POCP,2025,,720,2420,FC Porto,Vitória Guimarães SC,1,3
2025-12-04,4623176,PL1,2025,domestic_league,2118,5689,Wisla Plock,Cracovia,0,0
2025-12-04,4625911,GB1,2025,domestic_league,985,379,Manchester United,West Ham United,1,1
2025-12-04,4640921,SER1,2025,domestic_league,159,6621,Red Star Belgrade,FK Cukaricki,3,0
2025-12-04,4718757,GRP,2025,domestic_cup,47,6418,Iraklis Thessaloniki,Panetolikos Agrinio,0,0
2025-12-04,4726128,BRA1,2024,domestic_league,330,1023,Clube Atlético Mineiro,Sociedade Esportiva Palmeiras,0,3
2025-12-04,4726153,BRA1,2024,domestic_league,614,2029,Clube de Regatas do Flamengo,Ceará Sporting Club,1,0
2025-12-04,4726158,BRA1,2024,domestic_league,609,537,Cruzeiro Esporte Clube,S. A. F. Botafogo,2,2
2025-12-04,4736143,CIT,2025,domestic_cup,1025,130,Bologna Football Club 1909,Parma Calcio 1913,2,1
2025-12-04,4736144,CIT,2025,domestic_cup,398,5,Società Sportiva Lazio S.p.A.,AC Milan,1,0
2025-12-04,4766836,CDR,2025,domestic_cup,12697,940,UE Sant Andreu,Celta de Vigo,7,8
2025-12-04,4766837,CDR,2025,domestic_cup,18687,714,CD Atlético Baleares,RCD Espanyol Barcelona,1,0
2025-12-04,4766840,CDR,2025,domestic_cup,11422,897,CE Sabadell FC,Deportivo de La Coruña,0,2
2025-12-04,4766843,CDR,2025,domestic_cup,4032,630,SD Ponferradina,Racing Santander,1,2
2025-12-04,4766846,CDR,2025,domestic_cup,142,1536,Real Zaragoza,Burgos CF,0,1
2025-12-04,4766848,CDR,2025,domestic_cup,101648,368,CD Extremadura 1924,Sevilla FC,1,2
2025-12-04,4766853,CDR,2025,domestic_cup,6212,367,Real Ávila CF,Rayo Vallecano,1,2
2025-12-04,4766859,CDR,2025,domestic_cup,648,16795,CD Tenerife,Granada CF,0,1
2025-12-04,4766860,CDR,2025,domestic_cup,1244,1532,CD Leganés,Albacete Balompié,1,2
2025-12-04,4769106,DKP,2025,domestic_cup,865,2778,FC Midtjylland,FC Nordsjaelland,5,1
2025-12-04,4807306,CDR,2025,domestic_cup,7077,1049,FC Cartagena,Valencia CF,1,2
2025-12-05,4624667,TS1,2025,domestic_league,814,62,FK Teplice,SK Slavia Prague,1,2
2025-12-05,4624777,PL1,2025,domestic_league,4000,428,Lechia Gdansk,Górnik Zabrze,5,2
2025-12-05,4625336,KR1,2025,domestic_league,2362,24575,Slaven Belupo Koprivnica,HNK Gorica,2,1
2025-12-05,4634237,L1,2025,domestic_league,39,18,1.FSV Mainz 05,Borussia Mönchengladbach,0,1
2025-12-05,4635132,FR1,2025,domestic_league,1082,244,LOSC Lille,Olympique Marseille,1,0
2025-12-05,4635137,FR1,2025,domestic_league,3911,162,Stade Brestois 29,AS Monaco,1,0
2025-12-05,4641289,BE1,2025,domestic_league,3901,9010,RAAL La Louvière,FCV Dender EH,1,2
2025-12-05,4641656,NL1,2025,domestic_league,798,202,Excelsior Rotterdam,FC Groningen,0,2
2025-12-05,4645776,ES1,2025,domestic_league,2497,237,Real Oviedo,RCD Mallorca,0,0
2025-12-05,4646176,UKR1,2025,domestic_league,10690,85465,Zorya Lugansk,Karpaty Lviv,1,0
2025-12-05,4647864,TR1,2025,domestic_league,141,152,Galatasaray,Samsunspor,3,2
2025-12-05,4648362,DK1,2025,domestic_league,5776,173,FC Fredericia,Odense Boldklub,1,3
2025-12-05,4648686,PO1,2025,domestic_league,294,336,SL Benfica,Sporting CP,1,1
2025-12-05,4649126,RO1,2025,domestic_league,4959,29700,SC Otelul Galati,AFC Unirea 04 Slobozia,3,0
2025-12-05,4649295,RU1,2025,domestic_league,3725,14589,RFK Akhmat Grozny,FC Orenburg,1,0
2025-12-05,4727330,AUS1,2025,domestic_league,71085,7006,Macarthur FC,Melbourne Victory,0,0
2025-12-05,4727331,AUS1,2025,domestic_league,970,36100,Perth Glory,Western Sydney Wanderers,1,0
2025-12-05,4774922,FAC,2025,domestic_cup,34888,1150,Salford City,Leyton Orient,4,0
2025-12-06,4530606,JAP1,2024,domestic_league,828,9598,Urawa Red Diamonds,Kawasaki Frontale,4,0
2025-12-06,4530607,JAP1,2024,domestic_league,6632,23568,Hitachi Kashiwa Reysol,Zelvia,1,0
2025-12-06,4530608,JAP1,2024,domestic_league,6631,8344,Tokyo Football Club,Albirex Niigata,1,1
2025-12-06,4530609,JAP1,2024,domestic_league,1062,22171,S-Pulse,Fagiano Okayama Sports Club,1,2
2025-12-06,4530610,JAP1,2024,domestic_league,1066,9597,Nagoya Grampus Eight,Avispa Fukuoka,1,0
2025-12-06,4530611,JAP1,2024,domestic_league,593,3958,Kyoto Purple Sanga,Rakuten Vissel Kobe,2,0
2025-12-06,4530612,JAP1,2024,domestic_league,596,3734,Gamba Osaka,Tokyo Verdy,4,1
2025-12-06,4530613,JAP1,2024,domestic_league,1022,943,Cerezo Osaka,Yokohama FC,1,3
2025-12-06,4620834,IT1,2025,domestic_league,46,1047,Inter Milan,Como 1907,4,0
2025-12-06,4620838,IT1,2025,domestic_league,6574,430,US Sassuolo,ACF Fiorentina,3,1
2025-12-06,4620841,IT1,2025,domestic_league,276,800,Hellas Verona,Atalanta BC,3,1
2025-12-06,4624660,TS1,2025,domestic_league,450,697,FK Dukla Prague,FC Slovan Liberec,1,1
2025-12-06,4624661,TS1,2025,domestic_league,2311,197,"SK Sigma Olomouc, a.s.",AC Sparta Prague,0,1
2025-12-06,4624662,TS1,2025,domestic_league,5546,5545,FK Mlada Boleslav,FC Zlin,3,1
2025-12-06,4624663,TS1,2025,domestic_league,5544,941,1.FC Slovacko,FC Viktoria Plzen,3,0
2025-12-06,4624773,PL1,2025,domestic_league,6107,3527,Morski Związkowy Klub Sportowy Arka Gdynia Spółka Akcyjna,Motor Lublin Spółka Akcyjna,1,0
2025-12-06,4624778,PL1,2025,domestic_league,6112,255,Piast Gliwice,Legia Warszawa,2,0
2025-12-06,4624779,PL1,2025,domestic_league,324,7154,Pogon Szczecin,Radomiak Radom,2,2
2025-12-06,4624781,PL1,2025,domestic_league,168,88,Zaglebie Lubin,Widzew Lodz,2,1
2025-12-06,4625332,KR1,2025,domestic_league,419,447,GNK Dinamo Zagreb,HNK Hajduk Split,1,1
2025-12-06,4625334,KR1,2025,domestic_league,144,456,HNK Rijeka,HNK Vukovar 1991,3,1
2025-12-06,4625914,GB1,2025,domestic_league,405,11,Aston Villa,Arsenal FC,2,1
2025-12-06,4625915,GB1,2025,domestic_league,989,631,AFC Bournemouth,Chelsea FC,0,0
2025-12-06,4625917,GB1,2025,domestic_league,29,703,Everton FC,Nottingham Forest,3,0
2025-12-06,4625919,GB1,2025,domestic_league,399,31,Leeds United,Liverpool FC,3,3
2025-12-06,4625920,GB1,2025,domestic_league,281,289,Manchester City,Sunderland AFC,3,0
2025-12-06,4625921,GB1,2025,domestic_league,762,1132,Newcastle United,Burnley FC,2,1
2025-12-06,4625922,GB1,2025,domestic_league,148,1148,Tottenham Hotspur,Brentford FC,2,0
2025-12-06,4627329,C1,2025,domestic_league,504,61,Grasshopper Club Zurich,Servette FC,0,1
2025-12-06,4627332,C1,2025,domestic_league,257,260,FC St. Gallen 1879,FC Zürich,1,2
2025-12-06,4627333,C1,2025,domestic_league,938,434,FC Thun,FC Luzern,4,1
2025-12-06,4634238,L1,2025,domestic_league,23826,24,RB Leipzig,Eintracht Frankfurt,6,0
2025-12-06,4634239,L1,2025,domestic_league,79,27,VfB Stuttgart,Bayern Munich,0,5
2025-12-06,4634240,L1,2025,domestic_league,82,89,VfL Wolfsburg,1.FC Union Berlin,3,1
2025-12-06,4634241,L1,2025,domestic_league,167,15,FC Augsburg,Bayer 04 Leverkusen,2,0
2025-12-06,4634242,L1,2025,domestic_league,2036,60,1. Fußballclub Heidenheim 1846,SC Freiburg,2,1
2025-12-06,4634243,L1,2025,domestic_league,3,35,1.FC Köln,FC St. Pauli,1,1
2025-12-06,4635135,FR1,2025,domestic_league,995,826,FC Nantes,RC Lens,1,2
2025-12-06,4635139,FR1,2025,domestic_league,415,667,FC Toulouse,RC Strasbourg Alsace,1,0
2025-12-06,4635140,FR1,2025,domestic_league,583,273,Paris Saint-Germain,Stade Rennais FC,5,0
2025-12-06,4640821,SER1,2025,domestic_league,8819,53,FK Javor-Matis Ivanjica,OFK Beograd,0,1
2025-12-06,4641287,BE1,2025,domestic_league,3948,157,Union Saint-Gilloise,KAA Gent,1,1
2025-12-06,4641290,BE1,2025,domestic_league,520,3057,Cercle Brugge,Standard Liège,1,2
2025-12-06,4641293,BE1,2025,domestic_league,475,2282,Sint-Truidense VV,Club Brugge KV,3,2
2025-12-06,4641659,NL1,2025,domestic_league,234,1269,Feyenoord Rotterdam,PEC Zwolle,6,1
2025-12-06,4641660,NL1,2025,domestic_league,385,610,Fortuna Sittardia Combinatie,Ajax Amsterdam,1,3
2025-12-06,4641661,NL1,2025,domestic_league,1304,1434,Heracles Almelo,SC Telstar,1,1
2025-12-06,4641662,NL1,2025,domestic_league,306,383,SC Heerenveen,PSV Eindhoven,0,2
2025-12-06,4642965,A1,2025,domestic_league,170,266,Rapid Vienna,SV Ried,1,2
2025-12-06,4642966,A1,2025,domestic_league,4467,413,TSV Hartberg,LASK,2,2
2025-12-06,4642968,A1,2025,domestic_league,2157,409,FC Blau-Weiss Linz,Fußballclub Red Bull Salzburg,0,2
2025-12-06,4645772,ES1,2025,domestic_league,150,131,Real Betis Balompié,FC Barcelona,3,5
2025-12-06,4645774,ES1,2025,domestic_league,1050,3709,Villarreal CF,Getafe CF,2,0
2025-12-06,4645778,ES1,2025,domestic_league,1108,681,Deportivo Alavés,Real Sociedad,1,0
2025-12-06,4645779,ES1,2025,domestic_league,621,13,Athletic Bilbao,Atlético de Madrid,1,0
2025-12-06,4646172,UKR1,2025,domestic_league,48332,660,Kolos Kovalivka,FC Shakhtar Donetsk,0,0
2025-12-06,4646175,UKR1,2025,domestic_league,87883,338,FC Kudrivka,Dynamo Kyiv,1,2
2025-12-06,4646177,UKR1,2025,domestic_league,63007,39097,LNZ Cherkasy,Obolon Kyiv,3,0
2025-12-06,4647858,TR1,2025,domestic_league,7160,3205,Eyüpspor,Kayserispor,1,1
2025-12-06,4647859,TR1,2025,domestic_league,2293,126,Konyaspor,Caykur Rizespor,1,1
2025-12-06,4647862,TR1,2025,domestic_league,6890,36,Basaksehir FK,Fenerbahce,1,1
2025-12-06,4648682,PO1,2025,domestic_league,110302,2425,Avs Futebol,Rio Ave FC,1,2
2025-12-06,4648685,PO1,2025,domestic_league,2423,3268,CD Santa Clara,Casa Pia AC,1,0
2025-12-06,4648690,PO1,2025,domestic_league,3329,1075,FC Famalicão,SC Braga,1,2
2025-12-06,4649125,RO1,2025,domestic_league,301,312,FCSB,FC Dinamo 1948,0,0
2025-12-06,4649128,RO1,2025,domestic_league,37255,41278,FK Csikszereda Miercurea Ciuc,ACSC FC Arges,0,2
2025-12-06,4649291,RU1,2025,domestic_league,964,71985,AO FK Zenit Sankt-Peterburg,Akron Togliatti,2,0
