date,game_id,competition_id,season,competition_type,home_club_id,away_club_id,home_club_name,away_club_name,home_goals,away_goals
2025-12-06,4649292,RU1,2025,domestic_league,232,121,FK Spartak Moskva,FK Dinamo Moskva,1,1
2025-12-06,4649293,RU1,2025,domestic_league,1083,2698,FK Rostov,FC Rubin Kazan,2,0
2025-12-06,4649410,SC1,2025,domestic_league,511,370,Dundee FC,Aberdeen FC,1,3
2025-12-06,4649411,SC1,2025,domestic_league,903,1191,Hibernian FC,Falkirk FC,3,0
2025-12-06,4649412,SC1,2025,domestic_league,2553,124,Kilmarnock FC,Rangers FC,0,3
2025-12-06,4649413,SC1,2025,domestic_league,987,1241,Motherwell FC,Livingston FC,3,0
2025-12-06,4649414,SC1,2025,domestic_league,465,1519,St. Mirren FC,Dundee United FC,2,0
2025-12-06,4665094,GR1,2025,domestic_league,60949,30120,Volou Neos Podosferikos Syllogos,Athlitiki Enosi Kifisias,1,1
2025-12-06,4665095,GR1,2025,domestic_league,683,653,Olympiakos Syndesmos Filathlon Peiraios,Omilos Filathlon Irakliou FC,3,0
2025-12-06,4726167,BRA1,2024,domestic_league,3876,614,Mirasol Futebol Clube,Clube de Regatas do Flamengo,3,3
2025-12-06,4727332,AUS1,2025,domestic_league,118373,8445,Auckland FC,Wellington Phoenix,3,1
2025-12-06,4727333,AUS1,2025,domestic_league,5551,25580,Newcastle United Jets,Melbourne City FC,0,1
2025-12-06,4727334,AUS1,2025,domestic_league,6954,8054,Central Coast Mariners,Sydney FC,1,2
2025-12-06,4774923,FAC,2025,domestic_cup,3688,3820,Accrington Stanley,Mansfield Town,3,5
2025-12-06,4774924,FAC,2025,domestic_cup,1071,6168,Wigan Athletic,Barrow AFC,6,5
2025-12-06,4774925,FAC,2025,domestic_cup,6699,2805,Exeter City,Wycombe Wanderers,4,0
2025-12-06,4774926,FAC,2025,domestic_cup,1034,4117,Grimsby Town,Wealdstone FC,4,0
2025-12-06,4774927,FAC,2025,domestic_cup,991,1078,Milton Keynes Dons,Oldham Athletic,3,1
2025-12-06,4774928,FAC,2025,domestic_cup,1098,986,Stockport County,Cambridge United,4,5
2025-12-06,4774929,FAC,2025,domestic_cup,11177,1031,Fleetwood Town,Luton Town,6,4
2025-12-06,4774930,FAC,2025,domestic_cup,3698,3712,Chelmsford City,Weston-super-Mare AFC,0,2
2025-12-06,4774931,FAC,2025,domestic_cup,352,355,Swindon Town,Bolton Wanderers,4,0
2025-12-06,4774932,FAC,2025,domestic_cup,1211,2455,Port Vale FC,Bristol Rovers,1,0
2025-12-06,4774933,FAC,2025,domestic_cup,1072,349,Peterborough United,Barnsley FC,0,1
2025-12-06,4774934,FAC,2025,domestic_cup,3371,10895,Cheltenham Town,Buxton FC,6,2
2025-12-06,4774935,FAC,2025,domestic_cup,3052,3054,Sutton United,Shrewsbury Town,1,2
2025-12-06,4774936,FAC,2025,domestic_cup,1219,2454,Chesterfield FC,Doncaster Rovers,1,2
2025-12-07,4620832,IT1,2025,domestic_league,1390,12,Cagliari Calcio,Associazione Sportiva Roma,1,0
2025-12-07,4620833,IT1,2025,domestic_league,2239,1005,US Cremonese,US Lecce,2,0
2025-12-07,4620835,IT1,2025,domestic_league,398,1025,Società Sportiva Lazio S.p.A.,Bologna Football Club 1909,1,1
2025-12-07,4620836,IT1,2025,domestic_league,6195,506,SSC Napoli,Juventus FC,2,1
2025-12-07,4624664,TS1,2025,domestic_league,1496,1897,FK Pardubice,FC Hradec Kralove,1,0
2025-12-07,4624665,TS1,2025,domestic_league,13726,377,MFK Karvina,FC Baník Ostrava a.s.,0,0
2025-12-07,4624666,TS1,2025,domestic_league,1322,715,FK Jablonec,"Bohemians Praha 1905, a.s.",1,0
2025-12-07,4624774,PL1,2025,domestic_league,15906,2300,Termalica Bruk-Bet Nieciecza Klub Sportowy,Jagiellonia Bialystok,2,1
2025-12-07,4624775,PL1,2025,domestic_league,5689,238,Cracovia,Lech Poznan,2,2
2025-12-07,4624780,PL1,2025,domestic_league,9644,6456,Raków Częstochowa,GKS GieKSa Katowice Spółka Akcyjna,1,0
2025-12-07,4625333,KR1,2025,domestic_league,599,11194,NK Varazdin,NK Lokomotiva Zagreb,4,2
2025-12-07,4625335,KR1,2025,domestic_league,327,999,NK Osijek,NK Istra 1961,1,5
2025-12-07,4625916,GB1,2025,domestic_league,1237,379,Brighton & Hove Albion,West Ham United,1,1
2025-12-07,4625918,GB1,2025,domestic_league,931,873,Fulham FC,Crystal Palace,1,2
2025-12-07,4627330,C1,2025,domestic_league,527,2790,Football Club Lausanne-Sport,FC Lugano,0,0
2025-12-07,4627331,C1,2025,domestic_league,321,452,FC Sion,BSC Young Boys,2,0
2025-12-07,4627334,C1,2025,domestic_league,242,26,FC Winterthur,FC Basel 1893,1,2
2025-12-07,4634236,L1,2025,domestic_league,16,533,Borussia Dortmund,TSG 1899 Hoffenheim,2,0
2025-12-07,4634244,L1,2025,domestic_league,41,86,Hamburger SV,SV Werder Bremen,3,2
2025-12-07,4635133,FR1,2025,domestic_league,738,10004,Le Havre AC,Paris FC,0,0
2025-12-07,4635134,FR1,2025,domestic_league,290,347,AJ Auxerre,FC Metz,3,1
2025-12-07,4635136,FR1,2025,domestic_league,417,1420,OGC Nice,Angers SCO,0,1
2025-12-07,4635138,FR1,2025,domestic_league,1158,1041,FC Lorient,Olympique Lyon,1,0
2025-12-07,4640822,SER1,2025,domestic_league,159,448,Red Star Belgrade,FK Vojvodina Novi Sad,0,1
2025-12-07,4640826,SER1,2025,domestic_league,32113,4633,FK IMT Belgrad,FK Novi Pazar,2,3
2025-12-07,4640827,SER1,2025,domestic_league,788,59358,FK Napredak Krusevac,FK Zeleznicar Pancevo,2,1
2025-12-07,4640828,SER1,2025,domestic_league,4645,669,FK Radnicki 1923 Kragujevac,FK Partizan Belgrade,2,4
2025-12-07,4641288,BE1,2025,domestic_league,1096,1184,Royal Antwerp FC,KRC Genk,3,0
2025-12-07,4641291,BE1,2025,domestic_league,2727,3508,Oud-Heverlee Leuven,Zulte Waregem,1,1
2025-12-07,4641292,BE1,2025,domestic_league,354,172,KV Mechelen,Royal Charleroi Sporting Club,1,0
2025-12-07,4641294,BE1,2025,domestic_league,968,58,KVC Westerlo,RSC Anderlecht,4,0
2025-12-07,4641655,NL1,2025,domestic_league,1090,1435,AZ Alkmaar,Go Ahead Eagles,2,2
2025-12-07,4641657,NL1,2025,domestic_league,200,317,FC Utrecht,FC Twente Enschede,1,1
2025-12-07,4641658,NL1,2025,domestic_league,724,467,FC Volendam,NEC Nijmegen,2,3
2025-12-07,4641663,NL1,2025,domestic_league,468,132,Sparta Rotterdam,NAC Breda,1,0
2025-12-07,4642964,A1,2025,domestic_league,122,316,Sportklub Puntigamer Sturm Graz,Grazer AK 1902,2,1
2025-12-07,4642967,A1,2025,domestic_league,4441,14,Wolfsberger AC,Austria Vienna,2,1
2025-12-07,4642969,A1,2025,domestic_league,2446,3551,WSG Tirol,Sportclub Rheindorf Altach,0,3
2025-12-07,4645770,ES1,2025,domestic_league,1531,12321,Elche CF,Girona FC,3,0
2025-12-07,4645771,ES1,2025,domestic_league,714,367,RCD Espanyol Barcelona,Rayo Vallecano,1,0
2025-12-07,4645773,ES1,2025,domestic_league,418,940,Real Madrid,Celta de Vigo,0,2
2025-12-07,4645777,ES1,2025,domestic_league,1049,368,Valencia CF,Sevilla FC,1,1
2025-12-07,4646173,UKR1,2025,domestic_league,48726,53646,Rukh Lviv,FK Polissya Zhytomyr,1,0
2025-12-07,4646178,UKR1,2025,domestic_league,3592,18303,Kryvbas Kryvyi Rig,FC Oleksandriya,3,0
2025-12-07,4647863,TR1,2025,domestic_league,1467,449,Göztepe,Trabzonspor,1,2
2025-12-07,4647865,TR1,2025,domestic_league,820,6646,Gençlerbirliği Spor Kulübü,Fatih Karagümrük,3,0
2025-12-07,4647866,TR1,2025,domestic_league,120,10484,Kocaelispor,Kasimpasa,0,0
2025-12-07,4648361,DK1,2025,domestic_league,190,5817,FC Copenhagen,Sönderjyske Fodbold,0,2
2025-12-07,4648363,DK1,2025,domestic_league,2778,1177,FC Nordsjaelland,Silkeborg IF,5,0
2025-12-07,4648364,DK1,2025,domestic_league,5724,678,Randers FC,Aarhus GF,1,2
2025-12-07,4648366,DK1,2025,domestic_league,1063,865,Viborg FF,FC Midtjylland,3,3
2025-12-07,4648683,PO1,2025,domestic_league,1465,979,GD Estoril Praia,Moreirense FC,3,3
2025-12-07,4648684,PO1,2025,domestic_league,2521,982,FC Alverca,CD Nacional,1,0
2025-12-07,4648688,PO1,2025,domestic_league,2431,8024,CF Estrela Amadora,FC Arouca,3,1
2025-12-07,4648689,PO1,2025,domestic_league,7179,720,CD Tondela,FC Porto,0,2
2025-12-07,4649124,RO1,2025,domestic_league,37624,29831,FC Metaloglobus Bucharest,FCV Farul Constanta,2,1
2025-12-07,4649129,RO1,2025,domestic_league,6429,58049,FC Universitatea Cluj,FC Hermannstadt,3,0
2025-12-07,4649130,RO1,2025,domestic_league,40812,7769,Universitatea Craiova,CFR Cluj,1,1
2025-12-07,4649294,RU1,2025,domestic_league,16704,2410,FK Krasnodar,PFK CSKA Moskva,3,2
2025-12-07,4649296,RU1,2025,domestic_league,2741,2696,FK Baltika,PFK Krylya Sovetov Samara,2,0
2025-12-07,4649297,RU1,2025,domestic_league,75231,49702,Dinamo Makhachkala,FK Nizhny Novgorod,0,1
2025-12-07,4649298,RU1,2025,domestic_league,41231,932,FK Sochi,"Футбольный клуб ""Локомотив"" Москва",2,4
2025-12-07,4649409,SC1,2025,domestic_league,371,43,Celtic FC,Heart of Midlothian FC,1,2
2025-12-07,4665091,GR1,2025,domestic_league,2441,3060,Athlitiki Enosi Konstantinoupoleos,APS Atromitos Athinon,4,1
2025-12-07,4665092,GR1,2025,domestic_league,6676,2672,A.G.S Asteras Tripolis,APO Levadiakos Football Club,1,1
2025-12-07,4665093,GR1,2025,domestic_league,4603,265,Athlitiki Enosi Larisas,Panathinaikos Athlitikos Omilos,2,2
2025-12-07,4665097,GR1,2025,domestic_league,1091,605,Panthessalonikios Athlitikos Omilos Konstantinoupoliton,Aris Thessalonikis,3,1
2025-12-07,4726163,BRA1,2024,domestic_league,2462,10010,Fluminense Football Club,Esporte Clube Bahia,2,0
2025-12-07,4726164,BRA1,2024,domestic_league,537,10870,S. A. F. Botafogo,Fortaleza Esporte Clube,4,2
2025-12-07,4726165,BRA1,2024,domestic_league,199,10492,Sport Club Corinthians Paulista,Esporte Clube Juventude,1,1
2025-12-07,4726166,BRA1,2024,domestic_league,221,609,Santos Futebol Clube,Cruzeiro Esporte Clube,3,0
2025-12-07,4726168,BRA1,2024,domestic_league,330,978,Clube Atlético Mineiro,Club de Regatas Vasco da Gama,5,0
2025-12-07,4726169,BRA1,2024,domestic_league,6600,8793,Sport Club Internacional,Red Bull Bragantino,3,1
2025-12-07,4726170,BRA1,2024,domestic_league,2125,585,Esporte Clube Vitória,São Paulo Futebol Clube,1,0
2025-12-07,4726171,BRA1,2024,domestic_league,2029,1023,Ceará Sporting Club,Sociedade Esportiva Palmeiras,1,3
2025-12-07,4726172,BRA1,2024,domestic_league,8718,210,Sport Club do Recife,Grêmio Foot-Ball Porto Alegrense,0,4
2025-12-07,4727335,AUS1,2025,domestic_league,875,7831,Adelaide United,Brisbane Roar,0,1
2025-12-07,4774937,FAC,2025,domestic_cup,11310,85287,Slough Town,Macclesfield FC,1,3
2025-12-07,4774938,FAC,2025,domestic_cup,3867,3716,Boreham Wood FC,Newport County,3,0
2025-12-07,4774939,FAC,2025,domestic_cup,3456,899,Gateshead FC,Walsall FC,0,2
2025-12-07,4774940,FAC,2025,domestic_cup,1181,1220,Blackpool FC,Carlisle United,4,1
2025-12-08,4620837,IT1,2025,domestic_league,4172,130,Pisa Sporting Club,Parma Calcio 1913,0,1
2025-12-08,4620839,IT1,2025,domestic_league,416,5,Torino FC,AC Milan,2,3
2025-12-08,4620840,IT1,2025,domestic_league,410,252,Udinese Calcio,Genoa CFC,1,2
2025-12-08,4624776,PL1,2025,domestic_league,6110,2118,Korona Kielce,Wisla Plock,1,1
2025-12-08,4625923,GB1,2025,domestic_league,543,985,Wolverhampton Wanderers,Manchester United,1,4
2025-12-08,4640823,SER1,2025,domestic_league,15276,3137,FK Spartak Subotica,FK TSC Backa Topola,1,2
2025-12-08,4640824,SER1,2025,domestic_league,33328,6622,FK Radnik Surdulica,FK Mladost Lucani,0,0
2025-12-08,4640825,SER1,2025,domestic_league,7567,6621,FK Radnicki Nis,FK Cukaricki,1,2
2025-12-08,4645775,ES1,2025,domestic_league,331,3368,CA Osasuna,Levante UD,2,0
2025-12-08,4646171,UKR1,2025,domestic_league,81401,84122,SC Poltava,Epicentr Kamyanets-Podilskyi,0,3
2025-12-08,4647860,TR1,2025,domestic_league,114,2832,Beşiktaş Jimnastik Kulübü,Gaziantep FK,2,2
2025-12-08,4647861,TR1,2025,domestic_league,11282,589,Alanyaspor,Antalyaspor,0,0
2025-12-08,4648365,DK1,2025,domestic_league,443,206,Vejle Boldklub,Bröndby IF,2,1
2025-12-08,4648687,PO1,2025,domestic_league,2420,2424,Vitória Guimarães SC,Gil Vicente FC,0,0
2025-12-08,4649123,RO1,2025,domestic_league,952,9465,UTA Arad,Petrolul Ploiesti,1,0
2025-12-08,4649127,RO1,2025,domestic_league,8818,455,FC Botosani,FC Rapid 1923,0,0
2025-12-08,4665096,GR1,2025,domestic_league,3385,6418,Panserraikos Serres,Panetolikos Agrinio,0,1
2025-12-08,4774941,FAC,2025,domestic_cup,20877,2963,Brackley Town,Burton Albion,1,3
2025-12-09,4714988,CL,2025,international_cup,383,13,PSV Eindhoven,Atlético de Madrid,2,3
2025-12-09,4714993,CL,2025,international_cup,148,62,Tottenham Hotspur,SK Slavia Prague,3,0
2025-12-09,4715058,CL,2025,international_cup,46,31,Inter Milan,Liverpool FC,0,1
2025-12-09,4715064,CL,2025,international_cup,3948,244,Union Saint-Gilloise,Olympique Marseille,2,3
2025-12-09,4715092,CL,2025,international_cup,27,336,Bayern Munich,Sporting CP,3,1
2025-12-09,4715096,CL,2025,international_cup,162,141,AS Monaco,Galatasaray,1,0
2025-12-09,4715112,CL,2025,international_cup,800,631,Atalanta BC,Chelsea FC,2,1
2025-12-09,4715135,CL,2025,international_cup,131,24,FC Barcelona,Eintracht Frankfurt,2,1
2025-12-09,4717485,CL,2025,international_cup,10482,683,Kairat Almaty,Olympiakos Syndesmos Filathlon Peiraios,0,1
2025-12-10,4714996,CL,2025,international_cup,1050,190,Villarreal CF,FC Copenhagen,2,3
2025-12-10,4714998,CL,2025,international_cup,2282,11,Club Brugge KV,Arsenal FC,0,3
2025-12-10,4715007,CL,2025,international_cup,506,45457,Juventus FC,Pafos FC,2,0
2025-12-10,4715051,CL,2025,international_cup,621,583,Athletic Bilbao,Paris Saint-Germain,0,0
2025-12-10,4715065,CL,2025,international_cup,418,281,Real Madrid,Manchester City,1,2
2025-12-10,4715116,CL,2025,international_cup,294,6195,SL Benfica,SSC Napoli,2,0
2025-12-10,4715126,CL,2025,international_cup,15,762,Bayer 04 Leverkusen,Newcastle United,2,2
2025-12-10,4715133,CL,2025,international_cup,10625,610,Qarabağ FK,Ajax Amsterdam,2,4
2025-12-10,4715136,CL,2025,international_cup,16,501,Borussia Dortmund,Fotballklubben Bodø/Glimt,2,2
2025-12-10,4757438,SFA,2025,domestic_cup,26154,2451,Tranent FC,Inverness Caledonian Thistle FC,1,2
2025-12-11,4715922,EL,2025,other,720,496,FC Porto,Malmö Fotbollförening,2,1
2025-12-11,4715935,EL,2025,other,419,150,GNK Dinamo Zagreb,Real Betis Balompié,1,3
2025-12-11,4715966,EL,2025,other,1041,1435,Olympique Lyon,Go Ahead Eagles,2,1
2025-12-11,4715975,EL,2025,other,279,124,Ferencvárosi TC,Rangers FC,2,1
2025-12-11,4715979,EL,2025,other,371,12,Celtic FC,Associazione Sportiva Roma,0,3
2025-12-11,4715987,EL,2025,other,452,1082,BSC Young Boys,LOSC Lille,1,0
2025-12-11,4715991,EL,2025,other,26,405,FC Basel 1893,Aston Villa,1,2
2025-12-11,4715995,EL,2025,other,60,409,SC Freiburg,Fußballclub Red Bull Salzburg,1,0
2025-12-11,4716000,EL,2025,other,31614,1091,Ludogorets Razgrad,Panthessalonikios Athlitikos Omilos Konstantinoupoliton,3,3
2025-12-11,4716008,EL,2025,other,122,159,Sportklub Puntigamer Sturm Graz,Red Star Belgrade,0,1
2025-12-11,4716011,EL,2025,other,301,234,FCSB,Feyenoord Rotterdam,4,3
2025-12-11,4716016,EL,2025,other,417,1075,OGC Nice,SC Braga,0,1
2025-12-11,4716026,EL,2025,other,940,1025,Celta de Vigo,Bologna Football Club 1909,1,2
2025-12-11,4716028,EL,2025,other,79,119,VfB Stuttgart,Maccabi Tel Aviv,4,1
2025-12-11,4716032,EL,2025,other,265,941,Panathinaikos Athlitikos Omilos,FC Viktoria Plzen,0,0
2025-12-11,4716045,EL,2025,other,200,703,FC Utrecht,Nottingham Forest,1,2
2025-12-11,4716052,EL,2025,other,1100,36,Sportsklubben Brann,Fenerbahce,0,4
2025-12-11,4716070,UCOL,2025,other,430,338,ACF Fiorentina,Dynamo Kyiv,2,1
2025-12-11,4716083,UCOL,2025,other,170,829,Rapid Vienna,Omonia Nicosia,0,1
2025-12-11,4716098,UCOL,2025,other,238,39,Lech Poznan,1.FSV Mainz 05,1,1
2025-12-11,4716115,UCOL,2025,other,2300,367,Jagiellonia Bialystok,Rayo Vallecano,1,2
2025-12-11,4716122,UCOL,2025,other,144,710,HNK Rijeka,NK Celje,3,0
2025-12-11,4716129,UCOL,2025,other,38204,2311,Lincoln Red Imps FC,"SK Sigma Olomouc, a.s.",2,1
2025-12-11,4716132,UCOL,2025,other,6251,527,Kuopion Palloseura,Football Club Lausanne-Sport,0,0
2025-12-11,4716137,UCOL,2025,other,370,667,Aberdeen FC,RC Strasbourg Alsace,0,1
2025-12-11,4716139,UCOL,2025,other,33741,1090,FC Drita,AZ Alkmaar,0,3
2025-12-11,4716142,UCOL,2025,other,3737,3258,Breidablik Kópavogur,Shamrock Rovers,3,1
2025-12-11,4716149,UCOL,2025,other,152,2441,Samsunspor,Athlitiki Enosi Konstantinoupoleos,1,2
2025-12-11,4716152,UCOL,2025,other,9644,6808,Raków Częstochowa,HSK Zrinjski Mostar,1,0
2025-12-11,4716157,UCOL,2025,other,1167,540,Shkendija Tetovo,Slovan Bratislava,2,0
2025-12-11,4716162,UCOL,2025,other,1109,2156,BK Häcken,AEK Larnaca,1,1
2025-12-11,4716166,UCOL,2025,other,40812,197,Universitatea Craiova,AC Sparta Prague,1,2
2025-12-11,4716169,UCOL,2025,other,17149,660,Hamrun Spartans,FC Shakhtar Donetsk,0,2
2025-12-11,4716172,UCOL,2025,other,60368,255,FC Noah Yerevan,Legia Warszawa,2,1
2025-12-11,4716175,UCOL,2025,other,3909,873,Shelbourne FC,Crystal Palace,0,3
2025-12-11,4716257,EL,2025,other,865,1184,FC Midtjylland,KRC Genk,1,0
2025-12-11,4769107,DKP,2025,domestic_cup,173,678,Odense Boldklub,Aarhus GF,1,0
2025-12-12,4620846,IT1,2025,domestic_league,1005,4172,US Lecce,Pisa Sporting Club,1,0
2025-12-12,4625340,KR1,2025,domestic_league,456,599,HNK Vukovar 1991,NK Varazdin,2,0
2025-12-12,4634251,L1,2025,domestic_league,89,23826,1.FC Union Berlin,RB Leipzig,3,1
2025-12-12,4635141,FR1,2025,domestic_league,1420,995,Angers SCO,FC Nantes,4,1
2025-12-12,4641306,BE1,2025,domestic_league,3057,2727,Standard Liège,Oud-Heverlee Leuven,0,1
2025-12-12,4645785,ES1,2025,domestic_league,681,12321,Real Sociedad,Girona FC,1,2
2025-12-12,4646198,UKR1,2025,domestic_league,39097,55686,Obolon Kyiv,TOV FK Metalist 1925 Kharkiv,1,3
2025-12-12,4646201,UKR1,2025,domestic_league,18303,87883,FC Oleksandriya,FC Kudrivka,1,1
2025-12-12,4647867,TR1,2025,domestic_league,10484,820,Kasimpasa,Gençlerbirliği Spor Kulübü,0,0
2025-12-12,4649137,RO1,2025,domestic_league,7769,37255,CFR Cluj,FK Csikszereda Miercurea Ciuc,3,1
2025-12-12,4727235,AUS1,2025,domestic_league,6954,118373,Central Coast Mariners,Auckland FC,1,2
2025-12-13,4620842,IT1,2025,domestic_league,800,1390,Atalanta BC,Cagliari Calcio,2,1
2025-12-13,4620848,IT1,2025,domestic_league,130,398,Parma Calcio 1913,Società Sportiva Lazio S.p.A.,0,1
2025-12-13,4620850,IT1,2025,domestic_league,416,2239,Torino FC,US Cremonese,1,0
2025-12-13,4624671,TS1,2025,domestic_league,62,1322,SK Slavia Prague,FK Jablonec,4,3
2025-12-13,4624672,TS1,2025,domestic_league,814,5544,FK Teplice,1.FC Slovacko,1,0
2025-12-13,4624674,TS1,2025,domestic_league,377,1496,FC Baník Ostrava a.s.,FK Pardubice,1,4
2025-12-13,4624675,TS1,2025,domestic_league,1897,5546,FC Hradec Kralove,FK Mlada Boleslav,1,1
2025-12-13,4625291,KR1,2025,domestic_league,327,24575,NK Osijek,HNK Gorica,1,1
2025-12-13,4625341,KR1,2025,domestic_league,11194,447,NK Lokomotiva Zagreb,HNK Hajduk Split,1,3
2025-12-13,4625924,GB1,2025,domestic_league,11,543,Arsenal FC,Wolverhampton Wanderers,2,1
2025-12-13,4625926,GB1,2025,domestic_league,1132,931,Burnley FC,Fulham FC,2,3
2025-12-13,4625927,GB1,2025,domestic_league,631,29,Chelsea FC,Everton FC,2,0
2025-12-13,4625929,GB1,2025,domestic_league,31,1237,Liverpool FC,Brighton & Hove Albion,2,0
2025-12-13,4627337,C1,2025,domestic_league,321,504,FC Sion,Grasshopper Club Zurich,1,0
2025-12-13,4627338,C1,2025,domestic_league,938,257,FC Thun,FC St. Gallen 1879,0,2
2025-12-13,4627340,C1,2025,domestic_league,260,242,FC Zürich,FC Winterthur,2,2
2025-12-13,4634246,L1,2025,domestic_league,15,3,Bayer 04 Leverkusen,1.FC Köln,2,0
2025-12-13,4634247,L1,2025,domestic_league,24,167,Eintracht Frankfurt,FC Augsburg,1,0
2025-12-13,4634250,L1,2025,domestic_league,18,82,Borussia Mönchengladbach,VfL Wolfsburg,1,3
2025-12-13,4634252,L1,2025,domestic_league,35,2036,FC St. Pauli,1. Fußballclub Heidenheim 1846,2,1
2025-12-13,4634253,L1,2025,domestic_league,533,41,TSG 1899 Hoffenheim,Hamburger SV,4,1
2025-12-13,4635142,FR1,2025,domestic_league,10004,415,Paris FC,FC Toulouse,0,3
2025-12-13,4635144,FR1,2025,domestic_league,273,3911,Stade Rennais FC,Stade Brestois 29,3,1
2025-12-13,4635147,FR1,2025,domestic_league,347,583,FC Metz,Paris Saint-Germain,2,3
2025-12-13,4640934,SER1,2025,domestic_league,4645,8819,FK Radnicki 1923 Kragujevac,FK Javor-Matis Ivanjica,1,1
2025-12-13,4640937,SER1,2025,domestic_league,669,788,FK Partizan Belgrade,FK Napredak Krusevac,3,2
2025-12-13,4640939,SER1,2025,domestic_league,59358,32113,FK Zeleznicar Pancevo,FK IMT Belgrad,1,0
2025-12-13,4640945,SER1,2025,domestic_league,6621,33328,FK Cukaricki,FK Radnik Surdulica,1,1
2025-12-13,4640953,SER1,2025,domestic_league,448,53,FK Vojvodina Novi Sad,OFK Beograd,0,0
2025-12-13,4641303,BE1,2025,domestic_league,58,475,RSC Anderlecht,Sint-Truidense VV,2,1
2025-12-13,4641307,BE1,2025,domestic_league,3508,3901,Zulte Waregem,RAAL La Louvière,2,2
2025-12-13,4641308,BE1,2025,domestic_league,520,354,Cercle Brugge,KV Mechelen,2,3
2025-12-13,4641504,NL1,2025,domestic_league,202,724,FC Groningen,FC Volendam,3,0
2025-12-13,4641507,NL1,2025,domestic_league,1269,385,PEC Zwolle,Fortuna Sittardia Combinatie,1,0
2025-12-13,4641508,NL1,2025,domestic_league,383,1304,PSV Eindhoven,Heracles Almelo,4,3
2025-12-13,4641510,NL1,2025,domestic_league,1434,467,SC Telstar,NEC Nijmegen,2,2
2025-12-13,4642971,A1,2025,domestic_league,4467,2446,TSV Hartberg,WSG Tirol,2,1
2025-12-13,4642972,A1,2025,domestic_league,266,3551,SV Ried,Sportclub Rheindorf Altach,3,0
2025-12-13,4642975,A1,2025,domestic_league,316,413,Grazer AK 1902,LASK,1,2
2025-12-13,4645783,ES1,2025,domestic_league,237,1531,RCD Mallorca,Elche CF,3,1
2025-12-13,4645784,ES1,2025,domestic_league,3709,714,Getafe CF,RCD Espanyol Barcelona,0,1
2025-12-13,4645788,ES1,2025,domestic_league,13,1049,Atlético de Madrid,Valencia CF,2,1
2025-12-13,4645789,ES1,2025,domestic_league,131,331,FC Barcelona,CA Osasuna,2,0
2025-12-13,4646197,UKR1,2025,domestic_league,53646,85465,FK Polissya Zhytomyr,Karpaty Lviv,3,2
2025-12-13,4646200,UKR1,2025,domestic_league,63007,10690,LNZ Cherkasy,Zorya Lugansk,2,0
2025-12-13,4646202,UKR1,2025,domestic_league,3592,48332,Kryvbas Kryvyi Rig,Kolos Kovalivka,1,1
2025-12-13,4647868,TR1,2025,domestic_league,589,141,Antalyaspor,Galatasaray,1,4
2025-12-13,4647874,TR1,2025,domestic_league,126,7160,Caykur Rizespor,Eyüpspor,3,0
2025-12-13,4647875,TR1,2025,domestic_league,3205,11282,Kayserispor,Alanyaspor,0,0
2025-12-13,4648673,PO1,2025,domestic_league,3268,2424,Casa Pia AC,Gil Vicente FC,1,1
2025-12-13,4648676,PO1,2025,domestic_league,336,110302,Sporting CP,Avs Futebol,6,0
2025-12-13,4648681,PO1,2025,domestic_league,2425,2420,Rio Ave FC,Vitória Guimarães SC,0,1
2025-12-13,4649134,RO1,2025,domestic_league,455,4959,FC Rapid 1923,SC Otelul Galati,0,2
2025-12-13,4649135,RO1,2025,domestic_league,41278,8818,ACSC FC Arges,FC Botosani,0,0
2025-12-13,4649452,SC1,2025,domestic_league,1191,43,Falkirk FC,Heart of Midlothian FC,0,2
2025-12-13,4649484,SC1,2025,domestic_league,1519,987,Dundee United FC,Motherwell FC,0,0
2025-12-13,4649486,SC1,2025,domestic_league,1241,511,Livingston FC,Dundee FC,2,2
2025-12-13,4665149,GR1,2025,domestic_league,30120,6676,Athlitiki Enosi Kifisias,A.G.S Asteras Tripolis,0,0
2025-12-13,4665150,GR1,2025,domestic_league,2672,4603,APO Levadiakos Football Club,Athlitiki Enosi Larisas,3,0
2025-12-13,4665151,GR1,2025,domestic_league,653,3385,Omilos Filathlon Irakliou FC,Panserraikos Serres,3,0
2025-12-13,4727236,AUS1,2025,domestic_league,36100,7831,Western Sydney Wanderers,Brisbane Roar,0,0
2025-12-13,4727237,AUS1,2025,domestic_league,7006,875,Melbourne Victory,Adelaide United,2,1
2025-12-13,4727238,AUS1,2025,domestic_league,970,8054,Perth Glory,Sydney FC,0,1
2025-12-13,4769110,DKP,2025,domestic_cup,443,1063,Vejle Boldklub,Viborg FF,1,0
2025-12-13,4769111,DKP,2025,domestic_cup,190,3426,FC Copenhagen,Esbjerg fB,2,0
2025-12-14,4620605,PL1,2025,domestic_league,255,6112,Legia Warszawa,Piast Gliwice,0,1
2025-12-14,4620638,PL1,2025,domestic_league,3527,2300,Motor Lublin Spółka Akcyjna,Jagiellonia Bialystok,1,1
2025-12-14,4620649,PL1,2025,domestic_league,9644,168,Raków Częstochowa,Zaglebie Lubin,0,1
2025-12-14,4620843,IT1,2025,domestic_league,1025,506,Bologna Football Club 1909,Juventus FC,0,1
2025-12-14,4620844,IT1,2025,domestic_league,430,276,ACF Fiorentina,Hellas Verona,1,2
2025-12-14,4620845,IT1,2025,domestic_league,252,46,Genoa CFC,Inter Milan,1,2
2025-12-14,4620847,IT1,2025,domestic_league,5,6574,AC Milan,US Sassuolo,2,2
2025-12-14,4620851,IT1,2025,domestic_league,410,6195,Udinese Calcio,SSC Napoli,1,0
2025-12-14,4624668,TS1,2025,domestic_league,941,450,FC Viktoria Plzen,FK Dukla Prague,2,0
2025-12-14,4624669,TS1,2025,domestic_league,5545,2311,FC Zlin,"SK Sigma Olomouc, a.s.",5,0
2025-12-14,4624670,TS1,2025,domestic_league,197,697,AC Sparta Prague,FC Slovan Liberec,2,2
2025-12-14,4624673,TS1,2025,domestic_league,715,13726,"Bohemians Praha 1905, a.s.",MFK Karvina,0,3
2025-12-14,4625337,KR1,2025,domestic_league,2362,419,Slaven Belupo Koprivnica,GNK Dinamo Zagreb,2,5
2025-12-14,4625925,GB1,2025,domestic_league,1148,399,Brentford FC,Leeds United,1,1
2025-12-14,4625928,GB1,2025,domestic_league,873,281,Crystal Palace,Manchester City,0,3
2025-12-14,4625931,GB1,2025,domestic_league,703,148,Nottingham Forest,Tottenham Hotspur,3,0
2025-12-14,4625932,GB1,2025,domestic_league,289,762,Sunderland AFC,Newcastle United,1,0
2025-12-14,4625933,GB1,2025,domestic_league,379,405,West Ham United,Aston Villa,2,3
2025-12-14,4627335,C1,2025,domestic_league,26,527,FC Basel 1893,Football Club Lausanne-Sport,0,0
2025-12-14,4627336,C1,2025,domestic_league,2790,61,FC Lugano,Servette FC,4,2
2025-12-14,4627339,C1,2025,domestic_league,452,434,BSC Young Boys,FC Luzern,2,0
2025-12-14,4634245,L1,2025,domestic_league,27,39,Bayern Munich,1.FSV Mainz 05,2,2
2025-12-14,4634248,L1,2025,domestic_league,60,16,SC Freiburg,Borussia Dortmund,1,1
2025-12-14,4634249,L1,2025,domestic_league,86,79,SV Werder Bremen,VfB Stuttgart,0,4
2025-12-14,4635143,FR1,2025,domestic_league,290,1082,AJ Auxerre,LOSC Lille,3,4
2025-12-14,4635145,FR1,2025,domestic_league,1041,738,Olympique Lyon,Le Havre AC,1,0
2025-12-14,4635146,FR1,2025,domestic_league,667,1158,RC Strasbourg Alsace,FC Lorient,0,0
2025-12-14,4635148,FR1,2025,domestic_league,826,417,RC Lens,OGC Nice,2,0
2025-12-14,4635149,FR1,2025,domestic_league,244,162,Olympique Marseille,AS Monaco,1,0
2025-12-14,4640942,SER1,2025,domestic_league,4633,7567,FK Novi Pazar,FK Radnicki Nis,1,0
2025-12-14,4640947,SER1,2025,domestic_league,6622,15276,FK Mladost Lucani,FK Spartak Subotica,0,0
2025-12-14,4641304,BE1,2025,domestic_league,1184,968,KRC Genk,KVC Westerlo,1,1
2025-12-14,4641305,BE1,2025,domestic_league,157,1096,KAA Gent,Royal Antwerp FC,0,2
2025-12-14,4641309,BE1,2025,domestic_league,172,3948,Royal Charleroi Sporting Club,Union Saint-Gilloise,1,1
2025-12-14,4641310,BE1,2025,domestic_league,9010,2282,FCV Dender EH,Club Brugge KV,1,5
2025-12-14,4641502,NL1,2025,domestic_league,610,234,Ajax Amsterdam,Feyenoord Rotterdam,2,0
2025-12-14,4641505,NL1,2025,domestic_league,317,1435,FC Twente Enschede,Go Ahead Eagles,2,0
2025-12-14,4641506,NL1,2025,domestic_league,132,200,NAC Breda,FC Utrecht,1,1
2025-12-14,4641509,NL1,2025,domestic_league,468,306,Sparta Rotterdam,SC Heerenveen,0,3
2025-12-14,4642970,A1,2025,domestic_league,409,4441,Fußballclub Red Bull Salzburg,Wolfsberger AC,2,1
2025-12-14,4642973,A1,2025,domestic_league,14,122,Austria Vienna,Sportklub Puntigamer Sturm Graz,3,1
2025-12-14,4642974,A1,2025,domestic_league,2157,170,FC Blau-Weiss Linz,Rapid Vienna,1,1
2025-12-14,4645781,ES1,2025,domestic_league,940,621,Celta de Vigo,Athletic Bilbao,2,0
2025-12-14,4645786,ES1,2025,domestic_league,368,2497,Sevilla FC,Real Oviedo,4,0
2025-12-14,4645787,ES1,2025,domestic_league,1108,418,Deportivo Alavés,Real Madrid,1,2
2025-12-14,4646195,UKR1,2025,domestic_league,660,84122,FC Shakhtar Donetsk,Epicentr Kamyanets-Podilskyi,5,0
2025-12-14,4646196,UKR1,2025,domestic_league,81401,48726,SC Poltava,Rukh Lviv,1,2
2025-12-14,4646199,UKR1,2025,domestic_league,338,26459,Dynamo Kyiv,NK Veres Rivne,3,0
2025-12-14,4647869,TR1,2025,domestic_league,449,114,Trabzonspor,Beşiktaş Jimnastik Kulübü,3,3
2025-12-14,4647870,TR1,2025,domestic_league,152,6890,Samsunspor,Basaksehir FK,0,2
2025-12-14,4647871,TR1,2025,domestic_league,6646,120,Fatih Karagümrük,Kocaelispor,1,1
2025-12-14,4647872,TR1,2025,domestic_league,2832,1467,Gaziantep FK,Göztepe,0,1
2025-12-14,4648677,PO1,2025,domestic_league,3329,1465,FC Famalicão,GD Estoril Praia,4,0
2025-12-14,4648679,PO1,2025,domestic_league,8024,2521,FC Arouca,FC Alverca,1,0
2025-12-14,4648680,PO1,2025,domestic_league,979,294,Moreirense FC,SL Benfica,0,4
2025-12-14,4649132,RO1,2025,domestic_league,312,37624,FC Dinamo 1948,FC Metaloglobus Bucharest,4,0
2025-12-14,4649136,RO1,2025,domestic_league,9465,6429,Petrolul Ploiesti,FC Universitatea Cluj,0,1
2025-12-14,4649138,RO1,2025,domestic_league,58049,40812,FC Hermannstadt,Universitatea Craiova,0,2
2025-12-14,4649483,SC1,2025,domestic_league,370,2553,Aberdeen FC,Kilmarnock FC,2,1
2025-12-14,4665147,GR1,2025,domestic_league,605,683,Aris Thessalonikis,Olympiakos Syndesmos Filathlon Peiraios,0,0
2025-12-14,4665148,GR1,2025,domestic_league,3060,1091,APS Atromitos Athinon,Panthessalonikios Athlitikos Omilos Konstantinoupoliton,2,0
2025-12-14,4665152,GR1,2025,domestic_league,265,60949,Panathinaikos Athlitikos Omilos,Volou Neos Podosferikos Syllogos,2,1
2025-12-14,4665153,GR1,2025,domestic_league,6418,2441,Panetolikos Agrinio,Athlitiki Enosi Konstantinoupoleos,0,5
2025-12-14,4727239,AUS1,2025,domestic_league,8445,5551,Wellington Phoenix,Newcastle United Jets,1,3
2025-12-14,4769112,DKP,2025,domestic_cup,678,173,Aarhus GF,Odense Boldklub,3,1
2025-12-14,4769113,DKP,2025,domestic_cup,2778,865,FC Nordsjaelland,FC Midtjylland,2,1
2025-12-15,4620849,IT1,2025,domestic_league,12,1047,Associazione Sportiva Roma,Como 1907,1,0
2025-12-15,4625930,GB1,2025,domestic_league,985,989,Manchester United,AFC Bournemouth,4,4
2025-12-15,4640949,SER1,2025,domestic_league,3137,159,FK TSC Backa Topola,Red Star Belgrade,0,0
2025-12-15,4645782,ES1,2025,domestic_league,367,150,Rayo Vallecano,Real Betis Balompié,0,0
2025-12-15,4647873,TR1,2025,domestic_league,36,2293,Fenerbahce,Konyaspor,4,0
2025-12-15,4648674,PO1,2025,domestic_league,982,7179,CD Nacional,CD Tondela,3,1
2025-12-15,4648675,PO1,2025,domestic_league,1075,2423,SC Braga,CD Santa Clara,1,0
2025-12-15,4648678,PO1,2025,domestic_league,720,2431,FC Porto,CF Estrela Amadora,3,1
2025-12-15,4649131,RO1,2025,domestic_league,29831,952,FCV Farul Constanta,UTA Arad,1,1
2025-12-15,4649133,RO1,2025,domestic_league,29700,301,AFC Unirea 04 Slobozia,FCSB,0,2
2025-12-15,4649482,SC1,2025,domestic_league,124,903,Rangers FC,Hibernian FC,1,0
2025-12-16,4627343,C1,2025,domestic_league,257,321,FC St. Gallen 1879,FC Sion,3,1
2025-12-16,4627344,C1,2025,domestic_league,242,938,FC Winterthur,FC Thun,1,4
2025-12-16,4761061,NLP,2025,domestic_cup,1304,34396,Heracles Almelo,VV Hoogeveen,4,1
2025-12-16,4761062,NLP,2025,domestic_cup,383,19964,PSV Eindhoven,GVVV Veenendaal,3,0
2025-12-16,4761064,NLP,2025,domestic_cup,2838,467,AFC Amsterdam,NEC Nijmegen,1,3
2025-12-16,4761070,NLP,2025,domestic_cup,3943,1434,HSV Hoek,SC Telstar,1,4
2025-12-16,4761072,NLP,2025,domestic_cup,404,9933,FC Den Bosch,VV Katwijk,2,1
2025-12-16,4769166,CGB,2025,,603,631,Cardiff City,Chelsea FC,1,3
2025-12-16,4784338,CDR,2025,domestic_cup,1533,1531,SD Eibar,Elche CF,0,1
2025-12-16,4784339,CDR,2025,domestic_cup,897,237,Deportivo de La Coruña,RCD Mallorca,1,0
2025-12-16,4784340,CDR,2025,domestic_cup,16576,131,CD Guadalajara,FC Barcelona,0,2
2025-12-16,4784341,CDR,2025,domestic_cup,12567,681,CD Eldense,Real Sociedad,1,2
2025-12-16,4784342,CDR,2025,domestic_cup,2448,1049,Sporting Gijón,Valencia CF,0,2
2025-12-17,4627341,C1,2025,domestic_league,434,26,FC Luzern,FC Basel 1893,1,2
2025-12-17,4627345,C1,2025,domestic_league,452,504,BSC Young Boys,Grasshopper Club Zurich,2,6
2025-12-17,4627346,C1,2025,domestic_league,260,2790,FC Zürich,FC Lugano,0,1
2025-12-17,4640863,SER1,2025,domestic_league,4645,6621,FK Radnicki 1923 Kragujevac,FK Cukaricki,3,2
2025-12-17,4649433,SC1,2025,domestic_league,1519,371,Dundee United FC,Celtic FC,2,1
2025-12-17,4718774,GRP,2025,domestic_cup,3391,265,Kavala FC,Panathinaikos Athlitikos Omilos,1,2
2025-12-17,4718775,GRP,2025,domestic_cup,683,47,Olympiakos Syndesmos Filathlon Peiraios,Iraklis Thessaloniki,6,0
2025-12-17,4718776,GRP,2025,domestic_cup,1091,4001,Panthessalonikios Athlitikos Omilos Konstantinoupoliton,Marko FC,4,1
2025-12-17,4761063,NLP,2025,domestic_cup,385,723,Fortuna Sittardia Combinatie,Almere City FC,2,3
2025-12-17,4761068,NLP,2025,domestic_cup,3410,610,Excelsior Maassluis,Ajax Amsterdam,2,7
2025-12-17,4761069,NLP,2025,domestic_cup,1228,200,TOP Oss,FC Utrecht,0,2
2025-12-17,4761075,NLP,2025,domestic_cup,234,306,Feyenoord Rotterdam,SC Heerenveen,2,3
2025-12-17,4761076,NLP,2025,domestic_cup,192,1435,Roda JC Kerkrade,Go Ahead Eagles,2,4
2025-12-17,4769163,CGB,2025,,281,1148,Manchester City,Brentford FC,2,0
2025-12-17,4769164,CGB,2025,,762,931,Newcastle United,Fulham FC,2,1
2025-12-17,4784343,CDR,2025,domestic_cup,630,1050,Racing Santander,Villarreal CF,2,1
2025-12-17,4784344,CDR,2025,domestic_cup,5358,331,SD Huesca,CA Osasuna,2,4
2025-12-17,4784345,CDR,2025,domestic_cup,4542,3368,Cultural Leonesa,Levante UD,1,0
2025-12-17,4784346,CDR,2025,domestic_cup,18687,13,CD Atlético Baleares,Atlético de Madrid,2,3
2025-12-17,4784347,CDR,2025,domestic_cup,47421,418,CF Talavera de la Reina,Real Madrid,2,3
2025-12-17,4784348,CDR,2025,domestic_cup,1108,368,Deportivo Alavés,Sevilla FC,1,0
2025-12-17,4807313,CDR,2025,domestic_cup,1532,940,Albacete Balompié,Celta de Vigo,5,2
2025-12-18,4641399,SCI,2025,other,6195,5,SSC Napoli,AC Milan,2,0
2025-12-18,4716074,UCOL,2025,other,1090,2300,AZ Alkmaar,Jagiellonia Bialystok,0,0
2025-12-18,4716077,UCOL,2025,other,660,144,FC Shakhtar Donetsk,HNK Rijeka,0,0
2025-12-18,4716081,UCOL,2025,other,540,1109,Slovan Bratislava,BK Häcken,1,0
2025-12-18,4716086,UCOL,2025,other,255,38204,Legia Warszawa,Lincoln Red Imps FC,4,1
2025-12-18,4716089,UCOL,2025,other,197,370,AC Sparta Prague,Aberdeen FC,3,0
2025-12-18,4716093,UCOL,2025,other,338,60368,Dynamo Kyiv,FC Noah Yerevan,2,0
2025-12-18,4716095,UCOL,2025,other,873,6251,Crystal Palace,Kuopion Palloseura,2,2
2025-12-18,4716101,UCOL,2025,other,367,33741,Rayo Vallecano,FC Drita,3,0
2025-12-18,4716105,UCOL,2025,other,3258,17149,Shamrock Rovers,Hamrun Spartans,3,1
2025-12-18,4716108,UCOL,2025,other,829,9644,Omonia Nicosia,Raków Częstochowa,0,1
2025-12-18,4716111,UCOL,2025,other,39,152,1.FSV Mainz 05,Samsunspor,2,0
2025-12-18,4716114,UCOL,2025,other,667,3737,RC Strasbourg Alsace,Breidablik Kópavogur,3,1
2025-12-18,4716120,UCOL,2025,other,710,3909,NK Celje,Shelbourne FC,0,0
2025-12-18,4716124,UCOL,2025,other,6808,170,HSK Zrinjski Mostar,Rapid Vienna,1,1
2025-12-18,4716135,UCOL,2025,other,2441,40812,Athlitiki Enosi Konstantinoupoleos,Universitatea Craiova,3,2
2025-12-18,4716145,UCOL,2025,other,2311,238,"SK Sigma Olomouc, a.s.",Lech Poznan,1,2
2025-12-18,4716156,UCOL,2025,other,2156,1167,AEK Larnaca,Shkendija Tetovo,1,0
2025-12-18,4716163,UCOL,2025,other,527,430,Football Club Lausanne-Sport,ACF Fiorentina,1,0
2025-12-18,4761065,NLP,2025,domestic_cup,403,468,Willem II Tilburg,Sparta Rotterdam,1,5
2025-12-18,4761066,NLP,2025,domestic_cup,10803,317,SV Spakenburg,FC Twente Enschede,3,6
2025-12-18,4761071,NLP,2025,domestic_cup,26016,6160,Sportlust '46 Woerden,De Treffers,0,1
2025-12-18,4761073,NLP,2025,domestic_cup,724,16866,FC Volendam,SC Genemuiden,2,0
2025-12-18,4761074,NLP,2025,domestic_cup,8565,235,HSC '21 Haaksbergen,RKC Waalwijk,0,9
2025-12-18,4784349,CDR,2025,domestic_cup,1536,3709,Burgos CF,Getafe CF,3,1
2025-12-18,4784350,CDR,2025,domestic_cup,55398,621,Ourense CF,Athletic Bilbao,0,1
2025-12-18,4784351,CDR,2025,domestic_cup,171,150,Real Murcia CF,Real Betis Balompié,0,2
2025-12-19,4625344,KR1,2025,domestic_league,599,999,NK Varazdin,NK Istra 1961,1,3
2025-12-19,4634254,L1,2025,domestic_league,16,18,Borussia Dortmund,Borussia Mönchengladbach,2,0
2025-12-19,4641389,BE1,2025,domestic_league,172,1184,Royal Charleroi Sporting Club,KRC Genk,2,2
2025-12-19,4641400,SCI,2025,other,1025,46,Bologna Football Club 1909,Inter Milan,4,3
2025-12-19,4645845,ES1,2025,domestic_league,1049,237,Valencia CF,RCD Mallorca,1,1
2025-12-19,4647920,TR1,2025,domestic_league,120,589,Kocaelispor,Antalyaspor,2,1
2025-12-19,4648789,PO1,2025,domestic_league,1465,1075,GD Estoril Praia,SC Braga,1,0
2025-12-19,4649104,RO1,2025,domestic_league,8818,7769,FC Botosani,CFR Cluj,0,1
2025-12-19,4727348,AUS1,2025,domestic_league,36100,118373,Western Sydney Wanderers,Auckland FC,0,2
2025-12-19,4727353,AUS1,2025,domestic_league,71085,7831,Macarthur FC,Brisbane Roar,2,1
2025-12-20,4620857,IT1,2025,domestic_league,506,12,Juventus FC,Associazione Sportiva Roma,2,1
2025-12-20,4620858,IT1,2025,domestic_league,398,2239,Società Sportiva Lazio S.p.A.,US Cremonese,0,0
2025-12-20,4625342,KR1,2025,domestic_league,419,11194,GNK Dinamo Zagreb,NK Lokomotiva Zagreb,2,0
2025-12-20,4625346,KR1,2025,domestic_league,327,2362,NK Osijek,Slaven Belupo Koprivnica,0,0
2025-12-20,4625935,GB1,2025,domestic_league,989,1132,AFC Bournemouth,Burnley FC,1,1
2025-12-20,4625936,GB1,2025,domestic_league,1237,289,Brighton & Hove Albion,Sunderland AFC,0,0
2025-12-20,4625937,GB1,2025,domestic_league,29,11,Everton FC,Arsenal FC,0,1
2025-12-20,4625939,GB1,2025,domestic_league,399,873,Leeds United,Crystal Palace,4,1
2025-12-20,4625940,GB1,2025,domestic_league,281,379,Manchester City,West Ham United,3,0
2025-12-20,4625941,GB1,2025,domestic_league,762,631,Newcastle United,Chelsea FC,2,2
2025-12-20,4625942,GB1,2025,domestic_league,148,31,Tottenham Hotspur,Liverpool FC,1,2
2025-12-20,4625943,GB1,2025,domestic_league,543,1148,Wolverhampton Wanderers,Brentford FC,0,2
2025-12-20,4627347,C1,2025,domestic_league,26,61,FC Basel 1893,Servette FC,1,1
2025-12-20,4627352,C1,2025,domestic_league,938,260,FC Thun,FC Zürich,4,2
2025-12-20,4634256,L1,2025,domestic_league,23826,15,RB Leipzig,Bayer 04 Leverkusen,1,3
2025-12-20,4634257,L1,2025,domestic_league,79,533,VfB Stuttgart,TSG 1899 Hoffenheim,0,0
2025-12-20,4634258,L1,2025,domestic_league,82,60,VfL Wolfsburg,SC Freiburg,3,4
2025-12-20,4634259,L1,2025,domestic_league,167,86,FC Augsburg,SV Werder Bremen,0,0
2025-12-20,4634261,L1,2025,domestic_league,3,89,1.FC Köln,1.FC Union Berlin,0,1
2025-12-20,4634262,L1,2025,domestic_league,41,24,Hamburger SV,Eintracht Frankfurt,1,1
2025-12-20,4640725,SER1,2025,domestic_league,8819,448,FK Javor-Matis Ivanjica,FK Vojvodina Novi Sad,1,2
2025-12-20,4640727,SER1,2025,domestic_league,159,6622,Red Star Belgrade,FK Mladost Lucani,4,0
2025-12-20,4640730,SER1,2025,domestic_league,7567,59358,FK Radnicki Nis,FK Zeleznicar Pancevo,1,0
2025-12-20,4640731,SER1,2025,domestic_league,32113,669,FK IMT Belgrad,FK Partizan Belgrade,1,0
2025-12-20,4641384,BE1,2025,domestic_league,3948,3508,Union Saint-Gilloise,Zulte Waregem,2,0
2025-12-20,4641388,BE1,2025,domestic_league,968,3901,KVC Westerlo,RAAL La Louvière,2,1
2025-12-20,4641390,BE1,2025,domestic_league,9010,3057,FCV Dender EH,Standard Liège,0,1
2025-12-20,4641493,NL1,2025,domestic_league,798,1269,Excelsior Rotterdam,PEC Zwolle,2,1
2025-12-20,4641499,NL1,2025,domestic_league,1304,306,Heracles Almelo,SC Heerenveen,0,3
2025-12-20,4641500,NL1,2025,domestic_league,467,610,NEC Nijmegen,Ajax Amsterdam,2,2
2025-12-20,4641501,NL1,2025,domestic_league,132,1434,NAC Breda,SC Telstar,0,1
2025-12-20,4645840,ES1,2025,domestic_league,418,368,Real Madrid,Sevilla FC,2,0
2025-12-20,4645841,ES1,2025,domestic_league,331,1108,CA Osasuna,Deportivo Alavés,3,0
2025-12-20,4645844,ES1,2025,domestic_league,2497,940,Real Oviedo,Celta de Vigo,0,0
2025-12-20,4645849,ES1,2025,domestic_league,3368,681,Levante UD,Real Sociedad,1,1
2025-12-20,4647912,TR1,2025,domestic_league,7160,36,Eyüpspor,Fenerbahce,0,3
2025-12-20,4647913,TR1,2025,domestic_league,2293,3205,Konyaspor,Kayserispor,1,1
2025-12-20,4647914,TR1,2025,domestic_league,114,126,Beşiktaş Jimnastik Kulübü,Caykur Rizespor,1,0
2025-12-20,4648782,PO1,2025,domestic_league,2431,979,CF Estrela Amadora,Moreirense FC,0,0
2025-12-20,4648784,PO1,2025,domestic_league,2424,2425,Gil Vicente FC,Rio Ave FC,2,2
2025-12-20,4649099,RO1,2025,domestic_league,952,312,UTA Arad,FC Dinamo 1948,2,0
2025-12-20,4649100,RO1,2025,domestic_league,37624,29700,FC Metaloglobus Bucharest,AFC Unirea 04 Slobozia,2,3
2025-12-20,4649102,RO1,2025,domestic_league,4959,41278,SC Otelul Galati,ACSC FC Arges,2,1
2025-12-20,4649476,SC1,2025,domestic_league,1519,903,Dundee United FC,Hibernian FC,1,1
2025-12-20,4649478,SC1,2025,domestic_league,2553,1191,Kilmarnock FC,Falkirk FC,0,1
2025-12-20,4649479,SC1,2025,domestic_league,987,511,Motherwell FC,Dundee FC,1,0
2025-12-20,4649480,SC1,2025,domestic_league,465,1241,St. Mirren FC,Livingston FC,1,0
2025-12-20,4665106,GR1,2025,domestic_league,6676,605,A.G.S Asteras Tripolis,Aris Thessalonikis,0,1
2025-12-20,4665108,GR1,2025,domestic_league,60949,6418,Volou Neos Podosferikos Syllogos,Panetolikos Agrinio,1,0
2025-12-20,4665109,GR1,2025,domestic_league,683,30120,Olympiakos Syndesmos Filathlon Peiraios,Athlitiki Enosi Kifisias,1,1
2025-12-20,4727349,AUS1,2025,domestic_league,5551,8054,Newcastle United Jets,Sydney FC,2,0
2025-12-20,4727350,AUS1,2025,domestic_league,25580,7006,Melbourne City FC,Melbourne Victory,0,1
2025-12-20,4727351,AUS1,2025,domestic_league,970,875,Perth Glory,Adelaide United,0,1
2025-12-21,4620852,IT1,2025,domestic_league,1390,4172,Cagliari Calcio,Pisa Sporting Club,2,2
2025-12-21,4620854,IT1,2025,domestic_league,430,410,ACF Fiorentina,Udinese Calcio,5,1
2025-12-21,4620855,IT1,2025,domestic_league,252,800,Genoa CFC,Atalanta BC,0,1
2025-12-21,4620860,IT1,2025,domestic_league,6574,416,US Sassuolo,Torino FC,0,1
2025-12-21,4625343,KR1,2025,domestic_league,447,456,HNK Hajduk Split,HNK Vukovar 1991,2,1
2025-12-21,4625345,KR1,2025,domestic_league,144,24575,HNK Rijeka,HNK Gorica,1,0
2025-12-21,4625934,GB1,2025,domestic_league,405,985,Aston Villa,Manchester United,2,1
2025-12-21,4627348,C1,2025,domestic_league,504,257,Grasshopper Club Zurich,FC St. Gallen 1879,1,2
2025-12-21,4627349,C1,2025,domestic_league,527,434,Football Club Lausanne-Sport,FC Luzern,0,4
2025-12-21,4627350,C1,2025,domestic_league,2790,452,FC Lugano,BSC Young Boys,3,0
2025-12-21,4634255,L1,2025,domestic_league,39,35,1.FSV Mainz 05,FC St. Pauli,0,0
2025-12-21,4634260,L1,2025,domestic_league,2036,27,1. Fußballclub Heidenheim 1846,Bayern Munich,0,4
2025-12-21,4640726,SER1,2025,domestic_league,53,3137,OFK Beograd,FK TSC Backa Topola,0,1
2025-12-21,4640728,SER1,2025,domestic_league,15276,6621,FK Spartak Subotica,FK Cukaricki,1,3
2025-12-21,4640729,SER1,2025,domestic_league,33328,4633,FK Radnik Surdulica,FK Novi Pazar,1,0
2025-12-21,4641383,BE1,2025,domestic_league,2282,157,Club Brugge KV,KAA Gent,2,1
2025-12-21,4641385,BE1,2025,domestic_league,1096,58,Royal Antwerp FC,RSC Anderlecht,2,2
2025-12-21,4641386,BE1,2025,domestic_league,2727,520,Oud-Heverlee Leuven,Cercle Brugge,0,2
2025-12-21,4641387,BE1,2025,domestic_league,475,354,Sint-Truidense VV,KV Mechelen,1,0
2025-12-21,4641494,NL1,2025,domestic_league,200,383,FC Utrecht,PSV Eindhoven,1,2
2025-12-21,4641495,NL1,2025,domestic_league,724,468,FC Volendam,Sparta Rotterdam,0,1
2025-12-21,4641496,NL1,2025,domestic_league,234,317,Feyenoord Rotterdam,FC Twente Enschede,1,1
2025-12-21,4641497,NL1,2025,domestic_league,385,1090,Fortuna Sittardia Combinatie,AZ Alkmaar,4,3
2025-12-21,4641498,NL1,2025,domestic_league,1435,202,Go Ahead Eagles,FC Groningen,1,1
2025-12-21,4645842,ES1,2025,domestic_league,12321,13,Girona FC,Atlético de Madrid,0,3
2025-12-21,4645843,ES1,2025,domestic_league,1050,131,Villarreal CF,FC Barcelona,0,2
2025-12-21,4645847,ES1,2025,domestic_league,150,3709,Real Betis Balompié,Getafe CF,4,0
2025-12-21,4645848,ES1,2025,domestic_league,1531,367,Elche CF,Rayo Vallecano,4,0
2025-12-21,4647915,TR1,2025,domestic_league,11282,6646,Alanyaspor,Fatih Karagümrük,2,0
2025-12-21,4647917,TR1,2025,domestic_league,1467,152,Göztepe,Samsunspor,2,0
2025-12-21,4647918,TR1,2025,domestic_league,141,10484,Galatasaray,Kasimpasa,3,0
2025-12-21,4648781,PO1,2025,domestic_league,110302,982,Avs Futebol,CD Nacional,2,2
2025-12-21,4648787,PO1,2025,domestic_league,7179,3268,CD Tondela,Casa Pia AC,1,2
2025-12-21,4648788,PO1,2025,domestic_league,2423,8024,CD Santa Clara,FC Arouca,0,0
2025-12-21,4649101,RO1,2025,domestic_league,301,455,FCSB,FC Rapid 1923,2,1
2025-12-21,4649103,RO1,2025,domestic_league,6429,29831,FC Universitatea Cluj,FCV Farul Constanta,1,0
2025-12-21,4649105,RO1,2025,domestic_league,58049,9465,FC Hermannstadt,Petrolul Ploiesti,1,1
2025-12-21,4649475,SC1,2025,domestic_league,371,370,Celtic FC,Aberdeen FC,3,1
2025-12-21,4649477,SC1,2025,domestic_league,43,124,Heart of Midlothian FC,Rangers FC,2,1
2025-12-21,4665105,GR1,2025,domestic_league,2441,653,Athlitiki Enosi Konstantinoupoleos,Omilos Filathlon Irakliou FC,2,1
2025-12-21,4665107,GR1,2025,domestic_league,4603,3060,Athlitiki Enosi Larisas,APS Atromitos Athinon,0,0
2025-12-21,4665111,GR1,2025,domestic_league,1091,265,Panthessalonikios Athlitikos Omilos Konstantinoupoliton,Panathinaikos Athlitikos Omilos,2,0
2025-12-21,4727352,AUS1,2025,domestic_league,8445,6954,Wellington Phoenix,Central Coast Mariners,3,1
2025-12-22,4625938,GB1,2025,domestic_league,931,703,Fulham FC,Nottingham Forest,1,0
2025-12-22,4640732,SER1,2025,domestic_league,788,4645,FK Napredak Krusevac,FK Radnicki 1923 Kragujevac,0,1
2025-12-22,4645846,ES1,2025,domestic_league,621,714,Athletic Bilbao,RCD Espanyol Barcelona,1,2
2025-12-22,4647916,TR1,2025,domestic_league,6890,2832,Basaksehir FK,Gaziantep FK,5,1
2025-12-22,4647919,TR1,2025,domestic_league,820,449,Gençlerbirliği Spor Kulübü,Trabzonspor,4,3
2025-12-22,4648783,PO1,2025,domestic_league,2521,720,FC Alverca,FC Porto,0,3
2025-12-22,4648785,PO1,2025,domestic_league,294,3329,SL Benfica,FC Famalicão,1,0
2025-12-22,4649106,RO1,2025,domestic_league,40812,37255,Universitatea Craiova,FK Csikszereda Miercurea Ciuc,5,0
2025-12-22,4665110,GR1,2025,domestic_league,3385,2672,Panserraikos Serres,APO Levadiakos Football Club,0,2
2025-12-22,4786004,SCI,2025,other,6195,1025,SSC Napoli,Bologna Football Club 1909,2,0
2025-12-23,4648786,PO1,2025,domestic_league,2420,336,Vitória Guimarães SC,Sporting CP,1,4
2025-12-23,4727234,AUS1,2025,domestic_league,25580,71085,Melbourne City FC,Macarthur FC,1,1
2025-12-23,4769165,CGB,2025,,11,873,Arsenal FC,Crystal Palace,9,8
2025-12-25,4709361,SA1,2025,domestic_league,31008,7732,Al-Riyadh Saudi Club,Al-Ettifaq Football Club,0,2
2025-12-25,4709365,SA1,2025,domestic_league,50531,9131,Al-Fayha FC,Al-Hazem Sport Club,0,0
2025-12-25,4709366,SA1,2025,domestic_league,34911,32328,Neom Sports Club,Al-Najma Sport Club,2,1
2025-12-26,4625950,GB1,2025,domestic_league,985,762,Manchester United,Newcastle United,1,0
2025-12-26,4641343,BE1,2025,domestic_league,58,172,RSC Anderlecht,Royal Charleroi Sporting Club,1,2
2025-12-26,4641344,BE1,2025,domestic_league,1184,2282,KRC Genk,Club Brugge KV,3,5
2025-12-26,4641347,BE1,2025,domestic_league,3057,475,Standard Liège,Sint-Truidense VV,1,2
2025-12-26,4641349,BE1,2025,domestic_league,520,3948,Cercle Brugge,Union Saint-Gilloise,1,1
2025-12-26,4709358,SA1,2025,domestic_league,27221,18487,Al-Fateh Club,Al-Ahli Saudi Football Club,2,1
2025-12-26,4709360,SA1,2025,domestic_league,1114,6070,Al-Hilal Saudi Football Club,Al-Khaleej Club (Saihat),3,2
2025-12-26,4709362,SA1,2025,domestic_league,91427,28844,Al-Kholood Club,Al-Taawoun Football Club,0,2
2025-12-26,4727300,AUS1,2025,domestic_league,5551,71085,Newcastle United Jets,Macarthur FC,4,5
2025-12-27,4620865,IT1,2025,domestic_league,1005,1047,US Lecce,Como 1907,0,3
2025-12-27,4620867,IT1,2025,domestic_league,130,430,Parma Calcio 1913,ACF Fiorentina,1,0
2025-12-27,4620868,IT1,2025,domestic_league,4172,506,Pisa Sporting Club,Juventus FC,0,2
2025-12-27,4620870,IT1,2025,domestic_league,416,1390,Torino FC,Cagliari Calcio,1,2
2025-12-27,4620871,IT1,2025,domestic_league,410,398,Udinese Calcio,Società Sportiva Lazio S.p.A.,1,1
2025-12-27,4625944,GB1,2025,domestic_league,11,1237,Arsenal FC,Brighton & Hove Albion,2,1
2025-12-27,4625945,GB1,2025,domestic_league,1148,989,Brentford FC,AFC Bournemouth,4,1
2025-12-27,4625946,GB1,2025,domestic_league,1132,29,Burnley FC,Everton FC,0,0
2025-12-27,4625947,GB1,2025,domestic_league,631,405,Chelsea FC,Aston Villa,1,2
2025-12-27,4625949,GB1,2025,domestic_league,31,543,Liverpool FC,Wolverhampton Wanderers,2,1
2025-12-27,4625951,GB1,2025,domestic_league,703,281,Nottingham Forest,Manchester City,1,2
2025-12-27,4625953,GB1,2025,domestic_league,379,931,West Ham United,Fulham FC,0,1
2025-12-27,4641345,BE1,2025,domestic_league,157,968,KAA Gent,KVC Westerlo,2,0
2025-12-27,4641346,BE1,2025,domestic_league,1096,3508,Royal Antwerp FC,Zulte Waregem,2,1
2025-12-27,4641348,BE1,2025,domestic_league,3901,2727,RAAL La Louvière,Oud-Heverlee Leuven,0,0
2025-12-27,4641350,BE1,2025,domestic_league,354,9010,KV Mechelen,FCV Dender EH,1,1
2025-12-27,4648776,PO1,2025,domestic_league,3329,2431,FC Famalicão,CF Estrela Amadora,2,3
2025-12-27,4648777,PO1,2025,domestic_league,1465,2521,GD Estoril Praia,FC Alverca,4,1
2025-12-27,4649469,SC1,2025,domestic_league,370,1519,Aberdeen FC,Dundee United FC,1,1
2025-12-27,4649470,SC1,2025,domestic_league,511,1191,Dundee FC,Falkirk FC,1,0
2025-12-27,4649471,SC1,2025,domestic_league,903,43,Hibernian FC,Heart of Midlothian FC,3,2
2025-12-27,4649472,SC1,2025,domestic_league,1241,371,Livingston FC,Celtic FC,2,4
2025-12-27,4649473,SC1,2025,domestic_league,124,987,Rangers FC,Motherwell FC,1,0
2025-12-27,4649474,SC1,2025,domestic_league,465,2553,St. Mirren FC,Kilmarnock FC,0,0
2025-12-27,4709359,SA1,2025,domestic_league,8023,9840,Al-Ittihad Football Club,Al-Shabab Club,2,0
2025-12-27,4709363,SA1,2025,domestic_league,26069,50532,Al-Qadsiah Saudi Football Club,Damac Football Club,1,1
2025-12-27,4709364,SA1,2025,domestic_league,18544,71665,Al-Nassr Football Club,Al-Okhdood Club,3,0
2025-12-27,4727302,AUS1,2025,domestic_league,875,36100,Adelaide United,Western Sydney Wanderers,3,2
2025-12-28,4620862,IT1,2025,domestic_league,800,46,Atalanta BC,Inter Milan,0,1
2025-12-28,4620863,IT1,2025,domestic_league,1025,6574,Bologna Football Club 1909,US Sassuolo,1,1
2025-12-28,4620864,IT1,2025,domestic_league,2239,6195,US Cremonese,SSC Napoli,0,2
2025-12-28,4620866,IT1,2025,domestic_league,5,276,AC Milan,Hellas Verona,3,0
2025-12-28,4625948,GB1,2025,domestic_league,873,148,Crystal Palace,Tottenham Hotspur,0,1
2025-12-28,4625952,GB1,2025,domestic_league,289,399,Sunderland AFC,Leeds United,1,1
2025-12-28,4648772,PO1,2025,domestic_league,3268,2420,Casa Pia AC,Vitória Guimarães SC,0,0
2025-12-28,4648773,PO1,2025,domestic_league,8024,2424,FC Arouca,Gil Vicente FC,2,2
2025-12-28,4648778,PO1,2025,domestic_league,336,2425,Sporting CP,Rio Ave FC,4,0
2025-12-28,4648780,PO1,2025,domestic_league,1075,294,SC Braga,SL Benfica,2,2
2025-12-28,4727303,AUS1,2025,domestic_league,25580,970,Melbourne City FC,Perth Glory,1,3
2025-12-29,4620869,IT1,2025,domestic_league,12,252,Associazione Sportiva Roma,Genoa CFC,3,1
2025-12-29,4648775,PO1,2025,domestic_league,720,110302,FC Porto,Avs Futebol,2,0
2025-12-29,4709367,SA1,2025,domestic_league,6070,27221,Al-Khaleej Club (Saihat),Al-Fateh Club,0,1
2025-12-29,4709372,SA1,2025,domestic_league,31008,9131,Al-Riyadh Saudi Club,Al-Hazem Sport Club,1,2
2025-12-29,4709374,SA1,2025,domestic_league,28844,32328,Al-Taawoun Football Club,Al-Najma Sport Club,1,0
2025-12-29,4727304,AUS1,2025,domestic_league,7006,8445,Melbourne Victory,Wellington Phoenix,5,1
2025-12-30,4625954,GB1,2025,domestic_league,11,405,Arsenal FC,Aston Villa,4,1
2025-12-30,4625956,GB1,2025,domestic_league,1132,762,Burnley FC,Newcastle United,1,3
2025-12-30,4625957,GB1,2025,domestic_league,631,989,Chelsea FC,AFC Bournemouth,2,2
2025-12-30,4625960,GB1,2025,domestic_league,985,543,Manchester United,Wolverhampton Wanderers,1,1
2025-12-30,4625961,GB1,2025,domestic_league,703,29,Nottingham Forest,Everton FC,0,2
2025-12-30,4625963,GB1,2025,domestic_league,379,1237,West Ham United,Brighton & Hove Albion,2,2
2025-12-30,4649451,SC1,2025,domestic_league,511,2553,Dundee FC,Kilmarnock FC,2,1
2025-12-30,4649453,SC1,2025,domestic_league,903,370,Hibernian FC,Aberdeen FC,2,0
2025-12-30,4649454,SC1,2025,domestic_league,1241,1519,Livingston FC,Dundee United FC,1,3
2025-12-30,4649455,SC1,2025,domestic_league,987,371,Motherwell FC,Celtic FC,2,0
2025-12-30,4649456,SC1,2025,domestic_league,124,465,Rangers FC,St. Mirren FC,2,1
2025-12-30,4709370,SA1,2025,domestic_league,7732,18544,Al-Ettifaq Football Club,Al-Nassr Football Club,2,2
2025-12-30,4709371,SA1,2025,domestic_league,18487,50531,Al-Ahli Saudi Football Club,Al-Fayha FC,2,0
2025-12-30,4709373,SA1,2025,domestic_league,71665,50532,Al-Okhdood Club,Damac Football Club,0,1
2025-12-31,4709368,SA1,2025,domestic_league,9840,26069,Al-Shabab Club,Al-Qadsiah Saudi Football Club,2,3
2025-12-31,4709369,SA1,2025,domestic_league,91427,1114,Al-Kholood Club,Al-Hilal Saudi Football Club,1,3
2025-12-31,4709375,SA1,2025,domestic_league,34911,8023,Neom Sports Club,Al-Ittihad Football Club,1,3
2025-12-31,4727305,AUS1,2025,domestic_league,6954,7831,Central Coast Mariners,Brisbane Roar,1,2
2026-01-01,4625955,GB1,2025,domestic_league,1148,148,Brentford FC,Tottenham Hotspur,0,0
2026-01-01,4625958,GB1,2025,domestic_league,873,931,Crystal Palace,Fulham FC,1,1
2026-01-01,4625959,GB1,2025,domestic_league,31,399,Liverpool FC,Leeds United,0,0
2026-01-01,4625962,GB1,2025,domestic_league,289,281,Sunderland AFC,Manchester City,0,0
2026-01-01,4727205,AUS1,2025,domestic_league,118373,5551,Auckland FC,Newcastle United Jets,1,3
2026-01-01,4727206,AUS1,2025,domestic_league,36100,71085,Western Sydney Wanderers,Macarthur FC,0,1
2026-01-02,4620873,IT1,2025,domestic_league,1390,5,Cagliari Calcio,AC Milan,0,1
2026-01-02,4635157,FR1,2025,domestic_league,415,826,FC Toulouse,RC Lens,0,3
2026-01-02,4645854,ES1,2025,domestic_league,367,3709,Rayo Vallecano,Getafe CF,1,1
2026-01-02,4648828,PO1,2025,domestic_league,2424,336,Gil Vicente FC,Sporting CP,1,1
2026-01-02,4648831,PO1,2025,domestic_league,2420,982,Vitória Guimarães SC,CD Nacional,2,1
2026-01-02,4709376,SA1,2025,domestic_league,18487,18544,Al-Ahli Saudi Football Club,Al-Nassr Football Club,3,2
2026-01-02,4709381,SA1,2025,domestic_league,32328,6070,Al-Najma Sport Club,Al-Khaleej Club (Saihat),2,2
2026-01-02,4709382,SA1,2025,domestic_league,7732,71665,Al-Ettifaq Football Club,Al-Okhdood Club,2,0
2026-01-02,4727207,AUS1,2025,domestic_league,7006,970,Melbourne Victory,Perth Glory,3,2
2026-01-03,4620872,IT1,2025,domestic_league,800,12,Atalanta BC,Associazione Sportiva Roma,1,0
2026-01-03,4620874,IT1,2025,domestic_league,1047,410,Como 1907,Udinese Calcio,1,0
2026-01-03,4620876,IT1,2025,domestic_league,252,4172,Genoa CFC,Pisa Sporting Club,1,1
2026-01-03,4620878,IT1,2025,domestic_league,506,1005,Juventus FC,US Lecce,1,1
2026-01-03,4620880,IT1,2025,domestic_league,6574,130,US Sassuolo,Parma Calcio 1913,1,1
2026-01-03,4625964,GB1,2025,domestic_league,405,703,Aston Villa,Nottingham Forest,3,1
2026-01-03,4625965,GB1,2025,domestic_league,989,11,AFC Bournemouth,Arsenal FC,2,3
2026-01-03,4625966,GB1,2025,domestic_league,1237,1132,Brighton & Hove Albion,Burnley FC,2,0
2026-01-03,4625973,GB1,2025,domestic_league,543,379,Wolverhampton Wanderers,West Ham United,3,0
2026-01-03,4635150,FR1,2025,domestic_league,417,667,OGC Nice,RC Strasbourg Alsace,1,1
2026-01-03,4635152,FR1,2025,domestic_league,162,1041,AS Monaco,Olympique Lyon,1,3
2026-01-03,4635153,FR1,2025,domestic_league,1082,273,LOSC Lille,Stade Rennais FC,0,2
2026-01-03,4645850,ES1,2025,domestic_league,331,621,CA Osasuna,Athletic Bilbao,1,1
2026-01-03,4645852,ES1,2025,domestic_league,714,131,RCD Espanyol Barcelona,FC Barcelona,0,2
2026-01-03,4645858,ES1,2025,domestic_league,940,1049,Celta de Vigo,Valencia CF,4,1
2026-01-03,4645859,ES1,2025,domestic_league,1531,1050,Elche CF,Villarreal CF,1,3
2026-01-03,4648826,PO1,2025,domestic_league,110302,979,Avs Futebol,Moreirense FC,0,2
2026-01-03,4648830,PO1,2025,domestic_league,294,1465,SL Benfica,GD Estoril Praia,3,1
2026-01-03,4648833,PO1,2025,domestic_league,7179,8024,CD Tondela,FC Arouca,3,1
2026-01-03,4648834,PO1,2025,domestic_league,2431,1075,CF Estrela Amadora,SC Braga,3,3
2026-01-03,4649463,SC1,2025,domestic_league,371,124,Celtic FC,Rangers FC,1,3
2026-01-03,4649464,SC1,2025,domestic_league,1519,511,Dundee United FC,Dundee FC,0,1
2026-01-03,4649465,SC1,2025,domestic_league,1191,370,Falkirk FC,Aberdeen FC,1,0
2026-01-03,4649466,SC1,2025,domestic_league,43,1241,Heart of Midlothian FC,Livingston FC,1,0
2026-01-03,4649467,SC1,2025,domestic_league,2553,903,Kilmarnock FC,Hibernian FC,1,3
2026-01-03,4649468,SC1,2025,domestic_league,987,465,Motherwell FC,St. Mirren FC,2,0
2026-01-03,4709377,SA1,2025,domestic_league,50531,91427,Al-Fayha FC,Al-Kholood Club,0,5
2026-01-03,4709378,SA1,2025,domestic_league,27221,9840,Al-Fateh Club,Al-Shabab Club,2,0
2026-01-03,4709384,SA1,2025,domestic_league,8023,28844,Al-Ittihad Football Club,Al-Taawoun Football Club,1,0
2026-01-03,4727204,AUS1,2025,domestic_league,25580,8054,Melbourne City FC,Sydney FC,0,0
2026-01-03,4727208,AUS1,2025,domestic_league,7831,8445,Brisbane Roar,Wellington Phoenix,0,3
2026-01-04,4620875,IT1,2025,domestic_league,430,2239,ACF Fiorentina,US Cremonese,1,0
2026-01-04,4620877,IT1,2025,domestic_league,46,1025,Inter Milan,Bologna Football Club 1909,3,1
2026-01-04,4620879,IT1,2025,domestic_league,398,6195,Società Sportiva Lazio S.p.A.,SSC Napoli,0,2
2026-01-04,4620881,IT1,2025,domestic_league,276,416,Hellas Verona,Torino FC,0,3
2026-01-04,4625967,GB1,2025,domestic_league,29,1148,Everton FC,Brentford FC,2,4
2026-01-04,4625968,GB1,2025,domestic_league,931,31,Fulham FC,Liverpool FC,2,2
2026-01-04,4625969,GB1,2025,domestic_league,399,985,Leeds United,Manchester United,1,1
2026-01-04,4625970,GB1,2025,domestic_league,281,631,Manchester City,Chelsea FC,1,1
2026-01-04,4625971,GB1,2025,domestic_league,762,873,Newcastle United,Crystal Palace,2,0
2026-01-04,4625972,GB1,2025,domestic_league,148,289,Tottenham Hotspur,Sunderland AFC,1,1
2026-01-04,4635151,FR1,2025,domestic_league,583,10004,Paris Saint-Germain,Paris FC,2,1
2026-01-04,4635154,FR1,2025,domestic_league,738,1420,Le Havre AC,Angers SCO,2,1
2026-01-04,4635155,FR1,2025,domestic_league,1158,347,FC Lorient,FC Metz,1,1
2026-01-04,4635156,FR1,2025,domestic_league,3911,290,Stade Brestois 29,AJ Auxerre,2,0
2026-01-04,4635158,FR1,2025,domestic_league,244,995,Olympique Marseille,FC Nantes,0,2
2026-01-04,4645851,ES1,2025,domestic_league,681,13,Real Sociedad,Atlético de Madrid,1,1
2026-01-04,4645853,ES1,2025,domestic_league,418,150,Real Madrid,Real Betis Balompié,5,1
2026-01-04,4645855,ES1,2025,domestic_league,237,12321,RCD Mallorca,Girona FC,1,2
2026-01-04,4645856,ES1,2025,domestic_league,368,3368,Sevilla FC,Levante UD,0,3
2026-01-04,4645857,ES1,2025,domestic_league,1108,2497,Deportivo Alavés,Real Oviedo,1,1
2026-01-04,4648827,PO1,2025,domestic_league,2521,3329,FC Alverca,FC Famalicão,1,0
2026-01-04,4648829,PO1,2025,domestic_league,2423,720,CD Santa Clara,FC Porto,0,1
2026-01-04,4648832,PO1,2025,domestic_league,2425,3268,Rio Ave FC,Casa Pia AC,3,1
2026-01-04,4709379,SA1,2025,domestic_league,26069,31008,Al-Qadsiah Saudi Football Club,Al-Riyadh Saudi Club,4,0
2026-01-04,4709380,SA1,2025,domestic_league,9131,34911,Al-Hazem Sport Club,Neom Sports Club,1,2
2026-01-04,4709383,SA1,2025,domestic_league,50532,1114,Damac Football Club,Al-Hilal Saudi Football Club,0,2
2026-01-04,4727209,AUS1,2025,domestic_league,875,6954,Adelaide United,Central Coast Mariners,0,4
2026-01-05,4727355,AUS1,2025,domestic_league,71085,118373,Macarthur FC,Auckland FC,1,1
2026-01-06,4620885,IT1,2025,domestic_league,1005,12,US Lecce,Associazione Sportiva Roma,0,2
2026-01-06,4620889,IT1,2025,domestic_league,4172,1047,Pisa Sporting Club,Como 1907,0,3
2026-01-06,4620890,IT1,2025,domestic_league,6574,506,US Sassuolo,Juventus FC,0,3
2026-01-06,4626007,GB1,2025,domestic_league,379,703,West Ham United,Nottingham Forest,1,2
2026-01-06,4649438,SC1,2025,domestic_league,124,370,Rangers FC,Aberdeen FC,2,0
2026-01-06,4727216,AUS1,2025,domestic_league,25580,7831,Melbourne City FC,Brisbane Roar,1,0
2026-01-06,4780000,POCP,2025,,336,2420,Sporting CP,Vitória Guimarães SC,1,2
2026-01-06,4784352,CDR,2025,domestic_cup,16795,367,Granada CF,Rayo Vallecano,1,3
2026-01-06,4786790,GRP,2025,domestic_cup,605,6418,Aris Thessalonikis,Panetolikos Agrinio,2,0
2026-01-06,4786791,GRP,2025,domestic_cup,1091,3060,Panthessalonikios Athlitikos Omilos Konstantinoupoliton,APS Atromitos Athinon,6,5
2026-01-06,4786792,GRP,2025,domestic_cup,60949,30120,Volou Neos Podosferikos Syllogos,Athlitiki Enosi Kifisias,0,1
2026-01-07,4620882,IT1,2025,domestic_league,1025,800,Bologna Football Club 1909,Atalanta BC,0,2
2026-01-07,4620884,IT1,2025,domestic_league,398,430,Società Sportiva Lazio S.p.A.,ACF Fiorentina,2,2
2026-01-07,4620887,IT1,2025,domestic_league,6195,276,SSC Napoli,Hellas Verona,2,2
2026-01-07,4620888,IT1,2025,domestic_league,130,46,Parma Calcio 1913,Inter Milan,0,2
2026-01-07,4620891,IT1,2025,domestic_league,416,410,Torino FC,Udinese Calcio,1,2
2026-01-07,4625999,GB1,2025,domestic_league,989,148,AFC Bournemouth,Tottenham Hotspur,3,2
2026-01-07,4626000,GB1,2025,domestic_league,1148,289,Brentford FC,Sunderland AFC,3,0
2026-01-07,4626001,GB1,2025,domestic_league,1132,985,Burnley FC,Manchester United,2,2
2026-01-07,4626002,GB1,2025,domestic_league,873,405,Crystal Palace,Aston Villa,0,0
2026-01-07,4626003,GB1,2025,domestic_league,29,543,Everton FC,Wolverhampton Wanderers,1,1
2026-01-07,4626004,GB1,2025,domestic_league,931,631,Fulham FC,Chelsea FC,2,1
2026-01-07,4626005,GB1,2025,domestic_league,281,1237,Manchester City,Brighton & Hove Albion,1,1
2026-01-07,4626006,GB1,2025,domestic_league,762,399,Newcastle United,Leeds United,4,3
2026-01-07,4779999,POCP,2025,,294,1075,SL Benfica,SC Braga,1,3
2026-01-07,4786793,GRP,2025,domestic_cup,653,6676,Omilos Filathlon Irakliou FC,A.G.S Asteras Tripolis,2,0
2026-01-07,4790450,SUC,2025,other,131,621,FC Barcelona,Athletic Bilbao,5,0
2026-01-08,4620883,IT1,2025,domestic_league,2239,1390,US Cremonese,Cagliari Calcio,2,2
2026-01-08,4620886,IT1,2025,domestic_league,5,252,AC Milan,Genoa CFC,1,1
2026-01-08,4625998,GB1,2025,domestic_league,11,31,Arsenal FC,Liverpool FC,0,0
2026-01-08,4709424,SA1,2025,domestic_league,18544,26069,Al-Nassr Football Club,Al-Qadsiah Saudi Football Club,1,2
2026-01-08,4709427,SA1,2025,domestic_league,32328,7732,Al-Najma Sport Club,Al-Ettifaq Football Club,3,4
2026-01-08,4709428,SA1,2025,domestic_league,1114,9131,Al-Hilal Saudi Football Club,Al-Hazem Sport Club,3,0
2026-01-08,4738246,FRCH,2025,other,583,244,Paris Saint-Germain,Olympique Marseille,6,3
2026-01-08,4790451,SUC,2025,other,13,418,Atlético de Madrid,Real Madrid,1,2
2026-01-09,4634265,L1,2025,domestic_league,24,16,Eintracht Frankfurt,Borussia Dortmund,3,3
2026-01-09,4645838,ES1,2025,domestic_league,3709,681,Getafe CF,Real Sociedad,1,2
2026-01-09,4709422,SA1,2025,domestic_league,91427,8023,Al-Kholood Club,Al-Ittihad Football Club,0,4
2026-01-09,4709426,SA1,2025,domestic_league,6070,50532,Al-Khaleej Club (Saihat),Damac Football Club,4,0
2026-01-09,4709429,SA1,2025,domestic_league,28844,9840,Al-Taawoun Football Club,Al-Shabab Club,2,0
2026-01-09,4727342,AUS1,2025,domestic_league,7831,118373,Brisbane Roar,Auckland FC,0,2
2026-01-09,4788497,FAC,2025,domestic_cup,1112,703,Wrexham AFC,Nottingham Forest,7,6
2026-01-09,4788501,FAC,2025,domestic_cup,1211,11177,Port Vale FC,Fleetwood Town,1,0
2026-01-09,4788502,FAC,2025,domestic_cup,466,1071,Preston North End,Wigan Athletic,0,1
2026-01-09,4788516,FAC,2025,domestic_cup,991,988,Milton Keynes Dons,Oxford United,4,5
2026-01-10,4620892,IT1,2025,domestic_league,800,416,Atalanta BC,Torino FC,2,0
2026-01-10,4620893,IT1,2025,domestic_league,1047,1025,Como 1907,Bologna Football Club 1909,1,1
2026-01-10,4620899,IT1,2025,domestic_league,12,6574,Associazione Sportiva Roma,US Sassuolo,2,0
2026-01-10,4620900,IT1,2025,domestic_league,410,4172,Udinese Calcio,Pisa Sporting Club,2,2
2026-01-10,4634264,L1,2025,domestic_league,15,79,Bayer 04 Leverkusen,VfB Stuttgart,1,4
2026-01-10,4634266,L1,2025,domestic_league,60,41,SC Freiburg,Hamburger SV,2,1
2026-01-10,4634269,L1,2025,domestic_league,89,39,1.FC Union Berlin,1.FSV Mainz 05,2,2
2026-01-10,4634271,L1,2025,domestic_league,2036,3,1. Fußballclub Heidenheim 1846,1.FC Köln,2,2
2026-01-10,4641529,NL1,2025,domestic_league,1090,724,AZ Alkmaar,FC Volendam,1,0
2026-01-10,4641530,NL1,2025,domestic_league,202,132,FC Groningen,NAC Breda,0,0
2026-01-10,4641531,NL1,2025,domestic_league,317,1269,FC Twente Enschede,PEC Zwolle,1,1
2026-01-10,4641534,NL1,2025,domestic_league,383,798,PSV Eindhoven,Excelsior Rotterdam,5,1
2026-01-10,4645830,ES1,2025,domestic_league,1050,1108,Villarreal CF,Deportivo Alavés,3,1
2026-01-10,4645832,ES1,2025,domestic_league,2497,150,Real Oviedo,Real Betis Balompié,1,1
2026-01-10,4645834,ES1,2025,domestic_league,1049,1531,Valencia CF,Elche CF,1,1
2026-01-10,4645839,ES1,2025,domestic_league,12321,331,Girona FC,CA Osasuna,1,0
2026-01-10,4649446,SC1,2025,domestic_league,371,1519,Celtic FC,Dundee United FC,4,0
2026-01-10,4649448,SC1,2025,domestic_league,903,987,Hibernian FC,Motherwell FC,1,1
2026-01-10,4649449,SC1,2025,domestic_league,1241,2553,Livingston FC,Kilmarnock FC,1,1
2026-01-10,4649450,SC1,2025,domestic_league,465,1191,St. Mirren FC,Falkirk FC,0,2
2026-01-10,4665057,GR1,2025,domestic_league,3060,683,APS Atromitos Athinon,Olympiakos Syndesmos Filathlon Peiraios,0,2
2026-01-10,4665058,GR1,2025,domestic_league,30120,4603,Athlitiki Enosi Kifisias,Athlitiki Enosi Larisas,1,1
2026-01-10,4665062,GR1,2025,domestic_league,6418,1091,Panetolikos Agrinio,Panthessalonikios Athlitikos Omilos Konstantinoupoliton,0,3
2026-01-10,4709421,SA1,2025,domestic_league,71665,18487,Al-Okhdood Club,Al-Ahli Saudi Football Club,0,1
2026-01-10,4709423,SA1,2025,domestic_league,31008,50531,Al-Riyadh Saudi Club,Al-Fayha FC,1,1
2026-01-10,4709425,SA1,2025,domestic_league,34911,27221,Neom Sports Club,Al-Fateh Club,0,1
2026-01-10,4727343,AUS1,2025,domestic_league,7006,36100,Melbourne Victory,Western Sydney Wanderers,0,1
2026-01-10,4727344,AUS1,2025,domestic_league,71085,8054,Macarthur FC,Sydney FC,0,3
2026-01-10,4727345,AUS1,2025,domestic_league,970,6954,Perth Glory,Central Coast Mariners,3,0
2026-01-10,4788498,FAC,2025,domestic_cup,85287,873,Macclesfield FC,Crystal Palace,2,1
2026-01-10,4788499,FAC,2025,domestic_cup,543,3054,Wolverhampton Wanderers,Shrewsbury Town,6,1
2026-01-10,4788500,FAC,2025,domestic_cup,2454,180,Doncaster Rovers,Southampton FC,2,3
2026-01-10,4788503,FAC,2025,domestic_cup,281,6699,Manchester City,Exeter City,10,1
2026-01-10,4788505,FAC,2025,domestic_cup,1035,1148,Sheffield Wednesday,Brentford FC,0,2
2026-01-10,4788506,FAC,2025,domestic_cup,931,641,Fulham FC,Middlesbrough FC,3,1
2026-01-10,4788507,FAC,2025,domestic_cup,29,289,Everton FC,Sunderland AFC,1,4
2026-01-10,4788508,FAC,2025,domestic_cup,1132,1028,Burnley FC,Millwall FC,5,1
2026-01-10,4788512,FAC,2025,domestic_cup,3867,2963,Boreham Wood FC,Burton Albion,0,5
2026-01-10,4788513,FAC,2025,domestic_cup,1034,3712,Grimsby Town,Weston-super-Mare AFC,3,2
2026-01-10,4788515,FAC,2025,domestic_cup,762,989,Newcastle United,AFC Bournemouth,10,9
2026-01-10,4788517,FAC,2025,domestic_cup,3371,1003,Cheltenham Town,Leicester City,0,2
2026-01-10,4788518,FAC,2025,domestic_cup,986,337,Cambridge United,Birmingham City,2,3
2026-01-10,4788519,FAC,2025,domestic_cup,698,1010,Bristol City,Watford FC,5,1
2026-01-10,4788520,FAC,2025,domestic_cup,512,990,Stoke City,Coventry City,1,0
2026-01-10,4788522,FAC,2025,domestic_cup,677,1181,Ipswich Town,Blackpool FC,2,1
2026-01-10,4788523,FAC,2025,domestic_cup,148,405,Tottenham Hotspur,Aston Villa,1,2
2026-01-10,4788524,FAC,2025,domestic_cup,358,631,Charlton Athletic,Chelsea FC,1,5
2026-01-10,4800935,POCP,2025,,2420,1075,Vitória Guimarães SC,SC Braga,2,1
2026-01-10,4802349,MEX1,2025,domestic_league,82696,49283,Mazatlán FC,FC Juárez,1,2
2026-01-10,4802350,MEX1,2025,domestic_league,8590,5662,Atlas Guadalajara,Puebla FC,1,0
2026-01-10,4802351,MEX1,2025,domestic_league,13353,3631,Club Tijuana,CF América,0,0
2026-01-10,4802352,MEX1,2025,domestic_league,6711,4035,Deportivo Guadalajara,CF Pachuca,2,0
2026-01-11,4620894,IT1,2025,domestic_league,430,5,ACF Fiorentina,AC Milan,1,1
2026-01-11,4620896,IT1,2025,domestic_league,46,6195,Inter Milan,SSC Napoli,2,2
2026-01-11,4620898,IT1,2025,domestic_league,1005,130,US Lecce,Parma Calcio 1913,1,2
2026-01-11,4620901,IT1,2025,domestic_league,276,398,Hellas Verona,Società Sportiva Lazio S.p.A.,0,1
2026-01-11,4634263,L1,2025,domestic_league,27,82,Bayern Munich,VfL Wolfsburg,8,1
2026-01-11,4634268,L1,2025,domestic_league,18,167,Borussia Mönchengladbach,FC Augsburg,4,0
2026-01-11,4641532,NL1,2025,domestic_league,1435,385,Go Ahead Eagles,Fortuna Sittardia Combinatie,2,2
2026-01-11,4641535,NL1,2025,domestic_league,306,234,SC Heerenveen,Feyenoord Rotterdam,2,2
2026-01-11,4641536,NL1,2025,domestic_league,468,1304,Sparta Rotterdam,Heracles Almelo,2,0
2026-01-11,4641537,NL1,2025,domestic_league,1434,610,SC Telstar,Ajax Amsterdam,2,3
2026-01-11,4645835,ES1,2025,domestic_league,3368,714,Levante UD,RCD Espanyol Barcelona,1,1
2026-01-11,4645836,ES1,2025,domestic_league,367,237,Rayo Vallecano,RCD Mallorca,2,1
2026-01-11,4648774,PO1,2025,domestic_league,979,7179,Moreirense FC,CD Tondela,1,0
2026-01-11,4648779,PO1,2025,domestic_league,982,2423,CD Nacional,CD Santa Clara,3,3
2026-01-11,4649445,SC1,2025,domestic_league,370,124,Aberdeen FC,Rangers FC,0,2
2026-01-11,4649447,SC1,2025,domestic_league,511,43,Dundee FC,Heart of Midlothian FC,0,1
2026-01-11,4665056,GR1,2025,domestic_league,605,2441,Aris Thessalonikis,Athlitiki Enosi Konstantinoupoleos,1,1
2026-01-11,4665059,GR1,2025,domestic_league,2672,60949,APO Levadiakos Football Club,Volou Neos Podosferikos Syllogos,3,1
2026-01-11,4665060,GR1,2025,domestic_league,653,6676,Omilos Filathlon Irakliou FC,A.G.S Asteras Tripolis,4,0
2026-01-11,4665061,GR1,2025,domestic_league,265,3385,Panathinaikos Athlitikos Omilos,Panserraikos Serres,3,0
2026-01-11,4727346,AUS1,2025,domestic_league,8445,875,Wellington Phoenix,Adelaide United,2,2
2026-01-11,4727347,AUS1,2025,domestic_league,25580,5551,Melbourne City FC,Newcastle United Jets,0,1
2026-01-11,4788504,FAC,2025,domestic_cup,379,1039,West Ham United,Queens Park Rangers,2,1
2026-01-11,4788509,FAC,2025,domestic_cup,1123,899,Norwich City,Walsall FC,5,1
2026-01-11,4788510,FAC,2025,domestic_cup,2288,984,Swansea City,West Bromwich Albion,7,8
2026-01-11,4788514,FAC,2025,domestic_cup,3008,164,Hull City,Blackburn Rovers,4,3
2026-01-11,4788521,FAC,2025,domestic_cup,350,3820,Sheffield United,Mansfield Town,3,4
2026-01-11,4788525,FAC,2025,domestic_cup,22,399,Derby County,Leeds United,1,3
2026-01-11,4788526,FAC,2025,domestic_cup,1020,11,Portsmouth FC,Arsenal FC,1,4
2026-01-11,4788527,FAC,2025,domestic_cup,985,1237,Manchester United,Brighton & Hove Albion,1,2
2026-01-11,4800635,SUC,2025,other,131,418,FC Barcelona,Real Madrid,3,2
2026-01-11,4802353,MEX1,2025,domestic_league,4941,3711,Club León FC,CD Cruz Azul,2,1
2026-01-11,4802354,MEX1,2025,domestic_league,1403,1146,Santos Laguna,Club Necaxa,1,3
2026-01-11,4802355,MEX1,2025,domestic_league,2407,1804,CF Monterrey,Deportivo Toluca,0,1
2026-01-11,4802356,MEX1,2025,domestic_league,7633,4961,UNAM Pumas,Querétaro FC,1,1
2026-01-12,4620895,IT1,2025,domestic_league,252,1390,Genoa CFC,Cagliari Calcio,3,0
2026-01-12,4620897,IT1,2025,domestic_league,506,2239,Juventus FC,US Cremonese,5,0
2026-01-12,4645833,ES1,2025,domestic_league,368,940,Sevilla FC,Celta de Vigo,0,1
2026-01-12,4709397,SA1,2025,domestic_league,7732,6070,Al-Ettifaq Football Club,Al-Khaleej Club (Saihat),1,2
2026-01-12,4709398,SA1,2025,domestic_league,9131,32328,Al-Hazem Sport Club,Al-Najma Sport Club,3,2
2026-01-12,4709400,SA1,2025,domestic_league,1114,18544,Al-Hilal Saudi Football Club,Al-Nassr Football Club,3,1
2026-01-12,4788528,FAC,2025,domestic_cup,31,349,Liverpool FC,Barnsley FC,4,1
2026-01-12,4802357,MEX1,2025,domestic_league,40188,7055,Atlético de San Luis,Tigres UANL,1,2
2026-01-13,4634272,L1,2025,domestic_league,16,86,Borussia Dortmund,SV Werder Bremen,3,0
2026-01-13,4634273,L1,2025,domestic_league,39,2036,1.FSV Mainz 05,1. Fußballclub Heidenheim 1846,2,1
2026-01-13,4634275,L1,2025,domestic_league,79,24,VfB Stuttgart,Eintracht Frankfurt,3,2
2026-01-13,4709394,SA1,2025,domestic_league,71665,91427,Al-Okhdood Club,Al-Kholood Club,1,0
2026-01-13,4709395,SA1,2025,domestic_league,27221,31008,Al-Fateh Club,Al-Riyadh Saudi Club,3,1
2026-01-13,4709396,SA1,2025,domestic_league,50532,8023,Damac Football Club,Al-Ittihad Football Club,1,1
2026-01-13,4736148,CIT,2025,domestic_cup,12,416,Associazione Sportiva Roma,Torino FC,2,3
2026-01-13,4787470,NLP,2025,domestic_cup,200,317,FC Utrecht,FC Twente Enschede,1,2
2026-01-13,4798808,CGB,2025,,762,281,Newcastle United,Manchester City,0,2
2026-01-13,4799992,CDR,2025,domestic_cup,897,13,Deportivo de La Coruña,Atlético de Madrid,0,1
2026-01-13,4799993,CDR,2025,domestic_cup,4542,621,Cultural Leonesa,Athletic Bilbao,3,4
2026-01-13,4799995,CDR,2025,domestic_cup,681,331,Real Sociedad,CA Osasuna,6,5
2026-01-13,4802358,MEX1,2025,domestic_league,5662,82696,Puebla FC,Mazatlán FC,2,1
2026-01-14,4620856,IT1,2025,domestic_league,46,1005,Inter Milan,US Lecce,1,0
2026-01-14,4620859,IT1,2025,domestic_league,6195,130,SSC Napoli,Parma Calcio 1913,0,0
2026-01-14,4627342,C1,2025,domestic_league,61,527,Servette FC,Football Club Lausanne-Sport,0,1
2026-01-14,4627351,C1,2025,domestic_league,321,242,FC Sion,FC Winterthur,2,0
2026-01-14,4634274,L1,2025,domestic_league,23826,60,RB Leipzig,SC Freiburg,2,0
2026-01-14,4634276,L1,2025,domestic_league,82,35,VfL Wolfsburg,FC St. Pauli,2,1
2026-01-14,4634278,L1,2025,domestic_league,533,18,TSG 1899 Hoffenheim,Borussia Mönchengladbach,5,1
2026-01-14,4634279,L1,2025,domestic_league,3,27,1.FC Köln,Bayern Munich,1,3
2026-01-14,4649481,SC1,2025,domestic_league,43,465,Heart of Midlothian FC,St. Mirren FC,2,0
2026-01-14,4649485,SC1,2025,domestic_league,1191,371,Falkirk FC,Celtic FC,0,1
2026-01-14,4709399,SA1,2025,domestic_league,9840,34911,Al-Shabab Club,Neom Sports Club,3,2
2026-01-14,4709401,SA1,2025,domestic_league,18487,28844,Al-Ahli Saudi Football Club,Al-Taawoun Football Club,2,1
2026-01-14,4709402,SA1,2025,domestic_league,26069,50531,Al-Qadsiah Saudi Football Club,Al-Fayha FC,5,0
2026-01-14,4787469,NLP,2025,domestic_cup,1090,610,AZ Alkmaar,Ajax Amsterdam,6,0
2026-01-14,4787472,NLP,2025,domestic_cup,404,383,FC Den Bosch,PSV Eindhoven,1,4
2026-01-14,4787473,NLP,2025,domestic_cup,723,1434,Almere City FC,SC Telstar,1,3
2026-01-14,4787475,NLP,2025,domestic_cup,1435,1304,Go Ahead Eagles,Heracles Almelo,4,3
2026-01-14,4798809,CGB,2025,,631,11,Chelsea FC,Arsenal FC,2,3
2026-01-14,4799311,GRP,2025,domestic_cup,265,605,Panathinaikos Athlitikos Omilos,Aris Thessalonikis,3,0
2026-01-14,4799312,GRP,2025,domestic_cup,683,1091,Olympiakos Syndesmos Filathlon Peiraios,Panthessalonikios Athlitikos Omilos Konstantinoupoliton,0,2
2026-01-14,4799313,GRP,2025,domestic_cup,2672,30120,APO Levadiakos Football Club,Athlitiki Enosi Kifisias,2,0
2026-01-14,4799314,GRP,2025,domestic_cup,2441,653,Athlitiki Enosi Konstantinoupoleos,Omilos Filathlon Irakliou FC,0,1
2026-01-14,4799990,CDR,2025,domestic_cup,1532,418,Albacete Balompié,Real Madrid,3,2
2026-01-14,4799991,CDR,2025,domestic_cup,150,1531,Real Betis Balompié,Elche CF,2,1
2026-01-14,4799997,CDR,2025,domestic_cup,1108,367,Deportivo Alavés,Rayo Vallecano,2,0
2026-01-14,4802359,MEX1,2025,domestic_league,1146,2407,Club Necaxa,CF Monterrey,0,2
2026-01-14,4802360,MEX1,2025,domestic_league,4035,4941,CF Pachuca,Club León FC,2,1
2026-01-14,4802361,MEX1,2025,domestic_league,49283,6711,FC Juárez,Deportivo Guadalajara,0,1
2026-01-14,4802362,MEX1,2025,domestic_league,3711,8590,CD Cruz Azul,Atlas Guadalajara,2,0
2026-01-15,4620853,IT1,2025,domestic_league,1047,5,Como 1907,AC Milan,1,3
2026-01-15,4620861,IT1,2025,domestic_league,276,1025,Hellas Verona,Bologna Football Club 1909,2,3
2026-01-15,4634277,L1,2025,domestic_league,167,89,FC Augsburg,1.FC Union Berlin,1,1
2026-01-15,4787468,NLP,2025,domestic_cup,306,235,SC Heerenveen,RKC Waalwijk,3,1
2026-01-15,4787471,NLP,2025,domestic_cup,468,724,Sparta Rotterdam,FC Volendam,1,2
2026-01-15,4799989,CDR,2025,domestic_cup,630,131,Racing Santander,FC Barcelona,0,2
2026-01-15,4799994,CDR,2025,domestic_cup,1536,1049,Burgos CF,Valencia CF,0,2
2026-01-15,4802363,MEX1,2025,domestic_league,4961,13353,Querétaro FC,Club Tijuana,1,2
2026-01-15,4802364,MEX1,2025,domestic_league,3631,40188,CF América,Atlético de San Luis,0,2
2026-01-15,4802365,MEX1,2025,domestic_league,7055,7633,Tigres UANL,UNAM Pumas,0,1
2026-01-15,4802366,MEX1,2025,domestic_league,1804,1403,Deportivo Toluca,Santos Laguna,3,1
2026-01-16,4620909,IT1,2025,domestic_league,4172,800,Pisa Sporting Club,Atalanta BC,1,1
2026-01-16,4634283,L1,2025,domestic_league,86,24,SV Werder Bremen,Eintracht Frankfurt,3,3
2026-01-16,4635165,FR1,2025,domestic_league,162,1158,AS Monaco,FC Lorient,1,3
2026-01-16,4635166,FR1,2025,domestic_league,583,1082,Paris Saint-Germain,LOSC Lille,3,0
2026-01-16,4641319,BE1,2025,domestic_league,2282,3901,Club Brugge KV,RAAL La Louvière,2,3
2026-01-16,4645879,ES1,2025,domestic_league,714,12321,RCD Espanyol Barcelona,Girona FC,0,2
2026-01-16,4648763,PO1,2025,domestic_league,336,3268,Sporting CP,Casa Pia AC,3,0
2026-01-16,4649141,RO1,2025,domestic_league,41278,301,ACSC FC Arges,FCSB,1,0
2026-01-16,4709403,SA1,2025,domestic_league,8023,7732,Al-Ittihad Football Club,Al-Ettifaq Football Club,0,1
2026-01-16,4709404,SA1,2025,domestic_league,6070,71665,Al-Khaleej Club (Saihat),Al-Okhdood Club,4,1
2026-01-16,4709405,SA1,2025,domestic_league,32328,27221,Al-Najma Sport Club,Al-Fateh Club,1,1
2026-01-16,4727222,AUS1,2025,domestic_league,25580,118373,Melbourne City FC,Auckland FC,2,1
2026-01-16,4727223,AUS1,2025,domestic_league,970,7831,Perth Glory,Brisbane Roar,1,2
2026-01-16,4778866,SFA,2025,domestic_cup,124,3015,Rangers FC,Annan Athletic FC,5,0
2026-01-17,4620903,IT1,2025,domestic_league,1390,506,Cagliari Calcio,Juventus FC,1,0
2026-01-17,4620907,IT1,2025,domestic_league,6195,6574,SSC Napoli,US Sassuolo,1,0
2026-01-17,4620911,IT1,2025,domestic_league,410,46,Udinese Calcio,Inter Milan,0,1
2026-01-17,4626010,GB1,2025,domestic_league,631,1148,Chelsea FC,Brentford FC,2,0
2026-01-17,4626011,GB1,2025,domestic_league,399,931,Leeds United,Fulham FC,1,0
2026-01-17,4626012,GB1,2025,domestic_league,31,1132,Liverpool FC,Burnley FC,1,1
2026-01-17,4626013,GB1,2025,domestic_league,985,281,Manchester United,Manchester City,2,0
2026-01-17,4626014,GB1,2025,domestic_league,703,11,Nottingham Forest,Arsenal FC,0,0
2026-01-17,4626015,GB1,2025,domestic_league,289,873,Sunderland AFC,Crystal Palace,2,1
2026-01-17,4626016,GB1,2025,domestic_league,148,379,Tottenham Hotspur,West Ham United,1,2
2026-01-17,4627355,C1,2025,domestic_league,434,2790,FC Luzern,FC Lugano,2,5
2026-01-17,4627358,C1,2025,domestic_league,452,527,BSC Young Boys,Football Club Lausanne-Sport,1,3
2026-01-17,4634281,L1,2025,domestic_league,16,35,Borussia Dortmund,FC St. Pauli,3,2
2026-01-17,4634282,L1,2025,domestic_league,23826,27,RB Leipzig,Bayern Munich,1,5
2026-01-17,4634285,L1,2025,domestic_league,82,2036,VfL Wolfsburg,1. Fußballclub Heidenheim 1846,1,1
2026-01-17,4634287,L1,2025,domestic_league,533,15,TSG 1899 Hoffenheim,Bayer 04 Leverkusen,1,0
2026-01-17,4634288,L1,2025,domestic_league,3,39,1.FC Köln,1.FSV Mainz 05,2,1
2026-01-17,4634289,L1,2025,domestic_league,41,18,Hamburger SV,Borussia Mönchengladbach,0,0
2026-01-17,4635162,FR1,2025,domestic_league,826,290,RC Lens,AJ Auxerre,1,0
2026-01-17,4635163,FR1,2025,domestic_league,415,417,FC Toulouse,OGC Nice,5,1
2026-01-17,4635167,FR1,2025,domestic_league,1420,244,Angers SCO,Olympique Marseille,2,5
2026-01-17,4641320,BE1,2025,domestic_league,3948,354,Union Saint-Gilloise,KV Mechelen,1,0
2026-01-17,4641322,BE1,2025,domestic_league,3508,1184,Zulte Waregem,KRC Genk,2,1
2026-01-17,4641324,BE1,2025,domestic_league,968,520,KVC Westerlo,Cercle Brugge,0,2
2026-01-17,4641511,NL1,2025,domestic_league,610,1435,Ajax Amsterdam,Go Ahead Eagles,2,2
2026-01-17,4641512,NL1,2025,domestic_league,798,1434,Excelsior Rotterdam,SC Telstar,2,2
2026-01-17,4641515,NL1,2025,domestic_league,385,383,Fortuna Sittardia Combinatie,PSV Eindhoven,1,2
2026-01-17,4641517,NL1,2025,domestic_league,132,467,NAC Breda,NEC Nijmegen,3,4
2026-01-17,4641518,NL1,2025,domestic_league,1269,1090,PEC Zwolle,AZ Alkmaar,3,1
2026-01-17,4645871,ES1,2025,domestic_league,331,2497,CA Osasuna,Real Oviedo,3,2
2026-01-17,4645873,ES1,2025,domestic_league,237,621,RCD Mallorca,Athletic Bilbao,3,2
2026-01-17,4645875,ES1,2025,domestic_league,418,3368,Real Madrid,Levante UD,2,0
2026-01-17,4645876,ES1,2025,domestic_league,150,1050,Real Betis Balompié,Villarreal CF,2,0
2026-01-17,4647925,TR1,2025,domestic_league,6890,6646,Basaksehir FK,Fatih Karagümrük,2,1
2026-01-17,4647926,TR1,2025,domestic_league,141,2832,Galatasaray,Gaziantep FK,1,1
2026-01-17,4648765,PO1,2025,domestic_league,2425,294,Rio Ave FC,SL Benfica,0,2
2026-01-17,4648766,PO1,2025,domestic_league,110302,8024,Avs Futebol,FC Arouca,0,1
2026-01-17,4648768,PO1,2025,domestic_league,2521,979,FC Alverca,Moreirense FC,2,1
2026-01-17,4648769,PO1,2025,domestic_league,2424,982,Gil Vicente FC,CD Nacional,2,1
2026-01-17,4649139,RO1,2025,domestic_league,29700,952,AFC Unirea 04 Slobozia,UTA Arad,1,3
2026-01-17,4649140,RO1,2025,domestic_league,455,37624,FC Rapid 1923,FC Metaloglobus Bucharest,1,0
2026-01-17,4649144,RO1,2025,domestic_league,29831,58049,FCV Farul Constanta,FC Hermannstadt,1,1
2026-01-17,4665082,GR1,2025,domestic_league,3385,30120,Panserraikos Serres,Athlitiki Enosi Kifisias,2,1
2026-01-17,4709407,SA1,2025,domestic_league,18544,9840,Al-Nassr Football Club,Al-Shabab Club,3,2
2026-01-17,4709409,SA1,2025,domestic_league,91427,18487,Al-Kholood Club,Al-Ahli Saudi Football Club,0,1
2026-01-17,4709411,SA1,2025,domestic_league,50531,50532,Al-Fayha FC,Damac Football Club,1,1
2026-01-17,4727224,AUS1,2025,domestic_league,36100,5551,Western Sydney Wanderers,Newcastle United Jets,1,2
2026-01-17,4727226,AUS1,2025,domestic_league,875,7006,Adelaide United,Melbourne Victory,2,1
2026-01-17,4778865,SFA,2025,domestic_cup,987,2759,Motherwell FC,Ross County FC,1,0
2026-01-17,4778867,SFA,2025,domestic_cup,3012,3026,Stenhousemuir FC,Greenock Morton FC,4,0
2026-01-17,4778868,SFA,2025,domestic_cup,1519,1192,Dundee United FC,Ayr United FC,2,0
2026-01-17,4778870,SFA,2025,domestic_cup,2802,3021,Airdrieonians FC,Arbroath FC,7,5
2026-01-17,4778872,SFA,2025,domestic_cup,1241,465,Livingston FC,St. Mirren FC,4,5
2026-01-17,4778873,SFA,2025,domestic_cup,17593,3028,Camelon Juniors FC,Elgin City FC,1,3
2026-01-17,4778875,SFA,2025,domestic_cup,43,1191,Heart of Midlothian FC,Falkirk FC,5,6
2026-01-17,4778876,SFA,2025,domestic_cup,2760,3030,Partick Thistle FC,Montrose FC,3,1
2026-01-17,4778877,SFA,2025,domestic_cup,2553,511,Kilmarnock FC,Dundee FC,1,2
2026-01-17,4778878,SFA,2025,domestic_cup,1270,903,Dunfermline Athletic FC,Hibernian FC,1,0
2026-01-17,4778879,SFA,2025,domestic_cup,3804,8933,Kelty Hearts FC,Cove Rangers FC,6,4
2026-01-17,4778880,SFA,2025,domestic_cup,17602,2451,The Spartans FC,Inverness Caledonian Thistle FC,4,2
2026-01-17,4802367,MEX1,2025,domestic_league,82696,2407,Mazatlán FC,CF Monterrey,1,5
2026-01-17,4802368,MEX1,2025,domestic_league,1146,8590,Club Necaxa,Atlas Guadalajara,0,1
2026-01-17,4802369,MEX1,2025,domestic_league,6711,4961,Deportivo Guadalajara,Querétaro FC,2,1
2026-01-18,4620902,IT1,2025,domestic_league,1025,430,Bologna Football Club 1909,ACF Fiorentina,1,2
2026-01-18,4620906,IT1,2025,domestic_league,5,1005,AC Milan,US Lecce,1,0
2026-01-18,4620908,IT1,2025,domestic_league,130,252,Parma Calcio 1913,Genoa CFC,0,0
2026-01-18,4620910,IT1,2025,domestic_league,416,12,Torino FC,Associazione Sportiva Roma,0,2
2026-01-18,4626008,GB1,2025,domestic_league,405,29,Aston Villa,Everton FC,0,1
2026-01-18,4626017,GB1,2025,domestic_league,543,762,Wolverhampton Wanderers,Newcastle United,0,0
2026-01-18,4627353,C1,2025,domestic_league,26,321,FC Basel 1893,FC Sion,1,1
2026-01-18,4627354,C1,2025,domestic_league,504,938,Grasshopper Club Zurich,FC Thun,1,3
2026-01-18,4627356,C1,2025,domestic_league,61,260,Servette FC,FC Zürich,1,1
2026-01-18,4634284,L1,2025,domestic_league,79,89,VfB Stuttgart,1.FC Union Berlin,1,1
2026-01-18,4634286,L1,2025,domestic_league,167,60,FC Augsburg,SC Freiburg,2,2
2026-01-18,4635159,FR1,2025,domestic_league,273,738,Stade Rennais FC,Le Havre AC,1,1
2026-01-18,4635160,FR1,2025,domestic_league,667,347,RC Strasbourg Alsace,FC Metz,2,1
2026-01-18,4635161,FR1,2025,domestic_league,1041,3911,Olympique Lyon,Stade Brestois 29,2,1
2026-01-18,4635164,FR1,2025,domestic_league,995,10004,FC Nantes,Paris FC,1,2
2026-01-18,4641321,BE1,2025,domestic_league,157,58,KAA Gent,RSC Anderlecht,4,2
2026-01-18,4641323,BE1,2025,domestic_league,475,2727,Sint-Truidense VV,Oud-Heverlee Leuven,1,0
2026-01-18,4641325,BE1,2025,domestic_league,172,3057,Royal Charleroi Sporting Club,Standard Liège,2,0
2026-01-18,4641326,BE1,2025,domestic_league,9010,1096,FCV Dender EH,Royal Antwerp FC,1,0
2026-01-18,4641513,NL1,2025,domestic_league,724,200,FC Volendam,FC Utrecht,2,1
2026-01-18,4641514,NL1,2025,domestic_league,234,468,Feyenoord Rotterdam,Sparta Rotterdam,3,4
2026-01-18,4641516,NL1,2025,domestic_league,1304,317,Heracles Almelo,FC Twente Enschede,0,2
2026-01-18,4641519,NL1,2025,domestic_league,306,202,SC Heerenveen,FC Groningen,0,2
2026-01-18,4645870,ES1,2025,domestic_league,3709,1049,Getafe CF,Valencia CF,0,1
2026-01-18,4645872,ES1,2025,domestic_league,13,1108,Atlético de Madrid,Deportivo Alavés,1,0
2026-01-18,4645874,ES1,2025,domestic_league,681,131,Real Sociedad,FC Barcelona,2,1
2026-01-18,4645877,ES1,2025,domestic_league,940,367,Celta de Vigo,Rayo Vallecano,3,0
2026-01-18,4647922,TR1,2025,domestic_league,10484,589,Kasimpasa,Antalyaspor,0,0
2026-01-18,4647923,TR1,2025,domestic_league,120,449,Kocaelispor,Trabzonspor,1,2
2026-01-18,4647924,TR1,2025,domestic_league,820,152,Gençlerbirliği Spor Kulübü,Samsunspor,1,1
2026-01-18,4647927,TR1,2025,domestic_league,11282,36,Alanyaspor,Fenerbahce,2,3
2026-01-18,4648764,PO1,2025,domestic_league,7179,1075,CD Tondela,SC Braga,0,1
2026-01-18,4648770,PO1,2025,domestic_league,2423,3329,CD Santa Clara,FC Famalicão,0,1
2026-01-18,4648771,PO1,2025,domestic_league,2420,720,Vitória Guimarães SC,FC Porto,0,1
2026-01-18,4649142,RO1,2025,domestic_league,312,6429,FC Dinamo 1948,FC Universitatea Cluj,1,0
2026-01-18,4649143,RO1,2025,domestic_league,7769,4959,CFR Cluj,SC Otelul Galati,1,0
2026-01-18,4649145,RO1,2025,domestic_league,37255,8818,FK Csikszereda Miercurea Ciuc,FC Botosani,1,0
2026-01-18,4665077,GR1,2025,domestic_league,2441,265,Athlitiki Enosi Konstantinoupoleos,Panathinaikos Athlitikos Omilos,4,0
2026-01-18,4665079,GR1,2025,domestic_league,4603,605,Athlitiki Enosi Larisas,Aris Thessalonikis,1,0
2026-01-18,4665083,GR1,2025,domestic_league,1091,653,Panthessalonikios Athlitikos Omilos Konstantinoupoliton,Omilos Filathlon Irakliou FC,3,0
2026-01-18,4709406,SA1,2025,domestic_league,34911,1114,Neom Sports Club,Al-Hilal Saudi Football Club,1,2
2026-01-18,4709408,SA1,2025,domestic_league,31008,28844,Al-Riyadh Saudi Club,Al-Taawoun Football Club,1,3
2026-01-18,4709410,SA1,2025,domestic_league,9131,26069,Al-Hazem Sport Club,Al-Qadsiah Saudi Football Club,1,5
2026-01-18,4727225,AUS1,2025,domestic_league,6954,71085,Central Coast Mariners,Macarthur FC,1,1
2026-01-18,4727227,AUS1,2025,domestic_league,8054,8445,Sydney FC,Wellington Phoenix,0,2
2026-01-18,4778869,SFA,2025,domestic_cup,6567,371,Auchinleck Talbot FC,Celtic FC,0,2
2026-01-18,4778874,SFA,2025,domestic_cup,370,2795,Aberdeen FC,Raith Rovers FC,1,0
2026-01-18,4802370,MEX1,2025,domestic_league,7055,1804,Tigres UANL,Deportivo Toluca,0,0
2026-01-18,4802371,MEX1,2025,domestic_league,3711,5662,CD Cruz Azul,Puebla FC,1,0
2026-01-18,4802372,MEX1,2025,domestic_league,13353,40188,Club Tijuana,Atlético de San Luis,1,1
2026-01-18,4802373,MEX1,2025,domestic_league,7633,4941,UNAM Pumas,Club León FC,1,1
2026-01-18,4802374,MEX1,2025,domestic_league,1403,49283,Santos Laguna,FC Juárez,2,2
2026-01-19,4620904,IT1,2025,domestic_league,2239,276,US Cremonese,Hellas Verona,0,0
2026-01-19,4620905,IT1,2025,domestic_league,398,1047,Società Sportiva Lazio S.p.A.,Como 1907,0,3
2026-01-19,4626009,GB1,2025,domestic_league,1237,989,Brighton & Hove Albion,AFC Bournemouth,1,1
2026-01-19,4645878,ES1,2025,domestic_league,1531,368,Elche CF,Sevilla FC,2,2
2026-01-19,4647921,TR1,2025,domestic_league,2293,7160,Konyaspor,Eyüpspor,1,1
2026-01-19,4647928,TR1,2025,domestic_league,1467,126,Göztepe,Caykur Rizespor,3,1
2026-01-19,4647929,TR1,2025,domestic_league,114,3205,Beşiktaş Jimnastik Kulübü,Kayserispor,1,0
2026-01-19,4648767,PO1,2025,domestic_league,2431,1465,CF Estrela Amadora,GD Estoril Praia,0,5
2026-01-19,4649146,RO1,2025,domestic_league,9465,40812,Petrolul Ploiesti,Universitatea Craiova,0,4
2026-01-19,4665080,GR1,2025,domestic_league,60949,3060,Volou Neos Podosferikos Syllogos,APS Atromitos Athinon,0,3
2026-01-19,4665081,GR1,2025,domestic_league,6418,2672,Panetolikos Agrinio,APO Levadiakos Football Club,1,3
2026-01-19,4802375,MEX1,2025,domestic_league,4035,3631,CF Pachuca,CF América,0,0
2026-01-20,4625339,KR1,2025,domestic_league,999,144,NK Istra 1961,HNK Rijeka,1,2
2026-01-20,4649436,SC1,2025,domestic_league,1241,465,Livingston FC,St. Mirren FC,1,1
2026-01-20,4709441,SA1,2025,domestic_league,9840,32328,Al-Shabab Club,Al-Najma Sport Club,0,0
2026-01-20,4709442,SA1,2025,domestic_league,27221,91427,Al-Fateh Club,Al-Kholood Club,2,5
2026-01-20,4709443,SA1,2025,domestic_league,18487,6070,Al-Ahli Saudi Football Club,Al-Khaleej Club (Saihat),4,1
2026-01-20,4715019,CL,2025,international_cup,190,6195,FC Copenhagen,SSC Napoli,1,1
2026-01-20,4715029,CL,2025,international_cup,501,281,Fotballklubben Bodø/Glimt,Manchester City,3,1
2026-01-20,4715039,CL,2025,international_cup,683,15,Olympiakos Syndesmos Filathlon Peiraios,Bayer 04 Leverkusen,2,0
2026-01-20,4715046,CL,2025,international_cup,148,16,Tottenham Hotspur,Borussia Dortmund,2,0
2026-01-20,4715056,CL,2025,international_cup,46,11,Inter Milan,Arsenal FC,1,3
2026-01-20,4715100,CL,2025,international_cup,418,162,Real Madrid,AS Monaco,6,1
2026-01-20,4715102,CL,2025,international_cup,336,583,Sporting CP,Paris Saint-Germain,2,1
2026-01-20,4715105,CL,2025,international_cup,1050,610,Villarreal CF,Ajax Amsterdam,1,2
2026-01-20,4717487,CL,2025,international_cup,10482,2282,Kairat Almaty,Club Brugge KV,1,4
2026-01-20,4778871,SFA,2025,domestic_cup,3034,3031,Stranraer FC,Queen's Park FC,7,6
2026-01-20,4787474,NLP,2025,domestic_cup,6160,467,De Treffers,NEC Nijmegen,1,2
2026-01-20,4788511,FAC,2025,domestic_cup,34888,352,Salford City,Swindon Town,3,2
2026-01-21,4641503,NL1,2025,domestic_league,1090,798,AZ Alkmaar,Excelsior Rotterdam,1,1
2026-01-21,4709439,SA1,2025,domestic_league,71665,31008,Al-Okhdood Club,Al-Riyadh Saudi Club,2,2
2026-01-21,4709440,SA1,2025,domestic_league,7732,34911,Al-Ettifaq Football Club,Neom Sports Club,0,0
2026-01-21,4709447,SA1,2025,domestic_league,50532,18544,Damac Football Club,Al-Nassr Football Club,1,2
2026-01-21,4714995,CL,2025,international_cup,141,13,Galatasaray,Atlético de Madrid,1,1
2026-01-21,4715011,CL,2025,international_cup,506,294,Juventus FC,SL Benfica,2,0
2026-01-21,4715024,CL,2025,international_cup,244,31,Olympique Marseille,Liverpool FC,0,3
2026-01-21,4715036,CL,2025,international_cup,62,131,SK Slavia Prague,FC Barcelona,2,4
2026-01-21,4715052,CL,2025,international_cup,631,45457,Chelsea FC,Pafos FC,1,0
2026-01-21,4715068,CL,2025,international_cup,27,3948,Bayern Munich,Union Saint-Gilloise,2,0
2026-01-21,4715108,CL,2025,international_cup,800,621,Atalanta BC,Athletic Bilbao,2,3
2026-01-21,4715110,CL,2025,international_cup,10625,24,Qarabağ FK,Eintracht Frankfurt,3,2
2026-01-21,4715148,CL,2025,international_cup,762,383,Newcastle United,PSV Eindhoven,3,0
2026-01-22,4709444,SA1,2025,domestic_league,1114,50531,Al-Hilal Saudi Football Club,Al-Fayha FC,4,1
2026-01-22,4709445,SA1,2025,domestic_league,28844,9131,Al-Taawoun Football Club,Al-Hazem Sport Club,2,2
2026-01-22,4709446,SA1,2025,domestic_league,26069,8023,Al-Qadsiah Saudi Football Club,Al-Ittihad Football Club,2,1
2026-01-22,4715918,EL,2025,other,12,79,Associazione Sportiva Roma,VfB Stuttgart,2,0
2026-01-22,4715925,EL,2025,other,124,31614,Rangers FC,Ludogorets Razgrad,1,0
2026-01-22,4715929,EL,2025,other,234,122,Feyenoord Rotterdam,Sportklub Puntigamer Sturm Graz,3,0
2026-01-22,4715937,EL,2025,other,419,301,GNK Dinamo Zagreb,FCSB,4,1
2026-01-22,4715945,EL,2025,other,409,26,Fußballclub Red Bull Salzburg,FC Basel 1893,3,1
2026-01-22,4715951,EL,2025,other,36,405,Fenerbahce,Aston Villa,0,1
2026-01-22,4715957,EL,2025,other,1075,703,SC Braga,Nottingham Forest,1,0
2026-01-22,4715967,EL,2025,other,1091,150,Panthessalonikios Athlitikos Omilos Konstantinoupoliton,Real Betis Balompié,2,0
2026-01-22,4715971,EL,2025,other,941,720,FC Viktoria Plzen,FC Porto,1,1
2026-01-22,4715978,EL,2025,other,279,265,Ferencvárosi TC,Panathinaikos Athlitikos Omilos,1,1
2026-01-22,4715988,EL,2025,other,452,1041,BSC Young Boys,Olympique Lyon,0,1
2026-01-22,4715996,EL,2025,other,60,119,SC Freiburg,Maccabi Tel Aviv,1,0
2026-01-22,4716018,EL,2025,other,417,1435,OGC Nice,Go Ahead Eagles,3,1
2026-01-22,4716020,EL,2025,other,1025,371,Bologna Football Club 1909,Celtic FC,2,2
2026-01-22,4716023,EL,2025,other,940,1082,Celta de Vigo,LOSC Lille,2,1
2026-01-22,4716036,EL,2025,other,496,159,Malmö Fotbollförening,Red Star Belgrade,0,1
2026-01-22,4716046,EL,2025,other,200,1184,FC Utrecht,KRC Genk,0,2
2026-01-22,4716053,EL,2025,other,1100,865,Sportsklubben Brann,FC Midtjylland,3,3
2026-01-22,4798248,ARG1,2025,domestic_league,12301,2402,Club Atlético Aldosivi,Club Social y Deportivo Defensa y Justicia,0,0
2026-01-22,4798253,ARG1,2025,domestic_league,7097,928,Club Atlético Unión,Club Atlético Platense,0,0
2026-01-22,4798261,ARG1,2025,domestic_league,830,2063,Club Atlético Banfield,Club Atlético Huracán,1,1
2026-01-23,4620917,IT1,2025,domestic_league,46,4172,Inter Milan,Pisa Sporting Club,6,2
2026-01-23,4634304,L1,2025,domestic_league,35,41,FC St. Pauli,Hamburger SV,0,0
2026-01-23,4635169,FR1,2025,domestic_league,290,583,AJ Auxerre,Paris Saint-Germain,0,1
2026-01-23,4641331,BE1,2025,domestic_league,3057,157,Standard Liège,KAA Gent,0,4
2026-01-23,4645790,ES1,2025,domestic_league,3368,1531,Levante UD,Elche CF,3,2
2026-01-23,4647930,TR1,2025,domestic_league,449,10484,Trabzonspor,Kasimpasa,2,1
2026-01-23,4648808,PO1,2025,domestic_league,3268,110302,Casa Pia AC,Avs Futebol,3,3
2026-01-23,4649084,RO1,2025,domestic_league,37624,41278,FC Metaloglobus Bucharest,ACSC FC Arges,0,2
2026-01-23,4649087,RO1,2025,domestic_league,58049,312,FC Hermannstadt,FC Dinamo 1948,1,2
2026-01-23,4727240,AUS1,2025,domestic_league,5551,8445,Newcastle United Jets,Wellington Phoenix,4,1
2026-01-23,4798250,ARG1,2025,domestic_league,1234,288,Club Atlético Independiente de Avellaneda,Club Estudiantes de La Plata,1,1
2026-01-23,4798252,ARG1,2025,domestic_league,1829,1029,Instituto Atlético Central Córdoba,Club Atlético Vélez Sársfield,0,1
2026-01-23,4798254,ARG1,2025,domestic_league,1775,333,Club Atlético San Lorenzo de Almagro,Club Atlético Lanús,2,3
2026-01-23,4798255,ARG1,2025,domestic_league,31284,14687,Club Atlético Central Córdoba,Club Atlético Gimnasia y Esgrima de Mendoza,0,1
2026-01-24,4620914,IT1,2025,domestic_league,1047,416,Como 1907,Torino FC,6,0
2026-01-24,4620915,IT1,2025,domestic_league,430,1390,ACF Fiorentina,Cagliari Calcio,1,2
2026-01-24,4620919,IT1,2025,domestic_league,1005,398,US Lecce,Società Sportiva Lazio S.p.A.,0,0
2026-01-24,4625348,KR1,2025,domestic_league,144,2362,HNK Rijeka,Slaven Belupo Koprivnica,2,2
2026-01-24,4625351,KR1,2025,domestic_league,11194,456,NK Lokomotiva Zagreb,HNK Vukovar 1991,2,1
2026-01-24,4626019,GB1,2025,domestic_league,989,31,AFC Bournemouth,Liverpool FC,3,2
2026-01-24,4626021,GB1,2025,domestic_league,1132,148,Burnley FC,Tottenham Hotspur,2,2
2026-01-24,4626024,GB1,2025,domestic_league,931,1237,Fulham FC,Brighton & Hove Albion,2,1
2026-01-24,4626025,GB1,2025,domestic_league,281,543,Manchester City,Wolverhampton Wanderers,2,0
2026-01-24,4626027,GB1,2025,domestic_league,379,289,West Ham United,Sunderland AFC,3,1
2026-01-24,4627359,C1,2025,domestic_league,527,504,Football Club Lausanne-Sport,Grasshopper Club Zurich,1,1
2026-01-24,4627360,C1,2025,domestic_league,2790,242,FC Lugano,FC Winterthur,4,1
2026-01-24,4627361,C1,2025,domestic_league,321,434,FC Sion,FC Luzern,1,1
2026-01-24,4634297,L1,2025,domestic_league,27,167,Bayern Munich,FC Augsburg,1,2
2026-01-24,4634298,L1,2025,domestic_league,15,86,Bayer 04 Leverkusen,SV Werder Bremen,1,0
2026-01-24,4634299,L1,2025,domestic_league,24,533,Eintracht Frankfurt,TSG 1899 Hoffenheim,1,3
2026-01-24,4634301,L1,2025,domestic_league,39,82,1.FSV Mainz 05,VfL Wolfsburg,3,1
2026-01-24,4634303,L1,2025,domestic_league,89,16,1.FC Union Berlin,Borussia Dortmund,0,3
2026-01-24,4634305,L1,2025,domestic_league,2036,23826,1. Fußballclub Heidenheim 1846,RB Leipzig,0,3
2026-01-24,4635172,FR1,2025,domestic_league,273,1158,Stade Rennais FC,FC Lorient,0,2
2026-01-24,4635174,FR1,2025,domestic_league,738,162,Le Havre AC,AS Monaco,0,0
2026-01-24,4635176,FR1,2025,domestic_league,244,826,Olympique Marseille,RC Lens,3,1
2026-01-24,4641327,BE1,2025,domestic_league,2282,3508,Club Brugge KV,Zulte Waregem,4,3
2026-01-24,4641332,BE1,2025,domestic_league,3901,475,RAAL La Louvière,Sint-Truidense VV,1,2
2026-01-24,4641333,BE1,2025,domestic_league,2727,3948,Oud-Heverlee Leuven,Union Saint-Gilloise,0,0
2026-01-24,4641601,NL1,2025,domestic_league,610,724,Ajax Amsterdam,FC Volendam,2,0
2026-01-24,4641603,NL1,2025,domestic_league,317,798,FC Twente Enschede,Excelsior Rotterdam,0,0
2026-01-24,4641607,NL1,2025,domestic_league,467,1269,NEC Nijmegen,PEC Zwolle,2,1
2026-01-24,4641608,NL1,2025,domestic_league,383,132,PSV Eindhoven,NAC Breda,2,2
2026-01-24,4645791,ES1,2025,domestic_league,1049,714,Valencia CF,RCD Espanyol Barcelona,3,2
2026-01-24,4645793,ES1,2025,domestic_league,367,331,Rayo Vallecano,CA Osasuna,1,3
2026-01-24,4645794,ES1,2025,domestic_league,1050,418,Villarreal CF,Real Madrid,0,2
2026-01-24,4645798,ES1,2025,domestic_league,368,621,Sevilla FC,Athletic Bilbao,2,1
2026-01-24,4647934,TR1,2025,domestic_league,3205,6890,Kayserispor,Basaksehir FK,0,3
2026-01-24,4647936,TR1,2025,domestic_league,6646,141,Fatih Karagümrük,Galatasaray,1,3
2026-01-24,4647938,TR1,2025,domestic_league,152,120,Samsunspor,Kocaelispor,0,0
2026-01-24,4648811,PO1,2025,domestic_league,979,2423,Moreirense FC,CD Santa Clara,1,0
2026-01-24,4648813,PO1,2025,domestic_league,1465,2420,GD Estoril Praia,Vitória Guimarães SC,4,2
2026-01-24,4648814,PO1,2025,domestic_league,8024,336,FC Arouca,Sporting CP,1,2
2026-01-24,4649085,RO1,2025,domestic_league,6429,29700,FC Universitatea Cluj,AFC Unirea 04 Slobozia,1,0
2026-01-24,4649090,RO1,2025,domestic_league,40812,8818,Universitatea Craiova,FC Botosani,2,0
2026-01-24,4649457,SC1,2025,domestic_league,370,1241,Aberdeen FC,Livingston FC,6,2
2026-01-24,4649459,SC1,2025,domestic_league,1191,903,Falkirk FC,Hibernian FC,4,1
2026-01-24,4649461,SC1,2025,domestic_league,987,2553,Motherwell FC,Kilmarnock FC,4,0
2026-01-24,4665140,GR1,2025,domestic_league,6676,2441,A.G.S Asteras Tripolis,Athlitiki Enosi Konstantinoupoleos,0,1
2026-01-24,4665141,GR1,2025,domestic_league,4603,3385,Athlitiki Enosi Larisas,Panserraikos Serres,1,0
2026-01-24,4665145,GR1,2025,domestic_league,683,60949,Olympiakos Syndesmos Filathlon Peiraios,Volou Neos Podosferikos Syllogos,1,0
2026-01-24,4709412,SA1,2025,domestic_league,34911,18487,Neom Sports Club,Al-Ahli Saudi Football Club,0,3
2026-01-24,4709414,SA1,2025,domestic_league,91427,7732,Al-Kholood Club,Al-Ettifaq Football Club,1,2
2026-01-24,4709419,SA1,2025,domestic_league,6070,9840,Al-Khaleej Club (Saihat),Al-Shabab Club,0,0
2026-01-24,4727241,AUS1,2025,domestic_league,118373,6954,Auckland FC,Central Coast Mariners,2,2
2026-01-24,4727242,AUS1,2025,domestic_league,7831,875,Brisbane Roar,Adelaide United,2,3
2026-01-24,4727243,AUS1,2025,domestic_league,71085,25580,Macarthur FC,Melbourne City FC,6,2
2026-01-24,4798251,ARG1,2025,domestic_league,3938,1286,Club Atlético Talleres,Club Atlético Newell’s Old Boys,2,1
2026-01-24,4798256,ARG1,2025,domestic_league,25184,209,Club Atlético Barracas Central,Club Atlético River Plate,0,1
2026-01-24,4798257,ARG1,2025,domestic_league,1106,1444,Club de Gimnasia y Esgrima La Plata,Racing Club Asociación Civil de Avellaneda,2,1
2026-01-24,4798262,ARG1,2025,domestic_league,12179,14554,Club Sportivo Independiente Rivadavia,Club Atlético Tucumán,2,1
2026-01-25,4620913,IT1,2025,domestic_league,800,130,Atalanta BC,Parma Calcio 1913,4,0
2026-01-25,4620916,IT1,2025,domestic_league,252,1025,Genoa CFC,Bologna Football Club 1909,3,2
2026-01-25,4620918,IT1,2025,domestic_league,506,6195,Juventus FC,SSC Napoli,3,0
2026-01-25,4620920,IT1,2025,domestic_league,12,5,Associazione Sportiva Roma,AC Milan,1,1
2026-01-25,4620921,IT1,2025,domestic_league,6574,2239,US Sassuolo,US Cremonese,1,0
2026-01-25,4625347,KR1,2025,domestic_league,327,419,NK Osijek,GNK Dinamo Zagreb,0,3
2026-01-25,4625350,KR1,2025,domestic_league,447,999,HNK Hajduk Split,NK Istra 1961,1,2
2026-01-25,4626018,GB1,2025,domestic_league,11,985,Arsenal FC,Manchester United,2,3
2026-01-25,4626020,GB1,2025,domestic_league,1148,703,Brentford FC,Nottingham Forest,0,2
2026-01-25,4626022,GB1,2025,domestic_league,873,631,Crystal Palace,Chelsea FC,1,3
2026-01-25,4626026,GB1,2025,domestic_league,762,405,Newcastle United,Aston Villa,0,2
2026-01-25,4627362,C1,2025,domestic_league,257,61,FC St. Gallen 1879,Servette FC,2,4
2026-01-25,4627363,C1,2025,domestic_league,938,452,FC Thun,BSC Young Boys,4,1
2026-01-25,4627364,C1,2025,domestic_league,260,26,FC Zürich,FC Basel 1893,3,4
2026-01-25,4634300,L1,2025,domestic_league,60,3,SC Freiburg,1.FC Köln,2,1
2026-01-25,4634302,L1,2025,domestic_league,18,79,Borussia Mönchengladbach,VfB Stuttgart,0,3
2026-01-25,4635168,FR1,2025,domestic_league,1082,667,LOSC Lille,RC Strasbourg Alsace,1,4
2026-01-25,4635170,FR1,2025,domestic_league,3911,415,Stade Brestois 29,FC Toulouse,0,2
2026-01-25,4635171,FR1,2025,domestic_league,10004,1420,Paris FC,Angers SCO,0,0
2026-01-25,4635173,FR1,2025,domestic_league,347,1041,FC Metz,Olympique Lyon,2,5
2026-01-25,4635175,FR1,2025,domestic_league,995,417,FC Nantes,OGC Nice,1,4
2026-01-25,4641328,BE1,2025,domestic_league,58,9010,RSC Anderlecht,FCV Dender EH,0,0
2026-01-25,4641329,BE1,2025,domestic_league,1184,520,KRC Genk,Cercle Brugge,1,1
2026-01-25,4641330,BE1,2025,domestic_league,1096,172,Royal Antwerp FC,Royal Charleroi Sporting Club,0,2
2026-01-25,4641334,BE1,2025,domestic_league,354,968,KV Mechelen,KVC Westerlo,1,1
2026-01-25,4641602,NL1,2025,domestic_league,202,385,FC Groningen,Fortuna Sittardia Combinatie,1,2
2026-01-25,4641604,NL1,2025,domestic_league,200,468,FC Utrecht,Sparta Rotterdam,0,1
2026-01-25,4641605,NL1,2025,domestic_league,234,1304,Feyenoord Rotterdam,Heracles Almelo,4,2
2026-01-25,4641609,NL1,2025,domestic_league,1434,1090,SC Telstar,AZ Alkmaar,0,1
2026-01-25,4645795,ES1,2025,domestic_league,1108,150,Deportivo Alavés,Real Betis Balompié,2,1
2026-01-25,4645796,ES1,2025,domestic_league,13,237,Atlético de Madrid,RCD Mallorca,3,0
2026-01-25,4645797,ES1,2025,domestic_league,131,2497,FC Barcelona,Real Oviedo,3,0
2026-01-25,4645799,ES1,2025,domestic_league,681,940,Real Sociedad,Celta de Vigo,3,1
2026-01-25,4647931,TR1,2025,domestic_league,2832,2293,Gaziantep FK,Konyaspor,1,1
2026-01-25,4647933,TR1,2025,domestic_league,126,11282,Caykur Rizespor,Alanyaspor,1,1
2026-01-25,4647935,TR1,2025,domestic_league,36,1467,Fenerbahce,Göztepe,1,1
2026-01-25,4647937,TR1,2025,domestic_league,589,820,Antalyaspor,Gençlerbirliği Spor Kulübü,2,1
2026-01-25,4648809,PO1,2025,domestic_league,1075,2521,SC Braga,FC Alverca,5,0
2026-01-25,4648812,PO1,2025,domestic_league,982,2425,CD Nacional,Rio Ave FC,4,0
2026-01-25,4648815,PO1,2025,domestic_league,3329,7179,FC Famalicão,CD Tondela,3,0
2026-01-25,4648816,PO1,2025,domestic_league,294,2431,SL Benfica,CF Estrela Amadora,4,0
2026-01-25,4649086,RO1,2025,domestic_league,301,7769,FCSB,CFR Cluj,1,4
2026-01-25,4649089,RO1,2025,domestic_league,9465,29831,Petrolul Ploiesti,FCV Farul Constanta,0,1
2026-01-25,4649460,SC1,2025,domestic_league,43,371,Heart of Midlothian FC,Celtic FC,2,2
2026-01-25,4649462,SC1,2025,domestic_league,124,511,Rangers FC,Dundee FC,3,0
2026-01-25,4665142,GR1,2025,domestic_league,605,2672,Aris Thessalonikis,APO Levadiakos Football Club,2,2
2026-01-25,4665143,GR1,2025,domestic_league,3060,265,APS Atromitos Athinon,Panathinaikos Athlitikos Omilos,0,0
2026-01-25,4665146,GR1,2025,domestic_league,653,6418,Omilos Filathlon Irakliou FC,Panetolikos Agrinio,1,0
2026-01-25,4709413,SA1,2025,domestic_league,31008,1114,Al-Riyadh Saudi Club,Al-Hilal Saudi Football Club,1,1
2026-01-25,4709415,SA1,2025,domestic_league,32328,26069,Al-Najma Sport Club,Al-Qadsiah Saudi Football Club,1,3
2026-01-25,4709417,SA1,2025,domestic_league,50531,27221,Al-Fayha FC,Al-Fateh Club,2,0
2026-01-25,4727244,AUS1,2025,domestic_league,36100,970,Western Sydney Wanderers,Perth Glory,1,0
2026-01-25,4798249,ARG1,2025,domestic_league,189,19775,Club Atlético Boca Juniors,Asociación de Fomento Deportivo Riestra Barrio Colón,1,0
2026-01-25,4798258,ARG1,2025,domestic_league,1418,2417,Club Atlético Rosario Central,Club Atlético Belgrano,1,2
2026-01-26,4620922,IT1,2025,domestic_league,276,410,Hellas Verona,Udinese Calcio,1,3
2026-01-26,4626023,GB1,2025,domestic_league,29,399,Everton FC,Leeds United,1,1
2026-01-26,4645792,ES1,2025,domestic_league,12321,3709,Girona FC,Getafe CF,1,1
2026-01-26,4647932,TR1,2025,domestic_league,7160,114,Eyüpspor,Beşiktaş Jimnastik Kulübü,2,2
2026-01-26,4648810,PO1,2025,domestic_league,720,2424,FC Porto,Gil Vicente FC,3,0
2026-01-26,4649083,RO1,2025,domestic_league,952,455,UTA Arad,FC Rapid 1923,1,2
2026-01-26,4649088,RO1,2025,domestic_league,4959,37255,SC Otelul Galati,FK Csikszereda Miercurea Ciuc,3,0
2026-01-26,4709416,SA1,2025,domestic_league,8023,71665,Al-Ittihad Football Club,Al-Okhdood Club,2,1
2026-01-26,4709418,SA1,2025,domestic_league,9131,50532,Al-Hazem Sport Club,Damac Football Club,2,1
2026-01-26,4709420,SA1,2025,domestic_league,18544,28844,Al-Nassr Football Club,Al-Taawoun Football Club,1,0
2026-01-26,4727245,AUS1,2025,domestic_league,7006,8054,Melbourne Victory,Sydney FC,4,0
2026-01-26,4798259,ARG1,2025,domestic_league,11831,14602,Club Atlético Tigre,Asociación Atlética Estudiantes,2,0
2026-01-26,4798260,ARG1,2025,domestic_league,1030,12454,Asociación Atlética Argentinos Juniors,Club Atlético Sarmiento,1,0
2026-01-26,4798266,ARG1,2025,domestic_league,928,1829,Club Atlético Platense,Instituto Atlético Central Córdoba,2,1
2026-01-26,4810590,KR1,2025,domestic_league,24575,599,HNK Gorica,NK Varazdin,1,2
2026-01-27,4634267,L1,2025,domestic_league,86,533,SV Werder Bremen,TSG 1899 Hoffenheim,0,2
2026-01-27,4634270,L1,2025,domestic_league,35,23826,FC St. Pauli,RB Leipzig,1,1
2026-01-27,4736149,CIT,2025,domestic_cup,430,1047,ACF Fiorentina,Como 1907,1,3
2026-01-27,4798264,ARG1,2025,domestic_league,14687,1775,Club Atlético Gimnasia y Esgrima de Mendoza,Club Atlético San Lorenzo de Almagro,0,1
2026-01-27,4798267,ARG1,2025,domestic_league,1029,3938,Club Atlético Vélez Sársfield,Club Atlético Talleres,2,1
2026-01-27,4798271,ARG1,2025,domestic_league,2063,12179,Club Atlético Huracán,Club Sportivo Independiente Rivadavia,1,2
2026-01-28,4709448,SA1,2025,domestic_league,32328,31008,Al-Najma Sport Club,Al-Riyadh Saudi Club,1,1
2026-01-28,4709449,SA1,2025,domestic_league,18487,7732,Al-Ahli Saudi Football Club,Al-Ettifaq Football Club,4,0
2026-01-28,4709452,SA1,2025,domestic_league,50531,6070,Al-Fayha FC,Al-Khaleej Club (Saihat),3,1
2026-01-28,4714981,CL,2025,international_cup,6195,631,SSC Napoli,Chelsea FC,2,3
2026-01-28,4714984,CL,2025,international_cup,621,336,Athletic Bilbao,Sporting CP,2,3
2026-01-28,4714989,CL,2025,international_cup,383,27,PSV Eindhoven,Bayern Munich,1,2
2026-01-28,4714997,CL,2025,international_cup,2282,244,Club Brugge KV,Olympique Marseille,3,0
2026-01-28,4715002,CL,2025,international_cup,24,148,Eintracht Frankfurt,Tottenham Hotspur,0,2
2026-01-28,4715014,CL,2025,international_cup,162,506,AS Monaco,Juventus FC,0,0
2026-01-28,4715050,CL,2025,international_cup,16,46,Borussia Dortmund,Inter Milan,0,2
2026-01-28,4715059,CL,2025,international_cup,583,762,Paris Saint-Germain,Newcastle United,1,1
2026-01-28,4715094,CL,2025,international_cup,281,141,Manchester City,Galatasaray,2,0
2026-01-28,4715099,CL,2025,international_cup,3948,800,Union Saint-Gilloise,Atalanta BC,1,0
2026-01-28,4715104,CL,2025,international_cup,31,10625,Liverpool FC,Qarabağ FK,6,0
2026-01-28,4715120,CL,2025,international_cup,294,418,SL Benfica,Real Madrid,4,2
2026-01-28,4715123,CL,2025,international_cup,13,501,Atlético de Madrid,Fotballklubben Bodø/Glimt,1,2
2026-01-28,4715127,CL,2025,international_cup,15,1050,Bayer 04 Leverkusen,Villarreal CF,3,0
2026-01-28,4715129,CL,2025,international_cup,11,10482,Arsenal FC,Kairat Almaty,3,2
2026-01-28,4715138,CL,2025,international_cup,131,190,FC Barcelona,FC Copenhagen,4,1
2026-01-28,4715146,CL,2025,international_cup,610,683,Ajax Amsterdam,Olympiakos Syndesmos Filathlon Peiraios,1,2
2026-01-28,4717486,CL,2025,international_cup,45457,62,Pafos FC,SK Slavia Prague,4,1
2026-01-28,4798263,ARG1,2025,domestic_league,14554,31284,Club Atlético Tucumán,Club Atlético Central Córdoba,0,0
2026-01-28,4798268,ARG1,2025,domestic_league,1286,1234,Club Atlético Newell’s Old Boys,Club Atlético Independiente de Avellaneda,1,1
2026-01-28,4798275,ARG1,2025,domestic_league,1444,1418,Racing Club Asociación Civil de Avellaneda,Club Atlético Rosario Central,1,2
2026-01-28,4798276,ARG1,2025,domestic_league,209,1106,Club Atlético River Plate,Club de Gimnasia y Esgrima La Plata,2,0
2026-01-28,4798277,ARG1,2025,domestic_league,12301,25184,Club Atlético Aldosivi,Club Atlético Barracas Central,0,0
2026-01-28,4811037,BRA1,2025,domestic_league,2462,210,Fluminense Football Club,Grêmio Foot-Ball Porto Alegrense,2,1
2026-01-28,4811040,BRA1,2025,domestic_league,199,10010,Sport Club Corinthians Paulista,Esporte Clube Bahia,1,2
2026-01-28,4811042,BRA1,2025,domestic_league,330,1023,Clube Atlético Mineiro,Sociedade Esportiva Palmeiras,2,2
2026-01-28,4811043,BRA1,2025,domestic_league,6600,679,Sport Club Internacional,Clube Atlético Paranaense,0,1
2026-01-28,4811044,BRA1,2025,domestic_league,776,8793,Coritiba Foot Ball Club,Red Bull Bragantino,0,1
2026-01-28,4811045,BRA1,2025,domestic_league,2125,10997,Esporte Clube Vitória,Clube do Remo,2,0
2026-01-28,4811046,BRA1,2025,domestic_league,17776,221,Associação Chapecoense de Futebol,Santos Futebol Clube,4,2
2026-01-29,4709450,SA1,2025,domestic_league,26069,1114,Al-Qadsiah Saudi Football Club,Al-Hilal Saudi Football Club,2,2
2026-01-29,4709451,SA1,2025,domestic_league,27221,8023,Al-Fateh Club,Al-Ittihad Football Club,2,2
2026-01-29,4709456,SA1,2025,domestic_league,9131,9840,Al-Hazem Sport Club,Al-Shabab Club,0,4
2026-01-29,4715919,EL,2025,other,720,124,FC Porto,Rangers FC,3,1
2026-01-29,4715933,EL,2025,other,1082,60,LOSC Lille,SC Freiburg,1,0
2026-01-29,4715939,EL,2025,other,150,234,Real Betis Balompié,Feyenoord Rotterdam,2,1
2026-01-29,4715947,EL,2025,other,405,409,Aston Villa,Fußballclub Red Bull Salzburg,3,2
2026-01-29,4715962,EL,2025,other,159,940,Red Star Belgrade,Celta de Vigo,1,1
2026-01-29,4715964,EL,2025,other,1041,1091,Olympique Lyon,Panthessalonikios Athlitikos Omilos Konstantinoupoliton,4,2
2026-01-29,4715982,EL,2025,other,371,200,Celtic FC,FC Utrecht,4,2
2026-01-29,4715986,EL,2025,other,119,1025,Maccabi Tel Aviv,Bologna Football Club 1909,0,3
2026-01-29,4715992,EL,2025,other,26,941,FC Basel 1893,FC Viktoria Plzen,0,1
2026-01-29,4716001,EL,2025,other,31614,417,Ludogorets Razgrad,OGC Nice,1,0
2026-01-29,4716004,EL,2025,other,703,279,Nottingham Forest,Ferencvárosi TC,4,0
2026-01-29,4716010,EL,2025,other,122,1100,Sportklub Puntigamer Sturm Graz,Sportsklubben Brann,1,0
2026-01-29,4716012,EL,2025,other,301,36,FCSB,Fenerbahce,1,1
2026-01-29,4716029,EL,2025,other,79,452,VfB Stuttgart,BSC Young Boys,3,2
2026-01-29,4716031,EL,2025,other,265,12,Panathinaikos Athlitikos Omilos,Associazione Sportiva Roma,1,1
2026-01-29,4716040,EL,2025,other,1435,1075,Go Ahead Eagles,SC Braga,0,0
2026-01-29,4716050,EL,2025,other,1184,496,KRC Genk,Malmö Fotbollförening,2,1
2026-01-29,4716254,EL,2025,other,865,419,FC Midtjylland,GNK Dinamo Zagreb,2,0
2026-01-29,4798265,ARG1,2025,domestic_league,333,7097,Club Atlético Lanús,Club Atlético Unión,2,1
2026-01-29,4798269,ARG1,2025,domestic_league,288,189,Club Estudiantes de La Plata,Club Atlético Boca Juniors,2,1
2026-01-29,4798270,ARG1,2025,domestic_league,19775,2402,Asociación de Fomento Deportivo Riestra Barrio Colón,Club Social y Deportivo Defensa y Justicia,0,1
2026-01-29,4798274,ARG1,2025,domestic_league,2417,11831,Club Atlético Belgrano,Club Atlético Tigre,1,1
2026-01-29,4811039,BRA1,2025,domestic_league,585,614,São Paulo Futebol Clube,Clube de Regatas do Flamengo,2,1
2026-01-29,4811041,BRA1,2025,domestic_league,3876,978,Mirasol Futebol Clube,Club de Regatas Vasco da Gama,2,1
2026-01-30,4620927,IT1,2025,domestic_league,398,252,Società Sportiva Lazio S.p.A.,Genoa CFC,3,2
2026-01-30,4624790,PL1,2025,domestic_league,168,6456,Zaglebie Lubin,GKS GieKSa Katowice Spółka Akcyjna,0,2
2026-01-30,4625353,KR1,2025,domestic_league,999,11194,NK Istra 1961,NK Lokomotiva Zagreb,1,1
2026-01-30,4634313,L1,2025,domestic_league,3,82,1.FC Köln,VfL Wolfsburg,1,0
2026-01-30,4635183,FR1,2025,domestic_league,826,738,RC Lens,Le Havre AC,1,0
2026-01-30,4641313,BE1,2025,domestic_league,3901,157,RAAL La Louvière,KAA Gent,1,1
2026-01-30,4641614,NL1,2025,domestic_league,132,317,NAC Breda,FC Twente Enschede,2,2
2026-01-30,4645809,ES1,2025,domestic_league,714,1108,RCD Espanyol Barcelona,Deportivo Alavés,1,2
2026-01-30,4647941,TR1,2025,domestic_league,589,449,Antalyaspor,Trabzonspor,1,1
2026-01-30,4647942,TR1,2025,domestic_league,10484,152,Kasimpasa,Samsunspor,0,1
2026-01-30,4648825,PO1,2025,domestic_league,2420,979,Vitória Guimarães SC,Moreirense FC,1,0
2026-01-30,4649149,RO1,2025,domestic_league,7769,37624,CFR Cluj,FC Metaloglobus Bucharest,4,2
2026-01-30,4649152,RO1,2025,domestic_league,312,9465,FC Dinamo 1948,Petrolul Ploiesti,1,1
2026-01-30,4709453,SA1,2025,domestic_league,91427,18544,Al-Kholood Club,Al-Nassr Football Club,0,3
2026-01-30,4709454,SA1,2025,domestic_league,28844,71665,Al-Taawoun Football Club,Al-Okhdood Club,1,0
2026-01-30,4709455,SA1,2025,domestic_league,34911,50532,Neom Sports Club,Damac Football Club,3,0
2026-01-30,4727312,AUS1,2025,domestic_league,8445,25580,Wellington Phoenix,Melbourne City FC,2,2
2026-01-30,4727313,AUS1,2025,domestic_league,875,71085,Adelaide United,Macarthur FC,1,1
2026-01-30,4798272,ARG1,2025,domestic_league,12454,830,Club Atlético Sarmiento,Club Atlético Banfield,1,0
2026-01-30,4798273,ARG1,2025,domestic_league,14602,1030,Asociación Atlética Estudiantes,Asociación Atlética Argentinos Juniors,0,0
2026-01-30,4811038,BRA1,2025,domestic_league,537,609,S. A. F. Botafogo,Cruzeiro Esporte Clube,4,0
2026-01-31,4620924,IT1,2025,domestic_league,1390,276,Cagliari Calcio,Hellas Verona,4,0
2026-01-31,4620928,IT1,2025,domestic_league,6195,430,SSC Napoli,ACF Fiorentina,2,1
2026-01-31,4620930,IT1,2025,domestic_league,4172,6574,Pisa Sporting Club,US Sassuolo,1,3
2026-01-31,4624676,TS1,2025,domestic_league,450,197,FK Dukla Prague,AC Sparta Prague,0,3
2026-01-31,4624679,TS1,2025,domestic_league,2311,1897,"SK Sigma Olomouc, a.s.",FC Hradec Kralove,1,0
2026-01-31,4624681,TS1,2025,domestic_league,5546,715,FK Mlada Boleslav,"Bohemians Praha 1905, a.s.",2,2
2026-01-31,4624683,TS1,2025,domestic_league,1322,814,FK Jablonec,FK Teplice,1,0
2026-01-31,4624783,PL1,2025,domestic_league,428,6112,Górnik Zabrze,Piast Gliwice,2,1
2026-01-31,4624784,PL1,2025,domestic_league,238,4000,Lech Poznan,Lechia Gdansk,1,3
2026-01-31,4624788,PL1,2025,domestic_league,88,2300,Widzew Lodz,Jagiellonia Bialystok,1,3
2026-01-31,4625354,KR1,2025,domestic_league,24575,447,HNK Gorica,HNK Hajduk Split,1,0
2026-01-31,4625355,KR1,2025,domestic_league,2362,599,Slaven Belupo Koprivnica,NK Varazdin,0,2
2026-01-31,4626029,GB1,2025,domestic_league,1237,29,Brighton & Hove Albion,Everton FC,1,1
2026-01-31,4626030,GB1,2025,domestic_league,631,379,Chelsea FC,West Ham United,3,2
2026-01-31,4626031,GB1,2025,domestic_league,399,11,Leeds United,Arsenal FC,0,4
2026-01-31,4626032,GB1,2025,domestic_league,31,762,Liverpool FC,Newcastle United,4,1
2026-01-31,4626037,GB1,2025,domestic_league,543,989,Wolverhampton Wanderers,AFC Bournemouth,0,2
2026-01-31,4627366,C1,2025,domestic_league,504,2790,Grasshopper Club Zurich,FC Lugano,1,1
2026-01-31,4627368,C1,2025,domestic_league,61,321,Servette FC,FC Sion,3,3
2026-01-31,4627369,C1,2025,domestic_league,242,527,FC Winterthur,Football Club Lausanne-Sport,2,1
2026-01-31,4634306,L1,2025,domestic_league,24,15,Eintracht Frankfurt,Bayer 04 Leverkusen,1,3
2026-01-31,4634308,L1,2025,domestic_league,23826,39,RB Leipzig,1.FSV Mainz 05,1,2
2026-01-31,4634309,L1,2025,domestic_league,86,18,SV Werder Bremen,Borussia Mönchengladbach,1,1
2026-01-31,4634311,L1,2025,domestic_league,167,35,FC Augsburg,FC St. Pauli,2,1
2026-01-31,4634312,L1,2025,domestic_league,533,89,TSG 1899 Hoffenheim,1.FC Union Berlin,3,1
2026-01-31,4634314,L1,2025,domestic_league,41,27,Hamburger SV,Bayern Munich,2,2
2026-01-31,4635177,FR1,2025,domestic_league,10004,244,Paris FC,Olympique Marseille,2,2
2026-01-31,4635181,FR1,2025,domestic_league,1158,995,FC Lorient,FC Nantes,2,1
2026-01-31,4635182,FR1,2025,domestic_league,162,273,AS Monaco,Stade Rennais FC,4,0
2026-01-31,4640933,SER1,2025,domestic_league,788,8819,FK Napredak Krusevac,FK Javor-Matis Ivanjica,1,2
2026-01-31,4640935,SER1,2025,domestic_league,4645,32113,FK Radnicki 1923 Kragujevac,FK IMT Belgrad,3,1
2026-01-31,4640938,SER1,2025,domestic_league,669,7567,FK Partizan Belgrade,FK Radnicki Nis,0,0
2026-01-31,4640941,SER1,2025,domestic_league,59358,33328,FK Zeleznicar Pancevo,FK Radnik Surdulica,1,0
2026-01-31,4641314,BE1,2025,domestic_league,3508,968,Zulte Waregem,KVC Westerlo,0,1
2026-01-31,4641315,BE1,2025,domestic_league,520,1096,Cercle Brugge,Royal Antwerp FC,0,4
2026-01-31,4641317,BE1,2025,domestic_league,475,172,Sint-Truidense VV,Royal Charleroi Sporting Club,0,2
2026-01-31,4641610,NL1,2025,domestic_league,1090,467,AZ Alkmaar,NEC Nijmegen,1,3
2026-01-31,4641615,NL1,2025,domestic_league,1269,1434,PEC Zwolle,SC Telstar,4,1
2026-01-31,4641618,NL1,2025,domestic_league,468,202,Sparta Rotterdam,FC Groningen,2,0
2026-01-31,4645800,ES1,2025,domestic_league,3368,13,Levante UD,Atlético de Madrid,0,0
2026-01-31,4645801,ES1,2025,domestic_league,1531,131,Elche CF,FC Barcelona,1,3
2026-01-31,4645803,ES1,2025,domestic_league,2497,12321,Real Oviedo,Girona FC,1,0
2026-01-31,4645808,ES1,2025,domestic_league,331,1050,CA Osasuna,Villarreal CF,2,2
2026-01-31,4647939,TR1,2025,domestic_league,11282,7160,Alanyaspor,Eyüpspor,1,3
2026-01-31,4647940,TR1,2025,domestic_league,114,2293,Beşiktaş Jimnastik Kulübü,Konyaspor,2,1
2026-01-31,4647943,TR1,2025,domestic_league,1467,6646,Göztepe,Fatih Karagümrük,2,1
2026-01-31,4647946,TR1,2025,domestic_league,6890,126,Basaksehir FK,Caykur Rizespor,2,2
2026-01-31,4648818,PO1,2025,domestic_league,2425,8024,Rio Ave FC,FC Arouca,0,3
2026-01-31,4648823,PO1,2025,domestic_league,2521,2431,FC Alverca,CF Estrela Amadora,1,1
2026-01-31,4648824,PO1,2025,domestic_league,2423,1465,CD Santa Clara,GD Estoril Praia,2,4
2026-01-31,4649147,RO1,2025,domestic_league,41278,952,ACSC FC Arges,UTA Arad,0,1
2026-01-31,4649148,RO1,2025,domestic_league,455,6429,FC Rapid 1923,FC Universitatea Cluj,0,2
2026-01-31,4649150,RO1,2025,domestic_league,29700,58049,AFC Unirea 04 Slobozia,FC Hermannstadt,2,3
2026-01-31,4649512,SC1,2025,domestic_league,1519,43,Dundee United FC,Heart of Midlothian FC,0,3
2026-01-31,4649514,SC1,2025,domestic_league,2553,370,Kilmarnock FC,Aberdeen FC,3,0
2026-01-31,4649515,SC1,2025,domestic_league,1241,987,Livingston FC,Motherwell FC,0,2
2026-01-31,4649516,SC1,2025,domestic_league,465,511,St. Mirren FC,Dundee FC,0,0
2026-01-31,4665085,GR1,2025,domestic_league,3060,653,APS Atromitos Athinon,Omilos Filathlon Irakliou FC,1,2
2026-01-31,4665086,GR1,2025,domestic_league,60949,4603,Volou Neos Podosferikos Syllogos,Athlitiki Enosi Larisas,0,2
2026-01-31,4665089,GR1,2025,domestic_league,6418,605,Panetolikos Agrinio,Aris Thessalonikis,0,1
2026-01-31,4727314,AUS1,2025,domestic_league,5551,7831,Newcastle United Jets,Brisbane Roar,4,1
2026-01-31,4727315,AUS1,2025,domestic_league,8054,36100,Sydney FC,Western Sydney Wanderers,4,1
2026-01-31,4727316,AUS1,2025,domestic_league,970,118373,Perth Glory,Auckland FC,2,1
2026-01-31,4798281,ARG1,2025,domestic_league,1234,1029,Club Atlético Independiente de Avellaneda,Club Atlético Vélez Sársfield,1,1
2026-01-31,4798285,ARG1,2025,domestic_league,1775,31284,Club Atlético San Lorenzo de Almagro,Club Atlético Central Córdoba,1,0
2026-01-31,4808223,MEX1,2025,domestic_league,5662,1804,Puebla FC,Deportivo Toluca,0,0
2026-01-31,4808224,MEX1,2025,domestic_league,7633,1403,UNAM Pumas,Santos Laguna,4,0
2026-01-31,4808225,MEX1,2025,domestic_league,49283,3711,FC Juárez,CD Cruz Azul,3,4
2026-01-31,4808226,MEX1,2025,domestic_league,8590,82696,Atlas Guadalajara,Mazatlán FC,1,0
2026-01-31,4808229,MEX1,2025,domestic_league,3631,1146,CF América,Club Necaxa,2,0
2026-01-31,4808231,MEX1,2025,domestic_league,40188,6711,Atlético de San Luis,Deportivo Guadalajara,2,3
2026-02-01,4620925,IT1,2025,domestic_league,1047,800,Como 1907,Atalanta BC,0,0
2026-02-01,4620926,IT1,2025,domestic_league,2239,46,US Cremonese,Inter Milan,0,2
2026-02-01,4620929,IT1,2025,domestic_league,130,506,Parma Calcio 1913,Juventus FC,1,4
2026-02-01,4620931,IT1,2025,domestic_league,416,1005,Torino FC,US Lecce,1,0
2026-02-01,4624677,TS1,2025,domestic_league,697,5545,FC Slovan Liberec,FC Zlin,2,0
2026-02-01,4624678,TS1,2025,domestic_league,13726,941,MFK Karvina,FC Viktoria Plzen,0,2
2026-02-01,4624680,TS1,2025,domestic_league,5544,377,1.FC Slovacko,FC Baník Ostrava a.s.,2,2
2026-02-01,4624682,TS1,2025,domestic_league,1496,62,FK Pardubice,SK Slavia Prague,1,1
2026-02-01,4624785,PL1,2025,domestic_league,255,6110,Legia Warszawa,Korona Kielce,1,2
2026-02-01,4624786,PL1,2025,domestic_league,3527,324,Motor Lublin Spółka Akcyjna,Pogon Szczecin,2,1
2026-02-01,4624789,PL1,2025,domestic_league,2118,9644,Wisla Plock,Raków Częstochowa,2,1
2026-02-01,4625356,KR1,2025,domestic_league,327,144,NK Osijek,HNK Rijeka,1,0
2026-02-01,4626028,GB1,2025,domestic_league,405,1148,Aston Villa,Brentford FC,0,1
2026-02-01,4626033,GB1,2025,domestic_league,985,931,Manchester United,Fulham FC,3,2
2026-02-01,4626034,GB1,2025,domestic_league,703,873,Nottingham Forest,Crystal Palace,1,1
2026-02-01,4626036,GB1,2025,domestic_league,148,281,Tottenham Hotspur,Manchester City,2,2
2026-02-01,4627365,C1,2025,domestic_league,26,938,FC Basel 1893,FC Thun,1,2
2026-02-01,4627367,C1,2025,domestic_league,434,257,FC Luzern,FC St. Gallen 1879,2,2
2026-02-01,4627370,C1,2025,domestic_league,452,260,BSC Young Boys,FC Zürich,3,0
2026-02-01,4634307,L1,2025,domestic_league,16,2036,Borussia Dortmund,1. Fußballclub Heidenheim 1846,3,2
2026-02-01,4634310,L1,2025,domestic_league,79,60,VfB Stuttgart,SC Freiburg,1,0
2026-02-01,4635178,FR1,2025,domestic_league,1041,1082,Olympique Lyon,LOSC Lille,1,0
2026-02-01,4635179,FR1,2025,domestic_league,667,583,RC Strasbourg Alsace,Paris Saint-Germain,1,2
2026-02-01,4635180,FR1,2025,domestic_league,415,290,FC Toulouse,AJ Auxerre,0,0
2026-02-01,4635184,FR1,2025,domestic_league,417,3911,OGC Nice,Stade Brestois 29,2,2
2026-02-01,4635185,FR1,2025,domestic_league,1420,347,Angers SCO,FC Metz,1,0
2026-02-01,4640944,SER1,2025,domestic_league,4633,15276,FK Novi Pazar,FK Spartak Subotica,2,2
2026-02-01,4640946,SER1,2025,domestic_league,6621,159,FK Cukaricki,Red Star Belgrade,1,3
2026-02-01,4640950,SER1,2025,domestic_league,6622,53,FK Mladost Lucani,OFK Beograd,0,0
2026-02-01,4640952,SER1,2025,domestic_league,3137,448,FK TSC Backa Topola,FK Vojvodina Novi Sad,0,2
2026-02-01,4641311,BE1,2025,domestic_league,3948,2282,Union Saint-Gilloise,Club Brugge KV,1,0
2026-02-01,4641312,BE1,2025,domestic_league,3057,58,Standard Liège,RSC Anderlecht,2,0
2026-02-01,4641316,BE1,2025,domestic_league,2727,354,Oud-Heverlee Leuven,KV Mechelen,2,2
2026-02-01,4641318,BE1,2025,domestic_league,9010,1184,FCV Dender EH,KRC Genk,1,2
2026-02-01,4641611,NL1,2025,domestic_league,798,610,Excelsior Rotterdam,Ajax Amsterdam,2,2
2026-02-01,4641612,NL1,2025,domestic_league,724,1435,FC Volendam,Go Ahead Eagles,1,1
2026-02-01,4641613,NL1,2025,domestic_league,1304,385,Heracles Almelo,Fortuna Sittardia Combinatie,2,1
2026-02-01,4641616,NL1,2025,domestic_league,383,234,PSV Eindhoven,Feyenoord Rotterdam,3,0
2026-02-01,4641617,NL1,2025,domestic_league,306,200,SC Heerenveen,FC Utrecht,1,1
2026-02-01,4645802,ES1,2025,domestic_league,3709,940,Getafe CF,Celta de Vigo,0,0
2026-02-01,4645804,ES1,2025,domestic_league,418,367,Real Madrid,Rayo Vallecano,2,1
2026-02-01,4645805,ES1,2025,domestic_league,621,681,Athletic Bilbao,Real Sociedad,1,1
2026-02-01,4645806,ES1,2025,domestic_league,150,1049,Real Betis Balompié,Valencia CF,2,1
2026-02-01,4647944,TR1,2025,domestic_league,820,2832,Gençlerbirliği Spor Kulübü,Gaziantep FK,2,1
2026-02-01,4647947,TR1,2025,domestic_league,141,3205,Galatasaray,Kayserispor,4,0
2026-02-01,4648817,PO1,2025,domestic_league,336,982,Sporting CP,CD Nacional,2,1
2026-02-01,4648819,PO1,2025,domestic_league,2424,3329,Gil Vicente FC,FC Famalicão,5,0
2026-02-01,4648820,PO1,2025,domestic_league,7179,294,CD Tondela,SL Benfica,0,0
2026-02-01,4648991,RO1,2025,domestic_league,37255,301,FK Csikszereda Miercurea Ciuc,FCSB,0,1
2026-02-01,4649154,RO1,2025,domestic_league,29831,40812,FCV Farul Constanta,Universitatea Craiova,4,1
2026-02-01,4649511,SC1,2025,domestic_league,371,1191,Celtic FC,Falkirk FC,2,0
2026-02-01,4649513,SC1,2025,domestic_league,903,124,Hibernian FC,Rangers FC,0,0
2026-02-01,4665084,GR1,2025,domestic_league,2441,683,Athlitiki Enosi Konstantinoupoleos,Olympiakos Syndesmos Filathlon Peiraios,1,1
2026-02-01,4665087,GR1,2025,domestic_league,2672,6676,APO Levadiakos Football Club,A.G.S Asteras Tripolis,3,1
2026-02-01,4665088,GR1,2025,domestic_league,265,30120,Panathinaikos Athlitikos Omilos,Athlitiki Enosi Kifisias,3,0
2026-02-01,4665090,GR1,2025,domestic_league,1091,3385,Panthessalonikios Athlitikos Omilos Konstantinoupoliton,Panserraikos Serres,4,1
2026-02-01,4709460,SA1,2025,domestic_league,27221,9131,Al-Fateh Club,Al-Hazem Sport Club,1,1
2026-02-01,4709462,SA1,2025,domestic_league,8023,32328,Al-Ittihad Football Club,Al-Najma Sport Club,1,0
2026-02-01,4709464,SA1,2025,domestic_league,9840,50531,Al-Shabab Club,Al-Fayha FC,1,0
2026-02-01,4727317,AUS1,2025,domestic_league,6954,7006,Central Coast Mariners,Melbourne Victory,1,0
2026-02-01,4798278,ARG1,2025,domestic_league,25184,19775,Club Atlético Barracas Central,Asociación de Fomento Deportivo Riestra Barrio Colón,1,1
2026-02-01,4798280,ARG1,2025,domestic_league,189,1286,Club Atlético Boca Juniors,Club Atlético Newell’s Old Boys,2,0
2026-02-01,4798282,ARG1,2025,domestic_league,3938,928,Club Atlético Talleres,Club Atlético Platense,1,2
2026-02-01,4798292,ARG1,2025,domestic_league,14554,2063,Club Atlético Tucumán,Club Atlético Huracán,1,1
2026-02-01,4808227,MEX1,2025,domestic_league,4941,7055,Club León FC,Tigres UANL,1,2
2026-02-01,4808228,MEX1,2025,domestic_league,2407,13353,CF Monterrey,Club Tijuana,2,2
2026-02-01,4808230,MEX1,2025,domestic_league,4961,4035,Querétaro FC,CF Pachuca,0,0
2026-02-02,4620932,IT1,2025,domestic_league,410,12,Udinese Calcio,Associazione Sportiva Roma,1,0
2026-02-02,4624782,PL1,2025,domestic_league,15906,5689,Termalica Bruk-Bet Nieciecza Klub Sportowy,Cracovia,0,1
2026-02-02,4625352,KR1,2025,domestic_league,419,456,GNK Dinamo Zagreb,HNK Vukovar 1991,3,1
2026-02-02,4626035,GB1,2025,domestic_league,289,1132,Sunderland AFC,Burnley FC,3,0
2026-02-02,4645807,ES1,2025,domestic_league,237,368,RCD Mallorca,Sevilla FC,4,1
2026-02-02,4647945,TR1,2025,domestic_league,120,36,Kocaelispor,Fenerbahce,0,2
2026-02-02,4648821,PO1,2025,domestic_league,110302,1075,Avs Futebol,SC Braga,0,4
2026-02-02,4648822,PO1,2025,domestic_league,3268,720,Casa Pia AC,FC Porto,2,1
2026-02-02,4649153,RO1,2025,domestic_league,8818,4959,FC Botosani,SC Otelul Galati,0,0
2026-02-02,4709457,SA1,2025,domestic_league,1114,18487,Al-Hilal Saudi Football Club,Al-Ahli Saudi Football Club,0,0
2026-02-02,4709459,SA1,2025,domestic_league,31008,18544,Al-Riyadh Saudi Club,Al-Nassr Football Club,0,1
2026-02-02,4709463,SA1,2025,domestic_league,71665,34911,Al-Okhdood Club,Neom Sports Club,1,1
2026-02-02,4798279,ARG1,2025,domestic_league,2402,288,Club Social y Deportivo Defensa y Justicia,Club Estudiantes de La Plata,0,0
2026-02-02,4798286,ARG1,2025,domestic_league,1106,12301,Club de Gimnasia y Esgrima La Plata,Club Atlético Aldosivi,3,1
2026-02-02,4798287,ARG1,2025,domestic_league,1418,209,Club Atlético Rosario Central,Club Atlético River Plate,0,0
2026-02-02,4798288,ARG1,2025,domestic_league,11831,1444,Club Atlético Tigre,Racing Club Asociación Civil de Avellaneda,3,1
2026-02-03,4620651,PL1,2025,domestic_league,6112,238,Piast Gliwice,Lech Poznan,1,0
2026-02-03,4620923,IT1,2025,domestic_league,1025,5,Bologna Football Club 1909,AC Milan,0,3
2026-02-03,4649060,RO1,2025,domestic_league,6429,41278,FC Universitatea Cluj,ACSC FC Arges,3,1
2026-02-03,4649061,RO1,2025,domestic_league,58049,455,FC Hermannstadt,FC Rapid 1923,0,3
2026-02-03,4649063,RO1,2025,domestic_league,9465,29700,Petrolul Ploiesti,AFC Unirea 04 Slobozia,1,0
2026-02-03,4649498,SC1,2025,domestic_league,465,43,St. Mirren FC,Heart of Midlothian FC,1,0
2026-02-03,4709458,SA1,2025,domestic_league,6070,26069,Al-Khaleej Club (Saihat),Al-Qadsiah Saudi Football Club,0,1
2026-02-03,4709461,SA1,2025,domestic_league,50532,91427,Damac Football Club,Al-Kholood Club,0,0
2026-02-03,4709465,SA1,2025,domestic_league,7732,28844,Al-Ettifaq Football Club,Al-Taawoun Football Club,1,0
2026-02-03,4782526,DFB,2025,domestic_cup,15,35,Bayer 04 Leverkusen,FC St. Pauli,3,0
2026-02-03,4798284,ARG1,2025,domestic_league,7097,14687,Club Atlético Unión,Club Atlético Gimnasia y Esgrima de Mendoza,4,0
2026-02-03,4798289,ARG1,2025,domestic_league,1030,2417,Asociación Atlética Argentinos Juniors,Club Atlético Belgrano,0,0
2026-02-03,4798290,ARG1,2025,domestic_league,830,14602,Club Atlético Banfield,Asociación Atlética Estudiantes,2,1
2026-02-03,4798810,CGB,2025,,11,631,Arsenal FC,Chelsea FC,1,0
2026-02-03,4808016,CDR,2025,domestic_cup,1532,131,Albacete Balompié,FC Barcelona,1,2
2026-02-03,4808350,NLP,2025,domestic_cup,1090,317,AZ Alkmaar,FC Twente Enschede,2,1
2026-02-04,4649059,RO1,2025,domestic_league,952,7769,UTA Arad,CFR Cluj,0,1
2026-02-04,4649062,RO1,2025,domestic_league,37624,37255,FC Metaloglobus Bucharest,FK Csikszereda Miercurea Ciuc,0,1
2026-02-04,4649065,RO1,2025,domestic_league,29831,312,FCV Farul Constanta,FC Dinamo 1948,2,3
2026-02-04,4649495,SC1,2025,domestic_league,903,1519,Hibernian FC,Dundee United FC,3,2
2026-02-04,4649496,SC1,2025,domestic_league,1241,1191,Livingston FC,Falkirk FC,1,2
2026-02-04,4649497,SC1,2025,domestic_league,124,2553,Rangers FC,Kilmarnock FC,5,1
2026-02-04,4665078,GR1,2025,domestic_league,6676,683,A.G.S Asteras Tripolis,Olympiakos Syndesmos Filathlon Peiraios,0,3
2026-02-04,4782525,DFB,2025,domestic_cup,269,79,Holstein Kiel,VfB Stuttgart,0,3
2026-02-04,4785786,CIT,2025,domestic_cup,46,416,Inter Milan,Torino FC,2,1
2026-02-04,4798283,ARG1,2025,domestic_league,1829,333,Instituto Atlético Central Córdoba,Club Atlético Lanús,2,2
2026-02-04,4798291,ARG1,2025,domestic_league,12179,12454,Club Sportivo Independiente Rivadavia,Club Atlético Sarmiento,2,1
2026-02-04,4798811,CGB,2025,,281,762,Manchester City,Newcastle United,3,1
2026-02-04,4804365,GRP,2025,domestic_cup,265,1091,Panathinaikos Athlitikos Omilos,Panthessalonikios Athlitikos Omilos Konstantinoupoliton,0,1
2026-02-04,4804366,GRP,2025,domestic_cup,653,2672,Omilos Filathlon Irakliou FC,APO Levadiakos Football Club,1,1
2026-02-04,4808017,CDR,2025,domestic_cup,1108,681,Deportivo Alavés,Real Sociedad,2,3
2026-02-04,4808018,CDR,2025,domestic_cup,1049,621,Valencia CF,Athletic Bilbao,1,2
2026-02-04,4808351,NLP,2025,domestic_cup,467,724,NEC Nijmegen,FC Volendam,1,0
2026-02-04,4808353,NLP,2025,domestic_cup,383,306,PSV Eindhoven,SC Heerenveen,4,1
2026-02-04,4811027,BRA1,2025,domestic_league,614,6600,Clube de Regatas do Flamengo,Sport Club Internacional,1,1
2026-02-04,4811029,BRA1,2025,domestic_league,221,585,Santos Futebol Clube,São Paulo Futebol Clube,1,1
2026-02-04,4811031,BRA1,2025,domestic_league,8793,330,Red Bull Bragantino,Clube Atlético Mineiro,1,0
2026-02-04,4811036,BRA1,2025,domestic_league,10997,3876,Clube do Remo,Mirasol Futebol Clube,2,2
2026-02-05,4649064,RO1,2025,domestic_league,301,8818,FCSB,FC Botosani,2,1
2026-02-05,4649066,RO1,2025,domestic_league,40812,4959,Universitatea Craiova,SC Otelul Galati,1,0
2026-02-05,4709430,SA1,2025,domestic_league,18487,9131,Al-Ahli Saudi Football Club,Al-Hazem Sport Club,2,0
2026-02-05,4709434,SA1,2025,domestic_league,71665,1114,Al-Okhdood Club,Al-Hilal Saudi Football Club,0,6
2026-02-05,4709435,SA1,2025,domestic_league,50531,32328,Al-Fayha FC,Al-Najma Sport Club,3,0
2026-02-05,4785785,CIT,2025,domestic_cup,800,506,Atalanta BC,Juventus FC,3,0
2026-02-05,4808019,CDR,2025,domestic_cup,150,13,Real Betis Balompié,Atlético de Madrid,0,5
2026-02-05,4808352,NLP,2025,domestic_cup,1434,1435,SC Telstar,Go Ahead Eagles,2,1
2026-02-05,4811028,BRA1,2025,domestic_league,978,17776,Club de Regatas Vasco da Gama,Associação Chapecoense de Futebol,1,1
2026-02-05,4811030,BRA1,2025,domestic_league,1023,2125,Sociedade Esportiva Palmeiras,Esporte Clube Vitória,5,1
2026-02-05,4811033,BRA1,2025,domestic_league,210,537,Grêmio Foot-Ball Porto Alegrense,S. A. F. Botafogo,5,3
2026-02-05,4811035,BRA1,2025,domestic_league,10010,2462,Esporte Clube Bahia,Fluminense Football Club,1,1
2026-02-06,4620948,IT1,2025,domestic_league,276,4172,Hellas Verona,Pisa Sporting Club,0,0
2026-02-06,4624795,PL1,2025,domestic_league,6110,168,Korona Kielce,Zaglebie Lubin,1,2
2026-02-06,4624796,PL1,2025,domestic_league,4000,5689,Lechia Gdansk,Cracovia,1,1
2026-02-06,4625360,KR1,2025,domestic_league,11194,24575,NK Lokomotiva Zagreb,HNK Gorica,3,0
2026-02-06,4626043,GB1,2025,domestic_league,399,703,Leeds United,Nottingham Forest,3,1
2026-02-06,4634329,L1,2025,domestic_league,89,24,1.FC Union Berlin,Eintracht Frankfurt,1,1
2026-02-06,4635194,FR1,2025,domestic_league,347,1082,FC Metz,LOSC Lille,0,0
2026-02-06,4641365,BE1,2025,domestic_league,968,475,KVC Westerlo,Sint-Truidense VV,0,4
2026-02-06,4641554,NL1,2025,domestic_league,132,798,NAC Breda,Excelsior Rotterdam,0,2
2026-02-06,4642976,A1,2025,domestic_league,409,14,Fußballclub Red Bull Salzburg,Austria Vienna,0,2
2026-02-06,4645810,ES1,2025,domestic_league,940,331,Celta de Vigo,CA Osasuna,1,2
2026-02-06,4649077,RO1,2025,domestic_league,41278,58049,ACSC FC Arges,FC Hermannstadt,3,1
2026-02-06,4649078,RO1,2025,domestic_league,455,9465,FC Rapid 1923,Petrolul Ploiesti,1,1
2026-02-06,4709433,SA1,2025,domestic_league,18544,8023,Al-Nassr Football Club,Al-Ittihad Football Club,2,0
2026-02-06,4709436,SA1,2025,domestic_league,34911,31008,Neom Sports Club,Al-Riyadh Saudi Club,1,0
2026-02-06,4709438,SA1,2025,domestic_league,7732,50532,Al-Ettifaq Football Club,Damac Football Club,2,0
2026-02-06,4727336,AUS1,2025,domestic_league,8445,7006,Wellington Phoenix,Melbourne Victory,2,3
2026-02-06,4727337,AUS1,2025,domestic_league,71085,970,Macarthur FC,Perth Glory,2,2
2026-02-06,4808136,SFA,2025,domestic_cup,2802,465,Airdrieonians FC,St. Mirren FC,1,2
2026-02-06,4811032,BRA1,2025,domestic_league,609,776,Cruzeiro Esporte Clube,Coritiba Foot Ball Club,1,2
2026-02-07,4620941,IT1,2025,domestic_league,430,416,ACF Fiorentina,Torino FC,2,2
2026-02-07,4620942,IT1,2025,domestic_league,252,6195,Genoa CFC,SSC Napoli,2,3
2026-02-07,4624685,TS1,2025,domestic_league,377,2311,FC Baník Ostrava a.s.,"SK Sigma Olomouc, a.s.",2,0
2026-02-07,4624688,TS1,2025,domestic_league,1322,5544,FK Jablonec,1.FC Slovacko,0,0
2026-02-07,4624689,TS1,2025,domestic_league,814,13726,FK Teplice,MFK Karvina,2,0
2026-02-07,4624691,TS1,2025,domestic_league,62,5546,SK Slavia Prague,FK Mlada Boleslav,4,0
2026-02-07,4624791,PL1,2025,domestic_league,6107,255,Morski Związkowy Klub Sportowy Arka Gdynia Spółka Akcyjna,Legia Warszawa,2,2
2026-02-07,4624793,PL1,2025,domestic_league,428,238,Górnik Zabrze,Lech Poznan,0,1
2026-02-07,4624794,PL1,2025,domestic_league,2300,3527,Jagiellonia Bialystok,Motor Lublin Spółka Akcyjna,4,1
2026-02-07,4625359,KR1,2025,domestic_league,447,2362,HNK Hajduk Split,Slaven Belupo Koprivnica,2,0
2026-02-07,4625361,KR1,2025,domestic_league,456,999,HNK Vukovar 1991,NK Istra 1961,3,2
2026-02-07,4626038,GB1,2025,domestic_league,11,289,Arsenal FC,Sunderland AFC,3,0
2026-02-07,4626039,GB1,2025,domestic_league,989,405,AFC Bournemouth,Aston Villa,1,1
2026-02-07,4626041,GB1,2025,domestic_league,1132,379,Burnley FC,West Ham United,0,2
2026-02-07,4626042,GB1,2025,domestic_league,931,29,Fulham FC,Everton FC,1,2
2026-02-07,4626045,GB1,2025,domestic_league,985,148,Manchester United,Tottenham Hotspur,2,0
2026-02-07,4626046,GB1,2025,domestic_league,762,1148,Newcastle United,Brentford FC,2,3
2026-02-07,4626047,GB1,2025,domestic_league,543,631,Wolverhampton Wanderers,Chelsea FC,1,3
2026-02-07,4634325,L1,2025,domestic_league,60,86,SC Freiburg,SV Werder Bremen,1,0
2026-02-07,4634326,L1,2025,domestic_league,39,167,1.FSV Mainz 05,FC Augsburg,2,0
2026-02-07,4634327,L1,2025,domestic_league,18,15,Borussia Mönchengladbach,Bayer 04 Leverkusen,1,1
2026-02-07,4634328,L1,2025,domestic_league,82,16,VfL Wolfsburg,Borussia Dortmund,1,2
2026-02-07,4634330,L1,2025,domestic_league,35,79,FC St. Pauli,VfB Stuttgart,2,1
2026-02-07,4634331,L1,2025,domestic_league,2036,41,1. Fußballclub Heidenheim 1846,Hamburger SV,0,2
2026-02-07,4635188,FR1,2025,domestic_league,3911,1158,Stade Brestois 29,FC Lorient,2,0
2026-02-07,4635191,FR1,2025,domestic_league,995,1041,FC Nantes,Olympique Lyon,0,1
2026-02-07,4635192,FR1,2025,domestic_league,826,273,RC Lens,Stade Rennais FC,3,1
2026-02-07,4640885,SER1,2025,domestic_league,8819,3137,FK Javor-Matis Ivanjica,FK TSC Backa Topola,0,0
2026-02-07,4640888,SER1,2025,domestic_league,159,4633,Red Star Belgrade,FK Novi Pazar,5,0
2026-02-07,4640890,SER1,2025,domestic_league,33328,669,FK Radnik Surdulica,FK Partizan Belgrade,2,3
2026-02-07,4641362,BE1,2025,domestic_league,157,2727,KAA Gent,Oud-Heverlee Leuven,1,3
2026-02-07,4641363,BE1,2025,domestic_league,3508,9010,Zulte Waregem,FCV Dender EH,1,0
2026-02-07,4641366,BE1,2025,domestic_league,172,520,Royal Charleroi Sporting Club,Cercle Brugge,3,4
2026-02-07,4641549,NL1,2025,domestic_league,317,306,FC Twente Enschede,SC Heerenveen,5,0
2026-02-07,4641551,NL1,2025,domestic_league,385,468,Fortuna Sittardia Combinatie,Sparta Rotterdam,2,2
2026-02-07,4641553,NL1,2025,domestic_league,467,1304,NEC Nijmegen,Heracles Almelo,4,1
2026-02-07,4641555,NL1,2025,domestic_league,1269,724,PEC Zwolle,FC Volendam,1,2
2026-02-07,4642978,A1,2025,domestic_league,413,2446,LASK,WSG Tirol,1,0
2026-02-07,4642979,A1,2025,domestic_league,170,4467,Rapid Vienna,TSV Hartberg,1,1
2026-02-07,4645811,ES1,2025,domestic_league,681,1531,Real Sociedad,Elche CF,3,1
2026-02-07,4645819,ES1,2025,domestic_league,131,237,FC Barcelona,RCD Mallorca,3,0
2026-02-07,4647949,TR1,2025,domestic_league,6646,589,Fatih Karagümrük,Antalyaspor,1,0
2026-02-07,4647950,TR1,2025,domestic_league,152,449,Samsunspor,Trabzonspor,0,3
2026-02-07,4648802,PO1,2025,domestic_league,979,2424,Moreirense FC,Gil Vicente FC,1,2
2026-02-07,4648803,PO1,2025,domestic_league,2431,2423,CF Estrela Amadora,CD Santa Clara,1,0
2026-02-07,4648804,PO1,2025,domestic_league,1465,7179,GD Estoril Praia,CD Tondela,2,2
2026-02-07,4648805,PO1,2025,domestic_league,8024,2420,FC Arouca,Vitória Guimarães SC,3,2
2026-02-07,4649075,RO1,2025,domestic_league,37255,952,FK Csikszereda Miercurea Ciuc,UTA Arad,2,0
2026-02-07,4649076,RO1,2025,domestic_league,7769,6429,CFR Cluj,FC Universitatea Cluj,3,2
2026-02-07,4649080,RO1,2025,domestic_league,29700,29831,AFC Unirea 04 Slobozia,FCV Farul Constanta,2,1
2026-02-07,4665119,GR1,2025,domestic_league,6676,60949,A.G.S Asteras Tripolis,Volou Neos Podosferikos Syllogos,2,0
2026-02-07,4665120,GR1,2025,domestic_league,4603,6418,Athlitiki Enosi Larisas,Panetolikos Agrinio,1,4
2026-02-07,4665122,GR1,2025,domestic_league,30120,3060,Athlitiki Enosi Kifisias,APS Atromitos Athinon,0,1
2026-02-07,4709431,SA1,2025,domestic_league,26069,27221,Al-Qadsiah Saudi Football Club,Al-Fateh Club,1,1
2026-02-07,4709432,SA1,2025,domestic_league,91427,9840,Al-Kholood Club,Al-Shabab Club,1,0
2026-02-07,4709437,SA1,2025,domestic_league,28844,6070,Al-Taawoun Football Club,Al-Khaleej Club (Saihat),1,1
2026-02-07,4727338,AUS1,2025,domestic_league,118373,8054,Auckland FC,Sydney FC,1,0
2026-02-07,4727339,AUS1,2025,domestic_league,7831,6954,Brisbane Roar,Central Coast Mariners,1,2
2026-02-07,4727340,AUS1,2025,domestic_league,36100,25580,Western Sydney Wanderers,Melbourne City FC,1,1
2026-02-07,4787632,C1,2025,domestic_league,321,434,FC Sion,FC Luzern,0,0
2026-02-07,4787633,C1,2025,domestic_league,242,2790,FC Winterthur,FC Lugano,1,1
2026-02-07,4787634,C1,2025,domestic_league,504,452,Grasshopper Club Zurich,BSC Young Boys,1,1
2026-02-07,4798294,ARG1,2025,domestic_league,31284,7097,Club Atlético Central Córdoba,Club Atlético Unión,1,0
2026-02-07,4798304,ARG1,2025,domestic_league,1444,1030,Racing Club Asociación Civil de Avellaneda,Asociación Atlética Argentinos Juniors,2,1
2026-02-07,4798305,ARG1,2025,domestic_league,209,11831,Club Atlético River Plate,Club Atlético Tigre,1,4
2026-02-07,4798306,ARG1,2025,domestic_league,12301,1418,Club Atlético Aldosivi,Club Atlético Rosario Central,1,1
2026-02-07,4808137,SFA,2025,domestic_cup,371,511,Celtic FC,Dundee FC,2,1
2026-02-07,4808139,SFA,2025,domestic_cup,1270,3804,Dunfermline Athletic FC,Kelty Hearts FC,2,0
2026-02-07,4808140,SFA,2025,domestic_cup,3028,2760,Elgin City FC,Partick Thistle FC,2,3
2026-02-07,4808232,MEX1,2025,domestic_league,7055,1403,Tigres UANL,Santos Laguna,5,1
2026-02-07,4808233,MEX1,2025,domestic_league,1146,40188,Club Necaxa,Atlético de San Luis,4,1
2026-02-07,4808234,MEX1,2025,domestic_league,13353,5662,Club Tijuana,Puebla FC,0,0
2026-02-07,4808235,MEX1,2025,domestic_league,82696,6711,Mazatlán FC,Deportivo Guadalajara,1,2
2026-02-07,4808236,MEX1,2025,domestic_league,4961,4941,Querétaro FC,Club León FC,2,0
2026-02-07,4808237,MEX1,2025,domestic_league,1804,3711,Deportivo Toluca,CD Cruz Azul,1,1
2026-02-08,4620940,IT1,2025,domestic_league,1025,130,Bologna Football Club 1909,Parma Calcio 1913,0,1
2026-02-08,4620943,IT1,2025,domestic_league,506,398,Juventus FC,Società Sportiva Lazio S.p.A.,2,2
2026-02-08,4620944,IT1,2025,domestic_league,1005,410,US Lecce,Udinese Calcio,2,1
2026-02-08,4620947,IT1,2025,domestic_league,6574,46,US Sassuolo,Inter Milan,0,5
2026-02-08,4624684,TS1,2025,domestic_league,1897,450,FC Hradec Kralove,FK Dukla Prague,3,0
2026-02-08,4624686,TS1,2025,domestic_league,941,697,FC Viktoria Plzen,FC Slovan Liberec,3,1
2026-02-08,4624687,TS1,2025,domestic_league,5545,197,FC Zlin,AC Sparta Prague,0,3
2026-02-08,4624690,TS1,2025,domestic_league,715,1496,"Bohemians Praha 1905, a.s.",FK Pardubice,1,2
2026-02-08,4624792,PL1,2025,domestic_league,6456,88,GKS GieKSa Katowice Spółka Akcyjna,Widzew Lodz,1,0
2026-02-08,4624798,PL1,2025,domestic_league,324,15906,Pogon Szczecin,Termalica Bruk-Bet Nieciecza Klub Sportowy,1,1
2026-02-08,4624799,PL1,2025,domestic_league,9644,7154,Raków Częstochowa,Radomiak Radom,0,0
2026-02-08,4625357,KR1,2025,domestic_league,144,419,HNK Rijeka,GNK Dinamo Zagreb,0,0
2026-02-08,4625358,KR1,2025,domestic_league,599,327,NK Varazdin,NK Osijek,2,1
2026-02-08,4626040,GB1,2025,domestic_league,1237,873,Brighton & Hove Albion,Crystal Palace,0,1
2026-02-08,4626044,GB1,2025,domestic_league,31,281,Liverpool FC,Manchester City,1,2
2026-02-08,4634324,L1,2025,domestic_league,27,533,Bayern Munich,TSG 1899 Hoffenheim,5,1
2026-02-08,4634332,L1,2025,domestic_league,3,23826,1.FC Köln,RB Leipzig,1,2
2026-02-08,4635186,FR1,2025,domestic_league,583,244,Paris Saint-Germain,Olympique Marseille,5,0
2026-02-08,4635187,FR1,2025,domestic_league,417,162,OGC Nice,AS Monaco,0,0
2026-02-08,4635189,FR1,2025,domestic_league,738,667,Le Havre AC,RC Strasbourg Alsace,2,1
2026-02-08,4635190,FR1,2025,domestic_league,290,10004,AJ Auxerre,Paris FC,0,0
2026-02-08,4635193,FR1,2025,domestic_league,1420,415,Angers SCO,FC Toulouse,1,0
2026-02-08,4640886,SER1,2025,domestic_league,448,6622,FK Vojvodina Novi Sad,FK Mladost Lucani,5,0
2026-02-08,4640889,SER1,2025,domestic_league,15276,59358,FK Spartak Subotica,FK Zeleznicar Pancevo,0,3
2026-02-08,4640891,SER1,2025,domestic_league,7567,4645,FK Radnicki Nis,FK Radnicki 1923 Kragujevac,2,1
2026-02-08,4640892,SER1,2025,domestic_league,32113,788,FK IMT Belgrad,FK Napredak Krusevac,2,0
2026-02-08,4641359,BE1,2025,domestic_league,2282,3057,Club Brugge KV,Standard Liège,3,0
2026-02-08,4641360,BE1,2025,domestic_league,3948,3901,Union Saint-Gilloise,RAAL La Louvière,2,1
2026-02-08,4641361,BE1,2025,domestic_league,1184,58,KRC Genk,RSC Anderlecht,2,0
2026-02-08,4641364,BE1,2025,domestic_league,354,1096,KV Mechelen,Royal Antwerp FC,2,0
2026-02-08,4641547,NL1,2025,domestic_league,1090,610,AZ Alkmaar,Ajax Amsterdam,1,1
2026-02-08,4641548,NL1,2025,domestic_league,202,383,FC Groningen,PSV Eindhoven,1,2
2026-02-08,4641550,NL1,2025,domestic_league,200,234,FC Utrecht,Feyenoord Rotterdam,0,1
2026-02-08,4641552,NL1,2025,domestic_league,1435,1434,Go Ahead Eagles,SC Telstar,1,1
2026-02-08,4642977,A1,2025,domestic_league,122,266,Sportklub Puntigamer Sturm Graz,SV Ried,1,0
2026-02-08,4642980,A1,2025,domestic_league,4441,316,Wolfsberger AC,Grazer AK 1902,2,2
2026-02-08,4642981,A1,2025,domestic_league,3551,2157,Sportclub Rheindorf Altach,FC Blau-Weiss Linz,1,0
2026-02-08,4645813,ES1,2025,domestic_league,368,12321,Sevilla FC,Girona FC,1,1
2026-02-08,4645814,ES1,2025,domestic_league,1049,418,Valencia CF,Real Madrid,0,2
2026-02-08,4645816,ES1,2025,domestic_league,1108,3709,Deportivo Alavés,Getafe CF,0,2
2026-02-08,4645817,ES1,2025,domestic_league,621,3368,Athletic Bilbao,Levante UD,4,2
2026-02-08,4645818,ES1,2025,domestic_league,13,150,Atlético de Madrid,Real Betis Balompié,0,1
2026-02-08,4647951,TR1,2025,domestic_league,114,11282,Beşiktaş Jimnastik Kulübü,Alanyaspor,2,2
2026-02-08,4647952,TR1,2025,domestic_league,7160,6890,Eyüpspor,Basaksehir FK,1,2
2026-02-08,4647953,TR1,2025,domestic_league,2293,1467,Konyaspor,Göztepe,0,0
2026-02-08,4647954,TR1,2025,domestic_league,126,141,Caykur Rizespor,Galatasaray,0,3
2026-02-08,4648386,DK1,2025,domestic_league,206,5724,Bröndby IF,Randers FC,0,0
2026-02-08,4648387,DK1,2025,domestic_league,2778,5817,FC Nordsjaelland,Sönderjyske Fodbold,2,1
2026-02-08,4648388,DK1,2025,domestic_league,1177,1063,Silkeborg IF,Viborg FF,0,1
2026-02-08,4648389,DK1,2025,domestic_league,865,190,FC Midtjylland,FC Copenhagen,2,1
2026-02-08,4648800,PO1,2025,domestic_league,982,3268,CD Nacional,Casa Pia AC,0,0
2026-02-08,4648801,PO1,2025,domestic_league,294,2521,SL Benfica,FC Alverca,2,1
2026-02-08,4648807,PO1,2025,domestic_league,1075,2425,SC Braga,Rio Ave FC,3,0
2026-02-08,4649079,RO1,2025,domestic_league,8818,37624,FC Botosani,FC Metaloglobus Bucharest,3,0
2026-02-08,4649081,RO1,2025,domestic_league,4959,301,SC Otelul Galati,FCSB,1,4
2026-02-08,4665121,GR1,2025,domestic_league,605,1091,Aris Thessalonikis,Panthessalonikios Athlitikos Omilos Konstantinoupoliton,0,0
2026-02-08,4665123,GR1,2025,domestic_league,683,265,Olympiakos Syndesmos Filathlon Peiraios,Panathinaikos Athlitikos Omilos,0,1
2026-02-08,4665124,GR1,2025,domestic_league,653,2672,Omilos Filathlon Irakliou FC,APO Levadiakos Football Club,3,2
2026-02-08,4665125,GR1,2025,domestic_league,3385,2441,Panserraikos Serres,Athlitiki Enosi Konstantinoupoleos,0,4
2026-02-08,4727341,AUS1,2025,domestic_league,875,5551,Adelaide United,Newcastle United Jets,2,3
2026-02-08,4787635,C1,2025,domestic_league,61,938,Servette FC,FC Thun,1,3
2026-02-08,4787636,C1,2025,domestic_league,26,260,FC Basel 1893,FC Zürich,2,1
2026-02-08,4787637,C1,2025,domestic_league,527,257,Football Club Lausanne-Sport,FC St. Gallen 1879,1,1
2026-02-08,4798293,ARG1,2025,domestic_league,2063,1775,Club Atlético Huracán,Club Atlético San Lorenzo de Almagro,1,0
2026-02-08,4798297,ARG1,2025,domestic_league,928,1234,Club Atlético Platense,Club Atlético Independiente de Avellaneda,0,1
2026-02-08,4798299,ARG1,2025,domestic_league,1286,2402,Club Atlético Newell’s Old Boys,Club Social y Deportivo Defensa y Justicia,2,3
2026-02-08,4798301,ARG1,2025,domestic_league,12454,14554,Club Atlético Sarmiento,Club Atlético Tucumán,2,1
2026-02-08,4798303,ARG1,2025,domestic_league,2417,830,Club Atlético Belgrano,Club Atlético Banfield,1,0
2026-02-08,4808141,SFA,2025,domestic_cup,3012,1191,Stenhousemuir FC,Falkirk FC,0,2
2026-02-08,4808142,SFA,2025,domestic_cup,124,3031,Rangers FC,Queen's Park FC,8,0
2026-02-08,4808238,MEX1,2025,domestic_league,8590,7633,Atlas Guadalajara,UNAM Pumas,2,2
2026-02-08,4808239,MEX1,2025,domestic_league,4035,49283,CF Pachuca,FC Juárez,2,0
2026-02-08,4808240,MEX1,2025,domestic_league,3631,2407,CF América,CF Monterrey,1,0
2026-02-09,4620939,IT1,2025,domestic_league,800,2239,Atalanta BC,US Cremonese,2,1
2026-02-09,4620946,IT1,2025,domestic_league,12,1390,Associazione Sportiva Roma,Cagliari Calcio,2,0
2026-02-09,4624797,PL1,2025,domestic_league,6112,2118,Piast Gliwice,Wisla Plock,1,0
2026-02-09,4640887,SER1,2025,domestic_league,53,6621,OFK Beograd,FK Cukaricki,2,0
2026-02-09,4645812,ES1,2025,domestic_league,1050,714,Villarreal CF,RCD Espanyol Barcelona,4,1
2026-02-09,4647948,TR1,2025,domestic_league,2832,10484,Gaziantep FK,Kasimpasa,2,1
2026-02-09,4647955,TR1,2025,domestic_league,36,820,Fenerbahce,Gençlerbirliği Spor Kulübü,3,1
2026-02-09,4647956,TR1,2025,domestic_league,3205,120,Kayserispor,Kocaelispor,1,2
2026-02-09,4648385,DK1,2025,domestic_league,678,173,Aarhus GF,Odense Boldklub,2,1
2026-02-09,4648390,DK1,2025,domestic_league,443,5776,Vejle Boldklub,FC Fredericia,2,3
2026-02-09,4648799,PO1,2025,domestic_league,3329,110302,FC Famalicão,Avs Futebol,3,1
2026-02-09,4648806,PO1,2025,domestic_league,720,336,FC Porto,Sporting CP,1,1
2026-02-09,4649082,RO1,2025,domestic_league,312,40812,FC Dinamo 1948,Universitatea Craiova,1,1
2026-02-09,4798295,ARG1,2025,domestic_league,14687,1829,Club Atlético Gimnasia y Esgrima de Mendoza,Instituto Atlético Central Córdoba,1,0
2026-02-09,4798296,ARG1,2025,domestic_league,333,3938,Club Atlético Lanús,Club Atlético Talleres,1,1
2026-02-09,4798298,ARG1,2025,domestic_league,1029,189,Club Atlético Vélez Sársfield,Club Atlético Boca Juniors,2,1
2026-02-09,4798300,ARG1,2025,domestic_league,288,19775,Club Estudiantes de La Plata,Asociación de Fomento Deportivo Riestra Barrio Colón,1,0
2026-02-09,4798307,ARG1,2025,domestic_league,25184,1106,Club Atlético Barracas Central,Club de Gimnasia y Esgrima La Plata,2,0
2026-02-10,4626050,GB1,2025,domestic_league,631,399,Chelsea FC,Leeds United,2,2
2026-02-10,4626052,GB1,2025,domestic_league,29,989,Everton FC,AFC Bournemouth,1,2
2026-02-10,4626056,GB1,2025,domestic_league,148,762,Tottenham Hotspur,Newcastle United,1,2
2026-02-10,4626057,GB1,2025,domestic_league,379,985,West Ham United,Manchester United,1,1
2026-02-10,4649502,SC1,2025,domestic_league,43,903,Heart of Midlothian FC,Hibernian FC,1,0
2026-02-10,4782523,DFB,2025,domestic_cup,44,60,Hertha BSC,SC Freiburg,5,6
2026-02-10,4785787,CIT,2025,domestic_cup,6195,1047,SSC Napoli,Como 1907,7,8
2026-02-10,4787656,C1,2025,domestic_league,434,504,FC Luzern,Grasshopper Club Zurich,4,3
2026-02-10,4798302,ARG1,2025,domestic_league,14602,12179,Asociación Atlética Estudiantes,Club Sportivo Independiente Rivadavia,0,1
2026-02-11,4626048,GB1,2025,domestic_league,405,1237,Aston Villa,Brighton & Hove Albion,1,0
2026-02-11,4626051,GB1,2025,domestic_league,873,1132,Crystal Palace,Burnley FC,2,3
2026-02-11,4626053,GB1,2025,domestic_league,281,931,Manchester City,Fulham FC,3,0
2026-02-11,4626054,GB1,2025,domestic_league,703,543,Nottingham Forest,Wolverhampton Wanderers,0,0
2026-02-11,4626055,GB1,2025,domestic_league,289,31,Sunderland AFC,Liverpool FC,0,1
2026-02-11,4641533,NL1,2025,domestic_league,467,200,NEC Nijmegen,FC Utrecht,1,3
2026-02-11,4641606,NL1,2025,domestic_league,1435,306,Go Ahead Eagles,SC Heerenveen,1,3
2026-02-11,4649499,SC1,2025,domestic_league,371,1241,Celtic FC,Livingston FC,2,1
2026-02-11,4649501,SC1,2025,domestic_league,1191,511,Falkirk FC,Dundee FC,1,0
2026-02-11,4649503,SC1,2025,domestic_league,2553,465,Kilmarnock FC,St. Mirren FC,4,3
2026-02-11,4649504,SC1,2025,domestic_league,987,124,Motherwell FC,Rangers FC,1,1
2026-02-11,4782524,DFB,2025,domestic_cup,27,23826,Bayern Munich,RB Leipzig,2,0
2026-02-11,4785269,DKP,2025,domestic_cup,190,1063,FC Copenhagen,Viborg FF,2,1
2026-02-11,4785784,CIT,2025,domestic_cup,1025,398,Bologna Football Club 1909,Società Sportiva Lazio S.p.A.,2,5
2026-02-11,4787657,C1,2025,domestic_league,2790,61,FC Lugano,Servette FC,1,1
2026-02-11,4787658,C1,2025,domestic_league,257,452,FC St. Gallen 1879,BSC Young Boys,2,1
2026-02-11,4787659,C1,2025,domestic_league,260,242,FC Zürich,FC Winterthur,3,0
2026-02-11,4804367,GRP,2025,domestic_cup,1091,265,Panthessalonikios Athlitikos Omilos Konstantinoupoliton,Panathinaikos Athlitikos Omilos,2,0
2026-02-11,4804368,GRP,2025,domestic_cup,2672,653,APO Levadiakos Football Club,Omilos Filathlon Irakliou FC,0,1
2026-02-11,4811021,BRA1,2025,domestic_league,3876,609,Mirasol Futebol Clube,Cruzeiro Esporte Clube,2,2
2026-02-11,4811022,BRA1,2025,domestic_league,330,10997,Clube Atlético Mineiro,Clube do Remo,3,3
2026-02-11,4811025,BRA1,2025,domestic_league,2125,614,Esporte Clube Vitória,Clube de Regatas do Flamengo,1,2
2026-02-11,4811026,BRA1,2025,domestic_league,17776,776,Associação Chapecoense de Futebol,Coritiba Foot Ball Club,3,3
2026-02-11,4819275,CDR,2025,domestic_cup,621,681,Athletic Bilbao,Real Sociedad,0,1
2026-02-12,4626049,GB1,2025,domestic_league,1148,11,Brentford FC,Arsenal FC,1,1
2026-02-12,4709467,SA1,2025,domestic_league,9131,71665,Al-Hazem Sport Club,Al-Okhdood Club,2,1
2026-02-12,4709468,SA1,2025,domestic_league,50532,28844,Damac Football Club,Al-Taawoun Football Club,2,1
2026-02-12,4709474,SA1,2025,domestic_league,26069,34911,Al-Qadsiah Saudi Football Club,Neom Sports Club,1,0
2026-02-12,4785270,DKP,2025,domestic_cup,678,865,Aarhus GF,FC Midtjylland,0,1
2026-02-12,4787660,C1,2025,domestic_league,321,26,FC Sion,FC Basel 1893,2,0
2026-02-12,4787661,C1,2025,domestic_league,938,527,FC Thun,Football Club Lausanne-Sport,5,1
2026-02-12,4798317,ARG1,2025,domestic_league,11831,12301,Club Atlético Tigre,Club Atlético Aldosivi,1,0
2026-02-12,4811017,BRA1,2025,domestic_league,2462,537,Fluminense Football Club,S. A. F. Botafogo,1,0
2026-02-12,4811018,BRA1,2025,domestic_league,978,10010,Club de Regatas Vasco da Gama,Esporte Clube Bahia,0,1
2026-02-12,4811019,BRA1,2025,domestic_league,585,210,São Paulo Futebol Clube,Grêmio Foot-Ball Porto Alegrense,2,0
2026-02-12,4811020,BRA1,2025,domestic_league,199,8793,Sport Club Corinthians Paulista,Red Bull Bragantino,2,0
2026-02-12,4811024,BRA1,2025,domestic_league,679,221,Clube Atlético Paranaense,Santos Futebol Clube,2,1
2026-02-12,4819274,CDR,2025,domestic_cup,13,131,Atlético de Madrid,FC Barcelona,4,0
2026-02-13,4620962,IT1,2025,domestic_league,4172,5,Pisa Sporting Club,AC Milan,1,2
2026-02-13,4624802,PL1,2025,domestic_league,6456,255,GKS GieKSa Katowice Spółka Akcyjna,Legia Warszawa,1,1
2026-02-13,4624806,PL1,2025,domestic_league,7154,6110,Radomiak Radom,Korona Kielce,0,2
2026-02-13,4625364,KR1,2025,domestic_league,2362,11194,Slaven Belupo Koprivnica,NK Lokomotiva Zagreb,2,0
2026-02-13,4634344,L1,2025,domestic_league,16,39,Borussia Dortmund,1.FSV Mainz 05,4,0
2026-02-13,4635201,FR1,2025,domestic_league,162,995,AS Monaco,FC Nantes,3,1
2026-02-13,4635203,FR1,2025,domestic_league,273,583,Stade Rennais FC,Paris Saint-Germain,3,1
2026-02-13,4641372,BE1,2025,domestic_league,354,1184,KV Mechelen,KRC Genk,2,3
2026-02-13,4641559,NL1,2025,domestic_league,724,383,FC Volendam,PSV Eindhoven,2,1
2026-02-13,4645885,ES1,2025,domestic_league,1531,331,Elche CF,CA Osasuna,0,0
2026-02-13,4647957,TR1,2025,domestic_league,141,7160,Galatasaray,Eyüpspor,5,1
2026-02-13,4647960,TR1,2025,domestic_league,589,152,Antalyaspor,Samsunspor,3,1
2026-02-13,4648356,DK1,2025,domestic_league,5724,443,Randers FC,Vejle Boldklub,2,0
2026-02-13,4648791,PO1,2025,domestic_league,7179,2521,CD Tondela,FC Alverca,1,1
2026-02-13,4648796,PO1,2025,domestic_league,2423,294,CD Santa Clara,SL Benfica,1,2
2026-02-13,4649054,RO1,2025,domestic_league,9465,41278,Petrolul Ploiesti,ACSC FC Arges,2,1
2026-02-13,4709469,SA1,2025,domestic_league,8023,50531,Al-Ittihad Football Club,Al-Fayha FC,2,1
2026-02-13,4709470,SA1,2025,domestic_league,9840,18487,Al-Shabab Club,Al-Ahli Saudi Football Club,2,5
2026-02-13,4709471,SA1,2025,domestic_league,1114,7732,Al-Hilal Saudi Football Club,Al-Ettifaq Football Club,2,0
2026-02-13,4727356,AUS1,2025,domestic_league,36100,8445,Western Sydney Wanderers,Wellington Phoenix,2,2
2026-02-13,4727357,AUS1,2025,domestic_league,970,5551,Perth Glory,Newcastle United Jets,1,3
2026-02-13,4798312,ARG1,2025,domestic_league,1234,333,Club Atlético Independiente de Avellaneda,Club Atlético Lanús,2,0
2026-02-13,4798318,ARG1,2025,domestic_league,1030,209,Asociación Atlética Argentinos Juniors,Club Atlético River Plate,1,0
2026-02-13,4808360,FAC,2025,domestic_cup,3008,631,Hull City,Chelsea FC,0,4
2026-02-13,4808361,FAC,2025,domestic_cup,1112,677,Wrexham AFC,Ipswich Town,1,0
2026-02-13,4811023,BRA1,2025,domestic_league,6600,1023,Sport Club Internacional,Sociedade Esportiva Palmeiras,1,3
2026-02-14,4620956,IT1,2025,domestic_league,1047,430,Como 1907,ACF Fiorentina,1,2
2026-02-14,4620958,IT1,2025,domestic_league,46,506,Inter Milan,Juventus FC,3,2
2026-02-14,4620959,IT1,2025,domestic_league,398,800,Società Sportiva Lazio S.p.A.,Atalanta BC,0,2
2026-02-14,4624692,TS1,2025,domestic_league,450,5545,FK Dukla Prague,FC Zlin,0,0
2026-02-14,4624693,TS1,2025,domestic_league,2311,941,"SK Sigma Olomouc, a.s.",FC Viktoria Plzen,1,2
2026-02-14,4624696,TS1,2025,domestic_league,5544,715,1.FC Slovacko,"Bohemians Praha 1905, a.s.",1,2
2026-02-14,4624697,TS1,2025,domestic_league,13726,62,MFK Karvina,SK Slavia Prague,1,3
2026-02-14,4624801,PL1,2025,domestic_league,5689,2300,Cracovia,Jagiellonia Bialystok,0,0
2026-02-14,4624807,PL1,2025,domestic_league,2118,88,Wisla Plock,Widzew Lodz,0,2
2026-02-14,4624808,PL1,2025,domestic_league,168,9644,Zaglebie Lubin,Raków Częstochowa,0,0
2026-02-14,4625362,KR1,2025,domestic_league,419,999,GNK Dinamo Zagreb,NK Istra 1961,4,0
2026-02-14,4625366,KR1,2025,domestic_league,144,599,HNK Rijeka,NK Varazdin,3,1
2026-02-14,4634342,L1,2025,domestic_league,15,35,Bayer 04 Leverkusen,FC St. Pauli,4,0
2026-02-14,4634343,L1,2025,domestic_league,24,18,Eintracht Frankfurt,Borussia Mönchengladbach,3,0
2026-02-14,4634346,L1,2025,domestic_league,86,27,SV Werder Bremen,Bayern Munich,0,3
2026-02-14,4634347,L1,2025,domestic_league,79,3,VfB Stuttgart,1.FC Köln,3,1
2026-02-14,4634349,L1,2025,domestic_league,533,60,TSG 1899 Hoffenheim,SC Freiburg,3,0
2026-02-14,4634350,L1,2025,domestic_league,41,89,Hamburger SV,1.FC Union Berlin,3,2
2026-02-14,4635196,FR1,2025,domestic_league,244,667,Olympique Marseille,RC Strasbourg Alsace,2,2
2026-02-14,4635197,FR1,2025,domestic_league,1082,3911,LOSC Lille,Stade Brestois 29,1,1
2026-02-14,4635202,FR1,2025,domestic_league,10004,826,Paris FC,RC Lens,0,5
2026-02-14,4640902,SER1,2025,domestic_league,788,7567,FK Napredak Krusevac,FK Radnicki Nis,2,4
2026-02-14,4640904,SER1,2025,domestic_league,669,15276,FK Partizan Belgrade,FK Spartak Subotica,2,1
2026-02-14,4640905,SER1,2025,domestic_league,59358,159,FK Zeleznicar Pancevo,Red Star Belgrade,0,3
2026-02-14,4640907,SER1,2025,domestic_league,6621,448,FK Cukaricki,FK Vojvodina Novi Sad,2,3
2026-02-14,4641369,BE1,2025,domestic_league,3057,3948,Standard Liège,Union Saint-Gilloise,1,1
2026-02-14,4641371,BE1,2025,domestic_league,2727,9010,Oud-Heverlee Leuven,FCV Dender EH,3,2
2026-02-14,4641374,BE1,2025,domestic_league,172,157,Royal Charleroi Sporting Club,KAA Gent,2,3
2026-02-14,4641556,NL1,2025,domestic_league,610,385,Ajax Amsterdam,Fortuna Sittardia Combinatie,4,1
2026-02-14,4641557,NL1,2025,domestic_league,798,1090,Excelsior Rotterdam,AZ Alkmaar,1,2
2026-02-14,4641558,NL1,2025,domestic_league,202,200,FC Groningen,FC Utrecht,1,2
2026-02-14,4641561,NL1,2025,domestic_league,1304,132,Heracles Almelo,NAC Breda,0,1
2026-02-14,4642982,A1,2025,domestic_league,4467,3551,TSV Hartberg,Sportclub Rheindorf Altach,0,0
2026-02-14,4642983,A1,2025,domestic_league,266,413,SV Ried,LASK,1,1
2026-02-14,4642986,A1,2025,domestic_league,2446,122,WSG Tirol,Sportklub Puntigamer Sturm Graz,1,0
2026-02-14,4645884,ES1,2025,domestic_league,714,940,RCD Espanyol Barcelona,Celta de Vigo,2,2
2026-02-14,4645886,ES1,2025,domestic_league,3709,1050,Getafe CF,Villarreal CF,2,1
2026-02-14,4645888,ES1,2025,domestic_league,418,681,Real Madrid,Real Sociedad,4,1
2026-02-14,4645889,ES1,2025,domestic_league,368,1108,Sevilla FC,Deportivo Alavés,1,1
2026-02-14,4647958,TR1,2025,domestic_league,11282,2293,Alanyaspor,Konyaspor,2,1
2026-02-14,4647963,TR1,2025,domestic_league,449,36,Trabzonspor,Fenerbahce,2,3
2026-02-14,4647964,TR1,2025,domestic_league,820,126,Gençlerbirliği Spor Kulübü,Caykur Rizespor,2,2
2026-02-14,4648355,DK1,2025,domestic_league,190,2778,FC Copenhagen,FC Nordsjaelland,1,2
2026-02-14,4648790,PO1,2025,domestic_league,2420,2431,Vitória Guimarães SC,CF Estrela Amadora,2,1
2026-02-14,4648792,PO1,2025,domestic_league,3268,8024,Casa Pia AC,FC Arouca,3,2
2026-02-14,4648795,PO1,2025,domestic_league,2424,1075,Gil Vicente FC,SC Braga,2,1
2026-02-14,4649052,RO1,2025,domestic_league,6429,37255,FC Universitatea Cluj,FK Csikszereda Miercurea Ciuc,4,1
2026-02-14,4649056,RO1,2025,domestic_league,37624,4959,FC Metaloglobus Bucharest,SC Otelul Galati,0,1
2026-02-14,4649487,SC1,2025,domestic_league,511,1241,Dundee FC,Livingston FC,2,2
2026-02-14,4649488,SC1,2025,domestic_league,1191,1519,Falkirk FC,Dundee United FC,2,3
2026-02-14,4649489,SC1,2025,domestic_league,903,465,Hibernian FC,St. Mirren FC,2,0
2026-02-14,4665043,GR1,2025,domestic_league,60949,605,Volou Neos Podosferikos Syllogos,Aris Thessalonikis,1,1
2026-02-14,4665045,GR1,2025,domestic_league,2672,683,APO Levadiakos Football Club,Olympiakos Syndesmos Filathlon Peiraios,0,0
2026-02-14,4665047,GR1,2025,domestic_league,6418,6676,Panetolikos Agrinio,A.G.S Asteras Tripolis,3,1
2026-02-14,4709466,SA1,2025,domestic_league,32328,91427,Al-Najma Sport Club,Al-Kholood Club,2,1
2026-02-14,4709472,SA1,2025,domestic_league,27221,18544,Al-Fateh Club,Al-Nassr Football Club,0,2
2026-02-14,4709473,SA1,2025,domestic_league,31008,6070,Al-Riyadh Saudi Club,Al-Khaleej Club (Saihat),1,1
2026-02-14,4727358,AUS1,2025,domestic_league,7006,7831,Melbourne Victory,Brisbane Roar,1,1
2026-02-14,4727359,AUS1,2025,domestic_league,8054,875,Sydney FC,Adelaide United,1,2
2026-02-14,4787662,C1,2025,domestic_league,257,504,FC St. Gallen 1879,Grasshopper Club Zurich,0,0
2026-02-14,4787663,C1,2025,domestic_league,260,434,FC Zürich,FC Luzern,1,4
2026-02-14,4787664,C1,2025,domestic_league,452,242,BSC Young Boys,FC Winterthur,6,1
2026-02-14,4798310,ARG1,2025,domestic_league,2402,1029,Club Social y Deportivo Defensa y Justicia,Club Atlético Vélez Sársfield,1,1
2026-02-14,4798313,ARG1,2025,domestic_league,3938,14687,Club Atlético Talleres,Club Atlético Gimnasia y Esgrima de Mendoza,2,1
2026-02-14,4798315,ARG1,2025,domestic_league,7097,1775,Club Atlético Unión,Club Atlético San Lorenzo de Almagro,0,0
2026-02-14,4798319,ARG1,2025,domestic_league,830,1444,Club Atlético Banfield,Racing Club Asociación Civil de Avellaneda,0,2
2026-02-14,4798322,ARG1,2025,domestic_league,2063,12454,Club Atlético Huracán,Club Atlético Sarmiento,1,0
2026-02-14,4808241,MEX1,2025,domestic_league,5662,7633,Puebla FC,UNAM Pumas,2,3
2026-02-14,4808243,MEX1,2025,domestic_league,1804,13353,Deportivo Toluca,Club Tijuana,1,0
2026-02-14,4808244,MEX1,2025,domestic_league,40188,4961,Atlético de San Luis,Querétaro FC,3,0
2026-02-14,4808246,MEX1,2025,domestic_league,4035,8590,CF Pachuca,Atlas Guadalajara,3,1
2026-02-14,4808362,FAC,2025,domestic_cup,2963,379,Burton Albion,West Ham United,0,1
2026-02-14,4808363,FAC,2025,domestic_cup,1132,3820,Burnley FC,Mansfield Town,1,2
2026-02-14,4808364,FAC,2025,domestic_cup,281,34888,Manchester City,Salford City,2,0
2026-02-14,4808365,FAC,2025,domestic_cup,1123,984,Norwich City,West Bromwich Albion,3,1
2026-02-14,4808367,FAC,2025,domestic_cup,180,1003,Southampton FC,Leicester City,2,1
2026-02-14,4808368,FAC,2025,domestic_cup,405,762,Aston Villa,Newcastle United,1,3
2026-02-14,4808369,FAC,2025,domestic_cup,31,1237,Liverpool FC,Brighton & Hove Albion,3,0
2026-02-15,4620957,IT1,2025,domestic_league,2239,252,US Cremonese,Genoa CFC,0,0
2026-02-15,4620960,IT1,2025,domestic_league,6195,12,SSC Napoli,Associazione Sportiva Roma,2,2
2026-02-15,4620961,IT1,2025,domestic_league,130,276,Parma Calcio 1913,Hellas Verona,2,1
2026-02-15,4620963,IT1,2025,domestic_league,416,1025,Torino FC,Bologna Football Club 1909,1,2
2026-02-15,4620964,IT1,2025,domestic_league,410,6574,Udinese Calcio,US Sassuolo,1,2
2026-02-15,4624694,TS1,2025,domestic_league,197,1897,AC Sparta Prague,FC Hradec Kralove,2,0
2026-02-15,4624695,TS1,2025,domestic_league,697,377,FC Slovan Liberec,FC Baník Ostrava a.s.,1,0
2026-02-15,4624698,TS1,2025,domestic_league,5546,814,FK Mlada Boleslav,FK Teplice,0,0
2026-02-15,4624699,TS1,2025,domestic_league,1496,1322,FK Pardubice,FK Jablonec,0,2
2026-02-15,4624803,PL1,2025,domestic_league,238,6112,Lech Poznan,Piast Gliwice,3,0
2026-02-15,4624804,PL1,2025,domestic_league,3527,4000,Motor Lublin Spółka Akcyjna,Lechia Gdansk,2,3
2026-02-15,4624805,PL1,2025,domestic_league,324,6107,Pogon Szczecin,Morski Związkowy Klub Sportowy Arka Gdynia Spółka Akcyjna,1,0
2026-02-15,4625363,KR1,2025,domestic_league,24575,456,HNK Gorica,HNK Vukovar 1991,0,0
2026-02-15,4625365,KR1,2025,domestic_league,327,447,NK Osijek,HNK Hajduk Split,0,2
2026-02-15,4634345,L1,2025,domestic_league,23826,82,RB Leipzig,VfL Wolfsburg,2,2
2026-02-15,4634348,L1,2025,domestic_league,167,2036,FC Augsburg,1. Fußballclub Heidenheim 1846,1,0
2026-02-15,4635195,FR1,2025,domestic_league,1041,417,Olympique Lyon,OGC Nice,2,0
2026-02-15,4635198,FR1,2025,domestic_league,738,415,Le Havre AC,FC Toulouse,2,1
2026-02-15,4635199,FR1,2025,domestic_league,347,290,FC Metz,AJ Auxerre,1,3
2026-02-15,4635200,FR1,2025,domestic_league,1158,1420,FC Lorient,Angers SCO,2,0
2026-02-15,4640903,SER1,2025,domestic_league,4645,33328,FK Radnicki 1923 Kragujevac,FK Radnik Surdulica,0,0
2026-02-15,4640906,SER1,2025,domestic_league,4633,53,FK Novi Pazar,OFK Beograd,2,1
2026-02-15,4640908,SER1,2025,domestic_league,6622,3137,FK Mladost Lucani,FK TSC Backa Topola,1,3
2026-02-15,4641367,BE1,2025,domestic_league,58,3901,RSC Anderlecht,RAAL La Louvière,0,0
2026-02-15,4641368,BE1,2025,domestic_league,1096,968,Royal Antwerp FC,KVC Westerlo,0,2
2026-02-15,4641370,BE1,2025,domestic_league,520,2282,Cercle Brugge,Club Brugge KV,1,2
2026-02-15,4641373,BE1,2025,domestic_league,475,3508,Sint-Truidense VV,Zulte Waregem,3,2
2026-02-15,4641560,NL1,2025,domestic_league,234,1435,Feyenoord Rotterdam,Go Ahead Eagles,1,0
2026-02-15,4641562,NL1,2025,domestic_league,306,1269,SC Heerenveen,PEC Zwolle,4,2
2026-02-15,4641564,NL1,2025,domestic_league,1434,317,SC Telstar,FC Twente Enschede,1,1
2026-02-15,4642984,A1,2025,domestic_league,14,170,Austria Vienna,Rapid Vienna,2,0
2026-02-15,4642985,A1,2025,domestic_league,2157,4441,FC Blau-Weiss Linz,Wolfsberger AC,2,1
2026-02-15,4642987,A1,2025,domestic_league,316,409,Grazer AK 1902,Fußballclub Red Bull Salzburg,1,1
2026-02-15,4645880,ES1,2025,domestic_league,2497,621,Real Oviedo,Athletic Bilbao,1,2
2026-02-15,4645881,ES1,2025,domestic_league,367,13,Rayo Vallecano,Atlético de Madrid,3,0
2026-02-15,4645883,ES1,2025,domestic_league,237,150,RCD Mallorca,Real Betis Balompié,1,2
2026-02-15,4645887,ES1,2025,domestic_league,3368,1049,Levante UD,Valencia CF,0,2
2026-02-15,4647959,TR1,2025,domestic_league,6890,114,Basaksehir FK,Beşiktaş Jimnastik Kulübü,2,3
2026-02-15,4647962,TR1,2025,domestic_league,120,2832,Kocaelispor,Gaziantep FK,3,0
2026-02-15,4647965,TR1,2025,domestic_league,1467,3205,Göztepe,Kayserispor,0,0
2026-02-15,4648357,DK1,2025,domestic_league,5776,678,FC Fredericia,Aarhus GF,1,1
2026-02-15,4648358,DK1,2025,domestic_league,1063,206,Viborg FF,Bröndby IF,1,0
2026-02-15,4648359,DK1,2025,domestic_league,173,865,Odense Boldklub,FC Midtjylland,1,4
2026-02-15,4648793,PO1,2025,domestic_league,336,3329,Sporting CP,FC Famalicão,1,0
2026-02-15,4648797,PO1,2025,domestic_league,110302,1465,Avs Futebol,GD Estoril Praia,3,0
2026-02-15,4648798,PO1,2025,domestic_league,982,720,CD Nacional,FC Porto,0,1
2026-02-15,4649051,RO1,2025,domestic_league,952,8818,UTA Arad,FC Botosani,2,1
2026-02-15,4649055,RO1,2025,domestic_league,29831,455,FCV Farul Constanta,FC Rapid 1923,3,1
2026-02-15,4649058,RO1,2025,domestic_league,40812,301,Universitatea Craiova,FCSB,1,0
2026-02-15,4649490,SC1,2025,domestic_league,2553,371,Kilmarnock FC,Celtic FC,2,3
2026-02-15,4649491,SC1,2025,domestic_league,987,370,Motherwell FC,Aberdeen FC,2,0
2026-02-15,4649492,SC1,2025,domestic_league,124,43,Rangers FC,Heart of Midlothian FC,4,2
2026-02-15,4665044,GR1,2025,domestic_league,30120,653,Athlitiki Enosi Kifisias,Omilos Filathlon Irakliou FC,2,2
2026-02-15,4665046,GR1,2025,domestic_league,265,4603,Panathinaikos Athlitikos Omilos,Athlitiki Enosi Larisas,1,1
2026-02-15,4665048,GR1,2025,domestic_league,1091,2441,Panthessalonikios Athlitikos Omilos Konstantinoupoliton,Athlitiki Enosi Konstantinoupoleos,0,0
2026-02-15,4787665,C1,2025,domestic_league,938,321,FC Thun,FC Sion,1,0
2026-02-15,4787666,C1,2025,domestic_league,26,2790,FC Basel 1893,FC Lugano,1,1
2026-02-15,4787667,C1,2025,domestic_league,527,61,Football Club Lausanne-Sport,Servette FC,3,3
2026-02-15,4798308,ARG1,2025,domestic_league,1106,288,Club de Gimnasia y Esgrima La Plata,Club Estudiantes de La Plata,0,0
2026-02-15,4798311,ARG1,2025,domestic_league,189,928,Club Atlético Boca Juniors,Club Atlético Platense,0,0
2026-02-15,4798320,ARG1,2025,domestic_league,12179,2417,Club Sportivo Independiente Rivadavia,Club Atlético Belgrano,0,1
2026-02-15,4798321,ARG1,2025,domestic_league,14554,14602,Club Atlético Tucumán,Asociación Atlética Estudiantes,4,0
2026-02-15,4808242,MEX1,2025,domestic_league,49283,1146,FC Juárez,Club Necaxa,1,2
2026-02-15,4808245,MEX1,2025,domestic_league,2407,4941,CF Monterrey,Club León FC,1,0
2026-02-15,4808247,MEX1,2025,domestic_league,6711,3631,Deportivo Guadalajara,CF América,1,0
2026-02-15,4808248,MEX1,2025,domestic_league,1403,82696,Santos Laguna,Mazatlán FC,1,2
2026-02-15,4808249,MEX1,2025,domestic_league,3711,7055,CD Cruz Azul,Tigres UANL,2,1
2026-02-15,4808370,FAC,2025,domestic_cup,337,399,Birmingham City,Leeds United,3,5
2026-02-15,4808371,FAC,2025,domestic_cup,1034,543,Grimsby Town,Wolverhampton Wanderers,0,1
2026-02-15,4808372,FAC,2025,domestic_cup,988,289,Oxford United,Sunderland AFC,0,1
2026-02-15,4808373,FAC,2025,domestic_cup,512,931,Stoke City,Fulham FC,1,2
2026-02-15,4808374,FAC,2025,domestic_cup,11,1071,Arsenal FC,Wigan Athletic,4,0
2026-02-16,4620955,IT1,2025,domestic_league,1390,1005,Cagliari Calcio,US Lecce,0,2
2026-02-16,4624800,PL1,2025,domestic_league,15906,428,Termalica Bruk-Bet Nieciecza Klub Sportowy,Górnik Zabrze,1,1
2026-02-16,4640901,SER1,2025,domestic_league,32113,8819,FK IMT Belgrad,FK Javor-Matis Ivanjica,1,0
2026-02-16,4645882,ES1,2025,domestic_league,12321,131,Girona FC,FC Barcelona,2,1
2026-02-16,4647961,TR1,2025,domestic_league,10484,6646,Kasimpasa,Fatih Karagümrük,3,2
2026-02-16,4648360,DK1,2025,domestic_league,5817,1177,Sönderjyske Fodbold,Silkeborg IF,2,1
2026-02-16,4648794,PO1,2025,domestic_league,2425,979,Rio Ave FC,Moreirense FC,1,2
2026-02-16,4649053,RO1,2025,domestic_league,58049,7769,FC Hermannstadt,CFR Cluj,0,1
2026-02-16,4649057,RO1,2025,domestic_league,312,29700,FC Dinamo 1948,AFC Unirea 04 Slobozia,1,0
2026-02-16,4665042,GR1,2025,domestic_league,3060,3385,APS Atromitos Athinon,Panserraikos Serres,2,2
2026-02-16,4798309,ARG1,2025,domestic_league,19775,1286,Asociación de Fomento Deportivo Riestra Barrio Colón,Club Atlético Newell’s Old Boys,1,1
2026-02-16,4798314,ARG1,2025,domestic_league,1829,31284,Instituto Atlético Central Córdoba,Club Atlético Central Córdoba,2,0
2026-02-16,4798316,ARG1,2025,domestic_league,1418,25184,Club Atlético Rosario Central,Club Atlético Barracas Central,2,0
2026-02-16,4808375,FAC,2025,domestic_cup,85287,1148,Macclesfield FC,Brentford FC,0,1
2026-02-17,4641563,NL1,2025,domestic_league,468,467,Sparta Rotterdam,NEC Nijmegen,1,1
2026-02-17,4727301,AUS1,2025,domestic_league,8054,118373,Sydney FC,Auckland FC,1,1
2026-02-17,4808138,SFA,2025,domestic_cup,1519,17602,Dundee United FC,The Spartans FC,2,1
2026-02-17,4814095,CL,2025,international_cup,162,583,AS Monaco,Paris Saint-Germain,2,3
2026-02-17,4814096,CL,2025,international_cup,141,506,Galatasaray,Juventus FC,5,2
2026-02-17,4814097,CL,2025,international_cup,294,418,SL Benfica,Real Madrid,0,1
2026-02-17,4814098,CL,2025,international_cup,16,800,Borussia Dortmund,Atalanta BC,2,0
2026-02-18,4620945,IT1,2025,domestic_league,5,1047,AC Milan,Como 1907,1,1
2026-02-18,4626107,GB1,2025,domestic_league,543,11,Wolverhampton Wanderers,Arsenal FC,2,2
2026-02-18,4627357,C1,2025,domestic_league,242,257,FC Winterthur,FC St. Gallen 1879,1,5
2026-02-18,4645780,ES1,2025,domestic_league,3368,1050,Levante UD,Villarreal CF,0,1
2026-02-18,4808135,SFA,2025,domestic_cup,370,987,Aberdeen FC,Motherwell FC,2,0
2026-02-18,4814099,CL,2025,international_cup,10625,762,Qarabağ FK,Newcastle United,1,6
2026-02-18,4814100,CL,2025,international_cup,2282,13,Club Brugge KV,Atlético de Madrid,3,3
2026-02-18,4814101,CL,2025,international_cup,501,46,Fotballklubben Bodø/Glimt,Inter Milan,3,1
2026-02-18,4814102,CL,2025,international_cup,683,15,Olympiakos Syndesmos Filathlon Peiraios,Bayer 04 Leverkusen,0,2
2026-02-19,4750186,SA1,2025,domestic_league,91427,31008,Al-Kholood Club,Al-Riyadh Saudi Club,0,2
2026-02-19,4750190,SA1,2025,domestic_league,7732,27221,Al-Ettifaq Football Club,Al-Fateh Club,4,3
2026-02-19,4750194,SA1,2025,domestic_league,18487,32328,Al-Ahli Saudi Football Club,Al-Najma Sport Club,4,1
2026-02-19,4805835,UCOL,2025,other,6251,238,Kuopion Palloseura,Lech Poznan,0,2
2026-02-19,4805836,UCOL,2025,other,60368,1090,FC Noah Yerevan,AZ Alkmaar,1,0
2026-02-19,4805837,UCOL,2025,other,6808,873,HSK Zrinjski Mostar,Crystal Palace,1,1
2026-02-19,4805838,UCOL,2025,other,2300,430,Jagiellonia Bialystok,ACF Fiorentina,0,3
2026-02-19,4805839,UCOL,2025,other,1167,152,Shkendija Tetovo,Samsunspor,0,1
2026-02-19,4805840,UCOL,2025,other,33741,710,FC Drita,NK Celje,2,3
2026-02-19,4805841,UCOL,2025,other,2311,527,"SK Sigma Olomouc, a.s.",Football Club Lausanne-Sport,1,1
2026-02-19,4805842,UCOL,2025,other,829,144,Omonia Nicosia,HNK Rijeka,0,1
2026-02-19,4805888,EL,2025,other,31614,279,Ludogorets Razgrad,Ferencvárosi TC,2,1
2026-02-19,4805889,EL,2025,other,265,941,Panathinaikos Athlitikos Omilos,FC Viktoria Plzen,2,2
2026-02-19,4805890,EL,2025,other,419,1184,GNK Dinamo Zagreb,KRC Genk,1,3
2026-02-19,4805891,EL,2025,other,1091,940,Panthessalonikios Athlitikos Omilos Konstantinoupoliton,Celta de Vigo,1,2
2026-02-19,4805892,EL,2025,other,371,79,Celtic FC,VfB Stuttgart,1,4
2026-02-19,4805893,EL,2025,other,36,703,Fenerbahce,Nottingham Forest,0,3
2026-02-19,4805894,EL,2025,other,1100,1025,Sportsklubben Brann,Bologna Football Club 1909,0,1
2026-02-19,4805895,EL,2025,other,1082,159,LOSC Lille,Red Star Belgrade,0,1
2026-02-19,4811034,BRA1,2025,domestic_league,679,199,Clube Atlético Paranaense,Sport Club Corinthians Paulista,0,1
2026-02-20,4620974,IT1,2025,domestic_league,6574,276,US Sassuolo,Hellas Verona,3,0
2026-02-20,4624815,PL1,2025,domestic_league,6112,3527,Piast Gliwice,Motor Lublin Spółka Akcyjna,1,2
2026-02-20,4624817,PL1,2025,domestic_league,88,5689,Widzew Lodz,Cracovia,0,0
2026-02-20,4625388,KR1,2025,domestic_league,456,2362,HNK Vukovar 1991,Slaven Belupo Koprivnica,2,2
2026-02-20,4634362,L1,2025,domestic_league,39,41,1.FSV Mainz 05,Hamburger SV,1,1
2026-02-20,4635207,FR1,2025,domestic_league,3911,244,Stade Brestois 29,Olympique Marseille,2,0
2026-02-20,4641338,BE1,2025,domestic_league,157,520,KAA Gent,Cercle Brugge,0,1
2026-02-20,4641525,NL1,2025,domestic_league,385,798,Fortuna Sittardia Combinatie,Excelsior Rotterdam,2,1
2026-02-20,4645865,ES1,2025,domestic_league,621,1531,Athletic Bilbao,Elche CF,2,1
2026-02-20,4646179,UKR1,2025,domestic_league,338,48726,Dynamo Kyiv,Rukh Lviv,1,0
2026-02-20,4646184,UKR1,2025,domestic_league,26459,81401,NK Veres Rivne,SC Poltava,3,2
2026-02-20,4647974,TR1,2025,domestic_league,126,120,Caykur Rizespor,Kocaelispor,2,0
2026-02-20,4648375,DK1,2025,domestic_league,2778,443,FC Nordsjaelland,Vejle Boldklub,3,3
2026-02-20,4648883,PO1,2025,domestic_league,2431,7179,CF Estrela Amadora,CD Tondela,0,2
2026-02-20,4649091,RO1,2025,domestic_league,4959,952,SC Otelul Galati,UTA Arad,2,2
2026-02-20,4649092,RO1,2025,domestic_league,8818,6429,FC Botosani,FC Universitatea Cluj,1,3
2026-02-20,4727288,AUS1,2025,domestic_league,875,970,Adelaide United,Perth Glory,4,0
2026-02-20,4750187,SA1,2025,domestic_league,71665,26069,Al-Okhdood Club,Al-Qadsiah Saudi Football Club,2,4
2026-02-20,4750188,SA1,2025,domestic_league,28844,50531,Al-Taawoun Football Club,Al-Fayha FC,2,3
2026-02-20,4750191,SA1,2025,domestic_league,50532,9840,Damac Football Club,Al-Shabab Club,1,3
2026-02-20,4798326,ARG1,2025,domestic_league,288,12454,Club Estudiantes de La Plata,Club Atlético Sarmiento,1,0
2026-02-20,4798327,ARG1,2025,domestic_league,2402,2417,Club Social y Deportivo Defensa y Justicia,Club Atlético Belgrano,1,1
2026-02-20,4798329,ARG1,2025,domestic_league,189,1444,Club Atlético Boca Juniors,Racing Club Asociación Civil de Avellaneda,0,0
2026-02-20,4798332,ARG1,2025,domestic_league,1829,14554,Instituto Atlético Central Córdoba,Club Atlético Tucumán,2,1
2026-02-21,4620967,IT1,2025,domestic_league,1390,398,Cagliari Calcio,Società Sportiva Lazio S.p.A.,0,0
2026-02-21,4620970,IT1,2025,domestic_league,506,1047,Juventus FC,Como 1907,0,2
2026-02-21,4620971,IT1,2025,domestic_league,1005,46,US Lecce,Inter Milan,0,2
2026-02-21,4624701,TS1,2025,domestic_league,1897,5545,FC Hradec Kralove,FC Zlin,0,0
2026-02-21,4624704,TS1,2025,domestic_league,62,697,SK Slavia Prague,FC Slovan Liberec,1,0
2026-02-21,4624706,TS1,2025,domestic_league,1322,13726,FK Jablonec,MFK Karvina,1,0
2026-02-21,4624707,TS1,2025,domestic_league,5544,1496,1.FC Slovacko,FK Pardubice,2,0
2026-02-21,4624810,PL1,2025,domestic_league,428,324,Górnik Zabrze,Pogon Szczecin,0,1
2026-02-21,4624814,PL1,2025,domestic_league,255,2118,Legia Warszawa,Wisla Plock,2,1
2026-02-21,4624816,PL1,2025,domestic_league,9644,15906,Raków Częstochowa,Termalica Bruk-Bet Nieciecza Klub Sportowy,1,0
2026-02-21,4625387,KR1,2025,domestic_league,11194,327,NK Lokomotiva Zagreb,NK Osijek,3,1
2026-02-21,4625389,KR1,2025,domestic_league,999,24575,NK Istra 1961,HNK Gorica,0,2
2026-02-21,4626058,GB1,2025,domestic_league,405,399,Aston Villa,Leeds United,1,1
2026-02-21,4626059,GB1,2025,domestic_league,1148,1237,Brentford FC,Brighton & Hove Albion,0,2
2026-02-21,4626060,GB1,2025,domestic_league,631,1132,Chelsea FC,Burnley FC,1,1
2026-02-21,4626063,GB1,2025,domestic_league,281,762,Manchester City,Newcastle United,2,1
2026-02-21,4626067,GB1,2025,domestic_league,379,989,West Ham United,AFC Bournemouth,0,0
2026-02-21,4634360,L1,2025,domestic_league,27,24,Bayern Munich,Eintracht Frankfurt,3,2
2026-02-21,4634363,L1,2025,domestic_league,23826,16,RB Leipzig,Borussia Dortmund,2,2
2026-02-21,4634364,L1,2025,domestic_league,82,167,VfL Wolfsburg,FC Augsburg,2,3
2026-02-21,4634365,L1,2025,domestic_league,89,15,1.FC Union Berlin,Bayer 04 Leverkusen,1,0
2026-02-21,4634368,L1,2025,domestic_league,3,533,1.FC Köln,TSG 1899 Hoffenheim,2,2
2026-02-21,4635205,FR1,2025,domestic_league,826,162,RC Lens,AS Monaco,2,3
2026-02-21,4635206,FR1,2025,domestic_league,583,347,Paris Saint-Germain,FC Metz,3,0
2026-02-21,4635210,FR1,2025,domestic_league,415,10004,FC Toulouse,Paris FC,1,1
2026-02-21,4640895,SER1,2025,domestic_league,448,4633,FK Vojvodina Novi Sad,FK Novi Pazar,0,3
2026-02-21,4640896,SER1,2025,domestic_league,53,59358,OFK Beograd,FK Zeleznicar Pancevo,0,0
2026-02-21,4640899,SER1,2025,domestic_league,33328,788,FK Radnik Surdulica,FK Napredak Krusevac,2,1
2026-02-21,4641335,BE1,2025,domestic_league,2282,2727,Club Brugge KV,Oud-Heverlee Leuven,2,1
2026-02-21,4641336,BE1,2025,domestic_league,3948,1096,Union Saint-Gilloise,Royal Antwerp FC,2,1
2026-02-21,4641342,BE1,2025,domestic_league,9010,475,FCV Dender EH,Sint-Truidense VV,1,4
2026-02-21,4641520,NL1,2025,domestic_league,610,467,Ajax Amsterdam,NEC Nijmegen,1,1
2026-02-21,4641527,NL1,2025,domestic_league,132,724,NAC Breda,FC Volendam,1,0
2026-02-21,4641528,NL1,2025,domestic_league,383,306,PSV Eindhoven,SC Heerenveen,3,1
2026-02-21,4642990,A1,2025,domestic_league,170,4441,Rapid Vienna,Wolfsberger AC,2,0
2026-02-21,4642991,A1,2025,domestic_league,4467,316,TSV Hartberg,Grazer AK 1902,1,0
2026-02-21,4642992,A1,2025,domestic_league,3551,14,Sportclub Rheindorf Altach,Austria Vienna,2,1
2026-02-21,4645861,ES1,2025,domestic_league,331,418,CA Osasuna,Real Madrid,2,1
2026-02-21,4645863,ES1,2025,domestic_league,681,2497,Real Sociedad,Real Oviedo,3,3
2026-02-21,4645866,ES1,2025,domestic_league,13,714,Atlético de Madrid,RCD Espanyol Barcelona,4,2
2026-02-21,4645868,ES1,2025,domestic_league,150,367,Real Betis Balompié,Rayo Vallecano,1,1
2026-02-21,4646181,UKR1,2025,domestic_league,55686,3592,TOV FK Metalist 1925 Kharkiv,Kryvbas Kryvyi Rig,0,0
2026-02-21,4646186,UKR1,2025,domestic_league,84122,63007,Epicentr Kamyanets-Podilskyi,LNZ Cherkasy,0,2
2026-02-21,4647970,TR1,2025,domestic_league,11282,6890,Alanyaspor,Basaksehir FK,1,2
2026-02-21,4647972,TR1,2025,domestic_league,2293,141,Konyaspor,Galatasaray,2,0
2026-02-21,4647973,TR1,2025,domestic_league,7160,820,Eyüpspor,Gençlerbirliği Spor Kulübü,1,0
2026-02-21,4648376,DK1,2025,domestic_league,173,190,Odense Boldklub,FC Copenhagen,2,2
2026-02-21,4648880,PO1,2025,domestic_league,294,110302,SL Benfica,Avs Futebol,3,0
2026-02-21,4648884,PO1,2025,domestic_league,2521,2423,FC Alverca,CD Santa Clara,1,1
2026-02-21,4648885,PO1,2025,domestic_league,8024,982,FC Arouca,CD Nacional,3,0
2026-02-21,4648887,PO1,2025,domestic_league,979,336,Moreirense FC,Sporting CP,0,3
2026-02-21,4648888,PO1,2025,domestic_league,1075,2420,SC Braga,Vitória Guimarães SC,3,2
2026-02-21,4649094,RO1,2025,domestic_league,7769,9465,CFR Cluj,Petrolul Ploiesti,2,1
2026-02-21,4649096,RO1,2025,domestic_league,455,312,FC Rapid 1923,FC Dinamo 1948,2,1
2026-02-21,4649505,SC1,2025,domestic_league,370,511,Aberdeen FC,Dundee FC,2,3
2026-02-21,4649507,SC1,2025,domestic_league,1519,2553,Dundee United FC,Kilmarnock FC,1,1
2026-02-21,4649508,SC1,2025,domestic_league,43,1191,Heart of Midlothian FC,Falkirk FC,1,0
2026-02-21,4649510,SC1,2025,domestic_league,465,987,St. Mirren FC,Motherwell FC,0,5
2026-02-21,4665064,GR1,2025,domestic_league,6676,3060,A.G.S Asteras Tripolis,APS Atromitos Athinon,1,2
2026-02-21,4665067,GR1,2025,domestic_league,683,6418,Olympiakos Syndesmos Filathlon Peiraios,Panetolikos Agrinio,2,0
2026-02-21,4727289,AUS1,2025,domestic_league,8445,118373,Wellington Phoenix,Auckland FC,0,5
2026-02-21,4727290,AUS1,2025,domestic_league,8054,7831,Sydney FC,Brisbane Roar,1,0
2026-02-21,4727291,AUS1,2025,domestic_league,25580,7006,Melbourne City FC,Melbourne Victory,1,3
2026-02-21,4750189,SA1,2025,domestic_league,1114,8023,Al-Hilal Saudi Football Club,Al-Ittihad Football Club,1,1
2026-02-21,4750192,SA1,2025,domestic_league,18544,9131,Al-Nassr Football Club,Al-Hazem Sport Club,4,0
2026-02-21,4750193,SA1,2025,domestic_league,6070,34911,Al-Khaleej Club (Saihat),Neom Sports Club,0,1
2026-02-21,4770594,MLS1,2025,domestic_league,82686,78435,St. Louis City Soccer Club,Charlotte Football Club,1,1
2026-02-21,4770595,MLS1,2025,domestic_league,51772,51663,Football Club Cincinnati,Atlanta United Football Club,2,0
2026-02-21,4787644,C1,2025,domestic_league,61,257,Servette FC,FC St. Gallen 1879,1,1
2026-02-21,4787646,C1,2025,domestic_league,504,260,Grasshopper Club Zurich,FC Zürich,1,2
2026-02-21,4798324,ARG1,2025,domestic_league,928,25184,Club Atlético Platense,Club Atlético Barracas Central,1,0
2026-02-21,4798325,ARG1,2025,domestic_league,1418,3938,Club Atlético Rosario Central,Club Atlético Talleres,0,1
2026-02-21,4798330,ARG1,2025,domestic_league,12179,1234,Club Sportivo Independiente Rivadavia,Club Atlético Independiente de Avellaneda,3,2
2026-02-21,4798334,ARG1,2025,domestic_league,14687,1106,Club Atlético Gimnasia y Esgrima de Mendoza,Club de Gimnasia y Esgrima La Plata,0,1
2026-02-21,4798336,ARG1,2025,domestic_league,19775,2063,Asociación de Fomento Deportivo Riestra Barrio Colón,Club Atlético Huracán,0,0
2026-02-21,4798337,ARG1,2025,domestic_league,830,1286,Club Atlético Banfield,Club Atlético Newell’s Old Boys,3,0
2026-02-21,4808250,MEX1,2025,domestic_league,7055,4035,Tigres UANL,CF Pachuca,1,2
2026-02-21,4808251,MEX1,2025,domestic_league,5662,3631,Puebla FC,CF América,0,4
2026-02-21,4808252,MEX1,2025,domestic_league,8590,40188,Atlas Guadalajara,Atlético de San Luis,3,2
2026-02-22,4620965,IT1,2025,domestic_league,800,6195,Atalanta BC,SSC Napoli,2,1
2026-02-22,4620969,IT1,2025,domestic_league,252,416,Genoa CFC,Torino FC,3,0
2026-02-22,4620972,IT1,2025,domestic_league,5,130,AC Milan,Parma Calcio 1913,0,1
2026-02-22,4620973,IT1,2025,domestic_league,12,2239,Associazione Sportiva Roma,US Cremonese,3,0
2026-02-22,4624700,TS1,2025,domestic_league,941,197,FC Viktoria Plzen,AC Sparta Prague,0,0
2026-02-22,4624702,TS1,2025,domestic_league,377,5546,FC Baník Ostrava a.s.,FK Mlada Boleslav,0,0
2026-02-22,4624703,TS1,2025,domestic_league,715,450,"Bohemians Praha 1905, a.s.",FK Dukla Prague,1,0
2026-02-22,4624705,TS1,2025,domestic_league,814,2311,FK Teplice,"SK Sigma Olomouc, a.s.",1,3
2026-02-22,4624809,PL1,2025,domestic_league,6107,6456,Morski Związkowy Klub Sportowy Arka Gdynia Spółka Akcyjna,GKS GieKSa Katowice Spółka Akcyjna,2,1
2026-02-22,4624811,PL1,2025,domestic_league,2300,7154,Jagiellonia Bialystok,Radomiak Radom,1,1
2026-02-22,4624812,PL1,2025,domestic_league,6110,238,Korona Kielce,Lech Poznan,1,2
2026-02-22,4625385,KR1,2025,domestic_league,599,419,NK Varazdin,GNK Dinamo Zagreb,0,4
2026-02-22,4625386,KR1,2025,domestic_league,447,144,HNK Hajduk Split,HNK Rijeka,1,0
2026-02-22,4626061,GB1,2025,domestic_league,873,543,Crystal Palace,Wolverhampton Wanderers,1,0
2026-02-22,4626064,GB1,2025,domestic_league,703,31,Nottingham Forest,Liverpool FC,0,1
2026-02-22,4626065,GB1,2025,domestic_league,289,931,Sunderland AFC,Fulham FC,1,3
2026-02-22,4626066,GB1,2025,domestic_league,148,11,Tottenham Hotspur,Arsenal FC,1,4
2026-02-22,4634361,L1,2025,domestic_league,60,18,SC Freiburg,Borussia Mönchengladbach,2,1
2026-02-22,4634366,L1,2025,domestic_league,35,86,FC St. Pauli,SV Werder Bremen,2,1
2026-02-22,4634367,L1,2025,domestic_league,2036,79,1. Fußballclub Heidenheim 1846,VfB Stuttgart,3,3
2026-02-22,4635204,FR1,2025,domestic_league,667,1041,RC Strasbourg Alsace,Olympique Lyon,3,1
2026-02-22,4635208,FR1,2025,domestic_league,417,1158,OGC Nice,FC Lorient,3,3
2026-02-22,4635209,FR1,2025,domestic_league,995,738,FC Nantes,Le Havre AC,2,0
2026-02-22,4635211,FR1,2025,domestic_league,1420,1082,Angers SCO,LOSC Lille,0,1
2026-02-22,4635212,FR1,2025,domestic_league,290,273,AJ Auxerre,Stade Rennais FC,0,3
2026-02-22,4640894,SER1,2025,domestic_league,3137,6621,FK TSC Backa Topola,FK Cukaricki,1,1
2026-02-22,4640897,SER1,2025,domestic_league,159,669,Red Star Belgrade,FK Partizan Belgrade,3,0
2026-02-22,4640898,SER1,2025,domestic_league,15276,4645,FK Spartak Subotica,FK Radnicki 1923 Kragujevac,3,3
2026-02-22,4640900,SER1,2025,domestic_league,7567,32113,FK Radnicki Nis,FK IMT Belgrad,2,1
2026-02-22,4641337,BE1,2025,domestic_league,1184,3057,KRC Genk,Standard Liège,0,3
2026-02-22,4641339,BE1,2025,domestic_league,3901,354,RAAL La Louvière,KV Mechelen,0,2
2026-02-22,4641340,BE1,2025,domestic_league,3508,58,Zulte Waregem,RSC Anderlecht,2,4
2026-02-22,4641341,BE1,2025,domestic_league,968,172,KVC Westerlo,Royal Charleroi Sporting Club,2,1
2026-02-22,4641521,NL1,2025,domestic_league,1090,468,AZ Alkmaar,Sparta Rotterdam,3,1
2026-02-22,4641522,NL1,2025,domestic_league,317,202,FC Twente Enschede,FC Groningen,2,1
2026-02-22,4641523,NL1,2025,domestic_league,200,1269,FC Utrecht,PEC Zwolle,1,1
2026-02-22,4641524,NL1,2025,domestic_league,234,1434,Feyenoord Rotterdam,SC Telstar,2,1
2026-02-22,4641526,NL1,2025,domestic_league,1435,1304,Go Ahead Eagles,Heracles Almelo,4,0
2026-02-22,4642988,A1,2025,domestic_league,122,2157,Sportklub Puntigamer Sturm Graz,FC Blau-Weiss Linz,1,0
2026-02-22,4642989,A1,2025,domestic_league,413,409,LASK,Fußballclub Red Bull Salzburg,1,5
2026-02-22,4642993,A1,2025,domestic_league,2446,266,WSG Tirol,SV Ried,1,1
2026-02-22,4645860,ES1,2025,domestic_league,3709,368,Getafe CF,Sevilla FC,0,1
2026-02-22,4645862,ES1,2025,domestic_league,1050,1049,Villarreal CF,Valencia CF,2,1
2026-02-22,4645867,ES1,2025,domestic_league,131,3368,FC Barcelona,Levante UD,3,0
2026-02-22,4645869,ES1,2025,domestic_league,940,237,Celta de Vigo,RCD Mallorca,2,0
2026-02-22,4646180,UKR1,2025,domestic_league,48332,53646,Kolos Kovalivka,FK Polissya Zhytomyr,0,2
2026-02-22,4646185,UKR1,2025,domestic_league,660,85465,FC Shakhtar Donetsk,Karpaty Lviv,3,0
2026-02-22,4647967,TR1,2025,domestic_league,3205,589,Kayserispor,Antalyaspor,1,0
2026-02-22,4647968,TR1,2025,domestic_league,2832,449,Gaziantep FK,Trabzonspor,1,2
2026-02-22,4647969,TR1,2025,domestic_league,6646,152,Fatih Karagümrük,Samsunspor,0,0
2026-02-22,4647971,TR1,2025,domestic_league,114,1467,Beşiktaş Jimnastik Kulübü,Göztepe,4,0
2026-02-22,4648373,DK1,2025,domestic_league,678,1063,Aarhus GF,Viborg FF,5,2
2026-02-22,4648377,DK1,2025,domestic_league,5724,5776,Randers FC,FC Fredericia,1,2
2026-02-22,4648378,DK1,2025,domestic_league,1177,865,Silkeborg IF,FC Midtjylland,0,4
2026-02-22,4648882,PO1,2025,domestic_league,1465,2424,GD Estoril Praia,Gil Vicente FC,3,1
2026-02-22,4648886,PO1,2025,domestic_league,720,2425,FC Porto,Rio Ave FC,1,0
2026-02-22,4649095,RO1,2025,domestic_league,41278,29831,ACSC FC Arges,FCV Farul Constanta,1,0
2026-02-22,4649098,RO1,2025,domestic_league,29700,40812,AFC Unirea 04 Slobozia,Universitatea Craiova,0,3
2026-02-22,4649506,SC1,2025,domestic_league,371,903,Celtic FC,Hibernian FC,1,2
2026-02-22,4649509,SC1,2025,domestic_league,1241,124,Livingston FC,Rangers FC,2,2
2026-02-22,4665063,GR1,2025,domestic_league,2441,2672,Athlitiki Enosi Konstantinoupoleos,APO Levadiakos Football Club,4,0
2026-02-22,4665065,GR1,2025,domestic_league,4603,1091,Athlitiki Enosi Larisas,Panthessalonikios Athlitikos Omilos Konstantinoupoliton,1,1
2026-02-22,4665066,GR1,2025,domestic_league,605,30120,Aris Thessalonikis,Athlitiki Enosi Kifisias,1,1
2026-02-22,4665068,GR1,2025,domestic_league,653,265,Omilos Filathlon Irakliou FC,Panathinaikos Athlitikos Omilos,0,2
2026-02-22,4665069,GR1,2025,domestic_league,3385,60949,Panserraikos Serres,Volou Neos Podosferikos Syllogos,2,1
2026-02-22,4727292,AUS1,2025,domestic_league,6954,36100,Central Coast Mariners,Western Sydney Wanderers,3,2
2026-02-22,4727293,AUS1,2025,domestic_league,5551,71085,Newcastle United Jets,Macarthur FC,1,0
2026-02-22,4770596,MLS1,2025,domestic_league,2440,25467,D.C. United,Philadelphia Union,1,0
2026-02-22,4770597,MLS1,2025,domestic_league,45604,623,Orlando City Soccer Club,Red Bull New York,1,2
2026-02-22,4770598,MLS1,2025,domestic_league,6321,6643,Vancouver Whitecaps FC,Real Salt Lake,1,0
2026-02-22,4770599,MLS1,2025,domestic_league,72309,56089,Austin FC,Minnesota United FC,2,2
2026-02-22,4770600,MLS1,2025,domestic_league,8816,11141,FC Dallas,Toronto FC,3,2
2026-02-22,4770601,MLS1,2025,domestic_league,9168,432,Houston Dynamo,Chicago Fire Soccer Club,2,1
2026-02-22,4770602,MLS1,2025,domestic_league,63966,626,Nashville SC,New England Revolution,4,1
2026-02-22,4770603,MLS1,2025,domestic_league,51828,69261,Los Angeles Football Club,Club Internacional de Fútbol Miami,3,0
2026-02-22,4770604,MLS1,2025,domestic_league,4291,813,Portland Timbers,Columbus Crew,3,2
2026-02-22,4770605,MLS1,2025,domestic_league,114977,4078,San Diego Football Club,Club de Foot Montréal,5,0
2026-02-22,4770606,MLS1,2025,domestic_league,218,4284,San Jose Earthquakes,Sporting Kansas City,3,0
2026-02-22,4787647,C1,2025,domestic_league,321,452,FC Sion,BSC Young Boys,3,1
2026-02-22,4787648,C1,2025,domestic_league,2790,527,FC Lugano,Football Club Lausanne-Sport,2,1
2026-02-22,4787649,C1,2025,domestic_league,434,26,FC Luzern,FC Basel 1893,4,2
2026-02-22,4798323,ARG1,2025,domestic_league,1029,209,Club Atlético Vélez Sársfield,Club Atlético River Plate,1,0
2026-02-22,4798333,ARG1,2025,domestic_league,1775,14602,Club Atlético San Lorenzo de Almagro,Asociación Atlética Estudiantes,2,0
2026-02-22,4798335,ARG1,2025,domestic_league,31284,11831,Club Atlético Central Córdoba,Club Atlético Tigre,0,0
2026-02-22,4808253,MEX1,2025,domestic_league,4941,1403,Club León FC,Santos Laguna,2,1
2026-02-22,4808254,MEX1,2025,domestic_league,1146,1804,Club Necaxa,Deportivo Toluca,0,3
2026-02-22,4808255,MEX1,2025,domestic_league,3711,6711,CD Cruz Azul,Deportivo Guadalajara,2,1
2026-02-22,4808256,MEX1,2025,domestic_league,7633,2407,UNAM Pumas,CF Monterrey,2,0
2026-02-22,4808258,MEX1,2025,domestic_league,13353,82696,Club Tijuana,Mazatlán FC,1,1
2026-02-23,4620966,IT1,2025,domestic_league,1025,410,Bologna Football Club 1909,Udinese Calcio,1,0
2026-02-23,4620968,IT1,2025,domestic_league,430,4172,ACF Fiorentina,Pisa Sporting Club,1,0
2026-02-23,4624813,PL1,2025,domestic_league,4000,168,Lechia Gdansk,Zaglebie Lubin,0,2
2026-02-23,4626062,GB1,2025,domestic_league,29,985,Everton FC,Manchester United,0,1
2026-02-23,4640893,SER1,2025,domestic_league,8819,6622,FK Javor-Matis Ivanjica,FK Mladost Lucani,0,0
2026-02-23,4645864,ES1,2025,domestic_league,1108,12321,Deportivo Alavés,Girona FC,2,2
2026-02-23,4646182,UKR1,2025,domestic_league,87883,10690,FC Kudrivka,Zorya Lugansk,2,2
2026-02-23,4646183,UKR1,2025,domestic_league,18303,39097,FC Oleksandriya,Obolon Kyiv,0,3
2026-02-23,4647966,TR1,2025,domestic_league,36,10484,Fenerbahce,Kasimpasa,1,1
2026-02-23,4648374,DK1,2025,domestic_league,206,5817,Bröndby IF,Sönderjyske Fodbold,0,0
2026-02-23,4648881,PO1,2025,domestic_league,3329,3268,FC Famalicão,Casa Pia AC,2,0
2026-02-23,4649093,RO1,2025,domestic_league,37255,58049,FK Csikszereda Miercurea Ciuc,FC Hermannstadt,2,1
2026-02-23,4649097,RO1,2025,domestic_league,301,37624,FCSB,FC Metaloglobus Bucharest,4,1
2026-02-23,4709385,SA1,2025,domestic_league,50532,18487,Damac Football Club,Al-Ahli Saudi Football Club,0,1
2026-02-23,4709388,SA1,2025,domestic_league,26069,7732,Al-Qadsiah Saudi Football Club,Al-Ettifaq Football Club,4,0
2026-02-23,4709389,SA1,2025,domestic_league,9840,31008,Al-Shabab Club,Al-Riyadh Saudi Club,3,1
2026-02-23,4709391,SA1,2025,domestic_league,27221,71665,Al-Fateh Club,Al-Okhdood Club,2,1
2026-02-23,4770607,MLS1,2025,domestic_league,1061,40058,Los Angeles Galaxy,New York City Football Club,1,1
2026-02-23,4770608,MLS1,2025,domestic_league,9636,1247,Seattle Sounders FC,Colorado Rapids,2,0
2026-02-23,4798331,ARG1,2025,domestic_league,7097,12301,Club Atlético Unión,Club Atlético Aldosivi,1,0
2026-02-24,4649500,SC1,2025,domestic_league,1519,370,Dundee United FC,Aberdeen FC,0,0
2026-02-24,4709386,SA1,2025,domestic_league,28844,1114,Al-Taawoun Football Club,Al-Hilal Saudi Football Club,1,1
2026-02-24,4709387,SA1,2025,domestic_league,9131,8023,Al-Hazem Sport Club,Al-Ittihad Football Club,1,1
2026-02-24,4709393,SA1,2025,domestic_league,6070,91427,Al-Khaleej Club (Saihat),Al-Kholood Club,2,3
2026-02-24,4798339,ARG1,2025,domestic_league,1775,1829,Club Atlético San Lorenzo de Almagro,Instituto Atlético Central Córdoba,1,1
2026-02-24,4798340,ARG1,2025,domestic_league,31284,3938,Club Atlético Central Córdoba,Club Atlético Talleres,2,0
2026-02-24,4798343,ARG1,2025,domestic_league,928,2402,Club Atlético Platense,Club Social y Deportivo Defensa y Justicia,0,0
2026-02-24,4814107,CL,2025,international_cup,762,10625,Newcastle United,Qarabağ FK,3,2
2026-02-24,4814108,CL,2025,international_cup,13,2282,Atlético de Madrid,Club Brugge KV,4,1
2026-02-24,4814109,CL,2025,international_cup,46,501,Inter Milan,Fotballklubben Bodø/Glimt,1,2
2026-02-24,4814110,CL,2025,international_cup,15,683,Bayer 04 Leverkusen,Olympiakos Syndesmos Filathlon Peiraios,0,0
2026-02-25,4709390,SA1,2025,domestic_league,32328,18544,Al-Najma Sport Club,Al-Nassr Football Club,0,5
2026-02-25,4709392,SA1,2025,domestic_league,50531,34911,Al-Fayha FC,Neom Sports Club,1,1
2026-02-25,4787645,C1,2025,domestic_league,242,938,FC Winterthur,FC Thun,0,3
2026-02-25,4798341,ARG1,2025,domestic_league,14687,1234,Club Atlético Gimnasia y Esgrima de Mendoza,Club Atlético Independiente de Avellaneda,1,1
2026-02-25,4798344,ARG1,2025,domestic_league,1029,19775,Club Atlético Vélez Sársfield,Asociación de Fomento Deportivo Riestra Barrio Colón,0,0
2026-02-25,4798345,ARG1,2025,domestic_league,1286,288,Club Atlético Newell’s Old Boys,Club Estudiantes de La Plata,0,2
2026-02-25,4798347,ARG1,2025,domestic_league,2417,14554,Club Atlético Belgrano,Club Atlético Tucumán,3,1
2026-02-25,4798351,ARG1,2025,domestic_league,25184,11831,Club Atlético Barracas Central,Club Atlético Tigre,2,1
2026-02-25,4798352,ARG1,2025,domestic_league,1106,1418,Club de Gimnasia y Esgrima La Plata,Club Atlético Rosario Central,1,2
2026-02-25,4811011,BRA1,2025,domestic_league,8793,679,Red Bull Bragantino,Clube Atlético Paranaense,1,1
2026-02-25,4811012,BRA1,2025,domestic_league,609,199,Cruzeiro Esporte Clube,Sport Club Corinthians Paulista,1,1
2026-02-25,4811014,BRA1,2025,domestic_league,776,585,Coritiba Foot Ball Club,São Paulo Futebol Clube,0,1
2026-02-25,4811016,BRA1,2025,domestic_league,10997,6600,Clube do Remo,Sport Club Internacional,1,1
2026-02-25,4814103,CL,2025,international_cup,583,162,Paris Saint-Germain,AS Monaco,2,2
2026-02-25,4814104,CL,2025,international_cup,506,141,Juventus FC,Galatasaray,3,2
2026-02-25,4814105,CL,2025,international_cup,418,294,Real Madrid,SL Benfica,2,1
2026-02-25,4814106,CL,2025,international_cup,800,16,Atalanta BC,Borussia Dortmund,4,1
2026-02-26,4750177,SA1,2025,domestic_league,31008,18487,Al-Riyadh Saudi Club,Al-Ahli Saudi Football Club,0,1
2026-02-26,4750182,SA1,2025,domestic_league,27221,50532,Al-Fateh Club,Damac Football Club,1,1
2026-02-26,4798338,ARG1,2025,domestic_league,12454,7097,Club Atlético Sarmiento,Club Atlético Unión,1,3
2026-02-26,4798346,ARG1,2025,domestic_league,14602,2063,Asociación Atlética Estudiantes,Club Atlético Huracán,2,0
2026-02-26,4798348,ARG1,2025,domestic_league,1444,12179,Racing Club Asociación Civil de Avellaneda,Club Sportivo Independiente Rivadavia,1,1
2026-02-26,4798349,ARG1,2025,domestic_league,209,830,Club Atlético River Plate,Club Atlético Banfield,3,1
2026-02-26,4805843,UCOL,2025,other,238,6251,Lech Poznan,Kuopion Palloseura,1,0
2026-02-26,4805844,UCOL,2025,other,1090,60368,AZ Alkmaar,FC Noah Yerevan,4,0
2026-02-26,4805845,UCOL,2025,other,873,6808,Crystal Palace,HSK Zrinjski Mostar,2,0
2026-02-26,4805846,UCOL,2025,other,430,2300,ACF Fiorentina,Jagiellonia Bialystok,2,4
2026-02-26,4805847,UCOL,2025,other,152,1167,Samsunspor,Shkendija Tetovo,4,0
2026-02-26,4805848,UCOL,2025,other,710,33741,NK Celje,FC Drita,3,2
2026-02-26,4805849,UCOL,2025,other,527,2311,Football Club Lausanne-Sport,"SK Sigma Olomouc, a.s.",1,2
2026-02-26,4805850,UCOL,2025,other,144,829,HNK Rijeka,Omonia Nicosia,3,1
2026-02-26,4805896,EL,2025,other,279,31614,Ferencvárosi TC,Ludogorets Razgrad,2,0
2026-02-26,4805897,EL,2025,other,941,265,FC Viktoria Plzen,Panathinaikos Athlitikos Omilos,4,5
2026-02-26,4805898,EL,2025,other,1184,419,KRC Genk,GNK Dinamo Zagreb,3,3
2026-02-26,4805899,EL,2025,other,940,1091,Celta de Vigo,Panthessalonikios Athlitikos Omilos Konstantinoupoliton,1,0
2026-02-26,4805900,EL,2025,other,79,371,VfB Stuttgart,Celtic FC,0,1
2026-02-26,4805901,EL,2025,other,703,36,Nottingham Forest,Fenerbahce,1,2
2026-02-26,4805902,EL,2025,other,1025,1100,Bologna Football Club 1909,Sportsklubben Brann,1,0
2026-02-26,4805903,EL,2025,other,159,1082,Red Star Belgrade,LOSC Lille,0,2
2026-02-26,4811009,BRA1,2025,domestic_league,221,978,Santos Futebol Clube,Club de Regatas Vasco da Gama,2,1
2026-02-26,4811010,BRA1,2025,domestic_league,1023,2462,Sociedade Esportiva Palmeiras,Fluminense Football Club,2,1
2026-02-26,4811013,BRA1,2025,domestic_league,210,330,Grêmio Foot-Ball Porto Alegrense,Clube Atlético Mineiro,2,1
2026-02-27,4620978,IT1,2025,domestic_league,130,1390,Parma Calcio 1913,Cagliari Calcio,1,1
2026-02-27,4624708,TS1,2025,domestic_league,450,62,FK Dukla Prague,SK Slavia Prague,0,2
2026-02-27,4624827,PL1,2025,domestic_league,6107,4000,Morski Związkowy Klub Sportowy Arka Gdynia Spółka Akcyjna,Lechia Gdansk,2,2
2026-02-27,4624829,PL1,2025,domestic_league,5689,6112,Cracovia,Piast Gliwice,2,3
2026-02-27,4625392,KR1,2025,domestic_league,2362,999,Slaven Belupo Koprivnica,NK Istra 1961,1,0
2026-02-27,4626077,GB1,2025,domestic_league,543,405,Wolverhampton Wanderers,Aston Villa,2,0
2026-02-27,4634384,L1,2025,domestic_league,167,3,FC Augsburg,1.FC Köln,2,0
2026-02-27,4635220,FR1,2025,domestic_league,667,826,RC Strasbourg Alsace,RC Lens,1,1
2026-02-27,4641298,BE1,2025,domestic_league,3057,3901,Standard Liège,RAAL La Louvière,1,1
2026-02-27,4641600,NL1,2025,domestic_league,1434,132,SC Telstar,NAC Breda,3,0
2026-02-27,4645828,ES1,2025,domestic_league,3368,1108,Levante UD,Deportivo Alavés,2,0
2026-02-27,4646213,UKR1,2025,domestic_league,338,84122,Dynamo Kyiv,Epicentr Kamyanets-Podilskyi,4,0
2026-02-27,4646218,UKR1,2025,domestic_league,660,26459,FC Shakhtar Donetsk,NK Veres Rivne,1,0
2026-02-27,4647976,TR1,2025,domestic_league,6890,2293,Basaksehir FK,Konyaspor,2,0
2026-02-27,4647979,TR1,2025,domestic_league,449,6646,Trabzonspor,Fatih Karagümrük,3,1
2026-02-27,4648835,PO1,2025,domestic_league,336,1465,Sporting CP,GD Estoril Praia,3,0
2026-02-27,4648837,PO1,2025,domestic_league,720,8024,FC Porto,FC Arouca,3,1
2026-02-27,4649164,RO1,2025,domestic_league,6429,4959,FC Universitatea Cluj,SC Otelul Galati,4,0
2026-02-27,4649165,RO1,2025,domestic_league,58049,8818,FC Hermannstadt,FC Botosani,3,1
2026-02-27,4649331,RU1,2025,domestic_league,964,2741,AO FK Zenit Sankt-Peterburg,FK Baltika,1,0
2026-02-27,4727318,AUS1,2025,domestic_league,7006,875,Melbourne Victory,Adelaide United,1,1
2026-02-27,4750178,SA1,2025,domestic_league,9840,1114,Al-Shabab Club,Al-Hilal Saudi Football Club,3,5
2026-02-27,4750179,SA1,2025,domestic_league,8023,6070,Al-Ittihad Football Club,Al-Khaleej Club (Saihat),1,0
2026-02-27,4750181,SA1,2025,domestic_league,9131,7732,Al-Hazem Sport Club,Al-Ettifaq Football Club,3,1
2026-02-27,4798358,ARG1,2025,domestic_league,1234,31284,Club Atlético Independiente de Avellaneda,Club Atlético Central Córdoba,2,0
2026-02-28,4620975,IT1,2025,domestic_league,1047,1005,Como 1907,US Lecce,3,1
2026-02-28,4620977,IT1,2025,domestic_league,46,252,Inter Milan,Genoa CFC,2,0
2026-02-28,4620984,IT1,2025,domestic_league,276,6195,Hellas Verona,SSC Napoli,1,2
2026-02-28,4624710,TS1,2025,domestic_league,697,1897,FC Slovan Liberec,FC Hradec Kralove,0,1
2026-02-28,4624711,TS1,2025,domestic_league,197,377,AC Sparta Prague,FC Baník Ostrava a.s.,5,2
2026-02-28,4624714,TS1,2025,domestic_league,1496,814,FK Pardubice,FK Teplice,1,1
2026-02-28,4624715,TS1,2025,domestic_league,5546,1322,FK Mlada Boleslav,FK Jablonec,3,0
2026-02-28,4624830,PL1,2025,domestic_league,6456,428,GKS GieKSa Katowice Spółka Akcyjna,Górnik Zabrze,3,1
2026-02-28,4624833,PL1,2025,domestic_league,3527,6110,Motor Lublin Spółka Akcyjna,Korona Kielce,2,0
2026-02-28,4624834,PL1,2025,domestic_league,324,88,Pogon Szczecin,Widzew Lodz,1,0
2026-02-28,4625393,KR1,2025,domestic_league,327,456,NK Osijek,HNK Vukovar 1991,2,0
2026-02-28,4625395,KR1,2025,domestic_league,599,447,NK Varazdin,HNK Hajduk Split,1,1
2026-02-28,4626069,GB1,2025,domestic_league,989,289,AFC Bournemouth,Sunderland AFC,1,1
2026-02-28,4626071,GB1,2025,domestic_league,1132,1148,Burnley FC,Brentford FC,3,4
2026-02-28,4626073,GB1,2025,domestic_league,399,281,Leeds United,Manchester City,0,1
2026-02-28,4626074,GB1,2025,domestic_league,31,379,Liverpool FC,West Ham United,5,2
2026-02-28,4626076,GB1,2025,domestic_league,762,29,Newcastle United,Everton FC,2,3
2026-02-28,4634378,L1,2025,domestic_league,15,39,Bayer 04 Leverkusen,1.FSV Mainz 05,1,1
2026-02-28,4634380,L1,2025,domestic_league,16,27,Borussia Dortmund,Bayern Munich,2,3
2026-02-28,4634381,L1,2025,domestic_league,86,2036,SV Werder Bremen,1. Fußballclub Heidenheim 1846,2,0
2026-02-28,4634383,L1,2025,domestic_league,18,89,Borussia Mönchengladbach,1.FC Union Berlin,1,0
2026-02-28,4634385,L1,2025,domestic_league,533,35,TSG 1899 Hoffenheim,FC St. Pauli,0,1
2026-02-28,4635213,FR1,2025,domestic_league,738,583,Le Havre AC,Paris Saint-Germain,0,1
2026-02-28,4635214,FR1,2025,domestic_league,273,415,Stade Rennais FC,FC Toulouse,1,0
2026-02-28,4635215,FR1,2025,domestic_league,162,1420,AS Monaco,Angers SCO,2,0
2026-02-28,4640857,SER1,2025,domestic_league,669,53,FK Partizan Belgrade,OFK Beograd,1,2
2026-02-28,4640858,SER1,2025,domestic_league,59358,448,FK Zeleznicar Pancevo,FK Vojvodina Novi Sad,2,0
2026-02-28,4640859,SER1,2025,domestic_league,4633,3137,FK Novi Pazar,FK TSC Backa Topola,2,0
2026-02-28,4640860,SER1,2025,domestic_league,6621,6622,FK Cukaricki,FK Mladost Lucani,3,1
2026-02-28,4641295,BE1,2025,domestic_league,58,2727,RSC Anderlecht,Oud-Heverlee Leuven,5,1
2026-02-28,4641297,BE1,2025,domestic_league,1096,475,Royal Antwerp FC,Sint-Truidense VV,1,0
2026-02-28,4641300,BE1,2025,domestic_league,354,3508,KV Mechelen,Zulte Waregem,2,1
2026-02-28,4641596,NL1,2025,domestic_league,1304,383,Heracles Almelo,PSV Eindhoven,1,3
2026-02-28,4641597,NL1,2025,domestic_league,467,385,NEC Nijmegen,Fortuna Sittardia Combinatie,2,3
2026-02-28,4641599,NL1,2025,domestic_league,306,468,SC Heerenveen,Sparta Rotterdam,2,1
2026-02-28,4645820,ES1,2025,domestic_league,2497,13,Real Oviedo,Atlético de Madrid,0,1
2026-02-28,4645824,ES1,2025,domestic_league,131,1050,FC Barcelona,Villarreal CF,4,1
2026-02-28,4645827,ES1,2025,domestic_league,237,681,RCD Mallorca,Real Sociedad,0,1
2026-02-28,4645829,ES1,2025,domestic_league,367,621,Rayo Vallecano,Athletic Bilbao,1,1
2026-02-28,4646211,UKR1,2025,domestic_league,63007,53646,LNZ Cherkasy,FK Polissya Zhytomyr,1,3
2026-02-28,4646212,UKR1,2025,domestic_league,55686,18303,TOV FK Metalist 1925 Kharkiv,FC Oleksandriya,1,0
2026-02-28,4647975,TR1,2025,domestic_league,1467,7160,Göztepe,Eyüpspor,0,0
2026-02-28,4647977,TR1,2025,domestic_league,120,114,Kocaelispor,Beşiktaş Jimnastik Kulübü,0,1
2026-02-28,4647978,TR1,2025,domestic_league,141,11282,Galatasaray,Alanyaspor,3,1
2026-02-28,4647982,TR1,2025,domestic_league,10484,126,Kasimpasa,Caykur Rizespor,0,3
2026-02-28,4648836,PO1,2025,domestic_league,2420,2521,Vitória Guimarães SC,FC Alverca,1,1
2026-02-28,4648840,PO1,2025,domestic_league,982,1075,CD Nacional,SC Braga,1,2
2026-02-28,4648842,PO1,2025,domestic_league,110302,2431,Avs Futebol,CF Estrela Amadora,0,0
2026-02-28,4649167,RO1,2025,domestic_league,29831,7769,FCV Farul Constanta,CFR Cluj,1,2
2026-02-28,4649170,RO1,2025,domestic_league,40812,37624,Universitatea Craiova,FC Metaloglobus Bucharest,2,1
2026-02-28,4649332,RU1,2025,domestic_league,16704,1083,FK Krasnodar,FK Rostov,2,1
2026-02-28,4649334,RU1,2025,domestic_league,932,49702,"Футбольный клуб ""Локомотив"" Москва",FK Nizhny Novgorod,2,1
2026-02-28,4649336,RU1,2025,domestic_league,14589,71985,FC Orenburg,Akron Togliatti,2,0
2026-02-28,4649337,RU1,2025,domestic_league,75231,2698,Dinamo Makhachkala,FC Rubin Kazan,2,1
2026-02-28,4649523,SC1,2025,domestic_league,511,903,Dundee FC,Hibernian FC,3,3
2026-02-28,4649524,SC1,2025,domestic_league,1191,2553,Falkirk FC,Kilmarnock FC,5,1
2026-02-28,4649525,SC1,2025,domestic_league,43,370,Heart of Midlothian FC,Aberdeen FC,1,0
2026-02-28,4649526,SC1,2025,domestic_league,1241,465,Livingston FC,St. Mirren FC,1,1
2026-02-28,4649527,SC1,2025,domestic_league,987,1519,Motherwell FC,Dundee United FC,2,0
2026-02-28,4665035,GR1,2025,domestic_league,3060,6418,APS Atromitos Athinon,Panetolikos Agrinio,1,0
2026-02-28,4665037,GR1,2025,domestic_league,30120,2672,Athlitiki Enosi Kifisias,APO Levadiakos Football Club,1,0
2026-02-28,4665038,GR1,2025,domestic_league,653,4603,Omilos Filathlon Irakliou FC,Athlitiki Enosi Larisas,3,0
2026-02-28,4727319,AUS1,2025,domestic_league,118373,25580,Auckland FC,Melbourne City FC,3,0
2026-02-28,4727320,AUS1,2025,domestic_league,6954,5551,Central Coast Mariners,Newcastle United Jets,0,0
2026-02-28,4727321,AUS1,2025,domestic_league,7831,970,Brisbane Roar,Perth Glory,1,1
2026-02-28,4727322,AUS1,2025,domestic_league,71085,36100,Macarthur FC,Western Sydney Wanderers,0,4
2026-02-28,4750180,SA1,2025,domestic_league,26069,28844,Al-Qadsiah Saudi Football Club,Al-Taawoun Football Club,1,1
2026-02-28,4750183,SA1,2025,domestic_league,50531,18544,Al-Fayha FC,Al-Nassr Football Club,1,3
2026-02-28,4750184,SA1,2025,domestic_league,34911,91427,Neom Sports Club,Al-Kholood Club,1,2
2026-02-28,4750185,SA1,2025,domestic_league,32328,71665,Al-Najma Sport Club,Al-Okhdood Club,1,3
2026-02-28,4787680,C1,2025,domestic_league,257,242,FC St. Gallen 1879,FC Winterthur,2,1
2026-02-28,4787681,C1,2025,domestic_league,938,434,FC Thun,FC Luzern,2,1
2026-02-28,4787682,C1,2025,domestic_league,61,321,Servette FC,FC Sion,0,0
2026-02-28,4798357,ARG1,2025,domestic_league,189,14687,Club Atlético Boca Juniors,Club Atlético Gimnasia y Esgrima de Mendoza,1,1
2026-02-28,4802908,MLS1,2025,domestic_league,623,626,Red Bull New York,New England Revolution,1,0
2026-02-28,4802909,MLS1,2025,domestic_league,432,4078,Chicago Fire Soccer Club,Club de Foot Montréal,3,0
2026-02-28,4802910,MLS1,2025,domestic_league,56089,51772,Minnesota United FC,Football Club Cincinnati,1,0
2026-02-28,4802911,MLS1,2025,domestic_league,1247,4291,Colorado Rapids,Portland Timbers,2,0
2026-02-28,4803361,RSK1,2025,domestic_league,2996,6500,Incheon United Football Club,Football Club Seoul,1,2
2026-02-28,4803362,RSK1,2025,domestic_league,3535,21459,Ulsan Hyundai Football Club,Gangwon Football Club,3,1
2026-02-28,4803363,RSK1,2025,domestic_league,6505,311,Gimcheon Sangmu Football Club,Football Club Pohang Steelers,1,1
2026-02-28,4808259,MEX1,2025,domestic_league,82696,4035,Mazatlán FC,CF Pachuca,1,0
2026-02-28,4808260,MEX1,2025,domestic_league,4961,1403,Querétaro FC,Santos Laguna,2,2
2026-02-28,4808261,MEX1,2025,domestic_league,13353,7633,Club Tijuana,UNAM Pumas,1,1
2026-02-28,4808262,MEX1,2025,domestic_league,49283,8590,FC Juárez,Atlas Guadalajara,3,1
2026-02-28,4808263,MEX1,2025,domestic_league,40188,5662,Atlético de San Luis,Puebla FC,0,1
2026-02-28,4808264,MEX1,2025,domestic_league,1804,6711,Deportivo Toluca,Deportivo Guadalajara,2,0
2026-03-01,4620976,IT1,2025,domestic_league,2239,5,US Cremonese,AC Milan,0,2
2026-03-01,4620980,IT1,2025,domestic_league,12,506,Associazione Sportiva Roma,Juventus FC,3,3
2026-03-01,4620981,IT1,2025,domestic_league,6574,800,US Sassuolo,Atalanta BC,2,1
2026-03-01,4620982,IT1,2025,domestic_league,416,398,Torino FC,Società Sportiva Lazio S.p.A.,2,0
2026-03-01,4624709,TS1,2025,domestic_league,2311,715,"SK Sigma Olomouc, a.s.","Bohemians Praha 1905, a.s.",1,0
2026-03-01,4624712,TS1,2025,domestic_league,5545,941,FC Zlin,FC Viktoria Plzen,3,0
2026-03-01,4624713,TS1,2025,domestic_league,13726,5544,MFK Karvina,1.FC Slovacko,0,2
2026-03-01,4624828,PL1,2025,domestic_league,15906,7154,Termalica Bruk-Bet Nieciecza Klub Sportowy,Radomiak Radom,1,1
2026-03-01,4624831,PL1,2025,domestic_league,2300,255,Jagiellonia Bialystok,Legia Warszawa,2,2
2026-03-01,4624832,PL1,2025,domestic_league,238,9644,Lech Poznan,Raków Częstochowa,4,3
2026-03-01,4625391,KR1,2025,domestic_league,419,24575,GNK Dinamo Zagreb,HNK Gorica,4,2
2026-03-01,4625394,KR1,2025,domestic_league,144,11194,HNK Rijeka,NK Lokomotiva Zagreb,2,0
2026-03-01,4626068,GB1,2025,domestic_league,11,631,Arsenal FC,Chelsea FC,2,1
2026-03-01,4626070,GB1,2025,domestic_league,1237,703,Brighton & Hove Albion,Nottingham Forest,2,1
2026-03-01,4626072,GB1,2025,domestic_league,931,148,Fulham FC,Tottenham Hotspur,2,1
2026-03-01,4626075,GB1,2025,domestic_league,985,873,Manchester United,Crystal Palace,2,1
2026-03-01,4634379,L1,2025,domestic_league,24,60,Eintracht Frankfurt,SC Freiburg,2,0
2026-03-01,4634382,L1,2025,domestic_league,79,82,VfB Stuttgart,VfL Wolfsburg,4,0
2026-03-01,4634386,L1,2025,domestic_league,41,23826,Hamburger SV,RB Leipzig,1,2
2026-03-01,4635216,FR1,2025,domestic_league,1158,290,FC Lorient,AJ Auxerre,2,2
2026-03-01,4635217,FR1,2025,domestic_league,347,3911,FC Metz,Stade Brestois 29,0,1
2026-03-01,4635218,FR1,2025,domestic_league,1082,995,LOSC Lille,FC Nantes,1,0
2026-03-01,4635219,FR1,2025,domestic_league,10004,417,Paris FC,OGC Nice,1,0
2026-03-01,4635221,FR1,2025,domestic_league,244,1041,Olympique Marseille,Olympique Lyon,3,2
2026-03-01,4640853,SER1,2025,domestic_league,7567,8819,FK Radnicki Nis,FK Javor-Matis Ivanjica,1,0
2026-03-01,4640855,SER1,2025,domestic_league,788,15276,FK Napredak Krusevac,FK Spartak Subotica,1,1
2026-03-01,4640856,SER1,2025,domestic_league,4645,159,FK Radnicki 1923 Kragujevac,Red Star Belgrade,0,2
2026-03-01,4641296,BE1,2025,domestic_league,1184,157,KRC Genk,KAA Gent,3,0
2026-03-01,4641299,BE1,2025,domestic_league,520,9010,Cercle Brugge,FCV Dender EH,0,0
2026-03-01,4641301,BE1,2025,domestic_league,968,3948,KVC Westerlo,Union Saint-Gilloise,0,0
2026-03-01,4641302,BE1,2025,domestic_league,172,2282,Royal Charleroi Sporting Club,Club Brugge KV,1,2
2026-03-01,4641592,NL1,2025,domestic_league,798,1435,Excelsior Rotterdam,Go Ahead Eagles,0,1
2026-03-01,4641593,NL1,2025,domestic_league,317,234,FC Twente Enschede,Feyenoord Rotterdam,2,0
2026-03-01,4641594,NL1,2025,domestic_league,200,1090,FC Utrecht,AZ Alkmaar,2,0
2026-03-01,4641595,NL1,2025,domestic_league,724,202,FC Volendam,FC Groningen,3,2
2026-03-01,4641598,NL1,2025,domestic_league,1269,610,PEC Zwolle,Ajax Amsterdam,0,0
2026-03-01,4642994,A1,2025,domestic_league,409,4467,Fußballclub Red Bull Salzburg,TSV Hartberg,0,0
2026-03-01,4642995,A1,2025,domestic_league,4441,122,Wolfsberger AC,Sportklub Puntigamer Sturm Graz,2,2
2026-03-01,4642996,A1,2025,domestic_league,14,413,Austria Vienna,LASK,2,2
2026-03-01,4642997,A1,2025,domestic_league,2157,2446,FC Blau-Weiss Linz,WSG Tirol,2,3
2026-03-01,4642998,A1,2025,domestic_league,3551,170,Sportclub Rheindorf Altach,Rapid Vienna,1,1
2026-03-01,4642999,A1,2025,domestic_league,316,266,Grazer AK 1902,SV Ried,2,1
2026-03-01,4645821,ES1,2025,domestic_league,12321,940,Girona FC,Celta de Vigo,1,2
2026-03-01,4645823,ES1,2025,domestic_league,1049,331,Valencia CF,CA Osasuna,1,0
2026-03-01,4645825,ES1,2025,domestic_league,150,368,Real Betis Balompié,Sevilla FC,2,2
2026-03-01,4645826,ES1,2025,domestic_league,1531,714,Elche CF,RCD Espanyol Barcelona,2,2
2026-03-01,4646214,UKR1,2025,domestic_league,3592,10690,Kryvbas Kryvyi Rig,Zorya Lugansk,3,1
2026-03-01,4646215,UKR1,2025,domestic_league,39097,48726,Obolon Kyiv,Rukh Lviv,1,0
2026-03-01,4646217,UKR1,2025,domestic_league,85465,48332,Karpaty Lviv,Kolos Kovalivka,0,1
2026-03-01,4647980,TR1,2025,domestic_league,152,2832,Samsunspor,Gaziantep FK,0,0
2026-03-01,4647981,TR1,2025,domestic_league,589,36,Antalyaspor,Fenerbahce,2,2
2026-03-01,4647983,TR1,2025,domestic_league,820,3205,Gençlerbirliği Spor Kulübü,Kayserispor,0,0
2026-03-01,4648367,DK1,2025,domestic_league,190,5724,FC Copenhagen,Randers FC,1,2
2026-03-01,4648368,DK1,2025,domestic_league,5776,1177,FC Fredericia,Silkeborg IF,2,1
2026-03-01,4648369,DK1,2025,domestic_league,443,678,Vejle Boldklub,Aarhus GF,1,2
2026-03-01,4648370,DK1,2025,domestic_league,865,206,FC Midtjylland,Bröndby IF,0,0
2026-03-01,4648371,DK1,2025,domestic_league,1063,2778,Viborg FF,FC Nordsjaelland,2,1
2026-03-01,4648372,DK1,2025,domestic_league,5817,173,Sönderjyske Fodbold,Odense Boldklub,1,0
2026-03-01,4648838,PO1,2025,domestic_league,2425,3329,Rio Ave FC,FC Famalicão,0,0
2026-03-01,4648839,PO1,2025,domestic_league,7179,2423,CD Tondela,CD Santa Clara,2,2
2026-03-01,4648843,PO1,2025,domestic_league,3268,979,Casa Pia AC,Moreirense FC,1,1
2026-03-01,4649163,RO1,2025,domestic_league,952,301,UTA Arad,FCSB,2,4
2026-03-01,4649166,RO1,2025,domestic_league,9465,37255,Petrolul Ploiesti,FK Csikszereda Miercurea Ciuc,1,1
2026-03-01,4649168,RO1,2025,domestic_league,312,41278,FC Dinamo 1948,ACSC FC Arges,0,1
2026-03-01,4649333,RU1,2025,domestic_league,121,2696,FK Dinamo Moskva,PFK Krylya Sovetov Samara,4,0
2026-03-01,4649335,RU1,2025,domestic_league,3725,2410,RFK Akhmat Grozny,PFK CSKA Moskva,1,0
2026-03-01,4649528,SC1,2025,domestic_league,124,371,Rangers FC,Celtic FC,2,2
2026-03-01,4665036,GR1,2025,domestic_league,60949,2441,Volou Neos Podosferikos Syllogos,Athlitiki Enosi Konstantinoupoleos,2,2
2026-03-01,4665039,GR1,2025,domestic_league,265,605,Panathinaikos Athlitikos Omilos,Aris Thessalonikis,3,1
2026-03-01,4665040,GR1,2025,domestic_league,3385,683,Panserraikos Serres,Olympiakos Syndesmos Filathlon Peiraios,1,2
2026-03-01,4665041,GR1,2025,domestic_league,1091,6676,Panthessalonikios Athlitikos Omilos Konstantinoupoliton,A.G.S Asteras Tripolis,2,0
2026-03-01,4727323,AUS1,2025,domestic_league,8445,8054,Wellington Phoenix,Sydney FC,0,1
2026-03-01,4787683,C1,2025,domestic_league,527,26,Football Club Lausanne-Sport,FC Basel 1893,1,2
2026-03-01,4787684,C1,2025,domestic_league,504,2790,Grasshopper Club Zurich,FC Lugano,1,0
2026-03-01,4787685,C1,2025,domestic_league,452,260,BSC Young Boys,FC Zürich,3,0
2026-03-01,4798353,ARG1,2025,domestic_league,1286,1418,Club Atlético Newell’s Old Boys,Club Atlético Rosario Central,0,2
2026-03-01,4798359,ARG1,2025,domestic_league,3938,1775,Club Atlético Talleres,Club Atlético San Lorenzo de Almagro,0,0
2026-03-01,4798360,ARG1,2025,domestic_league,1829,7097,Instituto Atlético Central Córdoba,Club Atlético Unión,1,2
2026-03-01,4798362,ARG1,2025,domestic_league,1030,25184,Asociación Atlética Argentinos Juniors,Club Atlético Barracas Central,1,1
2026-03-01,4802912,MLS1,2025,domestic_league,218,51663,San Jose Earthquakes,Atlanta United Football Club,2,0
2026-03-01,4802913,MLS1,2025,domestic_league,6643,9636,Real Salt Lake,Seattle Sounders FC,2,1
2026-03-01,4802914,MLS1,2025,domestic_league,8816,63966,FC Dallas,Nashville SC,0,0
2026-03-01,4802915,MLS1,2025,domestic_league,9168,51828,Houston Dynamo,Los Angeles Football Club,0,2
2026-03-01,4802916,MLS1,2025,domestic_league,4284,813,Sporting Kansas City,Columbus Crew,2,2
2026-03-01,4802917,MLS1,2025,domestic_league,6321,11141,Vancouver Whitecaps FC,Toronto FC,3,0
2026-03-01,4802918,MLS1,2025,domestic_league,1061,78435,Los Angeles Galaxy,Charlotte Football Club,3,0
2026-03-01,4802919,MLS1,2025,domestic_league,72309,2440,Austin FC,D.C. United,1,0
2026-03-01,4802920,MLS1,2025,domestic_league,25467,40058,Philadelphia Union,New York City Football Club,1,2
2026-03-01,4803364,RSK1,2025,domestic_league,6502,35759,Jeonbuk Hyundai Motors,Bucheon Football Club 1995,2,3
2026-03-01,4803365,RSK1,2025,domestic_league,19684,30925,Jeju SK Football Club,Gwangju Football Club,0,0
2026-03-01,4808265,MEX1,2025,domestic_league,4941,1146,Club León FC,Club Necaxa,2,1
2026-03-01,4808266,MEX1,2025,domestic_league,2407,3711,CF Monterrey,CD Cruz Azul,0,2
2026-03-01,4808267,MEX1,2025,domestic_league,3631,7055,CF América,Tigres UANL,1,4
2026-03-02,4620979,IT1,2025,domestic_league,4172,1025,Pisa Sporting Club,Bologna Football Club 1909,0,1
2026-03-02,4620983,IT1,2025,domestic_league,410,430,Udinese Calcio,ACF Fiorentina,3,0
2026-03-02,4624835,PL1,2025,domestic_league,168,2118,Zaglebie Lubin,Wisla Plock,2,0
2026-03-02,4640854,SER1,2025,domestic_league,32113,33328,FK IMT Belgrad,FK Radnik Surdulica,0,0
2026-03-02,4645822,ES1,2025,domestic_league,418,3709,Real Madrid,Getafe CF,0,1
2026-03-02,4646216,UKR1,2025,domestic_league,81401,87883,SC Poltava,FC Kudrivka,0,2
2026-03-02,4648841,PO1,2025,domestic_league,2424,294,Gil Vicente FC,SL Benfica,1,2
2026-03-02,4649169,RO1,2025,domestic_league,29700,455,AFC Unirea 04 Slobozia,FC Rapid 1923,1,2
2026-03-02,4649338,RU1,2025,domestic_league,41231,232,FK Sochi,FK Spartak Moskva,2,3
2026-03-02,4798354,ARG1,2025,domestic_league,288,1029,Club Estudiantes de La Plata,Club Atlético Vélez Sársfield,0,1
2026-03-02,4798355,ARG1,2025,domestic_league,19775,928,Asociación de Fomento Deportivo Riestra Barrio Colón,Club Atlético Platense,0,0
2026-03-02,4798356,ARG1,2025,domestic_league,2402,333,Club Social y Deportivo Defensa y Justicia,Club Atlético Lanús,1,1
2026-03-02,4798361,ARG1,2025,domestic_league,11831,1106,Club Atlético Tigre,Club de Gimnasia y Esgrima La Plata,2,2
2026-03-02,4802921,MLS1,2025,domestic_league,45604,69261,Orlando City Soccer Club,Club Internacional de Fútbol Miami,2,4
2026-03-02,4802922,MLS1,2025,domestic_league,114977,82686,San Diego Football Club,St. Louis City Soccer Club,2,0
2026-03-02,4803366,RSK1,2025,domestic_league,6499,38898,Foundation Coorperation Hana Financial Group Inc. Football Club,Football Club Anyang,1,1
2026-03-03,4626079,GB1,2025,domestic_league,989,1148,AFC Bournemouth,Brentford FC,0,0
2026-03-03,4626081,GB1,2025,domestic_league,29,1132,Everton FC,Burnley FC,2,0
2026-03-03,4626083,GB1,2025,domestic_league,399,289,Leeds United,Sunderland AFC,0,1
2026-03-03,4626087,GB1,2025,domestic_league,543,31,Wolverhampton Wanderers,Liverpool FC,2,1
2026-03-03,4649458,SC1,2025,domestic_league,1519,465,Dundee United FC,St. Mirren FC,2,1
2026-03-03,4777070,RUP,2025,domestic_cup,2741,964,FK Baltika,AO FK Zenit Sankt-Peterburg,0,1
2026-03-03,4778983,UKRP,2025,domestic_cup,338,49364,Dynamo Kyiv,Ingulets Petrove,2,0
2026-03-03,4787686,C1,2025,domestic_league,242,61,FC Winterthur,Servette FC,1,1
2026-03-03,4798363,ARG1,2025,domestic_league,830,12301,Club Atlético Banfield,Club Atlético Aldosivi,2,0
2026-03-03,4798364,ARG1,2025,domestic_league,12179,209,Club Sportivo Independiente Rivadavia,Club Atlético River Plate,1,1
2026-03-03,4798366,ARG1,2025,domestic_league,2063,2417,Club Atlético Huracán,Club Atlético Belgrano,3,1
2026-03-03,4798367,ARG1,2025,domestic_league,12454,14602,Club Atlético Sarmiento,Asociación Atlética Estudiantes,1,0
2026-03-03,4808366,FAC,2025,domestic_cup,1211,698,Port Vale FC,Bristol City,1,0
2026-03-03,4819283,CDR,2025,domestic_cup,131,13,FC Barcelona,Atlético de Madrid,3,0
2026-03-03,4819606,NLP,2025,domestic_cup,467,383,NEC Nijmegen,PSV Eindhoven,3,2
2026-03-03,4824553,CIT,2025,domestic_cup,1047,46,Como 1907,Inter Milan,0,0
2026-03-04,4626078,GB1,2025,domestic_league,405,631,Aston Villa,Chelsea FC,1,4
2026-03-04,4626080,GB1,2025,domestic_league,1237,11,Brighton & Hove Albion,Arsenal FC,0,1
2026-03-04,4626082,GB1,2025,domestic_league,931,379,Fulham FC,West Ham United,0,1
2026-03-04,4626084,GB1,2025,domestic_league,281,703,Manchester City,Nottingham Forest,2,2
2026-03-04,4626085,GB1,2025,domestic_league,762,985,Newcastle United,Manchester United,2,1
2026-03-04,4634280,L1,2025,domestic_league,41,15,Hamburger SV,Bayer 04 Leverkusen,0,1
2026-03-04,4645815,ES1,2025,domestic_league,367,2497,Rayo Vallecano,Real Oviedo,3,0
2026-03-04,4649493,SC1,2025,domestic_league,370,371,Aberdeen FC,Celtic FC,1,2
2026-03-04,4658057,GR1,2025,domestic_league,265,653,Panathinaikos Athlitikos Omilos,Omilos Filathlon Irakliou FC,4,1
2026-03-04,4665144,GR1,2025,domestic_league,30120,1091,Athlitiki Enosi Kifisias,Panthessalonikios Athlitikos Omilos Konstantinoupoliton,1,4
2026-03-04,4727217,AUS1,2025,domestic_league,71085,6954,Macarthur FC,Central Coast Mariners,1,3
2026-03-04,4777065,RUP,2025,domestic_cup,2410,16704,PFK CSKA Moskva,FK Krasnodar,3,1
2026-03-04,4777068,RUP,2025,domestic_cup,2696,14589,PFK Krylya Sovetov Samara,FC Orenburg,2,0
2026-03-04,4777071,RUP,2025,domestic_cup,1083,75231,FK Rostov,Dinamo Makhachkala,0,2
2026-03-04,4778982,UKRP,2025,domestic_cup,63007,21903,LNZ Cherkasy,Bukovyna Chernivtsi,4,5
2026-03-04,4787687,C1,2025,domestic_league,2790,321,FC Lugano,FC Sion,2,1
2026-03-04,4787688,C1,2025,domestic_league,434,452,FC Luzern,BSC Young Boys,1,2
2026-03-04,4787689,C1,2025,domestic_league,260,527,FC Zürich,Football Club Lausanne-Sport,1,2
2026-03-04,4798365,ARG1,2025,domestic_league,14554,1444,Club Atlético Tucumán,Racing Club Asociación Civil de Avellaneda,0,3
2026-03-04,4808268,MEX1,2025,domestic_league,4035,1146,CF Pachuca,Club Necaxa,2,1
2026-03-04,4808269,MEX1,2025,domestic_league,1403,3711,Santos Laguna,CD Cruz Azul,1,2
2026-03-04,4808270,MEX1,2025,domestic_league,40188,82696,Atlético de San Luis,Mazatlán FC,4,1
2026-03-04,4808271,MEX1,2025,domestic_league,7633,1804,UNAM Pumas,Deportivo Toluca,2,3
2026-03-04,4819284,CDR,2025,domestic_cup,681,621,Real Sociedad,Athletic Bilbao,1,0
2026-03-04,4819607,NLP,2025,domestic_cup,1090,1434,AZ Alkmaar,SC Telstar,2,1
2026-03-04,4824554,CIT,2025,domestic_cup,398,800,Società Sportiva Lazio S.p.A.,Atalanta BC,2,2
2026-03-05,4624787,PL1,2025,domestic_league,7154,6107,Radomiak Radom,Morski Związkowy Klub Sportowy Arka Gdynia Spółka Akcyjna,3,1
2026-03-05,4626086,GB1,2025,domestic_league,148,873,Tottenham Hotspur,Crystal Palace,1,3
2026-03-05,4750166,SA1,2025,domestic_league,50532,31008,Damac Football Club,Al-Riyadh Saudi Club,3,0
2026-03-05,4777064,RUP,2025,domestic_cup,121,232,FK Dinamo Moskva,FK Spartak Moskva,5,2
2026-03-05,4777069,RUP,2025,domestic_cup,3729,932,Arsenal Tula,"Футбольный клуб ""Локомотив"" Москва",1,2
2026-03-05,4778980,UKRP,2025,domestic_cup,55686,27227,TOV FK Metalist 1925 Kharkiv,Lokomotyv Kyiv,3,0
2026-03-05,4787690,C1,2025,domestic_league,26,504,FC Basel 1893,Grasshopper Club Zurich,1,0
2026-03-05,4787691,C1,2025,domestic_league,938,257,FC Thun,FC St. Gallen 1879,2,2
2026-03-05,4798342,ARG1,2025,domestic_league,333,189,Club Atlético Lanús,Club Atlético Boca Juniors,0,3
2026-03-05,4808272,MEX1,2025,domestic_league,2407,4961,CF Monterrey,Querétaro FC,4,0
2026-03-05,4808273,MEX1,2025,domestic_league,5662,7055,Puebla FC,Tigres UANL,3,1
2026-03-05,4808274,MEX1,2025,domestic_league,8590,13353,Atlas Guadalajara,Club Tijuana,2,1
2026-03-05,4808275,MEX1,2025,domestic_league,3631,49283,CF América,FC Juárez,1,2
2026-03-06,4620994,IT1,2025,domestic_league,6195,416,SSC Napoli,Torino FC,2,1
2026-03-06,4624837,PL1,2025,domestic_league,4000,2300,Lechia Gdansk,Jagiellonia Bialystok,3,0
2026-03-06,4625400,KR1,2025,domestic_league,999,327,NK Istra 1961,NK Osijek,0,1
2026-03-06,4634387,L1,2025,domestic_league,27,18,Bayern Munich,Borussia Mönchengladbach,4,1
2026-03-06,4635230,FR1,2025,domestic_league,583,162,Paris Saint-Germain,AS Monaco,1,3
2026-03-06,4641357,BE1,2025,domestic_league,3901,1096,RAAL La Louvière,Royal Antwerp FC,0,0
2026-03-06,4641578,NL1,2025,domestic_league,1304,200,Heracles Almelo,FC Utrecht,0,0
2026-03-06,4645954,ES1,2025,domestic_league,940,418,Celta de Vigo,Real Madrid,1,2
2026-03-06,4646192,UKR1,2025,domestic_league,18303,660,FC Oleksandriya,FC Shakhtar Donetsk,0,1
2026-03-06,4648846,PO1,2025,domestic_league,3329,8024,FC Famalicão,FC Arouca,1,0
2026-03-06,4649159,RO1,2025,domestic_league,37255,29831,FK Csikszereda Miercurea Ciuc,FCV Farul Constanta,1,0
2026-03-06,4727218,AUS1,2025,domestic_league,875,8445,Adelaide United,Wellington Phoenix,1,1
2026-03-06,4750159,SA1,2025,domestic_league,1114,32328,Al-Hilal Saudi Football Club,Al-Najma Sport Club,4,0
2026-03-06,4750162,SA1,2025,domestic_league,6070,9131,Al-Khaleej Club (Saihat),Al-Hazem Sport Club,2,1
2026-03-06,4750163,SA1,2025,domestic_league,18487,8023,Al-Ahli Saudi Football Club,Al-Ittihad Football Club,3,1
2026-03-06,4750164,SA1,2025,domestic_league,28844,27221,Al-Taawoun Football Club,Al-Fateh Club,3,2
2026-03-06,4827502,FAC,2025,domestic_cup,543,31,Wolverhampton Wanderers,Liverpool FC,1,3
2026-03-06,4832713,SFA,2025,domestic_cup,1191,1519,Falkirk FC,Dundee United FC,2,1
2026-03-07,4620985,IT1,2025,domestic_league,800,410,Atalanta BC,Udinese Calcio,2,2
2026-03-07,4620987,IT1,2025,domestic_league,1390,1047,Cagliari Calcio,Como 1907,1,2
2026-03-07,4620990,IT1,2025,domestic_league,506,4172,Juventus FC,Pisa Sporting Club,4,0
2026-03-07,4624716,TS1,2025,domestic_league,814,450,FK Teplice,FK Dukla Prague,0,0
2026-03-07,4624717,TS1,2025,domestic_league,1322,2311,FK Jablonec,"SK Sigma Olomouc, a.s.",1,2
2026-03-07,4624718,TS1,2025,domestic_league,715,697,"Bohemians Praha 1905, a.s.",FC Slovan Liberec,0,0
2026-03-07,4624723,TS1,2025,domestic_league,5544,5546,1.FC Slovacko,FK Mlada Boleslav,2,2
2026-03-07,4624836,PL1,2025,domestic_league,6110,15906,Korona Kielce,Termalica Bruk-Bet Nieciecza Klub Sportowy,2,1
2026-03-07,4624840,PL1,2025,domestic_league,6112,168,Piast Gliwice,Zaglebie Lubin,1,3
2026-03-07,4624843,PL1,2025,domestic_league,88,238,Widzew Lodz,Lech Poznan,2,1
2026-03-07,4625398,KR1,2025,domestic_league,11194,599,NK Lokomotiva Zagreb,NK Varazdin,1,1
2026-03-07,4625401,KR1,2025,domestic_league,24575,2362,HNK Gorica,Slaven Belupo Koprivnica,2,2
2026-03-07,4634388,L1,2025,domestic_league,60,15,SC Freiburg,Bayer 04 Leverkusen,3,3
2026-03-07,4634389,L1,2025,domestic_league,39,79,1.FSV Mainz 05,VfB Stuttgart,2,2
2026-03-07,4634390,L1,2025,domestic_league,23826,167,RB Leipzig,FC Augsburg,2,1
2026-03-07,4634391,L1,2025,domestic_league,82,41,VfL Wolfsburg,Hamburger SV,1,2
2026-03-07,4634394,L1,2025,domestic_league,2036,533,1. Fußballclub Heidenheim 1846,TSG 1899 Hoffenheim,2,4
2026-03-07,4634395,L1,2025,domestic_league,3,16,1.FC Köln,Borussia Dortmund,1,2
2026-03-07,4635222,FR1,2025,domestic_league,415,244,FC Toulouse,Olympique Marseille,0,1
2026-03-07,4635228,FR1,2025,domestic_league,290,667,AJ Auxerre,RC Strasbourg Alsace,0,0
2026-03-07,4635229,FR1,2025,domestic_league,995,1420,FC Nantes,Angers SCO,0,1
2026-03-07,4640805,SER1,2025,domestic_league,8819,6621,FK Javor-Matis Ivanjica,FK Cukaricki,1,0
2026-03-07,4640807,SER1,2025,domestic_league,3137,59358,FK TSC Backa Topola,FK Zeleznicar Pancevo,0,0
2026-03-07,4641352,BE1,2025,domestic_league,9010,172,FCV Dender EH,Royal Charleroi Sporting Club,2,2
2026-03-07,4641355,BE1,2025,domestic_league,3948,1184,Union Saint-Gilloise,KRC Genk,2,1
2026-03-07,4641358,BE1,2025,domestic_league,2727,968,Oud-Heverlee Leuven,KVC Westerlo,0,1
2026-03-07,4641574,NL1,2025,domestic_league,798,306,Excelsior Rotterdam,SC Heerenveen,1,2
2026-03-07,4641575,NL1,2025,domestic_league,202,610,FC Groningen,Ajax Amsterdam,3,1
2026-03-07,4641581,NL1,2025,domestic_league,383,1090,PSV Eindhoven,AZ Alkmaar,2,1
2026-03-07,4645949,ES1,2025,domestic_league,3368,12321,Levante UD,Girona FC,1,1
2026-03-07,4645950,ES1,2025,domestic_league,331,237,CA Osasuna,RCD Mallorca,2,2
2026-03-07,4645952,ES1,2025,domestic_league,621,131,Athletic Bilbao,FC Barcelona,0,1
2026-03-07,4645953,ES1,2025,domestic_league,13,681,Atlético de Madrid,Real Sociedad,3,2
2026-03-07,4646190,UKR1,2025,domestic_league,39097,3592,Obolon Kyiv,Kryvbas Kryvyi Rig,0,0
2026-03-07,4646194,UKR1,2025,domestic_league,84122,48332,Epicentr Kamyanets-Podilskyi,Kolos Kovalivka,4,0
2026-03-07,4647989,TR1,2025,domestic_league,6890,1467,Basaksehir FK,Göztepe,2,1
2026-03-07,4647990,TR1,2025,domestic_league,114,141,Beşiktaş Jimnastik Kulübü,Galatasaray,0,1
2026-03-07,4648844,PO1,2025,domestic_league,2521,110302,FC Alverca,Avs Futebol,0,0
2026-03-07,4648845,PO1,2025,domestic_league,1465,3268,GD Estoril Praia,Casa Pia AC,0,0
2026-03-07,4648849,PO1,2025,domestic_league,979,982,Moreirense FC,CD Nacional,1,1
2026-03-07,4648851,PO1,2025,domestic_league,1075,336,SC Braga,Sporting CP,2,2
2026-03-07,4649155,RO1,2025,domestic_league,37624,952,FC Metaloglobus Bucharest,UTA Arad,2,2
2026-03-07,4649156,RO1,2025,domestic_league,301,6429,FCSB,FC Universitatea Cluj,1,3
2026-03-07,4649158,RO1,2025,domestic_league,8818,9465,FC Botosani,Petrolul Ploiesti,0,1
2026-03-07,4649300,RU1,2025,domestic_league,1083,2741,FK Rostov,FK Baltika,1,1
2026-03-07,4649306,RU1,2025,domestic_league,49702,41231,FK Nizhny Novgorod,FK Sochi,2,1
2026-03-07,4649494,SC1,2025,domestic_league,511,987,Dundee FC,Motherwell FC,2,1
2026-03-07,4664993,GR1,2025,domestic_league,2441,4603,Athlitiki Enosi Konstantinoupoleos,Athlitiki Enosi Larisas,1,0
2026-03-07,4664995,GR1,2025,domestic_league,605,3060,Aris Thessalonikis,APS Atromitos Athinon,0,0
2026-03-07,4727219,AUS1,2025,domestic_league,5551,36100,Newcastle United Jets,Western Sydney Wanderers,2,1
2026-03-07,4727220,AUS1,2025,domestic_league,8054,7006,Sydney FC,Melbourne Victory,2,2
2026-03-07,4750160,SA1,2025,domestic_league,91427,26069,Al-Kholood Club,Al-Qadsiah Saudi Football Club,1,4
2026-03-07,4750161,SA1,2025,domestic_league,7732,9840,Al-Ettifaq Football Club,Al-Shabab Club,1,1
2026-03-07,4750165,SA1,2025,domestic_league,18544,34911,Al-Nassr Football Club,Neom Sports Club,1,0
2026-03-07,4750167,SA1,2025,domestic_league,71665,50531,Al-Okhdood Club,Al-Fayha FC,0,5
2026-03-07,4785271,DKP,2025,domestic_cup,1063,190,Viborg FF,FC Copenhagen,1,2
2026-03-07,4787668,C1,2025,domestic_league,61,260,Servette FC,FC Zürich,2,1
2026-03-07,4787669,C1,2025,domestic_league,321,242,FC Sion,FC Winterthur,1,1
2026-03-07,4787670,C1,2025,domestic_league,2790,434,FC Lugano,FC Luzern,1,3
2026-03-07,4802923,MLS1,2025,domestic_league,40058,45604,New York City Football Club,Orlando City Soccer Club,5,0
2026-03-07,4802925,MLS1,2025,domestic_league,2440,69261,D.C. United,Club Internacional de Fútbol Miami,1,2
2026-03-07,4803369,RSK1,2025,domestic_league,30925,2996,Gwangju Football Club,Incheon United Football Club,3,2
2026-03-07,4803370,RSK1,2025,domestic_league,35759,6499,Bucheon Football Club 1995,Foundation Coorperation Hana Financial Group Inc. Football Club,1,1
2026-03-07,4808277,MEX1,2025,domestic_league,82696,4941,Mazatlán FC,Club León FC,4,2
2026-03-07,4808278,MEX1,2025,domestic_league,1146,7633,Club Necaxa,UNAM Pumas,0,1
2026-03-07,4808280,MEX1,2025,domestic_league,3711,40188,CD Cruz Azul,Atlético de San Luis,3,0
2026-03-07,4808283,MEX1,2025,domestic_league,4961,3631,Querétaro FC,CF América,1,2
2026-03-07,4827501,FAC,2025,domestic_cup,762,281,Newcastle United,Manchester City,1,3
2026-03-07,4827503,FAC,2025,domestic_cup,1112,631,Wrexham AFC,Chelsea FC,2,4
2026-03-07,4827505,FAC,2025,domestic_cup,3820,11,Mansfield Town,Arsenal FC,1,2
2026-03-07,4832714,SFA,2025,domestic_cup,1270,370,Dunfermline Athletic FC,Aberdeen FC,3,0
2026-03-08,4620986,IT1,2025,domestic_league,1025,276,Bologna Football Club 1909,Hellas Verona,1,2
2026-03-08,4620988,IT1,2025,domestic_league,430,130,ACF Fiorentina,Parma Calcio 1913,0,0
2026-03-08,4620989,IT1,2025,domestic_league,252,12,Genoa CFC,Associazione Sportiva Roma,2,1
2026-03-08,4620992,IT1,2025,domestic_league,1005,2239,US Lecce,US Cremonese,2,1
2026-03-08,4620993,IT1,2025,domestic_league,5,46,AC Milan,Inter Milan,1,0
2026-03-08,4624719,TS1,2025,domestic_league,62,197,SK Slavia Prague,AC Sparta Prague,3,1
2026-03-08,4624720,TS1,2025,domestic_league,377,5545,FC Baník Ostrava a.s.,FC Zlin,6,2
2026-03-08,4624721,TS1,2025,domestic_league,1897,941,FC Hradec Kralove,FC Viktoria Plzen,0,3
2026-03-08,4624722,TS1,2025,domestic_league,13726,1496,MFK Karvina,FK Pardubice,1,2
2026-03-08,4624838,PL1,2025,domestic_league,255,5689,Legia Warszawa,Cracovia,1,0
2026-03-08,4624839,PL1,2025,domestic_league,3527,428,Motor Lublin Spółka Akcyjna,Górnik Zabrze,0,0
2026-03-08,4624841,PL1,2025,domestic_league,7154,6456,Radomiak Radom,GKS GieKSa Katowice Spółka Akcyjna,0,1
2026-03-08,4624842,PL1,2025,domestic_league,9644,324,Raków Częstochowa,Pogon Szczecin,2,0
2026-03-08,4625397,KR1,2025,domestic_league,447,419,HNK Hajduk Split,GNK Dinamo Zagreb,1,3
2026-03-08,4625399,KR1,2025,domestic_league,456,144,HNK Vukovar 1991,HNK Rijeka,0,1
2026-03-08,4634392,L1,2025,domestic_league,89,86,1.FC Union Berlin,SV Werder Bremen,1,4
2026-03-08,4634393,L1,2025,domestic_league,35,24,FC St. Pauli,Eintracht Frankfurt,0,0
2026-03-08,4635223,FR1,2025,domestic_league,3911,738,Stade Brestois 29,Le Havre AC,2,0
2026-03-08,4635224,FR1,2025,domestic_league,417,273,OGC Nice,Stade Rennais FC,0,4
2026-03-08,4635225,FR1,2025,domestic_league,1041,10004,Olympique Lyon,Paris FC,1,1
2026-03-08,4635226,FR1,2025,domestic_league,826,347,RC Lens,FC Metz,3,0
2026-03-08,4635227,FR1,2025,domestic_league,1082,1158,LOSC Lille,FC Lorient,1,1
2026-03-08,4640808,SER1,2025,domestic_league,448,669,FK Vojvodina Novi Sad,FK Partizan Belgrade,3,0
2026-03-08,4640810,SER1,2025,domestic_league,159,788,Red Star Belgrade,FK Napredak Krusevac,4,0
2026-03-08,4640811,SER1,2025,domestic_league,15276,32113,FK Spartak Subotica,FK IMT Belgrad,0,1
2026-03-08,4640812,SER1,2025,domestic_league,33328,7567,FK Radnik Surdulica,FK Radnicki Nis,2,2
2026-03-08,4641351,BE1,2025,domestic_league,475,520,Sint-Truidense VV,Cercle Brugge,2,1
2026-03-08,4641353,BE1,2025,domestic_league,3508,3057,Zulte Waregem,Standard Liège,0,1
2026-03-08,4641354,BE1,2025,domestic_league,2282,58,Club Brugge KV,RSC Anderlecht,2,2
2026-03-08,4641356,BE1,2025,domestic_league,157,354,KAA Gent,KV Mechelen,3,1
2026-03-08,4641576,NL1,2025,domestic_league,385,1434,Fortuna Sittardia Combinatie,SC Telstar,1,4
2026-03-08,4641577,NL1,2025,domestic_league,1435,317,Go Ahead Eagles,FC Twente Enschede,1,4
2026-03-08,4641579,NL1,2025,domestic_league,467,724,NEC Nijmegen,FC Volendam,3,0
2026-03-08,4641580,NL1,2025,domestic_league,132,234,NAC Breda,Feyenoord Rotterdam,3,3
2026-03-08,4641582,NL1,2025,domestic_league,468,1269,Sparta Rotterdam,PEC Zwolle,1,1
2026-03-08,4643000,A1,2025,domestic_league,122,3551,Sportklub Puntigamer Sturm Graz,Sportclub Rheindorf Altach,2,0
2026-03-08,4643001,A1,2025,domestic_league,413,4441,LASK,Wolfsberger AC,3,1
2026-03-08,4643002,A1,2025,domestic_league,170,409,Rapid Vienna,Fußballclub Red Bull Salzburg,1,0
2026-03-08,4643003,A1,2025,domestic_league,4467,2157,TSV Hartberg,FC Blau-Weiss Linz,1,1
2026-03-08,4643004,A1,2025,domestic_league,266,14,SV Ried,Austria Vienna,0,2
2026-03-08,4643005,A1,2025,domestic_league,2446,316,WSG Tirol,Grazer AK 1902,2,0
2026-03-08,4645951,ES1,2025,domestic_league,368,367,Sevilla FC,Rayo Vallecano,1,1
2026-03-08,4645956,ES1,2025,domestic_league,1049,1108,Valencia CF,Deportivo Alavés,3,2
2026-03-08,4645957,ES1,2025,domestic_league,3709,150,Getafe CF,Real Betis Balompié,2,0
2026-03-08,4645958,ES1,2025,domestic_league,1050,1531,Villarreal CF,Elche CF,2,1
2026-03-08,4646188,UKR1,2025,domestic_league,53646,338,FK Polissya Zhytomyr,Dynamo Kyiv,1,2
2026-03-08,4646189,UKR1,2025,domestic_league,10690,81401,Zorya Lugansk,SC Poltava,4,0
2026-03-08,4646191,UKR1,2025,domestic_league,85465,87883,Karpaty Lviv,FC Kudrivka,1,1
2026-03-08,4647984,TR1,2025,domestic_league,2293,10484,Konyaspor,Kasimpasa,1,1
2026-03-08,4647985,TR1,2025,domestic_league,126,589,Caykur Rizespor,Antalyaspor,1,0
2026-03-08,4647987,TR1,2025,domestic_league,36,152,Fenerbahce,Samsunspor,3,2
2026-03-08,4647988,TR1,2025,domestic_league,2832,6646,Gaziantep FK,Fatih Karagümrük,1,1
2026-03-08,4648848,PO1,2025,domestic_league,2431,2424,CF Estrela Amadora,Gil Vicente FC,2,2
2026-03-08,4648850,PO1,2025,domestic_league,2423,2420,CD Santa Clara,Vitória Guimarães SC,2,0
2026-03-08,4648852,PO1,2025,domestic_league,294,720,SL Benfica,FC Porto,2,2
2026-03-08,4649157,RO1,2025,domestic_league,4959,58049,SC Otelul Galati,FC Hermannstadt,0,2
2026-03-08,4649161,RO1,2025,domestic_league,41278,29700,ACSC FC Arges,AFC Unirea 04 Slobozia,0,0
2026-03-08,4649162,RO1,2025,domestic_league,455,40812,FC Rapid 1923,Universitatea Craiova,1,1
2026-03-08,4649301,RU1,2025,domestic_league,2696,75231,PFK Krylya Sovetov Samara,Dinamo Makhachkala,2,0
2026-03-08,4649302,RU1,2025,domestic_league,2410,121,PFK CSKA Moskva,FK Dinamo Moskva,1,4
2026-03-08,4649304,RU1,2025,domestic_league,14589,964,FC Orenburg,AO FK Zenit Sankt-Peterburg,2,1
2026-03-08,4649305,RU1,2025,domestic_league,2698,16704,FC Rubin Kazan,FK Krasnodar,2,1
2026-03-08,4664994,GR1,2025,domestic_league,6676,3385,A.G.S Asteras Tripolis,Panserraikos Serres,0,1
2026-03-08,4664996,GR1,2025,domestic_league,60949,653,Volou Neos Podosferikos Syllogos,Omilos Filathlon Irakliou FC,1,1
2026-03-08,4664997,GR1,2025,domestic_league,2672,265,APO Levadiakos Football Club,Panathinaikos Athlitikos Omilos,1,4
2026-03-08,4664998,GR1,2025,domestic_league,683,1091,Olympiakos Syndesmos Filathlon Peiraios,Panthessalonikios Athlitikos Omilos Konstantinoupoliton,0,0
2026-03-08,4727221,AUS1,2025,domestic_league,118373,970,Auckland FC,Perth Glory,2,2
2026-03-08,4785272,DKP,2025,domestic_cup,865,678,FC Midtjylland,Aarhus GF,1,1
2026-03-08,4787671,C1,2025,domestic_league,257,26,FC St. Gallen 1879,FC Basel 1893,3,0
2026-03-08,4787672,C1,2025,domestic_league,504,527,Grasshopper Club Zurich,Football Club Lausanne-Sport,2,3
2026-03-08,4787673,C1,2025,domestic_league,452,938,BSC Young Boys,FC Thun,1,2
2026-03-08,4802926,MLS1,2025,domestic_league,25467,218,Philadelphia Union,San Jose Earthquakes,0,1
2026-03-08,4802927,MLS1,2025,domestic_league,78435,72309,Charlotte Football Club,Austin FC,3,1
2026-03-08,4802928,MLS1,2025,domestic_league,813,432,Columbus Crew,Chicago Fire Soccer Club,0,0
2026-03-08,4802929,MLS1,2025,domestic_league,51663,6643,Atlanta United Football Club,Real Salt Lake,2,3
2026-03-08,4802930,MLS1,2025,domestic_league,4284,114977,Sporting Kansas City,San Diego Football Club,0,1
2026-03-08,4802931,MLS1,2025,domestic_league,82686,9636,St. Louis City Soccer Club,Seattle Sounders FC,0,1
2026-03-08,4802932,MLS1,2025,domestic_league,63966,56089,Nashville SC,Minnesota United FC,3,1
2026-03-08,4802933,MLS1,2025,domestic_league,1247,1061,Colorado Rapids,Los Angeles Galaxy,4,1
2026-03-08,4802934,MLS1,2025,domestic_league,51828,8816,Los Angeles Football Club,FC Dallas,1,0
2026-03-08,4802935,MLS1,2025,domestic_league,4291,6321,Portland Timbers,Vancouver Whitecaps FC,1,4
2026-03-08,4802936,MLS1,2025,domestic_league,623,4078,Red Bull New York,Club de Foot Montréal,0,3
2026-03-08,4802937,MLS1,2025,domestic_league,51772,11141,Football Club Cincinnati,Toronto FC,0,1
2026-03-08,4803371,RSK1,2025,domestic_league,6505,6502,Gimcheon Sangmu Football Club,Jeonbuk Hyundai Motors,1,1
2026-03-08,4803372,RSK1,2025,domestic_league,38898,19684,Football Club Anyang,Jeju SK Football Club,2,1
2026-03-08,4808279,MEX1,2025,domestic_league,4035,5662,CF Pachuca,Puebla FC,2,1
2026-03-08,4808281,MEX1,2025,domestic_league,8590,6711,Atlas Guadalajara,Deportivo Guadalajara,1,2
2026-03-08,4808282,MEX1,2025,domestic_league,7055,2407,Tigres UANL,CF Monterrey,1,0
2026-03-08,4808284,MEX1,2025,domestic_league,1804,49283,Deportivo Toluca,FC Juárez,3,1
2026-03-08,4827506,FAC,2025,domestic_cup,931,180,Fulham FC,Southampton FC,0,1
2026-03-08,4827507,FAC,2025,domestic_cup,399,1123,Leeds United,Norwich City,3,0
2026-03-08,4827508,FAC,2025,domestic_cup,1211,289,Port Vale FC,Sunderland AFC,1,0
2026-03-08,4832715,SFA,2025,domestic_cup,124,371,Rangers FC,Celtic FC,2,4
2026-03-08,4832716,SFA,2025,domestic_cup,465,2760,St. Mirren FC,Partick Thistle FC,2,1
2026-03-09,4620991,IT1,2025,domestic_league,398,6574,Società Sportiva Lazio S.p.A.,US Sassuolo,2,1
2026-03-09,4624844,PL1,2025,domestic_league,2118,6107,Wisla Plock,Morski Związkowy Klub Sportowy Arka Gdynia Spółka Akcyjna,0,3
2026-03-09,4640806,SER1,2025,domestic_league,6622,4633,FK Mladost Lucani,FK Novi Pazar,0,2
2026-03-09,4640809,SER1,2025,domestic_league,53,4645,OFK Beograd,FK Radnicki 1923 Kragujevac,0,0
2026-03-09,4645955,ES1,2025,domestic_league,714,2497,RCD Espanyol Barcelona,Real Oviedo,1,1
2026-03-09,4646187,UKR1,2025,domestic_league,48726,55686,Rukh Lviv,TOV FK Metalist 1925 Kharkiv,0,3
2026-03-09,4646193,UKR1,2025,domestic_league,26459,63007,NK Veres Rivne,LNZ Cherkasy,0,3
2026-03-09,4647986,TR1,2025,domestic_league,3205,449,Kayserispor,Trabzonspor,1,3
2026-03-09,4647991,TR1,2025,domestic_league,11282,820,Alanyaspor,Gençlerbirliği Spor Kulübü,0,0
2026-03-09,4647992,TR1,2025,domestic_league,7160,120,Eyüpspor,Kocaelispor,0,1
2026-03-09,4648847,PO1,2025,domestic_league,7179,2425,CD Tondela,Rio Ave FC,0,1
2026-03-09,4649160,RO1,2025,domestic_league,7769,312,CFR Cluj,FC Dinamo 1948,2,0
2026-03-09,4649299,RU1,2025,domestic_league,232,71985,FK Spartak Moskva,Akron Togliatti,4,3
2026-03-09,4649303,RU1,2025,domestic_league,932,3725,"Футбольный клуб ""Локомотив"" Москва",RFK Akhmat Grozny,2,2
2026-03-09,4664999,GR1,2025,domestic_league,6418,30120,Panetolikos Agrinio,Athlitiki Enosi Kifisias,2,1
2026-03-09,4808285,MEX1,2025,domestic_league,13353,1403,Club Tijuana,Santos Laguna,1,2
2026-03-09,4827504,FAC,2025,domestic_cup,379,1148,West Ham United,Brentford FC,7,5
2026-03-10,4798386,ARG1,2025,domestic_league,1234,7097,Club Atlético Independiente de Avellaneda,Club Atlético Unión,4,4
2026-03-10,4798396,ARG1,2025,domestic_league,11831,1029,Club Atlético Tigre,Club Atlético Vélez Sársfield,1,1
2026-03-10,4814355,CL,2025,international_cup,141,31,Galatasaray,Liverpool FC,1,0
2026-03-10,4814357,CL,2025,international_cup,800,27,Atalanta BC,Bayern Munich,1,6
2026-03-10,4814358,CL,2025,international_cup,762,131,Newcastle United,FC Barcelona,1,1
2026-03-10,4814359,CL,2025,international_cup,13,148,Atlético de Madrid,Tottenham Hotspur,5,2
2026-03-11,4798385,ARG1,2025,domestic_league,189,1775,Club Atlético Boca Juniors,Club Atlético San Lorenzo de Almagro,1,1
2026-03-11,4798388,ARG1,2025,domestic_league,1030,1418,Asociación Atlética Argentinos Juniors,Club Atlético Rosario Central,0,0
2026-03-11,4798389,ARG1,2025,domestic_league,830,1106,Club Atlético Banfield,Club de Gimnasia y Esgrima La Plata,1,2
2026-03-11,4798393,ARG1,2025,domestic_league,12454,1444,Club Atlético Sarmiento,Racing Club Asociación Civil de Avellaneda,0,0
2026-03-11,4798395,ARG1,2025,domestic_league,1286,928,Club Atlético Newell’s Old Boys,Club Atlético Platense,1,1
2026-03-11,4811001,BRA1,2025,domestic_league,3876,221,Mirasol Futebol Clube,Santos Futebol Clube,2,2
2026-03-11,4811002,BRA1,2025,domestic_league,330,6600,Clube Atlético Mineiro,Sport Club Internacional,1,0
2026-03-11,4811005,BRA1,2025,domestic_league,10010,2125,Esporte Clube Bahia,Esporte Clube Vitória,1,1
2026-03-11,4814354,CL,2025,international_cup,583,631,Paris Saint-Germain,Chelsea FC,5,2
2026-03-11,4814356,CL,2025,international_cup,418,281,Real Madrid,Manchester City,3,0
2026-03-11,4814360,CL,2025,international_cup,501,336,Fotballklubben Bodø/Glimt,Sporting CP,3,0
2026-03-11,4814361,CL,2025,international_cup,15,11,Bayer 04 Leverkusen,Arsenal FC,1,1
2026-03-12,4750249,SA1,2025,domestic_league,9131,91427,Al-Hazem Sport Club,Al-Kholood Club,2,1
2026-03-12,4750250,SA1,2025,domestic_league,34911,28844,Neom Sports Club,Al-Taawoun Football Club,2,2
2026-03-12,4750256,SA1,2025,domestic_league,32328,50532,Al-Najma Sport Club,Damac Football Club,1,3
2026-03-12,4798383,ARG1,2025,domestic_league,19775,14687,Asociación de Fomento Deportivo Riestra Barrio Colón,Club Atlético Gimnasia y Esgrima de Mendoza,0,0
2026-03-12,4798384,ARG1,2025,domestic_league,2402,31284,Club Social y Deportivo Defensa y Justicia,Club Atlético Central Córdoba,1,1
2026-03-12,4798387,ARG1,2025,domestic_league,3938,1829,Club Atlético Talleres,Instituto Atlético Central Córdoba,2,0
2026-03-12,4798390,ARG1,2025,domestic_league,12179,25184,Club Sportivo Independiente Rivadavia,Club Atlético Barracas Central,1,2
2026-03-12,4798391,ARG1,2025,domestic_league,14554,12301,Club Atlético Tucumán,Club Atlético Aldosivi,1,1
2026-03-12,4798394,ARG1,2025,domestic_league,14602,2417,Asociación Atlética Estudiantes,Club Atlético Belgrano,0,1
2026-03-12,4805859,UCOL,2025,other,238,660,Lech Poznan,FC Shakhtar Donetsk,1,3
2026-03-12,4805860,UCOL,2025,other,1090,197,AZ Alkmaar,AC Sparta Prague,2,1
2026-03-12,4805861,UCOL,2025,other,873,2156,Crystal Palace,AEK Larnaca,0,0
2026-03-12,4805862,UCOL,2025,other,430,9644,ACF Fiorentina,Raków Częstochowa,2,1
2026-03-12,4805863,UCOL,2025,other,152,367,Samsunspor,Rayo Vallecano,1,3
2026-03-12,4805864,UCOL,2025,other,710,2441,NK Celje,Athlitiki Enosi Konstantinoupoleos,0,4
2026-03-12,4805865,UCOL,2025,other,2311,39,"SK Sigma Olomouc, a.s.",1.FSV Mainz 05,0,0
2026-03-12,4805866,UCOL,2025,other,144,667,HNK Rijeka,RC Strasbourg Alsace,1,2
2026-03-12,4805904,EL,2025,other,279,1075,Ferencvárosi TC,SC Braga,2,0
2026-03-12,4805905,EL,2025,other,265,150,Panathinaikos Athlitikos Omilos,Real Betis Balompié,1,0
2026-03-12,4805906,EL,2025,other,1184,60,KRC Genk,SC Freiburg,1,0
2026-03-12,4805907,EL,2025,other,940,1041,Celta de Vigo,Olympique Lyon,1,1
2026-03-12,4805908,EL,2025,other,79,720,VfB Stuttgart,FC Porto,1,2
2026-03-12,4805909,EL,2025,other,703,865,Nottingham Forest,FC Midtjylland,0,1
2026-03-12,4805910,EL,2025,other,1025,12,Bologna Football Club 1909,Associazione Sportiva Roma,1,1
2026-03-12,4805911,EL,2025,other,1082,405,LOSC Lille,Aston Villa,0,1
2026-03-12,4810997,BRA1,2025,domestic_league,614,609,Clube de Regatas do Flamengo,Cruzeiro Esporte Clube,2,0
2026-03-12,4810998,BRA1,2025,domestic_league,978,1023,Club de Regatas Vasco da Gama,Sociedade Esportiva Palmeiras,2,1
2026-03-12,4810999,BRA1,2025,domestic_league,585,17776,São Paulo Futebol Clube,Associação Chapecoense de Futebol,2,0
2026-03-12,4811000,BRA1,2025,domestic_league,199,776,Sport Club Corinthians Paulista,Coritiba Foot Ball Club,0,2
2026-03-12,4811006,BRA1,2025,domestic_league,10997,2462,Clube do Remo,Fluminense Football Club,0,2
2026-03-13,4621002,IT1,2025,domestic_league,416,130,Torino FC,Parma Calcio 1913,4,1
2026-03-13,4624846,PL1,2025,domestic_league,15906,3527,Termalica Bruk-Bet Nieciecza Klub Sportowy,Motor Lublin Spółka Akcyjna,1,2
2026-03-13,4624852,PL1,2025,domestic_league,7154,255,Radomiak Radom,Legia Warszawa,1,1
2026-03-13,4625405,KR1,2025,domestic_league,599,456,NK Varazdin,HNK Vukovar 1991,2,0
2026-03-13,4634411,L1,2025,domestic_league,18,35,Borussia Mönchengladbach,FC St. Pauli,2,0
2026-03-13,4635239,FR1,2025,domestic_league,244,290,Olympique Marseille,AJ Auxerre,1,0
2026-03-13,4641377,BE1,2025,domestic_league,157,3508,KAA Gent,Zulte Waregem,2,0
2026-03-13,4641544,NL1,2025,domestic_league,1269,202,PEC Zwolle,FC Groningen,1,1
2026-03-13,4645922,ES1,2025,domestic_league,1108,1050,Deportivo Alavés,Villarreal CF,1,1
2026-03-13,4646155,UKR1,2025,domestic_league,338,39097,Dynamo Kyiv,Obolon Kyiv,2,1
2026-03-13,4646159,UKR1,2025,domestic_league,81401,85465,SC Poltava,Karpaty Lviv,0,4
2026-03-13,4647998,TR1,2025,domestic_league,589,2832,Antalyaspor,Gaziantep FK,1,4
2026-03-13,4647999,TR1,2025,domestic_league,6646,36,Fatih Karagümrük,Fenerbahce,2,0
2026-03-13,4649360,RU1,2025,domestic_league,75231,14589,Dinamo Makhachkala,FC Orenburg,1,0
2026-03-13,4727265,AUS1,2025,domestic_league,7831,36100,Brisbane Roar,Western Sydney Wanderers,2,2
2026-03-13,4750252,SA1,2025,domestic_league,31008,8023,Al-Riyadh Saudi Club,Al-Ittihad Football Club,3,1
2026-03-13,4750253,SA1,2025,domestic_league,26069,18487,Al-Qadsiah Saudi Football Club,Al-Ahli Saudi Football Club,3,2
2026-03-13,4750257,SA1,2025,domestic_league,50531,7732,Al-Fayha FC,Al-Ettifaq Football Club,1,0
2026-03-13,4798392,ARG1,2025,domestic_league,2063,209,Club Atlético Huracán,Club Atlético River Plate,1,2
2026-03-13,4811003,BRA1,2025,domestic_league,210,8793,Grêmio Foot-Ball Porto Alegrense,Red Bull Bragantino,1,1
2026-03-13,4839819,A1,2025,domestic_league,413,4467,LASK,TSV Hartberg,0,0
2026-03-14,4620997,IT1,2025,domestic_league,46,800,Inter Milan,Atalanta BC,1,1
2026-03-14,4620999,IT1,2025,domestic_league,6195,1005,SSC Napoli,US Lecce,2,1
2026-03-14,4621003,IT1,2025,domestic_league,410,506,Udinese Calcio,Juventus FC,0,1
2026-03-14,4624724,TS1,2025,domestic_league,1897,377,FC Hradec Kralove,FC Baník Ostrava a.s.,1,0
2026-03-14,4624726,TS1,2025,domestic_league,5545,62,FC Zlin,SK Slavia Prague,1,3
2026-03-14,4624728,TS1,2025,domestic_league,450,1322,FK Dukla Prague,FK Jablonec,2,0
2026-03-14,4624731,TS1,2025,domestic_league,5546,1496,FK Mlada Boleslav,FK Pardubice,2,0
2026-03-14,4624847,PL1,2025,domestic_league,5689,2118,Cracovia,Wisla Plock,1,2
2026-03-14,4624848,PL1,2025,domestic_league,6456,4000,GKS GieKSa Katowice Spółka Akcyjna,Lechia Gdansk,2,0
2026-03-14,4624850,PL1,2025,domestic_league,2300,6112,Jagiellonia Bialystok,Piast Gliwice,1,2
2026-03-14,4625402,KR1,2025,domestic_league,419,2362,GNK Dinamo Zagreb,Slaven Belupo Koprivnica,4,2
2026-03-14,4625403,KR1,2025,domestic_league,327,24575,NK Osijek,HNK Gorica,0,0
2026-03-14,4626088,GB1,2025,domestic_league,11,29,Arsenal FC,Everton FC,2,0
2026-03-14,4626090,GB1,2025,domestic_league,1132,989,Burnley FC,AFC Bournemouth,0,0
2026-03-14,4626091,GB1,2025,domestic_league,631,762,Chelsea FC,Newcastle United,0,1
2026-03-14,4626096,GB1,2025,domestic_league,289,1237,Sunderland AFC,Brighton & Hove Albion,0,1
2026-03-14,4626097,GB1,2025,domestic_league,379,281,West Ham United,Manchester City,1,1
2026-03-14,4634405,L1,2025,domestic_league,15,27,Bayer 04 Leverkusen,Bayern Munich,1,1
2026-03-14,4634406,L1,2025,domestic_league,24,2036,Eintracht Frankfurt,1. Fußballclub Heidenheim 1846,1,0
2026-03-14,4634407,L1,2025,domestic_league,16,167,Borussia Dortmund,FC Augsburg,2,0
2026-03-14,4634412,L1,2025,domestic_league,533,82,TSG 1899 Hoffenheim,VfL Wolfsburg,1,1
2026-03-14,4634413,L1,2025,domestic_league,41,3,Hamburger SV,1.FC Köln,1,1
2026-03-14,4635232,FR1,2025,domestic_league,1158,826,FC Lorient,RC Lens,2,1
2026-03-14,4635237,FR1,2025,domestic_league,1420,417,Angers SCO,OGC Nice,0,2
2026-03-14,4635238,FR1,2025,domestic_league,162,3911,AS Monaco,Stade Brestois 29,2,0
2026-03-14,4640936,SER1,2025,domestic_league,33328,8819,FK Radnik Surdulica,FK Javor-Matis Ivanjica,1,1
2026-03-14,4640940,SER1,2025,domestic_league,7567,15276,FK Radnicki Nis,FK Spartak Subotica,0,2
2026-03-14,4640954,SER1,2025,domestic_league,669,3137,FK Partizan Belgrade,FK TSC Backa Topola,2,1
2026-03-14,4641375,BE1,2025,domestic_league,3948,9010,Union Saint-Gilloise,FCV Dender EH,2,0
2026-03-14,4641381,BE1,2025,domestic_league,968,2282,KVC Westerlo,Club Brugge KV,1,2
2026-03-14,4641382,BE1,2025,domestic_league,172,2727,Royal Charleroi Sporting Club,Oud-Heverlee Leuven,0,2
2026-03-14,4641538,NL1,2025,domestic_league,610,468,Ajax Amsterdam,Sparta Rotterdam,4,0
2026-03-14,4641541,NL1,2025,domestic_league,724,385,FC Volendam,Fortuna Sittardia Combinatie,1,2
2026-03-14,4641545,NL1,2025,domestic_league,383,467,PSV Eindhoven,NEC Nijmegen,2,3
2026-03-14,4641546,NL1,2025,domestic_league,306,1434,SC Heerenveen,SC Telstar,3,0
2026-03-14,4645919,ES1,2025,domestic_league,418,1531,Real Madrid,Elche CF,4,1
2026-03-14,4645924,ES1,2025,domestic_league,13,3709,Atlético de Madrid,Getafe CF,1,0
2026-03-14,4645927,ES1,2025,domestic_league,2497,1049,Real Oviedo,Valencia CF,1,0
2026-03-14,4645928,ES1,2025,domestic_league,12321,621,Girona FC,Athletic Bilbao,3,0
2026-03-14,4646157,UKR1,2025,domestic_league,87883,26459,FC Kudrivka,NK Veres Rivne,0,0
2026-03-14,4646158,UKR1,2025,domestic_league,53646,3592,FK Polissya Zhytomyr,Kryvbas Kryvyi Rig,2,0
2026-03-14,4646160,UKR1,2025,domestic_league,63007,18303,LNZ Cherkasy,FC Oleksandriya,2,0
2026-03-14,4647994,TR1,2025,domestic_league,120,2293,Kocaelispor,Konyaspor,1,2
2026-03-14,4647996,TR1,2025,domestic_league,1467,11282,Göztepe,Alanyaspor,2,2
2026-03-14,4647997,TR1,2025,domestic_league,141,6890,Galatasaray,Basaksehir FK,3,0
2026-03-14,4648000,TR1,2025,domestic_league,449,126,Trabzonspor,Caykur Rizespor,1,0
2026-03-14,4648873,PO1,2025,domestic_league,2424,2521,Gil Vicente FC,FC Alverca,2,2
2026-03-14,4648874,PO1,2025,domestic_league,2420,3329,Vitória Guimarães SC,FC Famalicão,1,2
2026-03-14,4648878,PO1,2025,domestic_league,8024,294,FC Arouca,SL Benfica,1,2
2026-03-14,4649355,RU1,2025,domestic_league,964,232,AO FK Zenit Sankt-Peterburg,FK Spartak Moskva,2,0
2026-03-14,4649356,RU1,2025,domestic_league,1083,121,FK Rostov,FK Dinamo Moskva,0,1
2026-03-14,4649359,RU1,2025,domestic_league,2741,2410,FK Baltika,PFK CSKA Moskva,1,0
2026-03-14,4649362,RU1,2025,domestic_league,41231,16704,FK Sochi,FK Krasnodar,1,2
2026-03-14,4649517,SC1,2025,domestic_league,370,1191,Aberdeen FC,Falkirk FC,1,1
2026-03-14,4649518,SC1,2025,domestic_league,371,987,Celtic FC,Motherwell FC,3,1
2026-03-14,4649520,SC1,2025,domestic_league,903,1241,Hibernian FC,Livingston FC,0,0
2026-03-14,4649521,SC1,2025,domestic_league,2553,43,Kilmarnock FC,Heart of Midlothian FC,1,0
2026-03-14,4665126,GR1,2025,domestic_league,4603,6676,Athlitiki Enosi Larisas,A.G.S Asteras Tripolis,1,1
2026-03-14,4665129,GR1,2025,domestic_league,653,683,Omilos Filathlon Irakliou FC,Olympiakos Syndesmos Filathlon Peiraios,0,3
2026-03-14,4665131,GR1,2025,domestic_league,3385,605,Panserraikos Serres,Aris Thessalonikis,0,0
2026-03-14,4727264,AUS1,2025,domestic_league,8445,970,Wellington Phoenix,Perth Glory,2,0
2026-03-14,4727266,AUS1,2025,domestic_league,6954,875,Central Coast Mariners,Adelaide United,1,1
2026-03-14,4727269,AUS1,2025,domestic_league,5551,118373,Newcastle United Jets,Auckland FC,1,2
2026-03-14,4750251,SA1,2025,domestic_league,9840,71665,Al-Shabab Club,Al-Okhdood Club,2,0
2026-03-14,4750254,SA1,2025,domestic_league,27221,1114,Al-Fateh Club,Al-Hilal Saudi Football Club,0,1
2026-03-14,4750255,SA1,2025,domestic_league,6070,18544,Al-Khaleej Club (Saihat),Al-Nassr Football Club,0,5
2026-03-14,4787650,C1,2025,domestic_league,938,504,FC Thun,Grasshopper Club Zurich,5,1
2026-03-14,4787651,C1,2025,domestic_league,260,321,FC Zürich,FC Sion,1,2
2026-03-14,4794651,NO1,2025,domestic_league,4309,239,Hamarkameratene,Viking Fotballklubb,2,1
2026-03-14,4794652,NO1,2025,domestic_league,687,195,Molde Fotballklubb,Rosenborg Ballklub,2,0
2026-03-14,4798397,ARG1,2025,domestic_league,288,333,Club Estudiantes de La Plata,Club Atlético Lanús,0,1
2026-03-14,4798405,ARG1,2025,domestic_league,928,1029,Club Atlético Platense,Club Atlético Vélez Sársfield,0,2
2026-03-14,4802938,MLS1,2025,domestic_league,11141,623,Toronto FC,Red Bull New York,1,1
2026-03-14,4802939,MLS1,2025,domestic_league,51663,25467,Atlanta United Football Club,Philadelphia Union,3,1
2026-03-14,4802940,MLS1,2025,domestic_league,813,63966,Columbus Crew,Nashville SC,0,1
2026-03-14,4802941,MLS1,2025,domestic_league,45604,4078,Orlando City Soccer Club,Club de Foot Montréal,2,1
2026-03-14,4802942,MLS1,2025,domestic_league,40058,1247,New York City Football Club,Colorado Rapids,3,1
2026-03-14,4802943,MLS1,2025,domestic_league,78435,69261,Charlotte Football Club,Club Internacional de Fútbol Miami,0,0
2026-03-14,4803373,RSK1,2025,domestic_league,30925,6502,Gwangju Football Club,Jeonbuk Hyundai Motors,0,0
2026-03-14,4803374,RSK1,2025,domestic_league,6499,6505,Foundation Coorperation Hana Financial Group Inc. Football Club,Gimcheon Sangmu Football Club,1,1
2026-03-14,4808286,MEX1,2025,domestic_league,5662,1146,Puebla FC,Club Necaxa,0,0
2026-03-14,4808288,MEX1,2025,domestic_league,49283,2407,FC Juárez,CF Monterrey,2,2
2026-03-14,4808289,MEX1,2025,domestic_league,40188,4035,Atlético de San Luis,CF Pachuca,1,1
2026-03-14,4808290,MEX1,2025,domestic_league,6711,1403,Deportivo Guadalajara,Santos Laguna,3,0
2026-03-14,4810988,BRA1,2025,domestic_league,537,614,S. A. F. Botafogo,Clube de Regatas do Flamengo,0,3
2026-03-14,4810995,BRA1,2025,domestic_league,2125,330,Esporte Clube Vitória,Clube Atlético Mineiro,2,0
2026-03-14,4839820,A1,2025,domestic_league,266,2446,SV Ried,WSG Tirol,2,1
2026-03-14,4839821,A1,2025,domestic_league,3551,2157,Sportclub Rheindorf Altach,FC Blau-Weiss Linz,3,1
2026-03-14,4839822,A1,2025,domestic_league,316,4441,Grazer AK 1902,Wolfsberger AC,2,0
2026-03-15,4620995,IT1,2025,domestic_league,1047,12,Como 1907,Associazione Sportiva Roma,2,1
2026-03-15,4620998,IT1,2025,domestic_league,398,5,Società Sportiva Lazio S.p.A.,AC Milan,1,0
2026-03-15,4621000,IT1,2025,domestic_league,4172,1390,Pisa Sporting Club,Cagliari Calcio,3,1
2026-03-15,4621001,IT1,2025,domestic_league,6574,1025,US Sassuolo,Bologna Football Club 1909,0,1
2026-03-15,4621004,IT1,2025,domestic_league,276,252,Hellas Verona,Genoa CFC,0,2
2026-03-15,4624725,TS1,2025,domestic_league,941,715,FC Viktoria Plzen,"Bohemians Praha 1905, a.s.",2,0
2026-03-15,4624727,TS1,2025,domestic_league,697,814,FC Slovan Liberec,FK Teplice,1,1
2026-03-15,4624729,TS1,2025,domestic_league,197,5544,AC Sparta Prague,1.FC Slovacko,5,2
2026-03-15,4624730,TS1,2025,domestic_league,2311,13726,"SK Sigma Olomouc, a.s.",MFK Karvina,2,2
2026-03-15,4624845,PL1,2025,domestic_league,6107,88,Morski Związkowy Klub Sportowy Arka Gdynia Spółka Akcyjna,Widzew Lodz,0,0
2026-03-15,4624849,PL1,2025,domestic_league,428,9644,Górnik Zabrze,Raków Częstochowa,3,1
2026-03-15,4624853,PL1,2025,domestic_league,168,238,Zaglebie Lubin,Lech Poznan,0,1
2026-03-15,4625404,KR1,2025,domestic_league,144,999,HNK Rijeka,NK Istra 1961,0,2
2026-03-15,4625406,KR1,2025,domestic_league,447,11194,HNK Hajduk Split,NK Lokomotiva Zagreb,2,1
2026-03-15,4626092,GB1,2025,domestic_league,873,399,Crystal Palace,Leeds United,0,0
2026-03-15,4626093,GB1,2025,domestic_league,31,148,Liverpool FC,Tottenham Hotspur,1,1
2026-03-15,4626094,GB1,2025,domestic_league,985,405,Manchester United,Aston Villa,3,1
2026-03-15,4626095,GB1,2025,domestic_league,703,931,Nottingham Forest,Fulham FC,0,0
2026-03-15,4634408,L1,2025,domestic_league,60,89,SC Freiburg,1.FC Union Berlin,0,1
2026-03-15,4634409,L1,2025,domestic_league,86,39,SV Werder Bremen,1.FSV Mainz 05,0,2
2026-03-15,4634410,L1,2025,domestic_league,79,23826,VfB Stuttgart,RB Leipzig,1,0
2026-03-15,4635233,FR1,2025,domestic_league,738,1041,Le Havre AC,Olympique Lyon,0,0
2026-03-15,4635234,FR1,2025,domestic_league,667,10004,RC Strasbourg Alsace,Paris FC,0,0
2026-03-15,4635235,FR1,2025,domestic_league,347,415,FC Metz,FC Toulouse,3,4
2026-03-15,4635236,FR1,2025,domestic_league,273,1082,Stade Rennais FC,LOSC Lille,1,2
2026-03-15,4640943,SER1,2025,domestic_league,32113,159,FK IMT Belgrad,Red Star Belgrade,1,2
2026-03-15,4640951,SER1,2025,domestic_league,4645,448,FK Radnicki 1923 Kragujevac,FK Vojvodina Novi Sad,0,1
2026-03-15,4640955,SER1,2025,domestic_league,59358,6622,FK Zeleznicar Pancevo,FK Mladost Lucani,5,0
2026-03-15,4640956,SER1,2025,domestic_league,4633,6621,FK Novi Pazar,FK Cukaricki,1,1
2026-03-15,4641376,BE1,2025,domestic_league,1184,475,KRC Genk,Sint-Truidense VV,1,0
2026-03-15,4641378,BE1,2025,domestic_league,1096,3057,Royal Antwerp FC,Standard Liège,1,1
2026-03-15,4641379,BE1,2025,domestic_league,520,3901,Cercle Brugge,RAAL La Louvière,1,3
2026-03-15,4641380,BE1,2025,domestic_league,354,58,KV Mechelen,RSC Anderlecht,1,0
2026-03-15,4641539,NL1,2025,domestic_league,1090,1304,AZ Alkmaar,Heracles Almelo,4,0
2026-03-15,4641540,NL1,2025,domestic_league,317,200,FC Twente Enschede,FC Utrecht,0,2
2026-03-15,4641542,NL1,2025,domestic_league,234,798,Feyenoord Rotterdam,Excelsior Rotterdam,2,1
2026-03-15,4641543,NL1,2025,domestic_league,1435,132,Go Ahead Eagles,NAC Breda,6,0
2026-03-15,4645920,ES1,2025,domestic_league,237,714,RCD Mallorca,RCD Espanyol Barcelona,2,1
2026-03-15,4645923,ES1,2025,domestic_league,681,331,Real Sociedad,CA Osasuna,3,1
2026-03-15,4645925,ES1,2025,domestic_league,131,368,FC Barcelona,Sevilla FC,5,2
2026-03-15,4645926,ES1,2025,domestic_league,150,940,Real Betis Balompié,Celta de Vigo,1,1
2026-03-15,4646156,UKR1,2025,domestic_league,48332,10690,Kolos Kovalivka,Zorya Lugansk,1,1
2026-03-15,4646161,UKR1,2025,domestic_league,84122,48726,Epicentr Kamyanets-Podilskyi,Rukh Lviv,2,0
2026-03-15,4646162,UKR1,2025,domestic_league,660,55686,FC Shakhtar Donetsk,TOV FK Metalist 1925 Kharkiv,1,0
2026-03-15,4647993,TR1,2025,domestic_league,10484,7160,Kasimpasa,Eyüpspor,1,0
2026-03-15,4647995,TR1,2025,domestic_league,820,114,Gençlerbirliği Spor Kulübü,Beşiktaş Jimnastik Kulübü,0,2
2026-03-15,4648001,TR1,2025,domestic_league,152,3205,Samsunspor,Kayserispor,2,1
2026-03-15,4648871,PO1,2025,domestic_league,982,1465,CD Nacional,GD Estoril Praia,0,1
2026-03-15,4648872,PO1,2025,domestic_league,2425,2431,Rio Ave FC,CF Estrela Amadora,2,1
2026-03-15,4648875,PO1,2025,domestic_league,720,979,FC Porto,Moreirense FC,3,0
2026-03-15,4648877,PO1,2025,domestic_league,110302,2423,Avs Futebol,CD Santa Clara,0,1
2026-03-15,4649357,RU1,2025,domestic_league,2698,932,FC Rubin Kazan,"Футбольный клуб ""Локомотив"" Москва",3,0
2026-03-15,4649358,RU1,2025,domestic_league,49702,2696,FK Nizhny Novgorod,PFK Krylya Sovetov Samara,3,0
2026-03-15,4649361,RU1,2025,domestic_league,71985,3725,Akron Togliatti,RFK Akhmat Grozny,1,1
2026-03-15,4649519,SC1,2025,domestic_league,511,1519,Dundee FC,Dundee United FC,2,2
2026-03-15,4649522,SC1,2025,domestic_league,465,124,St. Mirren FC,Rangers FC,0,1
2026-03-15,4665127,GR1,2025,domestic_league,3060,2441,APS Atromitos Athinon,Athlitiki Enosi Konstantinoupoleos,2,2
2026-03-15,4665128,GR1,2025,domestic_league,30120,60949,Athlitiki Enosi Kifisias,Volou Neos Podosferikos Syllogos,2,0
2026-03-15,4665130,GR1,2025,domestic_league,265,6418,Panathinaikos Athlitikos Omilos,Panetolikos Agrinio,0,0
2026-03-15,4665132,GR1,2025,domestic_league,1091,2672,Panthessalonikios Athlitikos Omilos Konstantinoupoliton,APO Levadiakos Football Club,3,0
2026-03-15,4727268,AUS1,2025,domestic_league,7006,71085,Melbourne Victory,Macarthur FC,4,1
2026-03-15,4787653,C1,2025,domestic_league,527,452,Football Club Lausanne-Sport,BSC Young Boys,0,2
2026-03-15,4787654,C1,2025,domestic_league,26,61,FC Basel 1893,Servette FC,3,1
2026-03-15,4787655,C1,2025,domestic_league,434,242,FC Luzern,FC Winterthur,1,2
2026-03-15,4794653,NO1,2025,domestic_league,21101,1100,Kristiansund Ballklubb,Sportsklubben Brann,3,2
2026-03-15,4794654,NO1,2025,domestic_league,23184,267,KFUM-Kameratene Oslo,Idrettsklubben Start,2,0
2026-03-15,4794656,NO1,2025,domestic_league,76,6399,Vålerengens Idrettsforening,Sandefjord Fotball,1,0
2026-03-15,4794657,NO1,2025,domestic_league,5619,353,Aalesunds Fotballklubb,Lillestrøm Sportsklubb,1,3
2026-03-15,4794658,NO1,2025,domestic_league,1293,3837,Tromsø Idrettslag,Fredrikstad Fotballklubb,4,0
2026-03-15,4798398,ARG1,2025,domestic_league,2417,3938,Club Atlético Belgrano,Club Atlético Talleres,0,0
2026-03-15,4798407,ARG1,2025,domestic_league,209,12454,Club Atlético River Plate,Club Atlético Sarmiento,2,0
2026-03-15,4798410,ARG1,2025,domestic_league,1106,12179,Club de Gimnasia y Esgrima La Plata,Club Sportivo Independiente Rivadavia,2,3
2026-03-15,4798411,ARG1,2025,domestic_league,1418,830,Club Atlético Rosario Central,Club Atlético Banfield,2,1
2026-03-15,4802944,MLS1,2025,domestic_league,8816,114977,FC Dallas,San Diego Football Club,3,3
2026-03-15,4802945,MLS1,2025,domestic_league,9168,4291,Houston Dynamo,Portland Timbers,3,2
2026-03-15,4802946,MLS1,2025,domestic_league,432,2440,Chicago Fire Soccer Club,D.C. United,1,2
2026-03-15,4802947,MLS1,2025,domestic_league,1061,4284,Los Angeles Galaxy,Sporting Kansas City,1,2
2026-03-15,4802948,MLS1,2025,domestic_league,6643,72309,Real Salt Lake,Austin FC,2,1
2026-03-15,4802949,MLS1,2025,domestic_league,6321,56089,Vancouver Whitecaps FC,Minnesota United FC,6,0
2026-03-15,4802950,MLS1,2025,domestic_league,51828,82686,Los Angeles Football Club,St. Louis City Soccer Club,2,0
2026-03-15,4802951,MLS1,2025,domestic_league,626,51772,New England Revolution,Football Club Cincinnati,6,1
2026-03-15,4802952,MLS1,2025,domestic_league,218,9636,San Jose Earthquakes,Seattle Sounders FC,0,1
2026-03-15,4803375,RSK1,2025,domestic_league,35759,3535,Bucheon Football Club 1995,Ulsan Hyundai Football Club,1,2
2026-03-15,4803376,RSK1,2025,domestic_league,19684,6500,Jeju SK Football Club,Football Club Seoul,1,2
2026-03-15,4803377,RSK1,2025,domestic_league,21459,38898,Gangwon Football Club,Football Club Anyang,1,1
2026-03-15,4803378,RSK1,2025,domestic_league,311,2996,Football Club Pohang Steelers,Incheon United Football Club,1,1
2026-03-15,4808287,MEX1,2025,domestic_league,7055,4961,Tigres UANL,Querétaro FC,0,0
2026-03-15,4808291,MEX1,2025,domestic_league,4941,13353,Club León FC,Club Tijuana,0,3
2026-03-15,4808292,MEX1,2025,domestic_league,1804,8590,Deportivo Toluca,Atlas Guadalajara,1,1
2026-03-15,4808293,MEX1,2025,domestic_league,7633,3711,UNAM Pumas,CD Cruz Azul,2,2
2026-03-15,4810987,BRA1,2025,domestic_league,2462,679,Fluminense Football Club,Clube Atlético Paranaense,3,2
2026-03-15,4810989,BRA1,2025,domestic_league,221,199,Santos Futebol Clube,Sport Club Corinthians Paulista,1,1
2026-03-15,4810990,BRA1,2025,domestic_league,1023,3876,Sociedade Esportiva Palmeiras,Mirasol Futebol Clube,1,0
2026-03-15,4810991,BRA1,2025,domestic_league,8793,585,Red Bull Bragantino,São Paulo Futebol Clube,1,2
2026-03-15,4810992,BRA1,2025,domestic_league,609,978,Cruzeiro Esporte Clube,Club de Regatas Vasco da Gama,3,3
2026-03-15,4810993,BRA1,2025,domestic_league,6600,10010,Sport Club Internacional,Esporte Clube Bahia,0,1
2026-03-15,4810994,BRA1,2025,domestic_league,776,10997,Coritiba Foot Ball Club,Clube do Remo,1,0
2026-03-15,4839823,A1,2025,domestic_league,409,170,Fußballclub Red Bull Salzburg,Rapid Vienna,0,1
2026-03-15,4839824,A1,2025,domestic_league,14,122,Austria Vienna,Sportklub Puntigamer Sturm Graz,2,5
2026-03-16,4620996,IT1,2025,domestic_league,2239,430,US Cremonese,ACF Fiorentina,1,4
2026-03-16,4624851,PL1,2025,domestic_league,324,6110,Pogon Szczecin,Korona Kielce,2,1
2026-03-16,4626089,GB1,2025,domestic_league,1148,543,Brentford FC,Wolverhampton Wanderers,2,2
2026-03-16,4640948,SER1,2025,domestic_league,788,53,FK Napredak Krusevac,OFK Beograd,2,2
2026-03-16,4645921,ES1,2025,domestic_league,367,3368,Rayo Vallecano,Levante UD,1,1
2026-03-16,4798400,ARG1,2025,domestic_league,7097,189,Club Atlético Unión,Club Atlético Boca Juniors,1,1
2026-03-16,4798401,ARG1,2025,domestic_league,1775,2402,Club Atlético San Lorenzo de Almagro,Club Social y Deportivo Defensa y Justicia,2,5
2026-03-16,4798406,ARG1,2025,domestic_league,1444,14602,Racing Club Asociación Civil de Avellaneda,Asociación Atlética Estudiantes,2,0
2026-03-16,4798408,ARG1,2025,domestic_league,12301,2063,Club Atlético Aldosivi,Club Atlético Huracán,0,0
2026-03-16,4798409,ARG1,2025,domestic_league,25184,14554,Club Atlético Barracas Central,Club Atlético Tucumán,2,1
2026-03-16,4798412,ARG1,2025,domestic_league,11831,1030,Club Atlético Tigre,Asociación Atlética Argentinos Juniors,1,1
2026-03-16,4808294,MEX1,2025,domestic_league,3631,82696,CF América,Mazatlán FC,2,0
2026-03-16,4810996,BRA1,2025,domestic_league,17776,210,Associação Chapecoense de Futebol,Grêmio Foot-Ball Porto Alegrense,1,1
2026-03-17,4623885,PL1,2025,domestic_league,2300,6456,Jagiellonia Bialystok,GKS GieKSa Katowice Spółka Akcyjna,2,1
2026-03-17,4648007,TR1,2025,domestic_league,36,2832,Fenerbahce,Gaziantep FK,4,1
2026-03-17,4727267,AUS1,2025,domestic_league,8054,25580,Sydney FC,Melbourne City FC,0,1
2026-03-17,4777067,RUP,2025,domestic_cup,16704,2410,FK Krasnodar,PFK CSKA Moskva,4,0
2026-03-17,4787652,C1,2025,domestic_league,257,2790,FC St. Gallen 1879,FC Lugano,1,1
2026-03-17,4798399,ARG1,2025,domestic_league,1829,1234,Instituto Atlético Central Córdoba,Club Atlético Independiente de Avellaneda,2,1
2026-03-17,4798404,ARG1,2025,domestic_league,333,1286,Club Atlético Lanús,Club Atlético Newell’s Old Boys,5,0
2026-03-17,4803379,RSK1,2025,domestic_league,6505,30925,Gimcheon Sangmu Football Club,Gwangju Football Club,1,1
2026-03-17,4814362,CL,2025,international_cup,631,583,Chelsea FC,Paris Saint-Germain,0,3
2026-03-17,4814364,CL,2025,international_cup,281,418,Manchester City,Real Madrid,1,2
2026-03-17,4814368,CL,2025,international_cup,336,501,Sporting CP,Fotballklubben Bodø/Glimt,5,0
2026-03-17,4814369,CL,2025,international_cup,11,15,Arsenal FC,Bayer 04 Leverkusen,2,0
2026-03-18,4646205,UKR1,2025,domestic_league,87883,53646,FC Kudrivka,FK Polissya Zhytomyr,0,2
2026-03-18,4648003,TR1,2025,domestic_league,6890,589,Basaksehir FK,Antalyaspor,0,0
2026-03-18,4648004,TR1,2025,domestic_league,7160,449,Eyüpspor,Trabzonspor,0,1
2026-03-18,4648010,TR1,2025,domestic_league,11282,120,Alanyaspor,Kocaelispor,5,0
2026-03-18,4777066,RUP,2025,domestic_cup,232,121,FK Spartak Moskva,FK Dinamo Moskva,1,0
2026-03-18,4778981,UKRP,2025,domestic_cup,81169,65423,FC Chernigiv,Feniks-Mariupol,5,4
2026-03-18,4798402,ARG1,2025,domestic_league,31284,19775,Club Atlético Central Córdoba,Asociación de Fomento Deportivo Riestra Barrio Colón,1,0
2026-03-18,4798403,ARG1,2025,domestic_league,14687,288,Club Atlético Gimnasia y Esgrima de Mendoza,Club Estudiantes de La Plata,1,2
2026-03-18,4803380,RSK1,2025,domestic_league,35759,21459,Bucheon Football Club 1995,Gangwon Football Club,0,0
2026-03-18,4803381,RSK1,2025,domestic_league,2996,6499,Incheon United Football Club,Foundation Coorperation Hana Financial Group Inc. Football Club,1,3
2026-03-18,4803382,RSK1,2025,domestic_league,19684,3535,Jeju SK Football Club,Ulsan Hyundai Football Club,0,2
2026-03-18,4803383,RSK1,2025,domestic_league,6502,38898,Jeonbuk Hyundai Motors,Football Club Anyang,2,1
2026-03-18,4803384,RSK1,2025,domestic_league,311,6500,Football Club Pohang Steelers,Football Club Seoul,0,1
2026-03-18,4805912,EL,2025,other,1075,279,SC Braga,Ferencvárosi TC,4,0
2026-03-18,4810980,BRA1,2025,domestic_league,1023,537,Sociedade Esportiva Palmeiras,S. A. F. Botafogo,2,1
2026-03-18,4810981,BRA1,2025,domestic_league,3876,776,Mirasol Futebol Clube,Coritiba Foot Ball Club,0,1
2026-03-18,4810982,BRA1,2025,domestic_league,330,585,Clube Atlético Mineiro,São Paulo Futebol Clube,1,0
2026-03-18,4810984,BRA1,2025,domestic_league,679,609,Clube Atlético Paranaense,Cruzeiro Esporte Clube,2,1
2026-03-18,4810985,BRA1,2025,domestic_league,10010,8793,Esporte Clube Bahia,Red Bull Bragantino,2,0
2026-03-18,4814363,CL,2025,international_cup,31,141,Liverpool FC,Galatasaray,4,0
2026-03-18,4814365,CL,2025,international_cup,27,800,Bayern Munich,Atalanta BC,4,1
2026-03-18,4814366,CL,2025,international_cup,131,762,FC Barcelona,Newcastle United,7,2
2026-03-18,4814367,CL,2025,international_cup,148,13,Tottenham Hotspur,Atlético de Madrid,3,2
2026-03-18,4839900,RUP,2025,domestic_cup,964,75231,AO FK Zenit Sankt-Peterburg,Dinamo Makhachkala,1,0
2026-03-19,4646207,UKR1,2025,domestic_league,55686,81401,TOV FK Metalist 1925 Kharkiv,SC Poltava,2,0
2026-03-19,4646208,UKR1,2025,domestic_league,18303,338,FC Oleksandriya,Dynamo Kyiv,0,5
2026-03-19,4648002,TR1,2025,domestic_league,114,10484,Beşiktaş Jimnastik Kulübü,Kasimpasa,2,1
2026-03-19,4648006,TR1,2025,domestic_league,3205,6646,Kayserispor,Fatih Karagümrük,1,0
2026-03-19,4648009,TR1,2025,domestic_league,2293,820,Konyaspor,Gençlerbirliği Spor Kulübü,1,0
2026-03-19,4805867,UCOL,2025,other,660,238,FC Shakhtar Donetsk,Lech Poznan,1,2
2026-03-19,4805868,UCOL,2025,other,197,1090,AC Sparta Prague,AZ Alkmaar,0,4
2026-03-19,4805869,UCOL,2025,other,2156,873,AEK Larnaca,Crystal Palace,1,2
2026-03-19,4805870,UCOL,2025,other,9644,430,Raków Częstochowa,ACF Fiorentina,1,2
2026-03-19,4805871,UCOL,2025,other,367,152,Rayo Vallecano,Samsunspor,0,1
2026-03-19,4805872,UCOL,2025,other,2441,710,Athlitiki Enosi Konstantinoupoleos,NK Celje,0,2
2026-03-19,4805873,UCOL,2025,other,39,2311,1.FSV Mainz 05,"SK Sigma Olomouc, a.s.",2,0
2026-03-19,4805874,UCOL,2025,other,667,144,RC Strasbourg Alsace,HNK Rijeka,1,1
2026-03-19,4805913,EL,2025,other,150,265,Real Betis Balompié,Panathinaikos Athlitikos Omilos,4,0
2026-03-19,4805914,EL,2025,other,60,1184,SC Freiburg,KRC Genk,5,1
2026-03-19,4805915,EL,2025,other,1041,940,Olympique Lyon,Celta de Vigo,0,2
2026-03-19,4805916,EL,2025,other,720,79,FC Porto,VfB Stuttgart,2,0
2026-03-19,4805917,EL,2025,other,865,703,FC Midtjylland,Nottingham Forest,1,5
2026-03-19,4805918,EL,2025,other,12,1025,Associazione Sportiva Roma,Bologna Football Club 1909,3,4
2026-03-19,4805919,EL,2025,other,405,1082,Aston Villa,LOSC Lille,2,0
2026-03-19,4808276,MEX1,2025,domestic_league,6711,4941,Deportivo Guadalajara,Club León FC,5,0
2026-03-19,4810977,BRA1,2025,domestic_league,614,10997,Clube de Regatas do Flamengo,Clube do Remo,3,0
2026-03-19,4810978,BRA1,2025,domestic_league,978,2462,Club de Regatas Vasco da Gama,Fluminense Football Club,3,2
2026-03-19,4810979,BRA1,2025,domestic_league,221,6600,Santos Futebol Clube,Sport Club Internacional,1,2
2026-03-19,4810983,BRA1,2025,domestic_league,210,2125,Grêmio Foot-Ball Porto Alegrense,Esporte Clube Vitória,2,0
2026-03-19,4839901,RUP,2025,domestic_cup,2696,932,PFK Krylya Sovetov Samara,"Футбольный клуб ""Локомотив"" Москва",7,6
2026-03-20,4621007,IT1,2025,domestic_league,1390,6195,Cagliari Calcio,SSC Napoli,0,1
2026-03-20,4621010,IT1,2025,domestic_league,252,410,Genoa CFC,Udinese Calcio,0,2
2026-03-20,4624859,PL1,2025,domestic_league,3527,168,Motor Lublin Spółka Akcyjna,Zaglebie Lubin,1,0
2026-03-20,4624860,PL1,2025,domestic_league,6112,7154,Piast Gliwice,Radomiak Radom,3,1
2026-03-20,4625409,KR1,2025,domestic_league,999,599,NK Istra 1961,NK Varazdin,2,1
2026-03-20,4626099,GB1,2025,domestic_league,989,985,AFC Bournemouth,Manchester United,2,2
2026-03-20,4634426,L1,2025,domestic_league,23826,533,RB Leipzig,TSG 1899 Hoffenheim,5,0
2026-03-20,4635244,FR1,2025,domestic_league,826,1420,RC Lens,Angers SCO,5,1
2026-03-20,4640916,SER1,2025,domestic_league,15276,33328,FK Spartak Subotica,FK Radnik Surdulica,1,3
2026-03-20,4641587,NL1,2025,domestic_league,1304,798,Heracles Almelo,Excelsior Rotterdam,1,1
2026-03-20,4645911,ES1,2025,domestic_league,1050,681,Villarreal CF,Real Sociedad,3,1
2026-03-20,4648863,PO1,2025,domestic_league,2431,3268,CF Estrela Amadora,Casa Pia AC,4,0
2026-03-20,4727306,AUS1,2025,domestic_league,36100,875,Western Sydney Wanderers,Adelaide United,2,4
2026-03-20,4810986,BRA1,2025,domestic_league,17776,199,Associação Chapecoense de Futebol,Sport Club Corinthians Paulista,0,0
2026-03-20,4839825,A1,2025,domestic_league,122,409,Sportklub Puntigamer Sturm Graz,Fußballclub Red Bull Salzburg,1,1
2026-03-21,4621011,IT1,2025,domestic_league,506,6574,Juventus FC,US Sassuolo,1,1
2026-03-21,4621012,IT1,2025,domestic_league,5,416,AC Milan,Torino FC,3,2
2026-03-21,4621013,IT1,2025,domestic_league,130,2239,Parma Calcio 1913,US Cremonese,0,2
2026-03-21,4624854,PL1,2025,domestic_league,5689,6456,Cracovia,GKS GieKSa Katowice Spółka Akcyjna,1,0
2026-03-21,4624857,PL1,2025,domestic_league,4000,324,Lechia Gdansk,Pogon Szczecin,2,1
2026-03-21,4624862,PL1,2025,domestic_league,2300,2118,Jagiellonia Bialystok,Wisla Plock,1,2
2026-03-21,4625407,KR1,2025,domestic_league,11194,419,NK Lokomotiva Zagreb,GNK Dinamo Zagreb,0,5
2026-03-21,4625408,KR1,2025,domestic_league,456,447,HNK Vukovar 1991,HNK Hajduk Split,0,6
2026-03-21,4626100,GB1,2025,domestic_league,1237,31,Brighton & Hove Albion,Liverpool FC,2,1
2026-03-21,4626101,GB1,2025,domestic_league,29,631,Everton FC,Chelsea FC,3,0
2026-03-21,4626102,GB1,2025,domestic_league,931,1132,Fulham FC,Burnley FC,3,1
2026-03-21,4626103,GB1,2025,domestic_league,399,1148,Leeds United,Brentford FC,0,0
2026-03-21,4634423,L1,2025,domestic_league,27,89,Bayern Munich,1.FC Union Berlin,4,0
2026-03-21,4634424,L1,2025,domestic_league,16,41,Borussia Dortmund,Hamburger SV,3,2
2026-03-21,4634427,L1,2025,domestic_league,82,86,VfL Wolfsburg,SV Werder Bremen,0,1
2026-03-21,4634430,L1,2025,domestic_league,2036,15,1. Fußballclub Heidenheim 1846,Bayer 04 Leverkusen,3,3
2026-03-21,4634431,L1,2025,domestic_league,3,18,1.FC Köln,Borussia Mönchengladbach,3,3
2026-03-21,4635241,FR1,2025,domestic_league,290,3911,AJ Auxerre,Stade Brestois 29,3,0
2026-03-21,4635246,FR1,2025,domestic_league,415,1158,FC Toulouse,FC Lorient,1,0
2026-03-21,4635247,FR1,2025,domestic_league,417,583,OGC Nice,Paris Saint-Germain,0,4
2026-03-21,4640909,SER1,2025,domestic_league,8819,4633,FK Javor-Matis Ivanjica,FK Novi Pazar,0,0
2026-03-21,4640911,SER1,2025,domestic_league,6622,669,FK Mladost Lucani,FK Partizan Belgrade,1,1
2026-03-21,4640913,SER1,2025,domestic_league,448,788,FK Vojvodina Novi Sad,FK Napredak Krusevac,4,1
2026-03-21,4640915,SER1,2025,domestic_league,159,7567,Red Star Belgrade,FK Radnicki Nis,2,0
2026-03-21,4641586,NL1,2025,domestic_league,385,317,Fortuna Sittardia Combinatie,FC Twente Enschede,1,2
2026-03-21,4641589,NL1,2025,domestic_league,1269,132,PEC Zwolle,NAC Breda,2,1
2026-03-21,4641590,NL1,2025,domestic_league,468,724,Sparta Rotterdam,FC Volendam,2,0
2026-03-21,4645910,ES1,2025,domestic_league,331,12321,CA Osasuna,Girona FC,1,0
2026-03-21,4645914,ES1,2025,domestic_league,1531,237,Elche CF,RCD Mallorca,2,1
2026-03-21,4645915,ES1,2025,domestic_league,714,3709,RCD Espanyol Barcelona,Getafe CF,1,2
2026-03-21,4645916,ES1,2025,domestic_league,3368,2497,Levante UD,Real Oviedo,4,2
2026-03-21,4645917,ES1,2025,domestic_league,368,1049,Sevilla FC,Valencia CF,0,2
2026-03-21,4646206,UKR1,2025,domestic_league,3592,84122,Kryvbas Kryvyi Rig,Epicentr Kamyanets-Podilskyi,2,1
2026-03-21,4646210,UKR1,2025,domestic_league,48726,63007,Rukh Lviv,LNZ Cherkasy,1,2
2026-03-21,4648862,PO1,2025,domestic_league,7179,110302,CD Tondela,Avs Futebol,0,0
2026-03-21,4648864,PO1,2025,domestic_league,979,8024,Moreirense FC,FC Arouca,0,1
2026-03-21,4648867,PO1,2025,domestic_league,3329,982,FC Famalicão,CD Nacional,1,0
2026-03-21,4648868,PO1,2025,domestic_league,2423,2424,CD Santa Clara,Gil Vicente FC,1,0
2026-03-21,4648870,PO1,2025,domestic_league,294,2420,SL Benfica,Vitória Guimarães SC,3,0
2026-03-21,4649363,RU1,2025,domestic_league,16704,49702,FK Krasnodar,FK Nizhny Novgorod,5,0
2026-03-21,4649365,RU1,2025,domestic_league,2410,75231,PFK CSKA Moskva,Dinamo Makhachkala,3,1
2026-03-21,4649368,RU1,2025,domestic_league,3725,1083,RFK Akhmat Grozny,FK Rostov,1,0
2026-03-21,4649370,RU1,2025,domestic_league,2741,41231,FK Baltika,FK Sochi,4,0
2026-03-21,4649542,SC1,2025,domestic_league,1191,465,Falkirk FC,St. Mirren FC,1,2
2026-03-21,4649543,SC1,2025,domestic_league,43,511,Heart of Midlothian FC,Dundee FC,1,0
2026-03-21,4649544,SC1,2025,domestic_league,2553,1241,Kilmarnock FC,Livingston FC,2,0
2026-03-21,4649545,SC1,2025,domestic_league,987,903,Motherwell FC,Hibernian FC,0,0
2026-03-21,4649546,SC1,2025,domestic_league,124,370,Rangers FC,Aberdeen FC,4,1
2026-03-21,4727307,AUS1,2025,domestic_league,118373,71085,Auckland FC,Macarthur FC,1,2
2026-03-21,4727308,AUS1,2025,domestic_league,7831,8445,Brisbane Roar,Wellington Phoenix,1,2
2026-03-21,4727309,AUS1,2025,domestic_league,7006,6954,Melbourne Victory,Central Coast Mariners,4,1
2026-03-21,4787638,C1,2025,domestic_league,61,504,Servette FC,Grasshopper Club Zurich,5,0
2026-03-21,4787639,C1,2025,domestic_league,260,938,FC Zürich,FC Thun,2,1
2026-03-21,4787640,C1,2025,domestic_league,321,257,FC Sion,FC St. Gallen 1879,1,1
2026-03-21,4794707,NO1,2025,domestic_league,267,5619,Idrettsklubben Start,Aalesunds Fotballklubb,1,1
2026-03-21,4794708,NO1,2025,domestic_league,239,687,Viking Fotballklubb,Molde Fotballklubb,4,1
2026-03-21,4798414,ARG1,2025,domestic_league,1029,333,Club Atlético Vélez Sársfield,Club Atlético Lanús,0,1
2026-03-21,4798415,ARG1,2025,domestic_league,1286,14687,Club Atlético Newell’s Old Boys,Club Atlético Gimnasia y Esgrima de Mendoza,1,0
2026-03-21,4798418,ARG1,2025,domestic_league,2402,7097,Club Social y Deportivo Defensa y Justicia,Club Atlético Unión,2,0
2026-03-21,4798420,ARG1,2025,domestic_league,1234,3938,Club Atlético Independiente de Avellaneda,Club Atlético Talleres,1,2
2026-03-21,4798421,ARG1,2025,domestic_league,830,11831,Club Atlético Banfield,Club Atlético Tigre,1,0
2026-03-21,4798423,ARG1,2025,domestic_league,14554,1106,Club Atlético Tucumán,Club de Gimnasia y Esgrima La Plata,1,0
2026-03-21,4802953,MLS1,2025,domestic_league,11141,813,Toronto FC,Columbus Crew,2,1
2026-03-21,4802954,MLS1,2025,domestic_league,25467,432,Philadelphia Union,Chicago Fire Soccer Club,1,2
2026-03-21,4802955,MLS1,2025,domestic_league,63966,45604,Nashville SC,Orlando City Soccer Club,5,0
2026-03-21,4802956,MLS1,2025,domestic_league,78435,623,Charlotte Football Club,Red Bull New York,6,1
2026-03-21,4802957,MLS1,2025,domestic_league,51663,2440,Atlanta United Football Club,D.C. United,0,0
2026-03-21,4803385,RSK1,2025,domestic_league,6499,6502,Foundation Coorperation Hana Financial Group Inc. Football Club,Jeonbuk Hyundai Motors,0,1
2026-03-21,4808295,MEX1,2025,domestic_league,1146,13353,Club Necaxa,Club Tijuana,3,0
2026-03-21,4808296,MEX1,2025,domestic_league,82696,3711,Mazatlán FC,CD Cruz Azul,1,1
2026-03-21,4808297,MEX1,2025,domestic_league,8590,4961,Atlas Guadalajara,Querétaro FC,0,0
2026-03-21,4810967,BRA1,2025,domestic_league,2462,330,Fluminense Football Club,Clube Atlético Mineiro,1,0
2026-03-21,4810971,BRA1,2025,domestic_league,8793,537,Red Bull Bragantino,S. A. F. Botafogo,1,2
2026-03-21,4839826,A1,2025,domestic_league,4441,3551,Wolfsberger AC,Sportclub Rheindorf Altach,1,1
2026-03-21,4839827,A1,2025,domestic_league,2157,266,FC Blau-Weiss Linz,SV Ried,3,2
2026-03-21,4839828,A1,2025,domestic_league,2446,316,WSG Tirol,Grazer AK 1902,1,5
2026-03-22,4621005,IT1,2025,domestic_league,800,276,Atalanta BC,Hellas Verona,1,0
2026-03-22,4621006,IT1,2025,domestic_league,1025,398,Bologna Football Club 1909,Società Sportiva Lazio S.p.A.,0,2
2026-03-22,4621008,IT1,2025,domestic_league,1047,4172,Como 1907,Pisa Sporting Club,5,0
2026-03-22,4621009,IT1,2025,domestic_league,430,46,ACF Fiorentina,Inter Milan,1,1
2026-03-22,4621014,IT1,2025,domestic_league,12,1005,Associazione Sportiva Roma,US Lecce,1,0
2026-03-22,4624855,PL1,2025,domestic_league,6110,6107,Korona Kielce,Morski Związkowy Klub Sportowy Arka Gdynia Spółka Akcyjna,3,0
2026-03-22,4624856,PL1,2025,domestic_league,238,15906,Lech Poznan,Termalica Bruk-Bet Nieciecza Klub Sportowy,4,1
2026-03-22,4624858,PL1,2025,domestic_league,255,9644,Legia Warszawa,Raków Częstochowa,1,1
2026-03-22,4624861,PL1,2025,domestic_league,88,428,Widzew Lodz,Górnik Zabrze,0,0
2026-03-22,4625410,KR1,2025,domestic_league,24575,144,HNK Gorica,HNK Rijeka,4,0
2026-03-22,4625411,KR1,2025,domestic_league,2362,327,Slaven Belupo Koprivnica,NK Osijek,0,0
2026-03-22,4626098,GB1,2025,domestic_league,405,379,Aston Villa,West Ham United,2,0
2026-03-22,4626105,GB1,2025,domestic_league,762,289,Newcastle United,Sunderland AFC,1,2
2026-03-22,4626106,GB1,2025,domestic_league,148,703,Tottenham Hotspur,Nottingham Forest,0,3
2026-03-22,4634425,L1,2025,domestic_league,39,24,1.FSV Mainz 05,Eintracht Frankfurt,2,1
2026-03-22,4634428,L1,2025,domestic_league,167,79,FC Augsburg,VfB Stuttgart,2,5
2026-03-22,4634429,L1,2025,domestic_league,35,60,FC St. Pauli,SC Freiburg,1,2
2026-03-22,4635240,FR1,2025,domestic_league,1041,162,Olympique Lyon,AS Monaco,1,2
2026-03-22,4635242,FR1,2025,domestic_league,273,347,Stade Rennais FC,FC Metz,0,0
2026-03-22,4635243,FR1,2025,domestic_league,995,667,FC Nantes,RC Strasbourg Alsace,2,3
2026-03-22,4635245,FR1,2025,domestic_league,10004,738,Paris FC,Le Havre AC,3,2
2026-03-22,4635248,FR1,2025,domestic_league,244,1082,Olympique Marseille,LOSC Lille,1,2
2026-03-22,4640910,SER1,2025,domestic_league,6621,59358,FK Cukaricki,FK Zeleznicar Pancevo,3,2
2026-03-22,4640912,SER1,2025,domestic_league,3137,4645,FK TSC Backa Topola,FK Radnicki 1923 Kragujevac,0,0
2026-03-22,4640914,SER1,2025,domestic_league,53,32113,OFK Beograd,FK IMT Belgrad,3,3
2026-03-22,4641391,BE1,2025,domestic_league,2282,354,Club Brugge KV,KV Mechelen,4,1
2026-03-22,4641392,BE1,2025,domestic_league,58,520,RSC Anderlecht,Cercle Brugge,2,3
2026-03-22,4641393,BE1,2025,domestic_league,3057,968,Standard Liège,KVC Westerlo,0,0
2026-03-22,4641394,BE1,2025,domestic_league,3901,1184,RAAL La Louvière,KRC Genk,5,5
2026-03-22,4641395,BE1,2025,domestic_league,3508,172,Zulte Waregem,Royal Charleroi Sporting Club,1,0
2026-03-22,4641396,BE1,2025,domestic_league,2727,1096,Oud-Heverlee Leuven,Royal Antwerp FC,1,0
2026-03-22,4641397,BE1,2025,domestic_league,475,3948,Sint-Truidense VV,Union Saint-Gilloise,1,3
2026-03-22,4641398,BE1,2025,domestic_league,9010,157,FCV Dender EH,KAA Gent,1,3
2026-03-22,4641583,NL1,2025,domestic_league,202,1090,FC Groningen,AZ Alkmaar,3,0
2026-03-22,4641584,NL1,2025,domestic_league,200,1435,FC Utrecht,Go Ahead Eagles,2,0
2026-03-22,4641585,NL1,2025,domestic_league,234,610,Feyenoord Rotterdam,Ajax Amsterdam,1,1
2026-03-22,4641588,NL1,2025,domestic_league,467,306,NEC Nijmegen,SC Heerenveen,2,2
2026-03-22,4641591,NL1,2025,domestic_league,1434,383,SC Telstar,PSV Eindhoven,3,1
2026-03-22,4645909,ES1,2025,domestic_league,418,13,Real Madrid,Atlético de Madrid,3,2
2026-03-22,4645912,ES1,2025,domestic_league,621,150,Athletic Bilbao,Real Betis Balompié,2,1
2026-03-22,4645913,ES1,2025,domestic_league,131,367,FC Barcelona,Rayo Vallecano,1,0
2026-03-22,4645918,ES1,2025,domestic_league,940,1108,Celta de Vigo,Deportivo Alavés,3,4
2026-03-22,4646204,UKR1,2025,domestic_league,85465,39097,Karpaty Lviv,Obolon Kyiv,4,0
2026-03-22,4646209,UKR1,2025,domestic_league,26459,48332,NK Veres Rivne,Kolos Kovalivka,0,1
2026-03-22,4648865,PO1,2025,domestic_league,1465,2425,GD Estoril Praia,Rio Ave FC,1,2
2026-03-22,4648866,PO1,2025,domestic_league,2521,336,FC Alverca,Sporting CP,1,4
2026-03-22,4648869,PO1,2025,domestic_league,1075,720,SC Braga,FC Porto,1,2
2026-03-22,4649364,RU1,2025,domestic_league,2696,2698,PFK Krylya Sovetov Samara,FC Rubin Kazan,0,0
2026-03-22,4649366,RU1,2025,domestic_league,121,964,FK Dinamo Moskva,AO FK Zenit Sankt-Peterburg,1,3
2026-03-22,4649367,RU1,2025,domestic_league,932,71985,"Футбольный клуб ""Локомотив"" Москва",Akron Togliatti,5,1
2026-03-22,4649369,RU1,2025,domestic_league,14589,232,FC Orenburg,FK Spartak Moskva,0,2
2026-03-22,4649541,SC1,2025,domestic_league,1519,371,Dundee United FC,Celtic FC,2,0
2026-03-22,4665112,GR1,2025,domestic_league,2441,30120,Athlitiki Enosi Konstantinoupoleos,Athlitiki Enosi Kifisias,3,0
2026-03-22,4665113,GR1,2025,domestic_league,6676,265,A.G.S Asteras Tripolis,Panathinaikos Athlitikos Omilos,1,2
2026-03-22,4665114,GR1,2025,domestic_league,605,653,Aris Thessalonikis,Omilos Filathlon Irakliou FC,0,2
2026-03-22,4665115,GR1,2025,domestic_league,60949,1091,Volou Neos Podosferikos Syllogos,Panthessalonikios Athlitikos Omilos Konstantinoupoliton,2,1
2026-03-22,4665116,GR1,2025,domestic_league,2672,3060,APO Levadiakos Football Club,APS Atromitos Athinon,1,0
2026-03-22,4665117,GR1,2025,domestic_league,683,4603,Olympiakos Syndesmos Filathlon Peiraios,Athlitiki Enosi Larisas,0,0
2026-03-22,4665118,GR1,2025,domestic_league,6418,3385,Panetolikos Agrinio,Panserraikos Serres,0,0
2026-03-22,4727310,AUS1,2025,domestic_league,8054,5551,Sydney FC,Newcastle United Jets,1,2
2026-03-22,4727311,AUS1,2025,domestic_league,970,25580,Perth Glory,Melbourne City FC,1,1
2026-03-22,4787641,C1,2025,domestic_league,242,26,FC Winterthur,FC Basel 1893,0,2
2026-03-22,4787642,C1,2025,domestic_league,434,527,FC Luzern,Football Club Lausanne-Sport,4,0
2026-03-22,4787643,C1,2025,domestic_league,452,2790,BSC Young Boys,FC Lugano,1,1
2026-03-22,4794709,NO1,2025,domestic_league,195,76,Rosenborg Ballklub,Vålerengens Idrettsforening,0,2
2026-03-22,4794710,NO1,2025,domestic_league,1100,1293,Sportsklubben Brann,Tromsø Idrettslag,1,2
2026-03-22,4794711,NO1,2025,domestic_league,3837,23184,Fredrikstad Fotballklubb,KFUM-Kameratene Oslo,3,1
2026-03-22,4794713,NO1,2025,domestic_league,6399,10217,Sandefjord Fotball,Sarpsborg 08 Fotballforening,0,2
2026-03-22,4798419,ARG1,2025,domestic_league,189,1829,Club Atlético Boca Juniors,Instituto Atlético Central Córdoba,2,0
2026-03-22,4798425,ARG1,2025,domestic_league,12454,12301,Club Atlético Sarmiento,Club Atlético Aldosivi,2,0
2026-03-22,4798426,ARG1,2025,domestic_league,14602,209,Asociación Atlética Estudiantes,Club Atlético River Plate,0,2
2026-03-22,4798427,ARG1,2025,domestic_league,2417,1444,Club Atlético Belgrano,Racing Club Asociación Civil de Avellaneda,1,2
2026-03-22,4802958,MLS1,2025,domestic_league,51772,4078,Football Club Cincinnati,Club de Foot Montréal,4,3
2026-03-22,4802959,MLS1,2025,domestic_league,82686,626,St. Louis City Soccer Club,New England Revolution,3,1
2026-03-22,4802960,MLS1,2025,domestic_league,4284,1247,Sporting Kansas City,Colorado Rapids,1,4
2026-03-22,4802961,MLS1,2025,domestic_league,72309,51828,Austin FC,Los Angeles Football Club,0,0
2026-03-22,4802962,MLS1,2025,domestic_league,8816,9168,FC Dallas,Houston Dynamo,4,3
2026-03-22,4802963,MLS1,2025,domestic_league,6321,218,Vancouver Whitecaps FC,San Jose Earthquakes,0,1
2026-03-22,4802964,MLS1,2025,domestic_league,40058,69261,New York City Football Club,Club Internacional de Fútbol Miami,2,3
2026-03-22,4802965,MLS1,2025,domestic_league,56089,9636,Minnesota United FC,Seattle Sounders FC,0,0
2026-03-22,4802966,MLS1,2025,domestic_league,4291,1061,Portland Timbers,Los Angeles Galaxy,1,1
2026-03-22,4802967,MLS1,2025,domestic_league,114977,6643,San Diego Football Club,Real Salt Lake,2,2
2026-03-22,4803386,RSK1,2025,domestic_league,6500,30925,Football Club Seoul,Gwangju Football Club,5,0
2026-03-22,4803387,RSK1,2025,domestic_league,3535,6505,Ulsan Hyundai Football Club,Gimcheon Sangmu Football Club,0,0
2026-03-22,4803388,RSK1,2025,domestic_league,38898,2996,Football Club Anyang,Incheon United Football Club,0,1
2026-03-22,4803389,RSK1,2025,domestic_league,21459,19684,Gangwon Football Club,Jeju SK Football Club,1,1
2026-03-22,4803390,RSK1,2025,domestic_league,311,35759,Football Club Pohang Steelers,Bucheon Football Club 1995,0,0
2026-03-22,4808298,MEX1,2025,domestic_league,4035,1804,CF Pachuca,Deportivo Toluca,1,1
2026-03-22,4808299,MEX1,2025,domestic_league,40188,4941,Atlético de San Luis,Club León FC,1,2
2026-03-22,4808300,MEX1,2025,domestic_league,2407,6711,CF Monterrey,Deportivo Guadalajara,2,3
2026-03-22,4808301,MEX1,2025,domestic_league,7633,3631,UNAM Pumas,CF América,1,0
2026-03-22,4808302,MEX1,2025,domestic_league,1403,5662,Santos Laguna,Puebla FC,2,1
2026-03-22,4810968,BRA1,2025,domestic_league,978,210,Club de Regatas Vasco da Gama,Grêmio Foot-Ball Porto Alegrense,2,1
2026-03-22,4810969,BRA1,2025,domestic_league,585,1023,São Paulo Futebol Clube,Sociedade Esportiva Palmeiras,0,1
2026-03-22,4810970,BRA1,2025,domestic_league,199,614,Sport Club Corinthians Paulista,Clube de Regatas do Flamengo,1,1
2026-03-22,4810972,BRA1,2025,domestic_league,609,221,Cruzeiro Esporte Clube,Santos Futebol Clube,0,0
2026-03-22,4810973,BRA1,2025,domestic_league,6600,17776,Sport Club Internacional,Associação Chapecoense de Futebol,2,0
2026-03-22,4810974,BRA1,2025,domestic_league,679,776,Clube Atlético Paranaense,Coritiba Foot Ball Club,2,0
2026-03-22,4810975,BRA1,2025,domestic_league,2125,3876,Esporte Clube Vitória,Mirasol Futebol Clube,1,0
2026-03-22,4810976,BRA1,2025,domestic_league,10997,10010,Clube do Remo,Esporte Clube Bahia,4,1
2026-03-22,4818788,CGB,2025,,11,281,Arsenal FC,Manchester City,0,2
2026-03-22,4839829,A1,2025,domestic_league,4467,14,TSV Hartberg,Austria Vienna,0,1
2026-03-22,4839830,A1,2025,domestic_league,170,413,Rapid Vienna,LASK,4,2
2026-03-23,4798413,ARG1,2025,domestic_league,1030,928,Asociación Atlética Argentinos Juniors,Club Atlético Platense,1,0
2026-03-23,4798416,ARG1,2025,domestic_league,288,31284,Club Estudiantes de La Plata,Club Atlético Central Córdoba,5,0
2026-03-23,4798422,ARG1,2025,domestic_league,12179,1418,Club Sportivo Independiente Rivadavia,Club Atlético Rosario Central,2,0
2026-03-23,4808303,MEX1,2025,domestic_league,49283,7055,FC Juárez,Tigres UANL,2,1
2026-03-24,4798424,ARG1,2025,domestic_league,2063,25184,Club Atlético Huracán,Club Atlético Barracas Central,0,0
2026-03-25,4798417,ARG1,2025,domestic_league,19775,1775,Asociación de Fomento Deportivo Riestra Barrio Colón,Club Atlético San Lorenzo de Almagro,1,1
2026-03-27,4798328,ARG1,2025,domestic_league,1030,333,Asociación Atlética Argentinos Juniors,Club Atlético Lanús,2,1
2026-03-28,4803367,RSK1,2025,domestic_league,311,21459,Football Club Pohang Steelers,Gangwon Football Club,1,0
2026-03-29,4811004,BRA1,2025,domestic_league,679,537,Clube Atlético Paranaense,S. A. F. Botafogo,4,1
2026-03-31,4798350,ARG1,2025,domestic_league,12301,1030,Club Atlético Aldosivi,Asociación Atlética Argentinos Juniors,0,2
2026-04-01,4810958,BRA1,2025,domestic_league,537,3876,S. A. F. Botafogo,Mirasol Futebol Clube,3,2
2026-04-01,4810963,BRA1,2025,domestic_league,6600,585,Sport Club Internacional,São Paulo Futebol Clube,1,1
2026-04-02,4727210,AUS1,2025,domestic_league,71085,5551,Macarthur FC,Newcastle United Jets,3,2
2026-04-02,4727213,AUS1,2025,domestic_league,7831,8054,Brisbane Roar,Sydney FC,0,0
2026-04-02,4798435,ARG1,2025,domestic_league,333,928,Club Atlético Lanús,Club Atlético Platense,0,0
2026-04-02,4798438,ARG1,2025,domestic_league,25184,12454,Club Atlético Barracas Central,Club Atlético Sarmiento,1,2
2026-04-02,4798441,ARG1,2025,domestic_league,11831,12179,Club Atlético Tigre,Club Sportivo Independiente Rivadavia,0,2
2026-04-02,4810957,BRA1,2025,domestic_league,2462,199,Fluminense Football Club,Sport Club Corinthians Paulista,3,1
2026-04-02,4810959,BRA1,2025,domestic_league,221,10997,Santos Futebol Clube,Clube do Remo,2,0
2026-04-02,4810962,BRA1,2025,domestic_league,609,2125,Cruzeiro Esporte Clube,Esporte Clube Vitória,3,0
2026-04-02,4810964,BRA1,2025,domestic_league,776,978,Coritiba Foot Ball Club,Club de Regatas Vasco da Gama,1,1
2026-04-02,4810965,BRA1,2025,domestic_league,10010,679,Esporte Clube Bahia,Clube Atlético Paranaense,3,0
2026-04-02,4810966,BRA1,2025,domestic_league,17776,330,Associação Chapecoense de Futebol,Clube Atlético Mineiro,0,4
2026-04-03,4635256,FR1,2025,domestic_league,583,415,Paris Saint-Germain,FC Toulouse,3,1
2026-04-03,4640847,SER1,2025,domestic_league,7567,53,FK Radnicki Nis,OFK Beograd,1,2
2026-04-03,4640849,SER1,2025,domestic_league,788,3137,FK Napredak Krusevac,FK TSC Backa Topola,1,2
2026-04-03,4645900,ES1,2025,domestic_league,367,1531,Rayo Vallecano,Elche CF,1,0
2026-04-03,4646230,UKR1,2025,domestic_league,81401,18303,SC Poltava,FC Oleksandriya,3,3
2026-04-03,4648853,PO1,2025,domestic_league,2424,110302,Gil Vicente FC,Avs Futebol,3,0
2026-04-03,4648857,PO1,2025,domestic_league,336,2423,Sporting CP,CD Santa Clara,4,2
2026-04-03,4648861,PO1,2025,domestic_league,2420,7179,Vitória Guimarães SC,CD Tondela,5,0
2026-04-03,4727211,AUS1,2025,domestic_league,875,118373,Adelaide United,Auckland FC,1,1
2026-04-03,4750195,SA1,2025,domestic_league,18544,32328,Al-Nassr Football Club,Al-Najma Sport Club,5,2
2026-04-03,4750196,SA1,2025,domestic_league,8023,9131,Al-Ittihad Football Club,Al-Hazem Sport Club,1,0
2026-04-03,4750201,SA1,2025,domestic_league,91427,6070,Al-Kholood Club,Al-Khaleej Club (Saihat),2,2
2026-04-03,4798429,ARG1,2025,domestic_league,3938,189,Club Atlético Talleres,Club Atlético Boca Juniors,0,1
2026-04-03,4798431,ARG1,2025,domestic_league,7097,19775,Club Atlético Unión,Asociación de Fomento Deportivo Riestra Barrio Colón,2,0
2026-04-03,4798432,ARG1,2025,domestic_league,1775,288,Club Atlético San Lorenzo de Almagro,Club Estudiantes de La Plata,1,0
2026-04-03,4798434,ARG1,2025,domestic_league,14687,1029,Club Atlético Gimnasia y Esgrima de Mendoza,Club Atlético Vélez Sársfield,3,2
2026-04-03,4810589,KR1,2025,domestic_league,599,24575,NK Varazdin,HNK Gorica,1,1
2026-04-03,4810960,BRA1,2025,domestic_league,1023,210,Sociedade Esportiva Palmeiras,Grêmio Foot-Ball Porto Alegrense,2,1
2026-04-03,4810961,BRA1,2025,domestic_league,8793,614,Red Bull Bragantino,Clube de Regatas do Flamengo,3,0
2026-04-03,4839831,A1,2025,domestic_league,266,3551,SV Ried,Sportclub Rheindorf Altach,3,2
2026-04-03,4850170,POBE,2025,other,1096,1184,Royal Antwerp FC,KRC Genk,1,2
2026-04-04,4621018,IT1,2025,domestic_league,398,130,Società Sportiva Lazio S.p.A.,Parma Calcio 1913,1,1
2026-04-04,4621022,IT1,2025,domestic_league,6574,1390,US Sassuolo,Cagliari Calcio,2,1
2026-04-04,4621024,IT1,2025,domestic_league,276,430,Hellas Verona,ACF Fiorentina,0,1
2026-04-04,4624740,TS1,2025,domestic_league,450,1496,FK Dukla Prague,FK Pardubice,0,2
2026-04-04,4624741,TS1,2025,domestic_league,2311,5546,"SK Sigma Olomouc, a.s.",FK Mlada Boleslav,2,4
2026-04-04,4624742,TS1,2025,domestic_league,697,5544,FC Slovan Liberec,1.FC Slovacko,2,1
2026-04-04,4624744,TS1,2025,domestic_league,5545,1322,FC Zlin,FK Jablonec,0,3
2026-04-04,4624745,TS1,2025,domestic_league,941,814,FC Viktoria Plzen,FK Teplice,2,2
2026-04-04,4624865,PL1,2025,domestic_league,6456,2118,GKS GieKSa Katowice Spółka Akcyjna,Wisla Plock,1,0
2026-04-04,4624866,PL1,2025,domestic_league,428,5689,Górnik Zabrze,Cracovia,3,0
2026-04-04,4624867,PL1,2025,domestic_league,2300,238,Jagiellonia Bialystok,Lech Poznan,0,0
2026-04-04,4624871,PL1,2025,domestic_league,9644,88,Raków Częstochowa,Widzew Lodz,1,1
2026-04-04,4625412,KR1,2025,domestic_league,419,327,GNK Dinamo Zagreb,NK Osijek,7,0
2026-04-04,4625413,KR1,2025,domestic_league,2362,144,Slaven Belupo Koprivnica,HNK Rijeka,0,2
2026-04-04,4634441,L1,2025,domestic_league,15,82,Bayer 04 Leverkusen,VfL Wolfsburg,6,3
2026-04-04,4634443,L1,2025,domestic_league,60,27,SC Freiburg,Bayern Munich,2,3
2026-04-04,4634444,L1,2025,domestic_league,86,23826,SV Werder Bremen,RB Leipzig,1,2
2026-04-04,4634445,L1,2025,domestic_league,79,16,VfB Stuttgart,Borussia Dortmund,0,2
2026-04-04,4634446,L1,2025,domestic_league,18,2036,Borussia Mönchengladbach,1. Fußballclub Heidenheim 1846,2,2
2026-04-04,4634448,L1,2025,domestic_league,533,39,TSG 1899 Hoffenheim,1.FSV Mainz 05,1,2
2026-04-04,4634449,L1,2025,domestic_league,41,167,Hamburger SV,FC Augsburg,1,1
2026-04-04,4635250,FR1,2025,domestic_league,3911,273,Stade Brestois 29,Stade Rennais FC,3,4
2026-04-04,4635255,FR1,2025,domestic_league,1082,826,LOSC Lille,RC Lens,3,0
2026-04-04,4635257,FR1,2025,domestic_league,667,417,RC Strasbourg Alsace,OGC Nice,3,1
2026-04-04,4640845,SER1,2025,domestic_league,15276,8819,FK Spartak Subotica,FK Javor-Matis Ivanjica,1,2
2026-04-04,4640848,SER1,2025,domestic_league,32113,448,FK IMT Belgrad,FK Vojvodina Novi Sad,0,0
2026-04-04,4640850,SER1,2025,domestic_league,4645,6622,FK Radnicki 1923 Kragujevac,FK Mladost Lucani,1,1
2026-04-04,4640852,SER1,2025,domestic_league,59358,4633,FK Zeleznicar Pancevo,FK Novi Pazar,2,0
2026-04-04,4641565,NL1,2025,domestic_league,610,317,Ajax Amsterdam,FC Twente Enschede,1,2
2026-04-04,4641566,NL1,2025,domestic_league,1090,385,AZ Alkmaar,Fortuna Sittardia Combinatie,2,0
2026-04-04,4641567,NL1,2025,domestic_league,798,467,Excelsior Rotterdam,NEC Nijmegen,0,2
2026-04-04,4641571,NL1,2025,domestic_league,383,200,PSV Eindhoven,FC Utrecht,4,3
2026-04-04,4641573,NL1,2025,domestic_league,1434,202,SC Telstar,FC Groningen,0,2
2026-04-04,4645901,ES1,2025,domestic_league,681,3368,Real Sociedad,Levante UD,2,0
2026-04-04,4645903,ES1,2025,domestic_league,13,131,Atlético de Madrid,FC Barcelona,1,2
2026-04-04,4645904,ES1,2025,domestic_league,150,714,Real Betis Balompié,RCD Espanyol Barcelona,0,0
2026-04-04,4645906,ES1,2025,domestic_league,237,418,RCD Mallorca,Real Madrid,2,1
2026-04-04,4646231,UKR1,2025,domestic_league,338,85465,Dynamo Kyiv,Karpaty Lviv,0,1
2026-04-04,4646233,UKR1,2025,domestic_league,48332,55686,Kolos Kovalivka,TOV FK Metalist 1925 Kharkiv,0,0
2026-04-04,4648014,TR1,2025,domestic_league,2832,11282,Gaziantep FK,Alanyaspor,1,1
2026-04-04,4648016,TR1,2025,domestic_league,820,1467,Gençlerbirliği Spor Kulübü,Göztepe,0,2
2026-04-04,4648017,TR1,2025,domestic_league,449,141,Trabzonspor,Galatasaray,2,1
2026-04-04,4648019,TR1,2025,domestic_league,10484,3205,Kasimpasa,Kayserispor,2,0
2026-04-04,4648854,PO1,2025,domestic_league,982,2431,CD Nacional,CF Estrela Amadora,2,0
2026-04-04,4648855,PO1,2025,domestic_league,2425,2521,Rio Ave FC,FC Alverca,1,2
2026-04-04,4648856,PO1,2025,domestic_league,720,3329,FC Porto,FC Famalicão,2,2
2026-04-04,4648858,PO1,2025,domestic_league,979,1075,Moreirense FC,SC Braga,0,1
2026-04-04,4649371,RU1,2025,domestic_league,964,2696,AO FK Zenit Sankt-Peterburg,PFK Krylya Sovetov Samara,2,1
2026-04-04,4649373,RU1,2025,domestic_league,121,14589,FK Dinamo Moskva,FC Orenburg,3,3
2026-04-04,4649374,RU1,2025,domestic_league,3725,16704,RFK Akhmat Grozny,FK Krasnodar,0,1
2026-04-04,4649377,RU1,2025,domestic_league,71985,2410,Akron Togliatti,PFK CSKA Moskva,1,2
2026-04-04,4649536,SC1,2025,domestic_league,903,2553,Hibernian FC,Kilmarnock FC,3,0
2026-04-04,4649538,SC1,2025,domestic_league,987,1191,Motherwell FC,Falkirk FC,2,3
2026-04-04,4649539,SC1,2025,domestic_league,124,1519,Rangers FC,Dundee United FC,4,2
2026-04-04,4649540,SC1,2025,domestic_league,465,370,St. Mirren FC,Aberdeen FC,2,0
2026-04-04,4727212,AUS1,2025,domestic_league,6954,970,Central Coast Mariners,Perth Glory,2,2
2026-04-04,4727214,AUS1,2025,domestic_league,25580,36100,Melbourne City FC,Western Sydney Wanderers,3,0
2026-04-04,4750198,SA1,2025,domestic_league,34911,50531,Neom Sports Club,Al-Fayha FC,1,0
2026-04-04,4750199,SA1,2025,domestic_league,18487,50532,Al-Ahli Saudi Football Club,Damac Football Club,3,0
2026-04-04,4750200,SA1,2025,domestic_league,1114,28844,Al-Hilal Saudi Football Club,Al-Taawoun Football Club,2,2
2026-04-04,4787626,C1,2025,domestic_league,527,242,Football Club Lausanne-Sport,FC Winterthur,2,1
2026-04-04,4787627,C1,2025,domestic_league,2790,938,FC Lugano,FC Thun,1,0
2026-04-04,4787628,C1,2025,domestic_league,26,452,FC Basel 1893,BSC Young Boys,3,3
2026-04-04,4798428,ARG1,2025,domestic_league,1234,1444,Club Atlético Independiente de Avellaneda,Racing Club Asociación Civil de Avellaneda,1,0
2026-04-04,4798437,ARG1,2025,domestic_league,12301,14602,Club Atlético Aldosivi,Asociación Atlética Estudiantes,0,0
2026-04-04,4802669,SE1,2025,domestic_league,1059,2719,Hammarby IF,Mjällby Almänna Idrottsförening,3,0
2026-04-04,4802674,SE1,2025,domestic_league,3641,7945,Degerfors IF,IK Sirius,0,3
2026-04-04,4802968,MLS1,2025,domestic_league,11141,1247,Toronto FC,Colorado Rapids,3,2
2026-04-04,4802969,MLS1,2025,domestic_league,626,4078,New England Revolution,Club de Foot Montréal,3,0
2026-04-04,4802970,MLS1,2025,domestic_league,6643,4284,Real Salt Lake,Sporting Kansas City,3,1
2026-04-04,4803391,RSK1,2025,domestic_league,19684,35759,Jeju SK Football Club,Bucheon Football Club 1995,1,0
2026-04-04,4803392,RSK1,2025,domestic_league,6502,3535,Jeonbuk Hyundai Motors,Ulsan Hyundai Football Club,2,0
2026-04-04,4803393,RSK1,2025,domestic_league,311,6499,Football Club Pohang Steelers,Foundation Coorperation Hana Financial Group Inc. Football Club,1,0
2026-04-04,4803394,RSK1,2025,domestic_league,21459,30925,Gangwon Football Club,Gwangju Football Club,3,0
2026-04-04,4808304,MEX1,2025,domestic_league,5662,49283,Puebla FC,FC Juárez,1,1
2026-04-04,4808305,MEX1,2025,domestic_league,1146,82696,Club Necaxa,Mazatlán FC,2,1
2026-04-04,4808306,MEX1,2025,domestic_league,13353,7055,Club Tijuana,Tigres UANL,1,0
2026-04-04,4810949,BRA1,2025,domestic_league,585,609,São Paulo Futebol Clube,Cruzeiro Esporte Clube,4,1
2026-04-04,4839832,A1,2025,domestic_league,2446,4441,WSG Tirol,Wolfsberger AC,3,1
2026-04-04,4839833,A1,2025,domestic_league,316,2157,Grazer AK 1902,FC Blau-Weiss Linz,2,1
2026-04-04,4844306,FAC,2025,domestic_cup,281,31,Manchester City,Liverpool FC,4,0
2026-04-04,4844307,FAC,2025,domestic_cup,631,1211,Chelsea FC,Port Vale FC,7,0
2026-04-04,4844308,FAC,2025,domestic_cup,180,11,Southampton FC,Arsenal FC,2,1
2026-04-04,4850164,EJPL,2025,other,3948,475,Union Saint-Gilloise,Sint-Truidense VV,1,0
2026-04-04,4850171,POBE,2025,other,2727,3057,Oud-Heverlee Leuven,Standard Liège,1,3
2026-04-04,4850199,BPO4,2025,other,3508,520,Zulte Waregem,Cercle Brugge,2,2
2026-04-05,4621015,IT1,2025,domestic_league,2239,1025,US Cremonese,Bologna Football Club 1909,1,2
2026-04-05,4621016,IT1,2025,domestic_league,46,12,Inter Milan,Associazione Sportiva Roma,5,2
2026-04-05,4621021,IT1,2025,domestic_league,4172,416,Pisa Sporting Club,Torino FC,0,1
2026-04-05,4624743,TS1,2025,domestic_league,197,13726,AC Sparta Prague,MFK Karvina,2,0
2026-04-05,4624746,TS1,2025,domestic_league,1897,715,FC Hradec Kralove,"Bohemians Praha 1905, a.s.",2,0
2026-04-05,4624747,TS1,2025,domestic_league,377,62,FC Baník Ostrava a.s.,SK Slavia Prague,0,2
2026-04-05,4634442,L1,2025,domestic_league,24,3,Eintracht Frankfurt,1.FC Köln,2,2
2026-04-05,4634447,L1,2025,domestic_league,89,35,1.FC Union Berlin,FC St. Pauli,1,1
2026-04-05,4635249,FR1,2025,domestic_league,162,244,AS Monaco,Olympique Marseille,2,1
2026-04-05,4635251,FR1,2025,domestic_league,1420,1041,Angers SCO,Olympique Lyon,0,0
2026-04-05,4635252,FR1,2025,domestic_league,347,995,FC Metz,FC Nantes,0,0
2026-04-05,4635253,FR1,2025,domestic_league,738,290,Le Havre AC,AJ Auxerre,1,1
2026-04-05,4635254,FR1,2025,domestic_league,1158,10004,FC Lorient,Paris FC,1,1
2026-04-05,4640846,SER1,2025,domestic_league,33328,159,FK Radnik Surdulica,Red Star Belgrade,1,2
2026-04-05,4640851,SER1,2025,domestic_league,669,6621,FK Partizan Belgrade,FK Cukaricki,0,0
2026-04-05,4641568,NL1,2025,domestic_league,724,234,FC Volendam,Feyenoord Rotterdam,0,0
2026-04-05,4641569,NL1,2025,domestic_league,1435,1269,Go Ahead Eagles,PEC Zwolle,5,0
2026-04-05,4641570,NL1,2025,domestic_league,132,468,NAC Breda,Sparta Rotterdam,0,0
2026-04-05,4641572,NL1,2025,domestic_league,306,1304,SC Heerenveen,Heracles Almelo,4,1
2026-04-05,4645899,ES1,2025,domestic_league,1049,940,Valencia CF,Celta de Vigo,2,3
2026-04-05,4645902,ES1,2025,domestic_league,1108,331,Deportivo Alavés,CA Osasuna,2,2
2026-04-05,4645907,ES1,2025,domestic_league,2497,368,Real Oviedo,Sevilla FC,1,0
2026-04-05,4645908,ES1,2025,domestic_league,3709,621,Getafe CF,Athletic Bilbao,2,0
2026-04-05,4646227,UKR1,2025,domestic_league,39097,10690,Obolon Kyiv,Zorya Lugansk,3,3
2026-04-05,4646229,UKR1,2025,domestic_league,3592,63007,Kryvbas Kryvyi Rig,LNZ Cherkasy,0,3
2026-04-05,4646232,UKR1,2025,domestic_league,53646,26459,FK Polissya Zhytomyr,NK Veres Rivne,1,1
2026-04-05,4646234,UKR1,2025,domestic_league,660,48726,FC Shakhtar Donetsk,Rukh Lviv,3,0
2026-04-05,4648011,TR1,2025,domestic_league,589,7160,Antalyaspor,Eyüpspor,3,0
2026-04-05,4648012,TR1,2025,domestic_league,152,2293,Samsunspor,Konyaspor,2,2
2026-04-05,4648013,TR1,2025,domestic_league,36,114,Fenerbahce,Beşiktaş Jimnastik Kulübü,1,0
2026-04-05,4648018,TR1,2025,domestic_league,6646,126,Fatih Karagümrük,Caykur Rizespor,2,1
2026-04-05,4649372,RU1,2025,domestic_league,232,932,FK Spartak Moskva,"Футбольный клуб ""Локомотив"" Москва",2,1
2026-04-05,4649375,RU1,2025,domestic_league,49702,1083,FK Nizhny Novgorod,FK Rostov,0,1
2026-04-05,4649376,RU1,2025,domestic_league,75231,2741,Dinamo Makhachkala,FK Baltika,2,2
2026-04-05,4649535,SC1,2025,domestic_league,511,371,Dundee FC,Celtic FC,1,2
2026-04-05,4649537,SC1,2025,domestic_league,1241,43,Livingston FC,Heart of Midlothian FC,2,2
2026-04-05,4727215,AUS1,2025,domestic_league,7006,8445,Melbourne Victory,Wellington Phoenix,0,1
2026-04-05,4750197,SA1,2025,domestic_league,71665,27221,Al-Okhdood Club,Al-Fateh Club,1,0
2026-04-05,4750202,SA1,2025,domestic_league,31008,9840,Al-Riyadh Saudi Club,Al-Shabab Club,1,1
2026-04-05,4750203,SA1,2025,domestic_league,7732,26069,Al-Ettifaq Football Club,Al-Qadsiah Saudi Football Club,3,2
2026-04-05,4798436,ARG1,2025,domestic_league,209,2417,Club Atlético River Plate,Club Atlético Belgrano,3,0
2026-04-05,4798439,ARG1,2025,domestic_league,1106,2063,Club de Gimnasia y Esgrima La Plata,Club Atlético Huracán,0,3
2026-04-05,4798440,ARG1,2025,domestic_league,1418,14554,Club Atlético Rosario Central,Club Atlético Tucumán,2,1
2026-04-05,4802668,SE1,2025,domestic_league,272,1011,Allmänna Idrottsklubben,Halmstads BK,2,1
2026-04-05,4802671,SE1,2025,domestic_league,1118,496,Örgryte IS,Malmö Fotbollförening,1,1
2026-04-05,4802675,SE1,2025,domestic_league,3654,5202,Kalmar Fotbollförening,Västerås Sportklubb FK,0,1
2026-04-05,4802971,MLS1,2025,domestic_league,69261,72309,Club Internacional de Fútbol Miami,Austin FC,2,2
2026-04-05,4802972,MLS1,2025,domestic_league,78435,25467,Charlotte Football Club,Philadelphia Union,2,1
2026-04-05,4802973,MLS1,2025,domestic_league,40058,82686,New York City Football Club,St. Louis City Soccer Club,1,1
2026-04-05,4802974,MLS1,2025,domestic_league,51663,813,Atlanta United Football Club,Columbus Crew,1,3
2026-04-05,4802975,MLS1,2025,domestic_league,2440,8816,D.C. United,FC Dallas,0,4
2026-04-05,4802976,MLS1,2025,domestic_league,623,51772,Red Bull New York,Football Club Cincinnati,4,2
2026-04-05,4802977,MLS1,2025,domestic_league,9168,9636,Houston Dynamo,Seattle Sounders FC,0,1
2026-04-05,4802978,MLS1,2025,domestic_league,432,63966,Chicago Fire Soccer Club,Nashville SC,1,0
2026-04-05,4802979,MLS1,2025,domestic_league,51828,45604,Los Angeles Football Club,Orlando City Soccer Club,6,0
2026-04-05,4802980,MLS1,2025,domestic_league,218,114977,San Jose Earthquakes,San Diego Football Club,3,0
2026-04-05,4802981,MLS1,2025,domestic_league,6321,4291,Vancouver Whitecaps FC,Portland Timbers,3,2
2026-04-05,4802982,MLS1,2025,domestic_league,1061,56089,Los Angeles Galaxy,Minnesota United FC,1,2
2026-04-05,4803395,RSK1,2025,domestic_league,38898,6500,Football Club Anyang,Football Club Seoul,1,1
2026-04-05,4803396,RSK1,2025,domestic_league,2996,6505,Incheon United Football Club,Gimcheon Sangmu Football Club,2,1
2026-04-05,4808307,MEX1,2025,domestic_league,2407,40188,CF Monterrey,Atlético de San Luis,1,2
2026-04-05,4808308,MEX1,2025,domestic_league,4941,8590,Club León FC,Atlas Guadalajara,2,0
2026-04-05,4808309,MEX1,2025,domestic_league,3711,4035,CD Cruz Azul,CF Pachuca,1,2
2026-04-05,4808310,MEX1,2025,domestic_league,1403,3631,Santos Laguna,CF América,1,1
2026-04-05,4808311,MEX1,2025,domestic_league,4961,1804,Querétaro FC,Deportivo Toluca,1,0
2026-04-05,4810947,BRA1,2025,domestic_league,614,221,Clube de Regatas do Flamengo,Santos Futebol Clube,3,1
2026-04-05,4810948,BRA1,2025,domestic_league,978,537,Club de Regatas Vasco da Gama,S. A. F. Botafogo,1,2
2026-04-05,4810950,BRA1,2025,domestic_league,199,6600,Sport Club Corinthians Paulista,Sport Club Internacional,0,1
2026-04-05,4810952,BRA1,2025,domestic_league,330,679,Clube Atlético Mineiro,Clube Atlético Paranaense,2,1
2026-04-05,4810954,BRA1,2025,domestic_league,776,2462,Coritiba Foot Ball Club,Fluminense Football Club,1,1
2026-04-05,4810955,BRA1,2025,domestic_league,10010,1023,Esporte Clube Bahia,Sociedade Esportiva Palmeiras,1,2
2026-04-05,4810956,BRA1,2025,domestic_league,17776,2125,Associação Chapecoense de Futebol,Esporte Clube Vitória,1,1
2026-04-05,4839834,A1,2025,domestic_league,413,14,LASK,Austria Vienna,4,1
2026-04-05,4839835,A1,2025,domestic_league,4467,409,TSV Hartberg,Fußballclub Red Bull Salzburg,1,2
2026-04-05,4839836,A1,2025,domestic_league,170,122,Rapid Vienna,Sportklub Puntigamer Sturm Graz,0,2
2026-04-05,4844309,FAC,2025,domestic_cup,379,399,West Ham United,Leeds United,4,6
2026-04-05,4850172,POBE,2025,other,968,172,KVC Westerlo,Royal Charleroi Sporting Club,2,0
2026-04-06,4621017,IT1,2025,domestic_league,506,252,Juventus FC,Genoa CFC,2,0
2026-04-06,4621019,IT1,2025,domestic_league,1005,800,US Lecce,Atalanta BC,0,3
2026-04-06,4621020,IT1,2025,domestic_league,6195,5,SSC Napoli,AC Milan,1,0
2026-04-06,4621023,IT1,2025,domestic_league,410,1047,Udinese Calcio,Como 1907,0,0
2026-04-06,4624864,PL1,2025,domestic_league,15906,6112,Termalica Bruk-Bet Nieciecza Klub Sportowy,Piast Gliwice,3,2
2026-04-06,4624868,PL1,2025,domestic_league,4000,6110,Lechia Gdansk,Korona Kielce,4,2
2026-04-06,4624869,PL1,2025,domestic_league,324,255,Pogon Szczecin,Legia Warszawa,0,2
2026-04-06,4624870,PL1,2025,domestic_league,7154,3527,Radomiak Radom,Motor Lublin Spółka Akcyjna,1,1
2026-04-06,4645905,ES1,2025,domestic_league,12321,1050,Girona FC,Villarreal CF,1,0
2026-04-06,4646228,UKR1,2025,domestic_league,84122,87883,Epicentr Kamyanets-Podilskyi,FC Kudrivka,1,0
2026-04-06,4648015,TR1,2025,domestic_league,120,6890,Kocaelispor,Basaksehir FK,0,0
2026-04-06,4648859,PO1,2025,domestic_league,3268,294,Casa Pia AC,SL Benfica,1,1
2026-04-06,4648860,PO1,2025,domestic_league,8024,1465,FC Arouca,GD Estoril Praia,3,2
2026-04-06,4649378,RU1,2025,domestic_league,41231,2698,FK Sochi,FC Rubin Kazan,0,1
2026-04-06,4787629,C1,2025,domestic_league,504,321,Grasshopper Club Zurich,FC Sion,0,4
2026-04-06,4787630,C1,2025,domestic_league,61,434,Servette FC,FC Luzern,3,0
2026-04-06,4787631,C1,2025,domestic_league,257,260,FC St. Gallen 1879,FC Zürich,2,1
2026-04-06,4794667,NO1,2025,domestic_league,76,239,Vålerengens Idrettsforening,Viking Fotballklubb,0,1
2026-04-06,4794668,NO1,2025,domestic_league,4309,1100,Hamarkameratene,Sportsklubben Brann,1,5
2026-04-06,4794669,NO1,2025,domestic_league,21101,501,Kristiansund Ballklubb,Fotballklubben Bodø/Glimt,0,3
2026-04-06,4794670,NO1,2025,domestic_league,687,353,Molde Fotballklubb,Lillestrøm Sportsklubb,0,1
2026-04-06,4794671,NO1,2025,domestic_league,10217,267,Sarpsborg 08 Fotballforening,Idrettsklubben Start,1,1
2026-04-06,4794672,NO1,2025,domestic_league,1293,195,Tromsø Idrettslag,Rosenborg Ballklub,2,0
2026-04-06,4798433,ARG1,2025,domestic_league,31284,1286,Club Atlético Central Córdoba,Club Atlético Newell’s Old Boys,1,3
2026-04-06,4798442,ARG1,2025,domestic_league,1030,830,Asociación Atlética Argentinos Juniors,Club Atlético Banfield,3,2
2026-04-06,4802670,SE1,2025,domestic_league,7009,1044,Göteborgs Atlet- och Idrottssällskap,Djurgårdens Idrottsförening,0,1
2026-04-06,4802672,SE1,2025,domestic_league,1109,1092,BK Häcken,Idrottsföreningen  Brommapojkarna,2,2
2026-04-06,4802673,SE1,2025,domestic_league,1101,801,Idrottsföreningen Elfsborg,Idrottsföreningen Kamraterna Göteborg,2,0
2026-04-06,4808312,MEX1,2025,domestic_league,6711,7633,Deportivo Guadalajara,UNAM Pumas,2,2
2026-04-06,4810951,BRA1,2025,domestic_league,3876,8793,Mirasol Futebol Clube,Red Bull Bragantino,0,1
2026-04-06,4810953,BRA1,2025,domestic_league,210,10997,Grêmio Foot-Ball Porto Alegrense,Clube do Remo,0,0
2026-04-06,4850165,EJPL,2025,other,2282,58,Club Brugge KV,RSC Anderlecht,4,2
2026-04-06,4850166,EJPL,2025,other,157,354,KAA Gent,KV Mechelen,1,1
2026-04-06,4850200,BPO4,2025,other,3901,9010,RAAL La Louvière,FCV Dender EH,0,1
2026-04-07,4624863,PL1,2025,domestic_league,6107,168,Morski Związkowy Klub Sportowy Arka Gdynia Spółka Akcyjna,Zaglebie Lubin,3,1
2026-04-07,4625415,KR1,2025,domestic_league,999,447,NK Istra 1961,HNK Hajduk Split,1,3
2026-04-07,4625416,KR1,2025,domestic_league,456,11194,HNK Vukovar 1991,NK Lokomotiva Zagreb,1,1
2026-04-07,4727354,AUS1,2025,domestic_league,25580,6954,Melbourne City FC,Central Coast Mariners,2,1
2026-04-07,4794673,NO1,2025,domestic_league,5619,3837,Aalesunds Fotballklubb,Fredrikstad Fotballklubb,2,3
2026-04-07,4794674,NO1,2025,domestic_league,23184,6399,KFUM-Kameratene Oslo,Sandefjord Fotball,1,2
2026-04-07,4798430,ARG1,2025,domestic_league,1829,2402,Instituto Atlético Central Córdoba,Club Social y Deportivo Defensa y Justicia,2,0
2026-04-07,4814371,CL,2025,international_cup,418,27,Real Madrid,Bayern Munich,1,2
2026-04-07,4814373,CL,2025,international_cup,336,11,Sporting CP,Arsenal FC,0,1
2026-04-07,4847889,RUP,2025,domestic_cup,2696,2410,PFK Krylya Sovetov Samara,PFK CSKA Moskva,2,5
2026-04-08,4640829,SER1,2025,domestic_league,8819,59358,FK Javor-Matis Ivanjica,FK Zeleznicar Pancevo,1,2
2026-04-08,4640832,SER1,2025,domestic_league,6622,788,FK Mladost Lucani,FK Napredak Krusevac,2,0
2026-04-08,4640833,SER1,2025,domestic_league,3137,32113,FK TSC Backa Topola,FK IMT Belgrad,1,3
2026-04-08,4640834,SER1,2025,domestic_league,448,7567,FK Vojvodina Novi Sad,FK Radnicki Nis,3,2
2026-04-08,4648008,TR1,2025,domestic_league,1467,141,Göztepe,Galatasaray,1,3
2026-04-08,4750232,SA1,2025,domestic_league,50531,18487,Al-Fayha FC,Al-Ahli Saudi Football Club,1,1
2026-04-08,4750234,SA1,2025,domestic_league,1114,91427,Al-Hilal Saudi Football Club,Al-Kholood Club,6,0
2026-04-08,4750238,SA1,2025,domestic_league,8023,34911,Al-Ittihad Football Club,Neom Sports Club,3,4
2026-04-08,4805920,EL,2025,other,1075,150,SC Braga,Real Betis Balompié,1,1
2026-04-08,4808257,MEX1,2025,domestic_league,4961,49283,Querétaro FC,FC Juárez,1,1
2026-04-08,4814370,CL,2025,international_cup,583,31,Paris Saint-Germain,Liverpool FC,2,0
2026-04-08,4814372,CL,2025,international_cup,131,13,FC Barcelona,Atlético de Madrid,0,2
2026-04-08,4847888,RUP,2025,domestic_cup,121,16704,FK Dinamo Moskva,FK Krasnodar,0,0
2026-04-08,4847890,RUP,2025,domestic_cup,964,232,AO FK Zenit Sankt-Peterburg,FK Spartak Moskva,6,7
2026-04-09,4640830,SER1,2025,domestic_league,4633,669,FK Novi Pazar,FK Partizan Belgrade,2,3
2026-04-09,4640831,SER1,2025,domestic_league,6621,4645,FK Cukaricki,FK Radnicki 1923 Kragujevac,0,0
2026-04-09,4640835,SER1,2025,domestic_league,53,33328,OFK Beograd,FK Radnik Surdulica,0,0
2026-04-09,4640836,SER1,2025,domestic_league,159,15276,Red Star Belgrade,FK Spartak Subotica,3,2
2026-04-09,4648005,TR1,2025,domestic_league,126,152,Caykur Rizespor,Samsunspor,4,1
2026-04-09,4750245,SA1,2025,domestic_league,50532,26069,Damac Football Club,Al-Qadsiah Saudi Football Club,1,1
2026-04-09,4750248,SA1,2025,domestic_league,7732,31008,Al-Ettifaq Football Club,Al-Riyadh Saudi Club,2,3
2026-04-09,4805875,UCOL,2025,other,660,1090,FC Shakhtar Donetsk,AZ Alkmaar,3,0
2026-04-09,4805876,UCOL,2025,other,873,430,Crystal Palace,ACF Fiorentina,3,0
2026-04-09,4805877,UCOL,2025,other,367,2441,Rayo Vallecano,Athlitiki Enosi Konstantinoupoleos,3,0
2026-04-09,4805878,UCOL,2025,other,39,667,1.FSV Mainz 05,RC Strasbourg Alsace,2,0
2026-04-09,4805921,EL,2025,other,60,940,SC Freiburg,Celta de Vigo,3,0
2026-04-09,4805922,EL,2025,other,720,703,FC Porto,Nottingham Forest,1,1
2026-04-09,4805923,EL,2025,other,1025,405,Bologna Football Club 1909,Aston Villa,1,3
2026-04-10,4621033,IT1,2025,domestic_league,12,4172,Associazione Sportiva Roma,Pisa Sporting Club,3,0
2026-04-10,4624873,PL1,2025,domestic_league,6110,2300,Korona Kielce,Jagiellonia Bialystok,1,1
2026-04-10,4624879,PL1,2025,domestic_league,2118,4000,Wisla Plock,Lechia Gdansk,1,0
2026-04-10,4626117,GB1,2025,domestic_league,379,543,West Ham United,Wolverhampton Wanderers,4,0
2026-04-10,4634464,L1,2025,domestic_league,167,533,FC Augsburg,TSG 1899 Hoffenheim,2,2
2026-04-10,4635258,FR1,2025,domestic_league,244,347,Olympique Marseille,FC Metz,3,1
2026-04-10,4635263,FR1,2025,domestic_league,10004,162,Paris FC,AS Monaco,4,1
2026-04-10,4641630,NL1,2025,domestic_league,317,724,FC Twente Enschede,FC Volendam,2,1
2026-04-10,4645940,ES1,2025,domestic_league,418,12321,Real Madrid,Girona FC,1,1
2026-04-10,4646236,UKR1,2025,domestic_league,81401,53646,SC Poltava,FK Polissya Zhytomyr,0,4
2026-04-10,4646239,UKR1,2025,domestic_league,48726,48332,Rukh Lviv,Kolos Kovalivka,1,1
2026-04-10,4648021,TR1,2025,domestic_league,114,589,Beşiktaş Jimnastik Kulübü,Antalyaspor,4,2
2026-04-10,4648904,PO1,2025,domestic_league,3329,979,FC Famalicão,Moreirense FC,1,1
2026-04-10,4727252,AUS1,2025,domestic_league,6954,7831,Central Coast Mariners,Brisbane Roar,2,2
2026-04-10,4839837,A1,2025,domestic_league,409,413,Fußballclub Red Bull Salzburg,LASK,2,3
2026-04-10,4850173,POBE,2025,other,172,1096,Royal Charleroi Sporting Club,Royal Antwerp FC,2,1
2026-04-11,4621025,IT1,2025,domestic_league,800,506,Atalanta BC,Juventus FC,0,1
2026-04-11,4621027,IT1,2025,domestic_league,1390,2239,Cagliari Calcio,US Cremonese,1,0
2026-04-11,4621031,IT1,2025,domestic_league,5,410,AC Milan,Udinese Calcio,0,3
2026-04-11,4621034,IT1,2025,domestic_league,416,276,Torino FC,Hellas Verona,2,1
2026-04-11,4624748,TS1,2025,domestic_league,1322,377,FK Jablonec,FC Baník Ostrava a.s.,4,1
2026-04-11,4624750,TS1,2025,domestic_league,715,5545,"Bohemians Praha 1905, a.s.",FC Zlin,2,1
2026-04-11,4624752,TS1,2025,domestic_league,5544,1897,1.FC Slovacko,FC Hradec Kralove,1,3
2026-04-11,4624875,PL1,2025,domestic_league,255,428,Legia Warszawa,Górnik Zabrze,1,1
2026-04-11,4624878,PL1,2025,domestic_league,88,15906,Widzew Lodz,Termalica Bruk-Bet Nieciecza Klub Sportowy,1,0
2026-04-11,4624880,PL1,2025,domestic_league,168,7154,Zaglebie Lubin,Radomiak Radom,1,0
2026-04-11,4625418,KR1,2025,domestic_league,11194,999,NK Lokomotiva Zagreb,NK Istra 1961,2,0
2026-04-11,4626108,GB1,2025,domestic_league,11,989,Arsenal FC,AFC Bournemouth,1,2
2026-04-11,4626109,GB1,2025,domestic_league,1148,29,Brentford FC,Everton FC,2,2
2026-04-11,4626110,GB1,2025,domestic_league,1132,1237,Burnley FC,Brighton & Hove Albion,0,2
2026-04-11,4626113,GB1,2025,domestic_league,31,931,Liverpool FC,Fulham FC,2,0
2026-04-11,4634459,L1,2025,domestic_league,16,15,Borussia Dortmund,Bayer 04 Leverkusen,0,1
2026-04-11,4634461,L1,2025,domestic_league,23826,18,RB Leipzig,Borussia Mönchengladbach,1,0
2026-04-11,4634463,L1,2025,domestic_league,82,24,VfL Wolfsburg,Eintracht Frankfurt,1,2
2026-04-11,4634465,L1,2025,domestic_league,35,27,FC St. Pauli,Bayern Munich,0,5
2026-04-11,4634466,L1,2025,domestic_league,2036,89,1. Fußballclub Heidenheim 1846,1.FC Union Berlin,3,1
2026-04-11,4635260,FR1,2025,domestic_league,273,1420,Stade Rennais FC,Angers SCO,2,1
2026-04-11,4635265,FR1,2025,domestic_league,290,995,AJ Auxerre,FC Nantes,0,0
2026-04-11,4641629,NL1,2025,domestic_league,202,1435,FC Groningen,Go Ahead Eagles,0,0
2026-04-11,4641631,NL1,2025,domestic_league,200,1434,FC Utrecht,SC Telstar,4,1
2026-04-11,4641633,NL1,2025,domestic_league,1304,610,Heracles Almelo,Ajax Amsterdam,0,3
2026-04-11,4641636,NL1,2025,domestic_league,468,383,Sparta Rotterdam,PSV Eindhoven,0,2
2026-04-11,4645942,ES1,2025,domestic_league,131,714,FC Barcelona,RCD Espanyol Barcelona,4,1
2026-04-11,4645944,ES1,2025,domestic_league,1531,1049,Elche CF,Valencia CF,1,0
2026-04-11,4645946,ES1,2025,domestic_league,681,1108,Real Sociedad,Deportivo Alavés,3,3
2026-04-11,4645947,ES1,2025,domestic_league,368,13,Sevilla FC,Atlético de Madrid,2,1
2026-04-11,4646237,UKR1,2025,domestic_league,85465,18303,Karpaty Lviv,FC Oleksandriya,2,0
2026-04-11,4646238,UKR1,2025,domestic_league,26459,39097,NK Veres Rivne,Obolon Kyiv,2,0
2026-04-11,4646242,UKR1,2025,domestic_league,55686,338,TOV FK Metalist 1925 Kharkiv,Dynamo Kyiv,1,0
2026-04-11,4648022,TR1,2025,domestic_league,11282,449,Alanyaspor,Trabzonspor,1,1
2026-04-11,4648026,TR1,2025,domestic_league,3205,36,Kayserispor,Fenerbahce,0,4
2026-04-11,4648027,TR1,2025,domestic_league,6890,820,Basaksehir FK,Gençlerbirliği Spor Kulübü,3,0
2026-04-11,4648900,PO1,2025,domestic_league,110302,2420,Avs Futebol,Vitória Guimarães SC,1,1
2026-04-11,4648902,PO1,2025,domestic_league,2431,336,CF Estrela Amadora,Sporting CP,0,1
2026-04-11,4648905,PO1,2025,domestic_league,2423,2425,CD Santa Clara,Rio Ave FC,0,2
2026-04-11,4649325,RU1,2025,domestic_league,2696,3725,PFK Krylya Sovetov Samara,RFK Akhmat Grozny,2,2
2026-04-11,4649328,RU1,2025,domestic_league,2698,14589,FC Rubin Kazan,FC Orenburg,0,0
2026-04-11,4649329,RU1,2025,domestic_league,2741,49702,FK Baltika,FK Nizhny Novgorod,2,2
2026-04-11,4649529,SC1,2025,domestic_league,370,903,Aberdeen FC,Hibernian FC,2,0
2026-04-11,4649530,SC1,2025,domestic_league,371,465,Celtic FC,St. Mirren FC,1,0
2026-04-11,4649531,SC1,2025,domestic_league,1519,1241,Dundee United FC,Livingston FC,3,2
2026-04-11,4649533,SC1,2025,domestic_league,43,987,Heart of Midlothian FC,Motherwell FC,3,1
2026-04-11,4649534,SC1,2025,domestic_league,2553,511,Kilmarnock FC,Dundee FC,2,2
2026-04-11,4727253,AUS1,2025,domestic_league,118373,7006,Auckland FC,Melbourne Victory,2,2
2026-04-11,4727254,AUS1,2025,domestic_league,5551,875,Newcastle United Jets,Adelaide United,1,1
2026-04-11,4727255,AUS1,2025,domestic_league,36100,8054,Western Sydney Wanderers,Sydney FC,0,2
2026-04-11,4750240,SA1,2025,domestic_league,32328,34911,Al-Najma Sport Club,Neom Sports Club,2,1
2026-04-11,4750241,SA1,2025,domestic_league,9131,50531,Al-Hazem Sport Club,Al-Fayha FC,2,0
2026-04-11,4750242,SA1,2025,domestic_league,28844,91427,Al-Taawoun Football Club,Al-Kholood Club,1,2
2026-04-11,4750246,SA1,2025,domestic_league,71665,18544,Al-Okhdood Club,Al-Nassr Football Club,0,2
2026-04-11,4787677,C1,2025,domestic_league,242,504,FC Winterthur,Grasshopper Club Zurich,0,2
2026-04-11,4787679,C1,2025,domestic_league,260,2790,FC Zürich,FC Lugano,0,1
2026-04-11,4794659,NO1,2025,domestic_league,353,267,Lillestrøm Sportsklubb,Idrettsklubben Start,3,1
2026-04-11,4794660,NO1,2025,domestic_league,1293,21101,Tromsø Idrettslag,Kristiansund Ballklubb,2,0
2026-04-11,4794661,NO1,2025,domestic_league,239,501,Viking Fotballklubb,Fotballklubben Bodø/Glimt,5,0
2026-04-11,4798443,ARG1,2025,domestic_league,12179,1030,Club Sportivo Independiente Rivadavia,Asociación Atlética Argentinos Juniors,3,1
2026-04-11,4798448,ARG1,2025,domestic_league,2417,12301,Club Atlético Belgrano,Club Atlético Aldosivi,1,0
2026-04-11,4798454,ARG1,2025,domestic_league,288,7097,Club Estudiantes de La Plata,Club Atlético Unión,2,1
2026-04-11,4798455,ARG1,2025,domestic_league,19775,1829,Asociación de Fomento Deportivo Riestra Barrio Colón,Instituto Atlético Central Córdoba,0,1
2026-04-11,4798457,ARG1,2025,domestic_league,189,1234,Club Atlético Boca Juniors,Club Atlético Independiente de Avellaneda,1,1
2026-04-11,4802653,SE1,2025,domestic_league,801,1109,Idrottsföreningen Kamraterna Göteborg,BK Häcken,0,2
2026-04-11,4802654,SE1,2025,domestic_league,2719,1118,Mjällby Almänna Idrottsförening,Örgryte IS,0,2
2026-04-11,4802658,SE1,2025,domestic_league,5202,1101,Västerås Sportklubb FK,Idrottsföreningen Elfsborg,2,2
2026-04-11,4802983,MLS1,2025,domestic_league,11141,51772,Toronto FC,Football Club Cincinnati,1,1
2026-04-11,4802984,MLS1,2025,domestic_league,72309,1061,Austin FC,Los Angeles Galaxy,1,2
2026-04-11,4802985,MLS1,2025,domestic_league,4291,51828,Portland Timbers,Los Angeles Football Club,2,1
2026-04-11,4802989,MLS1,2025,domestic_league,4078,25467,Club de Foot Montréal,Philadelphia Union,1,2
2026-04-11,4803397,RSK1,2025,domestic_league,311,19684,Football Club Pohang Steelers,Jeju SK Football Club,0,2
2026-04-11,4803398,RSK1,2025,domestic_league,6500,6502,Football Club Seoul,Jeonbuk Hyundai Motors,1,0
2026-04-11,4803399,RSK1,2025,domestic_league,30925,35759,Gwangju Football Club,Bucheon Football Club 1995,0,1
2026-04-11,4803400,RSK1,2025,domestic_league,2996,3535,Incheon United Football Club,Ulsan Hyundai Football Club,1,2
2026-04-11,4808313,MEX1,2025,domestic_league,5662,4941,Puebla FC,Club León FC,0,1
2026-04-11,4808314,MEX1,2025,domestic_league,49283,13353,FC Juárez,Club Tijuana,1,2
2026-04-11,4810941,BRA1,2025,domestic_league,3876,10010,Mirasol Futebol Clube,Esporte Clube Bahia,1,2
2026-04-11,4810945,BRA1,2025,domestic_league,2125,585,Esporte Clube Vitória,São Paulo Futebol Clube,2,0
2026-04-11,4810946,BRA1,2025,domestic_league,10997,978,Clube do Remo,Club de Regatas Vasco da Gama,1,1
2026-04-11,4839838,A1,2025,domestic_league,4441,266,Wolfsberger AC,SV Ried,0,0
2026-04-11,4839839,A1,2025,domestic_league,3551,316,Sportclub Rheindorf Altach,Grazer AK 1902,1,0
2026-04-11,4839840,A1,2025,domestic_league,2157,2446,FC Blau-Weiss Linz,WSG Tirol,5,0
2026-04-11,4850143,EJPL,2025,other,475,2282,Sint-Truidense VV,Club Brugge KV,1,2
2026-04-11,4850174,POBE,2025,other,3057,968,Standard Liège,KVC Westerlo,1,2
2026-04-11,4850197,BPO4,2025,other,520,3901,Cercle Brugge,RAAL La Louvière,3,0
2026-04-12,4621026,IT1,2025,domestic_league,1025,1005,Bologna Football Club 1909,US Lecce,2,0
2026-04-12,4621028,IT1,2025,domestic_league,1047,46,Como 1907,Inter Milan,3,4
2026-04-12,4621030,IT1,2025,domestic_league,252,6574,Genoa CFC,US Sassuolo,2,1
2026-04-12,4621032,IT1,2025,domestic_league,130,6195,Parma Calcio 1913,SSC Napoli,1,1
2026-04-12,4624749,TS1,2025,domestic_league,62,941,SK Slavia Prague,FC Viktoria Plzen,0,0
2026-04-12,4624751,TS1,2025,domestic_league,814,197,FK Teplice,AC Sparta Prague,0,1
2026-04-12,4624753,TS1,2025,domestic_league,13726,697,MFK Karvina,FC Slovan Liberec,3,1
2026-04-12,4624754,TS1,2025,domestic_league,1496,2311,FK Pardubice,"SK Sigma Olomouc, a.s.",2,1
2026-04-12,4624755,TS1,2025,domestic_league,5546,450,FK Mlada Boleslav,FK Dukla Prague,1,1
2026-04-12,4624872,PL1,2025,domestic_league,5689,6107,Cracovia,Morski Związkowy Klub Sportowy Arka Gdynia Spółka Akcyjna,2,2
2026-04-12,4624874,PL1,2025,domestic_league,238,6456,Lech Poznan,GKS GieKSa Katowice Spółka Akcyjna,3,3
2026-04-12,4624876,PL1,2025,domestic_league,3527,9644,Motor Lublin Spółka Akcyjna,Raków Częstochowa,1,1
2026-04-12,4625419,KR1,2025,domestic_league,447,24575,HNK Hajduk Split,HNK Gorica,1,0
2026-04-12,4625420,KR1,2025,domestic_league,599,2362,NK Varazdin,Slaven Belupo Koprivnica,2,1
2026-04-12,4625421,KR1,2025,domestic_league,144,327,HNK Rijeka,NK Osijek,0,2
2026-04-12,4626111,GB1,2025,domestic_league,631,281,Chelsea FC,Manchester City,0,3
2026-04-12,4626112,GB1,2025,domestic_league,873,762,Crystal Palace,Newcastle United,2,1
2026-04-12,4626115,GB1,2025,domestic_league,703,405,Nottingham Forest,Aston Villa,1,1
2026-04-12,4626116,GB1,2025,domestic_league,289,148,Sunderland AFC,Tottenham Hotspur,1,0
2026-04-12,4634460,L1,2025,domestic_league,39,60,1.FSV Mainz 05,SC Freiburg,0,1
2026-04-12,4634462,L1,2025,domestic_league,79,41,VfB Stuttgart,Hamburger SV,4,0
2026-04-12,4634467,L1,2025,domestic_league,3,86,1.FC Köln,SV Werder Bremen,3,1
2026-04-12,4635259,FR1,2025,domestic_league,1041,1158,Olympique Lyon,FC Lorient,2,0
2026-04-12,4635261,FR1,2025,domestic_league,417,738,OGC Nice,Le Havre AC,1,1
2026-04-12,4635264,FR1,2025,domestic_league,415,1082,FC Toulouse,LOSC Lille,0,4
2026-04-12,4641628,NL1,2025,domestic_league,1090,306,AZ Alkmaar,SC Heerenveen,3,0
2026-04-12,4641632,NL1,2025,domestic_league,385,132,Fortuna Sittardia Combinatie,NAC Breda,1,1
2026-04-12,4641634,NL1,2025,domestic_league,467,234,NEC Nijmegen,Feyenoord Rotterdam,1,1
2026-04-12,4641635,NL1,2025,domestic_league,1269,798,PEC Zwolle,Excelsior Rotterdam,2,2
2026-04-12,4645941,ES1,2025,domestic_league,621,1050,Athletic Bilbao,Villarreal CF,1,2
2026-04-12,4645943,ES1,2025,domestic_league,940,2497,Celta de Vigo,Real Oviedo,0,3
2026-04-12,4645945,ES1,2025,domestic_league,237,367,RCD Mallorca,Rayo Vallecano,3,0
2026-04-12,4645948,ES1,2025,domestic_league,331,150,CA Osasuna,Real Betis Balompié,1,1
2026-04-12,4646235,UKR1,2025,domestic_league,87883,3592,FC Kudrivka,Kryvbas Kryvyi Rig,1,2
2026-04-12,4646241,UKR1,2025,domestic_league,10690,84122,Zorya Lugansk,Epicentr Kamyanets-Podilskyi,1,0
2026-04-12,4648020,TR1,2025,domestic_league,1467,10484,Göztepe,Kasimpasa,3,3
2026-04-12,4648024,TR1,2025,domestic_league,2293,6646,Konyaspor,Fatih Karagümrük,3,0
2026-04-12,4648028,TR1,2025,domestic_league,141,120,Galatasaray,Kocaelispor,1,1
2026-04-12,4648898,PO1,2025,domestic_league,1075,8024,SC Braga,FC Arouca,1,0
2026-04-12,4648901,PO1,2025,domestic_league,1465,720,GD Estoril Praia,FC Porto,1,3
2026-04-12,4648903,PO1,2025,domestic_league,2521,3268,FC Alverca,Casa Pia AC,3,1
2026-04-12,4648906,PO1,2025,domestic_league,294,982,SL Benfica,CD Nacional,2,0
2026-04-12,4649323,RU1,2025,domestic_league,964,16704,AO FK Zenit Sankt-Peterburg,FK Krasnodar,1,1
2026-04-12,4649324,RU1,2025,domestic_league,1083,232,FK Rostov,FK Spartak Moskva,1,1
2026-04-12,4649326,RU1,2025,domestic_league,2410,41231,PFK CSKA Moskva,FK Sochi,0,1
2026-04-12,4649327,RU1,2025,domestic_league,932,75231,"Футбольный клуб ""Локомотив"" Москва",Dinamo Makhachkala,1,1
2026-04-12,4649532,SC1,2025,domestic_league,1191,124,Falkirk FC,Rangers FC,3,6
2026-04-12,4727256,AUS1,2025,domestic_league,25580,8445,Melbourne City FC,Wellington Phoenix,2,0
2026-04-12,4727257,AUS1,2025,domestic_league,970,71085,Perth Glory,Macarthur FC,3,1
2026-04-12,4787674,C1,2025,domestic_league,434,257,FC Luzern,FC St. Gallen 1879,2,2
2026-04-12,4787675,C1,2025,domestic_league,321,527,FC Sion,Football Club Lausanne-Sport,3,0
2026-04-12,4787678,C1,2025,domestic_league,452,61,BSC Young Boys,Servette FC,1,1
2026-04-12,4794662,NO1,2025,domestic_league,195,10217,Rosenborg Ballklub,Sarpsborg 08 Fotballforening,2,1
2026-04-12,4794663,NO1,2025,domestic_league,3837,76,Fredrikstad Fotballklubb,Vålerengens Idrettsforening,1,1
2026-04-12,4794664,NO1,2025,domestic_league,687,4309,Molde Fotballklubb,Hamarkameratene,4,1
2026-04-12,4794665,NO1,2025,domestic_league,5619,23184,Aalesunds Fotballklubb,KFUM-Kameratene Oslo,2,2
2026-04-12,4794666,NO1,2025,domestic_league,1100,6399,Sportsklubben Brann,Sandefjord Fotball,0,1
2026-04-12,4798444,ARG1,2025,domestic_league,14554,11831,Club Atlético Tucumán,Club Atlético Tigre,0,0
2026-04-12,4798445,ARG1,2025,domestic_league,2063,1418,Club Atlético Huracán,Club Atlético Rosario Central,3,1
2026-04-12,4798447,ARG1,2025,domestic_league,14602,25184,Asociación Atlética Estudiantes,Club Atlético Barracas Central,1,2
2026-04-12,4798451,ARG1,2025,domestic_league,928,14687,Club Atlético Platense,Club Atlético Gimnasia y Esgrima de Mendoza,1,1
2026-04-12,4798453,ARG1,2025,domestic_league,1286,1775,Club Atlético Newell’s Old Boys,Club Atlético San Lorenzo de Almagro,0,0
2026-04-12,4802652,SE1,2025,domestic_league,1044,3654,Djurgårdens Idrottsförening,Kalmar Fotbollförening,3,2
2026-04-12,4802655,SE1,2025,domestic_league,496,7009,Malmö Fotbollförening,Göteborgs Atlet- och Idrottssällskap,3,1
2026-04-12,4802659,SE1,2025,domestic_league,1011,3641,Halmstads BK,Degerfors IF,0,3
2026-04-12,4802986,MLS1,2025,domestic_league,6321,40058,Vancouver Whitecaps FC,New York City Football Club,2,0
2026-04-12,4802987,MLS1,2025,domestic_league,69261,623,Club Internacional de Fútbol Miami,Red Bull New York,2,2
2026-04-12,4802988,MLS1,2025,domestic_league,626,2440,New England Revolution,D.C. United,1,0
2026-04-12,4802990,MLS1,2025,domestic_league,78435,63966,Charlotte Football Club,Nashville SC,1,2
2026-04-12,4802991,MLS1,2025,domestic_league,8816,82686,FC Dallas,St. Louis City Soccer Club,1,1
2026-04-12,4802992,MLS1,2025,domestic_league,432,51663,Chicago Fire Soccer Club,Atlanta United Football Club,1,0
2026-04-12,4802993,MLS1,2025,domestic_league,4284,218,Sporting Kansas City,San Jose Earthquakes,1,3
2026-04-12,4802994,MLS1,2025,domestic_league,1247,9168,Colorado Rapids,Houston Dynamo,6,2
2026-04-12,4802995,MLS1,2025,domestic_league,114977,56089,San Diego Football Club,Minnesota United FC,1,2
2026-04-12,4803401,RSK1,2025,domestic_league,6499,21459,Foundation Coorperation Hana Financial Group Inc. Football Club,Gangwon Football Club,0,2
2026-04-12,4803402,RSK1,2025,domestic_league,6505,38898,Gimcheon Sangmu Football Club,Football Club Anyang,1,1
2026-04-12,4808315,MEX1,2025,domestic_league,4961,1146,Querétaro FC,Club Necaxa,3,1
2026-04-12,4808316,MEX1,2025,domestic_league,7055,6711,Tigres UANL,Deportivo Guadalajara,4,1
2026-04-12,4808317,MEX1,2025,domestic_league,8590,2407,Atlas Guadalajara,CF Monterrey,0,0
2026-04-12,4808318,MEX1,2025,domestic_league,4035,1403,CF Pachuca,Santos Laguna,4,2
2026-04-12,4808319,MEX1,2025,domestic_league,3631,3711,CF América,CD Cruz Azul,1,1
2026-04-12,4808320,MEX1,2025,domestic_league,7633,82696,UNAM Pumas,Mazatlán FC,3,1
2026-04-12,4810937,BRA1,2025,domestic_league,2462,614,Fluminense Football Club,Clube de Regatas do Flamengo,1,2
2026-04-12,4810938,BRA1,2025,domestic_league,537,776,S. A. F. Botafogo,Coritiba Foot Ball Club,2,2
2026-04-12,4810939,BRA1,2025,domestic_league,221,330,Santos Futebol Clube,Clube Atlético Mineiro,1,0
2026-04-12,4810940,BRA1,2025,domestic_league,199,1023,Sport Club Corinthians Paulista,Sociedade Esportiva Palmeiras,0,0
2026-04-12,4810942,BRA1,2025,domestic_league,609,8793,Cruzeiro Esporte Clube,Red Bull Bragantino,2,1
2026-04-12,4810943,BRA1,2025,domestic_league,6600,210,Sport Club Internacional,Grêmio Foot-Ball Porto Alegrense,0,0
2026-04-12,4810944,BRA1,2025,domestic_league,679,17776,Clube Atlético Paranaense,Associação Chapecoense de Futebol,2,0
2026-04-12,4839841,A1,2025,domestic_league,122,4467,Sportklub Puntigamer Sturm Graz,TSV Hartberg,0,0
2026-04-12,4839842,A1,2025,domestic_league,14,170,Austria Vienna,Rapid Vienna,1,1
2026-04-12,4850144,EJPL,2025,other,354,3948,KV Mechelen,Union Saint-Gilloise,0,1
2026-04-12,4850145,EJPL,2025,other,58,157,RSC Anderlecht,KAA Gent,3,1
2026-04-12,4850175,POBE,2025,other,1184,2727,KRC Genk,Oud-Heverlee Leuven,0,0
2026-04-12,4850198,BPO4,2025,other,9010,3508,FCV Dender EH,Zulte Waregem,1,2
2026-04-13,4621029,IT1,2025,domestic_league,430,398,ACF Fiorentina,Società Sportiva Lazio S.p.A.,1,0
2026-04-13,4624877,PL1,2025,domestic_league,6112,324,Piast Gliwice,Pogon Szczecin,0,2
2026-04-13,4625417,KR1,2025,domestic_league,456,419,HNK Vukovar 1991,GNK Dinamo Zagreb,1,4
2026-04-13,4626114,GB1,2025,domestic_league,985,399,Manchester United,Leeds United,1,2
2026-04-13,4645939,ES1,2025,domestic_league,3368,3709,Levante UD,Getafe CF,1,0
2026-04-13,4646240,UKR1,2025,domestic_league,63007,660,LNZ Cherkasy,FC Shakhtar Donetsk,2,2
2026-04-13,4648023,TR1,2025,domestic_league,7160,152,Eyüpspor,Samsunspor,1,2
2026-04-13,4648025,TR1,2025,domestic_league,126,2832,Caykur Rizespor,Gaziantep FK,2,1
2026-04-13,4648899,PO1,2025,domestic_league,7179,2424,CD Tondela,Gil Vicente FC,2,2
2026-04-13,4649330,RU1,2025,domestic_league,71985,121,Akron Togliatti,FK Dinamo Moskva,2,3
2026-04-13,4798446,ARG1,2025,domestic_league,12454,1106,Club Atlético Sarmiento,Club de Gimnasia y Esgrima La Plata,1,2
2026-04-13,4798449,ARG1,2025,domestic_league,1444,209,Racing Club Asociación Civil de Avellaneda,Club Atlético River Plate,0,2
2026-04-13,4798450,ARG1,2025,domestic_league,333,830,Club Atlético Lanús,Club Atlético Banfield,1,0
2026-04-13,4798456,ARG1,2025,domestic_league,2402,3938,Club Social y Deportivo Defensa y Justicia,Club Atlético Talleres,1,2
2026-04-13,4802656,SE1,2025,domestic_league,1092,272,Idrottsföreningen  Brommapojkarna,Allmänna Idrottsklubben,2,2
2026-04-13,4802657,SE1,2025,domestic_league,7945,1059,IK Sirius,Hammarby IF,2,0
2026-04-13,4802996,MLS1,2025,domestic_league,813,45604,Columbus Crew,Orlando City Soccer Club,1,1
2026-04-13,4808321,MEX1,2025,domestic_league,1804,40188,Deportivo Toluca,Atlético de San Luis,1,1
2026-04-14,4750233,SA1,2025,domestic_league,26069,9840,Al-Qadsiah Saudi Football Club,Al-Shabab Club,2,2
2026-04-14,4798452,ARG1,2025,domestic_league,1029,31284,Club Atlético Vélez Sársfield,Club Atlético Central Córdoba,1,0
2026-04-14,4814374,CL,2025,international_cup,31,583,Liverpool FC,Paris Saint-Germain,0,2
2026-04-14,4814376,CL,2025,international_cup,13,131,Atlético de Madrid,FC Barcelona,1,2
2026-04-15,4646174,UKR1,2025,domestic_league,55686,26459,TOV FK Metalist 1925 Kharkiv,NK Veres Rivne,4,0
2026-04-15,4750237,SA1,2025,domestic_league,18544,7732,Al-Nassr Football Club,Al-Ettifaq Football Club,1,0
2026-04-15,4794655,NO1,2025,domestic_league,10217,501,Sarpsborg 08 Fotballforening,Fotballklubben Bodø/Glimt,1,1
2026-04-15,4794783,NO1,2025,domestic_league,1293,353,Tromsø Idrettslag,Lillestrøm Sportsklubb,0,0
2026-04-15,4803368,RSK1,2025,domestic_league,3535,6500,Ulsan Hyundai Football Club,Football Club Seoul,1,4
2026-04-15,4814375,CL,2025,international_cup,27,418,Bayern Munich,Real Madrid,4,3
2026-04-15,4814377,CL,2025,international_cup,11,336,Arsenal FC,Sporting CP,0,0
2026-04-16,4805879,UCOL,2025,other,1090,660,AZ Alkmaar,FC Shakhtar Donetsk,2,2
2026-04-16,4805880,UCOL,2025,other,430,873,ACF Fiorentina,Crystal Palace,2,1
2026-04-16,4805881,UCOL,2025,other,2441,367,Athlitiki Enosi Konstantinoupoleos,Rayo Vallecano,3,1
2026-04-16,4805882,UCOL,2025,other,667,39,RC Strasbourg Alsace,1.FSV Mainz 05,4,0
2026-04-16,4805924,EL,2025,other,150,1075,Real Betis Balompié,SC Braga,2,4
2026-04-16,4805925,EL,2025,other,940,60,Celta de Vigo,SC Freiburg,1,3
2026-04-16,4805926,EL,2025,other,703,720,Nottingham Forest,FC Porto,1,0
2026-04-16,4805927,EL,2025,other,405,1025,Aston Villa,Bologna Football Club 1909,4,0
2026-04-17,4621036,IT1,2025,domestic_league,46,1390,Inter Milan,Cagliari Calcio,3,0
2026-04-17,4621042,IT1,2025,domestic_league,6574,1047,US Sassuolo,Como 1907,2,1
2026-04-17,4624883,PL1,2025,domestic_league,6456,3527,GKS GieKSa Katowice Spółka Akcyjna,Motor Lublin Spółka Akcyjna,3,2
2026-04-17,4624886,PL1,2025,domestic_league,255,168,Legia Warszawa,Zaglebie Lubin,1,0
2026-04-17,4625423,KR1,2025,domestic_league,327,599,NK Osijek,NK Varazdin,0,2
2026-04-17,4625424,KR1,2025,domestic_league,2362,447,Slaven Belupo Koprivnica,HNK Hajduk Split,2,2
2026-04-17,4625425,KR1,2025,domestic_league,24575,11194,HNK Gorica,NK Lokomotiva Zagreb,0,2
2026-04-17,4634484,L1,2025,domestic_league,35,3,FC St. Pauli,1.FC Köln,1,1
2026-04-17,4635270,FR1,2025,domestic_league,826,415,RC Lens,FC Toulouse,3,2
2026-04-17,4646164,UKR1,2025,domestic_league,39097,81401,Obolon Kyiv,SC Poltava,1,1
2026-04-17,4646170,UKR1,2025,domestic_league,338,10690,Dynamo Kyiv,Zorya Lugansk,3,1
2026-04-17,4648030,TR1,2025,domestic_league,589,2293,Antalyaspor,Konyaspor,0,2
2026-04-17,4648036,TR1,2025,domestic_league,36,126,Fenerbahce,Caykur Rizespor,2,2
2026-04-17,4648889,PO1,2025,domestic_league,2425,110302,Rio Ave FC,Avs Futebol,2,2
2026-04-17,4649348,RU1,2025,domestic_league,1083,41231,FK Rostov,FK Sochi,0,1
2026-04-17,4727282,AUS1,2025,domestic_league,7006,5551,Melbourne Victory,Newcastle United Jets,2,2
2026-04-17,4802677,SE1,2025,domestic_league,1044,496,Djurgårdens Idrottsförening,Malmö Fotbollförening,0,1
2026-04-17,4802681,SE1,2025,domestic_league,3641,1101,Degerfors IF,Idrottsföreningen Elfsborg,0,1
2026-04-17,4839844,A1,2025,domestic_league,316,266,Grazer AK 1902,SV Ried,1,1
2026-04-18,4621039,IT1,2025,domestic_league,6195,398,SSC Napoli,Società Sportiva Lazio S.p.A.,0,2
2026-04-18,4621041,IT1,2025,domestic_league,12,800,Associazione Sportiva Roma,Atalanta BC,1,1
2026-04-18,4621043,IT1,2025,domestic_league,410,130,Udinese Calcio,Parma Calcio 1913,0,1
2026-04-18,4624756,TS1,2025,domestic_league,377,715,FC Baník Ostrava a.s.,"Bohemians Praha 1905, a.s.",0,2
2026-04-18,4624758,TS1,2025,domestic_league,5545,814,FC Zlin,FK Teplice,3,2
2026-04-18,4624759,TS1,2025,domestic_league,197,1322,AC Sparta Prague,FK Jablonec,3,1
2026-04-18,4624761,TS1,2025,domestic_league,450,13726,FK Dukla Prague,MFK Karvina,1,2
2026-04-18,4624763,TS1,2025,domestic_league,697,5546,FC Slovan Liberec,FK Mlada Boleslav,0,0
2026-04-18,4624884,PL1,2025,domestic_league,428,6110,Górnik Zabrze,Korona Kielce,1,0
2026-04-18,4624887,PL1,2025,domestic_league,324,238,Pogon Szczecin,Lech Poznan,1,2
2026-04-18,4624888,PL1,2025,domestic_league,7154,88,Radomiak Radom,Widzew Lodz,2,1
2026-04-18,4625422,KR1,2025,domestic_league,419,144,GNK Dinamo Zagreb,HNK Rijeka,2,2
2026-04-18,4625426,KR1,2025,domestic_league,999,456,NK Istra 1961,HNK Vukovar 1991,1,2
2026-04-18,4626119,GB1,2025,domestic_league,1148,931,Brentford FC,Fulham FC,0,0
2026-04-18,4626120,GB1,2025,domestic_league,631,985,Chelsea FC,Manchester United,0,1
2026-04-18,4626123,GB1,2025,domestic_league,399,543,Leeds United,Wolverhampton Wanderers,3,0
2026-04-18,4626125,GB1,2025,domestic_league,762,989,Newcastle United,AFC Bournemouth,1,2
2026-04-18,4626127,GB1,2025,domestic_league,148,1237,Tottenham Hotspur,Brighton & Hove Albion,2,2
2026-04-18,4634478,L1,2025,domestic_league,15,167,Bayer 04 Leverkusen,FC Augsburg,1,2
2026-04-18,4634479,L1,2025,domestic_league,24,23826,Eintracht Frankfurt,RB Leipzig,1,3
2026-04-18,4634481,L1,2025,domestic_league,86,41,SV Werder Bremen,Hamburger SV,3,1
2026-04-18,4634483,L1,2025,domestic_league,89,82,1.FC Union Berlin,VfL Wolfsburg,1,2
2026-04-18,4634485,L1,2025,domestic_league,533,16,TSG 1899 Hoffenheim,Borussia Dortmund,2,1
2026-04-18,4635267,FR1,2025,domestic_league,1158,244,FC Lorient,Olympique Marseille,2,0
2026-04-18,4635271,FR1,2025,domestic_league,1420,738,Angers SCO,Le Havre AC,1,1
2026-04-18,4635274,FR1,2025,domestic_league,1082,417,LOSC Lille,OGC Nice,0,0
2026-04-18,4646167,UKR1,2025,domestic_league,48332,63007,Kolos Kovalivka,LNZ Cherkasy,1,0
2026-04-18,4646169,UKR1,2025,domestic_league,55686,87883,TOV FK Metalist 1925 Kharkiv,FC Kudrivka,1,0
2026-04-18,4648029,TR1,2025,domestic_league,6646,7160,Fatih Karagümrük,Eyüpspor,1,2
2026-04-18,4648034,TR1,2025,domestic_league,120,1467,Kocaelispor,Göztepe,1,1
2026-04-18,4648035,TR1,2025,domestic_league,820,141,Gençlerbirliği Spor Kulübü,Galatasaray,1,2
2026-04-18,4648891,PO1,2025,domestic_league,982,2521,CD Nacional,FC Alverca,1,0
2026-04-18,4648892,PO1,2025,domestic_league,3268,2423,Casa Pia AC,CD Santa Clara,0,0
2026-04-18,4648894,PO1,2025,domestic_league,2424,2420,Gil Vicente FC,Vitória Guimarães SC,0,1
2026-04-18,4649350,RU1,2025,domestic_league,2696,2410,PFK Krylya Sovetov Samara,PFK CSKA Moskva,1,1
2026-04-18,4649351,RU1,2025,domestic_league,14589,932,FC Orenburg,"Футбольный клуб ""Локомотив"" Москва",0,1
2026-04-18,4649352,RU1,2025,domestic_league,2698,71985,FC Rubin Kazan,Akron Togliatti,1,1
2026-04-18,4649353,RU1,2025,domestic_league,49702,121,FK Nizhny Novgorod,FK Dinamo Moskva,1,1
2026-04-18,4727283,AUS1,2025,domestic_league,8445,36100,Wellington Phoenix,Western Sydney Wanderers,2,1
2026-04-18,4727284,AUS1,2025,domestic_league,7831,25580,Brisbane Roar,Melbourne City FC,2,3
2026-04-18,4727285,AUS1,2025,domestic_league,8054,970,Sydney FC,Perth Glory,0,0
2026-04-18,4787676,C1,2025,domestic_league,938,26,FC Thun,FC Basel 1893,3,1
2026-04-18,4794683,NO1,2025,domestic_league,501,5619,Fotballklubben Bodø/Glimt,Aalesunds Fotballklubb,3,0
2026-04-18,4794684,NO1,2025,domestic_league,6399,195,Sandefjord Fotball,Rosenborg Ballklub,0,0
2026-04-18,4794685,NO1,2025,domestic_league,239,1100,Viking Fotballklubb,Sportsklubben Brann,3,2
2026-04-18,4798459,ARG1,2025,domestic_league,1234,2402,Club Atlético Independiente de Avellaneda,Club Social y Deportivo Defensa y Justicia,3,1
2026-04-18,4798461,ARG1,2025,domestic_league,1829,288,Instituto Atlético Central Córdoba,Club Estudiantes de La Plata,0,1
2026-04-18,4798462,ARG1,2025,domestic_league,7097,1286,Club Atlético Unión,Club Atlético Newell’s Old Boys,2,3
2026-04-18,4798468,ARG1,2025,domestic_league,1106,14602,Club de Gimnasia y Esgrima La Plata,Asociación Atlética Estudiantes,1,0
2026-04-18,4802678,SE1,2025,domestic_league,1059,1118,Hammarby IF,Örgryte IS,8,1
2026-04-18,4802680,SE1,2025,domestic_league,2719,1092,Mjällby Almänna Idrottsförening,Idrottsföreningen  Brommapojkarna,3,0
2026-04-18,4802682,SE1,2025,domestic_league,7945,5202,IK Sirius,Västerås Sportklubb FK,4,1
2026-04-18,4802683,SE1,2025,domestic_league,1011,801,Halmstads BK,Idrottsföreningen Kamraterna Göteborg,1,1
2026-04-18,4802998,MLS1,2025,domestic_league,6321,4284,Vancouver Whitecaps FC,Sporting Kansas City,3,0
2026-04-18,4802999,MLS1,2025,domestic_league,11141,72309,Toronto FC,Austin FC,3,3
2026-04-18,4803000,MLS1,2025,domestic_league,1247,69261,Colorado Rapids,Club Internacional de Fútbol Miami,2,3
2026-04-18,4803003,MLS1,2025,domestic_league,4078,623,Club de Foot Montréal,Red Bull New York,4,1
2026-04-18,4803403,RSK1,2025,domestic_league,21459,6502,Gangwon Football Club,Jeonbuk Hyundai Motors,1,1
2026-04-18,4803404,RSK1,2025,domestic_league,6500,6499,Football Club Seoul,Foundation Coorperation Hana Financial Group Inc. Football Club,0,1
2026-04-18,4803405,RSK1,2025,domestic_league,19684,6505,Jeju SK Football Club,Gimcheon Sangmu Football Club,1,1
2026-04-18,4803406,RSK1,2025,domestic_league,35759,2996,Bucheon Football Club 1995,Incheon United Football Club,2,2
2026-04-18,4808322,MEX1,2025,domestic_league,40188,7633,Atlético de San Luis,UNAM Pumas,0,2
2026-04-18,4808323,MEX1,2025,domestic_league,82696,4961,Mazatlán FC,Querétaro FC,1,1
2026-04-18,4810928,BRA1,2025,domestic_league,978,585,Club de Regatas Vasco da Gama,São Paulo Futebol Clube,2,1
2026-04-18,4810936,BRA1,2025,domestic_league,17776,537,Associação Chapecoense de Futebol,S. A. F. Botafogo,1,4
2026-04-18,4839845,A1,2025,domestic_league,4441,2157,Wolfsberger AC,FC Blau-Weiss Linz,0,0
2026-04-18,4839846,A1,2025,domestic_league,2446,3551,WSG Tirol,Sportclub Rheindorf Altach,2,2
2026-04-18,4839968,SFA,2025,domestic_cup,1270,1191,Dunfermline Athletic FC,Falkirk FC,4,2
2026-04-18,4842389,CDR,2025,domestic_cup,13,681,Atlético de Madrid,Real Sociedad,5,6
2026-04-18,4850137,EJPL,2025,other,354,58,KV Mechelen,RSC Anderlecht,1,2
2026-04-18,4850167,POBE,2025,other,1096,2727,Royal Antwerp FC,Oud-Heverlee Leuven,2,0
2026-04-18,4850168,POBE,2025,other,968,1184,KVC Westerlo,KRC Genk,1,2
2026-04-18,4850169,POBE,2025,other,172,3057,Royal Charleroi Sporting Club,Standard Liège,1,2
2026-04-19,4621035,IT1,2025,domestic_league,2239,416,US Cremonese,Torino FC,0,0
2026-04-19,4621037,IT1,2025,domestic_league,506,1025,Juventus FC,Bologna Football Club 1909,2,0
2026-04-19,4621040,IT1,2025,domestic_league,4172,252,Pisa Sporting Club,Genoa CFC,1,2
2026-04-19,4621044,IT1,2025,domestic_league,276,5,Hellas Verona,AC Milan,0,1
2026-04-19,4624757,TS1,2025,domestic_league,1897,62,FC Hradec Kralove,SK Slavia Prague,2,1
2026-04-19,4624760,TS1,2025,domestic_league,2311,5544,"SK Sigma Olomouc, a.s.",1.FC Slovacko,2,1
2026-04-19,4624762,TS1,2025,domestic_league,941,1496,FC Viktoria Plzen,FK Pardubice,0,1
2026-04-19,4624881,PL1,2025,domestic_league,6107,2300,Morski Związkowy Klub Sportowy Arka Gdynia Spółka Akcyjna,Jagiellonia Bialystok,0,3
2026-04-19,4624882,PL1,2025,domestic_league,15906,2118,Termalica Bruk-Bet Nieciecza Klub Sportowy,Wisla Plock,1,3
2026-04-19,4624889,PL1,2025,domestic_league,9644,5689,Raków Częstochowa,Cracovia,4,1
2026-04-19,4626118,GB1,2025,domestic_league,405,289,Aston Villa,Sunderland AFC,4,3
2026-04-19,4626122,GB1,2025,domestic_league,29,31,Everton FC,Liverpool FC,1,2
2026-04-19,4626124,GB1,2025,domestic_league,281,11,Manchester City,Arsenal FC,2,1
2026-04-19,4626126,GB1,2025,domestic_league,703,1132,Nottingham Forest,Burnley FC,4,1
2026-04-19,4634477,L1,2025,domestic_league,27,79,Bayern Munich,VfB Stuttgart,4,2
2026-04-19,4634480,L1,2025,domestic_league,60,2036,SC Freiburg,1. Fußballclub Heidenheim 1846,2,1
2026-04-19,4634482,L1,2025,domestic_league,18,39,Borussia Mönchengladbach,1.FSV Mainz 05,1,1
2026-04-19,4635268,FR1,2025,domestic_league,667,273,RC Strasbourg Alsace,Stade Rennais FC,0,3
2026-04-19,4635269,FR1,2025,domestic_league,347,10004,FC Metz,Paris FC,1,3
2026-04-19,4635272,FR1,2025,domestic_league,162,290,AS Monaco,AJ Auxerre,2,2
2026-04-19,4635273,FR1,2025,domestic_league,995,3911,FC Nantes,Stade Brestois 29,1,1
2026-04-19,4635275,FR1,2025,domestic_league,583,1041,Paris Saint-Germain,Olympique Lyon,1,2
2026-04-19,4646163,UKR1,2025,domestic_league,3592,48726,Kryvbas Kryvyi Rig,Rukh Lviv,3,0
2026-04-19,4646166,UKR1,2025,domestic_league,84122,85465,Epicentr Kamyanets-Podilskyi,Karpaty Lviv,0,0
2026-04-19,4648031,TR1,2025,domestic_league,152,114,Samsunspor,Beşiktaş Jimnastik Kulübü,2,1
2026-04-19,4648032,TR1,2025,domestic_league,10484,11282,Kasimpasa,Alanyaspor,1,0
2026-04-19,4648033,TR1,2025,domestic_league,449,6890,Trabzonspor,Basaksehir FK,1,1
2026-04-19,4648893,PO1,2025,domestic_league,336,294,Sporting CP,SL Benfica,1,2
2026-04-19,4648895,PO1,2025,domestic_league,8024,2431,FC Arouca,CF Estrela Amadora,1,0
2026-04-19,4648896,PO1,2025,domestic_league,720,7179,FC Porto,CD Tondela,2,0
2026-04-19,4648897,PO1,2025,domestic_league,1075,3329,SC Braga,FC Famalicão,2,2
2026-04-19,4649347,RU1,2025,domestic_league,232,3725,FK Spartak Moskva,RFK Akhmat Grozny,3,1
2026-04-19,4649349,RU1,2025,domestic_league,16704,2741,FK Krasnodar,FK Baltika,2,2
2026-04-19,4649354,RU1,2025,domestic_league,75231,964,Dinamo Makhachkala,AO FK Zenit Sankt-Peterburg,0,1
2026-04-19,4727286,AUS1,2025,domestic_league,118373,6954,Auckland FC,Central Coast Mariners,0,1
2026-04-19,4727287,AUS1,2025,domestic_league,875,71085,Adelaide United,Macarthur FC,3,1
2026-04-19,4794686,NO1,2025,domestic_league,76,353,Vålerengens Idrettsforening,Lillestrøm Sportsklubb,0,2
2026-04-19,4794687,NO1,2025,domestic_league,4309,23184,Hamarkameratene,KFUM-Kameratene Oslo,4,0
2026-04-19,4794688,NO1,2025,domestic_league,21101,3837,Kristiansund Ballklubb,Fredrikstad Fotballklubb,2,0
2026-04-19,4794689,NO1,2025,domestic_league,10217,1293,Sarpsborg 08 Fotballforening,Tromsø Idrettslag,0,1
2026-04-19,4794690,NO1,2025,domestic_league,267,687,Idrettsklubben Start,Molde Fotballklubb,1,1
2026-04-19,4798458,ARG1,2025,domestic_league,209,189,Club Atlético River Plate,Club Atlético Boca Juniors,0,1
2026-04-19,4798466,ARG1,2025,domestic_league,12301,1444,Club Atlético Aldosivi,Racing Club Asociación Civil de Avellaneda,1,1
2026-04-19,4798471,ARG1,2025,domestic_league,1030,14554,Asociación Atlética Argentinos Juniors,Club Atlético Tucumán,1,0
2026-04-19,4802676,SE1,2025,domestic_league,272,3654,Allmänna Idrottsklubben,Kalmar Fotbollförening,1,0
2026-04-19,4802679,SE1,2025,domestic_league,1109,7009,BK Häcken,Göteborgs Atlet- och Idrottssällskap,2,1
2026-04-19,4803001,MLS1,2025,domestic_league,51772,432,Football Club Cincinnati,Chicago Fire Soccer Club,3,3
2026-04-19,4803002,MLS1,2025,domestic_league,40058,78435,New York City Football Club,Charlotte Football Club,1,2
2026-04-19,4803004,MLS1,2025,domestic_league,51663,63966,Atlanta United Football Club,Nashville SC,0,2
2026-04-19,4803005,MLS1,2025,domestic_league,25467,2440,Philadelphia Union,D.C. United,0,0
2026-04-19,4803006,MLS1,2025,domestic_league,45604,9168,Orlando City Soccer Club,Houston Dynamo,0,1
2026-04-19,4803007,MLS1,2025,domestic_league,626,813,New England Revolution,Columbus Crew,2,1
2026-04-19,4803008,MLS1,2025,domestic_league,8816,1061,FC Dallas,Los Angeles Galaxy,2,2
2026-04-19,4803009,MLS1,2025,domestic_league,56089,4291,Minnesota United FC,Portland Timbers,2,0
2026-04-19,4803010,MLS1,2025,domestic_league,9636,82686,Seattle Sounders FC,St. Louis City Soccer Club,4,1
2026-04-19,4803011,MLS1,2025,domestic_league,6643,114977,Real Salt Lake,San Diego Football Club,4,2
2026-04-19,4803407,RSK1,2025,domestic_league,3535,30925,Ulsan Hyundai Football Club,Gwangju Football Club,5,1
2026-04-19,4803408,RSK1,2025,domestic_league,311,38898,Football Club Pohang Steelers,Football Club Anyang,0,1
2026-04-19,4808324,MEX1,2025,domestic_league,1146,7055,Club Necaxa,Tigres UANL,1,1
2026-04-19,4808325,MEX1,2025,domestic_league,3711,13353,CD Cruz Azul,Club Tijuana,1,1
2026-04-19,4808326,MEX1,2025,domestic_league,6711,5662,Deportivo Guadalajara,Puebla FC,5,0
2026-04-19,4808327,MEX1,2025,domestic_league,2407,4035,CF Monterrey,CF Pachuca,1,3
2026-04-19,4808328,MEX1,2025,domestic_league,4941,49283,Club León FC,FC Juárez,3,1
2026-04-19,4808329,MEX1,2025,domestic_league,3631,1804,CF América,Deportivo Toluca,2,1
2026-04-19,4810927,BRA1,2025,domestic_league,614,10010,Clube de Regatas do Flamengo,Esporte Clube Bahia,2,0
2026-04-19,4810929,BRA1,2025,domestic_league,221,2462,Santos Futebol Clube,Fluminense Football Club,2,3
2026-04-19,4810930,BRA1,2025,domestic_league,1023,679,Sociedade Esportiva Palmeiras,Clube Atlético Paranaense,1,0
2026-04-19,4810931,BRA1,2025,domestic_league,8793,10997,Red Bull Bragantino,Clube do Remo,4,2
2026-04-19,4810932,BRA1,2025,domestic_league,609,210,Cruzeiro Esporte Clube,Grêmio Foot-Ball Porto Alegrense,2,0
2026-04-19,4810933,BRA1,2025,domestic_league,6600,3876,Sport Club Internacional,Mirasol Futebol Clube,1,2
2026-04-19,4810934,BRA1,2025,domestic_league,776,330,Coritiba Foot Ball Club,Clube Atlético Mineiro,2,0
2026-04-19,4810935,BRA1,2025,domestic_league,2125,199,Esporte Clube Vitória,Sport Club Corinthians Paulista,0,0
2026-04-19,4839847,A1,2025,domestic_league,4467,170,TSV Hartberg,Rapid Vienna,2,2
2026-04-19,4839848,A1,2025,domestic_league,14,409,Austria Vienna,Fußballclub Red Bull Salzburg,1,3
2026-04-19,4839849,A1,2025,domestic_league,413,122,LASK,Sportklub Puntigamer Sturm Graz,1,1
2026-04-19,4839967,SFA,2025,domestic_cup,371,465,Celtic FC,St. Mirren FC,6,2
2026-04-19,4842282,NLP,2025,domestic_cup,1090,467,AZ Alkmaar,NEC Nijmegen,5,1
2026-04-19,4850138,EJPL,2025,other,157,475,KAA Gent,Sint-Truidense VV,0,0
2026-04-19,4850139,EJPL,2025,other,3948,2282,Union Saint-Gilloise,Club Brugge KV,2,1
2026-04-19,4850203,BPO4,2025,other,9010,520,FCV Dender EH,Cercle Brugge,1,4
2026-04-19,4850204,BPO4,2025,other,3901,3508,RAAL La Louvière,Zulte Waregem,0,2
2026-04-20,4621038,IT1,2025,domestic_league,1005,430,US Lecce,ACF Fiorentina,1,1
2026-04-20,4624885,PL1,2025,domestic_league,4000,6112,Lechia Gdansk,Piast Gliwice,1,1
2026-04-20,4626121,GB1,2025,domestic_league,873,379,Crystal Palace,West Ham United,0,0
2026-04-20,4646165,UKR1,2025,domestic_league,18303,26459,FC Oleksandriya,NK Veres Rivne,0,3
2026-04-20,4646168,UKR1,2025,domestic_league,660,53646,FC Shakhtar Donetsk,FK Polissya Zhytomyr,1,0
2026-04-20,4648037,TR1,2025,domestic_league,2832,3205,Gaziantep FK,Kayserispor,3,0
2026-04-20,4648890,PO1,2025,domestic_league,979,1465,Moreirense FC,GD Estoril Praia,1,0
2026-04-20,4798460,ARG1,2025,domestic_league,3938,19775,Club Atlético Talleres,Asociación de Fomento Deportivo Riestra Barrio Colón,2,0
2026-04-20,4798463,ARG1,2025,domestic_league,1775,1029,Club Atlético San Lorenzo de Almagro,Club Atlético Vélez Sársfield,0,0
2026-04-20,4798464,ARG1,2025,domestic_league,31284,928,Club Atlético Central Córdoba,Club Atlético Platense,4,3
2026-04-20,4798467,ARG1,2025,domestic_league,25184,2417,Club Atlético Barracas Central,Club Atlético Belgrano,0,0
2026-04-20,4798469,ARG1,2025,domestic_league,1418,12454,Club Atlético Rosario Central,Club Atlético Sarmiento,2,1
2026-04-20,4798472,ARG1,2025,domestic_league,830,12179,Club Atlético Banfield,Club Sportivo Independiente Rivadavia,0,0
2026-04-20,4803012,MLS1,2025,domestic_league,51828,218,Los Angeles Football Club,San Jose Earthquakes,1,4
2026-04-20,4808330,MEX1,2025,domestic_league,1403,8590,Santos Laguna,Atlas Guadalajara,0,1
2026-04-21,4625429,KR1,2025,domestic_league,11194,2362,NK Lokomotiva Zagreb,Slaven Belupo Koprivnica,2,1
2026-04-21,4625430,KR1,2025,domestic_league,447,327,HNK Hajduk Split,NK Osijek,0,1
2026-04-21,4626130,GB1,2025,domestic_league,1237,631,Brighton & Hove Albion,Chelsea FC,3,0
2026-04-21,4645930,ES1,2025,domestic_league,621,331,Athletic Bilbao,CA Osasuna,1,0
2026-04-21,4645933,ES1,2025,domestic_league,237,1049,RCD Mallorca,Valencia CF,1,1
2026-04-21,4645935,ES1,2025,domestic_league,418,1108,Real Madrid,Deportivo Alavés,2,1
2026-04-21,4645937,ES1,2025,domestic_league,12321,150,Girona FC,Real Betis Balompié,2,3
2026-04-21,4649340,RU1,2025,domestic_league,2410,1083,PFK CSKA Moskva,FK Rostov,1,1
2026-04-21,4649346,RU1,2025,domestic_league,41231,2696,FK Sochi,PFK Krylya Sovetov Samara,2,1
2026-04-21,4798465,ARG1,2025,domestic_league,14687,333,Club Atlético Gimnasia y Esgrima de Mendoza,Club Atlético Lanús,1,0
2026-04-21,4798470,ARG1,2025,domestic_league,11831,2063,Club Atlético Tigre,Club Atlético Huracán,1,1
2026-04-21,4803409,RSK1,2025,domestic_league,6505,21459,Gimcheon Sangmu Football Club,Gangwon Football Club,0,3
2026-04-21,4803410,RSK1,2025,domestic_league,6500,35759,Football Club Seoul,Bucheon Football Club 1995,3,0
2026-04-21,4803411,RSK1,2025,domestic_league,6502,2996,Jeonbuk Hyundai Motors,Incheon United Football Club,1,2
2026-04-21,4824555,CIT,2025,domestic_cup,46,1047,Inter Milan,Como 1907,3,2
2026-04-21,4839850,A1,2025,domestic_league,2157,4441,FC Blau-Weiss Linz,Wolfsberger AC,3,0
2026-04-21,4839851,A1,2025,domestic_league,3551,2446,Sportclub Rheindorf Altach,WSG Tirol,0,0
2026-04-21,4839852,A1,2025,domestic_league,266,316,SV Ried,Grazer AK 1902,2,1
2026-04-21,4846681,UKRP,2025,domestic_cup,21903,338,Bukovyna Chernivtsi,Dynamo Kyiv,0,3
2026-04-21,4850176,POBE,2025,other,1184,172,KRC Genk,Royal Charleroi Sporting Club,1,1
2026-04-21,4850177,POBE,2025,other,2727,968,Oud-Heverlee Leuven,KVC Westerlo,0,2
2026-04-21,4850178,POBE,2025,other,3057,1096,Standard Liège,Royal Antwerp FC,1,2
2026-04-22,4625427,KR1,2025,domestic_league,999,419,NK Istra 1961,GNK Dinamo Zagreb,0,2
2026-04-22,4625428,KR1,2025,domestic_league,456,24575,HNK Vukovar 1991,HNK Gorica,1,2
2026-04-22,4625431,KR1,2025,domestic_league,599,144,NK Varazdin,HNK Rijeka,1,0
2026-04-22,4626129,GB1,2025,domestic_league,989,399,AFC Bournemouth,Leeds United,2,2
2026-04-22,4626131,GB1,2025,domestic_league,1132,281,Burnley FC,Manchester City,0,1
2026-04-22,4635231,FR1,2025,domestic_league,583,995,Paris Saint-Germain,FC Nantes,3,0
2026-04-22,4642461,NL1,2025,domestic_league,1434,468,SC Telstar,Sparta Rotterdam,4,1
2026-04-22,4645929,ES1,2025,domestic_league,681,3709,Real Sociedad,Getafe CF,0,1
2026-04-22,4645931,ES1,2025,domestic_league,131,940,FC Barcelona,Celta de Vigo,1,0
2026-04-22,4645936,ES1,2025,domestic_league,1531,13,Elche CF,Atlético de Madrid,3,2
2026-04-22,4649341,RU1,2025,domestic_league,121,2698,FK Dinamo Moskva,FC Rubin Kazan,0,1
2026-04-22,4649342,RU1,2025,domestic_league,932,964,"Футбольный клуб ""Локомотив"" Москва",AO FK Zenit Sankt-Peterburg,0,0
2026-04-22,4649344,RU1,2025,domestic_league,14589,49702,FC Orenburg,FK Nizhny Novgorod,2,1
2026-04-22,4802660,SE1,2025,domestic_league,1059,1011,Hammarby IF,Halmstads BK,1,1
2026-04-22,4802662,SE1,2025,domestic_league,1118,1092,Örgryte IS,Idrottsföreningen  Brommapojkarna,1,2
2026-04-22,4802664,SE1,2025,domestic_league,1101,1044,Idrottsföreningen Elfsborg,Djurgårdens Idrottsförening,2,1
2026-04-22,4802666,SE1,2025,domestic_league,5202,1109,Västerås Sportklubb FK,BK Häcken,3,3
2026-04-22,4803412,RSK1,2025,domestic_league,6499,19684,Foundation Coorperation Hana Financial Group Inc. Football Club,Jeju SK Football Club,0,1
2026-04-22,4803413,RSK1,2025,domestic_league,38898,3535,Football Club Anyang,Ulsan Hyundai Football Club,1,1
2026-04-22,4803414,RSK1,2025,domestic_league,311,30925,Football Club Pohang Steelers,Gwangju Football Club,1,0
2026-04-22,4808331,MEX1,2025,domestic_league,4961,3711,Querétaro FC,CD Cruz Azul,1,1
2026-04-22,4808332,MEX1,2025,domestic_league,7633,49283,UNAM Pumas,FC Juárez,4,2
2026-04-22,4808333,MEX1,2025,domestic_league,4941,3631,Club León FC,CF América,2,3
2026-04-22,4808334,MEX1,2025,domestic_league,2407,5662,CF Monterrey,Puebla FC,2,1
2026-04-22,4824556,CIT,2025,domestic_cup,800,398,Atalanta BC,Società Sportiva Lazio S.p.A.,2,3
2026-04-22,4830557,DFB,2025,domestic_cup,15,27,Bayer 04 Leverkusen,Bayern Munich,0,2
2026-04-22,4839853,A1,2025,domestic_league,409,14,Fußballclub Red Bull Salzburg,Austria Vienna,3,1
2026-04-22,4839854,A1,2025,domestic_league,170,4467,Rapid Vienna,TSV Hartberg,0,2
2026-04-22,4839855,A1,2025,domestic_league,122,413,Sportklub Puntigamer Sturm Graz,LASK,1,1
2026-04-22,4846680,UKRP,2025,domestic_cup,55686,81169,TOV FK Metalist 1925 Kharkiv,FC Chernigiv,5,6
2026-04-22,4850161,EJPL,2025,other,2282,354,Club Brugge KV,KV Mechelen,6,1
2026-04-22,4850162,EJPL,2025,other,3948,157,Union Saint-Gilloise,KAA Gent,0,0
2026-04-23,4642456,NL1,2025,domestic_league,1435,1090,Go Ahead Eagles,AZ Alkmaar,0,0
2026-04-23,4642459,NL1,2025,domestic_league,383,1269,PSV Eindhoven,PEC Zwolle,6,1
2026-04-23,4645932,ES1,2025,domestic_league,3368,368,Levante UD,Sevilla FC,2,0
2026-04-23,4645934,ES1,2025,domestic_league,2497,1050,Real Oviedo,Villarreal CF,1,1
2026-04-23,4645938,ES1,2025,domestic_league,367,714,Rayo Vallecano,RCD Espanyol Barcelona,1,0
2026-04-23,4646203,UKR1,2025,domestic_league,10690,660,Zorya Lugansk,FC Shakhtar Donetsk,1,2
2026-04-23,4648876,PO1,2025,domestic_league,3268,1075,Casa Pia AC,SC Braga,0,1
2026-04-23,4649339,RU1,2025,domestic_league,232,16704,FK Spartak Moskva,FK Krasnodar,1,2
2026-04-23,4649343,RU1,2025,domestic_league,3725,2741,RFK Akhmat Grozny,FK Baltika,1,1
2026-04-23,4649345,RU1,2025,domestic_league,71985,75231,Akron Togliatti,Dinamo Makhachkala,1,1
2026-04-23,4750231,SA1,2025,domestic_league,32328,28844,Al-Najma Sport Club,Al-Taawoun Football Club,1,2
2026-04-23,4750236,SA1,2025,domestic_league,50532,71665,Damac Football Club,Al-Okhdood Club,2,0
2026-04-23,4802661,SE1,2025,domestic_league,7009,2719,Göteborgs Atlet- och Idrottssällskap,Mjällby Almänna Idrottsförening,0,0
2026-04-23,4802663,SE1,2025,domestic_league,496,7945,Malmö Fotbollförening,IK Sirius,2,3
2026-04-23,4802665,SE1,2025,domestic_league,3641,272,Degerfors IF,Allmänna Idrottsklubben,2,1
2026-04-23,4802667,SE1,2025,domestic_league,3654,801,Kalmar Fotbollförening,Idrottsföreningen Kamraterna Göteborg,1,1
2026-04-23,4808335,MEX1,2025,domestic_league,8590,7055,Atlas Guadalajara,Tigres UANL,0,0
2026-04-23,4808336,MEX1,2025,domestic_league,40188,1403,Atlético de San Luis,Santos Laguna,2,0
2026-04-23,4808337,MEX1,2025,domestic_league,82696,1804,Mazatlán FC,Deportivo Toluca,4,3
2026-04-23,4808338,MEX1,2025,domestic_league,1146,6711,Club Necaxa,Deportivo Guadalajara,0,0
2026-04-23,4808339,MEX1,2025,domestic_league,13353,4035,Club Tijuana,CF Pachuca,3,1
2026-04-23,4830556,DFB,2025,domestic_cup,79,60,VfB Stuttgart,SC Freiburg,2,1
2026-04-23,4850163,EJPL,2025,other,475,58,Sint-Truidense VV,RSC Anderlecht,2,0
2026-04-23,4850694,MLS1,2025,domestic_league,11141,25467,Toronto FC,Philadelphia Union,3,3
2026-04-23,4850695,MLS1,2025,domestic_league,623,2440,Red Bull New York,D.C. United,4,4
2026-04-23,4850696,MLS1,2025,domestic_league,40058,51772,New York City Football Club,Football Club Cincinnati,4,4
2026-04-23,4850697,MLS1,2025,domestic_league,51663,626,Atlanta United Football Club,New England Revolution,1,2
2026-04-23,4850698,MLS1,2025,domestic_league,813,1061,Columbus Crew,Los Angeles Galaxy,2,1
2026-04-23,4850699,MLS1,2025,domestic_league,45604,78435,Orlando City Soccer Club,Charlotte Football Club,4,1
2026-04-23,4850700,MLS1,2025,domestic_league,8816,56089,FC Dallas,Minnesota United FC,0,1
2026-04-23,4850701,MLS1,2025,domestic_league,9168,114977,Houston Dynamo,San Diego Football Club,1,0
2026-04-23,4850702,MLS1,2025,domestic_league,6643,69261,Real Salt Lake,Club Internacional de Fútbol Miami,0,2
2026-04-23,4850703,MLS1,2025,domestic_league,51828,1247,Los Angeles Football Club,Colorado Rapids,0,0
2026-04-23,4850704,MLS1,2025,domestic_league,218,72309,San Jose Earthquakes,Austin FC,5,1
2026-04-24,4621051,IT1,2025,domestic_league,6195,2239,SSC Napoli,US Cremonese,4,0
2026-04-24,4624891,PL1,2025,domestic_league,2300,428,Jagiellonia Bialystok,Górnik Zabrze,1,2
2026-04-24,4624898,PL1,2025,domestic_league,168,15906,Zaglebie Lubin,Termalica Bruk-Bet Nieciecza Klub Sportowy,1,2
2026-04-24,4626135,GB1,2025,domestic_league,289,703,Sunderland AFC,Nottingham Forest,0,5
2026-04-24,4634497,L1,2025,domestic_league,23826,89,RB Leipzig,1.FC Union Berlin,3,1
2026-04-24,4635283,FR1,2025,domestic_league,3911,826,Stade Brestois 29,RC Lens,3,3
2026-04-24,4645971,ES1,2025,domestic_league,150,418,Real Betis Balompié,Real Madrid,1,1
2026-04-24,4646147,UKR1,2025,domestic_league,48332,81401,Kolos Kovalivka,SC Poltava,2,0
2026-04-24,4648038,TR1,2025,domestic_league,6890,10484,Basaksehir FK,Kasimpasa,4,0
2026-04-24,4648913,PO1,2025,domestic_league,2521,8024,FC Alverca,FC Arouca,2,1
2026-04-24,4727270,AUS1,2025,domestic_league,71085,8445,Macarthur FC,Wellington Phoenix,4,0
2026-04-24,4750235,SA1,2025,domestic_league,27221,6070,Al-Fateh Club,Al-Khaleej Club (Saihat),1,0
2026-04-24,4750239,SA1,2025,domestic_league,9131,31008,Al-Hazem Sport Club,Al-Riyadh Saudi Club,2,1
2026-04-24,4798474,ARG1,2025,domestic_league,333,31284,Club Atlético Lanús,Club Atlético Central Córdoba,0,0
2026-04-24,4798479,ARG1,2025,domestic_league,19775,1234,Asociación de Fomento Deportivo Riestra Barrio Colón,Club Atlético Independiente de Avellaneda,2,0
2026-04-24,4798480,ARG1,2025,domestic_league,2402,189,Club Social y Deportivo Defensa y Justicia,Club Atlético Boca Juniors,0,4
2026-04-24,4798484,ARG1,2025,domestic_league,14602,1418,Asociación Atlética Estudiantes,Club Atlético Rosario Central,1,2
2026-04-24,4839856,A1,2025,domestic_league,2157,3551,FC Blau-Weiss Linz,Sportclub Rheindorf Altach,3,0
2026-04-24,4850205,BPO4,2025,other,520,9010,Cercle Brugge,FCV Dender EH,2,1
2026-04-25,4621045,IT1,2025,domestic_league,1025,12,Bologna Football Club 1909,Associazione Sportiva Roma,0,2
2026-04-25,4621052,IT1,2025,domestic_league,130,4172,Parma Calcio 1913,Pisa Sporting Club,1,0
2026-04-25,4621054,IT1,2025,domestic_league,276,1005,Hellas Verona,US Lecce,0,0
2026-04-25,4624732,TS1,2025,domestic_league,5544,450,1.FC Slovacko,FK Dukla Prague,1,2
2026-04-25,4624733,TS1,2025,domestic_league,62,2311,SK Slavia Prague,"SK Sigma Olomouc, a.s.",2,1
2026-04-25,4624734,TS1,2025,domestic_league,1322,697,FK Jablonec,FC Slovan Liberec,1,2
2026-04-25,4624735,TS1,2025,domestic_league,715,197,"Bohemians Praha 1905, a.s.",AC Sparta Prague,2,0
2026-04-25,4624736,TS1,2025,domestic_league,1496,5545,FK Pardubice,FC Zlin,3,1
2026-04-25,4624737,TS1,2025,domestic_league,377,941,FC Baník Ostrava a.s.,FC Viktoria Plzen,0,1
2026-04-25,4624738,TS1,2025,domestic_league,814,1897,FK Teplice,FC Hradec Kralove,0,1
2026-04-25,4624739,TS1,2025,domestic_league,13726,5546,MFK Karvina,FK Mlada Boleslav,0,3
2026-04-25,4624890,PL1,2025,domestic_league,5689,324,Cracovia,Pogon Szczecin,1,1
2026-04-25,4624892,PL1,2025,domestic_league,6110,6456,Korona Kielce,GKS GieKSa Katowice Spółka Akcyjna,1,1
2026-04-25,4624894,PL1,2025,domestic_league,4000,9644,Lechia Gdansk,Raków Częstochowa,1,2
2026-04-25,4625434,KR1,2025,domestic_league,327,11194,NK Osijek,NK Lokomotiva Zagreb,0,0
2026-04-25,4625435,KR1,2025,domestic_league,2362,456,Slaven Belupo Koprivnica,HNK Vukovar 1991,2,2
2026-04-25,4626128,GB1,2025,domestic_league,11,762,Arsenal FC,Newcastle United,1,0
2026-04-25,4626132,GB1,2025,domestic_league,931,405,Fulham FC,Aston Villa,1,0
2026-04-25,4626133,GB1,2025,domestic_league,31,873,Liverpool FC,Crystal Palace,3,1
2026-04-25,4626136,GB1,2025,domestic_league,379,29,West Ham United,Everton FC,2,1
2026-04-25,4626137,GB1,2025,domestic_league,543,148,Wolverhampton Wanderers,Tottenham Hotspur,0,1
2026-04-25,4634496,L1,2025,domestic_league,39,27,1.FSV Mainz 05,Bayern Munich,3,4
2026-04-25,4634499,L1,2025,domestic_league,82,18,VfL Wolfsburg,Borussia Mönchengladbach,0,0
2026-04-25,4634500,L1,2025,domestic_league,167,24,FC Augsburg,Eintracht Frankfurt,1,1
2026-04-25,4634501,L1,2025,domestic_league,2036,35,1. Fußballclub Heidenheim 1846,FC St. Pauli,2,0
2026-04-25,4634502,L1,2025,domestic_league,3,15,1.FC Köln,Bayer 04 Leverkusen,1,2
2026-04-25,4634503,L1,2025,domestic_league,41,533,Hamburger SV,TSG 1899 Hoffenheim,1,2
2026-04-25,4635277,FR1,2025,domestic_league,1420,583,Angers SCO,Paris Saint-Germain,0,3
2026-04-25,4635281,FR1,2025,domestic_league,1041,290,Olympique Lyon,AJ Auxerre,3,2
2026-04-25,4635282,FR1,2025,domestic_league,415,162,FC Toulouse,AS Monaco,2,2
2026-04-25,4642454,NL1,2025,domestic_league,317,467,FC Twente Enschede,NEC Nijmegen,1,1
2026-04-25,4642455,NL1,2025,domestic_league,234,202,Feyenoord Rotterdam,FC Groningen,3,1
2026-04-25,4642458,NL1,2025,domestic_league,132,610,NAC Breda,Ajax Amsterdam,0,2
2026-04-25,4642460,NL1,2025,domestic_league,306,385,SC Heerenveen,Fortuna Sittardia Combinatie,2,1
2026-04-25,4645969,ES1,2025,domestic_league,1049,12321,Valencia CF,Girona FC,2,1
2026-04-25,4645970,ES1,2025,domestic_league,1108,237,Deportivo Alavés,RCD Mallorca,2,1
2026-04-25,4645975,ES1,2025,domestic_league,13,621,Atlético de Madrid,Athletic Bilbao,3,2
2026-04-25,4645976,ES1,2025,domestic_league,3709,131,Getafe CF,FC Barcelona,0,2
2026-04-25,4646149,UKR1,2025,domestic_league,48726,85465,Rukh Lviv,Karpaty Lviv,0,3
2026-04-25,4648039,TR1,2025,domestic_league,1467,589,Göztepe,Antalyaspor,2,0
2026-04-25,4648043,TR1,2025,domestic_league,7160,2832,Eyüpspor,Gaziantep FK,3,0
2026-04-25,4648045,TR1,2025,domestic_league,3205,126,Kayserispor,Caykur Rizespor,2,0
2026-04-25,4648908,PO1,2025,domestic_league,7179,982,CD Tondela,CD Nacional,0,2
2026-04-25,4648914,PO1,2025,domestic_league,294,979,SL Benfica,Moreirense FC,4,1
2026-04-25,4648915,PO1,2025,domestic_league,2420,2425,Vitória Guimarães SC,Rio Ave FC,2,0
2026-04-25,4649316,RU1,2025,domestic_league,1083,14589,FK Rostov,FC Orenburg,0,1
2026-04-25,4649318,RU1,2025,domestic_league,2696,932,PFK Krylya Sovetov Samara,"Футбольный клуб ""Локомотив"" Москва",2,0
2026-04-25,4649320,RU1,2025,domestic_league,2698,2410,FC Rubin Kazan,PFK CSKA Moskva,0,0
2026-04-25,4727271,AUS1,2025,domestic_league,5551,6954,Newcastle United Jets,Central Coast Mariners,4,0
2026-04-25,4727272,AUS1,2025,domestic_league,36100,7006,Western Sydney Wanderers,Melbourne Victory,0,2
2026-04-25,4727273,AUS1,2025,domestic_league,970,7831,Perth Glory,Brisbane Roar,2,1
2026-04-25,4794699,NO1,2025,domestic_league,3837,239,Fredrikstad Fotballklubb,Viking Fotballklubb,1,2
2026-04-25,4794700,NO1,2025,domestic_league,195,1100,Rosenborg Ballklub,Sportsklubben Brann,1,1
2026-04-25,4798475,ARG1,2025,domestic_league,928,1775,Club Atlético Platense,Club Atlético San Lorenzo de Almagro,0,1
2026-04-25,4798478,ARG1,2025,domestic_league,288,3938,Club Estudiantes de La Plata,Club Atlético Talleres,0,0
2026-04-25,4798483,ARG1,2025,domestic_league,12454,11831,Club Atlético Sarmiento,Club Atlético Tigre,1,0
2026-04-25,4798486,ARG1,2025,domestic_league,1444,25184,Racing Club Asociación Civil de Avellaneda,Club Atlético Barracas Central,1,1
2026-04-25,4803415,RSK1,2025,domestic_league,21459,6500,Gangwon Football Club,Football Club Seoul,1,2
2026-04-25,4803416,RSK1,2025,domestic_league,2996,19684,Incheon United Football Club,Jeju SK Football Club,1,0
2026-04-25,4803417,RSK1,2025,domestic_league,35759,6505,Bucheon Football Club 1995,Gimcheon Sangmu Football Club,0,2
2026-04-25,4808340,MEX1,2025,domestic_league,5662,4961,Puebla FC,Querétaro FC,1,2
2026-04-25,4810918,BRA1,2025,domestic_league,537,6600,S. A. F. Botafogo,Sport Club Internacional,2,2
2026-04-25,4810925,BRA1,2025,domestic_league,10010,221,Esporte Clube Bahia,Santos Futebol Clube,2,2
2026-04-25,4810926,BRA1,2025,domestic_league,10997,609,Clube do Remo,Cruzeiro Esporte Clube,0,1
2026-04-25,4824523,GRP,2025,domestic_cup,1091,653,Panthessalonikios Athlitikos Omilos Konstantinoupoliton,Omilos Filathlon Irakliou FC,2,3
2026-04-25,4839857,A1,2025,domestic_league,4441,316,Wolfsberger AC,Grazer AK 1902,1,0
2026-04-25,4839858,A1,2025,domestic_league,2446,266,WSG Tirol,SV Ried,1,0
2026-04-25,4850179,POBE,2025,other,2727,172,Oud-Heverlee Leuven,Royal Charleroi Sporting Club,0,2
2026-04-25,4850180,POBE,2025,other,1184,3057,KRC Genk,Standard Liège,1,1
2026-04-25,4850181,POBE,2025,other,968,1096,KVC Westerlo,Royal Antwerp FC,2,4
2026-04-25,4850708,MLS1,2025,domestic_league,11141,51663,Toronto FC,Atlanta United Football Club,1,2
2026-04-25,4850709,MLS1,2025,domestic_league,56089,51828,Minnesota United FC,Los Angeles Football Club,0,1
2026-04-25,4850710,MLS1,2025,domestic_league,4078,40058,Club de Foot Montréal,New York City Football Club,1,0
2026-04-25,4856823,C1,2025,domestic_league,938,2790,FC Thun,FC Lugano,0,1
2026-04-25,4856826,C1,2025,domestic_league,504,434,Grasshopper Club Zurich,FC Luzern,1,2
2026-04-25,4856827,C1,2025,domestic_league,527,260,Football Club Lausanne-Sport,FC Zürich,3,0
2026-04-25,4859279,FAC,2025,domestic_cup,281,180,Manchester City,Southampton FC,2,1
2026-04-26,4621047,IT1,2025,domestic_league,430,6574,ACF Fiorentina,US Sassuolo,0,0
2026-04-26,4621048,IT1,2025,domestic_league,252,1047,Genoa CFC,Como 1907,0,2
2026-04-26,4621050,IT1,2025,domestic_league,5,506,AC Milan,Juventus FC,0,0
2026-04-26,4621053,IT1,2025,domestic_league,416,46,Torino FC,Inter Milan,2,2
2026-04-26,4624893,PL1,2025,domestic_league,238,255,Lech Poznan,Legia Warszawa,4,0
2026-04-26,4624896,PL1,2025,domestic_league,88,3527,Widzew Lodz,Motor Lublin Spółka Akcyjna,2,0
2026-04-26,4624897,PL1,2025,domestic_league,2118,7154,Wisla Plock,Radomiak Radom,0,1
2026-04-26,4625432,KR1,2025,domestic_league,419,599,GNK Dinamo Zagreb,NK Varazdin,2,1
2026-04-26,4625433,KR1,2025,domestic_league,144,447,HNK Rijeka,HNK Hajduk Split,0,0
2026-04-26,4634495,L1,2025,domestic_league,16,60,Borussia Dortmund,SC Freiburg,4,0
2026-04-26,4634498,L1,2025,domestic_league,79,86,VfB Stuttgart,SV Werder Bremen,1,1
2026-04-26,4635276,FR1,2025,domestic_league,273,995,Stade Rennais FC,FC Nantes,2,1
2026-04-26,4635278,FR1,2025,domestic_league,738,347,Le Havre AC,FC Metz,4,4
2026-04-26,4635279,FR1,2025,domestic_league,10004,1082,Paris FC,LOSC Lille,0,1
2026-04-26,4635280,FR1,2025,domestic_league,1158,667,FC Lorient,RC Strasbourg Alsace,2,3
2026-04-26,4635284,FR1,2025,domestic_league,244,417,Olympique Marseille,OGC Nice,1,1
2026-04-26,4642453,NL1,2025,domestic_league,798,200,Excelsior Rotterdam,FC Utrecht,5,0
2026-04-26,4642457,NL1,2025,domestic_league,1304,724,Heracles Almelo,FC Volendam,0,2
2026-04-26,4645973,ES1,2025,domestic_league,331,368,CA Osasuna,Sevilla FC,2,1
2026-04-26,4645974,ES1,2025,domestic_league,367,681,Rayo Vallecano,Real Sociedad,3,3
2026-04-26,4645977,ES1,2025,domestic_league,1050,940,Villarreal CF,Celta de Vigo,2,1
2026-04-26,4645978,ES1,2025,domestic_league,2497,1531,Real Oviedo,Elche CF,1,2
2026-04-26,4646151,UKR1,2025,domestic_league,63007,55686,LNZ Cherkasy,TOV FK Metalist 1925 Kharkiv,1,1
2026-04-26,4646152,UKR1,2025,domestic_league,87883,660,FC Kudrivka,FC Shakhtar Donetsk,1,3
2026-04-26,4646153,UKR1,2025,domestic_league,53646,39097,FK Polissya Zhytomyr,Obolon Kyiv,3,1
2026-04-26,4646154,UKR1,2025,domestic_league,3592,338,Kryvbas Kryvyi Rig,Dynamo Kyiv,5,6
2026-04-26,4648044,TR1,2025,domestic_league,141,36,Galatasaray,Fenerbahce,3,0
2026-04-26,4648046,TR1,2025,domestic_league,820,120,Gençlerbirliği Spor Kulübü,Kocaelispor,1,0
2026-04-26,4648909,PO1,2025,domestic_league,2423,1075,CD Santa Clara,SC Braga,2,1
2026-04-26,4648910,PO1,2025,domestic_league,110302,336,Avs Futebol,Sporting CP,1,1
2026-04-26,4648911,PO1,2025,domestic_league,1465,3329,GD Estoril Praia,FC Famalicão,0,1
2026-04-26,4648912,PO1,2025,domestic_league,2431,720,CF Estrela Amadora,FC Porto,1,2
2026-04-26,4649315,RU1,2025,domestic_league,964,3725,AO FK Zenit Sankt-Peterburg,RFK Akhmat Grozny,2,0
2026-04-26,4649317,RU1,2025,domestic_league,16704,75231,FK Krasnodar,Dinamo Makhachkala,2,1
2026-04-26,4649319,RU1,2025,domestic_league,121,41231,FK Dinamo Moskva,FK Sochi,2,0
2026-04-26,4649321,RU1,2025,domestic_league,49702,232,FK Nizhny Novgorod,FK Spartak Moskva,1,2
2026-04-26,4727274,AUS1,2025,domestic_league,8054,118373,Sydney FC,Auckland FC,2,2
2026-04-26,4727275,AUS1,2025,domestic_league,25580,875,Melbourne City FC,Adelaide United,1,2
2026-04-26,4794701,NO1,2025,domestic_league,687,76,Molde Fotballklubb,Vålerengens Idrettsforening,5,1
2026-04-26,4794702,NO1,2025,domestic_league,4309,267,Hamarkameratene,Idrettsklubben Start,2,1
2026-04-26,4794703,NO1,2025,domestic_league,23184,10217,KFUM-Kameratene Oslo,Sarpsborg 08 Fotballforening,1,0
2026-04-26,4794704,NO1,2025,domestic_league,1293,6399,Tromsø Idrettslag,Sandefjord Fotball,3,1
2026-04-26,4794705,NO1,2025,domestic_league,5619,21101,Aalesunds Fotballklubb,Kristiansund Ballklubb,1,1
2026-04-26,4794706,NO1,2025,domestic_league,353,501,Lillestrøm Sportsklubb,Fotballklubben Bodø/Glimt,0,2
2026-04-26,4798473,ARG1,2025,domestic_league,12179,14687,Club Sportivo Independiente Rivadavia,Club Atlético Gimnasia y Esgrima de Mendoza,5,1
2026-04-26,4798477,ARG1,2025,domestic_league,1286,1829,Club Atlético Newell’s Old Boys,Instituto Atlético Central Córdoba,1,1
2026-04-26,4798485,ARG1,2025,domestic_league,2417,1106,Club Atlético Belgrano,Club de Gimnasia y Esgrima La Plata,0,1
2026-04-26,4798487,ARG1,2025,domestic_league,209,12301,Club Atlético River Plate,Club Atlético Aldosivi,3,1
2026-04-26,4802685,SE1,2025,domestic_league,1044,1059,Djurgårdens Idrottsförening,Hammarby IF,1,1
2026-04-26,4802686,SE1,2025,domestic_league,801,7009,Idrottsföreningen Kamraterna Göteborg,Göteborgs Atlet- och Idrottssällskap,2,2
2026-04-26,4802690,SE1,2025,domestic_league,1092,5202,Idrottsföreningen  Brommapojkarna,Västerås Sportklubb FK,1,2
2026-04-26,4803418,RSK1,2025,domestic_league,6502,311,Jeonbuk Hyundai Motors,Football Club Pohang Steelers,3,2
2026-04-26,4803419,RSK1,2025,domestic_league,30925,38898,Gwangju Football Club,Football Club Anyang,2,5
2026-04-26,4803420,RSK1,2025,domestic_league,3535,6499,Ulsan Hyundai Football Club,Foundation Coorperation Hana Financial Group Inc. Football Club,1,4
2026-04-26,4808341,MEX1,2025,domestic_league,4035,7633,CF Pachuca,UNAM Pumas,0,2
2026-04-26,4808342,MEX1,2025,domestic_league,7055,82696,Tigres UANL,Mazatlán FC,5,1
2026-04-26,4808343,MEX1,2025,domestic_league,6711,13353,Deportivo Guadalajara,Club Tijuana,0,0
2026-04-26,4808344,MEX1,2025,domestic_league,1804,4941,Deportivo Toluca,Club León FC,4,1
2026-04-26,4808345,MEX1,2025,domestic_league,3631,8590,CF América,Atlas Guadalajara,0,1
2026-04-26,4808346,MEX1,2025,domestic_league,49283,40188,FC Juárez,Atlético de San Luis,2,1
2026-04-26,4810919,BRA1,2025,domestic_league,585,3876,São Paulo Futebol Clube,Mirasol Futebol Clube,1,0
2026-04-26,4810920,BRA1,2025,domestic_league,199,978,Sport Club Corinthians Paulista,Club de Regatas Vasco da Gama,1,0
2026-04-26,4810921,BRA1,2025,domestic_league,8793,1023,Red Bull Bragantino,Sociedade Esportiva Palmeiras,0,1
2026-04-26,4810923,BRA1,2025,domestic_league,210,776,Grêmio Foot-Ball Porto Alegrense,Coritiba Foot Ball Club,1,0
2026-04-26,4810924,BRA1,2025,domestic_league,679,2125,Clube Atlético Paranaense,Esporte Clube Vitória,3,1
2026-04-26,4839859,A1,2025,domestic_league,170,409,Rapid Vienna,Fußballclub Red Bull Salzburg,1,0
2026-04-26,4839860,A1,2025,domestic_league,4467,413,TSV Hartberg,LASK,1,5
2026-04-26,4839861,A1,2025,domestic_league,122,14,Sportklub Puntigamer Sturm Graz,Austria Vienna,1,1
2026-04-26,4850146,EJPL,2025,other,157,2282,KAA Gent,Club Brugge KV,0,2
2026-04-26,4850147,EJPL,2025,other,354,475,KV Mechelen,Sint-Truidense VV,1,4
2026-04-26,4850148,EJPL,2025,other,58,3948,RSC Anderlecht,Union Saint-Gilloise,1,3
2026-04-26,4850206,BPO4,2025,other,3508,3901,Zulte Waregem,RAAL La Louvière,4,0
2026-04-26,4850711,MLS1,2025,domestic_league,51772,623,Football Club Cincinnati,Red Bull New York,2,0
2026-04-26,4850712,MLS1,2025,domestic_league,69261,626,Club Internacional de Fútbol Miami,New England Revolution,1,1
2026-04-26,4850713,MLS1,2025,domestic_league,813,25467,Columbus Crew,Philadelphia Union,2,0
2026-04-26,4850714,MLS1,2025,domestic_league,2440,45604,D.C. United,Orlando City Soccer Club,3,2
2026-04-26,4850715,MLS1,2025,domestic_league,432,4284,Chicago Fire Soccer Club,Sporting Kansas City,5,0
2026-04-26,4850716,MLS1,2025,domestic_league,63966,78435,Nashville SC,Charlotte Football Club,4,2
2026-04-26,4850717,MLS1,2025,domestic_league,82686,218,St. Louis City Soccer Club,San Jose Earthquakes,2,3
2026-04-26,4850718,MLS1,2025,domestic_league,72309,9168,Austin FC,Houston Dynamo,2,0
2026-04-26,4850719,MLS1,2025,domestic_league,114977,4291,San Diego Football Club,Portland Timbers,1,2
2026-04-26,4850720,MLS1,2025,domestic_league,6321,1247,Vancouver Whitecaps FC,Colorado Rapids,3,1
2026-04-26,4850721,MLS1,2025,domestic_league,9636,8816,Seattle Sounders FC,FC Dallas,2,1
2026-04-26,4856824,C1,2025,domestic_league,26,321,FC Basel 1893,FC Sion,0,2
2026-04-26,4856825,C1,2025,domestic_league,452,257,BSC Young Boys,FC St. Gallen 1879,1,2
2026-04-26,4856828,C1,2025,domestic_league,61,242,Servette FC,FC Winterthur,5,3
2026-04-26,4859278,FAC,2025,domestic_cup,631,399,Chelsea FC,Leeds United,1,0
2026-04-27,4621046,IT1,2025,domestic_league,1390,800,Cagliari Calcio,Atalanta BC,3,2
2026-04-27,4621049,IT1,2025,domestic_league,398,410,Società Sportiva Lazio S.p.A.,Udinese Calcio,3,3
2026-04-27,4624895,PL1,2025,domestic_league,6112,6107,Piast Gliwice,Morski Związkowy Klub Sportowy Arka Gdynia Spółka Akcyjna,4,1
2026-04-27,4625436,KR1,2025,domestic_league,24575,999,HNK Gorica,NK Istra 1961,1,0
2026-04-27,4626134,GB1,2025,domestic_league,985,1148,Manchester United,Brentford FC,2,1
2026-04-27,4645972,ES1,2025,domestic_league,714,3368,RCD Espanyol Barcelona,Levante UD,0,0
2026-04-27,4646148,UKR1,2025,domestic_league,84122,18303,Epicentr Kamyanets-Podilskyi,FC Oleksandriya,1,1
2026-04-27,4646150,UKR1,2025,domestic_league,10690,26459,Zorya Lugansk,NK Veres Rivne,2,0
2026-04-27,4648040,TR1,2025,domestic_league,2293,449,Konyaspor,Trabzonspor,2,1
2026-04-27,4648041,TR1,2025,domestic_league,11282,152,Alanyaspor,Samsunspor,2,3
2026-04-27,4648042,TR1,2025,domestic_league,114,6646,Beşiktaş Jimnastik Kulübü,Fatih Karagümrük,0,0
2026-04-27,4648907,PO1,2025,domestic_league,2424,3268,Gil Vicente FC,Casa Pia AC,2,1
2026-04-27,4649322,RU1,2025,domestic_league,2741,71985,FK Baltika,Akron Togliatti,0,1
2026-04-27,4798476,ARG1,2025,domestic_league,1029,7097,Club Atlético Vélez Sársfield,Club Atlético Unión,2,2
2026-04-27,4798481,ARG1,2025,domestic_league,14554,830,Club Atlético Tucumán,Club Atlético Banfield,1,1
2026-04-27,4802684,SE1,2025,domestic_league,272,496,Allmänna Idrottsklubben,Malmö Fotbollförening,0,1
2026-04-27,4802687,SE1,2025,domestic_league,1118,3641,Örgryte IS,Degerfors IF,1,1
2026-04-27,4802688,SE1,2025,domestic_league,1109,7945,BK Häcken,IK Sirius,2,2
2026-04-27,4802689,SE1,2025,domestic_league,2719,1011,Mjällby Almänna Idrottsförening,Halmstads BK,2,0
2026-04-27,4802691,SE1,2025,domestic_league,3654,1101,Kalmar Fotbollförening,Idrottsföreningen Elfsborg,2,1
2026-04-27,4808347,MEX1,2025,domestic_league,1403,2407,Santos Laguna,CF Monterrey,3,0
2026-04-27,4808348,MEX1,2025,domestic_league,3711,1146,CD Cruz Azul,Club Necaxa,4,1
2026-04-27,4810917,BRA1,2025,domestic_league,2462,17776,Fluminense Football Club,Associação Chapecoense de Futebol,2,1
2026-04-27,4810922,BRA1,2025,domestic_league,330,614,Clube Atlético Mineiro,Clube de Regatas do Flamengo,0,4
2026-04-27,4850722,MLS1,2025,domestic_league,1061,6643,Los Angeles Galaxy,Real Salt Lake,2,1
2026-04-28,4750215,SA1,2025,domestic_league,9840,27221,Al-Shabab Club,Al-Fateh Club,1,1
2026-04-28,4750217,SA1,2025,domestic_league,1114,50532,Al-Hilal Saudi Football Club,Damac Football Club,1,0
2026-04-28,4750220,SA1,2025,domestic_league,34911,9131,Neom Sports Club,Al-Hazem Sport Club,1,1
2026-04-28,4750221,SA1,2025,domestic_league,6070,32328,Al-Khaleej Club (Saihat),Al-Najma Sport Club,3,1
2026-04-28,4798482,ARG1,2025,domestic_league,2063,1030,Club Atlético Huracán,Asociación Atlética Argentinos Juniors,1,2
2026-04-28,4814378,CL,2025,international_cup,583,27,Paris Saint-Germain,Bayern Munich,5,4
2026-04-29,4648879,PO1,2025,domestic_league,336,7179,Sporting CP,CD Tondela,2,2
2026-04-29,4750213,SA1,2025,domestic_league,28844,8023,Al-Taawoun Football Club,Al-Ittihad Football Club,0,2
2026-04-29,4750214,SA1,2025,domestic_league,18544,18487,Al-Nassr Football Club,Al-Ahli Saudi Football Club,2,0
2026-04-29,4750219,SA1,2025,domestic_league,31008,26069,Al-Riyadh Saudi Club,Al-Qadsiah Saudi Football Club,0,4
2026-04-29,4794798,NO1,2025,domestic_league,1293,1100,Tromsø Idrettslag,Sportsklubben Brann,0,5
2026-04-29,4814379,CL,2025,international_cup,13,11,Atlético de Madrid,Arsenal FC,1,1
2026-04-30,4750216,SA1,2025,domestic_league,91427,50531,Al-Kholood Club,Al-Fayha FC,1,1
2026-04-30,4750218,SA1,2025,domestic_league,71665,7732,Al-Okhdood Club,Al-Ettifaq Football Club,1,3
2026-04-30,4794801,NO1,2025,domestic_league,501,267,Fotballklubben Bodø/Glimt,Idrettsklubben Start,5,0
2026-04-30,4805883,UCOL,2025,other,660,873,FC Shakhtar Donetsk,Crystal Palace,1,3
2026-04-30,4805884,UCOL,2025,other,367,667,Rayo Vallecano,RC Strasbourg Alsace,1,0
2026-04-30,4805928,EL,2025,other,1075,60,SC Braga,SC Freiburg,2,1
2026-04-30,4805929,EL,2025,other,703,405,Nottingham Forest,Aston Villa,1,0
2026-05-01,4621064,IT1,2025,domestic_league,4172,1005,Pisa Sporting Club,US Lecce,1,2
2026-05-01,4624901,PL1,2025,domestic_league,6110,6112,Korona Kielce,Piast Gliwice,1,1
2026-05-01,4624902,PL1,2025,domestic_league,255,88,Legia Warszawa,Widzew Lodz,1,0
2026-05-01,4626144,GB1,2025,domestic_league,399,1132,Leeds United,Burnley FC,3,1
2026-05-01,4646006,ES1,2025,domestic_league,12321,237,Girona FC,RCD Mallorca,0,1
2026-05-01,4646226,UKR1,2025,domestic_league,81401,3592,SC Poltava,Kryvbas Kryvyi Rig,3,3
2026-05-01,4648048,TR1,2025,domestic_league,126,2293,Caykur Rizespor,Konyaspor,3,2
2026-05-01,4648049,TR1,2025,domestic_league,2832,114,Gaziantep FK,Beşiktaş Jimnastik Kulübü,0,2
2026-05-01,4649387,RU1,2025,domestic_league,2696,232,PFK Krylya Sovetov Samara,FK Spartak Moskva,2,1
2026-05-01,4649389,RU1,2025,domestic_league,932,121,"Футбольный клуб ""Локомотив"" Москва",FK Dinamo Moskva,1,1
2026-05-01,4794675,NO1,2025,domestic_league,239,195,Viking Fotballklubb,Rosenborg Ballklub,3,0
2026-05-01,4850201,BPO4,2025,other,520,3508,Cercle Brugge,Zulte Waregem,2,3
2026-05-02,4621058,IT1,2025,domestic_league,800,252,Atalanta BC,Genoa CFC,0,0
2026-05-02,4621060,IT1,2025,domestic_league,1047,6195,Como 1907,SSC Napoli,0,0
2026-05-02,4621067,IT1,2025,domestic_league,410,416,Udinese Calcio,Torino FC,2,0
2026-05-02,4624903,PL1,2025,domestic_league,3527,238,Motor Lublin Spółka Akcyjna,Lech Poznan,0,1
2026-05-02,4625437,KR1,2025,domestic_league,24575,419,HNK Gorica,GNK Dinamo Zagreb,1,2
2026-05-02,4625439,KR1,2025,domestic_league,456,327,HNK Vukovar 1991,NK Osijek,1,0
2026-05-02,4626138,GB1,2025,domestic_league,11,931,Arsenal FC,Fulham FC,3,0
2026-05-02,4626141,GB1,2025,domestic_league,1148,379,Brentford FC,West Ham United,3,0
2026-05-02,4626146,GB1,2025,domestic_league,762,1237,Newcastle United,Brighton & Hove Albion,3,1
2026-05-02,4626147,GB1,2025,domestic_league,543,289,Wolverhampton Wanderers,Sunderland AFC,1,1
2026-05-02,4634513,L1,2025,domestic_league,27,2036,Bayern Munich,1. Fußballclub Heidenheim 1846,3,3
2026-05-02,4634514,L1,2025,domestic_league,15,23826,Bayer 04 Leverkusen,RB Leipzig,4,1
2026-05-02,4634515,L1,2025,domestic_league,24,41,Eintracht Frankfurt,Hamburger SV,1,2
2026-05-02,4634517,L1,2025,domestic_league,86,167,SV Werder Bremen,FC Augsburg,1,3
2026-05-02,4634519,L1,2025,domestic_league,89,3,1.FC Union Berlin,1.FC Köln,2,2
2026-05-02,4634521,L1,2025,domestic_league,533,79,TSG 1899 Hoffenheim,VfB Stuttgart,3,3
2026-05-02,4635285,FR1,2025,domestic_league,583,1158,Paris Saint-Germain,FC Lorient,2,2
2026-05-02,4635286,FR1,2025,domestic_league,995,244,FC Nantes,Olympique Marseille,3,0
2026-05-02,4635287,FR1,2025,domestic_league,347,162,FC Metz,AS Monaco,1,2
2026-05-02,4635293,FR1,2025,domestic_league,417,826,OGC Nice,RC Lens,1,1
2026-05-02,4642444,NL1,2025,domestic_league,610,383,Ajax Amsterdam,PSV Eindhoven,2,2
2026-05-02,4642446,NL1,2025,domestic_league,202,798,FC Groningen,Excelsior Rotterdam,2,3
2026-05-02,4642447,NL1,2025,domestic_league,200,132,FC Utrecht,NAC Breda,2,0
2026-05-02,4642450,NL1,2025,domestic_league,467,1434,NEC Nijmegen,SC Telstar,1,1
2026-05-02,4645999,ES1,2025,domestic_league,1050,3368,Villarreal CF,Levante UD,5,1
2026-05-02,4646001,ES1,2025,domestic_league,1108,621,Deportivo Alavés,Athletic Bilbao,2,4
2026-05-02,4646007,ES1,2025,domestic_league,1049,13,Valencia CF,Atlético de Madrid,0,2
2026-05-02,4646008,ES1,2025,domestic_league,331,131,CA Osasuna,FC Barcelona,1,2
2026-05-02,4646219,UKR1,2025,domestic_league,18303,48332,FC Oleksandriya,Kolos Kovalivka,0,3
2026-05-02,4646220,UKR1,2025,domestic_league,85465,63007,Karpaty Lviv,LNZ Cherkasy,0,0
2026-05-02,4646221,UKR1,2025,domestic_league,26459,84122,NK Veres Rivne,Epicentr Kamyanets-Podilskyi,3,3
2026-05-02,4648051,TR1,2025,domestic_league,36,6890,Fenerbahce,Basaksehir FK,3,1
2026-05-02,4648052,TR1,2025,domestic_league,449,1467,Trabzonspor,Göztepe,1,1
2026-05-02,4648053,TR1,2025,domestic_league,152,141,Samsunspor,Galatasaray,4,1
2026-05-02,4648916,PO1,2025,domestic_league,982,110302,CD Nacional,Avs Futebol,1,2
2026-05-02,4648917,PO1,2025,domestic_league,979,2431,Moreirense FC,CF Estrela Amadora,3,2
2026-05-02,4648918,PO1,2025,domestic_league,720,2521,FC Porto,FC Alverca,1,0
2026-05-02,4648920,PO1,2025,domestic_league,3329,294,FC Famalicão,SL Benfica,2,2
2026-05-02,4648923,PO1,2025,domestic_league,8024,2423,FC Arouca,CD Santa Clara,2,2
2026-05-02,4649388,RU1,2025,domestic_league,2410,964,PFK CSKA Moskva,AO FK Zenit Sankt-Peterburg,1,3
2026-05-02,4649391,RU1,2025,domestic_league,2741,2698,FK Baltika,FC Rubin Kazan,0,1
2026-05-02,4649392,RU1,2025,domestic_league,75231,1083,Dinamo Makhachkala,FK Rostov,1,2
2026-05-02,4750208,SA1,2025,domestic_league,50532,6070,Damac Football Club,Al-Khaleej Club (Saihat),0,2
2026-05-02,4750211,SA1,2025,domestic_league,9131,1114,Al-Hazem Sport Club,Al-Hilal Saudi Football Club,0,3
2026-05-02,4750212,SA1,2025,domestic_league,27221,34911,Al-Fateh Club,Neom Sports Club,2,2
2026-05-02,4794676,NO1,2025,domestic_league,1100,3837,Sportsklubben Brann,Fredrikstad Fotballklubb,3,1
2026-05-02,4798369,ARG1,2025,domestic_league,7097,3938,Club Atlético Unión,Club Atlético Talleres,1,1
2026-05-02,4798370,ARG1,2025,domestic_league,1775,1234,Club Atlético San Lorenzo de Almagro,Club Atlético Independiente de Avellaneda,1,2
2026-05-02,4798371,ARG1,2025,domestic_league,31284,189,Club Atlético Central Córdoba,Club Atlético Boca Juniors,1,2
2026-05-02,4798373,ARG1,2025,domestic_league,333,19775,Club Atlético Lanús,Asociación de Fomento Deportivo Riestra Barrio Colón,0,0
2026-05-02,4798380,ARG1,2025,domestic_league,25184,830,Club Atlético Barracas Central,Club Atlético Banfield,1,2
2026-05-02,4802697,SE1,2025,domestic_league,3641,1109,Degerfors IF,BK Häcken,1,1
2026-05-02,4802698,SE1,2025,domestic_league,7945,3654,IK Sirius,Kalmar Fotbollförening,3,2
2026-05-02,4803421,RSK1,2025,domestic_league,6500,6505,Football Club Seoul,Gimcheon Sangmu Football Club,2,3
2026-05-02,4803422,RSK1,2025,domestic_league,3535,311,Ulsan Hyundai Football Club,Football Club Pohang Steelers,0,1
2026-05-02,4803423,RSK1,2025,domestic_league,2996,21459,Incheon United Football Club,Gangwon Football Club,0,1
2026-05-02,4803424,RSK1,2025,domestic_league,19684,6502,Jeju SK Football Club,Jeonbuk Hyundai Motors,0,2
2026-05-02,4803425,RSK1,2025,domestic_league,38898,35759,Football Club Anyang,Bucheon Football Club 1995,0,1
2026-05-02,4803426,RSK1,2025,domestic_league,30925,6499,Gwangju Football Club,Foundation Coorperation Hana Financial Group Inc. Football Club,0,5
2026-05-02,4810908,BRA1,2025,domestic_league,537,10997,S. A. F. Botafogo,Clube do Remo,1,2
2026-05-02,4810910,BRA1,2025,domestic_league,1023,221,Sociedade Esportiva Palmeiras,Santos Futebol Clube,1,1
2026-05-02,4810915,BRA1,2025,domestic_league,2125,776,Esporte Clube Vitória,Coritiba Foot Ball Club,4,1
2026-05-02,4839863,A1,2025,domestic_league,266,2157,SV Ried,FC Blau-Weiss Linz,2,0
2026-05-02,4839864,A1,2025,domestic_league,316,2446,Grazer AK 1902,WSG Tirol,4,0
2026-05-02,4850152,EJPL,2025,other,475,3948,Sint-Truidense VV,Union Saint-Gilloise,2,1
2026-05-02,4850185,POBE,2025,other,968,2727,KVC Westerlo,Oud-Heverlee Leuven,3,3
2026-05-02,4850186,POBE,2025,other,172,1184,Royal Charleroi Sporting Club,KRC Genk,2,0
2026-05-02,4850723,MLS1,2025,domestic_league,11141,218,Toronto FC,San Jose Earthquakes,1,1
2026-05-02,4850724,MLS1,2025,domestic_league,4284,9636,Sporting Kansas City,Seattle Sounders FC,1,1
2026-05-02,4850725,MLS1,2025,domestic_league,6643,4291,Real Salt Lake,Portland Timbers,2,0
2026-05-02,4856829,C1,2025,domestic_league,26,938,FC Basel 1893,FC Thun,3,1
2026-05-02,4856832,C1,2025,domestic_league,527,434,Football Club Lausanne-Sport,FC Luzern,1,3
2026-05-02,4856833,C1,2025,domestic_league,242,260,FC Winterthur,FC Zürich,2,2
2026-05-03,4621059,IT1,2025,domestic_league,1025,1390,Bologna Football Club 1909,Cagliari Calcio,0,0
2026-05-03,4621062,IT1,2025,domestic_league,46,130,Inter Milan,Parma Calcio 1913,2,0
2026-05-03,4621063,IT1,2025,domestic_league,506,276,Juventus FC,Hellas Verona,1,1
2026-05-03,4621066,IT1,2025,domestic_league,6574,5,US Sassuolo,AC Milan,2,0
2026-05-03,4624900,PL1,2025,domestic_league,6456,15906,GKS GieKSa Katowice Spółka Akcyjna,Termalica Bruk-Bet Nieciecza Klub Sportowy,5,1
2026-05-03,4624904,PL1,2025,domestic_league,324,2118,Pogon Szczecin,Wisla Plock,3,0
2026-05-03,4624907,PL1,2025,domestic_league,168,5689,Zaglebie Lubin,Cracovia,0,0
2026-05-03,4625440,KR1,2025,domestic_league,11194,144,NK Lokomotiva Zagreb,HNK Rijeka,0,3
2026-05-03,4625441,KR1,2025,domestic_league,447,599,HNK Hajduk Split,NK Varazdin,3,1
2026-05-03,4626139,GB1,2025,domestic_league,405,148,Aston Villa,Tottenham Hotspur,1,2
2026-05-03,4626140,GB1,2025,domestic_league,989,873,AFC Bournemouth,Crystal Palace,3,0
2026-05-03,4626145,GB1,2025,domestic_league,985,31,Manchester United,Liverpool FC,3,2
2026-05-03,4634516,L1,2025,domestic_league,60,82,SC Freiburg,VfL Wolfsburg,1,1
2026-05-03,4634518,L1,2025,domestic_league,18,16,Borussia Mönchengladbach,Borussia Dortmund,1,0
2026-05-03,4634520,L1,2025,domestic_league,35,39,FC St. Pauli,1.FSV Mainz 05,1,2
2026-05-03,4635288,FR1,2025,domestic_league,1082,738,LOSC Lille,Le Havre AC,1,1
2026-05-03,4635289,FR1,2025,domestic_league,667,415,RC Strasbourg Alsace,FC Toulouse,1,2
2026-05-03,4635290,FR1,2025,domestic_league,1041,273,Olympique Lyon,Stade Rennais FC,4,2
2026-05-03,4635291,FR1,2025,domestic_league,10004,3911,Paris FC,Stade Brestois 29,4,0
2026-05-03,4635292,FR1,2025,domestic_league,290,1420,AJ Auxerre,Angers SCO,3,1
2026-05-03,4642445,NL1,2025,domestic_league,1090,317,AZ Alkmaar,FC Twente Enschede,2,2
2026-05-03,4642448,NL1,2025,domestic_league,724,306,FC Volendam,SC Heerenveen,0,2
2026-05-03,4642449,NL1,2025,domestic_league,385,234,Fortuna Sittardia Combinatie,Feyenoord Rotterdam,1,2
2026-05-03,4642451,NL1,2025,domestic_league,1269,1304,PEC Zwolle,Heracles Almelo,1,0
2026-05-03,4642452,NL1,2025,domestic_league,468,1435,Sparta Rotterdam,Go Ahead Eagles,2,2
2026-05-03,4646002,ES1,2025,domestic_league,150,2497,Real Betis Balompié,Real Oviedo,3,0
2026-05-03,4646003,ES1,2025,domestic_league,940,1531,Celta de Vigo,Elche CF,3,1
2026-05-03,4646004,ES1,2025,domestic_league,714,418,RCD Espanyol Barcelona,Real Madrid,0,2
2026-05-03,4646005,ES1,2025,domestic_league,3709,367,Getafe CF,Rayo Vallecano,0,2
2026-05-03,4646222,UKR1,2025,domestic_league,338,660,Dynamo Kyiv,FC Shakhtar Donetsk,1,2
2026-05-03,4646224,UKR1,2025,domestic_league,55686,53646,TOV FK Metalist 1925 Kharkiv,FK Polissya Zhytomyr,0,1
2026-05-03,4646225,UKR1,2025,domestic_league,39097,87883,Obolon Kyiv,FC Kudrivka,1,1
2026-05-03,4648047,TR1,2025,domestic_league,3205,7160,Kayserispor,Eyüpspor,1,1
2026-05-03,4648050,TR1,2025,domestic_league,589,11282,Antalyaspor,Alanyaspor,0,0
2026-05-03,4648054,TR1,2025,domestic_league,6646,820,Fatih Karagümrük,Gençlerbirliği Spor Kulübü,1,0
2026-05-03,4648055,TR1,2025,domestic_league,10484,120,Kasimpasa,Kocaelispor,1,1
2026-05-03,4648919,PO1,2025,domestic_league,2425,2424,Rio Ave FC,Gil Vicente FC,0,0
2026-05-03,4648922,PO1,2025,domestic_league,3268,7179,Casa Pia AC,CD Tondela,0,1
2026-05-03,4648924,PO1,2025,domestic_league,1075,1465,SC Braga,GD Estoril Praia,1,1
2026-05-03,4649390,RU1,2025,domestic_league,3725,49702,RFK Akhmat Grozny,FK Nizhny Novgorod,2,0
2026-05-03,4649393,RU1,2025,domestic_league,71985,16704,Akron Togliatti,FK Krasnodar,0,1
2026-05-03,4649394,RU1,2025,domestic_league,41231,14589,FK Sochi,FC Orenburg,3,1
2026-05-03,4750205,SA1,2025,domestic_league,18487,71665,Al-Ahli Saudi Football Club,Al-Okhdood Club,4,0
2026-05-03,4750206,SA1,2025,domestic_league,9840,28844,Al-Shabab Club,Al-Taawoun Football Club,1,5
2026-05-03,4750210,SA1,2025,domestic_league,26069,18544,Al-Qadsiah Saudi Football Club,Al-Nassr Football Club,3,1
2026-05-03,4794677,NO1,2025,domestic_league,353,10217,Lillestrøm Sportsklubb,Sarpsborg 08 Fotballforening,4,0
2026-05-03,4794678,NO1,2025,domestic_league,21101,4309,Kristiansund Ballklubb,Hamarkameratene,1,1
2026-05-03,4794679,NO1,2025,domestic_league,6399,5619,Sandefjord Fotball,Aalesunds Fotballklubb,1,0
2026-05-03,4794680,NO1,2025,domestic_league,267,1293,Idrettsklubben Start,Tromsø Idrettslag,1,1
2026-05-03,4794681,NO1,2025,domestic_league,76,23184,Vålerengens Idrettsforening,KFUM-Kameratene Oslo,2,2
2026-05-03,4798374,ARG1,2025,domestic_league,928,288,Club Atlético Platense,Club Estudiantes de La Plata,0,2
2026-05-03,4798376,ARG1,2025,domestic_league,2417,12454,Club Atlético Belgrano,Club Atlético Sarmiento,4,0
2026-05-03,4798377,ARG1,2025,domestic_league,1444,2063,Racing Club Asociación Civil de Avellaneda,Club Atlético Huracán,0,0
2026-05-03,4798378,ARG1,2025,domestic_league,209,14554,Club Atlético River Plate,Club Atlético Tucumán,0,1
2026-05-03,4798379,ARG1,2025,domestic_league,12301,12179,Club Atlético Aldosivi,Club Sportivo Independiente Rivadavia,1,1
2026-05-03,4798381,ARG1,2025,domestic_league,1106,1030,Club de Gimnasia y Esgrima La Plata,Asociación Atlética Argentinos Juniors,2,0
2026-05-03,4798382,ARG1,2025,domestic_league,1418,11831,Club Atlético Rosario Central,Club Atlético Tigre,1,1
2026-05-03,4802693,SE1,2025,domestic_league,1059,5202,Hammarby IF,Västerås Sportklubb FK,3,0
2026-05-03,4802694,SE1,2025,domestic_league,7009,1118,Göteborgs Atlet- och Idrottssällskap,Örgryte IS,4,0
2026-05-03,4802695,SE1,2025,domestic_league,496,2719,Malmö Fotbollförening,Mjällby Almänna Idrottsförening,2,3
2026-05-03,4802696,SE1,2025,domestic_league,1101,272,Idrottsföreningen Elfsborg,Allmänna Idrottsklubben,1,1
2026-05-03,4810907,BRA1,2025,domestic_league,614,978,Clube de Regatas do Flamengo,Club de Regatas Vasco da Gama,2,2
2026-05-03,4810909,BRA1,2025,domestic_league,585,10010,São Paulo Futebol Clube,Esporte Clube Bahia,2,2
2026-05-03,4810912,BRA1,2025,domestic_league,609,330,Cruzeiro Esporte Clube,Clube Atlético Mineiro,1,3
2026-05-03,4810913,BRA1,2025,domestic_league,6600,2462,Sport Club Internacional,Fluminense Football Club,2,0
2026-05-03,4810914,BRA1,2025,domestic_league,679,210,Clube Atlético Paranaense,Grêmio Foot-Ball Porto Alegrense,0,0
2026-05-03,4810916,BRA1,2025,domestic_league,17776,8793,Associação Chapecoense de Futebol,Red Bull Bragantino,1,2
2026-05-03,4839866,A1,2025,domestic_league,14,4467,Austria Vienna,TSV Hartberg,1,0
2026-05-03,4839867,A1,2025,domestic_league,409,122,Fußballclub Red Bull Salzburg,Sportklub Puntigamer Sturm Graz,1,1
2026-05-03,4850153,EJPL,2025,other,354,157,KV Mechelen,KAA Gent,1,0
2026-05-03,4850154,EJPL,2025,other,58,2282,RSC Anderlecht,Club Brugge KV,1,3
2026-05-03,4850187,POBE,2025,other,1096,3057,Royal Antwerp FC,Standard Liège,0,5
2026-05-03,4850202,BPO4,2025,other,9010,3901,FCV Dender EH,RAAL La Louvière,2,1
2026-05-03,4850726,MLS1,2025,domestic_league,69261,45604,Club Internacional de Fútbol Miami,Orlando City Soccer Club,3,4
2026-05-03,4850727,MLS1,2025,domestic_league,623,8816,Red Bull New York,FC Dallas,0,2
2026-05-03,4850728,MLS1,2025,domestic_league,813,56089,Columbus Crew,Minnesota United FC,2,3
2026-05-03,4850729,MLS1,2025,domestic_league,25467,63966,Philadelphia Union,Nashville SC,0,0
2026-05-03,4850730,MLS1,2025,domestic_league,626,78435,New England Revolution,Charlotte Football Club,1,0
2026-05-03,4850731,MLS1,2025,domestic_league,51663,4078,Atlanta United Football Club,Club de Foot Montréal,3,1
2026-05-03,4850732,MLS1,2025,domestic_league,432,51772,Chicago Fire Soccer Club,Football Club Cincinnati,2,3
2026-05-03,4850733,MLS1,2025,domestic_league,9168,1247,Houston Dynamo,Colorado Rapids,1,0
2026-05-03,4850734,MLS1,2025,domestic_league,114977,51828,San Diego Football Club,Los Angeles Football Club,2,2
2026-05-03,4850735,MLS1,2025,domestic_league,1061,6321,Los Angeles Galaxy,Vancouver Whitecaps FC,1,1
2026-05-03,4850736,MLS1,2025,domestic_league,40058,2440,New York City Football Club,D.C. United,0,2
2026-05-03,4850737,MLS1,2025,domestic_league,72309,82686,Austin FC,St. Louis City Soccer Club,2,0
2026-05-03,4856830,C1,2025,domestic_league,257,321,FC St. Gallen 1879,FC Sion,0,3
2026-05-03,4856831,C1,2025,domestic_league,2790,452,FC Lugano,BSC Young Boys,1,0
2026-05-03,4856834,C1,2025,domestic_league,504,61,Grasshopper Club Zurich,Servette FC,0,2
2026-05-04,4621061,IT1,2025,domestic_league,2239,398,US Cremonese,Società Sportiva Lazio S.p.A.,1,2
2026-05-04,4621065,IT1,2025,domestic_league,12,430,Associazione Sportiva Roma,ACF Fiorentina,4,0
2026-05-04,4624905,PL1,2025,domestic_league,7154,4000,Radomiak Radom,Lechia Gdansk,3,1
2026-05-04,4625438,KR1,2025,domestic_league,999,2362,NK Istra 1961,Slaven Belupo Koprivnica,3,1
2026-05-04,4626142,GB1,2025,domestic_league,631,703,Chelsea FC,Nottingham Forest,1,3
2026-05-04,4626143,GB1,2025,domestic_league,29,281,Everton FC,Manchester City,3,3
2026-05-04,4646000,ES1,2025,domestic_league,368,681,Sevilla FC,Real Sociedad,1,0
2026-05-04,4646223,UKR1,2025,domestic_league,48726,10690,Rukh Lviv,Zorya Lugansk,1,2
2026-05-04,4648921,PO1,2025,domestic_league,336,2420,Sporting CP,Vitória Guimarães SC,5,1
2026-05-04,4750204,SA1,2025,domestic_league,8023,91427,Al-Ittihad Football Club,Al-Kholood Club,0,0
2026-05-04,4750207,SA1,2025,domestic_league,50531,31008,Al-Fayha FC,Al-Riyadh Saudi Club,4,2
2026-05-04,4750209,SA1,2025,domestic_league,7732,32328,Al-Ettifaq Football Club,Al-Najma Sport Club,0,0
2026-05-04,4794682,NO1,2025,domestic_league,501,687,Fotballklubben Bodø/Glimt,Molde Fotballklubb,0,1
2026-05-04,4798372,ARG1,2025,domestic_league,14687,2402,Club Atlético Gimnasia y Esgrima de Mendoza,Club Social y Deportivo Defensa y Justicia,2,1
2026-05-04,4798375,ARG1,2025,domestic_league,1029,1286,Club Atlético Vélez Sársfield,Club Atlético Newell’s Old Boys,1,1
2026-05-04,4802692,SE1,2025,domestic_league,1044,801,Djurgårdens Idrottsförening,Idrottsföreningen Kamraterna Göteborg,6,0
2026-05-04,4802699,SE1,2025,domestic_league,1011,1092,Halmstads BK,Idrottsföreningen  Brommapojkarna,1,3
2026-05-04,4810911,BRA1,2025,domestic_league,3876,199,Mirasol Futebol Clube,Sport Club Corinthians Paulista,2,1
2026-05-04,4839865,A1,2025,domestic_league,413,170,LASK,Rapid Vienna,3,1
2026-05-04,4839868,A1,2025,domestic_league,3551,4441,Sportclub Rheindorf Altach,Wolfsberger AC,1,4
2026-05-05,4750243,SA1,2025,domestic_league,6070,1114,Al-Khaleej Club (Saihat),Al-Hilal Saudi Football Club,1,2
2026-05-05,4798368,ARG1,2025,domestic_league,14602,1829,Asociación Atlética Estudiantes,Instituto Atlético Central Córdoba,0,2
2026-05-05,4803427,RSK1,2025,domestic_league,6502,30925,Jeonbuk Hyundai Motors,Gwangju Football Club,4,0
2026-05-05,4803428,RSK1,2025,domestic_league,35759,19684,Bucheon Football Club 1995,Jeju SK Football Club,0,1
2026-05-05,4803429,RSK1,2025,domestic_league,6505,3535,Gimcheon Sangmu Football Club,Ulsan Hyundai Football Club,1,2
2026-05-05,4803430,RSK1,2025,domestic_league,6499,2996,Foundation Coorperation Hana Financial Group Inc. Football Club,Incheon United Football Club,0,0
2026-05-05,4803431,RSK1,2025,domestic_league,21459,311,Gangwon Football Club,Football Club Pohang Steelers,1,1
2026-05-05,4803432,RSK1,2025,domestic_league,6500,38898,Football Club Seoul,Football Club Anyang,0,0
2026-05-05,4814381,CL,2025,international_cup,11,13,Arsenal FC,Atlético de Madrid,1,0
2026-05-06,4750244,SA1,2025,domestic_league,18487,27221,Al-Ahli Saudi Football Club,Al-Fateh Club,3,1
2026-05-06,4814380,CL,2025,international_cup,27,583,Bayern Munich,Paris Saint-Germain,1,1
2026-05-07,4750230,SA1,2025,domestic_league,9840,18544,Al-Shabab Club,Al-Nassr Football Club,2,4
2026-05-07,4805885,UCOL,2025,other,873,660,Crystal Palace,FC Shakhtar Donetsk,2,1
2026-05-07,4805886,UCOL,2025,other,667,367,RC Strasbourg Alsace,Rayo Vallecano,0,1
2026-05-07,4805930,EL,2025,other,60,1075,SC Freiburg,SC Braga,3,1
2026-05-07,4805931,EL,2025,other,405,703,Aston Villa,Nottingham Forest,4,0
2026-05-07,4847891,RUP,2025,domestic_cup,16704,121,FK Krasnodar,FK Dinamo Moskva,6,5
2026-05-08,4621076,IT1,2025,domestic_league,416,6574,Torino FC,US Sassuolo,2,1
2026-05-08,4624912,PL1,2025,domestic_league,238,6107,Lech Poznan,Morski Związkowy Klub Sportowy Arka Gdynia Spółka Akcyjna,1,1
2026-05-08,4624914,PL1,2025,domestic_league,9644,6110,Raków Częstochowa,Korona Kielce,2,0
2026-05-08,4625444,KR1,2025,domestic_league,144,456,HNK Rijeka,HNK Vukovar 1991,3,0
2026-05-08,4634531,L1,2025,domestic_league,16,24,Borussia Dortmund,Eintracht Frankfurt,3,2
2026-05-08,4635297,FR1,2025,domestic_league,826,995,RC Lens,FC Nantes,1,0
2026-05-08,4646013,ES1,2025,domestic_league,3368,331,Levante UD,CA Osasuna,3,2
2026-05-08,4646275,UKR1,2025,domestic_league,3592,85465,Kryvbas Kryvyi Rig,Karpaty Lviv,1,0
2026-05-08,4646277,UKR1,2025,domestic_league,48332,87883,Kolos Kovalivka,FC Kudrivka,1,0
2026-05-08,4646281,UKR1,2025,domestic_league,53646,18303,FK Polissya Zhytomyr,FC Oleksandriya,2,1
2026-05-08,4794691,NO1,2025,domestic_league,4309,76,Hamarkameratene,Vålerengens Idrettsforening,1,0
2026-05-08,4802703,SE1,2025,domestic_league,1101,1092,Idrottsföreningen Elfsborg,Idrottsföreningen  Brommapojkarna,2,0
2026-05-08,4850188,POBE,2025,other,3057,2727,Standard Liège,Oud-Heverlee Leuven,2,1
2026-05-09,4621068,IT1,2025,domestic_league,1390,410,Cagliari Calcio,Udinese Calcio,0,2
2026-05-09,4621071,IT1,2025,domestic_league,398,46,Società Sportiva Lazio S.p.A.,Inter Milan,0,3
2026-05-09,4621072,IT1,2025,domestic_league,1005,506,US Lecce,Juventus FC,0,1
2026-05-09,4624910,PL1,2025,domestic_league,428,168,Górnik Zabrze,Zaglebie Lubin,0,2
2026-05-09,4624911,PL1,2025,domestic_league,2300,324,Jagiellonia Bialystok,Pogon Szczecin,3,2
2026-05-09,4624915,PL1,2025,domestic_league,88,4000,Widzew Lodz,Lechia Gdansk,3,1
2026-05-09,4625442,KR1,2025,domestic_league,419,447,GNK Dinamo Zagreb,HNK Hajduk Split,2,0
2026-05-09,4625443,KR1,2025,domestic_league,599,11194,NK Varazdin,NK Lokomotiva Zagreb,1,1
2026-05-09,4626148,GB1,2025,domestic_league,1237,543,Brighton & Hove Albion,Wolverhampton Wanderers,3,0
2026-05-09,4626151,GB1,2025,domestic_league,931,989,Fulham FC,AFC Bournemouth,0,1
2026-05-09,4626152,GB1,2025,domestic_league,31,631,Liverpool FC,Chelsea FC,1,1
2026-05-09,4626153,GB1,2025,domestic_league,281,1148,Manchester City,Brentford FC,3,0
2026-05-09,4626155,GB1,2025,domestic_league,289,985,Sunderland AFC,Manchester United,0,0
2026-05-09,4634533,L1,2025,domestic_league,23826,35,RB Leipzig,FC St. Pauli,2,1
2026-05-09,4634534,L1,2025,domestic_league,79,15,VfB Stuttgart,Bayer 04 Leverkusen,3,1
2026-05-09,4634535,L1,2025,domestic_league,82,27,VfL Wolfsburg,Bayern Munich,0,1
2026-05-09,4634536,L1,2025,domestic_league,167,18,FC Augsburg,Borussia Mönchengladbach,3,1
2026-05-09,4634537,L1,2025,domestic_league,533,86,TSG 1899 Hoffenheim,SV Werder Bremen,1,0
2026-05-09,4646011,ES1,2025,domestic_league,13,940,Atlético de Madrid,Celta de Vigo,0,1
2026-05-09,4646015,ES1,2025,domestic_league,1531,1108,Elche CF,Deportivo Alavés,1,1
2026-05-09,4646016,ES1,2025,domestic_league,681,150,Real Sociedad,Real Betis Balompié,2,2
2026-05-09,4646017,ES1,2025,domestic_league,368,714,Sevilla FC,RCD Espanyol Barcelona,2,1
2026-05-09,4646276,UKR1,2025,domestic_league,48726,26459,Rukh Lviv,NK Veres Rivne,0,0
2026-05-09,4646278,UKR1,2025,domestic_league,63007,338,LNZ Cherkasy,Dynamo Kyiv,0,0
2026-05-09,4646279,UKR1,2025,domestic_league,39097,84122,Obolon Kyiv,Epicentr Kamyanets-Podilskyi,2,2
2026-05-09,4646282,UKR1,2025,domestic_league,10690,55686,Zorya Lugansk,TOV FK Metalist 1925 Kharkiv,1,1
2026-05-09,4648056,TR1,2025,domestic_league,820,10484,Gençlerbirliği Spor Kulübü,Kasimpasa,3,2
2026-05-09,4648057,TR1,2025,domestic_league,141,589,Galatasaray,Antalyaspor,4,2
2026-05-09,4648058,TR1,2025,domestic_league,114,449,Beşiktaş Jimnastik Kulübü,Trabzonspor,1,2
2026-05-09,4648059,TR1,2025,domestic_league,6890,152,Basaksehir FK,Samsunspor,3,0
2026-05-09,4648060,TR1,2025,domestic_league,120,6646,Kocaelispor,Fatih Karagümrük,0,1
2026-05-09,4648061,TR1,2025,domestic_league,1467,2832,Göztepe,Gaziantep FK,2,1
2026-05-09,4648062,TR1,2025,domestic_league,2293,36,Konyaspor,Fenerbahce,0,3
2026-05-09,4648063,TR1,2025,domestic_league,7160,126,Eyüpspor,Caykur Rizespor,4,0
2026-05-09,4648064,TR1,2025,domestic_league,11282,3205,Alanyaspor,Kayserispor,3,1
2026-05-09,4750169,SA1,2025,domestic_league,32328,9131,Al-Najma Sport Club,Al-Hazem Sport Club,2,2
2026-05-09,4750172,SA1,2025,domestic_league,50531,26069,Al-Fayha FC,Al-Qadsiah Saudi Football Club,1,2
2026-05-09,4750173,SA1,2025,domestic_league,6070,7732,Al-Khaleej Club (Saihat),Al-Ettifaq Football Club,0,5
2026-05-09,4794692,NO1,2025,domestic_league,10217,3837,Sarpsborg 08 Fotballforening,Fredrikstad Fotballklubb,2,1
2026-05-09,4802701,SE1,2025,domestic_league,801,1059,Idrottsföreningen Kamraterna Göteborg,Hammarby IF,0,1
2026-05-09,4802704,SE1,2025,domestic_league,3641,2719,Degerfors IF,Mjällby Almänna Idrottsförening,1,4
2026-05-09,4802706,SE1,2025,domestic_league,5202,7009,Västerås Sportklubb FK,Göteborgs Atlet- och Idrottssällskap,0,1
2026-05-09,4803433,RSK1,2025,domestic_league,19684,6500,Jeju SK Football Club,Football Club Seoul,2,1
2026-05-09,4803434,RSK1,2025,domestic_league,6505,2996,Gimcheon Sangmu Football Club,Incheon United Football Club,0,3
2026-05-09,4803435,RSK1,2025,domestic_league,30925,21459,Gwangju Football Club,Gangwon Football Club,0,0
2026-05-09,4803436,RSK1,2025,domestic_league,6499,311,Foundation Coorperation Hana Financial Group Inc. Football Club,Football Club Pohang Steelers,0,2
2026-05-09,4811047,BRA1,2025,domestic_league,2462,2125,Fluminense Football Club,Esporte Clube Vitória,2,2
2026-05-09,4811054,BRA1,2025,domestic_league,776,6600,Coritiba Foot Ball Club,Sport Club Internacional,2,2
2026-05-09,4839870,A1,2025,domestic_league,266,4441,SV Ried,Wolfsberger AC,0,1
2026-05-09,4839871,A1,2025,domestic_league,2446,2157,WSG Tirol,FC Blau-Weiss Linz,1,1
2026-05-09,4839872,A1,2025,domestic_league,316,3551,Grazer AK 1902,Sportclub Rheindorf Altach,2,2
2026-05-09,4850155,EJPL,2025,other,2282,475,Club Brugge KV,Sint-Truidense VV,2,0
2026-05-09,4850207,BPO4,2025,other,3901,520,RAAL La Louvière,Cercle Brugge,4,1
2026-05-09,4850208,BPO4,2025,other,3508,9010,Zulte Waregem,FCV Dender EH,2,1
2026-05-09,4850738,MLS1,2025,domestic_league,11141,69261,Toronto FC,Club Internacional de Fútbol Miami,2,4
2026-05-09,4850739,MLS1,2025,domestic_league,432,623,Chicago Fire Soccer Club,Red Bull New York,1,3
2026-05-09,4850740,MLS1,2025,domestic_league,4078,45604,Club de Foot Montréal,Orlando City Soccer Club,2,0
2026-05-09,4856838,C1,2025,domestic_league,242,527,FC Winterthur,Football Club Lausanne-Sport,2,1
2026-05-09,4856839,C1,2025,domestic_league,260,504,FC Zürich,Grasshopper Club Zurich,2,1
2026-05-09,4856840,C1,2025,domestic_league,434,61,FC Luzern,Servette FC,3,3
2026-05-10,4621069,IT1,2025,domestic_league,2239,4172,US Cremonese,Pisa Sporting Club,3,0
2026-05-10,4621070,IT1,2025,domestic_league,430,252,ACF Fiorentina,Genoa CFC,0,0
2026-05-10,4621073,IT1,2025,domestic_league,5,800,AC Milan,Atalanta BC,2,3
2026-05-10,4621075,IT1,2025,domestic_league,130,12,Parma Calcio 1913,Associazione Sportiva Roma,2,3
2026-05-10,4621077,IT1,2025,domestic_league,276,1047,Hellas Verona,Como 1907,0,1
2026-05-10,4624908,PL1,2025,domestic_league,15906,255,Termalica Bruk-Bet Nieciecza Klub Sportowy,Legia Warszawa,0,1
2026-05-10,4624913,PL1,2025,domestic_league,6112,6456,Piast Gliwice,GKS GieKSa Katowice Spółka Akcyjna,0,0
2026-05-10,4624916,PL1,2025,domestic_league,2118,3527,Wisla Plock,Motor Lublin Spółka Akcyjna,0,4
2026-05-10,4625445,KR1,2025,domestic_league,327,999,NK Osijek,NK Istra 1961,0,1
2026-05-10,4625446,KR1,2025,domestic_league,2362,24575,Slaven Belupo Koprivnica,HNK Gorica,1,0
2026-05-10,4626149,GB1,2025,domestic_league,1132,405,Burnley FC,Aston Villa,2,2
2026-05-10,4626150,GB1,2025,domestic_league,873,29,Crystal Palace,Everton FC,2,2
2026-05-10,4626154,GB1,2025,domestic_league,703,762,Nottingham Forest,Newcastle United,1,1
2026-05-10,4626157,GB1,2025,domestic_league,379,11,West Ham United,Arsenal FC,0,1
2026-05-10,4634532,L1,2025,domestic_league,39,89,1.FSV Mainz 05,1.FC Union Berlin,1,3
2026-05-10,4634538,L1,2025,domestic_league,3,2036,1.FC Köln,1. Fußballclub Heidenheim 1846,1,3
2026-05-10,4634539,L1,2025,domestic_league,41,60,Hamburger SV,SC Freiburg,3,2
2026-05-10,4635294,FR1,2025,domestic_league,583,3911,Paris Saint-Germain,Stade Brestois 29,1,0
2026-05-10,4635295,FR1,2025,domestic_league,738,244,Le Havre AC,Olympique Marseille,0,1
2026-05-10,4635296,FR1,2025,domestic_league,415,1041,FC Toulouse,Olympique Lyon,2,1
2026-05-10,4635298,FR1,2025,domestic_league,290,417,AJ Auxerre,OGC Nice,2,1
2026-05-10,4635299,FR1,2025,domestic_league,273,10004,Stade Rennais FC,Paris FC,2,1
2026-05-10,4635300,FR1,2025,domestic_league,347,1158,FC Metz,FC Lorient,0,4
2026-05-10,4635301,FR1,2025,domestic_league,1420,667,Angers SCO,RC Strasbourg Alsace,1,1
2026-05-10,4635302,FR1,2025,domestic_league,162,1082,AS Monaco,LOSC Lille,0,1
2026-05-10,4642435,NL1,2025,domestic_league,610,200,Ajax Amsterdam,FC Utrecht,1,2
2026-05-10,4642436,NL1,2025,domestic_league,798,724,Excelsior Rotterdam,FC Volendam,1,1
2026-05-10,4642437,NL1,2025,domestic_league,202,467,FC Groningen,NEC Nijmegen,2,1
2026-05-10,4642438,NL1,2025,domestic_league,317,468,FC Twente Enschede,Sparta Rotterdam,4,0
2026-05-10,4642439,NL1,2025,domestic_league,234,1090,Feyenoord Rotterdam,AZ Alkmaar,1,1
2026-05-10,4642440,NL1,2025,domestic_league,385,1269,Fortuna Sittardia Combinatie,PEC Zwolle,3,2
2026-05-10,4642441,NL1,2025,domestic_league,1435,383,Go Ahead Eagles,PSV Eindhoven,1,4
2026-05-10,4642443,NL1,2025,domestic_league,1434,1304,SC Telstar,Heracles Almelo,3,0
2026-05-10,4646010,ES1,2025,domestic_league,621,1049,Athletic Bilbao,Valencia CF,0,1
2026-05-10,4646012,ES1,2025,domestic_league,131,418,FC Barcelona,Real Madrid,2,0
2026-05-10,4646014,ES1,2025,domestic_league,237,1050,RCD Mallorca,Villarreal CF,1,1
2026-05-10,4646018,ES1,2025,domestic_league,2497,3709,Real Oviedo,Getafe CF,0,0
2026-05-10,4646280,UKR1,2025,domestic_league,81401,660,SC Poltava,FC Shakhtar Donetsk,0,4
2026-05-10,4648928,PO1,2025,domestic_league,110302,720,Avs Futebol,FC Porto,3,1
2026-05-10,4648930,PO1,2025,domestic_league,2521,1465,FC Alverca,GD Estoril Praia,1,1
2026-05-10,4649395,RU1,2025,domestic_league,964,41231,AO FK Zenit Sankt-Peterburg,FK Sochi,2,1
2026-05-10,4649398,RU1,2025,domestic_league,932,2741,"Футбольный клуб ""Локомотив"" Москва",FK Baltika,1,0
2026-05-10,4649399,RU1,2025,domestic_league,3725,75231,RFK Akhmat Grozny,Dinamo Makhachkala,1,1
2026-05-10,4649400,RU1,2025,domestic_league,14589,2696,FC Orenburg,PFK Krylya Sovetov Samara,1,0
2026-05-10,4750174,SA1,2025,domestic_league,31008,27221,Al-Riyadh Saudi Club,Al-Fateh Club,1,0
2026-05-10,4750175,SA1,2025,domestic_league,8023,50532,Al-Ittihad Football Club,Damac Football Club,2,1
2026-05-10,4794693,NO1,2025,domestic_league,195,353,Rosenborg Ballklub,Lillestrøm Sportsklubb,2,0
2026-05-10,4794694,NO1,2025,domestic_league,23184,239,KFUM-Kameratene Oslo,Viking Fotballklubb,0,2
2026-05-10,4794695,NO1,2025,domestic_league,6399,21101,Sandefjord Fotball,Kristiansund Ballklubb,2,0
2026-05-10,4794697,NO1,2025,domestic_league,1293,687,Tromsø Idrettslag,Molde Fotballklubb,2,0
2026-05-10,4802700,SE1,2025,domestic_league,272,1044,Allmänna Idrottsklubben,Djurgårdens Idrottsförening,2,4
2026-05-10,4802702,SE1,2025,domestic_league,1109,496,BK Häcken,Malmö Fotbollförening,3,2
2026-05-10,4802707,SE1,2025,domestic_league,3654,1011,Kalmar Fotbollförening,Halmstads BK,2,0
2026-05-10,4803437,RSK1,2025,domestic_league,3535,35759,Ulsan Hyundai Football Club,Bucheon Football Club 1995,1,0
2026-05-10,4803438,RSK1,2025,domestic_league,38898,6502,Football Club Anyang,Jeonbuk Hyundai Motors,1,1
2026-05-10,4811049,BRA1,2025,domestic_league,221,8793,Santos Futebol Clube,Red Bull Bragantino,2,0
2026-05-10,4811050,BRA1,2025,domestic_league,199,585,Sport Club Corinthians Paulista,São Paulo Futebol Clube,3,2
2026-05-10,4811051,BRA1,2025,domestic_league,3876,17776,Mirasol Futebol Clube,Associação Chapecoense de Futebol,1,1
2026-05-10,4811052,BRA1,2025,domestic_league,330,537,Clube Atlético Mineiro,S. A. F. Botafogo,1,1
2026-05-10,4811053,BRA1,2025,domestic_league,210,614,Grêmio Foot-Ball Porto Alegrense,Clube de Regatas do Flamengo,0,1
2026-05-10,4811055,BRA1,2025,domestic_league,10010,609,Esporte Clube Bahia,Cruzeiro Esporte Clube,1,2
2026-05-10,4811056,BRA1,2025,domestic_league,10997,1023,Clube do Remo,Sociedade Esportiva Palmeiras,1,1
2026-05-10,4839873,A1,2025,domestic_league,413,409,LASK,Fußballclub Red Bull Salzburg,2,1
2026-05-10,4839874,A1,2025,domestic_league,170,14,Rapid Vienna,Austria Vienna,0,2
2026-05-10,4839875,A1,2025,domestic_league,4467,122,TSV Hartberg,Sportklub Puntigamer Sturm Graz,2,4
2026-05-10,4850156,EJPL,2025,other,157,58,KAA Gent,RSC Anderlecht,1,1
2026-05-10,4850157,EJPL,2025,other,3948,354,Union Saint-Gilloise,KV Mechelen,3,0
2026-05-10,4850189,POBE,2025,other,1096,172,Royal Antwerp FC,Royal Charleroi Sporting Club,0,1
2026-05-10,4850190,POBE,2025,other,1184,968,KRC Genk,KVC Westerlo,3,0
2026-05-10,4850741,MLS1,2025,domestic_league,78435,51772,Charlotte Football Club,Football Club Cincinnati,2,2
2026-05-10,4850742,MLS1,2025,domestic_league,626,25467,New England Revolution,Philadelphia Union,2,1
2026-05-10,4850743,MLS1,2025,domestic_league,51663,1061,Atlanta United Football Club,Los Angeles Galaxy,1,2
2026-05-10,4850744,MLS1,2025,domestic_league,8816,6643,FC Dallas,Real Salt Lake,3,1
2026-05-10,4850745,MLS1,2025,domestic_league,63966,2440,Nashville SC,D.C. United,2,2
2026-05-10,4850746,MLS1,2025,domestic_league,1247,82686,Colorado Rapids,St. Louis City Soccer Club,0,1
2026-05-10,4850747,MLS1,2025,domestic_league,4291,4284,Portland Timbers,Sporting Kansas City,6,0
2026-05-10,4850748,MLS1,2025,domestic_league,218,6321,San Jose Earthquakes,Vancouver Whitecaps FC,1,1
2026-05-10,4850749,MLS1,2025,domestic_league,9636,114977,Seattle Sounders FC,San Diego Football Club,1,1
2026-05-10,4850750,MLS1,2025,domestic_league,40058,813,New York City Football Club,Columbus Crew,3,0
2026-05-10,4856835,C1,2025,domestic_league,2790,257,FC Lugano,FC St. Gallen 1879,1,2
2026-05-10,4856836,C1,2025,domestic_league,321,938,FC Sion,FC Thun,2,0
2026-05-10,4856837,C1,2025,domestic_league,452,26,BSC Young Boys,FC Basel 1893,3,0
2026-05-11,4621074,IT1,2025,domestic_league,6195,1025,SSC Napoli,Bologna Football Club 1909,2,3
2026-05-11,4624909,PL1,2025,domestic_league,5689,7154,Cracovia,Radomiak Radom,0,0
2026-05-11,4626156,GB1,2025,domestic_league,148,399,Tottenham Hotspur,Leeds United,1,1
2026-05-11,4642442,NL1,2025,domestic_league,132,306,NAC Breda,SC Heerenveen,2,0
2026-05-11,4646009,ES1,2025,domestic_league,367,12321,Rayo Vallecano,Girona FC,1,1
2026-05-11,4648925,PO1,2025,domestic_league,2420,3268,Vitória Guimarães SC,Casa Pia AC,0,1
2026-05-11,4648926,PO1,2025,domestic_league,2424,8024,Gil Vicente FC,FC Arouca,1,3
2026-05-11,4648927,PO1,2025,domestic_league,7179,979,CD Tondela,Moreirense FC,2,0
2026-05-11,4648929,PO1,2025,domestic_league,2431,3329,CF Estrela Amadora,FC Famalicão,0,0
2026-05-11,4648931,PO1,2025,domestic_league,2425,336,Rio Ave FC,Sporting CP,1,4
2026-05-11,4648932,PO1,2025,domestic_league,2423,982,CD Santa Clara,CD Nacional,2,0
2026-05-11,4648933,PO1,2025,domestic_league,294,1075,SL Benfica,SC Braga,2,2
2026-05-11,4649396,RU1,2025,domestic_league,232,2698,FK Spartak Moskva,FC Rubin Kazan,2,1
2026-05-11,4649397,RU1,2025,domestic_league,121,16704,FK Dinamo Moskva,FK Krasnodar,2,1
2026-05-11,4649401,RU1,2025,domestic_league,49702,2410,FK Nizhny Novgorod,PFK CSKA Moskva,1,2
2026-05-11,4649402,RU1,2025,domestic_league,71985,1083,Akron Togliatti,FK Rostov,1,3
2026-05-11,4750170,SA1,2025,domestic_league,28844,18487,Al-Taawoun Football Club,Al-Ahli Saudi Football Club,1,2
2026-05-11,4750176,SA1,2025,domestic_league,34911,9840,Neom Sports Club,Al-Shabab Club,2,1
2026-05-11,4802705,SE1,2025,domestic_league,7945,1118,IK Sirius,Örgryte IS,2,0
2026-05-11,4811048,BRA1,2025,domestic_league,978,679,Club de Regatas Vasco da Gama,Clube Atlético Paranaense,1,0
2026-05-11,4850751,MLS1,2025,domestic_league,56089,72309,Minnesota United FC,Austin FC,2,2
2026-05-11,4850752,MLS1,2025,domestic_league,51828,9168,Los Angeles Football Club,Houston Dynamo,1,4
2026-05-12,4645960,ES1,2025,domestic_league,150,1531,Real Betis Balompié,Elche CF,2,1
2026-05-12,4645961,ES1,2025,domestic_league,940,3368,Celta de Vigo,Levante UD,2,3
2026-05-12,4645965,ES1,2025,domestic_league,331,13,CA Osasuna,Atlético de Madrid,1,2
2026-05-12,4646267,UKR1,2025,domestic_league,26459,3592,NK Veres Rivne,Kryvbas Kryvyi Rig,1,3
2026-05-12,4646270,UKR1,2025,domestic_league,84122,53646,Epicentr Kamyanets-Podilskyi,FK Polissya Zhytomyr,3,2
2026-05-12,4646273,UKR1,2025,domestic_league,55686,85465,TOV FK Metalist 1925 Kharkiv,Karpaty Lviv,2,2
2026-05-12,4646274,UKR1,2025,domestic_league,18303,10690,FC Oleksandriya,Zorya Lugansk,1,2
2026-05-12,4750168,SA1,2025,domestic_league,91427,71665,Al-Kholood Club,Al-Okhdood Club,0,0
2026-05-12,4750171,SA1,2025,domestic_league,18544,1114,Al-Nassr Football Club,Al-Hilal Saudi Football Club,1,1
2026-05-12,4803439,RSK1,2025,domestic_league,21459,6499,Gangwon Football Club,Foundation Coorperation Hana Financial Group Inc. Football Club,2,0
2026-05-12,4803440,RSK1,2025,domestic_league,30925,6500,Gwangju Football Club,Football Club Seoul,0,1
2026-05-12,4803441,RSK1,2025,domestic_league,2996,311,Incheon United Football Club,Football Club Pohang Steelers,0,1
2026-05-12,4856814,C1,2025,domestic_league,504,242,Grasshopper Club Zurich,FC Winterthur,3,2
2026-05-12,4856815,C1,2025,domestic_league,434,260,FC Luzern,FC Zürich,1,0
2026-05-12,4856816,C1,2025,domestic_league,61,527,Servette FC,Football Club Lausanne-Sport,2,0
2026-05-13,4624899,PL1,2025,domestic_league,6107,428,Morski Związkowy Klub Sportowy Arka Gdynia Spółka Akcyjna,Górnik Zabrze,0,0
2026-05-13,4624906,PL1,2025,domestic_league,9644,2300,Raków Częstochowa,Jagiellonia Bialystok,0,2
2026-05-13,4626104,GB1,2025,domestic_league,281,873,Manchester City,Crystal Palace,3,0
2026-05-13,4635262,FR1,2025,domestic_league,3911,667,Stade Brestois 29,RC Strasbourg Alsace,1,2
2026-05-13,4635266,FR1,2025,domestic_league,826,583,RC Lens,Paris Saint-Germain,0,2
2026-05-13,4645959,ES1,2025,domestic_league,1108,131,Deportivo Alavés,FC Barcelona,1,0
2026-05-13,4645962,ES1,2025,domestic_league,3709,237,Getafe CF,RCD Mallorca,3,1
2026-05-13,4645964,ES1,2025,domestic_league,714,621,RCD Espanyol Barcelona,Athletic Bilbao,2,0
2026-05-13,4645967,ES1,2025,domestic_league,1050,368,Villarreal CF,Sevilla FC,2,3
2026-05-13,4646268,UKR1,2025,domestic_league,338,48332,Dynamo Kyiv,Kolos Kovalivka,2,1
2026-05-13,4646269,UKR1,2025,domestic_league,63007,81401,LNZ Cherkasy,SC Poltava,2,0
2026-05-13,4646271,UKR1,2025,domestic_league,660,39097,FC Shakhtar Donetsk,Obolon Kyiv,3,1
2026-05-13,4803442,RSK1,2025,domestic_league,3535,19684,Ulsan Hyundai Football Club,Jeju SK Football Club,2,1
2026-05-13,4803443,RSK1,2025,domestic_league,38898,6505,Football Club Anyang,Gimcheon Sangmu Football Club,2,2
2026-05-13,4803444,RSK1,2025,domestic_league,35759,6502,Bucheon Football Club 1995,Jeonbuk Hyundai Motors,0,0
2026-05-14,4645963,ES1,2025,domestic_league,12321,681,Girona FC,Real Sociedad,1,1
2026-05-14,4645966,ES1,2025,domestic_league,1049,367,Valencia CF,Rayo Vallecano,1,1
2026-05-14,4645968,ES1,2025,domestic_league,418,2497,Real Madrid,Real Oviedo,2,0
2026-05-14,4646272,UKR1,2025,domestic_league,87883,48726,FC Kudrivka,Rukh Lviv,2,1
2026-05-14,4750226,SA1,2025,domestic_league,26069,9131,Al-Qadsiah Saudi Football Club,Al-Hazem Sport Club,2,0
2026-05-14,4750227,SA1,2025,domestic_league,7732,8023,Al-Ettifaq Football Club,Al-Ittihad Football Club,1,3
2026-05-14,4750228,SA1,2025,domestic_league,27221,32328,Al-Fateh Club,Al-Najma Sport Club,2,0
2026-05-14,4850753,MLS1,2025,domestic_league,78435,40058,Charlotte Football Club,New York City Football Club,0,1
2026-05-14,4850754,MLS1,2025,domestic_league,626,63966,New England Revolution,Nashville SC,0,3
2026-05-14,4850755,MLS1,2025,domestic_league,4078,4291,Club de Foot Montréal,Portland Timbers,2,2
2026-05-14,4850756,MLS1,2025,domestic_league,51772,69261,Football Club Cincinnati,Club Internacional de Fútbol Miami,3,5
2026-05-14,4850757,MLS1,2025,domestic_league,45604,25467,Orlando City Soccer Club,Philadelphia Union,4,3
2026-05-14,4850758,MLS1,2025,domestic_league,623,813,Red Bull New York,Columbus Crew,3,2
2026-05-14,4850759,MLS1,2025,domestic_league,2440,432,D.C. United,Chicago Fire Soccer Club,1,3
2026-05-14,4850760,MLS1,2025,domestic_league,8816,6321,FC Dallas,Vancouver Whitecaps FC,2,3
2026-05-14,4850761,MLS1,2025,domestic_league,4284,1061,Sporting Kansas City,Los Angeles Galaxy,3,1
2026-05-14,4850762,MLS1,2025,domestic_league,56089,1247,Minnesota United FC,Colorado Rapids,0,1
2026-05-14,4850763,MLS1,2025,domestic_league,82686,51828,St. Louis City Soccer Club,Los Angeles Football Club,2,1
2026-05-14,4850764,MLS1,2025,domestic_league,9636,218,Seattle Sounders FC,San Jose Earthquakes,3,2
2026-05-14,4850765,MLS1,2025,domestic_league,114977,72309,San Diego Football Club,Austin FC,5,0
2026-05-14,4850766,MLS1,2025,domestic_league,6643,9168,Real Salt Lake,Houston Dynamo,3,0
2026-05-14,4856811,C1,2025,domestic_league,26,257,FC Basel 1893,FC St. Gallen 1879,1,3
2026-05-14,4856812,C1,2025,domestic_league,321,2790,FC Sion,FC Lugano,2,2
2026-05-14,4856813,C1,2025,domestic_league,938,452,FC Thun,BSC Young Boys,3,8
2026-05-15,4624919,PL1,2025,domestic_league,6110,88,Korona Kielce,Widzew Lodz,1,0
2026-05-15,4624925,PL1,2025,domestic_league,168,324,Zaglebie Lubin,Pogon Szczecin,0,1
2026-05-15,4625450,KR1,2025,domestic_league,456,599,HNK Vukovar 1991,NK Varazdin,0,2
2026-05-15,4626159,GB1,2025,domestic_league,405,31,Aston Villa,Liverpool FC,4,2
2026-05-15,4648067,TR1,2025,domestic_league,126,114,Caykur Rizespor,Beşiktaş Jimnastik Kulübü,2,2
2026-05-15,4750223,SA1,2025,domestic_league,28844,31008,Al-Taawoun Football Club,Al-Riyadh Saudi Club,1,1
2026-05-15,4750229,SA1,2025,domestic_league,50532,50531,Damac Football Club,Al-Fayha FC,3,0
2026-05-15,4850182,POBE,2025,other,2727,1096,Oud-Heverlee Leuven,Royal Antwerp FC,3,0
2026-05-16,4624921,PL1,2025,domestic_league,3527,5689,Motor Lublin Spółka Akcyjna,Cracovia,3,3
2026-05-16,4624923,PL1,2025,domestic_league,7154,238,Radomiak Radom,Lech Poznan,1,3
2026-05-16,4624924,PL1,2025,domestic_league,2118,428,Wisla Plock,Górnik Zabrze,0,1
2026-05-16,4625448,KR1,2025,domestic_league,24575,327,HNK Gorica,NK Osijek,2,0
2026-05-16,4625451,KR1,2025,domestic_league,11194,447,NK Lokomotiva Zagreb,HNK Hajduk Split,1,1
2026-05-16,4634549,L1,2025,domestic_league,27,3,Bayern Munich,1.FC Köln,5,1
2026-05-16,4634550,L1,2025,domestic_league,15,41,Bayer 04 Leverkusen,Hamburger SV,1,1
2026-05-16,4634551,L1,2025,domestic_league,24,79,Eintracht Frankfurt,VfB Stuttgart,2,2
2026-05-16,4634552,L1,2025,domestic_league,60,23826,SC Freiburg,RB Leipzig,4,1
2026-05-16,4634553,L1,2025,domestic_league,86,16,SV Werder Bremen,Borussia Dortmund,0,2
2026-05-16,4634554,L1,2025,domestic_league,18,533,Borussia Mönchengladbach,TSG 1899 Hoffenheim,4,0
2026-05-16,4634555,L1,2025,domestic_league,89,167,1.FC Union Berlin,FC Augsburg,4,0
2026-05-16,4634556,L1,2025,domestic_league,35,82,FC St. Pauli,VfL Wolfsburg,1,3
2026-05-16,4634557,L1,2025,domestic_league,2036,39,1. Fußballclub Heidenheim 1846,1.FSV Mainz 05,0,2
2026-05-16,4646285,UKR1,2025,domestic_league,55686,84122,TOV FK Metalist 1925 Kharkiv,Epicentr Kamyanets-Podilskyi,1,1
2026-05-16,4646289,UKR1,2025,domestic_league,81401,338,SC Poltava,Dynamo Kyiv,0,2
2026-05-16,4648068,TR1,2025,domestic_league,6646,11282,Fatih Karagümrük,Alanyaspor,2,1
2026-05-16,4648069,TR1,2025,domestic_league,2832,6890,Gaziantep FK,Basaksehir FK,1,2
2026-05-16,4648070,TR1,2025,domestic_league,152,1467,Samsunspor,Göztepe,3,0
2026-05-16,4648934,PO1,2025,domestic_league,979,110302,Moreirense FC,Avs Futebol,0,0
2026-05-16,4648935,PO1,2025,domestic_league,3329,2521,FC Famalicão,FC Alverca,1,0
2026-05-16,4648936,PO1,2025,domestic_league,336,2424,Sporting CP,Gil Vicente FC,3,0
2026-05-16,4648937,PO1,2025,domestic_league,720,2423,FC Porto,CD Santa Clara,1,0
2026-05-16,4648938,PO1,2025,domestic_league,1465,294,GD Estoril Praia,SL Benfica,1,3
2026-05-16,4648939,PO1,2025,domestic_league,982,2420,CD Nacional,Vitória Guimarães SC,2,0
2026-05-16,4648940,PO1,2025,domestic_league,3268,2425,Casa Pia AC,Rio Ave FC,1,1
2026-05-16,4648941,PO1,2025,domestic_league,8024,7179,FC Arouca,CD Tondela,3,1
2026-05-16,4648942,PO1,2025,domestic_league,1075,2431,SC Braga,CF Estrela Amadora,2,2
2026-05-16,4750222,SA1,2025,domestic_league,71665,6070,Al-Okhdood Club,Al-Khaleej Club (Saihat),3,1
2026-05-16,4750224,SA1,2025,domestic_league,18487,91427,Al-Ahli Saudi Football Club,Al-Kholood Club,3,0
2026-05-16,4750225,SA1,2025,domestic_league,1114,34911,Al-Hilal Saudi Football Club,Neom Sports Club,2,0
2026-05-16,4794729,NO1,2025,domestic_league,1100,23184,Sportsklubben Brann,KFUM-Kameratene Oslo,2,1
2026-05-16,4794730,NO1,2025,domestic_league,3837,4309,Fredrikstad Fotballklubb,Hamarkameratene,2,1
2026-05-16,4794731,NO1,2025,domestic_league,353,6399,Lillestrøm Sportsklubb,Sandefjord Fotball,3,1
2026-05-16,4794732,NO1,2025,domestic_league,687,21101,Molde Fotballklubb,Kristiansund Ballklubb,1,0
2026-05-16,4794733,NO1,2025,domestic_league,195,5619,Rosenborg Ballklub,Aalesunds Fotballklubb,2,3
2026-05-16,4794734,NO1,2025,domestic_league,239,267,Viking Fotballklubb,Idrettsklubben Start,6,3
2026-05-16,4794735,NO1,2025,domestic_league,501,1293,Fotballklubben Bodø/Glimt,Tromsø Idrettslag,5,0
2026-05-16,4794736,NO1,2025,domestic_league,76,10217,Vålerengens Idrettsforening,Sarpsborg 08 Fotballforening,3,2
2026-05-16,4802710,SE1,2025,domestic_league,7009,3641,Göteborgs Atlet- och Idrottssällskap,Degerfors IF,1,1
2026-05-16,4802715,SE1,2025,domestic_league,1011,1101,Halmstads BK,Idrottsföreningen Elfsborg,1,1
2026-05-16,4803445,RSK1,2025,domestic_league,6499,6500,Foundation Coorperation Hana Financial Group Inc. Football Club,Football Club Seoul,1,2
2026-05-16,4803446,RSK1,2025,domestic_league,2996,30925,Incheon United Football Club,Gwangju Football Club,4,0
2026-05-16,4810897,BRA1,2025,domestic_league,2462,585,Fluminense Football Club,São Paulo Futebol Clube,2,1
2026-05-16,4810902,BRA1,2025,domestic_league,330,3876,Clube Atlético Mineiro,Mirasol Futebol Clube,3,1
2026-05-16,4810903,BRA1,2025,domestic_league,6600,978,Sport Club Internacional,Club de Regatas Vasco da Gama,4,1
2026-05-16,4839876,A1,2025,domestic_league,4441,2446,Wolfsberger AC,WSG Tirol,2,0
2026-05-16,4839877,A1,2025,domestic_league,2157,316,FC Blau-Weiss Linz,Grazer AK 1902,0,3
2026-05-16,4839878,A1,2025,domestic_league,3551,266,Sportclub Rheindorf Altach,SV Ried,2,0
2026-05-16,4850158,EJPL,2025,other,475,157,Sint-Truidense VV,KAA Gent,1,1
2026-05-16,4850183,POBE,2025,other,172,968,Royal Charleroi Sporting Club,KVC Westerlo,0,1
2026-05-16,4850184,POBE,2025,other,3057,1184,Standard Liège,KRC Genk,0,0
2026-05-16,4850767,MLS1,2025,domestic_league,4078,432,Club de Foot Montréal,Chicago Fire Soccer Club,0,2
2026-05-16,4856820,C1,2025,domestic_league,527,504,Football Club Lausanne-Sport,Grasshopper Club Zurich,1,3
2026-05-16,4856821,C1,2025,domestic_league,242,434,FC Winterthur,FC Luzern,0,3
2026-05-16,4856822,C1,2025,domestic_league,260,61,FC Zürich,Servette FC,0,2
2026-05-17,4621078,IT1,2025,domestic_league,800,1025,Atalanta BC,Bologna Football Club 1909,0,1
2026-05-17,4621079,IT1,2025,domestic_league,1390,416,Cagliari Calcio,Torino FC,2,1
2026-05-17,4621080,IT1,2025,domestic_league,1047,130,Como 1907,Parma Calcio 1913,1,0
2026-05-17,4621081,IT1,2025,domestic_league,252,5,Genoa CFC,AC Milan,1,2
2026-05-17,4621082,IT1,2025,domestic_league,46,276,Inter Milan,Hellas Verona,1,1
2026-05-17,4621083,IT1,2025,domestic_league,506,430,Juventus FC,ACF Fiorentina,0,2
2026-05-17,4621084,IT1,2025,domestic_league,4172,6195,Pisa Sporting Club,SSC Napoli,0,3
2026-05-17,4621085,IT1,2025,domestic_league,12,398,Associazione Sportiva Roma,Società Sportiva Lazio S.p.A.,2,0
2026-05-17,4621086,IT1,2025,domestic_league,6574,1005,US Sassuolo,US Lecce,2,3
2026-05-17,4621087,IT1,2025,domestic_league,410,2239,Udinese Calcio,US Cremonese,0,1
2026-05-17,4624918,PL1,2025,domestic_league,6456,2300,GKS GieKSa Katowice Spółka Akcyjna,Jagiellonia Bialystok,2,2
2026-05-17,4624920,PL1,2025,domestic_league,4000,255,Lechia Gdansk,Legia Warszawa,1,2
2026-05-17,4624922,PL1,2025,domestic_league,6112,9644,Piast Gliwice,Raków Częstochowa,1,3
2026-05-17,4625447,KR1,2025,domestic_league,2362,419,Slaven Belupo Koprivnica,GNK Dinamo Zagreb,1,4
2026-05-17,4625449,KR1,2025,domestic_league,999,144,NK Istra 1961,HNK Rijeka,0,0
2026-05-17,4626161,GB1,2025,domestic_league,1148,873,Brentford FC,Crystal Palace,2,2
2026-05-17,4626163,GB1,2025,domestic_league,29,289,Everton FC,Sunderland AFC,1,3
2026-05-17,4626164,GB1,2025,domestic_league,399,1237,Leeds United,Brighton & Hove Albion,1,0
2026-05-17,4626165,GB1,2025,domestic_league,985,703,Manchester United,Nottingham Forest,3,2
2026-05-17,4626166,GB1,2025,domestic_league,762,379,Newcastle United,West Ham United,3,1
2026-05-17,4626167,GB1,2025,domestic_league,543,931,Wolverhampton Wanderers,Fulham FC,1,1
2026-05-17,4635303,FR1,2025,domestic_league,995,415,FC Nantes,FC Toulouse,0,0
2026-05-17,4635304,FR1,2025,domestic_league,1158,738,FC Lorient,Le Havre AC,0,2
2026-05-17,4635305,FR1,2025,domestic_league,3911,1420,Stade Brestois 29,Angers SCO,1,1
2026-05-17,4635306,FR1,2025,domestic_league,1082,290,LOSC Lille,AJ Auxerre,0,2
2026-05-17,4635307,FR1,2025,domestic_league,417,347,OGC Nice,FC Metz,0,0
2026-05-17,4635308,FR1,2025,domestic_league,10004,583,Paris FC,Paris Saint-Germain,2,1
2026-05-17,4635309,FR1,2025,domestic_league,244,273,Olympique Marseille,Stade Rennais FC,3,1
2026-05-17,4635310,FR1,2025,domestic_league,667,162,RC Strasbourg Alsace,AS Monaco,5,4
2026-05-17,4635311,FR1,2025,domestic_league,1041,826,Olympique Lyon,RC Lens,0,4
2026-05-17,4642426,NL1,2025,domestic_league,1090,132,AZ Alkmaar,NAC Breda,3,3
2026-05-17,4642427,NL1,2025,domestic_league,200,385,FC Utrecht,Fortuna Sittardia Combinatie,2,0
2026-05-17,4642428,NL1,2025,domestic_league,724,1434,FC Volendam,SC Telstar,1,2
2026-05-17,4642429,NL1,2025,domestic_league,1304,202,Heracles Almelo,FC Groningen,1,2
2026-05-17,4642430,NL1,2025,domestic_league,467,1435,NEC Nijmegen,Go Ahead Eagles,2,1
2026-05-17,4642431,NL1,2025,domestic_league,1269,234,PEC Zwolle,Feyenoord Rotterdam,0,2
2026-05-17,4642432,NL1,2025,domestic_league,383,317,PSV Eindhoven,FC Twente Enschede,5,1
2026-05-17,4642433,NL1,2025,domestic_league,306,610,SC Heerenveen,Ajax Amsterdam,0,0
2026-05-17,4642434,NL1,2025,domestic_league,468,798,Sparta Rotterdam,Excelsior Rotterdam,2,3
2026-05-17,4645989,ES1,2025,domestic_league,621,940,Athletic Bilbao,Celta de Vigo,1,1
2026-05-17,4645990,ES1,2025,domestic_league,13,12321,Atlético de Madrid,Girona FC,1,0
2026-05-17,4645991,ES1,2025,domestic_league,131,150,FC Barcelona,Real Betis Balompié,3,1
2026-05-17,4645992,ES1,2025,domestic_league,1531,3709,Elche CF,Getafe CF,1,0
2026-05-17,4645993,ES1,2025,domestic_league,3368,237,Levante UD,RCD Mallorca,2,0
2026-05-17,4645994,ES1,2025,domestic_league,367,1050,Rayo Vallecano,Villarreal CF,2,0
2026-05-17,4645995,ES1,2025,domestic_league,681,1049,Real Sociedad,Valencia CF,3,4
2026-05-17,4645996,ES1,2025,domestic_league,2497,1108,Real Oviedo,Deportivo Alavés,0,1
2026-05-17,4645997,ES1,2025,domestic_league,331,714,CA Osasuna,RCD Espanyol Barcelona,1,2
2026-05-17,4645998,ES1,2025,domestic_league,368,418,Sevilla FC,Real Madrid,0,1
2026-05-17,4646283,UKR1,2025,domestic_league,48332,39097,Kolos Kovalivka,Obolon Kyiv,0,2
2026-05-17,4646286,UKR1,2025,domestic_league,3592,660,Kryvbas Kryvyi Rig,FC Shakhtar Donetsk,2,3
2026-05-17,4646287,UKR1,2025,domestic_league,48726,18303,Rukh Lviv,FC Oleksandriya,1,3
2026-05-17,4646290,UKR1,2025,domestic_league,85465,26459,Karpaty Lviv,NK Veres Rivne,2,0
2026-05-17,4648065,TR1,2025,domestic_league,36,7160,Fenerbahce,Eyüpspor,3,3
2026-05-17,4648066,TR1,2025,domestic_league,3205,2293,Kayserispor,Konyaspor,2,1
2026-05-17,4648071,TR1,2025,domestic_league,10484,141,Kasimpasa,Galatasaray,1,0
2026-05-17,4648072,TR1,2025,domestic_league,449,820,Trabzonspor,Gençlerbirliği Spor Kulübü,0,3
2026-05-17,4648073,TR1,2025,domestic_league,589,120,Antalyaspor,Kocaelispor,1,0
2026-05-17,4649379,RU1,2025,domestic_league,1083,964,FK Rostov,AO FK Zenit Sankt-Peterburg,0,1
2026-05-17,4649380,RU1,2025,domestic_league,16704,14589,FK Krasnodar,FC Orenburg,3,0
2026-05-17,4649381,RU1,2025,domestic_league,2696,71985,PFK Krylya Sovetov Samara,Akron Togliatti,4,1
2026-05-17,4649382,RU1,2025,domestic_league,2410,932,PFK CSKA Moskva,"Футбольный клуб ""Локомотив"" Москва",3,1
2026-05-17,4649383,RU1,2025,domestic_league,2698,49702,FC Rubin Kazan,FK Nizhny Novgorod,2,2
2026-05-17,4649384,RU1,2025,domestic_league,2741,121,FK Baltika,FK Dinamo Moskva,1,2
2026-05-17,4649385,RU1,2025,domestic_league,75231,232,Dinamo Makhachkala,FK Spartak Moskva,0,0
2026-05-17,4649386,RU1,2025,domestic_league,41231,3725,FK Sochi,RFK Akhmat Grozny,1,1
2026-05-17,4750247,SA1,2025,domestic_league,9840,8023,Al-Shabab Club,Al-Ittihad Football Club,3,2
2026-05-17,4802709,SE1,2025,domestic_league,1059,496,Hammarby IF,Malmö Fotbollförening,4,1
2026-05-17,4802712,SE1,2025,domestic_league,2719,1109,Mjällby Almänna Idrottsförening,BK Häcken,0,1
2026-05-17,4802713,SE1,2025,domestic_league,1092,3654,Idrottsföreningen  Brommapojkarna,Kalmar Fotbollförening,1,0
2026-05-17,4802714,SE1,2025,domestic_league,5202,272,Västerås Sportklubb FK,Allmänna Idrottsklubben,1,1
2026-05-17,4803447,RSK1,2025,domestic_league,6502,6505,Jeonbuk Hyundai Motors,Gimcheon Sangmu Football Club,1,0
2026-05-17,4803448,RSK1,2025,domestic_league,19684,38898,Jeju SK Football Club,Football Club Anyang,1,2
2026-05-17,4803449,RSK1,2025,domestic_league,21459,3535,Gangwon Football Club,Ulsan Hyundai Football Club,2,0
2026-05-17,4803450,RSK1,2025,domestic_league,35759,311,Bucheon Football Club 1995,Football Club Pohang Steelers,2,0
2026-05-17,4810898,BRA1,2025,domestic_league,537,199,S. A. F. Botafogo,Sport Club Corinthians Paulista,3,1
2026-05-17,4810899,BRA1,2025,domestic_league,221,776,Santos Futebol Clube,Coritiba Foot Ball Club,0,3
2026-05-17,4810900,BRA1,2025,domestic_league,1023,609,Sociedade Esportiva Palmeiras,Cruzeiro Esporte Clube,1,1
2026-05-17,4810901,BRA1,2025,domestic_league,8793,2125,Red Bull Bragantino,Esporte Clube Vitória,2,0
2026-05-17,4810904,BRA1,2025,domestic_league,679,614,Clube Atlético Paranaense,Clube de Regatas do Flamengo,1,1
2026-05-17,4810905,BRA1,2025,domestic_league,10010,210,Esporte Clube Bahia,Grêmio Foot-Ball Porto Alegrense,1,1
2026-05-17,4810906,BRA1,2025,domestic_league,17776,10997,Associação Chapecoense de Futebol,Clube do Remo,2,3
2026-05-17,4839879,A1,2025,domestic_league,122,170,Sportklub Puntigamer Sturm Graz,Rapid Vienna,2,0
2026-05-17,4839880,A1,2025,domestic_league,409,4467,Fußballclub Red Bull Salzburg,TSV Hartberg,1,3
2026-05-17,4839881,A1,2025,domestic_league,14,413,Austria Vienna,LASK,0,3
2026-05-17,4850159,EJPL,2025,other,58,354,RSC Anderlecht,KV Mechelen,2,2
2026-05-17,4850160,EJPL,2025,other,2282,3948,Club Brugge KV,Union Saint-Gilloise,5,0
2026-05-17,4850768,MLS1,2025,domestic_league,623,40058,Red Bull New York,New York City Football Club,1,1
2026-05-17,4850769,MLS1,2025,domestic_league,25467,813,Philadelphia Union,Columbus Crew,1,1
2026-05-17,4850770,MLS1,2025,domestic_league,45604,51663,Orlando City Soccer Club,Atlanta United Football Club,1,1
2026-05-17,4850771,MLS1,2025,domestic_league,626,56089,New England Revolution,Minnesota United FC,2,1
2026-05-17,4850772,MLS1,2025,domestic_league,2440,82686,D.C. United,St. Louis City Soccer Club,1,1
2026-05-17,4850773,MLS1,2025,domestic_league,78435,11141,Charlotte Football Club,Toronto FC,3,1
2026-05-17,4850774,MLS1,2025,domestic_league,72309,4284,Austin FC,Sporting Kansas City,1,2
2026-05-17,4850775,MLS1,2025,domestic_league,9168,6321,Houston Dynamo,Vancouver Whitecaps FC,1,0
2026-05-17,4850776,MLS1,2025,domestic_league,9636,1061,Seattle Sounders FC,Los Angeles Galaxy,0,2
2026-05-17,4850777,MLS1,2025,domestic_league,6643,1247,Real Salt Lake,Colorado Rapids,2,1
2026-05-17,4850778,MLS1,2025,domestic_league,114977,51772,San Diego Football Club,Football Club Cincinnati,3,3
2026-05-17,4850779,MLS1,2025,domestic_league,218,8816,San Jose Earthquakes,FC Dallas,2,3
2026-05-17,4850780,MLS1,2025,domestic_league,69261,4291,Club Internacional de Fútbol Miami,Portland Timbers,2,0
2026-05-17,4856817,C1,2025,domestic_league,2790,26,FC Lugano,FC Basel 1893,4,0
2026-05-17,4856818,C1,2025,domestic_league,257,938,FC St. Gallen 1879,FC Thun,1,1
2026-05-17,4856819,C1,2025,domestic_league,452,321,BSC Young Boys,FC Sion,3,3
2026-05-18,4624917,PL1,2025,domestic_league,6107,15906,Morski Związkowy Klub Sportowy Arka Gdynia Spółka Akcyjna,Termalica Bruk-Bet Nieciecza Klub Sportowy,2,3
2026-05-18,4626158,GB1,2025,domestic_league,11,1132,Arsenal FC,Burnley FC,1,0
2026-05-18,4646284,UKR1,2025,domestic_league,87883,63007,FC Kudrivka,LNZ Cherkasy,1,0
2026-05-18,4646288,UKR1,2025,domestic_league,10690,53646,Zorya Lugansk,FK Polissya Zhytomyr,0,0
2026-05-18,4802708,SE1,2025,domestic_league,1044,7945,Djurgårdens Idrottsförening,IK Sirius,2,3
2026-05-18,4850781,MLS1,2025,domestic_league,63966,51828,Nashville SC,Los Angeles Football Club,3,2
2026-05-19,4626160,GB1,2025,domestic_league,989,281,AFC Bournemouth,Manchester City,1,1
2026-05-19,4626162,GB1,2025,domestic_league,631,148,Chelsea FC,Tottenham Hotspur,2,1
2026-05-19,4802711,SE1,2025,domestic_league,1118,801,Örgryte IS,Idrottsföreningen Kamraterna Göteborg,2,3
2026-05-19,4850191,POBE,2025,other,1184,1096,KRC Genk,Royal Antwerp FC,0,0
2026-05-19,4850192,POBE,2025,other,968,3057,KVC Westerlo,Standard Liège,1,2
2026-05-19,4850193,POBE,2025,other,172,2727,Royal Charleroi Sporting Club,Oud-Heverlee Leuven,1,1
2026-05-20,4750260,SA1,2025,domestic_league,6070,18487,Al-Khaleej Club (Saihat),Al-Ahli Saudi Football Club,1,4
2026-05-20,4750263,SA1,2025,domestic_league,32328,9840,Al-Najma Sport Club,Al-Shabab Club,1,0
2026-05-20,4794696,NO1,2025,domestic_league,267,501,Idrettsklubben Start,Fotballklubben Bodø/Glimt,1,4
2026-05-20,4794698,NO1,2025,domestic_league,5619,1100,Aalesunds Fotballklubb,Sportsklubben Brann,2,1
2026-05-20,4794712,NO1,2025,domestic_league,353,21101,Lillestrøm Sportsklubb,Kristiansund Ballklubb,1,2
2026-05-20,4802767,SE1,2025,domestic_league,7009,1059,Göteborgs Atlet- och Idrottssällskap,Hammarby IF,2,0
2026-05-21,4646261,UKR1,2025,domestic_league,660,48332,FC Shakhtar Donetsk,Kolos Kovalivka,0,1
2026-05-21,4750258,SA1,2025,domestic_league,91427,27221,Al-Kholood Club,Al-Fateh Club,0,0
2026-05-21,4750259,SA1,2025,domestic_league,9131,28844,Al-Hazem Sport Club,Al-Taawoun Football Club,2,0
2026-05-21,4750261,SA1,2025,domestic_league,18544,50532,Al-Nassr Football Club,Damac Football Club,4,1
2026-05-21,4750262,SA1,2025,domestic_league,50531,1114,Al-Fayha FC,Al-Hilal Saudi Football Club,0,1
2026-05-21,4750264,SA1,2025,domestic_league,31008,71665,Al-Riyadh Saudi Club,Al-Okhdood Club,1,0
2026-05-21,4750265,SA1,2025,domestic_league,8023,26069,Al-Ittihad Football Club,Al-Qadsiah Saudi Football Club,1,5
2026-05-21,4750266,SA1,2025,domestic_league,34911,7732,Neom Sports Club,Al-Ettifaq Football Club,1,1
2026-05-21,4802769,SE1,2025,domestic_league,1101,2719,Idrottsföreningen Elfsborg,Mjällby Almänna Idrottsförening,1,1
2026-05-21,4850149,EJPL,2025,other,157,3948,KAA Gent,Union Saint-Gilloise,0,0
2026-05-21,4850150,EJPL,2025,other,354,2282,KV Mechelen,Club Brugge KV,2,2
2026-05-21,4850151,EJPL,2025,other,58,475,RSC Anderlecht,Sint-Truidense VV,3,1
2026-05-22,4621090,IT1,2025,domestic_league,430,800,ACF Fiorentina,Atalanta BC,1,1
2026-05-22,4625453,KR1,2025,domestic_league,447,456,HNK Hajduk Split,HNK Vukovar 1991,6,3
2026-05-22,4625456,KR1,2025,domestic_league,327,2362,NK Osijek,Slaven Belupo Koprivnica,2,0
2026-05-22,4802716,SE1,2025,domestic_league,1044,1092,Djurgårdens Idrottsförening,Idrottsföreningen  Brommapojkarna,1,2
2026-05-23,4621088,IT1,2025,domestic_league,1025,46,Bologna Football Club 1909,Inter Milan,3,3
2026-05-23,4621091,IT1,2025,domestic_league,398,4172,Società Sportiva Lazio S.p.A.,Pisa Sporting Club,2,1
2026-05-23,4624926,PL1,2025,domestic_league,15906,4000,Termalica Bruk-Bet Nieciecza Klub Sportowy,Lechia Gdansk,3,2
2026-05-23,4624927,PL1,2025,domestic_league,5689,6110,Cracovia,Korona Kielce,1,1
2026-05-23,4624928,PL1,2025,domestic_league,428,7154,Górnik Zabrze,Radomiak Radom,6,2
2026-05-23,4624929,PL1,2025,domestic_league,2300,168,Jagiellonia Bialystok,Zaglebie Lubin,1,0
2026-05-23,4624930,PL1,2025,domestic_league,238,2118,Lech Poznan,Wisla Plock,2,2
2026-05-23,4624931,PL1,2025,domestic_league,255,3527,Legia Warszawa,Motor Lublin Spółka Akcyjna,4,0
2026-05-23,4624932,PL1,2025,domestic_league,324,6456,Pogon Szczecin,GKS GieKSa Katowice Spółka Akcyjna,1,1
2026-05-23,4624933,PL1,2025,domestic_league,9644,6107,Raków Częstochowa,Morski Związkowy Klub Sportowy Arka Gdynia Spółka Akcyjna,3,0
2026-05-23,4624934,PL1,2025,domestic_league,88,6112,Widzew Lodz,Piast Gliwice,2,1
2026-05-23,4625452,KR1,2025,domestic_league,419,11194,GNK Dinamo Zagreb,NK Lokomotiva Zagreb,0,0
2026-05-23,4625454,KR1,2025,domestic_league,599,999,NK Varazdin,NK Istra 1961,2,0
2026-05-23,4625455,KR1,2025,domestic_league,144,24575,HNK Rijeka,HNK Gorica,2,0
2026-05-23,4645979,ES1,2025,domestic_league,1108,367,Deportivo Alavés,Rayo Vallecano,1,2
2026-05-23,4645980,ES1,2025,domestic_league,150,3368,Real Betis Balompié,Levante UD,2,1
2026-05-23,4645981,ES1,2025,domestic_league,940,368,Celta de Vigo,Sevilla FC,1,0
2026-05-23,4645982,ES1,2025,domestic_league,714,681,RCD Espanyol Barcelona,Real Sociedad,1,1
2026-05-23,4645983,ES1,2025,domestic_league,3709,331,Getafe CF,CA Osasuna,1,0
2026-05-23,4645984,ES1,2025,domestic_league,237,2497,RCD Mallorca,Real Oviedo,3,0
2026-05-23,4645985,ES1,2025,domestic_league,418,621,Real Madrid,Athletic Bilbao,4,2
2026-05-23,4645987,ES1,2025,domestic_league,1049,131,Valencia CF,FC Barcelona,3,1
2026-05-23,4645988,ES1,2025,domestic_league,12321,1531,Girona FC,Elche CF,1,1
2026-05-23,4646260,UKR1,2025,domestic_league,84122,81401,Epicentr Kamyanets-Podilskyi,SC Poltava,0,0
2026-05-23,4646265,UKR1,2025,domestic_league,85465,10690,Karpaty Lviv,Zorya Lugansk,1,2
2026-05-23,4646266,UKR1,2025,domestic_league,18303,3592,FC Oleksandriya,Kryvbas Kryvyi Rig,1,1
2026-05-23,4802722,SE1,2025,domestic_league,3654,3641,Kalmar Fotbollförening,Degerfors IF,2,1
2026-05-23,4802723,SE1,2025,domestic_league,1011,1118,Halmstads BK,Örgryte IS,2,0
2026-05-23,4810889,BRA1,2025,domestic_league,585,537,São Paulo Futebol Clube,S. A. F. Botafogo,1,1
2026-05-23,4810891,BRA1,2025,domestic_league,3876,2462,Mirasol Futebol Clube,Fluminense Football Club,1,0
2026-05-23,4810893,BRA1,2025,domestic_league,210,221,Grêmio Foot-Ball Porto Alegrense,Santos Futebol Clube,3,2
2026-05-23,4810895,BRA1,2025,domestic_league,2125,6600,Esporte Clube Vitória,Sport Club Internacional,2,0
2026-05-23,4850194,POBE,2025,other,2727,1184,Oud-Heverlee Leuven,KRC Genk,0,2
2026-05-23,4850195,POBE,2025,other,1096,968,Royal Antwerp FC,KVC Westerlo,2,0
2026-05-23,4850196,POBE,2025,other,3057,172,Standard Liège,Royal Charleroi Sporting Club,0,2
2026-05-23,4850782,MLS1,2025,domestic_league,82686,72309,St. Louis City Soccer Club,Austin FC,3,0
2026-05-23,4850789,MLS1,2025,domestic_league,56089,6643,Minnesota United FC,Real Salt Lake,1,1
2026-05-24,4621089,IT1,2025,domestic_league,2239,1047,US Cremonese,Como 1907,1,4
2026-05-24,4621092,IT1,2025,domestic_league,1005,252,US Lecce,Genoa CFC,1,0
2026-05-24,4621093,IT1,2025,domestic_league,5,1390,AC Milan,Cagliari Calcio,1,2
2026-05-24,4621094,IT1,2025,domestic_league,6195,410,SSC Napoli,Udinese Calcio,1,0
2026-05-24,4621095,IT1,2025,domestic_league,130,6574,Parma Calcio 1913,US Sassuolo,1,0
2026-05-24,4621096,IT1,2025,domestic_league,416,506,Torino FC,Juventus FC,2,2
2026-05-24,4621097,IT1,2025,domestic_league,276,12,Hellas Verona,Associazione Sportiva Roma,0,2
2026-05-24,4626168,GB1,2025,domestic_league,1237,985,Brighton & Hove Albion,Manchester United,0,3
2026-05-24,4626169,GB1,2025,domestic_league,1132,543,Burnley FC,Wolverhampton Wanderers,1,1
2026-05-24,4626170,GB1,2025,domestic_league,873,11,Crystal Palace,Arsenal FC,1,2
2026-05-24,4626171,GB1,2025,domestic_league,931,762,Fulham FC,Newcastle United,2,0
2026-05-24,4626172,GB1,2025,domestic_league,31,1148,Liverpool FC,Brentford FC,1,1
2026-05-24,4626173,GB1,2025,domestic_league,281,405,Manchester City,Aston Villa,1,2
2026-05-24,4626174,GB1,2025,domestic_league,703,989,Nottingham Forest,AFC Bournemouth,1,1
2026-05-24,4626175,GB1,2025,domestic_league,289,631,Sunderland AFC,Chelsea FC,2,1
2026-05-24,4626176,GB1,2025,domestic_league,148,29,Tottenham Hotspur,Everton FC,1,0
2026-05-24,4626177,GB1,2025,domestic_league,379,399,West Ham United,Leeds United,3,0
2026-05-24,4645986,ES1,2025,domestic_league,1050,13,Villarreal CF,Atlético de Madrid,5,1
2026-05-24,4646259,UKR1,2025,domestic_league,39097,63007,Obolon Kyiv,LNZ Cherkasy,0,1
2026-05-24,4646262,UKR1,2025,domestic_league,53646,48726,FK Polissya Zhytomyr,Rukh Lviv,2,0
2026-05-24,4646263,UKR1,2025,domestic_league,26459,55686,NK Veres Rivne,TOV FK Metalist 1925 Kharkiv,0,1
2026-05-24,4646264,UKR1,2025,domestic_league,338,87883,Dynamo Kyiv,FC Kudrivka,3,2
2026-05-24,4794737,NO1,2025,domestic_league,501,1100,Fotballklubben Bodø/Glimt,Sportsklubben Brann,3,1
2026-05-24,4794740,NO1,2025,domestic_league,21101,239,Kristiansund Ballklubb,Viking Fotballklubb,1,2
2026-05-24,4802717,SE1,2025,domestic_league,1059,272,Hammarby IF,Allmänna Idrottsklubben,1,2
2026-05-24,4802719,SE1,2025,domestic_league,496,5202,Malmö Fotbollförening,Västerås Sportklubb FK,2,3
2026-05-24,4802721,SE1,2025,domestic_league,7945,7009,IK Sirius,Göteborgs Atlet- och Idrottssällskap,2,1
2026-05-24,4810887,BRA1,2025,domestic_league,614,1023,Clube de Regatas do Flamengo,Sociedade Esportiva Palmeiras,0,3
2026-05-24,4810890,BRA1,2025,domestic_league,199,330,Sport Club Corinthians Paulista,Clube Atlético Mineiro,1,0
2026-05-24,4810892,BRA1,2025,domestic_league,609,17776,Cruzeiro Esporte Clube,Associação Chapecoense de Futebol,2,1
2026-05-24,4810896,BRA1,2025,domestic_league,10997,679,Clube do Remo,Clube Atlético Paranaense,1,2
2026-05-24,4850140,EJPL,2025,other,2282,157,Club Brugge KV,KAA Gent,5,0
2026-05-24,4850141,EJPL,2025,other,3948,58,Union Saint-Gilloise,RSC Anderlecht,5,1
2026-05-24,4850142,EJPL,2025,other,475,354,Sint-Truidense VV,KV Mechelen,3,0
2026-05-24,4850783,MLS1,2025,domestic_league,51772,45604,Football Club Cincinnati,Orlando City Soccer Club,6,2
2026-05-24,4850784,MLS1,2025,domestic_league,2440,4078,D.C. United,Club de Foot Montréal,4,4
2026-05-24,4850785,MLS1,2025,domestic_league,78435,626,Charlotte Football Club,New England Revolution,1,0
2026-05-24,4850786,MLS1,2025,domestic_league,4284,623,Sporting Kansas City,Red Bull New York,1,2
2026-05-24,4850787,MLS1,2025,domestic_league,432,11141,Chicago Fire Soccer Club,Toronto FC,2,1
2026-05-24,4850788,MLS1,2025,domestic_league,63966,40058,Nashville SC,New York City Football Club,2,1
2026-05-24,4850790,MLS1,2025,domestic_league,1247,8816,Colorado Rapids,FC Dallas,1,2
2026-05-24,4850791,MLS1,2025,domestic_league,4291,218,Portland Timbers,San Jose Earthquakes,1,3
2026-05-24,4850792,MLS1,2025,domestic_league,114977,6321,San Diego Football Club,Vancouver Whitecaps FC,2,4
2026-05-24,4850793,MLS1,2025,domestic_league,1061,9168,Los Angeles Galaxy,Houston Dynamo,1,1
2026-05-24,4850794,MLS1,2025,domestic_league,813,51663,Columbus Crew,Atlanta United Football Club,2,0
2026-05-25,4794738,NO1,2025,domestic_league,4309,353,Hamarkameratene,Lillestrøm Sportsklubb,2,0
2026-05-25,4794739,NO1,2025,domestic_league,23184,195,KFUM-Kameratene Oslo,Rosenborg Ballklub,2,0
2026-05-25,4794741,NO1,2025,domestic_league,6399,3837,Sandefjord Fotball,Fredrikstad Fotballklubb,1,1
2026-05-25,4794742,NO1,2025,domestic_league,10217,687,Sarpsborg 08 Fotballforening,Molde Fotballklubb,2,1
2026-05-25,4794743,NO1,2025,domestic_league,267,76,Idrettsklubben Start,Vålerengens Idrettsforening,2,0
2026-05-25,4794744,NO1,2025,domestic_league,1293,5619,Tromsø Idrettslag,Aalesunds Fotballklubb,1,1
2026-05-25,4802718,SE1,2025,domestic_league,801,2719,Idrottsföreningen Kamraterna Göteborg,Mjällby Almänna Idrottsförening,1,1
2026-05-25,4802720,SE1,2025,domestic_league,1101,1109,Idrottsföreningen Elfsborg,BK Häcken,1,1
2026-05-25,4810888,BRA1,2025,domestic_league,978,8793,Club de Regatas Vasco da Gama,Red Bull Bragantino,0,3
2026-05-25,4850795,MLS1,2025,domestic_league,69261,25467,Club Internacional de Fútbol Miami,Philadelphia Union,6,4
2026-05-25,4850796,MLS1,2025,domestic_league,51828,9636,Los Angeles Football Club,Seattle Sounders FC,1,0
2026-05-26,4810894,BRA1,2025,domestic_league,776,10010,Coritiba Foot Ball Club,Esporte Clube Bahia,3,2
2026-05-29,4794745,NO1,2025,domestic_league,1100,10217,Sportsklubben Brann,Sarpsborg 08 Fotballforening,1,2
2026-05-29,4794746,NO1,2025,domestic_league,3837,267,Fredrikstad Fotballklubb,Idrettsklubben Start,2,1
2026-05-29,4794747,NO1,2025,domestic_league,23184,1293,KFUM-Kameratene Oslo,Tromsø Idrettslag,0,0
2026-05-29,4794750,NO1,2025,domestic_league,195,501,Rosenborg Ballklub,Fotballklubben Bodø/Glimt,2,2
2026-05-29,4794751,NO1,2025,domestic_league,76,21101,Vålerengens Idrettsforening,Kristiansund Ballklubb,3,1
2026-05-29,4794752,NO1,2025,domestic_league,5619,4309,Aalesunds Fotballklubb,Hamarkameratene,2,2
2026-05-29,4802726,SE1,2025,domestic_league,1118,1101,Örgryte IS,Idrottsföreningen Elfsborg,2,2
2026-05-30,4794749,NO1,2025,domestic_league,687,6399,Molde Fotballklubb,Sandefjord Fotball,2,1
2026-05-30,4802724,SE1,2025,domestic_league,272,7945,Allmänna Idrottsklubben,IK Sirius,0,3
2026-05-30,4802725,SE1,2025,domestic_league,7009,3654,Göteborgs Atlet- och Idrottssällskap,Kalmar Fotbollförening,3,0
2026-05-30,4802729,SE1,2025,domestic_league,496,1011,Malmö Fotbollförening,Halmstads BK,5,2
2026-05-30,4810877,BRA1,2025,domestic_league,210,199,Grêmio Foot-Ball Porto Alegrense,Sport Club Corinthians Paulista,1,3
2026-05-30,4810878,BRA1,2025,domestic_league,679,3876,Clube Atlético Paranaense,Mirasol Futebol Clube,1,0
2026-05-30,4810879,BRA1,2025,domestic_league,10010,537,Esporte Clube Bahia,S. A. F. Botafogo,2,1
2026-05-30,4810882,BRA1,2025,domestic_league,614,776,Clube de Regatas do Flamengo,Coritiba Foot Ball Club,3,0
2026-05-31,4802727,SE1,2025,domestic_league,1109,1059,BK Häcken,Hammarby IF,3,2
2026-05-31,4802730,SE1,2025,domestic_league,3641,1092,Degerfors IF,Idrottsföreningen  Brommapojkarna,2,2
2026-05-31,4802731,SE1,2025,domestic_league,5202,801,Västerås Sportklubb FK,Idrottsföreningen Kamraterna Göteborg,4,5
2026-05-31,4810881,BRA1,2025,domestic_league,8793,6600,Red Bull Bragantino,Sport Club Internacional,3,1
2026-05-31,4810883,BRA1,2025,domestic_league,978,330,Club de Regatas Vasco da Gama,Clube Atlético Mineiro,0,1
2026-05-31,4810884,BRA1,2025,domestic_league,221,2125,Santos Futebol Clube,Esporte Clube Vitória,3,1
2026-05-31,4810885,BRA1,2025,domestic_league,1023,17776,Sociedade Esportiva Palmeiras,Associação Chapecoense de Futebol,1,0
2026-06-01,4810880,BRA1,2025,domestic_league,10997,585,Clube do Remo,São Paulo Futebol Clube,1,0
2026-06-01,4810886,BRA1,2025,domestic_league,609,2462,Cruzeiro Esporte Clube,Fluminense Football Club,1,1
2026-07-03,4802737,SE1,2025,domestic_league,7945,2719,IK Sirius,Mjällby Almänna Idrottsförening,4,4
2026-07-04,4802736,SE1,2025,domestic_league,3641,496,Degerfors IF,Malmö Fotbollförening,0,1
2026-07-04,4802739,SE1,2025,domestic_league,1011,5202,Halmstads BK,Västerås Sportklubb FK,1,3
2026-07-04,4803451,RSK1,2025,domestic_league,6502,21459,Jeonbuk Hyundai Motors,Gangwon Football Club,1,2
2026-07-04,4803452,RSK1,2025,domestic_league,6499,35759,Foundation Coorperation Hana Financial Group Inc. Football Club,Bucheon Football Club 1995,2,2
2026-07-04,4803453,RSK1,2025,domestic_league,38898,311,Football Club Anyang,Football Club Pohang Steelers,2,3
2026-07-05,4802732,SE1,2025,domestic_league,801,272,Idrottsföreningen Kamraterna Göteborg,Allmänna Idrottsklubben,1,2
2026-07-05,4802734,SE1,2025,domestic_league,1101,1059,Idrottsföreningen Elfsborg,Hammarby IF,1,2
2026-07-05,4802738,SE1,2025,domestic_league,3654,1118,Kalmar Fotbollförening,Örgryte IS,3,0
2026-07-05,4803454,RSK1,2025,domestic_league,6500,2996,Football Club Seoul,Incheon United Football Club,1,0
2026-07-05,4803455,RSK1,2025,domestic_league,6505,19684,Gimcheon Sangmu Football Club,Jeju SK Football Club,1,1
2026-07-05,4803456,RSK1,2025,domestic_league,30925,3535,Gwangju Football Club,Ulsan Hyundai Football Club,1,1
2026-07-06,4802733,SE1,2025,domestic_league,1109,1044,BK Häcken,Djurgårdens Idrottsförening,2,4
2026-07-06,4802735,SE1,2025,domestic_league,1092,7009,Idrottsföreningen  Brommapojkarna,Göteborgs Atlet- och Idrottssällskap,1,1
