{
  "schema_version": "V4.8.0-direct-categorical-total-research-r1",
  "generated_at_utc": "2026-07-20T10:40:07.327662+00:00",
  "competition_id": "BRA_SerieA",
  "formal_weight": 0,
  "automatic_promotion": false,
  "status": "KEEP_RESEARCH_WEIGHT_0",
  "target_live_season": "2026",
  "live_candidate": {
    "id": "D0_identity",
    "half_life_days": 120.0,
    "league_prior": 8.0,
    "team_prior": 8.0,
    "venue_weight": 0.5,
    "signal_weight": 0.0
  },
  "live_selection_predictions": 1357,
  "outer_predictions": 1153,
  "outer_folds": 4,
  "confidence_intervals": {
    "total_rps": {
      "count": 1153,
      "blocks": 58,
      "mean_difference": 2.5312218351980748e-17,
      "ci95_lower": -8.244826234477799e-19,
      "ci95_upper": 5.685086840924165e-17
    },
    "joint_log": {
      "count": 1153,
      "blocks": 58,
      "mean_difference": -4.972412575164188e-16,
      "ci95_lower": -7.266390488160842e-16,
      "ci95_upper": -2.944504543571067e-16
    },
    "one_x_two_brier": {
      "count": 1153,
      "blocks": 58,
      "mean_difference": 5.982012611000681e-18,
      "ci95_lower": -1.8144188895536346e-17,
      "ci95_upper": 3.866126378930003e-17
    },
    "one_x_two_rps": {
      "count": 1153,
      "blocks": 58,
      "mean_difference": 4.68811652310818e-18,
      "ci95_lower": -9.263842811261291e-18,
      "ci95_upper": 2.1887907310069896e-17
    }
  },
  "tail_brier_differences": {
    "tail4plus_brier_diff": 5.527343543836595e-17,
    "tail5plus_brier_diff": 3.068038258639987e-17,
    "tail7plus_brier_diff": -3.691998430797597e-18
  },
  "score_coverage": {
    "current_top1": 0.1448395490026019,
    "candidate_top1": 0.1448395490026019,
    "current_top3": 0.35732870771899394,
    "candidate_top3": 0.35732870771899394,
    "current_top5": 0.5299219427580225,
    "candidate_top5": 0.5299219427580225,
    "current_score80": 0.8274067649609714,
    "candidate_score80": 0.8274067649609714,
    "current_score90": 0.9176062445793582,
    "candidate_score90": 0.9176062445793582
  },
  "peak_diagnostics": {
    "current_mode3_rate": 0.0008673026886383347,
    "candidate_mode3_rate": 0.0008673026886383347,
    "current_unique_peak_buckets": [
      1,
      2,
      3
    ],
    "candidate_unique_peak_buckets": [
      1,
      2,
      3
    ],
    "current_weak_peak_rate": 0.10667823070251518,
    "candidate_weak_peak_rate": 0.10667823070251518,
    "current_total_top1_accuracy": 0.26019080659150046,
    "candidate_total_top1_accuracy": 0.26019080659150046,
    "note": "diagnostic only; no candidate is selected or promoted for reducing mode-3 frequency or increasing visual diversity"
  },
  "checks": {
    "minimum_outer_predictions": true,
    "minimum_outer_folds": true,
    "total_rps_ci_improves_champion": false,
    "joint_log_noninferior": true,
    "one_x_two_brier_noninferior": true,
    "one_x_two_rps_noninferior": true,
    "tail4_nonworse": false,
    "tail5_nonworse": false,
    "top1_nonworse": true,
    "top3_nonworse": true,
    "top5_nonworse": true,
    "score80_calibrated": true,
    "score90_calibrated": true,
    "point_in_time_calibration_safe": true,
    "probability_conservation": true
  },
  "folds": [
    {
      "outer_season": "2023",
      "prior_seasons": [
        "2022"
      ],
      "selected_candidate": {
        "id": "D0_identity",
        "half_life_days": 120.0,
        "league_prior": 8.0,
        "team_prior": 8.0,
        "venue_weight": 0.5,
        "signal_weight": 0.0
      },
      "selection_predictions": 339,
      "outer_predictions": 340,
      "mean_total_rps_diff": -1.0204255741040042e-19,
      "mean_joint_log_diff": -7.836868409118752e-18
    },
    {
      "outer_season": "2024",
      "prior_seasons": [
        "2022",
        "2023"
      ],
      "selected_candidate": {
        "id": "D0_identity",
        "half_life_days": 120.0,
        "league_prior": 8.0,
        "team_prior": 8.0,
        "venue_weight": 0.5,
        "signal_weight": 0.0
      },
      "selection_predictions": 679,
      "outer_predictions": 338,
      "mean_total_rps_diff": -1.2728148581131602e-18,
      "mean_joint_log_diff": -2.430665793558035e-17
    },
    {
      "outer_season": "2025",
      "prior_seasons": [
        "2022",
        "2023",
        "2024"
      ],
      "selected_candidate": {
        "id": "D0_identity",
        "half_life_days": 120.0,
        "league_prior": 8.0,
        "team_prior": 8.0,
        "venue_weight": 0.5,
        "signal_weight": 0.0
      },
      "selection_predictions": 1017,
      "outer_predictions": 340,
      "mean_total_rps_diff": 8.687903337921492e-17,
      "mean_joint_log_diff": -1.651620017221777e-15
    },
    {
      "outer_season": "2026",
      "prior_seasons": [
        "2022",
        "2023",
        "2024",
        "2025"
      ],
      "selected_candidate": {
        "id": "D0_identity",
        "half_life_days": 120.0,
        "league_prior": 8.0,
        "team_prior": 8.0,
        "venue_weight": 0.5,
        "signal_weight": 0.0
      },
      "selection_predictions": 1357,
      "outer_predictions": 135,
      "mean_total_rps_diff": 8.223874256482641e-19,
      "mean_joint_log_diff": -6.579099405186113e-18
    }
  ],
  "policy": "Research only. This is not a registered V4.7 formal module. Passing only permits a second-stage candidate-specific OOF recalibration review and a future complete CURRENT upgrade; it never auto-promotes."
}
