{
  "schema_version": "V4.8.0-direct-categorical-total-research-r1",
  "generated_at_utc": "2026-07-20T10:37:22.394940+00:00",
  "competition_id": "ESP_LaLiga",
  "formal_weight": 0,
  "automatic_promotion": false,
  "status": "KEEP_RESEARCH_WEIGHT_0",
  "target_live_season": "2025/26",
  "live_candidate": {
    "id": "D0_identity",
    "half_life_days": 120.0,
    "league_prior": 8.0,
    "team_prior": 8.0,
    "venue_weight": 0.5,
    "signal_weight": 0.0
  },
  "live_selection_predictions": 1339,
  "outer_predictions": 1004,
  "outer_folds": 3,
  "confidence_intervals": {
    "total_rps": {
      "count": 1004,
      "blocks": 51,
      "mean_difference": 3.1722632488978264e-18,
      "ci95_lower": -7.404224067088383e-18,
      "ci95_upper": 1.32319897613122e-17
    },
    "joint_log": {
      "count": 1004,
      "blocks": 51,
      "mean_difference": -4.082612955095695e-16,
      "ci95_lower": -5.195047579371499e-16,
      "ci95_upper": -3.087876762327225e-16
    },
    "one_x_two_brier": {
      "count": 1004,
      "blocks": 51,
      "mean_difference": -1.0657145816558711e-17,
      "ci95_lower": -2.334862524667797e-17,
      "ci95_upper": 1.7312609540686697e-18
    },
    "one_x_two_rps": {
      "count": 1004,
      "blocks": 51,
      "mean_difference": -2.259978393005641e-18,
      "ci95_lower": -9.238090891908234e-18,
      "ci95_upper": 4.8613807590248245e-18
    }
  },
  "tail_brier_differences": {
    "tail4plus_brier_diff": -4.167483091689302e-18,
    "tail5plus_brier_diff": 8.102143485781119e-18,
    "tail7plus_brier_diff": 5.348759964416707e-18
  },
  "score_coverage": {
    "current_top1": 0.150398406374502,
    "candidate_top1": 0.150398406374502,
    "current_top3": 0.37749003984063745,
    "candidate_top3": 0.37749003984063745,
    "current_top5": 0.5298804780876494,
    "candidate_top5": 0.5298804780876494,
    "current_score80": 0.796812749003984,
    "candidate_score80": 0.796812749003984,
    "current_score90": 0.9093625498007968,
    "candidate_score90": 0.9093625498007968
  },
  "peak_diagnostics": {
    "current_mode3_rate": 0.0,
    "candidate_mode3_rate": 0.0,
    "current_unique_peak_buckets": [
      1,
      2
    ],
    "candidate_unique_peak_buckets": [
      1,
      2
    ],
    "current_weak_peak_rate": 0.16135458167330677,
    "candidate_weak_peak_rate": 0.16135458167330677,
    "current_total_top1_accuracy": 0.250996015936255,
    "candidate_total_top1_accuracy": 0.250996015936255,
    "note": "diagnostic only; no candidate is selected or promoted for reducing mode-3 frequency or increasing visual diversity"
  },
  "checks": {
    "minimum_outer_predictions": true,
    "minimum_outer_folds": true,
    "total_rps_ci_improves_champion": false,
    "joint_log_noninferior": true,
    "one_x_two_brier_noninferior": true,
    "one_x_two_rps_noninferior": true,
    "tail4_nonworse": true,
    "tail5_nonworse": false,
    "top1_nonworse": true,
    "top3_nonworse": true,
    "top5_nonworse": true,
    "score80_calibrated": true,
    "score90_calibrated": true,
    "point_in_time_calibration_safe": true,
    "probability_conservation": true
  },
  "folds": [
    {
      "outer_season": "2023/24",
      "prior_seasons": [
        "2022/23"
      ],
      "selected_candidate": {
        "id": "D0_identity",
        "half_life_days": 120.0,
        "league_prior": 8.0,
        "team_prior": 8.0,
        "venue_weight": 0.5,
        "signal_weight": 0.0
      },
      "selection_predictions": 335,
      "outer_predictions": 334,
      "mean_total_rps_diff": -1.3711586756223865e-18,
      "mean_joint_log_diff": -4.121786079446689e-17
    },
    {
      "outer_season": "2024/25",
      "prior_seasons": [
        "2022/23",
        "2023/24"
      ],
      "selected_candidate": {
        "id": "D0_identity",
        "half_life_days": 120.0,
        "league_prior": 8.0,
        "team_prior": 8.0,
        "venue_weight": 0.5,
        "signal_weight": 0.0
      },
      "selection_predictions": 669,
      "outer_predictions": 336,
      "mean_total_rps_diff": 6.7736821442903894e-18,
      "mean_joint_log_diff": -4.176553283113684e-16
    },
    {
      "outer_season": "2025/26",
      "prior_seasons": [
        "2022/23",
        "2023/24",
        "2024/25"
      ],
      "selected_candidate": {
        "id": "D0_identity",
        "half_life_days": 120.0,
        "league_prior": 8.0,
        "team_prior": 8.0,
        "venue_weight": 0.5,
        "signal_weight": 0.0
      },
      "selection_predictions": 1005,
      "outer_predictions": 334,
      "mean_total_rps_diff": 4.0927008954183356e-18,
      "mean_joint_log_diff": -7.658544457294493e-16
    }
  ],
  "policy": "Research only. This is not a registered V4.7 formal module. Passing only permits a second-stage candidate-specific OOF recalibration review and a future complete CURRENT upgrade; it never auto-promotes."
}
