{
  "schema_version": "V4.8.0-direct-categorical-total-research-r1",
  "generated_at_utc": "2026-07-20T10:35:28.134369+00:00",
  "competition_id": "FRA_Ligue1",
  "formal_weight": 0,
  "automatic_promotion": false,
  "status": "KEEP_RESEARCH_WEIGHT_0",
  "target_live_season": "2025/26",
  "live_candidate": {
    "id": "D0_identity",
    "half_life_days": 120.0,
    "league_prior": 8.0,
    "team_prior": 8.0,
    "venue_weight": 0.5,
    "signal_weight": 0.0
  },
  "live_selection_predictions": 1142,
  "outer_predictions": 802,
  "outer_folds": 3,
  "confidence_intervals": {
    "total_rps": {
      "count": 802,
      "blocks": 42,
      "mean_difference": 2.6821160975202504e-19,
      "ci95_lower": -1.7996133815619744e-18,
      "ci95_upper": 2.348824551451801e-18
    },
    "joint_log": {
      "count": 802,
      "blocks": 42,
      "mean_difference": -2.1318496981580313e-17,
      "ci95_lower": -4.3635631316113116e-17,
      "ci95_upper": -1.423362852083534e-18
    },
    "one_x_two_brier": {
      "count": 802,
      "blocks": 42,
      "mean_difference": -2.526380324115849e-18,
      "ci95_lower": -8.537560636670169e-18,
      "ci95_upper": 3.0347005279987388e-18
    },
    "one_x_two_rps": {
      "count": 802,
      "blocks": 42,
      "mean_difference": 1.5140977969872382e-18,
      "ci95_lower": -1.9947188863811934e-18,
      "ci95_upper": 4.74994108883425e-18
    }
  },
  "tail_brier_differences": {
    "tail4plus_brier_diff": -4.3259937056778234e-20,
    "tail5plus_brier_diff": 1.0609499563174862e-18,
    "tail7plus_brier_diff": 1.2116162058480465e-19
  },
  "score_coverage": {
    "current_top1": 0.09850374064837905,
    "candidate_top1": 0.09850374064837905,
    "current_top3": 0.2967581047381546,
    "candidate_top3": 0.2967581047381546,
    "current_top5": 0.4488778054862843,
    "candidate_top5": 0.4488778054862843,
    "current_score80": 0.8154613466334164,
    "candidate_score80": 0.8154613466334164,
    "current_score90": 0.9251870324189526,
    "candidate_score90": 0.9251870324189526
  },
  "peak_diagnostics": {
    "current_mode3_rate": 0.10349127182044887,
    "candidate_mode3_rate": 0.10349127182044887,
    "current_unique_peak_buckets": [
      2,
      3
    ],
    "candidate_unique_peak_buckets": [
      2,
      3
    ],
    "current_weak_peak_rate": 0.46758104738154616,
    "candidate_weak_peak_rate": 0.46758104738154616,
    "current_total_top1_accuracy": 0.22693266832917705,
    "candidate_total_top1_accuracy": 0.22693266832917705,
    "note": "diagnostic only; no candidate is selected or promoted for reducing mode-3 frequency or increasing visual diversity"
  },
  "checks": {
    "minimum_outer_predictions": true,
    "minimum_outer_folds": true,
    "total_rps_ci_improves_champion": false,
    "joint_log_noninferior": true,
    "one_x_two_brier_noninferior": true,
    "one_x_two_rps_noninferior": true,
    "tail4_nonworse": true,
    "tail5_nonworse": false,
    "top1_nonworse": true,
    "top3_nonworse": true,
    "top5_nonworse": true,
    "score80_calibrated": true,
    "score90_calibrated": true,
    "point_in_time_calibration_safe": true,
    "probability_conservation": true
  },
  "folds": [
    {
      "outer_season": "2023/24",
      "prior_seasons": [
        "2022/23"
      ],
      "selected_candidate": {
        "id": "D0_identity",
        "half_life_days": 120.0,
        "league_prior": 8.0,
        "team_prior": 8.0,
        "venue_weight": 0.5,
        "signal_weight": 0.0
      },
      "selection_predictions": 340,
      "outer_predictions": 266,
      "mean_total_rps_diff": -1.0956148269327202e-18,
      "mean_joint_log_diff": -2.0034099692484027e-17
    },
    {
      "outer_season": "2024/25",
      "prior_seasons": [
        "2022/23",
        "2023/24"
      ],
      "selected_candidate": {
        "id": "D0_identity",
        "half_life_days": 120.0,
        "league_prior": 8.0,
        "team_prior": 8.0,
        "venue_weight": 0.5,
        "signal_weight": 0.0
      },
      "selection_predictions": 606,
      "outer_predictions": 268,
      "mean_total_rps_diff": 1.9936374276151365e-18,
      "mean_joint_log_diff": -1.9884591485823698e-17
    },
    {
      "outer_season": "2025/26",
      "prior_seasons": [
        "2022/23",
        "2023/24",
        "2024/25"
      ],
      "selected_candidate": {
        "id": "D0_identity",
        "half_life_days": 120.0,
        "league_prior": 8.0,
        "team_prior": 8.0,
        "venue_weight": 0.5,
        "signal_weight": 0.0
      },
      "selection_predictions": 874,
      "outer_predictions": 268,
      "mean_total_rps_diff": -1.0356558065533176e-19,
      "mean_joint_log_diff": -2.4027214712036968e-17
    }
  ],
  "policy": "Research only. This is not a registered V4.7 formal module. Passing only permits a second-stage candidate-specific OOF recalibration review and a future complete CURRENT upgrade; it never auto-promotes."
}
