{
  "schema_version": "V4.8.0-direct-categorical-total-research-r1",
  "generated_at_utc": "2026-07-20T10:35:22.726200+00:00",
  "competition_id": "GER_Bundesliga",
  "formal_weight": 0,
  "automatic_promotion": false,
  "status": "KEEP_RESEARCH_WEIGHT_0",
  "target_live_season": "2025/26",
  "live_candidate": {
    "id": "D0_identity",
    "half_life_days": 120.0,
    "league_prior": 8.0,
    "team_prior": 8.0,
    "venue_weight": 0.5,
    "signal_weight": 0.0
  },
  "live_selection_predictions": 1076,
  "outer_predictions": 806,
  "outer_folds": 3,
  "confidence_intervals": {
    "total_rps": {
      "count": 806,
      "blocks": 42,
      "mean_difference": 4.132343764113486e-19,
      "ci95_lower": -1.6844416360934214e-18,
      "ci95_upper": 2.28782371469405e-18
    },
    "joint_log": {
      "count": 806,
      "blocks": 42,
      "mean_difference": -7.713708359678507e-18,
      "ci95_lower": -2.9498679398252953e-17,
      "ci95_upper": 1.174543250233163e-17
    },
    "one_x_two_brier": {
      "count": 806,
      "blocks": 42,
      "mean_difference": 1.2741393272683249e-18,
      "ci95_lower": -5.802204682484773e-18,
      "ci95_upper": 8.161378934124135e-18
    },
    "one_x_two_rps": {
      "count": 806,
      "blocks": 42,
      "mean_difference": -2.238352872228138e-19,
      "ci95_lower": -4.375645782687767e-18,
      "ci95_upper": 4.609168655977023e-18
    }
  },
  "tail_brier_differences": {
    "tail4plus_brier_diff": -1.4635384164568595e-18,
    "tail5plus_brier_diff": -2.9270768329137193e-19,
    "tail7plus_brier_diff": -7.226220931255744e-19
  },
  "score_coverage": {
    "current_top1": 0.10918114143920596,
    "candidate_top1": 0.10918114143920596,
    "current_top3": 0.27667493796526055,
    "candidate_top3": 0.27667493796526055,
    "current_top5": 0.3933002481389578,
    "candidate_top5": 0.3933002481389578,
    "current_score80": 0.8486352357320099,
    "candidate_score80": 0.8486352357320099,
    "current_score90": 0.924317617866005,
    "candidate_score90": 0.924317617866005
  },
  "peak_diagnostics": {
    "current_mode3_rate": 0.7555831265508685,
    "candidate_mode3_rate": 0.7555831265508685,
    "current_unique_peak_buckets": [
      2,
      3
    ],
    "candidate_unique_peak_buckets": [
      2,
      3
    ],
    "current_weak_peak_rate": 0.7878411910669976,
    "candidate_weak_peak_rate": 0.7878411910669976,
    "current_total_top1_accuracy": 0.22208436724565755,
    "candidate_total_top1_accuracy": 0.22208436724565755,
    "note": "diagnostic only; no candidate is selected or promoted for reducing mode-3 frequency or increasing visual diversity"
  },
  "checks": {
    "minimum_outer_predictions": true,
    "minimum_outer_folds": true,
    "total_rps_ci_improves_champion": false,
    "joint_log_noninferior": true,
    "one_x_two_brier_noninferior": true,
    "one_x_two_rps_noninferior": true,
    "tail4_nonworse": true,
    "tail5_nonworse": true,
    "top1_nonworse": true,
    "top3_nonworse": true,
    "top5_nonworse": true,
    "score80_calibrated": false,
    "score90_calibrated": true,
    "point_in_time_calibration_safe": true,
    "probability_conservation": true
  },
  "folds": [
    {
      "outer_season": "2023/24",
      "prior_seasons": [
        "2022/23"
      ],
      "selected_candidate": {
        "id": "D0_identity",
        "half_life_days": 120.0,
        "league_prior": 8.0,
        "team_prior": 8.0,
        "venue_weight": 0.5,
        "signal_weight": 0.0
      },
      "selection_predictions": 270,
      "outer_predictions": 270,
      "mean_total_rps_diff": 1.1307827102663632e-18,
      "mean_joint_log_diff": -2.4671622769447922e-17
    },
    {
      "outer_season": "2024/25",
      "prior_seasons": [
        "2022/23",
        "2023/24"
      ],
      "selected_candidate": {
        "id": "D0_identity",
        "half_life_days": 120.0,
        "league_prior": 8.0,
        "team_prior": 8.0,
        "venue_weight": 0.5,
        "signal_weight": 0.0
      },
      "selection_predictions": 540,
      "outer_predictions": 268,
      "mean_total_rps_diff": 1.9936374276151365e-18,
      "mean_joint_log_diff": 1.6570492904853082e-18
    },
    {
      "outer_season": "2025/26",
      "prior_seasons": [
        "2022/23",
        "2023/24",
        "2024/25"
      ],
      "selected_candidate": {
        "id": "D0_identity",
        "half_life_days": 120.0,
        "league_prior": 8.0,
        "team_prior": 8.0,
        "venue_weight": 0.5,
        "signal_weight": 0.0
      },
      "selection_predictions": 808,
      "outer_predictions": 268,
      "mean_total_rps_diff": -1.890071846959805e-18,
      "mean_joint_log_diff": 0.0
    }
  ],
  "policy": "Research only. This is not a registered V4.7 formal module. Passing only permits a second-stage candidate-specific OOF recalibration review and a future complete CURRENT upgrade; it never auto-promotes."
}
