{
  "schema_version": "V4.8.0-direct-categorical-total-research-r1",
  "generated_at_utc": "2026-07-20T10:39:05.939367+00:00",
  "competition_id": "JPN_J1",
  "formal_weight": 0,
  "automatic_promotion": false,
  "status": "KEEP_RESEARCH_WEIGHT_0",
  "target_live_season": "2025",
  "live_candidate": {
    "id": "D0_identity",
    "half_life_days": 120.0,
    "league_prior": 8.0,
    "team_prior": 8.0,
    "venue_weight": 0.5,
    "signal_weight": 0.0
  },
  "live_selection_predictions": 1200,
  "outer_predictions": 935,
  "outer_folds": 3,
  "confidence_intervals": {
    "total_rps": {
      "count": 935,
      "blocks": 48,
      "mean_difference": -8.38604289990927e-19,
      "ci95_lower": -2.586247244528258e-18,
      "ci95_upper": 7.659817945871615e-19
    },
    "joint_log": {
      "count": 935,
      "blocks": 48,
      "mean_difference": -1.3536409070296026e-17,
      "ci95_lower": -2.862014241783433e-17,
      "ci95_upper": 9.290569243725159e-19
    },
    "one_x_two_brier": {
      "count": 935,
      "blocks": 48,
      "mean_difference": -5.343319369853695e-19,
      "ci95_lower": -6.560408781875925e-18,
      "ci95_upper": 4.43485827771462e-18
    },
    "one_x_two_rps": {
      "count": 935,
      "blocks": 48,
      "mean_difference": 6.085447060111153e-19,
      "ci95_lower": -3.7835076451549534e-18,
      "ci95_upper": 5.288928903955347e-18
    }
  },
  "tail_brier_differences": {
    "tail4plus_brier_diff": 2.820085222978339e-18,
    "tail5plus_brier_diff": 1.0746936614540807e-18,
    "tail7plus_brier_diff": -2.9584007207182174e-19
  },
  "score_coverage": {
    "current_top1": 0.1144385026737968,
    "candidate_top1": 0.1144385026737968,
    "current_top3": 0.31016042780748665,
    "candidate_top3": 0.31016042780748665,
    "current_top5": 0.49518716577540106,
    "candidate_top5": 0.49518716577540106,
    "current_score80": 0.8106951871657754,
    "candidate_score80": 0.8106951871657754,
    "current_score90": 0.9048128342245989,
    "candidate_score90": 0.9048128342245989
  },
  "peak_diagnostics": {
    "current_mode3_rate": 0.0,
    "candidate_mode3_rate": 0.0,
    "current_unique_peak_buckets": [
      1,
      2
    ],
    "candidate_unique_peak_buckets": [
      1,
      2
    ],
    "current_weak_peak_rate": 0.23636363636363636,
    "candidate_weak_peak_rate": 0.23636363636363636,
    "current_total_top1_accuracy": 0.22032085561497325,
    "candidate_total_top1_accuracy": 0.22032085561497325,
    "note": "diagnostic only; no candidate is selected or promoted for reducing mode-3 frequency or increasing visual diversity"
  },
  "checks": {
    "minimum_outer_predictions": true,
    "minimum_outer_folds": true,
    "total_rps_ci_improves_champion": false,
    "joint_log_noninferior": true,
    "one_x_two_brier_noninferior": true,
    "one_x_two_rps_noninferior": true,
    "tail4_nonworse": false,
    "tail5_nonworse": false,
    "top1_nonworse": true,
    "top3_nonworse": true,
    "top5_nonworse": true,
    "score80_calibrated": true,
    "score90_calibrated": true,
    "point_in_time_calibration_safe": true,
    "probability_conservation": true
  },
  "folds": [
    {
      "outer_season": "2023",
      "prior_seasons": [
        "2022"
      ],
      "selected_candidate": {
        "id": "D0_identity",
        "half_life_days": 120.0,
        "league_prior": 8.0,
        "team_prior": 8.0,
        "venue_weight": 0.5,
        "signal_weight": 0.0
      },
      "selection_predictions": 265,
      "outer_predictions": 266,
      "mean_total_rps_diff": -1.3043033653960955e-19,
      "mean_joint_log_diff": -2.6712132923312036e-17
    },
    {
      "outer_season": "2024",
      "prior_seasons": [
        "2022",
        "2023"
      ],
      "selected_candidate": {
        "id": "D0_identity",
        "half_life_days": 120.0,
        "league_prior": 8.0,
        "team_prior": 8.0,
        "venue_weight": 0.5,
        "signal_weight": 0.0
      },
      "selection_predictions": 531,
      "outer_predictions": 336,
      "mean_total_rps_diff": -1.2390881971262908e-18,
      "mean_joint_log_diff": -1.586032892321652e-17
    },
    {
      "outer_season": "2025",
      "prior_seasons": [
        "2022",
        "2023",
        "2024"
      ],
      "selected_candidate": {
        "id": "D0_identity",
        "half_life_days": 120.0,
        "league_prior": 8.0,
        "team_prior": 8.0,
        "venue_weight": 0.5,
        "signal_weight": 0.0
      },
      "selection_predictions": 867,
      "outer_predictions": 333,
      "mean_total_rps_diff": -1.0002009230857266e-18,
      "mean_joint_log_diff": -6.668006153904844e-19
    }
  ],
  "policy": "Research only. This is not a registered V4.7 formal module. Passing only permits a second-stage candidate-specific OOF recalibration review and a future complete CURRENT upgrade; it never auto-promotes."
}
