{
  "schema_version": "V4.8.0-direct-categorical-total-research-r1",
  "generated_at_utc": "2026-07-20T10:37:23.568167+00:00",
  "competition_id": "NED_Eredivisie",
  "formal_weight": 0,
  "automatic_promotion": false,
  "status": "KEEP_RESEARCH_WEIGHT_0",
  "target_live_season": "2025/26",
  "live_candidate": {
    "id": "D0_identity",
    "half_life_days": 120.0,
    "league_prior": 8.0,
    "team_prior": 8.0,
    "venue_weight": 0.5,
    "signal_weight": 0.0
  },
  "live_selection_predictions": 1065,
  "outer_predictions": 797,
  "outer_folds": 3,
  "confidence_intervals": {
    "total_rps": {
      "count": 797,
      "blocks": 42,
      "mean_difference": -1.3277055462306805e-17,
      "ci95_lower": -4.738444174527781e-17,
      "ci95_upper": 2.3946526713351797e-17
    },
    "joint_log": {
      "count": 797,
      "blocks": 42,
      "mean_difference": -9.149240684740312e-16,
      "ci95_lower": -1.2682886755887381e-15,
      "ci95_upper": -6.20410696374995e-16
    },
    "one_x_two_brier": {
      "count": 797,
      "blocks": 42,
      "mean_difference": -5.321269703975029e-17,
      "ci95_lower": -9.765916407468409e-17,
      "ci95_upper": -8.459981483827779e-18
    },
    "one_x_two_rps": {
      "count": 797,
      "blocks": 42,
      "mean_difference": -1.1109195258953103e-17,
      "ci95_lower": -2.499177889119129e-17,
      "ci95_upper": 3.118504174483274e-18
    }
  },
  "tail_brier_differences": {
    "tail4plus_brier_diff": -3.8133444540920526e-18,
    "tail5plus_brier_diff": -1.2621908955068386e-17,
    "tail7plus_brier_diff": -1.1085627125153465e-17
  },
  "score_coverage": {
    "current_top1": 0.13174404015056462,
    "candidate_top1": 0.13174404015056462,
    "current_top3": 0.2823086574654956,
    "candidate_top3": 0.2823086574654956,
    "current_top5": 0.43036386449184444,
    "candidate_top5": 0.43036386449184444,
    "current_score80": 0.8318695106649937,
    "candidate_score80": 0.8318695106649937,
    "current_score90": 0.9134253450439147,
    "candidate_score90": 0.9134253450439147
  },
  "peak_diagnostics": {
    "current_mode3_rate": 0.6010037641154329,
    "candidate_mode3_rate": 0.6010037641154329,
    "current_unique_peak_buckets": [
      2,
      3
    ],
    "candidate_unique_peak_buckets": [
      2,
      3
    ],
    "current_weak_peak_rate": 0.7202007528230866,
    "candidate_weak_peak_rate": 0.7202007528230866,
    "current_total_top1_accuracy": 0.2534504391468005,
    "candidate_total_top1_accuracy": 0.2534504391468005,
    "note": "diagnostic only; no candidate is selected or promoted for reducing mode-3 frequency or increasing visual diversity"
  },
  "checks": {
    "minimum_outer_predictions": true,
    "minimum_outer_folds": true,
    "total_rps_ci_improves_champion": false,
    "joint_log_noninferior": true,
    "one_x_two_brier_noninferior": true,
    "one_x_two_rps_noninferior": true,
    "tail4_nonworse": true,
    "tail5_nonworse": true,
    "top1_nonworse": true,
    "top3_nonworse": true,
    "top5_nonworse": true,
    "score80_calibrated": true,
    "score90_calibrated": true,
    "point_in_time_calibration_safe": true,
    "probability_conservation": true
  },
  "folds": [
    {
      "outer_season": "2023/24",
      "prior_seasons": [
        "2022/23"
      ],
      "selected_candidate": {
        "id": "D0_identity",
        "half_life_days": 120.0,
        "league_prior": 8.0,
        "team_prior": 8.0,
        "venue_weight": 0.5,
        "signal_weight": 0.0
      },
      "selection_predictions": 268,
      "outer_predictions": 266,
      "mean_total_rps_diff": -3.756393692340755e-18,
      "mean_joint_log_diff": -3.672918276955405e-17
    },
    {
      "outer_season": "2024/25",
      "prior_seasons": [
        "2022/23",
        "2023/24"
      ],
      "selected_candidate": {
        "id": "D0_identity",
        "half_life_days": 120.0,
        "league_prior": 8.0,
        "team_prior": 8.0,
        "venue_weight": 0.5,
        "signal_weight": 0.0
      },
      "selection_predictions": 534,
      "outer_predictions": 266,
      "mean_total_rps_diff": -2.3399202375205956e-17,
      "mean_joint_log_diff": -1.328928612934774e-15
    },
    {
      "outer_season": "2025/26",
      "prior_seasons": [
        "2022/23",
        "2023/24",
        "2024/25"
      ],
      "selected_candidate": {
        "id": "D0_identity",
        "half_life_days": 120.0,
        "league_prior": 8.0,
        "team_prior": 8.0,
        "venue_weight": 0.5,
        "signal_weight": 0.0
      },
      "selection_predictions": 800,
      "outer_predictions": 265,
      "mean_total_rps_diff": -1.2673300564117353e-17,
      "mean_joint_log_diff": -1.3808660713828363e-15
    }
  ],
  "policy": "Research only. This is not a registered V4.7 formal module. Passing only permits a second-stage candidate-specific OOF recalibration review and a future complete CURRENT upgrade; it never auto-promotes."
}
