{
  "schema_version": "V4.8.0-direct-categorical-total-research-r1",
  "generated_at_utc": "2026-07-20T10:38:38.951152+00:00",
  "competition_id": "NOR_Eliteserien",
  "formal_weight": 0,
  "automatic_promotion": false,
  "status": "KEEP_RESEARCH_WEIGHT_0",
  "target_live_season": "2026",
  "live_candidate": {
    "id": "D0_identity",
    "half_life_days": 120.0,
    "league_prior": 8.0,
    "team_prior": 8.0,
    "venue_weight": 0.5,
    "signal_weight": 0.0
  },
  "live_selection_predictions": 822,
  "outer_predictions": 674,
  "outer_folds": 4,
  "confidence_intervals": {
    "total_rps": {
      "count": 674,
      "blocks": 36,
      "mean_difference": 4.3224985081520605e-16,
      "ci95_lower": -8.309597350160251e-16,
      "ci95_upper": 1.7266331943913412e-15
    },
    "joint_log": {
      "count": 674,
      "blocks": 36,
      "mean_difference": -2.9688747339219544e-14,
      "ci95_lower": -4.3741773267925576e-14,
      "ci95_upper": -1.8752646967026017e-14
    },
    "one_x_two_brier": {
      "count": 674,
      "blocks": 36,
      "mean_difference": -9.983359341983557e-16,
      "ci95_lower": -2.700686289439391e-15,
      "ci95_upper": 5.890349936205691e-16
    },
    "one_x_two_rps": {
      "count": 674,
      "blocks": 36,
      "mean_difference": -2.493986718429564e-16,
      "ci95_lower": -7.347663336938275e-16,
      "ci95_upper": 1.7817065982849128e-16
    }
  },
  "tail_brier_differences": {
    "tail4plus_brier_diff": 5.5522475835552035e-16,
    "tail5plus_brier_diff": 1.2694237970384287e-15,
    "tail7plus_brier_diff": 1.9939776903424276e-16
  },
  "score_coverage": {
    "current_top1": 0.09050445103857567,
    "candidate_top1": 0.09050445103857567,
    "current_top3": 0.2774480712166172,
    "candidate_top3": 0.2774480712166172,
    "current_top5": 0.4050445103857567,
    "candidate_top5": 0.4050445103857567,
    "current_score80": 0.7908011869436202,
    "candidate_score80": 0.7908011869436202,
    "current_score90": 0.9020771513353115,
    "candidate_score90": 0.9020771513353115
  },
  "peak_diagnostics": {
    "current_mode3_rate": 0.33382789317507416,
    "candidate_mode3_rate": 0.33382789317507416,
    "current_unique_peak_buckets": [
      2,
      3
    ],
    "candidate_unique_peak_buckets": [
      2,
      3
    ],
    "current_weak_peak_rate": 0.7908011869436202,
    "candidate_weak_peak_rate": 0.7908011869436202,
    "current_total_top1_accuracy": 0.19732937685459942,
    "candidate_total_top1_accuracy": 0.19732937685459942,
    "note": "diagnostic only; no candidate is selected or promoted for reducing mode-3 frequency or increasing visual diversity"
  },
  "checks": {
    "minimum_outer_predictions": true,
    "minimum_outer_folds": true,
    "total_rps_ci_improves_champion": false,
    "joint_log_noninferior": true,
    "one_x_two_brier_noninferior": true,
    "one_x_two_rps_noninferior": true,
    "tail4_nonworse": false,
    "tail5_nonworse": false,
    "top1_nonworse": true,
    "top3_nonworse": true,
    "top5_nonworse": true,
    "score80_calibrated": true,
    "score90_calibrated": true,
    "point_in_time_calibration_safe": true,
    "probability_conservation": true
  },
  "folds": [
    {
      "outer_season": "2023",
      "prior_seasons": [
        "2022"
      ],
      "selected_candidate": {
        "id": "D0_identity",
        "half_life_days": 120.0,
        "league_prior": 8.0,
        "team_prior": 8.0,
        "venue_weight": 0.5,
        "signal_weight": 0.0
      },
      "selection_predictions": 206,
      "outer_predictions": 208,
      "mean_total_rps_diff": -2.335204679199548e-19,
      "mean_joint_log_diff": -1.4945309946877107e-17
    },
    {
      "outer_season": "2024",
      "prior_seasons": [
        "2022",
        "2023"
      ],
      "selected_candidate": {
        "id": "D0_identity",
        "half_life_days": 120.0,
        "league_prior": 8.0,
        "team_prior": 8.0,
        "venue_weight": 0.5,
        "signal_weight": 0.0
      },
      "selection_predictions": 414,
      "outer_predictions": 203,
      "mean_total_rps_diff": 8.070651426854856e-16,
      "mean_joint_log_diff": -4.7675054927401054e-14
    },
    {
      "outer_season": "2025",
      "prior_seasons": [
        "2022",
        "2023",
        "2024"
      ],
      "selected_candidate": {
        "id": "D0_identity",
        "half_life_days": 120.0,
        "league_prior": 8.0,
        "team_prior": 8.0,
        "venue_weight": 0.5,
        "signal_weight": 0.0
      },
      "selection_predictions": 617,
      "outer_predictions": 205,
      "mean_total_rps_diff": -3.3915959471780696e-17,
      "mean_joint_log_diff": -3.371611932734817e-14
    },
    {
      "outer_season": "2026",
      "prior_seasons": [
        "2022",
        "2023",
        "2024",
        "2025"
      ],
      "selected_candidate": {
        "id": "D0_identity",
        "half_life_days": 120.0,
        "league_prior": 8.0,
        "team_prior": 8.0,
        "venue_weight": 0.5,
        "signal_weight": 0.0
      },
      "selection_predictions": 822,
      "outer_predictions": 58,
      "mean_total_rps_diff": 2.3190261971265123e-15,
      "mean_joint_log_diff": -5.891838741027986e-14
    }
  ],
  "policy": "Research only. This is not a registered V4.7 formal module. Passing only permits a second-stage candidate-specific OOF recalibration review and a future complete CURRENT upgrade; it never auto-promotes."
}
