{
  "schema_version": "V4.8.0-direct-categorical-total-research-r1",
  "generated_at_utc": "2026-07-20T10:37:02.989407+00:00",
  "competition_id": "POR_PrimeiraLiga",
  "formal_weight": 0,
  "automatic_promotion": false,
  "status": "KEEP_RESEARCH_WEIGHT_0",
  "target_live_season": "2025/26",
  "live_candidate": {
    "id": "D0_identity",
    "half_life_days": 120.0,
    "league_prior": 8.0,
    "team_prior": 8.0,
    "venue_weight": 0.5,
    "signal_weight": 0.0
  },
  "live_selection_predictions": 1079,
  "outer_predictions": 809,
  "outer_folds": 3,
  "confidence_intervals": {
    "total_rps": {
      "count": 809,
      "blocks": 42,
      "mean_difference": 1.1133107895267716e-17,
      "ci95_lower": -1.7481844090820088e-17,
      "ci95_upper": 3.9650822308041306e-17
    },
    "joint_log": {
      "count": 809,
      "blocks": 42,
      "mean_difference": -1.0531336824441843e-15,
      "ci95_lower": -1.3503313333300715e-15,
      "ci95_upper": -7.768853311340425e-16
    },
    "one_x_two_brier": {
      "count": 809,
      "blocks": 42,
      "mean_difference": -6.707311536286097e-17,
      "ci95_lower": -1.0756588222001869e-16,
      "ci95_upper": -3.105578125285308e-17
    },
    "one_x_two_rps": {
      "count": 809,
      "blocks": 42,
      "mean_difference": -2.712086838585248e-17,
      "ci95_lower": -5.049190056472595e-17,
      "ci95_upper": -6.454007341947446e-18
    }
  },
  "tail_brier_differences": {
    "tail4plus_brier_diff": 7.666234080732115e-17,
    "tail5plus_brier_diff": -2.777380200567317e-17,
    "tail7plus_brier_diff": -1.6067086330159268e-17
  },
  "score_coverage": {
    "current_top1": 0.12484548825710753,
    "candidate_top1": 0.12484548825710753,
    "current_top3": 0.33127317676143386,
    "candidate_top3": 0.33127317676143386,
    "current_top5": 0.484548825710754,
    "candidate_top5": 0.484548825710754,
    "current_score80": 0.8220024721878862,
    "candidate_score80": 0.8220024721878862,
    "current_score90": 0.9184177997527813,
    "candidate_score90": 0.9184177997527813
  },
  "peak_diagnostics": {
    "current_mode3_rate": 0.07663782447466007,
    "candidate_mode3_rate": 0.07663782447466007,
    "current_unique_peak_buckets": [
      1,
      2,
      3
    ],
    "candidate_unique_peak_buckets": [
      1,
      2,
      3
    ],
    "current_weak_peak_rate": 0.34857849196538937,
    "candidate_weak_peak_rate": 0.34857849196538937,
    "current_total_top1_accuracy": 0.21013597033374537,
    "candidate_total_top1_accuracy": 0.21013597033374537,
    "note": "diagnostic only; no candidate is selected or promoted for reducing mode-3 frequency or increasing visual diversity"
  },
  "checks": {
    "minimum_outer_predictions": true,
    "minimum_outer_folds": true,
    "total_rps_ci_improves_champion": false,
    "joint_log_noninferior": true,
    "one_x_two_brier_noninferior": true,
    "one_x_two_rps_noninferior": true,
    "tail4_nonworse": false,
    "tail5_nonworse": true,
    "top1_nonworse": true,
    "top3_nonworse": true,
    "top5_nonworse": true,
    "score80_calibrated": true,
    "score90_calibrated": true,
    "point_in_time_calibration_safe": true,
    "probability_conservation": true
  },
  "folds": [
    {
      "outer_season": "2023/24",
      "prior_seasons": [
        "2022/23"
      ],
      "selected_candidate": {
        "id": "D0_identity",
        "half_life_days": 120.0,
        "league_prior": 8.0,
        "team_prior": 8.0,
        "venue_weight": 0.5,
        "signal_weight": 0.0
      },
      "selection_predictions": 270,
      "outer_predictions": 270,
      "mean_total_rps_diff": 2.6984587404083666e-18,
      "mean_joint_log_diff": -2.7138785046392715e-17
    },
    {
      "outer_season": "2024/25",
      "prior_seasons": [
        "2022/23",
        "2023/24"
      ],
      "selected_candidate": {
        "id": "D0_identity",
        "half_life_days": 120.0,
        "league_prior": 8.0,
        "team_prior": 8.0,
        "venue_weight": 0.5,
        "signal_weight": 0.0
      },
      "selection_predictions": 540,
      "outer_predictions": 270,
      "mean_total_rps_diff": 1.8580815898240466e-17,
      "mean_joint_log_diff": -1.5715823704138326e-15
    },
    {
      "outer_season": "2025/26",
      "prior_seasons": [
        "2022/23",
        "2023/24",
        "2024/25"
      ],
      "selected_candidate": {
        "id": "D0_identity",
        "half_life_days": 120.0,
        "league_prior": 8.0,
        "team_prior": 8.0,
        "venue_weight": 0.5,
        "signal_weight": 0.0
      },
      "selection_predictions": 810,
      "outer_predictions": 269,
      "mean_total_rps_diff": 1.2123717973369507e-17,
      "mean_joint_log_diff": -1.56256668075496e-15
    }
  ],
  "policy": "Research only. This is not a registered V4.7 formal module. Passing only permits a second-stage candidate-specific OOF recalibration review and a future complete CURRENT upgrade; it never auto-promotes."
}
