{
  "schema_version": "V4.8.0-direct-categorical-total-research-r1",
  "generated_at_utc": "2026-07-20T10:37:57.395421+00:00",
  "competition_id": "SCO_Premiership",
  "formal_weight": 0,
  "automatic_promotion": false,
  "status": "KEEP_RESEARCH_WEIGHT_0",
  "target_live_season": "2025/26",
  "live_candidate": {
    "id": "D0_identity",
    "half_life_days": 120.0,
    "league_prior": 8.0,
    "team_prior": 8.0,
    "venue_weight": 0.5,
    "signal_weight": 0.0
  },
  "live_selection_predictions": 791,
  "outer_predictions": 593,
  "outer_folds": 3,
  "confidence_intervals": {
    "total_rps": {
      "count": 593,
      "blocks": 30,
      "mean_difference": -2.3987744524468495e-18,
      "ci95_lower": -4.829095081773274e-18,
      "ci95_upper": -2.673275708372969e-19
    },
    "joint_log": {
      "count": 593,
      "blocks": 30,
      "mean_difference": -3.4448741404895245e-17,
      "ci95_lower": -4.583661895237533e-17,
      "ci95_upper": -2.3763971095655524e-17
    },
    "one_x_two_brier": {
      "count": 593,
      "blocks": 30,
      "mean_difference": -1.4743686878453807e-18,
      "ci95_lower": -6.869504964868156e-18,
      "ci95_upper": 4.0612255290426926e-18
    },
    "one_x_two_rps": {
      "count": 593,
      "blocks": 30,
      "mean_difference": 2.04773428867414e-18,
      "ci95_lower": -2.1794488492747663e-18,
      "ci95_upper": 6.657111410347544e-18
    }
  },
  "tail_brier_differences": {
    "tail4plus_brier_diff": -9.770617891673753e-19,
    "tail5plus_brier_diff": 6.516183040030924e-19,
    "tail7plus_brier_diff": -2.2029712881810494e-19
  },
  "score_coverage": {
    "current_top1": 0.10118043844856661,
    "candidate_top1": 0.10118043844856661,
    "current_top3": 0.28499156829679595,
    "candidate_top3": 0.28499156829679595,
    "current_top5": 0.44350758853288363,
    "candidate_top5": 0.44350758853288363,
    "current_score80": 0.7976391231028668,
    "candidate_score80": 0.7976391231028668,
    "current_score90": 0.893760539629005,
    "candidate_score90": 0.893760539629005
  },
  "peak_diagnostics": {
    "current_mode3_rate": 0.07082630691399663,
    "candidate_mode3_rate": 0.07082630691399663,
    "current_unique_peak_buckets": [
      1,
      2,
      3
    ],
    "candidate_unique_peak_buckets": [
      1,
      2,
      3
    ],
    "current_weak_peak_rate": 0.40978077571669475,
    "candidate_weak_peak_rate": 0.40978077571669475,
    "current_total_top1_accuracy": 0.2175379426644182,
    "candidate_total_top1_accuracy": 0.2175379426644182,
    "note": "diagnostic only; no candidate is selected or promoted for reducing mode-3 frequency or increasing visual diversity"
  },
  "checks": {
    "minimum_outer_predictions": true,
    "minimum_outer_folds": true,
    "total_rps_ci_improves_champion": true,
    "joint_log_noninferior": true,
    "one_x_two_brier_noninferior": true,
    "one_x_two_rps_noninferior": true,
    "tail4_nonworse": true,
    "tail5_nonworse": false,
    "top1_nonworse": true,
    "top3_nonworse": true,
    "top5_nonworse": true,
    "score80_calibrated": true,
    "score90_calibrated": true,
    "point_in_time_calibration_safe": true,
    "probability_conservation": true
  },
  "folds": [
    {
      "outer_season": "2023/24",
      "prior_seasons": [
        "2022/23"
      ],
      "selected_candidate": {
        "id": "D0_identity",
        "half_life_days": 120.0,
        "league_prior": 8.0,
        "team_prior": 8.0,
        "venue_weight": 0.5,
        "signal_weight": 0.0
      },
      "selection_predictions": 198,
      "outer_predictions": 198,
      "mean_total_rps_diff": -2.0326052849829255e-18,
      "mean_joint_log_diff": -4.9343245538895844e-17
    },
    {
      "outer_season": "2024/25",
      "prior_seasons": [
        "2022/23",
        "2023/24"
      ],
      "selected_candidate": {
        "id": "D0_identity",
        "half_life_days": 120.0,
        "league_prior": 8.0,
        "team_prior": 8.0,
        "venue_weight": 0.5,
        "signal_weight": 0.0
      },
      "selection_predictions": 396,
      "outer_predictions": 198,
      "mean_total_rps_diff": -4.450704675738475e-18,
      "mean_joint_log_diff": -3.140024716111554e-17
    },
    {
      "outer_season": "2025/26",
      "prior_seasons": [
        "2022/23",
        "2023/24",
        "2024/25"
      ],
      "selected_candidate": {
        "id": "D0_identity",
        "half_life_days": 120.0,
        "league_prior": 8.0,
        "team_prior": 8.0,
        "venue_weight": 0.5,
        "signal_weight": 0.0
      },
      "selection_predictions": 594,
      "outer_predictions": 197,
      "mean_total_rps_diff": -7.04456233899211e-19,
      "mean_joint_log_diff": -2.2542599484774752e-17
    }
  ],
  "policy": "Research only. This is not a registered V4.7 formal module. Passing only permits a second-stage candidate-specific OOF recalibration review and a future complete CURRENT upgrade; it never auto-promotes."
}
