{
  "schema_version": "V4.8.0-direct-categorical-total-research-r1",
  "generated_at_utc": "2026-07-20T10:36:48.648836+00:00",
  "competition_id": "SUI_SuperLeague",
  "formal_weight": 0,
  "automatic_promotion": false,
  "status": "KEEP_RESEARCH_WEIGHT_0",
  "target_live_season": "2025/26",
  "live_candidate": {
    "id": "D0_identity",
    "half_life_days": 120.0,
    "league_prior": 8.0,
    "team_prior": 8.0,
    "venue_weight": 0.5,
    "signal_weight": 0.0
  },
  "live_selection_predictions": 737,
  "outer_predictions": 588,
  "outer_folds": 3,
  "confidence_intervals": {
    "total_rps": {
      "count": 588,
      "blocks": 30,
      "mean_difference": -5.664403186863043e-19,
      "ci95_lower": -5.487390587273574e-18,
      "ci95_upper": 4.2536370164362805e-18
    },
    "joint_log": {
      "count": 588,
      "blocks": 30,
      "mean_difference": -1.1102230246251565e-16,
      "ci95_lower": -1.5180600540792956e-16,
      "ci95_upper": -7.651537061605808e-17
    },
    "one_x_two_brier": {
      "count": 588,
      "blocks": 30,
      "mean_difference": -3.4458452720083515e-18,
      "ci95_lower": -1.606401465425098e-17,
      "ci95_upper": 8.496604780294566e-18
    },
    "one_x_two_rps": {
      "count": 588,
      "blocks": 30,
      "mean_difference": -3.740866271324135e-18,
      "ci95_lower": -1.361001170078448e-17,
      "ci95_upper": 6.34481052172339e-18
    }
  },
  "tail_brier_differences": {
    "tail4plus_brier_diff": 7.245715743195643e-18,
    "tail5plus_brier_diff": -4.277804490078861e-18,
    "tail7plus_brier_diff": -3.681908168492122e-18
  },
  "score_coverage": {
    "current_top1": 0.12074829931972789,
    "candidate_top1": 0.12074829931972789,
    "current_top3": 0.3129251700680272,
    "candidate_top3": 0.3129251700680272,
    "current_top5": 0.4642857142857143,
    "candidate_top5": 0.4642857142857143,
    "current_score80": 0.79421768707483,
    "candidate_score80": 0.79421768707483,
    "current_score90": 0.8894557823129252,
    "candidate_score90": 0.8894557823129252
  },
  "peak_diagnostics": {
    "current_mode3_rate": 0.4642857142857143,
    "candidate_mode3_rate": 0.4642857142857143,
    "current_unique_peak_buckets": [
      2,
      3
    ],
    "candidate_unique_peak_buckets": [
      2,
      3
    ],
    "current_weak_peak_rate": 0.6598639455782312,
    "candidate_weak_peak_rate": 0.6598639455782312,
    "current_total_top1_accuracy": 0.26360544217687076,
    "candidate_total_top1_accuracy": 0.26360544217687076,
    "note": "diagnostic only; no candidate is selected or promoted for reducing mode-3 frequency or increasing visual diversity"
  },
  "checks": {
    "minimum_outer_predictions": true,
    "minimum_outer_folds": true,
    "total_rps_ci_improves_champion": false,
    "joint_log_noninferior": true,
    "one_x_two_brier_noninferior": true,
    "one_x_two_rps_noninferior": true,
    "tail4_nonworse": false,
    "tail5_nonworse": true,
    "top1_nonworse": true,
    "top3_nonworse": true,
    "top5_nonworse": true,
    "score80_calibrated": true,
    "score90_calibrated": true,
    "point_in_time_calibration_safe": true,
    "probability_conservation": true
  },
  "folds": [
    {
      "outer_season": "2023/24",
      "prior_seasons": [
        "2022/23"
      ],
      "selected_candidate": {
        "id": "D0_identity",
        "half_life_days": 120.0,
        "league_prior": 8.0,
        "team_prior": 8.0,
        "venue_weight": 0.5,
        "signal_weight": 0.0
      },
      "selection_predictions": 149,
      "outer_predictions": 196,
      "mean_total_rps_diff": -2.0179436353199592e-18,
      "mean_joint_log_diff": -3.172065784643304e-17
    },
    {
      "outer_season": "2024/25",
      "prior_seasons": [
        "2022/23",
        "2023/24"
      ],
      "selected_candidate": {
        "id": "D0_identity",
        "half_life_days": 120.0,
        "league_prior": 8.0,
        "team_prior": 8.0,
        "venue_weight": 0.5,
        "signal_weight": 0.0
      },
      "selection_predictions": 345,
      "outer_predictions": 196,
      "mean_total_rps_diff": 3.327836872282038e-18,
      "mean_joint_log_diff": -1.6540057305640088e-16
    },
    {
      "outer_season": "2025/26",
      "prior_seasons": [
        "2022/23",
        "2023/24",
        "2024/25"
      ],
      "selected_candidate": {
        "id": "D0_identity",
        "half_life_days": 120.0,
        "league_prior": 8.0,
        "team_prior": 8.0,
        "venue_weight": 0.5,
        "signal_weight": 0.0
      },
      "selection_predictions": 541,
      "outer_predictions": 196,
      "mean_total_rps_diff": -3.0092141930209918e-18,
      "mean_joint_log_diff": -1.3594567648471305e-16
    }
  ],
  "policy": "Research only. This is not a registered V4.7 formal module. Passing only permits a second-stage candidate-specific OOF recalibration review and a future complete CURRENT upgrade; it never auto-promotes."
}
