{
  "schema_version": "V4.8.0-direct-categorical-total-research-r1",
  "generated_at_utc": "2026-07-20T10:38:20.580452+00:00",
  "competition_id": "SWE_Allsvenskan",
  "formal_weight": 0,
  "automatic_promotion": false,
  "status": "KEEP_RESEARCH_WEIGHT_0",
  "target_live_season": "2026",
  "live_candidate": {
    "id": "D0_identity",
    "half_life_days": 120.0,
    "league_prior": 8.0,
    "team_prior": 8.0,
    "venue_weight": 0.5,
    "signal_weight": 0.0
  },
  "live_selection_predictions": 830,
  "outer_predictions": 683,
  "outer_folds": 4,
  "confidence_intervals": {
    "total_rps": {
      "count": 683,
      "blocks": 37,
      "mean_difference": -1.0103456220346558e-15,
      "ci95_lower": -2.651474405022527e-15,
      "ci95_upper": 4.120540142305129e-16
    },
    "joint_log": {
      "count": 683,
      "blocks": 37,
      "mean_difference": -2.828906785088803e-14,
      "ci95_lower": -4.663005235711128e-14,
      "ci95_upper": -1.1799462745189829e-14
    },
    "one_x_two_brier": {
      "count": 683,
      "blocks": 37,
      "mean_difference": 6.01296302484119e-16,
      "ci95_lower": -1.3874089964668174e-15,
      "ci95_upper": 2.551448492335871e-15
    },
    "one_x_two_rps": {
      "count": 683,
      "blocks": 37,
      "mean_difference": 2.4995257206124383e-16,
      "ci95_lower": -6.070617887249101e-16,
      "ci95_upper": 1.0670390703851977e-15
    }
  },
  "tail_brier_differences": {
    "tail4plus_brier_diff": -1.7577447550196385e-15,
    "tail5plus_brier_diff": -2.266108898463855e-15,
    "tail7plus_brier_diff": -2.2400823911701184e-15
  },
  "score_coverage": {
    "current_top1": 0.1054172767203514,
    "candidate_top1": 0.1054172767203514,
    "current_top3": 0.27379209370424595,
    "candidate_top3": 0.27379209370424595,
    "current_top5": 0.4465592972181552,
    "candidate_top5": 0.4465592972181552,
    "current_score80": 0.8257686676427526,
    "candidate_score80": 0.8257686676427526,
    "current_score90": 0.9136163982430454,
    "candidate_score90": 0.9136163982430454
  },
  "peak_diagnostics": {
    "current_mode3_rate": 0.232796486090776,
    "candidate_mode3_rate": 0.232796486090776,
    "current_unique_peak_buckets": [
      2,
      3
    ],
    "candidate_unique_peak_buckets": [
      2,
      3
    ],
    "current_weak_peak_rate": 0.5300146412884333,
    "candidate_weak_peak_rate": 0.5300146412884333,
    "current_total_top1_accuracy": 0.24597364568081992,
    "candidate_total_top1_accuracy": 0.24597364568081992,
    "note": "diagnostic only; no candidate is selected or promoted for reducing mode-3 frequency or increasing visual diversity"
  },
  "checks": {
    "minimum_outer_predictions": true,
    "minimum_outer_folds": true,
    "total_rps_ci_improves_champion": false,
    "joint_log_noninferior": true,
    "one_x_two_brier_noninferior": true,
    "one_x_two_rps_noninferior": true,
    "tail4_nonworse": true,
    "tail5_nonworse": true,
    "top1_nonworse": true,
    "top3_nonworse": true,
    "top5_nonworse": true,
    "score80_calibrated": true,
    "score90_calibrated": true,
    "point_in_time_calibration_safe": true,
    "probability_conservation": true
  },
  "folds": [
    {
      "outer_season": "2023",
      "prior_seasons": [
        "2022"
      ],
      "selected_candidate": {
        "id": "D0_identity",
        "half_life_days": 120.0,
        "league_prior": 8.0,
        "team_prior": 8.0,
        "venue_weight": 0.5,
        "signal_weight": 0.0
      },
      "selection_predictions": 208,
      "outer_predictions": 208,
      "mean_total_rps_diff": -8.340016711426957e-19,
      "mean_joint_log_diff": -3.416070845000482e-17
    },
    {
      "outer_season": "2024",
      "prior_seasons": [
        "2022",
        "2023"
      ],
      "selected_candidate": {
        "id": "D0_identity",
        "half_life_days": 120.0,
        "league_prior": 8.0,
        "team_prior": 8.0,
        "venue_weight": 0.5,
        "signal_weight": 0.0
      },
      "selection_predictions": 416,
      "outer_predictions": 206,
      "mean_total_rps_diff": -3.3514520716362013e-15,
      "mean_joint_log_diff": -9.369420018690982e-14
    },
    {
      "outer_season": "2025",
      "prior_seasons": [
        "2022",
        "2023",
        "2024"
      ],
      "selected_candidate": {
        "id": "D0_identity",
        "half_life_days": 120.0,
        "league_prior": 8.0,
        "team_prior": 8.0,
        "venue_weight": 0.5,
        "signal_weight": 0.0
      },
      "selection_predictions": 622,
      "outer_predictions": 208,
      "mean_total_rps_diff": 3.4360868851079065e-18,
      "mean_joint_log_diff": -2.7755575615628914e-17
    },
    {
      "outer_season": "2026",
      "prior_seasons": [
        "2022",
        "2023",
        "2024",
        "2025"
      ],
      "selected_candidate": {
        "id": "D0_identity",
        "half_life_days": 120.0,
        "league_prior": 8.0,
        "team_prior": 8.0,
        "venue_weight": 0.5,
        "signal_weight": 0.0
      },
      "selection_predictions": 830,
      "outer_predictions": 61,
      "mean_total_rps_diff": -3.412570772413391e-18,
      "mean_joint_log_diff": -1.2376256667952564e-16
    }
  ],
  "policy": "Research only. This is not a registered V4.7 formal module. Passing only permits a second-stage candidate-specific OOF recalibration review and a future complete CURRENT upgrade; it never auto-promotes."
}
