{
  "schema_version": "V4.8.0-direct-categorical-total-research-r1",
  "generated_at_utc": "2026-07-20T10:39:46.183284+00:00",
  "competition_id": "UEFA_ChampionsLeague",
  "formal_weight": 0,
  "automatic_promotion": false,
  "status": "KEEP_RESEARCH_WEIGHT_0",
  "target_live_season": "2025/26",
  "live_candidate": {
    "id": "D0_identity",
    "half_life_days": 120.0,
    "league_prior": 8.0,
    "team_prior": 8.0,
    "venue_weight": 0.5,
    "signal_weight": 0.0
  },
  "live_selection_predictions": 342,
  "outer_predictions": 281,
  "outer_folds": 3,
  "confidence_intervals": {
    "total_rps": {
      "count": 281,
      "blocks": 15,
      "mean_difference": 1.4816143567061698e-18,
      "ci95_lower": -2.9537183509875363e-18,
      "ci95_upper": 6.080994293969607e-18
    },
    "joint_log": {
      "count": 281,
      "blocks": 15,
      "mean_difference": 9.482331882919487e-18,
      "ci95_lower": -3.828355257328126e-17,
      "ci95_upper": 5.629299843169808e-17
    },
    "one_x_two_brier": {
      "count": 281,
      "blocks": 15,
      "mean_difference": -8.988460430684097e-18,
      "ci95_lower": -2.2103531126628117e-17,
      "ci95_upper": 4.758098676964957e-18
    },
    "one_x_two_rps": {
      "count": 281,
      "blocks": 15,
      "mean_difference": -6.025231717271757e-18,
      "ci95_lower": -1.4506398405380966e-17,
      "ci95_upper": 2.156683240403598e-18
    }
  },
  "tail_brier_differences": {
    "tail4plus_brier_diff": 4.938714522353899e-20,
    "tail5plus_brier_diff": 5.346158470448096e-18,
    "tail7plus_brier_diff": -8.033127840266265e-19
  },
  "score_coverage": {
    "current_top1": 0.07829181494661921,
    "candidate_top1": 0.07829181494661921,
    "current_top3": 0.23487544483985764,
    "candidate_top3": 0.23487544483985764,
    "current_top5": 0.35587188612099646,
    "candidate_top5": 0.35587188612099646,
    "current_score80": 0.8078291814946619,
    "candidate_score80": 0.8078291814946619,
    "current_score90": 0.9074733096085409,
    "candidate_score90": 0.9074733096085409
  },
  "peak_diagnostics": {
    "current_mode3_rate": 0.6014234875444839,
    "candidate_mode3_rate": 0.6014234875444839,
    "current_unique_peak_buckets": [
      2,
      3
    ],
    "candidate_unique_peak_buckets": [
      2,
      3
    ],
    "current_weak_peak_rate": 0.8434163701067615,
    "candidate_weak_peak_rate": 0.8434163701067615,
    "current_total_top1_accuracy": 0.2099644128113879,
    "candidate_total_top1_accuracy": 0.2099644128113879,
    "note": "diagnostic only; no candidate is selected or promoted for reducing mode-3 frequency or increasing visual diversity"
  },
  "checks": {
    "minimum_outer_predictions": false,
    "minimum_outer_folds": true,
    "total_rps_ci_improves_champion": false,
    "joint_log_noninferior": true,
    "one_x_two_brier_noninferior": true,
    "one_x_two_rps_noninferior": true,
    "tail4_nonworse": false,
    "tail5_nonworse": false,
    "top1_nonworse": true,
    "top3_nonworse": true,
    "top5_nonworse": true,
    "score80_calibrated": true,
    "score90_calibrated": true,
    "point_in_time_calibration_safe": true,
    "probability_conservation": true
  },
  "folds": [
    {
      "outer_season": "2023/24",
      "prior_seasons": [
        "2022/23"
      ],
      "selected_candidate": {
        "id": "D0_identity",
        "half_life_days": 120.0,
        "league_prior": 8.0,
        "team_prior": 8.0,
        "venue_weight": 0.5,
        "signal_weight": 0.0
      },
      "selection_predictions": 61,
      "outer_predictions": 58,
      "mean_total_rps_diff": 2.8712664429960945e-18,
      "mean_joint_log_diff": 1.5313421029312504e-17
    },
    {
      "outer_season": "2024/25",
      "prior_seasons": [
        "2022/23",
        "2023/24"
      ],
      "selected_candidate": {
        "id": "D0_identity",
        "half_life_days": 120.0,
        "league_prior": 8.0,
        "team_prior": 8.0,
        "venue_weight": 0.5,
        "signal_weight": 0.0
      },
      "selection_predictions": 119,
      "outer_predictions": 111,
      "mean_total_rps_diff": -1.8753767307857375e-19,
      "mean_joint_log_diff": 0.0
    },
    {
      "outer_season": "2025/26",
      "prior_seasons": [
        "2022/23",
        "2023/24",
        "2024/25"
      ],
      "selected_candidate": {
        "id": "D0_identity",
        "half_life_days": 120.0,
        "league_prior": 8.0,
        "team_prior": 8.0,
        "venue_weight": 0.5,
        "signal_weight": 0.0
      },
      "selection_predictions": 230,
      "outer_predictions": 112,
      "mean_total_rps_diff": 2.416221984396267e-18,
      "mean_joint_log_diff": 1.586032892321652e-17
    }
  ],
  "policy": "Research only. This is not a registered V4.7 formal module. Passing only permits a second-stage candidate-specific OOF recalibration review and a future complete CURRENT upgrade; it never auto-promotes."
}
