{
  "schema_version": "V4.8.0-direct-categorical-total-research-r1",
  "generated_at_utc": "2026-07-20T10:42:00.472514+00:00",
  "competition_id": "USA_MLS",
  "formal_weight": 0,
  "automatic_promotion": false,
  "status": "KEEP_RESEARCH_WEIGHT_0",
  "target_live_season": "2026",
  "live_candidate": {
    "id": "D0_identity",
    "half_life_days": 120.0,
    "league_prior": 8.0,
    "team_prior": 8.0,
    "venue_weight": 0.5,
    "signal_weight": 0.0
  },
  "live_selection_predictions": 1808,
  "outer_predictions": 1529,
  "outer_folds": 4,
  "confidence_intervals": {
    "total_rps": {
      "count": 1529,
      "blocks": 78,
      "mean_difference": 6.479628983648621e-17,
      "ci95_lower": -2.079711630595985e-16,
      "ci95_upper": 3.190563834826261e-16
    },
    "joint_log": {
      "count": 1529,
      "blocks": 78,
      "mean_difference": -5.672666028503318e-15,
      "ci95_lower": -9.145426305432911e-15,
      "ci95_upper": -2.523047733798542e-15
    },
    "one_x_two_brier": {
      "count": 1529,
      "blocks": 78,
      "mean_difference": 2.147834994663972e-16,
      "ci95_lower": -2.0899616698620975e-17,
      "ci95_upper": 5.340216458014901e-16
    },
    "one_x_two_rps": {
      "count": 1529,
      "blocks": 78,
      "mean_difference": 7.49164555694575e-17,
      "ci95_lower": -4.67486624557316e-17,
      "ci95_upper": 2.1569298719788707e-16
    }
  },
  "tail_brier_differences": {
    "tail4plus_brier_diff": 3.3854450381790406e-16,
    "tail5plus_brier_diff": 9.683081220793364e-17,
    "tail7plus_brier_diff": -2.0277385085643864e-16
  },
  "score_coverage": {
    "current_top1": 0.1026814911706998,
    "candidate_top1": 0.1026814911706998,
    "current_top3": 0.2805755395683453,
    "candidate_top3": 0.2805755395683453,
    "current_top5": 0.42576847612818836,
    "candidate_top5": 0.42576847612818836,
    "current_score80": 0.7998691955526488,
    "candidate_score80": 0.7998691955526488,
    "current_score90": 0.907782864617397,
    "candidate_score90": 0.907782864617397
  },
  "peak_diagnostics": {
    "current_mode3_rate": 0.2603008502289078,
    "candidate_mode3_rate": 0.2603008502289078,
    "current_unique_peak_buckets": [
      2,
      3
    ],
    "candidate_unique_peak_buckets": [
      2,
      3
    ],
    "current_weak_peak_rate": 0.5997383911052976,
    "candidate_weak_peak_rate": 0.5997383911052976,
    "current_total_top1_accuracy": 0.2079790712884238,
    "candidate_total_top1_accuracy": 0.2079790712884238,
    "note": "diagnostic only; no candidate is selected or promoted for reducing mode-3 frequency or increasing visual diversity"
  },
  "checks": {
    "minimum_outer_predictions": true,
    "minimum_outer_folds": true,
    "total_rps_ci_improves_champion": false,
    "joint_log_noninferior": true,
    "one_x_two_brier_noninferior": true,
    "one_x_two_rps_noninferior": true,
    "tail4_nonworse": false,
    "tail5_nonworse": false,
    "top1_nonworse": true,
    "top3_nonworse": true,
    "top5_nonworse": true,
    "score80_calibrated": true,
    "score90_calibrated": true,
    "point_in_time_calibration_safe": true,
    "probability_conservation": true
  },
  "folds": [
    {
      "outer_season": "2023",
      "prior_seasons": [
        "2022"
      ],
      "selected_candidate": {
        "id": "D0_identity",
        "half_life_days": 120.0,
        "league_prior": 8.0,
        "team_prior": 8.0,
        "venue_weight": 0.5,
        "signal_weight": 0.0
      },
      "selection_predictions": 425,
      "outer_predictions": 456,
      "mean_total_rps_diff": 1.521687259628778e-20,
      "mean_joint_log_diff": -4.86939923081209e-17
    },
    {
      "outer_season": "2024",
      "prior_seasons": [
        "2022",
        "2023"
      ],
      "selected_candidate": {
        "id": "D0_identity",
        "half_life_days": 120.0,
        "league_prior": 8.0,
        "team_prior": 8.0,
        "venue_weight": 0.5,
        "signal_weight": 0.0
      },
      "selection_predictions": 881,
      "outer_predictions": 456,
      "mean_total_rps_diff": 3.169370224354819e-16,
      "mean_joint_log_diff": -1.689097205184098e-14
    },
    {
      "outer_season": "2025",
      "prior_seasons": [
        "2022",
        "2023",
        "2024"
      ],
      "selected_candidate": {
        "id": "D0_identity",
        "half_life_days": 120.0,
        "league_prior": 8.0,
        "team_prior": 8.0,
        "venue_weight": 0.5,
        "signal_weight": 0.0
      },
      "selection_predictions": 1337,
      "outer_predictions": 471,
      "mean_total_rps_diff": -3.400205335502735e-17,
      "mean_joint_log_diff": -6.571766014129376e-16
    },
    {
      "outer_season": "2026",
      "prior_seasons": [
        "2022",
        "2023",
        "2024",
        "2025"
      ],
      "selected_candidate": {
        "id": "D0_identity",
        "half_life_days": 120.0,
        "league_prior": 8.0,
        "team_prior": 8.0,
        "venue_weight": 0.5,
        "signal_weight": 0.0
      },
      "selection_predictions": 1808,
      "outer_predictions": 146,
      "mean_total_rps_diff": -2.0165566324848197e-16,
      "mean_joint_log_diff": -4.380057960165001e-15
    }
  ],
  "policy": "Research only. This is not a registered V4.7 formal module. Passing only permits a second-stage candidate-specific OOF recalibration review and a future complete CURRENT upgrade; it never auto-promotes."
}
