date,game_id,competition_id,season,competition_type,home_club_id,away_club_id,home_club_name,away_club_name,home_goals,away_goals
2019-01-27,3146247,GR1,2018,domestic_league,6676,683,A.G.S Asteras Tripolis,Olympiakos Syndesmos Filathlon Peiraios,0,2
2019-01-27,3147858,FAC,2018,domestic_cup,873,148,Crystal Palace,Tottenham Hotspur,2,0
2019-01-27,3147859,FAC,2018,domestic_cup,631,1035,Chelsea FC,Sheffield Wednesday,3,0
2019-01-28,3069564,PO1,2018,domestic_league,1301,2425,CS Marítimo,Rio Ave FC,0,2
2019-01-28,3069565,PO1,2018,domestic_league,979,982,Moreirense FC,CD Nacional,2,1
2019-01-28,3069567,PO1,2018,domestic_league,3349,2420,CD Feirense,Vitória Guimarães SC,1,2
2019-01-28,3069569,PO1,2018,domestic_league,7179,3336,CD Tondela,Desportivo Aves (- 2020),0,2
2019-01-28,3069873,TR1,2018,domestic_league,6890,10484,Basaksehir FK,Kasimpasa,2,0
2019-01-28,3069874,TR1,2018,domestic_league,868,11282,MKE Ankaragücü,Alanyaspor,0,2
2019-01-28,3069877,TR1,2018,domestic_league,36,19789,Fenerbahce,Yeni Malatyaspor,3,2
2019-01-28,3080772,ES1,2018,domestic_league,1108,367,Deportivo Alavés,Rayo Vallecano,0,1
2019-01-28,3081235,IT1,2018,domestic_league,749,252,FC Empoli,Genoa CFC,1,3
2019-01-28,3147860,FAC,2018,domestic_cup,2804,1148,Barnet FC,Brentford FC,3,3
2019-01-29,3050387,GB1,2018,domestic_league,11,603,Arsenal FC,Cardiff City,2,1
2019-01-29,3050389,GB1,2018,domestic_league,931,1237,Fulham FC,Brighton & Hove Albion,4,2
2019-01-29,3050390,GB1,2018,domestic_league,1110,29,Huddersfield Town,Everton FC,0,1
2019-01-29,3050391,GB1,2018,domestic_league,543,379,Wolverhampton Wanderers,West Ham United,3,0
2019-01-29,3050392,GB1,2018,domestic_league,985,1132,Manchester United,Burnley FC,2,2
2019-01-29,3050393,GB1,2018,domestic_league,762,281,Newcastle United,Manchester City,2,1
2019-01-29,3069568,PO1,2018,domestic_league,1075,2423,SC Braga,CD Santa Clara,1,0
2019-01-29,3069570,PO1,2018,domestic_league,7378,3325,Portimonense SC,GD Chaves,0,1
2019-01-29,3069572,PO1,2018,domestic_league,294,2503,SL Benfica,Boavista FC,5,1
2019-01-29,3147776,CIT,2018,domestic_cup,5,6195,AC Milan,SSC Napoli,2,0
2019-01-29,3148387,CDR,2018,domestic_cup,1049,3709,Valencia CF,Getafe CF,3,1
2019-01-29,3148586,SFA,2018,domestic_cup,3012,370,Stenhousemuir FC,Aberdeen FC,1,4
2019-01-29,3148587,SFA,2018,domestic_cup,3001,511,Queen of the South FC,Dundee FC,3,0
2019-01-30,3047736,FR1,2018,domestic_league,995,618,FC Nantes,AS Saint-Étienne,1,1
2019-01-30,3050388,GB1,2018,domestic_league,989,631,AFC Bournemouth,Chelsea FC,4,0
2019-01-30,3050394,GB1,2018,domestic_league,180,873,Southampton FC,Crystal Palace,1,1
2019-01-30,3050395,GB1,2018,domestic_league,31,1003,Liverpool FC,Leicester City,1,1
2019-01-30,3050396,GB1,2018,domestic_league,148,1010,Tottenham Hotspur,Watford FC,2,1
2019-01-30,3069566,PO1,2018,domestic_league,1085,336,Vitória Setúbal FC,Sporting CP,1,1
2019-01-30,3069571,PO1,2018,domestic_league,720,2457,FC Porto,B SAD,3,0
2019-01-30,3080284,SC1,2018,domestic_league,371,2578,Celtic FC,St. Johnstone FC,2,0
2019-01-30,3127442,SFA,2018,domestic_cup,3027,124,Cowdenbeath FC,Rangers FC,1,3
2019-01-30,3130832,GR1,2018,domestic_league,6418,265,Panetolikos Agrinio,Panathinaikos Athlitikos Omilos,0,1
2019-01-30,3130834,GR1,2018,domestic_league,169,6676,Panionios Athens,A.G.S Asteras Tripolis,1,0
2019-01-30,3130835,GR1,2018,domestic_league,2441,2672,Athlitiki Enosi Konstantinoupoleos,APO Levadiakos Football Club,1,0
2019-01-30,3130836,GR1,2018,domestic_league,3999,441,PAS Lamia 1964,Apollon Smyrnis,2,1
2019-01-30,3130837,GR1,2018,domestic_league,683,4603,Olympiakos Syndesmos Filathlon Peiraios,Athlitiki Enosi Larisas,4,0
2019-01-30,3130839,GR1,2018,domestic_league,1091,2671,Panthessalonikios Athlitikos Omilos Konstantinoupoliton,PAS Giannina,2,1
2019-01-30,3147778,CIT,2018,domestic_cup,800,506,Atalanta BC,Juventus FC,3,0
2019-01-30,3147779,CIT,2018,domestic_cup,430,12,ACF Fiorentina,Associazione Sportiva Roma,7,1
2019-01-30,3148384,CDR,2018,domestic_cup,150,714,Real Betis Balompié,RCD Espanyol Barcelona,3,1
2019-01-30,3148385,CDR,2018,domestic_cup,131,368,FC Barcelona,Sevilla FC,6,1
2019-01-31,3130833,GR1,2018,domestic_league,653,3060,Omilos Filathlon Irakliou FC,APS Atromitos Athinon,1,1
2019-01-31,3130838,GR1,2018,domestic_league,128,605,AO Xanthi,Aris Thessalonikis,0,1
2019-01-31,3147777,CIT,2018,domestic_cup,46,398,Inter Milan,Società Sportiva Lazio S.p.A.,4,5
2019-01-31,3148386,CDR,2018,domestic_cup,12321,418,Girona FC,Real Madrid,1,3
2019-02-01,3047744,FR1,2018,domestic_league,1082,417,LOSC Lille,OGC Nice,4,0
2019-02-01,3058592,L1,2018,domestic_league,42,23826,Hannover 96,RB Leipzig,0,3
2019-02-01,3069576,PO1,2018,domestic_league,2425,7179,Rio Ave FC,CD Tondela,2,2
2019-02-01,3069878,TR1,2018,domestic_league,36,1467,Fenerbahce,Göztepe,2,0
2019-02-01,3080339,SC1,2018,domestic_league,2553,43,Kilmarnock FC,Heart of Midlothian FC,1,2
2019-02-01,3080785,ES1,2018,domestic_league,5358,366,SD Huesca,Real Valladolid CF,4,0
2019-02-01,3139971,BE1,2018,domestic_league,29228,172,Royal Excel Mouscron (-2022),Royal Charleroi Sporting Club,3,0
2019-02-01,3141074,NL1,2018,domestic_league,642,132,De Graafschap Doetinchem,NAC Breda,3,0
2019-02-02,3047741,FR1,2018,domestic_league,1420,2969,Angers SCO,Dijon FCO,1,0
2019-02-02,3047746,FR1,2018,domestic_league,162,415,AS Monaco,FC Toulouse,2,1
2019-02-02,3047748,FR1,2018,domestic_league,1421,244,Stade Reims,Olympique Marseille,2,1
2019-02-02,3047749,FR1,2018,domestic_league,273,1416,Stade Rennais FC,Amiens SC,1,0
2019-02-02,3050397,GB1,2018,domestic_league,1237,1010,Brighton & Hove Albion,Watford FC,0,0
2019-02-02,3050398,GB1,2018,domestic_league,1132,180,Burnley FC,Southampton FC,1,1
2019-02-02,3050399,GB1,2018,domestic_league,603,989,Cardiff City,AFC Bournemouth,2,0
2019-02-02,3050400,GB1,2018,domestic_league,631,1110,Chelsea FC,Huddersfield Town,5,0
2019-02-02,3050401,GB1,2018,domestic_league,873,931,Crystal Palace,Fulham FC,2,0
2019-02-02,3050402,GB1,2018,domestic_league,29,543,Everton FC,Wolverhampton Wanderers,1,3
2019-02-02,3050405,GB1,2018,domestic_league,148,762,Tottenham Hotspur,Newcastle United,1,0
2019-02-02,3058585,L1,2018,domestic_league,33,18,FC Schalke 04,Borussia Mönchengladbach,0,2
2019-02-02,3058586,L1,2018,domestic_league,533,38,TSG 1899 Hoffenheim,Fortuna Düsseldorf,1,1
2019-02-02,3058587,L1,2018,domestic_league,15,27,Bayer 04 Leverkusen,Bayern Munich,3,1
2019-02-02,3058589,L1,2018,domestic_league,24,16,Eintracht Frankfurt,Borussia Dortmund,1,1
2019-02-02,3058590,L1,2018,domestic_league,44,82,Hertha BSC,VfL Wolfsburg,0,1
2019-02-02,3058593,L1,2018,domestic_league,4,86,1.FC Nuremberg,SV Werder Bremen,1,1
2019-02-02,3069577,PO1,2018,domestic_league,3325,1301,GD Chaves,CS Marítimo,1,0
2019-02-02,3069580,PO1,2018,domestic_league,3336,1075,Desportivo Aves (- 2020),SC Braga,0,2
2019-02-02,3069581,PO1,2018,domestic_league,2503,3349,Boavista FC,CD Feirense,2,0
2019-02-02,3069879,TR1,2018,domestic_league,10484,2381,Kasimpasa,Sivasspor,1,3
2019-02-02,3069881,TR1,2018,domestic_league,449,868,Trabzonspor,MKE Ankaragücü,1,0
2019-02-02,3069884,TR1,2018,domestic_league,19789,3205,Yeni Malatyaspor,Kayserispor,1,1
2019-02-02,3069885,TR1,2018,domestic_league,11282,141,Alanyaspor,Galatasaray,1,1
2019-02-02,3080337,SC1,2018,domestic_league,2999,511,Hamilton Academical FC,Dundee FC,1,1
2019-02-02,3080338,SC1,2018,domestic_league,903,370,Hibernian FC,Aberdeen FC,1,2
2019-02-02,3080340,SC1,2018,domestic_league,987,1241,Motherwell FC,Livingston FC,3,0
2019-02-02,3080341,SC1,2018,domestic_league,124,465,Rangers FC,St. Mirren FC,4,0
2019-02-02,3080782,ES1,2018,domestic_league,131,1049,FC Barcelona,Valencia CF,2,2
2019-02-02,3080783,ES1,2018,domestic_league,940,368,Celta de Vigo,Sevilla FC,1,0
2019-02-02,3080787,ES1,2018,domestic_league,681,621,Real Sociedad,Athletic Bilbao,2,1
2019-02-02,3080790,ES1,2018,domestic_league,3368,3709,Levante UD,Getafe CF,0,0
2019-02-02,3081244,IT1,2018,domestic_league,749,862,FC Empoli,Chievo Verona,2,2
2019-02-02,3081248,IT1,2018,domestic_league,506,130,Juventus FC,Parma Calcio 1913,3,3
2019-02-02,3081249,IT1,2018,domestic_league,6195,1038,SSC Napoli,UC Sampdoria,3,0
2019-02-02,3139972,BE1,2018,domestic_league,2861,1096,KV Oostende,Royal Antwerp FC,0,2
2019-02-02,3139973,BE1,2018,domestic_league,601,498,KV Kortrijk,KSC Lokeren (- 2020),2,1
2019-02-02,3139974,BE1,2018,domestic_league,3508,520,Zulte Waregem,Cercle Brugge,3,2
2019-02-02,3139975,BE1,2018,domestic_league,28643,1184,SK Beveren,KRC Genk,1,2
2019-02-02,3141068,NL1,2018,domestic_league,403,202,Willem II Tilburg,FC Groningen,1,2
2019-02-02,3141069,NL1,2018,domestic_league,610,1426,Ajax Amsterdam,VVV-Venlo,6,0
2019-02-02,3141075,NL1,2018,domestic_league,499,306,Vitesse Arnhem,SC Heerenveen,2,2
2019-02-02,3141076,NL1,2018,domestic_league,1090,1283,AZ Alkmaar,FC Emmen,5,0
2019-02-02,3148599,GR1,2018,domestic_league,3999,6418,PAS Lamia 1964,Panetolikos Agrinio,0,2
2019-02-02,3148600,GR1,2018,domestic_league,683,169,Olympiakos Syndesmos Filathlon Peiraios,Panionios Athens,4,0
2019-02-03,3047745,FR1,2018,domestic_league,1041,583,Olympique Lyon,Paris Saint-Germain,2,1
2019-02-03,3047747,FR1,2018,domestic_league,1160,969,Nîmes Olympique,Montpellier HSC,1,1
2019-02-03,3050403,GB1,2018,domestic_league,1003,985,Leicester City,Manchester United,0,1
2019-02-03,3050404,GB1,2018,domestic_league,281,11,Manchester City,Arsenal FC,3,1
2019-02-03,3058588,L1,2018,domestic_league,79,60,VfB Stuttgart,SC Freiburg,2,2
2019-02-03,3058591,L1,2018,domestic_league,167,39,FC Augsburg,1.FSV Mainz 05,3,0
2019-02-03,3069573,PO1,2018,domestic_league,2423,7378,CD Santa Clara,Portimonense SC,2,1
2019-02-03,3069574,PO1,2018,domestic_league,2420,720,Vitória Guimarães SC,FC Porto,0,0
2019-02-03,3069575,PO1,2018,domestic_league,982,1085,CD Nacional,Vitória Setúbal FC,0,0
2019-02-03,3069578,PO1,2018,domestic_league,336,294,Sporting CP,SL Benfica,2,4
2019-02-03,3069880,TR1,2018,domestic_league,589,114,Antalyaspor,Beşiktaş Jimnastik Kulübü,2,6
2019-02-03,3069882,TR1,2018,domestic_league,19771,6890,Akhisarspor,Basaksehir FK,0,3
2019-02-03,3069883,TR1,2018,domestic_league,39722,126,Erzurumspor FK,Caykur Rizespor,0,1
2019-02-03,3080342,SC1,2018,domestic_league,2578,371,St. Johnstone FC,Celtic FC,0,2
2019-02-03,3080784,ES1,2018,domestic_league,1533,12321,SD Eibar,Girona FC,3,0
2019-02-03,3080786,ES1,2018,domestic_league,418,1108,Real Madrid,Deportivo Alavés,3,0
2019-02-03,3080788,ES1,2018,domestic_league,150,13,Real Betis Balompié,Atlético de Madrid,1,0
2019-02-03,3080789,ES1,2018,domestic_league,1050,714,Villarreal CF,RCD Espanyol Barcelona,2,2
2019-02-03,3081243,IT1,2018,domestic_league,46,1025,Inter Milan,Bologna Football Club 1909,0,1
2019-02-03,3081245,IT1,2018,domestic_league,410,430,Udinese Calcio,ACF Fiorentina,1,1
2019-02-03,3081247,IT1,2018,domestic_league,12,5,Associazione Sportiva Roma,AC Milan,1,1
2019-02-03,3081250,IT1,2018,domestic_league,252,6574,Genoa CFC,US Sassuolo,1,1
2019-02-03,3081251,IT1,2018,domestic_league,2722,416,SPAL,Torino FC,0,0
2019-02-03,3139976,BE1,2018,domestic_league,2282,157,Club Brugge KV,KAA Gent,1,1
2019-02-03,3139977,BE1,2018,domestic_league,3057,58,Standard Liège,RSC Anderlecht,2,1
2019-02-03,3139978,BE1,2018,domestic_league,475,1245,Sint-Truidense VV,KAS Eupen,4,1
2019-02-03,3141077,NL1,2018,domestic_league,1269,200,PEC Zwolle,FC Utrecht,4,3
2019-02-03,3141078,NL1,2018,domestic_league,383,385,PSV Eindhoven,Fortuna Sittardia Combinatie,5,0
2019-02-03,3141079,NL1,2018,domestic_league,1268,1304,ADO Den Haag,Heracles Almelo,2,0
2019-02-03,3141080,NL1,2018,domestic_league,798,234,Excelsior Rotterdam,Feyenoord Rotterdam,2,1
2019-02-03,3148601,GR1,2018,domestic_league,653,128,Omilos Filathlon Irakliou FC,AO Xanthi,0,0
2019-02-03,3148602,GR1,2018,domestic_league,441,6676,Apollon Smyrnis,A.G.S Asteras Tripolis,0,2
2019-02-03,3148603,GR1,2018,domestic_league,4603,3060,Athlitiki Enosi Larisas,APS Atromitos Athinon,0,1
2019-02-03,3148604,GR1,2018,domestic_league,2672,265,APO Levadiakos Football Club,Panathinaikos Athlitikos Omilos,0,0
2019-02-03,3148605,GR1,2018,domestic_league,605,2671,Aris Thessalonikis,PAS Giannina,1,0
2019-02-03,3148606,GR1,2018,domestic_league,2441,1091,Athlitiki Enosi Konstantinoupoleos,Panthessalonikios Athlitikos Omilos Konstantinoupoliton,1,1
2019-02-04,3050406,GB1,2018,domestic_league,379,31,West Ham United,Liverpool FC,1,1
2019-02-04,3069579,PO1,2018,domestic_league,2457,979,B SAD,Moreirense FC,0,1
2019-02-04,3069886,TR1,2018,domestic_league,20,2293,Bursaspor,Konyaspor,0,0
2019-02-04,3080791,ES1,2018,domestic_league,367,1244,Rayo Vallecano,CD Leganés,1,2
2019-02-04,3081242,IT1,2018,domestic_league,1390,800,Cagliari Calcio,Atalanta BC,0,1
2019-02-04,3081246,IT1,2018,domestic_league,8970,398,Frosinone Calcio,Società Sportiva Lazio S.p.A.,0,1
2019-02-05,3047694,FR1,2018,domestic_league,244,40,Olympique Marseille,FC Girondins Bordeaux,1,0
2019-02-05,3122478,DFB,2018,domestic_cup,41,4,Hamburger SV,1.FC Nuremberg,1,0
2019-02-05,3122479,DFB,2018,domestic_cup,2036,15,1. Fußballclub Heidenheim 1846,Bayer 04 Leverkusen,2,1
2019-02-05,3122483,DFB,2018,domestic_cup,52,127,MSV Duisburg,SC Paderborn 07,1,3
2019-02-05,3122484,DFB,2018,domestic_cup,16,86,Borussia Dortmund,SV Werder Bremen,5,7
2019-02-05,3151381,FAC,2018,domestic_cup,1148,2804,Brentford FC,Barnet FC,3,1
2019-02-05,3151382,FAC,2018,domestic_cup,3716,641,Newport County,Middlesbrough FC,2,0
2019-02-05,3151383,FAC,2018,domestic_cup,1039,1020,Queens Park Rangers,Portsmouth FC,2,0
2019-02-05,3151384,FAC,2018,domestic_cup,543,3054,Wolverhampton Wanderers,Shrewsbury Town,3,2
2019-02-06,3050432,GB1,2018,domestic_league,29,281,Everton FC,Manchester City,0,2
2019-02-06,3080343,SC1,2018,domestic_league,370,124,Aberdeen FC,Rangers FC,2,4
2019-02-06,3080344,SC1,2018,domestic_league,371,903,Celtic FC,Hibernian FC,2,0
2019-02-06,3080345,SC1,2018,domestic_league,511,2553,Dundee FC,Kilmarnock FC,2,2
2019-02-06,3080346,SC1,2018,domestic_league,2999,2578,Hamilton Academical FC,St. Johnstone FC,2,1
2019-02-06,3080347,SC1,2018,domestic_league,43,1241,Heart of Midlothian FC,Livingston FC,0,0
2019-02-06,3080348,SC1,2018,domestic_league,465,987,St. Mirren FC,Motherwell FC,1,2
2019-02-06,3122480,DFB,2018,domestic_cup,33,38,FC Schalke 04,Fortuna Düsseldorf,4,1
2019-02-06,3122481,DFB,2018,domestic_cup,269,167,Holstein Kiel,FC Augsburg,0,1
2019-02-06,3122482,DFB,2018,domestic_cup,44,27,Hertha BSC,Bayern Munich,2,3
2019-02-06,3122485,DFB,2018,domestic_cup,23826,82,RB Leipzig,VfL Wolfsburg,1,0
2019-02-06,3151164,GRP,2018,domestic_cup,3999,683,PAS Lamia 1964,Olympiakos Syndesmos Filathlon Peiraios,3,3
2019-02-06,3151165,GRP,2018,domestic_cup,169,1091,Panionios Athens,Panthessalonikios Athlitikos Omilos Konstantinoupoliton,2,1
2019-02-06,3151385,FAC,2018,domestic_cup,984,1237,West Bromwich Albion,Brighton & Hove Albion,1,3
2019-02-06,3153158,CDR,2018,domestic_cup,131,418,FC Barcelona,Real Madrid,1,1
2019-02-07,3081253,IT1,2018,domestic_league,398,749,Società Sportiva Lazio S.p.A.,FC Empoli,1,0
2019-02-07,3151166,GRP,2018,domestic_cup,5220,6676,GS Ergotelis,A.G.S Asteras Tripolis,0,1
2019-02-07,3151167,GRP,2018,domestic_cup,3060,2441,APS Atromitos Athinon,Athlitiki Enosi Konstantinoupoleos,0,1
2019-02-07,3153157,CDR,2018,domestic_cup,150,1049,Real Betis Balompié,Valencia CF,2,2
2019-02-08,3047752,FR1,2018,domestic_league,2969,244,Dijon FCO,Olympique Marseille,1,2
2019-02-08,3058601,L1,2018,domestic_league,39,15,1.FSV Mainz 05,Bayer 04 Leverkusen,1,5
2019-02-08,3063726,DK1,2018,domestic_league,678,3426,Aarhus GF,Esbjerg fB,2,0
2019-02-08,3069584,PO1,2018,domestic_league,979,720,Moreirense FC,FC Porto,1,1
2019-02-08,3069889,TR1,2018,domestic_league,3205,36,Kayserispor,Fenerbahce,1,0
2019-02-08,3080797,ES1,2018,domestic_league,366,1050,Real Valladolid CF,Villarreal CF,0,0
2019-02-08,3081259,IT1,2018,domestic_league,862,12,Chievo Verona,Associazione Sportiva Roma,0,3
2019-02-08,3139979,BE1,2018,domestic_league,1184,3057,KRC Genk,Standard Liège,2,0
2019-02-08,3141093,NL1,2018,domestic_league,132,1090,NAC Breda,AZ Alkmaar,0,3
2019-02-09,3047751,FR1,2018,domestic_league,1416,1162,Amiens SC,SM Caen,1,0
2019-02-09,3047757,FR1,2018,domestic_league,583,40,Paris Saint-Germain,FC Girondins Bordeaux,1,0
2019-02-09,3047759,FR1,2018,domestic_league,667,1420,RC Strasbourg Alsace,Angers SCO,1,2
2019-02-09,3050407,GB1,2018,domestic_league,1237,1132,Brighton & Hove Albion,Burnley FC,1,3
2019-02-09,3050408,GB1,2018,domestic_league,873,379,Crystal Palace,West Ham United,1,1
2019-02-09,3050409,GB1,2018,domestic_league,931,985,Fulham FC,Manchester United,0,3
2019-02-09,3050410,GB1,2018,domestic_league,1110,11,Huddersfield Town,Arsenal FC,1,2
2019-02-09,3050411,GB1,2018,domestic_league,31,989,Liverpool FC,AFC Bournemouth,3,0
2019-02-09,3050413,GB1,2018,domestic_league,180,603,Southampton FC,Cardiff City,1,2
2019-02-09,3050415,GB1,2018,domestic_league,1010,29,Watford FC,Everton FC,1,0
2019-02-09,3058594,L1,2018,domestic_league,27,33,Bayern Munich,FC Schalke 04,3,1
2019-02-09,3058595,L1,2018,domestic_league,16,533,Borussia Dortmund,TSG 1899 Hoffenheim,3,3
2019-02-09,3058596,L1,2018,domestic_league,23826,24,RB Leipzig,Eintracht Frankfurt,0,0
2019-02-09,3058597,L1,2018,domestic_league,18,44,Borussia Mönchengladbach,Hertha BSC,0,3
2019-02-09,3058599,L1,2018,domestic_league,42,4,Hannover 96,1.FC Nuremberg,2,0
2019-02-09,3058600,L1,2018,domestic_league,60,82,SC Freiburg,VfL Wolfsburg,3,3
2019-02-09,3063731,DK1,2018,domestic_league,443,5817,Vejle Boldklub,Sönderjyske Fodbold,2,0
2019-02-09,3069586,PO1,2018,domestic_league,7378,2425,Portimonense SC,Rio Ave FC,0,1
2019-02-09,3069589,PO1,2018,domestic_league,1301,3336,CS Marítimo,Desportivo Aves (- 2020),0,1
2019-02-09,3069590,PO1,2018,domestic_league,7179,2420,CD Tondela,Vitória Guimarães SC,1,0
2019-02-09,3069887,TR1,2018,domestic_league,6890,39722,Basaksehir FK,Erzurumspor FK,1,1
2019-02-09,3069890,TR1,2018,domestic_league,126,589,Caykur Rizespor,Antalyaspor,1,1
2019-02-09,3069894,TR1,2018,domestic_league,114,20,Beşiktaş Jimnastik Kulübü,Bursaspor,2,0
2019-02-09,3080792,ES1,2018,domestic_league,13,418,Atlético de Madrid,Real Madrid,1,3
2019-02-09,3080795,ES1,2018,domestic_league,714,367,RCD Espanyol Barcelona,Rayo Vallecano,2,1
2019-02-09,3080796,ES1,2018,domestic_league,12321,5358,Girona FC,SD Huesca,0,2
2019-02-09,3080799,ES1,2018,domestic_league,3709,940,Getafe CF,Celta de Vigo,3,1
2019-02-09,3081256,IT1,2018,domestic_league,130,46,Parma Calcio 1913,Inter Milan,0,1
2019-02-09,3081258,IT1,2018,domestic_league,430,6195,ACF Fiorentina,SSC Napoli,0,0
2019-02-09,3139980,BE1,2018,domestic_league,172,2861,Royal Charleroi Sporting Club,KV Oostende,1,1
2019-02-09,3139981,BE1,2018,domestic_league,1245,601,KAS Eupen,KV Kortrijk,0,1
2019-02-09,3139982,BE1,2018,domestic_league,475,28643,Sint-Truidense VV,SK Beveren,2,1
2019-02-09,3139983,BE1,2018,domestic_league,498,1096,KSC Lokeren (- 2020),Royal Antwerp FC,2,1
2019-02-09,3141095,NL1,2018,domestic_league,1304,610,Heracles Almelo,Ajax Amsterdam,1,0
2019-02-09,3141097,NL1,2018,domestic_league,306,1269,SC Heerenveen,PEC Zwolle,1,1
2019-02-09,3141098,NL1,2018,domestic_league,1426,403,VVV-Venlo,Willem II Tilburg,2,1
2019-02-09,3141099,NL1,2018,domestic_league,234,642,Feyenoord Rotterdam,De Graafschap Doetinchem,4,0
2019-02-09,3150468,SFA,2018,domestic_cup,3024,2760,East Fife FC,Partick Thistle FC,0,1
2019-02-09,3150469,SFA,2018,domestic_cup,903,2795,Hibernian FC,Raith Rovers FC,3,1
2019-02-09,3150470,SFA,2018,domestic_cup,465,1519,St. Mirren FC,Dundee United FC,1,2
2019-02-09,3151140,GR1,2018,domestic_league,169,441,Panionios Athens,Apollon Smyrnis,0,1
2019-02-09,3151141,GR1,2018,domestic_league,128,3999,AO Xanthi,PAS Lamia 1964,0,0
2019-02-09,3151142,GR1,2018,domestic_league,2671,265,PAS Giannina,Panathinaikos Athlitikos Omilos,1,0
2019-02-09,3157324,SFA,2018,domestic_cup,2553,124,Kilmarnock FC,Rangers FC,0,0
2019-02-10,3047753,FR1,2018,domestic_league,855,1082,EA Guingamp,LOSC Lille,0,2
2019-02-10,3047754,FR1,2018,domestic_league,969,162,Montpellier HSC,AS Monaco,2,2
2019-02-10,3047755,FR1,2018,domestic_league,995,1160,FC Nantes,Nîmes Olympique,2,4
2019-02-10,3047756,FR1,2018,domestic_league,417,1041,OGC Nice,Olympique Lyon,1,0
2019-02-10,3047758,FR1,2018,domestic_league,273,618,Stade Rennais FC,AS Saint-Étienne,3,0
2019-02-10,3047760,FR1,2018,domestic_league,415,1421,FC Toulouse,Stade Reims,1,1
2019-02-10,3050412,GB1,2018,domestic_league,281,631,Manchester City,Chelsea FC,6,0
2019-02-10,3050414,GB1,2018,domestic_league,148,1003,Tottenham Hotspur,Leicester City,3,1
2019-02-10,3058598,L1,2018,domestic_league,86,167,SV Werder Bremen,FC Augsburg,4,0
2019-02-10,3058602,L1,2018,domestic_league,38,79,Fortuna Düsseldorf,VfB Stuttgart,3,0
2019-02-10,3063725,DK1,2018,domestic_league,1053,5724,Aalborg BK,Randers FC,0,3
2019-02-10,3063727,DK1,2018,domestic_league,5818,2414,Hobro IK,AC Horsens,0,0
2019-02-10,3063728,DK1,2018,domestic_league,190,173,FC Copenhagen,Odense Boldklub,6,1
2019-02-10,3063730,DK1,2018,domestic_league,2778,206,FC Nordsjaelland,Bröndby IF,3,3
2019-02-10,3069582,PO1,2018,domestic_league,1075,3325,SC Braga,GD Chaves,2,1
2019-02-10,3069583,PO1,2018,domestic_league,3349,336,CD Feirense,Sporting CP,1,3
2019-02-10,3069585,PO1,2018,domestic_league,2503,2423,Boavista FC,CD Santa Clara,1,0
2019-02-10,3069587,PO1,2018,domestic_league,294,982,SL Benfica,CD Nacional,10,0
2019-02-10,3069892,TR1,2018,domestic_league,141,449,Galatasaray,Trabzonspor,3,1
2019-02-10,3069893,TR1,2018,domestic_league,1467,11282,Göztepe,Alanyaspor,3,2
2019-02-10,3069895,TR1,2018,domestic_league,2293,19789,Konyaspor,Yeni Malatyaspor,1,1
2019-02-10,3080794,ES1,2018,domestic_league,621,131,Athletic Bilbao,FC Barcelona,0,0
2019-02-10,3080798,ES1,2018,domestic_league,1244,150,CD Leganés,Real Betis Balompié,3,0
2019-02-10,3080800,ES1,2018,domestic_league,368,1533,Sevilla FC,SD Eibar,2,2
2019-02-10,3080801,ES1,2018,domestic_league,1049,681,Valencia CF,Real Sociedad,0,0
2019-02-10,3081252,IT1,2018,domestic_league,5,1390,AC Milan,Cagliari Calcio,3,0
2019-02-10,3081254,IT1,2018,domestic_league,1038,8970,UC Sampdoria,Frosinone Calcio,0,1
2019-02-10,3081255,IT1,2018,domestic_league,1025,252,Bologna Football Club 1909,Genoa CFC,1,1
2019-02-10,3081257,IT1,2018,domestic_league,6574,506,US Sassuolo,Juventus FC,0,3
2019-02-10,3081260,IT1,2018,domestic_league,800,2722,Atalanta BC,SPAL,2,1
2019-02-10,3081261,IT1,2018,domestic_league,416,410,Torino FC,Udinese Calcio,1,0
2019-02-10,3139984,BE1,2018,domestic_league,520,2282,Cercle Brugge,Club Brugge KV,2,2
2019-02-10,3139985,BE1,2018,domestic_league,58,3508,RSC Anderlecht,Zulte Waregem,0,0
2019-02-10,3139986,BE1,2018,domestic_league,157,29228,KAA Gent,Royal Excel Mouscron (-2022),1,2
2019-02-10,3141090,NL1,2018,domestic_league,200,383,FC Utrecht,PSV Eindhoven,2,2
2019-02-10,3141092,NL1,2018,domestic_league,1283,1268,FC Emmen,ADO Den Haag,3,2
2019-02-10,3141094,NL1,2018,domestic_league,202,499,FC Groningen,Vitesse Arnhem,2,1
2019-02-10,3141096,NL1,2018,domestic_league,385,798,Fortuna Sittardia Combinatie,Excelsior Rotterdam,4,1
2019-02-10,3150465,SFA,2018,domestic_cup,43,6567,Heart of Midlothian FC,Auchinleck Talbot FC,4,0
2019-02-10,3150467,SFA,2018,domestic_cup,371,2578,Celtic FC,St. Johnstone FC,5,0
2019-02-10,3151143,GR1,2018,domestic_league,2441,653,Athlitiki Enosi Konstantinoupoleos,Omilos Filathlon Irakliou FC,1,0
2019-02-10,3151144,GR1,2018,domestic_league,3060,2672,APS Atromitos Athinon,APO Levadiakos Football Club,1,0
2019-02-10,3151145,GR1,2018,domestic_league,1091,683,Panthessalonikios Athlitikos Omilos Konstantinoupoliton,Olympiakos Syndesmos Filathlon Peiraios,3,1
2019-02-10,3157325,SFA,2018,domestic_cup,370,3001,Aberdeen FC,Queen of the South FC,4,1
2019-02-11,3050416,GB1,2018,domestic_league,543,762,Wolverhampton Wanderers,Newcastle United,1,1
2019-02-11,3063729,DK1,2018,domestic_league,19657,865,Vendsyssel FF,FC Midtjylland,0,1
2019-02-11,3069588,PO1,2018,domestic_league,1085,2457,Vitória Setúbal FC,B SAD,0,0
2019-02-11,3069888,TR1,2018,domestic_league,868,10484,MKE Ankaragücü,Kasimpasa,3,0
2019-02-11,3069891,TR1,2018,domestic_league,2381,19771,Sivasspor,Akhisarspor,2,1
2019-02-11,3080793,ES1,2018,domestic_league,1108,3368,Deportivo Alavés,Levante UD,2,0
2019-02-11,3150466,SFA,2018,domestic_cup,2759,2451,Ross County FC,Inverness Caledonian Thistle FC,2,2
2019-02-11,3151146,GR1,2018,domestic_league,6418,4603,Panetolikos Agrinio,Athlitiki Enosi Larisas,2,2
2019-02-11,3151147,GR1,2018,domestic_league,6676,605,A.G.S Asteras Tripolis,Aris Thessalonikis,0,3
2019-02-12,3135800,CL,2018,international_cup,12,720,Associazione Sportiva Roma,FC Porto,2,1
2019-02-12,3135801,CL,2018,international_cup,985,583,Manchester United,Paris Saint-Germain,0,2
2019-02-12,3135847,EL,2018,other,36,964,Fenerbahce,AO FK Zenit Sankt-Peterburg,1,0
2019-02-13,3047743,FR1,2018,domestic_league,1162,995,SM Caen,FC Nantes,0,1
2019-02-13,3047750,FR1,2018,domestic_league,618,667,AS Saint-Étienne,RC Strasbourg Alsace,2,1
2019-02-13,3135802,CL,2018,international_cup,610,418,Ajax Amsterdam,Real Madrid,1,2
2019-02-13,3135803,CL,2018,international_cup,148,16,Tottenham Hotspur,Borussia Dortmund,3,0
2019-02-14,3135835,EL,2018,other,941,419,FC Viktoria Plzen,GNK Dinamo Zagreb,2,1
2019-02-14,3135836,EL,2018,other,2282,409,Club Brugge KV,Fußballclub Red Bull Salzburg,2,1
2019-02-14,3135837,EL,2018,other,170,46,Rapid Vienna,Inter Milan,0,1
2019-02-14,3135838,EL,2018,other,62,1184,SK Slavia Prague,KRC Genk,0,0
2019-02-14,3135839,EL,2018,other,16704,15,FK Krasnodar,Bayer 04 Leverkusen,0,0
2019-02-14,3135840,EL,2018,other,260,6195,FC Zürich,SSC Napoli,1,3
2019-02-14,3135841,EL,2018,other,496,631,Malmö Fotbollförening,Chelsea FC,1,2
2019-02-14,3135842,EL,2018,other,660,24,FC Shakhtar Donetsk,Eintracht Frankfurt,2,2
2019-02-14,3135843,EL,2018,other,371,1049,Celtic FC,Valencia CF,0,2
2019-02-14,3135844,EL,2018,other,273,150,Stade Rennais FC,Real Betis Balompié,3,3
2019-02-14,3135845,EL,2018,other,683,338,Olympiakos Syndesmos Filathlon Peiraios,Dynamo Kyiv,2,2
2019-02-14,3135846,EL,2018,other,398,368,Società Sportiva Lazio S.p.A.,Sevilla FC,0,1
2019-02-14,3135848,EL,2018,other,336,1050,Sporting CP,Villarreal CF,0,1
2019-02-14,3135849,EL,2018,other,713,11,BATE Borisov,Arsenal FC,1,0
2019-02-14,3135850,EL,2018,other,141,294,Galatasaray,SL Benfica,1,2
2019-02-15,3047765,FR1,2018,domestic_league,1041,855,Olympique Lyon,EA Guingamp,2,1
2019-02-15,3047768,FR1,2018,domestic_league,1160,2969,Nîmes Olympique,Dijon FCO,2,0
2019-02-15,3058609,L1,2018,domestic_league,167,27,FC Augsburg,Bayern Munich,2,3
2019-02-15,3063735,DK1,2018,domestic_league,5817,678,Sönderjyske Fodbold,Aarhus GF,0,2
2019-02-15,3069597,PO1,2018,domestic_league,2425,2423,Rio Ave FC,CD Santa Clara,1,2
2019-02-15,3069903,TR1,2018,domestic_league,19789,114,Yeni Malatyaspor,Beşiktaş Jimnastik Kulübü,1,2
2019-02-15,3080804,ES1,2018,domestic_league,1533,3709,SD Eibar,Getafe CF,2,2
2019-02-15,3081265,IT1,2018,domestic_league,506,8970,Juventus FC,Frosinone Calcio,3,0
2019-02-15,3139990,BE1,2018,domestic_league,3057,498,Standard Liège,KSC Lokeren (- 2020),3,1
2019-02-15,3141091,NL1,2018,domestic_league,1268,1269,ADO Den Haag,PEC Zwolle,1,0
2019-02-15,3156273,FAC,2018,domestic_cup,1039,1010,Queens Park Rangers,Watford FC,0,1
2019-02-16,3047761,FR1,2018,domestic_league,1420,417,Angers SCO,OGC Nice,3,0
2019-02-16,3047766,FR1,2018,domestic_league,244,1416,Olympique Marseille,Amiens SC,2,0
2019-02-16,3047767,FR1,2018,domestic_league,162,995,AS Monaco,FC Nantes,1,0
2019-02-16,3058603,L1,2018,domestic_league,33,60,FC Schalke 04,SC Freiburg,0,0
2019-02-16,3058604,L1,2018,domestic_league,533,42,TSG 1899 Hoffenheim,Hannover 96,3,0
2019-02-16,3058606,L1,2018,domestic_league,79,23826,VfB Stuttgart,RB Leipzig,1,3
2019-02-16,3058608,L1,2018,domestic_league,44,86,Hertha BSC,SV Werder Bremen,1,1
2019-02-16,3058610,L1,2018,domestic_league,82,39,VfL Wolfsburg,1.FSV Mainz 05,3,0
2019-02-16,3063737,DK1,2018,domestic_league,2778,5818,FC Nordsjaelland,Hobro IK,2,1
2019-02-16,3069591,PO1,2018,domestic_league,2420,7378,Vitória Guimarães SC,Portimonense SC,2,0
2019-02-16,3069593,PO1,2018,domestic_league,720,1085,FC Porto,Vitória Setúbal FC,2,0
2019-02-16,3069599,PO1,2018,domestic_league,982,3349,CD Nacional,CD Feirense,4,0
2019-02-16,3069896,TR1,2018,domestic_league,19771,868,Akhisarspor,MKE Ankaragücü,0,0
2019-02-16,3069902,TR1,2018,domestic_league,20,126,Bursaspor,Caykur Rizespor,0,2
2019-02-16,3069904,TR1,2018,domestic_league,36,2293,Fenerbahce,Konyaspor,1,1
2019-02-16,3080349,SC1,2018,domestic_league,370,465,Aberdeen FC,St. Mirren FC,2,2
2019-02-16,3080350,SC1,2018,domestic_league,903,2999,Hibernian FC,Hamilton Academical FC,2,0
2019-02-16,3080352,SC1,2018,domestic_league,1241,511,Livingston FC,Dundee FC,1,2
2019-02-16,3080354,SC1,2018,domestic_league,124,2578,Rangers FC,St. Johnstone FC,0,0
2019-02-16,3080802,ES1,2018,domestic_league,131,366,FC Barcelona,Real Valladolid CF,1,0
2019-02-16,3080803,ES1,2018,domestic_league,940,3368,Celta de Vigo,Levante UD,1,4
2019-02-16,3080807,ES1,2018,domestic_league,367,13,Rayo Vallecano,Atlético de Madrid,0,1
2019-02-16,3080810,ES1,2018,domestic_league,681,1244,Real Sociedad,CD Leganés,3,0
2019-02-16,3081267,IT1,2018,domestic_league,800,5,Atalanta BC,AC Milan,1,3
2019-02-16,3081268,IT1,2018,domestic_league,1390,130,Cagliari Calcio,Parma Calcio 1913,2,1
2019-02-16,3139991,BE1,2018,domestic_league,601,172,KV Kortrijk,Royal Charleroi Sporting Club,1,2
2019-02-16,3139992,BE1,2018,domestic_league,2861,1245,KV Oostende,KAS Eupen,1,1
2019-02-16,3139993,BE1,2018,domestic_league,3508,475,Zulte Waregem,Sint-Truidense VV,1,1
2019-02-16,3139994,BE1,2018,domestic_league,28643,157,SK Beveren,KAA Gent,2,1
2019-02-16,3141104,NL1,2018,domestic_league,306,383,SC Heerenveen,PSV Eindhoven,2,2
2019-02-16,3141105,NL1,2018,domestic_league,1304,385,Heracles Almelo,Fortuna Sittardia Combinatie,6,0
2019-02-16,3141107,NL1,2018,domestic_league,499,403,Vitesse Arnhem,Willem II Tilburg,3,2
2019-02-16,3141109,NL1,2018,domestic_league,1090,1426,AZ Alkmaar,VVV-Venlo,3,0
2019-02-16,3153480,GR1,2018,domestic_league,265,6676,Panathinaikos Athlitikos Omilos,A.G.S Asteras Tripolis,1,0
2019-02-16,3153481,GR1,2018,domestic_league,2671,3060,PAS Giannina,APS Atromitos Athinon,0,2
2019-02-16,3156268,FAC,2018,domestic_cup,3884,1028,AFC Wimbledon,Millwall FC,0,1
2019-02-16,3156270,FAC,2018,domestic_cup,3716,281,Newport County,Manchester City,1,4
2019-02-16,3156274,FAC,2018,domestic_cup,1237,22,Brighton & Hove Albion,Derby County,2,1
2019-02-17,3047762,FR1,2018,domestic_league,40,415,FC Girondins Bordeaux,FC Toulouse,2,1
2019-02-17,3047763,FR1,2018,domestic_league,1162,667,SM Caen,RC Strasbourg Alsace,0,0
2019-02-17,3047764,FR1,2018,domestic_league,1082,969,LOSC Lille,Montpellier HSC,0,0
2019-02-17,3047769,FR1,2018,domestic_league,1421,273,Stade Reims,Stade Rennais FC,2,0
2019-02-17,3047770,FR1,2018,domestic_league,618,583,AS Saint-Étienne,Paris Saint-Germain,0,1
2019-02-17,3058605,L1,2018,domestic_league,15,38,Bayer 04 Leverkusen,Fortuna Düsseldorf,2,0
2019-02-17,3058607,L1,2018,domestic_league,24,18,Eintracht Frankfurt,Borussia Mönchengladbach,1,1
2019-02-17,3063732,DK1,2018,domestic_league,2414,19657,AC Horsens,Vendsyssel FF,3,0
2019-02-17,3063733,DK1,2018,domestic_league,173,443,Odense Boldklub,Vejle Boldklub,1,0
2019-02-17,3063736,DK1,2018,domestic_league,3426,206,Esbjerg fB,Bröndby IF,2,1
2019-02-17,3063738,DK1,2018,domestic_league,5724,190,Randers FC,FC Copenhagen,0,2
2019-02-17,3069592,PO1,2018,domestic_league,979,7179,Moreirense FC,CD Tondela,2,0
2019-02-17,3069594,PO1,2018,domestic_league,2457,1301,B SAD,CS Marítimo,0,1
2019-02-17,3069596,PO1,2018,domestic_league,3325,2503,GD Chaves,Boavista FC,1,1
2019-02-17,3069598,PO1,2018,domestic_league,336,1075,Sporting CP,SC Braga,3,0
2019-02-17,3069897,TR1,2018,domestic_league,449,11282,Trabzonspor,Alanyaspor,0,2
2019-02-17,3069898,TR1,2018,domestic_league,10484,141,Kasimpasa,Galatasaray,1,4
2019-02-17,3069899,TR1,2018,domestic_league,3205,1467,Kayserispor,Göztepe,2,1
2019-02-17,3069900,TR1,2018,domestic_league,39722,2381,Erzurumspor FK,Sivasspor,4,2
2019-02-17,3080351,SC1,2018,domestic_league,2553,371,Kilmarnock FC,Celtic FC,0,1
2019-02-17,3080353,SC1,2018,domestic_league,987,43,Motherwell FC,Heart of Midlothian FC,2,1
2019-02-17,3080805,ES1,2018,domestic_league,150,1108,Real Betis Balompié,Deportivo Alavés,1,1
2019-02-17,3080808,ES1,2018,domestic_league,1049,714,Valencia CF,RCD Espanyol Barcelona,0,0
2019-02-17,3080809,ES1,2018,domestic_league,418,12321,Real Madrid,Girona FC,1,2
2019-02-17,3080811,ES1,2018,domestic_league,1050,368,Villarreal CF,Sevilla FC,3,0
2019-02-17,3081263,IT1,2018,domestic_league,410,862,Udinese Calcio,Chievo Verona,1,0
2019-02-17,3081264,IT1,2018,domestic_league,2722,430,SPAL,ACF Fiorentina,1,4
2019-02-17,3081266,IT1,2018,domestic_league,252,398,Genoa CFC,Società Sportiva Lazio S.p.A.,2,1
2019-02-17,3081269,IT1,2018,domestic_league,46,1038,Inter Milan,UC Sampdoria,2,1
2019-02-17,3081270,IT1,2018,domestic_league,749,6574,FC Empoli,US Sassuolo,3,0
2019-02-17,3081271,IT1,2018,domestic_league,6195,416,SSC Napoli,Torino FC,0,0
2019-02-17,3139995,BE1,2018,domestic_league,2282,1184,Club Brugge KV,KRC Genk,3,1
2019-02-17,3139996,BE1,2018,domestic_league,1096,58,Royal Antwerp FC,RSC Anderlecht,0,1
2019-02-17,3139997,BE1,2018,domestic_league,29228,520,Royal Excel Mouscron (-2022),Cercle Brugge,3,0
2019-02-17,3141102,NL1,2018,domestic_league,642,200,De Graafschap Doetinchem,FC Utrecht,0,1
2019-02-17,3141103,NL1,2018,domestic_league,202,234,FC Groningen,Feyenoord Rotterdam,1,0
2019-02-17,3141106,NL1,2018,domestic_league,798,1283,Excelsior Rotterdam,FC Emmen,2,1
2019-02-17,3141108,NL1,2018,domestic_league,610,132,Ajax Amsterdam,NAC Breda,5,0
2019-02-17,3153482,GR1,2018,domestic_league,4603,128,Athlitiki Enosi Larisas,AO Xanthi,1,1
2019-02-17,3153483,GR1,2018,domestic_league,2672,6418,APO Levadiakos Football Club,Panetolikos Agrinio,1,0
2019-02-17,3153484,GR1,2018,domestic_league,605,169,Aris Thessalonikis,Panionios Athens,1,1
2019-02-17,3153485,GR1,2018,domestic_league,683,2441,Olympiakos Syndesmos Filathlon Peiraios,Athlitiki Enosi Konstantinoupoleos,4,1
2019-02-17,3156267,FAC,2018,domestic_cup,698,543,Bristol City,Wolverhampton Wanderers,0,1
2019-02-17,3156269,FAC,2018,domestic_cup,2454,873,Doncaster Rovers,Crystal Palace,0,2
2019-02-17,3156272,FAC,2018,domestic_cup,2288,1148,Swansea City,Brentford FC,4,1
2019-02-18,3058611,L1,2018,domestic_league,4,16,1.FC Nuremberg,Borussia Dortmund,0,0
2019-02-18,3063734,DK1,2018,domestic_league,865,1053,FC Midtjylland,Aalborg BK,2,1
2019-02-18,3069595,PO1,2018,domestic_league,3336,294,Desportivo Aves (- 2020),SL Benfica,0,3
2019-02-18,3069901,TR1,2018,domestic_league,589,6890,Antalyaspor,Basaksehir FK,0,1
2019-02-18,3080806,ES1,2018,domestic_league,5358,621,SD Huesca,Athletic Bilbao,0,1
2019-02-18,3081262,IT1,2018,domestic_league,12,1025,Associazione Sportiva Roma,Bologna Football Club 1909,2,1
2019-02-18,3153486,GR1,2018,domestic_league,441,1091,Apollon Smyrnis,Panthessalonikios Athlitikos Omilos Konstantinoupoliton,1,5
2019-02-18,3153487,GR1,2018,domestic_league,653,3999,Omilos Filathlon Irakliou FC,PAS Lamia 1964,1,3
2019-02-18,3156271,FAC,2018,domestic_cup,631,985,Chelsea FC,Manchester United,0,2
2019-02-19,3135804,CL,2018,international_cup,31,27,Liverpool FC,Bayern Munich,0,0
2019-02-19,3135805,CL,2018,international_cup,1041,131,Olympique Lyon,FC Barcelona,0,0
2019-02-19,3158038,SFA,2018,domestic_cup,2451,2759,Inverness Caledonian Thistle FC,Ross County FC,7,6
2019-02-20,3047656,FR1,2018,domestic_league,583,969,Paris Saint-Germain,Montpellier HSC,5,1
2019-02-20,3047742,FR1,2018,domestic_league,40,855,FC Girondins Bordeaux,EA Guingamp,0,0
2019-02-20,3135799,CL,2018,international_cup,13,506,Atlético de Madrid,Juventus FC,2,0
2019-02-20,3135806,CL,2018,international_cup,33,281,FC Schalke 04,Manchester City,2,3
2019-02-20,3135872,EL,2018,other,368,398,Sevilla FC,Società Sportiva Lazio S.p.A.,2,0
2019-02-20,3158039,SFA,2018,domestic_cup,124,2553,Rangers FC,Kilmarnock FC,5,0
2019-02-21,3135861,EL,2018,other,419,941,GNK Dinamo Zagreb,FC Viktoria Plzen,3,0
2019-02-21,3135862,EL,2018,other,409,2282,Fußballclub Red Bull Salzburg,Club Brugge KV,4,0
2019-02-21,3135863,EL,2018,other,46,170,Inter Milan,Rapid Vienna,4,0
2019-02-21,3135864,EL,2018,other,1184,62,KRC Genk,SK Slavia Prague,1,4
2019-02-21,3135865,EL,2018,other,15,16704,Bayer 04 Leverkusen,FK Krasnodar,1,1
2019-02-21,3135866,EL,2018,other,6195,260,SSC Napoli,FC Zürich,2,0
2019-02-21,3135867,EL,2018,other,631,496,Chelsea FC,Malmö Fotbollförening,3,0
2019-02-21,3135868,EL,2018,other,24,660,Eintracht Frankfurt,FC Shakhtar Donetsk,4,1
2019-02-21,3135869,EL,2018,other,1049,371,Valencia CF,Celtic FC,1,0
2019-02-21,3135870,EL,2018,other,150,273,Real Betis Balompié,Stade Rennais FC,1,3
2019-02-21,3135871,EL,2018,other,338,683,Dynamo Kyiv,Olympiakos Syndesmos Filathlon Peiraios,1,0
2019-02-21,3135873,EL,2018,other,964,36,AO FK Zenit Sankt-Peterburg,Fenerbahce,3,1
2019-02-21,3135874,EL,2018,other,1050,336,Villarreal CF,Sporting CP,1,1
2019-02-21,3135875,EL,2018,other,11,713,Arsenal FC,BATE Borisov,3,0
2019-02-21,3135876,EL,2018,other,294,141,SL Benfica,Galatasaray,0,0
2019-02-22,3047772,FR1,2018,domestic_league,2969,618,Dijon FCO,AS Saint-Étienne,0,1
2019-02-22,3047779,FR1,2018,domestic_league,667,1082,RC Strasbourg Alsace,LOSC Lille,1,1
2019-02-22,3050430,GB1,2018,domestic_league,603,1010,Cardiff City,Watford FC,1,5
2019-02-22,3050436,GB1,2018,domestic_league,379,931,West Ham United,Fulham FC,3,1
2019-02-22,3058616,L1,2018,domestic_league,86,79,SV Werder Bremen,VfB Stuttgart,1,1
2019-02-22,3063747,DK1,2018,domestic_league,1053,5817,Aalborg BK,Sönderjyske Fodbold,3,0
2019-02-22,3069605,PO1,2018,domestic_league,7179,720,CD Tondela,FC Porto,0,3
2019-02-22,3069606,PO1,2018,domestic_league,1075,2457,SC Braga,B SAD,0,2
2019-02-22,3069906,TR1,2018,domestic_league,1467,449,Göztepe,Trabzonspor,1,3
2019-02-22,3069907,TR1,2018,domestic_league,126,19789,Caykur Rizespor,Yeni Malatyaspor,3,0
2019-02-22,3080356,SC1,2018,domestic_league,511,903,Dundee FC,Hibernian FC,2,4
2019-02-22,3080815,ES1,2018,domestic_league,714,5358,RCD Espanyol Barcelona,SD Huesca,1,1
2019-02-22,3081274,IT1,2018,domestic_league,5,749,AC Milan,FC Empoli,3,0
2019-02-22,3140007,BE1,2018,domestic_league,157,3057,KAA Gent,Standard Liège,2,1
2019-02-22,3141100,NL1,2018,domestic_league,1426,1304,VVV-Venlo,Heracles Almelo,0,1
2019-02-23,3047771,FR1,2018,domestic_league,1416,417,Amiens SC,OGC Nice,1,0
2019-02-23,3047773,FR1,2018,domestic_league,855,1420,EA Guingamp,Angers SCO,1,0
2019-02-23,3047777,FR1,2018,domestic_league,583,1160,Paris Saint-Germain,Nîmes Olympique,3,0
2019-02-23,3050428,GB1,2018,domestic_league,989,543,AFC Bournemouth,Wolverhampton Wanderers,1,1
2019-02-23,3050429,GB1,2018,domestic_league,1132,148,Burnley FC,Tottenham Hotspur,2,1
2019-02-23,3050433,GB1,2018,domestic_league,1003,873,Leicester City,Crystal Palace,1,4
2019-02-23,3050435,GB1,2018,domestic_league,762,1110,Newcastle United,Huddersfield Town,2,0
2019-02-23,3058612,L1,2018,domestic_league,27,44,Bayern Munich,Hertha BSC,1,0
2019-02-23,3058615,L1,2018,domestic_league,18,82,Borussia Mönchengladbach,VfL Wolfsburg,0,3
2019-02-23,3058618,L1,2018,domestic_league,60,167,SC Freiburg,FC Augsburg,5,1
2019-02-23,3058619,L1,2018,domestic_league,39,33,1.FSV Mainz 05,FC Schalke 04,3,0
2019-02-23,3058620,L1,2018,domestic_league,38,4,Fortuna Düsseldorf,1.FC Nuremberg,2,1
2019-02-23,3063753,DK1,2018,domestic_league,443,2778,Vejle Boldklub,FC Nordsjaelland,1,3
2019-02-23,3069602,PO1,2018,domestic_league,3349,979,CD Feirense,Moreirense FC,1,3
2019-02-23,3069607,PO1,2018,domestic_league,7378,3336,Portimonense SC,Desportivo Aves (- 2020),1,1
2019-02-23,3069608,PO1,2018,domestic_league,1085,2420,Vitória Setúbal FC,Vitória Guimarães SC,1,1
2019-02-23,3069905,TR1,2018,domestic_league,11282,10484,Alanyaspor,Kasimpasa,3,0
2019-02-23,3069908,TR1,2018,domestic_league,2381,589,Sivasspor,Antalyaspor,1,2
2019-02-23,3080358,SC1,2018,domestic_league,43,465,Heart of Midlothian FC,St. Mirren FC,1,1
2019-02-23,3080359,SC1,2018,domestic_league,1241,2553,Livingston FC,Kilmarnock FC,1,0
2019-02-23,3080360,SC1,2018,domestic_league,2578,370,St. Johnstone FC,Aberdeen FC,0,2
2019-02-23,3080812,ES1,2018,domestic_league,1108,940,Deportivo Alavés,Celta de Vigo,0,0
2019-02-23,3080813,ES1,2018,domestic_league,621,1533,Athletic Bilbao,SD Eibar,1,0
2019-02-23,3080816,ES1,2018,domestic_league,3709,367,Getafe CF,Rayo Vallecano,2,1
2019-02-23,3080820,ES1,2018,domestic_league,368,131,Sevilla FC,FC Barcelona,2,4
2019-02-23,3081272,IT1,2018,domestic_league,416,800,Torino FC,Atalanta BC,2,0
2019-02-23,3081279,IT1,2018,domestic_league,8970,12,Frosinone Calcio,Associazione Sportiva Roma,2,3
2019-02-23,3087282,UKR1,2018,domestic_league,18105,6992,PFK Lviv,Chornomorets Odesa,0,1
2019-02-23,3087284,UKR1,2018,domestic_league,6993,23611,FK Mariupol,Olimpik Donetsk,2,1
2019-02-23,3140008,BE1,2018,domestic_league,1245,3508,KAS Eupen,Zulte Waregem,2,3
2019-02-23,3140009,BE1,2018,domestic_league,520,2861,Cercle Brugge,KV Oostende,2,2
2019-02-23,3140010,BE1,2018,domestic_league,28643,601,SK Beveren,KV Kortrijk,2,6
2019-02-23,3140011,BE1,2018,domestic_league,29228,498,Royal Excel Mouscron (-2022),KSC Lokeren (- 2020),1,0
2019-02-23,3141101,NL1,2018,domestic_league,200,798,FC Utrecht,Excelsior Rotterdam,0,0
2019-02-23,3141114,NL1,2018,domestic_league,385,306,Fortuna Sittardia Combinatie,SC Heerenveen,2,4
2019-02-23,3141116,NL1,2018,domestic_league,132,202,NAC Breda,FC Groningen,0,0
2019-02-23,3141119,NL1,2018,domestic_league,1269,642,PEC Zwolle,De Graafschap Doetinchem,0,3
2019-02-23,3153489,GR1,2018,domestic_league,6676,3060,A.G.S Asteras Tripolis,APS Atromitos Athinon,1,1
2019-02-23,3153490,GR1,2018,domestic_league,2441,441,Athlitiki Enosi Konstantinoupoleos,Apollon Smyrnis,2,1
2019-02-24,3047774,FR1,2018,domestic_league,162,1041,AS Monaco,Olympique Lyon,2,0
2019-02-24,3047775,FR1,2018,domestic_league,969,1421,Montpellier HSC,Stade Reims,2,4
2019-02-24,3047776,FR1,2018,domestic_league,995,40,FC Nantes,FC Girondins Bordeaux,1,0
2019-02-24,3047778,FR1,2018,domestic_league,273,244,Stade Rennais FC,Olympique Marseille,1,1
2019-02-24,3047780,FR1,2018,domestic_league,415,1162,FC Toulouse,SM Caen,1,1
2019-02-24,3050427,GB1,2018,domestic_league,11,180,Arsenal FC,Southampton FC,2,0
2019-02-24,3050434,GB1,2018,domestic_league,985,31,Manchester United,Liverpool FC,0,0
2019-02-24,3058613,L1,2018,domestic_league,16,15,Borussia Dortmund,Bayer 04 Leverkusen,3,2
2019-02-24,3058617,L1,2018,domestic_league,42,24,Hannover 96,Eintracht Frankfurt,0,3
2019-02-24,3063748,DK1,2018,domestic_league,678,865,Aarhus GF,FC Midtjylland,1,2
2019-02-24,3063749,DK1,2018,domestic_league,206,5724,Bröndby IF,Randers FC,2,1
2019-02-24,3063750,DK1,2018,domestic_league,5818,3426,Hobro IK,Esbjerg fB,2,0
2019-02-24,3063751,DK1,2018,domestic_league,2414,173,AC Horsens,Odense Boldklub,1,2
2019-02-24,3069600,PO1,2018,domestic_league,2423,982,CD Santa Clara,CD Nacional,2,0
2019-02-24,3069601,PO1,2018,domestic_league,2503,2425,Boavista FC,Rio Ave FC,1,0
2019-02-24,3069909,TR1,2018,domestic_league,868,39722,MKE Ankaragücü,Erzurumspor FK,2,1
2019-02-24,3069910,TR1,2018,domestic_league,141,19771,Galatasaray,Akhisarspor,1,0
2019-02-24,3069911,TR1,2018,domestic_league,2293,3205,Konyaspor,Kayserispor,0,1
2019-02-24,3069913,TR1,2018,domestic_league,6890,20,Basaksehir FK,Bursaspor,3,0
2019-02-24,3080355,SC1,2018,domestic_league,371,987,Celtic FC,Motherwell FC,4,1
2019-02-24,3080357,SC1,2018,domestic_league,2999,124,Hamilton Academical FC,Rangers FC,0,5
2019-02-24,3080814,ES1,2018,domestic_league,13,1050,Atlético de Madrid,Villarreal CF,2,0
2019-02-24,3080818,ES1,2018,domestic_league,1244,1049,CD Leganés,Valencia CF,1,1
2019-02-24,3080819,ES1,2018,domestic_league,3368,418,Levante UD,Real Madrid,1,2
2019-02-24,3080821,ES1,2018,domestic_league,366,150,Real Valladolid CF,Real Betis Balompié,0,2
2019-02-24,3081273,IT1,2018,domestic_league,1038,1390,UC Sampdoria,Cagliari Calcio,1,0
2019-02-24,3081275,IT1,2018,domestic_league,862,252,Chievo Verona,Genoa CFC,0,0
2019-02-24,3081276,IT1,2018,domestic_league,430,46,ACF Fiorentina,Inter Milan,3,3
2019-02-24,3081277,IT1,2018,domestic_league,1025,506,Bologna Football Club 1909,Juventus FC,0,1
2019-02-24,3081278,IT1,2018,domestic_league,130,6195,Parma Calcio 1913,SSC Napoli,0,4
2019-02-24,3081280,IT1,2018,domestic_league,6574,2722,US Sassuolo,SPAL,1,1
2019-02-24,3087279,UKR1,2018,domestic_league,9007,16239,Arsenal Kyiv,Desna Chernigiv,0,2
2019-02-24,3087281,UKR1,2018,domestic_league,2740,2477,Vorskla Poltava,Karpaty Lviv (-2021),0,4
2019-02-24,3121661,RUP,2018,domestic_cup,1083,16704,FK Rostov,FK Krasnodar,1,0
2019-02-24,3140012,BE1,2018,domestic_league,58,2282,RSC Anderlecht,Club Brugge KV,2,2
2019-02-24,3140013,BE1,2018,domestic_league,1184,1096,KRC Genk,Royal Antwerp FC,0,0
2019-02-24,3140014,BE1,2018,domestic_league,475,172,Sint-Truidense VV,Royal Charleroi Sporting Club,3,1
2019-02-24,3141113,NL1,2018,domestic_league,403,1090,Willem II Tilburg,AZ Alkmaar,2,1
2019-02-24,3141115,NL1,2018,domestic_league,1283,499,FC Emmen,Vitesse Arnhem,0,3
2019-02-24,3141117,NL1,2018,domestic_league,1268,610,ADO Den Haag,Ajax Amsterdam,1,5
2019-02-24,3141118,NL1,2018,domestic_league,383,234,PSV Eindhoven,Feyenoord Rotterdam,1,1
2019-02-24,3153488,GR1,2018,domestic_league,128,2672,AO Xanthi,APO Levadiakos Football Club,0,1
2019-02-24,3153491,GR1,2018,domestic_league,169,265,Panionios Athens,Panathinaikos Athlitikos Omilos,2,0
2019-02-24,3153492,GR1,2018,domestic_league,3999,4603,PAS Lamia 1964,Athlitiki Enosi Larisas,2,1
2019-02-24,3153493,GR1,2018,domestic_league,1091,605,Panthessalonikios Athlitikos Omilos Konstantinoupoliton,Aris Thessalonikis,1,1
2019-02-25,3058614,L1,2018,domestic_league,23826,533,RB Leipzig,TSG 1899 Hoffenheim,1,1
2019-02-25,3063752,DK1,2018,domestic_league,190,19657,FC Copenhagen,Vendsyssel FF,1,1
2019-02-25,3069603,PO1,2018,domestic_league,294,3325,SL Benfica,GD Chaves,4,0
2019-02-25,3069604,PO1,2018,domestic_league,1301,336,CS Marítimo,Sporting CP,0,0
2019-02-25,3069912,TR1,2018,domestic_league,114,36,Beşiktaş Jimnastik Kulübü,Fenerbahce,3,3
2019-02-25,3080817,ES1,2018,domestic_league,12321,681,Girona FC,Real Sociedad,0,0
2019-02-25,3087280,UKR1,2018,domestic_league,338,10690,Dynamo Kyiv,Zorya Lugansk,5,0
2019-02-25,3087283,UKR1,2018,domestic_league,660,18303,FC Shakhtar Donetsk,FC Oleksandriya,2,0
2019-02-25,3153494,GR1,2018,domestic_league,683,653,Olympiakos Syndesmos Filathlon Peiraios,Omilos Filathlon Irakliou FC,5,1
2019-02-25,3153495,GR1,2018,domestic_league,6418,2671,Panetolikos Agrinio,PAS Giannina,1,0
2019-02-26,3050438,GB1,2018,domestic_league,603,29,Cardiff City,Everton FC,0,3
2019-02-26,3050439,GB1,2018,domestic_league,1110,543,Huddersfield Town,Wolverhampton Wanderers,1,0
2019-02-26,3050440,GB1,2018,domestic_league,1003,1237,Leicester City,Brighton & Hove Albion,2,1
2019-02-26,3050443,GB1,2018,domestic_league,762,1132,Newcastle United,Burnley FC,2,0
2019-02-26,3151171,GRP,2018,domestic_cup,2441,3060,Athlitiki Enosi Konstantinoupoleos,APS Atromitos Athinon,3,0
2019-02-26,3152983,CIT,2018,domestic_cup,398,5,Società Sportiva Lazio S.p.A.,AC Milan,0,0
2019-02-27,3050437,GB1,2018,domestic_league,11,989,Arsenal FC,AFC Bournemouth,5,1
2019-02-27,3050441,GB1,2018,domestic_league,873,985,Crystal Palace,Manchester United,1,3
2019-02-27,3050442,GB1,2018,domestic_league,631,148,Chelsea FC,Tottenham Hotspur,2,0
2019-02-27,3050444,GB1,2018,domestic_league,180,931,Southampton FC,Fulham FC,2,0
2019-02-27,3050445,GB1,2018,domestic_league,31,1010,Liverpool FC,Watford FC,5,0
2019-02-27,3050446,GB1,2018,domestic_league,281,379,Manchester City,West Ham United,1,0
2019-02-27,3080361,SC1,2018,domestic_league,370,2999,Aberdeen FC,Hamilton Academical FC,0,2
2019-02-27,3080362,SC1,2018,domestic_league,43,371,Heart of Midlothian FC,Celtic FC,1,2
2019-02-27,3080364,SC1,2018,domestic_league,124,511,Rangers FC,Dundee FC,4,0
2019-02-27,3080365,SC1,2018,domestic_league,2578,903,St. Johnstone FC,Hibernian FC,1,2
2019-02-27,3132932,DKP,2018,domestic_cup,173,3426,Odense Boldklub,Esbjerg fB,5,4
2019-02-27,3151158,NLP,2018,domestic_cup,234,610,Feyenoord Rotterdam,Ajax Amsterdam,0,3
2019-02-27,3151169,GRP,2018,domestic_cup,1091,169,Panthessalonikios Athlitikos Omilos Konstantinoupoliton,Panionios Athens,4,2
2019-02-27,3151170,GRP,2018,domestic_cup,6676,5220,A.G.S Asteras Tripolis,GS Ergotelis,4,1
2019-02-27,3152984,CIT,2018,domestic_cup,430,800,ACF Fiorentina,Atalanta BC,3,3
2019-02-27,3153160,CDR,2018,domestic_cup,418,131,Real Madrid,FC Barcelona,0,3
2019-02-28,3132931,DKP,2018,domestic_cup,19657,206,Vendsyssel FF,Bröndby IF,0,2
2019-02-28,3151159,NLP,2018,domestic_cup,403,1090,Willem II Tilburg,AZ Alkmaar,3,2
2019-02-28,3151168,GRP,2018,domestic_cup,683,3999,Olympiakos Syndesmos Filathlon Peiraios,PAS Lamia 1964,0,1
2019-02-28,3153159,CDR,2018,domestic_cup,1049,150,Valencia CF,Real Betis Balompié,1,0
2019-03-01,3058636,L1,2018,domestic_league,167,16,FC Augsburg,Borussia Dortmund,2,1
2019-03-01,3063754,DK1,2018,domestic_league,1053,5818,Aalborg BK,Hobro IK,1,1
2019-03-01,3069614,PO1,2018,domestic_league,3336,2503,Desportivo Aves (- 2020),Boavista FC,2,0
2019-03-01,3069914,TR1,2018,domestic_league,589,868,Antalyaspor,MKE Ankaragücü,2,4
2019-03-01,3080831,ES1,2018,domestic_league,367,12321,Rayo Vallecano,Girona FC,0,2
2019-03-01,3081286,IT1,2018,domestic_league,1390,46,Cagliari Calcio,Inter Milan,2,1
2019-03-01,3133954,RU1,2018,domestic_league,14589,2700,FC Orenburg,Anzhi Makhachkala ( -2022),0,1
2019-03-01,3140015,BE1,2018,domestic_league,3057,29228,Standard Liège,Royal Excel Mouscron (-2022),1,1
2019-03-01,3141125,NL1,2018,domestic_league,642,1268,De Graafschap Doetinchem,ADO Den Haag,1,1
2019-03-02,3047781,FR1,2018,domestic_league,1420,162,Angers SCO,AS Monaco,2,2
2019-03-02,3047783,FR1,2018,domestic_league,1162,583,SM Caen,Paris Saint-Germain,1,2
2019-03-02,3047790,FR1,2018,domestic_league,1421,1416,Stade Reims,Amiens SC,2,2
2019-03-02,3050447,GB1,2018,domestic_league,989,281,AFC Bournemouth,Manchester City,0,1
2019-03-02,3050448,GB1,2018,domestic_league,1237,1110,Brighton & Hove Albion,Huddersfield Town,1,0
2019-03-02,3050449,GB1,2018,domestic_league,1132,873,Burnley FC,Crystal Palace,1,3
2019-03-02,3050452,GB1,2018,domestic_league,985,180,Manchester United,Southampton FC,3,2
2019-03-02,3050453,GB1,2018,domestic_league,148,11,Tottenham Hotspur,Arsenal FC,1,1
2019-03-02,3050455,GB1,2018,domestic_league,379,762,West Ham United,Newcastle United,2,0
2019-03-02,3050456,GB1,2018,domestic_league,543,603,Wolverhampton Wanderers,Cardiff City,2,0
2019-03-02,3058630,L1,2018,domestic_league,33,38,FC Schalke 04,Fortuna Düsseldorf,0,4
2019-03-02,3058631,L1,2018,domestic_league,15,60,Bayer 04 Leverkusen,SC Freiburg,2,0
2019-03-02,3058633,L1,2018,domestic_league,24,533,Eintracht Frankfurt,TSG 1899 Hoffenheim,3,2
2019-03-02,3058634,L1,2018,domestic_league,18,27,Borussia Mönchengladbach,Bayern Munich,1,5
2019-03-02,3058635,L1,2018,domestic_league,44,39,Hertha BSC,1.FSV Mainz 05,2,1
2019-03-02,3058638,L1,2018,domestic_league,4,23826,1.FC Nuremberg,RB Leipzig,0,1
2019-03-02,3063759,DK1,2018,domestic_league,3426,2414,Esbjerg fB,AC Horsens,1,0
2019-03-02,3069611,PO1,2018,domestic_league,979,1085,Moreirense FC,Vitória Setúbal FC,1,1
2019-03-02,3069613,PO1,2018,domestic_league,982,7179,CD Nacional,CD Tondela,3,2
2019-03-02,3069616,PO1,2018,domestic_league,720,294,FC Porto,SL Benfica,1,2
2019-03-02,3069915,TR1,2018,domestic_league,36,126,Fenerbahce,Caykur Rizespor,3,2
2019-03-02,3069917,TR1,2018,domestic_league,20,2381,Bursaspor,Sivasspor,3,2
2019-03-02,3069919,TR1,2018,domestic_league,3205,114,Kayserispor,Beşiktaş Jimnastik Kulübü,2,2
2019-03-02,3080363,SC1,2018,domestic_league,2553,987,Kilmarnock FC,Motherwell FC,0,0
2019-03-02,3080366,SC1,2018,domestic_league,465,1241,St. Mirren FC,Livingston FC,1,0
2019-03-02,3080823,ES1,2018,domestic_league,714,366,RCD Espanyol Barcelona,Real Valladolid CF,3,1
2019-03-02,3080824,ES1,2018,domestic_league,5358,368,SD Huesca,Sevilla FC,2,1
2019-03-02,3080826,ES1,2018,domestic_league,418,131,Real Madrid,FC Barcelona,0,1
2019-03-02,3080827,ES1,2018,domestic_league,1050,1108,Villarreal CF,Deportivo Alavés,1,2
2019-03-02,3081288,IT1,2018,domestic_league,749,130,FC Empoli,Parma Calcio 1913,3,3
2019-03-02,3081289,IT1,2018,domestic_league,398,12,Società Sportiva Lazio S.p.A.,Associazione Sportiva Roma,3,0
2019-03-02,3081291,IT1,2018,domestic_league,5,6574,AC Milan,US Sassuolo,1,0
2019-03-02,3087286,UKR1,2018,domestic_league,6992,660,Chornomorets Odesa,FC Shakhtar Donetsk,0,1
2019-03-02,3087289,UKR1,2018,domestic_league,16239,338,Desna Chernigiv,Dynamo Kyiv,1,2
2019-03-02,3133947,RU1,2018,domestic_league,932,2696,"Футбольный клуб ""Локомотив"" Москва",PFK Krylya Sovetov Samara,2,2
2019-03-02,3133948,RU1,2018,domestic_league,3729,2410,Arsenal Tula,PFK CSKA Moskva,2,0
2019-03-02,3133949,RU1,2018,domestic_league,11127,964,Ural Yekaterinburg,AO FK Zenit Sankt-Peterburg,0,1
2019-03-02,3133952,RU1,2018,domestic_league,2698,3725,FC Rubin Kazan,RFK Akhmat Grozny,1,0
2019-03-02,3140016,BE1,2018,domestic_league,172,1184,Royal Charleroi Sporting Club,KRC Genk,1,1
2019-03-02,3140017,BE1,2018,domestic_league,601,520,KV Kortrijk,Cercle Brugge,2,1
2019-03-02,3140018,BE1,2018,domestic_league,2861,28643,KV Oostende,SK Beveren,1,1
2019-03-02,3140019,BE1,2018,domestic_league,2282,475,Club Brugge KV,Sint-Truidense VV,1,0
2019-03-02,3141111,NL1,2018,domestic_league,1304,200,Heracles Almelo,FC Utrecht,1,5
2019-03-02,3141124,NL1,2018,domestic_league,499,132,Vitesse Arnhem,NAC Breda,4,1
2019-03-02,3141127,NL1,2018,domestic_league,798,383,Excelsior Rotterdam,PSV Eindhoven,0,2
2019-03-02,3157124,GR1,2018,domestic_league,605,2441,Aris Thessalonikis,Athlitiki Enosi Konstantinoupoleos,2,0
2019-03-02,3157125,GR1,2018,domestic_league,2671,128,PAS Giannina,AO Xanthi,0,0
2019-03-02,3158103,SFA,2018,domestic_cup,903,371,Hibernian FC,Celtic FC,0,2
2019-03-03,3047784,FR1,2018,domestic_league,855,995,EA Guingamp,FC Nantes,0,0
2019-03-03,3047785,FR1,2018,domestic_league,1082,2969,LOSC Lille,Dijon FCO,1,0
2019-03-03,3047786,FR1,2018,domestic_league,1041,415,Olympique Lyon,FC Toulouse,5,1
2019-03-03,3047787,FR1,2018,domestic_league,244,618,Olympique Marseille,AS Saint-Étienne,2,0
2019-03-03,3047788,FR1,2018,domestic_league,417,667,OGC Nice,RC Strasbourg Alsace,1,0
2019-03-03,3050450,GB1,2018,domestic_league,29,31,Everton FC,Liverpool FC,0,0
2019-03-03,3050451,GB1,2018,domestic_league,931,631,Fulham FC,Chelsea FC,1,2
2019-03-03,3050454,GB1,2018,domestic_league,1010,1003,Watford FC,Leicester City,2,1
2019-03-03,3058632,L1,2018,domestic_league,79,42,VfB Stuttgart,Hannover 96,5,1
2019-03-03,3058637,L1,2018,domestic_league,82,86,VfL Wolfsburg,SV Werder Bremen,1,1
2019-03-03,3063755,DK1,2018,domestic_league,190,443,FC Copenhagen,Vejle Boldklub,2,0
2019-03-03,3063757,DK1,2018,domestic_league,19657,678,Vendsyssel FF,Aarhus GF,2,2
2019-03-03,3063758,DK1,2018,domestic_league,173,206,Odense Boldklub,Bröndby IF,2,0
2019-03-03,3063760,DK1,2018,domestic_league,5817,5724,Sönderjyske Fodbold,Randers FC,3,0
2019-03-03,3069609,PO1,2018,domestic_league,3325,2423,GD Chaves,CD Santa Clara,0,0
2019-03-03,3069612,PO1,2018,domestic_league,2457,3349,B SAD,CD Feirense,4,0
2019-03-03,3069615,PO1,2018,domestic_league,2425,1075,Rio Ave FC,SC Braga,1,2
2019-03-03,3069617,PO1,2018,domestic_league,336,7378,Sporting CP,Portimonense SC,3,1
2019-03-03,3069918,TR1,2018,domestic_league,19789,6890,Yeni Malatyaspor,Basaksehir FK,0,2
2019-03-03,3069921,TR1,2018,domestic_league,39722,141,Erzurumspor FK,Galatasaray,1,1
2019-03-03,3069922,TR1,2018,domestic_league,2293,1467,Konyaspor,Göztepe,1,1
2019-03-03,3080822,ES1,2018,domestic_league,150,3709,Real Betis Balompié,Getafe CF,1,2
2019-03-03,3080828,ES1,2018,domestic_league,1049,621,Valencia CF,Athletic Bilbao,2,0
2019-03-03,3080829,ES1,2018,domestic_league,681,13,Real Sociedad,Atlético de Madrid,0,2
2019-03-03,3080830,ES1,2018,domestic_league,1533,940,SD Eibar,Celta de Vigo,1,0
2019-03-03,3081282,IT1,2018,domestic_league,410,1025,Udinese Calcio,Bologna Football Club 1909,2,1
2019-03-03,3081283,IT1,2018,domestic_league,416,862,Torino FC,Chievo Verona,3,0
2019-03-03,3081284,IT1,2018,domestic_league,800,430,Atalanta BC,ACF Fiorentina,3,1
2019-03-03,3081285,IT1,2018,domestic_league,252,8970,Genoa CFC,Frosinone Calcio,0,0
2019-03-03,3081287,IT1,2018,domestic_league,6195,506,SSC Napoli,Juventus FC,1,2
2019-03-03,3081290,IT1,2018,domestic_league,2722,1038,SPAL,UC Sampdoria,1,2
2019-03-03,3087285,UKR1,2018,domestic_league,18303,6993,FC Oleksandriya,FK Mariupol,1,1
2019-03-03,3087287,UKR1,2018,domestic_league,2477,18105,Karpaty Lviv (-2021),PFK Lviv,0,1
2019-03-03,3087288,UKR1,2018,domestic_league,10690,2740,Zorya Lugansk,Vorskla Poltava,3,0
2019-03-03,3087290,UKR1,2018,domestic_league,23611,9007,Olimpik Donetsk,Arsenal Kyiv,0,1
2019-03-03,3133950,RU1,2018,domestic_league,232,16704,FK Spartak Moskva,FK Krasnodar,1,1
2019-03-03,3133951,RU1,2018,domestic_league,3714,1083,Enisey Krasnoyarsk,FK Rostov,1,1
2019-03-03,3133953,RU1,2018,domestic_league,28095,121,FK Ufa,FK Dinamo Moskva,1,2
2019-03-03,3140020,BE1,2018,domestic_league,3508,157,Zulte Waregem,KAA Gent,1,3
2019-03-03,3140021,BE1,2018,domestic_league,498,58,KSC Lokeren (- 2020),RSC Anderlecht,1,2
2019-03-03,3140022,BE1,2018,domestic_league,1096,1245,Royal Antwerp FC,KAS Eupen,2,1
2019-03-03,3141110,NL1,2018,domestic_league,306,403,SC Heerenveen,Willem II Tilburg,4,2
2019-03-03,3141112,NL1,2018,domestic_league,1090,385,AZ Alkmaar,Fortuna Sittardia Combinatie,4,2
2019-03-03,3141126,NL1,2018,domestic_league,234,1283,Feyenoord Rotterdam,FC Emmen,4,0
2019-03-03,3141128,NL1,2018,domestic_league,202,1426,FC Groningen,VVV-Venlo,3,2
2019-03-03,3157126,GR1,2018,domestic_league,653,4603,Omilos Filathlon Irakliou FC,Athlitiki Enosi Larisas,0,0
2019-03-03,3157128,GR1,2018,domestic_league,2672,3999,APO Levadiakos Football Club,PAS Lamia 1964,1,1
2019-03-03,3157129,GR1,2018,domestic_league,265,1091,Panathinaikos Athlitikos Omilos,Panthessalonikios Athlitikos Omilos Konstantinoupoliton,0,2
2019-03-03,3157130,GR1,2018,domestic_league,6676,6418,A.G.S Asteras Tripolis,Panetolikos Agrinio,3,0
2019-03-03,3157131,GR1,2018,domestic_league,3060,169,APS Atromitos Athinon,Panionios Athens,3,0
2019-03-03,3160364,SFA,2018,domestic_cup,1519,2451,Dundee United FC,Inverness Caledonian Thistle FC,1,2
2019-03-03,3160365,SFA,2018,domestic_cup,370,124,Aberdeen FC,Rangers FC,1,1
2019-03-04,3063756,DK1,2018,domestic_league,865,2778,FC Midtjylland,FC Nordsjaelland,3,3
2019-03-04,3069610,PO1,2018,domestic_league,2420,1301,Vitória Guimarães SC,CS Marítimo,1,0
2019-03-04,3069916,TR1,2018,domestic_league,10484,449,Kasimpasa,Trabzonspor,2,2
2019-03-04,3069920,TR1,2018,domestic_league,19771,11282,Akhisarspor,Alanyaspor,3,1
2019-03-04,3080825,ES1,2018,domestic_league,1244,3368,CD Leganés,Levante UD,1,0
2019-03-04,3157127,GR1,2018,domestic_league,441,683,Apollon Smyrnis,Olympiakos Syndesmos Filathlon Peiraios,0,2
2019-03-04,3158102,SFA,2018,domestic_cup,2760,43,Partick Thistle FC,Heart of Midlothian FC,1,1
2019-03-05,3047782,FR1,2018,domestic_league,40,969,FC Girondins Bordeaux,Montpellier HSC,1,2
2019-03-05,3135809,CL,2018,international_cup,16,148,Borussia Dortmund,Tottenham Hotspur,0,1
2019-03-05,3135812,CL,2018,international_cup,418,610,Real Madrid,Ajax Amsterdam,1,4
2019-03-06,3121660,RUP,2018,domestic_cup,2698,932,FC Rubin Kazan,"Футбольный клуб ""Локомотив"" Москва",0,1
2019-03-06,3121663,RUP,2018,domestic_cup,3729,14589,Arsenal Tula,FC Orenburg,1,1
2019-03-06,3135808,CL,2018,international_cup,583,985,Paris Saint-Germain,Manchester United,1,3
2019-03-06,3135811,CL,2018,international_cup,720,12,FC Porto,Associazione Sportiva Roma,3,1
2019-03-07,3121662,RUP,2018,domestic_cup,11127,232,Ural Yekaterinburg,FK Spartak Moskva,1,0
2019-03-07,3160725,EL,2018,other,631,338,Chelsea FC,Dynamo Kyiv,3,0
2019-03-07,3160727,EL,2018,other,24,46,Eintracht Frankfurt,Inter Milan,0,0
2019-03-07,3160729,EL,2018,other,419,294,GNK Dinamo Zagreb,SL Benfica,1,0
2019-03-07,3160731,EL,2018,other,6195,409,SSC Napoli,Fußballclub Red Bull Salzburg,3,0
2019-03-07,3160733,EL,2018,other,1049,16704,Valencia CF,FK Krasnodar,2,1
2019-03-07,3160735,EL,2018,other,368,62,Sevilla FC,SK Slavia Prague,2,2
2019-03-07,3160738,EL,2018,other,273,11,Stade Rennais FC,Arsenal FC,3,1
2019-03-07,3160739,EL,2018,other,964,1050,AO FK Zenit Sankt-Peterburg,Villarreal CF,1,3
2019-03-08,3058643,L1,2018,domestic_league,86,33,SV Werder Bremen,FC Schalke 04,4,2
2019-03-08,3063768,DK1,2018,domestic_league,5818,865,Hobro IK,FC Midtjylland,1,2
2019-03-08,3069619,PO1,2018,domestic_league,3325,2425,GD Chaves,Rio Ave FC,1,1
2019-03-08,3069923,TR1,2018,domestic_league,2381,19789,Sivasspor,Yeni Malatyaspor,2,0
2019-03-08,3080369,SC1,2018,domestic_league,903,124,Hibernian FC,Rangers FC,1,1
2019-03-08,3080833,ES1,2018,domestic_league,621,714,Athletic Bilbao,RCD Espanyol Barcelona,1,1
2019-03-08,3081301,IT1,2018,domestic_league,506,410,Juventus FC,Udinese Calcio,4,1
2019-03-08,3141122,NL1,2018,domestic_league,200,202,FC Utrecht,FC Groningen,0,0
2019-03-09,3047791,FR1,2018,domestic_league,1416,1160,Amiens SC,Nîmes Olympique,2,1
2019-03-09,3047792,FR1,2018,domestic_league,2969,1421,Dijon FCO,Stade Reims,1,1
2019-03-09,3047794,FR1,2018,domestic_league,162,40,AS Monaco,FC Girondins Bordeaux,1,1
2019-03-09,3047799,FR1,2018,domestic_league,667,1041,RC Strasbourg Alsace,Olympique Lyon,2,2
2019-03-09,3050458,GB1,2018,domestic_league,603,379,Cardiff City,West Ham United,2,0
2019-03-09,3050460,GB1,2018,domestic_league,873,1237,Crystal Palace,Brighton & Hove Albion,1,2
2019-03-09,3050461,GB1,2018,domestic_league,1110,989,Huddersfield Town,AFC Bournemouth,0,2
2019-03-09,3050462,GB1,2018,domestic_league,1003,931,Leicester City,Fulham FC,3,1
2019-03-09,3050464,GB1,2018,domestic_league,281,1010,Manchester City,Watford FC,3,1
2019-03-09,3050465,GB1,2018,domestic_league,762,29,Newcastle United,Everton FC,3,2
2019-03-09,3050466,GB1,2018,domestic_league,180,148,Southampton FC,Tottenham Hotspur,2,1
2019-03-09,3058639,L1,2018,domestic_league,27,82,Bayern Munich,VfL Wolfsburg,6,0
2019-03-09,3058641,L1,2018,domestic_league,16,79,Borussia Dortmund,VfB Stuttgart,3,1
2019-03-09,3058642,L1,2018,domestic_league,23826,167,RB Leipzig,FC Augsburg,0,0
2019-03-09,3058645,L1,2018,domestic_league,60,44,SC Freiburg,Hertha BSC,2,1
2019-03-09,3058646,L1,2018,domestic_league,39,18,1.FSV Mainz 05,Borussia Mönchengladbach,0,1
2019-03-09,3063772,DK1,2018,domestic_league,443,19657,Vejle Boldklub,Vendsyssel FF,1,1
2019-03-09,3069621,PO1,2018,domestic_league,1301,979,CS Marítimo,Moreirense FC,3,2
2019-03-09,3069623,PO1,2018,domestic_league,1075,2420,SC Braga,Vitória Guimarães SC,1,0
2019-03-09,3069624,PO1,2018,domestic_league,2503,336,Boavista FC,Sporting CP,1,2
2019-03-09,3069925,TR1,2018,domestic_league,6890,36,Basaksehir FK,Fenerbahce,2,1
2019-03-09,3069927,TR1,2018,domestic_league,449,19771,Trabzonspor,Akhisarspor,2,1
2019-03-09,3069931,TR1,2018,domestic_league,868,20,MKE Ankaragücü,Bursaspor,0,0
2019-03-09,3080367,SC1,2018,domestic_league,371,370,Celtic FC,Aberdeen FC,0,0
2019-03-09,3080368,SC1,2018,domestic_league,511,43,Dundee FC,Heart of Midlothian FC,0,1
2019-03-09,3080370,SC1,2018,domestic_league,1241,2578,Livingston FC,St. Johnstone FC,3,1
2019-03-09,3080371,SC1,2018,domestic_league,987,2999,Motherwell FC,Hamilton Academical FC,3,0
2019-03-09,3080832,ES1,2018,domestic_league,1108,1533,Deportivo Alavés,SD Eibar,1,1
2019-03-09,3080834,ES1,2018,domestic_league,13,1244,Atlético de Madrid,CD Leganés,1,0
2019-03-09,3080835,ES1,2018,domestic_league,131,367,FC Barcelona,Rayo Vallecano,3,1
2019-03-09,3080836,ES1,2018,domestic_league,3709,5358,Getafe CF,SD Huesca,2,1
2019-03-09,3081295,IT1,2018,domestic_league,130,252,Parma Calcio 1913,Genoa CFC,1,0
2019-03-09,3081297,IT1,2018,domestic_league,862,5,Chievo Verona,AC Milan,1,2
2019-03-09,3114080,UKR1,2018,domestic_league,2740,16239,Vorskla Poltava,Desna Chernigiv,0,0
2019-03-09,3114081,UKR1,2018,domestic_league,18105,10690,PFK Lviv,Zorya Lugansk,0,0
2019-03-09,3114083,UKR1,2018,domestic_league,6993,6992,FK Mariupol,Chornomorets Odesa,0,0
2019-03-09,3141120,NL1,2018,domestic_league,1268,306,ADO Den Haag,SC Heerenveen,2,3
2019-03-09,3141121,NL1,2018,domestic_league,383,132,PSV Eindhoven,NAC Breda,2,0
2019-03-09,3141123,NL1,2018,domestic_league,1426,798,VVV-Venlo,Excelsior Rotterdam,1,0
2019-03-09,3141138,NL1,2018,domestic_league,403,642,Willem II Tilburg,De Graafschap Doetinchem,3,2
2019-03-09,3153202,RU1,2018,domestic_league,2696,3714,PFK Krylya Sovetov Samara,Enisey Krasnoyarsk,4,0
2019-03-09,3153203,RU1,2018,domestic_league,2410,2698,PFK CSKA Moskva,FC Rubin Kazan,3,0
2019-03-09,3159140,GR1,2018,domestic_league,128,6676,AO Xanthi,A.G.S Asteras Tripolis,0,0
2019-03-09,3159142,GR1,2018,domestic_league,2441,265,Athlitiki Enosi Konstantinoupoleos,Panathinaikos Athlitikos Omilos,0,0
2019-03-10,3047793,FR1,2018,domestic_league,244,417,Olympique Marseille,OGC Nice,1,0
2019-03-10,3047795,FR1,2018,domestic_league,969,1420,Montpellier HSC,Angers SCO,2,2
2019-03-10,3047797,FR1,2018,domestic_league,273,1162,Stade Rennais FC,SM Caen,3,1
2019-03-10,3047798,FR1,2018,domestic_league,618,1082,AS Saint-Étienne,LOSC Lille,0,1
2019-03-10,3047800,FR1,2018,domestic_league,415,855,FC Toulouse,EA Guingamp,1,0
2019-03-10,3050457,GB1,2018,domestic_league,11,985,Arsenal FC,Manchester United,2,0
2019-03-10,3050459,GB1,2018,domestic_league,631,543,Chelsea FC,Wolverhampton Wanderers,1,1
2019-03-10,3050463,GB1,2018,domestic_league,31,1132,Liverpool FC,Burnley FC,4,2
2019-03-10,3058640,L1,2018,domestic_league,533,4,TSG 1899 Hoffenheim,1.FC Nuremberg,2,1
2019-03-10,3058644,L1,2018,domestic_league,42,15,Hannover 96,Bayer 04 Leverkusen,2,3
2019-03-10,3063769,DK1,2018,domestic_league,206,1053,Bröndby IF,Aalborg BK,3,3
2019-03-10,3063770,DK1,2018,domestic_league,5724,2414,Randers FC,AC Horsens,2,0
2019-03-10,3063771,DK1,2018,domestic_league,2778,190,FC Nordsjaelland,FC Copenhagen,2,2
2019-03-10,3063773,DK1,2018,domestic_league,5817,3426,Sönderjyske Fodbold,Esbjerg fB,3,1
2019-03-10,3069618,PO1,2018,domestic_league,2423,3336,CD Santa Clara,Desportivo Aves (- 2020),0,0
2019-03-10,3069620,PO1,2018,domestic_league,3349,720,CD Feirense,FC Porto,1,2
2019-03-10,3069622,PO1,2018,domestic_league,1085,7179,Vitória Setúbal FC,CD Tondela,0,0
2019-03-10,3069626,PO1,2018,domestic_league,7378,982,Portimonense SC,CD Nacional,5,1
2019-03-10,3069924,TR1,2018,domestic_league,11282,39722,Alanyaspor,Erzurumspor FK,2,1
2019-03-10,3069928,TR1,2018,domestic_league,1467,10484,Göztepe,Kasimpasa,0,0
2019-03-10,3069929,TR1,2018,domestic_league,114,2293,Beşiktaş Jimnastik Kulübü,Konyaspor,3,2
2019-03-10,3069930,TR1,2018,domestic_league,126,3205,Caykur Rizespor,Kayserispor,3,0
2019-03-10,3080837,ES1,2018,domestic_league,12321,1049,Girona FC,Valencia CF,2,3
2019-03-10,3080838,ES1,2018,domestic_league,3368,1050,Levante UD,Villarreal CF,0,2
2019-03-10,3080839,ES1,2018,domestic_league,940,150,Celta de Vigo,Real Betis Balompié,0,1
2019-03-10,3080840,ES1,2018,domestic_league,366,418,Real Valladolid CF,Real Madrid,1,4
2019-03-10,3080841,ES1,2018,domestic_league,368,681,Sevilla FC,Real Sociedad,5,2
2019-03-10,3081292,IT1,2018,domestic_league,1038,800,UC Sampdoria,Atalanta BC,1,2
2019-03-10,3081293,IT1,2018,domestic_league,1025,1390,Bologna Football Club 1909,Cagliari Calcio,2,0
2019-03-10,3081296,IT1,2018,domestic_league,430,398,ACF Fiorentina,Società Sportiva Lazio S.p.A.,1,1
2019-03-10,3081298,IT1,2018,domestic_league,6574,6195,US Sassuolo,SSC Napoli,1,1
2019-03-10,3081299,IT1,2018,domestic_league,46,2722,Inter Milan,SPAL,2,0
2019-03-10,3081300,IT1,2018,domestic_league,8970,416,Frosinone Calcio,Torino FC,1,2
2019-03-10,3114079,UKR1,2018,domestic_league,338,9007,Dynamo Kyiv,Arsenal Kyiv,4,0
2019-03-10,3114082,UKR1,2018,domestic_league,660,2477,FC Shakhtar Donetsk,Karpaty Lviv (-2021),5,0
2019-03-10,3114084,UKR1,2018,domestic_league,18303,23611,FC Oleksandriya,Olimpik Donetsk,1,1
2019-03-10,3140023,BE1,2018,domestic_league,58,601,RSC Anderlecht,KV Kortrijk,2,0
2019-03-10,3140024,BE1,2018,domestic_league,157,2861,KAA Gent,KV Oostende,2,1
2019-03-10,3140025,BE1,2018,domestic_league,1184,498,KRC Genk,KSC Lokeren (- 2020),1,0
2019-03-10,3140026,BE1,2018,domestic_league,29228,475,Royal Excel Mouscron (-2022),Sint-Truidense VV,1,1
2019-03-10,3140027,BE1,2018,domestic_league,1245,2282,KAS Eupen,Club Brugge KV,0,4
2019-03-10,3140028,BE1,2018,domestic_league,520,3057,Cercle Brugge,Standard Liège,1,2
2019-03-10,3140029,BE1,2018,domestic_league,1096,172,Royal Antwerp FC,Royal Charleroi Sporting Club,1,2
2019-03-10,3140030,BE1,2018,domestic_league,28643,3508,SK Beveren,Zulte Waregem,1,1
2019-03-10,3141133,NL1,2018,domestic_league,1269,1090,PEC Zwolle,AZ Alkmaar,0,0
2019-03-10,3141136,NL1,2018,domestic_league,499,234,Vitesse Arnhem,Feyenoord Rotterdam,1,1
2019-03-10,3141137,NL1,2018,domestic_league,1283,1304,FC Emmen,Heracles Almelo,1,1
2019-03-10,3141139,NL1,2018,domestic_league,610,385,Ajax Amsterdam,Fortuna Sittardia Combinatie,4,0
2019-03-10,3153205,RU1,2018,domestic_league,964,28095,AO FK Zenit Sankt-Peterburg,FK Ufa,2,1
2019-03-10,3153206,RU1,2018,domestic_league,121,232,FK Dinamo Moskva,FK Spartak Moskva,0,1
2019-03-10,3153207,RU1,2018,domestic_league,2700,932,Anzhi Makhachkala ( -2022),"Футбольный клуб ""Локомотив"" Москва",0,2
2019-03-10,3153209,RU1,2018,domestic_league,1083,3729,FK Rostov,Arsenal Tula,0,0
2019-03-10,3159141,GR1,2018,domestic_league,4603,2672,Athlitiki Enosi Larisas,APO Levadiakos Football Club,2,0
2019-03-10,3159143,GR1,2018,domestic_league,441,653,Apollon Smyrnis,Omilos Filathlon Irakliou FC,0,0
2019-03-10,3159144,GR1,2018,domestic_league,1091,3060,Panthessalonikios Athlitikos Omilos Konstantinoupoliton,APS Atromitos Athinon,3,0
2019-03-10,3159145,GR1,2018,domestic_league,3999,2671,PAS Lamia 1964,PAS Giannina,1,1
2019-03-10,3159146,GR1,2018,domestic_league,683,605,Olympiakos Syndesmos Filathlon Peiraios,Aris Thessalonikis,4,1
2019-03-11,3058647,L1,2018,domestic_league,38,24,Fortuna Düsseldorf,Eintracht Frankfurt,0,3
2019-03-11,3063767,DK1,2018,domestic_league,678,173,Aarhus GF,Odense Boldklub,1,2
2019-03-11,3069625,PO1,2018,domestic_league,294,2457,SL Benfica,B SAD,2,2
2019-03-11,3069926,TR1,2018,domestic_league,141,589,Galatasaray,Antalyaspor,5,0
2019-03-11,3080372,SC1,2018,domestic_league,465,2553,St. Mirren FC,Kilmarnock FC,0,1
2019-03-11,3081294,IT1,2018,domestic_league,12,749,Associazione Sportiva Roma,FC Empoli,2,1
2019-03-11,3153204,RU1,2018,domestic_league,16704,14589,FK Krasnodar,FC Orenburg,2,2
2019-03-11,3153208,RU1,2018,domestic_league,3725,11127,RFK Akhmat Grozny,Ural Yekaterinburg,1,1
2019-03-11,3159147,GR1,2018,domestic_league,6418,169,Panetolikos Agrinio,Panionios Athens,5,0
2019-03-12,3047691,FR1,2018,domestic_league,2969,583,Dijon FCO,Paris Saint-Germain,0,4
2019-03-12,3135807,CL,2018,international_cup,281,33,Manchester City,FC Schalke 04,7,0
2019-03-12,3135814,CL,2018,international_cup,506,13,Juventus FC,Atlético de Madrid,3,0
2019-03-12,3164020,SFA,2018,domestic_cup,43,2760,Heart of Midlothian FC,Partick Thistle FC,2,1
2019-03-12,3164021,SFA,2018,domestic_cup,124,370,Rangers FC,Aberdeen FC,0,2
2019-03-13,3132929,DKP,2018,domestic_cup,12275,865,Kolding IF,FC Midtjylland,0,2
2019-03-13,3135810,CL,2018,international_cup,131,1041,FC Barcelona,Olympique Lyon,5,1
2019-03-13,3135813,CL,2018,international_cup,27,31,Bayern Munich,Liverpool FC,1,3
2019-03-13,3141129,NL1,2018,domestic_league,610,1269,Ajax Amsterdam,PEC Zwolle,2,1
2019-03-14,3132930,DKP,2018,domestic_cup,5091,1053,Naestved Boldklub,Aalborg BK,1,3
2019-03-14,3160726,EL,2018,other,338,631,Dynamo Kyiv,Chelsea FC,0,5
2019-03-14,3160728,EL,2018,other,46,24,Inter Milan,Eintracht Frankfurt,0,1
2019-03-14,3160730,EL,2018,other,294,419,SL Benfica,GNK Dinamo Zagreb,3,0
2019-03-14,3160732,EL,2018,other,409,6195,Fußballclub Red Bull Salzburg,SSC Napoli,3,1
2019-03-14,3160734,EL,2018,other,16704,1049,FK Krasnodar,Valencia CF,1,1
2019-03-14,3160736,EL,2018,other,62,368,SK Slavia Prague,Sevilla FC,4,3
2019-03-14,3160737,EL,2018,other,11,273,Arsenal FC,Stade Rennais FC,3,0
2019-03-14,3160740,EL,2018,other,1050,964,Villarreal CF,AO FK Zenit Sankt-Peterburg,2,1
2019-03-15,3047805,FR1,2018,domestic_league,1082,162,LOSC Lille,AS Monaco,0,1
2019-03-15,3047807,FR1,2018,domestic_league,417,415,OGC Nice,FC Toulouse,1,1
2019-03-15,3058653,L1,2018,domestic_league,18,60,Borussia Mönchengladbach,SC Freiburg,1,1
2019-03-15,3069635,PO1,2018,domestic_league,336,2423,Sporting CP,CD Santa Clara,1,0
2019-03-15,3069936,TR1,2018,domestic_league,36,2381,Fenerbahce,Sivasspor,2,1
2019-03-15,3080850,ES1,2018,domestic_league,681,3368,Real Sociedad,Levante UD,1,1
2019-03-15,3081304,IT1,2018,domestic_league,1390,430,Cagliari Calcio,ACF Fiorentina,2,1
2019-03-15,3141135,NL1,2018,domestic_league,385,1283,Fortuna Sittardia Combinatie,FC Emmen,3,1
2019-03-15,3153210,RU1,2018,domestic_league,2700,2696,Anzhi Makhachkala ( -2022),PFK Krylya Sovetov Samara,0,2
2019-03-16,3047801,FR1,2018,domestic_league,1420,1416,Angers SCO,Amiens SC,0,0
2019-03-16,3047803,FR1,2018,domestic_league,1162,618,SM Caen,AS Saint-Étienne,0,5
2019-03-16,3047804,FR1,2018,domestic_league,855,2969,EA Guingamp,Dijon FCO,1,0
2019-03-16,3047808,FR1,2018,domestic_league,1160,667,Nîmes Olympique,RC Strasbourg Alsace,2,2
2019-03-16,3050475,GB1,2018,domestic_league,989,762,AFC Bournemouth,Newcastle United,2,2
2019-03-16,3050477,GB1,2018,domestic_league,1132,1003,Burnley FC,Leicester City,1,2
2019-03-16,3050483,GB1,2018,domestic_league,379,1110,West Ham United,Huddersfield Town,4,3
2019-03-16,3058649,L1,2018,domestic_league,33,23826,FC Schalke 04,RB Leipzig,0,1
2019-03-16,3058651,L1,2018,domestic_league,79,533,VfB Stuttgart,TSG 1899 Hoffenheim,1,1
2019-03-16,3058654,L1,2018,domestic_league,44,16,Hertha BSC,Borussia Dortmund,2,3
2019-03-16,3058655,L1,2018,domestic_league,167,42,FC Augsburg,Hannover 96,3,1
2019-03-16,3058656,L1,2018,domestic_league,82,38,VfL Wolfsburg,Fortuna Düsseldorf,5,2
2019-03-16,3069628,PO1,2018,domestic_league,720,1301,FC Porto,CS Marítimo,3,0
2019-03-16,3069629,PO1,2018,domestic_league,2457,7378,B SAD,Portimonense SC,2,2
2019-03-16,3069631,PO1,2018,domestic_league,1085,1075,Vitória Setúbal FC,SC Braga,0,1
2019-03-16,3069633,PO1,2018,domestic_league,2420,2503,Vitória Guimarães SC,Boavista FC,3,1
2019-03-16,3069933,TR1,2018,domestic_league,19771,10484,Akhisarspor,Kasimpasa,2,3
2019-03-16,3069937,TR1,2018,domestic_league,2293,126,Konyaspor,Caykur Rizespor,0,2
2019-03-16,3069938,TR1,2018,domestic_league,39722,449,Erzurumspor FK,Trabzonspor,0,1
2019-03-16,3069939,TR1,2018,domestic_league,589,11282,Antalyaspor,Alanyaspor,3,0
2019-03-16,3069940,TR1,2018,domestic_league,114,1467,Beşiktaş Jimnastik Kulübü,Göztepe,1,0
2019-03-16,3080373,SC1,2018,domestic_league,370,1241,Aberdeen FC,Livingston FC,1,1
2019-03-16,3080374,SC1,2018,domestic_league,511,371,Dundee FC,Celtic FC,0,1
2019-03-16,3080375,SC1,2018,domestic_league,2999,43,Hamilton Academical FC,Heart of Midlothian FC,1,0
2019-03-16,3080376,SC1,2018,domestic_league,903,987,Hibernian FC,Motherwell FC,2,0
2019-03-16,3080377,SC1,2018,domestic_league,124,2553,Rangers FC,Kilmarnock FC,1,1
2019-03-16,3080842,ES1,2018,domestic_league,621,13,Athletic Bilbao,Atlético de Madrid,2,0
2019-03-16,3080845,ES1,2018,domestic_league,5358,1108,SD Huesca,Deportivo Alavés,1,3
2019-03-16,3080847,ES1,2018,domestic_league,418,940,Real Madrid,Celta de Vigo,2,0
2019-03-16,3080849,ES1,2018,domestic_league,1244,12321,CD Leganés,Girona FC,0,2
2019-03-16,3081302,IT1,2018,domestic_league,416,1025,Torino FC,Bologna Football Club 1909,2,3
2019-03-16,3081309,IT1,2018,domestic_league,2722,12,SPAL,Associazione Sportiva Roma,2,1
2019-03-16,3081310,IT1,2018,domestic_league,6574,1038,US Sassuolo,UC Sampdoria,3,5
2019-03-16,3114088,UKR1,2018,domestic_league,10690,660,Zorya Lugansk,FC Shakhtar Donetsk,0,1
2019-03-16,3114090,UKR1,2018,domestic_league,6992,18303,Chornomorets Odesa,FC Oleksandriya,0,3
2019-03-16,3141130,NL1,2018,domestic_league,132,200,NAC Breda,FC Utrecht,0,4
2019-03-16,3141131,NL1,2018,domestic_league,1304,499,Heracles Almelo,Vitesse Arnhem,3,2
2019-03-16,3141132,NL1,2018,domestic_league,234,403,Feyenoord Rotterdam,Willem II Tilburg,2,3
2019-03-16,3141134,NL1,2018,domestic_league,306,642,SC Heerenveen,De Graafschap Doetinchem,0,3
2019-03-16,3153211,RU1,2018,domestic_league,14589,121,FC Orenburg,FK Dinamo Moskva,1,0
2019-03-16,3153212,RU1,2018,domestic_league,11127,2410,Ural Yekaterinburg,PFK CSKA Moskva,0,1
2019-03-16,3153213,RU1,2018,domestic_league,2698,1083,FC Rubin Kazan,FK Rostov,0,2
2019-03-16,3153214,RU1,2018,domestic_league,3729,3714,Arsenal Tula,Enisey Krasnoyarsk,2,0
2019-03-16,3159797,GR1,2018,domestic_league,6676,3999,A.G.S Asteras Tripolis,PAS Lamia 1964,0,0
2019-03-16,3159798,GR1,2018,domestic_league,6418,1091,Panetolikos Agrinio,Panthessalonikios Athlitikos Omilos Konstantinoupoliton,1,2
2019-03-16,3159799,GR1,2018,domestic_league,2671,4603,PAS Giannina,Athlitiki Enosi Larisas,0,0
2019-03-16,3159985,FAC,2018,domestic_cup,2288,281,Swansea City,Manchester City,2,3
2019-03-16,3159986,FAC,2018,domestic_cup,1010,873,Watford FC,Crystal Palace,2,1
2019-03-16,3159987,FAC,2018,domestic_cup,543,985,Wolverhampton Wanderers,Manchester United,2,1
2019-03-17,3047802,FR1,2018,domestic_league,40,273,FC Girondins Bordeaux,Stade Rennais FC,1,1
2019-03-17,3047806,FR1,2018,domestic_league,1041,969,Olympique Lyon,Montpellier HSC,3,2
2019-03-17,3047809,FR1,2018,domestic_league,583,244,Paris Saint-Germain,Olympique Marseille,3,1
2019-03-17,3047810,FR1,2018,domestic_league,1421,995,Stade Reims,FC Nantes,1,0
2019-03-17,3050478,GB1,2018,domestic_league,29,631,Everton FC,Chelsea FC,2,0
2019-03-17,3050479,GB1,2018,domestic_league,931,31,Fulham FC,Liverpool FC,1,2
2019-03-17,3058648,L1,2018,domestic_league,27,39,Bayern Munich,1.FSV Mainz 05,6,0
2019-03-17,3058650,L1,2018,domestic_league,15,86,Bayer 04 Leverkusen,SV Werder Bremen,1,3
2019-03-17,3058652,L1,2018,domestic_league,24,4,Eintracht Frankfurt,1.FC Nuremberg,1,0
2019-03-17,3063774,DK1,2018,domestic_league,1053,678,Aalborg BK,Aarhus GF,3,1
2019-03-17,3063775,DK1,2018,domestic_league,19657,2778,Vendsyssel FF,FC Nordsjaelland,0,1
2019-03-17,3063776,DK1,2018,domestic_league,865,5817,FC Midtjylland,Sönderjyske Fodbold,2,1
2019-03-17,3063777,DK1,2018,domestic_league,173,5724,Odense Boldklub,Randers FC,1,0
2019-03-17,3063778,DK1,2018,domestic_league,3426,443,Esbjerg fB,Vejle Boldklub,2,1
2019-03-17,3063779,DK1,2018,domestic_league,2414,206,AC Horsens,Bröndby IF,1,3
2019-03-17,3063780,DK1,2018,domestic_league,190,5818,FC Copenhagen,Hobro IK,3,1
2019-03-17,3069627,PO1,2018,domestic_league,3336,3325,Desportivo Aves (- 2020),GD Chaves,0,1
2019-03-17,3069630,PO1,2018,domestic_league,982,2425,CD Nacional,Rio Ave FC,0,1
2019-03-17,3069632,PO1,2018,domestic_league,7179,3349,CD Tondela,CD Feirense,1,1
2019-03-17,3069634,PO1,2018,domestic_league,979,294,Moreirense FC,SL Benfica,0,4
2019-03-17,3069932,TR1,2018,domestic_league,3205,6890,Kayserispor,Basaksehir FK,1,1
2019-03-17,3069934,TR1,2018,domestic_league,20,141,Bursaspor,Galatasaray,2,3
2019-03-17,3069935,TR1,2018,domestic_league,19789,868,Yeni Malatyaspor,MKE Ankaragücü,3,1
2019-03-17,3080843,ES1,2018,domestic_league,1533,366,SD Eibar,Real Valladolid CF,1,2
2019-03-17,3080844,ES1,2018,domestic_league,714,368,RCD Espanyol Barcelona,Sevilla FC,0,1
2019-03-17,3080846,ES1,2018,domestic_league,150,131,Real Betis Balompié,FC Barcelona,1,4
2019-03-17,3080848,ES1,2018,domestic_league,1049,3709,Valencia CF,Getafe CF,0,0
2019-03-17,3080851,ES1,2018,domestic_league,1050,367,Villarreal CF,Rayo Vallecano,3,1
2019-03-17,3081303,IT1,2018,domestic_league,800,862,Atalanta BC,Chievo Verona,1,1
2019-03-17,3081305,IT1,2018,domestic_league,749,8970,FC Empoli,Frosinone Calcio,2,1
2019-03-17,3081306,IT1,2018,domestic_league,5,46,AC Milan,Inter Milan,2,3
2019-03-17,3081307,IT1,2018,domestic_league,252,506,Genoa CFC,Juventus FC,2,0
2019-03-17,3081308,IT1,2018,domestic_league,398,130,Società Sportiva Lazio S.p.A.,Parma Calcio 1913,4,1
2019-03-17,3081311,IT1,2018,domestic_league,6195,410,SSC Napoli,Udinese Calcio,4,2
2019-03-17,3114085,UKR1,2018,domestic_league,23611,338,Olimpik Donetsk,Dynamo Kyiv,1,2
2019-03-17,3114087,UKR1,2018,domestic_league,16239,18105,Desna Chernigiv,PFK Lviv,0,1
2019-03-17,3114089,UKR1,2018,domestic_league,2477,6993,Karpaty Lviv (-2021),FK Mariupol,1,1
2019-03-17,3140031,BE1,2018,domestic_league,2282,29228,Club Brugge KV,Royal Excel Mouscron (-2022),1,2
2019-03-17,3140032,BE1,2018,domestic_league,3057,28643,Standard Liège,SK Beveren,4,3
2019-03-17,3140033,BE1,2018,domestic_league,601,1096,KV Kortrijk,Royal Antwerp FC,2,0
2019-03-17,3140034,BE1,2018,domestic_league,2861,58,KV Oostende,RSC Anderlecht,0,2
2019-03-17,3140035,BE1,2018,domestic_league,3508,1184,Zulte Waregem,KRC Genk,3,3
2019-03-17,3140036,BE1,2018,domestic_league,498,520,KSC Lokeren (- 2020),Cercle Brugge,3,1
2019-03-17,3140037,BE1,2018,domestic_league,172,1245,Royal Charleroi Sporting Club,KAS Eupen,1,2
2019-03-17,3140038,BE1,2018,domestic_league,475,157,Sint-Truidense VV,KAA Gent,0,2
2019-03-17,3141144,NL1,2018,domestic_league,1090,610,AZ Alkmaar,Ajax Amsterdam,1,0
2019-03-17,3141148,NL1,2018,domestic_league,798,1269,Excelsior Rotterdam,PEC Zwolle,0,2
2019-03-17,3141149,NL1,2018,domestic_league,202,1268,FC Groningen,ADO Den Haag,1,0
2019-03-17,3141150,NL1,2018,domestic_league,1426,383,VVV-Venlo,PSV Eindhoven,0,1
2019-03-17,3153215,RU1,2018,domestic_league,28095,3725,FK Ufa,RFK Akhmat Grozny,0,1
2019-03-17,3153216,RU1,2018,domestic_league,932,16704,"Футбольный клуб ""Локомотив"" Москва",FK Krasnodar,1,0
2019-03-17,3153217,RU1,2018,domestic_league,232,964,FK Spartak Moskva,AO FK Zenit Sankt-Peterburg,1,1
2019-03-17,3159800,GR1,2018,domestic_league,653,2672,Omilos Filathlon Irakliou FC,APO Levadiakos Football Club,2,0
2019-03-17,3159801,GR1,2018,domestic_league,3060,2441,APS Atromitos Athinon,Athlitiki Enosi Konstantinoupoleos,0,1
2019-03-17,3159802,GR1,2018,domestic_league,265,683,Panathinaikos Athlitikos Omilos,Olympiakos Syndesmos Filathlon Peiraios,0,3
2019-03-17,3159803,GR1,2018,domestic_league,169,128,Panionios Athens,AO Xanthi,1,0
2019-03-17,3159984,FAC,2018,domestic_cup,1028,1237,Millwall FC,Brighton & Hove Albion,6,7
2019-03-18,3114086,UKR1,2018,domestic_league,9007,2740,Arsenal Kyiv,Vorskla Poltava,2,2
2019-03-18,3159804,GR1,2018,domestic_league,605,441,Aris Thessalonikis,Apollon Smyrnis,5,0
2019-03-27,3080378,SC1,2018,domestic_league,2578,465,St. Johnstone FC,St. Mirren FC,1,0
2019-03-29,3047816,FR1,2018,domestic_league,273,1041,Stade Rennais FC,Olympique Lyon,0,1
2019-03-29,3058657,L1,2018,domestic_league,533,15,TSG 1899 Hoffenheim,Bayer 04 Leverkusen,4,1
2019-03-29,3069642,PO1,2018,domestic_league,7378,979,Portimonense SC,Moreirense FC,0,2
2019-03-29,3080382,SC1,2018,domestic_league,1241,903,Livingston FC,Hibernian FC,1,2
2019-03-29,3080857,ES1,2018,domestic_league,12321,621,Girona FC,Athletic Bilbao,1,2
2019-03-29,3081313,IT1,2018,domestic_league,862,1390,Chievo Verona,Cagliari Calcio,0,3
2019-03-29,3153218,RU1,2018,domestic_league,2696,3729,PFK Krylya Sovetov Samara,Arsenal Tula,0,1
2019-03-30,3047813,FR1,2018,domestic_league,244,1420,Olympique Marseille,Angers SCO,2,2
2019-03-30,3050486,GB1,2018,domestic_league,1237,180,Brighton & Hove Albion,Southampton FC,0,1
2019-03-30,3050487,GB1,2018,domestic_league,1132,543,Burnley FC,Wolverhampton Wanderers,2,0
2019-03-30,3050489,GB1,2018,domestic_league,873,1110,Crystal Palace,Huddersfield Town,2,0
2019-03-30,3050490,GB1,2018,domestic_league,931,281,Fulham FC,Manchester City,0,2
2019-03-30,3050491,GB1,2018,domestic_league,1003,989,Leicester City,AFC Bournemouth,2,0
2019-03-30,3050493,GB1,2018,domestic_league,985,1010,Manchester United,Watford FC,2,1
2019-03-30,3050494,GB1,2018,domestic_league,379,29,West Ham United,Everton FC,0,2
2019-03-30,3058658,L1,2018,domestic_league,16,82,Borussia Dortmund,VfL Wolfsburg,2,0
2019-03-30,3058659,L1,2018,domestic_league,23826,44,RB Leipzig,Hertha BSC,5,0
2019-03-30,3058661,L1,2018,domestic_league,86,39,SV Werder Bremen,1.FSV Mainz 05,3,1
2019-03-30,3058663,L1,2018,domestic_league,60,27,SC Freiburg,Bayern Munich,1,1
2019-03-30,3058664,L1,2018,domestic_league,38,18,Fortuna Düsseldorf,Borussia Mönchengladbach,3,1
2019-03-30,3058665,L1,2018,domestic_league,4,167,1.FC Nuremberg,FC Augsburg,3,0
2019-03-30,3069636,PO1,2018,domestic_league,2423,2420,CD Santa Clara,Vitória Guimarães SC,1,0
2019-03-30,3069639,PO1,2018,domestic_league,3325,336,GD Chaves,Sporting CP,1,3
2019-03-30,3069640,PO1,2018,domestic_league,1075,720,SC Braga,FC Porto,2,3
2019-03-30,3069644,PO1,2018,domestic_league,294,7179,SL Benfica,CD Tondela,1,0
2019-03-30,3080380,SC1,2018,domestic_league,43,370,Heart of Midlothian FC,Aberdeen FC,2,1
2019-03-30,3080381,SC1,2018,domestic_league,2553,2999,Kilmarnock FC,Hamilton Academical FC,5,0
2019-03-30,3080383,SC1,2018,domestic_league,987,2578,Motherwell FC,St. Johnstone FC,3,0
2019-03-30,3080384,SC1,2018,domestic_league,465,511,St. Mirren FC,Dundee FC,2,1
2019-03-30,3080852,ES1,2018,domestic_league,1108,13,Deportivo Alavés,Atlético de Madrid,0,4
2019-03-30,3080853,ES1,2018,domestic_league,131,714,FC Barcelona,RCD Espanyol Barcelona,2,0
2019-03-30,3080854,ES1,2018,domestic_league,940,1050,Celta de Vigo,Villarreal CF,3,2
2019-03-30,3080855,ES1,2018,domestic_league,3709,1244,Getafe CF,CD Leganés,0,2
2019-03-30,3081314,IT1,2018,domestic_league,506,749,Juventus FC,FC Empoli,1,0
2019-03-30,3081315,IT1,2018,domestic_league,410,252,Udinese Calcio,Genoa CFC,2,0
2019-03-30,3081317,IT1,2018,domestic_league,1038,5,UC Sampdoria,AC Milan,1,0
2019-03-30,3141140,NL1,2018,domestic_league,1090,202,AZ Alkmaar,FC Groningen,1,0
2019-03-30,3141142,NL1,2018,domestic_league,642,1304,De Graafschap Doetinchem,Heracles Almelo,1,2
2019-03-30,3141143,NL1,2018,domestic_league,306,798,SC Heerenveen,Excelsior Rotterdam,1,0
2019-03-30,3141145,NL1,2018,domestic_league,403,385,Willem II Tilburg,Fortuna Sittardia Combinatie,3,2
2019-03-30,3141146,NL1,2018,domestic_league,1268,499,ADO Den Haag,Vitesse Arnhem,3,3
2019-03-30,3153219,RU1,2018,domestic_league,3714,2698,Enisey Krasnoyarsk,FC Rubin Kazan,1,1
2019-03-30,3153220,RU1,2018,domestic_league,121,932,FK Dinamo Moskva,"Футбольный клуб ""Локомотив"" Москва",0,1
2019-03-30,3153221,RU1,2018,domestic_league,3725,232,RFK Akhmat Grozny,FK Spartak Moskva,1,3
2019-03-30,3153222,RU1,2018,domestic_league,1083,11127,FK Rostov,Ural Yekaterinburg,2,1
2019-03-30,3159810,GR1,2018,domestic_league,2672,2671,APO Levadiakos Football Club,PAS Giannina,0,2
2019-03-30,3159812,GR1,2018,domestic_league,4603,6676,Athlitiki Enosi Larisas,A.G.S Asteras Tripolis,2,1
2019-03-30,3159817,GR1,2018,domestic_league,3999,169,PAS Lamia 1964,Panionios Athens,1,0
2019-03-31,3047811,FR1,2018,domestic_league,1416,40,Amiens SC,FC Girondins Bordeaux,0,0
2019-03-31,3047812,FR1,2018,domestic_league,2969,417,Dijon FCO,OGC Nice,0,1
2019-03-31,3047814,FR1,2018,domestic_league,162,1162,AS Monaco,SM Caen,0,1
2019-03-31,3047815,FR1,2018,domestic_league,995,1082,FC Nantes,LOSC Lille,2,3
2019-03-31,3047819,FR1,2018,domestic_league,415,583,FC Toulouse,Paris Saint-Germain,0,1
2019-03-31,3050488,GB1,2018,domestic_league,603,631,Cardiff City,Chelsea FC,1,2
2019-03-31,3050492,GB1,2018,domestic_league,31,148,Liverpool FC,Tottenham Hotspur,2,1
2019-03-31,3058660,L1,2018,domestic_league,24,79,Eintracht Frankfurt,VfB Stuttgart,3,0
2019-03-31,3058662,L1,2018,domestic_league,42,33,Hannover 96,FC Schalke 04,0,1
2019-03-31,3069638,PO1,2018,domestic_league,1301,982,CS Marítimo,CD Nacional,3,2
2019-03-31,3069641,PO1,2018,domestic_league,2425,3336,Rio Ave FC,Desportivo Aves (- 2020),0,2
2019-03-31,3069643,PO1,2018,domestic_league,2503,2457,Boavista FC,B SAD,2,0
2019-03-31,3080379,SC1,2018,domestic_league,371,124,Celtic FC,Rangers FC,2,1
2019-03-31,3080856,ES1,2018,domestic_league,368,1049,Sevilla FC,Valencia CF,0,1
2019-03-31,3080858,ES1,2018,domestic_league,367,150,Rayo Vallecano,Real Betis Balompié,1,1
2019-03-31,3080859,ES1,2018,domestic_league,3368,1533,Levante UD,SD Eibar,2,2
2019-03-31,3080860,ES1,2018,domestic_league,418,5358,Real Madrid,SD Huesca,3,2
2019-03-31,3080861,ES1,2018,domestic_league,366,681,Real Valladolid CF,Real Sociedad,1,1
2019-03-31,3081312,IT1,2018,domestic_league,130,800,Parma Calcio 1913,Atalanta BC,1,3
2019-03-31,3081316,IT1,2018,domestic_league,46,398,Inter Milan,Società Sportiva Lazio S.p.A.,0,1
2019-03-31,3081318,IT1,2018,domestic_league,12,6195,Associazione Sportiva Roma,SSC Napoli,1,4
2019-03-31,3081319,IT1,2018,domestic_league,1025,6574,Bologna Football Club 1909,US Sassuolo,2,1
2019-03-31,3081320,IT1,2018,domestic_league,8970,2722,Frosinone Calcio,SPAL,0,1
2019-03-31,3081321,IT1,2018,domestic_league,430,416,ACF Fiorentina,Torino FC,1,1
2019-03-31,3141141,NL1,2018,domestic_league,132,1426,NAC Breda,VVV-Venlo,1,1
2019-03-31,3141154,NL1,2018,domestic_league,1269,1283,PEC Zwolle,FC Emmen,3,0
2019-03-31,3141155,NL1,2018,domestic_league,200,234,FC Utrecht,Feyenoord Rotterdam,3,2
2019-03-31,3141156,NL1,2018,domestic_league,610,383,Ajax Amsterdam,PSV Eindhoven,3,1
2019-03-31,3153223,RU1,2018,domestic_league,964,14589,AO FK Zenit Sankt-Peterburg,FC Orenburg,3,1
2019-03-31,3153224,RU1,2018,domestic_league,2410,28095,PFK CSKA Moskva,FK Ufa,2,2
2019-03-31,3153225,RU1,2018,domestic_league,16704,2700,FK Krasnodar,Anzhi Makhachkala ( -2022),5,0
2019-03-31,3159813,GR1,2018,domestic_league,605,653,Aris Thessalonikis,Omilos Filathlon Irakliou FC,3,1
2019-03-31,3159814,GR1,2018,domestic_league,2441,6418,Athlitiki Enosi Konstantinoupoleos,Panetolikos Agrinio,4,0
2019-03-31,3159815,GR1,2018,domestic_league,128,1091,AO Xanthi,Panthessalonikios Athlitikos Omilos Konstantinoupoliton,1,2
2019-03-31,3159816,GR1,2018,domestic_league,683,3060,Olympiakos Syndesmos Filathlon Peiraios,APS Atromitos Athinon,2,1
2019-04-01,3047817,FR1,2018,domestic_league,618,1160,AS Saint-Étienne,Nîmes Olympique,2,1
2019-04-01,3050485,GB1,2018,domestic_league,11,762,Arsenal FC,Newcastle United,2,0
2019-04-01,3069637,PO1,2018,domestic_league,3349,1085,CD Feirense,Vitória Setúbal FC,0,1
2019-04-01,3159811,GR1,2018,domestic_league,441,265,Apollon Smyrnis,Panathinaikos Athlitikos Omilos,1,3
2019-04-02,3050503,GB1,2018,domestic_league,1010,931,Watford FC,Fulham FC,4,1
2019-04-02,3050504,GB1,2018,domestic_league,543,985,Wolverhampton Wanderers,Manchester United,2,1
2019-04-02,3080863,ES1,2018,domestic_league,13,12321,Atlético de Madrid,Girona FC,2,0
2019-04-02,3080865,ES1,2018,domestic_league,714,3709,RCD Espanyol Barcelona,Getafe CF,1,1
2019-04-02,3080868,ES1,2018,domestic_league,1050,131,Villarreal CF,FC Barcelona,4,4
2019-04-02,3081326,IT1,2018,domestic_league,1390,506,Cagliari Calcio,Juventus FC,0,2
2019-04-02,3081331,IT1,2018,domestic_league,5,410,AC Milan,Udinese Calcio,1,1
2019-04-02,3141157,NL1,2018,domestic_league,202,642,FC Groningen,De Graafschap Doetinchem,1,0
2019-04-02,3141158,NL1,2018,domestic_league,499,1090,Vitesse Arnhem,AZ Alkmaar,2,2
2019-04-02,3141159,NL1,2018,domestic_league,1304,403,Heracles Almelo,Willem II Tilburg,3,4
2019-04-02,3158829,DFB,2018,domestic_cup,127,41,SC Paderborn 07,Hamburger SV,0,2
2019-04-02,3158830,DFB,2018,domestic_cup,167,23826,FC Augsburg,RB Leipzig,1,2
2019-04-03,3047818,FR1,2018,domestic_league,667,1421,RC Strasbourg Alsace,Stade Reims,4,0
2019-04-03,3050431,GB1,2018,domestic_league,631,1237,Chelsea FC,Brighton & Hove Albion,3,0
2019-04-03,3050481,GB1,2018,domestic_league,148,873,Tottenham Hotspur,Crystal Palace,2,0
2019-04-03,3050499,GB1,2018,domestic_league,281,603,Manchester City,Cardiff City,2,0
2019-04-03,3080385,SC1,2018,domestic_league,370,987,Aberdeen FC,Motherwell FC,3,1
2019-04-03,3080386,SC1,2018,domestic_league,903,2553,Hibernian FC,Kilmarnock FC,0,0
2019-04-03,3080387,SC1,2018,domestic_league,1241,2999,Livingston FC,Hamilton Academical FC,2,0
2019-04-03,3080388,SC1,2018,domestic_league,124,43,Rangers FC,Heart of Midlothian FC,3,0
2019-04-03,3080389,SC1,2018,domestic_league,2578,511,St. Johnstone FC,Dundee FC,2,0
2019-04-03,3080390,SC1,2018,domestic_league,465,371,St. Mirren FC,Celtic FC,0,2
2019-04-03,3080862,ES1,2018,domestic_league,621,3368,Athletic Bilbao,Levante UD,3,2
2019-04-03,3080864,ES1,2018,domestic_league,1533,367,SD Eibar,Rayo Vallecano,2,1
2019-04-03,3080870,ES1,2018,domestic_league,5358,940,SD Huesca,Celta de Vigo,3,3
2019-04-03,3080871,ES1,2018,domestic_league,1049,418,Valencia CF,Real Madrid,2,1
2019-04-03,3081324,IT1,2018,domestic_league,12,430,Associazione Sportiva Roma,ACF Fiorentina,2,2
2019-04-03,3081325,IT1,2018,domestic_league,252,46,Genoa CFC,Inter Milan,0,4
2019-04-03,3081327,IT1,2018,domestic_league,2722,398,SPAL,Società Sportiva Lazio S.p.A.,1,0
2019-04-03,3081328,IT1,2018,domestic_league,749,6195,FC Empoli,SSC Napoli,2,1
2019-04-03,3081329,IT1,2018,domestic_league,8970,130,Frosinone Calcio,Parma Calcio 1913,3,2
2019-04-03,3081330,IT1,2018,domestic_league,416,1038,Torino FC,UC Sampdoria,2,1
2019-04-03,3093276,FR1,2018,domestic_league,969,855,Montpellier HSC,EA Guingamp,2,0
2019-04-03,3122166,RU1,2018,domestic_league,14589,2696,FC Orenburg,PFK Krylya Sovetov Samara,3,1
2019-04-03,3141147,NL1,2018,domestic_league,1283,610,FC Emmen,Ajax Amsterdam,2,5
2019-04-03,3141151,NL1,2018,domestic_league,385,1268,Fortuna Sittardia Combinatie,ADO Den Haag,0,0
2019-04-03,3141152,NL1,2018,domestic_league,1426,200,VVV-Venlo,FC Utrecht,2,6
2019-04-03,3141153,NL1,2018,domestic_league,798,132,Excelsior Rotterdam,NAC Breda,1,2
2019-04-03,3158831,DFB,2018,domestic_cup,27,2036,Bayern Munich,1. Fußballclub Heidenheim 1846,5,4
2019-04-03,3158832,DFB,2018,domestic_cup,33,86,FC Schalke 04,SV Werder Bremen,0,2
2019-04-03,3165651,RUP,2018,domestic_cup,932,1083,"Футбольный клуб ""Локомотив"" Москва",FK Rostov,2,2
2019-04-03,3165652,RUP,2018,domestic_cup,11127,3729,Ural Yekaterinburg,Arsenal Tula,1,0
2019-04-03,3166274,GRP,2018,domestic_cup,2441,3999,Athlitiki Enosi Konstantinoupoleos,PAS Lamia 1964,2,0
2019-04-03,3166275,GRP,2018,domestic_cup,1091,6676,Panthessalonikios Athlitikos Omilos Konstantinoupoliton,A.G.S Asteras Tripolis,2,0
2019-04-03,3167706,DKP,2018,domestic_cup,865,173,FC Midtjylland,Odense Boldklub,4,0
2019-04-04,3080866,ES1,2018,domestic_league,1244,366,CD Leganés,Real Valladolid CF,1,0
2019-04-04,3080867,ES1,2018,domestic_league,368,1108,Sevilla FC,Deportivo Alavés,2,0
2019-04-04,3080869,ES1,2018,domestic_league,681,150,Real Sociedad,Real Betis Balompié,2,1
2019-04-04,3081322,IT1,2018,domestic_league,800,1025,Atalanta BC,Bologna Football Club 1909,4,1
2019-04-04,3081323,IT1,2018,domestic_league,6574,862,US Sassuolo,Chievo Verona,4,0
2019-04-04,3141166,NL1,2018,domestic_league,234,306,Feyenoord Rotterdam,SC Heerenveen,3,0
2019-04-04,3141168,NL1,2018,domestic_league,383,1269,PSV Eindhoven,PEC Zwolle,4,0
2019-04-04,3167707,DKP,2018,domestic_cup,206,1053,Bröndby IF,Aalborg BK,1,0
2019-04-05,3047822,FR1,2018,domestic_league,40,244,FC Girondins Bordeaux,Olympique Marseille,2,0
2019-04-05,3050501,GB1,2018,domestic_league,180,31,Southampton FC,Liverpool FC,1,3
2019-04-05,3058673,L1,2018,domestic_league,39,60,1.FSV Mainz 05,SC Freiburg,5,0
2019-04-05,3069651,PO1,2018,domestic_league,720,2503,FC Porto,Boavista FC,2,0
2019-04-05,3069944,TR1,2018,domestic_league,449,589,Trabzonspor,Antalyaspor,4,1
2019-04-06,3047820,FR1,2018,domestic_league,1416,618,Amiens SC,AS Saint-Étienne,2,2
2019-04-06,3047821,FR1,2018,domestic_league,1420,273,Angers SCO,Stade Rennais FC,3,3
2019-04-06,3047823,FR1,2018,domestic_league,855,162,EA Guingamp,AS Monaco,1,1
2019-04-06,3047824,FR1,2018,domestic_league,1041,2969,Olympique Lyon,Dijon FCO,1,3
2019-04-06,3047826,FR1,2018,domestic_league,1160,1162,Nîmes Olympique,SM Caen,2,0
2019-04-06,3050495,GB1,2018,domestic_league,989,1132,AFC Bournemouth,Burnley FC,1,3
2019-04-06,3050498,GB1,2018,domestic_league,1110,1003,Huddersfield Town,Leicester City,1,4
2019-04-06,3050500,GB1,2018,domestic_league,762,873,Newcastle United,Crystal Palace,0,1
2019-04-06,3058666,L1,2018,domestic_league,27,16,Bayern Munich,Borussia Dortmund,5,0
2019-04-06,3058667,L1,2018,domestic_league,33,24,FC Schalke 04,Eintracht Frankfurt,1,2
2019-04-06,3058668,L1,2018,domestic_league,15,23826,Bayer 04 Leverkusen,RB Leipzig,2,4
2019-04-06,3058669,L1,2018,domestic_league,79,4,VfB Stuttgart,1.FC Nuremberg,1,1
2019-04-06,3058671,L1,2018,domestic_league,44,38,Hertha BSC,Fortuna Düsseldorf,1,2
2019-04-06,3058674,L1,2018,domestic_league,82,42,VfL Wolfsburg,Hannover 96,3,1
2019-04-06,3069647,PO1,2018,domestic_league,2457,2423,B SAD,CD Santa Clara,1,1
2019-04-06,3069649,PO1,2018,domestic_league,2420,3325,Vitória Guimarães SC,GD Chaves,4,0
2019-04-06,3069650,PO1,2018,domestic_league,982,3336,CD Nacional,Desportivo Aves (- 2020),0,0
2019-04-06,3069653,PO1,2018,domestic_league,979,1075,Moreirense FC,SC Braga,1,0
2019-04-06,3069941,TR1,2018,domestic_league,2381,3205,Sivasspor,Kayserispor,1,3
2019-04-06,3069942,TR1,2018,domestic_league,11282,20,Alanyaspor,Bursaspor,1,0
2019-04-06,3069943,TR1,2018,domestic_league,141,19789,Galatasaray,Yeni Malatyaspor,3,0
2019-04-06,3080391,SC1,2018,domestic_league,371,1241,Celtic FC,Livingston FC,0,0
2019-04-06,3080392,SC1,2018,domestic_league,511,370,Dundee FC,Aberdeen FC,0,2
2019-04-06,3080393,SC1,2018,domestic_league,2999,465,Hamilton Academical FC,St. Mirren FC,1,1
2019-04-06,3080394,SC1,2018,domestic_league,43,903,Heart of Midlothian FC,Hibernian FC,1,2
2019-04-06,3080395,SC1,2018,domestic_league,2553,2578,Kilmarnock FC,St. Johnstone FC,2,0
2019-04-06,3080875,ES1,2018,domestic_league,367,1049,Rayo Vallecano,Valencia CF,2,0
2019-04-06,3080877,ES1,2018,domestic_league,131,13,FC Barcelona,Atlético de Madrid,2,0
2019-04-06,3080878,ES1,2018,domestic_league,418,1533,Real Madrid,SD Eibar,2,1
2019-04-06,3080879,ES1,2018,domestic_league,12321,714,Girona FC,RCD Espanyol Barcelona,1,2
2019-04-06,3081337,IT1,2018,domestic_league,506,5,Juventus FC,AC Milan,2,1
2019-04-06,3081338,IT1,2018,domestic_league,1038,12,UC Sampdoria,Associazione Sportiva Roma,0,1
2019-04-06,3081341,IT1,2018,domestic_league,130,416,Parma Calcio 1913,Torino FC,0,0
2019-04-06,3141161,NL1,2018,domestic_league,1268,200,ADO Den Haag,FC Utrecht,5,0
2019-04-06,3141164,NL1,2018,domestic_league,202,798,FC Groningen,Excelsior Rotterdam,1,0
2019-04-06,3141165,NL1,2018,domestic_league,642,1090,De Graafschap Doetinchem,AZ Alkmaar,1,1
2019-04-06,3141167,NL1,2018,domestic_league,403,610,Willem II Tilburg,Ajax Amsterdam,1,4
2019-04-06,3141169,NL1,2018,domestic_league,1304,132,Heracles Almelo,NAC Breda,1,0
2019-04-06,3159932,GR1,2018,domestic_league,653,2671,Omilos Filathlon Irakliou FC,PAS Giannina,1,0
2019-04-06,3159933,GR1,2018,domestic_league,265,605,Panathinaikos Athlitikos Omilos,Aris Thessalonikis,2,0
2019-04-06,3159934,GR1,2018,domestic_league,169,4603,Panionios Athens,Athlitiki Enosi Larisas,1,0
2019-04-06,3168580,FAC,2018,domestic_cup,281,1237,Manchester City,Brighton & Hove Albion,1,0
2019-04-06,3171674,RU1,2018,domestic_league,2700,121,Anzhi Makhachkala ( -2022),FK Dinamo Moskva,1,1
2019-04-06,3171675,RU1,2018,domestic_league,16704,2696,FK Krasnodar,PFK Krylya Sovetov Samara,1,0
2019-04-06,3171676,RU1,2018,domestic_league,232,2410,FK Spartak Moskva,PFK CSKA Moskva,0,2
2019-04-07,3047825,FR1,2018,domestic_league,417,969,OGC Nice,Montpellier HSC,1,0
2019-04-07,3047827,FR1,2018,domestic_league,583,667,Paris Saint-Germain,RC Strasbourg Alsace,2,2
2019-04-07,3047828,FR1,2018,domestic_league,1421,1082,Stade Reims,LOSC Lille,1,1
2019-04-07,3047829,FR1,2018,domestic_league,415,995,FC Toulouse,FC Nantes,1,0
2019-04-07,3050497,GB1,2018,domestic_league,29,11,Everton FC,Arsenal FC,1,0
2019-04-07,3058670,L1,2018,domestic_league,18,86,Borussia Mönchengladbach,SV Werder Bremen,1,1
2019-04-07,3058672,L1,2018,domestic_league,167,533,FC Augsburg,TSG 1899 Hoffenheim,0,4
2019-04-07,3069646,PO1,2018,domestic_league,336,2425,Sporting CP,Rio Ave FC,3,0
2019-04-07,3069648,PO1,2018,domestic_league,1085,1301,Vitória Setúbal FC,CS Marítimo,1,0
2019-04-07,3069652,PO1,2018,domestic_league,3349,294,CD Feirense,SL Benfica,1,4
2019-04-07,3069945,TR1,2018,domestic_league,10484,39722,Kasimpasa,Erzurumspor FK,2,1
2019-04-07,3069946,TR1,2018,domestic_league,1467,19771,Göztepe,Akhisarspor,0,1
2019-04-07,3069948,TR1,2018,domestic_league,6890,2293,Basaksehir FK,Konyaspor,2,0
2019-04-07,3069949,TR1,2018,domestic_league,868,36,MKE Ankaragücü,Fenerbahce,1,1
2019-04-07,3080396,SC1,2018,domestic_league,987,124,Motherwell FC,Rangers FC,0,3
2019-04-07,3080872,ES1,2018,domestic_league,1108,1244,Deportivo Alavés,CD Leganés,1,1
2019-04-07,3080873,ES1,2018,domestic_league,150,1050,Real Betis Balompié,Villarreal CF,2,1
2019-04-07,3080874,ES1,2018,domestic_league,940,681,Celta de Vigo,Real Sociedad,3,1
2019-04-07,3080876,ES1,2018,domestic_league,3709,621,Getafe CF,Athletic Bilbao,1,0
2019-04-07,3080880,ES1,2018,domestic_league,3368,5358,Levante UD,SD Huesca,2,2
2019-04-07,3080881,ES1,2018,domestic_league,366,368,Real Valladolid CF,Sevilla FC,0,2
2019-04-07,3081332,IT1,2018,domestic_league,46,800,Inter Milan,Atalanta BC,0,0
2019-04-07,3081334,IT1,2018,domestic_league,410,749,Udinese Calcio,FC Empoli,3,2
2019-04-07,3081335,IT1,2018,domestic_league,430,8970,ACF Fiorentina,Frosinone Calcio,0,1
2019-04-07,3081336,IT1,2018,domestic_league,6195,252,SSC Napoli,Genoa CFC,1,1
2019-04-07,3081339,IT1,2018,domestic_league,398,6574,Società Sportiva Lazio S.p.A.,US Sassuolo,2,2
2019-04-07,3081340,IT1,2018,domestic_league,1390,2722,Cagliari Calcio,SPAL,2,1
2019-04-07,3126184,UKRP,2018,domestic_cup,49364,2477,Ingulets Petrove,Karpaty Lviv (-2021),6,5
2019-04-07,3126185,UKRP,2018,domestic_cup,60551,2740,SC Dnipro-1,Vorskla Poltava,2,0
2019-04-07,3126186,UKRP,2018,domestic_cup,660,338,FC Shakhtar Donetsk,Dynamo Kyiv,5,4
2019-04-07,3126187,UKRP,2018,domestic_cup,18105,10690,PFK Lviv,Zorya Lugansk,0,1
2019-04-07,3141160,NL1,2018,domestic_league,1426,234,VVV-Venlo,Feyenoord Rotterdam,0,3
2019-04-07,3141162,NL1,2018,domestic_league,1269,385,PEC Zwolle,Fortuna Sittardia Combinatie,5,0
2019-04-07,3141163,NL1,2018,domestic_league,1283,306,FC Emmen,SC Heerenveen,2,0
2019-04-07,3141179,NL1,2018,domestic_league,499,383,Vitesse Arnhem,PSV Eindhoven,3,3
2019-04-07,3159935,GR1,2018,domestic_league,128,2441,AO Xanthi,Athlitiki Enosi Konstantinoupoleos,1,3
2019-04-07,3159936,GR1,2018,domestic_league,6676,2672,A.G.S Asteras Tripolis,APO Levadiakos Football Club,0,0
2019-04-07,3159937,GR1,2018,domestic_league,6418,683,Panetolikos Agrinio,Olympiakos Syndesmos Filathlon Peiraios,0,5
2019-04-07,3159938,GR1,2018,domestic_league,1091,3999,Panthessalonikios Athlitikos Omilos Konstantinoupoliton,PAS Lamia 1964,3,0
2019-04-07,3168581,FAC,2018,domestic_cup,1010,543,Watford FC,Wolverhampton Wanderers,3,2
2019-04-07,3171677,RU1,2018,domestic_league,28095,1083,FK Ufa,FK Rostov,1,0
2019-04-07,3171678,RU1,2018,domestic_league,11127,3714,Ural Yekaterinburg,Enisey Krasnoyarsk,3,2
2019-04-07,3171679,RU1,2018,domestic_league,2698,3729,FC Rubin Kazan,Arsenal Tula,0,0
2019-04-07,3171680,RU1,2018,domestic_league,932,964,"Футбольный клуб ""Локомотив"" Москва",AO FK Zenit Sankt-Peterburg,1,1
2019-04-08,3050496,GB1,2018,domestic_league,631,379,Chelsea FC,West Ham United,2,0
2019-04-08,3069645,PO1,2018,domestic_league,7179,7378,CD Tondela,Portimonense SC,3,2
2019-04-08,3069947,TR1,2018,domestic_league,126,114,Caykur Rizespor,Beşiktaş Jimnastik Kulübü,2,7
2019-04-08,3081333,IT1,2018,domestic_league,1025,862,Bologna Football Club 1909,Chievo Verona,3,0
2019-04-08,3159939,GR1,2018,domestic_league,3060,441,APS Atromitos Athinon,Apollon Smyrnis,1,0
2019-04-08,3171681,RU1,2018,domestic_league,14589,3725,FC Orenburg,RFK Akhmat Grozny,1,3
2019-04-09,3047789,FR1,2018,domestic_league,1160,273,Nîmes Olympique,Stade Rennais FC,3,1
2019-04-09,3167763,CL,2018,international_cup,31,720,Liverpool FC,FC Porto,2,0
2019-04-09,3167765,CL,2018,international_cup,148,281,Tottenham Hotspur,Manchester City,1,0
2019-04-10,3167761,CL,2018,international_cup,610,506,Ajax Amsterdam,Juventus FC,1,1
2019-04-10,3167767,CL,2018,international_cup,985,131,Manchester United,FC Barcelona,0,1
2019-04-11,3167769,EL,2018,other,11,6195,Arsenal FC,SSC Napoli,2,0
2019-04-11,3167771,EL,2018,other,1050,1049,Villarreal CF,Valencia CF,1,3
2019-04-11,3167773,EL,2018,other,294,24,SL Benfica,Eintracht Frankfurt,4,2
2019-04-11,3167775,EL,2018,other,62,631,SK Slavia Prague,Chelsea FC,0,1
2019-04-12,3047831,FR1,2018,domestic_league,2969,1416,Dijon FCO,Amiens SC,0,0
2019-04-12,3047836,FR1,2018,domestic_league,995,1041,FC Nantes,Olympique Lyon,2,1
2019-04-12,3050517,GB1,2018,domestic_league,1003,762,Leicester City,Newcastle United,0,1
2019-04-12,3058683,L1,2018,domestic_league,4,33,1.FC Nuremberg,FC Schalke 04,1,1
2019-04-12,3069659,PO1,2018,domestic_league,3325,2457,GD Chaves,B SAD,2,2
2019-04-12,3069951,TR1,2018,domestic_league,20,449,Bursaspor,Trabzonspor,0,1
2019-04-12,3141174,NL1,2018,domestic_league,132,1283,NAC Breda,FC Emmen,1,1
2019-04-12,3174469,RU1,2018,domestic_league,2696,2698,PFK Krylya Sovetov Samara,FC Rubin Kazan,1,0
2019-04-13,3047830,FR1,2018,domestic_league,1162,1420,SM Caen,Angers SCO,0,1
2019-04-13,3047833,FR1,2018,domestic_league,244,1160,Olympique Marseille,Nîmes Olympique,2,1
2019-04-13,3047834,FR1,2018,domestic_league,162,1421,AS Monaco,Stade Reims,0,0
2019-04-13,3047839,FR1,2018,domestic_league,667,855,RC Strasbourg Alsace,EA Guingamp,3,3
2019-04-13,3050513,GB1,2018,domestic_league,1237,989,Brighton & Hove Albion,AFC Bournemouth,0,5
2019-04-13,3050514,GB1,2018,domestic_league,1132,603,Burnley FC,Cardiff City,2,0
2019-04-13,3050516,GB1,2018,domestic_league,931,29,Fulham FC,Everton FC,2,0
2019-04-13,3050519,GB1,2018,domestic_league,985,379,Manchester United,West Ham United,2,1
2019-04-13,3050520,GB1,2018,domestic_league,180,543,Southampton FC,Wolverhampton Wanderers,3,1
2019-04-13,3050521,GB1,2018,domestic_league,148,1110,Tottenham Hotspur,Huddersfield Town,4,0
2019-04-13,3058676,L1,2018,domestic_league,16,39,Borussia Dortmund,1.FSV Mainz 05,2,1
2019-04-13,3058677,L1,2018,domestic_league,23826,82,RB Leipzig,VfL Wolfsburg,2,0
2019-04-13,3058678,L1,2018,domestic_league,79,15,VfB Stuttgart,Bayer 04 Leverkusen,0,1
2019-04-13,3058680,L1,2018,domestic_league,86,60,SV Werder Bremen,SC Freiburg,2,1
2019-04-13,3058681,L1,2018,domestic_league,42,18,Hannover 96,Borussia Mönchengladbach,0,1
2019-04-13,3069654,PO1,2018,domestic_league,2423,979,CD Santa Clara,Moreirense FC,1,1
2019-04-13,3069658,PO1,2018,domestic_league,3336,336,Desportivo Aves (- 2020),Sporting CP,1,3
2019-04-13,3069662,PO1,2018,domestic_league,7378,720,Portimonense SC,FC Porto,0,3
2019-04-13,3069952,TR1,2018,domestic_league,126,1467,Caykur Rizespor,Göztepe,1,0
2019-04-13,3069954,TR1,2018,domestic_league,2293,2381,Konyaspor,Sivasspor,1,1
2019-04-13,3069955,TR1,2018,domestic_league,114,6890,Beşiktaş Jimnastik Kulübü,Basaksehir FK,2,1
2019-04-13,3080883,ES1,2018,domestic_league,13,940,Atlético de Madrid,Celta de Vigo,2,0
2019-04-13,3080886,ES1,2018,domestic_league,714,1108,RCD Espanyol Barcelona,Deportivo Alavés,2,1
2019-04-13,3080887,ES1,2018,domestic_league,5358,131,SD Huesca,FC Barcelona,0,0
2019-04-13,3080888,ES1,2018,domestic_league,368,150,Sevilla FC,Real Betis Balompié,3,2
2019-04-13,3081347,IT1,2018,domestic_league,2722,506,SPAL,Juventus FC,2,1
2019-04-13,3081348,IT1,2018,domestic_league,5,398,AC Milan,Società Sportiva Lazio S.p.A.,1,0
2019-04-13,3081351,IT1,2018,domestic_league,12,410,Associazione Sportiva Roma,Udinese Calcio,1,0
2019-04-13,3141171,NL1,2018,domestic_league,610,798,Ajax Amsterdam,Excelsior Rotterdam,6,2
2019-04-13,3141176,NL1,2018,domestic_league,1090,1268,AZ Alkmaar,ADO Den Haag,2,3
2019-04-13,3141177,NL1,2018,domestic_league,234,1304,Feyenoord Rotterdam,Heracles Almelo,2,1
2019-04-13,3141178,NL1,2018,domestic_league,385,1426,Fortuna Sittardia Combinatie,VVV-Venlo,1,1
2019-04-13,3167272,SFA,2018,domestic_cup,43,2451,Heart of Midlothian FC,Inverness Caledonian Thistle FC,3,0
2019-04-13,3174470,RU1,2018,domestic_league,3714,28095,Enisey Krasnoyarsk,FK Ufa,0,0
2019-04-13,3174471,RU1,2018,domestic_league,3729,11127,Arsenal Tula,Ural Yekaterinburg,0,0
2019-04-13,3174472,RU1,2018,domestic_league,2410,14589,PFK CSKA Moskva,FC Orenburg,2,3
2019-04-13,3174473,RU1,2018,domestic_league,3725,932,RFK Akhmat Grozny,"Футбольный клуб ""Локомотив"" Москва",1,3
2019-04-14,3047832,FR1,2018,domestic_league,1082,583,LOSC Lille,Paris Saint-Germain,5,1
2019-04-14,3047835,FR1,2018,domestic_league,969,415,Montpellier HSC,FC Toulouse,2,1
2019-04-14,3047837,FR1,2018,domestic_league,273,417,Stade Rennais FC,OGC Nice,0,0
2019-04-14,3047838,FR1,2018,domestic_league,618,40,AS Saint-Étienne,FC Girondins Bordeaux,3,0
2019-04-14,3050515,GB1,2018,domestic_league,873,281,Crystal Palace,Manchester City,1,3
2019-04-14,3050518,GB1,2018,domestic_league,31,631,Liverpool FC,Chelsea FC,2,0
2019-04-14,3058675,L1,2018,domestic_league,533,44,TSG 1899 Hoffenheim,Hertha BSC,2,0
2019-04-14,3058679,L1,2018,domestic_league,24,167,Eintracht Frankfurt,FC Augsburg,1,3
2019-04-14,3058682,L1,2018,domestic_league,38,27,Fortuna Düsseldorf,Bayern Munich,1,4
2019-04-14,3069655,PO1,2018,domestic_league,2503,982,Boavista FC,CD Nacional,1,0
2019-04-14,3069656,PO1,2018,domestic_league,1075,7179,SC Braga,CD Tondela,3,0
2019-04-14,3069657,PO1,2018,domestic_league,294,1085,SL Benfica,Vitória Setúbal FC,4,2
2019-04-14,3069660,PO1,2018,domestic_league,2425,2420,Rio Ave FC,Vitória Guimarães SC,2,1
2019-04-14,3069661,PO1,2018,domestic_league,1301,3349,CS Marítimo,CD Feirense,2,0
2019-04-14,3069950,TR1,2018,domestic_league,589,10484,Antalyaspor,Kasimpasa,1,0
2019-04-14,3069953,TR1,2018,domestic_league,3205,868,Kayserispor,MKE Ankaragücü,0,2
2019-04-14,3069957,TR1,2018,domestic_league,19789,11282,Yeni Malatyaspor,Alanyaspor,1,1
2019-04-14,3069958,TR1,2018,domestic_league,36,141,Fenerbahce,Galatasaray,1,1
2019-04-14,3080882,ES1,2018,domestic_league,621,367,Athletic Bilbao,Rayo Vallecano,3,2
2019-04-14,3080884,ES1,2018,domestic_league,12321,1050,Girona FC,Villarreal CF,0,1
2019-04-14,3080889,ES1,2018,domestic_league,681,1533,Real Sociedad,SD Eibar,1,1
2019-04-14,3080890,ES1,2018,domestic_league,366,3709,Real Valladolid CF,Getafe CF,2,2
2019-04-14,3080891,ES1,2018,domestic_league,1049,3368,Valencia CF,Levante UD,3,1
2019-04-14,3081342,IT1,2018,domestic_league,430,1025,ACF Fiorentina,Bologna Football Club 1909,0,0
2019-04-14,3081343,IT1,2018,domestic_league,416,1390,Torino FC,Cagliari Calcio,1,1
2019-04-14,3081345,IT1,2018,domestic_league,1038,252,UC Sampdoria,Genoa CFC,2,0
2019-04-14,3081346,IT1,2018,domestic_league,8970,46,Frosinone Calcio,Inter Milan,1,3
2019-04-14,3081349,IT1,2018,domestic_league,862,6195,Chievo Verona,SSC Napoli,1,3
2019-04-14,3081350,IT1,2018,domestic_league,6574,130,US Sassuolo,Parma Calcio 1913,0,0
2019-04-14,3141170,NL1,2018,domestic_league,200,499,FC Utrecht,Vitesse Arnhem,0,0
2019-04-14,3141172,NL1,2018,domestic_league,383,642,PSV Eindhoven,De Graafschap Doetinchem,2,1
2019-04-14,3141173,NL1,2018,domestic_league,306,202,SC Heerenveen,FC Groningen,1,1
2019-04-14,3141175,NL1,2018,domestic_league,403,1269,Willem II Tilburg,PEC Zwolle,2,0
2019-04-14,3159940,GR1,2018,domestic_league,4603,1091,Athlitiki Enosi Larisas,Panthessalonikios Athlitikos Omilos Konstantinoupoliton,1,1
2019-04-14,3159941,GR1,2018,domestic_league,441,6418,Apollon Smyrnis,Panetolikos Agrinio,0,1
2019-04-14,3159942,GR1,2018,domestic_league,605,3060,Aris Thessalonikis,APS Atromitos Athinon,0,2
2019-04-14,3159943,GR1,2018,domestic_league,3999,2441,PAS Lamia 1964,Athlitiki Enosi Konstantinoupoleos,2,2
2019-04-14,3159944,GR1,2018,domestic_league,2672,169,APO Levadiakos Football Club,Panionios Athens,1,2
2019-04-14,3159945,GR1,2018,domestic_league,683,128,Olympiakos Syndesmos Filathlon Peiraios,AO Xanthi,4,0
2019-04-14,3159946,GR1,2018,domestic_league,265,653,Panathinaikos Athlitikos Omilos,Omilos Filathlon Irakliou FC,1,3
2019-04-14,3159947,GR1,2018,domestic_league,2671,6676,PAS Giannina,A.G.S Asteras Tripolis,0,0
2019-04-14,3167271,SFA,2018,domestic_cup,370,371,Aberdeen FC,Celtic FC,0,3
2019-04-14,3174474,RU1,2018,domestic_league,121,16704,FK Dinamo Moskva,FK Krasnodar,1,1
2019-04-14,3174475,RU1,2018,domestic_league,964,2700,AO FK Zenit Sankt-Peterburg,Anzhi Makhachkala ( -2022),5,0
2019-04-14,3174476,RU1,2018,domestic_league,1083,232,FK Rostov,FK Spartak Moskva,2,1
2019-04-15,3050522,GB1,2018,domestic_league,1010,11,Watford FC,Arsenal FC,0,1
2019-04-15,3069956,TR1,2018,domestic_league,39722,19771,Erzurumspor FK,Akhisarspor,2,1
2019-04-15,3080885,ES1,2018,domestic_league,1244,418,CD Leganés,Real Madrid,1,1
2019-04-15,3081344,IT1,2018,domestic_league,800,749,Atalanta BC,FC Empoli,0,0
2019-04-16,3050476,GB1,2018,domestic_league,1237,603,Brighton & Hove Albion,Cardiff City,0,2
2019-04-16,3167762,CL,2018,international_cup,506,610,Juventus FC,Ajax Amsterdam,1,2
2019-04-16,3167768,CL,2018,international_cup,131,985,FC Barcelona,Manchester United,3,0
2019-04-16,3180560,UKRP,2018,domestic_cup,60551,660,SC Dnipro-1,FC Shakhtar Donetsk,0,2
2019-04-17,3047796,FR1,2018,domestic_league,995,583,FC Nantes,Paris Saint-Germain,3,2
2019-04-17,3081281,IT1,2018,domestic_league,398,410,Società Sportiva Lazio S.p.A.,Udinese Calcio,2,0
2019-04-17,3167764,CL,2018,international_cup,720,31,FC Porto,Liverpool FC,1,4
2019-04-17,3167766,CL,2018,international_cup,281,148,Manchester City,Tottenham Hotspur,4,3
2019-04-17,3174697,UKRP,2018,domestic_cup,49364,10690,Ingulets Petrove,Zorya Lugansk,2,1
2019-04-18,3167770,EL,2018,other,6195,11,SSC Napoli,Arsenal FC,0,1
2019-04-18,3167772,EL,2018,other,1049,1050,Valencia CF,Villarreal CF,2,0
2019-04-18,3167774,EL,2018,other,24,294,Eintracht Frankfurt,SL Benfica,2,0
2019-04-18,3167776,EL,2018,other,631,62,Chelsea FC,SK Slavia Prague,4,3
2019-04-19,3047840,FR1,2018,domestic_league,2969,273,Dijon FCO,Stade Rennais FC,3,2
2019-04-19,3047842,FR1,2018,domestic_league,1041,1420,Olympique Lyon,Angers SCO,2,1
2019-04-19,3069663,PO1,2018,domestic_league,1085,7378,Vitória Setúbal FC,Portimonense SC,1,1
2019-04-19,3069665,PO1,2018,domestic_league,982,336,CD Nacional,Sporting CP,0,1
2019-04-19,3069669,PO1,2018,domestic_league,7179,2503,CD Tondela,Boavista FC,1,0
2019-04-19,3069670,PO1,2018,domestic_league,2420,3336,Vitória Guimarães SC,Desportivo Aves (- 2020),0,2
2019-04-19,3069961,TR1,2018,domestic_league,10484,20,Kasimpasa,Bursaspor,1,1
2019-04-19,3080892,ES1,2018,domestic_league,1108,366,Deportivo Alavés,Real Valladolid CF,2,2
2019-04-19,3141191,NL1,2018,domestic_league,1304,306,Heracles Almelo,SC Heerenveen,2,1
2019-04-19,3174676,RU1,2018,domestic_league,2700,3725,Anzhi Makhachkala ( -2022),RFK Akhmat Grozny,0,1
2019-04-20,3047841,FR1,2018,domestic_league,855,244,EA Guingamp,Olympique Marseille,1,3
2019-04-20,3047844,FR1,2018,domestic_league,417,1162,OGC Nice,SM Caen,0,1
2019-04-20,3047845,FR1,2018,domestic_league,1160,40,Nîmes Olympique,FC Girondins Bordeaux,2,1
2019-04-20,3047848,FR1,2018,domestic_league,667,969,RC Strasbourg Alsace,Montpellier HSC,1,3
2019-04-20,3050524,GB1,2018,domestic_league,989,931,AFC Bournemouth,Fulham FC,0,1
2019-04-20,3050528,GB1,2018,domestic_league,1110,1010,Huddersfield Town,Watford FC,1,2
2019-04-20,3050529,GB1,2018,domestic_league,281,148,Manchester City,Tottenham Hotspur,1,0
2019-04-20,3050530,GB1,2018,domestic_league,762,180,Newcastle United,Southampton FC,3,1
2019-04-20,3050531,GB1,2018,domestic_league,379,1003,West Ham United,Leicester City,2,2
2019-04-20,3050532,GB1,2018,domestic_league,543,1237,Wolverhampton Wanderers,Brighton & Hove Albion,0,0
2019-04-20,3058684,L1,2018,domestic_league,27,86,Bayern Munich,SV Werder Bremen,1,0
2019-04-20,3058685,L1,2018,domestic_league,33,533,FC Schalke 04,TSG 1899 Hoffenheim,2,5
2019-04-20,3058686,L1,2018,domestic_league,15,4,Bayer 04 Leverkusen,1.FC Nuremberg,2,0
2019-04-20,3058687,L1,2018,domestic_league,18,23826,Borussia Mönchengladbach,RB Leipzig,1,2
2019-04-20,3058689,L1,2018,domestic_league,167,79,FC Augsburg,VfB Stuttgart,6,0
2019-04-20,3058691,L1,2018,domestic_league,39,38,1.FSV Mainz 05,Fortuna Düsseldorf,3,1
2019-04-20,3069666,PO1,2018,domestic_league,720,2423,FC Porto,CD Santa Clara,1,0
2019-04-20,3069667,PO1,2018,domestic_league,2457,2425,B SAD,Rio Ave FC,1,3
2019-04-20,3069668,PO1,2018,domestic_league,979,3325,Moreirense FC,GD Chaves,0,1
2019-04-20,3069671,PO1,2018,domestic_league,3349,1075,CD Feirense,SC Braga,0,2
2019-04-20,3069960,TR1,2018,domestic_league,141,3205,Galatasaray,Kayserispor,3,1
2019-04-20,3069962,TR1,2018,domestic_league,449,19789,Trabzonspor,Yeni Malatyaspor,2,1
2019-04-20,3069963,TR1,2018,domestic_league,19771,589,Akhisarspor,Antalyaspor,1,2
2019-04-20,3069964,TR1,2018,domestic_league,1467,39722,Göztepe,Erzurumspor FK,0,1
2019-04-20,3080893,ES1,2018,domestic_league,131,681,FC Barcelona,Real Sociedad,2,1
2019-04-20,3080895,ES1,2018,domestic_league,940,12321,Celta de Vigo,Girona FC,2,1
2019-04-20,3080898,ES1,2018,domestic_league,1533,13,SD Eibar,Atlético de Madrid,0,1
2019-04-20,3080900,ES1,2018,domestic_league,367,5358,Rayo Vallecano,SD Huesca,0,0
2019-04-20,3081353,IT1,2018,domestic_league,398,862,Società Sportiva Lazio S.p.A.,Chievo Verona,1,2
2019-04-20,3081354,IT1,2018,domestic_league,506,430,Juventus FC,ACF Fiorentina,2,1
2019-04-20,3081355,IT1,2018,domestic_league,1390,8970,Cagliari Calcio,Frosinone Calcio,1,0
2019-04-20,3081356,IT1,2018,domestic_league,130,5,Parma Calcio 1913,AC Milan,1,1
2019-04-20,3081357,IT1,2018,domestic_league,46,12,Inter Milan,Associazione Sportiva Roma,1,1
2019-04-20,3081358,IT1,2018,domestic_league,1025,1038,Bologna Football Club 1909,UC Sampdoria,3,0
2019-04-20,3081359,IT1,2018,domestic_league,410,6574,Udinese Calcio,US Sassuolo,1,1
2019-04-20,3081360,IT1,2018,domestic_league,749,2722,FC Empoli,SPAL,2,4
2019-04-20,3081361,IT1,2018,domestic_league,252,416,Genoa CFC,Torino FC,0,1
2019-04-20,3141182,NL1,2018,domestic_league,202,610,FC Groningen,Ajax Amsterdam,0,1
2019-04-20,3141184,NL1,2018,domestic_league,1283,200,FC Emmen,FC Utrecht,2,0
2019-04-20,3141186,NL1,2018,domestic_league,234,1090,Feyenoord Rotterdam,AZ Alkmaar,2,1
2019-04-20,3141187,NL1,2018,domestic_league,499,1269,Vitesse Arnhem,PEC Zwolle,4,1
2019-04-20,3141188,NL1,2018,domestic_league,1426,642,VVV-Venlo,De Graafschap Doetinchem,4,1
2019-04-20,3174677,RU1,2018,domestic_league,28095,3729,FK Ufa,Arsenal Tula,1,2
2019-04-20,3174678,RU1,2018,domestic_league,14589,1083,FC Orenburg,FK Rostov,3,0
2019-04-20,3174679,RU1,2018,domestic_league,121,2696,FK Dinamo Moskva,PFK Krylya Sovetov Samara,1,0
2019-04-20,3174680,RU1,2018,domestic_league,932,2410,"Футбольный клуб ""Локомотив"" Москва",PFK CSKA Moskva,1,1
2019-04-20,3174681,RU1,2018,domestic_league,16704,964,FK Krasnodar,AO FK Zenit Sankt-Peterburg,2,3
2019-04-21,3047843,FR1,2018,domestic_league,995,1416,FC Nantes,Amiens SC,3,2
2019-04-21,3047846,FR1,2018,domestic_league,583,162,Paris Saint-Germain,AS Monaco,3,1
2019-04-21,3047847,FR1,2018,domestic_league,1421,618,Stade Reims,AS Saint-Étienne,0,2
2019-04-21,3047849,FR1,2018,domestic_league,415,1082,FC Toulouse,LOSC Lille,0,0
2019-04-21,3050523,GB1,2018,domestic_league,11,873,Arsenal FC,Crystal Palace,2,3
2019-04-21,3050525,GB1,2018,domestic_league,603,31,Cardiff City,Liverpool FC,0,2
2019-04-21,3050527,GB1,2018,domestic_league,29,985,Everton FC,Manchester United,4,0
2019-04-21,3058688,L1,2018,domestic_league,44,42,Hertha BSC,Hannover 96,0,0
2019-04-21,3058690,L1,2018,domestic_league,60,16,SC Freiburg,Borussia Dortmund,0,4
2019-04-21,3069965,TR1,2018,domestic_league,6890,126,Basaksehir FK,Caykur Rizespor,1,1
2019-04-21,3069966,TR1,2018,domestic_league,868,2293,MKE Ankaragücü,Konyaspor,0,0
2019-04-21,3069967,TR1,2018,domestic_league,11282,36,Alanyaspor,Fenerbahce,1,0
2019-04-21,3080894,ES1,2018,domestic_league,150,1049,Real Betis Balompié,Valencia CF,1,2
2019-04-21,3080896,ES1,2018,domestic_league,3709,368,Getafe CF,Sevilla FC,3,0
2019-04-21,3080897,ES1,2018,domestic_league,418,621,Real Madrid,Athletic Bilbao,3,0
2019-04-21,3080899,ES1,2018,domestic_league,3368,714,Levante UD,RCD Espanyol Barcelona,2,2
2019-04-21,3080901,ES1,2018,domestic_league,1050,1244,Villarreal CF,CD Leganés,2,1
2019-04-21,3141180,NL1,2018,domestic_league,383,1268,PSV Eindhoven,ADO Den Haag,3,1
2019-04-21,3141183,NL1,2018,domestic_league,385,132,Fortuna Sittardia Combinatie,NAC Breda,2,1
2019-04-21,3141185,NL1,2018,domestic_league,798,403,Excelsior Rotterdam,Willem II Tilburg,1,1
2019-04-21,3159948,GR1,2018,domestic_league,2441,4603,Athlitiki Enosi Konstantinoupoleos,Athlitiki Enosi Larisas,0,1
2019-04-21,3159949,GR1,2018,domestic_league,128,441,AO Xanthi,Apollon Smyrnis,2,0
2019-04-21,3159950,GR1,2018,domestic_league,3060,265,APS Atromitos Athinon,Panathinaikos Athlitikos Omilos,2,0
2019-04-21,3159951,GR1,2018,domestic_league,3999,683,PAS Lamia 1964,Olympiakos Syndesmos Filathlon Peiraios,1,3
2019-04-21,3159952,GR1,2018,domestic_league,653,6676,Omilos Filathlon Irakliou FC,A.G.S Asteras Tripolis,1,1
2019-04-21,3159953,GR1,2018,domestic_league,1091,2672,Panthessalonikios Athlitikos Omilos Konstantinoupoliton,APO Levadiakos Football Club,5,0
2019-04-21,3159954,GR1,2018,domestic_league,6418,605,Panetolikos Agrinio,Aris Thessalonikis,1,2
2019-04-21,3159955,GR1,2018,domestic_league,169,2671,Panionios Athens,PAS Giannina,2,1
2019-04-21,3174682,RU1,2018,domestic_league,11127,2698,Ural Yekaterinburg,FC Rubin Kazan,2,1
2019-04-21,3174683,RU1,2018,domestic_league,232,3714,FK Spartak Moskva,Enisey Krasnoyarsk,2,0
2019-04-22,3050526,GB1,2018,domestic_league,631,1132,Chelsea FC,Burnley FC,2,2
2019-04-22,3058692,L1,2018,domestic_league,82,24,VfL Wolfsburg,Eintracht Frankfurt,1,1
2019-04-22,3069664,PO1,2018,domestic_league,294,1301,SL Benfica,CS Marítimo,6,0
2019-04-22,3069959,TR1,2018,domestic_league,2381,114,Sivasspor,Beşiktaş Jimnastik Kulübü,1,2
2019-04-22,3081352,IT1,2018,domestic_league,6195,800,SSC Napoli,Atalanta BC,1,2
2019-04-23,3050482,GB1,2018,domestic_league,1010,180,Watford FC,Southampton FC,1,1
2019-04-23,3050502,GB1,2018,domestic_league,148,1237,Tottenham Hotspur,Brighton & Hove Albion,1,0
2019-04-23,3081081,ES1,2018,domestic_league,1108,131,Deportivo Alavés,FC Barcelona,0,2
2019-04-23,3081088,ES1,2018,domestic_league,5358,1533,SD Huesca,SD Eibar,2,0
2019-04-23,3081089,ES1,2018,domestic_league,366,12321,Real Valladolid CF,Girona FC,1,0
2019-04-23,3141181,NL1,2018,domestic_league,642,1283,De Graafschap Doetinchem,FC Emmen,1,0
2019-04-23,3141194,NL1,2018,domestic_league,610,499,Ajax Amsterdam,Vitesse Arnhem,4,2
2019-04-23,3141195,NL1,2018,domestic_league,1090,1304,AZ Alkmaar,Heracles Almelo,2,1
2019-04-23,3141199,NL1,2018,domestic_league,306,1426,SC Heerenveen,VVV-Venlo,2,2
2019-04-23,3174558,DFB,2018,domestic_cup,41,23826,Hamburger SV,RB Leipzig,1,3
2019-04-24,3050480,GB1,2018,domestic_league,985,281,Manchester United,Manchester City,0,2
2019-04-24,3050484,GB1,2018,domestic_league,543,11,Wolverhampton Wanderers,Arsenal FC,3,1
2019-04-24,3081082,ES1,2018,domestic_league,13,1049,Atlético de Madrid,Valencia CF,3,2
2019-04-24,3081085,ES1,2018,domestic_league,1244,621,CD Leganés,Athletic Bilbao,0,1
2019-04-24,3081086,ES1,2018,domestic_league,3368,150,Levante UD,Real Betis Balompié,4,0
2019-04-24,3081087,ES1,2018,domestic_league,714,940,RCD Espanyol Barcelona,Celta de Vigo,1,1
2019-04-24,3141197,NL1,2018,domestic_league,132,234,NAC Breda,Feyenoord Rotterdam,0,4
2019-04-24,3141198,NL1,2018,domestic_league,200,385,FC Utrecht,Fortuna Sittardia Combinatie,2,1
2019-04-24,3152985,CIT,2018,domestic_cup,5,398,AC Milan,Società Sportiva Lazio S.p.A.,0,1
2019-04-24,3174557,DFB,2018,domestic_cup,86,27,SV Werder Bremen,Bayern Munich,2,3
2019-04-24,3174961,RU1,2018,domestic_league,1083,932,FK Rostov,"Футбольный клуб ""Локомотив"" Москва",1,2
2019-04-24,3174962,RU1,2018,domestic_league,3725,16704,RFK Akhmat Grozny,FK Krasnodar,1,1
2019-04-24,3174963,RU1,2018,domestic_league,2698,28095,FC Rubin Kazan,FK Ufa,1,1
2019-04-24,3174964,RU1,2018,domestic_league,2410,2700,PFK CSKA Moskva,Anzhi Makhachkala ( -2022),2,0
2019-04-24,3174965,RU1,2018,domestic_league,964,121,AO FK Zenit Sankt-Peterburg,FK Dinamo Moskva,2,0
2019-04-25,3081083,ES1,2018,domestic_league,3709,418,Getafe CF,Real Madrid,0,0
2019-04-25,3081084,ES1,2018,domestic_league,681,1050,Real Sociedad,Villarreal CF,0,1
2019-04-25,3081090,ES1,2018,domestic_league,368,367,Sevilla FC,Rayo Vallecano,5,0
2019-04-25,3141192,NL1,2018,domestic_league,403,383,Willem II Tilburg,PSV Eindhoven,0,3
2019-04-25,3141193,NL1,2018,domestic_league,1268,798,ADO Den Haag,Excelsior Rotterdam,3,1
2019-04-25,3152986,CIT,2018,domestic_cup,800,430,Atalanta BC,ACF Fiorentina,2,1
2019-04-25,3166276,GRP,2018,domestic_cup,3999,2441,PAS Lamia 1964,Athlitiki Enosi Konstantinoupoleos,0,4
2019-04-25,3166277,GRP,2018,domestic_cup,6676,1091,A.G.S Asteras Tripolis,Panthessalonikios Athlitikos Omilos Konstantinoupoliton,0,0
2019-04-25,3174966,RU1,2018,domestic_league,3714,14589,Enisey Krasnoyarsk,FC Orenburg,2,1
2019-04-25,3174967,RU1,2018,domestic_league,2696,11127,PFK Krylya Sovetov Samara,Ural Yekaterinburg,0,1
2019-04-25,3174968,RU1,2018,domestic_league,3729,232,Arsenal Tula,FK Spartak Moskva,3,0
2019-04-26,3047852,FR1,2018,domestic_league,40,1041,FC Girondins Bordeaux,Olympique Lyon,2,3
2019-04-26,3050538,GB1,2018,domestic_league,31,1110,Liverpool FC,Huddersfield Town,5,0
2019-04-26,3058698,L1,2018,domestic_league,167,15,FC Augsburg,Bayer 04 Leverkusen,1,4
2019-04-26,3069680,PO1,2018,domestic_league,2425,720,Rio Ave FC,FC Porto,2,2
2019-04-26,3069976,TR1,2018,domestic_league,6890,1467,Basaksehir FK,Göztepe,0,2
2019-04-27,3050533,GB1,2018,domestic_league,1237,762,Brighton & Hove Albion,Newcastle United,1,1
2019-04-27,3050535,GB1,2018,domestic_league,873,29,Crystal Palace,Everton FC,0,0
2019-04-27,3050536,GB1,2018,domestic_league,931,603,Fulham FC,Cardiff City,1,0
2019-04-27,3050540,GB1,2018,domestic_league,180,989,Southampton FC,AFC Bournemouth,3,3
2019-04-27,3050541,GB1,2018,domestic_league,148,379,Tottenham Hotspur,West Ham United,0,1
2019-04-27,3050542,GB1,2018,domestic_league,1010,543,Watford FC,Wolverhampton Wanderers,1,2
2019-04-27,3058694,L1,2018,domestic_league,16,33,Borussia Dortmund,FC Schalke 04,2,4
2019-04-27,3058695,L1,2018,domestic_league,23826,60,RB Leipzig,SC Freiburg,2,1
2019-04-27,3058696,L1,2018,domestic_league,79,18,VfB Stuttgart,Borussia Mönchengladbach,1,0
2019-04-27,3058697,L1,2018,domestic_league,24,44,Eintracht Frankfurt,Hertha BSC,0,0
2019-04-27,3058699,L1,2018,domestic_league,42,39,Hannover 96,1.FSV Mainz 05,1,0
2019-04-27,3058700,L1,2018,domestic_league,38,86,Fortuna Düsseldorf,SV Werder Bremen,4,1
2019-04-27,3069672,PO1,2018,domestic_league,2423,1085,CD Santa Clara,Vitória Setúbal FC,0,0
2019-04-27,3069676,PO1,2018,domestic_league,3336,2457,Desportivo Aves (- 2020),B SAD,3,0
2019-04-27,3069678,PO1,2018,domestic_league,336,2420,Sporting CP,Vitória Guimarães SC,2,0
2019-04-27,3069679,PO1,2018,domestic_league,7378,3349,Portimonense SC,CD Feirense,1,0
2019-04-27,3069969,TR1,2018,domestic_league,36,449,Fenerbahce,Trabzonspor,1,1
2019-04-27,3069971,TR1,2018,domestic_league,126,2381,Caykur Rizespor,Sivasspor,0,0
2019-04-27,3069972,TR1,2018,domestic_league,589,39722,Antalyaspor,Erzurumspor FK,1,1
2019-04-27,3081091,ES1,2018,domestic_league,13,366,Atlético de Madrid,Real Valladolid CF,1,0
2019-04-27,3081092,ES1,2018,domestic_league,131,3368,FC Barcelona,Levante UD,1,0
2019-04-27,3081096,ES1,2018,domestic_league,621,1108,Athletic Bilbao,Deportivo Alavés,1,1
2019-04-27,3081097,ES1,2018,domestic_league,1244,940,CD Leganés,Celta de Vigo,0,0
2019-04-27,3081362,IT1,2018,domestic_league,12,1390,Associazione Sportiva Roma,Cagliari Calcio,3,0
2019-04-27,3081363,IT1,2018,domestic_league,1025,749,Bologna Football Club 1909,FC Empoli,3,1
2019-04-27,3081365,IT1,2018,domestic_league,46,506,Inter Milan,Juventus FC,1,1
2019-04-27,3174987,RU1,2018,domestic_league,2700,1083,Anzhi Makhachkala ( -2022),FK Rostov,1,1
2019-04-27,3174988,RU1,2018,domestic_league,121,3725,FK Dinamo Moskva,RFK Akhmat Grozny,0,0
2019-04-28,3047850,FR1,2018,domestic_league,1416,667,Amiens SC,RC Strasbourg Alsace,0,0
2019-04-28,3047851,FR1,2018,domestic_league,1420,1421,Angers SCO,Stade Reims,1,1
2019-04-28,3047853,FR1,2018,domestic_league,1162,2969,SM Caen,Dijon FCO,1,0
2019-04-28,3047854,FR1,2018,domestic_league,1082,1160,LOSC Lille,Nîmes Olympique,5,0
2019-04-28,3047855,FR1,2018,domestic_league,244,995,Olympique Marseille,FC Nantes,1,2
2019-04-28,3047857,FR1,2018,domestic_league,417,855,OGC Nice,EA Guingamp,3,0
2019-04-28,3047859,FR1,2018,domestic_league,618,415,AS Saint-Étienne,FC Toulouse,2,0
2019-04-28,3050534,GB1,2018,domestic_league,1132,281,Burnley FC,Manchester City,0,1
2019-04-28,3050537,GB1,2018,domestic_league,1003,11,Leicester City,Arsenal FC,3,0
2019-04-28,3050539,GB1,2018,domestic_league,985,631,Manchester United,Chelsea FC,1,1
2019-04-28,3058693,L1,2018,domestic_league,533,82,TSG 1899 Hoffenheim,VfL Wolfsburg,1,4
2019-04-28,3058701,L1,2018,domestic_league,4,27,1.FC Nuremberg,Bayern Munich,1,1
2019-04-28,3069673,PO1,2018,domestic_league,3325,982,GD Chaves,CD Nacional,4,1
2019-04-28,3069674,PO1,2018,domestic_league,1301,7179,CS Marítimo,CD Tondela,2,0
2019-04-28,3069675,PO1,2018,domestic_league,2503,979,Boavista FC,Moreirense FC,3,1
2019-04-28,3069677,PO1,2018,domestic_league,1075,294,SC Braga,SL Benfica,1,4
2019-04-28,3069968,TR1,2018,domestic_league,114,868,Beşiktaş Jimnastik Kulübü,MKE Ankaragücü,4,1
2019-04-28,3069970,TR1,2018,domestic_league,3205,11282,Kayserispor,Alanyaspor,1,1
2019-04-28,3069973,TR1,2018,domestic_league,20,19771,Bursaspor,Akhisarspor,0,0
2019-04-28,3081094,ES1,2018,domestic_league,12321,368,Girona FC,Sevilla FC,1,0
2019-04-28,3081095,ES1,2018,domestic_league,367,418,Rayo Vallecano,Real Madrid,1,0
2019-04-28,3081098,ES1,2018,domestic_league,1049,1533,Valencia CF,SD Eibar,0,1
2019-04-28,3081099,ES1,2018,domestic_league,681,3709,Real Sociedad,Getafe CF,2,1
2019-04-28,3081100,ES1,2018,domestic_league,1050,5358,Villarreal CF,SD Huesca,1,1
2019-04-28,3081364,IT1,2018,domestic_league,2722,252,SPAL,Genoa CFC,1,1
2019-04-28,3081366,IT1,2018,domestic_league,1038,398,UC Sampdoria,Società Sportiva Lazio S.p.A.,1,2
2019-04-28,3081367,IT1,2018,domestic_league,416,5,Torino FC,AC Milan,2,0
2019-04-28,3081368,IT1,2018,domestic_league,8970,6195,Frosinone Calcio,SSC Napoli,0,2
2019-04-28,3081369,IT1,2018,domestic_league,862,130,Chievo Verona,Parma Calcio 1913,1,1
2019-04-28,3174989,RU1,2018,domestic_league,28095,11127,FK Ufa,Ural Yekaterinburg,4,1
2019-04-28,3174990,RU1,2018,domestic_league,932,3714,"Футбольный клуб ""Локомотив"" Москва",Enisey Krasnoyarsk,2,1
2019-04-28,3174991,RU1,2018,domestic_league,964,2696,AO FK Zenit Sankt-Peterburg,PFK Krylya Sovetov Samara,4,2
2019-04-28,3174992,RU1,2018,domestic_league,16704,2410,FK Krasnodar,PFK CSKA Moskva,2,0
2019-04-29,3069974,TR1,2018,domestic_league,19789,10484,Yeni Malatyaspor,Kasimpasa,2,1
2019-04-29,3069975,TR1,2018,domestic_league,2293,141,Konyaspor,Galatasaray,0,0
2019-04-29,3081093,ES1,2018,domestic_league,150,714,Real Betis Balompié,RCD Espanyol Barcelona,1,1
2019-04-29,3081370,IT1,2018,domestic_league,430,6574,ACF Fiorentina,US Sassuolo,0,1
2019-04-29,3081371,IT1,2018,domestic_league,800,410,Atalanta BC,Udinese Calcio,2,0
2019-04-29,3141196,NL1,2018,domestic_league,1269,202,PEC Zwolle,FC Groningen,3,2
2019-04-29,3174993,RU1,2018,domestic_league,14589,3729,FC Orenburg,Arsenal Tula,1,1
2019-04-29,3174994,RU1,2018,domestic_league,232,2698,FK Spartak Moskva,FC Rubin Kazan,1,1
2019-04-30,3047856,FR1,2018,domestic_league,969,583,Montpellier HSC,Paris Saint-Germain,3,2
2019-04-30,3177023,CL,2018,international_cup,148,610,Tottenham Hotspur,Ajax Amsterdam,0,1
2019-05-01,3047858,FR1,2018,domestic_league,273,162,Stade Rennais FC,AS Monaco,2,2
2019-05-01,3177022,CL,2018,international_cup,131,31,FC Barcelona,Liverpool FC,3,0
2019-05-02,3177128,EL,2018,other,24,631,Eintracht Frankfurt,Chelsea FC,1,1
2019-05-02,3177129,EL,2018,other,11,1049,Arsenal FC,Valencia CF,3,1
2019-05-03,3047868,FR1,2018,domestic_league,667,244,RC Strasbourg Alsace,Olympique Marseille,1,1
2019-05-03,3050555,GB1,2018,domestic_league,29,1132,Everton FC,Burnley FC,2,0
2019-05-03,3058709,L1,2018,domestic_league,39,23826,1.FSV Mainz 05,RB Leipzig,3,3
2019-05-03,3069683,PO1,2018,domestic_league,979,2425,Moreirense FC,Rio Ave FC,1,2
2019-05-03,3069977,TR1,2018,domestic_league,2381,6890,Sivasspor,Basaksehir FK,0,0
2019-05-03,3081110,ES1,2018,domestic_league,368,1244,Sevilla FC,CD Leganés,0,3
2019-05-03,3081381,IT1,2018,domestic_league,506,416,Juventus FC,Torino FC,1,1
2019-05-03,3180400,RU1,2018,domestic_league,2698,14589,FC Rubin Kazan,FC Orenburg,2,0
2019-05-03,3180401,RU1,2018,domestic_league,3714,2700,Enisey Krasnoyarsk,Anzhi Makhachkala ( -2022),3,1
2019-05-04,3047860,FR1,2018,domestic_league,40,1420,FC Girondins Bordeaux,Angers SCO,0,1
2019-05-04,3047861,FR1,2018,domestic_league,855,1162,EA Guingamp,SM Caen,0,0
2019-05-04,3047866,FR1,2018,domestic_league,583,417,Paris Saint-Germain,OGC Nice,1,1
2019-05-04,3047867,FR1,2018,domestic_league,1421,1160,Stade Reims,Nîmes Olympique,0,3
2019-05-04,3050552,GB1,2018,domestic_league,989,148,AFC Bournemouth,Tottenham Hotspur,1,0
2019-05-04,3050553,GB1,2018,domestic_league,603,873,Cardiff City,Crystal Palace,2,3
2019-05-04,3050558,GB1,2018,domestic_league,762,31,Newcastle United,Liverpool FC,2,3
2019-05-04,3050559,GB1,2018,domestic_league,379,180,West Ham United,Southampton FC,3,0
2019-05-04,3050560,GB1,2018,domestic_league,543,931,Wolverhampton Wanderers,Fulham FC,1,0
2019-05-04,3058702,L1,2018,domestic_league,27,42,Bayern Munich,Hannover 96,3,1
2019-05-04,3058705,L1,2018,domestic_league,18,533,Borussia Mönchengladbach,TSG 1899 Hoffenheim,2,2
2019-05-04,3058706,L1,2018,domestic_league,44,79,Hertha BSC,VfB Stuttgart,3,1
2019-05-04,3058707,L1,2018,domestic_league,86,16,SV Werder Bremen,Borussia Dortmund,2,2
2019-05-04,3058710,L1,2018,domestic_league,82,4,VfL Wolfsburg,1.FC Nuremberg,2,0
2019-05-04,3069685,PO1,2018,domestic_league,294,7378,SL Benfica,Portimonense SC,5,1
2019-05-04,3069686,PO1,2018,domestic_league,3349,3325,CD Feirense,GD Chaves,4,4
2019-05-04,3069688,PO1,2018,domestic_league,720,3336,FC Porto,Desportivo Aves (- 2020),4,0
2019-05-04,3069689,PO1,2018,domestic_league,1301,1075,CS Marítimo,SC Braga,1,0
2019-05-04,3069978,TR1,2018,domestic_league,868,126,MKE Ankaragücü,Caykur Rizespor,2,2
2019-05-04,3069979,TR1,2018,domestic_league,39722,20,Erzurumspor FK,Bursaspor,2,0
2019-05-04,3069985,TR1,2018,domestic_league,10484,36,Kasimpasa,Fenerbahce,1,3
2019-05-04,3081101,ES1,2018,domestic_league,1108,681,Deportivo Alavés,Real Sociedad,0,1
2019-05-04,3081104,ES1,2018,domestic_league,3368,367,Levante UD,Rayo Vallecano,4,1
2019-05-04,3081107,ES1,2018,domestic_league,714,13,RCD Espanyol Barcelona,Atlético de Madrid,3,0
2019-05-04,3081108,ES1,2018,domestic_league,940,131,Celta de Vigo,FC Barcelona,2,0
2019-05-04,3081377,IT1,2018,domestic_league,410,46,Udinese Calcio,Inter Milan,0,0
2019-05-04,3081380,IT1,2018,domestic_league,862,2722,Chievo Verona,SPAL,0,4
2019-05-04,3159957,GR1,2018,domestic_league,441,3999,Apollon Smyrnis,PAS Lamia 1964,0,3
2019-05-04,3180402,RU1,2018,domestic_league,11127,232,Ural Yekaterinburg,FK Spartak Moskva,0,1
2019-05-04,3180403,RU1,2018,domestic_league,3725,964,RFK Akhmat Grozny,AO FK Zenit Sankt-Peterburg,1,1
2019-05-04,3180404,RU1,2018,domestic_league,3729,932,Arsenal Tula,"Футбольный клуб ""Локомотив"" Москва",2,0
2019-05-05,3047862,FR1,2018,domestic_league,1041,1082,Olympique Lyon,LOSC Lille,2,2
2019-05-05,3047863,FR1,2018,domestic_league,162,618,AS Monaco,AS Saint-Étienne,2,3
2019-05-05,3047864,FR1,2018,domestic_league,969,1416,Montpellier HSC,Amiens SC,1,1
2019-05-05,3047865,FR1,2018,domestic_league,995,2969,FC Nantes,Dijon FCO,3,0
2019-05-05,3047869,FR1,2018,domestic_league,415,273,FC Toulouse,Stade Rennais FC,2,2
2019-05-05,3050551,GB1,2018,domestic_league,11,1237,Arsenal FC,Brighton & Hove Albion,1,1
2019-05-05,3050554,GB1,2018,domestic_league,631,1010,Chelsea FC,Watford FC,3,0
2019-05-05,3050556,GB1,2018,domestic_league,1110,985,Huddersfield Town,Manchester United,1,1
2019-05-05,3058703,L1,2018,domestic_league,33,167,FC Schalke 04,FC Augsburg,0,0
2019-05-05,3058704,L1,2018,domestic_league,15,24,Bayer 04 Leverkusen,Eintracht Frankfurt,6,1
2019-05-05,3058708,L1,2018,domestic_league,60,38,SC Freiburg,Fortuna Düsseldorf,1,1
2019-05-05,3069681,PO1,2018,domestic_league,2457,336,B SAD,Sporting CP,1,8
2019-05-05,3069682,PO1,2018,domestic_league,2420,982,Vitória Guimarães SC,CD Nacional,2,2
2019-05-05,3069684,PO1,2018,domestic_league,7179,2423,CD Tondela,CD Santa Clara,1,3
2019-05-05,3069980,TR1,2018,domestic_league,19771,19789,Akhisarspor,Yeni Malatyaspor,0,2
2019-05-05,3069981,TR1,2018,domestic_league,1467,589,Göztepe,Antalyaspor,4,1
2019-05-05,3069982,TR1,2018,domestic_league,141,114,Galatasaray,Beşiktaş Jimnastik Kulübü,2,0
2019-05-05,3081102,ES1,2018,domestic_league,3709,12321,Getafe CF,Girona FC,2,0
2019-05-05,3081103,ES1,2018,domestic_league,5358,1049,SD Huesca,Valencia CF,2,6
2019-05-05,3081105,ES1,2018,domestic_league,418,1050,Real Madrid,Villarreal CF,3,2
2019-05-05,3081106,ES1,2018,domestic_league,366,621,Real Valladolid CF,Athletic Bilbao,1,0
2019-05-05,3081109,ES1,2018,domestic_league,1533,150,SD Eibar,Real Betis Balompié,1,0
2019-05-05,3081372,IT1,2018,domestic_league,398,800,Società Sportiva Lazio S.p.A.,Atalanta BC,1,3
2019-05-05,3081374,IT1,2018,domestic_league,6195,1390,SSC Napoli,Cagliari Calcio,2,1
2019-05-05,3081375,IT1,2018,domestic_league,749,430,FC Empoli,ACF Fiorentina,1,0
2019-05-05,3081376,IT1,2018,domestic_league,6574,8970,US Sassuolo,Frosinone Calcio,2,2
2019-05-05,3081378,IT1,2018,domestic_league,252,12,Genoa CFC,Associazione Sportiva Roma,1,1
2019-05-05,3081379,IT1,2018,domestic_league,130,1038,Parma Calcio 1913,UC Sampdoria,3,3
2019-05-05,3159956,GR1,2018,domestic_league,4603,683,Athlitiki Enosi Larisas,Olympiakos Syndesmos Filathlon Peiraios,0,3
2019-05-05,3159958,GR1,2018,domestic_league,605,128,Aris Thessalonikis,AO Xanthi,7,2
2019-05-05,3159959,GR1,2018,domestic_league,6676,169,A.G.S Asteras Tripolis,Panionios Athens,3,0
2019-05-05,3159960,GR1,2018,domestic_league,3060,653,APS Atromitos Athinon,Omilos Filathlon Irakliou FC,0,2
2019-05-05,3159961,GR1,2018,domestic_league,2672,2441,APO Levadiakos Football Club,Athlitiki Enosi Konstantinoupoleos,0,3
2019-05-05,3159962,GR1,2018,domestic_league,265,6418,Panathinaikos Athlitikos Omilos,Panetolikos Agrinio,4,0
2019-05-05,3159963,GR1,2018,domestic_league,2671,1091,PAS Giannina,Panthessalonikios Athlitikos Omilos Konstantinoupoliton,0,2
2019-05-05,3165153,NLP,2018,domestic_cup,403,610,Willem II Tilburg,Ajax Amsterdam,0,4
2019-05-05,3180405,RU1,2018,domestic_league,2696,28095,PFK Krylya Sovetov Samara,FK Ufa,1,1
2019-05-05,3180406,RU1,2018,domestic_league,2410,121,PFK CSKA Moskva,FK Dinamo Moskva,2,2
2019-05-05,3180407,RU1,2018,domestic_league,1083,16704,FK Rostov,FK Krasnodar,1,1
2019-05-06,3050557,GB1,2018,domestic_league,281,1003,Manchester City,Leicester City,1,0
2019-05-06,3069687,PO1,2018,domestic_league,1085,2503,Vitória Setúbal FC,Boavista FC,0,3
2019-05-06,3069983,TR1,2018,domestic_league,11282,2293,Alanyaspor,Konyaspor,2,4
2019-05-06,3069984,TR1,2018,domestic_league,449,3205,Trabzonspor,Kayserispor,4,2
2019-05-06,3081373,IT1,2018,domestic_league,5,1025,AC Milan,Bologna Football Club 1909,2,1
2019-05-07,3177025,CL,2018,international_cup,31,131,Liverpool FC,FC Barcelona,4,0
2019-05-08,3177024,CL,2018,international_cup,610,148,Ajax Amsterdam,Tottenham Hotspur,2,3
2019-05-09,3177130,EL,2018,other,631,24,Chelsea FC,Eintracht Frankfurt,5,4
2019-05-09,3177131,EL,2018,other,1049,11,Valencia CF,Arsenal FC,2,4
2019-05-10,3047879,FR1,2018,domestic_league,618,969,AS Saint-Étienne,Montpellier HSC,0,1
2019-05-10,3069695,PO1,2018,domestic_league,3336,979,Desportivo Aves (- 2020),Moreirense FC,0,1
2019-05-10,3069994,TR1,2018,domestic_league,589,20,Antalyaspor,Bursaspor,0,1
2019-05-10,3180696,RU1,2018,domestic_league,14589,11127,FC Orenburg,Ural Yekaterinburg,2,2
2019-05-10,3180697,RU1,2018,domestic_league,121,1083,FK Dinamo Moskva,FK Rostov,0,0
2019-05-10,3180698,RU1,2018,domestic_league,2700,3729,Anzhi Makhachkala ( -2022),Arsenal Tula,0,1
2019-05-10,3180699,RU1,2018,domestic_league,932,2698,"Футбольный клуб ""Локомотив"" Москва",FC Rubin Kazan,4,0
2019-05-11,3047870,FR1,2018,domestic_league,1416,415,Amiens SC,FC Toulouse,0,0
2019-05-11,3047871,FR1,2018,domestic_league,1420,583,Angers SCO,Paris Saint-Germain,1,2
2019-05-11,3047872,FR1,2018,domestic_league,1162,1421,SM Caen,Stade Reims,3,2
2019-05-11,3047873,FR1,2018,domestic_league,2969,667,Dijon FCO,RC Strasbourg Alsace,2,1
2019-05-11,3047876,FR1,2018,domestic_league,417,995,OGC Nice,FC Nantes,1,1
2019-05-11,3047877,FR1,2018,domestic_league,1160,162,Nîmes Olympique,AS Monaco,1,0
2019-05-11,3058711,L1,2018,domestic_league,533,86,TSG 1899 Hoffenheim,SV Werder Bremen,0,1
2019-05-11,3058712,L1,2018,domestic_league,16,38,Borussia Dortmund,Fortuna Düsseldorf,3,2
2019-05-11,3058713,L1,2018,domestic_league,15,33,Bayer 04 Leverkusen,FC Schalke 04,1,1
2019-05-11,3058714,L1,2018,domestic_league,23826,27,RB Leipzig,Bayern Munich,0,0
2019-05-11,3058715,L1,2018,domestic_league,79,82,VfB Stuttgart,VfL Wolfsburg,3,0
2019-05-11,3058717,L1,2018,domestic_league,167,44,FC Augsburg,Hertha BSC,3,4
2019-05-11,3058718,L1,2018,domestic_league,42,60,Hannover 96,SC Freiburg,3,0
2019-05-11,3058719,L1,2018,domestic_league,4,18,1.FC Nuremberg,Borussia Mönchengladbach,0,4
2019-05-11,3069690,PO1,2018,domestic_league,2423,3349,CD Santa Clara,CD Feirense,4,4
2019-05-11,3069693,PO1,2018,domestic_league,336,7179,Sporting CP,CD Tondela,1,1
2019-05-11,3069694,PO1,2018,domestic_league,2503,1075,Boavista FC,SC Braga,4,2
2019-05-11,3069698,PO1,2018,domestic_league,7378,1301,Portimonense SC,CS Marítimo,3,2
2019-05-11,3069987,TR1,2018,domestic_league,36,19771,Fenerbahce,Akhisarspor,2,1
2019-05-11,3069989,TR1,2018,domestic_league,1467,2381,Göztepe,Sivasspor,3,3
2019-05-11,3069993,TR1,2018,domestic_league,126,141,Caykur Rizespor,Galatasaray,2,3
2019-05-11,3081384,IT1,2018,domestic_league,800,252,Atalanta BC,Genoa CFC,2,1
2019-05-11,3081386,IT1,2018,domestic_league,1390,398,Cagliari Calcio,Società Sportiva Lazio S.p.A.,1,2
2019-05-11,3081387,IT1,2018,domestic_league,430,5,ACF Fiorentina,AC Milan,0,1
2019-05-11,3180700,RU1,2018,domestic_league,3714,16704,Enisey Krasnoyarsk,FK Krasnodar,0,4
2019-05-11,3180701,RU1,2018,domestic_league,3725,2696,RFK Akhmat Grozny,PFK Krylya Sovetov Samara,2,1
2019-05-11,3184897,GRP,2018,domestic_cup,1091,2441,Panthessalonikios Athlitikos Omilos Konstantinoupoliton,Athlitiki Enosi Konstantinoupoleos,1,0
2019-05-12,3047874,FR1,2018,domestic_league,1082,40,LOSC Lille,FC Girondins Bordeaux,1,0
2019-05-12,3047875,FR1,2018,domestic_league,244,1041,Olympique Marseille,Olympique Lyon,0,3
2019-05-12,3047878,FR1,2018,domestic_league,273,855,Stade Rennais FC,EA Guingamp,1,1
2019-05-12,3050561,GB1,2018,domestic_league,1237,281,Brighton & Hove Albion,Manchester City,1,4
2019-05-12,3050562,GB1,2018,domestic_league,1132,11,Burnley FC,Arsenal FC,1,3
2019-05-12,3050563,GB1,2018,domestic_league,873,989,Crystal Palace,AFC Bournemouth,5,3
2019-05-12,3050564,GB1,2018,domestic_league,931,762,Fulham FC,Newcastle United,0,4
2019-05-12,3050565,GB1,2018,domestic_league,1003,631,Leicester City,Chelsea FC,0,0
2019-05-12,3050566,GB1,2018,domestic_league,31,543,Liverpool FC,Wolverhampton Wanderers,2,0
2019-05-12,3050567,GB1,2018,domestic_league,985,603,Manchester United,Cardiff City,0,2
2019-05-12,3050568,GB1,2018,domestic_league,180,1110,Southampton FC,Huddersfield Town,1,1
2019-05-12,3050569,GB1,2018,domestic_league,148,29,Tottenham Hotspur,Everton FC,2,2
2019-05-12,3050570,GB1,2018,domestic_league,1010,379,Watford FC,West Ham United,1,4
2019-05-12,3058716,L1,2018,domestic_league,24,39,Eintracht Frankfurt,1.FSV Mainz 05,0,2
2019-05-12,3069691,PO1,2018,domestic_league,3325,1085,GD Chaves,Vitória Setúbal FC,1,2
2019-05-12,3069692,PO1,2018,domestic_league,982,720,CD Nacional,FC Porto,0,4
2019-05-12,3069696,PO1,2018,domestic_league,2425,294,Rio Ave FC,SL Benfica,2,3
2019-05-12,3069697,PO1,2018,domestic_league,2420,2457,Vitória Guimarães SC,B SAD,5,1
2019-05-12,3069986,TR1,2018,domestic_league,6890,868,Basaksehir FK,MKE Ankaragücü,2,1
2019-05-12,3069990,TR1,2018,domestic_league,19789,39722,Yeni Malatyaspor,Erzurumspor FK,3,1
2019-05-12,3069991,TR1,2018,domestic_league,3205,10484,Kayserispor,Kasimpasa,2,1
2019-05-12,3069992,TR1,2018,domestic_league,2293,449,Konyaspor,Trabzonspor,2,2
2019-05-12,3081111,ES1,2018,domestic_league,621,940,Athletic Bilbao,Celta de Vigo,3,1
2019-05-12,3081112,ES1,2018,domestic_league,13,368,Atlético de Madrid,Sevilla FC,1,1
2019-05-12,3081113,ES1,2018,domestic_league,131,3709,FC Barcelona,Getafe CF,2,0
2019-05-12,3081114,ES1,2018,domestic_league,150,5358,Real Betis Balompié,SD Huesca,2,1
2019-05-12,3081115,ES1,2018,domestic_league,12321,3368,Girona FC,Levante UD,1,2
2019-05-12,3081116,ES1,2018,domestic_league,367,366,Rayo Vallecano,Real Valladolid CF,1,2
2019-05-12,3081117,ES1,2018,domestic_league,1049,1108,Valencia CF,Deportivo Alavés,3,1
2019-05-12,3081118,ES1,2018,domestic_league,1050,1533,Villarreal CF,SD Eibar,1,0
2019-05-12,3081119,ES1,2018,domestic_league,1244,714,CD Leganés,RCD Espanyol Barcelona,0,2
2019-05-12,3081120,ES1,2018,domestic_league,681,418,Real Sociedad,Real Madrid,3,1
2019-05-12,3081383,IT1,2018,domestic_league,1038,749,UC Sampdoria,FC Empoli,1,2
2019-05-12,3081385,IT1,2018,domestic_league,12,506,Associazione Sportiva Roma,Juventus FC,2,0
2019-05-12,3081388,IT1,2018,domestic_league,2722,6195,SPAL,SSC Napoli,1,2
2019-05-12,3081390,IT1,2018,domestic_league,416,6574,Torino FC,US Sassuolo,3,2
2019-05-12,3081391,IT1,2018,domestic_league,8970,410,Frosinone Calcio,Udinese Calcio,1,3
2019-05-12,3141081,NL1,2018,domestic_league,234,1268,Feyenoord Rotterdam,ADO Den Haag,0,2
2019-05-12,3141082,NL1,2018,domestic_league,1090,383,AZ Alkmaar,PSV Eindhoven,1,0
2019-05-12,3141083,NL1,2018,domestic_league,499,642,Vitesse Arnhem,De Graafschap Doetinchem,6,1
2019-05-12,3141084,NL1,2018,domestic_league,403,1283,Willem II Tilburg,FC Emmen,2,3
2019-05-12,3141085,NL1,2018,domestic_league,610,200,Ajax Amsterdam,FC Utrecht,4,1
2019-05-12,3141086,NL1,2018,domestic_league,1304,798,Heracles Almelo,Excelsior Rotterdam,4,5
2019-05-12,3141087,NL1,2018,domestic_league,306,132,SC Heerenveen,NAC Breda,2,1
2019-05-12,3141088,NL1,2018,domestic_league,1269,1426,PEC Zwolle,VVV-Venlo,2,4
2019-05-12,3141089,NL1,2018,domestic_league,202,385,FC Groningen,Fortuna Sittardia Combinatie,3,0
2019-05-12,3180702,RU1,2018,domestic_league,232,28095,FK Spartak Moskva,FK Ufa,1,0
2019-05-12,3180703,RU1,2018,domestic_league,964,2410,AO FK Zenit Sankt-Peterburg,PFK CSKA Moskva,3,1
2019-05-13,3069988,TR1,2018,domestic_league,114,11282,Beşiktaş Jimnastik Kulübü,Alanyaspor,2,1
2019-05-13,3081382,IT1,2018,domestic_league,46,862,Inter Milan,Chievo Verona,2,0
2019-05-13,3081389,IT1,2018,domestic_league,1025,130,Bologna Football Club 1909,Parma Calcio 1913,4,1
2019-05-15,3141189,NL1,2018,domestic_league,132,1269,NAC Breda,PEC Zwolle,0,0
2019-05-15,3141190,NL1,2018,domestic_league,200,306,FC Utrecht,SC Heerenveen,3,1
2019-05-15,3141200,NL1,2018,domestic_league,1283,202,FC Emmen,FC Groningen,1,0
2019-05-15,3141201,NL1,2018,domestic_league,385,234,Fortuna Sittardia Combinatie,Feyenoord Rotterdam,1,4
2019-05-15,3141202,NL1,2018,domestic_league,642,610,De Graafschap Doetinchem,Ajax Amsterdam,1,4
2019-05-15,3141203,NL1,2018,domestic_league,1268,403,ADO Den Haag,Willem II Tilburg,6,2
2019-05-15,3141204,NL1,2018,domestic_league,798,1090,Excelsior Rotterdam,AZ Alkmaar,4,2
2019-05-15,3141205,NL1,2018,domestic_league,1426,499,VVV-Venlo,Vitesse Arnhem,1,3
2019-05-15,3141206,NL1,2018,domestic_league,383,1304,PSV Eindhoven,Heracles Almelo,3,1
2019-05-15,3165653,RUP,2018,domestic_cup,1083,932,FK Rostov,"Футбольный клуб ""Локомотив"" Москва",0,2
2019-05-15,3165654,RUP,2018,domestic_cup,3729,11127,Arsenal Tula,Ural Yekaterinburg,2,2
2019-05-15,3180032,CIT,2018,domestic_cup,800,398,Atalanta BC,Società Sportiva Lazio S.p.A.,0,2
2019-05-15,3180561,UKRP,2018,domestic_cup,660,49364,FC Shakhtar Donetsk,Ingulets Petrove,4,0
2019-05-16,3069702,PO1,2018,domestic_league,2457,982,B SAD,CD Nacional,3,0
2019-05-17,3069700,PO1,2018,domestic_league,1075,7378,SC Braga,Portimonense SC,2,0
2019-05-17,3070002,TR1,2018,domestic_league,10484,2293,Kasimpasa,Konyaspor,1,1
2019-05-17,3174348,DKP,2018,domestic_cup,865,206,FC Midtjylland,Bröndby IF,5,4
2019-05-18,3047880,FR1,2018,domestic_league,40,1421,FC Girondins Bordeaux,Stade Reims,0,1
2019-05-18,3047881,FR1,2018,domestic_league,855,1160,EA Guingamp,Nîmes Olympique,2,2
2019-05-18,3047882,FR1,2018,domestic_league,1082,1420,LOSC Lille,Angers SCO,5,0
2019-05-18,3047883,FR1,2018,domestic_league,1041,1162,Olympique Lyon,SM Caen,4,0
2019-05-18,3047884,FR1,2018,domestic_league,162,1416,AS Monaco,Amiens SC,2,0
2019-05-18,3047885,FR1,2018,domestic_league,969,995,Montpellier HSC,FC Nantes,1,1
2019-05-18,3047886,FR1,2018,domestic_league,583,2969,Paris Saint-Germain,Dijon FCO,4,0
2019-05-18,3047887,FR1,2018,domestic_league,618,417,AS Saint-Étienne,OGC Nice,3,0
2019-05-18,3047888,FR1,2018,domestic_league,667,273,RC Strasbourg Alsace,Stade Rennais FC,0,2
2019-05-18,3047889,FR1,2018,domestic_league,415,244,FC Toulouse,Olympique Marseille,2,5
2019-05-18,3058720,L1,2018,domestic_league,27,24,Bayern Munich,Eintracht Frankfurt,5,1
2019-05-18,3058721,L1,2018,domestic_league,33,79,FC Schalke 04,VfB Stuttgart,0,0
2019-05-18,3058722,L1,2018,domestic_league,18,16,Borussia Mönchengladbach,Borussia Dortmund,0,2
2019-05-18,3058723,L1,2018,domestic_league,44,15,Hertha BSC,Bayer 04 Leverkusen,1,5
2019-05-18,3058724,L1,2018,domestic_league,86,23826,SV Werder Bremen,RB Leipzig,2,1
2019-05-18,3058725,L1,2018,domestic_league,60,4,SC Freiburg,1.FC Nuremberg,5,1
2019-05-18,3058726,L1,2018,domestic_league,39,533,1.FSV Mainz 05,TSG 1899 Hoffenheim,4,2
2019-05-18,3058727,L1,2018,domestic_league,82,167,VfL Wolfsburg,FC Augsburg,8,1
2019-05-18,3058728,L1,2018,domestic_league,38,42,Fortuna Düsseldorf,Hannover 96,2,1
2019-05-18,3069699,PO1,2018,domestic_league,294,2423,SL Benfica,CD Santa Clara,4,1
2019-05-18,3069701,PO1,2018,domestic_league,720,336,FC Porto,Sporting CP,2,1
2019-05-18,3069704,PO1,2018,domestic_league,3349,3336,CD Feirense,Desportivo Aves (- 2020),2,1
2019-05-18,3069705,PO1,2018,domestic_league,1301,2503,CS Marítimo,Boavista FC,0,1
2019-05-18,3069707,PO1,2018,domestic_league,1085,2425,Vitória Setúbal FC,Rio Ave FC,1,3
2019-05-18,3069998,TR1,2018,domestic_league,589,19789,Antalyaspor,Yeni Malatyaspor,3,0
2019-05-18,3070001,TR1,2018,domestic_league,449,114,Trabzonspor,Beşiktaş Jimnastik Kulübü,2,1
2019-05-18,3081121,ES1,2018,domestic_league,1108,12321,Deportivo Alavés,Girona FC,2,1
2019-05-18,3081122,ES1,2018,domestic_league,940,367,Celta de Vigo,Rayo Vallecano,2,2
2019-05-18,3081123,ES1,2018,domestic_league,714,681,RCD Espanyol Barcelona,Real Sociedad,2,0
2019-05-18,3081124,ES1,2018,domestic_league,3709,1050,Getafe CF,Villarreal CF,2,2
2019-05-18,3081125,ES1,2018,domestic_league,5358,1244,SD Huesca,CD Leganés,2,1
2019-05-18,3081126,ES1,2018,domestic_league,368,621,Sevilla FC,Athletic Bilbao,2,0
2019-05-18,3081127,ES1,2018,domestic_league,3368,13,Levante UD,Atlético de Madrid,2,2
2019-05-18,3081130,ES1,2018,domestic_league,366,1049,Real Valladolid CF,Valencia CF,0,2
2019-05-18,3081394,IT1,2018,domestic_league,252,1390,Genoa CFC,Cagliari Calcio,1,1
2019-05-18,3081398,IT1,2018,domestic_league,6574,12,US Sassuolo,Associazione Sportiva Roma,0,0
2019-05-18,3081400,IT1,2018,domestic_league,410,2722,Udinese Calcio,SPAL,3,2
2019-05-18,3174643,FAC,2018,domestic_cup,281,1010,Manchester City,Watford FC,6,0
2019-05-18,3183695,RU1,2018,domestic_league,28095,14589,FK Ufa,FC Orenburg,0,2
2019-05-18,3183696,RU1,2018,domestic_league,2410,3725,PFK CSKA Moskva,RFK Akhmat Grozny,1,0
2019-05-18,3183697,RU1,2018,domestic_league,2696,232,PFK Krylya Sovetov Samara,FK Spartak Moskva,1,2
2019-05-19,3069703,PO1,2018,domestic_league,7179,3325,CD Tondela,GD Chaves,5,2
2019-05-19,3069706,PO1,2018,domestic_league,979,2420,Moreirense FC,Vitória Guimarães SC,1,3
2019-05-19,3069995,TR1,2018,domestic_league,11282,126,Alanyaspor,Caykur Rizespor,1,1
2019-05-19,3069996,TR1,2018,domestic_league,19771,3205,Akhisarspor,Kayserispor,2,2
2019-05-19,3069997,TR1,2018,domestic_league,20,1467,Bursaspor,Göztepe,0,0
2019-05-19,3070000,TR1,2018,domestic_league,141,6890,Galatasaray,Basaksehir FK,2,1
2019-05-19,3081128,ES1,2018,domestic_league,1533,131,SD Eibar,FC Barcelona,2,2
2019-05-19,3081129,ES1,2018,domestic_league,418,150,Real Madrid,Real Betis Balompié,0,2
2019-05-19,3081392,IT1,2018,domestic_league,506,800,Juventus FC,Atalanta BC,1,1
2019-05-19,3081395,IT1,2018,domestic_league,130,430,Parma Calcio 1913,ACF Fiorentina,1,0
2019-05-19,3081396,IT1,2018,domestic_league,5,8970,AC Milan,Frosinone Calcio,2,0
2019-05-19,3081397,IT1,2018,domestic_league,6195,46,SSC Napoli,Inter Milan,4,1
2019-05-19,3081399,IT1,2018,domestic_league,862,1038,Chievo Verona,UC Sampdoria,0,0
2019-05-19,3081401,IT1,2018,domestic_league,749,416,FC Empoli,Torino FC,4,1
2019-05-19,3183698,RU1,2018,domestic_league,11127,932,Ural Yekaterinburg,"Футбольный клуб ""Локомотив"" Москва",2,2
2019-05-19,3183699,RU1,2018,domestic_league,3714,121,Enisey Krasnoyarsk,FK Dinamo Moskva,2,2
2019-05-19,3183700,RU1,2018,domestic_league,3729,16704,Arsenal Tula,FK Krasnodar,0,3
2019-05-19,3183701,RU1,2018,domestic_league,1083,964,FK Rostov,AO FK Zenit Sankt-Peterburg,1,0
2019-05-20,3069999,TR1,2018,domestic_league,868,2381,MKE Ankaragücü,Sivasspor,3,1
2019-05-20,3070003,TR1,2018,domestic_league,39722,36,Erzurumspor FK,Fenerbahce,0,1
2019-05-20,3081393,IT1,2018,domestic_league,398,1025,Società Sportiva Lazio S.p.A.,Bologna Football Club 1909,3,3
2019-05-20,3183702,RU1,2018,domestic_league,2698,2700,FC Rubin Kazan,Anzhi Makhachkala ( -2022),0,0
2019-05-22,3187885,RUP,2018,domestic_cup,932,11127,"Футбольный клуб ""Локомотив"" Москва",Ural Yekaterinburg,1,0
2019-05-24,3047890,FR1,2018,domestic_league,1416,855,Amiens SC,EA Guingamp,2,1
2019-05-24,3047891,FR1,2018,domestic_league,1420,618,Angers SCO,AS Saint-Étienne,1,1
2019-05-24,3047892,FR1,2018,domestic_league,1162,40,SM Caen,FC Girondins Bordeaux,0,1
2019-05-24,3047893,FR1,2018,domestic_league,2969,415,Dijon FCO,FC Toulouse,2,1
2019-05-24,3047894,FR1,2018,domestic_league,244,969,Olympique Marseille,Montpellier HSC,1,0
2019-05-24,3047895,FR1,2018,domestic_league,995,667,FC Nantes,RC Strasbourg Alsace,0,1
2019-05-24,3047896,FR1,2018,domestic_league,417,162,OGC Nice,AS Monaco,2,0
2019-05-24,3047897,FR1,2018,domestic_league,1160,1041,Nîmes Olympique,Olympique Lyon,2,3
2019-05-24,3047898,FR1,2018,domestic_league,1421,583,Stade Reims,Paris Saint-Germain,3,1
2019-05-24,3047899,FR1,2018,domestic_league,273,1082,Stade Rennais FC,LOSC Lille,3,1
2019-05-24,3070005,TR1,2018,domestic_league,114,10484,Beşiktaş Jimnastik Kulübü,Kasimpasa,3,2
2019-05-24,3070006,TR1,2018,domestic_league,2381,141,Sivasspor,Galatasaray,4,3
2019-05-24,3070010,TR1,2018,domestic_league,126,449,Caykur Rizespor,Trabzonspor,2,3
2019-05-24,3070011,TR1,2018,domestic_league,6890,11282,Basaksehir FK,Alanyaspor,1,1
2019-05-25,3070009,TR1,2018,domestic_league,2293,19771,Konyaspor,Akhisarspor,0,0
2019-05-25,3081402,IT1,2018,domestic_league,8970,862,Frosinone Calcio,Chievo Verona,0,0
2019-05-25,3081408,IT1,2018,domestic_league,1025,6195,Bologna Football Club 1909,SSC Napoli,3,2
2019-05-25,3162692,CDR,2018,domestic_cup,131,1049,FC Barcelona,Valencia CF,1,2
2019-05-25,3179584,DFB,2018,domestic_cup,23826,27,RB Leipzig,Bayern Munich,0,3
2019-05-25,3180052,SFA,2018,domestic_cup,43,371,Heart of Midlothian FC,Celtic FC,1,2
2019-05-26,3070004,TR1,2018,domestic_league,1467,868,Göztepe,MKE Ankaragücü,2,1
2019-05-26,3070007,TR1,2018,domestic_league,36,589,Fenerbahce,Antalyaspor,3,1
2019-05-26,3070008,TR1,2018,domestic_league,3205,39722,Kayserispor,Erzurumspor FK,0,2
2019-05-26,3070012,TR1,2018,domestic_league,19789,20,Yeni Malatyaspor,Bursaspor,1,2
2019-05-26,3081403,IT1,2018,domestic_league,46,749,Inter Milan,FC Empoli,2,1
2019-05-26,3081404,IT1,2018,domestic_league,430,252,ACF Fiorentina,Genoa CFC,0,0
2019-05-26,3081405,IT1,2018,domestic_league,1038,506,UC Sampdoria,Juventus FC,2,0
2019-05-26,3081406,IT1,2018,domestic_league,416,398,Torino FC,Società Sportiva Lazio S.p.A.,3,1
2019-05-26,3081407,IT1,2018,domestic_league,2722,5,SPAL,AC Milan,2,3
2019-05-26,3081409,IT1,2018,domestic_league,12,130,Associazione Sportiva Roma,Parma Calcio 1913,2,1
2019-05-26,3081410,IT1,2018,domestic_league,800,6574,Atalanta BC,US Sassuolo,3,1
2019-05-26,3081411,IT1,2018,domestic_league,1390,410,Cagliari Calcio,Udinese Calcio,1,2
2019-05-26,3183730,RU1,2018,domestic_league,2410,2696,PFK CSKA Moskva,PFK Krylya Sovetov Samara,6,0
2019-05-26,3183731,RU1,2018,domestic_league,3725,1083,RFK Akhmat Grozny,FK Rostov,1,0
2019-05-26,3183732,RU1,2018,domestic_league,964,3714,AO FK Zenit Sankt-Peterburg,Enisey Krasnoyarsk,4,1
2019-05-26,3183733,RU1,2018,domestic_league,121,3729,FK Dinamo Moskva,Arsenal Tula,3,3
2019-05-26,3183734,RU1,2018,domestic_league,16704,2698,FK Krasnodar,FC Rubin Kazan,1,0
2019-05-26,3183735,RU1,2018,domestic_league,2700,11127,Anzhi Makhachkala ( -2022),Ural Yekaterinburg,0,2
2019-05-26,3183736,RU1,2018,domestic_league,932,28095,"Футбольный клуб ""Локомотив"" Москва",FK Ufa,1,0
2019-05-26,3183737,RU1,2018,domestic_league,14589,232,FC Orenburg,FK Spartak Moskva,2,0
2019-05-29,3184382,EL,2018,other,631,11,Chelsea FC,Arsenal FC,4,1
2019-06-01,3183105,CL,2018,international_cup,148,31,Tottenham Hotspur,Liverpool FC,0,2
2019-06-25,3194541,CLQ,2019,international_cup,34429,38204,KF Feronikeli Drenas,Lincoln Red Imps FC,1,0
2019-06-25,3194542,CLQ,2019,international_cup,10747,10854,SP Tre Penne,FC Santa Coloma,0,1
2019-06-27,3194543,ELQ,2019,other,12346,53152,FC Progrès Niederkorn,Cardiff Metropolitan University,1,0
2019-06-27,3194545,ELQ,2019,other,24349,26326,La Fiorita 1967,UE Engordany,0,1
2019-06-27,3194547,ELQ,2019,other,11910,42246,UE Sant Julia,Europa FC,3,2
2019-06-27,3194549,ELQ,2019,other,15244,11540,Ballymena United FC,NSÍ Runavík,2,0
2019-06-27,3194551,ELQ,2019,other,1918,38208,FC Prishtina,St Joseph's FC,1,1
2019-06-27,3194553,ELQ,2019,other,6170,10617,KÍ Klaksvík,Tre Fiori FC,5,1
2019-06-27,3194555,ELQ,2019,other,1115,1251,Barry Town United,Cliftonville FC,0,0
2019-06-28,3205061,CLQ,2019,international_cup,34429,10854,KF Feronikeli Drenas,FC Santa Coloma,2,1
2019-07-02,3194552,ELQ,2019,other,38208,1918,St Joseph's FC,FC Prishtina,2,0
2019-07-04,3194544,ELQ,2019,other,53152,12346,Cardiff Metropolitan University,FC Progrès Niederkorn,2,1
2019-07-04,3194546,ELQ,2019,other,26326,24349,UE Engordany,La Fiorita 1967,2,1
2019-07-04,3194548,ELQ,2019,other,42246,11910,Europa FC,UE Sant Julia,4,0
2019-07-04,3194550,ELQ,2019,other,11540,15244,NSÍ Runavík,Ballymena United FC,0,0
2019-07-04,3194554,ELQ,2019,other,10617,6170,Tre Fiori FC,KÍ Klaksvík,0,4
2019-07-04,3194556,ELQ,2019,other,1251,1115,Cliftonville FC,Barry Town United,4,0
2019-07-06,3189462,RUSS,2019,other,932,964,"Футбольный клуб ""Локомотив"" Москва",AO FK Zenit Sankt-Peterburg,3,2
2019-07-09,3205062,ELQ,2019,other,32768,447,Gzira United FC,HNK Hajduk Split,0,2
2019-07-09,3205063,ELQ,2019,other,208,10883,CSKA-Sofia,OFK Titograd,4,0
2019-07-09,3209378,ELQ,2019,other,38208,124,St Joseph's FC,Rangers FC,0,4
2019-07-09,3211508,CLQ,2019,international_cup,22220,7769,FC Astana,CFR Cluj,1,0
2019-07-09,3211509,CLQ,2019,international_cup,1008,4313,HJK Helsinki,HB Tórshavn,3,0
2019-07-09,3211510,CLQ,2019,international_cup,22783,1167,Kalju FC,Shkendija Tetovo,0,1
2019-07-09,3211511,CLQ,2019,international_cup,282,371,FK Sarajevo,Celtic FC,1,3
2019-07-09,3211512,CLQ,2019,international_cup,10734,34429,The New Saints,KF Feronikeli Drenas,2,2
2019-07-09,3211513,CLQ,2019,international_cup,853,6335,F91 Dudelange,Valletta FC,2,2
2019-07-09,3211514,CLQ,2019,international_cup,8047,159,FK Suduva Marijampole,Red Star Belgrade,0,0
2019-07-09,3211523,CLQ,2019,international_cup,53453,272,FC Ararat-Armenia,Allmänna Idrottsklubben,2,1
2019-07-10,3205064,ELQ,2019,other,1257,10481,Jeunesse Esch,Tobol Kostanay,0,0
2019-07-10,3211515,CLQ,2019,international_cup,4040,10625,FK Partizani,Qarabağ FK,0,0
2019-07-10,3211516,CLQ,2019,international_cup,713,6112,BATE Borisov,Piast Gliwice,1,1
2019-07-10,3211517,CLQ,2019,international_cup,2481,41133,FC Sheriff Tiraspol,FC Saburtalo,0,3
2019-07-10,3211518,CLQ,2019,international_cup,279,31614,Ferencvárosi TC,Ludogorets Razgrad,2,1
2019-07-10,3211519,CLQ,2019,international_cup,540,3070,Slovan Bratislava,FK Sutjeska Niksic,1,1
2019-07-10,3211520,CLQ,2019,international_cup,6066,48325,Dundalk FC,Riga FC,0,0
2019-07-10,3211521,CLQ,2019,international_cup,3471,195,Linfield FC,Rosenborg Ballklub,0,2
2019-07-10,3211522,CLQ,2019,international_cup,1033,790,Valur Reykjavík,NK Maribor,0,3
2019-07-11,3205065,ELQ,2019,other,10301,4644,FC Pyunik Yerevan,FC Shkupi,3,3
2019-07-11,3205066,ELQ,2019,other,16779,253,Ordabasy Shymkent,Torpedo Kutaisi,1,0
2019-07-11,3205067,ELQ,2019,other,2782,3739,JFK Ventspils,KF Teuta,3,0
2019-07-11,3205068,ELQ,2019,other,37914,8397,Alashkert Yerevan FC,Makedonija Gjorce Petrov,3,1
2019-07-11,3205069,ELQ,2019,other,2156,46643,AEK Larnaca,FC Petrocub Hincesti,1,0
2019-07-11,3205070,ELQ,2019,other,7130,4391,JK Trans Narva,Buducnost Podgorica,0,2
2019-07-11,3205071,ELQ,2019,other,22140,2976,KF Laçi,Hapoel Beer Sheva,1,1
2019-07-11,3205072,ELQ,2019,other,57890,40812,FK Sabail,Universitatea Craiova,2,3
2019-07-11,3205073,ELQ,2019,other,1002,7567,FC Flora Tallinn,FK Radnicki Nis,2,0
2019-07-11,3205074,ELQ,2019,other,6251,17959,Kuopion Palloseura,FC Vitebsk,2,0
2019-07-11,3205075,ELQ,2019,other,32129,6248,Balzan FC,NK Domzale,3,4
2019-07-11,3205076,ELQ,2019,other,7087,156,MFK Ruzomberok,Levski Sofia,0,2
2019-07-11,3205077,ELQ,2019,other,43162,1180,FK Liepaja,Dinamo Minsk,1,1
2019-07-11,3205078,ELQ,2019,other,40090,429,FK Kauno Zalgiris,Apollon Limassol,0,2
2019-07-11,3205079,ELQ,2019,other,11040,365,FK Radnik Bijeljina,Spartak Trnava,2,0
2019-07-11,3205080,ELQ,2019,other,10695,10604,Shakhter Soligorsk,Hibernians FC,1,0
2019-07-11,3205081,ELQ,2019,other,45520,8031,CSF Speranta Nisporeni (- 2021),Neftchi Baku,0,3
2019-07-11,3205082,ELQ,2019,other,45935,6808,AP Brera,HSK Zrinjski Mostar,0,3
2019-07-11,3205083,ELQ,2019,other,687,3237,Molde Fotballklubb,KR Reykjavík,7,1
2019-07-11,3205084,ELQ,2019,other,206,8042,Bröndby IF,FC Inter Turku,4,1
2019-07-11,3205085,ELQ,2019,other,21532,10532,Crusaders FC,B36 Tórshavn,2,0
2019-07-11,3205086,ELQ,2019,other,84,27116,Debreceni VSC,FK Kukësi,3,0
2019-07-11,3205087,ELQ,2019,other,1064,4059,Maccabi Haifa,NS Mura,2,0
2019-07-11,3205088,ELQ,2019,other,1100,3258,Sportsklubben Brann,Shamrock Rovers,2,2
2019-07-11,3205089,ELQ,2019,other,11976,11435,CS Fola Esch,Chikhura Sachkhere,1,2
2019-07-11,3205090,ELQ,2019,other,4772,33783,NK Olimpija Ljubljana,FC RFS,2,3
2019-07-11,3205091,ELQ,2019,other,22499,2553,Gap Connah's Quay,Kilmarnock FC,1,2
2019-07-11,3205092,ELQ,2019,other,4529,5689,DAC Dunajska Streda,Cracovia,1,1
2019-07-11,3205093,ELQ,2019,other,1004,11107,FK Zeta Golubovac,Videoton FC Fehérvár,1,5
2019-07-11,3205094,ELQ,2019,other,301,30686,FCSB,FC Milsami Orhei,2,0
2019-07-11,3205095,ELQ,2019,other,6621,11411,FK Cukaricki,FC Banants Yerevan,3,0
2019-07-11,3205096,ELQ,2019,other,370,3776,Aberdeen FC,Rovaniemen Palloseura,2,1
2019-07-11,3205097,ELQ,2019,other,1189,2844,St. Patrick's Athletic,IFK Norrköping,0,2
2019-07-11,3205098,ELQ,2019,other,1242,10482,NK Siroki Brijeg,Kairat Almaty,1,2
2019-07-11,3205099,ELQ,2019,other,709,602,Budapest Honvéd FC,FK Zalgiris Vilnius,3,1
2019-07-11,3205100,ELQ,2019,other,21875,5771,Stjarnan Gardabaer,Levadia Tallinn,2,1
2019-07-11,3205101,ELQ,2019,other,3737,163,Breidablik Kópavogur,FC Vaduz,0,0
2019-07-11,3209379,ELQ,2019,other,663,26326,Dinamo Tbilisi,UE Engordany,6,0
2019-07-11,3209380,ELQ,2019,other,496,15244,Malmö Fotbollförening,Ballymena United FC,7,0
2019-07-11,3209381,ELQ,2019,other,42246,255,Europa FC,Legia Warszawa,0,0
2019-07-11,3209382,ELQ,2019,other,1251,2761,Cliftonville FC,FK Haugesund,0,1
2019-07-11,3209383,ELQ,2019,other,27774,12346,Cork City FC,FC Progrès Niederkorn,0,2
2019-07-11,3209384,ELQ,2019,other,32832,6170,FK Trakai,KÍ Klaksvík,1,1
2019-07-12,3194951,RU1,2019,domestic_league,3729,121,Arsenal Tula,FK Dinamo Moskva,1,1
2019-07-12,3195497,DK1,2019,domestic_league,865,3426,FC Midtjylland,Esbjerg fB,1,0
2019-07-13,3194947,RU1,2019,domestic_league,232,41231,FK Spartak Moskva,FK Sochi,1,0
2019-07-13,3194948,RU1,2019,domestic_league,1083,14589,FK Rostov,FC Orenburg,2,1
2019-07-13,3194953,RU1,2019,domestic_league,11127,28095,Ural Yekaterinburg,FK Ufa,3,2
2019-07-14,3194946,RU1,2019,domestic_league,964,41201,AO FK Zenit Sankt-Peterburg,PFK Tambov (-2021),2,1
2019-07-14,3194950,RU1,2019,domestic_league,3725,16704,RFK Akhmat Grozny,FK Krasnodar,1,0
2019-07-14,3194952,RU1,2019,domestic_league,2696,2410,PFK Krylya Sovetov Samara,PFK CSKA Moskva,2,0
2019-07-14,3195498,DK1,2019,domestic_league,5817,5724,Sönderjyske Fodbold,Randers FC,2,1
2019-07-14,3195499,DK1,2019,domestic_league,2414,2778,AC Horsens,FC Nordsjaelland,0,3
2019-07-14,3195500,DK1,2019,domestic_league,369,1053,Lyngby Boldklub,Aalborg BK,2,0
2019-07-14,3195501,DK1,2019,domestic_league,173,190,Odense Boldklub,FC Copenhagen,2,3
2019-07-14,3195502,DK1,2019,domestic_league,206,1177,Bröndby IF,Silkeborg IF,3,0
2019-07-15,3194949,RU1,2019,domestic_league,932,2698,"Футбольный клуб ""Локомотив"" Москва",FC Rubin Kazan,1,1
2019-07-15,3195503,DK1,2019,domestic_league,5818,678,Hobro IK,Aarhus GF,1,1
2019-07-16,3205102,ELQ,2019,other,11411,6621,FC Banants Yerevan,FK Cukaricki,0,5
2019-07-16,3205103,ELQ,2019,other,10883,208,OFK Titograd,CSKA-Sofia,0,0
2019-07-16,3209391,ELQ,2019,other,6170,32832,KÍ Klaksvík,FK Trakai,0,0
2019-07-16,3211524,CLQ,2019,international_cup,1167,22783,Shkendija Tetovo,Kalju FC,1,2
2019-07-16,3211525,CLQ,2019,international_cup,41133,2481,FC Saburtalo,FC Sheriff Tiraspol,1,3
2019-07-16,3211526,CLQ,2019,international_cup,4313,1008,HB Tórshavn,HJK Helsinki,2,2
2019-07-16,3211527,CLQ,2019,international_cup,6335,853,Valletta FC,F91 Dudelange,1,1
2019-07-16,3211528,CLQ,2019,international_cup,34429,10734,KF Feronikeli Drenas,The New Saints,0,1
2019-07-16,3211529,CLQ,2019,international_cup,159,8047,Red Star Belgrade,FK Suduva Marijampole,2,1
2019-07-17,3211530,CLQ,2019,international_cup,48325,6066,Riga FC,Dundalk FC,4,5
2019-07-17,3211531,CLQ,2019,international_cup,195,3471,Rosenborg Ballklub,Linfield FC,4,0
2019-07-17,3211532,CLQ,2019,international_cup,10625,4040,Qarabağ FK,FK Partizani,2,0
2019-07-17,3211533,CLQ,2019,international_cup,272,53453,Allmänna Idrottsklubben,FC Ararat-Armenia,3,1
2019-07-17,3211534,CLQ,2019,international_cup,31614,279,Ludogorets Razgrad,Ferencvárosi TC,2,3
2019-07-17,3211535,CLQ,2019,international_cup,6112,713,Piast Gliwice,BATE Borisov,1,2
2019-07-17,3211536,CLQ,2019,international_cup,7769,22220,CFR Cluj,FC Astana,3,1
2019-07-17,3211537,CLQ,2019,international_cup,790,1033,NK Maribor,Valur Reykjavík,2,0
2019-07-17,3211538,CLQ,2019,international_cup,3070,540,FK Sutjeska Niksic,Slovan Bratislava,3,2
2019-07-17,3211539,CLQ,2019,international_cup,371,282,Celtic FC,FK Sarajevo,2,1
2019-07-17,3222708,ELQ,2019,other,11435,11976,Chikhura Sachkhere,CS Fola Esch,2,1
2019-07-18,3205104,ELQ,2019,other,10482,1242,Kairat Almaty,NK Siroki Brijeg,2,1
2019-07-18,3205105,ELQ,2019,other,8397,37914,Makedonija Gjorce Petrov,Alashkert Yerevan FC,0,3
2019-07-18,3205106,ELQ,2019,other,3739,2782,KF Teuta,JFK Ventspils,1,0
2019-07-18,3205107,ELQ,2019,other,8042,206,FC Inter Turku,Bröndby IF,2,0
2019-07-18,3205108,ELQ,2019,other,3776,370,Rovaniemen Palloseura,Aberdeen FC,1,2
2019-07-18,3205109,ELQ,2019,other,5771,21875,Levadia Tallinn,Stjarnan Gardabaer,3,2
2019-07-18,3205110,ELQ,2019,other,33783,4772,FC RFS,NK Olimpija Ljubljana,0,2
2019-07-18,3205111,ELQ,2019,other,1180,43162,Dinamo Minsk,FK Liepaja,1,2
2019-07-18,3205112,ELQ,2019,other,156,7087,Levski Sofia,MFK Ruzomberok,2,0
2019-07-18,3205113,ELQ,2019,other,46643,2156,FC Petrocub Hincesti,AEK Larnaca,0,1
2019-07-18,3205114,ELQ,2019,other,40812,57890,Universitatea Craiova,FK Sabail,3,2
2019-07-18,3205115,ELQ,2019,other,429,40090,Apollon Limassol,FK Kauno Zalgiris,4,0
2019-07-18,3205116,ELQ,2019,other,5689,4529,Cracovia,DAC Dunajska Streda,2,2
2019-07-18,3205117,ELQ,2019,other,602,709,FK Zalgiris Vilnius,Budapest Honvéd FC,1,1
2019-07-18,3205118,ELQ,2019,other,8031,45520,Neftchi Baku,CSF Speranta Nisporeni (- 2021),6,0
2019-07-18,3205119,ELQ,2019,other,6808,45935,HSK Zrinjski Mostar,AP Brera,3,0
2019-07-18,3205120,ELQ,2019,other,30686,301,FC Milsami Orhei,FCSB,1,2
2019-07-18,3205121,ELQ,2019,other,253,16779,Torpedo Kutaisi,Ordabasy Shymkent,0,2
2019-07-18,3205122,ELQ,2019,other,163,3737,FC Vaduz,Breidablik Kópavogur,2,1
2019-07-18,3205123,ELQ,2019,other,2976,22140,Hapoel Beer Sheva,KF Laçi,1,0
2019-07-18,3205124,ELQ,2019,other,2844,1189,IFK Norrköping,St. Patrick's Athletic,2,1
2019-07-18,3205125,ELQ,2019,other,10604,10695,Hibernians FC,Shakhter Soligorsk,0,1
2019-07-18,3205126,ELQ,2019,other,11107,1004,Videoton FC Fehérvár,FK Zeta Golubovac,0,0
2019-07-18,3205127,ELQ,2019,other,10532,21532,B36 Tórshavn,Crusaders FC,2,3
2019-07-18,3205128,ELQ,2019,other,27116,84,FK Kukësi,Debreceni VSC,1,1
2019-07-18,3205129,ELQ,2019,other,4059,1064,NS Mura,Maccabi Haifa,2,3
2019-07-18,3205130,ELQ,2019,other,447,32768,HNK Hajduk Split,Gzira United FC,1,3
2019-07-18,3205131,ELQ,2019,other,4644,10301,FC Shkupi,FC Pyunik Yerevan,1,2
2019-07-18,3205132,ELQ,2019,other,17959,6251,FC Vitebsk,Kuopion Palloseura,1,1
2019-07-18,3205133,ELQ,2019,other,6248,32129,NK Domzale,Balzan FC,1,0
2019-07-18,3205134,ELQ,2019,other,365,11040,Spartak Trnava,FK Radnik Bijeljina,3,2
2019-07-18,3205135,ELQ,2019,other,2553,22499,Kilmarnock FC,Gap Connah's Quay,0,2
2019-07-18,3205136,ELQ,2019,other,3237,687,KR Reykjavík,Molde Fotballklubb,0,0
2019-07-18,3205137,ELQ,2019,other,3258,1100,Shamrock Rovers,Sportsklubben Brann,2,1
2019-07-18,3207276,ELQ,2019,other,7567,1002,FK Radnicki Nis,FC Flora Tallinn,2,2
2019-07-18,3209385,ELQ,2019,other,255,42246,Legia Warszawa,Europa FC,3,0
2019-07-18,3209386,ELQ,2019,other,15244,496,Ballymena United FC,Malmö Fotbollförening,0,4
2019-07-18,3209387,ELQ,2019,other,26326,663,UE Engordany,Dinamo Tbilisi,0,1
2019-07-18,3209388,ELQ,2019,other,12346,27774,FC Progrès Niederkorn,Cork City FC,1,2
2019-07-18,3209389,ELQ,2019,other,124,38208,Rangers FC,St Joseph's FC,6,0
2019-07-18,3209390,ELQ,2019,other,2761,1251,FK Haugesund,Cliftonville FC,5,1
2019-07-18,3221723,ELQ,2019,other,4391,7130,Buducnost Podgorica,JK Trans Narva,4,1
2019-07-18,3222709,ELQ,2019,other,10481,1257,Tobol Kostanay,Jeunesse Esch,1,1
2019-07-19,3209835,DK1,2019,domestic_league,190,678,FC Copenhagen,Aarhus GF,2,1
2019-07-20,3194954,RU1,2019,domestic_league,1083,232,FK Rostov,FK Spartak Moskva,2,2
2019-07-20,3194955,RU1,2019,domestic_league,2410,14589,PFK CSKA Moskva,FC Orenburg,2,1
2019-07-20,3194959,RU1,2019,domestic_league,2696,3729,PFK Krylya Sovetov Samara,Arsenal Tula,2,3
2019-07-20,3194960,RU1,2019,domestic_league,28095,16704,FK Ufa,FK Krasnodar,2,3
2019-07-20,3212128,RUP,2019,domestic_cup,40896,59024,Strogino Moscow,Rodina Moscow,2,3
2019-07-20,3212129,RUP,2019,domestic_cup,54797,37029,Kvant Obninsk,FK Dolgoprudnyi,3,4
2019-07-20,3212130,RUP,2019,domestic_cup,71419,59524,Olimp Khimki (-2020),Ararat Moskow (-2020),2,3
2019-07-20,3212131,RUP,2019,domestic_cup,68037,6413,Khimik-August Vurnary (-2024),Lada Dimitrovgrad,2,0
2019-07-20,3212132,RUP,2019,domestic_cup,2705,71985,Lada Togliatti,Akron Togliatti,1,3
2019-07-20,3212133,RUP,2019,domestic_cup,55013,75231,Legion-Dinamo Makhachkala,Dinamo Makhachkala,3,0
2019-07-20,3212134,RUP,2019,domestic_cup,75233,12045,Inter Cherkessk (-2021),Dinamo Stavropol,4,2
2019-07-20,3212135,RUP,2019,domestic_cup,65683,6673,Kuban Holding Pavlovskaya,SKA Rostov-na-Donu,2,0
2019-07-20,3212136,RUP,2019,domestic_cup,67241,12048,Kuban Krasnodar,Druzhba Maikop,1,3
2019-07-20,3212813,RUP,2019,domestic_cup,75431,75506,Vaynakh Shali,Alania Vladikavkaz,1,3
2019-07-20,3223952,BESC,2019,other,1184,354,KRC Genk,KV Mechelen,3,0
2019-07-21,3194956,RU1,2019,domestic_league,121,2698,FK Dinamo Moskva,FC Rubin Kazan,0,1
2019-07-21,3194957,RU1,2019,domestic_league,932,41201,"Футбольный клуб ""Локомотив"" Москва",PFK Tambov (-2021),2,1
2019-07-21,3194958,RU1,2019,domestic_league,41231,964,FK Sochi,AO FK Zenit Sankt-Peterburg,0,2
2019-07-21,3194961,RU1,2019,domestic_league,11127,3725,Ural Yekaterinburg,RFK Akhmat Grozny,3,0
2019-07-21,3209836,DK1,2019,domestic_league,1177,2414,Silkeborg IF,AC Horsens,0,3
2019-07-21,3209837,DK1,2019,domestic_league,1053,5817,Aalborg BK,Sönderjyske Fodbold,1,1
2019-07-21,3209838,DK1,2019,domestic_league,3426,5818,Esbjerg fB,Hobro IK,1,1
2019-07-21,3209839,DK1,2019,domestic_league,5724,206,Randers FC,Bröndby IF,2,2
2019-07-21,3209840,DK1,2019,domestic_league,865,2778,FC Midtjylland,FC Nordsjaelland,2,1
2019-07-21,3212127,RUP,2019,domestic_cup,19958,2737,FC Kolomna,Saturn Ramenskoe,2,1
2019-07-22,3209841,DK1,2019,domestic_league,173,369,Odense Boldklub,Lyngby Boldklub,4,1
2019-07-23,3222657,CLQ,2019,international_cup,941,683,FC Viktoria Plzen,Olympiakos Syndesmos Filathlon Peiraios,0,0
2019-07-23,3222658,CLQ,2019,international_cup,41133,419,FC Saburtalo,GNK Dinamo Zagreb,0,2
2019-07-23,3222659,CLQ,2019,international_cup,383,26,PSV Eindhoven,FC Basel 1893,3,2
2019-07-23,3222660,CLQ,2019,international_cup,10734,190,The New Saints,FC Copenhagen,0,2
2019-07-23,3222661,CLQ,2019,international_cup,3070,2784,FK Sutjeska Niksic,APOEL Nicosia,0,1
2019-07-23,3222667,CLQ,2019,international_cup,371,22783,Celtic FC,Kalju FC,5,0
2019-07-23,3222948,ELQ,2019,other,10747,8047,SP Tre Penne,FK Suduva Marijampole,0,5
2019-07-23,3222951,ELQ,2019,other,53453,38204,FC Ararat-Armenia,Lincoln Red Imps FC,2,0
2019-07-23,3222954,ELQ,2019,other,10854,22220,FC Santa Coloma,FC Astana,0,0
2019-07-23,3222955,ELQ,2019,other,4313,3471,HB Tórshavn,Linfield FC,2,2
2019-07-23,3222956,ELQ,2019,other,1167,853,Shkendija Tetovo,F91 Dudelange,1,2
2019-07-24,3222662,CLQ,2019,international_cup,713,195,BATE Borisov,Rosenborg Ballklub,2,1
2019-07-24,3222663,CLQ,2019,international_cup,279,6335,Ferencvárosi TC,Valletta FC,3,1
2019-07-24,3222664,CLQ,2019,international_cup,7769,119,CFR Cluj,Maccabi Tel Aviv,1,0
2019-07-24,3222665,CLQ,2019,international_cup,790,272,NK Maribor,Allmänna Idrottsklubben,2,1
2019-07-24,3222666,CLQ,2019,international_cup,159,1008,Red Star Belgrade,HJK Helsinki,2,0
2019-07-24,3222668,CLQ,2019,international_cup,6066,10625,Dundalk FC,Qarabağ FK,1,1
2019-07-24,3222953,ELQ,2019,other,540,34429,Slovan Bratislava,KF Feronikeli Drenas,2,1
2019-07-25,3222949,ELQ,2019,other,6112,48325,Piast Gliwice,Riga FC,3,2
2019-07-25,3222950,ELQ,2019,other,4040,2481,FK Partizani,FC Sheriff Tiraspol,0,1
2019-07-25,3222952,ELQ,2019,other,1033,31614,Valur Reykjavík,Ludogorets Razgrad,1,1
2019-07-25,3222966,ELQ,2019,other,2844,43162,IFK Norrköping,FK Liepaja,2,0
2019-07-25,3222967,ELQ,2019,other,2976,10482,Hapoel Beer Sheva,Kairat Almaty,2,0
2019-07-25,3222968,ELQ,2019,other,3729,8031,Arsenal Tula,Neftchi Baku,0,1
2019-07-25,3222969,ELQ,2019,other,714,21875,RCD Espanyol Barcelona,Stjarnan Gardabaer,4,0
2019-07-25,3222970,ELQ,2019,other,4529,3060,DAC Dunajska Streda,APS Atromitos Athinon,1,2
2019-07-25,3222971,ELQ,2019,other,2761,122,FK Haugesund,Sportklub Puntigamer Sturm Graz,2,0
2019-07-25,3222972,ELQ,2019,other,2156,156,AEK Larnaca,Levski Sofia,3,0
2019-07-25,3222973,ELQ,2019,other,255,6251,Legia Warszawa,Kuopion Palloseura,1,0
2019-07-25,3222974,ELQ,2019,other,200,6808,FC Utrecht,HSK Zrinjski Mostar,1,1
2019-07-25,3222975,ELQ,2019,other,10301,1322,FC Pyunik Yerevan,FK Jablonec,2,1
2019-07-25,3222976,ELQ,2019,other,4000,206,Lechia Gdansk,Bröndby IF,2,1
2019-07-25,3222977,ELQ,2019,other,11107,163,Videoton FC Fehérvár,FC Vaduz,1,0
2019-07-25,3222978,ELQ,2019,other,22010,663,FK Qabala,Dinamo Tbilisi,0,2
2019-07-25,3222979,ELQ,2019,other,19789,4772,Yeni Malatyaspor,NK Olimpija Ljubljana,2,2
2019-07-25,3222980,ELQ,2019,other,1002,24,FC Flora Tallinn,Eintracht Frankfurt,1,2
2019-07-25,3222981,ELQ,2019,other,6248,496,NK Domzale,Malmö Fotbollförening,2,2
2019-07-25,3222982,ELQ,2019,other,687,6621,Molde Fotballklubb,FK Cukaricki,0,0
2019-07-25,3222983,ELQ,2019,other,11435,370,Chikhura Sachkhere,Aberdeen FC,1,1
2019-07-25,3222984,ELQ,2019,other,157,29831,KAA Gent,FCV Farul Constanta,6,3
2019-07-25,3222985,ELQ,2019,other,4391,10690,Buducnost Podgorica,Zorya Lugansk,1,3
2019-07-25,3222986,ELQ,2019,other,208,327,CSKA-Sofia,NK Osijek,1,0
2019-07-25,3222987,ELQ,2019,other,416,84,Torino FC,Debreceni VSC,3,0
2019-07-25,3222988,ELQ,2019,other,434,6170,FC Luzern,KÍ Klaksvík,1,0
2019-07-25,3222989,ELQ,2019,other,124,12346,Rangers FC,FC Progrès Niederkorn,2,0
2019-07-25,3222990,ELQ,2019,other,2782,32768,JFK Ventspils,Gzira United FC,4,0
2019-07-25,3222991,ELQ,2019,other,667,1064,RC Strasbourg Alsace,Maccabi Haifa,3,1
2019-07-25,3222992,ELQ,2019,other,5546,16779,FK Mlada Boleslav,Ordabasy Shymkent,1,1
2019-07-25,3222993,ELQ,2019,other,3258,429,Shamrock Rovers,Apollon Limassol,2,1
2019-07-25,3222994,ELQ,2019,other,1090,1109,AZ Alkmaar,BK Häcken,0,0
2019-07-25,3222995,ELQ,2019,other,37914,301,Alashkert Yerevan FC,FCSB,0,3
2019-07-25,3222996,ELQ,2019,other,2259,365,Lokomotiv Plovdiv,Spartak Trnava,2,0
2019-07-25,3222997,ELQ,2019,other,543,21532,Wolverhampton Wanderers,Crusaders FC,2,0
2019-07-25,3222998,ELQ,2019,other,605,786,Aris Thessalonikis,AEL Limassol,0,0
2019-07-25,3222999,ELQ,2019,other,1257,2420,Jeunesse Esch,Vitória Guimarães SC,0,1
2019-07-25,3223000,ELQ,2019,other,709,40812,Budapest Honvéd FC,Universitatea Craiova,0,0
2019-07-25,3223001,ELQ,2019,other,10695,3426,Shakhter Soligorsk,Esbjerg fB,2,0
2019-07-25,3223002,ELQ,2019,other,22499,669,Gap Connah's Quay,FK Partizan Belgrade,0,1
2019-07-26,3209842,DK1,2019,domestic_league,369,5817,Lyngby Boldklub,Sönderjyske Fodbold,0,3
2019-07-26,3216663,BE1,2019,domestic_league,1184,601,KRC Genk,KV Kortrijk,2,1
2019-07-26,3224707,RU1,2019,domestic_league,121,11127,FK Dinamo Moskva,Ural Yekaterinburg,2,0
2019-07-27,3209843,DK1,2019,domestic_league,2414,190,AC Horsens,FC Copenhagen,0,2
2019-07-27,3213705,POCP,2019,,10140,4297,SC Covilhã,Varzim SC,3,1
2019-07-27,3213709,POCP,2019,,2990,4294,Académica Coimbra,SC Farense,5,4
2019-07-27,3216664,BE1,2019,domestic_league,520,3057,Cercle Brugge,Standard Liège,0,2
2019-07-27,3216665,BE1,2019,domestic_league,475,29228,Sint-Truidense VV,Royal Excel Mouscron (-2022),0,1
2019-07-27,3216666,BE1,2019,domestic_league,3508,354,Zulte Waregem,KV Mechelen,0,2
2019-07-27,3216667,BE1,2019,domestic_league,28643,2282,SK Beveren,Club Brugge KV,1,3
2019-07-27,3224106,NLSC,2019,other,610,383,Ajax Amsterdam,PSV Eindhoven,2,0
2019-07-27,3224708,RU1,2019,domestic_league,28095,2696,FK Ufa,PFK Krylya Sovetov Samara,2,1
2019-07-27,3224709,RU1,2019,domestic_league,41201,232,PFK Tambov (-2021),FK Spartak Moskva,2,0
2019-07-27,3224710,RU1,2019,domestic_league,16704,41231,FK Krasnodar,FK Sochi,3,0
2019-07-27,3227369,RUP,2019,domestic_cup,2703,8835,Spartak Vladikavkaz (-2020),Spartak Nalchik,2,2
2019-07-28,3194815,UKRS,2019,,660,338,FC Shakhtar Donetsk,Dynamo Kyiv,1,2
2019-07-28,3209844,DK1,2019,domestic_league,5818,5724,Hobro IK,Randers FC,2,2
2019-07-28,3209845,DK1,2019,domestic_league,2778,3426,FC Nordsjaelland,Esbjerg fB,2,0
2019-07-28,3209846,DK1,2019,domestic_league,678,865,Aarhus GF,FC Midtjylland,0,1
2019-07-28,3209847,DK1,2019,domestic_league,206,173,Bröndby IF,Odense Boldklub,3,2
2019-07-28,3211770,UKR1,2019,domestic_league,2740,10690,Vorskla Poltava,Zorya Lugansk,0,1
2019-07-28,3213704,POCP,2019,,3327,7788,FC Penafiel,Académico Viseu FC,1,0
2019-07-28,3213706,POCP,2019,,8827,7056,UD Oliveirense,CD Mafra,2,1
2019-07-28,3213707,POCP,2019,,3268,7119,Casa Pia AC,UD Vilafranquense,4,1
2019-07-28,3213708,POCP,2019,,3345,25817,Leixões SC,CD Cova Piedade,5,4
2019-07-28,3216668,BE1,2019,domestic_league,58,2861,RSC Anderlecht,KV Oostende,1,2
2019-07-28,3216669,BE1,2019,domestic_league,172,157,Royal Charleroi Sporting Club,KAA Gent,1,1
2019-07-28,3216670,BE1,2019,domestic_league,1245,1096,KAS Eupen,Royal Antwerp FC,1,4
2019-07-28,3224711,RU1,2019,domestic_league,14589,964,FC Orenburg,AO FK Zenit Sankt-Peterburg,0,2
2019-07-28,3224712,RU1,2019,domestic_league,3729,1083,Arsenal Tula,FK Rostov,2,3
2019-07-28,3224713,RU1,2019,domestic_league,2410,932,PFK CSKA Moskva,"Футбольный клуб ""Локомотив"" Москва",1,0
2019-07-28,3227370,RUP,2019,domestic_cup,37029,48968,FK Dolgoprudnyi,Zorkiy Krasnogorsk,0,4
2019-07-28,3227371,RUP,2019,domestic_cup,59524,19958,Ararat Moskow (-2020),FC Kolomna,1,0
2019-07-28,3227372,RUP,2019,domestic_cup,12439,68037,Volga Uljanovsk,Khimik-August Vurnary (-2024),6,1
2019-07-28,3227373,RUP,2019,domestic_cup,12043,75068,Dinamo Barnaul,Sibir Novosibirsk,2,1
2019-07-28,3227374,RUP,2019,domestic_cup,6434,6433,Zvezda Perm,Zenit Izhevsk,6,0
2019-07-28,3227375,RUP,2019,domestic_cup,23110,12054,FK Chelyabinsk,FC Tyumen,0,1
2019-07-28,3227376,RUP,2019,domestic_cup,6436,11135,Metallurg Magnitogorsk,Nosta Novotroitsk,1,3
2019-07-28,3227377,RUP,2019,domestic_cup,6419,39200,Pskov-747 (-2020),Luki-Energia Velikie Luki,0,1
2019-07-28,3227378,RUP,2019,domestic_cup,67976,45913,Krasniy-SGAFKST Smolensk,Trevis &amp; VVK St. Petersburg,5,0
2019-07-28,3227379,RUP,2019,domestic_cup,59024,58065,Rodina Moscow,Veles Moscow,0,2
2019-07-28,3227380,RUP,2019,domestic_cup,12052,12444,FC Ryazan,Znamya Truda Orekhovo-Zuevo,3,0
2019-07-28,3227381,RUP,2019,domestic_cup,6672,3723,Salyut Belgorod,Metallurg Lipetsk,3,2
2019-07-28,3227382,RUP,2019,domestic_cup,11123,75233,Mashuk-KMV Pyatigorsk,Inter Cherkessk (-2021),0,1
2019-07-28,3227383,RUP,2019,domestic_cup,55015,3243,Delin Izhevsk,KamAZ Naberezhnye Chelny,0,4
2019-07-28,3227384,RUP,2019,domestic_cup,11121,28098,Dinamo Bryansk,FK Kaluga,0,1
2019-07-28,3227385,RUP,2019,domestic_cup,75506,2700,Alania Vladikavkaz,Anzhi Makhachkala ( -2022),1,0
2019-07-28,3227386,RUP,2019,domestic_cup,33535,65683,Biolog-Novokubansk Progress,Kuban Holding Pavlovskaya,3,1
2019-07-28,3227387,RUP,2019,domestic_cup,71985,3834,Akron Togliatti,Sokol Saratov,3,1
2019-07-28,3227388,RUP,2019,domestic_cup,53289,67107,Electron Velikiy Novgorod,FC Leningradets,0,1
2019-07-28,3227389,RUP,2019,domestic_cup,12065,54924,Torpedo Vladimir,FC Murom,0,1
2019-07-28,3227390,RUP,2019,domestic_cup,6432,55013,Volgar Astrakhan,Legion-Dinamo Makhachkala,3,0
2019-07-28,3227391,RUP,2019,domestic_cup,12048,5287,Druzhba Maikop,Chernomorets Novorossijsk,0,1
2019-07-28,3227395,RUP,2019,domestic_cup,55329,12049,FC Irkutsk,FK Chita (-2022),0,2
2019-07-29,3209848,DK1,2019,domestic_league,1053,1177,Aalborg BK,Silkeborg IF,3,1
2019-07-29,3224714,RU1,2019,domestic_league,2698,3725,FC Rubin Kazan,RFK Akhmat Grozny,1,0
2019-07-30,3211771,UKR1,2019,domestic_league,16239,18105,Desna Chernigiv,PFK Lviv,1,2
2019-07-30,3211773,UKR1,2019,domestic_league,48332,6993,Kolos Kovalivka,FK Mariupol,2,1
2019-07-30,3222669,CLQ,2019,international_cup,22783,371,Kalju FC,Celtic FC,0,2
2019-07-30,3222670,CLQ,2019,international_cup,2784,3070,APOEL Nicosia,FK Sutjeska Niksic,3,0
2019-07-30,3222671,CLQ,2019,international_cup,119,7769,Maccabi Tel Aviv,CFR Cluj,2,2
2019-07-30,3222672,CLQ,2019,international_cup,26,383,FC Basel 1893,PSV Eindhoven,2,1
2019-07-30,3222673,CLQ,2019,international_cup,419,41133,GNK Dinamo Zagreb,FC Saburtalo,3,0
2019-07-30,3222674,CLQ,2019,international_cup,6335,279,Valletta FC,Ferencvárosi TC,1,1
2019-07-30,3222675,CLQ,2019,international_cup,683,941,Olympiakos Syndesmos Filathlon Peiraios,FC Viktoria Plzen,4,0
2019-07-30,3222957,ELQ,2019,other,8047,10747,FK Suduva Marijampole,SP Tre Penne,5,0
2019-07-30,3222960,ELQ,2019,other,38204,53453,Lincoln Red Imps FC,FC Ararat-Armenia,1,2
2019-07-30,3222962,ELQ,2019,other,34429,540,KF Feronikeli Drenas,Slovan Bratislava,0,2
2019-07-30,3222965,ELQ,2019,other,853,1167,F91 Dudelange,Shkendija Tetovo,1,1
2019-07-31,3211772,UKR1,2019,domestic_league,60551,23611,SC Dnipro-1,Olimpik Donetsk,2,0
2019-07-31,3211774,UKR1,2019,domestic_league,18303,660,FC Oleksandriya,FC Shakhtar Donetsk,1,3
2019-07-31,3211775,UKR1,2019,domestic_league,2477,338,Karpaty Lviv (-2021),Dynamo Kyiv,0,2
2019-07-31,3222676,CLQ,2019,international_cup,1008,159,HJK Helsinki,Red Star Belgrade,2,1
2019-07-31,3222677,CLQ,2019,international_cup,272,790,Allmänna Idrottsklubben,NK Maribor,3,2
2019-07-31,3222678,CLQ,2019,international_cup,10625,6066,Qarabağ FK,Dundalk FC,3,0
2019-07-31,3222679,CLQ,2019,international_cup,195,713,Rosenborg Ballklub,BATE Borisov,2,0
2019-07-31,3222680,CLQ,2019,international_cup,190,10734,FC Copenhagen,The New Saints,1,0
2019-07-31,3223019,ELQ,2019,other,6621,687,FK Cukaricki,Molde Fotballklubb,1,3
2019-08-01,3222958,ELQ,2019,other,48325,6112,Riga FC,Piast Gliwice,2,1
2019-08-01,3222959,ELQ,2019,other,2481,4040,FC Sheriff Tiraspol,FK Partizani,1,1
2019-08-01,3222961,ELQ,2019,other,31614,1033,Ludogorets Razgrad,Valur Reykjavík,4,0
2019-08-01,3222963,ELQ,2019,other,22220,10854,FC Astana,FC Santa Coloma,4,1
2019-08-01,3222964,ELQ,2019,other,3471,4313,Linfield FC,HB Tórshavn,1,0
2019-08-01,3223003,ELQ,2019,other,43162,2844,FK Liepaja,IFK Norrköping,0,1
2019-08-01,3223004,ELQ,2019,other,10482,2976,Kairat Almaty,Hapoel Beer Sheva,1,1
2019-08-01,3223005,ELQ,2019,other,8031,3729,Neftchi Baku,Arsenal Tula,3,0
2019-08-01,3223006,ELQ,2019,other,21875,714,Stjarnan Gardabaer,RCD Espanyol Barcelona,1,3
2019-08-01,3223007,ELQ,2019,other,3060,4529,APS Atromitos Athinon,DAC Dunajska Streda,3,2
2019-08-01,3223008,ELQ,2019,other,122,2761,Sportklub Puntigamer Sturm Graz,FK Haugesund,2,1
2019-08-01,3223009,ELQ,2019,other,156,2156,Levski Sofia,AEK Larnaca,0,4
2019-08-01,3223010,ELQ,2019,other,6251,255,Kuopion Palloseura,Legia Warszawa,0,0
2019-08-01,3223011,ELQ,2019,other,6808,200,HSK Zrinjski Mostar,FC Utrecht,2,1
2019-08-01,3223012,ELQ,2019,other,1322,10301,FK Jablonec,FC Pyunik Yerevan,0,0
2019-08-01,3223013,ELQ,2019,other,206,4000,Bröndby IF,Lechia Gdansk,4,1
2019-08-01,3223014,ELQ,2019,other,163,11107,FC Vaduz,Videoton FC Fehérvár,2,0
2019-08-01,3223015,ELQ,2019,other,663,22010,Dinamo Tbilisi,FK Qabala,3,0
2019-08-01,3223016,ELQ,2019,other,4772,19789,NK Olimpija Ljubljana,Yeni Malatyaspor,0,1
2019-08-01,3223017,ELQ,2019,other,24,1002,Eintracht Frankfurt,FC Flora Tallinn,2,1
2019-08-01,3223018,ELQ,2019,other,496,6248,Malmö Fotbollförening,NK Domzale,3,2
2019-08-01,3223020,ELQ,2019,other,370,11435,Aberdeen FC,Chikhura Sachkhere,5,0
2019-08-01,3223021,ELQ,2019,other,29831,157,FCV Farul Constanta,KAA Gent,2,1
2019-08-01,3223022,ELQ,2019,other,10690,4391,Zorya Lugansk,Buducnost Podgorica,1,0
2019-08-01,3223023,ELQ,2019,other,327,208,NK Osijek,CSKA-Sofia,4,4
2019-08-01,3223024,ELQ,2019,other,84,416,Debreceni VSC,Torino FC,1,4
2019-08-01,3223025,ELQ,2019,other,6170,434,KÍ Klaksvík,FC Luzern,0,1
2019-08-01,3223026,ELQ,2019,other,12346,124,FC Progrès Niederkorn,Rangers FC,0,0
2019-08-01,3223027,ELQ,2019,other,32768,2782,Gzira United FC,JFK Ventspils,2,2
2019-08-01,3223028,ELQ,2019,other,1064,667,Maccabi Haifa,RC Strasbourg Alsace,2,1
2019-08-01,3223029,ELQ,2019,other,16779,5546,Ordabasy Shymkent,FK Mlada Boleslav,2,3
2019-08-01,3223030,ELQ,2019,other,429,3258,Apollon Limassol,Shamrock Rovers,3,1
2019-08-01,3223031,ELQ,2019,other,1109,1090,BK Häcken,AZ Alkmaar,0,3
2019-08-01,3223032,ELQ,2019,other,301,37914,FCSB,Alashkert Yerevan FC,2,3
2019-08-01,3223033,ELQ,2019,other,365,2259,Spartak Trnava,Lokomotiv Plovdiv,3,1
2019-08-01,3223034,ELQ,2019,other,21532,543,Crusaders FC,Wolverhampton Wanderers,1,4
2019-08-01,3223035,ELQ,2019,other,786,605,AEL Limassol,Aris Thessalonikis,0,1
2019-08-01,3223036,ELQ,2019,other,2420,1257,Vitória Guimarães SC,Jeunesse Esch,4,0
2019-08-01,3223037,ELQ,2019,other,40812,709,Universitatea Craiova,Budapest Honvéd FC,3,1
2019-08-01,3223038,ELQ,2019,other,3426,10695,Esbjerg fB,Shakhter Soligorsk,0,0
2019-08-01,3223039,ELQ,2019,other,669,22499,FK Partizan Belgrade,Gap Connah's Quay,3,0
2019-08-02,3210296,DK1,2019,domestic_league,1177,5818,Silkeborg IF,Hobro IK,2,3
2019-08-02,3212113,NL1,2019,domestic_league,1269,403,PEC Zwolle,Willem II Tilburg,1,3
2019-08-02,3216680,BE1,2019,domestic_league,2282,475,Club Brugge KV,Sint-Truidense VV,6,0
2019-08-03,3182926,FRCH,2019,other,583,273,Paris Saint-Germain,Stade Rennais FC,2,1
2019-08-03,3193275,DFL,2019,other,16,27,Borussia Dortmund,Bayern Munich,2,0
2019-08-03,3201242,SC1,2019,domestic_league,371,2578,Celtic FC,St. Johnstone FC,7,0
2019-08-03,3201243,SC1,2019,domestic_league,903,465,Hibernian FC,St. Mirren FC,1,0
2019-08-03,3201244,SC1,2019,domestic_league,1241,987,Livingston FC,Motherwell FC,0,0
2019-08-03,3201245,SC1,2019,domestic_league,2759,2999,Ross County FC,Hamilton Academical FC,3,0
2019-08-03,3210297,DK1,2019,domestic_league,5817,190,Sönderjyske Fodbold,FC Copenhagen,1,2
2019-08-03,3212114,NL1,2019,domestic_league,499,610,Vitesse Arnhem,Ajax Amsterdam,2,2
2019-08-03,3212115,NL1,2019,domestic_league,1283,202,FC Emmen,FC Groningen,0,1
2019-08-03,3212116,NL1,2019,domestic_league,1426,235,VVV-Venlo,RKC Waalwijk,3,1
2019-08-03,3212117,NL1,2019,domestic_league,317,383,FC Twente Enschede,PSV Eindhoven,1,1
2019-08-03,3216681,BE1,2019,domestic_league,3057,3508,Standard Liège,Zulte Waregem,4,0
2019-08-03,3216682,BE1,2019,domestic_league,601,172,KV Kortrijk,Royal Charleroi Sporting Club,1,1
2019-08-03,3216683,BE1,2019,domestic_league,2861,520,KV Oostende,Cercle Brugge,3,1
2019-08-03,3216684,BE1,2019,domestic_league,354,1184,KV Mechelen,KRC Genk,3,1
2019-08-03,3224722,RU1,2019,domestic_league,11127,1083,Ural Yekaterinburg,FK Rostov,2,2
2019-08-03,3224723,RU1,2019,domestic_league,2696,932,PFK Krylya Sovetov Samara,"Футбольный клуб ""Локомотив"" Москва",1,2
2019-08-03,3224724,RU1,2019,domestic_league,232,121,FK Spartak Moskva,FK Dinamo Moskva,0,0
2019-08-03,3224725,RU1,2019,domestic_league,964,16704,AO FK Zenit Sankt-Peterburg,FK Krasnodar,1,1
2019-08-03,3226479,UKR1,2019,domestic_league,6993,18303,FK Mariupol,FC Oleksandriya,2,1
2019-08-03,3226480,UKR1,2019,domestic_league,18105,338,PFK Lviv,Dynamo Kyiv,0,3
2019-08-03,3226481,UKR1,2019,domestic_league,16239,2740,Desna Chernigiv,Vorskla Poltava,2,0
2019-08-03,3229013,POCP,2019,,982,3325,CD Nacional,GD Chaves,5,6
2019-08-03,3229014,POCP,2019,,3345,1301,Leixões SC,CS Marítimo,1,2
2019-08-03,3229015,POCP,2019,,3268,2503,Casa Pia AC,Boavista FC,2,0
2019-08-03,3229016,POCP,2019,,1085,979,Vitória Setúbal FC,Moreirense FC,1,0
2019-08-03,3229017,POCP,2019,,3327,7179,FC Penafiel,CD Tondela,1,0
2019-08-03,3229018,POCP,2019,,2457,2423,B SAD,CD Santa Clara,0,1
2019-08-03,3229019,POCP,2019,,2424,3336,Gil Vicente FC,Desportivo Aves (- 2020),3,2
2019-08-03,3229020,POCP,2019,,2425,8827,Rio Ave FC,UD Oliveirense,6,1
2019-08-03,3229021,POCP,2019,,3329,10140,FC Famalicão,SC Covilhã,0,2
2019-08-03,3229022,POCP,2019,,7378,2990,Portimonense SC,Académica Coimbra,2,0
2019-08-03,3229024,POCP,2019,,2995,1465,FC Paços de Ferreira,GD Estoril Praia,5,4
2019-08-03,3254885,CIT,2019,domestic_cup,49939,6692,Virtus Francavilla Calcio,Novara Calcio 1908,2,1
2019-08-03,3266768,CIT,2019,domestic_cup,26789,8322,FC Pro Vercelli 1892,Rende Calcio 1968,2,0
2019-08-04,3190404,POSU,2019,other,294,336,SL Benfica,Sporting CP,5,0
2019-08-04,3201241,SC1,2019,domestic_league,370,43,Aberdeen FC,Heart of Midlothian FC,3,2
2019-08-04,3201246,SC1,2019,domestic_league,2553,124,Kilmarnock FC,Rangers FC,1,2
2019-08-04,3210298,DK1,2019,domestic_league,5724,2778,Randers FC,FC Nordsjaelland,3,1
2019-08-04,3210299,DK1,2019,domestic_league,3426,173,Esbjerg fB,Odense Boldklub,0,1
2019-08-04,3210300,DK1,2019,domestic_league,206,2414,Bröndby IF,AC Horsens,1,2
2019-08-04,3210301,DK1,2019,domestic_league,865,1053,FC Midtjylland,Aalborg BK,1,0
2019-08-04,3212118,NL1,2019,domestic_league,1304,306,Heracles Almelo,SC Heerenveen,0,4
2019-08-04,3212119,NL1,2019,domestic_league,1268,200,ADO Den Haag,FC Utrecht,2,4
2019-08-04,3212120,NL1,2019,domestic_league,234,468,Feyenoord Rotterdam,Sparta Rotterdam,2,2
2019-08-04,3212121,NL1,2019,domestic_league,1090,385,AZ Alkmaar,Fortuna Sittardia Combinatie,4,0
2019-08-04,3216685,BE1,2019,domestic_league,157,1245,KAA Gent,KAS Eupen,6,1
2019-08-04,3216686,BE1,2019,domestic_league,29228,58,Royal Excel Mouscron (-2022),RSC Anderlecht,0,0
2019-08-04,3216687,BE1,2019,domestic_league,1096,28643,Royal Antwerp FC,SK Beveren,4,1
2019-08-04,3224726,RU1,2019,domestic_league,41201,3729,PFK Tambov (-2021),Arsenal Tula,0,1
2019-08-04,3224727,RU1,2019,domestic_league,2698,2410,FC Rubin Kazan,PFK CSKA Moskva,0,1
2019-08-04,3224728,RU1,2019,domestic_league,41231,28095,FK Sochi,FK Ufa,0,0
2019-08-04,3226482,UKR1,2019,domestic_league,23611,48332,Olimpik Donetsk,Kolos Kovalivka,0,1
2019-08-04,3226483,UKR1,2019,domestic_league,10690,60551,Zorya Lugansk,SC Dnipro-1,1,1
2019-08-04,3226484,UKR1,2019,domestic_league,660,2477,FC Shakhtar Donetsk,Karpaty Lviv (-2021),3,0
2019-08-04,3229100,CIT,2019,domestic_cup,4271,6266,US Triestina,Cavese 1919,3,1
2019-08-04,3229101,CIT,2019,domestic_cup,4146,40352,Aurora Pro Patria,SS Matelica Calcio,1,0
2019-08-04,3229104,CIT,2019,domestic_cup,1387,2581,Siena FC,Mantova 1911,0,2
2019-08-04,3229105,CIT,2019,domestic_cup,2919,2721,AC Monza,US Alessandria Calcio 1912,2,0
2019-08-04,3229106,CIT,2019,domestic_cup,1105,10390,Ravenna FC,Sanremese Calcio,1,0
2019-08-04,3229107,CIT,2019,domestic_cup,4255,4096,US Arezzo,Turris Calcio,1,0
2019-08-04,3229108,CIT,2019,domestic_cup,27561,9439,US Adriese 1906,Feralpisalò,0,1
2019-08-04,3229109,CIT,2019,domestic_cup,4097,4106,US Catanzaro,Casertana FC,4,1
2019-08-04,3229110,CIT,2019,domestic_cup,4324,4330,Imolese Calcio 1919,SS Sambenedettese,7,6
2019-08-04,3229112,CIT,2019,domestic_cup,1408,22294,Piacenza Calcio 1919,AS Viterbese Castrense,4,3
2019-08-04,3229113,CIT,2019,domestic_cup,1627,54575,Catania FC,ASD Fanfulla,3,0
2019-08-04,3229114,CIT,2019,domestic_cup,4159,4033,Carrarese Calcio 1908,Fermana FC,6,5
2019-08-04,3229115,CIT,2019,domestic_cup,33734,23377,SS Monopoli 1966,FC Ponsacco 1920,4,1
2019-08-04,3229116,CIT,2019,domestic_cup,4554,22123,FC Südtirol,US Città di Fasano,4,2
2019-08-04,3229117,CIT,2019,domestic_cup,7197,50358,Potenza Calcio,ASD Lanusei Calcio,2,0
2019-08-04,3233287,GBCS,2019,other,31,281,Liverpool FC,Manchester City,5,6
2019-08-04,3234713,RUP,2019,domestic_cup,3243,6434,KamAZ Naberezhnye Chelny,Zvezda Perm,8,7
2019-08-04,3234714,RUP,2019,domestic_cup,11135,12054,Nosta Novotroitsk,FC Tyumen,0,1
2019-08-04,3234715,RUP,2019,domestic_cup,71985,12439,Akron Togliatti,Volga Uljanovsk,3,0
2019-08-05,3210302,DK1,2019,domestic_league,369,678,Lyngby Boldklub,Aarhus GF,2,1
2019-08-05,3224729,RU1,2019,domestic_league,3725,14589,RFK Akhmat Grozny,FC Orenburg,2,1
2019-08-05,3229023,POCP,2019,,3349,2420,CD Feirense,Vitória Guimarães SC,0,1
2019-08-05,3234716,RUP,2019,domestic_cup,58065,67976,Veles Moscow,Krasniy-SGAFKST Smolensk,2,1
2019-08-05,3234717,RUP,2019,domestic_cup,48968,12052,Zorkiy Krasnogorsk,FC Ryazan,1,3
2019-08-05,3234718,RUP,2019,domestic_cup,8835,75233,Spartak Nalchik,Inter Cherkessk (-2021),0,1
2019-08-05,3234719,RUP,2019,domestic_cup,75506,6432,Alania Vladikavkaz,Volgar Astrakhan,4,1
2019-08-05,3234722,RUP,2019,domestic_cup,54924,59524,FC Murom,Ararat Moskow (-2020),2,3
2019-08-05,3234723,RUP,2019,domestic_cup,5287,33535,Chernomorets Novorossijsk,Biolog-Novokubansk Progress,4,2
2019-08-05,3238614,RUP,2019,domestic_cup,39200,67107,Luki-Energia Velikie Luki,FC Leningradets,5,6
2019-08-05,3238615,RUP,2019,domestic_cup,28098,6672,FK Kaluga,Salyut Belgorod,7,8
2019-08-06,3224791,DKP,2019,domestic_cup,20973,25495,Marstal/Rise IF,Kolding Boldklub,5,3
2019-08-06,3224792,DKP,2019,domestic_cup,24185,40804,Saedding/Guldager IF,Tarup-Paarup IF,1,6
2019-08-06,3224793,DKP,2019,domestic_cup,5784,5874,Aarhus Fremad,Brabrand IF,2,3
2019-08-06,3224794,DKP,2019,domestic_cup,46735,45057,Vildbjerg SF,Vejgaard B,2,3
2019-08-06,3224795,DKP,2019,domestic_cup,22235,5881,Boldklubben Marienlyst,Hedensted IF,3,1
2019-08-06,3224796,DKP,2019,domestic_cup,75628,37554,BK Odense Chang,FC Sönderborg,4,5
2019-08-06,3224797,DKP,2019,domestic_cup,75631,444,FC Sunshine,BK Frem,0,3
2019-08-06,3224798,DKP,2019,domestic_cup,21033,947,Boldklubben Union,Boldklubben af 1893,1,0
2019-08-06,3224799,DKP,2019,domestic_cup,6000,13175,Herlev IF,Karlslunde IF,4,1
2019-08-06,3224800,DKP,2019,domestic_cup,27738,45048,Herstedoster IC,Taastrup FC,1,0
2019-08-06,3224801,DKP,2019,domestic_cup,75630,5840,,Roskilde KFUM,0,12
2019-08-06,3224802,DKP,2019,domestic_cup,24201,29391,Nörresundby FB,IF Lyseng,2,1
2019-08-06,3224803,DKP,2019,domestic_cup,54658,5918,Haarby/Flemlöse,Otterup B&IK,1,2
2019-08-06,3224804,DKP,2019,domestic_cup,22110,362,FC Helsingör,Akademisk Boldklub,0,2
2019-08-06,3224805,DKP,2019,domestic_cup,75634,21006,,Ledöje-Smörum Fodbold,0,8
2019-08-06,3224806,DKP,2019,domestic_cup,75635,5767,Svendborg fB - Oure FA,Middelfart Boldklub,0,1
2019-08-06,3224807,DKP,2019,domestic_cup,9246,3732,Jaegersborg BK,Hellerup IK,1,2
2019-08-06,3224808,DKP,2019,domestic_cup,20108,1063,Jammerbugt FC,Viborg FF,1,2
2019-08-06,3224811,DKP,2019,domestic_cup,49677,54662,Fuglebakken KFUM,Vatanspor,3,1
2019-08-06,3225448,CLQ,2019,international_cup,1091,610,Panthessalonikios Athlitikos Omilos Konstantinoupoliton,Ajax Amsterdam,2,2
2019-08-06,3229103,CIT,2019,domestic_cup,1386,2655,Reggina Calcio,LR Vicenza,3,2
2019-08-06,3229791,CLQ,2019,international_cup,2282,338,Club Brugge KV,Dynamo Kyiv,1,0
2019-08-06,3232126,CLQ,2019,international_cup,419,279,GNK Dinamo Zagreb,Ferencvárosi TC,1,1
2019-08-06,3232460,ELQ,2019,other,53453,41133,FC Ararat-Armenia,FC Saburtalo,1,2
2019-08-06,3232963,ELQ,2019,other,48325,1008,Riga FC,HJK Helsinki,1,1
2019-08-06,3232965,ELQ,2019,other,3070,3471,FK Sutjeska Niksic,Linfield FC,1,2
2019-08-06,3235662,CLQ,2019,international_cup,159,190,Red Star Belgrade,FC Copenhagen,1,1
2019-08-06,3236518,CLQ,2019,international_cup,2784,10625,APOEL Nicosia,Qarabağ FK,1,2
2019-08-07,3224809,DKP,2019,domestic_cup,26761,12622,,B1908 Amager,0,2
2019-08-07,3224810,DKP,2019,domestic_cup,60930,5776,,FC Fredericia,0,5
2019-08-07,3224812,DKP,2019,domestic_cup,13183,5892,Avedöre IF,Slagelse B&I,0,1
2019-08-07,3224813,DKP,2019,domestic_cup,67609,49675,FC Rudersdal,Hilleröd Fodbold,0,5
2019-08-07,3224814,DKP,2019,domestic_cup,75629,24938,Dronninglund IF,FC Djursland,0,3
2019-08-07,3224815,DKP,2019,domestic_cup,5838,5842,Ringköbing IF,VSK Aarhus,0,1
2019-08-07,3224816,DKP,2019,domestic_cup,5714,12275,Dalum IF,Kolding IF,0,3
2019-08-07,3224817,DKP,2019,domestic_cup,20975,22112,Odense KS,FC Sydvest 05,1,2
2019-08-07,3224818,DKP,2019,domestic_cup,5792,5716,Boldklubben Skjold,BK Fremad Amager,0,1
2019-08-07,3224819,DKP,2019,domestic_cup,20999,12627,Frederiksberg Boldklub,Kopenhagen KFUM,3,2
2019-08-07,3224821,DKP,2019,domestic_cup,60932,5904,Krarup/Espe Fodbold,Varde IF,2,3
2019-08-07,3224822,DKP,2019,domestic_cup,60928,443,Allesö GF,Vejle Boldklub,0,6
2019-08-07,3224823,DKP,2019,domestic_cup,1909,13290,Holstebro Boldklub,Odder IGF,3,0
2019-08-07,3229799,CLQ,2019,international_cup,16704,720,FK Krasnodar,FC Porto,0,1
2019-08-07,3230388,CLQ,2019,international_cup,26,413,FC Basel 1893,LASK,1,2
2019-08-07,3232128,CLQ,2019,international_cup,7769,371,CFR Cluj,Celtic FC,1,1
2019-08-07,3232130,CLQ,2019,international_cup,6890,683,Basaksehir FK,Olympiakos Syndesmos Filathlon Peiraios,0,1
2019-08-07,3232461,ELQ,2019,other,540,6066,Slovan Bratislava,Dundalk FC,1,0
2019-08-07,3237627,CLQ,2019,international_cup,790,195,NK Maribor,Rosenborg Ballklub,1,3
2019-08-08,3224824,DKP,2019,domestic_cup,5834,5781,Lystrup IF,Skive IK,1,16
2019-08-08,3224825,DKP,2019,domestic_cup,5925,21783,Avarta,Skovshoved IF,4,2
2019-08-08,3224826,DKP,2019,domestic_cup,20976,9023,,Thisted FC,0,8
2019-08-08,3224827,DKP,2019,domestic_cup,75633,1842,Nordfalsters Forenede Boldklubber,FC Roskilde,1,7
2019-08-08,3224828,DKP,2019,domestic_cup,5987,5091,Vordingborg IF,Naestved Boldklub,1,3
2019-08-08,3224972,ELQ,2019,other,197,449,AC Sparta Prague,Trabzonspor,2,2
2019-08-08,3232462,ELQ,2019,other,938,232,FC Thun,FK Spartak Moskva,2,3
2019-08-08,3232463,ELQ,2019,other,119,8047,Maccabi Tel Aviv,FK Suduva Marijampole,1,2
2019-08-08,3232464,ELQ,2019,other,1096,941,Royal Antwerp FC,FC Viktoria Plzen,1,0
2019-08-08,3232465,ELQ,2019,other,282,713,FK Sarajevo,BATE Borisov,1,2
2019-08-08,3232466,ELQ,2019,other,853,22783,F91 Dudelange,Kalju FC,3,1
2019-08-08,3232913,ELQ,2019,other,163,24,FC Vaduz,Eintracht Frankfurt,0,5
2019-08-08,3232967,ELQ,2019,other,22220,6335,FC Astana,Valletta FC,5,1
2019-08-08,3232969,ELQ,2019,other,2156,157,AEK Larnaca,KAA Gent,1,1
2019-08-08,3232973,ELQ,2019,other,10301,543,FC Pyunik Yerevan,Wolverhampton Wanderers,0,4
2019-08-08,3232975,ELQ,2019,other,40812,2441,Universitatea Craiova,Athlitiki Enosi Konstantinoupoleos,0,2
2019-08-08,3232977,ELQ,2019,other,206,1075,Bröndby IF,SC Braga,2,4
2019-08-08,3232979,ELQ,2019,other,2782,2420,JFK Ventspils,Vitória Guimarães SC,0,3
2019-08-08,3232981,ELQ,2019,other,2481,272,FC Sheriff Tiraspol,Allmänna Idrottsklubben,1,2
2019-08-08,3232983,ELQ,2019,other,8031,9095,Neftchi Baku,Bnei Yehuda Tel Aviv,2,2
2019-08-08,3232985,ELQ,2019,other,496,6808,Malmö Fotbollförening,HSK Zrinjski Mostar,3,0
2019-08-08,3232987,ELQ,2019,other,2761,383,FK Haugesund,PSV Eindhoven,0,1
2019-08-08,3232989,ELQ,2019,other,6993,1090,FK Mariupol,AZ Alkmaar,0,0
2019-08-08,3232991,ELQ,2019,other,687,605,Molde Fotballklubb,Aris Thessalonikis,3,0
2019-08-08,3232993,ELQ,2019,other,31614,10734,Ludogorets Razgrad,The New Saints,5,0
2019-08-08,3232995,ELQ,2019,other,208,10690,CSKA-Sofia,Zorya Lugansk,1,1
2019-08-08,3232997,ELQ,2019,other,2259,667,Lokomotiv Plovdiv,RC Strasbourg Alsace,0,1
2019-08-08,3232999,ELQ,2019,other,234,663,Feyenoord Rotterdam,Dinamo Tbilisi,4,0
2019-08-08,3233009,ELQ,2019,other,144,370,HNK Rijeka,Aberdeen FC,2,0
2019-08-08,3233011,ELQ,2019,other,865,124,FC Midtjylland,Rangers FC,2,4
2019-08-08,3233013,ELQ,2019,other,2844,2976,IFK Norrköping,Hapoel Beer Sheva,1,1
2019-08-08,3233023,ELQ,2019,other,301,5546,FCSB,FK Mlada Boleslav,0,0
2019-08-08,3233025,ELQ,2019,other,14,429,Austria Vienna,Apollon Limassol,1,2
2019-08-08,3233027,ELQ,2019,other,434,714,FC Luzern,RCD Espanyol Barcelona,0,3
2019-08-08,3233029,ELQ,2019,other,669,19789,FK Partizan Belgrade,Yeni Malatyaspor,3,1
2019-08-08,3233031,ELQ,2019,other,255,3060,Legia Warszawa,APS Atromitos Athinon,0,0
2019-08-08,3233033,ELQ,2019,other,416,10695,Torino FC,Shakhter Soligorsk,5,0
2019-08-09,3194817,GB1,2019,domestic_league,31,1123,Liverpool FC,Norwich City,4,1
2019-08-09,3195016,FR1,2019,domestic_league,162,1041,AS Monaco,Olympique Lyon,0,3
2019-08-09,3195024,FR1,2019,domestic_league,3911,415,Stade Brestois 29,FC Toulouse,1,1
2019-08-09,3195526,DFB,2019,domestic_cup,95,16,KFC Uerdingen 05,Borussia Dortmund,0,2
2019-08-09,3195529,DFB,2019,domestic_cup,254,18,SV Sandhausen,Borussia Mönchengladbach,0,1
2019-08-09,3195545,DFB,2019,domestic_cup,4795,4,FC Ingolstadt 04,1.FC Nuremberg,0,1
2019-08-09,3210303,DK1,2019,domestic_league,190,369,FC Copenhagen,Lyngby Boldklub,2,0
2019-08-09,3210304,DK1,2019,domestic_league,173,5724,Odense Boldklub,Randers FC,1,0
2019-08-09,3211335,PO1,2019,domestic_league,7378,2457,Portimonense SC,B SAD,0,0
2019-08-09,3216038,NL1,2019,domestic_league,468,1426,Sparta Rotterdam,VVV-Venlo,4,1
2019-08-09,3216697,BE1,2019,domestic_league,58,354,RSC Anderlecht,KV Mechelen,0,0
2019-08-09,3226487,UKR1,2019,domestic_league,18303,23611,FC Oleksandriya,Olimpik Donetsk,2,1
2019-08-09,3226490,UKR1,2019,domestic_league,2740,18105,Vorskla Poltava,PFK Lviv,3,2
2019-08-09,3234724,RUP,2019,domestic_cup,12420,12043,Irtysh Omsk,Dinamo Barnaul,3,0
2019-08-10,3194818,GB1,2019,domestic_league,379,281,West Ham United,Manchester City,0,5
2019-08-10,3194819,GB1,2019,domestic_league,873,29,Crystal Palace,Everton FC,0,0
2019-08-10,3194820,GB1,2019,domestic_league,1010,1237,Watford FC,Brighton & Hove Albion,0,3
2019-08-10,3194821,GB1,2019,domestic_league,1132,180,Burnley FC,Southampton FC,3,0
2019-08-10,3194822,GB1,2019,domestic_league,989,350,AFC Bournemouth,Sheffield United,1,1
2019-08-10,3194823,GB1,2019,domestic_league,148,405,Tottenham Hotspur,Aston Villa,3,1
2019-08-10,3195017,FR1,2019,domestic_league,1420,40,Angers SCO,FC Girondins Bordeaux,3,1
2019-08-10,3195018,FR1,2019,domestic_league,2969,618,Dijon FCO,AS Saint-Étienne,1,2
2019-08-10,3195020,FR1,2019,domestic_league,969,273,Montpellier HSC,Stade Rennais FC,0,1
2019-08-10,3195021,FR1,2019,domestic_league,417,1416,OGC Nice,Amiens SC,2,1
2019-08-10,3195022,FR1,2019,domestic_league,244,1421,Olympique Marseille,Stade Reims,0,2
2019-08-10,3195507,DFB,2019,domestic_cup,1557,533,Würzburger Kickers,TSG 1899 Hoffenheim,7,8
2019-08-10,3195514,DFB,2019,domestic_cup,2,39,1.FC Kaiserslautern,1.FSV Mainz 05,2,0
2019-08-10,3195521,DFB,2019,domestic_cup,29988,86,SV Atlas Delmenhorst,SV Werder Bremen,1,6
2019-08-10,3195532,DFB,2019,domestic_cup,8,15,Alemannia Aachen,Bayer 04 Leverkusen,1,4
2019-08-10,3195533,DFB,2019,domestic_cup,907,129,TuS Dassendorf,SG Dynamo Dresden,0,3
2019-08-10,3195534,DFB,2019,domestic_cup,951,38,FC 08 Villingen,Fortuna Düsseldorf,1,3
2019-08-10,3195535,DFB,2019,domestic_cup,1315,80,KSV Baunatal,VfL Bochum,2,3
2019-08-10,3195543,DFB,2019,domestic_cup,10213,33,SV Drochtersen/Assel,FC Schalke 04,0,5
2019-08-10,3195544,DFB,2019,domestic_cup,40373,10,FC Viktoria 1889 Berlin,Arminia Bielefeld,0,1
2019-08-10,3195546,DFB,2019,domestic_cup,93,167,SC Verl,FC Augsburg,2,1
2019-08-10,3195549,DFB,2019,domestic_cup,490,94,FSV Wacker Nordhausen,FC Erzgebirge Aue,1,4
2019-08-10,3195551,DFB,2019,domestic_cup,187,60,1.FC Magdeburg,SC Freiburg,0,1
2019-08-10,3195552,DFB,2019,domestic_cup,69,2036,SSV Ulm 1846,1. Fußballclub Heidenheim 1846,0,2
2019-08-10,3201247,SC1,2019,domestic_league,2999,2553,Hamilton Academical FC,Kilmarnock FC,2,0
2019-08-10,3201248,SC1,2019,domestic_league,43,2759,Heart of Midlothian FC,Ross County FC,0,0
2019-08-10,3201249,SC1,2019,domestic_league,987,371,Motherwell FC,Celtic FC,2,5
2019-08-10,3201251,SC1,2019,domestic_league,2578,1241,St. Johnstone FC,Livingston FC,2,2
2019-08-10,3211328,PO1,2019,domestic_league,2423,3329,CD Santa Clara,FC Famalicão,0,2
2019-08-10,3211329,PO1,2019,domestic_league,2424,720,Gil Vicente FC,FC Porto,2,1
2019-08-10,3211333,PO1,2019,domestic_league,294,2995,SL Benfica,FC Paços de Ferreira,5,0
2019-08-10,3216039,NL1,2019,domestic_league,202,317,FC Groningen,FC Twente Enschede,1,3
2019-08-10,3216040,NL1,2019,domestic_league,610,1283,Ajax Amsterdam,FC Emmen,5,0
2019-08-10,3216042,NL1,2019,domestic_league,403,499,Willem II Tilburg,Vitesse Arnhem,0,2
2019-08-10,3216046,NL1,2019,domestic_league,200,1269,FC Utrecht,PEC Zwolle,3,1
2019-08-10,3216698,BE1,2019,domestic_league,2861,2282,KV Oostende,Club Brugge KV,0,2
2019-08-10,3216699,BE1,2019,domestic_league,1245,28643,KAS Eupen,SK Beveren,1,1
2019-08-10,3216700,BE1,2019,domestic_league,520,601,Cercle Brugge,KV Kortrijk,1,3
2019-08-10,3216701,BE1,2019,domestic_league,1184,3508,KRC Genk,Zulte Waregem,0,2
2019-08-10,3223959,SFA,2019,domestic_cup,5660,20746,Linlithgow Rose FC,Preston Athletic FC,2,1
2019-08-10,3223961,SFA,2019,domestic_cup,16253,20826,Broxburn Athletic FC,Tynecastle FC,2,0
2019-08-10,3223964,SFA,2019,domestic_cup,23686,6324,Easthouses Lily Miners Welfare FC,Penicuik Athletic FC,1,6
2019-08-10,3226485,UKR1,2019,domestic_league,338,660,Dynamo Kyiv,FC Shakhtar Donetsk,1,2
2019-08-10,3226486,UKR1,2019,domestic_league,2477,6993,Karpaty Lviv (-2021),FK Mariupol,1,1
2019-08-10,3226488,UKR1,2019,domestic_league,48332,10690,Kolos Kovalivka,Zorya Lugansk,1,3
2019-08-10,3226489,UKR1,2019,domestic_league,60551,16239,SC Dnipro-1,Desna Chernigiv,0,1
2019-08-10,3234725,RUP,2019,domestic_cup,65909,16613,FK Blagoveshchensk,Sakhalin Yuzhno-Sakhalinsk,0,2
2019-08-10,3234726,RU1,2019,domestic_league,14589,41201,FC Orenburg,PFK Tambov (-2021),2,2
2019-08-10,3234727,RU1,2019,domestic_league,16704,2698,FK Krasnodar,FC Rubin Kazan,1,0
2019-08-10,3234728,RU1,2019,domestic_league,121,964,FK Dinamo Moskva,AO FK Zenit Sankt-Peterburg,0,2
2019-08-10,3239033,CIT,2019,domestic_cup,408,26789,Ascoli Calcio 1898,FC Pro Vercelli 1892,5,1
2019-08-10,3240343,CIT,2019,domestic_cup,607,1627,Venezia FC,Catania FC,2,1
2019-08-10,3240347,CIT,2019,domestic_cup,749,1386,FC Empoli,Reggina Calcio,2,1
2019-08-10,3240350,CIT,2019,domestic_cup,33734,4031,SS Monopoli 1966,Cosenza Calcio,1,0
2019-08-10,3240352,CIT,2019,domestic_cup,2921,2581,Delfino Pescara 1936,Mantova 1911,3,2
2019-08-10,3240358,CIT,2019,domestic_cup,4172,7197,Pisa Sporting Club,Potenza Calcio,3,0
2019-08-10,3240359,CIT,2019,domestic_cup,380,4097,US Salernitana 1919,US Catanzaro,3,1
2019-08-11,3194824,GB1,2019,domestic_league,762,11,Newcastle United,Arsenal FC,0,1
2019-08-11,3194825,GB1,2019,domestic_league,985,631,Manchester United,Chelsea FC,4,0
2019-08-11,3194826,GB1,2019,domestic_league,1003,543,Leicester City,Wolverhampton Wanderers,0,0
2019-08-11,3195019,FR1,2019,domestic_league,1082,995,LOSC Lille,FC Nantes,2,1
2019-08-11,3195023,FR1,2019,domestic_league,583,1160,Paris Saint-Germain,Nîmes Olympique,3,0
2019-08-11,3195025,FR1,2019,domestic_league,667,347,RC Strasbourg Alsace,FC Metz,1,1
2019-08-11,3195508,DFB,2019,domestic_cup,442,269,FSV Salmrohr,Holstein Kiel,0,6
2019-08-11,3195513,DFB,2019,domestic_cup,364,89,Germania Halberstadt,1.FC Union Berlin,0,6
2019-08-11,3195519,DFB,2019,domestic_cup,26957,127,SV Rödinghausen,SC Paderborn 07,5,7
2019-08-11,3195530,DFB,2019,domestic_cup,21,41,Chemnitzer FC,Hamburger SV,7,8
2019-08-11,3195531,DFB,2019,domestic_cup,85,24,SV Waldhof Mannheim,Eintracht Frankfurt,3,5
2019-08-11,3195538,DFB,2019,domestic_cup,52,65,MSV Duisburg,SpVgg Greuther Fürth,2,0
2019-08-11,3195539,DFB,2019,domestic_cup,115,105,FC Oberneuland,SV Darmstadt 98,1,6
2019-08-11,3195540,DFB,2019,domestic_cup,108,3,SV Wehen Wiesbaden,1.FC Köln,5,6
2019-08-11,3195542,DFB,2019,domestic_cup,1,109,1.FC Saarbrücken,SSV Jahn Regensburg,3,2
2019-08-11,3195547,DFB,2019,domestic_cup,78,35,VfB Lübeck,FC St. Pauli,6,7
2019-08-11,3195548,DFB,2019,domestic_cup,5646,44,VfB Eichstätt,Hertha BSC,1,5
2019-08-11,3195550,DFB,2019,domestic_cup,81,23826,VfL Osnabrück,RB Leipzig,2,3
2019-08-11,3201250,SC1,2019,domestic_league,124,903,Rangers FC,Hibernian FC,6,1
2019-08-11,3201252,SC1,2019,domestic_league,465,370,St. Mirren FC,Aberdeen FC,1,0
2019-08-11,3210305,DK1,2019,domestic_league,2778,1177,FC Nordsjaelland,Silkeborg IF,2,2
2019-08-11,3210306,DK1,2019,domestic_league,1053,3426,Aalborg BK,Esbjerg fB,4,0
2019-08-11,3210307,DK1,2019,domestic_league,2414,865,AC Horsens,FC Midtjylland,0,2
2019-08-11,3210308,DK1,2019,domestic_league,5818,206,Hobro IK,Bröndby IF,0,2
2019-08-11,3211330,PO1,2019,domestic_league,1075,979,SC Braga,Moreirense FC,3,1
2019-08-11,3211331,PO1,2019,domestic_league,1301,336,CS Marítimo,Sporting CP,1,1
2019-08-11,3211334,PO1,2019,domestic_league,2503,3336,Boavista FC,Desportivo Aves (- 2020),2,1
2019-08-11,3216041,NL1,2019,domestic_league,383,1268,PSV Eindhoven,ADO Den Haag,3,1
2019-08-11,3216043,NL1,2019,domestic_league,385,1304,Fortuna Sittardia Combinatie,Heracles Almelo,1,1
2019-08-11,3216044,NL1,2019,domestic_league,306,234,SC Heerenveen,Feyenoord Rotterdam,1,1
2019-08-11,3216045,NL1,2019,domestic_league,235,1090,RKC Waalwijk,AZ Alkmaar,0,2
2019-08-11,3216702,BE1,2019,domestic_league,475,3057,Sint-Truidense VV,Standard Liège,2,1
2019-08-11,3216703,BE1,2019,domestic_league,172,1096,Royal Charleroi Sporting Club,Royal Antwerp FC,2,1
2019-08-11,3216704,BE1,2019,domestic_league,29228,157,Royal Excel Mouscron (-2022),KAA Gent,2,1
2019-08-11,3234729,RU1,2019,domestic_league,3729,28095,Arsenal Tula,FK Ufa,1,0
2019-08-11,3234730,RU1,2019,domestic_league,932,11127,"Футбольный клуб ""Локомотив"" Москва",Ural Yekaterinburg,4,0
2019-08-11,3234731,RU1,2019,domestic_league,2410,41231,PFK CSKA Moskva,FK Sochi,0,0
2019-08-11,3234732,RU1,2019,domestic_league,3725,232,RFK Akhmat Grozny,FK Spartak Moskva,1,3
2019-08-11,3240341,CIT,2019,domestic_cup,3522,4146,Spezia Calcio,Aurora Pro Patria,5,0
2019-08-11,3240342,CIT,2019,domestic_cup,862,1105,Chievo Verona,Ravenna FC,4,2
2019-08-11,3240344,CIT,2019,domestic_cup,4171,2919,Benevento Calcio,AC Monza,3,4
2019-08-11,3240345,CIT,2019,domestic_cup,4084,3037,AS Cittadella,Calcio Padova,3,0
2019-08-11,3240348,CIT,2019,domestic_cup,20519,4554,Virtus Entella,FC Südtirol,1,2
2019-08-11,3240349,CIT,2019,domestic_cup,8970,4159,Frosinone Calcio,Carrarese Calcio 1908,4,0
2019-08-11,3240351,CIT,2019,domestic_cup,839,4271,AC Perugia Calcio,US Triestina,1,0
2019-08-11,3240353,CIT,2019,domestic_cup,21331,9439,Pordenone Calcio,Feralpisalò,1,2
2019-08-11,3240354,CIT,2019,domestic_cup,4331,1408,Trapani Calcio,Piacenza Calcio 1919,3,1
2019-08-11,3240355,CIT,2019,domestic_cup,4083,4255,FC Crotone,US Arezzo,4,3
2019-08-11,3240356,CIT,2019,domestic_cup,5587,4324,SS Juve Stabia,Imolese Calcio 1919,3,4
2019-08-11,3240357,CIT,2019,domestic_cup,1210,4102,US Livorno 1915,AC Carpi,0,1
2019-08-11,3266769,CIT,2019,domestic_cup,2239,49939,US Cremonese,Virtus Francavilla Calcio,4,0
2019-08-12,3195524,DFB,2019,domestic_cup,440,82,Hallescher FC,VfL Wolfsburg,3,5
2019-08-12,3195536,DFB,2019,domestic_cup,25,27,FC Energie Cottbus,Bayern Munich,1,3
2019-08-12,3195537,DFB,2019,domestic_cup,48,42,Karlsruher SC,Hannover 96,2,0
2019-08-12,3195541,DFB,2019,domestic_cup,30,79,FC Hansa Rostock,VfB Stuttgart,0,1
2019-08-12,3210309,DK1,2019,domestic_league,5817,678,Sönderjyske Fodbold,Aarhus GF,0,0
2019-08-12,3211332,PO1,2019,domestic_league,1085,7179,Vitória Setúbal FC,CD Tondela,0,0
2019-08-12,3234733,RU1,2019,domestic_league,1083,2696,FK Rostov,PFK Krylya Sovetov Samara,1,0
2019-08-13,3224830,DKP,2019,domestic_cup,20417,16173,IF Skjold Birkeröd,Vanlöse IF,1,4
2019-08-13,3224831,DKP,2019,domestic_cup,75632,20979,Faarvang IF,Viby IF,2,3
2019-08-13,3224832,DKP,2019,domestic_cup,33867,23297,,HB Köge,0,9
2019-08-13,3225449,CLQ,2019,international_cup,610,1091,Ajax Amsterdam,Panthessalonikios Athlitikos Omilos Konstantinoupoliton,3,2
2019-08-13,3229800,CLQ,2019,international_cup,338,2282,Dynamo Kyiv,Club Brugge KV,3,3
2019-08-13,3229801,CLQ,2019,international_cup,720,16704,FC Porto,FK Krasnodar,2,3
2019-08-13,3230389,CLQ,2019,international_cup,413,26,LASK,FC Basel 1893,3,1
2019-08-13,3232127,CLQ,2019,international_cup,279,419,Ferencvárosi TC,GNK Dinamo Zagreb,0,4
2019-08-13,3232129,CLQ,2019,international_cup,371,7769,Celtic FC,CFR Cluj,3,4
2019-08-13,3232131,CLQ,2019,international_cup,683,6890,Olympiakos Syndesmos Filathlon Peiraios,Basaksehir FK,2,0
2019-08-13,3232467,ELQ,2019,other,22783,853,Kalju FC,F91 Dudelange,0,1
2019-08-13,3232468,ELQ,2019,other,6066,540,Dundalk FC,Slovan Bratislava,1,3
2019-08-13,3232966,ELQ,2019,other,3471,3070,Linfield FC,FK Sutjeska Niksic,3,2
2019-08-13,3235663,CLQ,2019,international_cup,190,159,FC Copenhagen,Red Star Belgrade,7,8
2019-08-13,3236526,CLQ,2019,international_cup,10625,2784,Qarabağ FK,APOEL Nicosia,0,2
2019-08-13,3237628,CLQ,2019,international_cup,195,790,Rosenborg Ballklub,NK Maribor,3,1
2019-08-14,3192360,USC,2019,international_cup,31,631,Liverpool FC,Chelsea FC,7,6
2019-08-14,3224829,DKP,2019,domestic_cup,20985,21003,BK Viktoria,Hundested IK,3,1
2019-08-14,3232469,ELQ,2019,other,41133,53453,FC Saburtalo,FC Ararat-Armenia,0,2
2019-08-14,3232470,ELQ,2019,other,232,938,FK Spartak Moskva,FC Thun,2,1
2019-08-14,3232980,ELQ,2019,other,2420,2782,Vitória Guimarães SC,JFK Ventspils,6,0
2019-08-14,3233032,ELQ,2019,other,3060,255,APS Atromitos Athinon,Legia Warszawa,0,2
2019-08-15,3224973,ELQ,2019,other,449,197,Trabzonspor,AC Sparta Prague,2,1
2019-08-15,3232471,ELQ,2019,other,713,282,BATE Borisov,FK Sarajevo,0,0
2019-08-15,3232472,ELQ,2019,other,8047,119,FK Suduva Marijampole,Maccabi Tel Aviv,2,1
2019-08-15,3232473,ELQ,2019,other,941,1096,FC Viktoria Plzen,Royal Antwerp FC,2,1
2019-08-15,3232914,ELQ,2019,other,24,163,Eintracht Frankfurt,FC Vaduz,1,0
2019-08-15,3232964,ELQ,2019,other,1008,48325,HJK Helsinki,Riga FC,2,2
2019-08-15,3232968,ELQ,2019,other,6335,22220,Valletta FC,FC Astana,0,4
2019-08-15,3232970,ELQ,2019,other,157,2156,KAA Gent,AEK Larnaca,3,0
2019-08-15,3232974,ELQ,2019,other,543,10301,Wolverhampton Wanderers,FC Pyunik Yerevan,4,0
2019-08-15,3232976,ELQ,2019,other,2441,40812,Athlitiki Enosi Konstantinoupoleos,Universitatea Craiova,1,1
2019-08-15,3232978,ELQ,2019,other,1075,206,SC Braga,Bröndby IF,3,1
2019-08-15,3232982,ELQ,2019,other,272,2481,Allmänna Idrottsklubben,FC Sheriff Tiraspol,1,1
2019-08-15,3232984,ELQ,2019,other,9095,8031,Bnei Yehuda Tel Aviv,Neftchi Baku,2,1
2019-08-15,3232986,ELQ,2019,other,6808,496,HSK Zrinjski Mostar,Malmö Fotbollförening,1,0
2019-08-15,3232988,ELQ,2019,other,383,2761,PSV Eindhoven,FK Haugesund,0,0
2019-08-15,3232990,ELQ,2019,other,1090,6993,AZ Alkmaar,FK Mariupol,4,0
2019-08-15,3232992,ELQ,2019,other,605,687,Aris Thessalonikis,Molde Fotballklubb,3,1
2019-08-15,3232994,ELQ,2019,other,10734,31614,The New Saints,Ludogorets Razgrad,0,4
2019-08-15,3232996,ELQ,2019,other,10690,208,Zorya Lugansk,CSKA-Sofia,1,0
2019-08-15,3232998,ELQ,2019,other,667,2259,RC Strasbourg Alsace,Lokomotiv Plovdiv,1,0
2019-08-15,3233000,ELQ,2019,other,663,234,Dinamo Tbilisi,Feyenoord Rotterdam,1,1
2019-08-15,3233010,ELQ,2019,other,370,144,Aberdeen FC,HNK Rijeka,0,2
2019-08-15,3233012,ELQ,2019,other,124,865,Rangers FC,FC Midtjylland,3,1
2019-08-15,3233014,ELQ,2019,other,2976,2844,Hapoel Beer Sheva,IFK Norrköping,3,1
2019-08-15,3233024,ELQ,2019,other,5546,301,FK Mlada Boleslav,FCSB,0,1
2019-08-15,3233026,ELQ,2019,other,429,14,Apollon Limassol,Austria Vienna,3,1
2019-08-15,3233028,ELQ,2019,other,714,434,RCD Espanyol Barcelona,FC Luzern,3,0
2019-08-15,3233030,ELQ,2019,other,19789,669,Yeni Malatyaspor,FK Partizan Belgrade,1,0
2019-08-15,3233034,ELQ,2019,other,10695,416,Shakhter Soligorsk,Torino FC,1,1
2019-08-15,3234734,RU1,2019,domestic_league,14589,41231,FC Orenburg,FK Sochi,1,1
2019-08-16,3195256,FR1,2019,domestic_league,1041,1420,Olympique Lyon,Angers SCO,6,0
2019-08-16,3203424,L1,2019,domestic_league,27,44,Bayern Munich,Hertha BSC,2,2
2019-08-16,3208627,ES1,2019,domestic_league,621,131,Athletic Bilbao,FC Barcelona,1,0
2019-08-16,3210310,DK1,2019,domestic_league,5724,190,Randers FC,FC Copenhagen,0,1
2019-08-16,3210311,DK1,2019,domestic_league,2778,173,FC Nordsjaelland,Odense Boldklub,2,0
2019-08-16,3211337,PO1,2019,domestic_league,3329,2425,FC Famalicão,Rio Ave FC,1,0
2019-08-16,3216047,NL1,2019,domestic_league,499,1269,Vitesse Arnhem,PEC Zwolle,3,0
2019-08-16,3216736,BE1,2019,domestic_league,2282,1245,Club Brugge KV,KAS Eupen,0,0
2019-08-16,3221074,TR1,2019,domestic_league,833,141,Denizlispor,Galatasaray,2,0
2019-08-16,3234735,RU1,2019,domestic_league,11127,2696,Ural Yekaterinburg,PFK Krylya Sovetov Samara,1,3
2019-08-16,3234736,RU1,2019,domestic_league,41201,16704,PFK Tambov (-2021),FK Krasnodar,0,2
2019-08-16,3234737,RU1,2019,domestic_league,964,3725,AO FK Zenit Sankt-Peterburg,RFK Akhmat Grozny,0,0
2019-08-16,3242079,CIT,2019,domestic_cup,252,4324,Genoa CFC,Imolese Calcio 1919,4,1
2019-08-16,3242081,CIT,2019,domestic_cup,130,607,Parma Calcio 1913,Venezia FC,3,1
2019-08-17,3195254,FR1,2019,domestic_league,347,162,FC Metz,AS Monaco,3,0
2019-08-17,3195255,FR1,2019,domestic_league,415,2969,FC Toulouse,Dijon FCO,1,0
2019-08-17,3195258,FR1,2019,domestic_league,1160,417,Nîmes Olympique,OGC Nice,1,2
2019-08-17,3195259,FR1,2019,domestic_league,995,244,FC Nantes,Olympique Marseille,0,0
2019-08-17,3195260,FR1,2019,domestic_league,1416,1082,Amiens SC,LOSC Lille,1,0
2019-08-17,3195261,FR1,2019,domestic_league,40,969,FC Girondins Bordeaux,Montpellier HSC,1,1
2019-08-17,3203425,L1,2019,domestic_league,16,167,Borussia Dortmund,FC Augsburg,5,1
2019-08-17,3203426,L1,2019,domestic_league,15,127,Bayer 04 Leverkusen,SC Paderborn 07,3,2
2019-08-17,3203427,L1,2019,domestic_league,18,33,Borussia Mönchengladbach,FC Schalke 04,0,0
2019-08-17,3203428,L1,2019,domestic_league,82,3,VfL Wolfsburg,1.FC Köln,2,1
2019-08-17,3203430,L1,2019,domestic_league,86,38,SV Werder Bremen,Fortuna Düsseldorf,1,3
2019-08-17,3203431,L1,2019,domestic_league,60,39,SC Freiburg,1.FSV Mainz 05,3,0
2019-08-17,3208619,ES1,2019,domestic_league,940,418,Celta de Vigo,Real Madrid,1,3
2019-08-17,3208620,ES1,2019,domestic_league,237,1533,RCD Mallorca,SD Eibar,2,1
2019-08-17,3208624,ES1,2019,domestic_league,1049,681,Valencia CF,Real Sociedad,1,1
2019-08-17,3208626,ES1,2019,domestic_league,1244,331,CD Leganés,CA Osasuna,0,1
2019-08-17,3208628,ES1,2019,domestic_league,1050,16795,Villarreal CF,Granada CF,4,4
2019-08-17,3210315,DK1,2019,domestic_league,206,1053,Bröndby IF,Aalborg BK,2,1
2019-08-17,3211340,PO1,2019,domestic_league,2457,294,B SAD,SL Benfica,0,2
2019-08-17,3211341,PO1,2019,domestic_league,720,1085,FC Porto,Vitória Setúbal FC,4,0
2019-08-17,3211342,PO1,2019,domestic_league,979,2424,Moreirense FC,Gil Vicente FC,3,0
2019-08-17,3216048,NL1,2019,domestic_league,1426,610,VVV-Venlo,Ajax Amsterdam,1,4
2019-08-17,3216049,NL1,2019,domestic_league,1268,468,ADO Den Haag,Sparta Rotterdam,1,2
2019-08-17,3216051,NL1,2019,domestic_league,1283,306,FC Emmen,SC Heerenveen,2,0
2019-08-17,3216054,NL1,2019,domestic_league,317,235,FC Twente Enschede,RKC Waalwijk,3,3
2019-08-17,3216737,BE1,2019,domestic_league,601,58,KV Kortrijk,RSC Anderlecht,4,2
2019-08-17,3216738,BE1,2019,domestic_league,354,520,KV Mechelen,Cercle Brugge,3,1
2019-08-17,3216740,BE1,2019,domestic_league,28643,1184,SK Beveren,KRC Genk,0,4
2019-08-17,3219093,GB1,2019,domestic_league,281,148,Manchester City,Tottenham Hotspur,2,2
2019-08-17,3219095,GB1,2019,domestic_league,11,1132,Arsenal FC,Burnley FC,2,1
2019-08-17,3219430,GB1,2019,domestic_league,1123,762,Norwich City,Newcastle United,3,1
2019-08-17,3219431,GB1,2019,domestic_league,180,31,Southampton FC,Liverpool FC,1,2
2019-08-17,3219433,GB1,2019,domestic_league,1237,379,Brighton & Hove Albion,West Ham United,1,1
2019-08-17,3219434,GB1,2019,domestic_league,405,989,Aston Villa,AFC Bournemouth,1,2
2019-08-17,3219435,GB1,2019,domestic_league,29,1010,Everton FC,Watford FC,1,0
2019-08-17,3221066,TR1,2019,domestic_league,3205,11282,Kayserispor,Alanyaspor,0,1
2019-08-17,3221069,TR1,2019,domestic_league,820,126,Gençlerbirliği Spor Kulübü,Caykur Rizespor,0,1
2019-08-17,3221071,TR1,2019,domestic_league,2381,114,Sivasspor,Beşiktaş Jimnastik Kulübü,3,0
2019-08-17,3226491,UKR1,2019,domestic_league,2740,60551,Vorskla Poltava,SC Dnipro-1,1,1
2019-08-17,3226492,UKR1,2019,domestic_league,16239,48332,Desna Chernigiv,Kolos Kovalivka,0,0
2019-08-17,3232143,NLP,2019,domestic_cup,33430,36678,VV Hoogland,CVV de Jodan Boys,1,3
2019-08-17,3232144,NLP,2019,domestic_cup,7481,43857,VV DOVO Veenendaal,OFC Oostzaan,2,4
2019-08-17,3232145,NLP,2019,domestic_cup,6130,46345,VV Ter Leede,Fortuna Wormerveer,1,4
2019-08-17,3232146,NLP,2019,domestic_cup,2878,33429,SV Huizen,VV Goes,2,3
2019-08-17,3232147,NLP,2019,domestic_cup,33424,18154,ODIN '59 Heemskerk,VV Gemert,3,1
2019-08-17,3232148,NLP,2019,domestic_cup,817,34156,Achilles Veen,USV Hercules,6,0
2019-08-17,3232149,NLP,2019,domestic_cup,3569,27088,DVS '33 Ermelo,HV & CV Quick,3,4
2019-08-17,3232150,NLP,2019,domestic_cup,10806,40335,VVOG Harderwijk,RKSV Minor,3,0
2019-08-17,3232151,NLP,2019,domestic_cup,53065,8994,,EVV Echt,0,4
2019-08-17,3232152,NLP,2019,domestic_cup,13642,34434,BVV Barendrecht,RKSV Wittenhorst,6,0
2019-08-17,3232153,NLP,2019,domestic_cup,12732,7408,VVSB Noordwijkerhout,Harkemase Boys,2,4
2019-08-17,3232154,NLP,2019,domestic_cup,18470,26488,FC Rijnvogels Katwijk,SV Oss '20,0,4
2019-08-17,3232156,NLP,2019,domestic_cup,2821,11495,FC Lisse,Ajax Amateurs,1,2
2019-08-17,3232158,NLP,2019,domestic_cup,10804,8449,Sparta Nijkerk,VV UNA Veldhoven,3,2
2019-08-17,3232159,NLP,2019,domestic_cup,9663,44594,Excelsior '31 Rijssen,RKVV DEM,2,1
2019-08-17,3232162,NLP,2019,domestic_cup,11075,7550,RKVV Westlandia,HSV De Zuidvogels,2,0
2019-08-17,3232165,NLP,2019,domestic_cup,12451,61832,RKSV Groene Ster,VV Winsum,5,0
2019-08-17,3232166,NLP,2019,domestic_cup,20782,3943,SV TOP,HSV Hoek,2,6
2019-08-17,3232167,NLP,2019,domestic_cup,10716,11055,VV Kloetinge,FC Lienden,1,0
2019-08-17,3232168,NLP,2019,domestic_cup,18586,36995,Blauw Geel '38 / Jumbo Veghel,VV Sliedrecht,2,1
2019-08-17,3232170,NLP,2019,domestic_cup,8565,39432,HSC '21 Haaksbergen,VV SteDoCo Hoornaar,2,4
2019-08-17,3234738,RU1,2019,domestic_league,2698,3729,FC Rubin Kazan,Arsenal Tula,1,0
2019-08-17,3234739,RU1,2019,domestic_league,28095,1083,FK Ufa,FK Rostov,2,0
2019-08-17,3234740,RU1,2019,domestic_league,121,932,FK Dinamo Moskva,"Футбольный клуб ""Локомотив"" Москва",1,2
2019-08-17,3242072,CIT,2019,domestic_cup,749,2921,FC Empoli,Delfino Pescara 1936,2,1
2019-08-17,3242076,CIT,2019,domestic_cup,4083,1038,FC Crotone,UC Sampdoria,1,3
2019-08-17,3242078,CIT,2019,domestic_cup,1005,380,US Lecce,US Salernitana 1919,4,0
2019-08-17,3242080,CIT,2019,domestic_cup,408,4331,Ascoli Calcio 1898,Trapani Calcio,2,0
2019-08-17,3242084,CIT,2019,domestic_cup,4172,1025,Pisa Sporting Club,Bologna Football Club 1909,0,3
2019-08-17,3243584,CIT,2019,domestic_cup,839,19,AC Perugia Calcio,Brescia Calcio,2,1
2019-08-17,3243586,CIT,2019,domestic_cup,6574,3522,US Sassuolo,Spezia Calcio,1,0
2019-08-18,3195257,FR1,2019,domestic_league,618,3911,AS Saint-Étienne,Stade Brestois 29,1,1
2019-08-18,3195262,FR1,2019,domestic_league,1421,667,Stade Reims,RC Strasbourg Alsace,0,0
2019-08-18,3195263,FR1,2019,domestic_league,273,583,Stade Rennais FC,Paris Saint-Germain,2,1
2019-08-18,3203429,L1,2019,domestic_league,24,533,Eintracht Frankfurt,TSG 1899 Hoffenheim,1,0
2019-08-18,3203432,L1,2019,domestic_league,89,23826,1.FC Union Berlin,RB Leipzig,0,4
2019-08-18,3208621,ES1,2019,domestic_league,13,3709,Atlético de Madrid,Getafe CF,1,0
2019-08-18,3208622,ES1,2019,domestic_league,714,368,RCD Espanyol Barcelona,Sevilla FC,0,2
2019-08-18,3208623,ES1,2019,domestic_league,1108,3368,Deportivo Alavés,Levante UD,1,0
2019-08-18,3208625,ES1,2019,domestic_league,150,366,Real Betis Balompié,Real Valladolid CF,1,2
2019-08-18,3210312,DK1,2019,domestic_league,1177,5817,Silkeborg IF,Sönderjyske Fodbold,3,3
2019-08-18,3210313,DK1,2019,domestic_league,3426,369,Esbjerg fB,Lyngby Boldklub,1,0
2019-08-18,3210314,DK1,2019,domestic_league,865,5818,FC Midtjylland,Hobro IK,1,1
2019-08-18,3211338,PO1,2019,domestic_league,2995,2423,FC Paços de Ferreira,CD Santa Clara,0,1
2019-08-18,3211339,PO1,2019,domestic_league,3336,1301,Desportivo Aves (- 2020),CS Marítimo,3,1
2019-08-18,3211343,PO1,2019,domestic_league,2420,2503,Vitória Guimarães SC,Boavista FC,1,1
2019-08-18,3211344,PO1,2019,domestic_league,336,1075,Sporting CP,SC Braga,2,1
2019-08-18,3216050,NL1,2019,domestic_league,1304,383,Heracles Almelo,PSV Eindhoven,0,2
2019-08-18,3216052,NL1,2019,domestic_league,385,403,Fortuna Sittardia Combinatie,Willem II Tilburg,2,3
2019-08-18,3216053,NL1,2019,domestic_league,234,200,Feyenoord Rotterdam,FC Utrecht,1,1
2019-08-18,3216055,NL1,2019,domestic_league,1090,202,AZ Alkmaar,FC Groningen,0,0
2019-08-18,3216741,BE1,2019,domestic_league,3057,29228,Standard Liège,Royal Excel Mouscron (-2022),4,1
2019-08-18,3216742,BE1,2019,domestic_league,1096,475,Royal Antwerp FC,Sint-Truidense VV,2,0
2019-08-18,3216743,BE1,2019,domestic_league,157,2861,KAA Gent,KV Oostende,2,0
2019-08-18,3219091,GB1,2019,domestic_league,350,873,Sheffield United,Crystal Palace,1,0
2019-08-18,3219092,GB1,2019,domestic_league,631,1003,Chelsea FC,Leicester City,1,1
2019-08-18,3221067,TR1,2019,domestic_league,1467,589,Göztepe,Antalyaspor,0,1
2019-08-18,3221068,TR1,2019,domestic_league,10484,449,Kasimpasa,Trabzonspor,1,1
2019-08-18,3221070,TR1,2019,domestic_league,2293,868,Konyaspor,MKE Ankaragücü,0,0
2019-08-18,3221073,TR1,2019,domestic_league,19789,6890,Yeni Malatyaspor,Basaksehir FK,3,0
2019-08-18,3223967,SFA,2019,domestic_cup,46688,13677,Colville Park AFC,Whitehill Welfare FC,0,4
2019-08-18,3226493,UKR1,2019,domestic_league,10690,18303,Zorya Lugansk,FC Oleksandriya,1,2
2019-08-18,3226494,UKR1,2019,domestic_league,23611,2477,Olimpik Donetsk,Karpaty Lviv (-2021),1,3
2019-08-18,3226496,UKR1,2019,domestic_league,18105,660,PFK Lviv,FC Shakhtar Donetsk,0,2
2019-08-18,3234741,RU1,2019,domestic_league,232,2410,FK Spartak Moskva,PFK CSKA Moskva,2,1
2019-08-18,3242071,CIT,2019,domestic_cup,276,2239,Hellas Verona,US Cremonese,1,2
2019-08-18,3242073,CIT,2019,domestic_cup,430,2919,ACF Fiorentina,AC Monza,3,1
2019-08-18,3242074,CIT,2019,domestic_cup,4084,4102,AS Cittadella,AC Carpi,8,7
2019-08-18,3242075,CIT,2019,domestic_cup,1390,862,Cagliari Calcio,Chievo Verona,2,1
2019-08-18,3242077,CIT,2019,domestic_cup,2722,9439,SPAL,Feralpisalò,3,1
2019-08-18,3242082,CIT,2019,domestic_cup,8970,33734,Frosinone Calcio,SS Monopoli 1966,5,1
2019-08-18,3242083,CIT,2019,domestic_cup,410,4554,Udinese Calcio,FC Südtirol,3,1
2019-08-19,3210316,DK1,2019,domestic_league,678,2414,Aarhus GF,AC Horsens,2,0
2019-08-19,3211345,PO1,2019,domestic_league,7179,7378,CD Tondela,Portimonense SC,1,2
2019-08-19,3216739,BE1,2019,domestic_league,3508,172,Zulte Waregem,Royal Charleroi Sporting Club,3,1
2019-08-19,3219094,GB1,2019,domestic_league,543,985,Wolverhampton Wanderers,Manchester United,1,1
2019-08-19,3221072,TR1,2019,domestic_league,36,2832,Fenerbahce,Gaziantep FK,5,0
2019-08-20,3242061,UKRP,2019,domestic_cup,2227,33571,SK Tavriya Simferopol ( - 2022),Real Farma Ovidiopol,5,0
2019-08-20,3242062,UKRP,2019,domestic_cup,29914,21903,Energiya Nova Kakhovka,Bukovyna Chernivtsi,1,4
2019-08-20,3242064,UKRP,2019,domestic_cup,26726,74872,Krystal Kherson,Dinaz Vyshgorod,3,5
2019-08-20,3242065,UKRP,2019,domestic_cup,74868,74867,Alyans Lypova Dolyna,FC Uzhgorod,2,0
2019-08-20,3242066,UKRP,2019,domestic_cup,26459,2712,NK Veres Rivne,Nyva Ternopil,2,1
2019-08-20,3242067,UKRP,2019,domestic_cup,30697,53646,Podillya Khmelnytskyi,FK Polissya Zhytomyr,1,0
2019-08-20,3242068,UKRP,2019,domestic_cup,20423,40523,Nyva Vinnytsya,FK Nikopol,5,1
2019-08-20,3242069,UKRP,2019,domestic_cup,33141,74869,FK Kalush,VPK-Agro,1,0
2019-08-20,3243582,CLQ,2019,international_cup,2784,610,APOEL Nicosia,Ajax Amsterdam,0,0
2019-08-20,3244656,CLQ,2019,international_cup,7769,62,CFR Cluj,SK Slavia Prague,0,1
2019-08-20,3244660,CLQ,2019,international_cup,413,2282,LASK,Club Brugge KV,0,1
2019-08-20,3245085,UKRP,2019,domestic_cup,76135,75190,Avangard Bziv,FK Vovchansk,0,2
2019-08-20,3246983,UKRP,2019,domestic_cup,30698,45200,Girnyk Kryvyi Rig,Chayka Petropavlivska Borshchagivka,0,1
2019-08-21,3244530,CLQ,2019,international_cup,452,159,BSC Young Boys,Red Star Belgrade,2,2
2019-08-21,3244658,CLQ,2019,international_cup,419,195,GNK Dinamo Zagreb,Rosenborg Ballklub,2,0
2019-08-21,3244662,CLQ,2019,international_cup,683,16704,Olympiakos Syndesmos Filathlon Peiraios,FK Krasnodar,4,0
2019-08-21,3245887,RUP,2019,domestic_cup,67107,2741,FC Leningradets,FK Baltika,1,2
2019-08-21,3245888,RUP,2019,domestic_cup,58065,1186,Veles Moscow,Torpedo Moscow,8,9
2019-08-21,3245889,RUP,2019,domestic_cup,12052,43502,FC Ryazan,Chertanovo Moscow,1,4
2019-08-21,3245890,RUP,2019,domestic_cup,3719,11122,FC Khimki (-2025),Avangard Kursk,4,1
2019-08-21,3245891,RUP,2019,domestic_cup,59524,49702,Ararat Moskow (-2020),FK Nizhny Novgorod,0,3
2019-08-21,3245892,RUP,2019,domestic_cup,2374,11125,Shinnik Yaroslavl,Tekstilshchik Ivanovo,1,0
2019-08-21,3245893,RUP,2019,domestic_cup,6672,1124,Salyut Belgorod,Fakel Voronezh,1,3
2019-08-21,3245894,RUP,2019,domestic_cup,5287,22810,Chernomorets Novorossijsk,Torpedo Armavir,3,0
2019-08-21,3245895,RUP,2019,domestic_cup,75506,3609,Alania Vladikavkaz,Rotor Volgograd,2,1
2019-08-21,3245896,RUP,2019,domestic_cup,75233,36972,Inter Cherkessk (-2021),Chaika Peschanokopskoe,2,5
2019-08-21,3245897,RUP,2019,domestic_cup,3243,3733,KamAZ Naberezhnye Chelny,Neftekhimik Nizhnekamsk,2,0
2019-08-21,3245898,RUP,2019,domestic_cup,71985,11126,Akron Togliatti,Mordovia Saransk (-2020),4,6
2019-08-21,3951263,RUP,2019,domestic_cup,12049,4057,FK Chita (-2022),Luch Vladivostok,0,1
2019-08-22,3244352,ELQ,2019,other,2441,449,Athlitiki Enosi Konstantinoupoleos,Trabzonspor,1,3
2019-08-22,3244532,ELQ,2019,other,383,429,PSV Eindhoven,Apollon Limassol,3,0
2019-08-22,3244535,ELQ,2019,other,234,2976,Feyenoord Rotterdam,Hapoel Beer Sheva,3,0
2019-08-22,3244537,ELQ,2019,other,1090,1096,AZ Alkmaar,Royal Antwerp FC,1,1
2019-08-22,3244604,ELQ,2019,other,22220,713,FC Astana,BATE Borisov,3,0
2019-08-22,3244606,ELQ,2019,other,669,687,FK Partizan Belgrade,Molde Fotballklubb,2,1
2019-08-22,3244608,ELQ,2019,other,53453,853,FC Ararat-Armenia,F91 Dudelange,2,1
2019-08-22,3244610,ELQ,2019,other,416,543,Torino FC,Wolverhampton Wanderers,2,3
2019-08-22,3244612,ELQ,2019,other,255,124,Legia Warszawa,Rangers FC,0,0
2019-08-22,3244614,ELQ,2019,other,301,2420,FCSB,Vitória Guimarães SC,0,0
2019-08-22,3244616,ELQ,2019,other,157,144,KAA Gent,HNK Rijeka,2,1
2019-08-22,3244618,ELQ,2019,other,714,10690,RCD Espanyol Barcelona,Zorya Lugansk,3,1
2019-08-22,3244620,ELQ,2019,other,1075,232,SC Braga,FK Spartak Moskva,1,0
2019-08-22,3244622,ELQ,2019,other,496,9095,Malmö Fotbollförening,Bnei Yehuda Tel Aviv,3,0
2019-08-22,3244624,ELQ,2019,other,667,24,RC Strasbourg Alsace,Eintracht Frankfurt,1,0
2019-08-22,3244626,ELQ,2019,other,8047,279,FK Suduva Marijampole,Ferencvárosi TC,0,0
2019-08-22,3244628,ELQ,2019,other,190,48325,FC Copenhagen,Riga FC,3,1
2019-08-22,3244630,ELQ,2019,other,371,272,Celtic FC,Allmänna Idrottsklubben,2,0
2019-08-22,3244632,ELQ,2019,other,31614,790,Ludogorets Razgrad,NK Maribor,0,0
2019-08-22,3244634,ELQ,2019,other,3471,10625,Linfield FC,Qarabağ FK,3,2
2019-08-22,3244636,ELQ,2019,other,540,1091,Slovan Bratislava,Panthessalonikios Athlitikos Omilos Konstantinoupoliton,1,0
2019-08-23,3203449,L1,2019,domestic_league,3,16,1.FC Köln,Borussia Dortmund,1,3
2019-08-23,3208643,ES1,2019,domestic_league,16795,368,Granada CF,Sevilla FC,0,1
2019-08-23,3208645,ES1,2019,domestic_league,3368,1050,Levante UD,Villarreal CF,2,1
2019-08-23,3210318,DK1,2019,domestic_league,5818,173,Hobro IK,Odense Boldklub,0,0
2019-08-23,3211380,PO1,2019,domestic_league,2425,3336,Rio Ave FC,Desportivo Aves (- 2020),5,1
2019-08-23,3211381,PO1,2019,domestic_league,1085,979,Vitória Setúbal FC,Moreirense FC,0,0
2019-08-23,3219089,GB1,2019,domestic_league,405,29,Aston Villa,Everton FC,2,0
2019-08-23,3221091,TR1,2019,domestic_league,114,1467,Beşiktaş Jimnastik Kulübü,Göztepe,3,0
2019-08-23,3237855,BE1,2019,domestic_league,1184,58,KRC Genk,RSC Anderlecht,1,0
2019-08-24,3199378,FR1,2019,domestic_league,1416,995,Amiens SC,FC Nantes,1,2
2019-08-24,3199379,FR1,2019,domestic_league,2969,40,Dijon FCO,FC Girondins Bordeaux,0,2
2019-08-24,3199380,FR1,2019,domestic_league,1420,347,Angers SCO,FC Metz,3,0
2019-08-24,3199386,FR1,2019,domestic_league,3911,1421,Stade Brestois 29,Stade Reims,1,0
2019-08-24,3201254,SC1,2019,domestic_league,2999,987,Hamilton Academical FC,Motherwell FC,1,3
2019-08-24,3201255,SC1,2019,domestic_league,903,2578,Hibernian FC,St. Johnstone FC,2,2
2019-08-24,3201256,SC1,2019,domestic_league,2553,370,Kilmarnock FC,Aberdeen FC,0,0
2019-08-24,3201257,SC1,2019,domestic_league,2759,1241,Ross County FC,Livingston FC,1,4
2019-08-24,3203443,L1,2019,domestic_league,533,86,TSG 1899 Hoffenheim,SV Werder Bremen,3,2
2019-08-24,3203444,L1,2019,domestic_league,38,15,Fortuna Düsseldorf,Bayer 04 Leverkusen,1,3
2019-08-24,3203446,L1,2019,domestic_league,39,18,1.FSV Mainz 05,Borussia Mönchengladbach,1,3
2019-08-24,3203447,L1,2019,domestic_league,33,27,FC Schalke 04,Bayern Munich,0,3
2019-08-24,3203448,L1,2019,domestic_league,167,89,FC Augsburg,1.FC Union Berlin,1,1
2019-08-24,3203450,L1,2019,domestic_league,127,60,SC Paderborn 07,SC Freiburg,1,3
2019-08-24,3208641,ES1,2019,domestic_league,940,1049,Celta de Vigo,Valencia CF,1,0
2019-08-24,3208642,ES1,2019,domestic_league,3709,621,Getafe CF,Athletic Bilbao,1,1
2019-08-24,3208647,ES1,2019,domestic_league,331,1533,CA Osasuna,SD Eibar,0,0
2019-08-24,3208648,ES1,2019,domestic_league,418,366,Real Madrid,Real Valladolid CF,1,1
2019-08-24,3209344,GR1,2019,domestic_league,605,653,Aris Thessalonikis,Omilos Filathlon Irakliou FC,1,1
2019-08-24,3209346,GR1,2019,domestic_league,683,6676,Olympiakos Syndesmos Filathlon Peiraios,A.G.S Asteras Tripolis,1,0
2019-08-24,3209349,GR1,2019,domestic_league,3999,265,PAS Lamia 1964,Panathinaikos Athlitikos Omilos,1,1
2019-08-24,3211375,PO1,2019,domestic_league,294,720,SL Benfica,FC Porto,0,2
2019-08-24,3211379,PO1,2019,domestic_league,2503,2995,Boavista FC,FC Paços de Ferreira,1,1
2019-08-24,3216056,NL1,2019,domestic_league,403,1283,Willem II Tilburg,FC Emmen,2,1
2019-08-24,3216057,NL1,2019,domestic_league,1304,499,Heracles Almelo,Vitesse Arnhem,1,1
2019-08-24,3216059,NL1,2019,domestic_league,306,317,SC Heerenveen,FC Twente Enschede,0,0
2019-08-24,3219086,GB1,2019,domestic_league,31,11,Liverpool FC,Arsenal FC,3,1
2019-08-24,3219090,GB1,2019,domestic_league,1123,631,Norwich City,Chelsea FC,2,3
2019-08-24,3219426,GB1,2019,domestic_league,1010,379,Watford FC,West Ham United,1,3
2019-08-24,3219427,GB1,2019,domestic_league,350,1003,Sheffield United,Leicester City,1,2
2019-08-24,3219429,GB1,2019,domestic_league,1237,180,Brighton & Hove Albion,Southampton FC,0,2
2019-08-24,3219432,GB1,2019,domestic_league,985,873,Manchester United,Crystal Palace,1,2
2019-08-24,3221087,TR1,2019,domestic_league,868,3205,MKE Ankaragücü,Kayserispor,1,1
2019-08-24,3221088,TR1,2019,domestic_league,11282,10484,Alanyaspor,Kasimpasa,4,1
2019-08-24,3221089,TR1,2019,domestic_league,6890,36,Basaksehir FK,Fenerbahce,1,2
2019-08-24,3229064,UKR1,2019,domestic_league,338,23611,Dynamo Kyiv,Olimpik Donetsk,1,1
2019-08-24,3229066,UKR1,2019,domestic_league,18303,16239,FC Oleksandriya,Desna Chernigiv,0,3
2019-08-24,3229067,UKR1,2019,domestic_league,48332,2740,Kolos Kovalivka,Vorskla Poltava,0,3
2019-08-24,3229167,IT1,2019,domestic_league,430,6195,ACF Fiorentina,SSC Napoli,3,4
2019-08-24,3229170,IT1,2019,domestic_league,130,506,Parma Calcio 1913,Juventus FC,0,1
2019-08-24,3234742,RU1,2019,domestic_league,41201,121,PFK Tambov (-2021),FK Dinamo Moskva,0,2
2019-08-24,3234743,RU1,2019,domestic_league,28095,964,FK Ufa,AO FK Zenit Sankt-Peterburg,1,0
2019-08-24,3234744,RU1,2019,domestic_league,16704,932,FK Krasnodar,"Футбольный клуб ""Локомотив"" Москва",1,1
2019-08-24,3237857,BE1,2019,domestic_league,520,28643,Cercle Brugge,SK Beveren,1,0
2019-08-24,3237858,BE1,2019,domestic_league,475,3508,Sint-Truidense VV,Zulte Waregem,0,0
2019-08-24,3237978,BE1,2019,domestic_league,2861,354,KV Oostende,KV Mechelen,2,1
2019-08-24,3248596,GRP,2019,domestic_cup,63241,24996,,Pandramaikos AO,0,3
2019-08-24,3248605,GRP,2019,domestic_cup,29808,50498,Tilykratis Lefkadas,AO Sellanon,3,1
2019-08-25,3199377,FR1,2019,domestic_league,583,415,Paris Saint-Germain,FC Toulouse,4,0
2019-08-25,3199381,FR1,2019,domestic_league,162,1160,AS Monaco,Nîmes Olympique,2,2
2019-08-25,3199385,FR1,2019,domestic_league,667,273,RC Strasbourg Alsace,Stade Rennais FC,0,2
2019-08-25,3201253,SC1,2019,domestic_league,371,43,Celtic FC,Heart of Midlothian FC,3,1
2019-08-25,3201258,SC1,2019,domestic_league,465,124,St. Mirren FC,Rangers FC,0,1
2019-08-25,3203442,L1,2019,domestic_league,23826,24,RB Leipzig,Eintracht Frankfurt,2,1
2019-08-25,3203445,L1,2019,domestic_league,44,82,Hertha BSC,VfL Wolfsburg,0,3
2019-08-25,3208639,ES1,2019,domestic_league,1108,714,Deportivo Alavés,RCD Espanyol Barcelona,0,0
2019-08-25,3208640,ES1,2019,domestic_league,131,150,FC Barcelona,Real Betis Balompié,5,2
2019-08-25,3208644,ES1,2019,domestic_league,1244,13,CD Leganés,Atlético de Madrid,0,1
2019-08-25,3208646,ES1,2019,domestic_league,237,681,RCD Mallorca,Real Sociedad,0,1
2019-08-25,3209343,GR1,2019,domestic_league,2441,128,Athlitiki Enosi Konstantinoupoleos,AO Xanthi,1,2
2019-08-25,3209345,GR1,2019,domestic_league,3060,4603,APS Atromitos Athinon,Athlitiki Enosi Larisas,1,1
2019-08-25,3209347,GR1,2019,domestic_league,1091,6418,Panthessalonikios Athlitikos Omilos Konstantinoupoliton,Panetolikos Agrinio,2,1
2019-08-25,3209348,GR1,2019,domestic_league,169,60949,Panionios Athens,Volou Neos Podosferikos Syllogos,1,2
2019-08-25,3210317,DK1,2019,domestic_league,190,2778,FC Copenhagen,FC Nordsjaelland,3,1
2019-08-25,3210319,DK1,2019,domestic_league,369,5724,Lyngby Boldklub,Randers FC,2,0
2019-08-25,3210320,DK1,2019,domestic_league,3426,1177,Esbjerg fB,Silkeborg IF,2,2
2019-08-25,3210321,DK1,2019,domestic_league,5817,865,Sönderjyske Fodbold,FC Midtjylland,0,2
2019-08-25,3210322,DK1,2019,domestic_league,206,678,Bröndby IF,Aarhus GF,0,3
2019-08-25,3211373,PO1,2019,domestic_league,2423,2457,CD Santa Clara,B SAD,0,0
2019-08-25,3211374,PO1,2019,domestic_league,2424,1075,Gil Vicente FC,SC Braga,1,1
2019-08-25,3211376,PO1,2019,domestic_league,1301,7179,CS Marítimo,CD Tondela,2,3
2019-08-25,3211377,PO1,2019,domestic_league,7378,336,Portimonense SC,Sporting CP,1,3
2019-08-25,3211378,PO1,2019,domestic_league,2420,3329,Vitória Guimarães SC,FC Famalicão,1,1
2019-08-25,3216060,NL1,2019,domestic_league,235,1268,RKC Waalwijk,ADO Den Haag,0,3
2019-08-25,3216061,NL1,2019,domestic_league,1269,468,PEC Zwolle,Sparta Rotterdam,2,2
2019-08-25,3216062,NL1,2019,domestic_league,200,1426,FC Utrecht,VVV-Venlo,1,2
2019-08-25,3219087,GB1,2019,domestic_league,989,281,AFC Bournemouth,Manchester City,1,3
2019-08-25,3219088,GB1,2019,domestic_league,148,762,Tottenham Hotspur,Newcastle United,0,1
2019-08-25,3219428,GB1,2019,domestic_league,543,1132,Wolverhampton Wanderers,Burnley FC,1,1
2019-08-25,3221086,TR1,2019,domestic_league,141,2293,Galatasaray,Konyaspor,1,1
2019-08-25,3221090,TR1,2019,domestic_league,126,2381,Caykur Rizespor,Sivasspor,2,1
2019-08-25,3221092,TR1,2019,domestic_league,449,19789,Trabzonspor,Yeni Malatyaspor,2,1
2019-08-25,3221093,TR1,2019,domestic_league,589,833,Antalyaspor,Denizlispor,0,2
2019-08-25,3229063,UKR1,2019,domestic_league,660,6993,FC Shakhtar Donetsk,FK Mariupol,5,1
2019-08-25,3229065,UKR1,2019,domestic_league,2477,10690,Karpaty Lviv (-2021),Zorya Lugansk,0,1
2019-08-25,3229166,IT1,2019,domestic_league,1390,19,Cagliari Calcio,Brescia Calcio,0,1
2019-08-25,3229168,IT1,2019,domestic_league,276,1025,Hellas Verona,Bologna Football Club 1909,1,1
2019-08-25,3229171,IT1,2019,domestic_league,12,252,Associazione Sportiva Roma,Genoa CFC,3,3
2019-08-25,3229172,IT1,2019,domestic_league,1038,398,UC Sampdoria,Società Sportiva Lazio S.p.A.,0,3
2019-08-25,3229173,IT1,2019,domestic_league,2722,800,SPAL,Atalanta BC,2,3
2019-08-25,3229174,IT1,2019,domestic_league,416,6574,Torino FC,US Sassuolo,2,1
2019-08-25,3229175,IT1,2019,domestic_league,410,5,Udinese Calcio,AC Milan,1,0
2019-08-25,3234745,RU1,2019,domestic_league,2696,232,PFK Krylya Sovetov Samara,FK Spartak Moskva,1,2
2019-08-25,3234746,RU1,2019,domestic_league,2410,3725,PFK CSKA Moskva,RFK Akhmat Grozny,3,0
2019-08-25,3234747,RU1,2019,domestic_league,1083,2698,FK Rostov,FC Rubin Kazan,2,1
2019-08-25,3234748,RU1,2019,domestic_league,3729,14589,Arsenal Tula,FC Orenburg,2,1
2019-08-25,3237860,BE1,2019,domestic_league,3057,601,Standard Liège,KV Kortrijk,2,1
2019-08-25,3237861,BE1,2019,domestic_league,29228,1245,Royal Excel Mouscron (-2022),KAS Eupen,2,0
2019-08-25,3248597,GRP,2019,domestic_cup,9627,50406,Ethnikos Alexandroupolis,Aetos Orfanou,0,7
2019-08-25,3248598,GRP,2019,domestic_cup,3385,35444,Panserraikos Serres,Orfeas Xanthis,4,3
2019-08-25,3248599,GRP,2019,domestic_cup,71733,62518,PAONE Eptalofou,AE Karitsas,0,4
2019-08-25,3248600,GRP,2019,domestic_cup,54368,70489,Makedonikos Foufas,Megas Alexandros Kallitheas,3,2
2019-08-25,3248601,GRP,2019,domestic_cup,4604,6320,AS Edessaikos,Thermaikos Thermis,1,2
2019-08-25,3248602,GRP,2019,domestic_cup,33450,63935,PO Elassonas,Souli Paramythias,4,2
2019-08-25,3248603,GRP,2019,domestic_cup,71792,4591,APO Atalantis,AS Meteora,2,0
2019-08-25,3248604,GRP,2019,domestic_cup,74549,72187,AS Thinaliakos,AO Potamias,2,1
2019-08-25,3248607,GRP,2019,domestic_cup,61046,65125,Pallixouriakos,AO Xenofon Krestenon,0,1
2019-08-25,3248611,GRP,2019,domestic_cup,3998,4594,PAS Korinthos,AS Leonidiou,2,0
2019-08-25,3248612,GRP,2019,domestic_cup,63733,76284,PS Sparti,Atromitos Agiou Georgiou,2,0
2019-08-25,3248614,GRP,2019,domestic_cup,56922,2670,AO Neas Artakis,Ethnikos Piraeus,2,3
2019-08-25,3248616,GRP,2019,domestic_cup,3985,52566,AO Acharnaikos,AEEK SYNKA,0,3
2019-08-25,3248617,GRP,2019,domestic_cup,33438,6098,AO Episkopi Rethymnou,PO Atsaleniou,1,0
2019-08-25,3252615,GRP,2019,domestic_cup,74551,45702,Apollon Efpaliou,Omiros Neochoriou,3,0
2019-08-26,3210323,DK1,2019,domestic_league,2414,1053,AC Horsens,Aalborg BK,0,5
2019-08-26,3221085,TR1,2019,domestic_league,2832,820,Gaziantep FK,Gençlerbirliği Spor Kulübü,4,1
2019-08-26,3229068,UKR1,2019,domestic_league,60551,18105,SC Dnipro-1,PFK Lviv,2,3
2019-08-26,3229169,IT1,2019,domestic_league,46,1005,Inter Milan,US Lecce,4,0
2019-08-26,3234749,RU1,2019,domestic_league,11127,41231,Ural Yekaterinburg,FK Sochi,3,1
2019-08-26,3246417,UKRP,2019,domestic_cup,6422,53645,MFK Mykolaiv,PFC Prykarpattya Ivano-Frankivsk,5,1
2019-08-26,3246422,UKRP,2019,domestic_cup,26459,48726,NK Veres Rivne,Rukh Lviv,1,2
2019-08-26,3251288,UKRP,2019,domestic_cup,49364,55686,Ingulets Petrove,TOV FK Metalist 1925 Kharkiv,2,0
2019-08-27,3199384,FR1,2019,domestic_league,969,1041,Montpellier HSC,Olympique Lyon,1,0
2019-08-27,3244531,CLQ,2019,international_cup,159,452,Red Star Belgrade,BSC Young Boys,1,1
2019-08-27,3244659,CLQ,2019,international_cup,195,419,Rosenborg Ballklub,GNK Dinamo Zagreb,1,1
2019-08-27,3244663,CLQ,2019,international_cup,16704,683,FK Krasnodar,Olympiakos Syndesmos Filathlon Peiraios,1,2
2019-08-27,3246416,UKRP,2019,domestic_cup,33141,61825,FK Kalush,FC Minaj,1,2
2019-08-27,3246418,UKRP,2019,domestic_cup,74872,20423,Dinaz Vyshgorod,Nyva Vinnytsya,1,0
2019-08-27,3246419,UKRP,2019,domestic_cup,33179,13017,Slavutych Cherkasy,Kremin Kremenchuk,1,2
2019-08-27,3246420,UKRP,2019,domestic_cup,30697,4482,Podillya Khmelnytskyi,Volyn Lutsk,5,6
2019-08-27,3246421,UKRP,2019,domestic_cup,75190,39097,FK Vovchansk,Obolon Kyiv,0,1
2019-08-27,3246423,UKRP,2019,domestic_cup,29109,61761,Girnyk-Sport Gorishni Plavni,MFK Metalurg Zaporizhya,7,6
2019-08-27,3246424,UKRP,2019,domestic_cup,32036,49306,Avangard Kramatorsk,Balkany Zorya,3,4
2019-08-27,3246425,UKRP,2019,domestic_cup,74868,45200,Alyans Lypova Dolyna,Chayka Petropavlivska Borshchagivka,4,1
2019-08-27,3246426,UKRP,2019,domestic_cup,2227,21903,SK Tavriya Simferopol ( - 2022),Bukovyna Chernivtsi,2,3
2019-08-28,3199382,FR1,2019,domestic_league,417,244,OGC Nice,Olympique Marseille,1,2
2019-08-28,3199383,FR1,2019,domestic_league,1082,618,LOSC Lille,AS Saint-Étienne,3,0
2019-08-28,3224833,DKP,2019,domestic_cup,13208,19657,Kjellerup IF,Vendsyssel FF,0,9
2019-08-28,3224834,DKP,2019,domestic_cup,5866,1894,Brönshöj Boldklub,Hvidovre IF,1,2
2019-08-28,3232169,NLP,2019,domestic_cup,9547,20780,ADO '20 Heemskerk,ONS Sneek,3,0
2019-08-28,3243583,CLQ,2019,international_cup,610,2784,Ajax Amsterdam,APOEL Nicosia,2,0
2019-08-28,3244657,CLQ,2019,international_cup,62,7769,SK Slavia Prague,CFR Cluj,1,0
2019-08-28,3244661,CLQ,2019,international_cup,2282,413,Club Brugge KV,LASK,2,1
2019-08-28,3248608,GRP,2019,domestic_cup,74548,9415,Doxa Artas,APS Zakynthos,2,0
2019-08-28,3248610,GRP,2019,domestic_cup,63702,4007,AO Ypatou,Panargiakos,5,0
2019-08-28,3248615,GRP,2019,domestic_cup,48979,6267,Panthiraikos AO,Ilysiakos AO,3,0
2019-08-29,3244353,ELQ,2019,other,449,2441,Trabzonspor,Athlitiki Enosi Konstantinoupoleos,0,2
2019-08-29,3244533,ELQ,2019,other,429,383,Apollon Limassol,PSV Eindhoven,0,4
2019-08-29,3244534,ELQ,2019,other,2976,234,Hapoel Beer Sheva,Feyenoord Rotterdam,0,3
2019-08-29,3244536,ELQ,2019,other,1096,1090,Royal Antwerp FC,AZ Alkmaar,1,4
2019-08-29,3244605,ELQ,2019,other,713,22220,BATE Borisov,FC Astana,2,0
2019-08-29,3244607,ELQ,2019,other,687,669,Molde Fotballklubb,FK Partizan Belgrade,1,1
2019-08-29,3244611,ELQ,2019,other,543,416,Wolverhampton Wanderers,Torino FC,2,1
2019-08-29,3244613,ELQ,2019,other,124,255,Rangers FC,Legia Warszawa,1,0
2019-08-29,3244615,ELQ,2019,other,2420,301,Vitória Guimarães SC,FCSB,1,0
2019-08-29,3244617,ELQ,2019,other,144,157,HNK Rijeka,KAA Gent,1,1
2019-08-29,3244619,ELQ,2019,other,10690,714,Zorya Lugansk,RCD Espanyol Barcelona,2,2
2019-08-29,3244621,ELQ,2019,other,232,1075,FK Spartak Moskva,SC Braga,1,2
2019-08-29,3244623,ELQ,2019,other,9095,496,Bnei Yehuda Tel Aviv,Malmö Fotbollförening,0,1
2019-08-29,3244625,ELQ,2019,other,24,667,Eintracht Frankfurt,RC Strasbourg Alsace,3,0
2019-08-29,3244627,ELQ,2019,other,279,8047,Ferencvárosi TC,FK Suduva Marijampole,4,2
2019-08-29,3244629,ELQ,2019,other,48325,190,Riga FC,FC Copenhagen,1,0
2019-08-29,3244631,ELQ,2019,other,272,371,Allmänna Idrottsklubben,Celtic FC,1,4
2019-08-29,3244633,ELQ,2019,other,790,31614,NK Maribor,Ludogorets Razgrad,2,2
2019-08-29,3244635,ELQ,2019,other,10625,3471,Qarabağ FK,Linfield FC,2,1
2019-08-29,3244637,ELQ,2019,other,1091,540,Panthessalonikios Athlitikos Omilos Konstantinoupoliton,Slovan Bratislava,3,2
2019-08-29,3244670,ELQ,2019,other,853,53453,F91 Dudelange,FC Ararat-Armenia,7,5
2019-08-30,3199395,FR1,2019,domestic_league,347,583,FC Metz,Paris Saint-Germain,0,2
2019-08-30,3203453,L1,2019,domestic_league,18,23826,Borussia Mönchengladbach,RB Leipzig,1,3
2019-08-30,3208649,ES1,2019,domestic_league,621,681,Athletic Bilbao,Real Sociedad,2,0
2019-08-30,3208656,ES1,2019,domestic_league,368,940,Sevilla FC,Celta de Vigo,1,1
2019-08-30,3210324,DK1,2019,domestic_league,173,5817,Odense Boldklub,Sönderjyske Fodbold,0,0
2019-08-30,3211384,PO1,2019,domestic_league,2457,2503,B SAD,Boavista FC,0,1
2019-08-30,3211385,PO1,2019,domestic_league,979,7378,Moreirense FC,Portimonense SC,1,0
2019-08-30,3216065,NL1,2019,domestic_league,1283,1269,FC Emmen,PEC Zwolle,1,3
2019-08-30,3221096,TR1,2019,domestic_league,10484,868,Kasimpasa,MKE Ankaragücü,0,1
2019-08-30,3221102,TR1,2019,domestic_league,3205,141,Kayserispor,Galatasaray,2,3
2019-08-30,3229071,UKR1,2019,domestic_league,16239,2477,Desna Chernigiv,Karpaty Lviv (-2021),0,0
2019-08-30,3229177,IT1,2019,domestic_league,1025,2722,Bologna Football Club 1909,SPAL,1,0
2019-08-30,3234750,RU1,2019,domestic_league,2696,121,PFK Krylya Sovetov Samara,FK Dinamo Moskva,0,0
2019-08-30,3237904,BE1,2019,domestic_league,354,29228,KV Mechelen,Royal Excel Mouscron (-2022),2,2
2019-08-31,3199387,FR1,2019,domestic_league,1420,2969,Angers SCO,Dijon FCO,2,0
2019-08-31,3199388,FR1,2019,domestic_league,415,1416,FC Toulouse,Amiens SC,2,0
2019-08-31,3199391,FR1,2019,domestic_league,995,969,FC Nantes,Montpellier HSC,1,0
2019-08-31,3199392,FR1,2019,domestic_league,1041,40,Olympique Lyon,FC Girondins Bordeaux,1,1
2019-08-31,3199394,FR1,2019,domestic_league,1160,3911,Nîmes Olympique,Stade Brestois 29,3,0
2019-08-31,3201259,SC1,2019,domestic_league,370,2759,Aberdeen FC,Ross County FC,3,0
2019-08-31,3201260,SC1,2019,domestic_league,43,2999,Heart of Midlothian FC,Hamilton Academical FC,2,2
2019-08-31,3201261,SC1,2019,domestic_league,1241,465,Livingston FC,St. Mirren FC,2,1
2019-08-31,3201262,SC1,2019,domestic_league,987,903,Motherwell FC,Hibernian FC,3,0
2019-08-31,3201264,SC1,2019,domestic_league,2578,2553,St. Johnstone FC,Kilmarnock FC,0,1
2019-08-31,3203451,L1,2019,domestic_league,27,39,Bayern Munich,1.FSV Mainz 05,6,1
2019-08-31,3203452,L1,2019,domestic_league,15,533,Bayer 04 Leverkusen,TSG 1899 Hoffenheim,0,0
2019-08-31,3203454,L1,2019,domestic_league,82,127,VfL Wolfsburg,SC Paderborn 07,1,1
2019-08-31,3203457,L1,2019,domestic_league,60,3,SC Freiburg,1.FC Köln,1,2
2019-08-31,3203458,L1,2019,domestic_league,33,44,FC Schalke 04,Hertha BSC,3,0
2019-08-31,3203459,L1,2019,domestic_league,89,16,1.FC Union Berlin,Borussia Dortmund,3,1
2019-08-31,3208651,ES1,2019,domestic_league,150,1244,Real Betis Balompié,CD Leganés,2,1
2019-08-31,3208653,ES1,2019,domestic_league,3709,1108,Getafe CF,Deportivo Alavés,1,1
2019-08-31,3208654,ES1,2019,domestic_league,3368,366,Levante UD,Real Valladolid CF,2,0
2019-08-31,3208655,ES1,2019,domestic_league,331,131,CA Osasuna,FC Barcelona,2,2
2019-08-31,3209352,GR1,2019,domestic_league,60949,605,Volou Neos Podosferikos Syllogos,Aris Thessalonikis,1,0
2019-08-31,3209354,GR1,2019,domestic_league,265,653,Panathinaikos Athlitikos Omilos,Omilos Filathlon Irakliou FC,1,3
2019-08-31,3209355,GR1,2019,domestic_league,6418,128,Panetolikos Agrinio,AO Xanthi,1,2
2019-08-31,3210325,DK1,2019,domestic_league,2778,5818,FC Nordsjaelland,Hobro IK,2,1
2019-08-31,3211382,PO1,2019,domestic_league,2424,1085,Gil Vicente FC,Vitória Setúbal FC,0,0
2019-08-31,3211383,PO1,2019,domestic_league,2995,1301,FC Paços de Ferreira,CS Marítimo,0,1
2019-08-31,3211386,PO1,2019,domestic_league,3336,3329,Desportivo Aves (- 2020),FC Famalicão,2,3
2019-08-31,3211390,PO1,2019,domestic_league,336,2425,Sporting CP,Rio Ave FC,2,3
2019-08-31,3216066,NL1,2019,domestic_league,306,385,SC Heerenveen,Fortuna Sittardia Combinatie,1,1
2019-08-31,3216068,NL1,2019,domestic_league,202,1304,FC Groningen,Heracles Almelo,1,2
2019-08-31,3216069,NL1,2019,domestic_league,1268,1426,ADO Den Haag,VVV-Venlo,1,0
2019-08-31,3219084,GB1,2019,domestic_league,180,985,Southampton FC,Manchester United,1,1
2019-08-31,3219085,GB1,2019,domestic_league,1132,31,Burnley FC,Liverpool FC,0,3
2019-08-31,3219420,GB1,2019,domestic_league,379,1123,West Ham United,Norwich City,2,0
2019-08-31,3219421,GB1,2019,domestic_league,762,1010,Newcastle United,Watford FC,1,1
2019-08-31,3219422,GB1,2019,domestic_league,281,1237,Manchester City,Brighton & Hove Albion,4,0
2019-08-31,3219423,GB1,2019,domestic_league,631,350,Chelsea FC,Sheffield United,2,2
2019-08-31,3219424,GB1,2019,domestic_league,873,405,Crystal Palace,Aston Villa,1,0
2019-08-31,3219425,GB1,2019,domestic_league,1003,989,Leicester City,AFC Bournemouth,3,1
2019-08-31,3221094,TR1,2019,domestic_league,1467,833,Göztepe,Denizlispor,0,0
2019-08-31,3221100,TR1,2019,domestic_league,2293,589,Konyaspor,Antalyaspor,2,2
2019-08-31,3221101,TR1,2019,domestic_league,114,126,Beşiktaş Jimnastik Kulübü,Caykur Rizespor,1,1
2019-08-31,3229069,UKR1,2019,domestic_league,60551,48332,SC Dnipro-1,Kolos Kovalivka,2,1
2019-08-31,3229070,UKR1,2019,domestic_league,2740,18303,Vorskla Poltava,FC Oleksandriya,0,1
2019-08-31,3229074,UKR1,2019,domestic_league,18105,6993,PFK Lviv,FK Mariupol,0,1
2019-08-31,3229180,IT1,2019,domestic_league,506,6195,Juventus FC,SSC Napoli,4,3
2019-08-31,3229183,IT1,2019,domestic_league,5,19,AC Milan,Brescia Calcio,1,0
2019-08-31,3234751,RU1,2019,domestic_league,28095,14589,FK Ufa,FC Orenburg,1,2
2019-08-31,3234752,RU1,2019,domestic_league,2698,41231,FC Rubin Kazan,FK Sochi,0,3
2019-08-31,3234753,RU1,2019,domestic_league,932,1083,"Футбольный клуб ""Локомотив"" Москва",FK Rostov,1,2
2019-08-31,3234754,RU1,2019,domestic_league,3725,41201,RFK Akhmat Grozny,PFK Tambov (-2021),1,1
2019-08-31,3237905,BE1,2019,domestic_league,1245,475,KAS Eupen,Sint-Truidense VV,0,2
2019-08-31,3237906,BE1,2019,domestic_league,601,2861,KV Kortrijk,KV Oostende,2,2
2019-08-31,3237907,BE1,2019,domestic_league,28643,172,SK Beveren,Royal Charleroi Sporting Club,0,4
2019-08-31,3252825,SFA,2019,domestic_cup,13677,6324,Whitehill Welfare FC,Penicuik Athletic FC,0,1
2019-08-31,3253197,GRP,2019,domestic_cup,33450,29808,PO Elassonas,Tilykratis Lefkadas,5,3
2019-09-01,3199389,FR1,2019,domestic_league,1421,1082,Stade Reims,LOSC Lille,2,0
2019-09-01,3199390,FR1,2019,domestic_league,273,417,Stade Rennais FC,OGC Nice,1,2
2019-09-01,3199393,FR1,2019,domestic_league,244,618,Olympique Marseille,AS Saint-Étienne,1,0
2019-09-01,3199396,FR1,2019,domestic_league,667,162,RC Strasbourg Alsace,AS Monaco,2,2
2019-09-01,3201263,SC1,2019,domestic_league,124,371,Rangers FC,Celtic FC,0,2
2019-09-01,3203455,L1,2019,domestic_league,24,38,Eintracht Frankfurt,Fortuna Düsseldorf,2,1
2019-09-01,3203456,L1,2019,domestic_league,86,167,SV Werder Bremen,FC Augsburg,3,2
2019-09-01,3208650,ES1,2019,domestic_league,13,1533,Atlético de Madrid,SD Eibar,3,2
2019-09-01,3208652,ES1,2019,domestic_league,714,16795,RCD Espanyol Barcelona,Granada CF,0,3
2019-09-01,3208657,ES1,2019,domestic_league,1049,237,Valencia CF,RCD Mallorca,2,0
2019-09-01,3208658,ES1,2019,domestic_league,1050,418,Villarreal CF,Real Madrid,2,2
2019-09-01,3209350,GR1,2019,domestic_league,4603,683,Athlitiki Enosi Larisas,Olympiakos Syndesmos Filathlon Peiraios,0,1
2019-09-01,3209351,GR1,2019,domestic_league,6676,2441,A.G.S Asteras Tripolis,Athlitiki Enosi Konstantinoupoleos,2,3
2019-09-01,3209353,GR1,2019,domestic_league,1091,169,Panthessalonikios Athlitikos Omilos Konstantinoupoliton,Panionios Athens,2,1
2019-09-01,3209356,GR1,2019,domestic_league,3999,3060,PAS Lamia 1964,APS Atromitos Athinon,2,2
2019-09-01,3210326,DK1,2019,domestic_league,678,3426,Aarhus GF,Esbjerg fB,1,0
2019-09-01,3210327,DK1,2019,domestic_league,5724,1177,Randers FC,Silkeborg IF,2,0
2019-09-01,3210328,DK1,2019,domestic_league,2414,369,AC Horsens,Lyngby Boldklub,2,1
2019-09-01,3210329,DK1,2019,domestic_league,1053,190,Aalborg BK,FC Copenhagen,1,0
2019-09-01,3210330,DK1,2019,domestic_league,865,206,FC Midtjylland,Bröndby IF,1,0
2019-09-01,3211387,PO1,2019,domestic_league,1075,294,SC Braga,SL Benfica,0,4
2019-09-01,3211388,PO1,2019,domestic_league,7179,2423,CD Tondela,CD Santa Clara,0,0
2019-09-01,3211389,PO1,2019,domestic_league,720,2420,FC Porto,Vitória Guimarães SC,3,0
2019-09-01,3216067,NL1,2019,domestic_league,235,383,RKC Waalwijk,PSV Eindhoven,1,3
2019-09-01,3216070,NL1,2019,domestic_league,317,200,FC Twente Enschede,FC Utrecht,3,1
2019-09-01,3216071,NL1,2019,domestic_league,468,610,Sparta Rotterdam,Ajax Amsterdam,1,4
2019-09-01,3216072,NL1,2019,domestic_league,499,1090,Vitesse Arnhem,AZ Alkmaar,2,1
2019-09-01,3216073,NL1,2019,domestic_league,403,234,Willem II Tilburg,Feyenoord Rotterdam,0,1
2019-09-01,3219081,GB1,2019,domestic_league,11,148,Arsenal FC,Tottenham Hotspur,2,2
2019-09-01,3219083,GB1,2019,domestic_league,29,543,Everton FC,Wolverhampton Wanderers,3,2
2019-09-01,3221095,TR1,2019,domestic_league,820,6890,Gençlerbirliği Spor Kulübü,Basaksehir FK,1,2
2019-09-01,3221097,TR1,2019,domestic_league,2381,2832,Sivasspor,Gaziantep FK,1,1
2019-09-01,3221098,TR1,2019,domestic_league,36,449,Fenerbahce,Trabzonspor,1,1
2019-09-01,3221099,TR1,2019,domestic_league,19789,11282,Yeni Malatyaspor,Alanyaspor,2,3
2019-09-01,3229072,UKR1,2019,domestic_league,10690,338,Zorya Lugansk,Dynamo Kyiv,2,2
2019-09-01,3229073,UKR1,2019,domestic_league,23611,660,Olimpik Donetsk,FC Shakhtar Donetsk,0,4
2019-09-01,3229176,IT1,2019,domestic_league,800,416,Atalanta BC,Torino FC,2,3
2019-09-01,3229178,IT1,2019,domestic_league,1390,46,Cagliari Calcio,Inter Milan,1,2
2019-09-01,3229179,IT1,2019,domestic_league,252,430,Genoa CFC,ACF Fiorentina,2,1
2019-09-01,3229181,IT1,2019,domestic_league,398,12,Società Sportiva Lazio S.p.A.,Associazione Sportiva Roma,1,1
2019-09-01,3229182,IT1,2019,domestic_league,1005,276,US Lecce,Hellas Verona,0,1
2019-09-01,3229184,IT1,2019,domestic_league,6574,1038,US Sassuolo,UC Sampdoria,4,1
2019-09-01,3229185,IT1,2019,domestic_league,410,130,Udinese Calcio,Parma Calcio 1913,1,3
2019-09-01,3234755,RU1,2019,domestic_league,11127,16704,Ural Yekaterinburg,FK Krasnodar,2,4
2019-09-01,3234756,RU1,2019,domestic_league,3729,2410,Arsenal Tula,PFK CSKA Moskva,1,2
2019-09-01,3234757,RU1,2019,domestic_league,232,964,FK Spartak Moskva,AO FK Zenit Sankt-Peterburg,0,1
2019-09-01,3237908,BE1,2019,domestic_league,157,520,KAA Gent,Cercle Brugge,3,2
2019-09-01,3237909,BE1,2019,domestic_league,2282,1184,Club Brugge KV,KRC Genk,1,1
2019-09-01,3237910,BE1,2019,domestic_league,58,3057,RSC Anderlecht,Standard Liège,1,0
2019-09-01,3237911,BE1,2019,domestic_league,3508,1096,Zulte Waregem,Royal Antwerp FC,2,0
2019-09-01,3253198,GRP,2019,domestic_cup,63733,63702,PS Sparti,AO Ypatou,1,0
2019-09-01,3253199,GRP,2019,domestic_cup,24996,54368,Pandramaikos AO,Makedonikos Foufas,2,1
2019-09-01,3253200,GRP,2019,domestic_cup,50406,6320,Aetos Orfanou,Thermaikos Thermis,4,2
2019-09-01,3253201,GRP,2019,domestic_cup,65125,74548,AO Xenofon Krestenon,Doxa Artas,2,1
2019-09-01,3253202,GRP,2019,domestic_cup,74549,74551,AS Thinaliakos,Apollon Efpaliou,1,0
2019-09-01,3253203,GRP,2019,domestic_cup,62518,3385,AE Karitsas,Panserraikos Serres,1,2
2019-09-03,3245900,RUP,2019,domestic_cup,12420,3691,Irtysh Omsk,Tom Tomsk,0,2
2019-09-03,3245901,RUP,2019,domestic_cup,12054,3714,FC Tyumen,Enisey Krasnoyarsk,0,1
2019-09-03,3245902,RUP,2019,domestic_cup,16613,3690,Sakhalin Yuzhno-Sakhalinsk,SKA Khabarovsk,0,2
2019-09-03,3250259,DKP,2019,domestic_cup,5918,22112,Otterup B&IK,FC Sydvest 05,4,0
2019-09-03,3250260,DKP,2019,domestic_cup,45057,5818,Vejgaard B,Hobro IK,2,1
2019-09-03,3250261,DKP,2019,domestic_cup,24938,5842,FC Djursland,VSK Aarhus,1,4
2019-09-03,3250262,DKP,2019,domestic_cup,49677,20979,Fuglebakken KFUM,Viby IF,0,3
2019-09-03,3250263,DKP,2019,domestic_cup,49675,5091,Hilleröd Fodbold,Naestved Boldklub,1,0
2019-09-03,3250264,DKP,2019,domestic_cup,27738,3732,Herstedoster IC,Hellerup IK,4,7
2019-09-03,3250265,DKP,2019,domestic_cup,21006,5733,Ledöje-Smörum Fodbold,Nyköbing FC,1,4
2019-09-03,3250266,DKP,2019,domestic_cup,40804,1842,Tarup-Paarup IF,FC Roskilde,0,3
2019-09-03,3250267,DKP,2019,domestic_cup,5840,23297,Roskilde KFUM,HB Köge,1,3
2019-09-03,3250268,DKP,2019,domestic_cup,20999,16173,Frederiksberg Boldklub,Vanlöse IF,2,3
2019-09-03,3250269,DKP,2019,domestic_cup,22235,1909,Boldklubben Marienlyst,Holstebro Boldklub,2,1
2019-09-04,3250270,DKP,2019,domestic_cup,5874,5776,Brabrand IF,FC Fredericia,1,4
2019-09-04,3250271,DKP,2019,domestic_cup,6000,1177,Herlev IF,Silkeborg IF,1,3
2019-09-04,3250272,DKP,2019,domestic_cup,5925,444,Avarta,BK Frem,2,1
2019-09-04,3250273,DKP,2019,domestic_cup,21033,2414,Boldklubben Union,AC Horsens,0,2
2019-09-04,3250274,DKP,2019,domestic_cup,12275,5724,Kolding IF,Randers FC,0,4
2019-09-04,3250275,DKP,2019,domestic_cup,5892,362,Slagelse B&I,Akademisk Boldklub,1,2
2019-09-04,3253204,GRP,2019,domestic_cup,33438,2670,AO Episkopi Rethymnou,Ethnikos Piraeus,2,0
2019-09-05,3250277,DKP,2019,domestic_cup,20985,5817,BK Viktoria,Sönderjyske Fodbold,0,5
2019-09-07,3239038,SFA,2019,domestic_cup,26147,5660,Jeanfield Swifts FC,Linlithgow Rose FC,2,5
2019-09-08,3211336,PO1,2019,domestic_league,2425,2420,Rio Ave FC,Vitória Guimarães SC,1,1
2019-09-08,3253205,GRP,2019,domestic_cup,48979,52566,Panthiraikos AO,AEEK SYNKA,1,0
2019-09-10,3250278,DKP,2019,domestic_cup,5767,5781,Middelfart Boldklub,Skive IK,0,2
2019-09-10,3250279,DKP,2019,domestic_cup,5904,9023,Varde IF,Thisted FC,3,4
2019-09-10,3250280,DKP,2019,domestic_cup,37554,1063,FC Sönderborg,Viborg FF,0,4
2019-09-10,3252000,DKP,2019,domestic_cup,19657,443,Vendsyssel FF,Vejle Boldklub,1,0
2019-09-10,3252001,DKP,2019,domestic_cup,12622,1894,B1908 Amager,Hvidovre IF,2,5
2019-09-11,3250276,DKP,2019,domestic_cup,20973,678,Marstal/Rise IF,Aarhus GF,2,6
2019-09-11,3250281,DKP,2019,domestic_cup,24201,1053,Nörresundby FB,Aalborg BK,0,8
2019-09-11,3250282,DKP,2019,domestic_cup,5716,369,BK Fremad Amager,Lyngby Boldklub,6,5
2019-09-13,3199403,FR1,2019,domestic_league,1082,1420,LOSC Lille,Angers SCO,2,1
2019-09-13,3199405,FR1,2019,domestic_league,1416,1041,Amiens SC,Olympique Lyon,2,2
2019-09-13,3203463,L1,2019,domestic_league,38,82,Fortuna Düsseldorf,VfL Wolfsburg,1,1
2019-09-13,3208665,ES1,2019,domestic_league,237,621,RCD Mallorca,Athletic Bilbao,0,0
2019-09-13,3210331,DK1,2019,domestic_league,5817,2414,Sönderjyske Fodbold,AC Horsens,0,0
2019-09-13,3211398,PO1,2019,domestic_league,1085,1075,Vitória Setúbal FC,SC Braga,1,0
2019-09-13,3223047,TR1,2019,domestic_league,141,10484,Galatasaray,Kasimpasa,1,0
2019-09-13,3237919,BE1,2019,domestic_league,172,1184,Royal Charleroi Sporting Club,KRC Genk,2,1
2019-09-13,3254691,RU1,2019,domestic_league,964,3729,AO FK Zenit Sankt-Peterburg,Arsenal Tula,3,1
2019-09-14,3199397,FR1,2019,domestic_league,2969,1160,Dijon FCO,Nîmes Olympique,0,0
2019-09-14,3199399,FR1,2019,domestic_league,969,417,Montpellier HSC,OGC Nice,2,1
2019-09-14,3199400,FR1,2019,domestic_league,3911,273,Stade Brestois 29,Stade Rennais FC,0,0
2019-09-14,3199404,FR1,2019,domestic_league,40,347,FC Girondins Bordeaux,FC Metz,2,0
2019-09-14,3199406,FR1,2019,domestic_league,583,667,Paris Saint-Germain,RC Strasbourg Alsace,1,0
2019-09-14,3201265,SC1,2019,domestic_league,370,2578,Aberdeen FC,St. Johnstone FC,1,1
2019-09-14,3201266,SC1,2019,domestic_league,2999,371,Hamilton Academical FC,Celtic FC,0,1
2019-09-14,3201267,SC1,2019,domestic_league,43,987,Heart of Midlothian FC,Motherwell FC,2,3
2019-09-14,3201268,SC1,2019,domestic_league,2553,903,Kilmarnock FC,Hibernian FC,2,0
2019-09-14,3201269,SC1,2019,domestic_league,124,1241,Rangers FC,Livingston FC,3,1
2019-09-14,3201270,SC1,2019,domestic_league,2759,465,Ross County FC,St. Mirren FC,2,1
2019-09-14,3203460,L1,2019,domestic_league,16,15,Borussia Dortmund,Bayer 04 Leverkusen,4,0
2019-09-14,3203461,L1,2019,domestic_league,23826,27,RB Leipzig,Bayern Munich,1,1
2019-09-14,3203464,L1,2019,domestic_league,39,44,1.FSV Mainz 05,Hertha BSC,2,1
2019-09-14,3203465,L1,2019,domestic_league,167,24,FC Augsburg,Eintracht Frankfurt,2,1
2019-09-14,3203466,L1,2019,domestic_league,3,18,1.FC Köln,Borussia Mönchengladbach,0,1
2019-09-14,3203468,L1,2019,domestic_league,89,86,1.FC Union Berlin,SV Werder Bremen,1,2
2019-09-14,3208660,ES1,2019,domestic_league,131,1049,FC Barcelona,Valencia CF,5,2
2019-09-14,3208664,ES1,2019,domestic_league,1244,1050,CD Leganés,Villarreal CF,0,3
2019-09-14,3208666,ES1,2019,domestic_league,418,3368,Real Madrid,Levante UD,3,2
2019-09-14,3208667,ES1,2019,domestic_league,681,13,Real Sociedad,Atlético de Madrid,2,0
2019-09-14,3209360,GR1,2019,domestic_league,3060,1091,APS Atromitos Athinon,Panthessalonikios Athlitikos Omilos Konstantinoupoliton,2,3
2019-09-14,3209361,GR1,2019,domestic_league,653,6418,Omilos Filathlon Irakliou FC,Panetolikos Agrinio,3,1
2019-09-14,3209362,GR1,2019,domestic_league,683,60949,Olympiakos Syndesmos Filathlon Peiraios,Volou Neos Podosferikos Syllogos,5,0
2019-09-14,3211392,PO1,2019,domestic_league,3329,2995,FC Famalicão,FC Paços de Ferreira,4,2
2019-09-14,3211395,PO1,2019,domestic_league,294,2424,SL Benfica,Gil Vicente FC,2,0
2019-09-14,3211396,PO1,2019,domestic_league,2420,3336,Vitória Guimarães SC,Desportivo Aves (- 2020),5,1
2019-09-14,3216074,NL1,2019,domestic_league,1090,468,AZ Alkmaar,Sparta Rotterdam,5,1
2019-09-14,3216075,NL1,2019,domestic_league,383,499,PSV Eindhoven,Vitesse Arnhem,5,0
2019-09-14,3216076,NL1,2019,domestic_league,1426,202,VVV-Venlo,FC Groningen,2,1
2019-09-14,3216077,NL1,2019,domestic_league,200,1283,FC Utrecht,FC Emmen,3,1
2019-09-14,3216078,NL1,2019,domestic_league,610,306,Ajax Amsterdam,SC Heerenveen,4,1
2019-09-14,3219080,GB1,2019,domestic_league,1123,281,Norwich City,Manchester City,3,2
2019-09-14,3219082,GB1,2019,domestic_league,31,762,Liverpool FC,Newcastle United,3,1
2019-09-14,3219414,GB1,2019,domestic_league,148,873,Tottenham Hotspur,Crystal Palace,4,0
2019-09-14,3219415,GB1,2019,domestic_league,350,180,Sheffield United,Southampton FC,0,1
2019-09-14,3219416,GB1,2019,domestic_league,543,631,Wolverhampton Wanderers,Chelsea FC,2,5
2019-09-14,3219418,GB1,2019,domestic_league,1237,1132,Brighton & Hove Albion,Burnley FC,1,1
2019-09-14,3219419,GB1,2019,domestic_league,985,1003,Manchester United,Leicester City,1,0
2019-09-14,3223041,TR1,2019,domestic_league,6890,2381,Basaksehir FK,Sivasspor,1,1
2019-09-14,3223045,TR1,2019,domestic_league,2832,114,Gaziantep FK,Beşiktaş Jimnastik Kulübü,3,2
2019-09-14,3223048,TR1,2019,domestic_league,589,3205,Antalyaspor,Kayserispor,2,2
2019-09-14,3229187,IT1,2019,domestic_league,430,506,ACF Fiorentina,Juventus FC,0,0
2019-09-14,3229190,IT1,2019,domestic_league,46,410,Inter Milan,Udinese Calcio,1,0
2019-09-14,3229191,IT1,2019,domestic_league,6195,1038,SSC Napoli,UC Sampdoria,2,0
2019-09-14,3237920,BE1,2019,domestic_league,2861,3057,KV Oostende,Standard Liège,1,4
2019-09-14,3237921,BE1,2019,domestic_league,1245,3508,KAS Eupen,Zulte Waregem,1,1
2019-09-14,3237922,BE1,2019,domestic_league,475,28643,Sint-Truidense VV,SK Beveren,1,1
2019-09-14,3237923,BE1,2019,domestic_league,520,2282,Cercle Brugge,Club Brugge KV,0,2
2019-09-14,3239011,UKR1,2019,domestic_league,660,10690,FC Shakhtar Donetsk,Zorya Lugansk,4,3
2019-09-14,3239013,UKR1,2019,domestic_league,2477,2740,Karpaty Lviv (-2021),Vorskla Poltava,2,1
2019-09-14,3239014,UKR1,2019,domestic_league,18303,60551,FC Oleksandriya,SC Dnipro-1,2,0
2019-09-14,3254692,RU1,2019,domestic_league,232,11127,FK Spartak Moskva,Ural Yekaterinburg,1,2
2019-09-14,3254693,RU1,2019,domestic_league,41231,932,FK Sochi,"Футбольный клуб ""Локомотив"" Москва",0,1
2019-09-14,3256256,GRP,2019,domestic_cup,50406,35452,Aetos Orfanou,Thesprotos Igoumenitsas,2,1
2019-09-14,3256257,GRP,2019,domestic_cup,33450,8303,PO Elassonas,Enosi Aspropyrgou,0,1
2019-09-15,3199398,FR1,2019,domestic_league,995,1421,FC Nantes,Stade Reims,1,0
2019-09-15,3199401,FR1,2019,domestic_league,162,244,AS Monaco,Olympique Marseille,3,4
2019-09-15,3199402,FR1,2019,domestic_league,618,415,AS Saint-Étienne,FC Toulouse,2,2
2019-09-15,3203462,L1,2019,domestic_league,533,60,TSG 1899 Hoffenheim,SC Freiburg,0,3
2019-09-15,3203467,L1,2019,domestic_league,127,33,SC Paderborn 07,FC Schalke 04,1,5
2019-09-15,3208659,ES1,2019,domestic_league,1108,368,Deportivo Alavés,Sevilla FC,0,1
2019-09-15,3208661,ES1,2019,domestic_league,150,3709,Real Betis Balompié,Getafe CF,1,1
2019-09-15,3208662,ES1,2019,domestic_league,940,16795,Celta de Vigo,Granada CF,0,2
2019-09-15,3208663,ES1,2019,domestic_league,1533,714,SD Eibar,RCD Espanyol Barcelona,1,2
2019-09-15,3208668,ES1,2019,domestic_league,366,331,Real Valladolid CF,CA Osasuna,1,1
2019-09-15,3209357,GR1,2019,domestic_league,2441,3999,Athlitiki Enosi Konstantinoupoleos,PAS Lamia 1964,2,0
2019-09-15,3209358,GR1,2019,domestic_league,128,6676,AO Xanthi,A.G.S Asteras Tripolis,2,1
2019-09-15,3209359,GR1,2019,domestic_league,605,265,Aris Thessalonikis,Panathinaikos Athlitikos Omilos,4,0
2019-09-15,3209363,GR1,2019,domestic_league,169,4603,Panionios Athens,Athlitiki Enosi Larisas,1,0
2019-09-15,3210332,DK1,2019,domestic_league,206,2778,Bröndby IF,FC Nordsjaelland,4,2
2019-09-15,3210333,DK1,2019,domestic_league,678,1053,Aarhus GF,Aalborg BK,3,0
2019-09-15,3210334,DK1,2019,domestic_league,5818,190,Hobro IK,FC Copenhagen,2,1
2019-09-15,3210335,DK1,2019,domestic_league,3426,5724,Esbjerg fB,Randers FC,0,3
2019-09-15,3210336,DK1,2019,domestic_league,369,865,Lyngby Boldklub,FC Midtjylland,0,3
2019-09-15,3211391,PO1,2019,domestic_league,2423,979,CD Santa Clara,Moreirense FC,2,0
2019-09-15,3211393,PO1,2019,domestic_league,2503,336,Boavista FC,Sporting CP,1,1
2019-09-15,3211394,PO1,2019,domestic_league,2425,7179,Rio Ave FC,CD Tondela,2,4
2019-09-15,3211397,PO1,2019,domestic_league,1301,2457,CS Marítimo,B SAD,1,3
2019-09-15,3211399,PO1,2019,domestic_league,7378,720,Portimonense SC,FC Porto,2,3
2019-09-15,3216079,NL1,2019,domestic_league,1269,235,PEC Zwolle,RKC Waalwijk,6,2
2019-09-15,3216080,NL1,2019,domestic_league,234,1268,Feyenoord Rotterdam,ADO Den Haag,3,2
2019-09-15,3216081,NL1,2019,domestic_league,1304,403,Heracles Almelo,Willem II Tilburg,4,1
2019-09-15,3216082,NL1,2019,domestic_league,385,317,Fortuna Sittardia Combinatie,FC Twente Enschede,2,3
2019-09-15,3219077,GB1,2019,domestic_league,989,29,AFC Bournemouth,Everton FC,3,1
2019-09-15,3219078,GB1,2019,domestic_league,1010,11,Watford FC,Arsenal FC,2,2
2019-09-15,3223042,TR1,2019,domestic_league,833,2293,Denizlispor,Konyaspor,0,1
2019-09-15,3223043,TR1,2019,domestic_league,868,19789,MKE Ankaragücü,Yeni Malatyaspor,0,4
2019-09-15,3223044,TR1,2019,domestic_league,449,820,Trabzonspor,Gençlerbirliği Spor Kulübü,2,2
2019-09-15,3223046,TR1,2019,domestic_league,126,1467,Caykur Rizespor,Göztepe,0,0
2019-09-15,3229186,IT1,2019,domestic_league,19,1025,Brescia Calcio,Bologna Football Club 1909,3,4
2019-09-15,3229188,IT1,2019,domestic_league,252,800,Genoa CFC,Atalanta BC,1,2
2019-09-15,3229189,IT1,2019,domestic_league,276,5,Hellas Verona,AC Milan,0,1
2019-09-15,3229192,IT1,2019,domestic_league,130,1390,Parma Calcio 1913,Cagliari Calcio,1,3
2019-09-15,3229193,IT1,2019,domestic_league,12,6574,Associazione Sportiva Roma,US Sassuolo,4,2
2019-09-15,3229194,IT1,2019,domestic_league,2722,398,SPAL,Società Sportiva Lazio S.p.A.,2,1
2019-09-15,3237924,BE1,2019,domestic_league,58,1096,RSC Anderlecht,Royal Antwerp FC,1,2
2019-09-15,3237925,BE1,2019,domestic_league,157,354,KAA Gent,KV Mechelen,3,0
2019-09-15,3237926,BE1,2019,domestic_league,29228,601,Royal Excel Mouscron (-2022),KV Kortrijk,2,0
2019-09-15,3239010,UKR1,2019,domestic_league,6993,23611,FK Mariupol,Olimpik Donetsk,1,1
2019-09-15,3239012,UKR1,2019,domestic_league,338,16239,Dynamo Kyiv,Desna Chernigiv,1,2
2019-09-15,3239015,UKR1,2019,domestic_league,48332,18105,Kolos Kovalivka,PFK Lviv,1,0
2019-09-15,3254694,RU1,2019,domestic_league,14589,2698,FC Orenburg,FC Rubin Kazan,2,1
2019-09-15,3254695,RU1,2019,domestic_league,41201,2410,PFK Tambov (-2021),PFK CSKA Moskva,0,2
2019-09-15,3254696,RU1,2019,domestic_league,16704,2696,FK Krasnodar,PFK Krylya Sovetov Samara,4,2
2019-09-15,3256258,GRP,2019,domestic_cup,24996,553,Pandramaikos AO,Ionikos Nikeas,0,3
2019-09-15,3256259,GRP,2019,domestic_cup,65125,2984,AO Xenofon Krestenon,Egaleo FC,1,2
2019-09-15,3256260,GRP,2019,domestic_cup,74549,3391,AS Thinaliakos,Kavala FC,0,1
2019-09-15,3256261,GRP,2019,domestic_cup,33438,3993,AO Episkopi Rethymnou,AO Trikala,1,2
2019-09-15,3256262,GRP,2019,domestic_cup,48979,37339,Panthiraikos AO,OF Ierapetras,5,4
2019-09-15,3256263,GRP,2019,domestic_cup,3385,63681,Panserraikos Serres,PO Triglias,2,0
2019-09-15,3259677,GRP,2019,domestic_cup,71792,59154,APO Atalantis,Atromitos Patron,1,0
2019-09-16,3210337,DK1,2019,domestic_league,1177,173,Silkeborg IF,Odense Boldklub,0,3
2019-09-16,3219079,GB1,2019,domestic_league,405,379,Aston Villa,West Ham United,0,0
2019-09-16,3223040,TR1,2019,domestic_league,11282,36,Alanyaspor,Fenerbahce,3,1
2019-09-16,3229195,IT1,2019,domestic_league,416,1005,Torino FC,US Lecce,1,2
2019-09-16,3254697,RU1,2019,domestic_league,121,28095,FK Dinamo Moskva,FK Ufa,0,0
2019-09-16,3254698,RU1,2019,domestic_league,1083,3725,FK Rostov,RFK Akhmat Grozny,2,1
2019-09-17,3248613,GRP,2019,domestic_cup,68448,7977,AE Vathyllou-Pansamiakou,Eolikos Mytilinis,2,4
2019-09-17,3252154,CL,2019,international_cup,409,1184,Fußballclub Red Bull Salzburg,KRC Genk,6,2
2019-09-17,3252155,CL,2019,international_cup,6195,31,SSC Napoli,Liverpool FC,2,0
2019-09-17,3252156,CL,2019,international_cup,46,62,Inter Milan,SK Slavia Prague,1,1
2019-09-17,3252157,CL,2019,international_cup,16,131,Borussia Dortmund,FC Barcelona,0,0
2019-09-17,3252158,CL,2019,international_cup,1041,964,Olympique Lyon,AO FK Zenit Sankt-Peterburg,1,1
2019-09-17,3252159,CL,2019,international_cup,294,23826,SL Benfica,RB Leipzig,1,2
2019-09-17,3252160,CL,2019,international_cup,610,1082,Ajax Amsterdam,LOSC Lille,3,0
2019-09-17,3252161,CL,2019,international_cup,631,1049,Chelsea FC,Valencia CF,0,1
2019-09-18,3252146,CL,2019,international_cup,2282,141,Club Brugge KV,Galatasaray,0,0
2019-09-18,3252147,CL,2019,international_cup,583,418,Paris Saint-Germain,Real Madrid,3,0
2019-09-18,3252148,CL,2019,international_cup,683,148,Olympiakos Syndesmos Filathlon Peiraios,Tottenham Hotspur,2,2
2019-09-18,3252149,CL,2019,international_cup,27,159,Bayern Munich,Red Star Belgrade,3,0
2019-09-18,3252150,CL,2019,international_cup,419,800,GNK Dinamo Zagreb,Atalanta BC,4,0
2019-09-18,3252151,CL,2019,international_cup,660,281,FC Shakhtar Donetsk,Manchester City,0,3
2019-09-18,3252152,CL,2019,international_cup,13,506,Atlético de Madrid,Juventus FC,2,2
2019-09-18,3252153,CL,2019,international_cup,15,932,Bayer 04 Leverkusen,"Футбольный клуб ""Локомотив"" Москва",1,2
2019-09-18,3256264,GRP,2019,domestic_cup,63733,4608,PS Sparti,GAS Ialysos 1948,0,2
2019-09-18,3256265,GRP,2019,domestic_cup,2079,8758,Veria NPS,Diagoras Rodou,2,0
2019-09-19,3252414,EL,2019,other,10625,368,Qarabağ FK,Sevilla FC,0,3
2019-09-19,3252415,EL,2019,other,2784,853,APOEL Nicosia,F91 Dudelange,3,4
2019-09-19,3252416,EL,2019,other,338,496,Dynamo Kyiv,Malmö Fotbollförening,1,0
2019-09-19,3252417,EL,2019,other,190,2790,FC Copenhagen,FC Lugano,1,0
2019-09-19,3252418,EL,2019,other,26,16704,FC Basel 1893,FK Krasnodar,5,0
2019-09-19,3252419,EL,2019,other,3709,449,Getafe CF,Trabzonspor,1,0
2019-09-19,3252420,EL,2019,other,383,336,PSV Eindhoven,Sporting CP,3,2
2019-09-19,3252421,EL,2019,other,413,195,LASK,Rosenborg Ballklub,1,0
2019-09-19,3252422,EL,2019,other,273,371,Stade Rennais FC,Celtic FC,1,1
2019-09-19,3252423,EL,2019,other,7769,398,CFR Cluj,Società Sportiva Lazio S.p.A.,2,1
2019-09-19,3252424,EL,2019,other,24,11,Eintracht Frankfurt,Arsenal FC,0,3
2019-09-19,3252425,EL,2019,other,3057,2420,Standard Liège,Vitória Guimarães SC,2,0
2019-09-19,3252426,EL,2019,other,720,452,FC Porto,BSC Young Boys,2,1
2019-09-19,3252427,EL,2019,other,124,234,Rangers FC,Feyenoord Rotterdam,1,0
2019-09-19,3252428,EL,2019,other,714,279,RCD Espanyol Barcelona,Ferencvárosi TC,1,1
2019-09-19,3252429,EL,2019,other,31614,2410,Ludogorets Razgrad,PFK CSKA Moskva,5,1
2019-09-19,3252430,EL,2019,other,82,18303,VfL Wolfsburg,FC Oleksandriya,3,1
2019-09-19,3252431,EL,2019,other,157,618,KAA Gent,AS Saint-Étienne,3,2
2019-09-19,3252432,EL,2019,other,12,6890,Associazione Sportiva Roma,Basaksehir FK,4,0
2019-09-19,3252433,EL,2019,other,18,4441,Borussia Mönchengladbach,Wolfsberger AC,0,4
2019-09-19,3252434,EL,2019,other,543,1075,Wolverhampton Wanderers,SC Braga,0,1
2019-09-19,3252435,EL,2019,other,540,114,Slovan Bratislava,Beşiktaş Jimnastik Kulübü,4,2
2019-09-19,3252436,EL,2019,other,985,22220,Manchester United,FC Astana,1,0
2019-09-19,3252437,EL,2019,other,669,1090,FK Partizan Belgrade,AZ Alkmaar,2,2
2019-09-20,3199411,FR1,2019,domestic_league,667,995,RC Strasbourg Alsace,FC Nantes,2,1
2019-09-20,3203477,L1,2019,domestic_league,33,39,FC Schalke 04,1.FSV Mainz 05,2,1
2019-09-20,3208675,ES1,2019,domestic_league,331,150,CA Osasuna,Real Betis Balompié,0,0
2019-09-20,3210340,DK1,2019,domestic_league,173,678,Odense Boldklub,Aarhus GF,1,2
2019-09-20,3211422,PO1,2019,domestic_league,2995,3336,FC Paços de Ferreira,Desportivo Aves (- 2020),2,1
2019-09-20,3216083,NL1,2019,domestic_league,317,1304,FC Twente Enschede,Heracles Almelo,2,3
2019-09-20,3219076,GB1,2019,domestic_league,180,989,Southampton FC,AFC Bournemouth,1,3
2019-09-20,3223052,TR1,2019,domestic_league,1467,2293,Göztepe,Konyaspor,1,0
2019-09-20,3229198,IT1,2019,domestic_league,1390,252,Cagliari Calcio,Genoa CFC,3,1
2019-09-20,3237944,BE1,2019,domestic_league,601,354,KV Kortrijk,KV Mechelen,2,3
2019-09-20,3239017,UKR1,2019,domestic_league,60551,2477,SC Dnipro-1,Karpaty Lviv (-2021),2,0
2019-09-20,3256797,RU1,2019,domestic_league,28095,232,FK Ufa,FK Spartak Moskva,1,0
2019-09-21,3199407,FR1,2019,domestic_league,1421,162,Stade Reims,AS Monaco,0,0
2019-09-21,3199408,FR1,2019,domestic_league,347,1416,FC Metz,Amiens SC,1,2
2019-09-21,3199410,FR1,2019,domestic_league,40,3911,FC Girondins Bordeaux,Stade Brestois 29,2,2
2019-09-21,3199412,FR1,2019,domestic_league,244,969,Olympique Marseille,Montpellier HSC,1,1
2019-09-21,3199413,FR1,2019,domestic_league,1160,415,Nîmes Olympique,FC Toulouse,1,0
2019-09-21,3199416,FR1,2019,domestic_league,417,2969,OGC Nice,Dijon FCO,2,1
2019-09-21,3201273,SC1,2019,domestic_league,1241,370,Livingston FC,Aberdeen FC,0,2
2019-09-21,3201274,SC1,2019,domestic_league,987,2759,Motherwell FC,Ross County FC,1,2
2019-09-21,3201276,SC1,2019,domestic_league,465,2999,St. Mirren FC,Hamilton Academical FC,0,0
2019-09-21,3203469,L1,2019,domestic_league,27,3,Bayern Munich,1.FC Köln,4,0
2019-09-21,3203470,L1,2019,domestic_league,15,89,Bayer 04 Leverkusen,1.FC Union Berlin,2,0
2019-09-21,3203474,L1,2019,domestic_league,86,23826,SV Werder Bremen,RB Leipzig,0,3
2019-09-21,3203475,L1,2019,domestic_league,44,127,Hertha BSC,SC Paderborn 07,2,1
2019-09-21,3203476,L1,2019,domestic_league,60,167,SC Freiburg,FC Augsburg,1,1
2019-09-21,3208670,ES1,2019,domestic_league,13,940,Atlético de Madrid,Celta de Vigo,0,0
2019-09-21,3208673,ES1,2019,domestic_league,16795,131,Granada CF,FC Barcelona,2,0
2019-09-21,3208674,ES1,2019,domestic_league,3368,1533,Levante UD,SD Eibar,0,0
2019-09-21,3208678,ES1,2019,domestic_league,1050,366,Villarreal CF,Real Valladolid CF,2,0
2019-09-21,3209365,GR1,2019,domestic_league,6676,3060,A.G.S Asteras Tripolis,APS Atromitos Athinon,2,1
2019-09-21,3209366,GR1,2019,domestic_league,60949,653,Volou Neos Podosferikos Syllogos,Omilos Filathlon Irakliou FC,1,0
2019-09-21,3209369,GR1,2019,domestic_league,6418,2441,Panetolikos Agrinio,Athlitiki Enosi Konstantinoupoleos,0,1
2019-09-21,3211423,PO1,2019,domestic_league,2457,2425,B SAD,Rio Ave FC,0,2
2019-09-21,3211426,PO1,2019,domestic_league,979,294,Moreirense FC,SL Benfica,1,2
2019-09-21,3216084,NL1,2019,domestic_league,468,235,Sparta Rotterdam,RKC Waalwijk,4,0
2019-09-21,3216085,NL1,2019,domestic_league,403,1426,Willem II Tilburg,VVV-Venlo,1,0
2019-09-21,3216086,NL1,2019,domestic_league,202,1269,FC Groningen,PEC Zwolle,2,0
2019-09-21,3216087,NL1,2019,domestic_league,499,385,Vitesse Arnhem,Fortuna Sittardia Combinatie,4,2
2019-09-21,3219072,GB1,2019,domestic_league,762,1237,Newcastle United,Brighton & Hove Albion,0,0
2019-09-21,3219075,GB1,2019,domestic_league,1003,148,Leicester City,Tottenham Hotspur,2,1
2019-09-21,3219410,GB1,2019,domestic_league,281,1010,Manchester City,Watford FC,8,0
2019-09-21,3219412,GB1,2019,domestic_league,1132,1123,Burnley FC,Norwich City,2,0
2019-09-21,3219417,GB1,2019,domestic_league,29,350,Everton FC,Sheffield United,0,2
2019-09-21,3223054,TR1,2019,domestic_league,36,868,Fenerbahce,MKE Ankaragücü,2,1
2019-09-21,3223056,TR1,2019,domestic_league,10484,589,Kasimpasa,Antalyaspor,3,0
2019-09-21,3223057,TR1,2019,domestic_league,3205,833,Kayserispor,Denizlispor,1,1
2019-09-21,3229199,IT1,2019,domestic_league,506,276,Juventus FC,Hellas Verona,2,1
2019-09-21,3229202,IT1,2019,domestic_league,5,46,AC Milan,Inter Milan,0,2
2019-09-21,3229205,IT1,2019,domestic_league,410,19,Udinese Calcio,Brescia Calcio,0,1
2019-09-21,3237943,BE1,2019,domestic_league,1184,2861,KRC Genk,KV Oostende,3,1
2019-09-21,3237946,BE1,2019,domestic_league,172,475,Royal Charleroi Sporting Club,Sint-Truidense VV,0,3
2019-09-21,3237947,BE1,2019,domestic_league,1096,520,Royal Antwerp FC,Cercle Brugge,3,1
2019-09-21,3237948,BE1,2019,domestic_league,28643,29228,SK Beveren,Royal Excel Mouscron (-2022),1,1
2019-09-21,3239020,UKR1,2019,domestic_league,10690,6993,Zorya Lugansk,FK Mariupol,0,0
2019-09-21,3239021,UKR1,2019,domestic_league,18105,23611,PFK Lviv,Olimpik Donetsk,0,1
2019-09-21,3252959,SFA,2019,domestic_cup,16253,3000,Broxburn Athletic FC,East Stirlingshire FC,3,2
2019-09-21,3252960,SFA,2019,domestic_cup,6400,23303,Buckie Thistle FC,Civil Service Strollers FC,4,1
2019-09-21,3252961,SFA,2019,domestic_cup,44914,23619,Caledonian Braves FC,Rothes FC,3,4
2019-09-21,3252962,SFA,2019,domestic_cup,49189,6324,Cumbernauld Colts FC,Penicuik Athletic FC,1,5
2019-09-21,3252963,SFA,2019,domestic_cup,10935,11379,Dalbeattie Star FC,Gala Fairydean Rovers FC,1,3
2019-09-21,3252966,SFA,2019,domestic_cup,23614,23336,Fort William FC,Vale of Leithen FC,5,0
2019-09-21,3252967,SFA,2019,domestic_cup,23616,20603,Fraserburgh FC,Bonnyrigg Rose FC,0,1
2019-09-21,3252969,SFA,2019,domestic_cup,10580,23337,Inverurie Loco Works FC,Wick Academy FC,3,2
2019-09-21,3252970,SFA,2019,domestic_cup,16266,23692,Keith FC,University of Stirling FC,2,3
2019-09-21,3252972,SFA,2019,domestic_cup,5751,3459,Nairn County FC,Clachnacuddin FC,0,0
2019-09-21,3252973,SFA,2019,domestic_cup,17602,4223,The Spartans FC,Deveronvale FC,1,1
2019-09-21,3252974,SFA,2019,domestic_cup,23620,23617,Strathspey Thistle FC,Lossiemouth FC,2,1
2019-09-21,3252975,SFA,2019,domestic_cup,23621,23613,Turriff United FC,Formartine United FC,1,5
2019-09-21,3252976,SFA,2019,domestic_cup,5660,3490,Linlithgow Rose FC,Huntly FC,1,0
2019-09-21,3256798,RU1,2019,domestic_league,3725,2696,RFK Akhmat Grozny,PFK Krylya Sovetov Samara,1,1
2019-09-21,3256799,RU1,2019,domestic_league,964,2698,AO FK Zenit Sankt-Peterburg,FC Rubin Kazan,5,0
2019-09-21,3256800,RU1,2019,domestic_league,41201,1083,PFK Tambov (-2021),FK Rostov,2,1
2019-09-22,3199409,FR1,2019,domestic_league,1041,583,Olympique Lyon,Paris Saint-Germain,0,1
2019-09-22,3199414,FR1,2019,domestic_league,1420,618,Angers SCO,AS Saint-Étienne,4,1
2019-09-22,3199415,FR1,2019,domestic_league,273,1082,Stade Rennais FC,LOSC Lille,1,1
2019-09-22,3201271,SC1,2019,domestic_league,371,2553,Celtic FC,Kilmarnock FC,3,1
2019-09-22,3201272,SC1,2019,domestic_league,903,43,Hibernian FC,Heart of Midlothian FC,1,2
2019-09-22,3201275,SC1,2019,domestic_league,2578,124,St. Johnstone FC,Rangers FC,0,4
2019-09-22,3203471,L1,2019,domestic_league,18,38,Borussia Mönchengladbach,Fortuna Düsseldorf,2,1
2019-09-22,3203473,L1,2019,domestic_league,24,16,Eintracht Frankfurt,Borussia Dortmund,2,2
2019-09-22,3208669,ES1,2019,domestic_league,621,1108,Athletic Bilbao,Deportivo Alavés,2,0
2019-09-22,3208671,ES1,2019,domestic_league,714,681,RCD Espanyol Barcelona,Real Sociedad,1,3
2019-09-22,3208672,ES1,2019,domestic_league,3709,237,Getafe CF,RCD Mallorca,4,2
2019-09-22,3208676,ES1,2019,domestic_league,368,418,Sevilla FC,Real Madrid,0,1
2019-09-22,3208677,ES1,2019,domestic_league,1049,1244,Valencia CF,CD Leganés,1,1
2019-09-22,3209364,GR1,2019,domestic_league,4603,128,Athlitiki Enosi Larisas,AO Xanthi,3,0
2019-09-22,3209367,GR1,2019,domestic_league,1091,605,Panthessalonikios Athlitikos Omilos Konstantinoupoliton,Aris Thessalonikis,2,2
2019-09-22,3209368,GR1,2019,domestic_league,265,683,Panathinaikos Athlitikos Omilos,Olympiakos Syndesmos Filathlon Peiraios,1,1
2019-09-22,3209370,GR1,2019,domestic_league,3999,169,PAS Lamia 1964,Panionios Athens,1,1
2019-09-22,3210338,DK1,2019,domestic_league,190,865,FC Copenhagen,FC Midtjylland,0,0
2019-09-22,3210341,DK1,2019,domestic_league,2778,1053,FC Nordsjaelland,Aalborg BK,2,1
2019-09-22,3210342,DK1,2019,domestic_league,5818,5817,Hobro IK,Sönderjyske Fodbold,1,1
2019-09-22,3210343,DK1,2019,domestic_league,3426,206,Esbjerg fB,Bröndby IF,3,1
2019-09-22,3210344,DK1,2019,domestic_league,1177,369,Silkeborg IF,Lyngby Boldklub,2,3
2019-09-22,3211421,PO1,2019,domestic_league,2424,2503,Gil Vicente FC,Boavista FC,0,0
2019-09-22,3211427,PO1,2019,domestic_league,720,2423,FC Porto,CD Santa Clara,2,0
2019-09-22,3211428,PO1,2019,domestic_league,7179,2420,CD Tondela,Vitória Guimarães SC,1,3
2019-09-22,3211429,PO1,2019,domestic_league,1085,7378,Vitória Setúbal FC,Portimonense SC,0,0
2019-09-22,3216088,NL1,2019,domestic_league,1268,1090,ADO Den Haag,AZ Alkmaar,0,1
2019-09-22,3216089,NL1,2019,domestic_league,383,610,PSV Eindhoven,Ajax Amsterdam,1,1
2019-09-22,3216090,NL1,2019,domestic_league,306,200,SC Heerenveen,FC Utrecht,1,1
2019-09-22,3216091,NL1,2019,domestic_league,1283,234,FC Emmen,Feyenoord Rotterdam,3,3
2019-09-22,3219071,GB1,2019,domestic_league,631,31,Chelsea FC,Liverpool FC,1,2
2019-09-22,3219073,GB1,2019,domestic_league,379,985,West Ham United,Manchester United,2,0
2019-09-22,3219074,GB1,2019,domestic_league,11,405,Arsenal FC,Aston Villa,3,2
2019-09-22,3219413,GB1,2019,domestic_league,873,543,Crystal Palace,Wolverhampton Wanderers,1,1
2019-09-22,3223050,TR1,2019,domestic_league,126,2832,Caykur Rizespor,Gaziantep FK,1,2
2019-09-22,3223053,TR1,2019,domestic_league,820,11282,Gençlerbirliği Spor Kulübü,Alanyaspor,1,1
2019-09-22,3223055,TR1,2019,domestic_league,19789,141,Yeni Malatyaspor,Galatasaray,1,1
2019-09-22,3229196,IT1,2019,domestic_league,800,430,Atalanta BC,ACF Fiorentina,2,2
2019-09-22,3229197,IT1,2019,domestic_league,1025,12,Bologna Football Club 1909,Associazione Sportiva Roma,1,2
2019-09-22,3229200,IT1,2019,domestic_league,398,130,Società Sportiva Lazio S.p.A.,Parma Calcio 1913,2,0
2019-09-22,3229201,IT1,2019,domestic_league,1005,6195,US Lecce,SSC Napoli,1,4
2019-09-22,3229203,IT1,2019,domestic_league,1038,416,UC Sampdoria,Torino FC,1,0
2019-09-22,3229204,IT1,2019,domestic_league,6574,2722,US Sassuolo,SPAL,3,0
2019-09-22,3237941,BE1,2019,domestic_league,2282,58,Club Brugge KV,RSC Anderlecht,2,1
2019-09-22,3237942,BE1,2019,domestic_league,3057,1245,Standard Liège,KAS Eupen,3,0
2019-09-22,3237945,BE1,2019,domestic_league,3508,157,Zulte Waregem,KAA Gent,2,2
2019-09-22,3239016,UKR1,2019,domestic_league,48332,18303,Kolos Kovalivka,FC Oleksandriya,1,1
2019-09-22,3239018,UKR1,2019,domestic_league,2740,338,Vorskla Poltava,Dynamo Kyiv,0,5
2019-09-22,3239019,UKR1,2019,domestic_league,16239,660,Desna Chernigiv,FC Shakhtar Donetsk,0,1
2019-09-22,3256801,RU1,2019,domestic_league,14589,932,FC Orenburg,"Футбольный клуб ""Локомотив"" Москва",2,3
2019-09-22,3256802,RU1,2019,domestic_league,121,41231,FK Dinamo Moskva,FK Sochi,2,3
2019-09-22,3256803,RU1,2019,domestic_league,3729,11127,Arsenal Tula,Ural Yekaterinburg,1,1
2019-09-22,3256804,RU1,2019,domestic_league,2410,16704,PFK CSKA Moskva,FK Krasnodar,3,2
2019-09-23,3203472,L1,2019,domestic_league,82,533,VfL Wolfsburg,TSG 1899 Hoffenheim,1,1
2019-09-23,3210339,DK1,2019,domestic_league,5724,2414,Randers FC,AC Horsens,2,1
2019-09-23,3211424,PO1,2019,domestic_league,1075,1301,SC Braga,CS Marítimo,2,2
2019-09-23,3211425,PO1,2019,domestic_league,336,3329,Sporting CP,FC Famalicão,1,2
2019-09-23,3223049,TR1,2019,domestic_league,2381,449,Sivasspor,Trabzonspor,2,1
2019-09-23,3223051,TR1,2019,domestic_league,114,6890,Beşiktaş Jimnastik Kulübü,Basaksehir FK,1,1
2019-09-24,3199417,FR1,2019,domestic_league,162,417,AS Monaco,OGC Nice,3,1
2019-09-24,3199423,FR1,2019,domestic_league,2969,244,Dijon FCO,Olympique Marseille,0,0
2019-09-24,3208679,ES1,2019,domestic_league,131,1050,FC Barcelona,Villarreal CF,2,1
2019-09-24,3208680,ES1,2019,domestic_league,150,3368,Real Betis Balompié,Levante UD,3,1
2019-09-24,3208688,ES1,2019,domestic_league,366,16795,Real Valladolid CF,Granada CF,1,1
2019-09-24,3229206,IT1,2019,domestic_league,19,506,Brescia Calcio,Juventus FC,1,2
2019-09-24,3229209,IT1,2019,domestic_league,276,410,Hellas Verona,Udinese Calcio,0,0
2019-09-24,3252842,NLP,2019,domestic_cup,7110,9933,Quick Boys,VV Katwijk,2,3
2019-09-24,3252845,NLP,2019,domestic_cup,10806,11495,VVOG Harderwijk,Ajax Amateurs,0,2
2019-09-24,3252846,NLP,2019,domestic_cup,19964,12285,GVVV Veenendaal,Kozakken Boys,2,1
2019-09-24,3252848,NLP,2019,domestic_cup,10790,12652,ASWH Ambacht,SV TEC Tiel,5,1
2019-09-24,3252850,NLP,2019,domestic_cup,6614,7408,SVV Scheveningen,Harkemase Boys,0,1
2019-09-24,3252853,NLP,2019,domestic_cup,33424,13642,ODIN '59 Heemskerk,BVV Barendrecht,4,3
2019-09-24,3252854,NLP,2019,domestic_cup,7474,9545,VV Noordwijk,Rijnsburgse Boys,1,3
2019-09-24,3252856,NLP,2019,domestic_cup,817,11312,Achilles Veen,HHC Hardenberg,13,12
2019-09-24,3260168,DKP,2019,domestic_cup,5918,173,Otterup B&IK,Odense Boldklub,0,2
2019-09-24,3261781,GRP,2019,domestic_cup,2079,2672,Veria NPS,APO Levadiakos Football Club,3,0
2019-09-24,3261782,GRP,2019,domestic_cup,553,1837,Ionikos Nikeas,Panachaiki GE,1,2
2019-09-24,3261783,GRP,2019,domestic_cup,3993,3706,AO Trikala,Doxa Dramas,1,0
2019-09-25,3199418,FR1,2019,domestic_league,3911,1041,Stade Brestois 29,Olympique Lyon,2,2
2019-09-25,3199419,FR1,2019,domestic_league,995,273,FC Nantes,Stade Rennais FC,1,0
2019-09-25,3199420,FR1,2019,domestic_league,583,1421,Paris Saint-Germain,Stade Reims,0,2
2019-09-25,3199421,FR1,2019,domestic_league,618,347,AS Saint-Étienne,FC Metz,0,1
2019-09-25,3199422,FR1,2019,domestic_league,969,1160,Montpellier HSC,Nîmes Olympique,1,0
2019-09-25,3199424,FR1,2019,domestic_league,415,1420,FC Toulouse,Angers SCO,0,2
2019-09-25,3199425,FR1,2019,domestic_league,1082,667,LOSC Lille,RC Strasbourg Alsace,2,0
2019-09-25,3199426,FR1,2019,domestic_league,1416,40,Amiens SC,FC Girondins Bordeaux,1,3
2019-09-25,3208683,ES1,2019,domestic_league,1244,621,CD Leganés,Athletic Bilbao,1,1
2019-09-25,3208684,ES1,2019,domestic_league,237,13,RCD Mallorca,Atlético de Madrid,0,2
2019-09-25,3208685,ES1,2019,domestic_league,418,331,Real Madrid,CA Osasuna,2,0
2019-09-25,3208687,ES1,2019,domestic_league,1049,3709,Valencia CF,Getafe CF,3,3
2019-09-25,3216058,NL1,2019,domestic_league,383,202,PSV Eindhoven,FC Groningen,3,1
2019-09-25,3216064,NL1,2019,domestic_league,610,385,Ajax Amsterdam,Fortuna Sittardia Combinatie,5,0
2019-09-25,3226495,UKR1,2019,domestic_league,6993,338,FK Mariupol,Dynamo Kyiv,0,1
2019-09-25,3229207,IT1,2019,domestic_league,430,1038,ACF Fiorentina,UC Sampdoria,2,1
2019-09-25,3229208,IT1,2019,domestic_league,252,1025,Genoa CFC,Bologna Football Club 1909,0,0
2019-09-25,3229210,IT1,2019,domestic_league,46,398,Inter Milan,Società Sportiva Lazio S.p.A.,1,0
2019-09-25,3229211,IT1,2019,domestic_league,6195,1390,SSC Napoli,Cagliari Calcio,0,1
2019-09-25,3229212,IT1,2019,domestic_league,130,6574,Parma Calcio 1913,US Sassuolo,1,0
2019-09-25,3229213,IT1,2019,domestic_league,12,800,Associazione Sportiva Roma,Atalanta BC,0,2
2019-09-25,3229214,IT1,2019,domestic_league,2722,1005,SPAL,US Lecce,1,3
2019-09-25,3251805,UKRP,2019,domestic_cup,13017,23611,Kremin Kremenchuk,Olimpik Donetsk,2,3
2019-09-25,3251806,UKRP,2019,domestic_cup,6422,6992,MFK Mykolaiv,Chornomorets Odesa,1,0
2019-09-25,3251807,UKRP,2019,domestic_cup,39097,29109,Obolon Kyiv,Girnyk-Sport Gorishni Plavni,0,2
2019-09-25,3251808,UKRP,2019,domestic_cup,61825,4482,FC Minaj,Volyn Lutsk,1,0
2019-09-25,3251809,UKRP,2019,domestic_cup,74868,49306,Alyans Lypova Dolyna,Balkany Zorya,1,0
2019-09-25,3251810,UKRP,2019,domestic_cup,21903,18105,Bukovyna Chernivtsi,PFK Lviv,0,2
2019-09-25,3251811,UKRP,2019,domestic_cup,49364,2477,Ingulets Petrove,Karpaty Lviv (-2021),7,6
2019-09-25,3251812,UKRP,2019,domestic_cup,74872,18303,Dinaz Vyshgorod,FC Oleksandriya,0,1
2019-09-25,3251814,UKRP,2019,domestic_cup,53629,60551,Agrobiznes Volochysk,SC Dnipro-1,1,3
2019-09-25,3252840,NLP,2019,domestic_cup,11075,43857,RKVV Westlandia,OFC Oostzaan,5,6
2019-09-25,3252841,NLP,2019,domestic_cup,10803,640,SV Spakenburg,SDO Bussum,2,0
2019-09-25,3252843,NLP,2019,domestic_cup,26488,36678,SV Oss '20,CVV de Jodan Boys,5,1
2019-09-25,3252844,NLP,2019,domestic_cup,28858,9663,VV Dongen,Excelsior '31 Rijssen,1,2
2019-09-25,3252847,NLP,2019,domestic_cup,37093,27088,VV Duno Doorwerth,HV & CV Quick,2,3
2019-09-25,3252849,NLP,2019,domestic_cup,8994,2815,EVV Echt,Flevo Boys Emmeloord,4,5
2019-09-25,3252851,NLP,2019,domestic_cup,46290,33429,Sportclub Silvolde (- 2023),VV Goes,2,3
2019-09-25,3252852,NLP,2019,domestic_cup,9547,46345,ADO '20 Heemskerk,Fortuna Wormerveer,0,2
2019-09-25,3252855,NLP,2019,domestic_cup,12451,10716,RKSV Groene Ster,VV Kloetinge,2,0
2019-09-25,3255918,POCP,2019,,294,2420,SL Benfica,Vitória Guimarães SC,0,0
2019-09-25,3255919,POCP,2019,,2424,7378,Gil Vicente FC,Portimonense SC,1,2
2019-09-25,3255922,POCP,2019,,720,2423,FC Porto,CD Santa Clara,1,0
2019-09-25,3258402,RUP,2019,domestic_cup,3690,3725,SKA Khabarovsk,RFK Akhmat Grozny,4,6
2019-09-25,3258403,RUP,2019,domestic_cup,4057,121,Luch Vladivostok,FK Dinamo Moskva,1,0
2019-09-25,3258404,RUP,2019,domestic_cup,3691,41201,Tom Tomsk,PFK Tambov (-2021),4,0
2019-09-25,3258405,RUP,2019,domestic_cup,3714,964,Enisey Krasnoyarsk,AO FK Zenit Sankt-Peterburg,1,2
2019-09-25,3258406,RUP,2019,domestic_cup,75506,2410,Alania Vladikavkaz,PFK CSKA Moskva,1,3
2019-09-25,3258407,RUP,2019,domestic_cup,36972,28095,Chaika Peschanokopskoe,FK Ufa,0,1
2019-09-25,3258408,RUP,2019,domestic_cup,2374,41231,Shinnik Yaroslavl,FK Sochi,5,4
2019-09-25,3258409,RUP,2019,domestic_cup,3243,232,KamAZ Naberezhnye Chelny,FK Spartak Moskva,1,2
2019-09-25,3258410,RUP,2019,domestic_cup,11126,1083,Mordovia Saransk (-2020),FK Rostov,0,2
2019-09-25,3258411,RUP,2019,domestic_cup,43502,14589,Chertanovo Moscow,FC Orenburg,0,2
2019-09-25,3258412,RUP,2019,domestic_cup,3719,2698,FC Khimki (-2025),FC Rubin Kazan,3,0
2019-09-25,3258413,RUP,2019,domestic_cup,49702,16704,FK Nizhny Novgorod,FK Krasnodar,1,0
2019-09-25,3258414,RUP,2019,domestic_cup,1124,3729,Fakel Voronezh,Arsenal Tula,1,2
2019-09-25,3258415,RUP,2019,domestic_cup,5287,11127,Chernomorets Novorossijsk,Ural Yekaterinburg,0,2
2019-09-25,3258416,RUP,2019,domestic_cup,1186,2696,Torpedo Moscow,PFK Krylya Sovetov Samara,2,0
2019-09-25,3258417,RUP,2019,domestic_cup,2741,932,FK Baltika,"Футбольный клуб ""Локомотив"" Москва",5,2
2019-09-25,3260169,DKP,2019,domestic_cup,5925,5776,Avarta,FC Fredericia,2,4
2019-09-25,3260170,DKP,2019,domestic_cup,49675,190,Hilleröd Fodbold,FC Copenhagen,3,5
2019-09-25,3260171,DKP,2019,domestic_cup,45057,1053,Vejgaard B,Aalborg BK,0,6
2019-09-25,3260172,DKP,2019,domestic_cup,22235,3426,Boldklubben Marienlyst,Esbjerg fB,2,5
2019-09-25,3260173,DKP,2019,domestic_cup,362,1063,Akademisk Boldklub,Viborg FF,3,1
2019-09-25,3260174,DKP,2019,domestic_cup,1894,5817,Hvidovre IF,Sönderjyske Fodbold,2,4
2019-09-25,3260175,DKP,2019,domestic_cup,23297,5733,HB Köge,Nyköbing FC,1,0
2019-09-25,3260176,DKP,2019,domestic_cup,5781,206,Skive IK,Bröndby IF,2,3
2019-09-25,3261779,GRP,2019,domestic_cup,71792,4602,APO Atalantis,Olympiakos Volou,2,3
2019-09-25,3261785,GRP,2019,domestic_cup,9,37772,Kalamata FC,AE Karaiskakis Artas,4,3
2019-09-25,3261786,GRP,2019,domestic_cup,3391,37276,Kavala FC,PAE Chania,2,0
2019-09-25,3261787,GRP,2019,domestic_cup,2984,5220,Egaleo FC,GS Ergotelis,0,2
2019-09-25,3263666,NLP,2019,domestic_cup,18586,6160,Blauw Geel '38 / Jumbo Veghel,De Treffers,0,1
2019-09-26,3208681,ES1,2019,domestic_league,940,714,Celta de Vigo,RCD Espanyol Barcelona,1,1
2019-09-26,3208682,ES1,2019,domestic_league,1533,368,SD Eibar,Sevilla FC,3,2
2019-09-26,3208686,ES1,2019,domestic_league,681,1108,Real Sociedad,Deportivo Alavés,3,0
2019-09-26,3216063,NL1,2019,domestic_league,234,1090,Feyenoord Rotterdam,AZ Alkmaar,0,3
2019-09-26,3229215,IT1,2019,domestic_league,416,5,Torino FC,AC Milan,2,1
2019-09-26,3255920,POCP,2019,,336,2425,Sporting CP,Rio Ave FC,1,2
2019-09-26,3260177,DKP,2019,domestic_cup,5842,678,VSK Aarhus,Aarhus GF,1,3
2019-09-26,3260178,DKP,2019,domestic_cup,1842,5724,FC Roskilde,Randers FC,1,2
2019-09-26,3260179,DKP,2019,domestic_cup,5716,865,BK Fremad Amager,FC Midtjylland,1,0
2019-09-26,3261788,GRP,2019,domestic_cup,48979,21957,Panthiraikos AO,AO Platanias,1,2
2019-09-27,3203486,L1,2019,domestic_league,89,24,1.FC Union Berlin,Eintracht Frankfurt,1,2
2019-09-27,3208701,ES1,2019,domestic_league,1050,150,Villarreal CF,Real Betis Balompié,5,1
2019-09-27,3210351,DK1,2019,domestic_league,369,5818,Lyngby Boldklub,Hobro IK,2,1
2019-09-27,3211434,PO1,2019,domestic_league,2503,7179,Boavista FC,CD Tondela,0,0
2019-09-27,3216092,NL1,2019,domestic_league,1283,1268,FC Emmen,ADO Den Haag,3,0
2019-09-27,3223058,TR1,2019,domestic_league,6890,126,Basaksehir FK,Caykur Rizespor,5,0
2019-09-27,3244640,UKR1,2019,domestic_league,660,2740,FC Shakhtar Donetsk,Vorskla Poltava,4,0
2019-09-28,3199427,FR1,2019,domestic_league,417,1082,OGC Nice,LOSC Lille,1,1
2019-09-28,3199428,FR1,2019,domestic_league,40,583,FC Girondins Bordeaux,Paris Saint-Germain,0,1
2019-09-28,3199429,FR1,2019,domestic_league,1420,1416,Angers SCO,Amiens SC,1,1
2019-09-28,3199430,FR1,2019,domestic_league,162,3911,AS Monaco,Stade Brestois 29,4,1
2019-09-28,3199431,FR1,2019,domestic_league,347,415,FC Metz,FC Toulouse,2,2
2019-09-28,3199432,FR1,2019,domestic_league,1041,995,Olympique Lyon,FC Nantes,0,1
2019-09-28,3199436,FR1,2019,domestic_league,1421,2969,Stade Reims,Dijon FCO,1,2
2019-09-28,3201277,SC1,2019,domestic_league,2999,1241,Hamilton Academical FC,Livingston FC,2,1
2019-09-28,3201278,SC1,2019,domestic_league,903,371,Hibernian FC,Celtic FC,1,1
2019-09-28,3201279,SC1,2019,domestic_league,2553,2759,Kilmarnock FC,Ross County FC,0,0
2019-09-28,3201280,SC1,2019,domestic_league,124,370,Rangers FC,Aberdeen FC,5,0
2019-09-28,3201281,SC1,2019,domestic_league,2578,987,St. Johnstone FC,Motherwell FC,0,1
2019-09-28,3201282,SC1,2019,domestic_league,465,43,St. Mirren FC,Heart of Midlothian FC,0,0
2019-09-28,3203478,L1,2019,domestic_league,16,86,Borussia Dortmund,SV Werder Bremen,2,2
2019-09-28,3203479,L1,2019,domestic_league,23826,33,RB Leipzig,FC Schalke 04,1,3
2019-09-28,3203480,L1,2019,domestic_league,533,18,TSG 1899 Hoffenheim,Borussia Mönchengladbach,0,3
2019-09-28,3203482,L1,2019,domestic_league,39,82,1.FSV Mainz 05,VfL Wolfsburg,0,1
2019-09-28,3203483,L1,2019,domestic_league,167,15,FC Augsburg,Bayer 04 Leverkusen,0,3
2019-09-28,3203485,L1,2019,domestic_league,127,27,SC Paderborn 07,Bayern Munich,2,3
2019-09-28,3208693,ES1,2019,domestic_league,621,1049,Athletic Bilbao,Valencia CF,0,1
2019-09-28,3208694,ES1,2019,domestic_league,13,418,Atlético de Madrid,Real Madrid,0,0
2019-09-28,3208697,ES1,2019,domestic_league,3709,131,Getafe CF,FC Barcelona,0,2
2019-09-28,3208698,ES1,2019,domestic_league,16795,1244,Granada CF,CD Leganés,1,0
2019-09-28,3209814,GR1,2019,domestic_league,605,4603,Aris Thessalonikis,Athlitiki Enosi Larisas,2,3
2019-09-28,3209815,GR1,2019,domestic_league,3060,6418,APS Atromitos Athinon,Panetolikos Agrinio,2,0
2019-09-28,3209817,GR1,2019,domestic_league,683,3999,Olympiakos Syndesmos Filathlon Peiraios,PAS Lamia 1964,2,0
2019-09-28,3210345,DK1,2019,domestic_league,190,1177,FC Copenhagen,Silkeborg IF,4,2
2019-09-28,3211431,PO1,2019,domestic_league,3329,2457,FC Famalicão,B SAD,3,1
2019-09-28,3211433,PO1,2019,domestic_league,294,1085,SL Benfica,Vitória Setúbal FC,1,0
2019-09-28,3211435,PO1,2019,domestic_league,1301,979,CS Marítimo,Moreirense FC,2,1
2019-09-28,3216095,NL1,2019,domestic_league,610,202,Ajax Amsterdam,FC Groningen,2,0
2019-09-28,3216096,NL1,2019,domestic_league,385,468,Fortuna Sittardia Combinatie,Sparta Rotterdam,0,0
2019-09-28,3216100,NL1,2019,domestic_league,1426,306,VVV-Venlo,SC Heerenveen,0,3
2019-09-28,3219069,GB1,2019,domestic_league,29,281,Everton FC,Manchester City,1,3
2019-09-28,3219070,GB1,2019,domestic_league,350,31,Sheffield United,Liverpool FC,0,1
2019-09-28,3219403,GB1,2019,domestic_league,543,1010,Wolverhampton Wanderers,Watford FC,2,0
2019-09-28,3219404,GB1,2019,domestic_league,148,180,Tottenham Hotspur,Southampton FC,2,1
2019-09-28,3219407,GB1,2019,domestic_league,631,1237,Chelsea FC,Brighton & Hove Albion,2,0
2019-09-28,3219408,GB1,2019,domestic_league,989,379,AFC Bournemouth,West Ham United,2,2
2019-09-28,3219409,GB1,2019,domestic_league,873,1123,Crystal Palace,Norwich City,2,0
2019-09-28,3219411,GB1,2019,domestic_league,405,1132,Aston Villa,Burnley FC,2,2
2019-09-28,3223062,TR1,2019,domestic_league,11282,2381,Alanyaspor,Sivasspor,1,1
2019-09-28,3223065,TR1,2019,domestic_league,833,10484,Denizlispor,Kasimpasa,0,1
2019-09-28,3223066,TR1,2019,domestic_league,141,36,Galatasaray,Fenerbahce,0,0
2019-09-28,3229217,IT1,2019,domestic_league,506,2722,Juventus FC,SPAL,2,0
2019-09-28,3229223,IT1,2019,domestic_league,1038,46,UC Sampdoria,Inter Milan,1,3
2019-09-28,3229224,IT1,2019,domestic_league,6574,800,US Sassuolo,Atalanta BC,1,4
2019-09-28,3237981,BE1,2019,domestic_league,157,601,KAA Gent,KV Kortrijk,2,0
2019-09-28,3237982,BE1,2019,domestic_league,29228,3508,Royal Excel Mouscron (-2022),Zulte Waregem,2,2
2019-09-28,3237984,BE1,2019,domestic_league,520,1245,Cercle Brugge,KAS Eupen,1,2
2019-09-28,3237985,BE1,2019,domestic_league,354,2282,KV Mechelen,Club Brugge KV,0,5
2019-09-28,3237986,BE1,2019,domestic_league,475,1184,Sint-Truidense VV,KRC Genk,3,3
2019-09-28,3244642,UKR1,2019,domestic_league,2477,48332,Karpaty Lviv (-2021),Kolos Kovalivka,1,2
2019-09-28,3244643,UKR1,2019,domestic_league,18303,18105,FC Oleksandriya,PFK Lviv,2,0
2019-09-28,3256805,RU1,2019,domestic_league,2696,41201,PFK Krylya Sovetov Samara,PFK Tambov (-2021),2,0
2019-09-28,3256806,RU1,2019,domestic_league,1083,121,FK Rostov,FK Dinamo Moskva,3,0
2019-09-28,3256807,RU1,2019,domestic_league,932,964,"Футбольный клуб ""Локомотив"" Москва",AO FK Zenit Sankt-Peterburg,1,0
2019-09-28,3262445,SFA,2019,domestic_cup,3459,5751,Clachnacuddin FC,Nairn County FC,2,1
2019-09-29,3199433,FR1,2019,domestic_league,667,969,RC Strasbourg Alsace,Montpellier HSC,1,0
2019-09-29,3199434,FR1,2019,domestic_league,244,273,Olympique Marseille,Stade Rennais FC,1,1
2019-09-29,3199435,FR1,2019,domestic_league,1160,618,Nîmes Olympique,AS Saint-Étienne,0,1
2019-09-29,3203481,L1,2019,domestic_league,38,60,Fortuna Düsseldorf,SC Freiburg,1,2
2019-09-29,3203484,L1,2019,domestic_league,3,44,1.FC Köln,Hertha BSC,0,4
2019-09-29,3208692,ES1,2019,domestic_league,1108,237,Deportivo Alavés,RCD Mallorca,2,0
2019-09-29,3208695,ES1,2019,domestic_league,1533,940,SD Eibar,Celta de Vigo,2,0
2019-09-29,3208696,ES1,2019,domestic_league,714,366,RCD Espanyol Barcelona,Real Valladolid CF,0,2
2019-09-29,3208699,ES1,2019,domestic_league,3368,331,Levante UD,CA Osasuna,1,1
2019-09-29,3208700,ES1,2019,domestic_league,368,681,Sevilla FC,Real Sociedad,3,2
2019-09-29,3209812,GR1,2019,domestic_league,2441,1091,Athlitiki Enosi Konstantinoupoleos,Panthessalonikios Athlitikos Omilos Konstantinoupoliton,2,2
2019-09-29,3209813,GR1,2019,domestic_league,128,60949,AO Xanthi,Volou Neos Podosferikos Syllogos,3,1
2019-09-29,3209816,GR1,2019,domestic_league,653,6676,Omilos Filathlon Irakliou FC,A.G.S Asteras Tripolis,3,1
2019-09-29,3209818,GR1,2019,domestic_league,169,265,Panionios Athens,Panathinaikos Athlitikos Omilos,0,1
2019-09-29,3210346,DK1,2019,domestic_league,5817,206,Sönderjyske Fodbold,Bröndby IF,2,1
2019-09-29,3210347,DK1,2019,domestic_league,865,173,FC Midtjylland,Odense Boldklub,0,1
2019-09-29,3210348,DK1,2019,domestic_league,1053,5724,Aalborg BK,Randers FC,0,3
2019-09-29,3210350,DK1,2019,domestic_league,678,2778,Aarhus GF,FC Nordsjaelland,3,1
2019-09-29,3211430,PO1,2019,domestic_league,2423,2424,CD Santa Clara,Gil Vicente FC,1,0
2019-09-29,3211436,PO1,2019,domestic_league,2420,2995,Vitória Guimarães SC,FC Paços de Ferreira,1,0
2019-09-29,3211437,PO1,2019,domestic_league,7378,1075,Portimonense SC,SC Braga,0,1
2019-09-29,3211438,PO1,2019,domestic_league,2425,720,Rio Ave FC,FC Porto,0,1
2019-09-29,3216093,NL1,2019,domestic_league,1090,1304,AZ Alkmaar,Heracles Almelo,2,0
2019-09-29,3216094,NL1,2019,domestic_league,1269,383,PEC Zwolle,PSV Eindhoven,0,4
2019-09-29,3216097,NL1,2019,domestic_league,234,317,Feyenoord Rotterdam,FC Twente Enschede,5,1
2019-09-29,3216098,NL1,2019,domestic_league,235,499,RKC Waalwijk,Vitesse Arnhem,1,2
2019-09-29,3216099,NL1,2019,domestic_league,200,403,FC Utrecht,Willem II Tilburg,2,0
2019-09-29,3219067,GB1,2019,domestic_league,1003,762,Leicester City,Newcastle United,5,0
2019-09-29,3223060,TR1,2019,domestic_league,589,19789,Antalyaspor,Yeni Malatyaspor,3,0
2019-09-29,3223061,TR1,2019,domestic_league,868,820,MKE Ankaragücü,Gençlerbirliği Spor Kulübü,2,1
2019-09-29,3223063,TR1,2019,domestic_league,449,114,Trabzonspor,Beşiktaş Jimnastik Kulübü,4,1
2019-09-29,3223064,TR1,2019,domestic_league,2293,3205,Konyaspor,Kayserispor,2,1
2019-09-29,3229216,IT1,2019,domestic_league,1390,276,Cagliari Calcio,Hellas Verona,1,1
2019-09-29,3229218,IT1,2019,domestic_league,398,252,Società Sportiva Lazio S.p.A.,Genoa CFC,4,0
2019-09-29,3229219,IT1,2019,domestic_league,1005,12,US Lecce,Associazione Sportiva Roma,0,1
2019-09-29,3229220,IT1,2019,domestic_league,5,430,AC Milan,ACF Fiorentina,1,3
2019-09-29,3229221,IT1,2019,domestic_league,6195,19,SSC Napoli,Brescia Calcio,2,1
2019-09-29,3229225,IT1,2019,domestic_league,410,1025,Udinese Calcio,Bologna Football Club 1909,1,0
2019-09-29,3237979,BE1,2019,domestic_league,58,28643,RSC Anderlecht,SK Beveren,0,0
2019-09-29,3237980,BE1,2019,domestic_league,3057,172,Standard Liège,Royal Charleroi Sporting Club,1,1
2019-09-29,3237983,BE1,2019,domestic_league,2861,1096,KV Oostende,Royal Antwerp FC,1,1
2019-09-29,3244638,UKR1,2019,domestic_league,23611,10690,Olimpik Donetsk,Zorya Lugansk,0,5
2019-09-29,3244639,UKR1,2019,domestic_league,6993,16239,FK Mariupol,Desna Chernigiv,0,4
2019-09-29,3244641,UKR1,2019,domestic_league,338,60551,Dynamo Kyiv,SC Dnipro-1,2,0
2019-09-29,3256808,RU1,2019,domestic_league,11127,2410,Ural Yekaterinburg,PFK CSKA Moskva,0,3
2019-09-29,3256809,RU1,2019,domestic_league,2698,28095,FC Rubin Kazan,FK Ufa,0,0
2019-09-29,3256810,RU1,2019,domestic_league,232,14589,FK Spartak Moskva,FC Orenburg,1,2
2019-09-29,3256811,RU1,2019,domestic_league,16704,3729,FK Krasnodar,Arsenal Tula,2,0
2019-09-30,3210349,DK1,2019,domestic_league,2414,3426,AC Horsens,Esbjerg fB,1,1
2019-09-30,3211432,PO1,2019,domestic_league,3336,336,Desportivo Aves (- 2020),Sporting CP,0,1
2019-09-30,3219068,GB1,2019,domestic_league,985,11,Manchester United,Arsenal FC,1,1
2019-09-30,3223059,TR1,2019,domestic_league,2832,1467,Gaziantep FK,Göztepe,1,1
2019-09-30,3229222,IT1,2019,domestic_league,130,416,Parma Calcio 1913,Torino FC,3,2
2019-09-30,3256812,RU1,2019,domestic_league,41231,3725,FK Sochi,RFK Akhmat Grozny,2,0
2019-09-30,3262446,SFA,2019,domestic_cup,4223,17602,Deveronvale FC,The Spartans FC,1,2
2019-10-01,3252162,CL,2019,international_cup,418,2282,Real Madrid,Club Brugge KV,2,2
2019-10-01,3252163,CL,2019,international_cup,141,583,Galatasaray,Paris Saint-Germain,0,1
2019-10-01,3252164,CL,2019,international_cup,159,683,Red Star Belgrade,Olympiakos Syndesmos Filathlon Peiraios,3,1
2019-10-01,3252165,CL,2019,international_cup,148,27,Tottenham Hotspur,Bayern Munich,2,7
2019-10-01,3252166,CL,2019,international_cup,800,660,Atalanta BC,FC Shakhtar Donetsk,1,2
2019-10-01,3252167,CL,2019,international_cup,281,419,Manchester City,GNK Dinamo Zagreb,2,0
2019-10-01,3252168,CL,2019,international_cup,506,15,Juventus FC,Bayer 04 Leverkusen,3,0
2019-10-01,3252169,CL,2019,international_cup,932,13,"Футбольный клуб ""Локомотив"" Москва",Atlético de Madrid,0,2
2019-10-01,3260180,DKP,2019,domestic_cup,20979,16173,Viby IF,Vanlöse IF,1,0
2019-10-02,3251813,UKRP,2019,domestic_cup,48726,6993,Rukh Lviv,FK Mariupol,0,1
2019-10-02,3252170,CL,2019,international_cup,1184,6195,KRC Genk,SSC Napoli,0,0
2019-10-02,3252171,CL,2019,international_cup,31,409,Liverpool FC,Fußballclub Red Bull Salzburg,4,3
2019-10-02,3252172,CL,2019,international_cup,62,16,SK Slavia Prague,Borussia Dortmund,0,2
2019-10-02,3252173,CL,2019,international_cup,131,46,FC Barcelona,Inter Milan,2,1
2019-10-02,3252174,CL,2019,international_cup,23826,1041,RB Leipzig,Olympique Lyon,0,2
2019-10-02,3252175,CL,2019,international_cup,964,294,AO FK Zenit Sankt-Peterburg,SL Benfica,3,1
2019-10-02,3252176,CL,2019,international_cup,1082,631,LOSC Lille,Chelsea FC,1,2
2019-10-02,3252177,CL,2019,international_cup,1049,610,Valencia CF,Ajax Amsterdam,0,3
2019-10-02,3260181,DKP,2019,domestic_cup,3732,1177,Hellerup IK,Silkeborg IF,0,1
2019-10-02,3261319,GRP,2019,domestic_cup,7977,3998,Eolikos Mytilinis,PAS Korinthos,2,0
2019-10-02,3261784,GRP,2019,domestic_cup,4608,5219,GAS Ialysos 1948,AOK Kerkyra,1,0
2019-10-02,3261789,GRP,2019,domestic_cup,50406,8699,Aetos Orfanou,Apollon Larisas,0,1
2019-10-02,3264254,GRP,2019,domestic_cup,8303,2671,Enosi Aspropyrgou,PAS Giannina,0,2
2019-10-03,3252438,EL,2019,other,368,2784,Sevilla FC,APOEL Nicosia,1,0
2019-10-03,3252439,EL,2019,other,853,10625,F91 Dudelange,Qarabağ FK,1,4
2019-10-03,3252440,EL,2019,other,496,190,Malmö Fotbollförening,FC Copenhagen,1,1
2019-10-03,3252441,EL,2019,other,2790,338,FC Lugano,Dynamo Kyiv,0,0
2019-10-03,3252442,EL,2019,other,16704,3709,FK Krasnodar,Getafe CF,1,2
2019-10-03,3252443,EL,2019,other,449,26,Trabzonspor,FC Basel 1893,2,2
2019-10-03,3252444,EL,2019,other,336,413,Sporting CP,LASK,2,1
2019-10-03,3252445,EL,2019,other,195,383,Rosenborg Ballklub,PSV Eindhoven,1,4
2019-10-03,3252446,EL,2019,other,398,273,Società Sportiva Lazio S.p.A.,Stade Rennais FC,2,1
2019-10-03,3252447,EL,2019,other,371,7769,Celtic FC,CFR Cluj,2,0
2019-10-03,3252448,EL,2019,other,11,3057,Arsenal FC,Standard Liège,4,0
2019-10-03,3252449,EL,2019,other,2420,24,Vitória Guimarães SC,Eintracht Frankfurt,0,1
2019-10-03,3252450,EL,2019,other,452,124,BSC Young Boys,Rangers FC,2,1
2019-10-03,3252451,EL,2019,other,234,720,Feyenoord Rotterdam,FC Porto,2,0
2019-10-03,3252452,EL,2019,other,2410,714,PFK CSKA Moskva,RCD Espanyol Barcelona,0,2
2019-10-03,3252453,EL,2019,other,279,31614,Ferencvárosi TC,Ludogorets Razgrad,0,3
2019-10-03,3252454,EL,2019,other,618,82,AS Saint-Étienne,VfL Wolfsburg,1,1
2019-10-03,3252455,EL,2019,other,18303,157,FC Oleksandriya,KAA Gent,1,1
2019-10-03,3252456,EL,2019,other,6890,18,Basaksehir FK,Borussia Mönchengladbach,1,1
2019-10-03,3252457,EL,2019,other,4441,12,Wolfsberger AC,Associazione Sportiva Roma,1,1
2019-10-03,3252458,EL,2019,other,114,543,Beşiktaş Jimnastik Kulübü,Wolverhampton Wanderers,0,1
2019-10-03,3252459,EL,2019,other,1075,540,SC Braga,Slovan Bratislava,2,2
2019-10-03,3252460,EL,2019,other,22220,669,FC Astana,FK Partizan Belgrade,1,2
2019-10-03,3252461,EL,2019,other,1090,985,AZ Alkmaar,Manchester United,0,0
2019-10-03,3260182,DKP,2019,domestic_cup,9023,2414,Thisted FC,AC Horsens,1,2
2019-10-04,3199439,FR1,2019,domestic_league,1416,244,Amiens SC,Olympique Marseille,3,1
2019-10-04,3203492,L1,2019,domestic_league,44,38,Hertha BSC,Fortuna Düsseldorf,3,1
2019-10-04,3208704,ES1,2019,domestic_league,150,1533,Real Betis Balompié,SD Eibar,1,1
2019-10-04,3210355,DK1,2019,domestic_league,2778,369,FC Nordsjaelland,Lyngby Boldklub,1,1
2019-10-04,3216101,NL1,2019,domestic_league,202,235,FC Groningen,RKC Waalwijk,3,0
2019-10-04,3223068,TR1,2019,domestic_league,19789,833,Yeni Malatyaspor,Denizlispor,5,1
2019-10-04,3223071,TR1,2019,domestic_league,36,589,Fenerbahce,Antalyaspor,0,1
2019-10-04,3237992,BE1,2019,domestic_league,172,58,Royal Charleroi Sporting Club,RSC Anderlecht,1,2
2019-10-04,3255929,POCP,2019,,3325,2423,GD Chaves,CD Santa Clara,1,0
2019-10-05,3199438,FR1,2019,domestic_league,2969,667,Dijon FCO,RC Strasbourg Alsace,1,0
2019-10-05,3199440,FR1,2019,domestic_league,969,162,Montpellier HSC,AS Monaco,3,1
2019-10-05,3199442,FR1,2019,domestic_league,583,1420,Paris Saint-Germain,Angers SCO,4,0
2019-10-05,3199443,FR1,2019,domestic_league,415,40,FC Toulouse,FC Girondins Bordeaux,1,3
2019-10-05,3199444,FR1,2019,domestic_league,3911,347,Stade Brestois 29,FC Metz,2,0
2019-10-05,3199446,FR1,2019,domestic_league,995,417,FC Nantes,OGC Nice,1,0
2019-10-05,3201283,SC1,2019,domestic_league,370,903,Aberdeen FC,Hibernian FC,1,1
2019-10-05,3201284,SC1,2019,domestic_league,43,2553,Heart of Midlothian FC,Kilmarnock FC,0,1
2019-10-05,3201286,SC1,2019,domestic_league,987,465,Motherwell FC,St. Mirren FC,2,0
2019-10-05,3201288,SC1,2019,domestic_league,2759,2578,Ross County FC,St. Johnstone FC,2,2
2019-10-05,3203487,L1,2019,domestic_league,27,533,Bayern Munich,TSG 1899 Hoffenheim,1,2
2019-10-05,3203488,L1,2019,domestic_league,15,23826,Bayer 04 Leverkusen,RB Leipzig,1,1
2019-10-05,3203493,L1,2019,domestic_league,60,16,SC Freiburg,Borussia Dortmund,2,2
2019-10-05,3203494,L1,2019,domestic_league,33,3,FC Schalke 04,1.FC Köln,1,1
2019-10-05,3203495,L1,2019,domestic_league,127,39,SC Paderborn 07,1.FSV Mainz 05,1,2
2019-10-05,3208706,ES1,2019,domestic_league,1244,3368,CD Leganés,Levante UD,1,2
2019-10-05,3208708,ES1,2019,domestic_league,331,1050,CA Osasuna,Villarreal CF,2,1
2019-10-05,3208709,ES1,2019,domestic_league,418,16795,Real Madrid,Granada CF,4,2
2019-10-05,3208711,ES1,2019,domestic_league,1049,1108,Valencia CF,Deportivo Alavés,2,1
2019-10-05,3209819,GR1,2019,domestic_league,4603,2441,Athlitiki Enosi Larisas,Athlitiki Enosi Konstantinoupoleos,0,0
2019-10-05,3209824,GR1,2019,domestic_league,265,128,Panathinaikos Athlitikos Omilos,AO Xanthi,0,1
2019-10-05,3210356,DK1,2019,domestic_league,5818,1053,Hobro IK,Aalborg BK,0,2
2019-10-05,3211457,PO1,2019,domestic_league,3336,7179,Desportivo Aves (- 2020),CD Tondela,0,1
2019-10-05,3216102,NL1,2019,domestic_league,1304,1283,Heracles Almelo,FC Emmen,2,0
2019-10-05,3216103,NL1,2019,domestic_league,468,317,Sparta Rotterdam,FC Twente Enschede,2,1
2019-10-05,3216105,NL1,2019,domestic_league,306,1269,SC Heerenveen,PEC Zwolle,1,0
2019-10-05,3216108,NL1,2019,domestic_league,499,200,Vitesse Arnhem,FC Utrecht,2,1
2019-10-05,3219390,GB1,2019,domestic_league,1010,350,Watford FC,Sheffield United,0,0
2019-10-05,3219394,GB1,2019,domestic_league,379,873,West Ham United,Crystal Palace,1,2
2019-10-05,3219397,GB1,2019,domestic_league,1123,405,Norwich City,Aston Villa,1,5
2019-10-05,3219402,GB1,2019,domestic_league,1237,148,Brighton & Hove Albion,Tottenham Hotspur,3,0
2019-10-05,3219405,GB1,2019,domestic_league,31,1003,Liverpool FC,Leicester City,2,1
2019-10-05,3219406,GB1,2019,domestic_league,1132,29,Burnley FC,Everton FC,1,0
2019-10-05,3223070,TR1,2019,domestic_league,820,141,Gençlerbirliği Spor Kulübü,Galatasaray,0,0
2019-10-05,3223072,TR1,2019,domestic_league,10484,2293,Kasimpasa,Konyaspor,1,4
2019-10-05,3223075,TR1,2019,domestic_league,1467,3205,Göztepe,Kayserispor,4,0
2019-10-05,3229230,IT1,2019,domestic_league,252,5,Genoa CFC,AC Milan,1,2
2019-10-05,3229231,IT1,2019,domestic_league,276,1038,Hellas Verona,UC Sampdoria,2,0
2019-10-05,3229234,IT1,2019,domestic_league,2722,130,SPAL,Parma Calcio 1913,1,0
2019-10-05,3237989,BE1,2019,domestic_league,601,475,KV Kortrijk,Sint-Truidense VV,4,0
2019-10-05,3237990,BE1,2019,domestic_league,1245,354,KAS Eupen,KV Mechelen,0,2
2019-10-05,3237991,BE1,2019,domestic_league,3508,520,Zulte Waregem,Cercle Brugge,6,0
2019-10-05,3237994,BE1,2019,domestic_league,28643,2861,SK Beveren,KV Oostende,3,1
2019-10-05,3244647,UKR1,2019,domestic_league,2740,6993,Vorskla Poltava,FK Mariupol,1,1
2019-10-05,3244648,UKR1,2019,domestic_league,16239,23611,Desna Chernigiv,Olimpik Donetsk,1,0
2019-10-05,3244649,UKR1,2019,domestic_league,18105,10690,PFK Lviv,Zorya Lugansk,0,0
2019-10-05,3255917,POCP,2019,,10140,1085,SC Covilhã,Vitória Setúbal FC,1,1
2019-10-05,3255923,POCP,2019,,2995,1301,FC Paços de Ferreira,CS Marítimo,1,1
2019-10-05,3255927,POCP,2019,,7378,2425,Portimonense SC,Rio Ave FC,1,1
2019-10-05,3264423,RU1,2019,domestic_league,28095,3725,FK Ufa,RFK Akhmat Grozny,0,1
2019-10-05,3264424,RU1,2019,domestic_league,14589,121,FC Orenburg,FK Dinamo Moskva,2,0
2019-10-05,3264425,RU1,2019,domestic_league,2698,41201,FC Rubin Kazan,PFK Tambov (-2021),2,1
2019-10-05,3264426,RU1,2019,domestic_league,41231,2696,FK Sochi,PFK Krylya Sovetov Samara,0,2
2019-10-06,3199437,FR1,2019,domestic_league,273,1421,Stade Rennais FC,Stade Reims,0,1
2019-10-06,3199441,FR1,2019,domestic_league,1082,1160,LOSC Lille,Nîmes Olympique,2,2
2019-10-06,3199445,FR1,2019,domestic_league,618,1041,AS Saint-Étienne,Olympique Lyon,1,0
2019-10-06,3201285,SC1,2019,domestic_league,1241,371,Livingston FC,Celtic FC,2,0
2019-10-06,3201287,SC1,2019,domestic_league,124,2999,Rangers FC,Hamilton Academical FC,5,0
2019-10-06,3203489,L1,2019,domestic_league,18,167,Borussia Mönchengladbach,FC Augsburg,5,1
2019-10-06,3203490,L1,2019,domestic_league,82,89,VfL Wolfsburg,1.FC Union Berlin,1,0
2019-10-06,3203491,L1,2019,domestic_league,24,86,Eintracht Frankfurt,SV Werder Bremen,2,2
2019-10-06,3208703,ES1,2019,domestic_league,131,368,FC Barcelona,Sevilla FC,4,0
2019-10-06,3208705,ES1,2019,domestic_league,940,621,Celta de Vigo,Athletic Bilbao,1,0
2019-10-06,3208707,ES1,2019,domestic_league,237,714,RCD Mallorca,RCD Espanyol Barcelona,2,0
2019-10-06,3208710,ES1,2019,domestic_league,681,3709,Real Sociedad,Getafe CF,1,2
2019-10-06,3208712,ES1,2019,domestic_league,366,13,Real Valladolid CF,Atlético de Madrid,0,0
2019-10-06,3209820,GR1,2019,domestic_league,605,683,Aris Thessalonikis,Olympiakos Syndesmos Filathlon Peiraios,1,2
2019-10-06,3209821,GR1,2019,domestic_league,6676,1091,A.G.S Asteras Tripolis,Panthessalonikios Athlitikos Omilos Konstantinoupoliton,1,2
2019-10-06,3209822,GR1,2019,domestic_league,60949,3060,Volou Neos Podosferikos Syllogos,APS Atromitos Athinon,2,3
2019-10-06,3209823,GR1,2019,domestic_league,653,169,Omilos Filathlon Irakliou FC,Panionios Athens,4,1
2019-10-06,3210352,DK1,2019,domestic_league,206,190,Bröndby IF,FC Copenhagen,3,1
2019-10-06,3210353,DK1,2019,domestic_league,5724,678,Randers FC,Aarhus GF,2,0
2019-10-06,3210354,DK1,2019,domestic_league,173,2414,Odense Boldklub,AC Horsens,3,0
2019-10-06,3210357,DK1,2019,domestic_league,3426,5817,Esbjerg fB,Sönderjyske Fodbold,1,2
2019-10-06,3210358,DK1,2019,domestic_league,1177,865,Silkeborg IF,FC Midtjylland,1,2
2019-10-06,3216104,NL1,2019,domestic_league,383,1426,PSV Eindhoven,VVV-Venlo,4,1
2019-10-06,3216106,NL1,2019,domestic_league,1268,610,ADO Den Haag,Ajax Amsterdam,0,2
2019-10-06,3216107,NL1,2019,domestic_league,385,234,Fortuna Sittardia Combinatie,Feyenoord Rotterdam,4,2
2019-10-06,3216109,NL1,2019,domestic_league,403,1090,Willem II Tilburg,AZ Alkmaar,1,1
2019-10-06,3219066,GB1,2019,domestic_league,762,985,Newcastle United,Manchester United,1,0
2019-10-06,3219399,GB1,2019,domestic_league,180,631,Southampton FC,Chelsea FC,1,4
2019-10-06,3219400,GB1,2019,domestic_league,11,989,Arsenal FC,AFC Bournemouth,1,0
2019-10-06,3219401,GB1,2019,domestic_league,281,543,Manchester City,Wolverhampton Wanderers,0,2
2019-10-06,3223067,TR1,2019,domestic_league,2381,868,Sivasspor,MKE Ankaragücü,3,1
2019-10-06,3223069,TR1,2019,domestic_league,2832,6890,Gaziantep FK,Basaksehir FK,1,2
2019-10-06,3223073,TR1,2019,domestic_league,126,449,Caykur Rizespor,Trabzonspor,1,2
2019-10-06,3223074,TR1,2019,domestic_league,114,11282,Beşiktaş Jimnastik Kulübü,Alanyaspor,2,0
2019-10-06,3229226,IT1,2019,domestic_league,800,1005,Atalanta BC,US Lecce,3,1
2019-10-06,3229227,IT1,2019,domestic_league,1025,398,Bologna Football Club 1909,Società Sportiva Lazio S.p.A.,2,2
2019-10-06,3229229,IT1,2019,domestic_league,430,410,ACF Fiorentina,Udinese Calcio,1,0
2019-10-06,3229232,IT1,2019,domestic_league,46,506,Inter Milan,Juventus FC,1,2
2019-10-06,3229233,IT1,2019,domestic_league,12,1390,Associazione Sportiva Roma,Cagliari Calcio,1,1
2019-10-06,3229235,IT1,2019,domestic_league,416,6195,Torino FC,SSC Napoli,0,0
2019-10-06,3237987,BE1,2019,domestic_league,2282,157,Club Brugge KV,KAA Gent,4,0
2019-10-06,3237988,BE1,2019,domestic_league,1184,29228,KRC Genk,Royal Excel Mouscron (-2022),2,1
2019-10-06,3237993,BE1,2019,domestic_league,1096,3057,Royal Antwerp FC,Standard Liège,2,2
2019-10-06,3244644,UKR1,2019,domestic_league,18303,2477,FC Oleksandriya,Karpaty Lviv (-2021),2,1
2019-10-06,3244645,UKR1,2019,domestic_league,48332,338,Kolos Kovalivka,Dynamo Kyiv,0,4
2019-10-06,3244646,UKR1,2019,domestic_league,60551,660,SC Dnipro-1,FC Shakhtar Donetsk,0,2
2019-10-06,3264427,RU1,2019,domestic_league,11127,964,Ural Yekaterinburg,AO FK Zenit Sankt-Peterburg,1,3
2019-10-06,3264428,RU1,2019,domestic_league,932,3729,"Футбольный клуб ""Локомотив"" Москва",Arsenal Tula,2,1
2019-10-06,3264429,RU1,2019,domestic_league,2410,1083,PFK CSKA Moskva,FK Rostov,1,3
2019-10-06,3264430,RU1,2019,domestic_league,16704,232,FK Krasnodar,FK Spartak Moskva,2,1
2019-10-07,3209825,GR1,2019,domestic_league,3999,6418,PAS Lamia 1964,Panetolikos Agrinio,0,0
2019-10-07,3255924,POCP,2019,,3327,1075,FC Penafiel,SC Braga,1,3
2019-10-09,3260183,DKP,2019,domestic_cup,19657,2778,Vendsyssel FF,FC Nordsjaelland,0,2
2019-10-09,3264255,GRP,2019,domestic_cup,4602,3392,Olympiakos Volou,Apollon Pontou,1,0
2019-10-11,3266292,DKP,2019,domestic_cup,5776,1177,FC Fredericia,Silkeborg IF,3,4
2019-10-13,3255915,POCP,2019,,3327,2995,FC Penafiel,FC Paços de Ferreira,1,2
2019-10-13,3255916,POCP,2019,,1075,1301,SC Braga,CS Marítimo,2,1
2019-10-16,3265765,GRP,2019,domestic_cup,7977,5572,Eolikos Mytilinis,Niki Volou,1,0
2019-10-18,3199451,FR1,2019,domestic_league,417,583,OGC Nice,Paris Saint-Germain,1,4
2019-10-18,3203498,L1,2019,domestic_league,24,15,Eintracht Frankfurt,Bayer 04 Leverkusen,3,0
2019-10-18,3208719,ES1,2019,domestic_league,16795,331,Granada CF,CA Osasuna,1,0
2019-10-18,3210362,DK1,2019,domestic_league,1053,173,Aalborg BK,Odense Boldklub,1,0
2019-10-18,3223084,TR1,2019,domestic_league,141,2381,Galatasaray,Sivasspor,3,2
2019-10-18,3244653,UKR1,2019,domestic_league,660,48332,FC Shakhtar Donetsk,Kolos Kovalivka,6,0
2019-10-18,3264940,RU1,2019,domestic_league,3725,932,RFK Akhmat Grozny,"Футбольный клуб ""Локомотив"" Москва",0,2
2019-10-18,3265535,SFA,2019,domestic_cup,6567,8933,Auchinleck Talbot FC,Cove Rangers FC,1,0
2019-10-18,3265538,SFA,2019,domestic_cup,20603,6400,Bonnyrigg Rose FC,Buckie Thistle FC,2,0
2019-10-18,3265541,SFA,2019,domestic_cup,12886,25442,Edinburgh City FC,Banks O' Dee FC,3,1
2019-10-18,3266501,BE1,2019,domestic_league,29228,2282,Royal Excel Mouscron (-2022),Club Brugge KV,0,1
2019-10-19,3199447,FR1,2019,domestic_league,1421,969,Stade Reims,Montpellier HSC,1,0
2019-10-19,3199448,FR1,2019,domestic_league,1420,3911,Angers SCO,Stade Brestois 29,0,1
2019-10-19,3199449,FR1,2019,domestic_league,347,995,FC Metz,FC Nantes,1,0
2019-10-19,3199450,FR1,2019,domestic_league,415,1082,FC Toulouse,LOSC Lille,2,1
2019-10-19,3199453,FR1,2019,domestic_league,1160,1416,Nîmes Olympique,Amiens SC,1,1
2019-10-19,3199455,FR1,2019,domestic_league,1041,2969,Olympique Lyon,Dijon FCO,0,0
2019-10-19,3201289,SC1,2019,domestic_league,371,2759,Celtic FC,Ross County FC,6,0
2019-10-19,3201290,SC1,2019,domestic_league,2999,903,Hamilton Academical FC,Hibernian FC,1,1
2019-10-19,3201292,SC1,2019,domestic_league,2553,1241,Kilmarnock FC,Livingston FC,2,1
2019-10-19,3201293,SC1,2019,domestic_league,987,370,Motherwell FC,Aberdeen FC,0,3
2019-10-19,3201294,SC1,2019,domestic_league,465,2578,St. Mirren FC,St. Johnstone FC,2,0
2019-10-19,3203496,L1,2019,domestic_league,16,18,Borussia Dortmund,Borussia Mönchengladbach,1,0
2019-10-19,3203497,L1,2019,domestic_league,23826,82,RB Leipzig,VfL Wolfsburg,1,1
2019-10-19,3203499,L1,2019,domestic_league,86,44,SV Werder Bremen,Hertha BSC,1,1
2019-10-19,3203501,L1,2019,domestic_league,38,39,Fortuna Düsseldorf,1.FSV Mainz 05,1,0
2019-10-19,3203502,L1,2019,domestic_league,167,27,FC Augsburg,Bayern Munich,2,2
2019-10-19,3203504,L1,2019,domestic_league,89,60,1.FC Union Berlin,SC Freiburg,2,0
2019-10-19,3208715,ES1,2019,domestic_league,13,1049,Atlético de Madrid,Valencia CF,1,1
2019-10-19,3208716,ES1,2019,domestic_league,1533,131,SD Eibar,FC Barcelona,0,3
2019-10-19,3208718,ES1,2019,domestic_league,3709,1244,Getafe CF,CD Leganés,2,0
2019-10-19,3208720,ES1,2019,domestic_league,237,418,RCD Mallorca,Real Madrid,1,0
2019-10-19,3209829,GR1,2019,domestic_league,683,653,Olympiakos Syndesmos Filathlon Peiraios,Omilos Filathlon Irakliou FC,2,1
2019-10-19,3209831,GR1,2019,domestic_league,6418,4603,Panetolikos Agrinio,Athlitiki Enosi Larisas,2,2
2019-10-19,3216110,NL1,2019,domestic_league,200,383,FC Utrecht,PSV Eindhoven,3,0
2019-10-19,3216111,NL1,2019,domestic_league,1090,306,AZ Alkmaar,SC Heerenveen,2,4
2019-10-19,3216112,NL1,2019,domestic_league,317,403,FC Twente Enschede,Willem II Tilburg,0,1
2019-10-19,3216113,NL1,2019,domestic_league,235,610,RKC Waalwijk,Ajax Amsterdam,1,2
2019-10-19,3216114,NL1,2019,domestic_league,1426,499,VVV-Venlo,Vitesse Arnhem,0,4
2019-10-19,3219383,GB1,2019,domestic_league,148,1010,Tottenham Hotspur,Watford FC,1,1
2019-10-19,3219388,GB1,2019,domestic_league,543,180,Wolverhampton Wanderers,Southampton FC,1,1
2019-10-19,3219391,GB1,2019,domestic_league,873,281,Crystal Palace,Manchester City,0,2
2019-10-19,3219392,GB1,2019,domestic_league,1003,1132,Leicester City,Burnley FC,2,1
2019-10-19,3219393,GB1,2019,domestic_league,29,379,Everton FC,West Ham United,2,0
2019-10-19,3219395,GB1,2019,domestic_league,405,1237,Aston Villa,Brighton & Hove Albion,2,1
2019-10-19,3219396,GB1,2019,domestic_league,631,762,Chelsea FC,Newcastle United,1,0
2019-10-19,3219398,GB1,2019,domestic_league,989,1123,AFC Bournemouth,Norwich City,0,0
2019-10-19,3223076,TR1,2019,domestic_league,589,820,Antalyaspor,Gençlerbirliği Spor Kulübü,0,6
2019-10-19,3223079,TR1,2019,domestic_league,868,114,MKE Ankaragücü,Beşiktaş Jimnastik Kulübü,0,0
2019-10-19,3223080,TR1,2019,domestic_league,449,2832,Trabzonspor,Gaziantep FK,4,1
2019-10-19,3223081,TR1,2019,domestic_league,6890,1467,Basaksehir FK,Göztepe,2,1
2019-10-19,3229238,IT1,2019,domestic_league,506,1025,Juventus FC,Bologna Football Club 1909,2,1
2019-10-19,3229239,IT1,2019,domestic_league,398,800,Società Sportiva Lazio S.p.A.,Atalanta BC,3,3
2019-10-19,3229241,IT1,2019,domestic_league,6195,276,SSC Napoli,Hellas Verona,2,0
2019-10-19,3244650,UKR1,2019,domestic_league,10690,16239,Zorya Lugansk,Desna Chernigiv,2,1
2019-10-19,3244655,UKR1,2019,domestic_league,2477,18105,Karpaty Lviv (-2021),PFK Lviv,0,0
2019-10-19,3252857,NLP,2019,domestic_cup,33000,39432,FC 's-Gravenzande,VV SteDoCo Hoornaar,1,3
2019-10-19,3264941,RU1,2019,domestic_league,41201,11127,PFK Tambov (-2021),Ural Yekaterinburg,1,2
2019-10-19,3264942,RU1,2019,domestic_league,232,2698,FK Spartak Moskva,FC Rubin Kazan,0,0
2019-10-19,3264943,RU1,2019,domestic_league,964,1083,AO FK Zenit Sankt-Peterburg,FK Rostov,6,1
2019-10-19,3265536,SFA,2019,domestic_cup,3014,23614,Albion Rovers FC,Fort William FC,1,1
2019-10-19,3265537,SFA,2019,domestic_cup,3015,3194,Annan Athletic FC,Brechin City FC,2,2
2019-10-19,3265539,SFA,2019,domestic_cup,3027,16253,Cowdenbeath FC,Broxburn Athletic FC,1,1
2019-10-19,3265540,SFA,2019,domestic_cup,28457,24574,East Kilbride FC,Gretna FC 2008,3,1
2019-10-19,3265542,SFA,2019,domestic_cup,3028,2801,Elgin City FC,Berwick Rangers FC,3,1
2019-10-19,3265543,SFA,2019,domestic_cup,23613,11379,Formartine United FC,Gala Fairydean Rovers FC,2,2
2019-10-19,3265544,SFA,2019,domestic_cup,22388,44482,Lochee United FC,BSC Glasgow,1,1
2019-10-19,3265546,SFA,2019,domestic_cup,23619,10580,Rothes FC,Inverurie Loco Works FC,1,3
2019-10-19,3265547,SFA,2019,domestic_cup,17602,3031,The Spartans FC,Queen's Park FC,0,2
2019-10-19,3265548,SFA,2019,domestic_cup,3033,23620,Stirling Albion FC,Strathspey Thistle FC,2,0
2019-10-19,3265550,SFA,2019,domestic_cup,3459,3491,Clachnacuddin FC,Brora Rangers FC,0,7
2019-10-19,3266502,BE1,2019,domestic_league,3057,1184,Standard Liège,KRC Genk,1,0
2019-10-19,3266503,BE1,2019,domestic_league,601,3508,KV Kortrijk,Zulte Waregem,2,0
2019-10-19,3266504,BE1,2019,domestic_league,2861,1245,KV Oostende,KAS Eupen,2,3
2019-10-19,3266505,BE1,2019,domestic_league,157,28643,KAA Gent,SK Beveren,2,0
2019-10-20,3199452,FR1,2019,domestic_league,40,618,FC Girondins Bordeaux,AS Saint-Étienne,0,1
2019-10-20,3199454,FR1,2019,domestic_league,244,667,Olympique Marseille,RC Strasbourg Alsace,2,0
2019-10-20,3199456,FR1,2019,domestic_league,162,273,AS Monaco,Stade Rennais FC,3,2
2019-10-20,3201291,SC1,2019,domestic_league,43,124,Heart of Midlothian FC,Rangers FC,1,1
2019-10-20,3203500,L1,2019,domestic_league,533,33,TSG 1899 Hoffenheim,FC Schalke 04,2,0
2019-10-20,3203503,L1,2019,domestic_league,3,127,1.FC Köln,SC Paderborn 07,3,0
2019-10-20,3208713,ES1,2019,domestic_league,1108,940,Deportivo Alavés,Celta de Vigo,2,0
2019-10-20,3208714,ES1,2019,domestic_league,621,366,Athletic Bilbao,Real Valladolid CF,1,1
2019-10-20,3208717,ES1,2019,domestic_league,714,1050,RCD Espanyol Barcelona,Villarreal CF,0,1
2019-10-20,3208721,ES1,2019,domestic_league,681,150,Real Sociedad,Real Betis Balompié,3,1
2019-10-20,3208722,ES1,2019,domestic_league,368,3368,Sevilla FC,Levante UD,1,0
2019-10-20,3209826,GR1,2019,domestic_league,2441,60949,Athlitiki Enosi Konstantinoupoleos,Volou Neos Podosferikos Syllogos,3,2
2019-10-20,3209827,GR1,2019,domestic_league,128,605,AO Xanthi,Aris Thessalonikis,0,1
2019-10-20,3209828,GR1,2019,domestic_league,3060,265,APS Atromitos Athinon,Panathinaikos Athlitikos Omilos,0,1
2019-10-20,3209830,GR1,2019,domestic_league,1091,3999,Panthessalonikios Athlitikos Omilos Konstantinoupoliton,PAS Lamia 1964,3,0
2019-10-20,3209832,GR1,2019,domestic_league,169,6676,Panionios Athens,A.G.S Asteras Tripolis,0,1
2019-10-20,3210359,DK1,2019,domestic_league,190,3426,FC Copenhagen,Esbjerg fB,3,1
2019-10-20,3210360,DK1,2019,domestic_league,5817,2778,Sönderjyske Fodbold,FC Nordsjaelland,1,4
2019-10-20,3210363,DK1,2019,domestic_league,2414,5818,AC Horsens,Hobro IK,1,0
2019-10-20,3210364,DK1,2019,domestic_league,678,1177,Aarhus GF,Silkeborg IF,3,4
2019-10-20,3210365,DK1,2019,domestic_league,369,206,Lyngby Boldklub,Bröndby IF,0,3
2019-10-20,3216115,NL1,2019,domestic_league,1269,1268,PEC Zwolle,ADO Den Haag,3,1
2019-10-20,3216116,NL1,2019,domestic_league,1283,385,FC Emmen,Fortuna Sittardia Combinatie,2,1
2019-10-20,3216117,NL1,2019,domestic_league,202,468,FC Groningen,Sparta Rotterdam,2,0
2019-10-20,3216118,NL1,2019,domestic_league,234,1304,Feyenoord Rotterdam,Heracles Almelo,1,1
2019-10-20,3219384,GB1,2019,domestic_league,985,31,Manchester United,Liverpool FC,1,1
2019-10-20,3223077,TR1,2019,domestic_league,11282,126,Alanyaspor,Caykur Rizespor,5,2
2019-10-20,3223078,TR1,2019,domestic_league,833,36,Denizlispor,Fenerbahce,1,2
2019-10-20,3223082,TR1,2019,domestic_league,3205,10484,Kayserispor,Kasimpasa,1,1
2019-10-20,3229237,IT1,2019,domestic_league,1390,2722,Cagliari Calcio,SPAL,2,0
2019-10-20,3229240,IT1,2019,domestic_league,5,1005,AC Milan,US Lecce,2,2
2019-10-20,3229242,IT1,2019,domestic_league,130,252,Parma Calcio 1913,Genoa CFC,5,1
2019-10-20,3229243,IT1,2019,domestic_league,1038,12,UC Sampdoria,Associazione Sportiva Roma,0,0
2019-10-20,3229244,IT1,2019,domestic_league,6574,46,US Sassuolo,Inter Milan,3,4
2019-10-20,3229245,IT1,2019,domestic_league,410,416,Udinese Calcio,Torino FC,1,0
2019-10-20,3244651,UKR1,2019,domestic_league,23611,2740,Olimpik Donetsk,Vorskla Poltava,2,0
2019-10-20,3244652,UKR1,2019,domestic_league,6993,60551,FK Mariupol,SC Dnipro-1,1,0
2019-10-20,3244654,UKR1,2019,domestic_league,338,18303,Dynamo Kyiv,FC Oleksandriya,1,0
2019-10-20,3264944,RU1,2019,domestic_league,14589,2696,FC Orenburg,PFK Krylya Sovetov Samara,0,1
2019-10-20,3264945,RU1,2019,domestic_league,28095,2410,FK Ufa,PFK CSKA Moskva,1,1
2019-10-20,3264946,RU1,2019,domestic_league,3729,41231,Arsenal Tula,FK Sochi,1,1
2019-10-20,3264947,RU1,2019,domestic_league,121,16704,FK Dinamo Moskva,FK Krasnodar,1,1
2019-10-20,3265549,SFA,2019,domestic_cup,23692,5660,University of Stirling FC,Linlithgow Rose FC,0,2
2019-10-20,3266506,BE1,2019,domestic_league,354,1096,KV Mechelen,Royal Antwerp FC,3,1
2019-10-20,3266507,BE1,2019,domestic_league,58,475,RSC Anderlecht,Sint-Truidense VV,4,1
2019-10-20,3266508,BE1,2019,domestic_league,520,172,Cercle Brugge,Royal Charleroi Sporting Club,0,3
2019-10-21,3210361,DK1,2019,domestic_league,865,5724,FC Midtjylland,Randers FC,2,1
2019-10-21,3219386,GB1,2019,domestic_league,350,11,Sheffield United,Arsenal FC,1,0
2019-10-21,3223083,TR1,2019,domestic_league,2293,19789,Konyaspor,Yeni Malatyaspor,0,2
2019-10-21,3229236,IT1,2019,domestic_league,19,430,Brescia Calcio,ACF Fiorentina,0,0
2019-10-22,3252186,CL,2019,international_cup,2282,583,Club Brugge KV,Paris Saint-Germain,0,5
2019-10-22,3252187,CL,2019,international_cup,141,418,Galatasaray,Real Madrid,0,1
2019-10-22,3252188,CL,2019,international_cup,683,27,Olympiakos Syndesmos Filathlon Peiraios,Bayern Munich,2,3
2019-10-22,3252189,CL,2019,international_cup,148,159,Tottenham Hotspur,Red Star Belgrade,5,0
2019-10-22,3252190,CL,2019,international_cup,660,419,FC Shakhtar Donetsk,GNK Dinamo Zagreb,2,2
2019-10-22,3252191,CL,2019,international_cup,281,800,Manchester City,Atalanta BC,5,1
2019-10-22,3252192,CL,2019,international_cup,13,15,Atlético de Madrid,Bayer 04 Leverkusen,1,0
2019-10-22,3252193,CL,2019,international_cup,506,932,Juventus FC,"Футбольный клуб ""Локомотив"" Москва",2,1
2019-10-23,3252194,CL,2019,international_cup,409,6195,Fußballclub Red Bull Salzburg,SSC Napoli,2,3
2019-10-23,3252195,CL,2019,international_cup,1184,31,KRC Genk,Liverpool FC,1,4
2019-10-23,3252196,CL,2019,international_cup,46,16,Inter Milan,Borussia Dortmund,2,0
2019-10-23,3252197,CL,2019,international_cup,62,131,SK Slavia Prague,FC Barcelona,1,2
2019-10-23,3252198,CL,2019,international_cup,23826,964,RB Leipzig,AO FK Zenit Sankt-Peterburg,2,1
2019-10-23,3252199,CL,2019,international_cup,294,1041,SL Benfica,Olympique Lyon,2,1
2019-10-23,3252200,CL,2019,international_cup,610,631,Ajax Amsterdam,Chelsea FC,0,1
2019-10-23,3252201,CL,2019,international_cup,1082,1049,LOSC Lille,Valencia CF,1,1
2019-10-23,3271739,GRP,2019,domestic_cup,7977,441,Eolikos Mytilinis,Apollon Smyrnis,1,0
2019-10-24,3252462,EL,2019,other,368,853,Sevilla FC,F91 Dudelange,3,0
2019-10-24,3252463,EL,2019,other,10625,2784,Qarabağ FK,APOEL Nicosia,2,2
2019-10-24,3252464,EL,2019,other,338,190,Dynamo Kyiv,FC Copenhagen,1,1
2019-10-24,3252465,EL,2019,other,496,2790,Malmö Fotbollförening,FC Lugano,2,1
2019-10-24,3252466,EL,2019,other,3709,26,Getafe CF,FC Basel 1893,0,1
2019-10-24,3252467,EL,2019,other,449,16704,Trabzonspor,FK Krasnodar,0,2
2019-10-24,3252468,EL,2019,other,336,195,Sporting CP,Rosenborg Ballklub,1,0
2019-10-24,3252469,EL,2019,other,383,413,PSV Eindhoven,LASK,0,0
2019-10-24,3252470,EL,2019,other,371,398,Celtic FC,Società Sportiva Lazio S.p.A.,2,1
2019-10-24,3252471,EL,2019,other,273,7769,Stade Rennais FC,CFR Cluj,0,1
2019-10-24,3252472,EL,2019,other,11,2420,Arsenal FC,Vitória Guimarães SC,3,2
2019-10-24,3252474,EL,2019,other,720,124,FC Porto,Rangers FC,1,1
2019-10-24,3252475,EL,2019,other,452,234,BSC Young Boys,Feyenoord Rotterdam,2,0
2019-10-24,3252476,EL,2019,other,2410,279,PFK CSKA Moskva,Ferencvárosi TC,0,1
2019-10-24,3252477,EL,2019,other,31614,714,Ludogorets Razgrad,RCD Espanyol Barcelona,0,1
2019-10-24,3252478,EL,2019,other,157,82,KAA Gent,VfL Wolfsburg,2,2
2019-10-24,3252479,EL,2019,other,618,18303,AS Saint-Étienne,FC Oleksandriya,1,1
2019-10-24,3252480,EL,2019,other,12,18,Associazione Sportiva Roma,Borussia Mönchengladbach,1,1
2019-10-24,3252481,EL,2019,other,6890,4441,Basaksehir FK,Wolfsberger AC,1,0
2019-10-24,3252482,EL,2019,other,114,1075,Beşiktaş Jimnastik Kulübü,SC Braga,1,2
2019-10-24,3252483,EL,2019,other,540,543,Slovan Bratislava,Wolverhampton Wanderers,1,2
2019-10-24,3252484,EL,2019,other,669,985,FK Partizan Belgrade,Manchester United,0,1
2019-10-24,3252485,EL,2019,other,1090,22220,AZ Alkmaar,FC Astana,6,0
2019-10-24,3252559,EL,2019,other,24,3057,Eintracht Frankfurt,Standard Liège,2,1
2019-10-25,3199463,FR1,2019,domestic_league,995,162,FC Nantes,AS Monaco,0,1
2019-10-25,3203510,L1,2019,domestic_league,39,3,1.FSV Mainz 05,1.FC Köln,3,1
2019-10-25,3208731,ES1,2019,domestic_league,1050,1108,Villarreal CF,Deportivo Alavés,4,1
2019-10-25,3210371,DK1,2019,domestic_league,3426,865,Esbjerg fB,FC Midtjylland,1,2
2019-10-25,3211446,PO1,2019,domestic_league,2995,2425,FC Paços de Ferreira,Rio Ave FC,0,0
2019-10-25,3216119,NL1,2019,domestic_league,317,1283,FC Twente Enschede,FC Emmen,4,1
2019-10-25,3219379,GB1,2019,domestic_league,180,1003,Southampton FC,Leicester City,0,9
2019-10-25,3223092,TR1,2019,domestic_league,126,868,Caykur Rizespor,MKE Ankaragücü,2,0
2019-10-25,3229250,IT1,2019,domestic_league,276,6574,Hellas Verona,US Sassuolo,0,1
2019-10-25,3266610,BE1,2019,domestic_league,1245,58,KAS Eupen,RSC Anderlecht,0,0
2019-10-25,3266903,RU1,2019,domestic_league,2698,11127,FC Rubin Kazan,Ural Yekaterinburg,0,0
2019-10-26,3199457,FR1,2019,domestic_league,667,417,RC Strasbourg Alsace,OGC Nice,1,0
2019-10-26,3199460,FR1,2019,domestic_league,3911,2969,Stade Brestois 29,Dijon FCO,2,0
2019-10-26,3199461,FR1,2019,domestic_league,1041,347,Olympique Lyon,FC Metz,2,0
2019-10-26,3199464,FR1,2019,domestic_league,1421,1160,Stade Reims,Nîmes Olympique,0,0
2019-10-26,3199465,FR1,2019,domestic_league,969,1420,Montpellier HSC,Angers SCO,0,0
2019-10-26,3199466,FR1,2019,domestic_league,1082,40,LOSC Lille,FC Girondins Bordeaux,3,0
2019-10-26,3201296,SC1,2019,domestic_league,903,2759,Hibernian FC,Ross County FC,2,2
2019-10-26,3201297,SC1,2019,domestic_league,2553,465,Kilmarnock FC,St. Mirren FC,1,0
2019-10-26,3201298,SC1,2019,domestic_league,1241,43,Livingston FC,Heart of Midlothian FC,0,0
2019-10-26,3201300,SC1,2019,domestic_league,2578,2999,St. Johnstone FC,Hamilton Academical FC,3,2
2019-10-26,3203505,L1,2019,domestic_league,27,89,Bayern Munich,1.FC Union Berlin,2,1
2019-10-26,3203506,L1,2019,domestic_league,15,86,Bayer 04 Leverkusen,SV Werder Bremen,2,2
2019-10-26,3203509,L1,2019,domestic_league,44,533,Hertha BSC,TSG 1899 Hoffenheim,2,3
2019-10-26,3203511,L1,2019,domestic_league,60,23826,SC Freiburg,RB Leipzig,2,1
2019-10-26,3203512,L1,2019,domestic_league,33,16,FC Schalke 04,Borussia Dortmund,0,0
2019-10-26,3203513,L1,2019,domestic_league,127,38,SC Paderborn 07,Fortuna Düsseldorf,2,0
2019-10-26,3208723,ES1,2019,domestic_league,13,621,Atlético de Madrid,Athletic Bilbao,2,0
2019-10-26,3208727,ES1,2019,domestic_league,1244,237,CD Leganés,RCD Mallorca,1,0
2019-10-26,3208732,ES1,2019,domestic_league,366,1533,Real Valladolid CF,SD Eibar,2,0
2019-10-26,3210460,GR1,2019,domestic_league,60949,1091,Volou Neos Podosferikos Syllogos,Panthessalonikios Athlitikos Omilos Konstantinoupoliton,0,2
2019-10-26,3210461,GR1,2019,domestic_league,653,128,Omilos Filathlon Irakliou FC,AO Xanthi,2,0
2019-10-26,3211445,PO1,2019,domestic_league,2424,7378,Gil Vicente FC,Portimonense SC,1,1
2019-10-26,3211449,PO1,2019,domestic_league,2457,3336,B SAD,Desportivo Aves (- 2020),3,2
2019-10-26,3211451,PO1,2019,domestic_league,979,2503,Moreirense FC,Boavista FC,1,1
2019-10-26,3211453,PO1,2019,domestic_league,1085,1301,Vitória Setúbal FC,CS Marítimo,0,0
2019-10-26,3216120,NL1,2019,domestic_league,403,235,Willem II Tilburg,RKC Waalwijk,2,1
2019-10-26,3216121,NL1,2019,domestic_league,499,1268,Vitesse Arnhem,ADO Den Haag,0,2
2019-10-26,3216122,NL1,2019,domestic_league,385,1426,Fortuna Sittardia Combinatie,VVV-Venlo,4,1
2019-10-26,3216123,NL1,2019,domestic_league,1304,1269,Heracles Almelo,PEC Zwolle,4,0
2019-10-26,3219373,GB1,2019,domestic_league,1010,989,Watford FC,AFC Bournemouth,0,0
2019-10-26,3219374,GB1,2019,domestic_league,379,350,West Ham United,Sheffield United,1,1
2019-10-26,3219381,GB1,2019,domestic_league,1132,631,Burnley FC,Chelsea FC,2,4
2019-10-26,3219382,GB1,2019,domestic_league,281,405,Manchester City,Aston Villa,3,0
2019-10-26,3219387,GB1,2019,domestic_league,1237,29,Brighton & Hove Albion,Everton FC,3,2
2019-10-26,3223085,TR1,2019,domestic_league,36,2293,Fenerbahce,Konyaspor,5,1
2019-10-26,3223088,TR1,2019,domestic_league,2381,589,Sivasspor,Antalyaspor,2,1
2019-10-26,3223091,TR1,2019,domestic_league,2832,11282,Gaziantep FK,Alanyaspor,1,1
2019-10-26,3229249,IT1,2019,domestic_league,252,19,Genoa CFC,Brescia Calcio,3,1
2019-10-26,3229251,IT1,2019,domestic_league,46,130,Inter Milan,Parma Calcio 1913,2,2
2019-10-26,3229252,IT1,2019,domestic_league,1005,506,US Lecce,Juventus FC,1,1
2019-10-26,3244666,UKR1,2019,domestic_league,6993,48332,FK Mariupol,Kolos Kovalivka,2,0
2019-10-26,3244667,UKR1,2019,domestic_league,23611,60551,Olimpik Donetsk,SC Dnipro-1,3,2
2019-10-26,3244668,UKR1,2019,domestic_league,10690,2740,Zorya Lugansk,Vorskla Poltava,4,0
2019-10-26,3265545,SFA,2019,domestic_cup,6324,3012,Penicuik Athletic FC,Stenhousemuir FC,3,0
2019-10-26,3266611,BE1,2019,domestic_league,172,29228,Royal Charleroi Sporting Club,Royal Excel Mouscron (-2022),1,0
2019-10-26,3266612,BE1,2019,domestic_league,1096,601,Royal Antwerp FC,KV Kortrijk,3,1
2019-10-26,3266613,BE1,2019,domestic_league,3508,2861,Zulte Waregem,KV Oostende,2,0
2019-10-26,3266614,BE1,2019,domestic_league,1184,520,KRC Genk,Cercle Brugge,1,0
2019-10-26,3266904,RU1,2019,domestic_league,41201,28095,PFK Tambov (-2021),FK Ufa,3,0
2019-10-26,3266905,RU1,2019,domestic_league,3725,3729,RFK Akhmat Grozny,Arsenal Tula,1,1
2019-10-26,3266906,RU1,2019,domestic_league,1083,41231,FK Rostov,FK Sochi,2,0
2019-10-26,3273820,SFA,2019,domestic_cup,23614,3014,Fort William FC,Albion Rovers FC,0,5
2019-10-26,3273821,SFA,2019,domestic_cup,3194,3015,Brechin City FC,Annan Athletic FC,0,2
2019-10-26,3273822,SFA,2019,domestic_cup,16253,3027,Broxburn Athletic FC,Cowdenbeath FC,3,0
2019-10-26,3273823,SFA,2019,domestic_cup,11379,23613,Gala Fairydean Rovers FC,Formartine United FC,1,2
2019-10-27,3199458,FR1,2019,domestic_league,273,415,Stade Rennais FC,FC Toulouse,3,2
2019-10-27,3199459,FR1,2019,domestic_league,618,1416,AS Saint-Étienne,Amiens SC,2,2
2019-10-27,3199462,FR1,2019,domestic_league,583,244,Paris Saint-Germain,Olympique Marseille,4,0
2019-10-27,3201295,SC1,2019,domestic_league,370,371,Aberdeen FC,Celtic FC,0,4
2019-10-27,3201299,SC1,2019,domestic_league,124,987,Rangers FC,Motherwell FC,2,1
2019-10-27,3203507,L1,2019,domestic_league,18,24,Borussia Mönchengladbach,Eintracht Frankfurt,4,2
2019-10-27,3203508,L1,2019,domestic_league,82,167,VfL Wolfsburg,FC Augsburg,0,0
2019-10-27,3208725,ES1,2019,domestic_league,940,681,Celta de Vigo,Real Sociedad,0,1
2019-10-27,3208726,ES1,2019,domestic_league,16795,150,Granada CF,Real Betis Balompié,1,0
2019-10-27,3208728,ES1,2019,domestic_league,3368,714,Levante UD,RCD Espanyol Barcelona,0,1
2019-10-27,3208729,ES1,2019,domestic_league,331,1049,CA Osasuna,Valencia CF,3,1
2019-10-27,3208730,ES1,2019,domestic_league,368,3709,Sevilla FC,Getafe CF,2,0
2019-10-27,3210366,DK1,2019,domestic_league,5817,1053,Sönderjyske Fodbold,Aalborg BK,1,3
2019-10-27,3210367,DK1,2019,domestic_league,206,5724,Bröndby IF,Randers FC,5,2
2019-10-27,3210368,DK1,2019,domestic_league,173,2778,Odense Boldklub,FC Nordsjaelland,3,1
2019-10-27,3210370,DK1,2019,domestic_league,5818,1177,Hobro IK,Silkeborg IF,1,1
2019-10-27,3210372,DK1,2019,domestic_league,369,2414,Lyngby Boldklub,AC Horsens,2,1
2019-10-27,3210457,GR1,2019,domestic_league,605,6418,Aris Thessalonikis,Panetolikos Agrinio,2,0
2019-10-27,3210459,GR1,2019,domestic_league,3060,169,APS Atromitos Athinon,Panionios Athens,4,0
2019-10-27,3210462,GR1,2019,domestic_league,683,2441,Olympiakos Syndesmos Filathlon Peiraios,Athlitiki Enosi Konstantinoupoleos,2,0
2019-10-27,3210463,GR1,2019,domestic_league,265,4603,Panathinaikos Athlitikos Omilos,Athlitiki Enosi Larisas,1,2
2019-10-27,3211448,PO1,2019,domestic_league,720,3329,FC Porto,FC Famalicão,3,0
2019-10-27,3211450,PO1,2019,domestic_league,7179,294,CD Tondela,SL Benfica,0,1
2019-10-27,3211452,PO1,2019,domestic_league,336,2420,Sporting CP,Vitória Guimarães SC,3,1
2019-10-27,3216124,NL1,2019,domestic_league,306,202,SC Heerenveen,FC Groningen,1,1
2019-10-27,3216125,NL1,2019,domestic_league,468,200,Sparta Rotterdam,FC Utrecht,1,2
2019-10-27,3216126,NL1,2019,domestic_league,383,1090,PSV Eindhoven,AZ Alkmaar,0,4
2019-10-27,3216127,NL1,2019,domestic_league,610,234,Ajax Amsterdam,Feyenoord Rotterdam,4,0
2019-10-27,3219377,GB1,2019,domestic_league,1123,985,Norwich City,Manchester United,1,3
2019-10-27,3219380,GB1,2019,domestic_league,762,543,Newcastle United,Wolverhampton Wanderers,1,1
2019-10-27,3219385,GB1,2019,domestic_league,11,873,Arsenal FC,Crystal Palace,2,2
2019-10-27,3219389,GB1,2019,domestic_league,31,148,Liverpool FC,Tottenham Hotspur,2,1
2019-10-27,3223087,TR1,2019,domestic_league,114,141,Beşiktaş Jimnastik Kulübü,Galatasaray,1,0
2019-10-27,3223089,TR1,2019,domestic_league,820,833,Gençlerbirliği Spor Kulübü,Denizlispor,0,2
2019-10-27,3223090,TR1,2019,domestic_league,19789,3205,Yeni Malatyaspor,Kayserispor,4,0
2019-10-27,3223093,TR1,2019,domestic_league,1467,10484,Göztepe,Kasimpasa,1,4
2019-10-27,3229246,IT1,2019,domestic_league,800,410,Atalanta BC,Udinese Calcio,7,1
2019-10-27,3229247,IT1,2019,domestic_league,1025,1038,Bologna Football Club 1909,UC Sampdoria,2,1
2019-10-27,3229248,IT1,2019,domestic_league,430,398,ACF Fiorentina,Società Sportiva Lazio S.p.A.,1,2
2019-10-27,3229253,IT1,2019,domestic_league,12,5,Associazione Sportiva Roma,AC Milan,2,1
2019-10-27,3229254,IT1,2019,domestic_league,2722,6195,SPAL,SSC Napoli,1,1
2019-10-27,3229255,IT1,2019,domestic_league,416,1390,Torino FC,Cagliari Calcio,1,1
2019-10-27,3244664,UKR1,2019,domestic_league,338,2477,Dynamo Kyiv,Karpaty Lviv (-2021),1,1
2019-10-27,3244665,UKR1,2019,domestic_league,660,18303,FC Shakhtar Donetsk,FC Oleksandriya,0,0
2019-10-27,3244669,UKR1,2019,domestic_league,18105,16239,PFK Lviv,Desna Chernigiv,1,4
2019-10-27,3266615,BE1,2019,domestic_league,2282,3057,Club Brugge KV,Standard Liège,1,1
2019-10-27,3266616,BE1,2019,domestic_league,475,157,Sint-Truidense VV,KAA Gent,0,0
2019-10-27,3266617,BE1,2019,domestic_league,28643,354,SK Beveren,KV Mechelen,1,3
2019-10-27,3266907,RU1,2019,domestic_league,2696,964,PFK Krylya Sovetov Samara,AO FK Zenit Sankt-Peterburg,0,2
2019-10-27,3266908,RU1,2019,domestic_league,2410,121,PFK CSKA Moskva,FK Dinamo Moskva,0,1
2019-10-27,3266909,RU1,2019,domestic_league,16704,14589,FK Krasnodar,FC Orenburg,1,1
2019-10-27,3266910,RU1,2019,domestic_league,932,232,"Футбольный клуб ""Локомотив"" Москва",FK Spartak Moskva,0,3
2019-10-27,3273824,SFA,2019,domestic_cup,44482,22388,BSC Glasgow,Lochee United FC,2,1
2019-10-28,3210369,DK1,2019,domestic_league,678,190,Aarhus GF,FC Copenhagen,1,2
2019-10-28,3210458,GR1,2019,domestic_league,6676,3999,A.G.S Asteras Tripolis,PAS Lamia 1964,4,1
2019-10-28,3211447,PO1,2019,domestic_league,1075,2423,SC Braga,CD Santa Clara,2,0
2019-10-28,3223086,TR1,2019,domestic_league,6890,449,Basaksehir FK,Trabzonspor,2,2
2019-10-29,3208742,ES1,2019,domestic_league,1108,13,Deportivo Alavés,Atlético de Madrid,1,1
2019-10-29,3208744,ES1,2019,domestic_league,131,366,FC Barcelona,Real Valladolid CF,5,1
2019-10-29,3229256,IT1,2019,domestic_league,19,46,Brescia Calcio,Inter Milan,1,2
2019-10-29,3229262,IT1,2019,domestic_league,130,276,Parma Calcio 1913,Hellas Verona,0,1
2019-10-29,3245512,DFB,2019,domestic_cup,52,533,MSV Duisburg,TSG 1899 Hoffenheim,0,2
2019-10-29,3245513,DFB,2019,domestic_cup,1,3,1.FC Saarbrücken,1.FC Köln,3,2
2019-10-29,3245514,DFB,2019,domestic_cup,105,48,SV Darmstadt 98,Karlsruher SC,0,1
2019-10-29,3245515,DFB,2019,domestic_cup,15,127,Bayer 04 Leverkusen,SC Paderborn 07,1,0
2019-10-29,3245516,DFB,2019,domestic_cup,60,89,SC Freiburg,1.FC Union Berlin,1,3
2019-10-29,3245518,DFB,2019,domestic_cup,80,27,VfL Bochum,Bayern Munich,1,2
2019-10-29,3245519,DFB,2019,domestic_cup,10,33,Arminia Bielefeld,FC Schalke 04,2,3
2019-10-29,3245524,DFB,2019,domestic_cup,41,79,Hamburger SV,VfB Stuttgart,1,2
2019-10-29,3252859,NLP,2019,domestic_cup,1455,384,FC Dordrecht,MVV Maastricht,3,1
2019-10-29,3252861,NLP,2019,domestic_cup,7116,404,VV IJsselmeervogels,FC Den Bosch,3,0
2019-10-29,3252862,NLP,2019,domestic_cup,28378,1434,Koninklijke HFC Haarlem,SC Telstar,1,2
2019-10-29,3252863,NLP,2019,domestic_cup,3943,1269,HSV Hoek,PEC Zwolle,0,3
2019-10-29,3252864,NLP,2019,domestic_cup,723,1435,Almere City FC,Go Ahead Eagles,1,3
2019-10-29,3252865,NLP,2019,domestic_cup,499,642,Vitesse Arnhem,De Graafschap Doetinchem,2,0
2019-10-29,3252868,NLP,2019,domestic_cup,798,467,Excelsior Rotterdam,NEC Nijmegen,4,2
2019-10-29,3252869,NLP,2019,domestic_cup,132,1283,NAC Breda,FC Emmen,3,2
2019-10-29,3263159,NLP,2019,domestic_cup,19964,500,GVVV Veenendaal,Helmond Sport,2,1
2019-10-29,3263185,NLP,2019,domestic_cup,817,192,Achilles Veen,Roda JC Kerkrade,0,2
2019-10-29,3263186,NLP,2019,domestic_cup,9545,3892,Rijnsburgse Boys,FC Eindhoven,0,4
2019-10-29,3264073,NLP,2019,domestic_cup,33429,133,VV Goes,SC Cambuur Leeuwarden,0,5
2019-10-29,3264079,NLP,2019,domestic_cup,26488,1228,SV Oss '20,TOP Oss,1,2
2019-10-29,3264081,NLP,2019,domestic_cup,2815,9933,Flevo Boys Emmeloord,VV Katwijk,0,3
2019-10-29,3266618,BE1,2019,domestic_league,601,1245,KV Kortrijk,KAS Eupen,1,2
2019-10-29,3266619,BE1,2019,domestic_league,2861,172,KV Oostende,Royal Charleroi Sporting Club,0,1
2019-10-29,3266620,BE1,2019,domestic_league,520,29228,Cercle Brugge,Royal Excel Mouscron (-2022),2,2
2019-10-29,3271740,GRP,2019,domestic_cup,8699,128,Apollon Larisas,AO Xanthi,2,1
2019-10-29,3271741,GRP,2019,domestic_cup,3385,60949,Panserraikos Serres,Volou Neos Podosferikos Syllogos,1,1
2019-10-29,3271742,GRP,2019,domestic_cup,2671,2079,PAS Giannina,Veria NPS,1,0
2019-10-30,3201301,SC1,2019,domestic_league,371,465,Celtic FC,St. Mirren FC,2,0
2019-10-30,3201302,SC1,2019,domestic_league,2999,370,Hamilton Academical FC,Aberdeen FC,0,1
2019-10-30,3201303,SC1,2019,domestic_league,903,1241,Hibernian FC,Livingston FC,2,2
2019-10-30,3201304,SC1,2019,domestic_league,987,2553,Motherwell FC,Kilmarnock FC,2,1
2019-10-30,3201305,SC1,2019,domestic_league,2759,124,Ross County FC,Rangers FC,0,4
2019-10-30,3201306,SC1,2019,domestic_league,2578,43,St. Johnstone FC,Heart of Midlothian FC,1,0
2019-10-30,3208743,ES1,2019,domestic_league,621,714,Athletic Bilbao,RCD Espanyol Barcelona,3,0
2019-10-30,3208745,ES1,2019,domestic_league,150,940,Real Betis Balompié,Celta de Vigo,2,1
2019-10-30,3208749,ES1,2019,domestic_league,418,1244,Real Madrid,CD Leganés,5,0
2019-10-30,3208750,ES1,2019,domestic_league,681,3368,Real Sociedad,Levante UD,1,2
2019-10-30,3208751,ES1,2019,domestic_league,1049,368,Valencia CF,Sevilla FC,1,1
2019-10-30,3211455,PO1,2019,domestic_league,3329,2424,FC Famalicão,Gil Vicente FC,2,1
2019-10-30,3211458,PO1,2019,domestic_league,294,7378,SL Benfica,Portimonense SC,4,0
2019-10-30,3211460,PO1,2019,domestic_league,1301,720,CS Marítimo,FC Porto,1,1
2019-10-30,3211461,PO1,2019,domestic_league,2420,2457,Vitória Guimarães SC,B SAD,5,0
2019-10-30,3211462,PO1,2019,domestic_league,2425,979,Rio Ave FC,Moreirense FC,1,1
2019-10-30,3229257,IT1,2019,domestic_league,1390,1025,Cagliari Calcio,Bologna Football Club 1909,3,2
2019-10-30,3229258,IT1,2019,domestic_league,506,252,Juventus FC,Genoa CFC,2,1
2019-10-30,3229259,IT1,2019,domestic_league,398,416,Società Sportiva Lazio S.p.A.,Torino FC,4,0
2019-10-30,3229261,IT1,2019,domestic_league,6195,800,SSC Napoli,Atalanta BC,2,2
2019-10-30,3229263,IT1,2019,domestic_league,1038,1005,UC Sampdoria,US Lecce,1,1
2019-10-30,3229264,IT1,2019,domestic_league,6574,430,US Sassuolo,ACF Fiorentina,1,2
2019-10-30,3229265,IT1,2019,domestic_league,410,12,Udinese Calcio,Associazione Sportiva Roma,0,4
2019-10-30,3245510,DFB,2019,domestic_cup,2,4,1.FC Kaiserslautern,1.FC Nuremberg,8,7
2019-10-30,3245511,DFB,2019,domestic_cup,93,269,SC Verl,Holstein Kiel,9,8
2019-10-30,3245517,DFB,2019,domestic_cup,38,94,Fortuna Düsseldorf,FC Erzgebirge Aue,2,1
2019-10-30,3245520,DFB,2019,domestic_cup,16,18,Borussia Dortmund,Borussia Mönchengladbach,2,1
2019-10-30,3245521,DFB,2019,domestic_cup,44,129,Hertha BSC,SG Dynamo Dresden,8,7
2019-10-30,3245522,DFB,2019,domestic_cup,82,23826,VfL Wolfsburg,RB Leipzig,1,6
2019-10-30,3245523,DFB,2019,domestic_cup,86,2036,SV Werder Bremen,1. Fußballclub Heidenheim 1846,4,1
2019-10-30,3245525,DFB,2019,domestic_cup,35,24,FC St. Pauli,Eintracht Frankfurt,1,2
2019-10-30,3252858,NLP,2019,domestic_cup,3410,306,Excelsior Maassluis,SC Heerenveen,0,3
2019-10-30,3252860,NLP,2019,domestic_cup,1304,235,Heracles Almelo,RKC Waalwijk,4,3
2019-10-30,3252867,NLP,2019,domestic_cup,468,724,Sparta Rotterdam,FC Volendam,1,0
2019-10-30,3263184,NLP,2019,domestic_cup,7408,202,Harkemase Boys,FC Groningen,1,2
2019-10-30,3263187,NLP,2019,domestic_cup,2838,33424,AFC Amsterdam,ODIN '59 Heemskerk,5,7
2019-10-30,3263720,RUP,2019,domestic_cup,49702,2374,FK Nizhny Novgorod,Shinnik Yaroslavl,2,5
2019-10-30,3263721,RUP,2019,domestic_cup,11127,3729,Ural Yekaterinburg,Arsenal Tula,7,6
2019-10-30,3263722,RUP,2019,domestic_cup,2410,28095,PFK CSKA Moskva,FK Ufa,1,0
2019-10-30,3263724,RUP,2019,domestic_cup,964,3691,AO FK Zenit Sankt-Peterburg,Tom Tomsk,4,0
2019-10-30,3263725,RUP,2019,domestic_cup,3725,4057,RFK Akhmat Grozny,Luch Vladivostok,5,1
2019-10-30,3264072,NLP,2019,domestic_cup,12451,1426,RKSV Groene Ster,VVV-Venlo,6,4
2019-10-30,3264074,NLP,2019,domestic_cup,10804,46345,Sparta Nijkerk,Fortuna Wormerveer,5,2
2019-10-30,3264075,NLP,2019,domestic_cup,27088,403,HV & CV Quick,Willem II Tilburg,0,4
2019-10-30,3264077,NLP,2019,domestic_cup,10803,10790,SV Spakenburg,ASWH Ambacht,2,0
2019-10-30,3264078,NLP,2019,domestic_cup,11495,43857,Ajax Amateurs,OFC Oostzaan,4,5
2019-10-30,3264080,NLP,2019,domestic_cup,6160,317,De Treffers,FC Twente Enschede,0,2
2019-10-30,3266293,DKP,2019,domestic_cup,20979,5724,Viby IF,Randers FC,0,2
2019-10-30,3266295,DKP,2019,domestic_cup,206,5817,Bröndby IF,Sönderjyske Fodbold,0,1
2019-10-30,3266621,BE1,2019,domestic_league,3508,2282,Zulte Waregem,Club Brugge KV,0,2
2019-10-30,3266622,BE1,2019,domestic_league,354,475,KV Mechelen,Sint-Truidense VV,1,2
2019-10-30,3266623,BE1,2019,domestic_league,1184,1096,KRC Genk,Royal Antwerp FC,2,2
2019-10-30,3266624,BE1,2019,domestic_league,3057,28643,Standard Liège,SK Beveren,2,0
2019-10-30,3266895,UKRP,2019,domestic_cup,48332,2740,Kolos Kovalivka,Vorskla Poltava,0,1
2019-10-30,3266896,UKRP,2019,domestic_cup,61825,18105,FC Minaj,PFK Lviv,2,0
2019-10-30,3266897,UKRP,2019,domestic_cup,6422,16239,MFK Mykolaiv,Desna Chernigiv,2,4
2019-10-30,3266898,UKRP,2019,domestic_cup,74868,29109,Alyans Lypova Dolyna,Girnyk-Sport Gorishni Plavni,5,3
2019-10-30,3266899,UKRP,2019,domestic_cup,338,660,Dynamo Kyiv,FC Shakhtar Donetsk,2,1
2019-10-30,3266900,UKRP,2019,domestic_cup,49364,60551,Ingulets Petrove,SC Dnipro-1,2,1
2019-10-30,3266901,UKRP,2019,domestic_cup,6993,23611,FK Mariupol,Olimpik Donetsk,1,0
2019-10-30,3266902,UKRP,2019,domestic_cup,18303,10690,FC Oleksandriya,Zorya Lugansk,6,5
2019-10-30,3271743,GRP,2019,domestic_cup,4602,169,Olympiakos Volou,Panionios Athens,0,3
2019-10-30,3271744,GRP,2019,domestic_cup,9,4603,Kalamata FC,Athlitiki Enosi Larisas,3,0
2019-10-30,3271745,GRP,2019,domestic_cup,3391,653,Kavala FC,Omilos Filathlon Irakliou FC,2,0
2019-10-30,3271746,GRP,2019,domestic_cup,1837,265,Panachaiki GE,Panathinaikos Athlitikos Omilos,1,3
2019-10-31,3208746,ES1,2019,domestic_league,1533,1050,SD Eibar,Villarreal CF,2,1
2019-10-31,3208747,ES1,2019,domestic_league,3709,16795,Getafe CF,Granada CF,3,1
2019-10-31,3208748,ES1,2019,domestic_league,237,331,RCD Mallorca,CA Osasuna,2,2
2019-10-31,3211454,PO1,2019,domestic_league,2423,1085,CD Santa Clara,Vitória Setúbal FC,1,1
2019-10-31,3211456,PO1,2019,domestic_league,2995,336,FC Paços de Ferreira,Sporting CP,1,2
2019-10-31,3211459,PO1,2019,domestic_league,2503,1075,Boavista FC,SC Braga,2,0
2019-10-31,3229260,IT1,2019,domestic_league,5,2722,AC Milan,SPAL,1,0
2019-10-31,3252866,NLP,2019,domestic_cup,385,1268,Fortuna Sittardia Combinatie,ADO Den Haag,3,0
2019-10-31,3263718,RUP,2019,domestic_cup,1186,2741,Torpedo Moscow,FK Baltika,1,0
2019-10-31,3263719,RUP,2019,domestic_cup,14589,3719,FC Orenburg,FC Khimki (-2025),1,2
2019-10-31,3263723,RUP,2019,domestic_cup,232,1083,FK Spartak Moskva,FK Rostov,2,1
2019-10-31,3264076,NLP,2019,domestic_cup,9663,200,Excelsior '31 Rijssen,FC Utrecht,1,4
2019-10-31,3266296,DKP,2019,domestic_cup,678,173,Aarhus GF,Odense Boldklub,1,0
2019-10-31,3266625,BE1,2019,domestic_league,58,157,RSC Anderlecht,KAA Gent,3,3
2019-10-31,3267040,DKP,2019,domestic_cup,190,2778,FC Copenhagen,FC Nordsjaelland,4,1
2019-10-31,3271747,GRP,2019,domestic_cup,21957,6676,AO Platanias,A.G.S Asteras Tripolis,0,1
2019-10-31,3271748,GRP,2019,domestic_cup,4608,6418,GAS Ialysos 1948,Panetolikos Agrinio,0,4
2019-10-31,3271749,GRP,2019,domestic_cup,3993,5220,AO Trikala,GS Ergotelis,3,2
2019-10-31,3274191,GRP,2019,domestic_cup,7977,3999,Eolikos Mytilinis,PAS Lamia 1964,0,3
2019-11-01,3199473,FR1,2019,domestic_league,2969,583,Dijon FCO,Paris Saint-Germain,2,1
2019-11-01,3203519,L1,2019,domestic_league,533,127,TSG 1899 Hoffenheim,SC Paderborn 07,3,0
2019-11-01,3210378,DK1,2019,domestic_league,3426,2414,Esbjerg fB,AC Horsens,1,1
2019-11-01,3216132,NL1,2019,domestic_league,1269,610,PEC Zwolle,Ajax Amsterdam,2,4
2019-11-01,3223095,TR1,2019,domestic_league,141,126,Galatasaray,Caykur Rizespor,2,0
2019-11-02,3199469,FR1,2019,domestic_league,244,1082,Olympique Marseille,LOSC Lille,2,1
2019-11-02,3199471,FR1,2019,domestic_league,347,969,FC Metz,Montpellier HSC,2,2
2019-11-02,3199472,FR1,2019,domestic_league,415,1041,FC Toulouse,Olympique Lyon,2,3
2019-11-02,3199474,FR1,2019,domestic_league,1420,667,Angers SCO,RC Strasbourg Alsace,1,0
2019-11-02,3199475,FR1,2019,domestic_league,1416,3911,Amiens SC,Stade Brestois 29,1,0
2019-11-02,3201307,SC1,2019,domestic_league,370,2553,Aberdeen FC,Kilmarnock FC,3,0
2019-11-02,3201308,SC1,2019,domestic_league,2999,2759,Hamilton Academical FC,Ross County FC,2,2
2019-11-02,3201310,SC1,2019,domestic_league,987,1241,Motherwell FC,Livingston FC,2,1
2019-11-02,3203514,L1,2019,domestic_league,16,82,Borussia Dortmund,VfL Wolfsburg,3,0
2019-11-02,3203515,L1,2019,domestic_league,23826,39,RB Leipzig,1.FSV Mainz 05,8,0
2019-11-02,3203516,L1,2019,domestic_league,15,18,Bayer 04 Leverkusen,Borussia Mönchengladbach,1,2
2019-11-02,3203517,L1,2019,domestic_league,24,27,Eintracht Frankfurt,Bayern Munich,5,1
2019-11-02,3203518,L1,2019,domestic_league,86,60,SV Werder Bremen,SC Freiburg,2,2
2019-11-02,3203522,L1,2019,domestic_league,89,44,1.FC Union Berlin,Hertha BSC,1,0
2019-11-02,3208753,ES1,2019,domestic_league,714,1049,RCD Espanyol Barcelona,Valencia CF,1,2
2019-11-02,3208756,ES1,2019,domestic_league,3368,131,Levante UD,FC Barcelona,3,1
2019-11-02,3208758,ES1,2019,domestic_league,418,150,Real Madrid,Real Betis Balompié,0,0
2019-11-02,3208759,ES1,2019,domestic_league,368,13,Sevilla FC,Atlético de Madrid,1,1
2019-11-02,3210466,GR1,2019,domestic_league,128,683,AO Xanthi,Olympiakos Syndesmos Filathlon Peiraios,0,0
2019-11-02,3210469,GR1,2019,domestic_league,169,605,Panionios Athens,Aris Thessalonikis,1,1
2019-11-02,3211464,PO1,2019,domestic_league,294,2425,SL Benfica,Rio Ave FC,2,0
2019-11-02,3211470,PO1,2019,domestic_league,979,2420,Moreirense FC,Vitória Guimarães SC,1,1
2019-11-02,3216128,NL1,2019,domestic_league,468,383,Sparta Rotterdam,PSV Eindhoven,2,2
2019-11-02,3216129,NL1,2019,domestic_league,235,1304,RKC Waalwijk,Heracles Almelo,2,0
2019-11-02,3216131,NL1,2019,domestic_league,1090,317,AZ Alkmaar,FC Twente Enschede,3,0
2019-11-02,3219361,GB1,2019,domestic_league,1010,631,Watford FC,Chelsea FC,1,2
2019-11-02,3219362,GB1,2019,domestic_league,281,180,Manchester City,Southampton FC,2,1
2019-11-02,3219365,GB1,2019,domestic_league,350,1132,Sheffield United,Burnley FC,3,0
2019-11-02,3219367,GB1,2019,domestic_league,379,762,West Ham United,Newcastle United,2,3
2019-11-02,3219370,GB1,2019,domestic_league,1237,1123,Brighton & Hove Albion,Norwich City,2,0
2019-11-02,3219371,GB1,2019,domestic_league,11,543,Arsenal FC,Wolverhampton Wanderers,1,1
2019-11-02,3219372,GB1,2019,domestic_league,405,31,Aston Villa,Liverpool FC,1,2
2019-11-02,3219378,GB1,2019,domestic_league,989,985,AFC Bournemouth,Manchester United,1,0
2019-11-02,3223094,TR1,2019,domestic_league,2293,820,Konyaspor,Gençlerbirliği Spor Kulübü,1,1
2019-11-02,3223096,TR1,2019,domestic_league,589,114,Antalyaspor,Beşiktaş Jimnastik Kulübü,1,2
2019-11-02,3223098,TR1,2019,domestic_league,11282,6890,Alanyaspor,Basaksehir FK,0,0
2019-11-02,3223099,TR1,2019,domestic_league,449,1467,Trabzonspor,Göztepe,0,1
2019-11-02,3229267,IT1,2019,domestic_league,1025,46,Bologna Football Club 1909,Inter Milan,1,2
2019-11-02,3229273,IT1,2019,domestic_league,12,6195,Associazione Sportiva Roma,SSC Napoli,2,1
2019-11-02,3229275,IT1,2019,domestic_league,416,506,Torino FC,Juventus FC,0,1
2019-11-02,3263160,UKR1,2019,domestic_league,2740,16239,Vorskla Poltava,Desna Chernigiv,0,1
2019-11-02,3263164,UKR1,2019,domestic_league,2477,660,Karpaty Lviv (-2021),FC Shakhtar Donetsk,0,3
2019-11-02,3266924,RU1,2019,domestic_league,28095,932,FK Ufa,"Футбольный клуб ""Локомотив"" Москва",1,1
2019-11-02,3266925,RU1,2019,domestic_league,121,3725,FK Dinamo Moskva,RFK Akhmat Grozny,1,1
2019-11-02,3266926,RU1,2019,domestic_league,41231,41201,FK Sochi,PFK Tambov (-2021),1,2
2019-11-02,3266927,RU1,2019,domestic_league,964,2410,AO FK Zenit Sankt-Peterburg,PFK CSKA Moskva,1,1
2019-11-02,3274375,BE1,2019,domestic_league,2282,601,Club Brugge KV,KV Kortrijk,3,0
2019-11-02,3274376,BE1,2019,domestic_league,29228,1096,Royal Excel Mouscron (-2022),Royal Antwerp FC,3,1
2019-11-02,3274377,BE1,2019,domestic_league,1245,1184,KAS Eupen,KRC Genk,2,0
2019-11-02,3274378,BE1,2019,domestic_league,28643,3508,SK Beveren,Zulte Waregem,1,2
2019-11-02,3274379,BE1,2019,domestic_league,475,2861,Sint-Truidense VV,KV Oostende,1,0
2019-11-03,3199467,FR1,2019,domestic_league,40,995,FC Girondins Bordeaux,FC Nantes,2,0
2019-11-03,3199470,FR1,2019,domestic_league,618,162,AS Saint-Étienne,AS Monaco,1,0
2019-11-03,3199476,FR1,2019,domestic_league,417,1421,OGC Nice,Stade Reims,2,0
2019-11-03,3203520,L1,2019,domestic_league,38,3,Fortuna Düsseldorf,1.FC Köln,2,0
2019-11-03,3203521,L1,2019,domestic_league,167,33,FC Augsburg,FC Schalke 04,2,3
2019-11-03,3208752,ES1,2019,domestic_league,940,3709,Celta de Vigo,Getafe CF,0,1
2019-11-03,3208754,ES1,2019,domestic_league,16795,681,Granada CF,Real Sociedad,1,2
2019-11-03,3208755,ES1,2019,domestic_league,1244,1533,CD Leganés,SD Eibar,1,2
2019-11-03,3208757,ES1,2019,domestic_league,331,1108,CA Osasuna,Deportivo Alavés,4,2
2019-11-03,3208760,ES1,2019,domestic_league,1050,621,Villarreal CF,Athletic Bilbao,0,0
2019-11-03,3208761,ES1,2019,domestic_league,366,237,Real Valladolid CF,RCD Mallorca,3,0
2019-11-03,3210373,DK1,2019,domestic_league,190,5817,FC Copenhagen,Sönderjyske Fodbold,3,0
2019-11-03,3210374,DK1,2019,domestic_league,1053,865,Aalborg BK,FC Midtjylland,0,1
2019-11-03,3210375,DK1,2019,domestic_league,5724,369,Randers FC,Lyngby Boldklub,2,1
2019-11-03,3210376,DK1,2019,domestic_league,173,5818,Odense Boldklub,Hobro IK,2,1
2019-11-03,3210377,DK1,2019,domestic_league,2778,678,FC Nordsjaelland,Aarhus GF,0,1
2019-11-03,3210464,GR1,2019,domestic_league,2441,3060,Athlitiki Enosi Konstantinoupoleos,APS Atromitos Athinon,3,2
2019-11-03,3210465,GR1,2019,domestic_league,4603,653,Athlitiki Enosi Larisas,Omilos Filathlon Irakliou FC,3,2
2019-11-03,3210467,GR1,2019,domestic_league,1091,265,Panthessalonikios Athlitikos Omilos Konstantinoupoliton,Panathinaikos Athlitikos Omilos,2,2
2019-11-03,3210468,GR1,2019,domestic_league,6418,6676,Panetolikos Agrinio,A.G.S Asteras Tripolis,1,1
2019-11-03,3211463,PO1,2019,domestic_league,2424,1301,Gil Vicente FC,CS Marítimo,2,0
2019-11-03,3211465,PO1,2019,domestic_league,1075,3329,SC Braga,FC Famalicão,2,2
2019-11-03,3211467,PO1,2019,domestic_league,720,3336,FC Porto,Desportivo Aves (- 2020),1,0
2019-11-03,3211471,PO1,2019,domestic_league,7179,336,CD Tondela,Sporting CP,1,0
2019-11-03,3216130,NL1,2019,domestic_league,200,385,FC Utrecht,Fortuna Sittardia Combinatie,6,0
2019-11-03,3216133,NL1,2019,domestic_league,1283,499,FC Emmen,Vitesse Arnhem,2,1
2019-11-03,3216134,NL1,2019,domestic_league,1426,234,VVV-Venlo,Feyenoord Rotterdam,0,3
2019-11-03,3216135,NL1,2019,domestic_league,202,403,FC Groningen,Willem II Tilburg,2,0
2019-11-03,3216136,NL1,2019,domestic_league,1268,306,ADO Den Haag,SC Heerenveen,1,1
2019-11-03,3219375,GB1,2019,domestic_league,29,148,Everton FC,Tottenham Hotspur,1,1
2019-11-03,3219376,GB1,2019,domestic_league,873,1003,Crystal Palace,Leicester City,0,2
2019-11-03,3223100,TR1,2019,domestic_league,10484,19789,Kasimpasa,Yeni Malatyaspor,2,2
2019-11-03,3223101,TR1,2019,domestic_league,3205,36,Kayserispor,Fenerbahce,1,0
2019-11-03,3223102,TR1,2019,domestic_league,833,2381,Denizlispor,Sivasspor,0,2
2019-11-03,3229266,IT1,2019,domestic_league,800,1390,Atalanta BC,Cagliari Calcio,0,2
2019-11-03,3229268,IT1,2019,domestic_league,430,130,ACF Fiorentina,Parma Calcio 1913,1,1
2019-11-03,3229269,IT1,2019,domestic_league,252,410,Genoa CFC,Udinese Calcio,1,3
2019-11-03,3229270,IT1,2019,domestic_league,276,19,Hellas Verona,Brescia Calcio,2,1
2019-11-03,3229271,IT1,2019,domestic_league,1005,6574,US Lecce,US Sassuolo,2,2
2019-11-03,3229272,IT1,2019,domestic_league,5,398,AC Milan,Società Sportiva Lazio S.p.A.,1,2
2019-11-03,3263161,UKR1,2019,domestic_league,60551,10690,SC Dnipro-1,Zorya Lugansk,1,4
2019-11-03,3263162,UKR1,2019,domestic_league,48332,23611,Kolos Kovalivka,Olimpik Donetsk,1,2
2019-11-03,3263163,UKR1,2019,domestic_league,18303,6993,FC Oleksandriya,FK Mariupol,3,1
2019-11-03,3263165,UKR1,2019,domestic_league,338,18105,Dynamo Kyiv,PFK Lviv,4,0
2019-11-03,3266928,RU1,2019,domestic_league,16704,1083,FK Krasnodar,FK Rostov,2,2
2019-11-03,3274380,BE1,2019,domestic_league,58,520,RSC Anderlecht,Cercle Brugge,2,1
2019-11-03,3274381,BE1,2019,domestic_league,157,3057,KAA Gent,Standard Liège,3,1
2019-11-03,3274382,BE1,2019,domestic_league,354,172,KV Mechelen,Royal Charleroi Sporting Club,2,2
2019-11-04,3210379,DK1,2019,domestic_league,1177,206,Silkeborg IF,Bröndby IF,0,1
2019-11-04,3210470,GR1,2019,domestic_league,3999,60949,PAS Lamia 1964,Volou Neos Podosferikos Syllogos,1,0
2019-11-04,3211466,PO1,2019,domestic_league,2457,2995,B SAD,FC Paços de Ferreira,1,0
2019-11-04,3211468,PO1,2019,domestic_league,1085,2503,Vitória Setúbal FC,Boavista FC,1,0
2019-11-04,3211469,PO1,2019,domestic_league,7378,2423,Portimonense SC,CD Santa Clara,1,1
2019-11-04,3223097,TR1,2019,domestic_league,868,2832,MKE Ankaragücü,Gaziantep FK,1,2
2019-11-04,3229274,IT1,2019,domestic_league,2722,1038,SPAL,UC Sampdoria,0,1
2019-11-04,3266929,RU1,2019,domestic_league,11127,14589,Ural Yekaterinburg,FC Orenburg,1,2
2019-11-04,3266930,RU1,2019,domestic_league,2696,2698,PFK Krylya Sovetov Samara,FC Rubin Kazan,0,0
2019-11-04,3266931,RU1,2019,domestic_league,232,3729,FK Spartak Moskva,Arsenal Tula,0,1
2019-11-05,3252202,CL,2019,international_cup,31,1184,Liverpool FC,KRC Genk,2,1
2019-11-05,3252203,CL,2019,international_cup,6195,409,SSC Napoli,Fußballclub Red Bull Salzburg,1,1
2019-11-05,3252204,CL,2019,international_cup,131,62,FC Barcelona,SK Slavia Prague,0,0
2019-11-05,3252205,CL,2019,international_cup,16,46,Borussia Dortmund,Inter Milan,3,2
2019-11-05,3252206,CL,2019,international_cup,964,23826,AO FK Zenit Sankt-Peterburg,RB Leipzig,0,2
2019-11-05,3252207,CL,2019,international_cup,1041,294,Olympique Lyon,SL Benfica,3,1
2019-11-05,3252208,CL,2019,international_cup,631,610,Chelsea FC,Ajax Amsterdam,4,4
2019-11-05,3252209,CL,2019,international_cup,1049,1082,Valencia CF,LOSC Lille,4,1
2019-11-06,3252210,CL,2019,international_cup,583,2282,Paris Saint-Germain,Club Brugge KV,1,0
2019-11-06,3252211,CL,2019,international_cup,418,141,Real Madrid,Galatasaray,6,0
2019-11-06,3252212,CL,2019,international_cup,27,683,Bayern Munich,Olympiakos Syndesmos Filathlon Peiraios,2,0
2019-11-06,3252213,CL,2019,international_cup,159,148,Red Star Belgrade,Tottenham Hotspur,0,4
2019-11-06,3252214,CL,2019,international_cup,800,281,Atalanta BC,Manchester City,1,1
2019-11-06,3252215,CL,2019,international_cup,419,660,GNK Dinamo Zagreb,FC Shakhtar Donetsk,3,3
2019-11-06,3252216,CL,2019,international_cup,932,506,"Футбольный клуб ""Локомотив"" Москва",Juventus FC,1,2
2019-11-06,3252217,CL,2019,international_cup,15,13,Bayer 04 Leverkusen,Atlético de Madrid,2,1
2019-11-06,3252496,EL,2019,other,2420,11,Vitória Guimarães SC,Arsenal FC,1,1
2019-11-06,3266297,DKP,2019,domestic_cup,362,3426,Akademisk Boldklub,Esbjerg fB,1,2
2019-11-06,3266298,DKP,2019,domestic_cup,5716,2414,BK Fremad Amager,AC Horsens,0,3
2019-11-07,3252487,EL,2019,other,190,338,FC Copenhagen,Dynamo Kyiv,1,1
2019-11-07,3252488,EL,2019,other,2790,496,FC Lugano,Malmö Fotbollförening,0,0
2019-11-07,3252489,EL,2019,other,26,3709,FC Basel 1893,Getafe CF,2,1
2019-11-07,3252490,EL,2019,other,16704,449,FK Krasnodar,Trabzonspor,3,1
2019-11-07,3252491,EL,2019,other,195,336,Rosenborg Ballklub,Sporting CP,0,2
2019-11-07,3252492,EL,2019,other,413,383,LASK,PSV Eindhoven,4,1
2019-11-07,3252493,EL,2019,other,398,371,Società Sportiva Lazio S.p.A.,Celtic FC,1,2
2019-11-07,3252494,EL,2019,other,7769,273,CFR Cluj,Stade Rennais FC,1,0
2019-11-07,3252495,EL,2019,other,3057,24,Standard Liège,Eintracht Frankfurt,2,1
2019-11-07,3252497,EL,2019,other,234,452,Feyenoord Rotterdam,BSC Young Boys,1,1
2019-11-07,3252498,EL,2019,other,124,720,Rangers FC,FC Porto,2,0
2019-11-07,3252499,EL,2019,other,714,31614,RCD Espanyol Barcelona,Ludogorets Razgrad,6,0
2019-11-07,3252500,EL,2019,other,279,2410,Ferencvárosi TC,PFK CSKA Moskva,0,0
2019-11-07,3252501,EL,2019,other,82,157,VfL Wolfsburg,KAA Gent,1,3
2019-11-07,3252502,EL,2019,other,18303,618,FC Oleksandriya,AS Saint-Étienne,2,2
2019-11-07,3252503,EL,2019,other,18,12,Borussia Mönchengladbach,Associazione Sportiva Roma,2,1
2019-11-07,3252504,EL,2019,other,4441,6890,Wolfsberger AC,Basaksehir FK,0,3
2019-11-07,3252505,EL,2019,other,1075,114,SC Braga,Beşiktaş Jimnastik Kulübü,3,1
2019-11-07,3252506,EL,2019,other,543,540,Wolverhampton Wanderers,Slovan Bratislava,1,0
2019-11-07,3252507,EL,2019,other,985,669,Manchester United,FK Partizan Belgrade,3,0
2019-11-07,3252508,EL,2019,other,22220,1090,FC Astana,AZ Alkmaar,0,5
2019-11-07,3252557,EL,2019,other,2784,10625,APOEL Nicosia,Qarabağ FK,2,1
2019-11-07,3252558,EL,2019,other,853,368,F91 Dudelange,Sevilla FC,2,5
2019-11-08,3199479,FR1,2019,domestic_league,417,40,OGC Nice,FC Girondins Bordeaux,1,1
2019-11-08,3203530,L1,2019,domestic_league,3,533,1.FC Köln,TSG 1899 Hoffenheim,1,2
2019-11-08,3208770,ES1,2019,domestic_league,681,1244,Real Sociedad,CD Leganés,1,1
2019-11-08,3210382,DK1,2019,domestic_league,5724,1053,Randers FC,Aalborg BK,3,3
2019-11-08,3211478,PO1,2019,domestic_league,3336,2424,Desportivo Aves (- 2020),Gil Vicente FC,1,2
2019-11-08,3216137,NL1,2019,domestic_league,499,202,Vitesse Arnhem,FC Groningen,1,2
2019-11-08,3219350,GB1,2019,domestic_league,1123,1010,Norwich City,Watford FC,0,2
2019-11-08,3223108,TR1,2019,domestic_league,36,10484,Fenerbahce,Kasimpasa,3,2
2019-11-08,3229284,IT1,2019,domestic_league,6574,1025,US Sassuolo,Bologna Football Club 1909,3,1
2019-11-08,3274383,BE1,2019,domestic_league,3508,58,Zulte Waregem,RSC Anderlecht,1,2
2019-11-08,3274525,RU1,2019,domestic_league,3725,11127,RFK Akhmat Grozny,Ural Yekaterinburg,0,0
2019-11-08,3276831,FAC,2019,domestic_cup,6169,1220,Dulwich Hamlet,Carlisle United,1,4
2019-11-09,3199480,FR1,2019,domestic_league,162,2969,AS Monaco,Dijon FCO,1,0
2019-11-09,3199482,FR1,2019,domestic_league,1082,347,LOSC Lille,FC Metz,0,0
2019-11-09,3199483,FR1,2019,domestic_league,3911,583,Stade Brestois 29,Paris Saint-Germain,1,2
2019-11-09,3199484,FR1,2019,domestic_league,1421,1420,Stade Reims,Angers SCO,0,0
2019-11-09,3199485,FR1,2019,domestic_league,667,1160,RC Strasbourg Alsace,Nîmes Olympique,4,1
2019-11-09,3201314,SC1,2019,domestic_league,43,465,Heart of Midlothian FC,St. Mirren FC,5,2
2019-11-09,3201315,SC1,2019,domestic_league,2553,2999,Kilmarnock FC,Hamilton Academical FC,2,2
2019-11-09,3201317,SC1,2019,domestic_league,2759,370,Ross County FC,Aberdeen FC,1,3
2019-11-09,3201318,SC1,2019,domestic_league,2578,903,St. Johnstone FC,Hibernian FC,1,4
2019-11-09,3203523,L1,2019,domestic_league,27,16,Bayern Munich,Borussia Dortmund,4,0
2019-11-09,3203526,L1,2019,domestic_league,44,23826,Hertha BSC,RB Leipzig,2,4
2019-11-09,3203527,L1,2019,domestic_league,39,89,1.FSV Mainz 05,1.FC Union Berlin,2,3
2019-11-09,3203529,L1,2019,domestic_league,33,38,FC Schalke 04,Fortuna Düsseldorf,3,3
2019-11-09,3203531,L1,2019,domestic_league,127,167,SC Paderborn 07,FC Augsburg,0,1
2019-11-09,3208762,ES1,2019,domestic_league,1108,366,Deportivo Alavés,Real Valladolid CF,3,0
2019-11-09,3208765,ES1,2019,domestic_league,131,940,FC Barcelona,Celta de Vigo,4,1
2019-11-09,3208767,ES1,2019,domestic_league,1533,418,SD Eibar,Real Madrid,0,4
2019-11-09,3208771,ES1,2019,domestic_league,1049,16795,Valencia CF,Granada CF,2,0
2019-11-09,3210383,DK1,2019,domestic_league,2414,1177,AC Horsens,Silkeborg IF,2,1
2019-11-09,3210474,GR1,2019,domestic_league,60949,6418,Volou Neos Podosferikos Syllogos,Panetolikos Agrinio,3,2
2019-11-09,3210475,GR1,2019,domestic_league,653,1091,Omilos Filathlon Irakliou FC,Panthessalonikios Athlitikos Omilos Konstantinoupoliton,0,1
2019-11-09,3211472,PO1,2019,domestic_league,2423,294,CD Santa Clara,SL Benfica,1,2
2019-11-09,3211473,PO1,2019,domestic_league,3329,979,FC Famalicão,Moreirense FC,3,3
2019-11-09,3211477,PO1,2019,domestic_league,2425,1085,Rio Ave FC,Vitória Setúbal FC,1,0
2019-11-09,3216138,NL1,2019,domestic_league,306,468,SC Heerenveen,Sparta Rotterdam,2,1
2019-11-09,3216140,NL1,2019,domestic_league,385,1268,Fortuna Sittardia Combinatie,ADO Den Haag,1,0
2019-11-09,3216141,NL1,2019,domestic_league,1304,1426,Heracles Almelo,VVV-Venlo,6,1
2019-11-09,3219353,GB1,2019,domestic_league,148,350,Tottenham Hotspur,Sheffield United,1,1
2019-11-09,3219359,GB1,2019,domestic_league,180,29,Southampton FC,Everton FC,1,2
2019-11-09,3219360,GB1,2019,domestic_league,762,989,Newcastle United,AFC Bournemouth,2,1
2019-11-09,3219363,GB1,2019,domestic_league,1003,11,Leicester City,Arsenal FC,2,0
2019-11-09,3219368,GB1,2019,domestic_league,1132,379,Burnley FC,West Ham United,3,0
2019-11-09,3219369,GB1,2019,domestic_league,631,873,Chelsea FC,Crystal Palace,2,0
2019-11-09,3223104,TR1,2019,domestic_league,2832,141,Gaziantep FK,Galatasaray,0,2
2019-11-09,3223106,TR1,2019,domestic_league,2381,2293,Sivasspor,Konyaspor,2,0
2019-11-09,3223107,TR1,2019,domestic_league,820,3205,Gençlerbirliği Spor Kulübü,Kayserispor,2,1
2019-11-09,3223110,TR1,2019,domestic_league,126,589,Caykur Rizespor,Antalyaspor,1,0
2019-11-09,3229276,IT1,2019,domestic_league,19,416,Brescia Calcio,Torino FC,0,4
2019-11-09,3229278,IT1,2019,domestic_league,46,276,Inter Milan,Hellas Verona,2,1
2019-11-09,3229281,IT1,2019,domestic_league,6195,252,SSC Napoli,Genoa CFC,0,0
2019-11-09,3263167,UKR1,2019,domestic_league,6993,2477,FK Mariupol,Karpaty Lviv (-2021),2,2
2019-11-09,3263170,UKR1,2019,domestic_league,16239,60551,Desna Chernigiv,SC Dnipro-1,1,1
2019-11-09,3263171,UKR1,2019,domestic_league,18105,2740,PFK Lviv,Vorskla Poltava,2,0
2019-11-09,3274384,BE1,2019,domestic_league,601,28643,KV Kortrijk,SK Beveren,1,3
2019-11-09,3274385,BE1,2019,domestic_league,2861,29228,KV Oostende,Royal Excel Mouscron (-2022),2,2
2019-11-09,3274386,BE1,2019,domestic_league,520,475,Cercle Brugge,Sint-Truidense VV,2,1
2019-11-09,3274387,BE1,2019,domestic_league,172,1245,Royal Charleroi Sporting Club,KAS Eupen,1,0
2019-11-09,3274526,RU1,2019,domestic_league,2698,121,FC Rubin Kazan,FK Dinamo Moskva,0,1
2019-11-09,3274527,RU1,2019,domestic_league,1083,41201,FK Rostov,PFK Tambov (-2021),1,2
2019-11-09,3274528,RU1,2019,domestic_league,232,2696,FK Spartak Moskva,PFK Krylya Sovetov Samara,2,0
2019-11-09,3276832,FAC,2019,domestic_cup,289,2814,Sunderland AFC,Gillingham FC,1,1
2019-11-09,3276833,FAC,2019,domestic_cup,677,1198,Ipswich Town,Lincoln City,1,1
2019-11-09,3276834,FAC,2019,domestic_cup,22563,12335,Oxford City,Solihull Moors,1,5
2019-11-09,3276835,FAC,2019,domestic_cup,3537,2964,Crawley Town,Scunthorpe United,4,1
2019-11-09,3276836,FAC,2019,domestic_cup,1060,990,Colchester United,Coventry City,0,2
2019-11-09,3276837,FAC,2019,domestic_cup,355,2262,Bolton Wanderers,Plymouth Argyle,0,1
2019-11-09,3276838,FAC,2019,domestic_cup,7047,1218,Maidstone United,Torquay United,1,0
2019-11-09,3276840,FAC,2019,domestic_cup,986,6699,Cambridge United,Exeter City,1,1
2019-11-09,3276841,FAC,2019,domestic_cup,22687,10391,Stourbridge FC,Eastleigh FC,2,2
2019-11-09,3276842,FAC,2019,domestic_cup,34888,2963,Salford City,Burton Albion,1,1
2019-11-09,3276843,FAC,2019,domestic_cup,3455,7067,Forest Green Rovers,Billericay Town,4,0
2019-11-09,3276844,FAC,2019,domestic_cup,2797,1045,Ebbsfleet United,Notts County,2,3
2019-11-09,3276845,FAC,2019,domestic_cup,899,37486,Walsall FC,Darlington FC,2,2
2019-11-09,3276846,FAC,2019,domestic_cup,12869,22672,Nantwich Town FC,AFC Fylde,0,1
2019-11-09,3276847,FAC,2019,domestic_cup,3884,2454,AFC Wimbledon,Doncaster Rovers,1,1
2019-11-09,3276848,FAC,2019,domestic_cup,3054,1027,Shrewsbury Town,Bradford City,1,1
2019-11-09,3276849,FAC,2019,domestic_cup,1034,3716,Grimsby Town,Newport County,1,1
2019-11-09,3276850,FAC,2019,domestic_cup,3820,13286,Mansfield Town,Chorley FC,1,0
2019-11-09,3276851,FAC,2019,domestic_cup,1074,2805,Tranmere Rovers,Wycombe Wanderers,2,2
2019-11-09,3276852,FAC,2019,domestic_cup,8908,3489,Carshalton Athletic,Boston United,1,4
2019-11-09,3276853,FAC,2019,domestic_cup,3371,352,Cheltenham Town,Swindon Town,1,1
2019-11-09,3276854,FAC,2019,domestic_cup,3688,1042,Accrington Stanley,Crewe Alexandra,0,2
2019-11-09,3276855,FAC,2019,domestic_cup,7123,1194,Maidenhead United,Rotherham United,1,3
2019-11-09,3276856,FAC,2019,domestic_cup,1181,3697,Blackpool FC,Morecambe FC,4,1
2019-11-09,3276857,FAC,2019,domestic_cup,991,1211,Milton Keynes Dons,Port Vale FC,0,1
2019-11-09,3276858,FAC,2019,domestic_cup,3684,1072,Stevenage FC,Peterborough United,1,1
2019-11-10,3199477,FR1,2019,domestic_league,244,1041,Olympique Marseille,Olympique Lyon,2,1
2019-11-10,3199478,FR1,2019,domestic_league,969,415,Montpellier HSC,FC Toulouse,3,0
2019-11-10,3199481,FR1,2019,domestic_league,273,1416,Stade Rennais FC,Amiens SC,3,1
2019-11-10,3199486,FR1,2019,domestic_league,995,618,FC Nantes,AS Saint-Étienne,2,3
2019-11-10,3201313,SC1,2019,domestic_league,371,987,Celtic FC,Motherwell FC,2,0
2019-11-10,3201316,SC1,2019,domestic_league,1241,124,Livingston FC,Rangers FC,0,2
2019-11-10,3203524,L1,2019,domestic_league,18,86,Borussia Mönchengladbach,SV Werder Bremen,3,1
2019-11-10,3203525,L1,2019,domestic_league,82,15,VfL Wolfsburg,Bayer 04 Leverkusen,0,2
2019-11-10,3203528,L1,2019,domestic_league,60,24,SC Freiburg,Eintracht Frankfurt,1,0
2019-11-10,3208763,ES1,2019,domestic_league,621,3368,Athletic Bilbao,Levante UD,2,1
2019-11-10,3208764,ES1,2019,domestic_league,13,714,Atlético de Madrid,RCD Espanyol Barcelona,3,1
2019-11-10,3208766,ES1,2019,domestic_league,150,368,Real Betis Balompié,Sevilla FC,1,2
2019-11-10,3208768,ES1,2019,domestic_league,3709,331,Getafe CF,CA Osasuna,0,0
2019-11-10,3208769,ES1,2019,domestic_league,237,1050,RCD Mallorca,Villarreal CF,3,1
2019-11-10,3210380,DK1,2019,domestic_league,865,190,FC Midtjylland,FC Copenhagen,4,1
2019-11-10,3210381,DK1,2019,domestic_league,206,3426,Bröndby IF,Esbjerg fB,2,1
2019-11-10,3210384,DK1,2019,domestic_league,678,5817,Aarhus GF,Sönderjyske Fodbold,4,2
2019-11-10,3210385,DK1,2019,domestic_league,5818,2778,Hobro IK,FC Nordsjaelland,2,2
2019-11-10,3210386,DK1,2019,domestic_league,369,173,Lyngby Boldklub,Odense Boldklub,4,3
2019-11-10,3210472,GR1,2019,domestic_league,128,169,AO Xanthi,Panionios Athens,1,2
2019-11-10,3210473,GR1,2019,domestic_league,605,6676,Aris Thessalonikis,A.G.S Asteras Tripolis,2,1
2019-11-10,3210476,GR1,2019,domestic_league,683,3060,Olympiakos Syndesmos Filathlon Peiraios,APS Atromitos Athinon,2,0
2019-11-10,3210477,GR1,2019,domestic_league,265,2441,Panathinaikos Athlitikos Omilos,Athlitiki Enosi Konstantinoupoleos,3,2
2019-11-10,3211474,PO1,2019,domestic_league,2995,7179,FC Paços de Ferreira,CD Tondela,1,0
2019-11-10,3211475,PO1,2019,domestic_league,2503,720,Boavista FC,FC Porto,0,1
2019-11-10,3211476,PO1,2019,domestic_league,1301,7378,CS Marítimo,Portimonense SC,1,1
2019-11-10,3211479,PO1,2019,domestic_league,336,2457,Sporting CP,B SAD,2,0
2019-11-10,3211480,PO1,2019,domestic_league,2420,1075,Vitória Guimarães SC,SC Braga,0,2
2019-11-10,3216139,NL1,2019,domestic_league,403,383,Willem II Tilburg,PSV Eindhoven,2,1
2019-11-10,3216142,NL1,2019,domestic_league,317,1269,FC Twente Enschede,PEC Zwolle,2,1
2019-11-10,3216143,NL1,2019,domestic_league,1090,1283,AZ Alkmaar,FC Emmen,3,0
2019-11-10,3216144,NL1,2019,domestic_league,610,200,Ajax Amsterdam,FC Utrecht,4,0
2019-11-10,3216145,NL1,2019,domestic_league,234,235,Feyenoord Rotterdam,RKC Waalwijk,3,2
2019-11-10,3219352,GB1,2019,domestic_league,543,405,Wolverhampton Wanderers,Aston Villa,2,1
2019-11-10,3219364,GB1,2019,domestic_league,31,281,Liverpool FC,Manchester City,3,1
2019-11-10,3219366,GB1,2019,domestic_league,985,1237,Manchester United,Brighton & Hove Albion,3,1
2019-11-10,3223103,TR1,2019,domestic_league,6890,868,Basaksehir FK,MKE Ankaragücü,2,1
2019-11-10,3223105,TR1,2019,domestic_league,1467,19789,Göztepe,Yeni Malatyaspor,1,1
2019-11-10,3223109,TR1,2019,domestic_league,449,11282,Trabzonspor,Alanyaspor,1,0
2019-11-10,3223111,TR1,2019,domestic_league,114,833,Beşiktaş Jimnastik Kulübü,Denizlispor,1,0
2019-11-10,3229277,IT1,2019,domestic_league,1390,430,Cagliari Calcio,ACF Fiorentina,5,2
2019-11-10,3229279,IT1,2019,domestic_league,506,5,Juventus FC,AC Milan,1,0
2019-11-10,3229280,IT1,2019,domestic_league,398,1005,Società Sportiva Lazio S.p.A.,US Lecce,4,2
2019-11-10,3229282,IT1,2019,domestic_league,130,12,Parma Calcio 1913,Associazione Sportiva Roma,2,0
2019-11-10,3229283,IT1,2019,domestic_league,1038,800,UC Sampdoria,Atalanta BC,0,0
2019-11-10,3229285,IT1,2019,domestic_league,410,2722,Udinese Calcio,SPAL,0,0
2019-11-10,3263166,UKR1,2019,domestic_league,660,338,FC Shakhtar Donetsk,Dynamo Kyiv,1,0
2019-11-10,3263168,UKR1,2019,domestic_league,23611,18303,Olimpik Donetsk,FC Oleksandriya,0,0
2019-11-10,3263169,UKR1,2019,domestic_league,10690,48332,Zorya Lugansk,Kolos Kovalivka,2,0
2019-11-10,3274388,BE1,2019,domestic_league,3057,354,Standard Liège,KV Mechelen,1,2
2019-11-10,3274389,BE1,2019,domestic_league,1184,157,KRC Genk,KAA Gent,0,2
2019-11-10,3274390,BE1,2019,domestic_league,1096,2282,Royal Antwerp FC,Club Brugge KV,2,1
2019-11-10,3274529,RU1,2019,domestic_league,14589,28095,FC Orenburg,FK Ufa,0,0
2019-11-10,3274530,RU1,2019,domestic_league,3729,964,Arsenal Tula,AO FK Zenit Sankt-Peterburg,0,1
2019-11-10,3274531,RU1,2019,domestic_league,41231,2410,FK Sochi,PFK CSKA Moskva,2,3
2019-11-10,3274532,RU1,2019,domestic_league,932,16704,"Футбольный клуб ""Локомотив"" Москва",FK Krasnodar,1,1
2019-11-10,3276868,FAC,2019,domestic_cup,3936,2793,Dover Athletic,Southend United,1,0
2019-11-10,3276869,FAC,2019,domestic_cup,1252,2962,York City,Altrincham FC,0,1
2019-11-10,3276870,FAC,2019,domestic_cup,1112,1088,Wrexham AFC,Rochdale AFC,0,0
2019-11-10,3276871,FAC,2019,domestic_cup,1150,27045,Leyton Orient,Maldon & Tiptree FC,1,2
2019-11-10,3276872,FAC,2019,domestic_cup,21652,1302,Chippenham Town,Northampton Town,0,3
2019-11-10,3276873,FAC,2019,domestic_cup,2455,8981,Bristol Rovers,Bromley FC,1,1
2019-11-10,3276874,FAC,2019,domestic_cup,3456,1078,Gateshead FC,Oldham Athletic,1,2
2019-11-10,3276875,FAC,2019,domestic_cup,2804,11177,Barnet FC,Fleetwood Town,0,2
2019-11-10,3276876,FAC,2019,domestic_cup,2436,3454,Macclesfield Town FC,Kingstonian FC,0,4
2019-11-10,3276877,FAC,2019,domestic_cup,6908,988,Hayes & Yeading FC,Oxford United,0,2
2019-11-11,3210471,GR1,2019,domestic_league,4603,3999,Athlitiki Enosi Larisas,PAS Lamia 1964,0,3
2019-11-11,3276878,FAC,2019,domestic_cup,12020,1020,Harrogate Town,Portsmouth FC,1,2
2019-11-12,3276839,FAC,2019,domestic_cup,972,2577,Yeovil Town,Hartlepool United,1,4
2019-11-13,3269690,CDR,2019,domestic_cup,55976,74279,Tolosa CF,CD Pontellas,1,0
2019-11-13,3269691,CDR,2019,domestic_cup,50121,52458,CD Becerril,Urraca CF,1,0
2019-11-13,3269692,CDR,2019,domestic_cup,74478,74477,Comillas CF,CD Barquereño,4,3
2019-11-13,3269693,CDR,2019,domestic_cup,10718,73876,FC Andorra,CE Andratx,3,0
2019-11-13,3269694,CDR,2019,domestic_cup,15643,73877,UD Fraga,CD Peña Azagresa,0,1
2019-11-13,3269695,CDR,2019,domestic_cup,42457,74280,Club Atlético Antoniano,Atlético Porcuna CF,2,0
2019-11-13,3269696,CDR,2019,domestic_cup,77180,54633,CB Ramón y Cajal,EG El Palmar CF,1,2
2019-11-13,3269697,CDR,2019,domestic_cup,74219,76399,Melilla CD,AD Lobón,1,0
2019-11-13,3269698,CDR,2019,domestic_cup,47051,75275,CD El Álamo,CD Pedroñeras,2,1
2019-11-13,3269699,CDR,2019,domestic_cup,67212,76400,CF Intercity,UD Gran Tarajal,3,0
2019-11-16,3255921,POCP,2019,,3268,3325,Casa Pia AC,GD Chaves,0,1
2019-11-19,3282964,FAC,2019,domestic_cup,2814,289,Gillingham FC,Sunderland AFC,1,0
2019-11-19,3282965,FAC,2019,domestic_cup,1088,1112,Rochdale AFC,Wrexham AFC,1,0
2019-11-19,3282966,FAC,2019,domestic_cup,6699,986,Exeter City,Cambridge United,1,0
2019-11-19,3282967,FAC,2019,domestic_cup,10391,22687,Eastleigh FC,Stourbridge FC,3,0
2019-11-19,3282968,FAC,2019,domestic_cup,2963,34888,Burton Albion,Salford City,4,1
2019-11-19,3282969,FAC,2019,domestic_cup,8981,2455,Bromley FC,Bristol Rovers,0,1
2019-11-19,3282970,FAC,2019,domestic_cup,2454,3884,Doncaster Rovers,AFC Wimbledon,2,0
2019-11-19,3282971,FAC,2019,domestic_cup,1027,3054,Bradford City,Shrewsbury Town,0,1
2019-11-19,3282972,FAC,2019,domestic_cup,352,3371,Swindon Town,Cheltenham Town,0,1
2019-11-19,3282973,FAC,2019,domestic_cup,1072,3684,Peterborough United,Stevenage FC,2,0
2019-11-20,3282974,FAC,2019,domestic_cup,1198,677,Lincoln City,Ipswich Town,0,1
2019-11-20,3282975,FAC,2019,domestic_cup,37486,899,Darlington FC,Walsall FC,0,1
2019-11-20,3282976,FAC,2019,domestic_cup,3716,1034,Newport County,Grimsby Town,2,0
2019-11-20,3282977,FAC,2019,domestic_cup,2805,1074,Wycombe Wanderers,Tranmere Rovers,1,2
2019-11-21,3237859,BE1,2019,domestic_league,1096,157,Royal Antwerp FC,KAA Gent,3,2
2019-11-22,3199488,FR1,2019,domestic_league,583,1082,Paris Saint-Germain,LOSC Lille,2,0
2019-11-22,3203532,L1,2019,domestic_league,16,127,Borussia Dortmund,SC Paderborn 07,3,3
2019-11-22,3208777,ES1,2019,domestic_league,3368,237,Levante UD,RCD Mallorca,2,1
2019-11-22,3210391,DK1,2019,domestic_league,2778,5724,FC Nordsjaelland,Randers FC,3,0
2019-11-22,3223114,TR1,2019,domestic_league,141,6890,Galatasaray,Basaksehir FK,0,1
2019-11-22,3263177,UKR1,2019,domestic_league,660,18105,FC Shakhtar Donetsk,PFK Lviv,4,1
2019-11-22,3274391,BE1,2019,domestic_league,2282,2861,Club Brugge KV,KV Oostende,2,0
2019-11-22,3280162,RU1,2019,domestic_league,41201,932,PFK Tambov (-2021),"Футбольный клуб ""Локомотив"" Москва",2,3
2019-11-22,3284679,SFA,2019,domestic_cup,5660,1191,Linlithgow Rose FC,Falkirk FC,1,4
2019-11-23,3199489,FR1,2019,domestic_league,1041,417,Olympique Lyon,OGC Nice,2,1
2019-11-23,3199490,FR1,2019,domestic_league,3911,995,Stade Brestois 29,FC Nantes,1,1
2019-11-23,3199492,FR1,2019,domestic_league,347,1421,FC Metz,Stade Reims,1,1
2019-11-23,3199494,FR1,2019,domestic_league,1416,667,Amiens SC,RC Strasbourg Alsace,0,4
2019-11-23,3199495,FR1,2019,domestic_league,1420,1160,Angers SCO,Nîmes Olympique,1,0
2019-11-23,3199496,FR1,2019,domestic_league,2969,273,Dijon FCO,Stade Rennais FC,2,1
2019-11-23,3201319,SC1,2019,domestic_league,371,1241,Celtic FC,Livingston FC,4,0
2019-11-23,3201321,SC1,2019,domestic_league,903,987,Hibernian FC,Motherwell FC,3,1
2019-11-23,3201322,SC1,2019,domestic_league,2553,43,Kilmarnock FC,Heart of Midlothian FC,3,0
2019-11-23,3201324,SC1,2019,domestic_league,465,2759,St. Mirren FC,Ross County FC,2,1
2019-11-23,3203533,L1,2019,domestic_league,23826,3,RB Leipzig,1.FC Köln,4,1
2019-11-23,3203534,L1,2019,domestic_league,15,60,Bayer 04 Leverkusen,SC Freiburg,1,1
2019-11-23,3203535,L1,2019,domestic_league,24,82,Eintracht Frankfurt,VfL Wolfsburg,0,2
2019-11-23,3203536,L1,2019,domestic_league,86,33,SV Werder Bremen,FC Schalke 04,1,2
2019-11-23,3203538,L1,2019,domestic_league,38,27,Fortuna Düsseldorf,Bayern Munich,0,4
2019-11-23,3203540,L1,2019,domestic_league,89,18,1.FC Union Berlin,Borussia Mönchengladbach,2,0
2019-11-23,3208772,ES1,2019,domestic_league,150,1049,Real Betis Balompié,Valencia CF,2,1
2019-11-23,3208775,ES1,2019,domestic_league,16795,13,Granada CF,Atlético de Madrid,1,1
2019-11-23,3208776,ES1,2019,domestic_league,1244,131,CD Leganés,FC Barcelona,1,2
2019-11-23,3208779,ES1,2019,domestic_league,418,681,Real Madrid,Real Sociedad,3,1
2019-11-23,3211136,GR1,2019,domestic_league,169,683,Panionios Athens,Olympiakos Syndesmos Filathlon Peiraios,1,1
2019-11-23,3211137,GR1,2019,domestic_league,3999,128,PAS Lamia 1964,AO Xanthi,1,0
2019-11-23,3216146,NL1,2019,domestic_league,200,1090,FC Utrecht,AZ Alkmaar,0,3
2019-11-23,3216148,NL1,2019,domestic_league,1269,385,PEC Zwolle,Fortuna Sittardia Combinatie,3,1
2019-11-23,3216149,NL1,2019,domestic_league,610,1304,Ajax Amsterdam,Heracles Almelo,4,1
2019-11-23,3216150,NL1,2019,domestic_league,1268,403,ADO Den Haag,Willem II Tilburg,3,3
2019-11-23,3219340,GB1,2019,domestic_league,379,148,West Ham United,Tottenham Hotspur,2,3
2019-11-23,3219343,GB1,2019,domestic_league,1010,1132,Watford FC,Burnley FC,0,3
2019-11-23,3219346,GB1,2019,domestic_league,281,631,Manchester City,Chelsea FC,2,1
2019-11-23,3219351,GB1,2019,domestic_league,1237,1003,Brighton & Hove Albion,Leicester City,0,2
2019-11-23,3219354,GB1,2019,domestic_league,873,31,Crystal Palace,Liverpool FC,1,2
2019-11-23,3219355,GB1,2019,domestic_league,29,1123,Everton FC,Norwich City,0,2
2019-11-23,3219357,GB1,2019,domestic_league,11,180,Arsenal FC,Southampton FC,2,2
2019-11-23,3219358,GB1,2019,domestic_league,989,543,AFC Bournemouth,Wolverhampton Wanderers,1,2
2019-11-23,3223113,TR1,2019,domestic_league,2293,114,Konyaspor,Beşiktaş Jimnastik Kulübü,0,1
2019-11-23,3223116,TR1,2019,domestic_league,868,449,MKE Ankaragücü,Trabzonspor,0,3
2019-11-23,3223120,TR1,2019,domestic_league,833,126,Denizlispor,Caykur Rizespor,2,0
2019-11-23,3229286,IT1,2019,domestic_league,800,506,Atalanta BC,Juventus FC,1,3
2019-11-23,3229290,IT1,2019,domestic_league,5,6195,AC Milan,SSC Napoli,1,1
2019-11-23,3229295,IT1,2019,domestic_league,416,46,Torino FC,Inter Milan,0,3
2019-11-23,3263172,UKR1,2019,domestic_league,60551,2740,SC Dnipro-1,Vorskla Poltava,1,0
2019-11-23,3263174,UKR1,2019,domestic_league,18303,10690,FC Oleksandriya,Zorya Lugansk,1,0
2019-11-23,3274392,BE1,2019,domestic_league,29228,1184,Royal Excel Mouscron (-2022),KRC Genk,2,2
2019-11-23,3274393,BE1,2019,domestic_league,1245,3057,KAS Eupen,Standard Liège,1,2
2019-11-23,3274394,BE1,2019,domestic_league,354,3508,KV Mechelen,Zulte Waregem,0,2
2019-11-23,3274395,BE1,2019,domestic_league,28643,520,SK Beveren,Cercle Brugge,1,1
2019-11-23,3280163,RU1,2019,domestic_league,14589,3725,FC Orenburg,RFK Akhmat Grozny,1,2
2019-11-23,3280164,RU1,2019,domestic_league,2698,964,FC Rubin Kazan,AO FK Zenit Sankt-Peterburg,1,2
2019-11-23,3280165,RU1,2019,domestic_league,121,1083,FK Dinamo Moskva,FK Rostov,2,1
2019-11-23,3284680,SFA,2019,domestic_cup,6567,3021,Auchinleck Talbot FC,Arbroath FC,1,1
2019-11-23,3284681,SFA,2019,domestic_cup,3014,2802,Albion Rovers FC,Airdrieonians FC,1,4
2019-11-23,3284682,SFA,2019,domestic_cup,20603,3030,Bonnyrigg Rose FC,Montrose FC,2,1
2019-11-23,3284683,SFA,2019,domestic_cup,3023,3016,Dumbarton FC,Forfar Athletic FC,3,1
2019-11-23,3284684,SFA,2019,domestic_cup,3024,44482,East Fife FC,BSC Glasgow,3,4
2019-11-23,3284685,SFA,2019,domestic_cup,12886,3015,Edinburgh City FC,Annan Athletic FC,4,3
2019-11-23,3284686,SFA,2019,domestic_cup,3028,3020,Elgin City FC,Alloa Athletic FC,1,3
2019-11-23,3284687,SFA,2019,domestic_cup,23613,28457,Formartine United FC,East Kilbride FC,0,4
2019-11-23,3284688,SFA,2019,domestic_cup,10580,16253,Inverurie Loco Works FC,Broxburn Athletic FC,0,1
2019-11-23,3284689,SFA,2019,domestic_cup,3026,3491,Greenock Morton FC,Brora Rangers FC,1,1
2019-11-23,3284690,SFA,2019,domestic_cup,2760,6324,Partick Thistle FC,Penicuik Athletic FC,1,0
2019-11-23,3284691,SFA,2019,domestic_cup,3001,3031,Queen of the South FC,Queen's Park FC,1,2
2019-11-23,3284692,SFA,2019,domestic_cup,2795,3032,Raith Rovers FC,Peterhead FC,1,0
2019-11-23,3284693,SFA,2019,domestic_cup,3033,2575,Stirling Albion FC,Clyde FC,0,2
2019-11-23,3284694,SFA,2019,domestic_cup,3034,1270,Stranraer FC,Dunfermline Athletic FC,1,0
2019-11-24,3199487,FR1,2019,domestic_league,415,244,FC Toulouse,Olympique Marseille,0,2
2019-11-24,3199491,FR1,2019,domestic_league,40,162,FC Girondins Bordeaux,AS Monaco,2,1
2019-11-24,3199493,FR1,2019,domestic_league,618,969,AS Saint-Étienne,Montpellier HSC,0,0
2019-11-24,3201320,SC1,2019,domestic_league,2999,124,Hamilton Academical FC,Rangers FC,1,3
2019-11-24,3201323,SC1,2019,domestic_league,2578,370,St. Johnstone FC,Aberdeen FC,1,1
2019-11-24,3203537,L1,2019,domestic_league,533,39,TSG 1899 Hoffenheim,1.FSV Mainz 05,1,5
2019-11-24,3203539,L1,2019,domestic_league,167,44,FC Augsburg,Hertha BSC,4,0
2019-11-24,3208773,ES1,2019,domestic_league,1533,1108,SD Eibar,Deportivo Alavés,0,2
2019-11-24,3208774,ES1,2019,domestic_league,714,3709,RCD Espanyol Barcelona,Getafe CF,1,1
2019-11-24,3208778,ES1,2019,domestic_league,331,621,CA Osasuna,Athletic Bilbao,1,2
2019-11-24,3208780,ES1,2019,domestic_league,1050,940,Villarreal CF,Celta de Vigo,1,3
2019-11-24,3208781,ES1,2019,domestic_league,366,368,Real Valladolid CF,Sevilla FC,0,1
2019-11-24,3210387,DK1,2019,domestic_league,190,5818,FC Copenhagen,Hobro IK,2,1
2019-11-24,3210388,DK1,2019,domestic_league,5817,369,Sönderjyske Fodbold,Lyngby Boldklub,2,2
2019-11-24,3210389,DK1,2019,domestic_league,1053,2414,Aalborg BK,AC Horsens,4,0
2019-11-24,3210392,DK1,2019,domestic_league,678,206,Aarhus GF,Bröndby IF,2,1
2019-11-24,3210393,DK1,2019,domestic_league,1177,3426,Silkeborg IF,Esbjerg fB,1,2
2019-11-24,3211131,GR1,2019,domestic_league,2441,605,Athlitiki Enosi Konstantinoupoleos,Aris Thessalonikis,1,1
2019-11-24,3211132,GR1,2019,domestic_league,6676,60949,A.G.S Asteras Tripolis,Volou Neos Podosferikos Syllogos,0,0
2019-11-24,3211133,GR1,2019,domestic_league,3060,653,APS Atromitos Athinon,Omilos Filathlon Irakliou FC,2,1
2019-11-24,3211134,GR1,2019,domestic_league,1091,4603,Panthessalonikios Athlitikos Omilos Konstantinoupoliton,Athlitiki Enosi Larisas,1,0
2019-11-24,3211135,GR1,2019,domestic_league,6418,265,Panetolikos Agrinio,Panathinaikos Athlitikos Omilos,0,0
2019-11-24,3216147,NL1,2019,domestic_league,383,306,PSV Eindhoven,SC Heerenveen,2,1
2019-11-24,3216151,NL1,2019,domestic_league,202,234,FC Groningen,Feyenoord Rotterdam,1,1
2019-11-24,3216152,NL1,2019,domestic_league,235,1283,RKC Waalwijk,FC Emmen,1,1
2019-11-24,3216153,NL1,2019,domestic_league,1426,317,VVV-Venlo,FC Twente Enschede,2,1
2019-11-24,3216154,NL1,2019,domestic_league,468,499,Sparta Rotterdam,Vitesse Arnhem,2,0
2019-11-24,3219349,GB1,2019,domestic_league,350,985,Sheffield United,Manchester United,3,3
2019-11-24,3223112,TR1,2019,domestic_league,10484,820,Kasimpasa,Gençlerbirliği Spor Kulübü,1,2
2019-11-24,3223117,TR1,2019,domestic_league,11282,1467,Alanyaspor,Göztepe,0,1
2019-11-24,3223118,TR1,2019,domestic_league,19789,36,Yeni Malatyaspor,Fenerbahce,0,0
2019-11-24,3223119,TR1,2019,domestic_league,3205,2381,Kayserispor,Sivasspor,1,4
2019-11-24,3229287,IT1,2019,domestic_league,1025,130,Bologna Football Club 1909,Parma Calcio 1913,2,2
2019-11-24,3229288,IT1,2019,domestic_league,276,430,Hellas Verona,ACF Fiorentina,1,0
2019-11-24,3229291,IT1,2019,domestic_league,12,19,Associazione Sportiva Roma,Brescia Calcio,3,0
2019-11-24,3229292,IT1,2019,domestic_league,1038,410,UC Sampdoria,Udinese Calcio,2,1
2019-11-24,3229293,IT1,2019,domestic_league,6574,398,US Sassuolo,Società Sportiva Lazio S.p.A.,1,2
2019-11-24,3263173,UKR1,2019,domestic_league,48332,16239,Kolos Kovalivka,Desna Chernigiv,2,0
2019-11-24,3263175,UKR1,2019,domestic_league,2477,23611,Karpaty Lviv (-2021),Olimpik Donetsk,1,2
2019-11-24,3263176,UKR1,2019,domestic_league,338,6993,Dynamo Kyiv,FK Mariupol,3,0
2019-11-24,3274396,BE1,2019,domestic_league,58,601,RSC Anderlecht,KV Kortrijk,0,0
2019-11-24,3274397,BE1,2019,domestic_league,157,1096,KAA Gent,Royal Antwerp FC,1,1
2019-11-24,3274398,BE1,2019,domestic_league,475,172,Sint-Truidense VV,Royal Charleroi Sporting Club,1,3
2019-11-24,3280166,RU1,2019,domestic_league,28095,41231,FK Ufa,FK Sochi,1,1
2019-11-24,3280167,RU1,2019,domestic_league,11127,232,Ural Yekaterinburg,FK Spartak Moskva,0,0
2019-11-24,3280168,RU1,2019,domestic_league,3729,16704,Arsenal Tula,FK Krasnodar,1,2
2019-11-24,3280169,RU1,2019,domestic_league,2410,2696,PFK CSKA Moskva,PFK Krylya Sovetov Samara,1,0
2019-11-25,3210390,DK1,2019,domestic_league,173,865,Odense Boldklub,FC Midtjylland,1,2
2019-11-25,3219356,GB1,2019,domestic_league,405,762,Aston Villa,Newcastle United,2,0
2019-11-25,3223115,TR1,2019,domestic_league,589,2832,Antalyaspor,Gaziantep FK,1,1
2019-11-25,3229289,IT1,2019,domestic_league,1005,1390,US Lecce,Cagliari Calcio,2,2
2019-11-25,3229294,IT1,2019,domestic_league,2722,252,SPAL,Genoa CFC,1,1
2019-11-26,3201312,SC1,2019,domestic_league,465,903,St. Mirren FC,Hibernian FC,1,2
2019-11-26,3252218,CL,2019,international_cup,141,2282,Galatasaray,Club Brugge KV,1,1
2019-11-26,3252219,CL,2019,international_cup,418,583,Real Madrid,Paris Saint-Germain,2,2
2019-11-26,3252220,CL,2019,international_cup,159,27,Red Star Belgrade,Bayern Munich,0,6
2019-11-26,3252221,CL,2019,international_cup,148,683,Tottenham Hotspur,Olympiakos Syndesmos Filathlon Peiraios,4,2
2019-11-26,3252222,CL,2019,international_cup,800,419,Atalanta BC,GNK Dinamo Zagreb,2,0
2019-11-26,3252224,CL,2019,international_cup,932,15,"Футбольный клуб ""Локомотив"" Москва",Bayer 04 Leverkusen,0,2
2019-11-26,3252225,CL,2019,international_cup,506,13,Juventus FC,Atlético de Madrid,1,0
2019-11-26,3260672,CL,2019,international_cup,281,660,Manchester City,FC Shakhtar Donetsk,1,1
2019-11-27,3252226,CL,2019,international_cup,1184,409,KRC Genk,Fußballclub Red Bull Salzburg,1,4
2019-11-27,3252227,CL,2019,international_cup,31,6195,Liverpool FC,SSC Napoli,1,1
2019-11-27,3252228,CL,2019,international_cup,131,16,FC Barcelona,Borussia Dortmund,3,1
2019-11-27,3252229,CL,2019,international_cup,62,46,SK Slavia Prague,Inter Milan,1,3
2019-11-27,3252230,CL,2019,international_cup,964,1041,AO FK Zenit Sankt-Peterburg,Olympique Lyon,2,0
2019-11-27,3252231,CL,2019,international_cup,23826,294,RB Leipzig,SL Benfica,2,2
2019-11-27,3252232,CL,2019,international_cup,1049,631,Valencia CF,Chelsea FC,2,2
2019-11-27,3252233,CL,2019,international_cup,1082,610,LOSC Lille,Ajax Amsterdam,0,2
2019-11-27,3266294,DKP,2019,domestic_cup,23297,1053,HB Köge,Aalborg BK,0,3
2019-11-28,3252509,EL,2019,other,368,10625,Sevilla FC,Qarabağ FK,2,0
2019-11-28,3252510,EL,2019,other,853,2784,F91 Dudelange,APOEL Nicosia,0,2
2019-11-28,3252511,EL,2019,other,496,338,Malmö Fotbollförening,Dynamo Kyiv,4,3
2019-11-28,3252512,EL,2019,other,2790,190,FC Lugano,FC Copenhagen,0,1
2019-11-28,3252513,EL,2019,other,16704,26,FK Krasnodar,FC Basel 1893,1,0
2019-11-28,3252514,EL,2019,other,449,3709,Trabzonspor,Getafe CF,0,1
2019-11-28,3252515,EL,2019,other,336,383,Sporting CP,PSV Eindhoven,4,0
2019-11-28,3252516,EL,2019,other,195,413,Rosenborg Ballklub,LASK,1,2
2019-11-28,3252517,EL,2019,other,398,7769,Società Sportiva Lazio S.p.A.,CFR Cluj,1,0
2019-11-28,3252518,EL,2019,other,371,273,Celtic FC,Stade Rennais FC,3,1
2019-11-28,3252519,EL,2019,other,11,24,Arsenal FC,Eintracht Frankfurt,1,2
2019-11-28,3252520,EL,2019,other,2420,3057,Vitória Guimarães SC,Standard Liège,1,1
2019-11-28,3252521,EL,2019,other,452,720,BSC Young Boys,FC Porto,1,2
2019-11-28,3252522,EL,2019,other,234,124,Feyenoord Rotterdam,Rangers FC,2,2
2019-11-28,3252523,EL,2019,other,2410,31614,PFK CSKA Moskva,Ludogorets Razgrad,1,1
2019-11-28,3252524,EL,2019,other,279,714,Ferencvárosi TC,RCD Espanyol Barcelona,2,2
2019-11-28,3252525,EL,2019,other,618,157,AS Saint-Étienne,KAA Gent,0,0
2019-11-28,3252526,EL,2019,other,18303,82,FC Oleksandriya,VfL Wolfsburg,0,1
2019-11-28,3252527,EL,2019,other,6890,12,Basaksehir FK,Associazione Sportiva Roma,0,3
2019-11-28,3252528,EL,2019,other,4441,18,Wolfsberger AC,Borussia Mönchengladbach,0,1
2019-11-28,3252529,EL,2019,other,114,540,Beşiktaş Jimnastik Kulübü,Slovan Bratislava,2,1
2019-11-28,3252530,EL,2019,other,1075,543,SC Braga,Wolverhampton Wanderers,3,3
2019-11-28,3252531,EL,2019,other,22220,985,FC Astana,Manchester United,2,1
2019-11-28,3252532,EL,2019,other,1090,669,AZ Alkmaar,FK Partizan Belgrade,2,2
2019-11-29,3203547,L1,2019,domestic_league,33,89,FC Schalke 04,1.FC Union Berlin,2,1
2019-11-29,3208785,ES1,2019,domestic_league,940,366,Celta de Vigo,Real Valladolid CF,0,0
2019-11-29,3210400,DK1,2019,domestic_league,369,2778,Lyngby Boldklub,FC Nordsjaelland,1,1
2019-11-29,3211481,PO1,2019,domestic_league,2423,2503,CD Santa Clara,Boavista FC,1,2
2019-11-29,3216155,NL1,2019,domestic_league,306,499,SC Heerenveen,Vitesse Arnhem,3,2
2019-11-29,3223124,TR1,2019,domestic_league,820,19789,Gençlerbirliği Spor Kulübü,Yeni Malatyaspor,3,3
2019-11-29,3263180,UKR1,2019,domestic_league,10690,2477,Zorya Lugansk,Karpaty Lviv (-2021),2,0
2019-11-29,3263182,UKR1,2019,domestic_league,2740,48332,Vorskla Poltava,Kolos Kovalivka,1,0
2019-11-29,3263183,UKR1,2019,domestic_league,18105,60551,PFK Lviv,SC Dnipro-1,0,2
2019-11-29,3274399,BE1,2019,domestic_league,1096,354,Royal Antwerp FC,KV Mechelen,1,0
2019-11-29,3286583,FAC,2019,domestic_cup,27045,3716,Maldon & Tiptree FC,Newport County,0,1
2019-11-30,3199497,FR1,2019,domestic_league,667,1041,RC Strasbourg Alsace,Olympique Lyon,1,2
2019-11-30,3199498,FR1,2019,domestic_league,1421,40,Stade Reims,FC Girondins Bordeaux,1,1
2019-11-30,3199500,FR1,2019,domestic_league,1160,347,Nîmes Olympique,FC Metz,1,1
2019-11-30,3199501,FR1,2019,domestic_league,995,415,FC Nantes,FC Toulouse,2,1
2019-11-30,3199502,FR1,2019,domestic_league,273,618,Stade Rennais FC,AS Saint-Étienne,2,1
2019-11-30,3199503,FR1,2019,domestic_league,244,3911,Olympique Marseille,Stade Brestois 29,2,1
2019-11-30,3199504,FR1,2019,domestic_league,969,1416,Montpellier HSC,Amiens SC,4,2
2019-11-30,3199505,FR1,2019,domestic_league,1082,2969,LOSC Lille,Dijon FCO,1,0
2019-11-30,3199506,FR1,2019,domestic_league,417,1420,OGC Nice,Angers SCO,3,1
2019-11-30,3201325,SC1,2019,domestic_league,370,465,Aberdeen FC,St. Mirren FC,2,1
2019-11-30,3201326,SC1,2019,domestic_league,903,2553,Hibernian FC,Kilmarnock FC,2,2
2019-11-30,3201327,SC1,2019,domestic_league,1241,2999,Livingston FC,Hamilton Academical FC,0,0
2019-11-30,3201328,SC1,2019,domestic_league,987,2578,Motherwell FC,St. Johnstone FC,4,0
2019-11-30,3203541,L1,2019,domestic_league,27,15,Bayern Munich,Bayer 04 Leverkusen,1,2
2019-11-30,3203544,L1,2019,domestic_league,533,38,TSG 1899 Hoffenheim,Fortuna Düsseldorf,1,1
2019-11-30,3203545,L1,2019,domestic_league,44,16,Hertha BSC,Borussia Dortmund,1,2
2019-11-30,3203548,L1,2019,domestic_league,3,167,1.FC Köln,FC Augsburg,1,1
2019-11-30,3203549,L1,2019,domestic_league,127,23826,SC Paderborn 07,RB Leipzig,2,3
2019-11-30,3208782,ES1,2019,domestic_league,1108,418,Deportivo Alavés,Real Madrid,1,2
2019-11-30,3208788,ES1,2019,domestic_league,237,150,RCD Mallorca,Real Betis Balompié,1,2
2019-11-30,3208789,ES1,2019,domestic_league,681,1533,Real Sociedad,SD Eibar,4,1
2019-11-30,3208791,ES1,2019,domestic_league,1049,1050,Valencia CF,Villarreal CF,2,1
2019-11-30,3211138,GR1,2019,domestic_league,4603,60949,Athlitiki Enosi Larisas,Volou Neos Podosferikos Syllogos,2,1
2019-11-30,3211141,GR1,2019,domestic_league,653,2441,Omilos Filathlon Irakliou FC,Athlitiki Enosi Konstantinoupoleos,1,0
2019-11-30,3211144,GR1,2019,domestic_league,169,6418,Panionios Athens,Panetolikos Agrinio,3,0
2019-11-30,3211483,PO1,2019,domestic_league,294,1301,SL Benfica,CS Marítimo,4,0
2019-11-30,3211485,PO1,2019,domestic_league,7378,3329,Portimonense SC,FC Famalicão,2,1
2019-11-30,3211487,PO1,2019,domestic_league,979,3336,Moreirense FC,Desportivo Aves (- 2020),3,2
2019-11-30,3216156,NL1,2019,domestic_league,403,468,Willem II Tilburg,Sparta Rotterdam,4,0
2019-11-30,3216157,NL1,2019,domestic_league,385,202,Fortuna Sittardia Combinatie,FC Groningen,1,0
2019-11-30,3216159,NL1,2019,domestic_league,1304,1268,Heracles Almelo,ADO Den Haag,4,0
2019-11-30,3219333,GB1,2019,domestic_league,148,989,Tottenham Hotspur,AFC Bournemouth,3,2
2019-11-30,3219339,GB1,2019,domestic_league,180,1010,Southampton FC,Watford FC,2,1
2019-11-30,3219341,GB1,2019,domestic_league,762,281,Newcastle United,Manchester City,2,2
2019-11-30,3219342,GB1,2019,domestic_league,31,1237,Liverpool FC,Brighton & Hove Albion,2,1
2019-11-30,3219345,GB1,2019,domestic_league,1132,873,Burnley FC,Crystal Palace,0,2
2019-11-30,3219347,GB1,2019,domestic_league,631,379,Chelsea FC,West Ham United,0,1
2019-11-30,3223121,TR1,2019,domestic_league,2381,10484,Sivasspor,Kasimpasa,2,0
2019-11-30,3223123,TR1,2019,domestic_league,126,2293,Caykur Rizespor,Konyaspor,3,1
2019-11-30,3223125,TR1,2019,domestic_league,11282,868,Alanyaspor,MKE Ankaragücü,5,0
2019-11-30,3223129,TR1,2019,domestic_league,1467,36,Göztepe,Fenerbahce,2,2
2019-11-30,3229296,IT1,2019,domestic_league,19,800,Brescia Calcio,Atalanta BC,0,3
2019-11-30,3229298,IT1,2019,domestic_league,430,1005,ACF Fiorentina,US Lecce,0,1
2019-11-30,3229299,IT1,2019,domestic_league,252,416,Genoa CFC,Torino FC,0,1
2019-11-30,3263178,UKR1,2019,domestic_league,6993,660,FK Mariupol,FC Shakhtar Donetsk,1,1
2019-11-30,3263179,UKR1,2019,domestic_league,23611,338,Olimpik Donetsk,Dynamo Kyiv,1,3
2019-11-30,3263181,UKR1,2019,domestic_league,16239,18303,Desna Chernigiv,FC Oleksandriya,2,0
2019-11-30,3274400,BE1,2019,domestic_league,2282,29228,Club Brugge KV,Royal Excel Mouscron (-2022),1,0
2019-11-30,3274401,BE1,2019,domestic_league,1184,475,KRC Genk,Sint-Truidense VV,1,2
2019-11-30,3274402,BE1,2019,domestic_league,3508,1245,Zulte Waregem,KAS Eupen,1,0
2019-11-30,3274403,BE1,2019,domestic_league,172,28643,Royal Charleroi Sporting Club,SK Beveren,2,0
2019-11-30,3280856,RU1,2019,domestic_league,2696,28095,PFK Krylya Sovetov Samara,FK Ufa,0,1
2019-11-30,3280857,RU1,2019,domestic_league,1083,11127,FK Rostov,Ural Yekaterinburg,0,0
2019-11-30,3280858,RU1,2019,domestic_league,3725,2698,RFK Akhmat Grozny,FC Rubin Kazan,1,1
2019-11-30,3286584,FAC,2019,domestic_cup,3371,1211,Cheltenham Town,Port Vale FC,1,3
2019-11-30,3286585,FAC,2019,domestic_cup,3455,1220,Forest Green Rovers,Carlisle United,2,2
2019-11-30,3286586,FAC,2019,domestic_cup,3454,22672,Kingstonian FC,AFC Fylde,0,2
2019-11-30,3286587,FAC,2019,domestic_cup,1078,2963,Oldham Athletic,Burton Albion,0,1
2019-11-30,3286588,FAC,2019,domestic_cup,1020,2962,Portsmouth FC,Altrincham FC,2,1
2019-11-30,3286589,FAC,2019,domestic_cup,3054,3820,Shrewsbury Town,Mansfield Town,2,0
2019-11-30,3286590,FAC,2019,domestic_cup,899,988,Walsall FC,Oxford United,0,1
2019-11-30,3286591,FAC,2019,domestic_cup,10391,1042,Eastleigh FC,Crewe Alexandra,1,1
2019-12-01,3201329,SC1,2019,domestic_league,124,43,Rangers FC,Heart of Midlothian FC,5,0
2019-12-01,3201330,SC1,2019,domestic_league,2759,371,Ross County FC,Celtic FC,1,4
2019-12-01,3203542,L1,2019,domestic_league,18,60,Borussia Mönchengladbach,SC Freiburg,4,2
2019-12-01,3203543,L1,2019,domestic_league,82,86,VfL Wolfsburg,SV Werder Bremen,2,3
2019-12-01,3208783,ES1,2019,domestic_league,621,16795,Athletic Bilbao,Granada CF,2,0
2019-12-01,3208784,ES1,2019,domestic_league,13,131,Atlético de Madrid,FC Barcelona,0,1
2019-12-01,3208786,ES1,2019,domestic_league,714,331,RCD Espanyol Barcelona,CA Osasuna,2,4
2019-12-01,3208787,ES1,2019,domestic_league,3709,3368,Getafe CF,Levante UD,4,0
2019-12-01,3208790,ES1,2019,domestic_league,368,1244,Sevilla FC,CD Leganés,1,0
2019-12-01,3210394,DK1,2019,domestic_league,190,206,FC Copenhagen,Bröndby IF,2,1
2019-12-01,3210396,DK1,2019,domestic_league,1053,5818,Aalborg BK,Hobro IK,1,1
2019-12-01,3210397,DK1,2019,domestic_league,5724,5817,Randers FC,Sönderjyske Fodbold,3,0
2019-12-01,3210398,DK1,2019,domestic_league,2414,173,AC Horsens,Odense Boldklub,2,1
2019-12-01,3210399,DK1,2019,domestic_league,3426,678,Esbjerg fB,Aarhus GF,1,2
2019-12-01,3211139,GR1,2019,domestic_league,128,3060,AO Xanthi,APS Atromitos Athinon,1,0
2019-12-01,3211140,GR1,2019,domestic_league,605,3999,Aris Thessalonikis,PAS Lamia 1964,1,1
2019-12-01,3211142,GR1,2019,domestic_league,683,1091,Olympiakos Syndesmos Filathlon Peiraios,Panthessalonikios Athlitikos Omilos Konstantinoupoliton,1,1
2019-12-01,3211143,GR1,2019,domestic_league,265,6676,Panathinaikos Athlitikos Omilos,A.G.S Asteras Tripolis,1,0
2019-12-01,3211482,PO1,2019,domestic_league,2424,336,Gil Vicente FC,Sporting CP,3,1
2019-12-01,3211488,PO1,2019,domestic_league,7179,2457,CD Tondela,B SAD,0,1
2019-12-01,3211489,PO1,2019,domestic_league,1085,2420,Vitória Setúbal FC,Vitória Guimarães SC,1,1
2019-12-01,3216158,NL1,2019,domestic_league,1283,383,FC Emmen,PSV Eindhoven,1,1
2019-12-01,3216160,NL1,2019,domestic_league,234,1269,Feyenoord Rotterdam,PEC Zwolle,1,0
2019-12-01,3216161,NL1,2019,domestic_league,317,610,FC Twente Enschede,Ajax Amsterdam,2,5
2019-12-01,3216162,NL1,2019,domestic_league,1090,1426,AZ Alkmaar,VVV-Venlo,1,0
2019-12-01,3216163,NL1,2019,domestic_league,200,235,FC Utrecht,RKC Waalwijk,0,1
2019-12-01,3219332,GB1,2019,domestic_league,543,350,Wolverhampton Wanderers,Sheffield United,1,1
2019-12-01,3219338,GB1,2019,domestic_league,1123,11,Norwich City,Arsenal FC,2,2
2019-12-01,3219344,GB1,2019,domestic_league,985,405,Manchester United,Aston Villa,2,2
2019-12-01,3219348,GB1,2019,domestic_league,1003,29,Leicester City,Everton FC,2,1
2019-12-01,3223122,TR1,2019,domestic_league,2832,833,Gaziantep FK,Denizlispor,1,2
2019-12-01,3223126,TR1,2019,domestic_league,449,141,Trabzonspor,Galatasaray,1,1
2019-12-01,3223127,TR1,2019,domestic_league,6890,589,Basaksehir FK,Antalyaspor,2,0
2019-12-01,3229300,IT1,2019,domestic_league,276,12,Hellas Verona,Associazione Sportiva Roma,1,3
2019-12-01,3229301,IT1,2019,domestic_league,46,2722,Inter Milan,SPAL,2,1
2019-12-01,3229302,IT1,2019,domestic_league,506,6574,Juventus FC,US Sassuolo,2,2
2019-12-01,3229303,IT1,2019,domestic_league,398,410,Società Sportiva Lazio S.p.A.,Udinese Calcio,3,0
2019-12-01,3229304,IT1,2019,domestic_league,6195,1025,SSC Napoli,Bologna Football Club 1909,1,2
2019-12-01,3229305,IT1,2019,domestic_league,130,5,Parma Calcio 1913,AC Milan,0,1
2019-12-01,3274404,BE1,2019,domestic_league,3057,520,Standard Liège,Cercle Brugge,2,1
2019-12-01,3274405,BE1,2019,domestic_league,601,157,KV Kortrijk,KAA Gent,0,2
2019-12-01,3274406,BE1,2019,domestic_league,2861,58,KV Oostende,RSC Anderlecht,3,2
2019-12-01,3280860,RU1,2019,domestic_league,932,121,"Футбольный клуб ""Локомотив"" Москва",FK Dinamo Moskva,1,2
2019-12-01,3280861,RU1,2019,domestic_league,964,232,AO FK Zenit Sankt-Peterburg,FK Spartak Moskva,1,0
2019-12-01,3286592,FAC,2019,domestic_cup,1181,7047,Blackpool FC,Maidstone United,3,1
2019-12-01,3286593,FAC,2019,domestic_cup,2455,2262,Bristol Rovers,Plymouth Argyle,1,1
2019-12-01,3286594,FAC,2019,domestic_cup,990,677,Coventry City,Ipswich Town,1,1
2019-12-01,3286595,FAC,2019,domestic_cup,3537,11177,Crawley Town,Fleetwood Town,1,2
2019-12-01,3286596,FAC,2019,domestic_cup,6699,2577,Exeter City,Hartlepool United,2,2
2019-12-01,3286597,FAC,2019,domestic_cup,2814,2454,Gillingham FC,Doncaster Rovers,3,0
2019-12-01,3286598,FAC,2019,domestic_cup,1302,1045,Northampton Town,Notts County,3,1
2019-12-01,3286599,FAC,2019,domestic_cup,1072,3936,Peterborough United,Dover Athletic,3,0
2019-12-01,3286600,FAC,2019,domestic_cup,1088,3489,Rochdale AFC,Boston United,0,0
2019-12-01,3286601,FAC,2019,domestic_cup,1074,22553,Tranmere Rovers,Chichester City,5,1
2019-12-02,3203546,L1,2019,domestic_league,39,24,1.FSV Mainz 05,Eintracht Frankfurt,2,1
2019-12-02,3210395,DK1,2019,domestic_league,865,1177,FC Midtjylland,Silkeborg IF,2,1
2019-12-02,3211484,PO1,2019,domestic_league,1075,2425,SC Braga,Rio Ave FC,2,0
2019-12-02,3211486,PO1,2019,domestic_league,720,2995,FC Porto,FC Paços de Ferreira,2,0
2019-12-02,3223128,TR1,2019,domestic_league,114,3205,Beşiktaş Jimnastik Kulübü,Kayserispor,4,1
2019-12-02,3229297,IT1,2019,domestic_league,1390,1038,Cagliari Calcio,UC Sampdoria,4,3
2019-12-02,3280862,RU1,2019,domestic_league,16704,41201,FK Krasnodar,PFK Tambov (-2021),0,0
2019-12-02,3280863,RU1,2019,domestic_league,2410,3729,PFK CSKA Moskva,Arsenal Tula,0,1
2019-12-02,3286602,FAC,2019,domestic_cup,12335,1194,Solihull Moors,Rotherham United,3,4
2019-12-03,3199509,FR1,2019,domestic_league,40,1160,FC Girondins Bordeaux,Nîmes Olympique,6,0
2019-12-03,3199513,FR1,2019,domestic_league,1041,1082,Olympique Lyon,LOSC Lille,0,1
2019-12-03,3199514,FR1,2019,domestic_league,1420,244,Angers SCO,Olympique Marseille,0,2
2019-12-03,3199515,FR1,2019,domestic_league,3911,667,Stade Brestois 29,RC Strasbourg Alsace,5,0
2019-12-03,3219322,GB1,2019,domestic_league,873,989,Crystal Palace,AFC Bournemouth,1,0
2019-12-03,3219331,GB1,2019,domestic_league,1132,281,Burnley FC,Manchester City,1,4
2019-12-03,3246408,CIT,2019,domestic_cup,2239,749,US Cremonese,FC Empoli,1,0
2019-12-03,3246409,CIT,2019,domestic_cup,430,4084,ACF Fiorentina,AS Cittadella,2,0
2019-12-03,3246410,CIT,2019,domestic_cup,252,408,Genoa CFC,Ascoli Calcio 1898,3,2
2019-12-03,3255926,POCP,2019,,10140,294,SC Covilhã,SL Benfica,1,1
2019-12-03,3280140,GRP,2019,domestic_cup,6418,4608,Panetolikos Agrinio,GAS Ialysos 1948,5,1
2019-12-03,3280141,GRP,2019,domestic_cup,5220,3993,GS Ergotelis,AO Trikala,0,1
2019-12-03,3288019,SFA,2019,domestic_cup,3491,3026,Brora Rangers FC,Greenock Morton FC,1,3
2019-12-04,3199508,FR1,2019,domestic_league,583,995,Paris Saint-Germain,FC Nantes,2,0
2019-12-04,3199510,FR1,2019,domestic_league,618,417,AS Saint-Étienne,OGC Nice,4,1
2019-12-04,3199511,FR1,2019,domestic_league,2969,969,Dijon FCO,Montpellier HSC,2,2
2019-12-04,3199516,FR1,2019,domestic_league,415,162,FC Toulouse,AS Monaco,1,2
2019-12-04,3199517,FR1,2019,domestic_league,347,273,FC Metz,Stade Rennais FC,0,1
2019-12-04,3201331,SC1,2019,domestic_league,370,124,Aberdeen FC,Rangers FC,2,2
2019-12-04,3201332,SC1,2019,domestic_league,371,2999,Celtic FC,Hamilton Academical FC,2,1
2019-12-04,3201333,SC1,2019,domestic_league,43,1241,Heart of Midlothian FC,Livingston FC,1,1
2019-12-04,3201334,SC1,2019,domestic_league,2553,2578,Kilmarnock FC,St. Johnstone FC,0,0
2019-12-04,3201335,SC1,2019,domestic_league,2759,903,Ross County FC,Hibernian FC,2,1
2019-12-04,3201336,SC1,2019,domestic_league,465,987,St. Mirren FC,Motherwell FC,0,3
2019-12-04,3219320,GB1,2019,domestic_league,31,29,Liverpool FC,Everton FC,5,2
2019-12-04,3219323,GB1,2019,domestic_league,180,1123,Southampton FC,Norwich City,2,1
2019-12-04,3219325,GB1,2019,domestic_league,631,405,Chelsea FC,Aston Villa,2,1
2019-12-04,3219330,GB1,2019,domestic_league,1003,1010,Leicester City,Watford FC,2,0
2019-12-04,3219335,GB1,2019,domestic_league,985,148,Manchester United,Tottenham Hotspur,2,1
2019-12-04,3219337,GB1,2019,domestic_league,543,379,Wolverhampton Wanderers,West Ham United,2,0
2019-12-04,3246412,CIT,2019,domestic_cup,6574,839,US Sassuolo,AC Perugia Calcio,1,2
2019-12-04,3246413,CIT,2019,domestic_cup,2722,1005,SPAL,US Lecce,5,1
2019-12-04,3246414,CIT,2019,domestic_cup,410,1025,Udinese Calcio,Bologna Football Club 1909,4,0
2019-12-04,3255925,POCP,2019,,1085,2420,Vitória Setúbal FC,Vitória Guimarães SC,0,2
2019-12-04,3255928,POCP,2019,,2424,336,Gil Vicente FC,Sporting CP,0,2
2019-12-04,3280142,GRP,2019,domestic_cup,6676,21957,A.G.S Asteras Tripolis,AO Platanias,3,2
2019-12-04,3280143,GRP,2019,domestic_cup,653,3391,Omilos Filathlon Irakliou FC,Kavala FC,4,0
2019-12-04,3280144,GRP,2019,domestic_cup,128,8699,AO Xanthi,Apollon Larisas,3,0
2019-12-04,3280145,GRP,2019,domestic_cup,169,4602,Panionios Athens,Olympiakos Volou,6,0
2019-12-04,3280146,GRP,2019,domestic_cup,2079,2671,Veria NPS,PAS Giannina,1,2
2019-12-04,3280147,GRP,2019,domestic_cup,4603,9,Athlitiki Enosi Larisas,Kalamata FC,1,0
2019-12-05,3219334,GB1,2019,domestic_league,11,1237,Arsenal FC,Brighton & Hove Albion,1,2
2019-12-05,3219336,GB1,2019,domestic_league,350,762,Sheffield United,Newcastle United,0,2
2019-12-05,3246407,CIT,2019,domestic_cup,1390,1038,Cagliari Calcio,UC Sampdoria,2,1
2019-12-05,3246411,CIT,2019,domestic_cup,130,8970,Parma Calcio 1913,Frosinone Calcio,2,1
2019-12-05,3255930,POCP,2019,,3268,720,Casa Pia AC,FC Porto,0,3
2019-12-05,3280148,GRP,2019,domestic_cup,3999,7977,PAS Lamia 1964,Eolikos Mytilinis,3,0
2019-12-05,3280149,GRP,2019,domestic_cup,60949,3385,Volou Neos Podosferikos Syllogos,Panserraikos Serres,4,2
2019-12-05,3280150,GRP,2019,domestic_cup,265,1837,Panathinaikos Athlitikos Omilos,Panachaiki GE,2,0
2019-12-06,3199518,FR1,2019,domestic_league,1160,1041,Nîmes Olympique,Olympique Lyon,0,4
2019-12-06,3199527,FR1,2019,domestic_league,1082,3911,LOSC Lille,Stade Brestois 29,1,0
2019-12-06,3203554,L1,2019,domestic_league,24,44,Eintracht Frankfurt,Hertha BSC,2,2
2019-12-06,3208800,ES1,2019,domestic_league,1050,13,Villarreal CF,Atlético de Madrid,0,0
2019-12-06,3210406,DK1,2019,domestic_league,5818,2414,Hobro IK,AC Horsens,0,0
2019-12-06,3211496,PO1,2019,domestic_league,2503,294,Boavista FC,SL Benfica,1,4
2019-12-06,3216165,NL1,2019,domestic_league,610,403,Ajax Amsterdam,Willem II Tilburg,0,2
2019-12-06,3223130,TR1,2019,domestic_league,36,820,Fenerbahce,Gençlerbirliği Spor Kulübü,5,2
2019-12-06,3229308,IT1,2019,domestic_league,46,12,Inter Milan,Associazione Sportiva Roma,0,0
2019-12-06,3264457,UKR1,2019,domestic_league,48332,60551,Kolos Kovalivka,SC Dnipro-1,4,0
2019-12-06,3264458,UKR1,2019,domestic_league,18303,2740,FC Oleksandriya,Vorskla Poltava,3,0
2019-12-06,3264461,UKR1,2019,domestic_league,660,23611,FC Shakhtar Donetsk,Olimpik Donetsk,3,0
2019-12-06,3274415,BE1,2019,domestic_league,28643,1096,SK Beveren,Royal Antwerp FC,0,4
2019-12-06,3280864,RU1,2019,domestic_league,964,121,AO FK Zenit Sankt-Peterburg,FK Dinamo Moskva,3,0
2019-12-06,3280865,RU1,2019,domestic_league,3729,932,Arsenal Tula,"Футбольный клуб ""Локомотив"" Москва",4,0
2019-12-07,3199519,FR1,2019,domestic_league,417,347,OGC Nice,FC Metz,4,1
2019-12-07,3199520,FR1,2019,domestic_league,969,583,Montpellier HSC,Paris Saint-Germain,1,3
2019-12-07,3199521,FR1,2019,domestic_league,273,1420,Stade Rennais FC,Angers SCO,2,1
2019-12-07,3199524,FR1,2019,domestic_league,667,415,RC Strasbourg Alsace,FC Toulouse,4,2
2019-12-07,3199526,FR1,2019,domestic_league,162,1416,AS Monaco,Amiens SC,3,0
2019-12-07,3201710,SC1,2019,domestic_league,2999,465,Hamilton Academical FC,St. Mirren FC,0,1
2019-12-07,3201711,SC1,2019,domestic_league,903,370,Hibernian FC,Aberdeen FC,3,0
2019-12-07,3201712,SC1,2019,domestic_league,1241,2553,Livingston FC,Kilmarnock FC,3,0
2019-12-07,3201713,SC1,2019,domestic_league,987,43,Motherwell FC,Heart of Midlothian FC,1,0
2019-12-07,3203550,L1,2019,domestic_league,16,38,Borussia Dortmund,Fortuna Düsseldorf,5,0
2019-12-07,3203551,L1,2019,domestic_league,23826,533,RB Leipzig,TSG 1899 Hoffenheim,3,1
2019-12-07,3203552,L1,2019,domestic_league,15,33,Bayer 04 Leverkusen,FC Schalke 04,2,1
2019-12-07,3203553,L1,2019,domestic_league,18,27,Borussia Mönchengladbach,Bayern Munich,2,1
2019-12-07,3203556,L1,2019,domestic_league,60,82,SC Freiburg,VfL Wolfsburg,1,0
2019-12-07,3203557,L1,2019,domestic_league,167,39,FC Augsburg,1.FSV Mainz 05,2,1
2019-12-07,3208792,ES1,2019,domestic_league,131,237,FC Barcelona,RCD Mallorca,5,2
2019-12-07,3208795,ES1,2019,domestic_league,16795,1108,Granada CF,Deportivo Alavés,3,0
2019-12-07,3208797,ES1,2019,domestic_league,3368,1049,Levante UD,Valencia CF,2,4
2019-12-07,3208799,ES1,2019,domestic_league,418,714,Real Madrid,RCD Espanyol Barcelona,2,0
2019-12-07,3211145,GR1,2019,domestic_league,2441,169,Athlitiki Enosi Konstantinoupoleos,Panionios Athens,5,0
2019-12-07,3211149,GR1,2019,domestic_league,1091,128,Panthessalonikios Athlitikos Omilos Konstantinoupoliton,AO Xanthi,2,0
2019-12-07,3211150,GR1,2019,domestic_league,6418,683,Panetolikos Agrinio,Olympiakos Syndesmos Filathlon Peiraios,0,3
2019-12-07,3211490,PO1,2019,domestic_league,3329,7179,FC Famalicão,CD Tondela,2,3
2019-12-07,3211492,PO1,2019,domestic_league,3336,1075,Desportivo Aves (- 2020),SC Braga,1,0
2019-12-07,3211497,PO1,2019,domestic_league,1301,2423,CS Marítimo,CD Santa Clara,2,2
2019-12-07,3216164,NL1,2019,domestic_league,1426,1283,VVV-Venlo,FC Emmen,2,0
2019-12-07,3216166,NL1,2019,domestic_league,1268,317,ADO Den Haag,FC Twente Enschede,0,0
2019-12-07,3216167,NL1,2019,domestic_league,383,385,PSV Eindhoven,Fortuna Sittardia Combinatie,5,0
2019-12-07,3216168,NL1,2019,domestic_league,1269,1090,PEC Zwolle,AZ Alkmaar,0,3
2019-12-07,3219310,GB1,2019,domestic_league,1010,873,Watford FC,Crystal Palace,0,0
2019-12-07,3219319,GB1,2019,domestic_league,148,1132,Tottenham Hotspur,Burnley FC,5,0
2019-12-07,3219321,GB1,2019,domestic_league,989,31,AFC Bournemouth,Liverpool FC,0,3
2019-12-07,3219326,GB1,2019,domestic_league,29,631,Everton FC,Chelsea FC,3,1
2019-12-07,3219329,GB1,2019,domestic_league,281,985,Manchester City,Manchester United,1,2
2019-12-07,3223131,TR1,2019,domestic_league,19789,2381,Yeni Malatyaspor,Sivasspor,1,3
2019-12-07,3223132,TR1,2019,domestic_league,141,11282,Galatasaray,Alanyaspor,1,0
2019-12-07,3223134,TR1,2019,domestic_league,868,1467,MKE Ankaragücü,Göztepe,1,3
2019-12-07,3229306,IT1,2019,domestic_league,800,276,Atalanta BC,Hellas Verona,3,2
2019-12-07,3229309,IT1,2019,domestic_league,398,506,Società Sportiva Lazio S.p.A.,Juventus FC,3,1
2019-12-07,3229315,IT1,2019,domestic_league,410,6195,Udinese Calcio,SSC Napoli,1,1
2019-12-07,3264460,UKR1,2019,domestic_league,338,10690,Dynamo Kyiv,Zorya Lugansk,1,2
2019-12-07,3274416,BE1,2019,domestic_league,157,3508,KAA Gent,Zulte Waregem,2,0
2019-12-07,3274417,BE1,2019,domestic_league,520,1184,Cercle Brugge,KRC Genk,1,2
2019-12-07,3274418,BE1,2019,domestic_league,354,601,KV Mechelen,KV Kortrijk,1,1
2019-12-07,3274419,BE1,2019,domestic_league,475,2282,Sint-Truidense VV,Club Brugge KV,1,2
2019-12-07,3280866,RU1,2019,domestic_league,41201,14589,PFK Tambov (-2021),FC Orenburg,3,0
2019-12-07,3280867,RU1,2019,domestic_league,16704,2410,FK Krasnodar,PFK CSKA Moskva,1,1
2019-12-07,3280868,RU1,2019,domestic_league,3725,28095,RFK Akhmat Grozny,FK Ufa,0,1
2019-12-08,3199522,FR1,2019,domestic_league,1421,618,Stade Reims,AS Saint-Étienne,3,1
2019-12-08,3199523,FR1,2019,domestic_league,995,2969,FC Nantes,Dijon FCO,1,0
2019-12-08,3199525,FR1,2019,domestic_league,244,40,Olympique Marseille,FC Girondins Bordeaux,3,1
2019-12-08,3203555,L1,2019,domestic_league,86,127,SV Werder Bremen,SC Paderborn 07,0,1
2019-12-08,3203558,L1,2019,domestic_league,89,3,1.FC Union Berlin,1.FC Köln,2,0
2019-12-08,3208793,ES1,2019,domestic_league,150,621,Real Betis Balompié,Athletic Bilbao,3,2
2019-12-08,3208794,ES1,2019,domestic_league,1533,3709,SD Eibar,Getafe CF,0,1
2019-12-08,3208796,ES1,2019,domestic_league,1244,940,CD Leganés,Celta de Vigo,3,2
2019-12-08,3208798,ES1,2019,domestic_league,331,368,CA Osasuna,Sevilla FC,1,1
2019-12-08,3208801,ES1,2019,domestic_league,366,681,Real Valladolid CF,Real Sociedad,0,0
2019-12-08,3210401,DK1,2019,domestic_league,5817,3426,Sönderjyske Fodbold,Esbjerg fB,2,1
2019-12-08,3210402,DK1,2019,domestic_league,206,865,Bröndby IF,FC Midtjylland,1,2
2019-12-08,3210404,DK1,2019,domestic_league,2778,190,FC Nordsjaelland,FC Copenhagen,0,1
2019-12-08,3210405,DK1,2019,domestic_league,678,369,Aarhus GF,Lyngby Boldklub,1,1
2019-12-08,3210407,DK1,2019,domestic_league,1177,5724,Silkeborg IF,Randers FC,2,1
2019-12-08,3211146,GR1,2019,domestic_league,6676,4603,A.G.S Asteras Tripolis,Athlitiki Enosi Larisas,1,1
2019-12-08,3211147,GR1,2019,domestic_league,3060,605,APS Atromitos Athinon,Aris Thessalonikis,2,2
2019-12-08,3211148,GR1,2019,domestic_league,60949,265,Volou Neos Podosferikos Syllogos,Panathinaikos Athlitikos Omilos,1,1
2019-12-08,3211151,GR1,2019,domestic_league,3999,653,PAS Lamia 1964,Omilos Filathlon Irakliou FC,2,1
2019-12-08,3211491,PO1,2019,domestic_league,2995,1085,FC Paços de Ferreira,Vitória Setúbal FC,2,3
2019-12-08,3211493,PO1,2019,domestic_league,2457,720,B SAD,FC Porto,1,1
2019-12-08,3211494,PO1,2019,domestic_league,2420,7378,Vitória Guimarães SC,Portimonense SC,2,0
2019-12-08,3211498,PO1,2019,domestic_league,336,979,Sporting CP,Moreirense FC,1,0
2019-12-08,3216169,NL1,2019,domestic_league,499,234,Vitesse Arnhem,Feyenoord Rotterdam,0,0
2019-12-08,3216170,NL1,2019,domestic_league,235,306,RKC Waalwijk,SC Heerenveen,1,3
2019-12-08,3216171,NL1,2019,domestic_league,202,200,FC Groningen,FC Utrecht,0,1
2019-12-08,3216172,NL1,2019,domestic_league,468,1304,Sparta Rotterdam,Heracles Almelo,0,0
2019-12-08,3219315,GB1,2019,domestic_league,1123,350,Norwich City,Sheffield United,1,2
2019-12-08,3219324,GB1,2019,domestic_league,762,180,Newcastle United,Southampton FC,2,1
2019-12-08,3219327,GB1,2019,domestic_league,1237,543,Brighton & Hove Albion,Wolverhampton Wanderers,2,2
2019-12-08,3219328,GB1,2019,domestic_league,405,1003,Aston Villa,Leicester City,1,4
2019-12-08,3223133,TR1,2019,domestic_league,589,449,Antalyaspor,Trabzonspor,1,3
2019-12-08,3223135,TR1,2019,domestic_league,10484,114,Kasimpasa,Beşiktaş Jimnastik Kulübü,2,3
2019-12-08,3223137,TR1,2019,domestic_league,2293,2832,Konyaspor,Gaziantep FK,0,0
2019-12-08,3223138,TR1,2019,domestic_league,833,6890,Denizlispor,Basaksehir FK,1,1
2019-12-08,3229307,IT1,2019,domestic_league,1025,5,Bologna Football Club 1909,AC Milan,2,3
2019-12-08,3229310,IT1,2019,domestic_league,1005,252,US Lecce,Genoa CFC,2,2
2019-12-08,3229311,IT1,2019,domestic_league,1038,130,UC Sampdoria,Parma Calcio 1913,0,1
2019-12-08,3229312,IT1,2019,domestic_league,6574,1390,US Sassuolo,Cagliari Calcio,2,2
2019-12-08,3229313,IT1,2019,domestic_league,2722,19,SPAL,Brescia Calcio,0,1
2019-12-08,3229314,IT1,2019,domestic_league,416,430,Torino FC,ACF Fiorentina,2,1
2019-12-08,3264459,UKR1,2019,domestic_league,2477,16239,Karpaty Lviv (-2021),Desna Chernigiv,2,6
2019-12-08,3264462,UKR1,2019,domestic_league,6993,18105,FK Mariupol,PFK Lviv,0,0
2019-12-08,3274420,BE1,2019,domestic_league,58,172,RSC Anderlecht,Royal Charleroi Sporting Club,0,0
2019-12-08,3274421,BE1,2019,domestic_league,29228,3057,Royal Excel Mouscron (-2022),Standard Liège,2,2
2019-12-08,3274422,BE1,2019,domestic_league,1245,2861,KAS Eupen,KV Oostende,1,0
2019-12-08,3280869,RU1,2019,domestic_league,2696,11127,PFK Krylya Sovetov Samara,Ural Yekaterinburg,2,3
2019-12-08,3280870,RU1,2019,domestic_league,41231,2698,FK Sochi,FC Rubin Kazan,1,1
2019-12-08,3280871,RU1,2019,domestic_league,232,1083,FK Spartak Moskva,FK Rostov,1,4
2019-12-09,3210403,DK1,2019,domestic_league,173,1053,Odense Boldklub,Aalborg BK,0,0
2019-12-09,3211495,PO1,2019,domestic_league,2425,2424,Rio Ave FC,Gil Vicente FC,1,0
2019-12-09,3219311,GB1,2019,domestic_league,379,11,West Ham United,Arsenal FC,1,3
2019-12-09,3223136,TR1,2019,domestic_league,3205,126,Kayserispor,Caykur Rizespor,1,0
2019-12-10,3252234,CL,2019,international_cup,409,31,Fußballclub Red Bull Salzburg,Liverpool FC,0,2
2019-12-10,3252235,CL,2019,international_cup,6195,1184,SSC Napoli,KRC Genk,4,0
2019-12-10,3252236,CL,2019,international_cup,16,62,Borussia Dortmund,SK Slavia Prague,2,1
2019-12-10,3252237,CL,2019,international_cup,46,131,Inter Milan,FC Barcelona,1,2
2019-12-10,3252238,CL,2019,international_cup,294,964,SL Benfica,AO FK Zenit Sankt-Peterburg,3,0
2019-12-10,3252239,CL,2019,international_cup,1041,23826,Olympique Lyon,RB Leipzig,2,2
2019-12-10,3252240,CL,2019,international_cup,610,1049,Ajax Amsterdam,Valencia CF,0,1
2019-12-10,3252241,CL,2019,international_cup,631,1082,Chelsea FC,LOSC Lille,2,1
2019-12-10,3290534,FAC,2019,domestic_cup,1220,3455,Carlisle United,Forest Green Rovers,1,0
2019-12-10,3290535,FAC,2019,domestic_cup,1042,10391,Crewe Alexandra,Eastleigh FC,3,1
2019-12-10,3290536,FAC,2019,domestic_cup,2577,6699,Hartlepool United,Exeter City,1,0
2019-12-10,3290537,FAC,2019,domestic_cup,677,990,Ipswich Town,Coventry City,1,2
2019-12-10,3290641,KLUB,2019,,656,18393,Al-Sadd SC,Hienghene Sport,3,1
2019-12-11,3252242,CL,2019,international_cup,2282,418,Club Brugge KV,Real Madrid,1,3
2019-12-11,3252243,CL,2019,international_cup,583,141,Paris Saint-Germain,Galatasaray,5,0
2019-12-11,3252244,CL,2019,international_cup,27,148,Bayern Munich,Tottenham Hotspur,3,1
2019-12-11,3252245,CL,2019,international_cup,683,159,Olympiakos Syndesmos Filathlon Peiraios,Red Star Belgrade,1,0
2019-12-11,3252246,CL,2019,international_cup,419,281,GNK Dinamo Zagreb,Manchester City,1,4
2019-12-11,3252247,CL,2019,international_cup,660,800,FC Shakhtar Donetsk,Atalanta BC,0,3
2019-12-11,3252248,CL,2019,international_cup,13,932,Atlético de Madrid,"Футбольный клуб ""Локомотив"" Москва",2,0
2019-12-11,3252249,CL,2019,international_cup,15,506,Bayer 04 Leverkusen,Juventus FC,0,2
2019-12-11,3286279,CDR,2019,domestic_cup,24420,11601,UD Logroñés,Marino Luanco,2,1
2019-12-12,3252533,EL,2019,other,2784,368,APOEL Nicosia,Sevilla FC,1,0
2019-12-12,3252534,EL,2019,other,10625,853,Qarabağ FK,F91 Dudelange,1,1
2019-12-12,3252535,EL,2019,other,338,2790,Dynamo Kyiv,FC Lugano,1,1
2019-12-12,3252536,EL,2019,other,190,496,FC Copenhagen,Malmö Fotbollförening,0,1
2019-12-12,3252537,EL,2019,other,26,449,FC Basel 1893,Trabzonspor,2,0
2019-12-12,3252538,EL,2019,other,3709,16704,Getafe CF,FK Krasnodar,3,0
2019-12-12,3252539,EL,2019,other,383,195,PSV Eindhoven,Rosenborg Ballklub,1,1
2019-12-12,3252540,EL,2019,other,413,336,LASK,Sporting CP,3,0
2019-12-12,3252541,EL,2019,other,273,398,Stade Rennais FC,Società Sportiva Lazio S.p.A.,2,0
2019-12-12,3252542,EL,2019,other,7769,371,CFR Cluj,Celtic FC,2,0
2019-12-12,3252543,EL,2019,other,24,2420,Eintracht Frankfurt,Vitória Guimarães SC,2,3
2019-12-12,3252544,EL,2019,other,3057,11,Standard Liège,Arsenal FC,2,2
2019-12-12,3252545,EL,2019,other,720,234,FC Porto,Feyenoord Rotterdam,3,2
2019-12-12,3252546,EL,2019,other,124,452,Rangers FC,BSC Young Boys,1,1
2019-12-12,3252547,EL,2019,other,31614,279,Ludogorets Razgrad,Ferencvárosi TC,1,1
2019-12-12,3252548,EL,2019,other,714,2410,RCD Espanyol Barcelona,PFK CSKA Moskva,0,1
2019-12-12,3252549,EL,2019,other,82,618,VfL Wolfsburg,AS Saint-Étienne,1,0
2019-12-12,3252550,EL,2019,other,157,18303,KAA Gent,FC Oleksandriya,2,1
2019-12-12,3252551,EL,2019,other,12,4441,Associazione Sportiva Roma,Wolfsberger AC,2,2
2019-12-12,3252552,EL,2019,other,18,6890,Borussia Mönchengladbach,Basaksehir FK,1,2
2019-12-12,3252553,EL,2019,other,543,114,Wolverhampton Wanderers,Beşiktaş Jimnastik Kulübü,4,0
2019-12-12,3252554,EL,2019,other,540,1075,Slovan Bratislava,SC Braga,2,4
2019-12-12,3252555,EL,2019,other,985,1090,Manchester United,AZ Alkmaar,4,0
2019-12-12,3252556,EL,2019,other,669,22220,FK Partizan Belgrade,FC Astana,4,1
2019-12-13,3199534,FR1,2019,domestic_league,1082,969,LOSC Lille,Montpellier HSC,2,1
2019-12-13,3203561,L1,2019,domestic_league,533,167,TSG 1899 Hoffenheim,FC Augsburg,2,4
2019-12-13,3208802,ES1,2019,domestic_league,1108,1244,Deportivo Alavés,CD Leganés,1,1
2019-12-13,3210411,DK1,2019,domestic_league,1053,2778,Aalborg BK,FC Nordsjaelland,1,3
2019-12-13,3211502,PO1,2019,domestic_league,7378,2425,Portimonense SC,Rio Ave FC,1,1
2019-12-13,3216173,NL1,2019,domestic_league,306,403,SC Heerenveen,Willem II Tilburg,1,2
2019-12-13,3223143,TR1,2019,domestic_league,11282,589,Alanyaspor,Antalyaspor,0,0
2019-12-13,3264452,UKR1,2019,domestic_league,10690,660,Zorya Lugansk,FC Shakhtar Donetsk,1,2
2019-12-13,3274423,BE1,2019,domestic_league,601,29228,KV Kortrijk,Royal Excel Mouscron (-2022),1,2
2019-12-14,3199528,FR1,2019,domestic_league,1160,995,Nîmes Olympique,FC Nantes,0,1
2019-12-14,3199531,FR1,2019,domestic_league,1420,162,Angers SCO,AS Monaco,0,0
2019-12-14,3199533,FR1,2019,domestic_league,415,1421,FC Toulouse,Stade Reims,0,1
