date,game_id,competition_id,season,competition_type,home_club_id,away_club_id,home_club_name,away_club_name,home_goals,away_goals
2018-03-03,2884450,PO1,2017,domestic_league,3349,2503,CD Feirense,Boavista FC,3,0
2018-03-03,2884451,PO1,2017,domestic_league,1465,1075,GD Estoril Praia,SC Braga,0,6
2018-03-03,2884456,PO1,2017,domestic_league,294,1301,SL Benfica,CS Marítimo,5,0
2018-03-03,2888299,NL1,2017,domestic_league,306,403,SC Heerenveen,Willem II Tilburg,2,0
2018-03-03,2888300,NL1,2017,domestic_league,383,200,PSV Eindhoven,FC Utrecht,3,0
2018-03-03,2888301,NL1,2017,domestic_league,798,1090,Excelsior Rotterdam,AZ Alkmaar,1,2
2018-03-03,2888303,NL1,2017,domestic_league,132,234,NAC Breda,Feyenoord Rotterdam,2,1
2018-03-03,2891591,GR1,2017,domestic_league,3060,128,APS Atromitos Athinon,AO Xanthi,1,0
2018-03-03,2891601,GR1,2017,domestic_league,21957,3999,AO Platanias,PAS Lamia 1964,1,2
2018-03-03,2891602,GR1,2017,domestic_league,5219,2671,AOK Kerkyra,PAS Giannina,1,1
2018-03-03,2897358,IT1,2017,domestic_league,2722,1025,SPAL,Bologna Football Club 1909,1,0
2018-03-03,2897364,IT1,2017,domestic_league,398,506,Società Sportiva Lazio S.p.A.,Juventus FC,0,1
2018-03-03,2897365,IT1,2017,domestic_league,6195,12,SSC Napoli,Associazione Sportiva Roma,2,4
2018-03-03,2899804,ES1,2017,domestic_league,368,621,Sevilla FC,Athletic Bilbao,2,0
2018-03-03,2899808,ES1,2017,domestic_league,1244,1084,CD Leganés,Málaga CF,2,0
2018-03-03,2899812,ES1,2017,domestic_league,897,1533,Deportivo de La Coruña,SD Eibar,1,1
2018-03-03,2899817,ES1,2017,domestic_league,418,3709,Real Madrid,Getafe CF,3,1
2018-03-03,2899824,ES1,2017,domestic_league,1050,12321,Villarreal CF,Girona FC,0,2
2018-03-03,2942821,FR1,2017,domestic_league,618,2969,AS Saint-Étienne,Dijon FCO,2,2
2018-03-03,2942822,FR1,2017,domestic_league,1095,583,ESTAC Troyes,Paris Saint-Germain,0,2
2018-03-03,2942823,FR1,2017,domestic_league,347,415,FC Metz,FC Toulouse,1,1
2018-03-03,2942827,FR1,2017,domestic_league,1416,273,Amiens SC,Stade Rennais FC,0,2
2018-03-03,2942828,FR1,2017,domestic_league,1420,855,Angers SCO,EA Guingamp,3,0
2018-03-03,2982763,RU1,2017,domestic_league,2410,11127,PFK CSKA Moskva,Ural Yekaterinburg,1,0
2018-03-03,2982764,RU1,2017,domestic_league,964,4128,AO FK Zenit Sankt-Peterburg,Amkar Perm,0,0
2018-03-03,2982765,RU1,2017,domestic_league,16704,1083,FK Krasnodar,FK Rostov,3,1
2018-03-03,2985419,UKR1,2017,domestic_league,2740,6992,Vorskla Poltava,Chornomorets Odesa,2,1
2018-03-03,2987612,BE1,2017,domestic_league,2282,601,Club Brugge KV,KV Kortrijk,2,1
2018-03-03,2987613,BE1,2017,domestic_league,3057,354,Standard Liège,KV Mechelen,3,2
2018-03-03,2987614,BE1,2017,domestic_league,157,2861,KAA Gent,KV Oostende,2,3
2018-03-03,2987615,BE1,2017,domestic_league,29228,498,Royal Excel Mouscron (-2022),KSC Lokeren (- 2020),1,2
2018-03-03,2987616,BE1,2017,domestic_league,3508,58,Zulte Waregem,RSC Anderlecht,2,3
2018-03-03,2987617,BE1,2017,domestic_league,172,475,Royal Charleroi Sporting Club,Sint-Truidense VV,0,0
2018-03-03,2987618,BE1,2017,domestic_league,1096,1245,Royal Antwerp FC,KAS Eupen,2,0
2018-03-03,2987619,BE1,2017,domestic_league,28643,1184,SK Beveren,KRC Genk,0,1
2018-03-03,3003011,SFA,2017,domestic_cup,370,2553,Aberdeen FC,Kilmarnock FC,1,1
2018-03-03,3003014,SFA,2017,domestic_cup,371,3026,Celtic FC,Greenock Morton FC,3,0
2018-03-04,2872107,L1,2017,domestic_league,3,79,1.FC Köln,VfB Stuttgart,2,3
2018-03-04,2872108,L1,2017,domestic_league,60,27,SC Freiburg,Bayern Munich,0,4
2018-03-04,2872395,GB1,2017,domestic_league,1237,11,Brighton & Hove Albion,Arsenal FC,2,1
2018-03-04,2872400,GB1,2017,domestic_league,281,631,Manchester City,Chelsea FC,1,0
2018-03-04,2875247,DK1,2017,domestic_league,678,190,Aarhus GF,FC Copenhagen,0,1
2018-03-04,2875248,DK1,2017,domestic_league,206,173,Bröndby IF,Odense Boldklub,2,1
2018-03-04,2875249,DK1,2017,domestic_league,22110,5817,FC Helsingör,Sönderjyske Fodbold,1,2
2018-03-04,2875252,DK1,2017,domestic_league,5724,2778,Randers FC,FC Nordsjaelland,0,3
2018-03-04,2884034,TR1,2017,domestic_league,589,2381,Antalyaspor,Sivasspor,1,4
2018-03-04,2884035,TR1,2017,domestic_league,2293,19789,Konyaspor,Yeni Malatyaspor,0,1
2018-03-04,2884036,TR1,2017,domestic_league,36,19771,Fenerbahce,Akhisarspor,2,3
2018-03-04,2884037,TR1,2017,domestic_league,820,11282,Gençlerbirliği Spor Kulübü,Alanyaspor,0,1
2018-03-04,2884449,PO1,2017,domestic_league,2420,68608,Vitória Guimarães SC,CF Os Belenenses,0,0
2018-03-04,2884452,PO1,2017,domestic_league,7179,3325,CD Tondela,GD Chaves,2,0
2018-03-04,2884453,PO1,2017,domestic_league,979,2995,Moreirense FC,FC Paços de Ferreira,2,0
2018-03-04,2884454,PO1,2017,domestic_league,1085,2425,Vitória Setúbal FC,Rio Ave FC,1,0
2018-03-04,2888304,NL1,2017,domestic_league,1269,1426,PEC Zwolle,VVV-Venlo,1,1
2018-03-04,2888305,NL1,2017,domestic_league,468,1268,Sparta Rotterdam,ADO Den Haag,2,1
2018-03-04,2888306,NL1,2017,domestic_league,499,610,Vitesse Arnhem,Ajax Amsterdam,3,2
2018-03-04,2888307,NL1,2017,domestic_league,317,202,FC Twente Enschede,FC Groningen,1,1
2018-03-04,2891586,GR1,2017,domestic_league,683,265,Olympiakos Syndesmos Filathlon Peiraios,Panathinaikos Athlitikos Omilos,1,1
2018-03-04,2891589,GR1,2017,domestic_league,2672,4603,APO Levadiakos Football Club,Athlitiki Enosi Larisas,2,1
2018-03-04,2891598,GR1,2017,domestic_league,6676,1091,A.G.S Asteras Tripolis,Panthessalonikios Athlitikos Omilos Konstantinoupoliton,3,2
2018-03-04,2891599,GR1,2017,domestic_league,2441,169,Athlitiki Enosi Konstantinoupoleos,Panionios Athens,1,0
2018-03-04,2899798,ES1,2017,domestic_league,1049,150,Valencia CF,Real Betis Balompié,2,0
2018-03-04,2899819,ES1,2017,domestic_league,131,13,FC Barcelona,Atlético de Madrid,1,0
2018-03-04,2899895,ES1,2017,domestic_league,681,1108,Real Sociedad,Deportivo Alavés,2,1
2018-03-04,2899898,ES1,2017,domestic_league,3368,714,Levante UD,RCD Espanyol Barcelona,1,1
2018-03-04,2942824,FR1,2017,domestic_league,969,1041,Montpellier HSC,Olympique Lyon,1,1
2018-03-04,2942826,FR1,2017,domestic_league,244,995,Olympique Marseille,FC Nantes,1,1
2018-03-04,2942829,FR1,2017,domestic_league,1162,667,SM Caen,RC Strasbourg Alsace,2,0
2018-03-04,2982766,RU1,2017,domestic_league,3690,40426,SKA Khabarovsk,FC Tosno (-2018),0,1
2018-03-04,2982767,RU1,2017,domestic_league,28095,121,FK Ufa,FK Dinamo Moskva,1,1
2018-03-04,2982768,RU1,2017,domestic_league,932,232,"Футбольный клуб ""Локомотив"" Москва",FK Spartak Moskva,0,0
2018-03-04,2982769,RU1,2017,domestic_league,3729,3725,Arsenal Tula,RFK Akhmat Grozny,1,0
2018-03-04,2985416,UKR1,2017,domestic_league,6993,23611,FK Mariupol,Olimpik Donetsk,1,0
2018-03-04,2985417,UKR1,2017,domestic_league,16247,26459,PFK Stal Kamyanske (-2018),NK Veres Rivne,0,1
2018-03-04,2985418,UKR1,2017,domestic_league,338,10690,Dynamo Kyiv,Zorya Lugansk,3,2
2018-03-04,2985420,UKR1,2017,domestic_league,2477,660,Karpaty Lviv (-2021),FC Shakhtar Donetsk,0,3
2018-03-04,3003012,SFA,2017,domestic_cup,987,43,Motherwell FC,Heart of Midlothian FC,2,1
2018-03-04,3003013,SFA,2017,domestic_cup,124,1191,Rangers FC,Falkirk FC,4,1
2018-03-05,2872397,GB1,2017,domestic_league,873,985,Crystal Palace,Manchester United,2,3
2018-03-05,2875246,DK1,2017,domestic_league,1053,2414,Aalborg BK,AC Horsens,1,1
2018-03-05,2875251,DK1,2017,domestic_league,1177,865,Silkeborg IF,FC Midtjylland,1,2
2018-03-05,2884033,TR1,2017,domestic_league,449,114,Trabzonspor,Beşiktaş Jimnastik Kulübü,0,2
2018-03-05,2884455,PO1,2017,domestic_league,3336,7378,Desportivo Aves (- 2020),Portimonense SC,3,0
2018-03-05,2891596,GR1,2017,domestic_league,441,6418,Apollon Smyrnis,Panetolikos Agrinio,2,1
2018-03-05,2899809,ES1,2017,domestic_league,940,472,Celta de Vigo,UD Las Palmas,2,1
2018-03-06,2982003,CL,2017,international_cup,31,720,Liverpool FC,FC Porto,0,0
2018-03-06,2982005,CL,2017,international_cup,583,418,Paris Saint-Germain,Real Madrid,1,2
2018-03-06,2985415,UKR1,2017,domestic_league,8838,18303,Zirka Kropyvnytskyi,FC Oleksandriya,0,0
2018-03-07,2982001,CL,2017,international_cup,148,506,Tottenham Hotspur,Juventus FC,1,2
2018-03-07,2982002,CL,2017,international_cup,281,26,Manchester City,FC Basel 1893,1,2
2018-03-07,2986427,SC1,2017,domestic_league,2553,2578,Kilmarnock FC,St. Johnstone FC,2,0
2018-03-08,3009813,EL,2017,other,398,338,Società Sportiva Lazio S.p.A.,Dynamo Kyiv,2,2
2018-03-08,3009814,EL,2017,other,23826,964,RB Leipzig,AO FK Zenit Sankt-Peterburg,2,1
2018-03-08,3009815,EL,2017,other,13,932,Atlético de Madrid,"Футбольный клуб ""Локомотив"" Москва",3,0
2018-03-08,3009816,EL,2017,other,2410,1041,PFK CSKA Moskva,Olympique Lyon,0,1
2018-03-08,3009817,EL,2017,other,244,621,Olympique Marseille,Athletic Bilbao,3,1
2018-03-08,3009818,EL,2017,other,336,941,Sporting CP,FC Viktoria Plzen,2,0
2018-03-08,3009819,EL,2017,other,16,409,Borussia Dortmund,Fußballclub Red Bull Salzburg,1,2
2018-03-08,3009820,EL,2017,other,5,11,AC Milan,Arsenal FC,0,2
2018-03-09,2871797,L1,2017,domestic_league,39,33,1.FSV Mainz 05,FC Schalke 04,0,1
2018-03-09,2875255,DK1,2017,domestic_league,173,678,Odense Boldklub,Aarhus GF,0,1
2018-03-09,2884047,TR1,2017,domestic_league,11282,6890,Alanyaspor,Basaksehir FK,4,1
2018-03-09,2884463,PO1,2017,domestic_league,1075,979,SC Braga,Moreirense FC,3,0
2018-03-09,2888308,NL1,2017,domestic_league,1304,317,Heracles Almelo,FC Twente Enschede,2,1
2018-03-09,2897376,IT1,2017,domestic_league,12,416,Associazione Sportiva Roma,Torino FC,3,0
2018-03-09,2899834,ES1,2017,domestic_league,12321,897,Girona FC,Deportivo de La Coruña,2,0
2018-03-09,2942838,FR1,2017,domestic_league,667,162,RC Strasbourg Alsace,AS Monaco,1,3
2018-03-09,2982770,RU1,2017,domestic_league,4128,3729,Amkar Perm,Arsenal Tula,0,2
2018-03-09,2986470,SC1,2017,domestic_league,903,43,Hibernian FC,Heart of Midlothian FC,2,0
2018-03-10,2871791,L1,2017,domestic_league,27,41,Bayern Munich,Hamburger SV,6,0
2018-03-10,2871793,L1,2017,domestic_league,533,82,TSG 1899 Hoffenheim,VfL Wolfsburg,3,0
2018-03-10,2871794,L1,2017,domestic_league,44,60,Hertha BSC,SC Freiburg,0,0
2018-03-10,2871796,L1,2017,domestic_league,15,18,Bayer 04 Leverkusen,Borussia Mönchengladbach,2,0
2018-03-10,2871798,L1,2017,domestic_league,42,167,Hannover 96,FC Augsburg,1,3
2018-03-10,2872407,GB1,2017,domestic_league,631,873,Chelsea FC,Crystal Palace,2,1
2018-03-10,2872408,GB1,2017,domestic_league,29,1237,Everton FC,Brighton & Hove Albion,2,0
2018-03-10,2872409,GB1,2017,domestic_league,1110,2288,Huddersfield Town,Swansea City,0,0
2018-03-10,2872410,GB1,2017,domestic_league,985,31,Manchester United,Liverpool FC,2,1
2018-03-10,2872411,GB1,2017,domestic_league,762,180,Newcastle United,Southampton FC,3,0
2018-03-10,2872413,GB1,2017,domestic_league,984,1003,West Bromwich Albion,Leicester City,1,4
2018-03-10,2872414,GB1,2017,domestic_league,379,1132,West Ham United,Burnley FC,0,3
2018-03-10,2875254,DK1,2017,domestic_league,5818,1177,Hobro IK,Silkeborg IF,1,1
2018-03-10,2884042,TR1,2017,domestic_league,2944,20,Ankaraspor,Bursaspor,2,1
2018-03-10,2884045,TR1,2017,domestic_league,2381,10484,Sivasspor,Kasimpasa,2,2
2018-03-10,2884048,TR1,2017,domestic_league,114,820,Beşiktaş Jimnastik Kulübü,Gençlerbirliği Spor Kulübü,1,0
2018-03-10,2884458,PO1,2017,domestic_league,294,3336,SL Benfica,Desportivo Aves (- 2020),2,0
2018-03-10,2884459,PO1,2017,domestic_league,2425,3349,Rio Ave FC,CD Feirense,2,1
2018-03-10,2884462,PO1,2017,domestic_league,2503,1465,Boavista FC,GD Estoril Praia,1,0
2018-03-10,2888309,NL1,2017,domestic_league,1268,132,ADO Den Haag,NAC Breda,0,2
2018-03-10,2888310,NL1,2017,domestic_league,1426,798,VVV-Venlo,Excelsior Rotterdam,2,3
2018-03-10,2888311,NL1,2017,domestic_league,403,383,Willem II Tilburg,PSV Eindhoven,5,0
2018-03-10,2888312,NL1,2017,domestic_league,192,468,Roda JC Kerkrade,Sparta Rotterdam,0,2
2018-03-10,2891614,GR1,2017,domestic_league,169,3060,Panionios Athens,APS Atromitos Athinon,2,2
2018-03-10,2891620,GR1,2017,domestic_league,4603,5219,Athlitiki Enosi Larisas,AOK Kerkyra,0,0
2018-03-10,2891621,GR1,2017,domestic_league,265,6676,Panathinaikos Athlitikos Omilos,A.G.S Asteras Tripolis,1,1
2018-03-10,2897370,IT1,2017,domestic_league,276,862,Hellas Verona,Chievo Verona,1,0
2018-03-10,2899818,ES1,2017,domestic_league,1084,131,Málaga CF,FC Barcelona,0,2
2018-03-10,2899828,ES1,2017,domestic_league,368,1049,Sevilla FC,Valencia CF,0,2
2018-03-10,2899832,ES1,2017,domestic_league,1533,418,SD Eibar,Real Madrid,1,2
2018-03-10,2899892,ES1,2017,domestic_league,3709,3368,Getafe CF,Levante UD,0,1
2018-03-10,2942830,FR1,2017,domestic_league,2969,1416,Dijon FCO,Amiens SC,1,1
2018-03-10,2942832,FR1,2017,domestic_league,995,1095,FC Nantes,ESTAC Troyes,1,0
2018-03-10,2942834,FR1,2017,domestic_league,40,1420,FC Girondins Bordeaux,Angers SCO,0,0
2018-03-10,2942836,FR1,2017,domestic_league,1082,969,LOSC Lille,Montpellier HSC,1,1
2018-03-10,2942837,FR1,2017,domestic_league,583,347,Paris Saint-Germain,FC Metz,5,0
2018-03-10,2942839,FR1,2017,domestic_league,273,618,Stade Rennais FC,AS Saint-Étienne,1,1
2018-03-10,2982771,RU1,2017,domestic_league,28095,2700,FK Ufa,Anzhi Makhachkala ( -2022),3,2
2018-03-10,2982772,RU1,2017,domestic_league,121,16704,FK Dinamo Moskva,FK Krasnodar,0,0
2018-03-10,2982773,RU1,2017,domestic_league,40426,2698,FC Tosno (-2018),FC Rubin Kazan,0,1
2018-03-10,2986468,SC1,2017,domestic_league,511,2578,Dundee FC,St. Johnstone FC,0,4
2018-03-10,2986469,SC1,2017,domestic_league,2999,987,Hamilton Academical FC,Motherwell FC,2,0
2018-03-10,2986471,SC1,2017,domestic_league,2553,2759,Kilmarnock FC,Ross County FC,3,2
2018-03-10,2986472,SC1,2017,domestic_league,2760,370,Partick Thistle FC,Aberdeen FC,0,0
2018-03-11,2871792,L1,2017,domestic_league,16,24,Borussia Dortmund,Eintracht Frankfurt,3,2
2018-03-11,2871799,L1,2017,domestic_league,79,23826,VfB Stuttgart,RB Leipzig,0,0
2018-03-11,2872405,GB1,2017,domestic_league,989,148,AFC Bournemouth,Tottenham Hotspur,1,4
2018-03-11,2872406,GB1,2017,domestic_league,11,1010,Arsenal FC,Watford FC,3,0
2018-03-11,2875253,DK1,2017,domestic_league,1053,5724,Aalborg BK,Randers FC,4,0
2018-03-11,2875256,DK1,2017,domestic_league,2414,206,AC Horsens,Bröndby IF,1,1
2018-03-11,2875258,DK1,2017,domestic_league,5817,369,Sönderjyske Fodbold,Lyngby Boldklub,1,0
2018-03-11,2875259,DK1,2017,domestic_league,2778,865,FC Nordsjaelland,FC Midtjylland,1,1
2018-03-11,2884041,TR1,2017,domestic_league,19789,36,Yeni Malatyaspor,Fenerbahce,0,2
2018-03-11,2884044,TR1,2017,domestic_league,3205,1506,Kayserispor,Kardemir Karabükspor,3,2
2018-03-11,2884046,TR1,2017,domestic_league,1467,589,Göztepe,Antalyaspor,2,1
2018-03-11,2884049,TR1,2017,domestic_league,141,2293,Galatasaray,Konyaspor,2,1
2018-03-11,2884460,PO1,2017,domestic_league,7378,2420,Portimonense SC,Vitória Guimarães SC,2,1
2018-03-11,2884461,PO1,2017,domestic_league,68608,7179,CF Os Belenenses,CD Tondela,0,0
2018-03-11,2884465,PO1,2017,domestic_league,2995,720,FC Paços de Ferreira,FC Porto,1,0
2018-03-11,2884466,PO1,2017,domestic_league,1301,1085,CS Marítimo,Vitória Setúbal FC,4,2
2018-03-11,2888313,NL1,2017,domestic_league,202,1269,FC Groningen,PEC Zwolle,2,0
2018-03-11,2888314,NL1,2017,domestic_league,200,499,FC Utrecht,Vitesse Arnhem,5,1
2018-03-11,2888315,NL1,2017,domestic_league,610,306,Ajax Amsterdam,SC Heerenveen,4,1
2018-03-11,2888316,NL1,2017,domestic_league,234,1090,Feyenoord Rotterdam,AZ Alkmaar,2,1
2018-03-11,2891617,GR1,2017,domestic_league,3999,2672,PAS Lamia 1964,APO Levadiakos Football Club,1,1
2018-03-11,2891618,GR1,2017,domestic_league,128,6418,AO Xanthi,Panetolikos Agrinio,1,0
2018-03-11,2891619,GR1,2017,domestic_league,1091,2441,Panthessalonikios Athlitikos Omilos Konstantinoupoliton,Athlitiki Enosi Konstantinoupoleos,0,3
2018-03-11,2891622,GR1,2017,domestic_league,21957,683,AO Platanias,Olympiakos Syndesmos Filathlon Peiraios,0,4
2018-03-11,2897368,IT1,2017,domestic_league,1025,800,Bologna Football Club 1909,Atalanta BC,0,1
2018-03-11,2897369,IT1,2017,domestic_league,430,4171,ACF Fiorentina,Benevento Calcio,1,0
2018-03-11,2897371,IT1,2017,domestic_league,1390,398,Cagliari Calcio,Società Sportiva Lazio S.p.A.,2,2
2018-03-11,2897372,IT1,2017,domestic_league,252,5,Genoa CFC,AC Milan,0,1
2018-03-11,2897373,IT1,2017,domestic_league,46,6195,Inter Milan,SSC Napoli,0,0
2018-03-11,2897374,IT1,2017,domestic_league,4083,1038,FC Crotone,UC Sampdoria,4,1
2018-03-11,2897375,IT1,2017,domestic_league,6574,2722,US Sassuolo,SPAL,1,1
2018-03-11,2897377,IT1,2017,domestic_league,506,410,Juventus FC,Udinese Calcio,2,0
2018-03-11,2899823,ES1,2017,domestic_league,13,940,Atlético de Madrid,Celta de Vigo,3,0
2018-03-11,2899825,ES1,2017,domestic_league,472,1050,UD Las Palmas,Villarreal CF,0,2
2018-03-11,2899829,ES1,2017,domestic_league,621,1244,Athletic Bilbao,CD Leganés,2,0
2018-03-11,2899889,ES1,2017,domestic_league,714,681,RCD Espanyol Barcelona,Real Sociedad,2,1
2018-03-11,2942831,FR1,2017,domestic_league,855,417,EA Guingamp,OGC Nice,2,5
2018-03-11,2942833,FR1,2017,domestic_league,415,244,FC Toulouse,Olympique Marseille,1,2
2018-03-11,2942835,FR1,2017,domestic_league,1041,1162,Olympique Lyon,SM Caen,1,0
2018-03-11,2982775,RU1,2017,domestic_league,3725,2410,RFK Akhmat Grozny,PFK CSKA Moskva,0,3
2018-03-11,2982776,RU1,2017,domestic_league,232,3690,FK Spartak Moskva,SKA Khabarovsk,1,0
2018-03-11,2982777,RU1,2017,domestic_league,1083,964,FK Rostov,AO FK Zenit Sankt-Peterburg,0,0
2018-03-11,2986473,SC1,2017,domestic_league,124,371,Rangers FC,Celtic FC,2,3
2018-03-11,2987630,BE1,2017,domestic_league,58,1096,RSC Anderlecht,Royal Antwerp FC,2,1
2018-03-11,2987631,BE1,2017,domestic_league,1184,157,KRC Genk,KAA Gent,1,2
2018-03-11,2987632,BE1,2017,domestic_league,601,172,KV Kortrijk,Royal Charleroi Sporting Club,2,0
2018-03-11,2987633,BE1,2017,domestic_league,1245,29228,KAS Eupen,Royal Excel Mouscron (-2022),4,0
2018-03-11,2987634,BE1,2017,domestic_league,2861,3057,KV Oostende,Standard Liège,2,3
2018-03-11,2987635,BE1,2017,domestic_league,354,28643,KV Mechelen,SK Beveren,2,0
2018-03-11,2987636,BE1,2017,domestic_league,498,3508,KSC Lokeren (- 2020),Zulte Waregem,0,2
2018-03-11,2987637,BE1,2017,domestic_league,475,2282,Sint-Truidense VV,Club Brugge KV,0,1
2018-03-12,2871795,L1,2017,domestic_league,86,3,SV Werder Bremen,1.FC Köln,3,1
2018-03-12,2872412,GB1,2017,domestic_league,512,281,Stoke City,Manchester City,0,2
2018-03-12,2875257,DK1,2017,domestic_league,190,22110,FC Copenhagen,FC Helsingör,4,3
2018-03-12,2884043,TR1,2017,domestic_league,19771,449,Akhisarspor,Trabzonspor,1,3
2018-03-12,2884464,PO1,2017,domestic_league,3325,336,GD Chaves,Sporting CP,1,2
2018-03-12,2899802,ES1,2017,domestic_league,1108,150,Deportivo Alavés,Real Betis Balompié,1,3
2018-03-12,2982774,RU1,2017,domestic_league,11127,932,Ural Yekaterinburg,"Футбольный клуб ""Локомотив"" Москва",0,2
2018-03-13,2982004,CL,2017,international_cup,985,368,Manchester United,Sevilla FC,1,2
2018-03-13,2982006,CL,2017,international_cup,12,660,Associazione Sportiva Roma,FC Shakhtar Donetsk,1,0
2018-03-13,3014685,SFA,2017,domestic_cup,2553,370,Kilmarnock FC,Aberdeen FC,3,4
2018-03-14,2942856,FR1,2017,domestic_league,583,1420,Paris Saint-Germain,Angers SCO,2,1
2018-03-14,2982007,CL,2017,international_cup,131,631,FC Barcelona,Chelsea FC,3,0
2018-03-14,2982008,CL,2017,international_cup,114,27,Beşiktaş Jimnastik Kulübü,Bayern Munich,1,3
2018-03-14,3011538,IT1,2017,domestic_league,506,800,Juventus FC,Atalanta BC,2,0
2018-03-15,3009821,EL,2017,other,338,398,Dynamo Kyiv,Società Sportiva Lazio S.p.A.,0,2
2018-03-15,3009822,EL,2017,other,964,23826,AO FK Zenit Sankt-Peterburg,RB Leipzig,1,1
2018-03-15,3009823,EL,2017,other,932,13,"Футбольный клуб ""Локомотив"" Москва",Atlético de Madrid,1,5
2018-03-15,3009824,EL,2017,other,1041,2410,Olympique Lyon,PFK CSKA Moskva,2,3
2018-03-15,3009825,EL,2017,other,621,244,Athletic Bilbao,Olympique Marseille,1,2
2018-03-15,3009826,EL,2017,other,941,336,FC Viktoria Plzen,Sporting CP,2,1
2018-03-15,3009827,EL,2017,other,409,16,Fußballclub Red Bull Salzburg,Borussia Dortmund,0,0
2018-03-15,3009828,EL,2017,other,11,5,Arsenal FC,AC Milan,3,1
2018-03-16,2871830,L1,2017,domestic_league,60,79,SC Freiburg,VfB Stuttgart,1,2
2018-03-16,2884051,TR1,2017,domestic_league,10484,589,Kasimpasa,Antalyaspor,2,3
2018-03-16,2884057,TR1,2017,domestic_league,1506,2944,Kardemir Karabükspor,Ankaraspor,0,4
2018-03-16,2884473,PO1,2017,domestic_league,1085,7378,Vitória Setúbal FC,Portimonense SC,1,1
2018-03-16,2888317,NL1,2017,domestic_league,798,1268,Excelsior Rotterdam,ADO Den Haag,1,2
2018-03-16,2899814,ES1,2017,domestic_league,3368,1533,Levante UD,SD Eibar,2,1
2018-03-16,2942840,FR1,2017,domestic_league,162,1082,AS Monaco,LOSC Lille,2,1
2018-03-16,2986479,SC1,2017,domestic_league,2578,903,St. Johnstone FC,Hibernian FC,1,1
2018-03-17,2871831,L1,2017,domestic_league,18,533,Borussia Mönchengladbach,TSG 1899 Hoffenheim,3,3
2018-03-17,2871832,L1,2017,domestic_league,24,39,Eintracht Frankfurt,1.FSV Mainz 05,3,0
2018-03-17,2871833,L1,2017,domestic_league,167,86,FC Augsburg,SV Werder Bremen,1,3
2018-03-17,2871834,L1,2017,domestic_league,41,44,Hamburger SV,Hertha BSC,1,2
2018-03-17,2871835,L1,2017,domestic_league,82,33,VfL Wolfsburg,FC Schalke 04,0,1
2018-03-17,2872415,GB1,2017,domestic_league,989,984,AFC Bournemouth,West Bromwich Albion,2,1
2018-03-17,2872417,GB1,2017,domestic_league,1110,873,Huddersfield Town,Crystal Palace,0,2
2018-03-17,2872419,GB1,2017,domestic_league,31,1010,Liverpool FC,Watford FC,5,0
2018-03-17,2872421,GB1,2017,domestic_league,512,29,Stoke City,Everton FC,1,2
2018-03-17,2884050,TR1,2017,domestic_league,820,19771,Gençlerbirliği Spor Kulübü,Akhisarspor,1,1
2018-03-17,2884053,TR1,2017,domestic_league,36,141,Fenerbahce,Galatasaray,0,0
2018-03-17,2884056,TR1,2017,domestic_league,20,2381,Bursaspor,Sivasspor,1,0
2018-03-17,2884469,PO1,2017,domestic_league,3349,294,CD Feirense,SL Benfica,0,2
2018-03-17,2884470,PO1,2017,domestic_league,720,2503,FC Porto,Boavista FC,2,0
2018-03-17,2884472,PO1,2017,domestic_league,7179,1301,CD Tondela,CS Marítimo,1,2
2018-03-17,2884475,PO1,2017,domestic_league,1465,2995,GD Estoril Praia,FC Paços de Ferreira,1,1
2018-03-17,2888318,NL1,2017,domestic_league,317,403,FC Twente Enschede,Willem II Tilburg,2,2
2018-03-17,2888319,NL1,2017,domestic_league,383,1426,PSV Eindhoven,VVV-Venlo,3,0
2018-03-17,2888320,NL1,2017,domestic_league,499,1304,Vitesse Arnhem,Heracles Almelo,0,0
2018-03-17,2888321,NL1,2017,domestic_league,306,200,SC Heerenveen,FC Utrecht,2,2
2018-03-17,2897385,IT1,2017,domestic_league,2722,506,SPAL,Juventus FC,0,0
2018-03-17,2897387,IT1,2017,domestic_league,410,6574,Udinese Calcio,US Sassuolo,1,2
2018-03-17,2899821,ES1,2017,domestic_league,150,714,Real Betis Balompié,RCD Espanyol Barcelona,3,0
2018-03-17,2899827,ES1,2017,domestic_league,681,3709,Real Sociedad,Getafe CF,1,2
2018-03-17,2899836,ES1,2017,domestic_league,897,472,Deportivo de La Coruña,UD Las Palmas,1,1
2018-03-17,2899902,ES1,2017,domestic_league,1049,1108,Valencia CF,Deportivo Alavés,3,1
2018-03-17,2942843,FR1,2017,domestic_league,415,667,FC Toulouse,RC Strasbourg Alsace,2,2
2018-03-17,2942844,FR1,2017,domestic_league,40,273,FC Girondins Bordeaux,Stade Rennais FC,0,2
2018-03-17,2942845,FR1,2017,domestic_league,969,2969,Montpellier HSC,Dijon FCO,2,2
2018-03-17,2942848,FR1,2017,domestic_league,1416,1095,Amiens SC,ESTAC Troyes,1,1
2018-03-17,2942849,FR1,2017,domestic_league,1420,1162,Angers SCO,SM Caen,3,0
2018-03-17,2982778,RU1,2017,domestic_league,3690,11127,SKA Khabarovsk,Ural Yekaterinburg,0,3
2018-03-17,2982779,RU1,2017,domestic_league,3729,1083,Arsenal Tula,FK Rostov,2,2
2018-03-17,2982780,RU1,2017,domestic_league,16704,28095,FK Krasnodar,FK Ufa,0,1
2018-03-17,2982781,RU1,2017,domestic_league,2700,40426,Anzhi Makhachkala ( -2022),FC Tosno (-2018),2,0
2018-03-17,2982785,RU1,2017,domestic_league,2698,232,FC Rubin Kazan,FK Spartak Moskva,1,2
2018-03-17,2986474,SC1,2017,domestic_league,370,511,Aberdeen FC,Dundee FC,1,0
2018-03-17,2986475,SC1,2017,domestic_league,43,2760,Heart of Midlothian FC,Partick Thistle FC,3,0
2018-03-17,2986477,SC1,2017,domestic_league,124,2553,Rangers FC,Kilmarnock FC,0,1
2018-03-17,2986478,SC1,2017,domestic_league,2759,2999,Ross County FC,Hamilton Academical FC,2,2
2018-03-17,3012048,FAC,2017,domestic_cup,2288,148,Swansea City,Tottenham Hotspur,0,3
2018-03-17,3012049,FAC,2017,domestic_cup,985,1237,Manchester United,Brighton & Hove Albion,2,0
2018-03-18,2871827,L1,2017,domestic_league,16,42,Borussia Dortmund,Hannover 96,1,0
2018-03-18,2871828,L1,2017,domestic_league,23826,27,RB Leipzig,Bayern Munich,2,1
2018-03-18,2871829,L1,2017,domestic_league,3,15,1.FC Köln,Bayer 04 Leverkusen,2,0
2018-03-18,2875260,DK1,2017,domestic_league,206,5818,Bröndby IF,Hobro IK,2,1
2018-03-18,2875261,DK1,2017,domestic_league,22110,2778,FC Helsingör,FC Nordsjaelland,1,0
2018-03-18,2875262,DK1,2017,domestic_league,865,5817,FC Midtjylland,Sönderjyske Fodbold,2,1
2018-03-18,2875263,DK1,2017,domestic_league,678,1053,Aarhus GF,Aalborg BK,0,0
2018-03-18,2875264,DK1,2017,domestic_league,369,2414,Lyngby Boldklub,AC Horsens,1,1
2018-03-18,2875265,DK1,2017,domestic_league,1177,190,Silkeborg IF,FC Copenhagen,1,3
2018-03-18,2875266,DK1,2017,domestic_league,5724,173,Randers FC,Odense Boldklub,4,1
2018-03-18,2884052,TR1,2017,domestic_league,2293,3205,Konyaspor,Kayserispor,2,0
2018-03-18,2884054,TR1,2017,domestic_league,449,19789,Trabzonspor,Yeni Malatyaspor,4,1
2018-03-18,2884055,TR1,2017,domestic_league,6890,114,Basaksehir FK,Beşiktaş Jimnastik Kulübü,1,0
2018-03-18,2884058,TR1,2017,domestic_league,11282,1467,Alanyaspor,Göztepe,1,1
2018-03-18,2884467,PO1,2017,domestic_league,2420,3336,Vitória Guimarães SC,Desportivo Aves (- 2020),2,1
2018-03-18,2884468,PO1,2017,domestic_league,979,68608,Moreirense FC,CF Os Belenenses,2,1
2018-03-18,2884471,PO1,2017,domestic_league,3325,1075,GD Chaves,SC Braga,1,4
2018-03-18,2884474,PO1,2017,domestic_league,336,2425,Sporting CP,Rio Ave FC,2,0
2018-03-18,2888322,NL1,2017,domestic_league,1090,202,AZ Alkmaar,FC Groningen,3,2
2018-03-18,2888323,NL1,2017,domestic_league,468,610,Sparta Rotterdam,Ajax Amsterdam,2,5
2018-03-18,2888324,NL1,2017,domestic_league,132,192,NAC Breda,Roda JC Kerkrade,0,1
2018-03-18,2888325,NL1,2017,domestic_league,1269,234,PEC Zwolle,Feyenoord Rotterdam,3,4
2018-03-18,2897378,IT1,2017,domestic_league,276,800,Hellas Verona,Atalanta BC,0,5
2018-03-18,2897379,IT1,2017,domestic_league,398,1025,Società Sportiva Lazio S.p.A.,Bologna Football Club 1909,1,1
2018-03-18,2897380,IT1,2017,domestic_league,4171,1390,Benevento Calcio,Cagliari Calcio,1,2
2018-03-18,2897381,IT1,2017,domestic_league,5,862,AC Milan,Chievo Verona,3,2
2018-03-18,2897382,IT1,2017,domestic_league,416,430,Torino FC,ACF Fiorentina,1,2
2018-03-18,2897383,IT1,2017,domestic_league,6195,252,SSC Napoli,Genoa CFC,1,0
2018-03-18,2897384,IT1,2017,domestic_league,1038,46,UC Sampdoria,Inter Milan,0,5
2018-03-18,2897386,IT1,2017,domestic_league,4083,12,FC Crotone,Associazione Sportiva Roma,0,2
2018-03-18,2899813,ES1,2017,domestic_league,940,1084,Celta de Vigo,Málaga CF,0,0
2018-03-18,2899815,ES1,2017,domestic_league,418,12321,Real Madrid,Girona FC,6,3
2018-03-18,2899822,ES1,2017,domestic_league,1050,13,Villarreal CF,Atlético de Madrid,2,1
2018-03-18,2899826,ES1,2017,domestic_league,131,621,FC Barcelona,Athletic Bilbao,2,0
2018-03-18,2899899,ES1,2017,domestic_league,1244,368,CD Leganés,Sevilla FC,2,1
2018-03-18,2942841,FR1,2017,domestic_league,618,855,AS Saint-Étienne,EA Guingamp,2,0
2018-03-18,2942842,FR1,2017,domestic_league,347,995,FC Metz,FC Nantes,1,1
2018-03-18,2942846,FR1,2017,domestic_league,417,583,OGC Nice,Paris Saint-Germain,1,2
2018-03-18,2942847,FR1,2017,domestic_league,244,1041,Olympique Marseille,Olympique Lyon,2,3
2018-03-18,2986476,SC1,2017,domestic_league,987,371,Motherwell FC,Celtic FC,0,0
2018-03-18,3012050,FAC,2017,domestic_cup,1071,180,Wigan Athletic,Southampton FC,0,2
2018-03-18,3012051,FAC,2017,domestic_cup,1003,631,Leicester City,Chelsea FC,1,2
2018-03-28,2986441,SC1,2017,domestic_league,2578,2999,St. Johnstone FC,Hamilton Academical FC,1,0
2018-03-29,2884480,PO1,2017,domestic_league,3336,1085,Desportivo Aves (- 2020),Vitória Setúbal FC,1,4
2018-03-30,2884062,TR1,2017,domestic_league,2381,1506,Sivasspor,Kardemir Karabükspor,1,0
2018-03-30,2884477,PO1,2017,domestic_league,2425,1465,Rio Ave FC,GD Estoril Praia,2,0
2018-03-30,2884478,PO1,2017,domestic_league,1301,3349,CS Marítimo,CD Feirense,4,1
2018-03-30,2884483,PO1,2017,domestic_league,2503,7179,Boavista FC,CD Tondela,1,1
2018-03-31,2872016,L1,2017,domestic_league,27,16,Bayern Munich,Borussia Dortmund,6,0
2018-03-31,2872017,L1,2017,domestic_league,533,3,TSG 1899 Hoffenheim,1.FC Köln,6,0
2018-03-31,2872018,L1,2017,domestic_league,44,82,Hertha BSC,VfL Wolfsburg,0,0
2018-03-31,2872020,L1,2017,domestic_league,33,60,FC Schalke 04,SC Freiburg,2,0
2018-03-31,2872021,L1,2017,domestic_league,15,167,Bayer 04 Leverkusen,FC Augsburg,0,0
2018-03-31,2872023,L1,2017,domestic_league,42,23826,Hannover 96,RB Leipzig,2,3
2018-03-31,2872024,L1,2017,domestic_league,79,41,VfB Stuttgart,Hamburger SV,1,1
2018-03-31,2872426,GB1,2017,domestic_league,1237,1003,Brighton & Hove Albion,Leicester City,0,2
2018-03-31,2872428,GB1,2017,domestic_league,873,31,Crystal Palace,Liverpool FC,1,2
2018-03-31,2872429,GB1,2017,domestic_league,29,281,Everton FC,Manchester City,1,3
2018-03-31,2872430,GB1,2017,domestic_league,985,2288,Manchester United,Swansea City,2,0
2018-03-31,2872431,GB1,2017,domestic_league,762,1110,Newcastle United,Huddersfield Town,1,0
2018-03-31,2872432,GB1,2017,domestic_league,379,180,West Ham United,Southampton FC,3,0
2018-03-31,2872433,GB1,2017,domestic_league,1010,989,Watford FC,AFC Bournemouth,2,2
2018-03-31,2872434,GB1,2017,domestic_league,984,1132,West Bromwich Albion,Burnley FC,1,2
2018-03-31,2884059,TR1,2017,domestic_league,19789,820,Yeni Malatyaspor,Gençlerbirliği Spor Kulübü,4,1
2018-03-31,2884063,TR1,2017,domestic_league,589,20,Antalyaspor,Bursaspor,2,0
2018-03-31,2884065,TR1,2017,domestic_league,114,11282,Beşiktaş Jimnastik Kulübü,Alanyaspor,1,0
2018-03-31,2884476,PO1,2017,domestic_league,2995,3325,FC Paços de Ferreira,GD Chaves,2,0
2018-03-31,2884479,PO1,2017,domestic_league,7378,979,Portimonense SC,Moreirense FC,4,3
2018-03-31,2884482,PO1,2017,domestic_league,294,2420,SL Benfica,Vitória Guimarães SC,2,0
2018-03-31,2884484,PO1,2017,domestic_league,1075,336,SC Braga,Sporting CP,1,0
2018-03-31,2888326,NL1,2017,domestic_league,1269,468,PEC Zwolle,Sparta Rotterdam,2,0
2018-03-31,2888327,NL1,2017,domestic_league,499,192,Vitesse Arnhem,Roda JC Kerkrade,0,3
2018-03-31,2888328,NL1,2017,domestic_league,383,132,PSV Eindhoven,NAC Breda,5,1
2018-03-31,2888329,NL1,2017,domestic_league,403,200,Willem II Tilburg,FC Utrecht,3,2
2018-03-31,2888330,NL1,2017,domestic_league,1268,1090,ADO Den Haag,AZ Alkmaar,0,3
2018-03-31,2891603,GR1,2017,domestic_league,6418,2671,Panetolikos Agrinio,PAS Giannina,1,0
2018-03-31,2891606,GR1,2017,domestic_league,3060,1091,APS Atromitos Athinon,Panthessalonikios Athlitikos Omilos Konstantinoupoliton,0,2
2018-03-31,2891608,GR1,2017,domestic_league,2672,683,APO Levadiakos Football Club,Olympiakos Syndesmos Filathlon Peiraios,1,1
2018-03-31,2897388,IT1,2017,domestic_league,398,4171,Società Sportiva Lazio S.p.A.,Benevento Calcio,6,2
2018-03-31,2897389,IT1,2017,domestic_league,430,4083,ACF Fiorentina,FC Crotone,2,0
2018-03-31,2897390,IT1,2017,domestic_league,46,276,Inter Milan,Hellas Verona,3,0
2018-03-31,2897391,IT1,2017,domestic_league,506,5,Juventus FC,AC Milan,3,1
2018-03-31,2897392,IT1,2017,domestic_league,6574,6195,US Sassuolo,SSC Napoli,1,1
2018-03-31,2897393,IT1,2017,domestic_league,1025,12,Bologna Football Club 1909,Associazione Sportiva Roma,1,1
2018-03-31,2897394,IT1,2017,domestic_league,862,1038,Chievo Verona,UC Sampdoria,2,1
2018-03-31,2897395,IT1,2017,domestic_league,252,2722,Genoa CFC,SPAL,1,1
2018-03-31,2897396,IT1,2017,domestic_league,1390,416,Cagliari Calcio,Torino FC,0,4
2018-03-31,2897397,IT1,2017,domestic_league,800,410,Atalanta BC,Udinese Calcio,2,0
2018-03-31,2899830,ES1,2017,domestic_league,472,418,UD Las Palmas,Real Madrid,0,3
2018-03-31,2899831,ES1,2017,domestic_league,12321,3368,Girona FC,Levante UD,1,1
2018-03-31,2899845,ES1,2017,domestic_league,368,131,Sevilla FC,FC Barcelona,2,2
2018-03-31,2899897,ES1,2017,domestic_league,621,940,Athletic Bilbao,Celta de Vigo,1,1
2018-03-31,2942850,FR1,2017,domestic_league,2969,244,Dijon FCO,Olympique Marseille,1,3
2018-03-31,2986480,SC1,2017,domestic_league,370,2578,Aberdeen FC,St. Johnstone FC,4,1
2018-03-31,2986481,SC1,2017,domestic_league,371,2759,Celtic FC,Ross County FC,3,0
2018-03-31,2986483,SC1,2017,domestic_league,903,2760,Hibernian FC,Partick Thistle FC,2,0
2018-03-31,2986484,SC1,2017,domestic_league,2553,2999,Kilmarnock FC,Hamilton Academical FC,2,0
2018-03-31,2986485,SC1,2017,domestic_league,987,124,Motherwell FC,Rangers FC,2,2
2018-03-31,3016404,RU1,2017,domestic_league,4128,932,Amkar Perm,"Футбольный клуб ""Локомотив"" Москва",2,1
2018-03-31,3016405,RU1,2017,domestic_league,3725,3690,RFK Akhmat Grozny,SKA Khabarovsk,0,0
2018-03-31,3016407,RU1,2017,domestic_league,232,40426,FK Spartak Moskva,FC Tosno (-2018),2,1
2018-03-31,3016409,RU1,2017,domestic_league,121,3729,FK Dinamo Moskva,Arsenal Tula,2,1
2018-04-01,2872019,L1,2017,domestic_league,86,24,SV Werder Bremen,Eintracht Frankfurt,2,1
2018-04-01,2872022,L1,2017,domestic_league,39,18,1.FSV Mainz 05,Borussia Mönchengladbach,0,0
2018-04-01,2872425,GB1,2017,domestic_league,11,512,Arsenal FC,Stoke City,3,0
2018-04-01,2872427,GB1,2017,domestic_league,631,148,Chelsea FC,Tottenham Hotspur,1,3
2018-04-01,2884060,TR1,2017,domestic_league,2944,2293,Ankaraspor,Konyaspor,0,0
2018-04-01,2884064,TR1,2017,domestic_league,1467,10484,Göztepe,Kasimpasa,0,2
2018-04-01,2884066,TR1,2017,domestic_league,19771,6890,Akhisarspor,Basaksehir FK,1,2
2018-04-01,2884067,TR1,2017,domestic_league,141,449,Galatasaray,Trabzonspor,2,1
2018-04-01,2888331,NL1,2017,domestic_league,1426,317,VVV-Venlo,FC Twente Enschede,0,0
2018-04-01,2888332,NL1,2017,domestic_league,1304,306,Heracles Almelo,SC Heerenveen,1,2
2018-04-01,2888333,NL1,2017,domestic_league,202,610,FC Groningen,Ajax Amsterdam,1,2
2018-04-01,2888334,NL1,2017,domestic_league,234,798,Feyenoord Rotterdam,Excelsior Rotterdam,5,0
2018-04-01,2891604,GR1,2017,domestic_league,2441,265,Athlitiki Enosi Konstantinoupoleos,Panathinaikos Athlitikos Omilos,3,0
2018-04-01,2891605,GR1,2017,domestic_league,441,4603,Apollon Smyrnis,Athlitiki Enosi Larisas,3,0
2018-04-01,2891611,GR1,2017,domestic_league,5219,3999,AOK Kerkyra,PAS Lamia 1964,0,0
2018-04-01,2891616,GR1,2017,domestic_league,169,128,Panionios Athens,AO Xanthi,0,0
2018-04-01,2899816,ES1,2017,domestic_league,13,897,Atlético de Madrid,Deportivo de La Coruña,1,0
2018-04-01,2899833,ES1,2017,domestic_league,1244,1049,CD Leganés,Valencia CF,0,1
2018-04-01,2899835,ES1,2017,domestic_league,1533,681,SD Eibar,Real Sociedad,0,0
2018-04-01,2899887,ES1,2017,domestic_league,714,1108,RCD Espanyol Barcelona,Deportivo Alavés,0,0
2018-04-01,2899907,ES1,2017,domestic_league,1084,1050,Málaga CF,Villarreal CF,1,0
2018-04-01,2942851,FR1,2017,domestic_league,855,40,EA Guingamp,FC Girondins Bordeaux,2,1
2018-04-01,2942852,FR1,2017,domestic_league,1095,417,ESTAC Troyes,OGC Nice,0,2
2018-04-01,2942853,FR1,2017,domestic_league,995,618,FC Nantes,AS Saint-Étienne,0,3
2018-04-01,2942854,FR1,2017,domestic_league,1041,415,Olympique Lyon,FC Toulouse,2,0
2018-04-01,2942855,FR1,2017,domestic_league,1082,1416,LOSC Lille,Amiens SC,0,1
2018-04-01,2942857,FR1,2017,domestic_league,667,347,RC Strasbourg Alsace,FC Metz,2,2
2018-04-01,2942858,FR1,2017,domestic_league,1162,969,SM Caen,Montpellier HSC,1,3
2018-04-01,2986482,SC1,2017,domestic_league,511,43,Dundee FC,Heart of Midlothian FC,1,1
2018-04-01,3016403,RU1,2017,domestic_league,16704,2700,FK Krasnodar,Anzhi Makhachkala ( -2022),1,1
2018-04-01,3016406,RU1,2017,domestic_league,11127,2698,Ural Yekaterinburg,FC Rubin Kazan,1,1
2018-04-01,3016408,RU1,2017,domestic_league,1083,2410,FK Rostov,PFK CSKA Moskva,1,2
2018-04-01,3016410,RU1,2017,domestic_league,28095,964,FK Ufa,AO FK Zenit Sankt-Peterburg,1,2
2018-04-02,2884061,TR1,2017,domestic_league,3205,36,Kayserispor,Fenerbahce,0,5
2018-04-02,2884481,PO1,2017,domestic_league,68608,720,CF Os Belenenses,FC Porto,2,0
2018-04-02,2891607,GR1,2017,domestic_league,6676,21957,A.G.S Asteras Tripolis,AO Platanias,4,0
2018-04-02,2899847,ES1,2017,domestic_league,3709,150,Getafe CF,Real Betis Balompié,0,1
2018-04-03,2897359,IT1,2017,domestic_league,252,1390,Genoa CFC,Cagliari Calcio,2,1
2018-04-03,2897361,IT1,2017,domestic_league,410,430,Udinese Calcio,ACF Fiorentina,0,2
2018-04-03,2897366,IT1,2017,domestic_league,800,1038,Atalanta BC,UC Sampdoria,1,2
2018-04-03,2986464,SC1,2017,domestic_league,903,2999,Hibernian FC,Hamilton Academical FC,3,1
2018-04-03,2986465,SC1,2017,domestic_league,987,370,Motherwell FC,Aberdeen FC,0,2
2018-04-03,2986466,SC1,2017,domestic_league,2759,2760,Ross County FC,Partick Thistle FC,4,0
2018-04-03,3018930,CL,2017,international_cup,368,27,Sevilla FC,Bayern Munich,1,2
2018-04-03,3018931,CL,2017,international_cup,506,418,Juventus FC,Real Madrid,0,3
2018-04-04,2891615,GR1,2017,domestic_league,2671,441,PAS Giannina,Apollon Smyrnis,0,1
2018-04-04,2897360,IT1,2017,domestic_league,416,4083,Torino FC,FC Crotone,4,1
2018-04-04,2897362,IT1,2017,domestic_league,4171,276,Benevento Calcio,Hellas Verona,3,0
2018-04-04,2897363,IT1,2017,domestic_league,5,46,AC Milan,Inter Milan,0,0
2018-04-04,2897367,IT1,2017,domestic_league,862,6574,Chievo Verona,US Sassuolo,1,1
2018-04-04,2942859,FR1,2017,domestic_league,273,162,Stade Rennais FC,AS Monaco,1,1
2018-04-04,2986404,RUP,2017,domestic_cup,2696,232,PFK Krylya Sovetov Samara,FK Spartak Moskva,1,3
2018-04-04,2986462,SC1,2017,domestic_league,371,511,Celtic FC,Dundee FC,0,0
2018-04-04,3002053,DKP,2017,domestic_cup,5724,1177,Randers FC,Silkeborg IF,1,3
2018-04-04,3018929,CL,2017,international_cup,131,12,FC Barcelona,Associazione Sportiva Roma,4,1
2018-04-04,3018932,CL,2017,international_cup,31,281,Liverpool FC,Manchester City,3,0
2018-04-05,3002052,DKP,2017,domestic_cup,5817,206,Sönderjyske Fodbold,Bröndby IF,0,1
2018-04-05,3018979,EL,2017,other,23826,244,RB Leipzig,Olympique Marseille,1,0
2018-04-05,3018980,EL,2017,other,11,2410,Arsenal FC,PFK CSKA Moskva,4,1
2018-04-05,3018981,EL,2017,other,13,336,Atlético de Madrid,Sporting CP,2,0
2018-04-05,3018982,EL,2017,other,398,409,Società Sportiva Lazio S.p.A.,Fußballclub Red Bull Salzburg,4,2
2018-04-06,2872051,L1,2017,domestic_league,42,86,Hannover 96,SV Werder Bremen,2,1
2018-04-06,2884072,TR1,2017,domestic_league,6890,19789,Basaksehir FK,Yeni Malatyaspor,1,0
2018-04-06,2884493,PO1,2017,domestic_league,2420,2425,Vitória Guimarães SC,Rio Ave FC,3,0
2018-04-06,2888349,NL1,2017,domestic_league,798,403,Excelsior Rotterdam,Willem II Tilburg,2,1
2018-04-06,2899894,ES1,2017,domestic_league,897,1084,Deportivo de La Coruña,Málaga CF,3,2
2018-04-06,2942861,FR1,2017,domestic_league,618,583,AS Saint-Étienne,Paris Saint-Germain,1,1
2018-04-07,2872045,L1,2017,domestic_league,3,39,1.FC Köln,1.FSV Mainz 05,1,1
2018-04-07,2872046,L1,2017,domestic_league,60,82,SC Freiburg,VfL Wolfsburg,0,2
2018-04-07,2872047,L1,2017,domestic_league,18,44,Borussia Mönchengladbach,Hertha BSC,2,1
2018-04-07,2872049,L1,2017,domestic_league,167,27,FC Augsburg,Bayern Munich,1,4
2018-04-07,2872050,L1,2017,domestic_league,41,33,Hamburger SV,FC Schalke 04,3,2
2018-04-07,2872435,GB1,2017,domestic_league,989,873,AFC Bournemouth,Crystal Palace,2,2
2018-04-07,2872437,GB1,2017,domestic_league,1237,1110,Brighton & Hove Albion,Huddersfield Town,1,1
2018-04-07,2872439,GB1,2017,domestic_league,29,31,Everton FC,Liverpool FC,0,0
2018-04-07,2872440,GB1,2017,domestic_league,1003,762,Leicester City,Newcastle United,1,2
2018-04-07,2872441,GB1,2017,domestic_league,281,985,Manchester City,Manchester United,2,3
2018-04-07,2872442,GB1,2017,domestic_league,512,148,Stoke City,Tottenham Hotspur,1,2
2018-04-07,2872443,GB1,2017,domestic_league,1010,1132,Watford FC,Burnley FC,1,2
2018-04-07,2872444,GB1,2017,domestic_league,984,2288,West Bromwich Albion,Swansea City,1,1
2018-04-07,2884068,TR1,2017,domestic_league,1506,589,Kardemir Karabükspor,Antalyaspor,1,2
2018-04-07,2884070,TR1,2017,domestic_league,114,1467,Beşiktaş Jimnastik Kulübü,Göztepe,5,1
2018-04-07,2884076,TR1,2017,domestic_league,449,3205,Trabzonspor,Kayserispor,4,0
2018-04-07,2884487,PO1,2017,domestic_league,1085,294,Vitória Setúbal FC,SL Benfica,1,2
2018-04-07,2884489,PO1,2017,domestic_league,3349,1075,CD Feirense,SC Braga,2,2
2018-04-07,2884491,PO1,2017,domestic_league,7179,7378,CD Tondela,Portimonense SC,2,2
2018-04-07,2884492,PO1,2017,domestic_league,1465,1301,GD Estoril Praia,CS Marítimo,1,1
2018-04-07,2888350,NL1,2017,domestic_league,132,499,NAC Breda,Vitesse Arnhem,1,0
2018-04-07,2888351,NL1,2017,domestic_league,192,1269,Roda JC Kerkrade,PEC Zwolle,3,2
2018-04-07,2888352,NL1,2017,domestic_league,1090,383,AZ Alkmaar,PSV Eindhoven,2,3
2018-04-07,2888353,NL1,2017,domestic_league,468,1426,Sparta Rotterdam,VVV-Venlo,3,2
2018-04-07,2897398,IT1,2017,domestic_league,2722,800,SPAL,Atalanta BC,1,1
2018-04-07,2897402,IT1,2017,domestic_league,12,430,Associazione Sportiva Roma,ACF Fiorentina,0,2
2018-04-07,2897403,IT1,2017,domestic_league,1038,252,UC Sampdoria,Genoa CFC,0,0
2018-04-07,2897405,IT1,2017,domestic_league,4171,506,Benevento Calcio,Juventus FC,2,4
2018-04-07,2899837,ES1,2017,domestic_league,1108,3709,Deportivo Alavés,Getafe CF,2,0
2018-04-07,2899849,ES1,2017,domestic_league,150,1533,Real Betis Balompié,SD Eibar,2,0
2018-04-07,2899853,ES1,2017,domestic_league,131,1244,FC Barcelona,CD Leganés,3,1
2018-04-07,2899854,ES1,2017,domestic_league,940,368,Celta de Vigo,Sevilla FC,4,0
2018-04-07,2942860,FR1,2017,domestic_league,162,995,AS Monaco,FC Nantes,2,1
2018-04-07,2942862,FR1,2017,domestic_league,855,1095,EA Guingamp,ESTAC Troyes,4,0
2018-04-07,2942864,FR1,2017,domestic_league,415,2969,FC Toulouse,Dijon FCO,0,1
2018-04-07,2942865,FR1,2017,domestic_league,40,1082,FC Girondins Bordeaux,LOSC Lille,2,1
2018-04-07,2942868,FR1,2017,domestic_league,1416,1162,Amiens SC,SM Caen,3,0
2018-04-07,2942869,FR1,2017,domestic_league,1420,667,Angers SCO,RC Strasbourg Alsace,1,1
2018-04-07,2986487,SC1,2017,domestic_league,43,370,Heart of Midlothian FC,Aberdeen FC,2,0
2018-04-07,2986488,SC1,2017,domestic_league,2760,2553,Partick Thistle FC,Kilmarnock FC,0,1
2018-04-07,2986489,SC1,2017,domestic_league,124,511,Rangers FC,Dundee FC,4,0
2018-04-07,2986490,SC1,2017,domestic_league,2759,903,Ross County FC,Hibernian FC,1,1
2018-04-07,2986491,SC1,2017,domestic_league,2578,987,St. Johnstone FC,Motherwell FC,0,0
2018-04-07,3023530,RU1,2017,domestic_league,3690,4128,SKA Khabarovsk,Amkar Perm,0,2
2018-04-07,3023531,RU1,2017,domestic_league,2698,3725,FC Rubin Kazan,RFK Akhmat Grozny,3,2
2018-04-07,3023532,RU1,2017,domestic_league,964,16704,AO FK Zenit Sankt-Peterburg,FK Krasnodar,1,2
2018-04-07,3023533,RU1,2017,domestic_league,3729,28095,Arsenal Tula,FK Ufa,2,1
2018-04-08,2872043,L1,2017,domestic_league,16,79,Borussia Dortmund,VfB Stuttgart,3,0
2018-04-08,2872048,L1,2017,domestic_league,24,533,Eintracht Frankfurt,TSG 1899 Hoffenheim,1,1
2018-04-08,2872436,GB1,2017,domestic_league,11,180,Arsenal FC,Southampton FC,3,2
2018-04-08,2872438,GB1,2017,domestic_league,631,379,Chelsea FC,West Ham United,1,1
2018-04-08,2884069,TR1,2017,domestic_league,2293,2381,Konyaspor,Sivasspor,5,0
2018-04-08,2884073,TR1,2017,domestic_league,11282,19771,Alanyaspor,Akhisarspor,3,1
2018-04-08,2884074,TR1,2017,domestic_league,20,10484,Bursaspor,Kasimpasa,0,1
2018-04-08,2884075,TR1,2017,domestic_league,36,2944,Fenerbahce,Ankaraspor,2,0
2018-04-08,2884485,PO1,2017,domestic_league,720,3336,FC Porto,Desportivo Aves (- 2020),2,0
2018-04-08,2884486,PO1,2017,domestic_league,3325,68608,GD Chaves,CF Os Belenenses,1,1
2018-04-08,2884490,PO1,2017,domestic_league,336,2995,Sporting CP,FC Paços de Ferreira,2,0
2018-04-08,2888354,NL1,2017,domestic_league,200,1268,FC Utrecht,ADO Den Haag,3,3
2018-04-08,2888355,NL1,2017,domestic_league,306,202,SC Heerenveen,FC Groningen,1,1
2018-04-08,2888356,NL1,2017,domestic_league,317,234,FC Twente Enschede,Feyenoord Rotterdam,1,3
2018-04-08,2888357,NL1,2017,domestic_league,610,1304,Ajax Amsterdam,Heracles Almelo,1,0
2018-04-08,2897399,IT1,2017,domestic_league,4083,1025,FC Crotone,Bologna Football Club 1909,1,0
2018-04-08,2897400,IT1,2017,domestic_league,276,1390,Hellas Verona,Cagliari Calcio,1,0
2018-04-08,2897401,IT1,2017,domestic_league,6195,862,SSC Napoli,Chievo Verona,2,1
2018-04-08,2897404,IT1,2017,domestic_league,416,46,Torino FC,Inter Milan,1,0
2018-04-08,2897406,IT1,2017,domestic_league,410,398,Udinese Calcio,Società Sportiva Lazio S.p.A.,1,2
2018-04-08,2897407,IT1,2017,domestic_league,5,6574,AC Milan,US Sassuolo,1,1
2018-04-08,2899820,ES1,2017,domestic_league,3368,472,Levante UD,UD Las Palmas,2,1
2018-04-08,2899838,ES1,2017,domestic_league,418,13,Real Madrid,Atlético de Madrid,1,1
2018-04-08,2899842,ES1,2017,domestic_league,681,12321,Real Sociedad,Girona FC,5,0
2018-04-08,2899855,ES1,2017,domestic_league,1049,714,Valencia CF,RCD Espanyol Barcelona,1,0
2018-04-08,2942863,FR1,2017,domestic_league,347,1041,FC Metz,Olympique Lyon,0,5
2018-04-08,2942866,FR1,2017,domestic_league,417,273,OGC Nice,Stade Rennais FC,1,1
2018-04-08,2942867,FR1,2017,domestic_league,244,969,Olympique Marseille,Montpellier HSC,0,0
2018-04-08,2986486,SC1,2017,domestic_league,2999,371,Hamilton Academical FC,Celtic FC,1,2
2018-04-08,3023534,RU1,2017,domestic_league,40426,11127,FC Tosno (-2018),Ural Yekaterinburg,2,2
2018-04-08,3023535,RU1,2017,domestic_league,932,1083,"Футбольный клуб ""Локомотив"" Москва",FK Rostov,1,0
2018-04-08,3023536,RU1,2017,domestic_league,2700,232,Anzhi Makhachkala ( -2022),FK Spartak Moskva,1,4
2018-04-09,2872044,L1,2017,domestic_league,23826,15,RB Leipzig,Bayer 04 Leverkusen,1,4
2018-04-09,2884071,TR1,2017,domestic_league,820,141,Gençlerbirliği Spor Kulübü,Galatasaray,1,0
2018-04-09,2884488,PO1,2017,domestic_league,979,2503,Moreirense FC,Boavista FC,1,0
2018-04-09,2899906,ES1,2017,domestic_league,1050,621,Villarreal CF,Athletic Bilbao,1,3
2018-04-09,3023537,RU1,2017,domestic_league,2410,121,PFK CSKA Moskva,FK Dinamo Moskva,1,2
2018-04-10,3018933,CL,2017,international_cup,12,131,Associazione Sportiva Roma,FC Barcelona,3,0
2018-04-10,3018936,CL,2017,international_cup,281,31,Manchester City,Liverpool FC,1,2
2018-04-11,3002051,DKP,2017,domestic_cup,5776,1053,FC Fredericia,Aalborg BK,3,1
2018-04-11,3018934,CL,2017,international_cup,27,368,Bayern Munich,Sevilla FC,0,0
2018-04-11,3018935,CL,2017,international_cup,418,506,Real Madrid,Juventus FC,1,3
2018-04-12,3002050,DKP,2017,domestic_cup,5818,865,Hobro IK,FC Midtjylland,1,2
2018-04-12,3018983,EL,2017,other,244,23826,Olympique Marseille,RB Leipzig,5,2
2018-04-12,3018984,EL,2017,other,2410,11,PFK CSKA Moskva,Arsenal FC,2,2
2018-04-12,3018985,EL,2017,other,336,13,Sporting CP,Atlético de Madrid,1,0
2018-04-12,3018986,EL,2017,other,409,398,Fußballclub Red Bull Salzburg,Società Sportiva Lazio S.p.A.,4,1
2018-04-13,2872068,L1,2017,domestic_league,82,167,VfL Wolfsburg,FC Augsburg,0,0
2018-04-13,2884083,TR1,2017,domestic_league,19771,114,Akhisarspor,Beşiktaş Jimnastik Kulübü,0,3
2018-04-13,2884494,PO1,2017,domestic_league,2995,1075,FC Paços de Ferreira,SC Braga,1,5
2018-04-13,2888365,NL1,2017,domestic_league,1304,1090,Heracles Almelo,AZ Alkmaar,0,3
2018-04-13,2899856,ES1,2017,domestic_league,12321,150,Girona FC,Real Betis Balompié,0,1
2018-04-13,2942876,FR1,2017,domestic_league,1420,417,Angers SCO,OGC Nice,1,1
2018-04-13,3027727,RU1,2017,domestic_league,3725,40426,RFK Akhmat Grozny,FC Tosno (-2018),1,0
2018-04-14,2872061,L1,2017,domestic_league,27,18,Bayern Munich,Borussia Mönchengladbach,5,1
2018-04-14,2872062,L1,2017,domestic_league,533,41,TSG 1899 Hoffenheim,Hamburger SV,2,0
2018-04-14,2872063,L1,2017,domestic_league,44,3,Hertha BSC,1.FC Köln,2,1
2018-04-14,2872066,L1,2017,domestic_league,15,24,Bayer 04 Leverkusen,Eintracht Frankfurt,4,1
2018-04-14,2872069,L1,2017,domestic_league,79,42,VfB Stuttgart,Hannover 96,1,1
2018-04-14,2872445,GB1,2017,domestic_league,1132,1003,Burnley FC,Leicester City,2,1
2018-04-14,2872446,GB1,2017,domestic_league,873,1237,Crystal Palace,Brighton & Hove Albion,3,2
2018-04-14,2872447,GB1,2017,domestic_league,1110,1010,Huddersfield Town,Watford FC,1,0
2018-04-14,2872448,GB1,2017,domestic_league,31,989,Liverpool FC,AFC Bournemouth,3,0
2018-04-14,2872451,GB1,2017,domestic_league,180,631,Southampton FC,Chelsea FC,2,3
2018-04-14,2872452,GB1,2017,domestic_league,2288,29,Swansea City,Everton FC,1,1
2018-04-14,2872453,GB1,2017,domestic_league,148,281,Tottenham Hotspur,Manchester City,1,3
2018-04-14,2884077,TR1,2017,domestic_league,19789,11282,Yeni Malatyaspor,Alanyaspor,1,1
2018-04-14,2884080,TR1,2017,domestic_league,2381,36,Sivasspor,Fenerbahce,1,2
2018-04-14,2884081,TR1,2017,domestic_league,10484,1506,Kasimpasa,Kardemir Karabükspor,2,0
2018-04-14,2884495,PO1,2017,domestic_league,7378,1465,Portimonense SC,GD Estoril Praia,0,1
2018-04-14,2884496,PO1,2017,domestic_league,3336,3349,Desportivo Aves (- 2020),CD Feirense,1,0
2018-04-14,2884499,PO1,2017,domestic_league,2503,3325,Boavista FC,GD Chaves,3,3
2018-04-14,2884500,PO1,2017,domestic_league,2420,1085,Vitória Guimarães SC,Vitória Setúbal FC,1,1
2018-04-14,2888366,NL1,2017,domestic_league,1268,317,ADO Den Haag,FC Twente Enschede,2,1
2018-04-14,2888367,NL1,2017,domestic_league,499,468,Vitesse Arnhem,Sparta Rotterdam,7,0
2018-04-14,2888368,NL1,2017,domestic_league,1426,306,VVV-Venlo,SC Heerenveen,0,2
2018-04-14,2888369,NL1,2017,domestic_league,1269,798,PEC Zwolle,Excelsior Rotterdam,1,1
2018-04-14,2891610,GR1,2017,domestic_league,1091,169,Panthessalonikios Athlitikos Omilos Konstantinoupoliton,Panionios Athens,3,1
2018-04-14,2891629,GR1,2017,domestic_league,3999,441,PAS Lamia 1964,Apollon Smyrnis,0,0
2018-04-14,2891638,GR1,2017,domestic_league,2672,6676,APO Levadiakos Football Club,A.G.S Asteras Tripolis,1,0
2018-04-14,2897409,IT1,2017,domestic_league,252,4083,Genoa CFC,FC Crotone,1,0
2018-04-14,2897411,IT1,2017,domestic_league,800,46,Atalanta BC,Inter Milan,0,0
2018-04-14,2897416,IT1,2017,domestic_league,862,416,Chievo Verona,Torino FC,0,0
2018-04-14,2897417,IT1,2017,domestic_league,1390,410,Cagliari Calcio,Udinese Calcio,2,1
2018-04-14,2899839,ES1,2017,domestic_league,131,1049,FC Barcelona,Valencia CF,2,1
2018-04-14,2899841,ES1,2017,domestic_league,472,681,UD Las Palmas,Real Sociedad,0,1
2018-04-14,2899844,ES1,2017,domestic_league,368,1050,Sevilla FC,Villarreal CF,2,2
2018-04-14,2899859,ES1,2017,domestic_league,1244,940,CD Leganés,Celta de Vigo,1,0
2018-04-14,2899861,ES1,2017,domestic_league,621,897,Athletic Bilbao,Deportivo de La Coruña,2,3
2018-04-14,2903821,SC1,2017,domestic_league,2999,2553,Hamilton Academical FC,Kilmarnock FC,1,2
2018-04-14,2942871,FR1,2017,domestic_league,995,2969,FC Nantes,Dijon FCO,1,1
2018-04-14,2942873,FR1,2017,domestic_league,1041,1416,Olympique Lyon,Amiens SC,3,0
2018-04-14,2942874,FR1,2017,domestic_league,1082,855,LOSC Lille,EA Guingamp,2,2
2018-04-14,2942878,FR1,2017,domestic_league,273,347,Stade Rennais FC,FC Metz,1,2
2018-04-14,2942879,FR1,2017,domestic_league,667,618,RC Strasbourg Alsace,AS Saint-Étienne,0,1
2018-04-14,3018432,SFA,2017,domestic_cup,987,370,Motherwell FC,Aberdeen FC,3,0
2018-04-14,3027728,RU1,2017,domestic_league,4128,2698,Amkar Perm,FC Rubin Kazan,0,3
2018-04-14,3027729,RU1,2017,domestic_league,121,932,FK Dinamo Moskva,"Футбольный клуб ""Локомотив"" Москва",0,4
2018-04-14,3027730,RU1,2017,domestic_league,964,2700,AO FK Zenit Sankt-Peterburg,Anzhi Makhachkala ( -2022),1,0
2018-04-14,3027731,RU1,2017,domestic_league,16704,3729,FK Krasnodar,Arsenal Tula,3,0
2018-04-15,2872064,L1,2017,domestic_league,86,23826,SV Werder Bremen,RB Leipzig,1,1
2018-04-15,2872065,L1,2017,domestic_league,33,16,FC Schalke 04,Borussia Dortmund,2,0
2018-04-15,2872449,GB1,2017,domestic_league,985,984,Manchester United,West Bromwich Albion,0,1
2018-04-15,2872450,GB1,2017,domestic_league,762,11,Newcastle United,Arsenal FC,2,1
2018-04-15,2884078,TR1,2017,domestic_league,3205,820,Kayserispor,Gençlerbirliği Spor Kulübü,3,2
2018-04-15,2884079,TR1,2017,domestic_league,589,2293,Antalyaspor,Konyaspor,0,0
2018-04-15,2884082,TR1,2017,domestic_league,1467,20,Göztepe,Bursaspor,2,1
2018-04-15,2884084,TR1,2017,domestic_league,141,6890,Galatasaray,Basaksehir FK,2,0
2018-04-15,2884497,PO1,2017,domestic_league,68608,336,CF Os Belenenses,Sporting CP,3,4
2018-04-15,2884498,PO1,2017,domestic_league,294,720,SL Benfica,FC Porto,0,1
2018-04-15,2884501,PO1,2017,domestic_league,1301,979,CS Marítimo,Moreirense FC,1,1
2018-04-15,2888370,NL1,2017,domestic_league,132,403,NAC Breda,Willem II Tilburg,1,2
2018-04-15,2888371,NL1,2017,domestic_league,234,200,Feyenoord Rotterdam,FC Utrecht,3,1
2018-04-15,2888372,NL1,2017,domestic_league,202,192,FC Groningen,Roda JC Kerkrade,2,1
2018-04-15,2888373,NL1,2017,domestic_league,383,610,PSV Eindhoven,Ajax Amsterdam,3,0
2018-04-15,2891609,GR1,2017,domestic_league,128,2671,AO Xanthi,PAS Giannina,3,0
2018-04-15,2891612,GR1,2017,domestic_league,4603,6418,Athlitiki Enosi Larisas,Panetolikos Agrinio,4,2
2018-04-15,2891613,GR1,2017,domestic_league,265,3060,Panathinaikos Athlitikos Omilos,APS Atromitos Athinon,1,0
2018-04-15,2891626,GR1,2017,domestic_league,21957,2441,AO Platanias,Athlitiki Enosi Konstantinoupoleos,0,1
2018-04-15,2897408,IT1,2017,domestic_league,6574,4171,US Sassuolo,Benevento Calcio,2,2
2018-04-15,2897410,IT1,2017,domestic_league,1025,276,Bologna Football Club 1909,Hellas Verona,2,0
2018-04-15,2897412,IT1,2017,domestic_league,5,6195,AC Milan,SSC Napoli,0,0
2018-04-15,2897413,IT1,2017,domestic_league,398,12,Società Sportiva Lazio S.p.A.,Associazione Sportiva Roma,0,0
2018-04-15,2897414,IT1,2017,domestic_league,506,1038,Juventus FC,UC Sampdoria,3,0
2018-04-15,2897415,IT1,2017,domestic_league,430,2722,ACF Fiorentina,SPAL,0,0
2018-04-15,2899846,ES1,2017,domestic_league,3709,714,Getafe CF,RCD Espanyol Barcelona,1,0
2018-04-15,2899850,ES1,2017,domestic_league,1533,1108,SD Eibar,Deportivo Alavés,0,1
2018-04-15,2899893,ES1,2017,domestic_league,1084,418,Málaga CF,Real Madrid,1,2
2018-04-15,2899904,ES1,2017,domestic_league,13,3368,Atlético de Madrid,Levante UD,3,0
2018-04-15,2942870,FR1,2017,domestic_league,1095,244,ESTAC Troyes,Olympique Marseille,2,3
2018-04-15,2942872,FR1,2017,domestic_league,969,40,Montpellier HSC,FC Girondins Bordeaux,1,3
2018-04-15,2942875,FR1,2017,domestic_league,583,162,Paris Saint-Germain,AS Monaco,7,1
2018-04-15,3014686,SFA,2017,domestic_cup,371,124,Celtic FC,Rangers FC,4,0
2018-04-15,3027732,RU1,2017,domestic_league,11127,232,Ural Yekaterinburg,FK Spartak Moskva,2,1
2018-04-15,3027733,RU1,2017,domestic_league,28095,2410,FK Ufa,PFK CSKA Moskva,1,1
2018-04-15,3027734,RU1,2017,domestic_league,1083,3690,FK Rostov,SKA Khabarovsk,2,0
2018-04-16,2872067,L1,2017,domestic_league,39,60,1.FSV Mainz 05,SC Freiburg,2,0
2018-04-16,2872454,GB1,2017,domestic_league,379,512,West Ham United,Stoke City,1,1
2018-04-16,2884085,TR1,2017,domestic_league,2944,449,Ankaraspor,Trabzonspor,3,3
2018-04-16,2884502,PO1,2017,domestic_league,2425,7179,Rio Ave FC,CD Tondela,1,1
2018-04-16,2891628,GR1,2017,domestic_league,683,5219,Olympiakos Syndesmos Filathlon Peiraios,AOK Kerkyra,5,1
2018-04-17,2872457,GB1,2017,domestic_league,1237,148,Brighton & Hove Albion,Tottenham Hotspur,1,1
2018-04-17,2888388,NL1,2017,domestic_league,317,1269,FC Twente Enschede,PEC Zwolle,2,0
2018-04-17,2888389,NL1,2017,domestic_league,306,1268,SC Heerenveen,ADO Den Haag,2,0
2018-04-17,2897488,IT1,2017,domestic_league,46,1390,Inter Milan,Cagliari Calcio,4,0
2018-04-17,2899857,ES1,2017,domestic_league,897,368,Deportivo de La Coruña,Sevilla FC,0,0
2018-04-17,2899871,ES1,2017,domestic_league,940,131,Celta de Vigo,FC Barcelona,2,2
2018-04-17,2899875,ES1,2017,domestic_league,1050,1244,Villarreal CF,CD Leganés,2,1
2018-04-17,3002964,DFB,2017,domestic_cup,15,27,Bayer 04 Leverkusen,Bayern Munich,2,6
2018-04-17,3031974,GRP,2017,domestic_cup,1091,169,Panthessalonikios Athlitikos Omilos Konstantinoupoliton,Panionios Athens,3,1
2018-04-18,2872455,GB1,2017,domestic_league,989,985,AFC Bournemouth,Manchester United,0,2
2018-04-18,2888390,NL1,2017,domestic_league,1090,499,AZ Alkmaar,Vitesse Arnhem,4,3
2018-04-18,2888391,NL1,2017,domestic_league,192,383,Roda JC Kerkrade,PSV Eindhoven,2,2
2018-04-18,2888392,NL1,2017,domestic_league,798,1304,Excelsior Rotterdam,Heracles Almelo,2,2
2018-04-18,2888394,NL1,2017,domestic_league,468,132,Sparta Rotterdam,NAC Breda,2,1
2018-04-18,2888396,NL1,2017,domestic_league,403,234,Willem II Tilburg,Feyenoord Rotterdam,1,5
2018-04-18,2897486,IT1,2017,domestic_league,4171,800,Benevento Calcio,Atalanta BC,0,3
2018-04-18,2897487,IT1,2017,domestic_league,1038,1025,UC Sampdoria,Bologna Football Club 1909,1,0
2018-04-18,2897489,IT1,2017,domestic_league,2722,862,SPAL,Chievo Verona,0,0
2018-04-18,2897490,IT1,2017,domestic_league,12,252,Associazione Sportiva Roma,Genoa CFC,2,1
2018-04-18,2897491,IT1,2017,domestic_league,4083,506,FC Crotone,Juventus FC,1,1
2018-04-18,2897492,IT1,2017,domestic_league,430,398,ACF Fiorentina,Società Sportiva Lazio S.p.A.,3,4
2018-04-18,2897493,IT1,2017,domestic_league,416,5,Torino FC,AC Milan,1,1
2018-04-18,2897494,IT1,2017,domestic_league,276,6574,Hellas Verona,US Sassuolo,0,1
2018-04-18,2897495,IT1,2017,domestic_league,6195,410,SSC Napoli,Udinese Calcio,4,2
2018-04-18,2899843,ES1,2017,domestic_league,714,1533,RCD Espanyol Barcelona,SD Eibar,0,1
2018-04-18,2899852,ES1,2017,domestic_league,1049,3709,Valencia CF,Getafe CF,1,2
2018-04-18,2899884,ES1,2017,domestic_league,418,621,Real Madrid,Athletic Bilbao,1,1
2018-04-18,2982782,RU1,2017,domestic_league,2410,4128,PFK CSKA Moskva,Amkar Perm,3,0
2018-04-18,2982783,RU1,2017,domestic_league,932,3725,"Футбольный клуб ""Локомотив"" Москва",RFK Akhmat Grozny,0,0
2018-04-18,2982784,RU1,2017,domestic_league,964,121,AO FK Zenit Sankt-Peterburg,FK Dinamo Moskva,2,1
2018-04-18,3002965,DFB,2017,domestic_cup,33,24,FC Schalke 04,Eintracht Frankfurt,0,1
2018-04-18,3003045,GRP,2017,domestic_cup,2441,4603,Athlitiki Enosi Konstantinoupoleos,Athlitiki Enosi Larisas,1,0
2018-04-18,3028885,RUP,2017,domestic_cup,2374,11122,Shinnik Yaroslavl,Avangard Kursk,0,1
2018-04-18,3028886,RUP,2017,domestic_cup,232,40426,FK Spartak Moskva,FC Tosno (-2018),5,6
2018-04-18,3034153,UKRP,2017,domestic_cup,60551,338,SC Dnipro-1,Dynamo Kyiv,1,4
2018-04-18,3034154,UKRP,2017,domestic_cup,660,6993,FC Shakhtar Donetsk,FK Mariupol,5,1
2018-04-19,2872416,GB1,2017,domestic_league,1132,631,Burnley FC,Chelsea FC,1,2
2018-04-19,2872460,GB1,2017,domestic_league,1003,180,Leicester City,Southampton FC,0,0
2018-04-19,2888393,NL1,2017,domestic_league,610,1426,Ajax Amsterdam,VVV-Venlo,4,1
2018-04-19,2888395,NL1,2017,domestic_league,200,202,FC Utrecht,FC Groningen,1,1
2018-04-19,2899840,ES1,2017,domestic_league,1108,12321,Deportivo Alavés,Girona FC,1,2
2018-04-19,2899848,ES1,2017,domestic_league,150,472,Real Betis Balompié,UD Las Palmas,1,0
2018-04-19,2899891,ES1,2017,domestic_league,681,13,Real Sociedad,Atlético de Madrid,3,0
2018-04-19,2899903,ES1,2017,domestic_league,3368,1084,Levante UD,Málaga CF,1,0
2018-04-20,2872073,L1,2017,domestic_league,18,82,Borussia Mönchengladbach,VfL Wolfsburg,3,0
2018-04-20,2884093,TR1,2017,domestic_league,6890,3205,Basaksehir FK,Kayserispor,3,1
2018-04-20,2884507,PO1,2017,domestic_league,1075,1301,SC Braga,CS Marítimo,2,0
2018-04-20,2899874,ES1,2017,domestic_league,1244,897,CD Leganés,Deportivo de La Coruña,0,0
2018-04-20,2942881,FR1,2017,domestic_league,2969,1041,Dijon FCO,Olympique Lyon,2,5
2018-04-20,2942884,FR1,2017,domestic_league,995,273,FC Nantes,Stade Rennais FC,1,1
2018-04-21,2872070,L1,2017,domestic_league,16,15,Borussia Dortmund,Bayer 04 Leverkusen,4,0
2018-04-21,2872071,L1,2017,domestic_league,23826,533,RB Leipzig,TSG 1899 Hoffenheim,2,5
2018-04-21,2872074,L1,2017,domestic_league,24,44,Eintracht Frankfurt,Hertha BSC,0,3
2018-04-21,2872076,L1,2017,domestic_league,41,60,Hamburger SV,SC Freiburg,1,0
2018-04-21,2872077,L1,2017,domestic_league,42,27,Hannover 96,Bayern Munich,0,3
2018-04-21,2872078,L1,2017,domestic_league,79,86,VfB Stuttgart,SV Werder Bremen,2,0
2018-04-21,2872463,GB1,2017,domestic_league,1010,873,Watford FC,Crystal Palace,0,0
2018-04-21,2872464,GB1,2017,domestic_league,984,31,West Bromwich Albion,Liverpool FC,2,2
2018-04-21,2884086,TR1,2017,domestic_league,11282,141,Alanyaspor,Galatasaray,2,3
2018-04-21,2884087,TR1,2017,domestic_league,449,2381,Trabzonspor,Sivasspor,0,2
2018-04-21,2884088,TR1,2017,domestic_league,820,2944,Gençlerbirliği Spor Kulübü,Ankaraspor,0,3
2018-04-21,2884090,TR1,2017,domestic_league,1506,20,Kardemir Karabükspor,Bursaspor,1,4
2018-04-21,2884504,PO1,2017,domestic_league,2995,68608,FC Paços de Ferreira,CF Os Belenenses,1,1
2018-04-21,2884505,PO1,2017,domestic_league,1465,294,GD Estoril Praia,SL Benfica,1,2
2018-04-21,2884509,PO1,2017,domestic_league,3349,2420,CD Feirense,Vitória Guimarães SC,2,1
2018-04-21,2897496,IT1,2017,domestic_league,5,4171,AC Milan,Benevento Calcio,0,1
2018-04-21,2897499,IT1,2017,domestic_league,6574,430,US Sassuolo,ACF Fiorentina,1,0
2018-04-21,2897503,IT1,2017,domestic_league,2722,12,SPAL,Associazione Sportiva Roma,0,3
2018-04-21,2899868,ES1,2017,domestic_league,1533,3709,SD Eibar,Getafe CF,0,1
2018-04-21,2899870,ES1,2017,domestic_league,940,1049,Celta de Vigo,Valencia CF,1,1
2018-04-21,2942882,FR1,2017,domestic_league,855,162,EA Guingamp,AS Monaco,3,1
2018-04-21,2942883,FR1,2017,domestic_league,347,1162,FC Metz,SM Caen,1,1
2018-04-21,2942885,FR1,2017,domestic_league,415,1420,FC Toulouse,Angers SCO,2,0
2018-04-21,2942888,FR1,2017,domestic_league,244,1082,Olympique Marseille,LOSC Lille,5,1
2018-04-21,2942889,FR1,2017,domestic_league,1416,667,Amiens SC,RC Strasbourg Alsace,3,1
2018-04-21,3000614,CDR,2017,domestic_cup,368,131,Sevilla FC,FC Barcelona,0,5
2018-04-21,3023381,FAC,2017,domestic_cup,985,148,Manchester United,Tottenham Hotspur,2,1
2018-04-21,3027735,RU1,2017,domestic_league,2698,1083,FC Rubin Kazan,FK Rostov,1,1
2018-04-21,3027736,RU1,2017,domestic_league,2700,11127,Anzhi Makhachkala ( -2022),Ural Yekaterinburg,0,1
2018-04-22,2872072,L1,2017,domestic_league,3,33,1.FC Köln,FC Schalke 04,2,2
2018-04-22,2872075,L1,2017,domestic_league,167,39,FC Augsburg,1.FSV Mainz 05,2,0
2018-04-22,2872456,GB1,2017,domestic_league,11,379,Arsenal FC,West Ham United,4,1
2018-04-22,2872461,GB1,2017,domestic_league,281,2288,Manchester City,Swansea City,5,0
2018-04-22,2872462,GB1,2017,domestic_league,512,1132,Stoke City,Burnley FC,1,1
2018-04-22,2884089,TR1,2017,domestic_league,114,19789,Beşiktaş Jimnastik Kulübü,Yeni Malatyaspor,3,1
2018-04-22,2884091,TR1,2017,domestic_league,2293,10484,Konyaspor,Kasimpasa,2,0
2018-04-22,2884094,TR1,2017,domestic_league,19771,1467,Akhisarspor,Göztepe,1,1
2018-04-22,2884503,PO1,2017,domestic_league,7179,3336,CD Tondela,Desportivo Aves (- 2020),3,0
2018-04-22,2884506,PO1,2017,domestic_league,336,2503,Sporting CP,Boavista FC,1,0
2018-04-22,2884508,PO1,2017,domestic_league,3325,7378,GD Chaves,Portimonense SC,2,1
2018-04-22,2884510,PO1,2017,domestic_league,979,2425,Moreirense FC,Rio Ave FC,2,1
2018-04-22,2891623,GR1,2017,domestic_league,441,683,Apollon Smyrnis,Olympiakos Syndesmos Filathlon Peiraios,1,0
2018-04-22,2891625,GR1,2017,domestic_league,1091,128,Panthessalonikios Athlitikos Omilos Konstantinoupoliton,AO Xanthi,2,1
2018-04-22,2891630,GR1,2017,domestic_league,6418,3999,Panetolikos Agrinio,PAS Lamia 1964,1,0
2018-04-22,2891631,GR1,2017,domestic_league,3060,21957,APS Atromitos Athinon,AO Platanias,4,1
2018-04-22,2891632,GR1,2017,domestic_league,169,265,Panionios Athens,Panathinaikos Athlitikos Omilos,0,3
2018-04-22,2891633,GR1,2017,domestic_league,5219,6676,AOK Kerkyra,A.G.S Asteras Tripolis,1,3
2018-04-22,2891635,GR1,2017,domestic_league,2441,2672,Athlitiki Enosi Konstantinoupoleos,APO Levadiakos Football Club,2,0
2018-04-22,2891637,GR1,2017,domestic_league,2671,4603,PAS Giannina,Athlitiki Enosi Larisas,0,0
2018-04-22,2897497,IT1,2017,domestic_league,1390,1025,Cagliari Calcio,Bologna Football Club 1909,0,0
2018-04-22,2897498,IT1,2017,domestic_league,410,4083,Udinese Calcio,FC Crotone,1,2
2018-04-22,2897501,IT1,2017,domestic_league,862,46,Chievo Verona,Inter Milan,1,2
2018-04-22,2897502,IT1,2017,domestic_league,506,6195,Juventus FC,SSC Napoli,0,1
2018-04-22,2897504,IT1,2017,domestic_league,398,1038,Società Sportiva Lazio S.p.A.,UC Sampdoria,4,0
2018-04-22,2897505,IT1,2017,domestic_league,800,416,Atalanta BC,Torino FC,2,1
2018-04-22,2899851,ES1,2017,domestic_league,472,1108,UD Las Palmas,Deportivo Alavés,0,4
2018-04-22,2899858,ES1,2017,domestic_league,13,150,Atlético de Madrid,Real Betis Balompié,0,0
2018-04-22,2899876,ES1,2017,domestic_league,12321,714,Girona FC,RCD Espanyol Barcelona,0,2
2018-04-22,2899901,ES1,2017,domestic_league,1084,681,Málaga CF,Real Sociedad,2,0
2018-04-22,2942880,FR1,2017,domestic_league,618,1095,AS Saint-Étienne,ESTAC Troyes,2,1
2018-04-22,2942886,FR1,2017,domestic_league,40,583,FC Girondins Bordeaux,Paris Saint-Germain,0,1
2018-04-22,2942887,FR1,2017,domestic_league,417,969,OGC Nice,Montpellier HSC,1,0
2018-04-22,3011942,NLP,2017,domestic_cup,1090,234,AZ Alkmaar,Feyenoord Rotterdam,0,3
2018-04-22,3023380,FAC,2017,domestic_cup,631,180,Chelsea FC,Southampton FC,2,0
2018-04-22,3027737,RU1,2017,domestic_league,3690,121,SKA Khabarovsk,FK Dinamo Moskva,0,1
2018-04-22,3027738,RU1,2017,domestic_league,3729,964,Arsenal Tula,AO FK Zenit Sankt-Peterburg,3,3
2018-04-22,3027739,RU1,2017,domestic_league,40426,4128,FC Tosno (-2018),Amkar Perm,0,2
2018-04-22,3027740,RU1,2017,domestic_league,2410,16704,PFK CSKA Moskva,FK Krasnodar,2,1
2018-04-22,3027741,RU1,2017,domestic_league,932,28095,"Футбольный клуб ""Локомотив"" Москва",FK Ufa,0,0
2018-04-23,2872459,GB1,2017,domestic_league,29,762,Everton FC,Newcastle United,1,0
2018-04-23,2884092,TR1,2017,domestic_league,36,589,Fenerbahce,Antalyaspor,4,1
2018-04-23,2884511,PO1,2017,domestic_league,720,1085,FC Porto,Vitória Setúbal FC,5,1
2018-04-23,2897500,IT1,2017,domestic_league,252,276,Genoa CFC,Hellas Verona,3,1
2018-04-23,2899890,ES1,2017,domestic_league,621,3368,Athletic Bilbao,Levante UD,1,3
2018-04-23,3027742,RU1,2017,domestic_league,232,3725,FK Spartak Moskva,RFK Akhmat Grozny,1,3
2018-04-24,3030593,CL,2017,international_cup,31,12,Liverpool FC,Associazione Sportiva Roma,5,2
2018-04-25,2942877,FR1,2017,domestic_league,1162,415,SM Caen,FC Toulouse,0,0
2018-04-25,3030567,DKP,2017,domestic_cup,5776,1177,FC Fredericia,Silkeborg IF,0,1
2018-04-25,3030592,CL,2017,international_cup,27,418,Bayern Munich,Real Madrid,1,2
2018-04-26,3030566,DKP,2017,domestic_cup,206,865,Bröndby IF,FC Midtjylland,3,1
2018-04-26,3030588,EL,2017,other,244,409,Olympique Marseille,Fußballclub Red Bull Salzburg,2,0
2018-04-26,3030589,EL,2017,other,11,13,Arsenal FC,Atlético de Madrid,1,1
2018-04-27,2872080,L1,2017,domestic_league,533,42,TSG 1899 Hoffenheim,Hannover 96,3,1
2018-04-27,2884099,TR1,2017,domestic_league,1467,1506,Göztepe,Kardemir Karabükspor,5,0
2018-04-27,2884518,PO1,2017,domestic_league,2420,979,Vitória Guimarães SC,Moreirense FC,1,0
2018-04-27,2899877,ES1,2017,domestic_league,3368,368,Levante UD,Sevilla FC,2,1
2018-04-27,2942893,FR1,2017,domestic_league,969,618,Montpellier HSC,AS Saint-Étienne,0,1
2018-04-28,2872079,L1,2017,domestic_league,27,24,Bayern Munich,Eintracht Frankfurt,4,1
2018-04-28,2872081,L1,2017,domestic_league,44,167,Hertha BSC,FC Augsburg,2,2
2018-04-28,2872082,L1,2017,domestic_league,60,3,SC Freiburg,1.FC Köln,3,2
2018-04-28,2872084,L1,2017,domestic_league,33,18,FC Schalke 04,Borussia Mönchengladbach,1,1
2018-04-28,2872085,L1,2017,domestic_league,15,79,Bayer 04 Leverkusen,VfB Stuttgart,0,1
2018-04-28,2872087,L1,2017,domestic_league,82,41,VfL Wolfsburg,Hamburger SV,1,3
2018-04-28,2872465,GB1,2017,domestic_league,1132,1237,Burnley FC,Brighton & Hove Albion,0,0
2018-04-28,2872466,GB1,2017,domestic_league,873,1003,Crystal Palace,Leicester City,5,0
2018-04-28,2872467,GB1,2017,domestic_league,1110,29,Huddersfield Town,Everton FC,0,2
2018-04-28,2872468,GB1,2017,domestic_league,31,512,Liverpool FC,Stoke City,0,0
2018-04-28,2872470,GB1,2017,domestic_league,762,984,Newcastle United,West Bromwich Albion,0,1
2018-04-28,2872471,GB1,2017,domestic_league,180,989,Southampton FC,AFC Bournemouth,2,1
2018-04-28,2872472,GB1,2017,domestic_league,2288,631,Swansea City,Chelsea FC,0,1
2018-04-28,2884098,TR1,2017,domestic_league,10484,36,Kasimpasa,Fenerbahce,1,4
2018-04-28,2884100,TR1,2017,domestic_league,3205,11282,Kayserispor,Alanyaspor,1,2
2018-04-28,2884102,TR1,2017,domestic_league,2381,820,Sivasspor,Gençlerbirliği Spor Kulübü,1,0
2018-04-28,2884103,TR1,2017,domestic_league,589,449,Antalyaspor,Trabzonspor,1,2
2018-04-28,2884513,PO1,2017,domestic_league,1085,3349,Vitória Setúbal FC,CD Feirense,0,2
2018-04-28,2884516,PO1,2017,domestic_league,294,7179,SL Benfica,CD Tondela,2,3
2018-04-28,2884520,PO1,2017,domestic_league,7378,336,Portimonense SC,Sporting CP,1,2
2018-04-28,2897507,IT1,2017,domestic_league,12,862,Associazione Sportiva Roma,Chievo Verona,4,1
2018-04-28,2897509,IT1,2017,domestic_league,46,506,Inter Milan,Juventus FC,2,3
2018-04-28,2899860,ES1,2017,domestic_league,714,472,RCD Espanyol Barcelona,UD Las Palmas,1,1
2018-04-28,2899863,ES1,2017,domestic_league,418,1244,Real Madrid,CD Leganés,2,1
2018-04-28,2899878,ES1,2017,domestic_league,1050,940,Villarreal CF,Celta de Vigo,4,1
2018-04-28,2899900,ES1,2017,domestic_league,681,621,Real Sociedad,Athletic Bilbao,3,1
2018-04-28,2942890,FR1,2017,domestic_league,162,1416,AS Monaco,Amiens SC,0,0
2018-04-28,2942891,FR1,2017,domestic_league,1095,1162,ESTAC Troyes,SM Caen,3,1
2018-04-28,2942892,FR1,2017,domestic_league,40,2969,FC Girondins Bordeaux,Dijon FCO,3,1
2018-04-28,2942894,FR1,2017,domestic_league,1041,995,Olympique Lyon,FC Nantes,2,0
2018-04-28,2942895,FR1,2017,domestic_league,1082,347,LOSC Lille,FC Metz,3,1
2018-04-28,2942897,FR1,2017,domestic_league,667,417,RC Strasbourg Alsace,OGC Nice,1,1
2018-04-28,3027743,RU1,2017,domestic_league,3729,2700,Arsenal Tula,Anzhi Makhachkala ( -2022),2,1
2018-04-29,2872083,L1,2017,domestic_league,86,16,SV Werder Bremen,Borussia Dortmund,1,1
2018-04-29,2872086,L1,2017,domestic_league,39,23826,1.FSV Mainz 05,RB Leipzig,3,0
2018-04-29,2872469,GB1,2017,domestic_league,985,11,Manchester United,Arsenal FC,2,1
2018-04-29,2872474,GB1,2017,domestic_league,379,281,West Ham United,Manchester City,1,4
2018-04-29,2884095,TR1,2017,domestic_league,19789,19771,Yeni Malatyaspor,Akhisarspor,0,0
2018-04-29,2884096,TR1,2017,domestic_league,141,114,Galatasaray,Beşiktaş Jimnastik Kulübü,2,0
2018-04-29,2884101,TR1,2017,domestic_league,2944,6890,Ankaraspor,Basaksehir FK,1,4
2018-04-29,2884512,PO1,2017,domestic_league,2425,3325,Rio Ave FC,GD Chaves,2,1
2018-04-29,2884515,PO1,2017,domestic_league,68608,1075,CF Os Belenenses,SC Braga,0,1
2018-04-29,2884517,PO1,2017,domestic_league,2503,2995,Boavista FC,FC Paços de Ferreira,1,0
2018-04-29,2884519,PO1,2017,domestic_league,1301,720,CS Marítimo,FC Porto,0,1
2018-04-29,2888404,NL1,2017,domestic_league,234,468,Feyenoord Rotterdam,Sparta Rotterdam,3,1
2018-04-29,2888405,NL1,2017,domestic_league,132,306,NAC Breda,SC Heerenveen,3,0
2018-04-29,2888406,NL1,2017,domestic_league,1269,403,PEC Zwolle,Willem II Tilburg,0,1
2018-04-29,2888407,NL1,2017,domestic_league,610,1090,Ajax Amsterdam,AZ Alkmaar,3,0
2018-04-29,2888408,NL1,2017,domestic_league,1304,200,Heracles Almelo,FC Utrecht,2,2
2018-04-29,2888409,NL1,2017,domestic_league,499,317,Vitesse Arnhem,FC Twente Enschede,5,0
2018-04-29,2888410,NL1,2017,domestic_league,1426,192,VVV-Venlo,Roda JC Kerkrade,1,4
2018-04-29,2888411,NL1,2017,domestic_league,202,798,FC Groningen,Excelsior Rotterdam,4,0
2018-04-29,2888412,NL1,2017,domestic_league,1268,383,ADO Den Haag,PSV Eindhoven,3,3
2018-04-29,2891624,GR1,2017,domestic_league,5219,2441,AOK Kerkyra,Athlitiki Enosi Konstantinoupoleos,0,0
2018-04-29,2891627,GR1,2017,domestic_league,3999,2671,PAS Lamia 1964,PAS Giannina,2,1
2018-04-29,2891634,GR1,2017,domestic_league,2672,3060,APO Levadiakos Football Club,APS Atromitos Athinon,0,1
2018-04-29,2891636,GR1,2017,domestic_league,6676,441,A.G.S Asteras Tripolis,Apollon Smyrnis,2,1
2018-04-29,2891639,GR1,2017,domestic_league,128,4603,AO Xanthi,Athlitiki Enosi Larisas,1,0
2018-04-29,2891640,GR1,2017,domestic_league,683,6418,Olympiakos Syndesmos Filathlon Peiraios,Panetolikos Agrinio,4,0
2018-04-29,2891641,GR1,2017,domestic_league,265,1091,Panathinaikos Athlitikos Omilos,Panthessalonikios Athlitikos Omilos Konstantinoupoliton,0,3
2018-04-29,2891642,GR1,2017,domestic_league,21957,169,AO Platanias,Panionios Athens,1,2
2018-04-29,2897506,IT1,2017,domestic_league,1038,1390,UC Sampdoria,Cagliari Calcio,4,1
2018-04-29,2897508,IT1,2017,domestic_league,800,252,Atalanta BC,Genoa CFC,3,1
2018-04-29,2897510,IT1,2017,domestic_league,416,398,Torino FC,Società Sportiva Lazio S.p.A.,0,1
2018-04-29,2897511,IT1,2017,domestic_league,1025,5,Bologna Football Club 1909,AC Milan,1,2
2018-04-29,2897512,IT1,2017,domestic_league,430,6195,ACF Fiorentina,SSC Napoli,3,0
2018-04-29,2897513,IT1,2017,domestic_league,4083,6574,FC Crotone,US Sassuolo,4,1
2018-04-29,2897514,IT1,2017,domestic_league,276,2722,Hellas Verona,SPAL,1,3
2018-04-29,2897515,IT1,2017,domestic_league,4171,410,Benevento Calcio,Udinese Calcio,3,3
2018-04-29,2899866,ES1,2017,domestic_league,1108,13,Deportivo Alavés,Atlético de Madrid,0,1
2018-04-29,2899867,ES1,2017,domestic_league,897,131,Deportivo de La Coruña,FC Barcelona,2,4
2018-04-29,2899872,ES1,2017,domestic_league,3709,12321,Getafe CF,Girona FC,1,1
2018-04-29,2899885,ES1,2017,domestic_league,1049,1533,Valencia CF,SD Eibar,0,0
2018-04-29,2942896,FR1,2017,domestic_league,583,855,Paris Saint-Germain,EA Guingamp,2,2
2018-04-29,2942898,FR1,2017,domestic_league,1420,244,Angers SCO,Olympique Marseille,1,1
2018-04-29,2942899,FR1,2017,domestic_league,273,415,Stade Rennais FC,FC Toulouse,2,1
2018-04-29,3027744,RU1,2017,domestic_league,4128,232,Amkar Perm,FK Spartak Moskva,0,2
2018-04-29,3027745,RU1,2017,domestic_league,964,2410,AO FK Zenit Sankt-Peterburg,PFK CSKA Moskva,0,0
2018-04-29,3027746,RU1,2017,domestic_league,1083,40426,FK Rostov,FC Tosno (-2018),2,0
2018-04-30,2872473,GB1,2017,domestic_league,148,1010,Tottenham Hotspur,Watford FC,2,0
2018-04-30,2884097,TR1,2017,domestic_league,20,2293,Bursaspor,Konyaspor,2,1
2018-04-30,2884514,PO1,2017,domestic_league,3336,1465,Desportivo Aves (- 2020),GD Estoril Praia,1,0
2018-04-30,2899886,ES1,2017,domestic_league,150,1084,Real Betis Balompié,Málaga CF,2,1
2018-04-30,3027747,RU1,2017,domestic_league,121,2698,FK Dinamo Moskva,FC Rubin Kazan,0,0
2018-04-30,3027748,RU1,2017,domestic_league,3725,11127,RFK Akhmat Grozny,Ural Yekaterinburg,0,0
2018-04-30,3027749,RU1,2017,domestic_league,16704,932,FK Krasnodar,"Футбольный клуб ""Локомотив"" Москва",2,0
2018-04-30,3027750,RU1,2017,domestic_league,28095,3690,FK Ufa,SKA Khabarovsk,1,0
2018-05-01,3030594,CL,2017,international_cup,418,27,Real Madrid,Bayern Munich,2,2
2018-05-02,3030595,CL,2017,international_cup,12,31,Associazione Sportiva Roma,Liverpool FC,4,2
2018-05-03,3030590,EL,2017,other,409,244,Fußballclub Red Bull Salzburg,Olympique Marseille,2,1
2018-05-03,3030591,EL,2017,other,13,11,Atlético de Madrid,Arsenal FC,1,0
2018-05-04,2872477,GB1,2017,domestic_league,1237,985,Brighton & Hove Albion,Manchester United,1,0
2018-05-04,2884110,TR1,2017,domestic_league,6890,2381,Basaksehir FK,Sivasspor,1,1
2018-05-04,2884523,PO1,2017,domestic_league,1075,2503,SC Braga,Boavista FC,1,1
2018-05-04,2899905,ES1,2017,domestic_league,368,681,Sevilla FC,Real Sociedad,1,0
2018-05-04,2942907,FR1,2017,domestic_league,1416,583,Amiens SC,Paris Saint-Germain,2,2
2018-05-05,2872088,L1,2017,domestic_league,16,39,Borussia Dortmund,1.FSV Mainz 05,1,2
2018-05-05,2872089,L1,2017,domestic_league,23826,82,RB Leipzig,VfL Wolfsburg,4,1
2018-05-05,2872090,L1,2017,domestic_league,3,27,1.FC Köln,Bayern Munich,1,3
2018-05-05,2872091,L1,2017,domestic_league,86,15,SV Werder Bremen,Bayer 04 Leverkusen,0,0
2018-05-05,2872092,L1,2017,domestic_league,18,60,Borussia Mönchengladbach,SC Freiburg,3,1
2018-05-05,2872093,L1,2017,domestic_league,24,41,Eintracht Frankfurt,Hamburger SV,3,0
2018-05-05,2872094,L1,2017,domestic_league,167,33,FC Augsburg,FC Schalke 04,1,2
2018-05-05,2872095,L1,2017,domestic_league,42,44,Hannover 96,Hertha BSC,3,1
2018-05-05,2872096,L1,2017,domestic_league,79,533,VfB Stuttgart,TSG 1899 Hoffenheim,2,0
2018-05-05,2872475,GB1,2017,domestic_league,989,2288,AFC Bournemouth,Swansea City,1,0
2018-05-05,2872479,GB1,2017,domestic_league,29,180,Everton FC,Southampton FC,1,1
2018-05-05,2872480,GB1,2017,domestic_league,1003,379,Leicester City,West Ham United,0,2
2018-05-05,2872482,GB1,2017,domestic_league,512,873,Stoke City,Crystal Palace,1,2
2018-05-05,2872483,GB1,2017,domestic_league,1010,762,Watford FC,Newcastle United,2,1
2018-05-05,2872484,GB1,2017,domestic_league,984,148,West Bromwich Albion,Tottenham Hotspur,1,0
2018-05-05,2884105,TR1,2017,domestic_league,449,10484,Trabzonspor,Kasimpasa,2,5
2018-05-05,2884106,TR1,2017,domestic_league,11282,2944,Alanyaspor,Ankaraspor,1,1
2018-05-05,2884112,TR1,2017,domestic_league,1506,2293,Kardemir Karabükspor,Konyaspor,0,1
2018-05-05,2884522,PO1,2017,domestic_league,336,294,Sporting CP,SL Benfica,0,0
2018-05-05,2884525,PO1,2017,domestic_league,7179,2420,CD Tondela,Vitória Guimarães SC,1,4
2018-05-05,2884526,PO1,2017,domestic_league,68608,7378,CF Os Belenenses,Portimonense SC,3,2
2018-05-05,2891645,GR1,2017,domestic_league,1091,21957,Panthessalonikios Athlitikos Omilos Konstantinoupoliton,AO Platanias,3,0
2018-05-05,2891646,GR1,2017,domestic_league,4603,3999,Athlitiki Enosi Larisas,PAS Lamia 1964,1,1
2018-05-05,2891647,GR1,2017,domestic_league,441,2441,Apollon Smyrnis,Athlitiki Enosi Konstantinoupoleos,0,1
2018-05-05,2891649,GR1,2017,domestic_league,3060,5219,APS Atromitos Athinon,AOK Kerkyra,4,0
2018-05-05,2897518,IT1,2017,domestic_league,506,1025,Juventus FC,Bologna Football Club 1909,3,1
2018-05-05,2897521,IT1,2017,domestic_league,5,276,AC Milan,Hellas Verona,4,1
2018-05-05,2899865,ES1,2017,domestic_league,12321,1533,Girona FC,SD Eibar,1,4
2018-05-05,2899880,ES1,2017,domestic_league,1050,1049,Villarreal CF,Valencia CF,1,0
2018-05-05,2899881,ES1,2017,domestic_league,940,897,Celta de Vigo,Deportivo de La Coruña,1,1
2018-05-05,2899896,ES1,2017,domestic_league,621,150,Athletic Bilbao,Real Betis Balompié,2,0
2018-05-05,3031047,RU1,2017,domestic_league,3690,16704,SKA Khabarovsk,FK Krasnodar,0,1
2018-05-05,3031048,RU1,2017,domestic_league,40426,121,FC Tosno (-2018),FK Dinamo Moskva,1,2
2018-05-05,3031049,RU1,2017,domestic_league,932,964,"Футбольный клуб ""Локомотив"" Москва",AO FK Zenit Sankt-Peterburg,1,0
2018-05-05,3031050,RU1,2017,domestic_league,232,1083,FK Spartak Moskva,FK Rostov,2,0
2018-05-06,2872476,GB1,2017,domestic_league,11,1132,Arsenal FC,Burnley FC,5,0
2018-05-06,2872478,GB1,2017,domestic_league,631,31,Chelsea FC,Liverpool FC,1,0
2018-05-06,2872481,GB1,2017,domestic_league,281,1110,Manchester City,Huddersfield Town,0,0
2018-05-06,2884104,TR1,2017,domestic_league,19771,141,Akhisarspor,Galatasaray,1,2
2018-05-06,2884108,TR1,2017,domestic_league,36,20,Fenerbahce,Bursaspor,2,1
2018-05-06,2884109,TR1,2017,domestic_league,820,589,Gençlerbirliği Spor Kulübü,Antalyaspor,0,1
2018-05-06,2884521,PO1,2017,domestic_league,979,3336,Moreirense FC,Desportivo Aves (- 2020),0,3
2018-05-06,2884524,PO1,2017,domestic_league,720,3349,FC Porto,CD Feirense,2,1
2018-05-06,2884527,PO1,2017,domestic_league,3325,1301,GD Chaves,CS Marítimo,4,1
2018-05-06,2884528,PO1,2017,domestic_league,1465,1085,GD Estoril Praia,Vitória Setúbal FC,2,1
2018-05-06,2888413,NL1,2017,domestic_league,306,234,SC Heerenveen,Feyenoord Rotterdam,2,3
2018-05-06,2888414,NL1,2017,domestic_league,200,1426,FC Utrecht,VVV-Venlo,1,0
2018-05-06,2888415,NL1,2017,domestic_league,468,1304,Sparta Rotterdam,Heracles Almelo,2,5
2018-05-06,2888416,NL1,2017,domestic_league,1090,1269,AZ Alkmaar,PEC Zwolle,6,0
2018-05-06,2888417,NL1,2017,domestic_league,403,499,Willem II Tilburg,Vitesse Arnhem,2,2
2018-05-06,2888418,NL1,2017,domestic_league,383,202,PSV Eindhoven,FC Groningen,0,0
2018-05-06,2888419,NL1,2017,domestic_league,798,610,Excelsior Rotterdam,Ajax Amsterdam,1,2
2018-05-06,2888420,NL1,2017,domestic_league,192,1268,Roda JC Kerkrade,ADO Den Haag,2,3
2018-05-06,2888421,NL1,2017,domestic_league,317,132,FC Twente Enschede,NAC Breda,1,1
2018-05-06,2891643,GR1,2017,domestic_league,169,2672,Panionios Athens,APO Levadiakos Football Club,2,0
2018-05-06,2891648,GR1,2017,domestic_league,2671,683,PAS Giannina,Olympiakos Syndesmos Filathlon Peiraios,3,0
2018-05-06,2891650,GR1,2017,domestic_league,6418,6676,Panetolikos Agrinio,A.G.S Asteras Tripolis,0,2
2018-05-06,2897516,IT1,2017,domestic_league,398,800,Società Sportiva Lazio S.p.A.,Atalanta BC,1,1
2018-05-06,2897517,IT1,2017,domestic_league,2722,4171,SPAL,Benevento Calcio,2,0
2018-05-06,2897519,IT1,2017,domestic_league,862,4083,Chievo Verona,FC Crotone,2,1
2018-05-06,2897520,IT1,2017,domestic_league,252,430,Genoa CFC,ACF Fiorentina,2,3
2018-05-06,2897522,IT1,2017,domestic_league,410,46,Udinese Calcio,Inter Milan,0,4
2018-05-06,2897523,IT1,2017,domestic_league,1390,12,Cagliari Calcio,Associazione Sportiva Roma,0,1
2018-05-06,2897524,IT1,2017,domestic_league,6574,1038,US Sassuolo,UC Sampdoria,1,0
2018-05-06,2897525,IT1,2017,domestic_league,6195,416,SSC Napoli,Torino FC,2,2
2018-05-06,2899864,ES1,2017,domestic_league,1084,1108,Málaga CF,Deportivo Alavés,0,3
2018-05-06,2899869,ES1,2017,domestic_league,131,418,FC Barcelona,Real Madrid,2,2
2018-05-06,2899879,ES1,2017,domestic_league,472,3709,UD Las Palmas,Getafe CF,0,1
2018-05-06,2899882,ES1,2017,domestic_league,13,714,Atlético de Madrid,RCD Espanyol Barcelona,0,2
2018-05-06,2942900,FR1,2017,domestic_league,618,40,AS Saint-Étienne,FC Girondins Bordeaux,1,3
2018-05-06,2942901,FR1,2017,domestic_league,2969,855,Dijon FCO,EA Guingamp,3,1
2018-05-06,2942902,FR1,2017,domestic_league,347,1420,FC Metz,Angers SCO,1,2
2018-05-06,2942903,FR1,2017,domestic_league,995,969,FC Nantes,Montpellier HSC,0,2
2018-05-06,2942904,FR1,2017,domestic_league,415,1082,FC Toulouse,LOSC Lille,2,3
2018-05-06,2942905,FR1,2017,domestic_league,1041,1095,Olympique Lyon,ESTAC Troyes,3,0
2018-05-06,2942906,FR1,2017,domestic_league,244,417,Olympique Marseille,OGC Nice,2,1
2018-05-06,2942908,FR1,2017,domestic_league,1162,162,SM Caen,AS Monaco,1,2
2018-05-06,2942909,FR1,2017,domestic_league,273,667,Stade Rennais FC,RC Strasbourg Alsace,2,1
2018-05-06,3031051,RU1,2017,domestic_league,11127,4128,Ural Yekaterinburg,Amkar Perm,0,2
2018-05-06,3031052,RU1,2017,domestic_league,2410,3729,PFK CSKA Moskva,Arsenal Tula,6,0
2018-05-06,3031053,RU1,2017,domestic_league,2698,28095,FC Rubin Kazan,FK Ufa,0,0
2018-05-07,2884107,TR1,2017,domestic_league,1467,19789,Göztepe,Yeni Malatyaspor,0,0
2018-05-07,2884111,TR1,2017,domestic_league,114,3205,Beşiktaş Jimnastik Kulübü,Kayserispor,2,0
2018-05-07,2884529,PO1,2017,domestic_league,2995,2425,FC Paços de Ferreira,Rio Ave FC,0,0
2018-05-07,2891644,GR1,2017,domestic_league,265,128,Panathinaikos Athlitikos Omilos,AO Xanthi,1,2
2018-05-07,2899888,ES1,2017,domestic_league,1244,3368,CD Leganés,Levante UD,0,3
2018-05-07,3031054,RU1,2017,domestic_league,2700,3725,Anzhi Makhachkala ( -2022),RFK Akhmat Grozny,0,2
2018-05-08,2872422,GB1,2017,domestic_league,2288,180,Swansea City,Southampton FC,0,1
2018-05-09,2872418,GB1,2017,domestic_league,1003,11,Leicester City,Arsenal FC,3,1
2018-05-09,2872420,GB1,2017,domestic_league,281,1237,Manchester City,Brighton & Hove Albion,3,1
2018-05-09,2872423,GB1,2017,domestic_league,148,762,Tottenham Hotspur,Newcastle United,1,0
2018-05-09,2872458,GB1,2017,domestic_league,631,1110,Chelsea FC,Huddersfield Town,1,1
2018-05-09,2899862,ES1,2017,domestic_league,131,1050,FC Barcelona,Villarreal CF,5,1
2018-05-09,2899873,ES1,2017,domestic_league,368,418,Sevilla FC,Real Madrid,3,2
2018-05-09,3011975,CIT,2017,domestic_cup,506,5,Juventus FC,AC Milan,4,0
2018-05-09,3034018,RUP,2017,domestic_cup,40426,11122,FC Tosno (-2018),Avangard Kursk,2,1
2018-05-09,3034155,UKRP,2017,domestic_cup,338,660,Dynamo Kyiv,FC Shakhtar Donetsk,0,2
2018-05-10,2872424,GB1,2017,domestic_league,379,985,West Ham United,Manchester United,0,0
2018-05-10,3040205,DKP,2017,domestic_cup,206,1177,Bröndby IF,Silkeborg IF,3,1
2018-05-11,2884120,TR1,2017,domestic_league,589,6890,Antalyaspor,Basaksehir FK,0,2
2018-05-11,2884534,PO1,2017,domestic_league,3336,3325,Desportivo Aves (- 2020),GD Chaves,2,3
2018-05-11,2942911,FR1,2017,domestic_league,855,244,EA Guingamp,Olympique Marseille,3,3
2018-05-12,2872097,L1,2017,domestic_league,27,79,Bayern Munich,VfB Stuttgart,1,4
2018-05-12,2872098,L1,2017,domestic_league,533,16,TSG 1899 Hoffenheim,Borussia Dortmund,3,1
2018-05-12,2872099,L1,2017,domestic_league,44,23826,Hertha BSC,RB Leipzig,2,6
2018-05-12,2872100,L1,2017,domestic_league,60,167,SC Freiburg,FC Augsburg,2,0
2018-05-12,2872101,L1,2017,domestic_league,33,24,FC Schalke 04,Eintracht Frankfurt,1,0
2018-05-12,2872102,L1,2017,domestic_league,15,42,Bayer 04 Leverkusen,Hannover 96,3,2
2018-05-12,2872103,L1,2017,domestic_league,41,18,Hamburger SV,Borussia Mönchengladbach,2,1
2018-05-12,2872104,L1,2017,domestic_league,39,86,1.FSV Mainz 05,SV Werder Bremen,1,2
2018-05-12,2872105,L1,2017,domestic_league,82,3,VfL Wolfsburg,1.FC Köln,4,1
2018-05-12,2884114,TR1,2017,domestic_league,10484,820,Kasimpasa,Gençlerbirliği Spor Kulübü,3,1
2018-05-12,2884115,TR1,2017,domestic_league,2293,1467,Konyaspor,Göztepe,1,1
2018-05-12,2884117,TR1,2017,domestic_league,141,19789,Galatasaray,Yeni Malatyaspor,2,0
2018-05-12,2884530,PO1,2017,domestic_league,2503,68608,Boavista FC,CF Os Belenenses,1,0
2018-05-12,2884536,PO1,2017,domestic_league,2420,720,Vitória Guimarães SC,FC Porto,0,1
2018-05-12,2897528,IT1,2017,domestic_league,4171,252,Benevento Calcio,Genoa CFC,1,0
2018-05-12,2897533,IT1,2017,domestic_league,46,6574,Inter Milan,US Sassuolo,1,2
2018-05-12,2899908,ES1,2017,domestic_league,1108,621,Deportivo Alavés,Athletic Bilbao,3,1
2018-05-12,2899910,ES1,2017,domestic_league,418,940,Real Madrid,Celta de Vigo,6,0
2018-05-12,2899911,ES1,2017,domestic_league,897,1050,Deportivo de La Coruña,Villarreal CF,2,4
2018-05-12,2899912,ES1,2017,domestic_league,3709,13,Getafe CF,Atlético de Madrid,0,1
2018-05-12,2899913,ES1,2017,domestic_league,12321,1049,Girona FC,Valencia CF,0,1
2018-05-12,2899914,ES1,2017,domestic_league,1533,472,SD Eibar,UD Las Palmas,1,0
2018-05-12,2899915,ES1,2017,domestic_league,681,1244,Real Sociedad,CD Leganés,3,2
2018-05-12,2899918,ES1,2017,domestic_league,150,368,Real Betis Balompié,Sevilla FC,2,2
2018-05-12,2942910,FR1,2017,domestic_league,162,618,AS Monaco,AS Saint-Étienne,1,0
2018-05-12,2942912,FR1,2017,domestic_league,40,415,FC Girondins Bordeaux,FC Toulouse,4,2
2018-05-12,2942913,FR1,2017,domestic_league,969,1095,Montpellier HSC,ESTAC Troyes,1,1
2018-05-12,2942914,FR1,2017,domestic_league,417,1162,OGC Nice,SM Caen,4,1
2018-05-12,2942915,FR1,2017,domestic_league,1082,2969,LOSC Lille,Dijon FCO,2,1
2018-05-12,2942916,FR1,2017,domestic_league,583,273,Paris Saint-Germain,Stade Rennais FC,0,2
2018-05-12,2942917,FR1,2017,domestic_league,667,1041,RC Strasbourg Alsace,Olympique Lyon,3,2
2018-05-12,2942918,FR1,2017,domestic_league,1416,347,Amiens SC,FC Metz,2,0
2018-05-12,2942919,FR1,2017,domestic_league,1420,995,Angers SCO,FC Nantes,0,2
2018-05-12,3035115,GRP,2017,domestic_cup,2441,1091,Athlitiki Enosi Konstantinoupoleos,Panthessalonikios Athlitikos Omilos Konstantinoupoliton,0,2
2018-05-13,2872485,GB1,2017,domestic_league,1132,989,Burnley FC,AFC Bournemouth,1,2
2018-05-13,2872486,GB1,2017,domestic_league,873,984,Crystal Palace,West Bromwich Albion,2,0
2018-05-13,2872487,GB1,2017,domestic_league,1110,11,Huddersfield Town,Arsenal FC,0,1
2018-05-13,2872488,GB1,2017,domestic_league,31,1237,Liverpool FC,Brighton & Hove Albion,4,0
2018-05-13,2872489,GB1,2017,domestic_league,985,1010,Manchester United,Watford FC,1,0
2018-05-13,2872490,GB1,2017,domestic_league,762,631,Newcastle United,Chelsea FC,3,0
2018-05-13,2872491,GB1,2017,domestic_league,180,281,Southampton FC,Manchester City,0,1
2018-05-13,2872492,GB1,2017,domestic_league,2288,512,Swansea City,Stoke City,1,2
2018-05-13,2872493,GB1,2017,domestic_league,148,1003,Tottenham Hotspur,Leicester City,5,4
2018-05-13,2872494,GB1,2017,domestic_league,379,29,West Ham United,Everton FC,3,1
2018-05-13,2884113,TR1,2017,domestic_league,2944,114,Ankaraspor,Beşiktaş Jimnastik Kulübü,2,3
2018-05-13,2884119,TR1,2017,domestic_league,2381,11282,Sivasspor,Alanyaspor,2,2
2018-05-13,2884121,TR1,2017,domestic_league,20,449,Bursaspor,Trabzonspor,1,3
2018-05-13,2884531,PO1,2017,domestic_league,2425,1075,Rio Ave FC,SC Braga,1,0
2018-05-13,2884532,PO1,2017,domestic_league,3349,1465,CD Feirense,GD Estoril Praia,0,0
2018-05-13,2884533,PO1,2017,domestic_league,7378,2995,Portimonense SC,FC Paços de Ferreira,3,1
2018-05-13,2884535,PO1,2017,domestic_league,294,979,SL Benfica,Moreirense FC,1,0
2018-05-13,2884537,PO1,2017,domestic_league,1301,336,CS Marítimo,Sporting CP,2,1
2018-05-13,2884538,PO1,2017,domestic_league,1085,7179,Vitória Setúbal FC,CD Tondela,1,0
2018-05-13,2897526,IT1,2017,domestic_league,430,1390,ACF Fiorentina,Cagliari Calcio,0,1
2018-05-13,2897527,IT1,2017,domestic_league,1025,862,Bologna Football Club 1909,Chievo Verona,1,2
2018-05-13,2897529,IT1,2017,domestic_league,12,506,Associazione Sportiva Roma,Juventus FC,0,0
2018-05-13,2897530,IT1,2017,domestic_league,4083,398,FC Crotone,Società Sportiva Lazio S.p.A.,2,2
2018-05-13,2897531,IT1,2017,domestic_league,800,5,Atalanta BC,AC Milan,1,1
2018-05-13,2897532,IT1,2017,domestic_league,1038,6195,UC Sampdoria,SSC Napoli,0,2
2018-05-13,2897534,IT1,2017,domestic_league,416,2722,Torino FC,SPAL,2,1
2018-05-13,2897535,IT1,2017,domestic_league,276,410,Hellas Verona,Udinese Calcio,0,1
2018-05-13,2899916,ES1,2017,domestic_league,3368,131,Levante UD,FC Barcelona,5,4
2018-05-13,2899919,ES1,2017,domestic_league,714,1084,RCD Espanyol Barcelona,Málaga CF,4,1
2018-05-13,3031055,RU1,2017,domestic_league,232,121,FK Spartak Moskva,FK Dinamo Moskva,0,1
2018-05-13,3031056,RU1,2017,domestic_league,2410,2700,PFK CSKA Moskva,Anzhi Makhachkala ( -2022),2,1
2018-05-13,3031057,RU1,2017,domestic_league,3729,932,Arsenal Tula,"Футбольный клуб ""Локомотив"" Москва",2,0
2018-05-13,3031058,RU1,2017,domestic_league,964,3690,AO FK Zenit Sankt-Peterburg,SKA Khabarovsk,6,0
2018-05-13,3031059,RU1,2017,domestic_league,16704,2698,FK Krasnodar,FC Rubin Kazan,1,1
2018-05-13,3031060,RU1,2017,domestic_league,28095,40426,FK Ufa,FC Tosno (-2018),5,0
2018-05-13,3031061,RU1,2017,domestic_league,1083,11127,FK Rostov,Ural Yekaterinburg,1,0
2018-05-13,3031062,RU1,2017,domestic_league,4128,3725,Amkar Perm,RFK Akhmat Grozny,0,0
2018-05-14,2884116,TR1,2017,domestic_league,1506,36,Kardemir Karabükspor,Fenerbahce,0,7
2018-05-14,2884118,TR1,2017,domestic_league,3205,19771,Kayserispor,Akhisarspor,1,2
2018-05-16,3038918,EL,2017,other,244,13,Olympique Marseille,Atlético de Madrid,0,3
2018-05-18,2884123,TR1,2017,domestic_league,11282,589,Alanyaspor,Antalyaspor,3,2
2018-05-18,2884124,TR1,2017,domestic_league,19789,3205,Yeni Malatyaspor,Kayserispor,3,2
2018-05-18,2884125,TR1,2017,domestic_league,449,1506,Trabzonspor,Kardemir Karabükspor,3,0
2018-05-18,2884126,TR1,2017,domestic_league,820,20,Gençlerbirliği Spor Kulübü,Bursaspor,1,0
2018-05-18,2884129,TR1,2017,domestic_league,19771,2944,Akhisarspor,Ankaraspor,2,1
2018-05-19,2884122,TR1,2017,domestic_league,1467,141,Göztepe,Galatasaray,0,1
2018-05-19,2884127,TR1,2017,domestic_league,6890,10484,Basaksehir FK,Kasimpasa,3,2
2018-05-19,2884128,TR1,2017,domestic_league,114,2381,Beşiktaş Jimnastik Kulübü,Sivasspor,5,1
2018-05-19,2884130,TR1,2017,domestic_league,36,2293,Fenerbahce,Konyaspor,3,2
2018-05-19,2897541,IT1,2017,domestic_league,506,276,Juventus FC,Hellas Verona,2,1
2018-05-19,2899909,ES1,2017,domestic_league,368,1108,Sevilla FC,Deportivo Alavés,1,0
2018-05-19,2899917,ES1,2017,domestic_league,1050,418,Villarreal CF,Real Madrid,2,2
2018-05-19,2899922,ES1,2017,domestic_league,472,12321,UD Las Palmas,Girona FC,1,2
2018-05-19,2899923,ES1,2017,domestic_league,940,3368,Celta de Vigo,Levante UD,4,2
2018-05-19,2899924,ES1,2017,domestic_league,1084,3709,Málaga CF,Getafe CF,0,1
2018-05-19,2899927,ES1,2017,domestic_league,1244,150,CD Leganés,Real Betis Balompié,3,2
2018-05-19,2942920,FR1,2017,domestic_league,618,1082,AS Saint-Étienne,LOSC Lille,5,0
2018-05-19,2942921,FR1,2017,domestic_league,2969,1420,Dijon FCO,Angers SCO,2,1
2018-05-19,2942922,FR1,2017,domestic_league,1095,162,ESTAC Troyes,AS Monaco,0,3
2018-05-19,2942923,FR1,2017,domestic_league,347,40,FC Metz,FC Girondins Bordeaux,0,4
2018-05-19,2942924,FR1,2017,domestic_league,995,667,FC Nantes,RC Strasbourg Alsace,1,0
2018-05-19,2942925,FR1,2017,domestic_league,415,855,FC Toulouse,EA Guingamp,2,1
2018-05-19,2942926,FR1,2017,domestic_league,1041,417,Olympique Lyon,OGC Nice,3,2
2018-05-19,2942927,FR1,2017,domestic_league,244,1416,Olympique Marseille,Amiens SC,2,1
2018-05-19,2942928,FR1,2017,domestic_league,1162,583,SM Caen,Paris Saint-Germain,0,0
2018-05-19,2942929,FR1,2017,domestic_league,273,969,Stade Rennais FC,Montpellier HSC,1,1
2018-05-19,3034033,DFB,2017,domestic_cup,27,24,Bayern Munich,Eintracht Frankfurt,1,3
2018-05-19,3035722,FAC,2017,domestic_cup,631,985,Chelsea FC,Manchester United,1,0
2018-05-19,3043288,SFA,2017,domestic_cup,371,987,Celtic FC,Motherwell FC,2,0
2018-05-20,2897536,IT1,2017,domestic_league,1390,800,Cagliari Calcio,Atalanta BC,1,0
2018-05-20,2897537,IT1,2017,domestic_league,862,4171,Chievo Verona,Benevento Calcio,1,0
2018-05-20,2897538,IT1,2017,domestic_league,410,1025,Udinese Calcio,Bologna Football Club 1909,1,0
2018-05-20,2897539,IT1,2017,domestic_league,6195,4083,SSC Napoli,FC Crotone,2,1
2018-05-20,2897540,IT1,2017,domestic_league,5,430,AC Milan,ACF Fiorentina,5,1
2018-05-20,2897542,IT1,2017,domestic_league,398,46,Società Sportiva Lazio S.p.A.,Inter Milan,2,3
2018-05-20,2897543,IT1,2017,domestic_league,6574,12,US Sassuolo,Associazione Sportiva Roma,0,1
2018-05-20,2897544,IT1,2017,domestic_league,2722,1038,SPAL,UC Sampdoria,3,1
2018-05-20,2897545,IT1,2017,domestic_league,252,416,Genoa CFC,Torino FC,1,2
2018-05-20,2899920,ES1,2017,domestic_league,131,681,FC Barcelona,Real Sociedad,1,0
2018-05-20,2899921,ES1,2017,domestic_league,13,1533,Atlético de Madrid,SD Eibar,2,2
2018-05-20,2899925,ES1,2017,domestic_league,621,714,Athletic Bilbao,RCD Espanyol Barcelona,0,1
2018-05-20,2899926,ES1,2017,domestic_league,1049,897,Valencia CF,Deportivo de La Coruña,2,1
2018-05-26,3038747,CL,2017,international_cup,418,31,Real Madrid,Liverpool FC,3,1
2018-06-26,3050089,CLQ,2018,international_cup,10854,33741,FC Santa Coloma,FC Drita,0,2
2018-06-26,3050090,CLQ,2018,international_cup,24349,38204,La Fiorita 1967,Lincoln Red Imps FC,0,2
2018-06-26,3052570,ELQ,2018,other,11910,32768,UE Sant Julia,Gzira United FC,0,2
2018-06-28,3052571,ELQ,2018,other,42246,1918,Europa FC,FC Prishtina,1,1
2018-06-28,3052572,ELQ,2018,other,10262,6170,Birkirkara FC,KÍ Klaksvík,1,1
2018-06-28,3052573,ELQ,2018,other,26326,11479,UE Engordany,SS Folgore/Falciano,2,1
2018-06-28,3052574,ELQ,2018,other,22502,32832,Cefn Druids,FK Trakai,1,1
2018-06-28,3052575,ELQ,2018,other,10532,38208,B36 Tórshavn,St Joseph's FC,1,1
2018-06-28,3052576,ELQ,2018,other,10617,27843,Tre Fiori FC,Bala Town,3,0
2018-06-29,3055948,CLQ,2018,international_cup,38204,33741,Lincoln Red Imps FC,FC Drita,1,4
2018-07-05,3052577,ELQ,2018,other,38208,10532,St Joseph's FC,B36 Tórshavn,3,5
2018-07-05,3052578,ELQ,2018,other,32832,22502,FK Trakai,Cefn Druids,1,0
2018-07-05,3052579,ELQ,2018,other,32768,11910,Gzira United FC,UE Sant Julia,2,1
2018-07-05,3052580,ELQ,2018,other,1918,42246,FC Prishtina,Europa FC,5,0
2018-07-05,3052581,ELQ,2018,other,27843,10617,Bala Town,Tre Fiori FC,1,0
2018-07-05,3052582,ELQ,2018,other,6170,10262,KÍ Klaksvík,Birkirkara FC,2,1
2018-07-05,3052583,ELQ,2018,other,11479,26326,SS Folgore/Falciano,UE Engordany,1,1
2018-07-10,3052481,CLQ,2018,international_cup,253,2481,Torpedo Kutaisi,FC Sheriff Tiraspol,2,1
2018-07-10,3052485,CLQ,2018,international_cup,853,11107,F91 Dudelange,Videoton FC Fehérvár,1,1
2018-07-10,3052486,CLQ,2018,international_cup,24832,1008,Víkingur Gøta,HJK Helsinki,1,2
2018-07-10,3052488,CLQ,2018,international_cup,27774,255,Cork City FC,Legia Warszawa,0,1
2018-07-10,3052491,CLQ,2018,international_cup,1002,2976,FC Flora Tallinn,Hapoel Beer Sheva,1,4
2018-07-10,3052493,CLQ,2018,international_cup,37914,371,Alashkert Yerevan FC,Celtic FC,0,3
2018-07-10,3055631,ELQ,2018,other,2950,10481,FC Samtredia,Tobol Kostanay,0,1
2018-07-10,3055804,CLQ,2018,international_cup,1167,10734,Shkendija Tetovo,The New Saints,5,0
2018-07-10,3061194,CLQ,2018,international_cup,33741,496,FC Drita,Malmö Fotbollförening,0,3
2018-07-11,3052483,CLQ,2018,international_cup,8047,2784,FK Suduva Marijampole,APOEL Nicosia,3,1
2018-07-11,3052484,CLQ,2018,international_cup,4772,10625,NK Olimpija Ljubljana,Qarabağ FK,0,1
2018-07-11,3052487,CLQ,2018,international_cup,31614,21532,Ludogorets Razgrad,Crusaders FC,7,0
2018-07-11,3052489,CLQ,2018,international_cup,1033,195,Valur Reykjavík,Rosenborg Ballklub,1,0
2018-07-11,3052490,CLQ,2018,international_cup,27116,6335,FK Kukësi,Valletta FC,0,0
2018-07-11,3052492,CLQ,2018,international_cup,28936,159,FK Spartaks Jurmala,Red Star Belgrade,0,0
2018-07-11,3052494,CLQ,2018,international_cup,365,6808,Spartak Trnava,HSK Zrinjski Mostar,1,0
2018-07-11,3052495,CLQ,2018,international_cup,22220,3070,FC Astana,FK Sutjeska Niksic,1,0
2018-07-11,3052835,ELQ,2018,other,163,156,FC Vaduz,Levski Sofia,1,0
2018-07-11,3053051,ELQ,2018,other,11411,282,FC Banants Yerevan,FK Sarajevo,1,2
2018-07-11,3055692,ELQ,2018,other,4641,709,Rabotnicki Skopje,Budapest Honvéd FC,2,1
2018-07-11,3055704,ELQ,2018,other,3463,687,Glenavon FC,Molde Fotballklubb,2,1
2018-07-11,3065863,ELQ,2018,other,6170,602,KÍ Klaksvík,FK Zalgiris Vilnius,1,2
2018-07-11,3065865,ELQ,2018,other,11976,1918,CS Fola Esch,FC Prishtina,0,0
2018-07-12,3053049,ELQ,2018,other,1242,6248,NK Siroki Brijeg,NK Domzale,2,2
2018-07-12,3053050,ELQ,2018,other,15276,3831,FK Spartak Subotica,Coleraine FC,1,1
2018-07-12,3053052,ELQ,2018,other,5972,669,Rudar Pljevlja,FK Partizan Belgrade,0,3
2018-07-12,3053053,ELQ,2018,other,7130,2573,JK Trans Narva,FK Zeljeznicar Sarajevo,0,2
2018-07-12,3055706,ELQ,2018,other,21875,22783,Stjarnan Gardabaer,Kalju FC,3,0
2018-07-12,3055708,ELQ,2018,other,13467,29831,Racing FC Union Luxembourg,FCV Farul Constanta,0,2
2018-07-12,3055710,ELQ,2018,other,920,1180,Derry City,Dinamo Minsk,0,2
2018-07-12,3055712,ELQ,2018,other,3258,272,Shamrock Rovers,Allmänna Idrottsklubben,0,1
2018-07-12,3055714,ELQ,2018,other,32129,8956,Balzan FC,FK Inter Baku,4,1
2018-07-12,3055721,ELQ,2018,other,43957,429,FC Stumbras Kaunas (- 2019),Apollon Limassol,1,0
2018-07-12,3055723,ELQ,2018,other,22499,10695,Gap Connah's Quay,Shakhter Soligorsk,1,3
2018-07-12,3055730,ELQ,2018,other,4040,790,FK Partizani,NK Maribor,0,1
2018-07-12,3055732,ELQ,2018,other,428,21508,Górnik Zabrze,Zaria Balti,1,0
2018-07-12,3055734,ELQ,2018,other,3189,675,Ilves Tampere,Slavia Sofia,0,1
2018-07-12,3055736,ELQ,2018,other,46643,327,FC Petrocub Hincesti,NK Osijek,1,1
2018-07-12,3055738,ELQ,2018,other,124,4644,Rangers FC,FC Shkupi,2,0
2018-07-12,3055740,ELQ,2018,other,208,48325,CSKA-Sofia,Riga FC,1,0
2018-07-12,3055742,ELQ,2018,other,4391,7918,Buducnost Podgorica,AS Trencin,0,2
2018-07-12,3055744,ELQ,2018,other,279,119,Ferencvárosi TC,Maccabi Tel Aviv,1,1
2018-07-12,3055746,ELQ,2018,other,30686,540,FC Milsami Orhei,Slovan Bratislava,2,4
2018-07-12,3055748,ELQ,2018,other,903,11540,Hibernian FC,NSÍ Runavík,6,1
2018-07-12,3055750,ELQ,2018,other,238,23911,Lech Poznan,Gandzasar Kapan,2,0
2018-07-12,3055752,ELQ,2018,other,11435,3793,Chikhura Sachkhere,Beitar Jerusalem,0,0
2018-07-12,3055754,ELQ,2018,other,8036,10217,ÍBV Vestmannaeyjar,Sarpsborg 08 Fotballforening,0,4
2018-07-12,3055756,ELQ,2018,other,43162,1109,FK Liepaja,BK Häcken,0,3
2018-07-12,3055758,ELQ,2018,other,5771,6066,Levadia Tallinn,Dundalk FC,0,1
2018-07-12,3055760,ELQ,2018,other,10301,77,FC Pyunik Yerevan,Vardar Skopje,1,0
2018-07-12,3055762,ELQ,2018,other,2782,21934,JFK Ventspils,FC Luftëtari (- 2020),5,0
2018-07-12,3055764,ELQ,2018,other,2925,1185,FC Lahti,FH Hafnarfjördur,0,3
2018-07-12,3055766,ELQ,2018,other,22010,12346,FK Qabala,FC Progrès Niederkorn,0,2
2018-07-12,3055768,ELQ,2018,other,6251,190,Kuopion Palloseura,FC Copenhagen,0,1
2018-07-12,3055770,ELQ,2018,other,8031,708,Neftchi Baku,Újpest FC,3,1
2018-07-12,3055772,ELQ,2018,other,3899,22140,Anorthosis Famagusta,KF Laçi,2,1
2018-07-12,3055774,ELQ,2018,other,1251,2778,Cliftonville FC,FC Nordsjaelland,0,1
2018-07-12,3055776,ELQ,2018,other,4529,663,DAC Dunajska Streda,Dinamo Tbilisi,1,1
2018-07-12,3065867,ELQ,2018,other,7567,32768,FK Radnicki Nis,Gzira United FC,4,0
2018-07-12,3065869,ELQ,2018,other,26326,10482,UE Engordany,Kairat Almaty,0,3
2018-07-12,3065871,ELQ,2018,other,10532,10883,B36 Tórshavn,OFK Titograd,0,0
2018-07-12,3065873,ELQ,2018,other,789,10617,NK Rudar Velenje,Tre Fiori FC,7,0
2018-07-12,3065875,ELQ,2018,other,32832,10540,FK Trakai,Irtysh Pavlodar,0,0
2018-07-13,3063556,DK1,2018,domestic_league,443,5818,Vejle Boldklub,Hobro IK,3,1
2018-07-13,3063557,DK1,2018,domestic_league,5817,1053,Sönderjyske Fodbold,Aalborg BK,0,1
2018-07-14,3063558,DK1,2018,domestic_league,865,678,FC Midtjylland,Aarhus GF,0,0
2018-07-15,3063559,DK1,2018,domestic_league,2778,3426,FC Nordsjaelland,Esbjerg fB,1,1
2018-07-15,3063560,DK1,2018,domestic_league,19657,173,Vendsyssel FF,Odense Boldklub,3,2
2018-07-16,3063561,DK1,2018,domestic_league,190,2414,FC Copenhagen,AC Horsens,1,2
2018-07-16,3063562,DK1,2018,domestic_league,5724,206,Randers FC,Bröndby IF,0,2
2018-07-17,3052467,CLQ,2018,international_cup,10734,1167,The New Saints,Shkendija Tetovo,4,0
2018-07-17,3052468,CLQ,2018,international_cup,2784,8047,APOEL Nicosia,FK Suduva Marijampole,1,0
2018-07-17,3052470,CLQ,2018,international_cup,11107,853,Videoton FC Fehérvár,F91 Dudelange,2,1
2018-07-17,3052471,CLQ,2018,international_cup,1008,24832,HJK Helsinki,Víkingur Gøta,3,1
2018-07-17,3052472,CLQ,2018,international_cup,21532,31614,Crusaders FC,Ludogorets Razgrad,0,2
2018-07-17,3052473,CLQ,2018,international_cup,255,27774,Legia Warszawa,Cork City FC,3,0
2018-07-17,3052475,CLQ,2018,international_cup,6335,27116,Valletta FC,FK Kukësi,1,1
2018-07-17,3052476,CLQ,2018,international_cup,2976,1002,Hapoel Beer Sheva,FC Flora Tallinn,3,1
2018-07-17,3052477,CLQ,2018,international_cup,159,28936,Red Star Belgrade,FK Spartaks Jurmala,2,0
2018-07-17,3052836,ELQ,2018,other,156,163,Levski Sofia,FC Vaduz,3,2
2018-07-17,3055693,ELQ,2018,other,709,4641,Budapest Honvéd FC,Rabotnicki Skopje,4,0
2018-07-17,3055739,ELQ,2018,other,4644,124,FC Shkupi,Rangers FC,0,0
2018-07-17,3061195,CLQ,2018,international_cup,496,33741,Malmö Fotbollförening,FC Drita,2,0
2018-07-17,3070956,UKRP,2018,domestic_cup,12302,30698,Naftovyk-Ukrnafta Okhtyrka,Girnyk Kryvyi Rig,0,3
2018-07-17,3070958,UKRP,2018,domestic_cup,2227,45200,SK Tavriya Simferopol ( - 2022),Chayka Petropavlivska Borshchagivka,1,0
2018-07-18,3052466,CLQ,2018,international_cup,2481,253,FC Sheriff Tiraspol,Torpedo Kutaisi,3,0
2018-07-18,3052469,CLQ,2018,international_cup,10625,4772,Qarabağ FK,NK Olimpija Ljubljana,0,0
2018-07-18,3052474,CLQ,2018,international_cup,195,1033,Rosenborg Ballklub,Valur Reykjavík,3,1
2018-07-18,3052478,CLQ,2018,international_cup,371,37914,Celtic FC,Alashkert Yerevan FC,3,0
2018-07-18,3052479,CLQ,2018,international_cup,6808,365,HSK Zrinjski Mostar,Spartak Trnava,1,1
2018-07-18,3052480,CLQ,2018,international_cup,3070,22220,FK Sutjeska Niksic,FC Astana,0,2
2018-07-18,3053058,ELQ,2018,other,2573,7130,FK Zeljeznicar Sarajevo,JK Trans Narva,3,1
2018-07-18,3070953,UKRP,2018,domestic_cup,30697,61761,Podillya Khmelnytskyi,MFK Metalurg Zaporizhya,0,2
2018-07-18,3070954,UKRP,2018,domestic_cup,33571,20423,Real Farma Ovidiopol,Nyva Vinnytsya,0,2
2018-07-18,3070955,UKRP,2018,domestic_cup,63007,53646,LNZ Cherkasy,FK Polissya Zhytomyr,4,2
2018-07-18,3070957,UKRP,2018,domestic_cup,33141,21903,FK Kalush,Bukovyna Chernivtsi,5,4
2018-07-18,3070959,UKRP,2018,domestic_cup,26459,61825,NK Veres Rivne,FC Minaj,10,11
2018-07-18,3070960,UKRP,2018,domestic_cup,29914,26726,Energiya Nova Kakhovka,Krystal Kherson,0,1
2018-07-18,3070961,UKRP,2018,domestic_cup,40523,41127,FK Nikopol,Myr Gornostaivka,1,4
2018-07-18,3077321,UKRP,2018,domestic_cup,67939,2712,Viktoriya Mykolaivka,Nyva Ternopil,2,1
2018-07-19,3053054,ELQ,2018,other,6248,1242,NK Domzale,NK Siroki Brijeg,1,1
2018-07-19,3053055,ELQ,2018,other,3831,15276,Coleraine FC,FK Spartak Subotica,0,2
2018-07-19,3053056,ELQ,2018,other,282,11411,FK Sarajevo,FC Banants Yerevan,3,0
2018-07-19,3053057,ELQ,2018,other,669,5972,FK Partizan Belgrade,Rudar Pljevlja,3,0
2018-07-19,3055632,ELQ,2018,other,10481,2950,Tobol Kostanay,FC Samtredia,2,0
2018-07-19,3055705,ELQ,2018,other,687,3463,Molde Fotballklubb,Glenavon FC,5,1
2018-07-19,3055707,ELQ,2018,other,22783,21875,Kalju FC,Stjarnan Gardabaer,1,0
2018-07-19,3055709,ELQ,2018,other,29831,13467,FCV Farul Constanta,Racing FC Union Luxembourg,0,0
2018-07-19,3055711,ELQ,2018,other,1180,920,Dinamo Minsk,Derry City,1,2
2018-07-19,3055713,ELQ,2018,other,272,3258,Allmänna Idrottsklubben,Shamrock Rovers,1,1
2018-07-19,3055715,ELQ,2018,other,8956,32129,FK Inter Baku,Balzan FC,2,1
2018-07-19,3055722,ELQ,2018,other,429,43957,Apollon Limassol,FC Stumbras Kaunas (- 2019),2,0
2018-07-19,3055724,ELQ,2018,other,10695,22499,Shakhter Soligorsk,Gap Connah's Quay,2,0
2018-07-19,3055731,ELQ,2018,other,790,4040,NK Maribor,FK Partizani,2,0
2018-07-19,3055733,ELQ,2018,other,21508,428,Zaria Balti,Górnik Zabrze,1,1
2018-07-19,3055735,ELQ,2018,other,675,3189,Slavia Sofia,Ilves Tampere,2,1
2018-07-19,3055737,ELQ,2018,other,327,46643,NK Osijek,FC Petrocub Hincesti,2,1
2018-07-19,3055741,ELQ,2018,other,48325,208,Riga FC,CSKA-Sofia,4,5
2018-07-19,3055743,ELQ,2018,other,7918,4391,AS Trencin,Buducnost Podgorica,1,1
2018-07-19,3055745,ELQ,2018,other,119,279,Maccabi Tel Aviv,Ferencvárosi TC,1,0
2018-07-19,3055747,ELQ,2018,other,540,30686,Slovan Bratislava,FC Milsami Orhei,5,0
2018-07-19,3055749,ELQ,2018,other,11540,903,NSÍ Runavík,Hibernian FC,4,6
2018-07-19,3055751,ELQ,2018,other,23911,238,Gandzasar Kapan,Lech Poznan,2,1
2018-07-19,3055753,ELQ,2018,other,3793,11435,Beitar Jerusalem,Chikhura Sachkhere,1,2
2018-07-19,3055755,ELQ,2018,other,10217,8036,Sarpsborg 08 Fotballforening,ÍBV Vestmannaeyjar,2,0
2018-07-19,3055757,ELQ,2018,other,1109,43162,BK Häcken,FK Liepaja,1,2
2018-07-19,3055759,ELQ,2018,other,6066,5771,Dundalk FC,Levadia Tallinn,2,1
2018-07-19,3055761,ELQ,2018,other,77,10301,Vardar Skopje,FC Pyunik Yerevan,0,2
2018-07-19,3055763,ELQ,2018,other,21934,2782,FC Luftëtari (- 2020),JFK Ventspils,3,3
2018-07-19,3055765,ELQ,2018,other,1185,2925,FH Hafnarfjördur,FC Lahti,0,0
2018-07-19,3055767,ELQ,2018,other,12346,22010,FC Progrès Niederkorn,FK Qabala,0,1
2018-07-19,3055769,ELQ,2018,other,190,6251,FC Copenhagen,Kuopion Palloseura,1,1
2018-07-19,3055771,ELQ,2018,other,708,8031,Újpest FC,Neftchi Baku,4,0
2018-07-19,3055773,ELQ,2018,other,22140,3899,KF Laçi,Anorthosis Famagusta,1,0
2018-07-19,3055775,ELQ,2018,other,2778,1251,FC Nordsjaelland,Cliftonville FC,2,1
2018-07-19,3055777,ELQ,2018,other,663,4529,Dinamo Tbilisi,DAC Dunajska Streda,1,2
2018-07-19,3065864,ELQ,2018,other,602,6170,FK Zalgiris Vilnius,KÍ Klaksvík,1,1
2018-07-19,3065866,ELQ,2018,other,1918,11976,FC Prishtina,CS Fola Esch,4,5
2018-07-19,3065868,ELQ,2018,other,32768,7567,Gzira United FC,FK Radnicki Nis,0,1
2018-07-19,3065870,ELQ,2018,other,10482,26326,Kairat Almaty,UE Engordany,7,1
2018-07-19,3065872,ELQ,2018,other,10883,10532,OFK Titograd,B36 Tórshavn,1,2
2018-07-19,3065874,ELQ,2018,other,10617,789,Tre Fiori FC,NK Rudar Velenje,0,3
2018-07-19,3065876,ELQ,2018,other,10540,32832,Irtysh Pavlodar,FK Trakai,0,1
2018-07-20,3063563,DK1,2018,domestic_league,1053,865,Aalborg BK,FC Midtjylland,2,1
2018-07-21,3063564,DK1,2018,domestic_league,3426,19657,Esbjerg fB,Vendsyssel FF,2,3
2018-07-21,3070962,UKRS,2018,,660,338,FC Shakhtar Donetsk,Dynamo Kyiv,0,1
2018-07-21,3070963,RUP,2018,domestic_cup,12045,12041,Dinamo Stavropol,Angusht Nazran,2,0
2018-07-21,3074319,RUP,2018,domestic_cup,33535,48807,Biolog-Novokubansk Progress,Viktor Ponedelnik Football Akademia,1,0
2018-07-21,3074321,RUP,2018,domestic_cup,65683,67241,Kuban Holding Pavlovskaya,Kuban Krasnodar,2,0
2018-07-21,3076800,POCP,2018,,4297,25817,Varzim SC,CD Cova Piedade,2,0
2018-07-21,3076801,POCP,2018,,7056,10140,CD Mafra,SC Covilhã,2,0
2018-07-21,3076802,POCP,2018,,4294,3327,SC Farense,FC Penafiel,5,4
2018-07-22,3063565,DK1,2018,domestic_league,2414,5724,AC Horsens,Randers FC,1,1
2018-07-22,3063566,DK1,2018,domestic_league,173,5817,Odense Boldklub,Sönderjyske Fodbold,2,2
2018-07-22,3063567,DK1,2018,domestic_league,678,2778,Aarhus GF,FC Nordsjaelland,1,1
2018-07-22,3063568,DK1,2018,domestic_league,206,443,Bröndby IF,Vejle Boldklub,1,1
2018-07-22,3070964,RUP,2018,domestic_cup,54922,3723,Atom Novovoronezh,Metallurg Lipetsk,0,1
2018-07-22,3072951,RUP,2018,domestic_cup,67975,39200,FK Avtofavorit Pskov,Luki-Energia Velikie Luki,0,2
2018-07-22,3074482,UKR1,2018,domestic_league,10690,6993,Zorya Lugansk,FK Mariupol,2,1
2018-07-22,3074483,UKR1,2018,domestic_league,2477,18303,Karpaty Lviv (-2021),FC Oleksandriya,0,2
2018-07-22,3074484,UKR1,2018,domestic_league,9007,18105,Arsenal Kyiv,PFK Lviv,0,2
2018-07-22,3074921,BESC,2018,other,2282,3057,Club Brugge KV,Standard Liège,2,1
2018-07-22,3076803,POCP,2018,,3329,8024,FC Famalicão,FC Arouca,5,6
2018-07-22,3076804,POCP,2018,,2990,3345,Académica Coimbra,Leixões SC,3,4
2018-07-23,3063569,DK1,2018,domestic_league,5818,190,Hobro IK,FC Copenhagen,0,3
2018-07-23,3074485,UKR1,2018,domestic_league,6992,23611,Chornomorets Odesa,Olimpik Donetsk,2,1
2018-07-24,3052503,CLQ,2018,international_cup,1091,26,Panthessalonikios Athlitikos Omilos Konstantinoupoliton,FC Basel 1893,2,1
2018-07-24,3076540,CLQ,2018,international_cup,159,8047,Red Star Belgrade,FK Suduva Marijampole,3,0
2018-07-24,3076546,CLQ,2018,international_cup,419,2976,GNK Dinamo Zagreb,Hapoel Beer Sheva,5,0
2018-07-24,3076548,CLQ,2018,international_cup,7769,496,CFR Cluj,Malmö Fotbollförening,0,1
2018-07-24,3076732,CLQ,2018,international_cup,255,365,Legia Warszawa,Spartak Trnava,0,2
2018-07-24,3076734,CLQ,2018,international_cup,1167,2481,Shkendija Tetovo,FC Sheriff Tiraspol,1,0
2018-07-24,3076738,CLQ,2018,international_cup,22220,865,FC Astana,FC Midtjylland,2,1
2018-07-25,3052504,CLQ,2018,international_cup,610,122,Ajax Amsterdam,Sportklub Puntigamer Sturm Graz,2,0
2018-07-25,3071946,ELQ,2018,other,413,353,LASK,Lillestrøm Sportsklubb,4,0
2018-07-25,3074486,UKR1,2018,domestic_league,16239,660,Desna Chernigiv,FC Shakhtar Donetsk,0,2
2018-07-25,3074487,UKR1,2018,domestic_league,338,2740,Dynamo Kyiv,Vorskla Poltava,1,0
2018-07-25,3076542,CLQ,2018,international_cup,713,1008,BATE Borisov,HJK Helsinki,0,0
2018-07-25,3076544,CLQ,2018,international_cup,31614,11107,Ludogorets Razgrad,Videoton FC Fehérvár,0,0
2018-07-25,3076730,CLQ,2018,international_cup,371,195,Celtic FC,Rosenborg Ballklub,3,1
2018-07-25,3076736,CLQ,2018,international_cup,27116,10625,FK Kukësi,Qarabağ FK,0,0
2018-07-26,3071948,ELQ,2018,other,2300,2425,Jagiellonia Bialystok,Rio Ave FC,1,0
2018-07-26,3071950,ELQ,2018,other,6131,3060,Dynamo Brest,APS Atromitos Athinon,4,3
2018-07-26,3071952,ELQ,2018,other,1044,6993,Djurgårdens Idrottsförening,FK Mariupol,1,1
2018-07-26,3071954,ELQ,2018,other,370,1132,Aberdeen FC,Burnley FC,1,1
2018-07-26,3076555,ELQ,2018,other,853,33741,F91 Dudelange,FC Drita,2,1
2018-07-26,3076557,ELQ,2018,other,28936,24349,FK Spartaks Jurmala,La Fiorita 1967,6,0
2018-07-26,3076559,ELQ,2018,other,2784,1002,APOEL Nicosia,FC Flora Tallinn,5,0
2018-07-26,3076561,ELQ,2018,other,10734,38204,The New Saints,Lincoln Red Imps FC,2,1
2018-07-26,3076770,ELQ,2018,other,253,24832,Torpedo Kutaisi,Víkingur Gøta,3,0
2018-07-26,3076772,ELQ,2018,other,6808,6335,HSK Zrinjski Mostar,Valletta FC,1,1
2018-07-26,3076774,ELQ,2018,other,10854,1033,FC Santa Coloma,Valur Reykjavík,1,0
2018-07-26,3076776,ELQ,2018,other,4772,21532,NK Olimpija Ljubljana,Crusaders FC,5,1
2018-07-26,3076778,ELQ,2018,other,3070,37914,FK Sutjeska Niksic,Alashkert Yerevan FC,0,1
2018-07-26,3076780,ELQ,2018,other,10482,1090,Kairat Almaty,AZ Alkmaar,2,0
2018-07-26,3076828,ELQ,2018,other,669,32832,FK Partizan Belgrade,FK Trakai,1,0
2018-07-26,3076829,ELQ,2018,other,15276,197,FK Spartak Subotica,AC Sparta Prague,2,0
2018-07-26,3076830,ELQ,2018,other,119,7567,Maccabi Tel Aviv,FK Radnicki Nis,2,0
2018-07-26,3076834,ELQ,2018,other,687,22140,Molde Fotballklubb,KF Laçi,3,0
2018-07-26,3076836,ELQ,2018,other,602,163,FK Zalgiris Vilnius,FC Vaduz,1,0
2018-07-26,3076854,ELQ,2018,other,32129,540,Balzan FC,Slovan Bratislava,2,1
2018-07-26,3076856,ELQ,2018,other,800,282,Atalanta BC,FK Sarajevo,2,2
2018-07-26,3076866,ELQ,2018,other,2778,272,FC Nordsjaelland,Allmänna Idrottsklubben,1,0
2018-07-26,3076868,ELQ,2018,other,789,301,NK Rudar Velenje,FCSB,0,2
2018-07-26,3076870,ELQ,2018,other,810,1185,Hapoel Haifa,FH Hafnarfjördur,1,1
2018-07-26,3076880,ELQ,2018,other,6066,2156,Dundalk FC,AEK Larnaca,0,0
2018-07-26,3076882,ELQ,2018,other,428,7918,Górnik Zabrze,AS Trencin,0,1
2018-07-26,3076892,ELQ,2018,other,208,503,CSKA-Sofia,FC Admira Wacker Mödling,3,0
2018-07-26,3076902,ELQ,2018,other,23826,1109,RB Leipzig,BK Häcken,4,0
2018-07-26,3076904,ELQ,2018,other,21875,190,Stjarnan Gardabaer,FC Copenhagen,0,2
2018-07-26,3076930,ELQ,2018,other,28095,6248,FK Ufa,NK Domzale,0,0
2018-07-26,3076932,ELQ,2018,other,10481,10301,Tobol Kostanay,FC Pyunik Yerevan,2,1
2018-07-26,3076942,ELQ,2018,other,709,12346,Budapest Honvéd FC,FC Progrès Niederkorn,1,0
2018-07-26,3076944,ELQ,2018,other,327,124,NK Osijek,Rangers FC,0,1
2018-07-26,3076954,ELQ,2018,other,10532,114,B36 Tórshavn,Beşiktaş Jimnastik Kulübü,0,2
2018-07-26,3076956,ELQ,2018,other,4529,1180,DAC Dunajska Streda,Dinamo Minsk,1,3
2018-07-26,3076958,ELQ,2018,other,2782,40,JFK Ventspils,FC Girondins Bordeaux,0,1
2018-07-26,3076976,ELQ,2018,other,2573,429,FK Zeljeznicar Sarajevo,Apollon Limassol,1,2
2018-07-26,3076978,ELQ,2018,other,29831,499,FCV Farul Constanta,Vitesse Arnhem,2,2
2018-07-26,3076980,ELQ,2018,other,257,10217,FC St. Gallen 1879,Sarpsborg 08 Fotballforening,2,1
2018-07-26,3076982,ELQ,2018,other,368,708,Sevilla FC,Újpest FC,4,0
2018-07-26,3076984,ELQ,2018,other,903,6676,Hibernian FC,A.G.S Asteras Tripolis,3,2
2018-07-26,3076986,ELQ,2018,other,11435,790,Chikhura Sachkhere,NK Maribor,0,0
2018-07-26,3076988,ELQ,2018,other,1184,11976,KRC Genk,CS Fola Esch,5,0
2018-07-26,3076990,ELQ,2018,other,447,675,HNK Hajduk Split,Slavia Sofia,1,0
2018-07-26,3077000,ELQ,2018,other,10695,238,Shakhter Soligorsk,Lech Poznan,1,1
2018-07-27,3040255,RUSS,2018,other,932,2410,"Футбольный клуб ""Локомотив"" Москва",PFK CSKA Moskva,0,1
2018-07-27,3059297,BE1,2018,domestic_league,3057,157,Standard Liège,KAA Gent,3,2
2018-07-27,3063570,DK1,2018,domestic_league,5817,2414,Sönderjyske Fodbold,AC Horsens,2,0
2018-07-28,3059298,BE1,2018,domestic_league,601,58,KV Kortrijk,RSC Anderlecht,1,4
2018-07-28,3059299,BE1,2018,domestic_league,3508,28643,Zulte Waregem,SK Beveren,2,2
2018-07-28,3059300,BE1,2018,domestic_league,475,520,Sint-Truidense VV,Cercle Brugge,0,0
2018-07-28,3059301,BE1,2018,domestic_league,2861,29228,KV Oostende,Royal Excel Mouscron (-2022),2,1
2018-07-28,3059806,RU1,2018,domestic_league,1083,3725,FK Rostov,RFK Akhmat Grozny,1,0
2018-07-28,3059810,RU1,2018,domestic_league,11127,2700,Ural Yekaterinburg,Anzhi Makhachkala ( -2022),0,1
2018-07-28,3059812,RU1,2018,domestic_league,232,14589,FK Spartak Moskva,FC Orenburg,1,0
2018-07-28,3063571,DK1,2018,domestic_league,865,3426,FC Midtjylland,Esbjerg fB,3,1
2018-07-28,3074768,UKR1,2018,domestic_league,18303,10690,FC Oleksandriya,Zorya Lugansk,1,0
2018-07-28,3074769,UKR1,2018,domestic_league,18105,338,PFK Lviv,Dynamo Kyiv,0,1
2018-07-28,3077547,CIT,2018,domestic_cup,4106,49430,Casertana FC,AZ Picerno,2,0
2018-07-28,3077603,POCP,2018,,3336,2423,Desportivo Aves (- 2020),CD Santa Clara,10,9
2018-07-28,3077605,POCP,2018,,2457,8827,B SAD,UD Oliveirense,3,1
2018-07-28,3077606,POCP,2018,,2995,7788,FC Paços de Ferreira,Académico Viseu FC,3,2
2018-07-28,3078850,POCP,2018,,1301,7056,CS Marítimo,CD Mafra,3,0
2018-07-29,3059302,BE1,2018,domestic_league,2282,1245,Club Brugge KV,KAS Eupen,5,2
2018-07-29,3059303,BE1,2018,domestic_league,172,1096,Royal Charleroi Sporting Club,Royal Antwerp FC,0,1
2018-07-29,3059304,BE1,2018,domestic_league,498,1184,KSC Lokeren (- 2020),KRC Genk,0,4
2018-07-29,3059807,RU1,2018,domestic_league,3714,964,Enisey Krasnoyarsk,AO FK Zenit Sankt-Peterburg,0,2
2018-07-29,3059808,RU1,2018,domestic_league,3729,121,Arsenal Tula,FK Dinamo Moskva,0,0
2018-07-29,3059809,RU1,2018,domestic_league,2698,16704,FC Rubin Kazan,FK Krasnodar,2,1
2018-07-29,3063572,DK1,2018,domestic_league,2778,19657,FC Nordsjaelland,Vendsyssel FF,3,0
2018-07-29,3063573,DK1,2018,domestic_league,5724,173,Randers FC,Odense Boldklub,1,0
2018-07-29,3063574,DK1,2018,domestic_league,5818,206,Hobro IK,Bröndby IF,1,2
2018-07-29,3063575,DK1,2018,domestic_league,190,1053,FC Copenhagen,Aalborg BK,4,0
2018-07-29,3074770,UKR1,2018,domestic_league,23611,2740,Olimpik Donetsk,Vorskla Poltava,1,0
2018-07-29,3074771,UKR1,2018,domestic_league,2477,6992,Karpaty Lviv (-2021),Chornomorets Odesa,1,0
2018-07-29,3074772,UKR1,2018,domestic_league,660,9007,FC Shakhtar Donetsk,Arsenal Kyiv,3,0
2018-07-29,3074773,UKR1,2018,domestic_league,6993,16239,FK Mariupol,Desna Chernigiv,1,4
2018-07-29,3077533,CIT,2018,domestic_cup,22294,8322,AS Viterbese Castrense,Rende Calcio 1968,1,0
2018-07-29,3077534,CIT,2018,domestic_cup,4330,10390,SS Sambenedettese,Sanremese Calcio,1,0
2018-07-29,3077535,CIT,2018,domestic_cup,1103,14888,Ternana Calcio,US Città di Pontedera,5,3
2018-07-29,3077536,CIT,2018,domestic_cup,1627,1047,Catania FC,Como 1907,3,0
2018-07-29,3077537,CIT,2018,domestic_cup,5587,1307,SS Juve Stabia,US Pistoiese 1921,1,0
2018-07-29,3077538,CIT,2018,domestic_cup,4172,4271,Pisa Sporting Club,US Triestina,7,5
2018-07-29,3077539,CIT,2018,domestic_cup,33734,1408,SS Monopoli 1966,Piacenza Calcio 1919,6,4
2018-07-29,3077540,CIT,2018,domestic_cup,4159,4324,Carrarese Calcio 1908,Imolese Calcio 1919,0,1
2018-07-29,3077541,CIT,2018,domestic_cup,4331,39711,Trapani Calcio,ACD Campodarsego,1,0
2018-07-29,3077542,CIT,2018,domestic_cup,4554,29490,FC Südtirol,Albalonga Calcio,2,1
2018-07-29,3077543,CIT,2018,domestic_cup,9439,49939,Feralpisalò,Virtus Francavilla Calcio,2,0
2018-07-29,3077544,CIT,2018,domestic_cup,1387,54498,Siena FC,Sicula Leonzio,2,0
2018-07-29,3077545,CIT,2018,domestic_cup,24898,51327,AC Renate,AC Rezzato,0,2
2018-07-29,3077546,CIT,2018,domestic_cup,2919,40352,AC Monza,SS Matelica Calcio,1,0
2018-07-29,3077548,CIT,2018,domestic_cup,2721,44223,US Alessandria Calcio 1912,AS Giana Erminio,0,1
2018-07-29,3077549,CIT,2018,domestic_cup,4541,21331,UC AlbinoLeffe,Pordenone Calcio,0,1
2018-07-29,3077550,CIT,2018,domestic_cup,2655,27349,LR Vicenza,ASD Chieri Calcio,2,1
2018-07-29,3077604,POCP,2018,,982,2503,CD Nacional,Boavista FC,2,1
2018-07-29,3078849,POCP,2018,,4297,979,Varzim SC,Moreirense FC,2,0
2018-07-29,3078851,POCP,2018,,4294,1465,SC Farense,GD Estoril Praia,0,2
2018-07-29,3078852,POCP,2018,,8024,3325,FC Arouca,GD Chaves,3,5
2018-07-29,3078853,POCP,2018,,3349,3345,CD Feirense,Leixões SC,3,2
2018-07-30,3059811,RU1,2018,domestic_league,28095,932,FK Ufa,"Футбольный клуб ""Локомотив"" Москва",0,0
2018-07-30,3063576,DK1,2018,domestic_league,443,678,Vejle Boldklub,Aarhus GF,1,1
2018-07-30,3072583,RUP,2018,domestic_cup,45913,67107,Trevis &amp; VVK St. Petersburg,FC Leningradets,3,1
2018-07-30,3072584,RUP,2018,domestic_cup,20084,11121,Khimik-Arsenal Novomoskovsk,Dinamo Bryansk,0,1
2018-07-30,3072585,RUP,2018,domestic_cup,28098,58065,FK Kaluga,Veles Moscow,2,1
2018-07-30,3072586,RUP,2018,domestic_cup,12444,40896,Znamya Truda Orekhovo-Zuevo,Strogino Moscow,7,6
2018-07-30,3072587,RUP,2018,domestic_cup,54797,37029,Kvant Obninsk,FK Dolgoprudnyi,3,1
2018-07-30,3072588,RUP,2018,domestic_cup,1186,12065,Torpedo Moscow,Torpedo Vladimir,1,0
2018-07-30,3072589,RUP,2018,domestic_cup,54924,12052,FC Murom,FC Ryazan,0,2
2018-07-30,3072952,RUP,2018,domestic_cup,2737,11125,Saturn Ramenskoe,Tekstilshchik Ivanovo,1,2
2018-07-30,3074320,RUP,2018,domestic_cup,48968,19958,Zorkiy Krasnogorsk,FC Kolomna,3,2
2018-07-30,3074376,RUP,2018,domestic_cup,23110,11135,FK Chelyabinsk,Nosta Novotroitsk,5,4
2018-07-30,3074377,RUP,2018,domestic_cup,3243,3733,KamAZ Naberezhnye Chelny,Neftekhimik Nizhnekamsk,2,3
2018-07-30,3074378,RUP,2018,domestic_cup,6434,6433,Zvezda Perm,Zenit Izhevsk,2,3
2018-07-30,3074379,RUP,2018,domestic_cup,36972,6673,Chaika Peschanokopskoe,SKA Rostov-na-Donu,5,0
2018-07-30,3074380,RUP,2018,domestic_cup,8835,2703,Spartak Nalchik,Spartak Vladikavkaz (-2020),0,4
2018-07-30,3074381,RUP,2018,domestic_cup,6432,55013,Volgar Astrakhan,Legion-Dinamo Makhachkala,2,1
2018-07-30,3074382,RUP,2018,domestic_cup,3834,34230,Sokol Saratov,Syzran-2003,2,3
2018-07-30,3074383,RUP,2018,domestic_cup,6413,2705,Lada Dimitrovgrad,Lada Togliatti,7,8
2018-07-30,3074757,RUP,2018,domestic_cup,68037,12439,Khimik-August Vurnary (-2024),Volga Uljanovsk,2,3
2018-07-30,3077867,RUP,2018,domestic_cup,5287,65683,Chernomorets Novorossijsk,Kuban Holding Pavlovskaya,2,0
2018-07-30,3077868,RUP,2018,domestic_cup,12048,33535,Druzhba Maikop,Biolog-Novokubansk Progress,5,4
2018-07-30,3077869,RUP,2018,domestic_cup,11123,12045,Mashuk-KMV Pyatigorsk,Dinamo Stavropol,2,0
2018-07-30,3078302,RUP,2018,domestic_cup,39200,6419,Luki-Energia Velikie Luki,Pskov-747 (-2020),1,0
2018-07-30,3078592,RUP,2018,domestic_cup,3723,6672,Metallurg Lipetsk,Salyut Belgorod,1,0
2018-07-31,3059805,RU1,2018,domestic_league,2696,2410,PFK Krylya Sovetov Samara,PFK CSKA Moskva,0,0
2018-07-31,3072953,RUP,2018,domestic_cup,67976,22444,Krasniy-SGAFKST Smolensk,Dnepr Smolensk,1,4
2018-07-31,3076547,CLQ,2018,international_cup,2976,419,Hapoel Beer Sheva,GNK Dinamo Zagreb,2,2
2018-07-31,3076733,CLQ,2018,international_cup,365,255,Spartak Trnava,Legia Warszawa,0,1
2018-07-31,3076735,CLQ,2018,international_cup,2481,1167,FC Sheriff Tiraspol,Shkendija Tetovo,0,0
2018-07-31,3076933,ELQ,2018,other,10301,10481,FC Pyunik Yerevan,Tobol Kostanay,1,0
2018-07-31,3079230,RUP,2018,domestic_cup,12043,12420,Dinamo Barnaul,Irtysh Omsk,5,2
2018-07-31,3079231,RUP,2018,domestic_cup,12049,55329,FK Chita (-2022),FC Irkutsk,2,3
2018-08-01,3052505,CLQ,2018,international_cup,26,1091,FC Basel 1893,Panthessalonikios Athlitikos Omilos Konstantinoupoliton,0,3
2018-08-01,3052506,CLQ,2018,international_cup,122,610,Sportklub Puntigamer Sturm Graz,Ajax Amsterdam,1,3
2018-08-01,3071947,ELQ,2018,other,353,413,Lillestrøm Sportsklubb,LASK,1,2
2018-08-01,3076541,CLQ,2018,international_cup,8047,159,FK Suduva Marijampole,Red Star Belgrade,0,2
2018-08-01,3076543,CLQ,2018,international_cup,1008,713,HJK Helsinki,BATE Borisov,1,2
2018-08-01,3076545,CLQ,2018,international_cup,11107,31614,Videoton FC Fehérvár,Ludogorets Razgrad,1,0
2018-08-01,3076549,CLQ,2018,international_cup,496,7769,Malmö Fotbollförening,CFR Cluj,1,1
2018-08-01,3076731,CLQ,2018,international_cup,195,371,Rosenborg Ballklub,Celtic FC,0,0
2018-08-01,3076737,CLQ,2018,international_cup,10625,27116,Qarabağ FK,FK Kukësi,3,0
2018-08-01,3076739,CLQ,2018,international_cup,865,22220,FC Midtjylland,FC Astana,0,0
2018-08-01,3076989,ELQ,2018,other,11976,1184,CS Fola Esch,KRC Genk,1,4
2018-08-02,3071949,ELQ,2018,other,2425,2300,Rio Ave FC,Jagiellonia Bialystok,4,4
2018-08-02,3071951,ELQ,2018,other,3060,6131,APS Atromitos Athinon,Dynamo Brest,1,1
2018-08-02,3071953,ELQ,2018,other,6993,1044,FK Mariupol,Djurgårdens Idrottsförening,2,1
2018-08-02,3071955,ELQ,2018,other,1132,370,Burnley FC,Aberdeen FC,3,1
2018-08-02,3076556,ELQ,2018,other,33741,853,FC Drita,F91 Dudelange,1,1
2018-08-02,3076558,ELQ,2018,other,24349,28936,La Fiorita 1967,FK Spartaks Jurmala,0,3
2018-08-02,3076560,ELQ,2018,other,1002,2784,FC Flora Tallinn,APOEL Nicosia,2,0
2018-08-02,3076562,ELQ,2018,other,38204,10734,Lincoln Red Imps FC,The New Saints,1,1
2018-08-02,3076771,ELQ,2018,other,24832,253,Víkingur Gøta,Torpedo Kutaisi,0,4
2018-08-02,3076773,ELQ,2018,other,6335,6808,Valletta FC,HSK Zrinjski Mostar,1,2
2018-08-02,3076775,ELQ,2018,other,1033,10854,Valur Reykjavík,FC Santa Coloma,3,0
2018-08-02,3076777,ELQ,2018,other,21532,4772,Crusaders FC,NK Olimpija Ljubljana,1,1
2018-08-02,3076779,ELQ,2018,other,37914,3070,Alashkert Yerevan FC,FK Sutjeska Niksic,0,0
2018-08-02,3076781,ELQ,2018,other,1090,10482,AZ Alkmaar,Kairat Almaty,2,1
2018-08-02,3076831,ELQ,2018,other,32832,669,FK Trakai,FK Partizan Belgrade,1,1
2018-08-02,3076832,ELQ,2018,other,197,15276,AC Sparta Prague,FK Spartak Subotica,2,1
2018-08-02,3076833,ELQ,2018,other,7567,119,FK Radnicki Nis,Maccabi Tel Aviv,2,2
2018-08-02,3076835,ELQ,2018,other,22140,687,KF Laçi,Molde Fotballklubb,0,2
2018-08-02,3076837,ELQ,2018,other,163,602,FC Vaduz,FK Zalgiris Vilnius,1,1
2018-08-02,3076855,ELQ,2018,other,540,32129,Slovan Bratislava,Balzan FC,3,1
2018-08-02,3076857,ELQ,2018,other,282,800,FK Sarajevo,Atalanta BC,0,8
2018-08-02,3076867,ELQ,2018,other,272,2778,Allmänna Idrottsklubben,FC Nordsjaelland,0,1
2018-08-02,3076869,ELQ,2018,other,301,789,FCSB,NK Rudar Velenje,4,0
2018-08-02,3076871,ELQ,2018,other,1185,810,FH Hafnarfjördur,Hapoel Haifa,0,1
2018-08-02,3076881,ELQ,2018,other,2156,6066,AEK Larnaca,Dundalk FC,4,0
2018-08-02,3076883,ELQ,2018,other,7918,428,AS Trencin,Górnik Zabrze,4,1
2018-08-02,3076893,ELQ,2018,other,503,208,FC Admira Wacker Mödling,CSKA-Sofia,1,3
2018-08-02,3076903,ELQ,2018,other,1109,23826,BK Häcken,RB Leipzig,1,1
2018-08-02,3076905,ELQ,2018,other,190,21875,FC Copenhagen,Stjarnan Gardabaer,5,0
2018-08-02,3076931,ELQ,2018,other,6248,28095,NK Domzale,FK Ufa,1,1
2018-08-02,3076943,ELQ,2018,other,12346,709,FC Progrès Niederkorn,Budapest Honvéd FC,2,0
2018-08-02,3076945,ELQ,2018,other,124,327,Rangers FC,NK Osijek,1,1
2018-08-02,3076955,ELQ,2018,other,114,10532,Beşiktaş Jimnastik Kulübü,B36 Tórshavn,6,0
2018-08-02,3076957,ELQ,2018,other,1180,4529,Dinamo Minsk,DAC Dunajska Streda,4,1
2018-08-02,3076959,ELQ,2018,other,40,2782,FC Girondins Bordeaux,JFK Ventspils,2,1
2018-08-02,3076977,ELQ,2018,other,429,2573,Apollon Limassol,FK Zeljeznicar Sarajevo,3,1
2018-08-02,3076979,ELQ,2018,other,499,29831,Vitesse Arnhem,FCV Farul Constanta,3,1
2018-08-02,3076981,ELQ,2018,other,10217,257,Sarpsborg 08 Fotballforening,FC St. Gallen 1879,1,0
2018-08-02,3076983,ELQ,2018,other,708,368,Újpest FC,Sevilla FC,1,3
2018-08-02,3076985,ELQ,2018,other,6676,903,A.G.S Asteras Tripolis,Hibernian FC,1,1
2018-08-02,3076987,ELQ,2018,other,790,11435,NK Maribor,Chikhura Sachkhere,2,0
2018-08-02,3076991,ELQ,2018,other,675,447,Slavia Sofia,HNK Hajduk Split,2,3
2018-08-02,3077001,ELQ,2018,other,238,10695,Lech Poznan,Shakhter Soligorsk,3,1
2018-08-03,3059305,BE1,2018,domestic_league,28643,3057,SK Beveren,Standard Liège,0,0
2018-08-03,3063577,DK1,2018,domestic_league,678,5817,Aarhus GF,Sönderjyske Fodbold,1,0
2018-08-03,3074775,UKR1,2018,domestic_league,338,660,Dynamo Kyiv,FC Shakhtar Donetsk,1,0
2018-08-03,3083052,RU1,2018,domestic_league,121,2698,FK Dinamo Moskva,FC Rubin Kazan,1,1
2018-08-04,3047699,FRCH,2018,other,583,162,Paris Saint-Germain,AS Monaco,4,0
2018-08-04,3052465,POSU,2018,other,720,3336,FC Porto,Desportivo Aves (- 2020),3,1
2018-08-04,3055009,NLSC,2018,other,383,234,PSV Eindhoven,Feyenoord Rotterdam,5,6
2018-08-04,3059306,BE1,2018,domestic_league,1245,172,KAS Eupen,Royal Charleroi Sporting Club,1,4
2018-08-04,3059307,BE1,2018,domestic_league,520,498,Cercle Brugge,KSC Lokeren (- 2020),3,2
2018-08-04,3059308,BE1,2018,domestic_league,1096,601,Royal Antwerp FC,KV Kortrijk,0,0
2018-08-04,3059309,BE1,2018,domestic_league,157,3508,KAA Gent,Zulte Waregem,1,1
2018-08-04,3063578,DK1,2018,domestic_league,3426,5724,Esbjerg fB,Randers FC,3,3
2018-08-04,3063579,DK1,2018,domestic_league,443,865,Vejle Boldklub,FC Midtjylland,1,3
2018-08-04,3074774,UKR1,2018,domestic_league,2740,18105,Vorskla Poltava,PFK Lviv,1,0
2018-08-04,3074778,UKR1,2018,domestic_league,10690,6992,Zorya Lugansk,Chornomorets Odesa,1,1
2018-08-04,3076121,SC1,2018,domestic_league,371,1241,Celtic FC,Livingston FC,3,1
2018-08-04,3076122,SC1,2018,domestic_league,2999,43,Hamilton Academical FC,Heart of Midlothian FC,1,4
2018-08-04,3076124,SC1,2018,domestic_league,2553,2578,Kilmarnock FC,St. Johnstone FC,2,0
2018-08-04,3076125,SC1,2018,domestic_league,465,511,St. Mirren FC,Dundee FC,2,1
2018-08-04,3083053,RU1,2018,domestic_league,964,3729,AO FK Zenit Sankt-Peterburg,Arsenal Tula,1,0
2018-08-04,3083054,RU1,2018,domestic_league,932,232,"Футбольный клуб ""Локомотив"" Москва",FK Spartak Moskva,0,0
2018-08-04,3083058,RU1,2018,domestic_league,11127,16704,Ural Yekaterinburg,FK Krasnodar,1,2
2018-08-04,3084015,CIT,2018,domestic_cup,408,22294,Ascoli Calcio 1898,AS Viterbese Castrense,0,4
2018-08-04,3084016,CIT,2018,domestic_cup,3522,4330,Spezia Calcio,SS Sambenedettese,2,1
2018-08-04,3084017,CIT,2018,domestic_cup,4102,1103,AC Carpi,Ternana Calcio,0,2
2018-08-04,3089414,CIT,2018,domestic_cup,4331,4031,Trapani Calcio,Cosenza Calcio,1,2
2018-08-05,3059310,BE1,2018,domestic_league,58,2861,RSC Anderlecht,KV Oostende,5,2
2018-08-05,3059311,BE1,2018,domestic_league,1184,475,KRC Genk,Sint-Truidense VV,1,1
2018-08-05,3059312,BE1,2018,domestic_league,29228,2282,Royal Excel Mouscron (-2022),Club Brugge KV,0,1
2018-08-05,3063580,DK1,2018,domestic_league,2414,5818,AC Horsens,Hobro IK,2,2
2018-08-05,3063581,DK1,2018,domestic_league,173,190,Odense Boldklub,FC Copenhagen,0,1
2018-08-05,3063582,DK1,2018,domestic_league,206,2778,Bröndby IF,FC Nordsjaelland,2,0
2018-08-05,3070220,GBCS,2018,other,631,281,Chelsea FC,Manchester City,0,2
2018-08-05,3074776,UKR1,2018,domestic_league,9007,6993,Arsenal Kyiv,FK Mariupol,1,2
2018-08-05,3074777,UKR1,2018,domestic_league,16239,18303,Desna Chernigiv,FC Oleksandriya,0,2
2018-08-05,3074779,UKR1,2018,domestic_league,2477,23611,Karpaty Lviv (-2021),Olimpik Donetsk,2,2
2018-08-05,3076123,SC1,2018,domestic_league,903,987,Hibernian FC,Motherwell FC,3,0
2018-08-05,3076126,SC1,2018,domestic_league,370,124,Aberdeen FC,Rangers FC,1,1
2018-08-05,3077599,CIT,2018,domestic_cup,19,26789,Brescia Calcio,FC Pro Vercelli 1892,5,2
2018-08-05,3077600,CIT,2018,domestic_cup,839,6692,AC Perugia Calcio,Novara Calcio 1908,1,3
2018-08-05,3077607,POCP,2018,,7378,2425,Portimonense SC,Rio Ave FC,0,2
2018-08-05,3083055,RU1,2018,domestic_league,2696,14589,PFK Krylya Sovetov Samara,FC Orenburg,0,3
2018-08-05,3083056,RU1,2018,domestic_league,2410,1083,PFK CSKA Moskva,FK Rostov,0,1
2018-08-05,3083057,RU1,2018,domestic_league,3725,3714,RFK Akhmat Grozny,Enisey Krasnoyarsk,1,0
2018-08-05,3084018,CIT,2018,domestic_cup,704,1627,Foggia Calcio,Catania FC,1,3
2018-08-05,3084019,CIT,2018,domestic_cup,276,5587,Hellas Verona,SS Juve Stabia,4,1
2018-08-05,3084020,CIT,2018,domestic_cup,2239,4172,US Cremonese,Pisa Sporting Club,5,7
2018-08-05,3084021,CIT,2018,domestic_cup,4084,33734,AS Cittadella,SS Monopoli 1966,1,0
2018-08-05,3084022,CIT,2018,domestic_cup,4171,4324,Benevento Calcio,Imolese Calcio 1919,3,1
2018-08-05,3084024,CIT,2018,domestic_cup,607,4554,Venezia FC,FC Südtirol,0,1
2018-08-05,3084026,CIT,2018,domestic_cup,20519,1387,Virtus Entella,Siena FC,3,0
2018-08-05,3084027,CIT,2018,domestic_cup,380,51327,US Salernitana 1919,AC Rezzato,6,1
2018-08-05,3084028,CIT,2018,domestic_cup,3037,2919,Calcio Padova,AC Monza,1,0
2018-08-05,3084029,CIT,2018,domestic_cup,1210,4106,US Livorno 1915,Casertana FC,8,7
2018-08-05,3084030,CIT,2018,domestic_cup,4083,44223,FC Crotone,AS Giana Erminio,4,0
2018-08-05,3084031,CIT,2018,domestic_cup,2921,21331,Delfino Pescara 1936,Pordenone Calcio,6,5
2018-08-05,3084032,CIT,2018,domestic_cup,458,2655,Palermo FC,LR Vicenza,8,7
2018-08-06,3063583,DK1,2018,domestic_league,19657,1053,Vendsyssel FF,Aalborg BK,0,1
2018-08-06,3077608,POCP,2018,,2420,7179,Vitória Guimarães SC,CD Tondela,0,2
2018-08-06,3083059,RU1,2018,domestic_league,28095,2700,FK Ufa,Anzhi Makhachkala ( -2022),3,0
2018-08-07,3055420,DKP,2018,domestic_cup,21006,10836,Ledöje-Smörum Fodbold,Stenlöse Boldklub,3,1
2018-08-07,3055421,DKP,2018,domestic_cup,20417,947,IF Skjold Birkeröd,Boldklubben af 1893,2,3
2018-08-07,3055426,DKP,2018,domestic_cup,29386,12622,Döllefjelde-Musse IF,B1908 Amager,2,7
2018-08-07,3055430,DKP,2018,domestic_cup,24191,49675,IF Føroyar,Hilleröd Fodbold,0,6
2018-08-07,3055432,DKP,2018,domestic_cup,6000,5866,Herlev IF,Brönshöj Boldklub,5,1
2018-08-07,3055436,DKP,2018,domestic_cup,5987,67611,Vordingborg IF,Taarnby FF Youth,2,3
2018-08-07,3055439,DKP,2018,domestic_cup,67612,24181,Hörsholm-Usseröd IK,AB Taarnby,5,0
2018-08-07,3055460,DKP,2018,domestic_cup,60931,5889,Agerbaek/Starup,Naesby Boldklub,1,2
2018-08-07,3055462,DKP,2018,domestic_cup,20975,22235,Odense KS,Boldklubben Marienlyst,2,4
2018-08-07,3055467,DKP,2018,domestic_cup,49677,13208,Fuglebakken KFUM,Kjellerup IF,1,4
2018-08-07,3055470,DKP,2018,domestic_cup,22928,40804,,Tarup-Paarup IF,0,6
2018-08-07,3055473,DKP,2018,domestic_cup,24201,20979,Nörresundby FB,Viby IF,1,3
2018-08-07,3055474,DKP,2018,domestic_cup,5765,5767,Fjordager IF,Middelfart Boldklub,1,5
2018-08-07,3055476,DKP,2018,domestic_cup,5918,5881,Otterup B&IK,Hedensted IF,1,3
2018-08-07,3055477,DKP,2018,domestic_cup,33864,5734,,Young Boys FD,0,5
2018-08-07,3055480,DKP,2018,domestic_cup,29387,26937,Egen UI,FC Skanderborg,2,1
2018-08-07,3055481,DKP,2018,domestic_cup,24106,29391,,IF Lyseng,0,1
2018-08-07,3055482,DKP,2018,domestic_cup,5842,20108,VSK Aarhus,Jammerbugt FC,0,3
2018-08-07,3078609,CLQ,2018,international_cup,294,36,SL Benfica,Fenerbahce,1,0
2018-08-07,3078610,CLQ,2018,international_cup,62,338,SK Slavia Prague,Dynamo Kyiv,1,1
2018-08-07,3084025,CIT,2018,domestic_cup,1005,9439,US Lecce,Feralpisalò,1,0
2018-08-07,3085706,RUP,2018,domestic_cup,39200,45913,Luki-Energia Velikie Luki,Trevis &amp; VVK St. Petersburg,1,0
2018-08-07,3085707,RUP,2018,domestic_cup,22444,28098,Dnepr Smolensk,FK Kaluga,1,2
2018-08-07,3085708,RUP,2018,domestic_cup,11125,48968,Tekstilshchik Ivanovo,Zorkiy Krasnogorsk,3,1
2018-08-07,3085709,RUP,2018,domestic_cup,12052,1186,FC Ryazan,Torpedo Moscow,0,3
2018-08-07,3085710,RUP,2018,domestic_cup,11121,3723,Dinamo Bryansk,Metallurg Lipetsk,1,0
2018-08-07,3085711,RUP,2018,domestic_cup,2703,36972,Spartak Vladikavkaz (-2020),Chaika Peschanokopskoe,1,3
2018-08-07,3085712,RUP,2018,domestic_cup,12439,23110,Volga Uljanovsk,FK Chelyabinsk,2,5
2018-08-07,3086870,CLQ,2018,international_cup,3057,610,Standard Liège,Ajax Amsterdam,2,2
2018-08-07,3086935,CLQ,2018,international_cup,159,365,Red Star Belgrade,Spartak Trnava,1,1
2018-08-07,3086937,CLQ,2018,international_cup,10625,713,Qarabağ FK,BATE Borisov,0,1
2018-08-07,3086949,CLQ,2018,international_cup,22220,419,FC Astana,GNK Dinamo Zagreb,0,2
2018-08-07,3086951,CLQ,2018,international_cup,496,11107,Malmö Fotbollförening,Videoton FC Fehérvár,1,1
2018-08-07,3087307,ELQ,2018,other,10301,119,FC Pyunik Yerevan,Maccabi Tel Aviv,0,0
2018-08-07,3089715,RUP,2018,domestic_cup,6433,3733,Zenit Izhevsk,Neftekhimik Nizhnekamsk,0,1
2018-08-07,3089716,RUP,2018,domestic_cup,2705,34230,Lada Togliatti,Syzran-2003,0,3
2018-08-07,3089717,RUP,2018,domestic_cup,54797,12444,Kvant Obninsk,Znamya Truda Orekhovo-Zuevo,1,4
2018-08-07,3089718,RUP,2018,domestic_cup,6432,11123,Volgar Astrakhan,Mashuk-KMV Pyatigorsk,2,1
2018-08-07,3089719,RUP,2018,domestic_cup,12048,5287,Druzhba Maikop,Chernomorets Novorossijsk,0,1
2018-08-08,3055423,DKP,2018,domestic_cup,1798,3732,Holbaek B&I,Hellerup IK,0,2
2018-08-08,3055424,DKP,2018,domestic_cup,21777,362,BK Fremad Valby,Akademisk Boldklub,2,6
2018-08-08,3055427,DKP,2018,domestic_cup,67608,23297,Humlebaek BK,HB Köge,1,4
2018-08-08,3055428,DKP,2018,domestic_cup,5733,369,Nyköbing FC,Lyngby Boldklub,1,0
2018-08-08,3055431,DKP,2018,domestic_cup,5892,22110,Slagelse B&I,FC Helsingör,0,2
2018-08-08,3055437,DKP,2018,domestic_cup,21783,444,Skovshoved IF,BK Frem,1,4
2018-08-08,3055438,DKP,2018,domestic_cup,13175,5091,Karlslunde IF,Naestved Boldklub,0,3
2018-08-08,3055461,DKP,2018,domestic_cup,24938,54662,FC Djursland,Vatanspor,3,1
2018-08-08,3055463,DKP,2018,domestic_cup,45057,5784,Vejgaard B,Aarhus Fremad,4,6
2018-08-08,3055464,DKP,2018,domestic_cup,24185,22112,Saedding/Guldager IF,FC Sydvest 05,3,5
2018-08-08,3055465,DKP,2018,domestic_cup,46735,1063,Vildbjerg SF,Viborg FF,0,10
2018-08-08,3055468,DKP,2018,domestic_cup,5714,13290,Dalum IF,Odder IGF,3,1
2018-08-08,3055469,DKP,2018,domestic_cup,1909,1177,Holstebro Boldklub,Silkeborg IF,0,4
2018-08-08,3055471,DKP,2018,domestic_cup,5838,5781,Ringköbing IF,Skive IK,1,5
2018-08-08,3055472,DKP,2018,domestic_cup,29394,5776,,FC Fredericia,0,6
2018-08-08,3055475,DKP,2018,domestic_cup,24198,5874,,Brabrand IF,0,9
2018-08-08,3055478,DKP,2018,domestic_cup,5791,12275,B1913 Odense,Kolding IF,0,1
2018-08-08,3055479,DKP,2018,domestic_cup,29383,9023,,Thisted FC,0,10
2018-08-08,3055483,DKP,2018,domestic_cup,67610,21000,CBS Sport,Gentofte VI,1,5
2018-08-08,3085531,CLQ,2018,international_cup,409,1167,Fußballclub Red Bull Salzburg,Shkendija Tetovo,3,0
2018-08-08,3086931,CLQ,2018,international_cup,1091,232,Panthessalonikios Athlitikos Omilos Konstantinoupoliton,FK Spartak Moskva,3,2
2018-08-08,3086933,CLQ,2018,international_cup,371,2441,Celtic FC,Athlitiki Enosi Konstantinoupoleos,1,1
2018-08-08,3087352,ELQ,2018,other,114,413,Beşiktaş Jimnastik Kulübü,LASK,1,0
2018-08-09,3078837,ELQ,2018,other,10690,1075,Zorya Lugansk,SC Braga,1,1
2018-08-09,3078839,ELQ,2018,other,683,434,Olympiakos Syndesmos Filathlon Peiraios,FC Luzern,4,0
2018-08-09,3086923,ELQ,2018,other,27774,195,Cork City FC,Rosenborg Ballklub,0,2
2018-08-09,3087291,ELQ,2018,other,31614,6808,Ludogorets Razgrad,HSK Zrinjski Mostar,1,0
2018-08-09,3087293,ELQ,2018,other,255,853,Legia Warszawa,F91 Dudelange,1,2
2018-08-09,3087295,ELQ,2018,other,37914,7769,Alashkert Yerevan FC,CFR Cluj,0,2
2018-08-09,3087297,ELQ,2018,other,4772,1008,NK Olimpija Ljubljana,HJK Helsinki,3,0
2018-08-09,3087299,ELQ,2018,other,28936,8047,FK Spartaks Jurmala,FK Suduva Marijampole,0,1
2018-08-09,3087301,ELQ,2018,other,10734,865,The New Saints,FC Midtjylland,0,2
2018-08-09,3087303,ELQ,2018,other,2976,2784,Hapoel Beer Sheva,APOEL Nicosia,2,2
2018-08-09,3087305,ELQ,2018,other,253,27116,Torpedo Kutaisi,FK Kukësi,5,2
2018-08-09,3087309,ELQ,2018,other,1180,964,Dinamo Minsk,AO FK Zenit Sankt-Peterburg,4,0
2018-08-09,3087311,ELQ,2018,other,10217,144,Sarpsborg 08 Fotballforening,HNK Rijeka,1,1
2018-08-09,3087313,ELQ,2018,other,810,800,Hapoel Haifa,Atalanta BC,1,4
2018-08-09,3087315,ELQ,2018,other,122,2156,Sportklub Puntigamer Sturm Graz,AEK Larnaca,0,2
2018-08-09,3087317,ELQ,2018,other,6890,1132,Basaksehir FK,Burnley FC,0,0
2018-08-09,3087319,ELQ,2018,other,1184,238,KRC Genk,Lech Poznan,2,0
2018-08-09,3087321,ELQ,2018,other,499,26,Vitesse Arnhem,FC Basel 1893,0,1
2018-08-09,3087323,ELQ,2018,other,2778,669,FC Nordsjaelland,FK Partizan Belgrade,1,2
2018-08-09,3087325,ELQ,2018,other,903,687,Hibernian FC,Molde Fotballklubb,0,0
2018-08-09,3087327,ELQ,2018,other,447,301,HNK Hajduk Split,FCSB,0,0
2018-08-09,3087329,ELQ,2018,other,368,602,Sevilla FC,FK Zalgiris Vilnius,1,0
2018-08-09,3087332,ELQ,2018,other,2311,10482,"SK Sigma Olomouc, a.s.",Kairat Almaty,2,0
2018-08-09,3087334,ELQ,2018,other,540,170,Slovan Bratislava,Rapid Vienna,2,1
2018-08-09,3087336,ELQ,2018,other,6993,40,FK Mariupol,FC Girondins Bordeaux,1,3
2018-08-09,3087338,ELQ,2018,other,208,190,CSKA-Sofia,FC Copenhagen,1,2
2018-08-09,3087340,ELQ,2018,other,124,790,Rangers FC,NK Maribor,3,1
2018-08-09,3087342,ELQ,2018,other,7918,234,AS Trencin,Feyenoord Rotterdam,4,0
2018-08-09,3087344,ELQ,2018,other,15276,206,FK Spartak Subotica,Bröndby IF,0,2
2018-08-09,3087346,ELQ,2018,other,2481,1033,FC Sheriff Tiraspol,Valur Reykjavík,1,0
2018-08-09,3087348,ELQ,2018,other,2300,157,Jagiellonia Bialystok,KAA Gent,0,1
2018-08-09,3087350,ELQ,2018,other,28095,12346,FK Ufa,FC Progrès Niederkorn,2,1
2018-08-09,3087354,ELQ,2018,other,429,6131,Apollon Limassol,Dynamo Brest,4,0
2018-08-09,3091496,ELQ,2018,other,23826,40812,RB Leipzig,Universitatea Craiova,3,1
2018-08-10,3047435,FR1,2018,domestic_league,244,415,Olympique Marseille,FC Toulouse,4,0
2018-08-10,3050172,GB1,2018,domestic_league,985,1003,Manchester United,Leicester City,2,1
2018-08-10,3052107,NL1,2018,domestic_league,1269,306,PEC Zwolle,SC Heerenveen,2,3
2018-08-10,3063584,DK1,2018,domestic_league,19657,443,Vendsyssel FF,Vejle Boldklub,1,1
2018-08-10,3069360,TR1,2018,domestic_league,868,141,MKE Ankaragücü,Galatasaray,1,3
2018-08-10,3069374,PO1,2018,domestic_league,294,2420,SL Benfica,Vitória Guimarães SC,3,2
2018-08-10,3074785,UKR1,2018,domestic_league,23611,18105,Olimpik Donetsk,PFK Lviv,1,1
2018-08-10,3084087,BE1,2018,domestic_league,2282,601,Club Brugge KV,KV Kortrijk,3,0
2018-08-10,3088877,RU1,2018,domestic_league,11127,121,Ural Yekaterinburg,FK Dinamo Moskva,1,1
2018-08-11,3047431,FR1,2018,domestic_league,1420,1160,Angers SCO,Nîmes Olympique,3,4
2018-08-11,3047433,FR1,2018,domestic_league,1082,273,LOSC Lille,Stade Rennais FC,3,1
2018-08-11,3047436,FR1,2018,domestic_league,969,2969,Montpellier HSC,Dijon FCO,1,2
2018-08-11,3047437,FR1,2018,domestic_league,995,162,FC Nantes,AS Monaco,1,3
2018-08-11,3047438,FR1,2018,domestic_league,417,1421,OGC Nice,Stade Reims,0,1
2018-08-11,3047440,FR1,2018,domestic_league,618,855,AS Saint-Étienne,EA Guingamp,2,1
2018-08-11,3050168,GB1,2018,domestic_league,989,603,AFC Bournemouth,Cardiff City,2,0
2018-08-11,3050169,GB1,2018,domestic_league,931,873,Fulham FC,Crystal Palace,0,2
2018-08-11,3050170,GB1,2018,domestic_league,1110,631,Huddersfield Town,Chelsea FC,0,3
2018-08-11,3050173,GB1,2018,domestic_league,762,148,Newcastle United,Tottenham Hotspur,1,2
2018-08-11,3050175,GB1,2018,domestic_league,1010,1237,Watford FC,Brighton & Hove Albion,2,0
2018-08-11,3050176,GB1,2018,domestic_league,543,29,Wolverhampton Wanderers,Everton FC,2,2
2018-08-11,3052108,NL1,2018,domestic_league,403,1426,Willem II Tilburg,VVV-Venlo,0,1
2018-08-11,3052109,NL1,2018,domestic_league,610,1304,Ajax Amsterdam,Heracles Almelo,1,1
2018-08-11,3052110,NL1,2018,domestic_league,383,200,PSV Eindhoven,FC Utrecht,4,0
2018-08-11,3052111,NL1,2018,domestic_league,798,385,Excelsior Rotterdam,Fortuna Sittardia Combinatie,1,1
2018-08-11,3063585,DK1,2018,domestic_league,5818,173,Hobro IK,Odense Boldklub,3,2
2018-08-11,3069362,TR1,2018,domestic_league,126,10484,Caykur Rizespor,Kasimpasa,2,3
2018-08-11,3069363,TR1,2018,domestic_league,2381,11282,Sivasspor,Alanyaspor,1,0
2018-08-11,3069367,TR1,2018,domestic_league,36,20,Fenerbahce,Bursaspor,2,1
2018-08-11,3069372,PO1,2018,domestic_league,720,3325,FC Porto,GD Chaves,5,0
2018-08-11,3069375,PO1,2018,domestic_league,7179,2457,CD Tondela,B SAD,0,1
2018-08-11,3069378,PO1,2018,domestic_league,1085,3336,Vitória Setúbal FC,Desportivo Aves (- 2020),2,0
2018-08-11,3074784,UKR1,2018,domestic_league,660,2740,FC Shakhtar Donetsk,Vorskla Poltava,4,1
2018-08-11,3079232,RUP,2018,domestic_cup,65909,16613,FK Blagoveshchensk,Sakhalin Yuzhno-Sakhalinsk,0,3
2018-08-11,3080205,SC1,2018,domestic_league,43,371,Heart of Midlothian FC,Celtic FC,1,0
2018-08-11,3080206,SC1,2018,domestic_league,511,370,Dundee FC,Aberdeen FC,0,1
2018-08-11,3080207,SC1,2018,domestic_league,1241,2553,Livingston FC,Kilmarnock FC,0,0
2018-08-11,3080208,SC1,2018,domestic_league,987,2999,Motherwell FC,Hamilton Academical FC,0,1
2018-08-11,3084088,BE1,2018,domestic_league,3057,520,Standard Liège,Cercle Brugge,0,0
2018-08-11,3084089,BE1,2018,domestic_league,3508,1245,Zulte Waregem,KAS Eupen,4,0
2018-08-11,3084090,BE1,2018,domestic_league,475,498,Sint-Truidense VV,KSC Lokeren (- 2020),1,1
2018-08-11,3084091,BE1,2018,domestic_league,29228,1096,Royal Excel Mouscron (-2022),Royal Antwerp FC,0,1
2018-08-11,3088878,RU1,2018,domestic_league,3714,2410,Enisey Krasnoyarsk,PFK CSKA Moskva,1,1
2018-08-11,3088879,RU1,2018,domestic_league,232,2700,FK Spartak Moskva,Anzhi Makhachkala ( -2022),1,0
2018-08-11,3088880,RU1,2018,domestic_league,1083,2696,FK Rostov,PFK Krylya Sovetov Samara,0,1
2018-08-11,3089422,CIT,2018,domestic_cup,410,4171,Udinese Calcio,Benevento Calcio,1,2
2018-08-11,3090059,CIT,2018,domestic_cup,252,1005,Genoa CFC,US Lecce,4,0
2018-08-11,3124439,SFA,2018,domestic_cup,20746,25418,Preston Athletic FC,Glasgow University FC,3,1
2018-08-12,3040104,SUC,2018,other,131,368,FC Barcelona,Sevilla FC,2,1
2018-08-12,3047432,FR1,2018,domestic_league,40,667,FC Girondins Bordeaux,RC Strasbourg Alsace,0,2
2018-08-12,3047434,FR1,2018,domestic_league,1041,1416,Olympique Lyon,Amiens SC,2,0
2018-08-12,3047439,FR1,2018,domestic_league,583,1162,Paris Saint-Germain,SM Caen,3,0
2018-08-12,3050167,GB1,2018,domestic_league,11,281,Arsenal FC,Manchester City,0,2
2018-08-12,3050171,GB1,2018,domestic_league,31,379,Liverpool FC,West Ham United,4,0
2018-08-12,3050174,GB1,2018,domestic_league,180,1132,Southampton FC,Burnley FC,0,0
2018-08-12,3052112,NL1,2018,domestic_league,1268,1283,ADO Den Haag,FC Emmen,1,2
2018-08-12,3052113,NL1,2018,domestic_league,642,234,De Graafschap Doetinchem,Feyenoord Rotterdam,2,0
2018-08-12,3052114,NL1,2018,domestic_league,499,202,Vitesse Arnhem,FC Groningen,5,1
2018-08-12,3052115,NL1,2018,domestic_league,1090,132,AZ Alkmaar,NAC Breda,5,0
2018-08-12,3063586,DK1,2018,domestic_league,865,2414,FC Midtjylland,AC Horsens,3,0
2018-08-12,3063587,DK1,2018,domestic_league,1053,2778,Aalborg BK,FC Nordsjaelland,1,0
2018-08-12,3063588,DK1,2018,domestic_league,190,206,FC Copenhagen,Bröndby IF,3,1
2018-08-12,3063589,DK1,2018,domestic_league,5724,678,Randers FC,Aarhus GF,0,0
2018-08-12,3069361,TR1,2018,domestic_league,6890,449,Basaksehir FK,Trabzonspor,2,0
2018-08-12,3069364,TR1,2018,domestic_league,114,19771,Beşiktaş Jimnastik Kulübü,Akhisarspor,2,1
2018-08-12,3069365,TR1,2018,domestic_league,2293,39722,Konyaspor,Erzurumspor FK,3,2
2018-08-12,3069368,TR1,2018,domestic_league,1467,19789,Göztepe,Yeni Malatyaspor,1,3
2018-08-12,3069371,DFL,2018,other,24,27,Eintracht Frankfurt,Bayern Munich,0,5
2018-08-12,3069373,PO1,2018,domestic_league,1301,2423,CS Marítimo,CD Santa Clara,1,0
2018-08-12,3069377,PO1,2018,domestic_league,1075,982,SC Braga,CD Nacional,4,2
2018-08-12,3069379,PO1,2018,domestic_league,3349,2425,CD Feirense,Rio Ave FC,2,0
2018-08-12,3069380,PO1,2018,domestic_league,979,336,Moreirense FC,Sporting CP,1,3
2018-08-12,3074780,UKR1,2018,domestic_league,2477,10690,Karpaty Lviv (-2021),Zorya Lugansk,0,1
2018-08-12,3074781,UKR1,2018,domestic_league,6992,16239,Chornomorets Odesa,Desna Chernigiv,1,0
2018-08-12,3074782,UKR1,2018,domestic_league,18303,9007,FC Oleksandriya,Arsenal Kyiv,1,0
2018-08-12,3080209,SC1,2018,domestic_league,124,465,Rangers FC,St. Mirren FC,2,0
2018-08-12,3080210,SC1,2018,domestic_league,2578,903,St. Johnstone FC,Hibernian FC,1,1
2018-08-12,3084092,BE1,2018,domestic_league,2861,1184,KV Oostende,KRC Genk,0,2
2018-08-12,3084093,BE1,2018,domestic_league,172,58,Royal Charleroi Sporting Club,RSC Anderlecht,1,2
2018-08-12,3084094,BE1,2018,domestic_league,157,28643,KAA Gent,SK Beveren,4,1
2018-08-12,3088881,RU1,2018,domestic_league,14589,932,FC Orenburg,"Футбольный клуб ""Локомотив"" Москва",1,0
2018-08-12,3088882,RU1,2018,domestic_league,3729,3725,Arsenal Tula,RFK Akhmat Grozny,3,1
2018-08-12,3089415,CIT,2018,domestic_cup,1038,22294,UC Sampdoria,AS Viterbese Castrense,1,0
2018-08-12,3089416,CIT,2018,domestic_cup,3522,2722,Spezia Calcio,SPAL,0,1
2018-08-12,3089417,CIT,2018,domestic_cup,6574,1103,US Sassuolo,Ternana Calcio,5,1
2018-08-12,3089418,CIT,2018,domestic_cup,1627,276,Catania FC,Hellas Verona,2,0
2018-08-12,3089419,CIT,2018,domestic_cup,130,4172,Parma Calcio 1913,Pisa Sporting Club,0,1
2018-08-12,3089420,CIT,2018,domestic_cup,19,6692,Brescia Calcio,Novara Calcio 1908,2,3
2018-08-12,3089421,CIT,2018,domestic_cup,749,4084,FC Empoli,AS Cittadella,0,3
2018-08-12,3089423,CIT,2018,domestic_cup,416,4031,Torino FC,Cosenza Calcio,4,0
2018-08-12,3089424,CIT,2018,domestic_cup,8970,4554,Frosinone Calcio,FC Südtirol,0,2
2018-08-12,3089425,CIT,2018,domestic_cup,20519,380,Virtus Entella,US Salernitana 1919,2,0
2018-08-12,3089426,CIT,2018,domestic_cup,1025,3037,Bologna Football Club 1909,Calcio Padova,2,0
2018-08-12,3089427,CIT,2018,domestic_cup,1210,4083,US Livorno 1915,FC Crotone,0,1
2018-08-12,3089428,CIT,2018,domestic_cup,862,2921,Chievo Verona,Delfino Pescara 1936,1,0
2018-08-12,3089429,CIT,2018,domestic_cup,1390,458,Cagliari Calcio,Palermo FC,2,1
2018-08-13,3063590,DK1,2018,domestic_league,3426,5817,Esbjerg fB,Sönderjyske Fodbold,1,0
2018-08-13,3069366,TR1,2018,domestic_league,3205,589,Kayserispor,Antalyaspor,2,0
2018-08-13,3069376,PO1,2018,domestic_league,7378,2503,Portimonense SC,Boavista FC,0,2
2018-08-13,3088883,RU1,2018,domestic_league,28095,16704,FK Ufa,FK Krasnodar,0,1
2018-08-13,3088884,RU1,2018,domestic_league,2698,964,FC Rubin Kazan,AO FK Zenit Sankt-Peterburg,0,1
2018-08-14,3055425,DKP,2018,domestic_cup,5957,5925,FC Nakskov,Avarta,1,3
2018-08-14,3055434,DKP,2018,domestic_cup,67609,25516,FC Rudersdal,Nexö Boldklub Bornholm,0,4
2018-08-14,3055435,DKP,2018,domestic_cup,49672,28854,IF Frem Bjaeverskov,Listrup UIF,4,2
2018-08-14,3055466,DKP,2018,domestic_cup,67613,67614,Bramdrupdam GIF,FC BiH Odense,3,2
2018-08-14,3078611,CLQ,2018,international_cup,36,294,Fenerbahce,SL Benfica,1,1
2018-08-14,3078612,CLQ,2018,international_cup,338,62,Dynamo Kyiv,SK Slavia Prague,2,0
2018-08-14,3085532,CLQ,2018,international_cup,1167,409,Shkendija Tetovo,Fußballclub Red Bull Salzburg,0,1
2018-08-14,3086871,CLQ,2018,international_cup,610,3057,Ajax Amsterdam,Standard Liège,3,0
2018-08-14,3086932,CLQ,2018,international_cup,232,1091,FK Spartak Moskva,Panthessalonikios Athlitikos Omilos Konstantinoupoliton,0,0
2018-08-14,3086934,CLQ,2018,international_cup,2441,371,Athlitiki Enosi Konstantinoupoleos,Celtic FC,2,1
2018-08-14,3086936,CLQ,2018,international_cup,365,159,Spartak Trnava,Red Star Belgrade,1,2
2018-08-14,3086938,CLQ,2018,international_cup,713,10625,BATE Borisov,Qarabağ FK,1,1
2018-08-14,3086950,CLQ,2018,international_cup,419,22220,GNK Dinamo Zagreb,FC Astana,1,0
2018-08-14,3086952,CLQ,2018,international_cup,11107,496,Videoton FC Fehérvár,Malmö Fotbollförening,0,0
2018-08-15,3045430,USC,2018,international_cup,418,13,Real Madrid,Atlético de Madrid,2,4
2018-08-15,3055422,DKP,2018,domestic_cup,1894,5716,Hvidovre IF,BK Fremad Amager,1,4
2018-08-15,3055429,DKP,2018,domestic_cup,21003,21033,Hundested IK,Boldklubben Union,6,3
2018-08-15,3055433,DKP,2018,domestic_cup,5777,1842,Greve Fodbold,FC Roskilde,0,4
2018-08-16,3078838,ELQ,2018,other,1075,10690,SC Braga,Zorya Lugansk,2,2
2018-08-16,3078840,ELQ,2018,other,434,683,FC Luzern,Olympiakos Syndesmos Filathlon Peiraios,1,3
2018-08-16,3086924,ELQ,2018,other,195,27774,Rosenborg Ballklub,Cork City FC,3,0
2018-08-16,3087292,ELQ,2018,other,6808,31614,HSK Zrinjski Mostar,Ludogorets Razgrad,1,1
2018-08-16,3087294,ELQ,2018,other,853,255,F91 Dudelange,Legia Warszawa,2,2
2018-08-16,3087296,ELQ,2018,other,7769,37914,CFR Cluj,Alashkert Yerevan FC,5,0
2018-08-16,3087298,ELQ,2018,other,1008,4772,HJK Helsinki,NK Olimpija Ljubljana,1,4
2018-08-16,3087300,ELQ,2018,other,8047,28936,FK Suduva Marijampole,FK Spartaks Jurmala,0,0
2018-08-16,3087302,ELQ,2018,other,865,10734,FC Midtjylland,The New Saints,3,1
2018-08-16,3087304,ELQ,2018,other,2784,2976,APOEL Nicosia,Hapoel Beer Sheva,3,1
2018-08-16,3087306,ELQ,2018,other,27116,253,FK Kukësi,Torpedo Kutaisi,2,0
2018-08-16,3087308,ELQ,2018,other,119,10301,Maccabi Tel Aviv,FC Pyunik Yerevan,2,1
2018-08-16,3087310,ELQ,2018,other,964,1180,AO FK Zenit Sankt-Peterburg,Dinamo Minsk,8,1
2018-08-16,3087312,ELQ,2018,other,144,10217,HNK Rijeka,Sarpsborg 08 Fotballforening,0,1
2018-08-16,3087314,ELQ,2018,other,800,810,Atalanta BC,Hapoel Haifa,2,0
2018-08-16,3087316,ELQ,2018,other,2156,122,AEK Larnaca,Sportklub Puntigamer Sturm Graz,5,0
2018-08-16,3087318,ELQ,2018,other,1132,6890,Burnley FC,Basaksehir FK,1,0
2018-08-16,3087320,ELQ,2018,other,238,1184,Lech Poznan,KRC Genk,1,2
2018-08-16,3087322,ELQ,2018,other,26,499,FC Basel 1893,Vitesse Arnhem,1,0
2018-08-16,3087324,ELQ,2018,other,669,2778,FK Partizan Belgrade,FC Nordsjaelland,3,2
2018-08-16,3087326,ELQ,2018,other,687,903,Molde Fotballklubb,Hibernian FC,3,0
2018-08-16,3087328,ELQ,2018,other,301,447,FCSB,HNK Hajduk Split,2,1
2018-08-16,3087330,ELQ,2018,other,602,368,FK Zalgiris Vilnius,Sevilla FC,0,5
2018-08-16,3087333,ELQ,2018,other,10482,2311,Kairat Almaty,"SK Sigma Olomouc, a.s.",1,2
2018-08-16,3087335,ELQ,2018,other,170,540,Rapid Vienna,Slovan Bratislava,4,0
2018-08-16,3087337,ELQ,2018,other,40,6993,FC Girondins Bordeaux,FK Mariupol,2,1
2018-08-16,3087339,ELQ,2018,other,190,208,FC Copenhagen,CSKA-Sofia,2,1
2018-08-16,3087341,ELQ,2018,other,790,124,NK Maribor,Rangers FC,0,0
2018-08-16,3087343,ELQ,2018,other,234,7918,Feyenoord Rotterdam,AS Trencin,1,1
2018-08-16,3087345,ELQ,2018,other,206,15276,Bröndby IF,FK Spartak Subotica,2,1
2018-08-16,3087347,ELQ,2018,other,1033,2481,Valur Reykjavík,FC Sheriff Tiraspol,2,1
2018-08-16,3087349,ELQ,2018,other,157,2300,KAA Gent,Jagiellonia Bialystok,3,1
2018-08-16,3087351,ELQ,2018,other,12346,28095,FC Progrès Niederkorn,FK Ufa,2,2
2018-08-16,3087353,ELQ,2018,other,413,114,LASK,Beşiktaş Jimnastik Kulübü,2,1
2018-08-16,3087355,ELQ,2018,other,6131,429,Dynamo Brest,Apollon Limassol,1,0
2018-08-16,3091494,ELQ,2018,other,40812,23826,Universitatea Craiova,RB Leipzig,1,1
2018-08-17,3047447,FR1,2018,domestic_league,1421,1041,Stade Reims,Olympique Lyon,1,0
2018-08-17,3048412,DFB,2018,domestic_cup,108,35,SV Wehen Wiesbaden,FC St. Pauli,3,2
2018-08-17,3048414,DFB,2018,domestic_cup,187,105,1.FC Magdeburg,SV Darmstadt 98,0,1
2018-08-17,3048427,DFB,2018,domestic_cup,103,33,1.FC Schweinfurt 05,FC Schalke 04,0,2
2018-08-17,3052116,NL1,2018,domestic_league,202,403,FC Groningen,Willem II Tilburg,0,1
2018-08-17,3063591,DK1,2018,domestic_league,5817,19657,Sönderjyske Fodbold,Vendsyssel FF,2,1
2018-08-17,3069387,PO1,2018,domestic_league,3336,7179,Desportivo Aves (- 2020),CD Tondela,2,2
2018-08-17,3069716,TR1,2018,domestic_league,449,2381,Trabzonspor,Sivasspor,3,1
2018-08-17,3075455,UKR1,2018,domestic_league,9007,6992,Arsenal Kyiv,Chornomorets Odesa,1,1
2018-08-17,3079304,ES1,2018,domestic_league,150,3368,Real Betis Balompié,Levante UD,0,3
2018-08-17,3079307,ES1,2018,domestic_league,12321,366,Girona FC,Real Valladolid CF,0,0
2018-08-17,3084096,BE1,2018,domestic_league,58,29228,RSC Anderlecht,Royal Excel Mouscron (-2022),2,0
2018-08-17,3088885,RU1,2018,domestic_league,2700,14589,Anzhi Makhachkala ( -2022),FC Orenburg,1,3
2018-08-18,3047441,FR1,2018,domestic_league,1416,969,Amiens SC,Montpellier HSC,1,2
2018-08-18,3047442,FR1,2018,domestic_league,1162,417,SM Caen,OGC Nice,1,1
2018-08-18,3047443,FR1,2018,domestic_league,2969,995,Dijon FCO,FC Nantes,2,0
2018-08-18,3047444,FR1,2018,domestic_league,855,583,EA Guingamp,Paris Saint-Germain,1,3
2018-08-18,3047445,FR1,2018,domestic_league,162,1082,AS Monaco,LOSC Lille,0,0
2018-08-18,3047448,FR1,2018,domestic_league,273,1420,Stade Rennais FC,Angers SCO,1,0
2018-08-18,3048411,DFB,2018,domestic_cup,657,4,SV Linx,1.FC Nuremberg,1,2
2018-08-18,3048413,DFB,2018,domestic_cup,26957,129,SV Rödinghausen,SG Dynamo Dresden,3,2
2018-08-18,3048416,DFB,2018,domestic_cup,5263,41,TuS Erndtebrück,Hamburger SV,3,5
2018-08-18,3048421,DFB,2018,domestic_cup,57,254,Rot-Weiß Oberhausen,SV Sandhausen,0,6
2018-08-18,3048422,DFB,2018,domestic_cup,94,39,FC Erzgebirge Aue,1.FSV Mainz 05,1,3
2018-08-18,3048425,DFB,2018,domestic_cup,64,82,SV 07 Elversberg,VfL Wolfsburg,0,1
2018-08-18,3048426,DFB,2018,domestic_cup,907,52,TuS Dassendorf,MSV Duisburg,0,1
2018-08-18,3048429,DFB,2018,domestic_cup,158,86,VfR Wormatia Worms,SV Werder Bremen,1,6
2018-08-18,3048430,DFB,2018,domestic_cup,10213,27,SV Drochtersen/Assel,Bayern Munich,0,1
2018-08-18,3048432,DFB,2018,domestic_cup,2,533,1.FC Kaiserslautern,TSG 1899 Hoffenheim,1,6
2018-08-18,3048440,DFB,2018,domestic_cup,30,79,FC Hansa Rostock,VfB Stuttgart,2,0
2018-08-18,3048441,DFB,2018,domestic_cup,30006,15,1.CfR Pforzheim,Bayer 04 Leverkusen,0,1
2018-08-18,3048442,DFB,2018,domestic_cup,69,24,SSV Ulm 1846,Eintracht Frankfurt,2,1
2018-08-18,3050179,GB1,2018,domestic_league,603,762,Cardiff City,Newcastle United,0,0
2018-08-18,3050180,GB1,2018,domestic_league,631,11,Chelsea FC,Arsenal FC,3,2
2018-08-18,3050182,GB1,2018,domestic_league,29,180,Everton FC,Southampton FC,2,1
2018-08-18,3050183,GB1,2018,domestic_league,1003,543,Leicester City,Wolverhampton Wanderers,2,0
2018-08-18,3050185,GB1,2018,domestic_league,148,931,Tottenham Hotspur,Fulham FC,3,1
2018-08-18,3050186,GB1,2018,domestic_league,379,989,West Ham United,AFC Bournemouth,1,2
2018-08-18,3052117,NL1,2018,domestic_league,132,642,NAC Breda,De Graafschap Doetinchem,3,0
2018-08-18,3052118,NL1,2018,domestic_league,1426,610,VVV-Venlo,Ajax Amsterdam,0,1
2018-08-18,3052119,NL1,2018,domestic_league,385,383,Fortuna Sittardia Combinatie,PSV Eindhoven,1,2
2018-08-18,3052120,NL1,2018,domestic_league,1304,1268,Heracles Almelo,ADO Den Haag,4,2
2018-08-18,3066420,NLP,2018,domestic_cup,21615,3569,KVV Quick '20 Oldenzaal,DVS '33 Ermelo,2,6
2018-08-18,3066422,NLP,2018,domestic_cup,10790,40253,ASWH Ambacht,MASV Arnhem,5,0
2018-08-18,3066423,NLP,2018,domestic_cup,37319,33424,,ODIN '59 Heemskerk,0,2
2018-08-18,3066424,NLP,2018,domestic_cup,3943,9547,HSV Hoek,ADO '20 Heemskerk,3,0
2018-08-18,3066425,NLP,2018,domestic_cup,33427,640,SV Urk,SDO Bussum,2,2
2018-08-18,3066426,NLP,2018,domestic_cup,7408,21965,Harkemase Boys,ASV De Dijk,2,1
2018-08-18,3066429,NLP,2018,domestic_cup,44455,23533,VV Eemdijk,VC Vlissingen,3,0
2018-08-18,3066430,NLP,2018,domestic_cup,33429,33432,VV Goes,VV Staphorst,0,4
2018-08-18,3066431,NLP,2018,domestic_cup,26488,7474,SV Oss '20,VV Noordwijk,2,4
2018-08-18,3066432,NLP,2018,domestic_cup,8994,55446,EVV Echt,,7,0
2018-08-18,3066435,NLP,2018,domestic_cup,36686,34156,,USV Hercules,2,4
2018-08-18,3069384,PO1,2018,domestic_league,336,1085,Sporting CP,Vitória Setúbal FC,2,1
2018-08-18,3069388,PO1,2018,domestic_league,3325,7378,GD Chaves,Portimonense SC,2,0
2018-08-18,3069389,PO1,2018,domestic_league,2503,294,Boavista FC,SL Benfica,0,2
2018-08-18,3069717,TR1,2018,domestic_league,20,3205,Bursaspor,Kayserispor,0,0
2018-08-18,3069718,TR1,2018,domestic_league,589,2293,Antalyaspor,Konyaspor,3,3
2018-08-18,3069724,TR1,2018,domestic_league,19789,36,Yeni Malatyaspor,Fenerbahce,1,0
2018-08-18,3075456,UKR1,2018,domestic_league,338,18303,Dynamo Kyiv,FC Oleksandriya,1,0
2018-08-18,3075457,UKR1,2018,domestic_league,18105,660,PFK Lviv,FC Shakhtar Donetsk,0,2
2018-08-18,3079305,ES1,2018,domestic_league,940,714,Celta de Vigo,RCD Espanyol Barcelona,1,1
2018-08-18,3079309,ES1,2018,domestic_league,131,1108,FC Barcelona,Deportivo Alavés,3,0
2018-08-18,3079312,ES1,2018,domestic_league,1050,681,Villarreal CF,Real Sociedad,1,2
2018-08-18,3080904,IT1,2018,domestic_league,862,506,Chievo Verona,Juventus FC,2,3
2018-08-18,3080906,IT1,2018,domestic_league,398,6195,Società Sportiva Lazio S.p.A.,SSC Napoli,1,2
2018-08-18,3084097,BE1,2018,domestic_league,498,3057,KSC Lokeren (- 2020),Standard Liège,0,3
2018-08-18,3084098,BE1,2018,domestic_league,520,3508,Cercle Brugge,Zulte Waregem,3,1
2018-08-18,3084099,BE1,2018,domestic_league,28643,475,SK Beveren,Sint-Truidense VV,2,2
2018-08-18,3084100,BE1,2018,domestic_league,601,2861,KV Kortrijk,KV Oostende,1,2
2018-08-18,3088886,RU1,2018,domestic_league,2410,3729,PFK CSKA Moskva,Arsenal Tula,3,0
2018-08-18,3088887,RU1,2018,domestic_league,16704,232,FK Krasnodar,FK Spartak Moskva,0,1
2018-08-18,3088888,RU1,2018,domestic_league,3725,2698,RFK Akhmat Grozny,FC Rubin Kazan,1,1
2018-08-18,3093783,NLP,2018,domestic_cup,7481,7110,VV DOVO Veenendaal,Quick Boys,3,0
2018-08-18,3093784,NLP,2018,domestic_cup,9545,11495,Rijnsburgse Boys,Ajax Amateurs,3,1
2018-08-18,3093785,NLP,2018,domestic_cup,28804,6614,,SVV Scheveningen,0,2
2018-08-18,3093786,NLP,2018,domestic_cup,40572,13642,SV DFS Opheusden,BVV Barendrecht,2,1
2018-08-18,3093787,NLP,2018,domestic_cup,10803,34434,SV Spakenburg,RKSV Wittenhorst,4,1
2018-08-18,3093788,NLP,2018,domestic_cup,4793,28378,JVC Cuijk,Koninklijke HFC Haarlem,2,3
2018-08-19,3047446,FR1,2018,domestic_league,1160,244,Nîmes Olympique,Olympique Marseille,3,1
2018-08-19,3047449,FR1,2018,domestic_league,667,618,RC Strasbourg Alsace,AS Saint-Étienne,1,1
2018-08-19,3047450,FR1,2018,domestic_league,415,40,FC Toulouse,FC Girondins Bordeaux,2,1
2018-08-19,3048415,DFB,2018,domestic_cup,4043,10,1.FC Lok Stendal,Arminia Bielefeld,0,5
2018-08-19,3048417,DFB,2018,domestic_cup,39470,167,TSV Steinbach Haiger,FC Augsburg,1,2
2018-08-19,3048418,DFB,2018,domestic_cup,22327,38,FC Rot-Weiß Koblenz,Fortuna Düsseldorf,0,5
2018-08-19,3048420,DFB,2018,domestic_cup,72,269,TSV 1860 Munich,Holstein Kiel,1,3
2018-08-19,3048423,DFB,2018,domestic_cup,10284,80,SC Weiche Flensburg 08,VfL Bochum,1,0
2018-08-19,3048424,DFB,2018,domestic_cup,9572,109,BSG Chemie Leipzig,SSV Jahn Regensburg,2,1
2018-08-19,3048428,DFB,2018,domestic_cup,222,3,BFC Dynamo,1.FC Köln,1,9
2018-08-19,3048431,DFB,2018,domestic_cup,6776,2036,SSV Jeddeloh II,1. Fußballclub Heidenheim 1846,2,5
2018-08-19,3048433,DFB,2018,domestic_cup,1622,23826,FC Viktoria Köln,RB Leipzig,1,3
2018-08-19,3048434,DFB,2018,domestic_cup,113,89,FC Carl Zeiss Jena,1.FC Union Berlin,2,4
2018-08-19,3048436,DFB,2018,domestic_cup,29638,18,BSC Hastedt,Borussia Mönchengladbach,1,11
2018-08-19,3048438,DFB,2018,domestic_cup,48,42,Karlsruher SC,Hannover 96,0,6
2018-08-19,3050177,GB1,2018,domestic_league,1237,985,Brighton & Hove Albion,Manchester United,3,2
2018-08-19,3050178,GB1,2018,domestic_league,1132,1010,Burnley FC,Watford FC,1,3
2018-08-19,3050184,GB1,2018,domestic_league,281,1110,Manchester City,Huddersfield Town,6,1
2018-08-19,3052121,NL1,2018,domestic_league,200,1269,FC Utrecht,PEC Zwolle,2,0
2018-08-19,3052122,NL1,2018,domestic_league,234,798,Feyenoord Rotterdam,Excelsior Rotterdam,3,0
2018-08-19,3052123,NL1,2018,domestic_league,1283,1090,FC Emmen,AZ Alkmaar,1,4
2018-08-19,3052124,NL1,2018,domestic_league,306,499,SC Heerenveen,Vitesse Arnhem,1,1
2018-08-19,3063592,DK1,2018,domestic_league,173,865,Odense Boldklub,FC Midtjylland,1,1
2018-08-19,3063593,DK1,2018,domestic_league,2778,443,FC Nordsjaelland,Vejle Boldklub,2,0
2018-08-19,3063594,DK1,2018,domestic_league,5724,5818,Randers FC,Hobro IK,3,0
2018-08-19,3063595,DK1,2018,domestic_league,678,190,Aarhus GF,FC Copenhagen,1,1
2018-08-19,3063596,DK1,2018,domestic_league,206,3426,Bröndby IF,Esbjerg fB,0,1
2018-08-19,3069381,PO1,2018,domestic_league,2423,1075,CD Santa Clara,SC Braga,3,3
2018-08-19,3069382,PO1,2018,domestic_league,2425,1301,Rio Ave FC,CS Marítimo,3,1
2018-08-19,3069383,PO1,2018,domestic_league,982,979,CD Nacional,Moreirense FC,1,2
2018-08-19,3069386,PO1,2018,domestic_league,2457,720,B SAD,FC Porto,2,3
2018-08-19,3069719,TR1,2018,domestic_league,39722,114,Erzurumspor FK,Beşiktaş Jimnastik Kulübü,1,3
2018-08-19,3069721,TR1,2018,domestic_league,11282,868,Alanyaspor,MKE Ankaragücü,0,2
2018-08-19,3069722,TR1,2018,domestic_league,141,1467,Galatasaray,Göztepe,1,0
2018-08-19,3069723,TR1,2018,domestic_league,19771,126,Akhisarspor,Caykur Rizespor,1,1
2018-08-19,3075453,UKR1,2018,domestic_league,16239,2477,Desna Chernigiv,Karpaty Lviv (-2021),2,2
2018-08-19,3075454,UKR1,2018,domestic_league,10690,23611,Zorya Lugansk,Olimpik Donetsk,0,0
2018-08-19,3075458,UKR1,2018,domestic_league,2740,6993,Vorskla Poltava,FK Mariupol,2,1
2018-08-19,3079306,ES1,2018,domestic_league,1533,5358,SD Eibar,SD Huesca,1,2
2018-08-19,3079308,ES1,2018,domestic_league,367,368,Rayo Vallecano,Sevilla FC,1,4
2018-08-19,3079311,ES1,2018,domestic_league,418,3709,Real Madrid,Getafe CF,2,0
2018-08-19,3080903,IT1,2018,domestic_league,1025,2722,Bologna Football Club 1909,SPAL,0,1
2018-08-19,3080905,IT1,2018,domestic_league,749,1390,FC Empoli,Cagliari Calcio,2,0
2018-08-19,3080908,IT1,2018,domestic_league,130,410,Parma Calcio 1913,Udinese Calcio,2,2
2018-08-19,3080910,IT1,2018,domestic_league,6574,46,US Sassuolo,Inter Milan,1,0
2018-08-19,3080911,IT1,2018,domestic_league,416,12,Torino FC,Associazione Sportiva Roma,0,1
2018-08-19,3084101,BE1,2018,domestic_league,1096,2282,Royal Antwerp FC,Club Brugge KV,1,1
2018-08-19,3084102,BE1,2018,domestic_league,1184,172,KRC Genk,Royal Charleroi Sporting Club,3,1
2018-08-19,3084103,BE1,2018,domestic_league,1245,157,KAS Eupen,KAA Gent,2,3
2018-08-19,3088889,RU1,2018,domestic_league,2696,932,PFK Krylya Sovetov Samara,"Футбольный клуб ""Локомотив"" Москва",0,1
2018-08-19,3088890,RU1,2018,domestic_league,964,11127,AO FK Zenit Sankt-Peterburg,Ural Yekaterinburg,4,1
2018-08-19,3088891,RU1,2018,domestic_league,1083,3714,FK Rostov,Enisey Krasnoyarsk,4,0
2018-08-20,3048419,DFB,2018,domestic_cup,65,16,SpVgg Greuther Fürth,Borussia Dortmund,1,2
2018-08-20,3048435,DFB,2018,domestic_cup,127,4795,SC Paderborn 07,FC Ingolstadt 04,2,1
2018-08-20,3048437,DFB,2018,domestic_cup,25,60,FC Energie Cottbus,SC Freiburg,5,7
2018-08-20,3048439,DFB,2018,domestic_cup,23,44,Eintracht Braunschweig,Hertha BSC,1,2
2018-08-20,3050181,GB1,2018,domestic_league,873,31,Crystal Palace,Liverpool FC,0,2
2018-08-20,3063597,DK1,2018,domestic_league,2414,1053,AC Horsens,Aalborg BK,0,0
2018-08-20,3069385,PO1,2018,domestic_league,2420,3349,Vitória Guimarães SC,CD Feirense,0,1
2018-08-20,3069720,TR1,2018,domestic_league,10484,6890,Kasimpasa,Basaksehir FK,2,1
2018-08-20,3079303,ES1,2018,domestic_league,621,1244,Athletic Bilbao,CD Leganés,2,1
2018-08-20,3079310,ES1,2018,domestic_league,1049,13,Valencia CF,Atlético de Madrid,1,1
2018-08-20,3080902,IT1,2018,domestic_league,800,8970,Atalanta BC,Frosinone Calcio,4,0
2018-08-20,3088892,RU1,2018,domestic_league,121,28095,FK Dinamo Moskva,FK Ufa,3,0
2018-08-21,3077330,UKRP,2018,domestic_cup,61825,53645,FC Minaj,PFC Prykarpattya Ivano-Frankivsk,3,1
2018-08-21,3092948,CLQ,2018,international_cup,159,409,Red Star Belgrade,Fußballclub Red Bull Salzburg,0,0
2018-08-21,3092950,CLQ,2018,international_cup,713,383,BATE Borisov,PSV Eindhoven,2,3
2018-08-21,3092956,CLQ,2018,international_cup,294,1091,SL Benfica,Panthessalonikios Athlitikos Omilos Konstantinoupoliton,1,1
2018-08-21,3093789,NLP,2018,domestic_cup,19964,12652,GVVV Veenendaal,SV TEC Tiel,0,3
2018-08-21,3093790,NLP,2018,domestic_cup,19553,10806,MVV Alcides,VVOG Harderwijk,2,0
2018-08-21,3094370,NLP,2018,domestic_cup,33000,3410,FC 's-Gravenzande,Excelsior Maassluis,1,2
2018-08-21,3094371,NLP,2018,domestic_cup,7116,7474,VV IJsselmeervogels,VV Noordwijk,2,3
2018-08-22,3077322,UKRP,2018,domestic_cup,63007,30698,LNZ Cherkasy,Girnyk Kryvyi Rig,3,5
2018-08-22,3077329,UKRP,2018,domestic_cup,49364,48332,Ingulets Petrove,Kolos Kovalivka,1,0
2018-08-22,3077331,UKRP,2018,domestic_cup,55686,39097,TOV FK Metalist 1925 Kharkiv,Obolon Kyiv,2,0
2018-08-22,3077332,UKRP,2018,domestic_cup,21216,16242,PFK Sumy (-2019),Gelios Kharkiv,3,0
2018-08-22,3077333,UKRP,2018,domestic_cup,13017,8838,Kremin Kremenchuk,Zirka Kropyvnytskyi,1,2
2018-08-22,3077334,UKRP,2018,domestic_cup,49306,6422,Balkany Zorya,MFK Mykolaiv,0,1
2018-08-22,3077335,UKRP,2018,domestic_cup,26726,53629,Krystal Kherson,Agrobiznes Volochysk,5,3
2018-08-22,3077336,UKRP,2018,domestic_cup,2227,4482,SK Tavriya Simferopol ( - 2022),Volyn Lutsk,2,3
2018-08-22,3077350,UKRP,2018,domestic_cup,20423,29109,Nyva Vinnytsya,Girnyk-Sport Gorishni Plavni,2,1
2018-08-22,3077351,UKRP,2018,domestic_cup,67939,41127,Viktoriya Mykolaivka,Myr Gornostaivka,2,4
2018-08-22,3077352,UKRP,2018,domestic_cup,33179,48726,Slavutych Cherkasy,Rukh Lviv,3,1
2018-08-22,3077353,UKRP,2018,domestic_cup,33141,32036,FK Kalush,Avangard Kramatorsk,2,1
2018-08-22,3089873,RUP,2018,domestic_cup,12444,2741,Znamya Truda Orekhovo-Zuevo,FK Baltika,0,1
2018-08-22,3089874,RUP,2018,domestic_cup,39200,43502,Luki-Energia Velikie Luki,Chertanovo Moscow,5,4
2018-08-22,3089875,RUP,2018,domestic_cup,1186,2374,Torpedo Moscow,Shinnik Yaroslavl,2,0
2018-08-22,3089876,RUP,2018,domestic_cup,11125,3719,Tekstilshchik Ivanovo,FC Khimki (-2025),2,3
2018-08-22,3089877,RUP,2018,domestic_cup,11121,11122,Dinamo Bryansk,Avangard Kursk,1,3
2018-08-22,3089878,RUP,2018,domestic_cup,28098,41201,FK Kaluga,PFK Tambov (-2021),6,8
2018-08-22,3089879,RUP,2018,domestic_cup,6432,1124,Volgar Astrakhan,Fakel Voronezh,4,2
2018-08-22,3089880,RUP,2018,domestic_cup,34230,3609,Syzran-2003,Rotor Volgograd,5,4
2018-08-22,3089881,RUP,2018,domestic_cup,5287,41231,Chernomorets Novorossijsk,FK Sochi,2,1
2018-08-22,3089882,RUP,2018,domestic_cup,36972,22810,Chaika Peschanokopskoe,Torpedo Armavir,0,3
2018-08-22,3089883,RUP,2018,domestic_cup,23110,49702,FK Chelyabinsk,FK Nizhny Novgorod,0,1
2018-08-22,3089884,RUP,2018,domestic_cup,3733,11126,Neftekhimik Nizhnekamsk,Mordovia Saransk (-2020),1,0
2018-08-22,3089885,RUP,2018,domestic_cup,12054,10688,FC Tyumen,Sibir Novosibirsk (- 2019),2,1
2018-08-22,3089886,RUP,2018,domestic_cup,12043,3691,Dinamo Barnaul,Tom Tomsk,5,4
2018-08-22,3089887,RUP,2018,domestic_cup,4057,3690,Luch Vladivostok,SKA Khabarovsk,0,2
2018-08-22,3091157,RUP,2018,domestic_cup,16613,55329,Sakhalin Yuzhno-Sakhalinsk,FC Irkutsk,3,0
2018-08-22,3092952,CLQ,2018,international_cup,452,419,BSC Young Boys,GNK Dinamo Zagreb,1,1
2018-08-22,3092954,CLQ,2018,international_cup,11107,2441,Videoton FC Fehérvár,Athlitiki Enosi Konstantinoupoleos,1,2
2018-08-22,3092958,CLQ,2018,international_cup,610,338,Ajax Amsterdam,Dynamo Kyiv,3,1
2018-08-22,3094372,NLP,2018,domestic_cup,54433,12732,,VVSB Noordwijkerhout,1,6
2018-08-22,3094373,NLP,2018,domestic_cup,33432,8565,VV Staphorst,HSC '21 Haaksbergen,2,1
2018-08-22,3094374,NLP,2018,domestic_cup,33424,28858,ODIN '59 Heemskerk,VV Dongen,1,0
2018-08-22,3094375,NLP,2018,domestic_cup,34156,10790,USV Hercules,ASWH Ambacht,0,4
2018-08-22,3094377,NLP,2018,domestic_cup,6160,3569,De Treffers,DVS '33 Ermelo,1,2
2018-08-22,3094378,NLP,2018,domestic_cup,12451,11055,RKSV Groene Ster,FC Lienden,2,1
2018-08-22,3094379,NLP,2018,domestic_cup,11312,43857,HHC Hardenberg,OFC Oostzaan,0,3
2018-08-22,3094380,NLP,2018,domestic_cup,11075,39432,RKVV Westlandia,VV SteDoCo Hoornaar,2,1
2018-08-22,3094381,NLP,2018,domestic_cup,2945,2815,OJC Rosmalen,Flevo Boys Emmeloord,4,1
2018-08-22,3094382,NLP,2018,domestic_cup,19231,20780,HBS Craeyenhout,ONS Sneek,2,3
2018-08-22,3094383,NLP,2018,domestic_cup,8449,44455,VV UNA Veldhoven,VV Eemdijk,2,4
2018-08-22,3094384,NLP,2018,domestic_cup,18216,7408,Achilles '29,Harkemase Boys,1,6
2018-08-22,3094385,NLP,2018,domestic_cup,44694,2821,SJC Noordwijk,FC Lisse,0,2
2018-08-22,3094387,NLP,2018,domestic_cup,18154,3943,VV Gemert,HSV Hoek,4,3
2018-08-23,3093507,ELQ,2018,other,2311,368,"SK Sigma Olomouc, a.s.",Sevilla FC,0,1
2018-08-23,3093509,ELQ,2018,other,10217,119,Sarpsborg 08 Fotballforening,Maccabi Tel Aviv,3,1
2018-08-23,3093511,ELQ,2018,other,157,40,KAA Gent,FC Girondins Bordeaux,0,0
2018-08-23,3093513,ELQ,2018,other,669,114,FK Partizan Belgrade,Beşiktaş Jimnastik Kulübü,1,1
2018-08-23,3093515,ELQ,2018,other,170,301,Rapid Vienna,FCSB,3,1
2018-08-23,3093517,ELQ,2018,other,26,429,FC Basel 1893,Apollon Limassol,3,2
2018-08-23,3093519,ELQ,2018,other,124,28095,Rangers FC,FK Ufa,1,0
2018-08-23,3093521,ELQ,2018,other,800,190,Atalanta BC,FC Copenhagen,0,0
2018-08-23,3093523,ELQ,2018,other,964,687,AO FK Zenit Sankt-Peterburg,Molde Fotballklubb,3,1
2018-08-23,3093525,ELQ,2018,other,7918,2156,AS Trencin,AEK Larnaca,1,1
2018-08-23,3093535,ELQ,2018,other,1184,206,KRC Genk,Bröndby IF,5,2
2018-08-23,3093537,ELQ,2018,other,683,1132,Olympiakos Syndesmos Filathlon Peiraios,Burnley FC,3,1
2018-08-23,3093539,ELQ,2018,other,10690,23826,Zorya Lugansk,RB Leipzig,0,0
2018-08-23,3093541,ELQ,2018,other,4772,365,NK Olimpija Ljubljana,Spartak Trnava,0,2
2018-08-23,3093543,ELQ,2018,other,2784,22220,APOEL Nicosia,FC Astana,1,0
2018-08-23,3093545,ELQ,2018,other,195,1167,Rosenborg Ballklub,Shkendija Tetovo,3,1
2018-08-23,3093547,ELQ,2018,other,853,7769,F91 Dudelange,CFR Cluj,2,0
2018-08-23,3093549,ELQ,2018,other,8047,371,FK Suduva Marijampole,Celtic FC,1,1
2018-08-23,3093559,ELQ,2018,other,2481,10625,FC Sheriff Tiraspol,Qarabağ FK,1,0
2018-08-23,3093561,ELQ,2018,other,496,865,Malmö Fotbollförening,FC Midtjylland,2,2
2018-08-23,3093569,ELQ,2018,other,253,31614,Torpedo Kutaisi,Ludogorets Razgrad,0,1
2018-08-24,3047454,FR1,2018,domestic_league,1041,667,Olympique Lyon,RC Strasbourg Alsace,2,0
2018-08-24,3052134,NL1,2018,domestic_league,1268,385,ADO Den Haag,Fortuna Sittardia Combinatie,3,1
2018-08-24,3058406,L1,2018,domestic_league,27,533,Bayern Munich,TSG 1899 Hoffenheim,3,1
2018-08-24,3063598,DK1,2018,domestic_league,5818,678,Hobro IK,Aarhus GF,0,2
2018-08-24,3069395,PO1,2018,domestic_league,1301,3325,CS Marítimo,GD Chaves,2,1
2018-08-24,3069730,TR1,2018,domestic_league,126,39722,Caykur Rizespor,Erzurumspor FK,0,0
2018-08-24,3075460,UKR1,2018,domestic_league,23611,660,Olimpik Donetsk,FC Shakhtar Donetsk,2,5
2018-08-24,3079318,ES1,2018,domestic_league,1244,681,CD Leganés,Real Sociedad,2,2
2018-08-24,3079322,ES1,2018,domestic_league,3709,1533,Getafe CF,SD Eibar,2,0
2018-08-24,3084104,BE1,2018,domestic_league,2861,3508,KV Oostende,Zulte Waregem,3,1
2018-08-24,3088893,RU1,2018,domestic_league,3729,1083,Arsenal Tula,FK Rostov,0,1
2018-08-25,3047451,FR1,2018,domestic_league,1416,1421,Amiens SC,Stade Reims,4,1
2018-08-25,3047456,FR1,2018,domestic_league,969,618,Montpellier HSC,AS Saint-Étienne,0,0
2018-08-25,3047457,FR1,2018,domestic_league,995,1162,FC Nantes,SM Caen,1,1
2018-08-25,3047458,FR1,2018,domestic_league,417,2969,OGC Nice,Dijon FCO,0,4
2018-08-25,3047459,FR1,2018,domestic_league,583,1420,Paris Saint-Germain,Angers SCO,3,1
2018-08-25,3047460,FR1,2018,domestic_league,415,1160,FC Toulouse,Nîmes Olympique,1,0
2018-08-25,3050187,GB1,2018,domestic_league,11,379,Arsenal FC,West Ham United,3,1
2018-08-25,3050188,GB1,2018,domestic_league,989,29,AFC Bournemouth,Everton FC,2,2
2018-08-25,3050190,GB1,2018,domestic_league,1110,603,Huddersfield Town,Cardiff City,0,0
2018-08-25,3050191,GB1,2018,domestic_league,31,1237,Liverpool FC,Brighton & Hove Albion,1,0
2018-08-25,3050194,GB1,2018,domestic_league,180,1003,Southampton FC,Leicester City,1,2
2018-08-25,3050196,GB1,2018,domestic_league,543,281,Wolverhampton Wanderers,Manchester City,1,1
2018-08-25,3052135,NL1,2018,domestic_league,610,1283,Ajax Amsterdam,FC Emmen,5,0
2018-08-25,3052136,NL1,2018,domestic_league,642,202,De Graafschap Doetinchem,FC Groningen,0,1
2018-08-25,3052137,NL1,2018,domestic_league,132,798,NAC Breda,Excelsior Rotterdam,0,2
2018-08-25,3052138,NL1,2018,domestic_league,1269,383,PEC Zwolle,PSV Eindhoven,1,2
2018-08-25,3058408,L1,2018,domestic_league,18,15,Borussia Mönchengladbach,Bayer 04 Leverkusen,2,0
2018-08-25,3058409,L1,2018,domestic_league,44,4,Hertha BSC,1.FC Nuremberg,1,0
2018-08-25,3058410,L1,2018,domestic_league,86,42,SV Werder Bremen,Hannover 96,1,1
2018-08-25,3058411,L1,2018,domestic_league,60,24,SC Freiburg,Eintracht Frankfurt,0,2
2018-08-25,3058413,L1,2018,domestic_league,82,33,VfL Wolfsburg,FC Schalke 04,2,1
2018-08-25,3058414,L1,2018,domestic_league,38,167,Fortuna Düsseldorf,FC Augsburg,1,2
2018-08-25,3069390,PO1,2018,domestic_league,720,2420,FC Porto,Vitória Guimarães SC,2,3
2018-08-25,3069392,PO1,2018,domestic_league,7378,2423,Portimonense SC,CD Santa Clara,2,2
2018-08-25,3069397,PO1,2018,domestic_league,294,336,SL Benfica,Sporting CP,1,1
2018-08-25,3069725,TR1,2018,domestic_league,1467,36,Göztepe,Fenerbahce,1,0
2018-08-25,3069728,TR1,2018,domestic_league,868,449,MKE Ankaragücü,Trabzonspor,2,2
2018-08-25,3069731,TR1,2018,domestic_league,3205,19789,Kayserispor,Yeni Malatyaspor,0,0
2018-08-25,3075462,UKR1,2018,domestic_league,18303,2740,FC Oleksandriya,Vorskla Poltava,2,0
2018-08-25,3075463,UKR1,2018,domestic_league,6992,338,Chornomorets Odesa,Dynamo Kyiv,1,1
2018-08-25,3079313,ES1,2018,domestic_league,1108,150,Deportivo Alavés,Real Betis Balompié,0,0
2018-08-25,3079315,ES1,2018,domestic_league,13,367,Atlético de Madrid,Rayo Vallecano,1,0
2018-08-25,3079320,ES1,2018,domestic_league,366,131,Real Valladolid CF,FC Barcelona,0,1
2018-08-25,3080212,SC1,2018,domestic_league,903,370,Hibernian FC,Aberdeen FC,1,1
2018-08-25,3080213,SC1,2018,domestic_league,2553,43,Kilmarnock FC,Heart of Midlothian FC,0,1
2018-08-25,3080214,SC1,2018,domestic_league,2578,511,St. Johnstone FC,Dundee FC,1,0
2018-08-25,3080215,SC1,2018,domestic_league,465,1241,St. Mirren FC,Livingston FC,0,2
2018-08-25,3080917,IT1,2018,domestic_league,506,398,Juventus FC,Società Sportiva Lazio S.p.A.,2,0
2018-08-25,3080918,IT1,2018,domestic_league,6195,5,SSC Napoli,AC Milan,3,2
2018-08-25,3084105,BE1,2018,domestic_league,3057,475,Standard Liège,Sint-Truidense VV,3,2
2018-08-25,3084106,BE1,2018,domestic_league,29228,1245,Royal Excel Mouscron (-2022),KAS Eupen,0,1
2018-08-25,3084107,BE1,2018,domestic_league,1096,520,Royal Antwerp FC,Cercle Brugge,1,0
2018-08-25,3084108,BE1,2018,domestic_league,172,601,Royal Charleroi Sporting Club,KV Kortrijk,0,2
2018-08-25,3088894,RU1,2018,domestic_league,11127,3725,Ural Yekaterinburg,RFK Akhmat Grozny,2,1
2018-08-25,3088895,RU1,2018,domestic_league,2698,2410,FC Rubin Kazan,PFK CSKA Moskva,1,1
2018-08-25,3088896,RU1,2018,domestic_league,232,121,FK Spartak Moskva,FK Dinamo Moskva,2,1
2018-08-25,3095944,GR1,2018,domestic_league,6418,3060,Panetolikos Agrinio,APS Atromitos Athinon,1,2
2018-08-25,3095945,GR1,2018,domestic_league,1091,6676,Panthessalonikios Athlitikos Omilos Konstantinoupoliton,A.G.S Asteras Tripolis,1,0
2018-08-25,3095946,GR1,2018,domestic_league,2441,2671,Athlitiki Enosi Konstantinoupoleos,PAS Giannina,2,0
2018-08-25,3095947,GR1,2018,domestic_league,441,4603,Apollon Smyrnis,Athlitiki Enosi Larisas,0,1
2018-08-26,3047452,FR1,2018,domestic_league,40,162,FC Girondins Bordeaux,AS Monaco,2,1
2018-08-26,3047453,FR1,2018,domestic_league,1082,855,LOSC Lille,EA Guingamp,3,0
2018-08-26,3047455,FR1,2018,domestic_league,244,273,Olympique Marseille,Stade Rennais FC,2,2
2018-08-26,3050189,GB1,2018,domestic_league,931,1132,Fulham FC,Burnley FC,4,2
2018-08-26,3050193,GB1,2018,domestic_league,762,631,Newcastle United,Chelsea FC,1,2
2018-08-26,3050195,GB1,2018,domestic_league,1010,873,Watford FC,Crystal Palace,2,1
2018-08-26,3052139,NL1,2018,domestic_league,403,1304,Willem II Tilburg,Heracles Almelo,5,0
2018-08-26,3052140,NL1,2018,domestic_league,306,234,SC Heerenveen,Feyenoord Rotterdam,3,5
2018-08-26,3052141,NL1,2018,domestic_league,200,1426,FC Utrecht,VVV-Venlo,1,1
2018-08-26,3052142,NL1,2018,domestic_league,1090,499,AZ Alkmaar,Vitesse Arnhem,0,0
2018-08-26,3058407,L1,2018,domestic_league,16,23826,Borussia Dortmund,RB Leipzig,4,1
2018-08-26,3058412,L1,2018,domestic_league,39,79,1.FSV Mainz 05,VfB Stuttgart,1,0
2018-08-26,3063599,DK1,2018,domestic_league,865,5724,FC Midtjylland,Randers FC,3,0
2018-08-26,3063600,DK1,2018,domestic_league,2778,2414,FC Nordsjaelland,AC Horsens,0,1
2018-08-26,3063601,DK1,2018,domestic_league,443,173,Vejle Boldklub,Odense Boldklub,0,2
2018-08-26,3063602,DK1,2018,domestic_league,19657,206,Vendsyssel FF,Bröndby IF,1,2
2018-08-26,3063603,DK1,2018,domestic_league,190,5817,FC Copenhagen,Sönderjyske Fodbold,3,2
2018-08-26,3069391,PO1,2018,domestic_league,1085,982,Vitória Setúbal FC,CD Nacional,1,2
2018-08-26,3069393,PO1,2018,domestic_league,7179,2425,CD Tondela,Rio Ave FC,1,1
2018-08-26,3069394,PO1,2018,domestic_league,1075,3336,SC Braga,Desportivo Aves (- 2020),3,1
2018-08-26,3069398,PO1,2018,domestic_league,3349,2503,CD Feirense,Boavista FC,1,1
2018-08-26,3069726,TR1,2018,domestic_league,2381,10484,Sivasspor,Kasimpasa,0,3
2018-08-26,3069727,TR1,2018,domestic_league,114,589,Beşiktaş Jimnastik Kulübü,Antalyaspor,2,3
2018-08-26,3069733,TR1,2018,domestic_league,2293,20,Konyaspor,Bursaspor,1,1
2018-08-26,3075459,UKR1,2018,domestic_league,10690,16239,Zorya Lugansk,Desna Chernigiv,0,2
2018-08-26,3075461,UKR1,2018,domestic_league,6993,18105,FK Mariupol,PFK Lviv,2,2
2018-08-26,3075464,UKR1,2018,domestic_league,2477,9007,Karpaty Lviv (-2021),Arsenal Kyiv,1,2
2018-08-26,3079316,ES1,2018,domestic_league,714,1049,RCD Espanyol Barcelona,Valencia CF,2,0
2018-08-26,3079317,ES1,2018,domestic_league,12321,418,Girona FC,Real Madrid,1,4
2018-08-26,3079319,ES1,2018,domestic_league,368,1050,Sevilla FC,Villarreal CF,0,0
2018-08-26,3080211,SC1,2018,domestic_league,371,2999,Celtic FC,Hamilton Academical FC,1,0
2018-08-26,3080216,SC1,2018,domestic_league,987,124,Motherwell FC,Rangers FC,3,3
2018-08-26,3080912,IT1,2018,domestic_league,1390,6574,Cagliari Calcio,US Sassuolo,2,2
2018-08-26,3080913,IT1,2018,domestic_league,430,862,ACF Fiorentina,Chievo Verona,6,1
2018-08-26,3080914,IT1,2018,domestic_league,8970,1025,Frosinone Calcio,Bologna Football Club 1909,0,0
2018-08-26,3080915,IT1,2018,domestic_league,252,749,Genoa CFC,FC Empoli,2,1
2018-08-26,3080916,IT1,2018,domestic_league,46,416,Inter Milan,Torino FC,2,2
2018-08-26,3080920,IT1,2018,domestic_league,2722,130,SPAL,Parma Calcio 1913,1,0
2018-08-26,3080921,IT1,2018,domestic_league,410,1038,Udinese Calcio,UC Sampdoria,1,0
2018-08-26,3084109,BE1,2018,domestic_league,2282,58,Club Brugge KV,RSC Anderlecht,2,1
2018-08-26,3084110,BE1,2018,domestic_league,157,498,KAA Gent,KSC Lokeren (- 2020),2,1
2018-08-26,3084111,BE1,2018,domestic_league,1184,28643,KRC Genk,SK Beveren,3,2
2018-08-26,3088897,RU1,2018,domestic_league,14589,16704,FC Orenburg,FK Krasnodar,1,1
2018-08-26,3088898,RU1,2018,domestic_league,28095,964,FK Ufa,AO FK Zenit Sankt-Peterburg,0,2
2018-08-26,3088899,RU1,2018,domestic_league,932,2700,"Футбольный клуб ""Локомотив"" Москва",Anzhi Makhachkala ( -2022),2,1
2018-08-26,3095948,GR1,2018,domestic_league,128,265,AO Xanthi,Panathinaikos Athlitikos Omilos,0,1
2018-08-26,3095949,GR1,2018,domestic_league,169,653,Panionios Athens,Omilos Filathlon Irakliou FC,2,2
2018-08-26,3095950,GR1,2018,domestic_league,683,2672,Olympiakos Syndesmos Filathlon Peiraios,APO Levadiakos Football Club,1,0
2018-08-26,3178955,GRP,2018,domestic_cup,65024,30120,Thyella Kamariou,Athlitiki Enosi Kifisias,2,0
2018-08-26,3178956,GRP,2018,domestic_cup,61046,68443,Pallixouriakos,AE Xirovouniou,1,0
2018-08-26,3178957,GRP,2018,domestic_cup,5539,33438,AO Chalkis,AO Episkopi Rethymnou,0,1
2018-08-26,3178958,GRP,2018,domestic_cup,33490,68447,AE Ermionidas,PO Dafni Dafnona,7,1
2018-08-26,3178959,GRP,2018,domestic_cup,37125,68436,Apollon Paralimniou,Thraki Feron,4,0
2018-08-26,3178960,GRP,2018,domestic_cup,50713,43552,Aris Avatou,Ethnikos Neou Keramidiou,1,0
2018-08-26,3178961,GRP,2018,domestic_cup,2670,61052,Ethnikos Piraeus,AO Paleochoras,3,1
2018-08-26,3178962,GRP,2018,domestic_cup,68446,37339,Iraklis Elefsinas,OF Ierapetras,2,3
2018-08-26,3178963,GRP,2018,domestic_cup,52706,9,AS Korinthos 2006,Kalamata FC,5,4
2018-08-26,3178964,GRP,2018,domestic_cup,59102,25490,Ermis Amynteou,AE Kalabakiou,2,1
2018-08-26,3178965,GRP,2018,domestic_cup,61049,52700,Doxa Neou Sidirochoriou,AO Kardias,4,5
2018-08-26,3178966,GRP,2018,domestic_cup,3391,67901,Kavala FC,AS Giannitsa,0,1
2018-08-26,3178967,GRP,2018,domestic_cup,29817,35492,Ikonomos Tsaritsanis,AE Mesolongiou,1,0
2018-08-26,3178968,GRP,2018,domestic_cup,54368,5572,Makedonikos Foufas,Niki Volou,2,4
2018-08-26,3178969,GRP,2018,domestic_cup,29808,50498,Tilykratis Lefkadas,AO Sellanon,2,1
2018-08-26,3178970,GRP,2018,domestic_cup,21890,35452,Asteras Iteas,Thesprotos Igoumenitsas,0,1
2018-08-26,3178971,GRP,2018,domestic_cup,68437,68442,Anagennisi Plagias,Iraklis Polykarpis,4,2
2018-08-26,3178972,GRP,2018,domestic_cup,68449,37448,AS Antimachos Kos,Thyella Rafinas,3,1
2018-08-27,3050192,GB1,2018,domestic_league,985,148,Manchester United,Tottenham Hotspur,0,3
2018-08-27,3063604,DK1,2018,domestic_league,1053,3426,Aalborg BK,Esbjerg fB,0,1
2018-08-27,3069396,PO1,2018,domestic_league,979,2457,Moreirense FC,B SAD,1,1
2018-08-27,3069729,TR1,2018,domestic_league,6890,19771,Basaksehir FK,Akhisarspor,3,1
2018-08-27,3069732,TR1,2018,domestic_league,141,11282,Galatasaray,Alanyaspor,6,0
2018-08-27,3079314,ES1,2018,domestic_league,621,5358,Athletic Bilbao,SD Huesca,2,2
2018-08-27,3079321,ES1,2018,domestic_league,3368,940,Levante UD,Celta de Vigo,1,2
2018-08-27,3080919,IT1,2018,domestic_league,12,800,Associazione Sportiva Roma,Atalanta BC,3,3
2018-08-27,3088900,RU1,2018,domestic_league,3714,2696,Enisey Krasnoyarsk,PFK Krylya Sovetov Samara,1,0
2018-08-27,3095951,GR1,2018,domestic_league,3999,605,PAS Lamia 1964,Aris Thessalonikis,0,3
2018-08-28,3092953,CLQ,2018,international_cup,419,452,GNK Dinamo Zagreb,BSC Young Boys,1,2
2018-08-28,3092955,CLQ,2018,international_cup,2441,11107,Athlitiki Enosi Konstantinoupoleos,Videoton FC Fehérvár,1,1
2018-08-28,3092959,CLQ,2018,international_cup,338,610,Dynamo Kyiv,Ajax Amsterdam,0,0
2018-08-29,3092949,CLQ,2018,international_cup,409,159,Fußballclub Red Bull Salzburg,Red Star Belgrade,2,2
2018-08-29,3092951,CLQ,2018,international_cup,383,713,PSV Eindhoven,BATE Borisov,3,0
2018-08-29,3092957,CLQ,2018,international_cup,1091,294,Panthessalonikios Athlitikos Omilos Konstantinoupoliton,SL Benfica,1,4
2018-08-30,3093508,ELQ,2018,other,368,2311,Sevilla FC,"SK Sigma Olomouc, a.s.",3,0
2018-08-30,3093510,ELQ,2018,other,119,10217,Maccabi Tel Aviv,Sarpsborg 08 Fotballforening,2,1
2018-08-30,3093512,ELQ,2018,other,40,157,FC Girondins Bordeaux,KAA Gent,2,0
2018-08-30,3093514,ELQ,2018,other,114,669,Beşiktaş Jimnastik Kulübü,FK Partizan Belgrade,3,0
2018-08-30,3093516,ELQ,2018,other,301,170,FCSB,Rapid Vienna,2,1
2018-08-30,3093518,ELQ,2018,other,429,26,Apollon Limassol,FC Basel 1893,1,0
2018-08-30,3093520,ELQ,2018,other,28095,124,FK Ufa,Rangers FC,1,1
2018-08-30,3093522,ELQ,2018,other,190,800,FC Copenhagen,Atalanta BC,4,3
2018-08-30,3093524,ELQ,2018,other,687,964,Molde Fotballklubb,AO FK Zenit Sankt-Peterburg,2,1
2018-08-30,3093526,ELQ,2018,other,2156,7918,AEK Larnaca,AS Trencin,3,0
2018-08-30,3093536,ELQ,2018,other,206,1184,Bröndby IF,KRC Genk,2,4
2018-08-30,3093538,ELQ,2018,other,1132,683,Burnley FC,Olympiakos Syndesmos Filathlon Peiraios,1,1
2018-08-30,3093540,ELQ,2018,other,23826,10690,RB Leipzig,Zorya Lugansk,3,2
2018-08-30,3093542,ELQ,2018,other,365,4772,Spartak Trnava,NK Olimpija Ljubljana,1,1
2018-08-30,3093544,ELQ,2018,other,22220,2784,FC Astana,APOEL Nicosia,3,1
2018-08-30,3093546,ELQ,2018,other,1167,195,Shkendija Tetovo,Rosenborg Ballklub,0,2
2018-08-30,3093548,ELQ,2018,other,7769,853,CFR Cluj,F91 Dudelange,2,3
2018-08-30,3093550,ELQ,2018,other,371,8047,Celtic FC,FK Suduva Marijampole,3,0
2018-08-30,3093564,ELQ,2018,other,31614,253,Ludogorets Razgrad,Torpedo Kutaisi,4,0
2018-08-30,3093566,ELQ,2018,other,10625,2481,Qarabağ FK,FC Sheriff Tiraspol,3,0
2018-08-30,3093574,ELQ,2018,other,865,496,FC Midtjylland,Malmö Fotbollförening,0,2
2018-08-31,3047464,FR1,2018,domestic_league,1041,417,Olympique Lyon,OGC Nice,0,1
2018-08-31,3052143,NL1,2018,domestic_league,1283,642,FC Emmen,De Graafschap Doetinchem,1,1
2018-08-31,3058431,L1,2018,domestic_league,42,16,Hannover 96,Borussia Dortmund,0,0
2018-08-31,3063605,DK1,2018,domestic_league,2414,443,AC Horsens,Vejle Boldklub,0,0
2018-08-31,3069400,PO1,2018,domestic_league,3325,1075,GD Chaves,SC Braga,0,1
2018-08-31,3069407,PO1,2018,domestic_league,2420,7179,Vitória Guimarães SC,CD Tondela,1,0
2018-08-31,3069742,TR1,2018,domestic_league,19789,2293,Yeni Malatyaspor,Konyaspor,0,1
2018-08-31,3075870,UKR1,2018,domestic_league,2740,6992,Vorskla Poltava,Chornomorets Odesa,2,1
2018-08-31,3079326,ES1,2018,domestic_league,1533,681,SD Eibar,Real Sociedad,2,1
2018-08-31,3079327,ES1,2018,domestic_league,3709,366,Getafe CF,Real Valladolid CF,0,0
2018-08-31,3079331,ES1,2018,domestic_league,1050,12321,Villarreal CF,Girona FC,0,1
2018-08-31,3080927,IT1,2018,domestic_league,5,12,AC Milan,Associazione Sportiva Roma,2,1
2018-08-31,3084112,BE1,2018,domestic_league,3508,2282,Zulte Waregem,Club Brugge KV,2,5
2018-08-31,3093420,RU1,2018,domestic_league,1083,2698,FK Rostov,FC Rubin Kazan,1,1
2018-09-01,3047461,FR1,2018,domestic_league,1420,1082,Angers SCO,LOSC Lille,1,0
2018-09-01,3047462,FR1,2018,domestic_league,2969,1162,Dijon FCO,SM Caen,0,2
2018-09-01,3047463,FR1,2018,domestic_league,855,415,EA Guingamp,FC Toulouse,1,2
2018-09-01,3047466,FR1,2018,domestic_league,1160,583,Nîmes Olympique,Paris Saint-Germain,2,4
2018-09-01,3047467,FR1,2018,domestic_league,1421,969,Stade Reims,Montpellier HSC,0,1
2018-09-01,3047470,FR1,2018,domestic_league,667,995,RC Strasbourg Alsace,FC Nantes,2,3
2018-09-01,3050197,GB1,2018,domestic_league,1237,931,Brighton & Hove Albion,Fulham FC,2,2
2018-09-01,3050200,GB1,2018,domestic_league,631,989,Chelsea FC,AFC Bournemouth,2,0
2018-09-01,3050201,GB1,2018,domestic_league,873,180,Crystal Palace,Southampton FC,0,2
2018-09-01,3050202,GB1,2018,domestic_league,29,1110,Everton FC,Huddersfield Town,1,1
2018-09-01,3050203,GB1,2018,domestic_league,1003,31,Leicester City,Liverpool FC,1,2
2018-09-01,3050204,GB1,2018,domestic_league,281,762,Manchester City,Newcastle United,2,1
2018-09-01,3050206,GB1,2018,domestic_league,379,543,West Ham United,Wolverhampton Wanderers,0,1
2018-09-01,3052144,NL1,2018,domestic_league,1426,306,VVV-Venlo,SC Heerenveen,1,1
2018-09-01,3052145,NL1,2018,domestic_league,383,403,PSV Eindhoven,Willem II Tilburg,6,1
2018-09-01,3052146,NL1,2018,domestic_league,798,1268,Excelsior Rotterdam,ADO Den Haag,2,4
2018-09-01,3052147,NL1,2018,domestic_league,385,200,Fortuna Sittardia Combinatie,FC Utrecht,1,1
2018-09-01,3058425,L1,2018,domestic_league,533,60,TSG 1899 Hoffenheim,SC Freiburg,3,1
2018-09-01,3058426,L1,2018,domestic_league,15,82,Bayer 04 Leverkusen,VfL Wolfsburg,1,3
2018-09-01,3058428,L1,2018,domestic_league,79,27,VfB Stuttgart,Bayern Munich,0,3
2018-09-01,3058429,L1,2018,domestic_league,24,86,Eintracht Frankfurt,SV Werder Bremen,1,2
2018-09-01,3058430,L1,2018,domestic_league,167,18,FC Augsburg,Borussia Mönchengladbach,1,1
2018-09-01,3058432,L1,2018,domestic_league,4,39,1.FC Nuremberg,1.FSV Mainz 05,1,1
2018-09-01,3063606,DK1,2018,domestic_league,5817,5818,Sönderjyske Fodbold,Hobro IK,1,1
2018-09-01,3069399,PO1,2018,domestic_league,2423,2503,CD Santa Clara,Boavista FC,4,2
2018-09-01,3069401,PO1,2018,domestic_league,336,3349,Sporting CP,CD Feirense,1,0
2018-09-01,3069405,PO1,2018,domestic_league,2457,1085,B SAD,Vitória Setúbal FC,0,0
2018-09-01,3069736,TR1,2018,domestic_league,36,3205,Fenerbahce,Kayserispor,2,3
2018-09-01,3069738,TR1,2018,domestic_league,19771,2381,Akhisarspor,Sivasspor,1,1
2018-09-01,3069739,TR1,2018,domestic_league,449,141,Trabzonspor,Galatasaray,4,0
2018-09-01,3069740,TR1,2018,domestic_league,11282,1467,Alanyaspor,Göztepe,1,0
2018-09-01,3075868,UKR1,2018,domestic_league,660,6993,FC Shakhtar Donetsk,FK Mariupol,2,0
2018-09-01,3079330,ES1,2018,domestic_league,940,13,Celta de Vigo,Atlético de Madrid,2,0
2018-09-01,3079332,ES1,2018,domestic_league,418,1244,Real Madrid,CD Leganés,4,1
2018-09-01,3080217,SC1,2018,domestic_league,370,2553,Aberdeen FC,Kilmarnock FC,0,2
2018-09-01,3080218,SC1,2018,domestic_league,511,987,Dundee FC,Motherwell FC,1,3
2018-09-01,3080219,SC1,2018,domestic_league,2999,2578,Hamilton Academical FC,St. Johnstone FC,1,2
2018-09-01,3080220,SC1,2018,domestic_league,43,465,Heart of Midlothian FC,St. Mirren FC,4,1
2018-09-01,3080221,SC1,2018,domestic_league,1241,903,Livingston FC,Hibernian FC,2,1
2018-09-01,3080923,IT1,2018,domestic_league,1025,46,Bologna Football Club 1909,Inter Milan,0,3
2018-09-01,3080928,IT1,2018,domestic_league,130,506,Parma Calcio 1913,Juventus FC,1,2
2018-09-01,3084113,BE1,2018,domestic_league,1245,3057,KAS Eupen,Standard Liège,2,1
2018-09-01,3084114,BE1,2018,domestic_league,498,28643,KSC Lokeren (- 2020),SK Beveren,1,0
2018-09-01,3084115,BE1,2018,domestic_league,475,2861,Sint-Truidense VV,KV Oostende,1,0
2018-09-01,3084116,BE1,2018,domestic_league,172,29228,Royal Charleroi Sporting Club,Royal Excel Mouscron (-2022),3,1
2018-09-01,3093421,RU1,2018,domestic_league,2696,2700,PFK Krylya Sovetov Samara,Anzhi Makhachkala ( -2022),1,0
2018-09-01,3093422,RU1,2018,domestic_league,2410,11127,PFK CSKA Moskva,Ural Yekaterinburg,4,0
2018-09-01,3093423,RU1,2018,domestic_league,16704,932,FK Krasnodar,"Футбольный клуб ""Локомотив"" Москва",2,1
2018-09-01,3095952,GR1,2018,domestic_league,265,3999,Panathinaikos Athlitikos Omilos,PAS Lamia 1964,3,1
2018-09-01,3095953,GR1,2018,domestic_league,3060,128,APS Atromitos Athinon,AO Xanthi,0,0
2018-09-01,3095954,GR1,2018,domestic_league,6676,2441,A.G.S Asteras Tripolis,Athlitiki Enosi Konstantinoupoleos,0,1
2018-09-01,3110774,SFA,2018,domestic_cup,20746,5660,Preston Athletic FC,Linlithgow Rose FC,0,2
2018-09-02,3047465,FR1,2018,domestic_league,162,244,AS Monaco,Olympique Marseille,2,3
2018-09-02,3047468,FR1,2018,domestic_league,273,40,Stade Rennais FC,FC Girondins Bordeaux,2,0
2018-09-02,3047469,FR1,2018,domestic_league,618,1416,AS Saint-Étienne,Amiens SC,0,0
2018-09-02,3050198,GB1,2018,domestic_league,1132,985,Burnley FC,Manchester United,0,2
2018-09-02,3050199,GB1,2018,domestic_league,603,11,Cardiff City,Arsenal FC,2,3
2018-09-02,3050205,GB1,2018,domestic_league,1010,148,Watford FC,Tottenham Hotspur,2,1
2018-09-02,3052148,NL1,2018,domestic_league,202,1269,FC Groningen,PEC Zwolle,0,1
2018-09-02,3052149,NL1,2018,domestic_league,1304,1090,Heracles Almelo,AZ Alkmaar,3,2
2018-09-02,3052150,NL1,2018,domestic_league,499,610,Vitesse Arnhem,Ajax Amsterdam,0,4
2018-09-02,3052151,NL1,2018,domestic_league,234,132,Feyenoord Rotterdam,NAC Breda,4,2
2018-09-02,3058424,L1,2018,domestic_league,33,44,FC Schalke 04,Hertha BSC,0,2
2018-09-02,3058427,L1,2018,domestic_league,23826,38,RB Leipzig,Fortuna Düsseldorf,1,1
2018-09-02,3063607,DK1,2018,domestic_league,173,2778,Odense Boldklub,FC Nordsjaelland,0,0
2018-09-02,3063608,DK1,2018,domestic_league,5724,1053,Randers FC,Aalborg BK,2,2
2018-09-02,3063609,DK1,2018,domestic_league,3426,190,Esbjerg fB,FC Copenhagen,0,2
2018-09-02,3063610,DK1,2018,domestic_league,678,19657,Aarhus GF,Vendsyssel FF,1,1
2018-09-02,3063611,DK1,2018,domestic_league,206,865,Bröndby IF,FC Midtjylland,2,2
2018-09-02,3069402,PO1,2018,domestic_league,720,979,FC Porto,Moreirense FC,3,0
2018-09-02,3069403,PO1,2018,domestic_league,2425,7378,Rio Ave FC,Portimonense SC,2,1
2018-09-02,3069404,PO1,2018,domestic_league,982,294,CD Nacional,SL Benfica,0,4
2018-09-02,3069406,PO1,2018,domestic_league,3336,1301,Desportivo Aves (- 2020),CS Marítimo,0,1
2018-09-02,3069734,TR1,2018,domestic_league,39722,6890,Erzurumspor FK,Basaksehir FK,0,1
2018-09-02,3069735,TR1,2018,domestic_league,10484,868,Kasimpasa,MKE Ankaragücü,2,1
2018-09-02,3069737,TR1,2018,domestic_league,589,126,Antalyaspor,Caykur Rizespor,2,1
2018-09-02,3069741,TR1,2018,domestic_league,20,114,Bursaspor,Beşiktaş Jimnastik Kulübü,1,1
2018-09-02,3075869,UKR1,2018,domestic_league,18105,18303,PFK Lviv,FC Oleksandriya,2,2
2018-09-02,3075871,UKR1,2018,domestic_league,338,2477,Dynamo Kyiv,Karpaty Lviv (-2021),0,2
2018-09-02,3075872,UKR1,2018,domestic_league,9007,10690,Arsenal Kyiv,Zorya Lugansk,0,5
2018-09-02,3075873,UKR1,2018,domestic_league,16239,23611,Desna Chernigiv,Olimpik Donetsk,0,1
2018-09-02,3079323,ES1,2018,domestic_league,1108,714,Deportivo Alavés,RCD Espanyol Barcelona,2,1
2018-09-02,3079324,ES1,2018,domestic_league,131,5358,FC Barcelona,SD Huesca,8,2
2018-09-02,3079325,ES1,2018,domestic_league,150,368,Real Betis Balompié,Sevilla FC,1,0
2018-09-02,3079328,ES1,2018,domestic_league,3368,1049,Levante UD,Valencia CF,2,2
2018-09-02,3080222,SC1,2018,domestic_league,371,124,Celtic FC,Rangers FC,1,0
2018-09-02,3080922,IT1,2018,domestic_league,800,1390,Atalanta BC,Cagliari Calcio,0,1
2018-09-02,3080924,IT1,2018,domestic_league,862,749,Chievo Verona,FC Empoli,0,0
2018-09-02,3080925,IT1,2018,domestic_league,430,410,ACF Fiorentina,Udinese Calcio,1,0
2018-09-02,3080926,IT1,2018,domestic_league,398,8970,Società Sportiva Lazio S.p.A.,Frosinone Calcio,1,0
2018-09-02,3080929,IT1,2018,domestic_league,1038,6195,UC Sampdoria,SSC Napoli,3,0
2018-09-02,3080930,IT1,2018,domestic_league,6574,252,US Sassuolo,Genoa CFC,5,3
2018-09-02,3080931,IT1,2018,domestic_league,416,2722,Torino FC,SPAL,1,0
2018-09-02,3084117,BE1,2018,domestic_league,58,1096,RSC Anderlecht,Royal Antwerp FC,1,1
2018-09-02,3084118,BE1,2018,domestic_league,520,157,Cercle Brugge,KAA Gent,0,3
2018-09-02,3084119,BE1,2018,domestic_league,601,1184,KV Kortrijk,KRC Genk,3,3
2018-09-02,3093424,RU1,2018,domestic_league,3714,3729,Enisey Krasnoyarsk,Arsenal Tula,0,0
2018-09-02,3093425,RU1,2018,domestic_league,121,14589,FK Dinamo Moskva,FC Orenburg,2,0
2018-09-02,3093426,RU1,2018,domestic_league,964,232,AO FK Zenit Sankt-Peterburg,FK Spartak Moskva,0,0
2018-09-02,3093427,RU1,2018,domestic_league,3725,28095,RFK Akhmat Grozny,FK Ufa,2,1
2018-09-02,3095955,GR1,2018,domestic_league,169,1091,Panionios Athens,Panthessalonikios Athlitikos Omilos Konstantinoupoliton,0,1
2018-09-02,3095956,GR1,2018,domestic_league,605,4603,Aris Thessalonikis,Athlitiki Enosi Larisas,2,0
2018-09-02,3095957,GR1,2018,domestic_league,683,2671,Olympiakos Syndesmos Filathlon Peiraios,PAS Giannina,5,0
2018-09-02,3178973,GRP,2018,domestic_cup,35423,7977,Diagoras Vrachneikon,Eolikos Mytilinis,4,5
2018-09-02,3178974,GRP,2018,domestic_cup,68715,68448,PAS Kitheronas Kaparelliou,AE Vathyllou-Pansamiakou,4,0
2018-09-03,3095958,GR1,2018,domestic_league,2672,441,APO Levadiakos Football Club,Apollon Smyrnis,1,0
2018-09-03,3095959,GR1,2018,domestic_league,6418,653,Panetolikos Agrinio,Omilos Filathlon Irakliou FC,2,1
2018-09-04,3098633,DKP,2018,domestic_cup,5881,5784,Hedensted IF,Aarhus Fremad,1,2
2018-09-04,3098634,DKP,2018,domestic_cup,5734,12275,Young Boys FD,Kolding IF,0,3
2018-09-04,3098635,DKP,2018,domestic_cup,20979,5781,Viby IF,Skive IK,2,1
2018-09-04,3098636,DKP,2018,domestic_cup,12622,5925,B1908 Amager,Avarta,2,1
2018-09-04,3098637,DKP,2018,domestic_cup,21000,5817,Gentofte VI,Sönderjyske Fodbold,0,3
2018-09-04,3098638,DKP,2018,domestic_cup,6000,22235,Herlev IF,Boldklubben Marienlyst,4,6
2018-09-04,3098639,DKP,2018,domestic_cup,24938,20108,FC Djursland,Jammerbugt FC,1,3
2018-09-04,3098640,DKP,2018,domestic_cup,67613,5714,Bramdrupdam GIF,Dalum IF,0,11
2018-09-05,3084060,CDR,2018,domestic_cup,16640,52397,Club Rápido de Bouzas,Unionistas CF,0,4
2018-09-05,3084061,CDR,2018,domestic_cup,36060,2855,CD Mensajero,SD Compostela,0,3
2018-09-05,3084062,CDR,2018,domestic_cup,50260,16486,Internacional de Madrid (-2023),CF Fuenlabrada,6,7
2018-09-05,3084064,CDR,2018,domestic_cup,20921,4542,CDA Navalcarnero,Cultural Leonesa,0,2
2018-09-05,3084066,CDR,2018,domestic_cup,16646,24420,UP Langreo,UD Logroñés,1,2
2018-09-05,3084067,CDR,2018,domestic_cup,11590,29573,Gernika Club,Cultural Durango,1,0
2018-09-05,3084068,CDR,2018,domestic_cup,13222,630,CD Mirandés,Racing Santander,0,1
2018-09-05,3084069,CDR,2018,domestic_cup,3708,40175,Barakaldo CF,UD Mutilvera,4,5
2018-09-05,3084070,CDR,2018,domestic_cup,4030,12588,CD Calahorra,Gimnástica de Torrelavega,5,3
2018-09-05,3084071,CDR,2018,domestic_cup,16196,12697,UE Cornellà,UE Sant Andreu,3,4
2018-09-05,3084072,CDR,2018,domestic_cup,2502,16602,CD Castellón,UB Conquense,1,0
2018-09-05,3084073,CDR,2018,domestic_cup,28014,15447,UD Poblense,Ontinyent CF,1,4
2018-09-05,3084074,CDR,2018,domestic_cup,33593,19301,Lleida Esportiu,CD Teruel,2,0
2018-09-05,3084075,CDR,2018,domestic_cup,18443,7077,CD Don Benito,FC Cartagena,0,1
2018-09-05,3084076,CDR,2018,domestic_cup,21337,16492,Yeclano Deportivo,UD Melilla,1,2
2018-09-05,3084077,CDR,2018,domestic_cup,34148,8568,UCAM Murcia CF,AD Ceuta FC,2,0
2018-09-05,3084078,CDR,2018,domestic_cup,47421,666,CF Talavera de la Reina,Real Jaén CF,5,6
2018-09-05,3084079,CDR,2018,domestic_cup,12361,47880,Marbella FC,CD Ebro,0,1
2018-09-05,3098641,DKP,2018,domestic_cup,25516,49675,Nexö Boldklub Bornholm,Hilleröd Fodbold,0,2
2018-09-05,3098642,DKP,2018,domestic_cup,29391,5818,IF Lyseng,Hobro IK,1,2
2018-09-05,3098644,DKP,2018,domestic_cup,13208,5767,Kjellerup IF,Middelfart Boldklub,0,1
2018-09-05,3098645,DKP,2018,domestic_cup,5874,1177,Brabrand IF,Silkeborg IF,2,3
2018-09-05,3098646,DKP,2018,domestic_cup,29387,19657,Egen UI,Vendsyssel FF,1,9
2018-09-05,3098647,DKP,2018,domestic_cup,67612,3426,Hörsholm-Usseröd IK,Esbjerg fB,1,11
2018-09-05,3098648,DKP,2018,domestic_cup,5716,1842,BK Fremad Amager,FC Roskilde,2,5
2018-09-05,3098649,DKP,2018,domestic_cup,22112,678,FC Sydvest 05,Aarhus GF,0,2
2018-09-05,3098650,DKP,2018,domestic_cup,22110,5091,FC Helsingör,Naestved Boldklub,5,6
2018-09-05,3098651,DKP,2018,domestic_cup,947,23297,Boldklubben af 1893,HB Köge,1,3
2018-09-05,3178975,GRP,2018,domestic_cup,68437,35452,Anagennisi Plagias,Thesprotos Igoumenitsas,0,5
2018-09-05,3178976,GRP,2018,domestic_cup,57296,67901,Megas Alexandros Trikalon Imathias,AS Giannitsa,0,1
2018-09-05,3178977,GRP,2018,domestic_cup,59102,29817,Ermis Amynteou,Ikonomos Tsaritsanis,2,1
2018-09-06,3098652,DKP,2018,domestic_cup,362,173,Akademisk Boldklub,Odense Boldklub,0,4
2018-09-09,3178978,GRP,2018,domestic_cup,33438,61046,AO Episkopi Rethymnou,Pallixouriakos,4,0
2018-09-11,3084059,CDR,2018,domestic_cup,1084,3302,Málaga CF,UD Almería,1,2
2018-09-11,3084082,CDR,2018,domestic_cup,237,2497,RCD Mallorca,Real Oviedo,1,0
2018-09-11,3098653,DKP,2018,domestic_cup,21003,67611,Hundested IK,Taarnby FF Youth,4,1
2018-09-11,3098654,DKP,2018,domestic_cup,5889,5724,Naesby Boldklub,Randers FC,3,5
2018-09-11,3098655,DKP,2018,domestic_cup,49672,21006,IF Frem Bjaeverskov,Ledöje-Smörum Fodbold,0,3
2018-09-11,3098656,DKP,2018,domestic_cup,444,443,BK Frem,Vejle Boldklub,3,4
2018-09-12,3084057,CDR,2018,domestic_cup,11596,29095,AD Alcorcón,Extremadura UD,1,0
2018-09-12,3084058,CDR,2018,domestic_cup,331,13225,CA Osasuna,CF Reus Deportiu,1,2
2018-09-12,3084063,CDR,2018,domestic_cup,142,897,Real Zaragoza,Deportivo de La Coruña,2,1
2018-09-12,3084085,CDR,2018,domestic_cup,648,2687,CD Tenerife,Cádiz CF,1,2
2018-09-12,3084086,CDR,2018,domestic_cup,993,5648,Córdoba CF,Gimnàstic de Tarragona,2,0
2018-09-12,3098643,DKP,2018,domestic_cup,40804,9023,Tarup-Paarup IF,Thisted FC,0,1
2018-09-12,3098657,DKP,2018,domestic_cup,3732,5733,Hellerup IK,Nyköbing FC,2,3
2018-09-12,3098658,DKP,2018,domestic_cup,1063,5776,Viborg FF,FC Fredericia,6,7
2018-09-12,3102739,CDR,2018,domestic_cup,15447,666,Ontinyent CF,Real Jaén CF,7,6
2018-09-12,3102746,CDR,2018,domestic_cup,7052,6638,CF Villanovense,CF Badalona,2,1
2018-09-12,3102747,CDR,2018,domestic_cup,16492,29271,UD Melilla,CD Tudelano,3,0
2018-09-12,3102748,CDR,2018,domestic_cup,33593,2855,Lleida Esportiu,SD Compostela,1,0
2018-09-12,3102749,CDR,2018,domestic_cup,4542,16486,Cultural Leonesa,CF Fuenlabrada,6,5
2018-09-12,3102750,CDR,2018,domestic_cup,34148,630,UCAM Murcia CF,Racing Santander,0,2
2018-09-12,3102751,CDR,2018,domestic_cup,7077,24420,FC Cartagena,UD Logroñés,5,6
2018-09-12,3102752,CDR,2018,domestic_cup,12697,11590,UE Sant Andreu,Gernika Club,1,0
2018-09-12,3102753,CDR,2018,domestic_cup,4030,2502,CD Calahorra,CD Castellón,2,0
2018-09-12,3102754,CDR,2018,domestic_cup,47880,171,CD Ebro,Real Murcia CF,5,4
2018-09-12,3102755,CDR,2018,domestic_cup,34559,52397,La Hoya Lorca CF,Unionistas CF,2,1
2018-09-12,3178979,GRP,2018,domestic_cup,68449,7977,AS Antimachos Kos,Eolikos Mytilinis,3,1
2018-09-13,3084080,CDR,2018,domestic_cup,472,13702,UD Las Palmas,CF Rayo Majadahonda,1,2
2018-09-13,3084081,CDR,2018,domestic_cup,1531,16795,Elche CF,Granada CF,2,1
2018-09-13,3084083,CDR,2018,domestic_cup,2296,2448,CD Numancia,Sporting Gijón,1,2
2018-09-13,3084084,CDR,2018,domestic_cup,1532,11000,Albacete Balompié,CD Lugo,2,3
2018-09-14,3047478,FR1,2018,domestic_league,417,273,OGC Nice,Stade Rennais FC,2,1
2018-09-14,3047479,FR1,2018,domestic_league,583,618,Paris Saint-Germain,AS Saint-Étienne,4,0
2018-09-14,3058434,L1,2018,domestic_league,16,24,Borussia Dortmund,Eintracht Frankfurt,3,1
2018-09-14,3063618,DK1,2018,domestic_league,3426,173,Esbjerg fB,Odense Boldklub,2,0
2018-09-14,3069745,TR1,2018,domestic_league,141,10484,Galatasaray,Kasimpasa,4,1
2018-09-14,3075874,UKR1,2018,domestic_league,16239,9007,Desna Chernigiv,Arsenal Kyiv,1,0
2018-09-14,3079373,ES1,2018,domestic_league,5358,367,SD Huesca,Rayo Vallecano,0,1
2018-09-14,3080228,SC1,2018,domestic_league,465,371,St. Mirren FC,Celtic FC,0,0
2018-09-14,3093828,POCP,2018,,720,3325,FC Porto,GD Chaves,1,1
2018-09-14,3099213,BE1,2018,domestic_league,2282,498,Club Brugge KV,KSC Lokeren (- 2020),2,1
2018-09-14,3100105,RU1,2018,domestic_league,932,121,"Футбольный клуб ""Локомотив"" Москва",FK Dinamo Moskva,1,1
2018-09-15,3047471,FR1,2018,domestic_league,1416,1082,Amiens SC,LOSC Lille,2,3
2018-09-15,3047473,FR1,2018,domestic_league,1162,1041,SM Caen,Olympique Lyon,2,2
2018-09-15,3047474,FR1,2018,domestic_league,2969,1420,Dijon FCO,Angers SCO,1,3
2018-09-15,3047476,FR1,2018,domestic_league,969,667,Montpellier HSC,RC Strasbourg Alsace,1,1
2018-09-15,3047480,FR1,2018,domestic_league,415,162,FC Toulouse,AS Monaco,1,1
2018-09-15,3050207,GB1,2018,domestic_league,989,1003,AFC Bournemouth,Leicester City,4,2
2018-09-15,3050208,GB1,2018,domestic_league,631,603,Chelsea FC,Cardiff City,4,1
2018-09-15,3050210,GB1,2018,domestic_league,1110,873,Huddersfield Town,Crystal Palace,0,1
2018-09-15,3050211,GB1,2018,domestic_league,281,931,Manchester City,Fulham FC,3,0
2018-09-15,3050212,GB1,2018,domestic_league,762,11,Newcastle United,Arsenal FC,1,2
2018-09-15,3050214,GB1,2018,domestic_league,148,31,Tottenham Hotspur,Liverpool FC,1,2
2018-09-15,3050215,GB1,2018,domestic_league,1010,985,Watford FC,Manchester United,1,2
2018-09-15,3055065,NL1,2018,domestic_league,642,1426,De Graafschap Doetinchem,VVV-Venlo,1,2
2018-09-15,3055066,NL1,2018,domestic_league,1268,383,ADO Den Haag,PSV Eindhoven,0,7
2018-09-15,3055067,NL1,2018,domestic_league,403,798,Willem II Tilburg,Excelsior Rotterdam,2,2
2018-09-15,3055068,NL1,2018,domestic_league,610,202,Ajax Amsterdam,FC Groningen,3,0
2018-09-15,3058433,L1,2018,domestic_league,27,15,Bayern Munich,Bayer 04 Leverkusen,3,1
2018-09-15,3058435,L1,2018,domestic_league,23826,42,RB Leipzig,Hannover 96,3,2
2018-09-15,3058436,L1,2018,domestic_league,18,33,Borussia Mönchengladbach,FC Schalke 04,2,1
2018-09-15,3058439,L1,2018,domestic_league,39,167,1.FSV Mainz 05,FC Augsburg,2,1
2018-09-15,3058440,L1,2018,domestic_league,82,44,VfL Wolfsburg,Hertha BSC,2,2
2018-09-15,3058441,L1,2018,domestic_league,38,533,Fortuna Düsseldorf,TSG 1899 Hoffenheim,2,1
2018-09-15,3063614,DK1,2018,domestic_league,2778,5724,FC Nordsjaelland,Randers FC,4,1
2018-09-15,3069743,TR1,2018,domestic_league,868,19771,MKE Ankaragücü,Akhisarspor,1,0
2018-09-15,3069746,TR1,2018,domestic_league,1467,3205,Göztepe,Kayserispor,2,0
2018-09-15,3069750,TR1,2018,domestic_league,114,19789,Beşiktaş Jimnastik Kulübü,Yeni Malatyaspor,2,1
2018-09-15,3075876,UKR1,2018,domestic_league,2477,2740,Karpaty Lviv (-2021),Vorskla Poltava,0,1
2018-09-15,3075878,UKR1,2018,domestic_league,18303,660,FC Oleksandriya,FC Shakhtar Donetsk,0,2
2018-09-15,3079370,ES1,2018,domestic_league,621,418,Athletic Bilbao,Real Madrid,1,1
2018-09-15,3079371,ES1,2018,domestic_league,13,1533,Atlético de Madrid,SD Eibar,1,1
2018-09-15,3079376,ES1,2018,domestic_league,681,131,Real Sociedad,FC Barcelona,1,2
2018-09-15,3079377,ES1,2018,domestic_league,1049,150,Valencia CF,Real Betis Balompié,0,0
2018-09-15,3080223,SC1,2018,domestic_league,903,2553,Hibernian FC,Kilmarnock FC,3,2
2018-09-15,3080224,SC1,2018,domestic_league,1241,2999,Livingston FC,Hamilton Academical FC,1,0
2018-09-15,3080225,SC1,2018,domestic_league,987,43,Motherwell FC,Heart of Midlothian FC,0,1
2018-09-15,3080226,SC1,2018,domestic_league,124,511,Rangers FC,Dundee FC,4,0
2018-09-15,3080227,SC1,2018,domestic_league,2578,370,St. Johnstone FC,Aberdeen FC,1,1
2018-09-15,3080934,IT1,2018,domestic_league,8970,1038,Frosinone Calcio,UC Sampdoria,0,5
2018-09-15,3080936,IT1,2018,domestic_league,46,130,Inter Milan,Parma Calcio 1913,0,1
2018-09-15,3080938,IT1,2018,domestic_league,6195,430,SSC Napoli,ACF Fiorentina,1,0
2018-09-15,3093824,POCP,2018,,294,2425,SL Benfica,Rio Ave FC,2,1
2018-09-15,3093825,POCP,2018,,2995,3336,FC Paços de Ferreira,Desportivo Aves (- 2020),0,0
2018-09-15,3093826,POCP,2018,,1075,7179,SC Braga,CD Tondela,2,1
2018-09-15,3099214,BE1,2018,domestic_league,3057,172,Standard Liège,Royal Charleroi Sporting Club,0,0
2018-09-15,3099215,BE1,2018,domestic_league,2861,520,KV Oostende,Cercle Brugge,1,1
2018-09-15,3099216,BE1,2018,domestic_league,28643,1245,SK Beveren,KAS Eupen,0,0
2018-09-15,3099217,BE1,2018,domestic_league,1184,58,KRC Genk,RSC Anderlecht,1,0
2018-09-15,3100098,RU1,2018,domestic_league,3729,2696,Arsenal Tula,PFK Krylya Sovetov Samara,4,0
2018-09-15,3100100,RU1,2018,domestic_league,2698,3714,FC Rubin Kazan,Enisey Krasnoyarsk,1,0
2018-09-15,3100101,RU1,2018,domestic_league,28095,2410,FK Ufa,PFK CSKA Moskva,0,3
2018-09-15,3100201,GR1,2018,domestic_league,653,1091,Omilos Filathlon Irakliou FC,Panthessalonikios Athlitikos Omilos Konstantinoupoliton,1,3
2018-09-15,3100202,GR1,2018,domestic_league,441,2671,Apollon Smyrnis,PAS Giannina,1,2
2018-09-15,3100203,GR1,2018,domestic_league,2441,169,Athlitiki Enosi Konstantinoupoleos,Panionios Athens,4,0
2018-09-15,3105223,GRP,2018,domestic_cup,68715,9073,PAS Kitheronas Kaparelliou,PASA Irodotos,1,3
2018-09-15,3105236,GRP,2018,domestic_cup,68449,60949,AS Antimachos Kos,Volou Neos Podosferikos Syllogos,0,2
2018-09-16,3047472,FR1,2018,domestic_league,40,1160,FC Girondins Bordeaux,Nîmes Olympique,3,3
2018-09-16,3047475,FR1,2018,domestic_league,244,855,Olympique Marseille,EA Guingamp,4,0
2018-09-16,3047477,FR1,2018,domestic_league,995,1421,FC Nantes,Stade Reims,0,0
2018-09-16,3050209,GB1,2018,domestic_league,29,379,Everton FC,West Ham United,1,3
2018-09-16,3050216,GB1,2018,domestic_league,543,1132,Wolverhampton Wanderers,Burnley FC,1,0
2018-09-16,3055069,NL1,2018,domestic_league,1090,234,AZ Alkmaar,Feyenoord Rotterdam,1,1
2018-09-16,3055070,NL1,2018,domestic_league,306,1304,SC Heerenveen,Heracles Almelo,3,5
2018-09-16,3055071,NL1,2018,domestic_league,200,1283,FC Utrecht,FC Emmen,1,2
2018-09-16,3055072,NL1,2018,domestic_league,1269,499,PEC Zwolle,Vitesse Arnhem,0,2
2018-09-16,3058437,L1,2018,domestic_league,86,4,SV Werder Bremen,1.FC Nuremberg,1,1
2018-09-16,3058438,L1,2018,domestic_league,60,79,SC Freiburg,VfB Stuttgart,3,3
2018-09-16,3063613,DK1,2018,domestic_league,206,5817,Bröndby IF,Sönderjyske Fodbold,2,4
2018-09-16,3063615,DK1,2018,domestic_league,2414,678,AC Horsens,Aarhus GF,3,2
2018-09-16,3063616,DK1,2018,domestic_league,19657,5818,Vendsyssel FF,Hobro IK,1,1
2018-09-16,3063617,DK1,2018,domestic_league,865,190,FC Midtjylland,FC Copenhagen,3,1
2018-09-16,3069747,TR1,2018,domestic_league,2381,39722,Sivasspor,Erzurumspor FK,2,2
2018-09-16,3069748,TR1,2018,domestic_league,6890,589,Basaksehir FK,Antalyaspor,4,0
2018-09-16,3069749,TR1,2018,domestic_league,126,20,Caykur Rizespor,Bursaspor,1,1
2018-09-16,3069751,TR1,2018,domestic_league,2293,36,Konyaspor,Fenerbahce,0,1
2018-09-16,3075875,UKR1,2018,domestic_league,10690,338,Zorya Lugansk,Dynamo Kyiv,1,1
2018-09-16,3075877,UKR1,2018,domestic_league,6992,18105,Chornomorets Odesa,PFK Lviv,0,1
2018-09-16,3075879,UKR1,2018,domestic_league,23611,6993,Olimpik Donetsk,FK Mariupol,1,3
2018-09-16,3079372,ES1,2018,domestic_league,714,3368,RCD Espanyol Barcelona,Levante UD,1,0
2018-09-16,3079374,ES1,2018,domestic_league,1244,1050,CD Leganés,Villarreal CF,0,1
2018-09-16,3079375,ES1,2018,domestic_league,366,1108,Real Valladolid CF,Deportivo Alavés,0,1
2018-09-16,3079379,ES1,2018,domestic_league,368,3709,Sevilla FC,Getafe CF,0,2
2018-09-16,3080932,IT1,2018,domestic_league,1390,5,Cagliari Calcio,AC Milan,1,1
2018-09-16,3080933,IT1,2018,domestic_league,749,398,FC Empoli,Società Sportiva Lazio S.p.A.,0,1
2018-09-16,3080935,IT1,2018,domestic_league,252,1025,Genoa CFC,Bologna Football Club 1909,1,0
2018-09-16,3080937,IT1,2018,domestic_league,506,6574,Juventus FC,US Sassuolo,2,1
2018-09-16,3080939,IT1,2018,domestic_league,12,862,Associazione Sportiva Roma,Chievo Verona,2,2
2018-09-16,3080941,IT1,2018,domestic_league,410,416,Udinese Calcio,Torino FC,1,1
2018-09-16,3093827,POCP,2018,,982,1085,CD Nacional,Vitória Setúbal FC,3,3
2018-09-16,3093829,POCP,2018,,4297,2457,Varzim SC,B SAD,2,1
2018-09-16,3093830,POCP,2018,,336,1301,Sporting CP,CS Marítimo,3,1
2018-09-16,3099218,BE1,2018,domestic_league,29228,601,Royal Excel Mouscron (-2022),KV Kortrijk,1,0
2018-09-16,3099219,BE1,2018,domestic_league,1096,3508,Royal Antwerp FC,Zulte Waregem,5,1
2018-09-16,3099220,BE1,2018,domestic_league,157,475,KAA Gent,Sint-Truidense VV,1,2
2018-09-16,3100102,RU1,2018,domestic_league,232,3725,FK Spartak Moskva,RFK Akhmat Grozny,1,2
2018-09-16,3100103,RU1,2018,domestic_league,14589,964,FC Orenburg,AO FK Zenit Sankt-Peterburg,1,2
2018-09-16,3100104,RU1,2018,domestic_league,2700,16704,Anzhi Makhachkala ( -2022),FK Krasnodar,0,4
2018-09-16,3100204,GR1,2018,domestic_league,128,6418,AO Xanthi,Panetolikos Agrinio,1,1
2018-09-16,3100205,GR1,2018,domestic_league,4603,265,Athlitiki Enosi Larisas,Panathinaikos Athlitikos Omilos,1,3
2018-09-16,3100206,GR1,2018,domestic_league,3060,3999,APS Atromitos Athinon,PAS Lamia 1964,1,0
2018-09-16,3100207,GR1,2018,domestic_league,683,6676,Olympiakos Syndesmos Filathlon Peiraios,A.G.S Asteras Tripolis,2,1
2018-09-16,3105224,GRP,2018,domestic_cup,2670,47,Ethnikos Piraeus,Iraklis Thessaloniki,9,10
2018-09-16,3105225,GRP,2018,domestic_cup,65024,41197,Thyella Kamariou,AE Sparti,1,0
2018-09-16,3105226,GRP,2018,domestic_cup,33438,5219,AO Episkopi Rethymnou,AOK Kerkyra,0,1
2018-09-16,3105227,GRP,2018,domestic_cup,35452,8699,Thesprotos Igoumenitsas,Apollon Larisas,2,3
2018-09-16,3105228,GRP,2018,domestic_cup,52700,3392,AO Kardias,Apollon Pontou,1,5
2018-09-16,3105229,GRP,2018,domestic_cup,52706,1837,AS Korinthos 2006,Panachaiki GE,0,2
2018-09-16,3105230,GRP,2018,domestic_cup,37339,37772,OF Ierapetras,AE Karaiskakis Artas,1,0
2018-09-16,3105231,GRP,2018,domestic_cup,37125,35415,Apollon Paralimniou,Eginiakos,5,4
2018-09-16,3105232,GRP,2018,domestic_cup,33490,37276,AE Ermionidas,PAE Chania,3,7
2018-09-16,3105233,GRP,2018,domestic_cup,67901,3993,AS Giannitsa,AO Trikala,2,3
2018-09-16,3105234,GRP,2018,domestic_cup,50713,21957,Aris Avatou,AO Platanias,5,4
2018-09-16,3105235,GRP,2018,domestic_cup,5572,3706,Niki Volou,Doxa Dramas,1,0
2018-09-16,3105237,GRP,2018,domestic_cup,59102,5220,Ermis Amynteou,GS Ergotelis,0,3
2018-09-16,3105238,GRP,2018,domestic_cup,29808,21851,Tilykratis Lefkadas,Aittitos Spaton,0,5
2018-09-16,3107169,NL1,2018,domestic_league,132,385,NAC Breda,Fortuna Sittardia Combinatie,2,3
2018-09-17,3050213,GB1,2018,domestic_league,180,1237,Southampton FC,Brighton & Hove Albion,2,2
2018-09-17,3063612,DK1,2018,domestic_league,1053,443,Aalborg BK,Vejle Boldklub,1,1
2018-09-17,3069744,TR1,2018,domestic_league,11282,449,Alanyaspor,Trabzonspor,1,0
2018-09-17,3079378,ES1,2018,domestic_league,12321,940,Girona FC,Celta de Vigo,3,2
2018-09-17,3080940,IT1,2018,domestic_league,2722,800,SPAL,Atalanta BC,2,0
2018-09-17,3093831,POCP,2018,,1465,3349,GD Estoril Praia,CD Feirense,1,2
2018-09-17,3100099,RU1,2018,domestic_league,11127,1083,Ural Yekaterinburg,FK Rostov,1,1
2018-09-17,3100208,GR1,2018,domestic_league,605,2672,Aris Thessalonikis,APO Levadiakos Football Club,2,0
2018-09-18,3097955,CL,2018,international_cup,2282,16,Club Brugge KV,Borussia Dortmund,0,1
2018-09-18,3097956,CL,2018,international_cup,162,13,AS Monaco,Atlético de Madrid,1,2
2018-09-18,3097957,CL,2018,international_cup,131,383,FC Barcelona,PSV Eindhoven,4,0
2018-09-18,3097958,CL,2018,international_cup,46,148,Inter Milan,Tottenham Hotspur,2,1
2018-09-18,3097959,CL,2018,international_cup,159,6195,Red Star Belgrade,SSC Napoli,0,0
2018-09-18,3097960,CL,2018,international_cup,31,583,Liverpool FC,Paris Saint-Germain,3,2
2018-09-18,3097961,CL,2018,international_cup,33,720,FC Schalke 04,FC Porto,1,1
2018-09-18,3097962,CL,2018,international_cup,141,932,Galatasaray,"Футбольный клуб ""Локомотив"" Москва",3,0
2018-09-19,3080909,IT1,2018,domestic_league,1038,430,UC Sampdoria,ACF Fiorentina,1,1
2018-09-19,3097963,CL,2018,international_cup,610,2441,Ajax Amsterdam,Athlitiki Enosi Konstantinoupoleos,3,0
2018-09-19,3097964,CL,2018,international_cup,294,27,SL Benfica,Bayern Munich,0,2
2018-09-19,3097965,CL,2018,international_cup,660,533,FC Shakhtar Donetsk,TSG 1899 Hoffenheim,2,2
2018-09-19,3097966,CL,2018,international_cup,281,1041,Manchester City,Olympique Lyon,1,2
2018-09-19,3097967,CL,2018,international_cup,418,12,Real Madrid,Associazione Sportiva Roma,3,0
2018-09-19,3097968,CL,2018,international_cup,941,2410,FC Viktoria Plzen,PFK CSKA Moskva,2,2
2018-09-19,3097969,CL,2018,international_cup,1049,506,Valencia CF,Juventus FC,0,2
2018-09-19,3097970,CL,2018,international_cup,452,985,BSC Young Boys,Manchester United,0,3
2018-09-20,3077349,UKRP,2018,domestic_cup,61761,60551,MFK Metalurg Zaporizhya,SC Dnipro-1,0,2
2018-09-20,3098659,EL,2018,other,2156,260,AEK Larnaca,FC Zürich,0,1
2018-09-20,3098660,EL,2018,other,31614,15,Ludogorets Razgrad,Bayer 04 Leverkusen,2,3
2018-09-20,3098661,EL,2018,other,23826,409,RB Leipzig,Fußballclub Red Bull Salzburg,2,3
2018-09-20,3098662,EL,2018,other,371,195,Celtic FC,Rosenborg Ballklub,1,0
2018-09-20,3098663,EL,2018,other,62,40,SK Slavia Prague,FC Girondins Bordeaux,1,0
2018-09-20,3098664,EL,2018,other,190,964,FC Copenhagen,AO FK Zenit Sankt-Peterburg,1,1
2018-09-20,3098665,EL,2018,other,365,58,Spartak Trnava,RSC Anderlecht,1,0
2018-09-20,3098666,EL,2018,other,419,36,GNK Dinamo Zagreb,Fenerbahce,4,1
2018-09-20,3098667,EL,2018,other,336,10625,Sporting CP,Qarabağ FK,2,0
2018-09-20,3098668,EL,2018,other,11,2740,Arsenal FC,Vorskla Poltava,4,2
2018-09-20,3098669,EL,2018,other,853,5,F91 Dudelange,AC Milan,0,1
2018-09-20,3098670,EL,2018,other,683,150,Olympiakos Syndesmos Filathlon Peiraios,Real Betis Balompié,0,0
2018-09-20,3098671,EL,2018,other,1050,124,Villarreal CF,Rangers FC,2,2
2018-09-20,3098672,EL,2018,other,170,232,Rapid Vienna,FK Spartak Moskva,2,0
2018-09-20,3098673,EL,2018,other,244,24,Olympique Marseille,Eintracht Frankfurt,1,2
2018-09-20,3098674,EL,2018,other,398,429,Società Sportiva Lazio S.p.A.,Apollon Limassol,2,1
2018-09-20,3098675,EL,2018,other,114,10217,Beşiktaş Jimnastik Kulübü,Sarpsborg 08 Fotballforening,3,1
2018-09-20,3098676,EL,2018,other,1184,496,KRC Genk,Malmö Fotbollförening,2,0
2018-09-20,3098677,EL,2018,other,368,3057,Sevilla FC,Standard Liège,5,1
2018-09-20,3098678,EL,2018,other,19771,16704,Akhisarspor,FK Krasnodar,0,1
2018-09-20,3098679,EL,2018,other,273,1322,Stade Rennais FC,FK Jablonec,2,1
2018-09-20,3098680,EL,2018,other,338,22220,Dynamo Kyiv,FC Astana,2,2
2018-09-20,3098681,EL,2018,other,1091,631,Panthessalonikios Athlitikos Omilos Konstantinoupoliton,Chelsea FC,0,1
2018-09-20,3098682,EL,2018,other,11107,713,Videoton FC Fehérvár,BATE Borisov,0,2
2018-09-21,3047515,FR1,2018,domestic_league,162,1160,AS Monaco,Nîmes Olympique,1,1
2018-09-21,3058445,L1,2018,domestic_league,79,38,VfB Stuttgart,Fortuna Düsseldorf,0,0
2018-09-21,3061047,NL1,2018,domestic_league,1304,642,Heracles Almelo,De Graafschap Doetinchem,4,0
2018-09-21,3063625,DK1,2018,domestic_league,443,3426,Vejle Boldklub,Esbjerg fB,1,0
2018-09-21,3069416,PO1,2018,domestic_league,2503,3325,Boavista FC,GD Chaves,1,2
2018-09-21,3069756,TR1,2018,domestic_league,39722,868,Erzurumspor FK,MKE Ankaragücü,0,1
2018-09-21,3069760,TR1,2018,domestic_league,20,6890,Bursaspor,Basaksehir FK,0,0
2018-09-21,3079383,ES1,2018,domestic_league,5358,681,SD Huesca,Real Sociedad,0,1
2018-09-21,3080961,IT1,2018,domestic_league,6574,749,US Sassuolo,FC Empoli,3,1
2018-09-21,3099221,BE1,2018,domestic_league,3508,601,Zulte Waregem,KV Kortrijk,0,2
2018-09-21,3109299,SFA,2018,domestic_cup,10580,23616,Inverurie Loco Works FC,Fraserburgh FC,3,4
2018-09-22,3047511,FR1,2018,domestic_league,1420,415,Angers SCO,FC Toulouse,0,0
2018-09-22,3047513,FR1,2018,domestic_league,1082,995,LOSC Lille,FC Nantes,2,1
2018-09-22,3047516,FR1,2018,domestic_league,969,417,Montpellier HSC,OGC Nice,1,0
2018-09-22,3047517,FR1,2018,domestic_league,1421,2969,Stade Reims,Dijon FCO,0,0
2018-09-22,3047519,FR1,2018,domestic_league,618,1162,AS Saint-Étienne,SM Caen,2,1
2018-09-22,3047520,FR1,2018,domestic_league,667,1416,RC Strasbourg Alsace,Amiens SC,3,1
2018-09-22,3050218,GB1,2018,domestic_league,1237,148,Brighton & Hove Albion,Tottenham Hotspur,1,2
2018-09-22,3050219,GB1,2018,domestic_league,1132,989,Burnley FC,AFC Bournemouth,4,0
2018-09-22,3050220,GB1,2018,domestic_league,603,281,Cardiff City,Manchester City,0,5
2018-09-22,3050221,GB1,2018,domestic_league,873,762,Crystal Palace,Newcastle United,0,0
2018-09-22,3050222,GB1,2018,domestic_league,931,1010,Fulham FC,Watford FC,1,1
2018-09-22,3050223,GB1,2018,domestic_league,1003,1110,Leicester City,Huddersfield Town,3,1
2018-09-22,3050224,GB1,2018,domestic_league,31,180,Liverpool FC,Southampton FC,3,0
2018-09-22,3050225,GB1,2018,domestic_league,985,543,Manchester United,Wolverhampton Wanderers,1,1
2018-09-22,3058442,L1,2018,domestic_league,33,27,FC Schalke 04,Bayern Munich,0,2
2018-09-22,3058443,L1,2018,domestic_league,533,16,TSG 1899 Hoffenheim,Borussia Dortmund,1,1
2018-09-22,3058447,L1,2018,domestic_league,44,18,Hertha BSC,Borussia Mönchengladbach,4,2
2018-09-22,3058448,L1,2018,domestic_league,167,86,FC Augsburg,SV Werder Bremen,2,3
2018-09-22,3058449,L1,2018,domestic_league,82,60,VfL Wolfsburg,SC Freiburg,1,3
2018-09-22,3058450,L1,2018,domestic_league,4,42,1.FC Nuremberg,Hannover 96,2,0
2018-09-22,3061048,NL1,2018,domestic_league,385,403,Fortuna Sittardia Combinatie,Willem II Tilburg,4,4
2018-09-22,3061049,NL1,2018,domestic_league,798,306,Excelsior Rotterdam,SC Heerenveen,3,3
2018-09-22,3061050,NL1,2018,domestic_league,1426,132,VVV-Venlo,NAC Breda,3,0
2018-09-22,3061054,NL1,2018,domestic_league,499,1268,Vitesse Arnhem,ADO Den Haag,1,1
2018-09-22,3063623,DK1,2018,domestic_league,5724,19657,Randers FC,Vendsyssel FF,2,0
2018-09-22,3069409,PO1,2018,domestic_league,2423,2425,CD Santa Clara,Rio Ave FC,1,3
2018-09-22,3069412,PO1,2018,domestic_league,1085,720,Vitória Setúbal FC,FC Porto,0,2
2018-09-22,3069413,PO1,2018,domestic_league,1301,2457,CS Marítimo,B SAD,0,0
2018-09-22,3069753,TR1,2018,domestic_league,449,1467,Trabzonspor,Göztepe,1,2
2018-09-22,3069754,TR1,2018,domestic_league,19789,126,Yeni Malatyaspor,Caykur Rizespor,1,0
2018-09-22,3069758,TR1,2018,domestic_league,3205,2293,Kayserispor,Konyaspor,0,2
2018-09-22,3076243,UKR1,2018,domestic_league,6993,18303,FK Mariupol,FC Oleksandriya,1,0
2018-09-22,3076245,UKR1,2018,domestic_league,18105,2477,PFK Lviv,Karpaty Lviv (-2021),1,1
2018-09-22,3076248,UKR1,2018,domestic_league,9007,23611,Arsenal Kyiv,Olimpik Donetsk,1,3
2018-09-22,3079381,ES1,2018,domestic_league,940,366,Celta de Vigo,Real Valladolid CF,3,3
2018-09-22,3079382,ES1,2018,domestic_league,1533,1244,SD Eibar,CD Leganés,1,0
2018-09-22,3079385,ES1,2018,domestic_league,367,1108,Rayo Vallecano,Deportivo Alavés,1,5
2018-09-22,3079387,ES1,2018,domestic_league,3709,13,Getafe CF,Atlético de Madrid,0,2
2018-09-22,3079388,ES1,2018,domestic_league,418,714,Real Madrid,RCD Espanyol Barcelona,1,0
2018-09-22,3080229,SC1,2018,domestic_league,370,987,Aberdeen FC,Motherwell FC,1,0
2018-09-22,3080230,SC1,2018,domestic_league,511,903,Dundee FC,Hibernian FC,0,3
2018-09-22,3080231,SC1,2018,domestic_league,2999,465,Hamilton Academical FC,St. Mirren FC,3,0
2018-09-22,3080232,SC1,2018,domestic_league,43,1241,Heart of Midlothian FC,Livingston FC,0,0
2018-09-22,3080959,IT1,2018,domestic_league,130,1390,Parma Calcio 1913,Cagliari Calcio,2,0
2018-09-22,3080960,IT1,2018,domestic_league,1038,46,UC Sampdoria,Inter Milan,0,1
2018-09-22,3080963,IT1,2018,domestic_league,430,2722,ACF Fiorentina,SPAL,3,0
2018-09-22,3099222,BE1,2018,domestic_league,28643,172,SK Beveren,Royal Charleroi Sporting Club,1,1
2018-09-22,3099223,BE1,2018,domestic_league,1245,2861,KAS Eupen,KV Oostende,1,2
2018-09-22,3099224,BE1,2018,domestic_league,498,29228,KSC Lokeren (- 2020),Royal Excel Mouscron (-2022),0,0
2018-09-22,3099225,BE1,2018,domestic_league,475,1096,Sint-Truidense VV,Royal Antwerp FC,2,0
2018-09-22,3100168,RU1,2018,domestic_league,3714,11127,Enisey Krasnoyarsk,Ural Yekaterinburg,1,2
2018-09-22,3100169,RU1,2018,domestic_league,121,2700,FK Dinamo Moskva,Anzhi Makhachkala ( -2022),0,1
2018-09-22,3100170,RU1,2018,domestic_league,3729,2698,Arsenal Tula,FC Rubin Kazan,2,2
2018-09-22,3100171,RU1,2018,domestic_league,1083,28095,FK Rostov,FK Ufa,0,0
2018-09-22,3100172,RU1,2018,domestic_league,3725,14589,RFK Akhmat Grozny,FC Orenburg,1,1
2018-09-22,3104584,GR1,2018,domestic_league,6676,441,A.G.S Asteras Tripolis,Apollon Smyrnis,2,0
2018-09-22,3104585,GR1,2018,domestic_league,3060,4603,APS Atromitos Athinon,Athlitiki Enosi Larisas,2,0
2018-09-22,3104586,GR1,2018,domestic_league,2671,605,PAS Giannina,Aris Thessalonikis,1,0
2018-09-22,3109300,SFA,2018,domestic_cup,3491,23621,Brora Rangers FC,Turriff United FC,4,3
2018-09-22,3109304,SFA,2018,domestic_cup,3458,23303,Forres Mechanics FC,Civil Service Strollers FC,2,2
2018-09-22,3109306,SFA,2018,domestic_cup,5660,23614,Linlithgow Rose FC,Fort William FC,3,0
2018-09-22,3109308,SFA,2018,domestic_cup,10935,3804,Dalbeattie Star FC,Kelty Hearts FC,0,0
2018-09-22,3109309,SFA,2018,domestic_cup,23619,3459,Rothes FC,Clachnacuddin FC,4,0
2018-09-23,3047512,FR1,2018,domestic_league,855,40,EA Guingamp,FC Girondins Bordeaux,1,3
2018-09-23,3047514,FR1,2018,domestic_league,1041,244,Olympique Lyon,Olympique Marseille,4,2
2018-09-23,3047518,FR1,2018,domestic_league,273,583,Stade Rennais FC,Paris Saint-Germain,1,3
2018-09-23,3050217,GB1,2018,domestic_league,11,29,Arsenal FC,Everton FC,2,0
2018-09-23,3050226,GB1,2018,domestic_league,379,631,West Ham United,Chelsea FC,0,0
2018-09-23,3058444,L1,2018,domestic_league,15,39,Bayer 04 Leverkusen,1.FSV Mainz 05,1,0
2018-09-23,3058446,L1,2018,domestic_league,24,23826,Eintracht Frankfurt,RB Leipzig,1,1
2018-09-23,3061051,NL1,2018,domestic_league,1283,1269,FC Emmen,PEC Zwolle,0,1
2018-09-23,3061052,NL1,2018,domestic_league,234,200,Feyenoord Rotterdam,FC Utrecht,1,0
2018-09-23,3061053,NL1,2018,domestic_league,202,1090,FC Groningen,AZ Alkmaar,1,3
2018-09-23,3061055,NL1,2018,domestic_league,383,610,PSV Eindhoven,Ajax Amsterdam,3,0
2018-09-23,3063619,DK1,2018,domestic_league,678,206,Aarhus GF,Bröndby IF,3,2
2018-09-23,3063620,DK1,2018,domestic_league,190,2778,FC Copenhagen,FC Nordsjaelland,2,1
2018-09-23,3063621,DK1,2018,domestic_league,5818,1053,Hobro IK,Aalborg BK,0,5
2018-09-23,3063624,DK1,2018,domestic_league,5817,865,Sönderjyske Fodbold,FC Midtjylland,0,0
2018-09-23,3069410,PO1,2018,domestic_league,7378,2420,Portimonense SC,Vitória Guimarães SC,3,2
2018-09-23,3069411,PO1,2018,domestic_league,7179,979,CD Tondela,Moreirense FC,2,0
2018-09-23,3069415,PO1,2018,domestic_league,294,3336,SL Benfica,Desportivo Aves (- 2020),2,0
2018-09-23,3069417,PO1,2018,domestic_league,3349,982,CD Feirense,CD Nacional,0,0
2018-09-23,3069752,TR1,2018,domestic_league,10484,11282,Kasimpasa,Alanyaspor,1,2
2018-09-23,3069755,TR1,2018,domestic_league,589,2381,Antalyaspor,Sivasspor,2,1
2018-09-23,3069757,TR1,2018,domestic_league,19771,141,Akhisarspor,Galatasaray,3,0
2018-09-23,3076244,UKR1,2018,domestic_league,660,6992,FC Shakhtar Donetsk,Chornomorets Odesa,3,0
2018-09-23,3076246,UKR1,2018,domestic_league,2740,10690,Vorskla Poltava,Zorya Lugansk,2,1
2018-09-23,3076247,UKR1,2018,domestic_league,338,16239,Dynamo Kyiv,Desna Chernigiv,4,0
2018-09-23,3079380,ES1,2018,domestic_league,131,12321,FC Barcelona,Girona FC,2,2
2018-09-23,3079384,ES1,2018,domestic_league,3368,368,Levante UD,Sevilla FC,2,6
2018-09-23,3079386,ES1,2018,domestic_league,150,621,Real Betis Balompié,Athletic Bilbao,2,2
2018-09-23,3079389,ES1,2018,domestic_league,1050,1049,Villarreal CF,Valencia CF,0,0
2018-09-23,3080233,SC1,2018,domestic_league,2553,371,Kilmarnock FC,Celtic FC,2,1
2018-09-23,3080234,SC1,2018,domestic_league,124,2578,Rangers FC,St. Johnstone FC,5,1
2018-09-23,3080954,IT1,2018,domestic_league,1025,12,Bologna Football Club 1909,Associazione Sportiva Roma,2,0
2018-09-23,3080955,IT1,2018,domestic_league,862,410,Chievo Verona,Udinese Calcio,0,2
2018-09-23,3080956,IT1,2018,domestic_league,8970,506,Frosinone Calcio,Juventus FC,0,2
2018-09-23,3080957,IT1,2018,domestic_league,398,252,Società Sportiva Lazio S.p.A.,Genoa CFC,4,1
2018-09-23,3080958,IT1,2018,domestic_league,5,800,AC Milan,Atalanta BC,2,2
2018-09-23,3080962,IT1,2018,domestic_league,416,6195,Torino FC,SSC Napoli,1,3
2018-09-23,3099226,BE1,2018,domestic_league,157,2282,KAA Gent,Club Brugge KV,0,4
2018-09-23,3099227,BE1,2018,domestic_league,58,3057,RSC Anderlecht,Standard Liège,2,1
2018-09-23,3099228,BE1,2018,domestic_league,520,1184,Cercle Brugge,KRC Genk,2,5
2018-09-23,3100173,RU1,2018,domestic_league,964,932,AO FK Zenit Sankt-Peterburg,"Футбольный клуб ""Локомотив"" Москва",5,3
2018-09-23,3100174,RU1,2018,domestic_league,2410,232,PFK CSKA Moskva,FK Spartak Moskva,1,1
2018-09-23,3104587,GR1,2018,domestic_league,128,653,AO Xanthi,Omilos Filathlon Irakliou FC,3,0
2018-09-23,3104588,GR1,2018,domestic_league,265,2672,Panathinaikos Athlitikos Omilos,APO Levadiakos Football Club,3,0
2018-09-23,3104589,GR1,2018,domestic_league,1091,2441,Panthessalonikios Athlitikos Omilos Konstantinoupoliton,Athlitiki Enosi Konstantinoupoleos,2,0
2018-09-24,3063622,DK1,2018,domestic_league,173,2414,Odense Boldklub,AC Horsens,4,0
2018-09-24,3069414,PO1,2018,domestic_league,1075,336,SC Braga,Sporting CP,1,0
2018-09-24,3069759,TR1,2018,domestic_league,36,114,Fenerbahce,Beşiktaş Jimnastik Kulübü,1,1
2018-09-24,3100175,RU1,2018,domestic_league,2696,16704,PFK Krylya Sovetov Samara,FK Krasnodar,0,3
2018-09-24,3104590,GR1,2018,domestic_league,6418,3999,Panetolikos Agrinio,PAS Lamia 1964,2,2
2018-09-24,3104591,GR1,2018,domestic_league,169,683,Panionios Athens,Olympiakos Syndesmos Filathlon Peiraios,0,1
2018-09-25,3047526,FR1,2018,domestic_league,162,1420,AS Monaco,Angers SCO,0,1
2018-09-25,3047527,FR1,2018,domestic_league,995,417,FC Nantes,OGC Nice,1,2
2018-09-25,3047530,FR1,2018,domestic_league,415,618,FC Toulouse,AS Saint-Étienne,2,3
2018-09-25,3058451,L1,2018,domestic_league,27,167,Bayern Munich,FC Augsburg,1,1
2018-09-25,3058455,L1,2018,domestic_league,86,44,SV Werder Bremen,Hertha BSC,3,1
2018-09-25,3058456,L1,2018,domestic_league,42,533,Hannover 96,TSG 1899 Hoffenheim,1,3
2018-09-25,3058457,L1,2018,domestic_league,60,33,SC Freiburg,FC Schalke 04,1,0
2018-09-25,3079392,ES1,2018,domestic_league,13,5358,Atlético de Madrid,SD Huesca,3,0
2018-09-25,3079396,ES1,2018,domestic_league,714,1533,RCD Espanyol Barcelona,SD Eibar,1,0
2018-09-25,3079398,ES1,2018,domestic_league,681,367,Real Sociedad,Rayo Vallecano,2,2
2018-09-25,3080980,IT1,2018,domestic_league,46,430,Inter Milan,ACF Fiorentina,2,1
2018-09-25,3096320,RUP,2018,domestic_cup,12043,14589,Dinamo Barnaul,FC Orenburg,0,2
2018-09-25,3096321,RUP,2018,domestic_cup,3733,11127,Neftekhimik Nizhnekamsk,Ural Yekaterinburg,2,3
2018-09-25,3097329,NLP,2018,domestic_cup,798,467,Excelsior Rotterdam,NEC Nijmegen,2,3
2018-09-25,3097374,NLP,2018,domestic_cup,2838,1434,AFC Amsterdam,SC Telstar,5,0
2018-09-25,3097375,NLP,2018,domestic_cup,6614,133,SVV Scheveningen,SC Cambuur Leeuwarden,2,3
2018-09-25,3097376,NLP,2018,domestic_cup,235,132,RKC Waalwijk,NAC Breda,2,0
2018-09-25,3097377,NLP,2018,domestic_cup,3569,192,DVS '33 Ermelo,Roda JC Kerkrade,0,6
2018-09-25,3097378,NLP,2018,domestic_cup,28378,7408,Koninklijke HFC Haarlem,Harkemase Boys,4,0
2018-09-25,3097379,NLP,2018,domestic_cup,724,403,FC Volendam,Willem II Tilburg,1,2
2018-09-25,3097380,NLP,2018,domestic_cup,9545,1228,Rijnsburgse Boys,TOP Oss,5,6
2018-09-25,3097381,NLP,2018,domestic_cup,7474,468,VV Noordwijk,Sparta Rotterdam,3,2
2018-09-25,3097382,NLP,2018,domestic_cup,1435,3892,Go Ahead Eagles,FC Eindhoven,2,0
2018-09-25,3097383,NLP,2018,domestic_cup,10803,40572,SV Spakenburg,SV DFS Opheusden,3,0
2018-09-25,3097384,NLP,2018,domestic_cup,404,1304,FC Den Bosch,Heracles Almelo,1,2
2018-09-25,3097385,NLP,2018,domestic_cup,723,1455,Almere City FC,FC Dordrecht,1,0
2018-09-25,3097386,NLP,2018,domestic_cup,500,385,Helmond Sport,Fortuna Sittardia Combinatie,0,5
2018-09-25,3097392,NLP,2018,domestic_cup,33424,2821,ODIN '59 Heemskerk,FC Lisse,1,0
2018-09-25,3097393,NLP,2018,domestic_cup,11075,1426,RKVV Westlandia,VVV-Venlo,0,3
2018-09-25,3097394,NLP,2018,domestic_cup,12732,642,VVSB Noordwijkerhout,De Graafschap Doetinchem,6,8
2018-09-25,3097398,NLP,2018,domestic_cup,12285,20780,Kozakken Boys,ONS Sneek,3,1
2018-09-25,3098551,UKRP,2018,domestic_cup,21216,2477,PFK Sumy (-2019),Karpaty Lviv (-2021),0,3
2018-09-25,3106423,DKP,2018,domestic_cup,21006,5818,Ledöje-Smörum Fodbold,Hobro IK,1,2
2018-09-25,3106426,DKP,2018,domestic_cup,12275,5724,Kolding IF,Randers FC,2,1
2018-09-25,3108457,GRP,2018,domestic_cup,3060,2671,APS Atromitos Athinon,PAS Giannina,1,2
2018-09-25,3108460,GRP,2018,domestic_cup,60949,8699,Volou Neos Podosferikos Syllogos,Apollon Larisas,5,1
2018-09-25,3108462,GRP,2018,domestic_cup,37339,37276,OF Ierapetras,PAE Chania,0,2
2018-09-25,3108467,GRP,2018,domestic_cup,6676,441,A.G.S Asteras Tripolis,Apollon Smyrnis,2,1
2018-09-25,3108468,GRP,2018,domestic_cup,37125,3993,Apollon Paralimniou,AO Trikala,1,1
2018-09-25,3108472,GRP,2018,domestic_cup,9073,3392,PASA Irodotos,Apollon Pontou,0,1
2018-09-26,3047521,FR1,2018,domestic_league,1416,273,Amiens SC,Stade Rennais FC,2,1
2018-09-26,3047522,FR1,2018,domestic_league,40,1082,FC Girondins Bordeaux,LOSC Lille,1,0
2018-09-26,3047523,FR1,2018,domestic_league,1162,969,SM Caen,Montpellier HSC,2,2
2018-09-26,3047524,FR1,2018,domestic_league,2969,1041,Dijon FCO,Olympique Lyon,0,3
2018-09-26,3047525,FR1,2018,domestic_league,244,667,Olympique Marseille,RC Strasbourg Alsace,3,2
2018-09-26,3047528,FR1,2018,domestic_league,1160,855,Nîmes Olympique,EA Guingamp,0,0
2018-09-26,3047529,FR1,2018,domestic_league,583,1421,Paris Saint-Germain,Stade Reims,4,1
2018-09-26,3058452,L1,2018,domestic_league,16,4,Borussia Dortmund,1.FC Nuremberg,7,0
2018-09-26,3058453,L1,2018,domestic_league,23826,79,RB Leipzig,VfB Stuttgart,2,0
2018-09-26,3058454,L1,2018,domestic_league,18,24,Borussia Mönchengladbach,Eintracht Frankfurt,3,1
2018-09-26,3058458,L1,2018,domestic_league,39,82,1.FSV Mainz 05,VfL Wolfsburg,0,0
2018-09-26,3058459,L1,2018,domestic_league,38,15,Fortuna Düsseldorf,Bayer 04 Leverkusen,1,2
2018-09-26,3074783,UKR1,2018,domestic_league,6993,338,FK Mariupol,Dynamo Kyiv,0,2
2018-09-26,3079391,ES1,2018,domestic_league,621,1050,Athletic Bilbao,Villarreal CF,0,3
2018-09-26,3079393,ES1,2018,domestic_league,1244,131,CD Leganés,FC Barcelona,2,1
2018-09-26,3079395,ES1,2018,domestic_league,1049,940,Valencia CF,Celta de Vigo,1,1
2018-09-26,3079399,ES1,2018,domestic_league,368,418,Sevilla FC,Real Madrid,3,0
2018-09-26,3080976,IT1,2018,domestic_league,800,416,Atalanta BC,Torino FC,0,0
2018-09-26,3080977,IT1,2018,domestic_league,1390,1038,Cagliari Calcio,UC Sampdoria,0,0
2018-09-26,3080979,IT1,2018,domestic_league,252,862,Genoa CFC,Chievo Verona,2,0
2018-09-26,3080981,IT1,2018,domestic_league,506,1025,Juventus FC,Bologna Football Club 1909,2,0
2018-09-26,3080982,IT1,2018,domestic_league,6195,130,SSC Napoli,Parma Calcio 1913,3,0
2018-09-26,3080983,IT1,2018,domestic_league,12,8970,Associazione Sportiva Roma,Frosinone Calcio,4,0
2018-09-26,3080985,IT1,2018,domestic_league,410,398,Udinese Calcio,Società Sportiva Lazio S.p.A.,1,2
2018-09-26,3096311,RUP,2018,domestic_cup,2741,932,FK Baltika,"Футбольный клуб ""Локомотив"" Москва",2,3
2018-09-26,3096313,RUP,2018,domestic_cup,6432,964,Volgar Astrakhan,AO FK Zenit Sankt-Peterburg,0,4
2018-09-26,3096314,RUP,2018,domestic_cup,36972,2700,Chaika Peschanokopskoe,Anzhi Makhachkala ( -2022),1,2
2018-09-26,3096315,RUP,2018,domestic_cup,1186,121,Torpedo Moscow,FK Dinamo Moskva,0,1
2018-09-26,3096318,RUP,2018,domestic_cup,5287,232,Chernomorets Novorossijsk,FK Spartak Moskva,0,1
2018-09-26,3096319,RUP,2018,domestic_cup,34230,1083,Syzran-2003,FK Rostov,0,4
2018-09-26,3096322,RUP,2018,domestic_cup,3690,3725,SKA Khabarovsk,RFK Akhmat Grozny,5,7
2018-09-26,3096323,RUP,2018,domestic_cup,3719,2698,FC Khimki (-2025),FC Rubin Kazan,0,1
2018-09-26,3096324,RUP,2018,domestic_cup,49702,28095,FK Nizhny Novgorod,FK Ufa,5,3
2018-09-26,3096325,RUP,2018,domestic_cup,16613,3729,Sakhalin Yuzhno-Sakhalinsk,Arsenal Tula,1,2
2018-09-26,3096326,RUP,2018,domestic_cup,39200,3714,Luki-Energia Velikie Luki,Enisey Krasnoyarsk,1,2
2018-09-26,3097387,NLP,2018,domestic_cup,33432,1269,VV Staphorst,PEC Zwolle,0,1
2018-09-26,3097388,NLP,2018,domestic_cup,3410,383,Excelsior Maassluis,PSV Eindhoven,0,4
2018-09-26,3097389,NLP,2018,domestic_cup,7481,33427,VV DOVO Veenendaal,SV Urk,6,7
2018-09-26,3097390,NLP,2018,domestic_cup,44455,10790,VV Eemdijk,ASWH Ambacht,1,4
2018-09-26,3097391,NLP,2018,domestic_cup,17605,499,RKAV Volendam,Vitesse Arnhem,1,2
2018-09-26,3097395,NLP,2018,domestic_cup,9933,306,VV Katwijk,SC Heerenveen,0,1
2018-09-26,3097396,NLP,2018,domestic_cup,2945,1268,OJC Rosmalen,ADO Den Haag,0,6
2018-09-26,3097397,NLP,2018,domestic_cup,12451,12652,RKSV Groene Ster,SV TEC Tiel,2,1
2018-09-26,3097399,NLP,2018,domestic_cup,54613,610,,Ajax Amsterdam,0,7
2018-09-26,3098548,UKRP,2018,domestic_cup,20423,30698,Nyva Vinnytsya,Girnyk Kryvyi Rig,3,4
2018-09-26,3098549,UKRP,2018,domestic_cup,33141,55686,FK Kalush,TOV FK Metalist 1925 Kharkiv,1,0
2018-09-26,3098550,UKRP,2018,domestic_cup,8838,23611,Zirka Kropyvnytskyi,Olimpik Donetsk,5,6
2018-09-26,3098552,UKRP,2018,domestic_cup,33179,9007,Slavutych Cherkasy,Arsenal Kyiv,3,2
2018-09-26,3098553,UKRP,2018,domestic_cup,41127,49364,Myr Gornostaivka,Ingulets Petrove,0,3
2018-09-26,3098554,UKRP,2018,domestic_cup,61825,6422,FC Minaj,MFK Mykolaiv,3,1
2018-09-26,3098555,UKRP,2018,domestic_cup,26726,16239,Krystal Kherson,Desna Chernigiv,2,3
2018-09-26,3098556,UKRP,2018,domestic_cup,6992,18303,Chornomorets Odesa,FC Oleksandriya,3,0
2018-09-26,3106417,DKP,2018,domestic_cup,5784,678,Aarhus Fremad,Aarhus GF,1,5
2018-09-26,3106418,DKP,2018,domestic_cup,5776,5817,FC Fredericia,Sönderjyske Fodbold,0,2
2018-09-26,3106421,DKP,2018,domestic_cup,1842,1053,FC Roskilde,Aalborg BK,0,5
2018-09-26,3106424,DKP,2018,domestic_cup,20108,3426,Jammerbugt FC,Esbjerg fB,0,1
2018-09-26,3106425,DKP,2018,domestic_cup,5714,865,Dalum IF,FC Midtjylland,1,2
2018-09-26,3106427,DKP,2018,domestic_cup,21003,19657,Hundested IK,Vendsyssel FF,0,3
2018-09-26,3106429,DKP,2018,domestic_cup,23297,2778,HB Köge,FC Nordsjaelland,0,4
2018-09-26,3106430,DKP,2018,domestic_cup,5091,1177,Naestved Boldklub,Silkeborg IF,1,0
2018-09-26,3106431,DKP,2018,domestic_cup,12622,22235,B1908 Amager,Boldklubben Marienlyst,2,4
2018-09-26,3108463,GRP,2018,domestic_cup,1091,605,Panthessalonikios Athlitikos Omilos Konstantinoupoliton,Aris Thessalonikis,1,1
2018-09-26,3108464,GRP,2018,domestic_cup,21851,5220,Aittitos Spaton,GS Ergotelis,1,1
2018-09-26,3108469,GRP,2018,domestic_cup,128,653,AO Xanthi,Omilos Filathlon Irakliou FC,0,0
2018-09-26,3108470,GRP,2018,domestic_cup,5572,5219,Niki Volou,AOK Kerkyra,0,1
2018-09-26,3691322,UKRP,2018,domestic_cup,60551,4482,SC Dnipro-1,Volyn Lutsk,2,1
2018-09-27,3069431,PO1,2018,domestic_league,3325,294,GD Chaves,SL Benfica,2,2
2018-09-27,3079390,ES1,2018,domestic_league,1108,3709,Deportivo Alavés,Getafe CF,1,1
2018-09-27,3079394,ES1,2018,domestic_league,12321,150,Girona FC,Real Betis Balompié,0,1
2018-09-27,3079397,ES1,2018,domestic_league,366,3368,Real Valladolid CF,Levante UD,2,1
2018-09-27,3080978,IT1,2018,domestic_league,749,5,FC Empoli,AC Milan,1,1
2018-09-27,3080984,IT1,2018,domestic_league,2722,6574,SPAL,US Sassuolo,0,2
2018-09-27,3096312,RUP,2018,domestic_cup,11122,16704,Avangard Kursk,FK Krasnodar,0,2
2018-09-27,3096316,RUP,2018,domestic_cup,41201,2696,PFK Tambov (-2021),PFK Krylya Sovetov Samara,1,2
2018-09-27,3097400,NLP,2018,domestic_cup,19553,1090,MVV Alcides,AZ Alkmaar,0,6
2018-09-27,3097401,NLP,2018,domestic_cup,43857,1283,OFC Oostzaan,FC Emmen,1,3
2018-09-27,3097402,NLP,2018,domestic_cup,202,317,FC Groningen,FC Twente Enschede,0,2
2018-09-27,3097403,NLP,2018,domestic_cup,200,384,FC Utrecht,MVV Maastricht,2,0
2018-09-27,3097404,NLP,2018,domestic_cup,18154,234,VV Gemert,Feyenoord Rotterdam,0,4
2018-09-27,3106420,DKP,2018,domestic_cup,49675,206,Hilleröd Fodbold,Bröndby IF,1,4
2018-09-27,3106422,DKP,2018,domestic_cup,20979,190,Viby IF,FC Copenhagen,0,3
2018-09-27,3108465,GRP,2018,domestic_cup,683,2672,Olympiakos Syndesmos Filathlon Peiraios,APO Levadiakos Football Club,1,0
2018-09-27,3108466,GRP,2018,domestic_cup,50713,1837,Aris Avatou,Panachaiki GE,0,1
2018-09-28,3047539,FR1,2018,domestic_league,618,162,AS Saint-Étienne,AS Monaco,2,0
2018-09-28,3058465,L1,2018,domestic_league,44,27,Hertha BSC,Bayern Munich,2,0
2018-09-28,3063632,DK1,2018,domestic_league,443,5724,Vejle Boldklub,Randers FC,1,1
2018-09-28,3069432,PO1,2018,domestic_league,720,7179,FC Porto,CD Tondela,1,0
2018-09-28,3069768,TR1,2018,domestic_league,141,39722,Galatasaray,Erzurumspor FK,1,0
2018-09-28,3076252,UKR1,2018,domestic_league,2477,660,Karpaty Lviv (-2021),FC Shakhtar Donetsk,1,6
2018-09-28,3079407,ES1,2018,domestic_league,367,714,Rayo Vallecano,RCD Espanyol Barcelona,2,2
2018-09-28,3099229,BE1,2018,domestic_league,601,1245,KV Kortrijk,KAS Eupen,1,3
2018-09-28,3107617,RU1,2018,domestic_league,14589,2410,FC Orenburg,PFK CSKA Moskva,0,1
2018-09-29,3047531,FR1,2018,domestic_league,1420,855,Angers SCO,EA Guingamp,0,1
2018-09-29,3047532,FR1,2018,domestic_league,1162,1416,SM Caen,Amiens SC,1,0
2018-09-29,3047534,FR1,2018,domestic_league,1041,995,Olympique Lyon,FC Nantes,1,1
2018-09-29,3047536,FR1,2018,domestic_league,417,583,OGC Nice,Paris Saint-Germain,0,3
2018-09-29,3047537,FR1,2018,domestic_league,1421,40,Stade Reims,FC Girondins Bordeaux,0,0
2018-09-29,3047540,FR1,2018,domestic_league,667,2969,RC Strasbourg Alsace,Dijon FCO,3,0
2018-09-29,3050227,GB1,2018,domestic_league,11,1010,Arsenal FC,Watford FC,2,0
2018-09-29,3050230,GB1,2018,domestic_league,631,31,Chelsea FC,Liverpool FC,1,1
2018-09-29,3050231,GB1,2018,domestic_league,29,931,Everton FC,Fulham FC,3,0
2018-09-29,3050232,GB1,2018,domestic_league,1110,148,Huddersfield Town,Tottenham Hotspur,0,2
2018-09-29,3050233,GB1,2018,domestic_league,281,1237,Manchester City,Brighton & Hove Albion,2,0
2018-09-29,3050234,GB1,2018,domestic_league,762,1003,Newcastle United,Leicester City,0,2
2018-09-29,3050235,GB1,2018,domestic_league,379,985,West Ham United,Manchester United,3,1
2018-09-29,3050236,GB1,2018,domestic_league,543,180,Wolverhampton Wanderers,Southampton FC,2,0
2018-09-29,3058460,L1,2018,domestic_league,33,39,FC Schalke 04,1.FSV Mainz 05,1,0
2018-09-29,3058461,L1,2018,domestic_league,533,23826,TSG 1899 Hoffenheim,RB Leipzig,1,2
2018-09-29,3058462,L1,2018,domestic_league,15,16,Bayer 04 Leverkusen,Borussia Dortmund,2,4
2018-09-29,3058463,L1,2018,domestic_league,79,86,VfB Stuttgart,SV Werder Bremen,2,1
2018-09-29,3058467,L1,2018,domestic_league,82,18,VfL Wolfsburg,Borussia Mönchengladbach,2,2
2018-09-29,3058468,L1,2018,domestic_league,4,38,1.FC Nuremberg,Fortuna Düsseldorf,3,0
2018-09-29,3061056,NL1,2018,domestic_league,132,383,NAC Breda,PSV Eindhoven,0,2
2018-09-29,3061057,NL1,2018,domestic_league,306,1268,SC Heerenveen,ADO Den Haag,1,1
2018-09-29,3061058,NL1,2018,domestic_league,798,1426,Excelsior Rotterdam,VVV-Venlo,1,0
2018-09-29,3061059,NL1,2018,domestic_league,385,610,Fortuna Sittardia Combinatie,Ajax Amsterdam,0,2
2018-09-29,3063630,DK1,2018,domestic_league,865,5818,FC Midtjylland,Hobro IK,5,2
2018-09-29,3069427,PO1,2018,domestic_league,2425,2503,Rio Ave FC,Boavista FC,2,1
2018-09-29,3069429,PO1,2018,domestic_league,979,3349,Moreirense FC,CD Feirense,1,0
2018-09-29,3069430,PO1,2018,domestic_league,336,1301,Sporting CP,CS Marítimo,2,0
2018-09-29,3069763,TR1,2018,domestic_league,449,10484,Trabzonspor,Kasimpasa,4,2
2018-09-29,3069766,TR1,2018,domestic_league,114,3205,Beşiktaş Jimnastik Kulübü,Kayserispor,2,0
2018-09-29,3069767,TR1,2018,domestic_league,11282,19771,Alanyaspor,Akhisarspor,2,1
2018-09-29,3076254,UKR1,2018,domestic_league,23611,18303,Olimpik Donetsk,FC Oleksandriya,2,3
2018-09-29,3079402,ES1,2018,domestic_league,1533,368,SD Eibar,Sevilla FC,1,3
2018-09-29,3079403,ES1,2018,domestic_league,681,1049,Real Sociedad,Valencia CF,0,1
2018-09-29,3079404,ES1,2018,domestic_league,418,13,Real Madrid,Atlético de Madrid,0,0
2018-09-29,3079406,ES1,2018,domestic_league,131,621,FC Barcelona,Athletic Bilbao,1,1
2018-09-29,3080235,SC1,2018,domestic_league,371,370,Celtic FC,Aberdeen FC,1,0
2018-09-29,3080236,SC1,2018,domestic_league,2999,511,Hamilton Academical FC,Dundee FC,0,2
2018-09-29,3080237,SC1,2018,domestic_league,43,2578,Heart of Midlothian FC,St. Johnstone FC,2,1
2018-09-29,3080238,SC1,2018,domestic_league,2553,987,Kilmarnock FC,Motherwell FC,3,1
2018-09-29,3080240,SC1,2018,domestic_league,465,903,St. Mirren FC,Hibernian FC,0,1
2018-09-29,3080990,IT1,2018,domestic_league,46,1390,Inter Milan,Cagliari Calcio,2,0
2018-09-29,3080991,IT1,2018,domestic_league,506,6195,Juventus FC,SSC Napoli,3,1
2018-09-29,3080993,IT1,2018,domestic_league,12,398,Associazione Sportiva Roma,Società Sportiva Lazio S.p.A.,3,1
2018-09-29,3099230,BE1,2018,domestic_league,1184,3508,KRC Genk,Zulte Waregem,4,0
2018-09-29,3099231,BE1,2018,domestic_league,29228,28643,Royal Excel Mouscron (-2022),SK Beveren,0,3
2018-09-29,3099232,BE1,2018,domestic_league,172,498,Royal Charleroi Sporting Club,KSC Lokeren (- 2020),2,1
2018-09-29,3099233,BE1,2018,domestic_league,2282,520,Club Brugge KV,Cercle Brugge,4,0
2018-09-29,3104592,GR1,2018,domestic_league,4603,6418,Athlitiki Enosi Larisas,Panetolikos Agrinio,1,0
2018-09-29,3104593,GR1,2018,domestic_league,265,2671,Panathinaikos Athlitikos Omilos,PAS Giannina,2,1
2018-09-29,3104594,GR1,2018,domestic_league,653,2441,Omilos Filathlon Irakliou FC,Athlitiki Enosi Konstantinoupoleos,0,3
2018-09-29,3107618,RU1,2018,domestic_league,11127,3729,Ural Yekaterinburg,Arsenal Tula,2,1
2018-09-29,3107619,RU1,2018,domestic_league,28095,3714,FK Ufa,Enisey Krasnoyarsk,2,1
2018-09-29,3107620,RU1,2018,domestic_league,932,3725,"Футбольный клуб ""Локомотив"" Москва",RFK Akhmat Grozny,2,0
2018-09-29,3124448,SFA,2018,domestic_cup,23303,3458,Civil Service Strollers FC,Forres Mechanics FC,2,1
2018-09-29,3124449,SFA,2018,domestic_cup,3804,10935,Kelty Hearts FC,Dalbeattie Star FC,3,1
2018-09-30,3047533,FR1,2018,domestic_league,1082,244,LOSC Lille,Olympique Marseille,3,0
2018-09-30,3047535,FR1,2018,domestic_league,969,1160,Montpellier HSC,Nîmes Olympique,3,0
2018-09-30,3047538,FR1,2018,domestic_league,273,415,Stade Rennais FC,FC Toulouse,1,1
2018-09-30,3050229,GB1,2018,domestic_league,603,1132,Cardiff City,Burnley FC,1,2
2018-09-30,3058464,L1,2018,domestic_league,24,42,Eintracht Frankfurt,Hannover 96,4,1
2018-09-30,3058466,L1,2018,domestic_league,167,60,FC Augsburg,SC Freiburg,4,1
2018-09-30,3061060,NL1,2018,domestic_league,1304,1283,Heracles Almelo,FC Emmen,2,1
2018-09-30,3061061,NL1,2018,domestic_league,1090,1269,AZ Alkmaar,PEC Zwolle,2,2
2018-09-30,3061062,NL1,2018,domestic_league,642,403,De Graafschap Doetinchem,Willem II Tilburg,2,1
2018-09-30,3061063,NL1,2018,domestic_league,202,200,FC Groningen,FC Utrecht,1,1
2018-09-30,3061064,NL1,2018,domestic_league,234,499,Feyenoord Rotterdam,Vitesse Arnhem,2,1
2018-09-30,3063626,DK1,2018,domestic_league,1053,173,Aalborg BK,Odense Boldklub,0,1
2018-09-30,3063627,DK1,2018,domestic_league,206,2414,Bröndby IF,AC Horsens,1,2
2018-09-30,3063629,DK1,2018,domestic_league,3426,678,Esbjerg fB,Aarhus GF,0,0
2018-09-30,3063631,DK1,2018,domestic_league,19657,190,Vendsyssel FF,FC Copenhagen,2,1
2018-09-30,3069428,PO1,2018,domestic_league,982,2423,CD Nacional,CD Santa Clara,0,3
2018-09-30,3069433,PO1,2018,domestic_league,2457,1075,B SAD,SC Braga,0,3
2018-09-30,3069435,PO1,2018,domestic_league,2420,1085,Vitória Guimarães SC,Vitória Setúbal FC,1,1
2018-09-30,3069762,TR1,2018,domestic_league,126,36,Caykur Rizespor,Fenerbahce,3,0
2018-09-30,3069764,TR1,2018,domestic_league,2381,20,Sivasspor,Bursaspor,2,0
2018-09-30,3069769,TR1,2018,domestic_league,1467,2293,Göztepe,Konyaspor,3,2
2018-09-30,3076249,UKR1,2018,domestic_league,9007,338,Arsenal Kyiv,Dynamo Kyiv,0,1
2018-09-30,3076250,UKR1,2018,domestic_league,16239,2740,Desna Chernigiv,Vorskla Poltava,0,2
2018-09-30,3076251,UKR1,2018,domestic_league,10690,18105,Zorya Lugansk,PFK Lviv,0,0
2018-09-30,3076253,UKR1,2018,domestic_league,6992,6993,Chornomorets Odesa,FK Mariupol,0,1
2018-09-30,3079400,ES1,2018,domestic_league,150,1244,Real Betis Balompié,CD Leganés,1,0
2018-09-30,3079405,ES1,2018,domestic_league,3368,1108,Levante UD,Deportivo Alavés,2,1
2018-09-30,3079408,ES1,2018,domestic_league,5358,12321,SD Huesca,Girona FC,1,1
2018-09-30,3079409,ES1,2018,domestic_league,1050,366,Villarreal CF,Real Valladolid CF,0,1
2018-09-30,3080239,SC1,2018,domestic_league,1241,124,Livingston FC,Rangers FC,1,0
2018-09-30,3080986,IT1,2018,domestic_league,1025,410,Bologna Football Club 1909,Udinese Calcio,2,1
2018-09-30,3080987,IT1,2018,domestic_league,862,416,Chievo Verona,Torino FC,0,1
2018-09-30,3080988,IT1,2018,domestic_league,430,800,ACF Fiorentina,Atalanta BC,2,0
2018-09-30,3080989,IT1,2018,domestic_league,8970,252,Frosinone Calcio,Genoa CFC,1,2
2018-09-30,3080992,IT1,2018,domestic_league,130,749,Parma Calcio 1913,FC Empoli,1,0
2018-09-30,3080995,IT1,2018,domestic_league,6574,5,US Sassuolo,AC Milan,1,4
2018-09-30,3099234,BE1,2018,domestic_league,58,475,RSC Anderlecht,Sint-Truidense VV,0,0
2018-09-30,3099235,BE1,2018,domestic_league,2861,3057,KV Oostende,Standard Liège,1,3
2018-09-30,3099236,BE1,2018,domestic_league,1096,157,Royal Antwerp FC,KAA Gent,2,2
2018-09-30,3104596,GR1,2018,domestic_league,2672,3060,APO Levadiakos Football Club,APS Atromitos Athinon,0,2
2018-09-30,3104597,GR1,2018,domestic_league,605,6676,Aris Thessalonikis,A.G.S Asteras Tripolis,2,0
2018-09-30,3104598,GR1,2018,domestic_league,683,1091,Olympiakos Syndesmos Filathlon Peiraios,Panthessalonikios Athlitikos Omilos Konstantinoupoliton,0,1
2018-09-30,3104599,GR1,2018,domestic_league,441,169,Apollon Smyrnis,Panionios Athens,0,2
2018-09-30,3107621,RU1,2018,domestic_league,2700,964,Anzhi Makhachkala ( -2022),AO FK Zenit Sankt-Peterburg,2,1
2018-09-30,3107622,RU1,2018,domestic_league,16704,121,FK Krasnodar,FK Dinamo Moskva,3,0
2018-09-30,3107623,RU1,2018,domestic_league,232,1083,FK Spartak Moskva,FK Rostov,0,1
2018-10-01,3050228,GB1,2018,domestic_league,989,873,AFC Bournemouth,Crystal Palace,2,1
2018-10-01,3063628,DK1,2018,domestic_league,2778,5817,FC Nordsjaelland,Sönderjyske Fodbold,4,1
2018-10-01,3069434,PO1,2018,domestic_league,3336,7378,Desportivo Aves (- 2020),Portimonense SC,3,0
2018-10-01,3069761,TR1,2018,domestic_league,868,589,MKE Ankaragücü,Antalyaspor,0,1
2018-10-01,3069765,TR1,2018,domestic_league,6890,19789,Basaksehir FK,Yeni Malatyaspor,1,1
2018-10-01,3079401,ES1,2018,domestic_league,940,3709,Celta de Vigo,Getafe CF,1,1
2018-10-01,3080994,IT1,2018,domestic_league,1038,2722,UC Sampdoria,SPAL,2,1
2018-10-01,3104595,GR1,2018,domestic_league,3999,128,PAS Lamia 1964,AO Xanthi,0,0
2018-10-01,3107624,RU1,2018,domestic_league,2698,2696,FC Rubin Kazan,PFK Krylya Sovetov Samara,2,1
2018-10-02,3097987,CL,2018,international_cup,27,610,Bayern Munich,Ajax Amsterdam,1,1
2018-10-02,3097988,CL,2018,international_cup,2441,294,Athlitiki Enosi Konstantinoupoleos,SL Benfica,2,3
2018-10-02,3097989,CL,2018,international_cup,533,281,TSG 1899 Hoffenheim,Manchester City,1,2
2018-10-02,3097990,CL,2018,international_cup,1041,660,Olympique Lyon,FC Shakhtar Donetsk,2,2
2018-10-02,3097991,CL,2018,international_cup,2410,418,PFK CSKA Moskva,Real Madrid,1,0
2018-10-02,3097992,CL,2018,international_cup,12,941,Associazione Sportiva Roma,FC Viktoria Plzen,5,0
2018-10-02,3097993,CL,2018,international_cup,506,452,Juventus FC,BSC Young Boys,3,0
2018-10-02,3097994,CL,2018,international_cup,985,1049,Manchester United,Valencia CF,0,0
2018-10-02,3108461,GRP,2018,domestic_cup,6418,265,Panetolikos Agrinio,Panathinaikos Athlitikos Omilos,0,1
2018-10-03,3097979,CL,2018,international_cup,13,2282,Atlético de Madrid,Club Brugge KV,3,1
2018-10-03,3097980,CL,2018,international_cup,16,162,Borussia Dortmund,AS Monaco,3,0
2018-10-03,3097981,CL,2018,international_cup,148,131,Tottenham Hotspur,FC Barcelona,2,4
2018-10-03,3097982,CL,2018,international_cup,383,46,PSV Eindhoven,Inter Milan,1,2
2018-10-03,3097983,CL,2018,international_cup,583,159,Paris Saint-Germain,Red Star Belgrade,6,1
2018-10-03,3097984,CL,2018,international_cup,6195,31,SSC Napoli,Liverpool FC,1,0
2018-10-03,3097985,CL,2018,international_cup,932,33,"Футбольный клуб ""Локомотив"" Москва",FC Schalke 04,0,1
2018-10-03,3097986,CL,2018,international_cup,720,141,FC Porto,Galatasaray,1,0
2018-10-03,3106416,DKP,2018,domestic_cup,5767,2414,Middelfart Boldklub,AC Horsens,0,3
2018-10-03,3106419,DKP,2018,domestic_cup,9023,173,Thisted FC,Odense Boldklub,0,2
2018-10-03,3108458,GRP,2018,domestic_cup,65024,47,Thyella Kamariou,Iraklis Thessaloniki,0,3
2018-10-03,3108471,GRP,2018,domestic_cup,169,4603,Panionios Athens,Athlitiki Enosi Larisas,2,0
2018-10-04,3098683,EL,2018,other,713,1091,BATE Borisov,Panthessalonikios Athlitikos Omilos Konstantinoupoliton,1,4
2018-10-04,3098684,EL,2018,other,631,11107,Chelsea FC,Videoton FC Fehérvár,1,0
2018-10-04,3098685,EL,2018,other,22220,273,FC Astana,Stade Rennais FC,2,0
2018-10-04,3098686,EL,2018,other,1322,338,FK Jablonec,Dynamo Kyiv,2,2
2018-10-04,3098687,EL,2018,other,16704,368,FK Krasnodar,Sevilla FC,2,1
2018-10-04,3098688,EL,2018,other,3057,19771,Standard Liège,Akhisarspor,2,1
2018-10-04,3098689,EL,2018,other,496,114,Malmö Fotbollförening,Beşiktaş Jimnastik Kulübü,2,0
2018-10-04,3098690,EL,2018,other,10217,1184,Sarpsborg 08 Fotballforening,KRC Genk,3,1
2018-10-04,3098691,EL,2018,other,429,244,Apollon Limassol,Olympique Marseille,2,2
2018-10-04,3098692,EL,2018,other,24,398,Eintracht Frankfurt,Società Sportiva Lazio S.p.A.,4,1
2018-10-04,3098693,EL,2018,other,232,1050,FK Spartak Moskva,Villarreal CF,3,3
2018-10-04,3098694,EL,2018,other,124,170,Rangers FC,Rapid Vienna,3,1
2018-10-04,3098695,EL,2018,other,150,853,Real Betis Balompié,F91 Dudelange,3,0
2018-10-04,3098696,EL,2018,other,5,683,AC Milan,Olympiakos Syndesmos Filathlon Peiraios,3,1
2018-10-04,3098697,EL,2018,other,2740,336,Vorskla Poltava,Sporting CP,1,2
2018-10-04,3098698,EL,2018,other,10625,11,Qarabağ FK,Arsenal FC,0,3
2018-10-04,3098699,EL,2018,other,36,365,Fenerbahce,Spartak Trnava,2,0
2018-10-04,3098700,EL,2018,other,58,419,RSC Anderlecht,GNK Dinamo Zagreb,0,2
2018-10-04,3098701,EL,2018,other,40,190,FC Girondins Bordeaux,FC Copenhagen,1,2
2018-10-04,3098702,EL,2018,other,964,62,AO FK Zenit Sankt-Peterburg,SK Slavia Prague,1,0
2018-10-04,3098703,EL,2018,other,195,23826,Rosenborg Ballklub,RB Leipzig,1,3
2018-10-04,3098704,EL,2018,other,409,371,Fußballclub Red Bull Salzburg,Celtic FC,3,1
2018-10-04,3098705,EL,2018,other,15,2156,Bayer 04 Leverkusen,AEK Larnaca,4,2
2018-10-04,3098706,EL,2018,other,260,31614,FC Zürich,Ludogorets Razgrad,1,0
2018-10-05,3047550,FR1,2018,domestic_league,415,417,FC Toulouse,OGC Nice,1,1
2018-10-05,3050237,GB1,2018,domestic_league,1237,379,Brighton & Hove Albion,West Ham United,1,0
2018-10-05,3058473,L1,2018,domestic_league,86,82,SV Werder Bremen,VfL Wolfsburg,2,0
2018-10-05,3061065,NL1,2018,domestic_league,200,132,FC Utrecht,NAC Breda,2,1
2018-10-05,3063645,DK1,2018,domestic_league,5817,443,Sönderjyske Fodbold,Vejle Boldklub,3,0
2018-10-05,3069437,PO1,2018,domestic_league,2423,3325,CD Santa Clara,GD Chaves,1,0
2018-10-05,3069440,PO1,2018,domestic_league,7179,982,CD Tondela,CD Nacional,1,1
2018-10-05,3069441,PO1,2018,domestic_league,3349,2457,CD Feirense,B SAD,0,0
2018-10-05,3069775,TR1,2018,domestic_league,10484,1467,Kasimpasa,Göztepe,3,1
2018-10-05,3079411,ES1,2018,domestic_league,621,681,Athletic Bilbao,Real Sociedad,1,3
2018-10-05,3081040,IT1,2018,domestic_league,416,8970,Torino FC,Frosinone Calcio,3,2
2018-10-05,3099237,BE1,2018,domestic_league,520,172,Cercle Brugge,Royal Charleroi Sporting Club,2,1
2018-10-05,3110064,RU1,2018,domestic_league,3729,28095,Arsenal Tula,FK Ufa,1,1
2018-10-06,3047541,FR1,2018,domestic_league,1416,2969,Amiens SC,Dijon FCO,1,0
2018-10-06,3047542,FR1,2018,domestic_league,1420,667,Angers SCO,RC Strasbourg Alsace,2,2
2018-10-06,3047544,FR1,2018,domestic_league,855,969,EA Guingamp,Montpellier HSC,1,1
2018-10-06,3047545,FR1,2018,domestic_league,1082,618,LOSC Lille,AS Saint-Étienne,3,1
2018-10-06,3047548,FR1,2018,domestic_league,1160,1421,Nîmes Olympique,Stade Reims,0,0
2018-10-06,3050238,GB1,2018,domestic_league,1132,1110,Burnley FC,Huddersfield Town,1,1
2018-10-06,3050239,GB1,2018,domestic_league,873,543,Crystal Palace,Wolverhampton Wanderers,0,1
2018-10-06,3050241,GB1,2018,domestic_league,1003,29,Leicester City,Everton FC,1,2
2018-10-06,3050243,GB1,2018,domestic_league,985,762,Manchester United,Newcastle United,3,2
2018-10-06,3050245,GB1,2018,domestic_league,148,603,Tottenham Hotspur,Cardiff City,1,0
2018-10-06,3050246,GB1,2018,domestic_league,1010,989,Watford FC,AFC Bournemouth,0,4
2018-10-06,3058469,L1,2018,domestic_league,27,18,Bayern Munich,Borussia Mönchengladbach,0,3
2018-10-06,3058471,L1,2018,domestic_league,16,167,Borussia Dortmund,FC Augsburg,4,3
2018-10-06,3058474,L1,2018,domestic_league,42,79,Hannover 96,VfB Stuttgart,3,1
2018-10-06,3058476,L1,2018,domestic_league,39,44,1.FSV Mainz 05,Hertha BSC,0,0
2018-10-06,3058477,L1,2018,domestic_league,38,33,Fortuna Düsseldorf,FC Schalke 04,0,2
2018-10-06,3061066,NL1,2018,domestic_league,1268,202,ADO Den Haag,FC Groningen,1,0
2018-10-06,3061067,NL1,2018,domestic_league,1269,798,PEC Zwolle,Excelsior Rotterdam,2,0
2018-10-06,3061068,NL1,2018,domestic_league,383,1426,PSV Eindhoven,VVV-Venlo,4,0
2018-10-06,3061069,NL1,2018,domestic_league,642,306,De Graafschap Doetinchem,SC Heerenveen,0,5
2018-10-06,3063646,DK1,2018,domestic_league,173,678,Odense Boldklub,Aarhus GF,2,2
2018-10-06,3069438,PO1,2018,domestic_league,1301,2420,CS Marítimo,Vitória Guimarães SC,1,3
2018-10-06,3069439,PO1,2018,domestic_league,1085,979,Vitória Setúbal FC,Moreirense FC,3,0
2018-10-06,3069443,PO1,2018,domestic_league,1075,2425,SC Braga,Rio Ave FC,1,1
2018-10-06,3069771,TR1,2018,domestic_league,39722,11282,Erzurumspor FK,Alanyaspor,1,0
2018-10-06,3069773,TR1,2018,domestic_league,589,141,Antalyaspor,Galatasaray,0,1
2018-10-06,3069777,TR1,2018,domestic_league,3205,126,Kayserispor,Caykur Rizespor,2,2
2018-10-06,3069778,TR1,2018,domestic_league,20,868,Bursaspor,MKE Ankaragücü,1,0
2018-10-06,3076646,UKR1,2018,domestic_league,18303,6992,FC Oleksandriya,Chornomorets Odesa,3,2
2018-10-06,3076647,UKR1,2018,domestic_league,6993,2477,FK Mariupol,Karpaty Lviv (-2021),1,1
2018-10-06,3079410,ES1,2018,domestic_league,1108,418,Deportivo Alavés,Real Madrid,1,0
2018-10-06,3079414,ES1,2018,domestic_league,3709,3368,Getafe CF,Levante UD,0,1
2018-10-06,3079415,ES1,2018,domestic_league,1244,367,CD Leganés,Rayo Vallecano,1,0
2018-10-06,3079418,ES1,2018,domestic_league,12321,1533,Girona FC,SD Eibar,2,3
2018-10-06,3080241,SC1,2018,domestic_league,370,465,Aberdeen FC,St. Mirren FC,4,1
2018-10-06,3080242,SC1,2018,domestic_league,511,2553,Dundee FC,Kilmarnock FC,1,2
2018-10-06,3080243,SC1,2018,domestic_league,903,2999,Hibernian FC,Hamilton Academical FC,6,0
2018-10-06,3080244,SC1,2018,domestic_league,987,1241,Motherwell FC,Livingston FC,1,1
2018-10-06,3081033,IT1,2018,domestic_league,1390,1025,Cagliari Calcio,Bologna Football Club 1909,2,0
2018-10-06,3081034,IT1,2018,domestic_league,749,12,FC Empoli,Associazione Sportiva Roma,0,2
2018-10-06,3081041,IT1,2018,domestic_league,410,506,Udinese Calcio,Juventus FC,0,2
2018-10-06,3099238,BE1,2018,domestic_league,1245,1096,KAS Eupen,Royal Antwerp FC,1,2
2018-10-06,3099239,BE1,2018,domestic_league,498,601,KSC Lokeren (- 2020),KV Kortrijk,1,3
2018-10-06,3099240,BE1,2018,domestic_league,475,29228,Sint-Truidense VV,Royal Excel Mouscron (-2022),3,1
2018-10-06,3099241,BE1,2018,domestic_league,28643,2861,SK Beveren,KV Oostende,1,1
2018-10-06,3104600,GR1,2018,domestic_league,169,605,Panionios Athens,Aris Thessalonikis,1,0
2018-10-06,3104601,GR1,2018,domestic_league,6418,2672,Panetolikos Agrinio,APO Levadiakos Football Club,2,1
2018-10-06,3104602,GR1,2018,domestic_league,6676,265,A.G.S Asteras Tripolis,Panathinaikos Athlitikos Omilos,1,1
2018-10-06,3110065,RU1,2018,domestic_league,2696,121,PFK Krylya Sovetov Samara,FK Dinamo Moskva,1,0
2018-10-06,3110066,RU1,2018,domestic_league,1083,14589,FK Rostov,FC Orenburg,0,1
2018-10-06,3110067,RU1,2018,domestic_league,2698,11127,FC Rubin Kazan,Ural Yekaterinburg,1,0
2018-10-07,3047543,FR1,2018,domestic_league,40,995,FC Girondins Bordeaux,FC Nantes,3,0
2018-10-07,3047546,FR1,2018,domestic_league,244,1162,Olympique Marseille,SM Caen,2,0
2018-10-07,3047547,FR1,2018,domestic_league,162,273,AS Monaco,Stade Rennais FC,1,2
2018-10-07,3047549,FR1,2018,domestic_league,583,1041,Paris Saint-Germain,Olympique Lyon,5,0
2018-10-07,3050240,GB1,2018,domestic_league,931,11,Fulham FC,Arsenal FC,1,5
2018-10-07,3050242,GB1,2018,domestic_league,31,281,Liverpool FC,Manchester City,0,0
2018-10-07,3050244,GB1,2018,domestic_league,180,631,Southampton FC,Chelsea FC,0,3
2018-10-07,3058470,L1,2018,domestic_league,533,24,TSG 1899 Hoffenheim,Eintracht Frankfurt,1,2
2018-10-07,3058472,L1,2018,domestic_league,23826,4,RB Leipzig,1.FC Nuremberg,6,0
2018-10-07,3058475,L1,2018,domestic_league,60,15,SC Freiburg,Bayer 04 Leverkusen,0,0
2018-10-07,3061070,NL1,2018,domestic_league,1283,385,FC Emmen,Fortuna Sittardia Combinatie,3,3
2018-10-07,3061071,NL1,2018,domestic_league,499,1304,Vitesse Arnhem,Heracles Almelo,4,0
2018-10-07,3061072,NL1,2018,domestic_league,403,234,Willem II Tilburg,Feyenoord Rotterdam,1,1
2018-10-07,3061073,NL1,2018,domestic_league,610,1090,Ajax Amsterdam,AZ Alkmaar,5,0
2018-10-07,3063641,DK1,2018,domestic_league,1053,206,Aalborg BK,Bröndby IF,1,3
2018-10-07,3063642,DK1,2018,domestic_league,5818,2778,Hobro IK,FC Nordsjaelland,3,2
2018-10-07,3063643,DK1,2018,domestic_league,2414,3426,AC Horsens,Esbjerg fB,1,2
2018-10-07,3063644,DK1,2018,domestic_league,190,5724,FC Copenhagen,Randers FC,4,0
2018-10-07,3063647,DK1,2018,domestic_league,865,19657,FC Midtjylland,Vendsyssel FF,3,0
2018-10-07,3069442,PO1,2018,domestic_league,2503,3336,Boavista FC,Desportivo Aves (- 2020),1,0
2018-10-07,3069444,PO1,2018,domestic_league,294,720,SL Benfica,FC Porto,1,0
2018-10-07,3069445,PO1,2018,domestic_league,7378,336,Portimonense SC,Sporting CP,4,2
2018-10-07,3069770,TR1,2018,domestic_league,19789,2381,Yeni Malatyaspor,Sivasspor,4,4
2018-10-07,3069772,TR1,2018,domestic_league,36,6890,Fenerbahce,Basaksehir FK,0,0
2018-10-07,3069774,TR1,2018,domestic_league,19771,449,Akhisarspor,Trabzonspor,1,3
2018-10-07,3069776,TR1,2018,domestic_league,2293,114,Konyaspor,Beşiktaş Jimnastik Kulübü,2,2
2018-10-07,3076648,UKR1,2018,domestic_league,660,10690,FC Shakhtar Donetsk,Zorya Lugansk,1,1
2018-10-07,3076649,UKR1,2018,domestic_league,18105,16239,PFK Lviv,Desna Chernigiv,1,3
2018-10-07,3076650,UKR1,2018,domestic_league,2740,9007,Vorskla Poltava,Arsenal Kyiv,0,2
2018-10-07,3076651,UKR1,2018,domestic_league,338,23611,Dynamo Kyiv,Olimpik Donetsk,1,0
2018-10-07,3079412,ES1,2018,domestic_league,13,150,Atlético de Madrid,Real Betis Balompié,1,0
2018-10-07,3079413,ES1,2018,domestic_league,714,1050,RCD Espanyol Barcelona,Villarreal CF,3,1
2018-10-07,3079416,ES1,2018,domestic_league,1049,131,Valencia CF,FC Barcelona,1,1
2018-10-07,3079417,ES1,2018,domestic_league,368,940,Sevilla FC,Celta de Vigo,2,1
2018-10-07,3079419,ES1,2018,domestic_league,366,5358,Real Valladolid CF,SD Huesca,1,0
2018-10-07,3080245,SC1,2018,domestic_league,124,43,Rangers FC,Heart of Midlothian FC,3,1
2018-10-07,3080246,SC1,2018,domestic_league,2578,371,St. Johnstone FC,Celtic FC,0,6
2018-10-07,3081032,IT1,2018,domestic_league,800,1038,Atalanta BC,UC Sampdoria,0,1
2018-10-07,3081035,IT1,2018,domestic_league,252,130,Genoa CFC,Parma Calcio 1913,1,3
2018-10-07,3081036,IT1,2018,domestic_league,398,430,Società Sportiva Lazio S.p.A.,ACF Fiorentina,1,0
2018-10-07,3081037,IT1,2018,domestic_league,5,862,AC Milan,Chievo Verona,3,1
2018-10-07,3081038,IT1,2018,domestic_league,6195,6574,SSC Napoli,US Sassuolo,2,0
2018-10-07,3081039,IT1,2018,domestic_league,2722,46,SPAL,Inter Milan,1,2
2018-10-07,3099242,BE1,2018,domestic_league,3508,58,Zulte Waregem,RSC Anderlecht,1,2
2018-10-07,3099243,BE1,2018,domestic_league,3057,2282,Standard Liège,Club Brugge KV,3,1
2018-10-07,3099244,BE1,2018,domestic_league,157,1184,KAA Gent,KRC Genk,1,5
2018-10-07,3104603,GR1,2018,domestic_league,3999,653,PAS Lamia 1964,Omilos Filathlon Irakliou FC,1,1
2018-10-07,3104604,GR1,2018,domestic_league,1091,441,Panthessalonikios Athlitikos Omilos Konstantinoupoliton,Apollon Smyrnis,2,0
2018-10-07,3104605,GR1,2018,domestic_league,3060,2671,APS Atromitos Athinon,PAS Giannina,1,0
2018-10-07,3104606,GR1,2018,domestic_league,2441,683,Athlitiki Enosi Konstantinoupoleos,Olympiakos Syndesmos Filathlon Peiraios,1,1
2018-10-07,3110068,RU1,2018,domestic_league,3714,232,Enisey Krasnoyarsk,FK Spartak Moskva,2,3
2018-10-07,3110069,RU1,2018,domestic_league,3725,2700,RFK Akhmat Grozny,Anzhi Makhachkala ( -2022),0,0
2018-10-07,3110070,RU1,2018,domestic_league,964,16704,AO FK Zenit Sankt-Peterburg,FK Krasnodar,2,1
2018-10-07,3110071,RU1,2018,domestic_league,2410,932,PFK CSKA Moskva,"Футбольный клуб ""Локомотив"" Москва",0,1
2018-10-08,3104607,GR1,2018,domestic_league,128,4603,AO Xanthi,Athlitiki Enosi Larisas,1,0
2018-10-10,3096317,RUP,2018,domestic_cup,12054,2410,FC Tyumen,PFK CSKA Moskva,4,1
2018-10-10,3106428,DKP,2018,domestic_cup,5733,443,Nyköbing FC,Vejle Boldklub,1,2
2018-10-12,3108459,GRP,2018,domestic_cup,2441,3999,Athlitiki Enosi Konstantinoupoleos,PAS Lamia 1964,2,1
2018-10-13,3093833,POCP,2018,,3336,2425,Desportivo Aves (- 2020),Rio Ave FC,3,0
2018-10-16,3106645,CDR,2018,domestic_cup,1531,993,Elche CF,Córdoba CF,1,4
2018-10-17,3106639,CDR,2018,domestic_cup,40175,7052,UD Mutilvera,CF Villanovense,1,3
2018-10-17,3106640,CDR,2018,domestic_cup,12697,4030,UE Sant Andreu,CD Calahorra,1,0
2018-10-17,3106641,CDR,2018,domestic_cup,47880,33593,CD Ebro,Lleida Esportiu,2,1
2018-10-17,3106642,CDR,2018,domestic_cup,16492,15447,UD Melilla,Ontinyent CF,2,0
2018-10-17,3106643,CDR,2018,domestic_cup,630,24420,Racing Santander,UD Logroñés,1,0
2018-10-17,3106644,CDR,2018,domestic_cup,34559,4542,La Hoya Lorca CF,Cultural Leonesa,0,3
2018-10-17,3106648,CDR,2018,domestic_cup,11000,11596,CD Lugo,AD Alcorcón,1,0
2018-10-17,3106649,CDR,2018,domestic_cup,142,2687,Real Zaragoza,Cádiz CF,0,1
2018-10-18,3106646,CDR,2018,domestic_cup,3302,13225,UD Almería,CF Reus Deportiu,3,1
2018-10-18,3106647,CDR,2018,domestic_cup,13702,2448,CF Rayo Majadahonda,Sporting Gijón,4,5
2018-10-19,3047553,FR1,2018,domestic_league,1041,1160,Olympique Lyon,Nîmes Olympique,2,0
2018-10-19,3058481,L1,2018,domestic_league,24,38,Eintracht Frankfurt,Fortuna Düsseldorf,7,1
2018-10-19,3063659,DK1,2018,domestic_league,3426,5818,Esbjerg fB,Hobro IK,2,0
2018-10-19,3069781,TR1,2018,domestic_league,141,20,Galatasaray,Bursaspor,1,1
2018-10-19,3076654,UKR1,2018,domestic_league,660,16239,FC Shakhtar Donetsk,Desna Chernigiv,1,0
2018-10-19,3079423,ES1,2018,domestic_league,940,1108,Celta de Vigo,Deportivo Alavés,0,1
2018-10-19,3099245,BE1,2018,domestic_league,2282,28643,Club Brugge KV,SK Beveren,1,1
2018-10-19,3111517,RU1,2018,domestic_league,2700,2410,Anzhi Makhachkala ( -2022),PFK CSKA Moskva,0,2
2018-10-19,3111518,RU1,2018,domestic_league,932,1083,"Футбольный клуб ""Локомотив"" Москва",FK Rostov,2,1
2018-10-20,3047551,FR1,2018,domestic_league,1162,855,SM Caen,EA Guingamp,0,0
2018-10-20,3047552,FR1,2018,domestic_league,2969,1082,Dijon FCO,LOSC Lille,1,2
2018-10-20,3047554,FR1,2018,domestic_league,995,415,FC Nantes,FC Toulouse,4,0
2018-10-20,3047557,FR1,2018,domestic_league,583,1416,Paris Saint-Germain,Amiens SC,5,0
2018-10-20,3047558,FR1,2018,domestic_league,1421,1420,Stade Reims,Angers SCO,1,1
2018-10-20,3047560,FR1,2018,domestic_league,667,162,RC Strasbourg Alsace,AS Monaco,2,1
2018-10-20,3050248,GB1,2018,domestic_league,989,180,AFC Bournemouth,Southampton FC,0,0
2018-10-20,3050249,GB1,2018,domestic_league,603,931,Cardiff City,Fulham FC,4,2
2018-10-20,3050250,GB1,2018,domestic_league,631,985,Chelsea FC,Manchester United,2,2
2018-10-20,3050252,GB1,2018,domestic_league,1110,31,Huddersfield Town,Liverpool FC,0,1
2018-10-20,3050253,GB1,2018,domestic_league,281,1132,Manchester City,Burnley FC,5,0
2018-10-20,3050254,GB1,2018,domestic_league,762,1237,Newcastle United,Brighton & Hove Albion,0,1
2018-10-20,3050255,GB1,2018,domestic_league,379,148,West Ham United,Tottenham Hotspur,0,1
2018-10-20,3050256,GB1,2018,domestic_league,543,1010,Wolverhampton Wanderers,Watford FC,0,2
2018-10-20,3058478,L1,2018,domestic_league,33,86,FC Schalke 04,SV Werder Bremen,0,2
2018-10-20,3058479,L1,2018,domestic_league,15,42,Bayer 04 Leverkusen,Hannover 96,2,2
2018-10-20,3058480,L1,2018,domestic_league,79,16,VfB Stuttgart,Borussia Dortmund,0,4
2018-10-20,3058484,L1,2018,domestic_league,167,23826,FC Augsburg,RB Leipzig,0,0
2018-10-20,3058485,L1,2018,domestic_league,82,27,VfL Wolfsburg,Bayern Munich,1,3
2018-10-20,3058486,L1,2018,domestic_league,4,533,1.FC Nuremberg,TSG 1899 Hoffenheim,1,3
2018-10-20,3061074,NL1,2018,domestic_league,798,499,Excelsior Rotterdam,Vitesse Arnhem,2,0
2018-10-20,3061075,NL1,2018,domestic_league,383,1283,PSV Eindhoven,FC Emmen,6,0
2018-10-20,3061076,NL1,2018,domestic_league,200,1090,FC Utrecht,AZ Alkmaar,2,1
2018-10-20,3061077,NL1,2018,domestic_league,306,610,SC Heerenveen,Ajax Amsterdam,0,4
2018-10-20,3063662,DK1,2018,domestic_league,2778,865,FC Nordsjaelland,FC Midtjylland,1,4
2018-10-20,3069779,TR1,2018,domestic_league,6890,3205,Basaksehir FK,Kayserispor,1,0
2018-10-20,3069780,TR1,2018,domestic_league,10484,19771,Kasimpasa,Akhisarspor,5,0
2018-10-20,3069783,TR1,2018,domestic_league,2381,36,Sivasspor,Fenerbahce,0,0
2018-10-20,3076652,UKR1,2018,domestic_league,2740,338,Vorskla Poltava,Dynamo Kyiv,0,1
2018-10-20,3076655,UKR1,2018,domestic_league,6993,10690,FK Mariupol,Zorya Lugansk,3,2
2018-10-20,3079421,ES1,2018,domestic_league,131,368,FC Barcelona,Sevilla FC,4,2
2018-10-20,3079425,ES1,2018,domestic_league,1050,13,Villarreal CF,Atlético de Madrid,1,1
2018-10-20,3079429,ES1,2018,domestic_league,1049,1244,Valencia CF,CD Leganés,1,1
2018-10-20,3079430,ES1,2018,domestic_league,418,3368,Real Madrid,Levante UD,1,2
2018-10-20,3080247,SC1,2018,domestic_league,371,903,Celtic FC,Hibernian FC,4,2
2018-10-20,3080249,SC1,2018,domestic_league,43,370,Heart of Midlothian FC,Aberdeen FC,2,1
2018-10-20,3080250,SC1,2018,domestic_league,1241,511,Livingston FC,Dundee FC,4,0
2018-10-20,3080251,SC1,2018,domestic_league,987,2578,Motherwell FC,St. Johnstone FC,0,1
2018-10-20,3080252,SC1,2018,domestic_league,465,2553,St. Mirren FC,Kilmarnock FC,1,2
2018-10-20,3081047,IT1,2018,domestic_league,506,252,Juventus FC,Genoa CFC,1,1
2018-10-20,3081049,IT1,2018,domestic_league,12,2722,Associazione Sportiva Roma,SPAL,0,2
2018-10-20,3081051,IT1,2018,domestic_league,410,6195,Udinese Calcio,SSC Napoli,0,3
2018-10-20,3099246,BE1,2018,domestic_league,29228,3057,Royal Excel Mouscron (-2022),Standard Liège,0,0
2018-10-20,3099247,BE1,2018,domestic_league,601,475,KV Kortrijk,Sint-Truidense VV,3,1
2018-10-20,3099248,BE1,2018,domestic_league,1096,498,Royal Antwerp FC,KSC Lokeren (- 2020),2,1
2018-10-20,3099249,BE1,2018,domestic_league,1184,1245,KRC Genk,KAS Eupen,2,1
2018-10-20,3111519,RU1,2018,domestic_league,14589,3714,FC Orenburg,Enisey Krasnoyarsk,0,0
2018-10-20,3111520,RU1,2018,domestic_league,11127,2696,Ural Yekaterinburg,PFK Krylya Sovetov Samara,1,1
2018-10-20,3111521,RU1,2018,domestic_league,28095,2698,FK Ufa,FC Rubin Kazan,0,0
2018-10-20,3113744,GR1,2018,domestic_league,265,169,Panathinaikos Athlitikos Omilos,Panionios Athens,1,0
2018-10-20,3113745,GR1,2018,domestic_league,2671,6418,PAS Giannina,Panetolikos Agrinio,0,2
2018-10-20,3113746,GR1,2018,domestic_league,441,2441,Apollon Smyrnis,Athlitiki Enosi Konstantinoupoleos,0,2
2018-10-20,3113747,GR1,2018,domestic_league,4603,3999,Athlitiki Enosi Larisas,PAS Lamia 1964,1,2
2018-10-20,3118717,SFA,2018,domestic_cup,2801,24574,Berwick Rangers FC,Gretna FC 2008,3,1
2018-10-20,3118718,SFA,2018,domestic_cup,8942,5660,Beith Juniors FC,Linlithgow Rose FC,4,0
2018-10-20,3118719,SFA,2018,domestic_cup,3491,23685,Brora Rangers FC,Coldstream FC,6,0
2018-10-20,3118720,SFA,2018,domestic_cup,3027,2575,Cowdenbeath FC,Clyde FC,2,1
2018-10-20,3118721,SFA,2018,domestic_cup,4223,23692,Deveronvale FC,University of Stirling FC,1,2
2018-10-20,3118722,SFA,2018,domestic_cup,44914,23616,Caledonian Braves FC,Fraserburgh FC,1,2
2018-10-20,3118723,SFA,2018,domestic_cup,3028,13677,Elgin City FC,Whitehill Welfare FC,2,0
2018-10-20,3118724,SFA,2018,domestic_cup,11379,3000,Gala Fairydean Rovers FC,East Stirlingshire FC,2,0
2018-10-20,3118725,SFA,2018,domestic_cup,3032,3804,Peterhead FC,Kelty Hearts FC,3,2
2018-10-20,3118726,SFA,2018,domestic_cup,23619,3015,Rothes FC,Annan Athletic FC,0,1
2018-10-20,3118727,SFA,2018,domestic_cup,3033,3031,Stirling Albion FC,Queen's Park FC,1,2
2018-10-20,3118728,SFA,2018,domestic_cup,3014,23613,Albion Rovers FC,Formartine United FC,0,2
2018-10-20,3118729,SFA,2018,domestic_cup,12886,23303,Edinburgh City FC,Civil Service Strollers FC,1,0
2018-10-20,3118730,SFA,2018,domestic_cup,28457,17602,East Kilbride FC,The Spartans FC,3,1
2018-10-20,3118731,SFA,2018,domestic_cup,8933,6567,Cove Rangers FC,Auchinleck Talbot FC,1,1
2018-10-20,3118732,SFA,2018,domestic_cup,49189,44482,Cumbernauld Colts FC,BSC Glasgow,1,4
2018-10-21,3047555,FR1,2018,domestic_league,969,40,Montpellier HSC,FC Girondins Bordeaux,2,0
2018-10-21,3047556,FR1,2018,domestic_league,417,244,OGC Nice,Olympique Marseille,0,1
2018-10-21,3047559,FR1,2018,domestic_league,618,273,AS Saint-Étienne,Stade Rennais FC,1,1
2018-10-21,3050251,GB1,2018,domestic_league,29,873,Everton FC,Crystal Palace,2,0
2018-10-21,3058482,L1,2018,domestic_league,18,39,Borussia Mönchengladbach,1.FSV Mainz 05,4,0
2018-10-21,3058483,L1,2018,domestic_league,44,60,Hertha BSC,SC Freiburg,1,1
2018-10-21,3061078,NL1,2018,domestic_league,132,403,NAC Breda,Willem II Tilburg,2,2
2018-10-21,3061079,NL1,2018,domestic_league,234,1269,Feyenoord Rotterdam,PEC Zwolle,3,0
2018-10-21,3061080,NL1,2018,domestic_league,1304,202,Heracles Almelo,FC Groningen,4,1
2018-10-21,3061081,NL1,2018,domestic_league,1426,1268,VVV-Venlo,ADO Den Haag,2,0
2018-10-21,3061082,NL1,2018,domestic_league,385,642,Fortuna Sittardia Combinatie,De Graafschap Doetinchem,3,1
2018-10-21,3063657,DK1,2018,domestic_league,5724,5817,Randers FC,Sönderjyske Fodbold,1,1
2018-10-21,3063658,DK1,2018,domestic_league,678,1053,Aarhus GF,Aalborg BK,2,2
2018-10-21,3063660,DK1,2018,domestic_league,19657,2414,Vendsyssel FF,AC Horsens,0,1
2018-10-21,3063661,DK1,2018,domestic_league,443,190,Vejle Boldklub,FC Copenhagen,1,3
2018-10-21,3069782,TR1,2018,domestic_league,868,19789,MKE Ankaragücü,Yeni Malatyaspor,1,0
2018-10-21,3069784,TR1,2018,domestic_league,126,2293,Caykur Rizespor,Konyaspor,1,1
2018-10-21,3069786,TR1,2018,domestic_league,11282,589,Alanyaspor,Antalyaspor,0,1
2018-10-21,3069787,TR1,2018,domestic_league,1467,114,Göztepe,Beşiktaş Jimnastik Kulübü,2,0
2018-10-21,3076653,UKR1,2018,domestic_league,18105,9007,PFK Lviv,Arsenal Kyiv,1,0
2018-10-21,3076656,UKR1,2018,domestic_league,18303,2477,FC Oleksandriya,Karpaty Lviv (-2021),2,1
2018-10-21,3076657,UKR1,2018,domestic_league,23611,6992,Olimpik Donetsk,Chornomorets Odesa,1,0
2018-10-21,3079422,ES1,2018,domestic_league,150,366,Real Betis Balompié,Real Valladolid CF,0,1
2018-10-21,3079424,ES1,2018,domestic_league,1533,621,SD Eibar,Athletic Bilbao,1,1
2018-10-21,3079426,ES1,2018,domestic_league,5358,714,SD Huesca,RCD Espanyol Barcelona,0,2
2018-10-21,3079427,ES1,2018,domestic_league,367,3709,Rayo Vallecano,Getafe CF,1,2
2018-10-21,3080248,SC1,2018,domestic_league,2999,124,Hamilton Academical FC,Rangers FC,1,4
2018-10-21,3081042,IT1,2018,domestic_league,1025,416,Bologna Football Club 1909,Torino FC,2,2
2018-10-21,3081043,IT1,2018,domestic_league,862,800,Chievo Verona,Atalanta BC,1,5
2018-10-21,3081044,IT1,2018,domestic_league,430,1390,ACF Fiorentina,Cagliari Calcio,1,1
2018-10-21,3081045,IT1,2018,domestic_league,8970,749,Frosinone Calcio,FC Empoli,3,3
2018-10-21,3081046,IT1,2018,domestic_league,46,5,Inter Milan,AC Milan,1,0
2018-10-21,3081048,IT1,2018,domestic_league,130,398,Parma Calcio 1913,Società Sportiva Lazio S.p.A.,0,2
2018-10-21,3099250,BE1,2018,domestic_league,58,520,RSC Anderlecht,Cercle Brugge,4,2
2018-10-21,3099251,BE1,2018,domestic_league,2861,157,KV Oostende,KAA Gent,0,4
2018-10-21,3099252,BE1,2018,domestic_league,172,3508,Royal Charleroi Sporting Club,Zulte Waregem,3,2
2018-10-21,3111522,RU1,2018,domestic_league,121,964,FK Dinamo Moskva,AO FK Zenit Sankt-Peterburg,1,0
2018-10-21,3111523,RU1,2018,domestic_league,232,3729,FK Spartak Moskva,Arsenal Tula,2,3
2018-10-21,3111524,RU1,2018,domestic_league,16704,3725,FK Krasnodar,RFK Akhmat Grozny,0,1
2018-10-21,3113748,GR1,2018,domestic_league,2672,128,APO Levadiakos Football Club,AO Xanthi,1,2
2018-10-21,3113749,GR1,2018,domestic_league,605,1091,Aris Thessalonikis,Panthessalonikios Athlitikos Omilos Konstantinoupoliton,1,2
2018-10-21,3113750,GR1,2018,domestic_league,653,683,Omilos Filathlon Irakliou FC,Olympiakos Syndesmos Filathlon Peiraios,1,0
2018-10-22,3050247,GB1,2018,domestic_league,11,1003,Arsenal FC,Leicester City,3,1
2018-10-22,3063656,DK1,2018,domestic_league,206,173,Bröndby IF,Odense Boldklub,1,1
2018-10-22,3069785,TR1,2018,domestic_league,449,39722,Trabzonspor,Erzurumspor FK,0,0
2018-10-22,3079428,ES1,2018,domestic_league,681,12321,Real Sociedad,Girona FC,0,0
2018-10-22,3081050,IT1,2018,domestic_league,1038,6574,UC Sampdoria,US Sassuolo,0,0
2018-10-22,3113751,GR1,2018,domestic_league,3060,6676,APS Atromitos Athinon,A.G.S Asteras Tripolis,3,2
2018-10-23,3080255,SC1,2018,domestic_league,511,43,Dundee FC,Heart of Midlothian FC,0,3
2018-10-23,3098003,CL,2018,international_cup,610,294,Ajax Amsterdam,SL Benfica,1,0
2018-10-23,3098004,CL,2018,international_cup,2441,27,Athlitiki Enosi Konstantinoupoleos,Bayern Munich,0,2
2018-10-23,3098005,CL,2018,international_cup,660,281,FC Shakhtar Donetsk,Manchester City,0,3
2018-10-23,3098006,CL,2018,international_cup,533,1041,TSG 1899 Hoffenheim,Olympique Lyon,3,3
2018-10-23,3098007,CL,2018,international_cup,418,941,Real Madrid,FC Viktoria Plzen,2,1
2018-10-23,3098008,CL,2018,international_cup,12,2410,Associazione Sportiva Roma,PFK CSKA Moskva,3,0
2018-10-23,3098009,CL,2018,international_cup,452,1049,BSC Young Boys,Valencia CF,1,1
2018-10-23,3098010,CL,2018,international_cup,985,506,Manchester United,Juventus FC,0,1
2018-10-24,3079329,ES1,2018,domestic_league,367,621,Rayo Vallecano,Athletic Bilbao,1,1
2018-10-24,3097995,CL,2018,international_cup,2282,162,Club Brugge KV,AS Monaco,1,1
2018-10-24,3097996,CL,2018,international_cup,16,13,Borussia Dortmund,Atlético de Madrid,4,0
2018-10-24,3097997,CL,2018,international_cup,383,148,PSV Eindhoven,Tottenham Hotspur,2,2
2018-10-24,3097998,CL,2018,international_cup,131,46,FC Barcelona,Inter Milan,2,0
2018-10-24,3097999,CL,2018,international_cup,583,6195,Paris Saint-Germain,SSC Napoli,2,2
2018-10-24,3098000,CL,2018,international_cup,31,159,Liverpool FC,Red Star Belgrade,4,0
2018-10-24,3098001,CL,2018,international_cup,932,720,"Футбольный клуб ""Локомотив"" Москва",FC Porto,1,3
2018-10-24,3098002,CL,2018,international_cup,141,33,Galatasaray,FC Schalke 04,0,0
2018-10-25,3098707,EL,2018,other,260,15,FC Zürich,Bayer 04 Leverkusen,3,2
2018-10-25,3098708,EL,2018,other,2156,31614,AEK Larnaca,Ludogorets Razgrad,1,1
2018-10-25,3098709,EL,2018,other,409,195,Fußballclub Red Bull Salzburg,Rosenborg Ballklub,3,0
2018-10-25,3098710,EL,2018,other,23826,371,RB Leipzig,Celtic FC,2,0
2018-10-25,3098711,EL,2018,other,964,40,AO FK Zenit Sankt-Peterburg,FC Girondins Bordeaux,2,1
2018-10-25,3098712,EL,2018,other,190,62,FC Copenhagen,SK Slavia Prague,0,1
2018-10-25,3098713,EL,2018,other,58,36,RSC Anderlecht,Fenerbahce,2,2
2018-10-25,3098714,EL,2018,other,365,419,Spartak Trnava,GNK Dinamo Zagreb,1,2
2018-10-25,3098715,EL,2018,other,10625,2740,Qarabağ FK,Vorskla Poltava,0,1
2018-10-25,3098716,EL,2018,other,336,11,Sporting CP,Arsenal FC,0,1
2018-10-25,3098717,EL,2018,other,5,150,AC Milan,Real Betis Balompié,1,2
2018-10-25,3098718,EL,2018,other,853,683,F91 Dudelange,Olympiakos Syndesmos Filathlon Peiraios,0,2
2018-10-25,3098719,EL,2018,other,124,232,Rangers FC,FK Spartak Moskva,0,0
2018-10-25,3098720,EL,2018,other,1050,170,Villarreal CF,Rapid Vienna,5,0
2018-10-25,3098721,EL,2018,other,24,429,Eintracht Frankfurt,Apollon Limassol,2,0
2018-10-25,3098722,EL,2018,other,244,398,Olympique Marseille,Società Sportiva Lazio S.p.A.,1,3
2018-10-25,3098723,EL,2018,other,10217,496,Sarpsborg 08 Fotballforening,Malmö Fotbollförening,1,1
2018-10-25,3098724,EL,2018,other,114,1184,Beşiktaş Jimnastik Kulübü,KRC Genk,2,4
2018-10-25,3098725,EL,2018,other,3057,16704,Standard Liège,FK Krasnodar,2,1
2018-10-25,3098726,EL,2018,other,368,19771,Sevilla FC,Akhisarspor,6,0
2018-10-25,3098727,EL,2018,other,1322,22220,FK Jablonec,FC Astana,1,1
2018-10-25,3098728,EL,2018,other,273,338,Stade Rennais FC,Dynamo Kyiv,1,2
2018-10-25,3098729,EL,2018,other,631,713,Chelsea FC,BATE Borisov,3,1
2018-10-25,3098730,EL,2018,other,1091,11107,Panthessalonikios Athlitikos Omilos Konstantinoupoliton,Videoton FC Fehérvár,0,2
2018-10-25,3118261,RUP,2018,domestic_cup,2698,121,FC Rubin Kazan,FK Dinamo Moskva,1,0
2018-10-26,3047568,FR1,2018,domestic_league,1160,618,Nîmes Olympique,AS Saint-Étienne,1,1
2018-10-26,3058492,L1,2018,domestic_league,60,18,SC Freiburg,Borussia Mönchengladbach,3,1
2018-10-26,3061083,NL1,2018,domestic_league,1283,1426,FC Emmen,VVV-Venlo,1,1
2018-10-26,3063669,DK1,2018,domestic_league,5817,173,Sönderjyske Fodbold,Odense Boldklub,0,0
2018-10-26,3069459,PO1,2018,domestic_league,2420,1075,Vitória Guimarães SC,SC Braga,1,1
2018-10-26,3069463,PO1,2018,domestic_league,982,7378,CD Nacional,Portimonense SC,0,1
2018-10-26,3069789,TR1,2018,domestic_league,20,11282,Bursaspor,Alanyaspor,2,0
2018-10-26,3079438,ES1,2018,domestic_league,366,714,Real Valladolid CF,RCD Espanyol Barcelona,1,1
2018-10-26,3099253,BE1,2018,domestic_league,157,172,KAA Gent,Royal Charleroi Sporting Club,2,1
2018-10-27,3047561,FR1,2018,domestic_league,1416,995,Amiens SC,FC Nantes,1,2
2018-10-27,3047562,FR1,2018,domestic_league,1420,1041,Angers SCO,Olympique Lyon,1,2
2018-10-27,3047564,FR1,2018,domestic_league,855,667,EA Guingamp,RC Strasbourg Alsace,1,1
2018-10-27,3047565,FR1,2018,domestic_league,1082,1162,LOSC Lille,SM Caen,1,0
2018-10-27,3047567,FR1,2018,domestic_league,162,2969,AS Monaco,Dijon FCO,2,2
2018-10-27,3047570,FR1,2018,domestic_league,415,969,FC Toulouse,Montpellier HSC,0,3
2018-10-27,3050257,GB1,2018,domestic_league,1237,543,Brighton & Hove Albion,Wolverhampton Wanderers,1,0
2018-10-27,3050260,GB1,2018,domestic_league,931,989,Fulham FC,AFC Bournemouth,0,3
2018-10-27,3050261,GB1,2018,domestic_league,1003,379,Leicester City,West Ham United,1,1
2018-10-27,3050262,GB1,2018,domestic_league,31,603,Liverpool FC,Cardiff City,4,1
2018-10-27,3050264,GB1,2018,domestic_league,180,762,Southampton FC,Newcastle United,0,0
2018-10-27,3050266,GB1,2018,domestic_league,1010,1110,Watford FC,Huddersfield Town,3,0
2018-10-27,3058487,L1,2018,domestic_league,533,79,TSG 1899 Hoffenheim,VfB Stuttgart,4,0
2018-10-27,3058488,L1,2018,domestic_league,16,44,Borussia Dortmund,Hertha BSC,2,2
2018-10-27,3058491,L1,2018,domestic_league,42,167,Hannover 96,FC Augsburg,1,2
2018-10-27,3058493,L1,2018,domestic_league,39,27,1.FSV Mainz 05,Bayern Munich,1,2
2018-10-27,3058494,L1,2018,domestic_league,38,82,Fortuna Düsseldorf,VfL Wolfsburg,0,3
2018-10-27,3061084,NL1,2018,domestic_league,1268,132,ADO Den Haag,NAC Breda,1,1
2018-10-27,3061085,NL1,2018,domestic_league,642,798,De Graafschap Doetinchem,Excelsior Rotterdam,4,1
2018-10-27,3061086,NL1,2018,domestic_league,202,383,FC Groningen,PSV Eindhoven,1,2
2018-10-27,3061087,NL1,2018,domestic_league,1269,1304,PEC Zwolle,Heracles Almelo,1,1
2018-10-27,3063665,DK1,2018,domestic_league,2414,2778,AC Horsens,FC Nordsjaelland,3,3
2018-10-27,3069455,PO1,2018,domestic_league,2425,3325,Rio Ave FC,GD Chaves,1,0
2018-10-27,3069461,PO1,2018,domestic_league,2457,294,B SAD,SL Benfica,2,0
2018-10-27,3069462,PO1,2018,domestic_league,3336,2423,Desportivo Aves (- 2020),CD Santa Clara,1,2
2018-10-27,3069791,TR1,2018,domestic_league,589,449,Antalyaspor,Trabzonspor,1,1
2018-10-27,3069792,TR1,2018,domestic_league,39722,10484,Erzurumspor FK,Kasimpasa,1,1
2018-10-27,3069795,TR1,2018,domestic_league,2293,6890,Konyaspor,Basaksehir FK,0,1
2018-10-27,3077428,UKR1,2018,domestic_league,10690,18303,Zorya Lugansk,FC Oleksandriya,0,0
2018-10-27,3077429,UKR1,2018,domestic_league,16239,6993,Desna Chernigiv,FK Mariupol,2,0
2018-10-27,3077430,UKR1,2018,domestic_league,9007,660,Arsenal Kyiv,FC Shakhtar Donetsk,0,3
2018-10-27,3079433,ES1,2018,domestic_league,621,1049,Athletic Bilbao,Valencia CF,0,0
2018-10-27,3079434,ES1,2018,domestic_league,13,681,Atlético de Madrid,Real Sociedad,2,0
2018-10-27,3079435,ES1,2018,domestic_league,940,1533,Celta de Vigo,SD Eibar,4,0
2018-10-27,3079436,ES1,2018,domestic_league,12321,367,Girona FC,Rayo Vallecano,2,1
2018-10-27,3079440,ES1,2018,domestic_league,3368,1244,Levante UD,CD Leganés,2,0
2018-10-27,3080257,SC1,2018,domestic_league,2553,2999,Kilmarnock FC,Hamilton Academical FC,1,1
2018-10-27,3080258,SC1,2018,domestic_league,2578,465,St. Johnstone FC,St. Mirren FC,2,0
2018-10-27,3081052,IT1,2018,domestic_league,800,130,Atalanta BC,Parma Calcio 1913,3,0
2018-10-27,3081054,IT1,2018,domestic_league,749,506,FC Empoli,Juventus FC,1,2
2018-10-27,3081061,IT1,2018,domestic_league,416,430,Torino FC,ACF Fiorentina,1,1
2018-10-27,3099254,BE1,2018,domestic_league,3508,29228,Zulte Waregem,Royal Excel Mouscron (-2022),2,2
2018-10-27,3099255,BE1,2018,domestic_league,520,601,Cercle Brugge,KV Kortrijk,1,1
2018-10-27,3099256,BE1,2018,domestic_league,498,2861,KSC Lokeren (- 2020),KV Oostende,0,0
2018-10-27,3099257,BE1,2018,domestic_league,475,2282,Sint-Truidense VV,Club Brugge KV,2,2
2018-10-27,3113752,GR1,2018,domestic_league,4603,653,Athlitiki Enosi Larisas,Omilos Filathlon Irakliou FC,0,0
2018-10-27,3113753,GR1,2018,domestic_league,3999,2672,PAS Lamia 1964,APO Levadiakos Football Club,3,2
2018-10-27,3118250,RU1,2018,domestic_league,11127,28095,Ural Yekaterinburg,FK Ufa,1,1
2018-10-27,3118251,RU1,2018,domestic_league,3729,14589,Arsenal Tula,FC Orenburg,2,2
2018-10-27,3118252,RU1,2018,domestic_league,1083,2700,FK Rostov,Anzhi Makhachkala ( -2022),1,0
2018-10-27,3118888,SFA,2018,domestic_cup,6567,8933,Auchinleck Talbot FC,Cove Rangers FC,2,1
2018-10-28,3047563,FR1,2018,domestic_league,40,417,FC Girondins Bordeaux,OGC Nice,0,1
2018-10-28,3047566,FR1,2018,domestic_league,244,583,Olympique Marseille,Paris Saint-Germain,0,2
2018-10-28,3047569,FR1,2018,domestic_league,273,1421,Stade Rennais FC,Stade Reims,0,2
2018-10-28,3050258,GB1,2018,domestic_league,1132,631,Burnley FC,Chelsea FC,0,4
2018-10-28,3050259,GB1,2018,domestic_league,873,11,Crystal Palace,Arsenal FC,2,2
2018-10-28,3050263,GB1,2018,domestic_league,985,29,Manchester United,Everton FC,2,1
2018-10-28,3058489,L1,2018,domestic_league,23826,33,RB Leipzig,FC Schalke 04,0,0
2018-10-28,3058490,L1,2018,domestic_league,86,15,SV Werder Bremen,Bayer 04 Leverkusen,2,6
2018-10-28,3058495,L1,2018,domestic_league,4,24,1.FC Nuremberg,Eintracht Frankfurt,1,1
2018-10-28,3061088,NL1,2018,domestic_league,499,385,Vitesse Arnhem,Fortuna Sittardia Combinatie,2,1
2018-10-28,3061089,NL1,2018,domestic_league,610,234,Ajax Amsterdam,Feyenoord Rotterdam,3,0
2018-10-28,3061090,NL1,2018,domestic_league,403,200,Willem II Tilburg,FC Utrecht,0,1
2018-10-28,3061091,NL1,2018,domestic_league,1090,306,AZ Alkmaar,SC Heerenveen,2,3
2018-10-28,3063663,DK1,2018,domestic_league,1053,19657,Aalborg BK,Vendsyssel FF,0,1
2018-10-28,3063664,DK1,2018,domestic_league,5818,443,Hobro IK,Vejle Boldklub,1,0
2018-10-28,3063666,DK1,2018,domestic_league,5724,3426,Randers FC,Esbjerg fB,0,2
2018-10-28,3063667,DK1,2018,domestic_league,190,678,FC Copenhagen,Aarhus GF,4,2
2018-10-28,3069456,PO1,2018,domestic_league,720,3349,FC Porto,CD Feirense,2,0
2018-10-28,3069457,PO1,2018,domestic_league,979,1301,Moreirense FC,CS Marítimo,1,0
2018-10-28,3069458,PO1,2018,domestic_league,7179,1085,CD Tondela,Vitória Setúbal FC,1,2
2018-10-28,3069460,PO1,2018,domestic_league,336,2503,Sporting CP,Boavista FC,3,0
2018-10-28,3069788,TR1,2018,domestic_league,3205,2381,Kayserispor,Sivasspor,2,0
2018-10-28,3069790,TR1,2018,domestic_league,19789,141,Yeni Malatyaspor,Galatasaray,2,0
2018-10-28,3069796,TR1,2018,domestic_league,36,868,Fenerbahce,MKE Ankaragücü,1,3
2018-10-28,3077427,UKR1,2018,domestic_league,6992,2477,Chornomorets Odesa,Karpaty Lviv (-2021),0,5
2018-10-28,3077431,UKR1,2018,domestic_league,338,18105,Dynamo Kyiv,PFK Lviv,0,1
2018-10-28,3077432,UKR1,2018,domestic_league,2740,23611,Vorskla Poltava,Olimpik Donetsk,2,1
2018-10-28,3079431,ES1,2018,domestic_league,131,418,FC Barcelona,Real Madrid,5,1
2018-10-28,3079432,ES1,2018,domestic_league,1108,1050,Deportivo Alavés,Villarreal CF,2,1
2018-10-28,3079437,ES1,2018,domestic_league,3709,150,Getafe CF,Real Betis Balompié,2,0
2018-10-28,3079439,ES1,2018,domestic_league,368,5358,Sevilla FC,SD Huesca,2,1
2018-10-28,3081053,IT1,2018,domestic_league,1390,862,Cagliari Calcio,Chievo Verona,2,1
2018-10-28,3081055,IT1,2018,domestic_league,252,410,Genoa CFC,Udinese Calcio,2,2
2018-10-28,3081057,IT1,2018,domestic_league,5,1038,AC Milan,UC Sampdoria,3,2
2018-10-28,3081058,IT1,2018,domestic_league,6195,12,SSC Napoli,Associazione Sportiva Roma,1,1
2018-10-28,3081059,IT1,2018,domestic_league,6574,1025,US Sassuolo,Bologna Football Club 1909,2,2
2018-10-28,3081060,IT1,2018,domestic_league,2722,8970,SPAL,Frosinone Calcio,0,3
2018-10-28,3099258,BE1,2018,domestic_league,3057,1184,Standard Liège,KRC Genk,1,1
2018-10-28,3099259,BE1,2018,domestic_league,1245,58,KAS Eupen,RSC Anderlecht,2,1
2018-10-28,3099260,BE1,2018,domestic_league,28643,1096,SK Beveren,Royal Antwerp FC,0,1
2018-10-28,3113754,GR1,2018,domestic_league,2441,605,Athlitiki Enosi Konstantinoupoleos,Aris Thessalonikis,4,0
2018-10-28,3113755,GR1,2018,domestic_league,169,3060,Panionios Athens,APS Atromitos Athinon,2,2
2018-10-28,3113756,GR1,2018,domestic_league,6418,6676,Panetolikos Agrinio,A.G.S Asteras Tripolis,1,1
2018-10-28,3118253,RU1,2018,domestic_league,3714,932,Enisey Krasnoyarsk,"Футбольный клуб ""Локомотив"" Москва",0,3
2018-10-28,3118254,RU1,2018,domestic_league,3725,121,RFK Akhmat Grozny,FK Dinamo Moskva,0,0
2018-10-28,3118255,RU1,2018,domestic_league,2410,16704,PFK CSKA Moskva,FK Krasnodar,1,2
2018-10-29,3050265,GB1,2018,domestic_league,148,281,Tottenham Hotspur,Manchester City,0,1
2018-10-29,3063668,DK1,2018,domestic_league,865,206,FC Midtjylland,Bröndby IF,3,2
2018-10-29,3069793,TR1,2018,domestic_league,19771,1467,Akhisarspor,Göztepe,1,0
2018-10-29,3069794,TR1,2018,domestic_league,114,126,Beşiktaş Jimnastik Kulübü,Caykur Rizespor,4,1
2018-10-29,3081056,IT1,2018,domestic_league,398,46,Società Sportiva Lazio S.p.A.,Inter Milan,0,3
2018-10-29,3113757,GR1,2018,domestic_league,1091,265,Panthessalonikios Athlitikos Omilos Konstantinoupoliton,Panathinaikos Athlitikos Omilos,2,0
2018-10-29,3113758,GR1,2018,domestic_league,128,2671,AO Xanthi,PAS Giannina,2,1
2018-10-29,3113759,GR1,2018,domestic_league,683,441,Olympiakos Syndesmos Filathlon Peiraios,Apollon Smyrnis,1,0
2018-10-29,3118256,RU1,2018,domestic_league,2696,964,PFK Krylya Sovetov Samara,AO FK Zenit Sankt-Peterburg,0,1
2018-10-29,3118257,RU1,2018,domestic_league,2698,232,FC Rubin Kazan,FK Spartak Moskva,1,1
2018-10-30,3093834,POCP,2018,,1075,982,SC Braga,CD Nacional,5,0
2018-10-30,3096438,DFB,2018,domestic_cup,26957,27,SV Rödinghausen,Bayern Munich,1,2
2018-10-30,3096439,DFB,2018,domestic_cup,108,41,SV Wehen Wiesbaden,Hamburger SV,0,3
2018-10-30,3096440,DFB,2018,domestic_cup,9572,127,BSG Chemie Leipzig,SC Paderborn 07,0,3
2018-10-30,3096444,DFB,2018,domestic_cup,69,38,SSV Ulm 1846,Fortuna Düsseldorf,1,5
2018-10-30,3096453,DFB,2018,domestic_cup,2036,254,1. Fußballclub Heidenheim 1846,SV Sandhausen,3,0
2018-10-30,3096456,DFB,2018,domestic_cup,42,82,Hannover 96,VfL Wolfsburg,0,2
2018-10-30,3096457,DFB,2018,domestic_cup,105,44,SV Darmstadt 98,Hertha BSC,0,2
2018-10-30,3096459,DFB,2018,domestic_cup,167,39,FC Augsburg,1.FSV Mainz 05,3,2
2018-10-30,3099261,BE1,2018,domestic_league,2282,2861,Club Brugge KV,KV Oostende,4,0
2018-10-30,3099262,BE1,2018,domestic_league,29228,157,Royal Excel Mouscron (-2022),KAA Gent,3,1
2018-10-30,3099263,BE1,2018,domestic_league,172,475,Royal Charleroi Sporting Club,Sint-Truidense VV,1,0
2018-10-30,3108480,GRP,2018,domestic_cup,3999,60949,PAS Lamia 1964,Volou Neos Podosferikos Syllogos,1,1
2018-10-30,3108486,GRP,2018,domestic_cup,2672,50713,APO Levadiakos Football Club,Aris Avatou,4,0
2018-10-30,3108489,GRP,2018,domestic_cup,653,5572,Omilos Filathlon Irakliou FC,Niki Volou,3,0
2018-10-30,3108492,GRP,2018,domestic_cup,4603,9073,Athlitiki Enosi Larisas,PASA Irodotos,4,1
2018-10-30,3112795,NLP,2018,domestic_cup,133,28378,SC Cambuur Leeuwarden,Koninklijke HFC Haarlem,2,1
2018-10-30,3112796,NLP,2018,domestic_cup,12285,723,Kozakken Boys,Almere City FC,2,1
2018-10-30,3112801,NLP,2018,domestic_cup,317,7474,FC Twente Enschede,VV Noordwijk,4,2
2018-10-30,3112804,NLP,2018,domestic_cup,642,1269,De Graafschap Doetinchem,PEC Zwolle,2,5
2018-10-30,3112805,NLP,2018,domestic_cup,2838,1228,AFC Amsterdam,TOP Oss,1,0
2018-10-30,3112806,NLP,2018,domestic_cup,33427,192,SV Urk,Roda JC Kerkrade,0,1
2018-10-30,3112809,NLP,2018,domestic_cup,383,235,PSV Eindhoven,RKC Waalwijk,2,3
2018-10-30,3118583,CDR,2018,domestic_cup,47880,1049,CD Ebro,Valencia CF,1,2
2018-10-30,3118584,CDR,2018,domestic_cup,12697,13,UE Sant Andreu,Atlético de Madrid,0,1
2018-10-30,3118592,CDR,2018,domestic_cup,11000,3368,CD Lugo,Levante UD,1,1
2018-10-30,3118596,CDR,2018,domestic_cup,1244,367,CD Leganés,Rayo Vallecano,2,2
2018-10-31,3080259,SC1,2018,domestic_league,370,2999,Aberdeen FC,Hamilton Academical FC,3,0
2018-10-31,3080260,SC1,2018,domestic_league,511,371,Dundee FC,Celtic FC,0,5
2018-10-31,3080261,SC1,2018,domestic_league,43,903,Heart of Midlothian FC,Hibernian FC,0,0
2018-10-31,3080262,SC1,2018,domestic_league,1241,2578,Livingston FC,St. Johnstone FC,0,1
2018-10-31,3080263,SC1,2018,domestic_league,124,2553,Rangers FC,Kilmarnock FC,1,1
2018-10-31,3080264,SC1,2018,domestic_league,465,987,St. Mirren FC,Motherwell FC,0,2
2018-10-31,3080907,IT1,2018,domestic_league,5,252,AC Milan,Genoa CFC,2,1
2018-10-31,3093836,POCP,2018,,720,4297,FC Porto,Varzim SC,4,2
2018-10-31,3093838,POCP,2018,,336,1465,Sporting CP,GD Estoril Praia,1,2
2018-10-31,3093839,POCP,2018,,3349,1301,CD Feirense,CS Marítimo,3,2
2018-10-31,3096441,DFB,2018,domestic_cup,10284,86,SC Weiche Flensburg 08,SV Werder Bremen,1,5
2018-10-31,3096443,DFB,2018,domestic_cup,30,4,FC Hansa Rostock,1.FC Nuremberg,4,6
2018-10-31,3096451,DFB,2018,domestic_cup,269,60,Holstein Kiel,SC Freiburg,2,1
2018-10-31,3096452,DFB,2018,domestic_cup,10,52,Arminia Bielefeld,MSV Duisburg,0,3
2018-10-31,3096454,DFB,2018,domestic_cup,23826,533,RB Leipzig,TSG 1899 Hoffenheim,2,0
2018-10-31,3096455,DFB,2018,domestic_cup,3,33,1.FC Köln,FC Schalke 04,6,7
2018-10-31,3096458,DFB,2018,domestic_cup,18,15,Borussia Mönchengladbach,Bayer 04 Leverkusen,0,5
2018-10-31,3096460,DFB,2018,domestic_cup,16,89,Borussia Dortmund,1.FC Union Berlin,3,2
2018-10-31,3099264,BE1,2018,domestic_league,601,28643,KV Kortrijk,SK Beveren,2,2
2018-10-31,3099265,BE1,2018,domestic_league,1245,520,KAS Eupen,Cercle Brugge,2,0
2018-10-31,3099266,BE1,2018,domestic_league,1096,1184,Royal Antwerp FC,KRC Genk,2,4
2018-10-31,3108477,GRP,2018,domestic_cup,47,3060,Iraklis Thessaloniki,APS Atromitos Athinon,1,6
2018-10-31,3108479,GRP,2018,domestic_cup,8699,2441,Apollon Larisas,Athlitiki Enosi Konstantinoupoleos,0,4
2018-10-31,3108481,GRP,2018,domestic_cup,37276,6418,PAE Chania,Panetolikos Agrinio,0,0
2018-10-31,3108484,GRP,2018,domestic_cup,605,21851,Aris Thessalonikis,Aittitos Spaton,2,1
2018-10-31,3108487,GRP,2018,domestic_cup,3993,6676,AO Trikala,A.G.S Asteras Tripolis,0,1
2018-10-31,3108491,GRP,2018,domestic_cup,3392,169,Apollon Pontou,Panionios Athens,0,4
2018-10-31,3112797,NLP,2018,domestic_cup,1304,499,Heracles Almelo,Vitesse Arnhem,0,2
2018-10-31,3112798,NLP,2018,domestic_cup,403,10803,Willem II Tilburg,SV Spakenburg,5,0
2018-10-31,3112799,NLP,2018,domestic_cup,200,10790,FC Utrecht,ASWH Ambacht,5,1
2018-10-31,3112800,NLP,2018,domestic_cup,610,1435,Ajax Amsterdam,Go Ahead Eagles,3,0
2018-10-31,3112802,NLP,2018,domestic_cup,1283,33424,FC Emmen,ODIN '59 Heemskerk,1,3
2018-10-31,3112807,NLP,2018,domestic_cup,1090,1426,AZ Alkmaar,VVV-Venlo,2,0
2018-10-31,3112808,NLP,2018,domestic_cup,12451,306,RKSV Groene Ster,SC Heerenveen,1,3
2018-10-31,3114071,UKRP,2018,domestic_cup,49364,6993,Ingulets Petrove,FK Mariupol,3,1
2018-10-31,3114072,UKRP,2018,domestic_cup,660,23611,FC Shakhtar Donetsk,Olimpik Donetsk,3,2
2018-10-31,3114073,UKRP,2018,domestic_cup,33141,60551,FK Kalush,SC Dnipro-1,0,3
2018-10-31,3114074,UKRP,2018,domestic_cup,6992,2740,Chornomorets Odesa,Vorskla Poltava,1,2
2018-10-31,3114075,UKRP,2018,domestic_cup,16239,10690,Desna Chernigiv,Zorya Lugansk,5,6
2018-10-31,3114076,UKRP,2018,domestic_cup,61825,338,FC Minaj,Dynamo Kyiv,1,3
2018-10-31,3114077,UKRP,2018,domestic_cup,30698,18105,Girnyk Kryvyi Rig,PFK Lviv,0,1
2018-10-31,3114078,UKRP,2018,domestic_cup,33179,2477,Slavutych Cherkasy,Karpaty Lviv (-2021),0,1
2018-10-31,3118258,RUP,2018,domestic_cup,932,3714,"Футбольный клуб ""Локомотив"" Москва",Enisey Krasnoyarsk,4,1
2018-10-31,3118259,RUP,2018,domestic_cup,11127,49702,Ural Yekaterinburg,FK Nizhny Novgorod,2,0
2018-10-31,3118260,RUP,2018,domestic_cup,3725,3729,RFK Akhmat Grozny,Arsenal Tula,0,2
2018-10-31,3118262,RUP,2018,domestic_cup,14589,12054,FC Orenburg,FC Tyumen,1,0
2018-10-31,3118582,CDR,2018,domestic_cup,4542,131,Cultural Leonesa,FC Barcelona,0,1
2018-10-31,3118585,CDR,2018,domestic_cup,16492,418,UD Melilla,Real Madrid,0,4
2018-10-31,3118588,CDR,2018,domestic_cup,237,366,RCD Mallorca,Real Valladolid CF,1,2
2018-10-31,3118593,CDR,2018,domestic_cup,993,3709,Córdoba CF,Getafe CF,1,2
2018-10-31,3118595,CDR,2018,domestic_cup,1108,12321,Deportivo Alavés,Girona FC,2,2
2018-10-31,3121498,DKP,2018,domestic_cup,5091,678,Naestved Boldklub,Aarhus GF,2,1
2018-10-31,3121499,DKP,2018,domestic_cup,1053,2414,Aalborg BK,AC Horsens,1,0
2018-10-31,3121500,DKP,2018,domestic_cup,12275,443,Kolding IF,Vejle Boldklub,3,1
2018-11-01,3099267,BE1,2018,domestic_league,58,498,RSC Anderlecht,KSC Lokeren (- 2020),1,1
2018-11-01,3099268,BE1,2018,domestic_league,3508,3057,Zulte Waregem,Standard Liège,3,1
2018-11-01,3108478,GRP,2018,domestic_cup,2671,65024,PAS Giannina,Thyella Kamariou,5,0
2018-11-01,3108485,GRP,2018,domestic_cup,1837,683,Panachaiki GE,Olympiakos Syndesmos Filathlon Peiraios,0,2
2018-11-01,3108488,GRP,2018,domestic_cup,441,37125,Apollon Smyrnis,Apollon Paralimniou,5,0
2018-11-01,3108490,GRP,2018,domestic_cup,5219,128,AOK Kerkyra,AO Xanthi,0,1
2018-11-01,3112794,NLP,2018,domestic_cup,467,385,NEC Nijmegen,Fortuna Sittardia Combinatie,2,3
2018-11-01,3112803,NLP,2018,domestic_cup,234,1268,Feyenoord Rotterdam,ADO Den Haag,5,1
2018-11-01,3118263,RUP,2018,domestic_cup,2696,16704,PFK Krylya Sovetov Samara,FK Krasnodar,1,2
2018-11-01,3118264,RUP,2018,domestic_cup,232,2700,FK Spartak Moskva,Anzhi Makhachkala ( -2022),1,0
2018-11-01,3118265,RUP,2018,domestic_cup,1083,964,FK Rostov,AO FK Zenit Sankt-Peterburg,3,1
2018-11-01,3118586,CDR,2018,domestic_cup,7052,368,CF Villanovense,Sevilla FC,0,0
2018-11-01,3118587,CDR,2018,domestic_cup,630,150,Racing Santander,Real Betis Balompié,0,1
2018-11-01,3118589,CDR,2018,domestic_cup,3302,1050,UD Almería,Villarreal CF,3,3
2018-11-01,3118590,CDR,2018,domestic_cup,2687,714,Cádiz CF,RCD Espanyol Barcelona,2,1
2018-11-01,3118591,CDR,2018,domestic_cup,2448,1533,Sporting Gijón,SD Eibar,2,0
2018-11-01,3118597,CDR,2018,domestic_cup,940,681,Celta de Vigo,Real Sociedad,1,1
2018-11-01,3121501,DKP,2018,domestic_cup,865,190,FC Midtjylland,FC Copenhagen,2,0
2018-11-02,3047577,FR1,2018,domestic_league,583,1082,Paris Saint-Germain,LOSC Lille,2,1
2018-11-02,3058499,L1,2018,domestic_league,79,24,VfB Stuttgart,Eintracht Frankfurt,0,3
2018-11-02,3063672,DK1,2018,domestic_league,19657,5817,Vendsyssel FF,Sönderjyske Fodbold,2,3
2018-11-02,3063674,DK1,2018,domestic_league,173,5818,Odense Boldklub,Hobro IK,1,0
2018-11-02,3069472,PO1,2018,domestic_league,294,979,SL Benfica,Moreirense FC,1,3
2018-11-02,3069805,TR1,2018,domestic_league,141,36,Galatasaray,Fenerbahce,2,2
2018-11-02,3077228,NL1,2018,domestic_league,798,202,Excelsior Rotterdam,FC Groningen,2,4
2018-11-02,3081137,IT1,2018,domestic_league,6195,749,SSC Napoli,FC Empoli,5,1
2018-11-02,3099269,BE1,2018,domestic_league,2861,172,KV Oostende,Royal Charleroi Sporting Club,2,1
2018-11-03,3047571,FR1,2018,domestic_league,1162,273,SM Caen,Stade Rennais FC,1,2
2018-11-03,3047572,FR1,2018,domestic_league,2969,1160,Dijon FCO,Nîmes Olympique,0,4
2018-11-03,3047573,FR1,2018,domestic_league,1041,40,Olympique Lyon,FC Girondins Bordeaux,1,1
2018-11-03,3047576,FR1,2018,domestic_league,417,1416,OGC Nice,Amiens SC,1,0
2018-11-03,3047578,FR1,2018,domestic_league,1421,162,Stade Reims,AS Monaco,1,0
2018-11-03,3047580,FR1,2018,domestic_league,667,415,RC Strasbourg Alsace,FC Toulouse,1,1
2018-11-03,3050267,GB1,2018,domestic_league,11,31,Arsenal FC,Liverpool FC,1,1
2018-11-03,3050268,GB1,2018,domestic_league,989,985,AFC Bournemouth,Manchester United,1,2
2018-11-03,3050269,GB1,2018,domestic_league,603,1003,Cardiff City,Leicester City,0,1
2018-11-03,3050271,GB1,2018,domestic_league,29,1237,Everton FC,Brighton & Hove Albion,3,1
2018-11-03,3050274,GB1,2018,domestic_league,762,1010,Newcastle United,Watford FC,1,0
2018-11-03,3050275,GB1,2018,domestic_league,379,1132,West Ham United,Burnley FC,4,2
2018-11-03,3050276,GB1,2018,domestic_league,543,148,Wolverhampton Wanderers,Tottenham Hotspur,2,3
2018-11-03,3058496,L1,2018,domestic_league,27,60,Bayern Munich,SC Freiburg,1,1
2018-11-03,3058497,L1,2018,domestic_league,33,42,FC Schalke 04,Hannover 96,3,1
2018-11-03,3058498,L1,2018,domestic_league,15,533,Bayer 04 Leverkusen,TSG 1899 Hoffenheim,1,4
2018-11-03,3058501,L1,2018,domestic_league,44,23826,Hertha BSC,RB Leipzig,0,3
2018-11-03,3058502,L1,2018,domestic_league,167,4,FC Augsburg,1.FC Nuremberg,2,2
2018-11-03,3058504,L1,2018,domestic_league,82,16,VfL Wolfsburg,Borussia Dortmund,0,1
2018-11-03,3069466,PO1,2018,domestic_league,7378,2457,Portimonense SC,B SAD,1,1
2018-11-03,3069468,PO1,2018,domestic_league,1301,720,CS Marítimo,FC Porto,0,2
2018-11-03,3069469,PO1,2018,domestic_league,2503,2420,Boavista FC,Vitória Guimarães SC,0,0
2018-11-03,3069797,TR1,2018,domestic_league,10484,589,Kasimpasa,Antalyaspor,1,2
2018-11-03,3069802,TR1,2018,domestic_league,6890,114,Basaksehir FK,Beşiktaş Jimnastik Kulübü,1,0
2018-11-03,3069803,TR1,2018,domestic_league,19771,39722,Akhisarspor,Erzurumspor FK,1,1
2018-11-03,3077229,NL1,2018,domestic_league,132,1304,NAC Breda,Heracles Almelo,2,1
2018-11-03,3077230,NL1,2018,domestic_league,610,403,Ajax Amsterdam,Willem II Tilburg,2,0
2018-11-03,3077231,NL1,2018,domestic_league,1090,642,AZ Alkmaar,De Graafschap Doetinchem,1,0
2018-11-03,3077232,NL1,2018,domestic_league,383,499,PSV Eindhoven,Vitesse Arnhem,1,0
2018-11-03,3077434,UKR1,2018,domestic_league,660,338,FC Shakhtar Donetsk,Dynamo Kyiv,2,1
2018-11-03,3077435,UKR1,2018,domestic_league,6993,9007,FK Mariupol,Arsenal Kyiv,1,0
2018-11-03,3077438,UKR1,2018,domestic_league,23611,2477,Olimpik Donetsk,Karpaty Lviv (-2021),1,2
2018-11-03,3079442,ES1,2018,domestic_league,418,366,Real Madrid,Real Valladolid CF,2,0
2018-11-03,3079446,ES1,2018,domestic_league,1244,13,CD Leganés,Atlético de Madrid,1,1
2018-11-03,3079447,ES1,2018,domestic_league,367,131,Rayo Vallecano,FC Barcelona,2,3
2018-11-03,3079449,ES1,2018,domestic_league,1049,12321,Valencia CF,Girona FC,0,1
2018-11-03,3080265,SC1,2018,domestic_league,371,43,Celtic FC,Heart of Midlothian FC,5,0
2018-11-03,3080266,SC1,2018,domestic_league,2999,1241,Hamilton Academical FC,Livingston FC,1,0
2018-11-03,3080267,SC1,2018,domestic_league,903,2578,Hibernian FC,St. Johnstone FC,0,1
2018-11-03,3080269,SC1,2018,domestic_league,987,511,Motherwell FC,Dundee FC,1,0
2018-11-03,3080270,SC1,2018,domestic_league,465,124,St. Mirren FC,Rangers FC,0,2
2018-11-03,3081133,IT1,2018,domestic_league,430,12,ACF Fiorentina,Associazione Sportiva Roma,1,1
2018-11-03,3081134,IT1,2018,domestic_league,46,252,Inter Milan,Genoa CFC,5,0
2018-11-03,3081135,IT1,2018,domestic_league,506,1390,Juventus FC,Cagliari Calcio,3,1
2018-11-03,3099270,BE1,2018,domestic_league,1184,2282,KRC Genk,Club Brugge KV,1,1
2018-11-03,3099271,BE1,2018,domestic_league,520,29228,Cercle Brugge,Royal Excel Mouscron (-2022),2,1
2018-11-03,3099272,BE1,2018,domestic_league,157,601,KAA Gent,KV Kortrijk,3,1
2018-11-03,3113761,GR1,2018,domestic_league,3060,1091,APS Atromitos Athinon,Panthessalonikios Athlitikos Omilos Konstantinoupoliton,1,1
2018-11-03,3113762,GR1,2018,domestic_league,169,6418,Panionios Athens,Panetolikos Agrinio,3,0
2018-11-03,3113763,GR1,2018,domestic_league,265,2441,Panathinaikos Athlitikos Omilos,Athlitiki Enosi Konstantinoupoleos,0,0
2018-11-03,3113764,GR1,2018,domestic_league,2672,4603,APO Levadiakos Football Club,Athlitiki Enosi Larisas,1,1
2018-11-03,3120706,RU1,2018,domestic_league,932,3729,"Футбольный клуб ""Локомотив"" Москва",Arsenal Tula,3,1
2018-11-03,3120707,RU1,2018,domestic_league,121,2410,FK Dinamo Moskva,PFK CSKA Moskva,0,0
2018-11-04,3047574,FR1,2018,domestic_league,969,244,Montpellier HSC,Olympique Marseille,3,0
2018-11-04,3047575,FR1,2018,domestic_league,995,855,FC Nantes,EA Guingamp,5,0
2018-11-04,3047579,FR1,2018,domestic_league,618,1420,AS Saint-Étienne,Angers SCO,4,3
2018-11-04,3050270,GB1,2018,domestic_league,631,873,Chelsea FC,Crystal Palace,3,1
2018-11-04,3050273,GB1,2018,domestic_league,281,180,Manchester City,Southampton FC,6,1
2018-11-04,3058500,L1,2018,domestic_league,18,38,Borussia Mönchengladbach,Fortuna Düsseldorf,3,0
2018-11-04,3058503,L1,2018,domestic_league,39,86,1.FSV Mainz 05,SV Werder Bremen,2,1
2018-11-04,3063670,DK1,2018,domestic_league,678,5724,Aarhus GF,Randers FC,0,2
2018-11-04,3063671,DK1,2018,domestic_league,206,190,Bröndby IF,FC Copenhagen,0,1
2018-11-04,3063673,DK1,2018,domestic_league,2778,1053,FC Nordsjaelland,Aalborg BK,1,1
2018-11-04,3063676,DK1,2018,domestic_league,3426,865,Esbjerg fB,FC Midtjylland,2,2
2018-11-04,3069464,PO1,2018,domestic_league,2423,336,CD Santa Clara,Sporting CP,1,2
2018-11-04,3069470,PO1,2018,domestic_league,3349,7179,CD Feirense,CD Tondela,2,4
2018-11-04,3069471,PO1,2018,domestic_league,1075,1085,SC Braga,Vitória Setúbal FC,2,1
2018-11-04,3069798,TR1,2018,domestic_league,449,20,Trabzonspor,Bursaspor,1,1
2018-11-04,3069800,TR1,2018,domestic_league,868,3205,MKE Ankaragücü,Kayserispor,3,1
2018-11-04,3069804,TR1,2018,domestic_league,11282,19789,Alanyaspor,Yeni Malatyaspor,0,1
2018-11-04,3077233,NL1,2018,domestic_league,306,1283,SC Heerenveen,FC Emmen,1,1
2018-11-04,3077234,NL1,2018,domestic_league,200,1268,FC Utrecht,ADO Den Haag,3,0
2018-11-04,3077235,NL1,2018,domestic_league,385,1269,Fortuna Sittardia Combinatie,PEC Zwolle,3,0
2018-11-04,3077433,UKR1,2018,domestic_league,18105,2740,PFK Lviv,Vorskla Poltava,0,2
2018-11-04,3077436,UKR1,2018,domestic_league,18303,16239,FC Oleksandriya,Desna Chernigiv,1,1
2018-11-04,3077437,UKR1,2018,domestic_league,6992,10690,Chornomorets Odesa,Zorya Lugansk,0,3
2018-11-04,3079441,ES1,2018,domestic_league,150,940,Real Betis Balompié,Celta de Vigo,3,3
2018-11-04,3079443,ES1,2018,domestic_league,681,368,Real Sociedad,Sevilla FC,0,0
2018-11-04,3079444,ES1,2018,domestic_league,1533,1108,SD Eibar,Deportivo Alavés,2,1
2018-11-04,3079448,ES1,2018,domestic_league,5358,3709,SD Huesca,Getafe CF,1,1
2018-11-04,3079450,ES1,2018,domestic_league,1050,3368,Villarreal CF,Levante UD,1,1
2018-11-04,3080268,SC1,2018,domestic_league,2553,370,Kilmarnock FC,Aberdeen FC,1,2
2018-11-04,3081131,IT1,2018,domestic_league,1025,800,Bologna Football Club 1909,Atalanta BC,1,2
2018-11-04,3081132,IT1,2018,domestic_league,862,6574,Chievo Verona,US Sassuolo,0,2
2018-11-04,3081136,IT1,2018,domestic_league,398,2722,Società Sportiva Lazio S.p.A.,SPAL,4,1
2018-11-04,3081138,IT1,2018,domestic_league,130,8970,Parma Calcio 1913,Frosinone Calcio,0,0
2018-11-04,3081139,IT1,2018,domestic_league,1038,416,UC Sampdoria,Torino FC,1,4
2018-11-04,3081140,IT1,2018,domestic_league,410,5,Udinese Calcio,AC Milan,0,1
2018-11-04,3099273,BE1,2018,domestic_league,3057,1096,Standard Liège,Royal Antwerp FC,0,2
2018-11-04,3099274,BE1,2018,domestic_league,28643,58,SK Beveren,RSC Anderlecht,1,2
2018-11-04,3099275,BE1,2018,domestic_league,498,1245,KSC Lokeren (- 2020),KAS Eupen,2,0
2018-11-04,3099276,BE1,2018,domestic_league,475,3508,Sint-Truidense VV,Zulte Waregem,2,1
2018-11-04,3113765,GR1,2018,domestic_league,2671,3999,PAS Giannina,PAS Lamia 1964,0,0
2018-11-04,3113766,GR1,2018,domestic_league,605,683,Aris Thessalonikis,Olympiakos Syndesmos Filathlon Peiraios,0,1
2018-11-04,3113767,GR1,2018,domestic_league,653,441,Omilos Filathlon Irakliou FC,Apollon Smyrnis,0,0
2018-11-04,3120708,RU1,2018,domestic_league,964,3725,AO FK Zenit Sankt-Peterburg,RFK Akhmat Grozny,1,0
2018-11-04,3120709,RU1,2018,domestic_league,16704,1083,FK Krasnodar,FK Rostov,2,2
2018-11-04,3120710,RU1,2018,domestic_league,232,11127,FK Spartak Moskva,Ural Yekaterinburg,1,2
2018-11-05,3050272,GB1,2018,domestic_league,1110,931,Huddersfield Town,Fulham FC,1,0
2018-11-05,3063675,DK1,2018,domestic_league,443,2414,Vejle Boldklub,AC Horsens,3,1
2018-11-05,3069465,PO1,2018,domestic_league,3325,3336,GD Chaves,Desportivo Aves (- 2020),1,2
2018-11-05,3069467,PO1,2018,domestic_league,2425,982,Rio Ave FC,CD Nacional,3,3
2018-11-05,3069799,TR1,2018,domestic_league,1467,126,Göztepe,Caykur Rizespor,2,0
2018-11-05,3069801,TR1,2018,domestic_league,2381,2293,Sivasspor,Konyaspor,0,0
2018-11-05,3079445,ES1,2018,domestic_league,714,621,RCD Espanyol Barcelona,Athletic Bilbao,1,0
2018-11-05,3113768,GR1,2018,domestic_league,6676,128,A.G.S Asteras Tripolis,AO Xanthi,0,1
2018-11-05,3120711,RU1,2018,domestic_league,14589,2698,FC Orenburg,FC Rubin Kazan,1,0
2018-11-05,3120712,RU1,2018,domestic_league,28095,2696,FK Ufa,PFK Krylya Sovetov Samara,1,2
2018-11-05,3120713,RU1,2018,domestic_league,2700,3714,Anzhi Makhachkala ( -2022),Enisey Krasnoyarsk,2,1
2018-11-06,3098011,CL,2018,international_cup,13,16,Atlético de Madrid,Borussia Dortmund,2,0
2018-11-06,3098012,CL,2018,international_cup,162,2282,AS Monaco,Club Brugge KV,0,4
2018-11-06,3098013,CL,2018,international_cup,148,383,Tottenham Hotspur,PSV Eindhoven,2,1
2018-11-06,3098014,CL,2018,international_cup,46,131,Inter Milan,FC Barcelona,1,1
2018-11-06,3098015,CL,2018,international_cup,159,31,Red Star Belgrade,Liverpool FC,2,0
2018-11-06,3098016,CL,2018,international_cup,6195,583,SSC Napoli,Paris Saint-Germain,1,1
2018-11-06,3098017,CL,2018,international_cup,33,141,FC Schalke 04,Galatasaray,2,0
2018-11-06,3098018,CL,2018,international_cup,720,932,FC Porto,"Футбольный клуб ""Локомотив"" Москва",4,1
2018-11-06,3121502,DKP,2018,domestic_cup,5818,173,Hobro IK,Odense Boldklub,2,4
2018-11-07,3098019,CL,2018,international_cup,27,2441,Bayern Munich,Athlitiki Enosi Konstantinoupoleos,2,0
2018-11-07,3098020,CL,2018,international_cup,294,610,SL Benfica,Ajax Amsterdam,1,1
2018-11-07,3098021,CL,2018,international_cup,281,660,Manchester City,FC Shakhtar Donetsk,6,0
2018-11-07,3098022,CL,2018,international_cup,1041,533,Olympique Lyon,TSG 1899 Hoffenheim,2,2
2018-11-07,3098023,CL,2018,international_cup,2410,12,PFK CSKA Moskva,Associazione Sportiva Roma,1,2
2018-11-07,3098024,CL,2018,international_cup,941,418,FC Viktoria Plzen,Real Madrid,0,5
2018-11-07,3098025,CL,2018,international_cup,1049,452,Valencia CF,BSC Young Boys,3,1
2018-11-07,3098026,CL,2018,international_cup,506,985,Juventus FC,Manchester United,1,2
2018-11-07,3121503,DKP,2018,domestic_cup,5817,3426,Sönderjyske Fodbold,Esbjerg fB,1,2
2018-11-08,3098731,EL,2018,other,713,631,BATE Borisov,Chelsea FC,0,1
2018-11-08,3098732,EL,2018,other,11107,1091,Videoton FC Fehérvár,Panthessalonikios Athlitikos Omilos Konstantinoupoliton,1,0
2018-11-08,3098733,EL,2018,other,22220,1322,FC Astana,FK Jablonec,2,1
2018-11-08,3098734,EL,2018,other,338,273,Dynamo Kyiv,Stade Rennais FC,3,1
2018-11-08,3098735,EL,2018,other,16704,3057,FK Krasnodar,Standard Liège,2,1
2018-11-08,3098736,EL,2018,other,19771,368,Akhisarspor,Sevilla FC,2,3
2018-11-08,3098737,EL,2018,other,496,10217,Malmö Fotbollförening,Sarpsborg 08 Fotballforening,1,1
2018-11-08,3098738,EL,2018,other,1184,114,KRC Genk,Beşiktaş Jimnastik Kulübü,1,1
2018-11-08,3098739,EL,2018,other,429,24,Apollon Limassol,Eintracht Frankfurt,2,3
2018-11-08,3098740,EL,2018,other,398,244,Società Sportiva Lazio S.p.A.,Olympique Marseille,2,1
2018-11-08,3098741,EL,2018,other,232,124,FK Spartak Moskva,Rangers FC,4,3
2018-11-08,3098742,EL,2018,other,170,1050,Rapid Vienna,Villarreal CF,0,0
2018-11-08,3098743,EL,2018,other,150,5,Real Betis Balompié,AC Milan,1,1
2018-11-08,3098744,EL,2018,other,683,853,Olympiakos Syndesmos Filathlon Peiraios,F91 Dudelange,5,1
2018-11-08,3098745,EL,2018,other,2740,10625,Vorskla Poltava,Qarabağ FK,0,1
2018-11-08,3098746,EL,2018,other,11,336,Arsenal FC,Sporting CP,0,0
2018-11-08,3098747,EL,2018,other,36,58,Fenerbahce,RSC Anderlecht,2,0
2018-11-08,3098748,EL,2018,other,419,365,GNK Dinamo Zagreb,Spartak Trnava,3,1
2018-11-08,3098749,EL,2018,other,62,190,SK Slavia Prague,FC Copenhagen,0,0
2018-11-08,3098750,EL,2018,other,40,964,FC Girondins Bordeaux,AO FK Zenit Sankt-Peterburg,1,1
2018-11-08,3098751,EL,2018,other,195,409,Rosenborg Ballklub,Fußballclub Red Bull Salzburg,2,5
2018-11-08,3098752,EL,2018,other,371,23826,Celtic FC,RB Leipzig,2,1
2018-11-08,3098753,EL,2018,other,15,260,Bayer 04 Leverkusen,FC Zürich,1,0
2018-11-08,3098754,EL,2018,other,31614,2156,Ludogorets Razgrad,AEK Larnaca,0,0
2018-11-09,3047584,FR1,2018,domestic_league,1082,667,LOSC Lille,RC Strasbourg Alsace,0,0
2018-11-09,3058510,L1,2018,domestic_league,42,82,Hannover 96,VfL Wolfsburg,2,1
2018-11-09,3063682,DK1,2018,domestic_league,206,678,Bröndby IF,Aarhus GF,2,0
2018-11-09,3069484,PO1,2018,domestic_league,1085,3349,Vitória Setúbal FC,CD Feirense,2,1
2018-11-09,3069490,PO1,2018,domestic_league,979,7378,Moreirense FC,Portimonense SC,2,0
2018-11-09,3069809,TR1,2018,domestic_league,19789,449,Yeni Malatyaspor,Trabzonspor,5,0
2018-11-09,3077237,NL1,2018,domestic_league,1269,403,PEC Zwolle,Willem II Tilburg,2,3
2018-11-09,3079456,ES1,2018,domestic_league,3368,681,Levante UD,Real Sociedad,1,3
2018-11-09,3080271,SC1,2018,domestic_league,370,903,Aberdeen FC,Hibernian FC,1,0
2018-11-09,3081144,IT1,2018,domestic_league,8970,430,Frosinone Calcio,ACF Fiorentina,1,1
2018-11-09,3117057,BE1,2018,domestic_league,1096,2861,Royal Antwerp FC,KV Oostende,2,0
2018-11-09,3119668,FAC,2018,domestic_cup,46061,3884,Haringey Borough FC,AFC Wimbledon,0,1
2018-11-09,3120721,RU1,2018,domestic_league,3729,2700,Arsenal Tula,Anzhi Makhachkala ( -2022),2,0
2018-11-10,3047581,FR1,2018,domestic_league,1420,969,Angers SCO,Montpellier HSC,1,0
2018-11-10,3047583,FR1,2018,domestic_league,855,1041,EA Guingamp,Olympique Lyon,2,4
2018-11-10,3047587,FR1,2018,domestic_league,1160,417,Nîmes Olympique,OGC Nice,0,1
2018-11-10,3047589,FR1,2018,domestic_league,618,1421,AS Saint-Étienne,Stade Reims,2,0
2018-11-10,3047590,FR1,2018,domestic_league,415,1416,FC Toulouse,Amiens SC,0,1
2018-11-10,3050278,GB1,2018,domestic_league,603,1237,Cardiff City,Brighton & Hove Albion,2,1
2018-11-10,3050280,GB1,2018,domestic_league,873,148,Crystal Palace,Tottenham Hotspur,0,1
2018-11-10,3050281,GB1,2018,domestic_league,1110,379,Huddersfield Town,West Ham United,1,1
2018-11-10,3050282,GB1,2018,domestic_league,1003,1132,Leicester City,Burnley FC,0,0
2018-11-10,3050285,GB1,2018,domestic_league,762,989,Newcastle United,AFC Bournemouth,2,1
2018-11-10,3050286,GB1,2018,domestic_league,180,1010,Southampton FC,Watford FC,1,1
2018-11-10,3058505,L1,2018,domestic_league,533,167,TSG 1899 Hoffenheim,FC Augsburg,2,1
2018-11-10,3058506,L1,2018,domestic_league,16,27,Borussia Dortmund,Bayern Munich,3,2
2018-11-10,3058509,L1,2018,domestic_league,86,18,SV Werder Bremen,Borussia Mönchengladbach,1,3
2018-11-10,3058511,L1,2018,domestic_league,60,39,SC Freiburg,1.FSV Mainz 05,1,3
2018-11-10,3058512,L1,2018,domestic_league,38,44,Fortuna Düsseldorf,Hertha BSC,4,1
2018-11-10,3058513,L1,2018,domestic_league,4,79,1.FC Nuremberg,VfB Stuttgart,0,2
2018-11-10,3063679,DK1,2018,domestic_league,2414,5817,AC Horsens,Sönderjyske Fodbold,1,1
2018-11-10,3069485,PO1,2018,domestic_league,982,1301,CD Nacional,CS Marítimo,1,0
2018-11-10,3069486,PO1,2018,domestic_league,720,1075,FC Porto,SC Braga,1,0
2018-11-10,3069488,PO1,2018,domestic_league,2457,2503,B SAD,Boavista FC,0,0
2018-11-10,3069489,PO1,2018,domestic_league,3336,2425,Desportivo Aves (- 2020),Rio Ave FC,2,1
2018-11-10,3069807,TR1,2018,domestic_league,3205,141,Kayserispor,Galatasaray,0,3
2018-11-10,3069811,TR1,2018,domestic_league,39722,1467,Erzurumspor FK,Göztepe,2,1
2018-11-10,3069812,TR1,2018,domestic_league,126,6890,Caykur Rizespor,Basaksehir FK,1,2
2018-11-10,3069813,TR1,2018,domestic_league,2293,868,Konyaspor,MKE Ankaragücü,2,0
2018-11-10,3077238,NL1,2018,domestic_league,1283,132,FC Emmen,NAC Breda,2,0
2018-11-10,3077239,NL1,2018,domestic_league,642,383,De Graafschap Doetinchem,PSV Eindhoven,1,4
2018-11-10,3077240,NL1,2018,domestic_league,499,200,Vitesse Arnhem,FC Utrecht,2,1
2018-11-10,3077241,NL1,2018,domestic_league,1426,385,VVV-Venlo,Fortuna Sittardia Combinatie,3,2
2018-11-10,3079454,ES1,2018,domestic_league,3709,1049,Getafe CF,Valencia CF,0,1
2018-11-10,3079455,ES1,2018,domestic_league,12321,1244,Girona FC,CD Leganés,0,0
2018-11-10,3079458,ES1,2018,domestic_league,13,621,Atlético de Madrid,Athletic Bilbao,3,2
2018-11-10,3079459,ES1,2018,domestic_league,366,1533,Real Valladolid CF,SD Eibar,0,0
2018-11-10,3080272,SC1,2018,domestic_league,511,465,Dundee FC,St. Mirren FC,1,1
2018-11-10,3080273,SC1,2018,domestic_league,43,2553,Heart of Midlothian FC,Kilmarnock FC,0,1
2018-11-10,3080276,SC1,2018,domestic_league,2578,2999,St. Johnstone FC,Hamilton Academical FC,4,0
2018-11-10,3081145,IT1,2018,domestic_league,252,6195,Genoa CFC,SSC Napoli,1,2
2018-11-10,3081149,IT1,2018,domestic_league,2722,1390,SPAL,Cagliari Calcio,2,2
2018-11-10,3081150,IT1,2018,domestic_league,416,130,Torino FC,Parma Calcio 1913,1,2
2018-11-10,3082143,UKR1,2018,domestic_league,10690,2477,Zorya Lugansk,Karpaty Lviv (-2021),2,1
2018-11-10,3082144,UKR1,2018,domestic_league,16239,6992,Desna Chernigiv,Chornomorets Odesa,2,0
2018-11-10,3082145,UKR1,2018,domestic_league,9007,18303,Arsenal Kyiv,FC Oleksandriya,0,3
2018-11-10,3082148,UKR1,2018,domestic_league,18105,23611,PFK Lviv,Olimpik Donetsk,1,1
2018-11-10,3113769,GR1,2018,domestic_league,4603,2671,Athlitiki Enosi Larisas,PAS Giannina,2,0
2018-11-10,3113770,GR1,2018,domestic_league,128,169,AO Xanthi,Panionios Athens,0,1
2018-11-10,3113771,GR1,2018,domestic_league,2672,653,APO Levadiakos Football Club,Omilos Filathlon Irakliou FC,2,1
2018-11-10,3117058,BE1,2018,domestic_league,172,2282,Royal Charleroi Sporting Club,Club Brugge KV,2,1
2018-11-10,3117059,BE1,2018,domestic_league,1245,475,KAS Eupen,Sint-Truidense VV,1,4
2018-11-10,3117060,BE1,2018,domestic_league,3508,498,Zulte Waregem,KSC Lokeren (- 2020),2,0
2018-11-10,3117061,BE1,2018,domestic_league,520,28643,Cercle Brugge,SK Beveren,2,0
2018-11-10,3119669,FAC,2018,domestic_cup,7047,2436,Maidstone United,Macclesfield Town FC,2,1
2018-11-10,3119670,FAC,2018,domestic_cup,2797,3371,Ebbsfleet United,Cheltenham Town,0,0
2018-11-10,3119672,FAC,2018,domestic_cup,352,1252,Swindon Town,York City,2,1
2018-11-10,3119674,FAC,2018,domestic_cup,1218,2796,Torquay United,Woking FC,0,1
2018-11-10,3119675,FAC,2018,domestic_cup,2964,2963,Scunthorpe United,Burton Albion,2,1
2018-11-10,3119677,FAC,2018,domestic_cup,3717,1027,Aldershot Town,Bradford City,1,1
2018-11-10,3119678,FAC,2018,domestic_cup,1034,991,Grimsby Town,Milton Keynes Dons,3,1
2018-11-10,3119681,FAC,2018,domestic_cup,8981,1072,Bromley FC,Peterborough United,1,3
2018-11-10,3119682,FAC,2018,domestic_cup,9829,3867,Southport FC,Boreham Wood FC,2,0
2018-11-10,3119683,FAC,2018,domestic_cup,2262,3684,Plymouth Argyle,Stevenage FC,1,0
2018-11-10,3119684,FAC,2018,domestic_cup,1219,7067,Chesterfield FC,Billericay Town,1,1
2018-11-10,3119685,FAC,2018,domestic_cup,1198,1302,Lincoln City,Northampton Town,3,2
2018-11-10,3119687,FAC,2018,domestic_cup,972,1098,Yeovil Town,Stockport County,1,3
2018-11-10,3119688,FAC,2018,domestic_cup,2413,3936,Bury FC,Dover Athletic,5,0
2018-11-10,3119689,FAC,2018,domestic_cup,2814,2577,Gillingham FC,Hartlepool United,0,0
2018-11-10,3119690,FAC,2018,domestic_cup,988,3455,Oxford United,Forest Green Rovers,0,0
2018-11-10,3119691,FAC,2018,domestic_cup,1074,22563,Tranmere Rovers,Oxford City,3,3
2018-11-10,3119692,FAC,2018,domestic_cup,3688,1060,Accrington Stanley,Colchester United,1,0
2018-11-10,3119693,FAC,2018,domestic_cup,349,1045,Barnsley FC,Notts County,4,0
2018-11-10,3119695,FAC,2018,domestic_cup,34468,3716,Metropolitan Police,Newport County,0,2
2018-11-10,3119696,FAC,2018,domestic_cup,899,990,Walsall FC,Coventry City,3,2
2018-11-10,3119697,FAC,2018,domestic_cup,1088,3456,Rochdale AFC,Gateshead FC,2,1
2018-11-10,3119699,FAC,2018,domestic_cup,3052,11310,Sutton United,Slough Town,0,0
2018-11-10,3119701,FAC,2018,domestic_cup,6699,1181,Exeter City,Blackpool FC,2,3
2018-11-10,3119702,FAC,2018,domestic_cup,1031,2805,Luton Town,Wycombe Wanderers,2,0
2018-11-10,3119703,FAC,2018,domestic_cup,3697,1127,Morecambe FC,FC Halifax Town,0,0
2018-11-10,3119704,FAC,2018,domestic_cup,1042,1220,Crewe Alexandra,Carlisle United,0,1
2018-11-10,3119705,FAC,2018,domestic_cup,2793,3537,Southend United,Crawley Town,1,1
2018-11-10,3119706,FAC,2018,domestic_cup,7123,1020,Maidenhead United,Portsmouth FC,0,4
2018-11-10,3120722,RU1,2018,domestic_league,11127,14589,Ural Yekaterinburg,FC Orenburg,2,1
2018-11-10,3120723,RU1,2018,domestic_league,2696,3725,PFK Krylya Sovetov Samara,RFK Akhmat Grozny,1,2
2018-11-10,3120724,RU1,2018,domestic_league,1083,121,FK Rostov,FK Dinamo Moskva,0,0
2018-11-11,3047582,FR1,2018,domestic_league,40,1162,FC Girondins Bordeaux,SM Caen,0,0
2018-11-11,3047585,FR1,2018,domestic_league,244,2969,Olympique Marseille,Dijon FCO,2,0
2018-11-11,3047586,FR1,2018,domestic_league,162,583,AS Monaco,Paris Saint-Germain,0,4
2018-11-11,3047588,FR1,2018,domestic_league,273,995,Stade Rennais FC,FC Nantes,1,1
2018-11-11,3050277,GB1,2018,domestic_league,11,543,Arsenal FC,Wolverhampton Wanderers,1,1
2018-11-11,3050279,GB1,2018,domestic_league,631,29,Chelsea FC,Everton FC,0,0
2018-11-11,3050283,GB1,2018,domestic_league,31,931,Liverpool FC,Fulham FC,2,0
2018-11-11,3050284,GB1,2018,domestic_league,281,985,Manchester City,Manchester United,3,1
2018-11-11,3058507,L1,2018,domestic_league,23826,15,RB Leipzig,Bayer 04 Leverkusen,3,0
2018-11-11,3058508,L1,2018,domestic_league,24,33,Eintracht Frankfurt,FC Schalke 04,3,0
2018-11-11,3063677,DK1,2018,domestic_league,1053,190,Aalborg BK,FC Copenhagen,1,1
2018-11-11,3063678,DK1,2018,domestic_league,5818,19657,Hobro IK,Vendsyssel FF,1,0
2018-11-11,3063680,DK1,2018,domestic_league,865,443,FC Midtjylland,Vejle Boldklub,5,0
2018-11-11,3063681,DK1,2018,domestic_league,173,3426,Odense Boldklub,Esbjerg fB,2,1
2018-11-11,3063683,DK1,2018,domestic_league,5724,2778,Randers FC,FC Nordsjaelland,1,1
2018-11-11,3069482,PO1,2018,domestic_league,336,3325,Sporting CP,GD Chaves,2,1
2018-11-11,3069483,PO1,2018,domestic_league,2420,2423,Vitória Guimarães SC,CD Santa Clara,2,0
2018-11-11,3069487,PO1,2018,domestic_league,7179,294,CD Tondela,SL Benfica,1,3
2018-11-11,3069806,TR1,2018,domestic_league,114,2381,Beşiktaş Jimnastik Kulübü,Sivasspor,1,2
2018-11-11,3069808,TR1,2018,domestic_league,20,10484,Bursaspor,Kasimpasa,1,2
2018-11-11,3069810,TR1,2018,domestic_league,589,19771,Antalyaspor,Akhisarspor,1,2
2018-11-11,3069814,TR1,2018,domestic_league,36,11282,Fenerbahce,Alanyaspor,2,0
2018-11-11,3077242,NL1,2018,domestic_league,202,306,FC Groningen,SC Heerenveen,2,0
2018-11-11,3077243,NL1,2018,domestic_league,798,610,Excelsior Rotterdam,Ajax Amsterdam,1,7
2018-11-11,3077244,NL1,2018,domestic_league,1268,1090,ADO Den Haag,AZ Alkmaar,0,1
2018-11-11,3077245,NL1,2018,domestic_league,1304,234,Heracles Almelo,Feyenoord Rotterdam,0,2
2018-11-11,3079451,ES1,2018,domestic_league,1108,5358,Deportivo Alavés,SD Huesca,2,1
2018-11-11,3079452,ES1,2018,domestic_league,131,150,FC Barcelona,Real Betis Balompié,3,4
2018-11-11,3079453,ES1,2018,domestic_league,940,418,Celta de Vigo,Real Madrid,2,4
2018-11-11,3079457,ES1,2018,domestic_league,367,1050,Rayo Vallecano,Villarreal CF,2,2
2018-11-11,3079460,ES1,2018,domestic_league,368,714,Sevilla FC,RCD Espanyol Barcelona,2,1
2018-11-11,3080274,SC1,2018,domestic_league,1241,371,Livingston FC,Celtic FC,0,0
2018-11-11,3080275,SC1,2018,domestic_league,124,987,Rangers FC,Motherwell FC,7,1
2018-11-11,3081141,IT1,2018,domestic_league,800,46,Atalanta BC,Inter Milan,4,1
2018-11-11,3081142,IT1,2018,domestic_league,862,1025,Chievo Verona,Bologna Football Club 1909,2,2
2018-11-11,3081143,IT1,2018,domestic_league,749,410,FC Empoli,Udinese Calcio,2,1
2018-11-11,3081146,IT1,2018,domestic_league,5,506,AC Milan,Juventus FC,0,2
2018-11-11,3081147,IT1,2018,domestic_league,12,1038,Associazione Sportiva Roma,UC Sampdoria,4,1
2018-11-11,3081148,IT1,2018,domestic_league,6574,398,US Sassuolo,Società Sportiva Lazio S.p.A.,1,1
2018-11-11,3082146,UKR1,2018,domestic_league,338,6993,Dynamo Kyiv,FK Mariupol,4,0
2018-11-11,3082147,UKR1,2018,domestic_league,2740,660,Vorskla Poltava,FC Shakhtar Donetsk,0,2
2018-11-11,3113772,GR1,2018,domestic_league,2441,3060,Athlitiki Enosi Konstantinoupoleos,APS Atromitos Athinon,0,2
2018-11-11,3113773,GR1,2018,domestic_league,1091,6418,Panthessalonikios Athlitikos Omilos Konstantinoupoliton,Panetolikos Agrinio,2,1
2018-11-11,3113774,GR1,2018,domestic_league,3999,6676,PAS Lamia 1964,A.G.S Asteras Tripolis,0,0
2018-11-11,3113775,GR1,2018,domestic_league,683,265,Olympiakos Syndesmos Filathlon Peiraios,Panathinaikos Athlitikos Omilos,1,1
2018-11-11,3117062,BE1,2018,domestic_league,58,157,RSC Anderlecht,KAA Gent,2,0
2018-11-11,3117063,BE1,2018,domestic_league,601,3057,KV Kortrijk,Standard Liège,0,2
2018-11-11,3117064,BE1,2018,domestic_league,29228,1184,Royal Excel Mouscron (-2022),KRC Genk,0,0
2018-11-11,3119673,FAC,2018,domestic_cup,3820,358,Mansfield Town,Charlton Athletic,1,1
2018-11-11,3119676,FAC,2018,domestic_cup,1211,289,Port Vale FC,Sunderland AFC,1,2
2018-11-11,3119679,FAC,2018,domestic_cup,13286,2454,Chorley FC,Doncaster Rovers,2,2
2018-11-11,3119680,FAC,2018,domestic_cup,3721,11177,Alfreton Town,Fleetwood Town,1,4
2018-11-11,3119686,FAC,2018,domestic_cup,2804,2455,Barnet FC,Bristol Rovers,1,1
2018-11-11,3119694,FAC,2018,domestic_cup,3054,34888,Shrewsbury Town,Salford City,1,1
2018-11-11,3119698,FAC,2018,domestic_cup,3681,12335,Hitchin Town,Solihull Moors,0,2
2018-11-11,3119700,FAC,2018,domestic_cup,12658,986,Guiseley AFC,Cambridge United,4,3
2018-11-11,3119707,FAC,2018,domestic_cup,3712,1112,Weston-super-Mare AFC,Wrexham AFC,0,2
2018-11-11,3120725,RU1,2018,domestic_league,28095,232,FK Ufa,FK Spartak Moskva,2,0
2018-11-11,3120726,RU1,2018,domestic_league,2698,932,FC Rubin Kazan,"Футбольный клуб ""Локомотив"" Москва",0,0
2018-11-11,3120727,RU1,2018,domestic_league,16704,3714,FK Krasnodar,Enisey Krasnoyarsk,3,0
2018-11-11,3120728,RU1,2018,domestic_league,2410,964,PFK CSKA Moskva,AO FK Zenit Sankt-Peterburg,2,0
2018-11-12,3119671,FAC,2018,domestic_cup,8820,1078,Hampton & Richmond Borough,Oldham Athletic,1,2
2018-11-12,3122551,GR1,2018,domestic_league,441,605,Apollon Smyrnis,Aris Thessalonikis,1,2
2018-11-14,3108483,GRP,2018,domestic_cup,5220,1091,GS Ergotelis,Panthessalonikios Athlitikos Omilos Konstantinoupoliton,1,2
2018-11-18,3093835,POCP,2018,,1085,7179,Vitória Setúbal FC,CD Tondela,1,2
2018-11-18,3093837,POCP,2018,,2457,3325,B SAD,GD Chaves,0,1
2018-11-20,3124958,FAC,2018,domestic_cup,3371,2797,Cheltenham Town,Ebbsfleet United,2,0
2018-11-20,3124959,FAC,2018,domestic_cup,358,3820,Charlton Athletic,Mansfield Town,5,0
2018-11-20,3124960,FAC,2018,domestic_cup,1027,3717,Bradford City,Aldershot Town,5,2
2018-11-20,3124961,FAC,2018,domestic_cup,2454,13286,Doncaster Rovers,Chorley FC,7,0
2018-11-20,3124962,FAC,2018,domestic_cup,7067,1219,Billericay Town,Chesterfield FC,1,3
2018-11-20,3124965,FAC,2018,domestic_cup,22563,1074,Oxford City,Tranmere Rovers,0,2
2018-11-20,3124967,FAC,2018,domestic_cup,11310,3052,Slough Town,Sutton United,9,8
2018-11-20,3124968,FAC,2018,domestic_cup,1127,3697,FC Halifax Town,Morecambe FC,1,0
2018-11-20,3124969,FAC,2018,domestic_cup,3537,2793,Crawley Town,Southend United,2,6
2018-11-20,3124970,FAC,2018,domestic_cup,3455,988,Forest Green Rovers,Oxford United,0,3
2018-11-21,3124963,FAC,2018,domestic_cup,2455,2804,Bristol Rovers,Barnet FC,1,2
2018-11-21,3124964,FAC,2018,domestic_cup,2577,2814,Hartlepool United,Gillingham FC,3,4
2018-11-21,3124966,FAC,2018,domestic_cup,34888,3054,Salford City,Shrewsbury Town,1,3
2018-11-22,3121504,DKP,2018,domestic_cup,22235,206,Boldklubben Marienlyst,Bröndby IF,1,4
2018-11-23,3047594,FR1,2018,domestic_league,1041,618,Olympique Lyon,AS Saint-Étienne,1,0
2018-11-23,3058516,L1,2018,domestic_league,15,79,Bayer 04 Leverkusen,VfB Stuttgart,2,0
2018-11-23,3063689,DK1,2018,domestic_league,443,1053,Vejle Boldklub,Aalborg BK,1,1
2018-11-23,3069822,TR1,2018,domestic_league,141,2293,Galatasaray,Konyaspor,1,1
2018-11-23,3079467,ES1,2018,domestic_league,1244,1108,CD Leganés,Deportivo Alavés,1,0
2018-11-23,3082149,UKR1,2018,domestic_league,660,18105,FC Shakhtar Donetsk,PFK Lviv,0,0
2018-11-23,3117065,BE1,2018,domestic_league,2282,3508,Club Brugge KV,Zulte Waregem,1,3
2018-11-23,3122156,RU1,2018,domestic_league,3725,2410,RFK Akhmat Grozny,PFK CSKA Moskva,0,2
2018-11-23,3122157,RU1,2018,domestic_league,932,11127,"Футбольный клуб ""Локомотив"" Москва",Ural Yekaterinburg,1,2
2018-11-24,3047592,FR1,2018,domestic_league,1162,162,SM Caen,AS Monaco,0,1
2018-11-24,3047593,FR1,2018,domestic_league,2969,40,Dijon FCO,FC Girondins Bordeaux,0,0
2018-11-24,3047596,FR1,2018,domestic_league,995,1420,FC Nantes,Angers SCO,1,1
2018-11-24,3047598,FR1,2018,domestic_league,583,415,Paris Saint-Germain,FC Toulouse,1,0
2018-11-24,3047599,FR1,2018,domestic_league,1421,855,Stade Reims,EA Guingamp,2,1
2018-11-24,3047600,FR1,2018,domestic_league,667,1160,RC Strasbourg Alsace,Nîmes Olympique,0,1
2018-11-24,3050288,GB1,2018,domestic_league,1237,1003,Brighton & Hove Albion,Leicester City,1,1
2018-11-24,3050290,GB1,2018,domestic_league,29,603,Everton FC,Cardiff City,1,0
2018-11-24,3050291,GB1,2018,domestic_league,931,180,Fulham FC,Southampton FC,3,2
2018-11-24,3050292,GB1,2018,domestic_league,985,873,Manchester United,Crystal Palace,0,0
2018-11-24,3050293,GB1,2018,domestic_league,148,631,Tottenham Hotspur,Chelsea FC,3,1
2018-11-24,3050294,GB1,2018,domestic_league,1010,31,Watford FC,Liverpool FC,0,3
2018-11-24,3050295,GB1,2018,domestic_league,379,281,West Ham United,Manchester City,0,4
2018-11-24,3058514,L1,2018,domestic_league,27,38,Bayern Munich,Fortuna Düsseldorf,3,3
2018-11-24,3058515,L1,2018,domestic_league,33,4,FC Schalke 04,1.FC Nuremberg,5,2
2018-11-24,3058518,L1,2018,domestic_league,44,533,Hertha BSC,TSG 1899 Hoffenheim,3,3
2018-11-24,3058519,L1,2018,domestic_league,167,24,FC Augsburg,Eintracht Frankfurt,1,3
2018-11-24,3058521,L1,2018,domestic_league,39,16,1.FSV Mainz 05,Borussia Dortmund,1,2
2018-11-24,3058522,L1,2018,domestic_league,82,23826,VfL Wolfsburg,RB Leipzig,1,0
2018-11-24,3063685,DK1,2018,domestic_league,5818,5724,Hobro IK,Randers FC,0,1
2018-11-24,3069815,TR1,2018,domestic_league,868,114,MKE Ankaragücü,Beşiktaş Jimnastik Kulübü,1,4
2018-11-24,3069817,TR1,2018,domestic_league,11282,3205,Alanyaspor,Kayserispor,5,0
2018-11-24,3069819,TR1,2018,domestic_league,39722,589,Erzurumspor FK,Antalyaspor,1,0
2018-11-24,3077246,NL1,2018,domestic_league,1269,1268,PEC Zwolle,ADO Den Haag,2,3
2018-11-24,3077247,NL1,2018,domestic_league,383,306,PSV Eindhoven,SC Heerenveen,3,0
2018-11-24,3077248,NL1,2018,domestic_league,132,610,NAC Breda,Ajax Amsterdam,0,3
2018-11-24,3077249,NL1,2018,domestic_league,385,1304,Fortuna Sittardia Combinatie,Heracles Almelo,3,0
2018-11-24,3079461,ES1,2018,domestic_league,13,131,Atlético de Madrid,FC Barcelona,1,1
2018-11-24,3079463,ES1,2018,domestic_league,1533,418,SD Eibar,Real Madrid,3,0
2018-11-24,3079465,ES1,2018,domestic_league,5358,3368,SD Huesca,Levante UD,2,2
2018-11-24,3079470,ES1,2018,domestic_league,1049,367,Valencia CF,Rayo Vallecano,3,0
2018-11-24,3080277,SC1,2018,domestic_league,2999,371,Hamilton Academical FC,Celtic FC,0,3
2018-11-24,3080278,SC1,2018,domestic_league,903,511,Hibernian FC,Dundee FC,2,2
2018-11-24,3080279,SC1,2018,domestic_league,987,370,Motherwell FC,Aberdeen FC,3,0
2018-11-24,3080280,SC1,2018,domestic_league,124,1241,Rangers FC,Livingston FC,3,0
2018-11-24,3080281,SC1,2018,domestic_league,2578,2553,St. Johnstone FC,Kilmarnock FC,0,0
2018-11-24,3080282,SC1,2018,domestic_league,465,43,St. Mirren FC,Heart of Midlothian FC,2,0
2018-11-24,3081155,IT1,2018,domestic_league,46,8970,Inter Milan,Frosinone Calcio,3,0
2018-11-24,3081156,IT1,2018,domestic_league,506,2722,Juventus FC,SPAL,2,0
2018-11-24,3081160,IT1,2018,domestic_league,410,12,Udinese Calcio,Associazione Sportiva Roma,1,0
2018-11-24,3082150,UKR1,2018,domestic_league,6993,2740,FK Mariupol,Vorskla Poltava,1,0
2018-11-24,3082153,UKR1,2018,domestic_league,2477,16239,Karpaty Lviv (-2021),Desna Chernigiv,0,2
2018-11-24,3113776,GR1,2018,domestic_league,265,441,Panathinaikos Athlitikos Omilos,Apollon Smyrnis,5,1
2018-11-24,3113777,GR1,2018,domestic_league,6676,4603,A.G.S Asteras Tripolis,Athlitiki Enosi Larisas,2,0
2018-11-24,3113778,GR1,2018,domestic_league,6418,2441,Panetolikos Agrinio,Athlitiki Enosi Konstantinoupoleos,2,1
2018-11-24,3113779,GR1,2018,domestic_league,1091,128,Panthessalonikios Athlitikos Omilos Konstantinoupoliton,AO Xanthi,2,0
2018-11-24,3117066,BE1,2018,domestic_league,3057,1245,Standard Liège,KAS Eupen,3,0
2018-11-24,3117067,BE1,2018,domestic_league,2861,601,KV Oostende,KV Kortrijk,1,2
2018-11-24,3117068,BE1,2018,domestic_league,28643,29228,SK Beveren,Royal Excel Mouscron (-2022),1,2
2018-11-24,3117069,BE1,2018,domestic_league,1184,520,KRC Genk,Cercle Brugge,1,2
2018-11-24,3118889,SFA,2018,domestic_cup,2802,3023,Airdrieonians FC,Dumbarton FC,3,0
2018-11-24,3118890,SFA,2018,domestic_cup,3020,3194,Alloa Athletic FC,Brechin City FC,3,0
2018-11-24,3118891,SFA,2018,domestic_cup,3021,3034,Arbroath FC,Stranraer FC,0,1
2018-11-24,3118892,SFA,2018,domestic_cup,8942,1192,Beith Juniors FC,Ayr United FC,0,3
2018-11-24,3118893,SFA,2018,domestic_cup,2801,3024,Berwick Rangers FC,East Fife FC,1,2
2018-11-24,3118894,SFA,2018,domestic_cup,3027,3491,Cowdenbeath FC,Brora Rangers FC,1,0
2018-11-24,3118895,SFA,2018,domestic_cup,28457,11379,East Kilbride FC,Gala Fairydean Rovers FC,1,0
2018-11-24,3118897,SFA,2018,domestic_cup,3016,44482,Forfar Athletic FC,BSC Glasgow,2,0
2018-11-24,3118898,SFA,2018,domestic_cup,3026,3032,Greenock Morton FC,Peterhead FC,1,1
2018-11-24,3118899,SFA,2018,domestic_cup,3030,3015,Montrose FC,Annan Athletic FC,0,0
2018-11-24,3118900,SFA,2018,domestic_cup,3001,23613,Queen of the South FC,Formartine United FC,4,1
2018-11-24,3118901,SFA,2018,domestic_cup,3031,2795,Queen's Park FC,Raith Rovers FC,0,3
2018-11-24,3118902,SFA,2018,domestic_cup,3012,1191,Stenhousemuir FC,Falkirk FC,4,2
2018-11-24,3118903,SFA,2018,domestic_cup,23692,3028,University of Stirling FC,Elgin City FC,0,4
2018-11-24,3120535,SFA,2018,domestic_cup,23616,6567,Fraserburgh FC,Auchinleck Talbot FC,0,1
2018-11-24,3122158,RU1,2018,domestic_league,121,3714,FK Dinamo Moskva,Enisey Krasnoyarsk,1,2
2018-11-24,3122159,RU1,2018,domestic_league,14589,28095,FC Orenburg,FK Ufa,1,0
2018-11-24,3122160,RU1,2018,domestic_league,2700,2698,Anzhi Makhachkala ( -2022),FC Rubin Kazan,1,1
2018-11-25,3047591,FR1,2018,domestic_league,1416,244,Amiens SC,Olympique Marseille,1,3
2018-11-25,3047595,FR1,2018,domestic_league,969,273,Montpellier HSC,Stade Rennais FC,2,2
2018-11-25,3047597,FR1,2018,domestic_league,417,1082,OGC Nice,LOSC Lille,2,0
2018-11-25,3050287,GB1,2018,domestic_league,989,11,AFC Bournemouth,Arsenal FC,1,2
2018-11-25,3050296,GB1,2018,domestic_league,543,1110,Wolverhampton Wanderers,Huddersfield Town,0,2
2018-11-25,3058517,L1,2018,domestic_league,18,42,Borussia Mönchengladbach,Hannover 96,4,1
2018-11-25,3058520,L1,2018,domestic_league,60,86,SC Freiburg,SV Werder Bremen,1,1
2018-11-25,3063686,DK1,2018,domestic_league,190,865,FC Copenhagen,FC Midtjylland,2,1
2018-11-25,3063687,DK1,2018,domestic_league,19657,3426,Vendsyssel FF,Esbjerg fB,1,1
2018-11-25,3063688,DK1,2018,domestic_league,2778,173,FC Nordsjaelland,Odense Boldklub,1,3
2018-11-25,3063690,DK1,2018,domestic_league,5817,206,Sönderjyske Fodbold,Bröndby IF,0,2
2018-11-25,3069816,TR1,2018,domestic_league,449,36,Trabzonspor,Fenerbahce,2,1
2018-11-25,3069818,TR1,2018,domestic_league,2381,126,Sivasspor,Caykur Rizespor,1,1
2018-11-25,3069820,TR1,2018,domestic_league,19771,20,Akhisarspor,Bursaspor,2,4
2018-11-25,3069821,TR1,2018,domestic_league,10484,19789,Kasimpasa,Yeni Malatyaspor,3,0
2018-11-25,3077250,NL1,2018,domestic_league,1283,798,FC Emmen,Excelsior Rotterdam,1,2
2018-11-25,3077251,NL1,2018,domestic_league,200,642,FC Utrecht,De Graafschap Doetinchem,5,0
2018-11-25,3077252,NL1,2018,domestic_league,234,202,Feyenoord Rotterdam,FC Groningen,1,0
2018-11-25,3077253,NL1,2018,domestic_league,403,499,Willem II Tilburg,Vitesse Arnhem,1,3
2018-11-25,3077254,NL1,2018,domestic_league,1426,1090,VVV-Venlo,AZ Alkmaar,2,2
2018-11-25,3079462,ES1,2018,domestic_league,621,3709,Athletic Bilbao,Getafe CF,1,1
2018-11-25,3079464,ES1,2018,domestic_league,714,12321,RCD Espanyol Barcelona,Girona FC,1,3
2018-11-25,3079466,ES1,2018,domestic_league,368,366,Sevilla FC,Real Valladolid CF,1,0
2018-11-25,3079468,ES1,2018,domestic_league,1050,150,Villarreal CF,Real Betis Balompié,2,1
2018-11-25,3081151,IT1,2018,domestic_league,1025,430,Bologna Football Club 1909,ACF Fiorentina,0,0
2018-11-25,3081153,IT1,2018,domestic_league,749,800,FC Empoli,Atalanta BC,3,2
2018-11-25,3081154,IT1,2018,domestic_league,252,1038,Genoa CFC,UC Sampdoria,1,1
2018-11-25,3081157,IT1,2018,domestic_league,398,5,Società Sportiva Lazio S.p.A.,AC Milan,1,1
2018-11-25,3081158,IT1,2018,domestic_league,6195,862,SSC Napoli,Chievo Verona,0,0
2018-11-25,3081159,IT1,2018,domestic_league,130,6574,Parma Calcio 1913,US Sassuolo,2,1
2018-11-25,3082151,UKR1,2018,domestic_league,18303,338,FC Oleksandriya,Dynamo Kyiv,2,1
2018-11-25,3082152,UKR1,2018,domestic_league,6992,9007,Chornomorets Odesa,Arsenal Kyiv,2,1
2018-11-25,3082154,UKR1,2018,domestic_league,23611,10690,Olimpik Donetsk,Zorya Lugansk,1,1
2018-11-25,3113780,GR1,2018,domestic_league,2671,2672,PAS Giannina,APO Levadiakos Football Club,2,0
2018-11-25,3113781,GR1,2018,domestic_league,3060,683,APS Atromitos Athinon,Olympiakos Syndesmos Filathlon Peiraios,1,2
2018-11-25,3113782,GR1,2018,domestic_league,653,605,Omilos Filathlon Irakliou FC,Aris Thessalonikis,1,2
2018-11-25,3117070,BE1,2018,domestic_league,157,1096,KAA Gent,Royal Antwerp FC,0,0
2018-11-25,3117071,BE1,2018,domestic_league,475,58,Sint-Truidense VV,RSC Anderlecht,4,2
2018-11-25,3117072,BE1,2018,domestic_league,498,172,KSC Lokeren (- 2020),Royal Charleroi Sporting Club,2,4
2018-11-25,3118896,SFA,2018,domestic_cup,12886,2451,Edinburgh City FC,Inverness Caledonian Thistle FC,1,1
2018-11-25,3122161,RU1,2018,domestic_league,232,2696,FK Spartak Moskva,PFK Krylya Sovetov Samara,3,1
2018-11-25,3122162,RU1,2018,domestic_league,16704,3729,FK Krasnodar,Arsenal Tula,3,0
2018-11-25,3122163,RU1,2018,domestic_league,964,1083,AO FK Zenit Sankt-Peterburg,FK Rostov,2,0
2018-11-26,3050289,GB1,2018,domestic_league,1132,762,Burnley FC,Newcastle United,1,2
2018-11-26,3063684,DK1,2018,domestic_league,678,2414,Aarhus GF,AC Horsens,1,2
2018-11-26,3069823,TR1,2018,domestic_league,1467,6890,Göztepe,Basaksehir FK,0,2
2018-11-26,3079469,ES1,2018,domestic_league,681,940,Real Sociedad,Celta de Vigo,2,1
2018-11-26,3081152,IT1,2018,domestic_league,1390,416,Cagliari Calcio,Torino FC,0,0
2018-11-26,3113783,GR1,2018,domestic_league,169,3999,Panionios Athens,PAS Lamia 1964,1,0
2018-11-27,3098035,CL,2018,international_cup,27,294,Bayern Munich,SL Benfica,5,1
2018-11-27,3098036,CL,2018,international_cup,2441,610,Athlitiki Enosi Konstantinoupoleos,Ajax Amsterdam,0,2
2018-11-27,3098037,CL,2018,international_cup,1041,281,Olympique Lyon,Manchester City,2,2
2018-11-27,3098038,CL,2018,international_cup,533,660,TSG 1899 Hoffenheim,FC Shakhtar Donetsk,2,3
2018-11-27,3098039,CL,2018,international_cup,2410,941,PFK CSKA Moskva,FC Viktoria Plzen,1,2
2018-11-27,3098040,CL,2018,international_cup,12,418,Associazione Sportiva Roma,Real Madrid,0,2
2018-11-27,3098041,CL,2018,international_cup,985,452,Manchester United,BSC Young Boys,1,0
2018-11-27,3098042,CL,2018,international_cup,506,1049,Juventus FC,Valencia CF,1,0
2018-11-27,3127437,SFA,2018,domestic_cup,3015,3030,Annan Athletic FC,Montrose FC,3,4
2018-11-27,3127438,SFA,2018,domestic_cup,3032,3026,Peterhead FC,Greenock Morton FC,0,3
2018-11-28,3098027,CL,2018,international_cup,13,162,Atlético de Madrid,AS Monaco,2,0
2018-11-28,3098028,CL,2018,international_cup,16,2282,Borussia Dortmund,Club Brugge KV,0,0
2018-11-28,3098029,CL,2018,international_cup,383,131,PSV Eindhoven,FC Barcelona,1,2
2018-11-28,3098030,CL,2018,international_cup,148,46,Tottenham Hotspur,Inter Milan,1,0
2018-11-28,3098031,CL,2018,international_cup,583,31,Paris Saint-Germain,Liverpool FC,2,1
2018-11-28,3098032,CL,2018,international_cup,6195,159,SSC Napoli,Red Star Belgrade,3,1
2018-11-28,3098033,CL,2018,international_cup,720,33,FC Porto,FC Schalke 04,3,1
2018-11-28,3098034,CL,2018,international_cup,932,141,"Футбольный клуб ""Локомотив"" Москва",Galatasaray,2,0
2018-11-28,3118594,CDR,2018,domestic_cup,621,5358,Athletic Bilbao,SD Huesca,4,0
2018-11-28,3121659,RUP,2018,domestic_cup,14589,3729,FC Orenburg,Arsenal Tula,2,4
2018-11-29,3098755,EL,2018,other,260,2156,FC Zürich,AEK Larnaca,1,2
2018-11-29,3098756,EL,2018,other,15,31614,Bayer 04 Leverkusen,Ludogorets Razgrad,1,1
2018-11-29,3098757,EL,2018,other,409,23826,Fußballclub Red Bull Salzburg,RB Leipzig,1,0
2018-11-29,3098758,EL,2018,other,195,371,Rosenborg Ballklub,Celtic FC,0,1
2018-11-29,3098759,EL,2018,other,964,190,AO FK Zenit Sankt-Peterburg,FC Copenhagen,1,0
2018-11-29,3098760,EL,2018,other,40,62,FC Girondins Bordeaux,SK Slavia Prague,2,0
2018-11-29,3098761,EL,2018,other,58,365,RSC Anderlecht,Spartak Trnava,0,0
2018-11-29,3098762,EL,2018,other,36,419,Fenerbahce,GNK Dinamo Zagreb,0,0
2018-11-29,3098763,EL,2018,other,10625,336,Qarabağ FK,Sporting CP,1,6
2018-11-29,3098764,EL,2018,other,2740,11,Vorskla Poltava,Arsenal FC,0,3
2018-11-29,3098765,EL,2018,other,5,853,AC Milan,F91 Dudelange,5,2
2018-11-29,3098766,EL,2018,other,150,683,Real Betis Balompié,Olympiakos Syndesmos Filathlon Peiraios,1,0
2018-11-29,3098767,EL,2018,other,124,1050,Rangers FC,Villarreal CF,0,0
2018-11-29,3098768,EL,2018,other,232,170,FK Spartak Moskva,Rapid Vienna,1,2
2018-11-29,3098769,EL,2018,other,24,244,Eintracht Frankfurt,Olympique Marseille,4,0
2018-11-29,3098770,EL,2018,other,429,398,Apollon Limassol,Società Sportiva Lazio S.p.A.,2,0
2018-11-29,3098771,EL,2018,other,10217,114,Sarpsborg 08 Fotballforening,Beşiktaş Jimnastik Kulübü,2,3
2018-11-29,3098772,EL,2018,other,496,1184,Malmö Fotbollförening,KRC Genk,2,2
2018-11-29,3098773,EL,2018,other,3057,368,Standard Liège,Sevilla FC,1,0
2018-11-29,3098774,EL,2018,other,16704,19771,FK Krasnodar,Akhisarspor,2,1
2018-11-29,3098775,EL,2018,other,1322,273,FK Jablonec,Stade Rennais FC,0,1
2018-11-29,3098776,EL,2018,other,22220,338,FC Astana,Dynamo Kyiv,0,1
2018-11-29,3098777,EL,2018,other,631,1091,Chelsea FC,Panthessalonikios Athlitikos Omilos Konstantinoupoliton,4,0
2018-11-29,3098778,EL,2018,other,713,11107,BATE Borisov,Videoton FC Fehérvár,2,0
2018-11-30,3047609,FR1,2018,domestic_league,618,995,AS Saint-Étienne,FC Nantes,3,0
2018-11-30,3050298,GB1,2018,domestic_league,603,543,Cardiff City,Wolverhampton Wanderers,2,1
2018-11-30,3058530,L1,2018,domestic_league,38,39,Fortuna Düsseldorf,1.FSV Mainz 05,0,1
2018-11-30,3063694,DK1,2018,domestic_league,3426,1053,Esbjerg fB,Aalborg BK,1,4
2018-11-30,3069491,PO1,2018,domestic_league,2423,2457,CD Santa Clara,B SAD,2,3
2018-11-30,3069825,TR1,2018,domestic_league,126,868,Caykur Rizespor,MKE Ankaragücü,1,1
2018-11-30,3069830,TR1,2018,domestic_league,2293,11282,Konyaspor,Alanyaspor,2,0
2018-11-30,3077255,NL1,2018,domestic_league,798,200,Excelsior Rotterdam,FC Utrecht,3,3
2018-11-30,3079478,ES1,2018,domestic_league,367,1533,Rayo Vallecano,SD Eibar,1,0
2018-11-30,3117073,BE1,2018,domestic_league,498,157,KSC Lokeren (- 2020),KAA Gent,2,2
2018-11-30,3122164,RU1,2018,domestic_league,2698,121,FC Rubin Kazan,FK Dinamo Moskva,1,1
2018-11-30,3126559,FAC,2018,domestic_cup,12335,1181,Solihull Moors,Blackpool FC,0,0
2018-12-01,3047601,FR1,2018,domestic_league,1420,1162,Angers SCO,SM Caen,1,1
2018-12-01,3047603,FR1,2018,domestic_league,855,417,EA Guingamp,OGC Nice,0,0
2018-12-01,3047604,FR1,2018,domestic_league,1082,1041,LOSC Lille,Olympique Lyon,2,2
2018-12-01,3047606,FR1,2018,domestic_league,162,969,AS Monaco,Montpellier HSC,1,2
2018-12-01,3047607,FR1,2018,domestic_league,1160,1416,Nîmes Olympique,Amiens SC,3,0
2018-12-01,3050300,GB1,2018,domestic_league,873,1132,Crystal Palace,Burnley FC,2,0
2018-12-01,3050301,GB1,2018,domestic_league,1110,1237,Huddersfield Town,Brighton & Hove Albion,1,2
2018-12-01,3050302,GB1,2018,domestic_league,1003,1010,Leicester City,Watford FC,2,0
2018-12-01,3050304,GB1,2018,domestic_league,281,989,Manchester City,AFC Bournemouth,3,1
2018-12-01,3050305,GB1,2018,domestic_league,762,379,Newcastle United,West Ham United,0,3
2018-12-01,3050306,GB1,2018,domestic_league,180,985,Southampton FC,Manchester United,2,2
2018-12-01,3058523,L1,2018,domestic_league,533,33,TSG 1899 Hoffenheim,FC Schalke 04,1,1
2018-12-01,3058524,L1,2018,domestic_league,16,60,Borussia Dortmund,SC Freiburg,2,0
2018-12-01,3058526,L1,2018,domestic_league,79,167,VfB Stuttgart,FC Augsburg,1,0
2018-12-01,3058528,L1,2018,domestic_league,86,27,SV Werder Bremen,Bayern Munich,1,2
2018-12-01,3058529,L1,2018,domestic_league,42,44,Hannover 96,Hertha BSC,0,2
2018-12-01,3063695,DK1,2018,domestic_league,173,19657,Odense Boldklub,Vendsyssel FF,2,0
2018-12-01,3069492,PO1,2018,domestic_league,1301,1085,CS Marítimo,Vitória Setúbal FC,0,1
2018-12-01,3069496,PO1,2018,domestic_league,1075,979,SC Braga,Moreirense FC,2,0
2018-12-01,3069497,PO1,2018,domestic_league,294,3349,SL Benfica,CD Feirense,4,0
2018-12-01,3069824,TR1,2018,domestic_league,6890,2381,Basaksehir FK,Sivasspor,0,1
2018-12-01,3069828,TR1,2018,domestic_league,589,1467,Antalyaspor,Göztepe,1,0
2018-12-01,3069831,TR1,2018,domestic_league,3205,449,Kayserispor,Trabzonspor,0,2
2018-12-01,3077256,NL1,2018,domestic_league,499,1283,Vitesse Arnhem,FC Emmen,1,1
2018-12-01,3077257,NL1,2018,domestic_league,1090,403,AZ Alkmaar,Willem II Tilburg,0,2
2018-12-01,3077258,NL1,2018,domestic_league,642,1269,De Graafschap Doetinchem,PEC Zwolle,0,2
2018-12-01,3077259,NL1,2018,domestic_league,306,385,SC Heerenveen,Fortuna Sittardia Combinatie,3,1
2018-12-01,3079474,ES1,2018,domestic_league,940,5358,Celta de Vigo,SD Huesca,2,0
2018-12-01,3079475,ES1,2018,domestic_league,418,1049,Real Madrid,Valencia CF,2,0
2018-12-01,3079479,ES1,2018,domestic_league,3709,714,Getafe CF,RCD Espanyol Barcelona,3,0
2018-12-01,3079480,ES1,2018,domestic_league,366,1244,Real Valladolid CF,CD Leganés,2,4
2018-12-01,3080286,SC1,2018,domestic_league,2553,903,Kilmarnock FC,Hibernian FC,3,0
2018-12-01,3080287,SC1,2018,domestic_league,1241,987,Livingston FC,Motherwell FC,2,0
2018-12-01,3080288,SC1,2018,domestic_league,465,2999,St. Mirren FC,Hamilton Academical FC,1,3
2018-12-01,3081164,IT1,2018,domestic_league,430,506,ACF Fiorentina,Juventus FC,0,3
2018-12-01,3081168,IT1,2018,domestic_league,1038,1025,UC Sampdoria,Bologna Football Club 1909,4,1
2018-12-01,3081170,IT1,2018,domestic_league,2722,749,SPAL,FC Empoli,2,2
2018-12-01,3083968,UKR1,2018,domestic_league,16239,10690,Desna Chernigiv,Zorya Lugansk,0,2
2018-12-01,3083969,UKR1,2018,domestic_league,9007,2477,Arsenal Kyiv,Karpaty Lviv (-2021),1,1
2018-12-01,3117074,BE1,2018,domestic_league,172,520,Royal Charleroi Sporting Club,Cercle Brugge,3,1
2018-12-01,3117075,BE1,2018,domestic_league,601,29228,KV Kortrijk,Royal Excel Mouscron (-2022),1,0
2018-12-01,3117076,BE1,2018,domestic_league,3508,2861,Zulte Waregem,KV Oostende,1,1
2018-12-01,3117077,BE1,2018,domestic_league,1096,475,Royal Antwerp FC,Sint-Truidense VV,1,3
2018-12-01,3122165,RU1,2018,domestic_league,3714,3725,Enisey Krasnoyarsk,RFK Akhmat Grozny,1,1
2018-12-01,3122167,RU1,2018,domestic_league,2700,28095,Anzhi Makhachkala ( -2022),FK Ufa,0,0
2018-12-01,3124541,GR1,2018,domestic_league,4603,169,Athlitiki Enosi Larisas,Panionios Athens,4,2
2018-12-01,3124542,GR1,2018,domestic_league,441,3060,Apollon Smyrnis,APS Atromitos Athinon,1,1
2018-12-01,3124543,GR1,2018,domestic_league,2671,653,PAS Giannina,Omilos Filathlon Irakliou FC,1,1
2018-12-01,3126555,FAC,2018,domestic_cup,1112,3716,Wrexham AFC,Newport County,0,0
2018-12-01,3126557,FAC,2018,domestic_cup,2793,349,Southend United,Barnsley FC,2,4
2018-12-01,3126561,FAC,2018,domestic_cup,1072,1027,Peterborough United,Bradford City,2,2
2018-12-01,3126563,FAC,2018,domestic_cup,7047,1078,Maidstone United,Oldham Athletic,0,2
2018-12-01,3126564,FAC,2018,domestic_cup,1198,1220,Lincoln City,Carlisle United,2,0
2018-12-01,3126565,FAC,2018,domestic_cup,1127,3884,FC Halifax Town,AFC Wimbledon,1,3
2018-12-01,3126566,FAC,2018,domestic_cup,2262,988,Plymouth Argyle,Oxford United,1,2
2018-12-01,3126569,FAC,2018,domestic_cup,899,289,Walsall FC,Sunderland AFC,1,1
2018-12-01,3126570,FAC,2018,domestic_cup,3688,3371,Accrington Stanley,Cheltenham Town,3,1
2018-12-01,3126571,FAC,2018,domestic_cup,358,2454,Charlton Athletic,Doncaster Rovers,0,2
2018-12-02,3047602,FR1,2018,domestic_league,40,583,FC Girondins Bordeaux,Paris Saint-Germain,2,2
2018-12-02,3047605,FR1,2018,domestic_league,244,1421,Olympique Marseille,Stade Reims,0,0
2018-12-02,3047608,FR1,2018,domestic_league,273,667,Stade Rennais FC,RC Strasbourg Alsace,1,4
2018-12-02,3047610,FR1,2018,domestic_league,415,2969,FC Toulouse,Dijon FCO,2,2
2018-12-02,3050297,GB1,2018,domestic_league,11,148,Arsenal FC,Tottenham Hotspur,4,2
2018-12-02,3050299,GB1,2018,domestic_league,631,931,Chelsea FC,Fulham FC,2,0
2018-12-02,3050303,GB1,2018,domestic_league,31,29,Liverpool FC,Everton FC,1,0
2018-12-02,3058525,L1,2018,domestic_league,23826,18,RB Leipzig,Borussia Mönchengladbach,2,0
2018-12-02,3058527,L1,2018,domestic_league,24,82,Eintracht Frankfurt,VfL Wolfsburg,1,2
2018-12-02,3063692,DK1,2018,domestic_league,206,5818,Bröndby IF,Hobro IK,1,0
2018-12-02,3063693,DK1,2018,domestic_league,2414,190,AC Horsens,FC Copenhagen,1,6
2018-12-02,3063696,DK1,2018,domestic_league,5724,865,Randers FC,FC Midtjylland,1,2
2018-12-02,3063697,DK1,2018,domestic_league,5817,2778,Sönderjyske Fodbold,FC Nordsjaelland,1,2
2018-12-02,3069493,PO1,2018,domestic_league,7378,7179,Portimonense SC,CD Tondela,3,2
2018-12-02,3069495,PO1,2018,domestic_league,3325,2420,GD Chaves,Vitória Guimarães SC,0,1
2018-12-02,3069498,PO1,2018,domestic_league,3336,982,Desportivo Aves (- 2020),CD Nacional,2,3
2018-12-02,3069499,PO1,2018,domestic_league,2503,720,Boavista FC,FC Porto,0,1
2018-12-02,3069826,TR1,2018,domestic_league,20,39722,Bursaspor,Erzurumspor FK,2,1
2018-12-02,3069829,TR1,2018,domestic_league,114,141,Beşiktaş Jimnastik Kulübü,Galatasaray,1,0
2018-12-02,3077260,NL1,2018,domestic_league,610,1268,Ajax Amsterdam,ADO Den Haag,5,1
2018-12-02,3077261,NL1,2018,domestic_league,234,383,Feyenoord Rotterdam,PSV Eindhoven,2,1
2018-12-02,3077262,NL1,2018,domestic_league,1304,1426,Heracles Almelo,VVV-Venlo,4,1
2018-12-02,3077263,NL1,2018,domestic_league,202,132,FC Groningen,NAC Breda,5,2
2018-12-02,3079471,ES1,2018,domestic_league,1108,368,Deportivo Alavés,Sevilla FC,1,1
2018-12-02,3079472,ES1,2018,domestic_league,131,1050,FC Barcelona,Villarreal CF,2,0
2018-12-02,3079473,ES1,2018,domestic_league,150,681,Real Betis Balompié,Real Sociedad,1,0
2018-12-02,3079477,ES1,2018,domestic_league,12321,13,Girona FC,Atlético de Madrid,1,1
2018-12-02,3080285,SC1,2018,domestic_league,43,124,Heart of Midlothian FC,Rangers FC,1,2
2018-12-02,3081163,IT1,2018,domestic_league,862,398,Chievo Verona,Società Sportiva Lazio S.p.A.,1,1
2018-12-02,3081165,IT1,2018,domestic_league,8970,1390,Frosinone Calcio,Cagliari Calcio,1,1
2018-12-02,3081166,IT1,2018,domestic_league,5,130,AC Milan,Parma Calcio 1913,2,1
2018-12-02,3081167,IT1,2018,domestic_league,12,46,Associazione Sportiva Roma,Inter Milan,2,2
2018-12-02,3081169,IT1,2018,domestic_league,6574,410,US Sassuolo,Udinese Calcio,0,0
2018-12-02,3081171,IT1,2018,domestic_league,416,252,Torino FC,Genoa CFC,2,1
2018-12-02,3083972,UKR1,2018,domestic_league,18105,6993,PFK Lviv,FK Mariupol,2,2
2018-12-02,3083973,UKR1,2018,domestic_league,660,23611,FC Shakhtar Donetsk,Olimpik Donetsk,2,2
2018-12-02,3117078,BE1,2018,domestic_league,2282,3057,Club Brugge KV,Standard Liège,3,0
2018-12-02,3117079,BE1,2018,domestic_league,58,1184,RSC Anderlecht,KRC Genk,0,1
2018-12-02,3117080,BE1,2018,domestic_league,1245,28643,KAS Eupen,SK Beveren,1,0
2018-12-02,3122168,RU1,2018,domestic_league,16704,11127,FK Krasnodar,Ural Yekaterinburg,2,0
2018-12-02,3122169,RU1,2018,domestic_league,1083,2410,FK Rostov,PFK CSKA Moskva,0,0
2018-12-02,3122170,RU1,2018,domestic_league,232,932,FK Spartak Moskva,"Футбольный клуб ""Локомотив"" Москва",2,1
2018-12-02,3124544,GR1,2018,domestic_league,2672,6676,APO Levadiakos Football Club,A.G.S Asteras Tripolis,0,2
2018-12-02,3124545,GR1,2018,domestic_league,605,265,Aris Thessalonikis,Panathinaikos Athlitikos Omilos,1,1
2018-12-02,3124546,GR1,2018,domestic_league,2441,128,Athlitiki Enosi Konstantinoupoleos,AO Xanthi,2,0
2018-12-02,3126554,FAC,2018,domestic_cup,2413,1031,Bury FC,Luton Town,0,1
2018-12-02,3126556,FAC,2018,domestic_cup,1074,9829,Tranmere Rovers,Southport FC,1,1
2018-12-02,3126558,FAC,2018,domestic_cup,3054,2964,Shrewsbury Town,Scunthorpe United,1,0
2018-12-02,3126560,FAC,2018,domestic_cup,1219,1034,Chesterfield FC,Grimsby Town,0,2
2018-12-02,3126562,FAC,2018,domestic_cup,352,2796,Swindon Town,Woking FC,0,1
2018-12-02,3126567,FAC,2018,domestic_cup,2804,1098,Barnet FC,Stockport County,1,0
2018-12-02,3126568,FAC,2018,domestic_cup,1088,1020,Rochdale AFC,Portsmouth FC,0,1
2018-12-02,3126572,FAC,2018,domestic_cup,11310,2814,Slough Town,Gillingham FC,0,1
2018-12-03,3058531,L1,2018,domestic_league,4,15,1.FC Nuremberg,Bayer 04 Leverkusen,1,1
2018-12-03,3063691,DK1,2018,domestic_league,678,443,Aarhus GF,Vejle Boldklub,2,1
2018-12-03,3069494,PO1,2018,domestic_league,2425,336,Rio Ave FC,Sporting CP,1,3
2018-12-03,3069827,TR1,2018,domestic_league,19789,19771,Yeni Malatyaspor,Akhisarspor,1,1
2018-12-03,3069832,TR1,2018,domestic_league,36,10484,Fenerbahce,Kasimpasa,2,2
2018-12-03,3079476,ES1,2018,domestic_league,3368,621,Levante UD,Athletic Bilbao,3,0
2018-12-03,3081162,IT1,2018,domestic_league,800,6195,Atalanta BC,SSC Napoli,1,2
2018-12-03,3083970,UKR1,2018,domestic_league,338,6992,Dynamo Kyiv,Chornomorets Odesa,2,0
2018-12-03,3083971,UKR1,2018,domestic_league,2740,18303,Vorskla Poltava,FC Oleksandriya,0,1
2018-12-03,3122171,RU1,2018,domestic_league,3729,964,Arsenal Tula,AO FK Zenit Sankt-Peterburg,4,2
2018-12-03,3124547,GR1,2018,domestic_league,3999,1091,PAS Lamia 1964,Panthessalonikios Athlitikos Omilos Konstantinoupoliton,0,1
2018-12-03,3124548,GR1,2018,domestic_league,683,6418,Olympiakos Syndesmos Filathlon Peiraios,Panetolikos Agrinio,2,1
2018-12-03,3126553,FAC,2018,domestic_cup,12658,11177,Guiseley AFC,Fleetwood Town,1,2
2018-12-04,3047611,FR1,2018,domestic_league,1416,162,Amiens SC,AS Monaco,0,2
2018-12-04,3047616,FR1,2018,domestic_league,969,1082,Montpellier HSC,LOSC Lille,0,1
2018-12-04,3047618,FR1,2018,domestic_league,417,1420,OGC Nice,Angers SCO,0,0
2018-12-04,3050307,GB1,2018,domestic_league,989,1110,AFC Bournemouth,Huddersfield Town,2,1
2018-12-04,3050308,GB1,2018,domestic_league,1237,873,Brighton & Hove Albion,Crystal Palace,3,1
2018-12-04,3050311,GB1,2018,domestic_league,1010,281,Watford FC,Manchester City,1,2
2018-12-04,3050312,GB1,2018,domestic_league,379,603,West Ham United,Cardiff City,3,1
2018-12-04,3092283,CIT,2018,domestic_cup,4171,4084,Benevento Calcio,AS Cittadella,1,0
2018-12-04,3092284,CIT,2018,domestic_cup,1025,4083,Bologna Football Club 1909,FC Crotone,3,0
2018-12-04,3092288,CIT,2018,domestic_cup,1038,2722,UC Sampdoria,SPAL,2,1
2018-12-04,3118600,CDR,2018,domestic_cup,1049,47880,Valencia CF,CD Ebro,1,0
2018-12-04,3118606,CDR,2018,domestic_cup,714,2687,RCD Espanyol Barcelona,Cádiz CF,1,0
2018-12-04,3118609,CDR,2018,domestic_cup,3709,993,Getafe CF,Córdoba CF,5,1
2018-12-04,3118612,CDR,2018,domestic_cup,367,1244,Rayo Vallecano,CD Leganés,0,1
2018-12-04,3127555,SFA,2018,domestic_cup,2451,12886,Inverness Caledonian Thistle FC,Edinburgh City FC,6,1
2018-12-05,3047612,FR1,2018,domestic_league,40,618,FC Girondins Bordeaux,AS Saint-Étienne,3,2
2018-12-05,3047613,FR1,2018,domestic_league,1162,1160,SM Caen,Nîmes Olympique,1,2
2018-12-05,3047614,FR1,2018,domestic_league,2969,855,Dijon FCO,EA Guingamp,2,1
2018-12-05,3047615,FR1,2018,domestic_league,1041,273,Olympique Lyon,Stade Rennais FC,0,2
2018-12-05,3047617,FR1,2018,domestic_league,995,244,FC Nantes,Olympique Marseille,3,2
2018-12-05,3047619,FR1,2018,domestic_league,1421,415,Stade Reims,FC Toulouse,0,1
2018-12-05,3047620,FR1,2018,domestic_league,667,583,RC Strasbourg Alsace,Paris Saint-Germain,1,1
2018-12-05,3050309,GB1,2018,domestic_league,1132,31,Burnley FC,Liverpool FC,1,3
2018-12-05,3050310,GB1,2018,domestic_league,931,1003,Fulham FC,Leicester City,1,1
2018-12-05,3050313,GB1,2018,domestic_league,543,631,Wolverhampton Wanderers,Chelsea FC,2,1
2018-12-05,3050315,GB1,2018,domestic_league,29,762,Everton FC,Newcastle United,1,1
2018-12-05,3050316,GB1,2018,domestic_league,148,180,Tottenham Hotspur,Southampton FC,3,1
2018-12-05,3056407,GB1,2018,domestic_league,985,11,Manchester United,Arsenal FC,2,2
2018-12-05,3080289,SC1,2018,domestic_league,511,2999,Dundee FC,Hamilton Academical FC,4,0
2018-12-05,3080290,SC1,2018,domestic_league,903,465,Hibernian FC,St. Mirren FC,2,2
2018-12-05,3080291,SC1,2018,domestic_league,2553,1241,Kilmarnock FC,Livingston FC,2,0
2018-12-05,3080292,SC1,2018,domestic_league,987,371,Motherwell FC,Celtic FC,1,1
2018-12-05,3080293,SC1,2018,domestic_league,124,370,Rangers FC,Aberdeen FC,0,1
2018-12-05,3080294,SC1,2018,domestic_league,2578,43,St. Johnstone FC,Heart of Midlothian FC,2,2
2018-12-05,3092285,CIT,2018,domestic_cup,862,1390,Chievo Verona,Cagliari Calcio,1,2
2018-12-05,3092287,CIT,2018,domestic_cup,6692,4172,Novara Calcio 1908,Pisa Sporting Club,3,2
2018-12-05,3092289,CIT,2018,domestic_cup,6574,1627,US Sassuolo,Catania FC,2,1
2018-12-05,3093832,POCP,2018,,294,2995,SL Benfica,FC Paços de Ferreira,2,0
2018-12-05,3108482,GRP,2018,domestic_cup,265,37339,Panathinaikos Athlitikos Omilos,OF Ierapetras,2,2
2018-12-05,3118599,CDR,2018,domestic_cup,13,12697,Atlético de Madrid,UE Sant Andreu,4,0
2018-12-05,3118601,CDR,2018,domestic_cup,131,4542,FC Barcelona,Cultural Leonesa,4,1
2018-12-05,3118602,CDR,2018,domestic_cup,368,7052,Sevilla FC,CF Villanovense,1,0
2018-12-05,3118604,CDR,2018,domestic_cup,1050,3302,Villarreal CF,UD Almería,8,0
2018-12-05,3118605,CDR,2018,domestic_cup,366,237,Real Valladolid CF,RCD Mallorca,2,1
2018-12-05,3118611,CDR,2018,domestic_cup,12321,1108,Girona FC,Deportivo Alavés,2,1
2018-12-05,3118613,CDR,2018,domestic_cup,681,940,Real Sociedad,Celta de Vigo,2,0
2018-12-05,3121505,DKP,2018,domestic_cup,2778,19657,FC Nordsjaelland,Vendsyssel FF,0,1
2018-12-05,3121656,RUP,2018,domestic_cup,932,2698,"Футбольный клуб ""Локомотив"" Москва",FC Rubin Kazan,1,0
2018-12-05,3121657,RUP,2018,domestic_cup,16704,1083,FK Krasnodar,FK Rostov,2,2
2018-12-05,3121658,RUP,2018,domestic_cup,232,11127,FK Spartak Moskva,Ural Yekaterinburg,1,1
2018-12-06,3077236,NL1,2018,domestic_league,234,1426,Feyenoord Rotterdam,VVV-Venlo,4,1
2018-12-06,3092286,CIT,2018,domestic_cup,252,20519,Genoa CFC,Virtus Entella,9,10
2018-12-06,3092290,CIT,2018,domestic_cup,416,4554,Torino FC,FC Südtirol,2,0
2018-12-06,3118598,CDR,2018,domestic_cup,418,16492,Real Madrid,UD Melilla,6,1
2018-12-06,3118603,CDR,2018,domestic_cup,150,630,Real Betis Balompié,Racing Santander,4,0
2018-12-06,3118607,CDR,2018,domestic_cup,1533,2448,SD Eibar,Sporting Gijón,2,2
2018-12-06,3118608,CDR,2018,domestic_cup,3368,11000,Levante UD,CD Lugo,2,0
2018-12-06,3118610,CDR,2018,domestic_cup,5358,621,SD Huesca,Athletic Bilbao,0,4
2018-12-07,3058537,L1,2018,domestic_league,86,38,SV Werder Bremen,Fortuna Düsseldorf,3,1
2018-12-07,3063702,DK1,2018,domestic_league,865,173,FC Midtjylland,Odense Boldklub,3,0
2018-12-07,3069505,PO1,2018,domestic_league,720,7378,FC Porto,Portimonense SC,4,1
2018-12-07,3069835,TR1,2018,domestic_league,11282,114,Alanyaspor,Beşiktaş Jimnastik Kulübü,0,0
2018-12-07,3077264,NL1,2018,domestic_league,385,1090,Fortuna Sittardia Combinatie,AZ Alkmaar,0,3
2018-12-07,3077266,NL1,2018,domestic_league,383,798,PSV Eindhoven,Excelsior Rotterdam,6,0
2018-12-07,3079493,ES1,2018,domestic_league,1244,3709,CD Leganés,Getafe CF,1,1
2018-12-07,3081175,IT1,2018,domestic_league,506,46,Juventus FC,Inter Milan,1,0
2018-12-07,3083974,UKR1,2018,domestic_league,6993,660,FK Mariupol,FC Shakhtar Donetsk,0,3
2018-12-07,3117081,BE1,2018,domestic_league,28643,2282,SK Beveren,Club Brugge KV,2,1
2018-12-08,3047652,FR1,2018,domestic_league,855,1416,EA Guingamp,Amiens SC,1,2
2018-12-08,3047657,FR1,2018,domestic_league,273,2969,Stade Rennais FC,Dijon FCO,2,0
2018-12-08,3050317,GB1,2018,domestic_league,11,1110,Arsenal FC,Huddersfield Town,1,0
2018-12-08,3050318,GB1,2018,domestic_league,989,31,AFC Bournemouth,Liverpool FC,0,4
2018-12-08,3050319,GB1,2018,domestic_league,1132,1237,Burnley FC,Brighton & Hove Albion,1,0
2018-12-08,3050320,GB1,2018,domestic_league,603,180,Cardiff City,Southampton FC,1,0
2018-12-08,3050321,GB1,2018,domestic_league,631,281,Chelsea FC,Manchester City,2,0
2018-12-08,3050323,GB1,2018,domestic_league,1003,148,Leicester City,Tottenham Hotspur,0,2
2018-12-08,3050324,GB1,2018,domestic_league,985,931,Manchester United,Fulham FC,4,1
2018-12-08,3050326,GB1,2018,domestic_league,379,873,West Ham United,Crystal Palace,3,2
2018-12-08,3058532,L1,2018,domestic_league,27,4,Bayern Munich,1.FC Nuremberg,3,0
2018-12-08,3058533,L1,2018,domestic_league,33,16,FC Schalke 04,Borussia Dortmund,1,2
2018-12-08,3058534,L1,2018,domestic_league,15,167,Bayer 04 Leverkusen,FC Augsburg,1,0
2018-12-08,3058536,L1,2018,domestic_league,44,24,Hertha BSC,Eintracht Frankfurt,1,0
2018-12-08,3058538,L1,2018,domestic_league,60,23826,SC Freiburg,RB Leipzig,3,0
2018-12-08,3058540,L1,2018,domestic_league,82,533,VfL Wolfsburg,TSG 1899 Hoffenheim,2,2
2018-12-08,3063699,DK1,2018,domestic_league,5818,5817,Hobro IK,Sönderjyske Fodbold,0,0
2018-12-08,3069500,PO1,2018,domestic_league,1085,294,Vitória Setúbal FC,SL Benfica,0,1
2018-12-08,3069502,PO1,2018,domestic_league,7179,1075,CD Tondela,SC Braga,0,1
2018-12-08,3069507,PO1,2018,domestic_league,2457,3325,B SAD,GD Chaves,1,0
2018-12-08,3069836,TR1,2018,domestic_league,2381,1467,Sivasspor,Göztepe,2,0
2018-12-08,3069839,TR1,2018,domestic_league,449,2293,Trabzonspor,Konyaspor,3,0
2018-12-08,3069840,TR1,2018,domestic_league,141,126,Galatasaray,Caykur Rizespor,2,2
2018-12-08,3077265,NL1,2018,domestic_league,403,306,Willem II Tilburg,SC Heerenveen,1,5
2018-12-08,3077267,NL1,2018,domestic_league,1269,610,PEC Zwolle,Ajax Amsterdam,1,4
2018-12-08,3077268,NL1,2018,domestic_league,1268,642,ADO Den Haag,De Graafschap Doetinchem,0,0
2018-12-08,3079490,ES1,2018,domestic_league,13,1108,Atlético de Madrid,Deportivo Alavés,3,0
2018-12-08,3079491,ES1,2018,domestic_league,714,131,RCD Espanyol Barcelona,FC Barcelona,0,4
2018-12-08,3079492,ES1,2018,domestic_league,1050,940,Villarreal CF,Celta de Vigo,2,3
2018-12-08,3079494,ES1,2018,domestic_league,1049,368,Valencia CF,Sevilla FC,1,1
2018-12-08,3080295,SC1,2018,domestic_league,370,2578,Aberdeen FC,St. Johnstone FC,0,2
2018-12-08,3080296,SC1,2018,domestic_league,371,2553,Celtic FC,Kilmarnock FC,5,1
2018-12-08,3080298,SC1,2018,domestic_league,2999,903,Hamilton Academical FC,Hibernian FC,0,1
2018-12-08,3080299,SC1,2018,domestic_league,43,987,Heart of Midlothian FC,Motherwell FC,1,0
2018-12-08,3080300,SC1,2018,domestic_league,1241,465,Livingston FC,St. Mirren FC,3,1
2018-12-08,3081172,IT1,2018,domestic_league,1390,12,Cagliari Calcio,Associazione Sportiva Roma,2,2
2018-12-08,3081176,IT1,2018,domestic_league,398,1038,Società Sportiva Lazio S.p.A.,UC Sampdoria,2,2
2018-12-08,3081178,IT1,2018,domestic_league,6195,8970,SSC Napoli,Frosinone Calcio,4,0
2018-12-08,3083976,UKR1,2018,domestic_league,6992,2740,Chornomorets Odesa,Vorskla Poltava,0,1
2018-12-08,3083977,UKR1,2018,domestic_league,2477,338,Karpaty Lviv (-2021),Dynamo Kyiv,0,4
2018-12-08,3083978,UKR1,2018,domestic_league,10690,9007,Zorya Lugansk,Arsenal Kyiv,3,0
2018-12-08,3117082,BE1,2018,domestic_league,1184,601,KRC Genk,KV Kortrijk,1,1
2018-12-08,3117083,BE1,2018,domestic_league,29228,3508,Royal Excel Mouscron (-2022),Zulte Waregem,0,0
2018-12-08,3117084,BE1,2018,domestic_league,2861,498,KV Oostende,KSC Lokeren (- 2020),1,0
2018-12-08,3117085,BE1,2018,domestic_league,475,3057,Sint-Truidense VV,Standard Liège,1,1
2018-12-08,3122172,RU1,2018,domestic_league,2696,1083,PFK Krylya Sovetov Samara,FK Rostov,1,0
2018-12-08,3122173,RU1,2018,domestic_league,2410,3714,PFK CSKA Moskva,Enisey Krasnoyarsk,2,1
2018-12-08,3122174,RU1,2018,domestic_league,932,14589,"Футбольный клуб ""Локомотив"" Москва",FC Orenburg,2,1
2018-12-08,3122175,RU1,2018,domestic_league,2700,232,Anzhi Makhachkala ( -2022),FK Spartak Moskva,0,3
2018-12-08,3127377,GR1,2018,domestic_league,6676,2671,A.G.S Asteras Tripolis,PAS Giannina,1,0
2018-12-08,3127378,GR1,2018,domestic_league,2441,3999,Athlitiki Enosi Konstantinoupoleos,PAS Lamia 1964,2,0
2018-12-09,3047653,FR1,2018,domestic_league,1082,1421,LOSC Lille,Stade Reims,1,1
2018-12-09,3047659,FR1,2018,domestic_league,667,1162,RC Strasbourg Alsace,SM Caen,2,2
2018-12-09,3050325,GB1,2018,domestic_league,762,543,Newcastle United,Wolverhampton Wanderers,1,2
2018-12-09,3058535,L1,2018,domestic_league,18,79,Borussia Mönchengladbach,VfB Stuttgart,3,0
2018-12-09,3058539,L1,2018,domestic_league,39,42,1.FSV Mainz 05,Hannover 96,1,1
2018-12-09,3063698,DK1,2018,domestic_league,1053,2414,Aalborg BK,AC Horsens,2,4
2018-12-09,3063700,DK1,2018,domestic_league,190,3426,FC Copenhagen,Esbjerg fB,3,0
2018-12-09,3063701,DK1,2018,domestic_league,19657,5724,Vendsyssel FF,Randers FC,0,1
2018-12-09,3063704,DK1,2018,domestic_league,443,206,Vejle Boldklub,Bröndby IF,1,2
2018-12-09,3069501,PO1,2018,domestic_league,982,2503,CD Nacional,Boavista FC,0,0
2018-12-09,3069503,PO1,2018,domestic_league,979,2423,Moreirense FC,CD Santa Clara,0,1
2018-12-09,3069504,PO1,2018,domestic_league,336,3336,Sporting CP,Desportivo Aves (- 2020),4,1
2018-12-09,3069508,PO1,2018,domestic_league,2420,2425,Vitória Guimarães SC,Rio Ave FC,3,2
2018-12-09,3069834,TR1,2018,domestic_league,19771,36,Akhisarspor,Fenerbahce,3,0
2018-12-09,3069837,TR1,2018,domestic_league,39722,19789,Erzurumspor FK,Yeni Malatyaspor,1,3
2018-12-09,3069841,TR1,2018,domestic_league,20,589,Bursaspor,Antalyaspor,0,2
2018-12-09,3077269,NL1,2018,domestic_league,200,1304,FC Utrecht,Heracles Almelo,3,1
2018-12-09,3077270,NL1,2018,domestic_league,1426,202,VVV-Venlo,FC Groningen,0,0
2018-12-09,3077271,NL1,2018,domestic_league,1283,234,FC Emmen,Feyenoord Rotterdam,1,4
2018-12-09,3077272,NL1,2018,domestic_league,132,499,NAC Breda,Vitesse Arnhem,2,1
2018-12-09,3079486,ES1,2018,domestic_league,150,367,Real Betis Balompié,Rayo Vallecano,2,0
2018-12-09,3079487,ES1,2018,domestic_league,1533,3368,SD Eibar,Levante UD,4,4
2018-12-09,3079488,ES1,2018,domestic_league,5358,418,SD Huesca,Real Madrid,0,1
2018-12-09,3079489,ES1,2018,domestic_league,681,366,Real Sociedad,Real Valladolid CF,1,2
2018-12-09,3080297,SC1,2018,domestic_league,511,124,Dundee FC,Rangers FC,1,1
2018-12-09,3081173,IT1,2018,domestic_league,749,1025,FC Empoli,Bologna Football Club 1909,2,1
2018-12-09,3081174,IT1,2018,domestic_league,252,2722,Genoa CFC,SPAL,1,1
2018-12-09,3081177,IT1,2018,domestic_league,5,416,AC Milan,Torino FC,0,0
2018-12-09,3081179,IT1,2018,domestic_league,130,862,Parma Calcio 1913,Chievo Verona,1,1
2018-12-09,3081180,IT1,2018,domestic_league,6574,430,US Sassuolo,ACF Fiorentina,3,3
2018-12-09,3081181,IT1,2018,domestic_league,410,800,Udinese Calcio,Atalanta BC,1,3
2018-12-09,3083975,UKR1,2018,domestic_league,18303,18105,FC Oleksandriya,PFK Lviv,1,2
2018-12-09,3083979,UKR1,2018,domestic_league,23611,16239,Olimpik Donetsk,Desna Chernigiv,1,1
2018-12-09,3117086,BE1,2018,domestic_league,520,1096,Cercle Brugge,Royal Antwerp FC,0,3
2018-12-09,3117087,BE1,2018,domestic_league,58,172,RSC Anderlecht,Royal Charleroi Sporting Club,1,1
2018-12-09,3117088,BE1,2018,domestic_league,157,1245,KAA Gent,KAS Eupen,2,0
2018-12-09,3122176,RU1,2018,domestic_league,121,11127,FK Dinamo Moskva,Ural Yekaterinburg,4,0
2018-12-09,3122177,RU1,2018,domestic_league,16704,28095,FK Krasnodar,FK Ufa,1,1
2018-12-09,3122178,RU1,2018,domestic_league,964,2698,AO FK Zenit Sankt-Peterburg,FC Rubin Kazan,1,2
2018-12-09,3127379,GR1,2018,domestic_league,128,683,AO Xanthi,Olympiakos Syndesmos Filathlon Peiraios,1,1
2018-12-09,3127380,GR1,2018,domestic_league,653,265,Omilos Filathlon Irakliou FC,Panathinaikos Athlitikos Omilos,3,1
2018-12-09,3127381,GR1,2018,domestic_league,3060,605,APS Atromitos Athinon,Aris Thessalonikis,4,2
2018-12-09,3127382,GR1,2018,domestic_league,1091,4603,Panthessalonikios Athlitikos Omilos Konstantinoupoliton,Athlitiki Enosi Larisas,2,1
2018-12-10,3050322,GB1,2018,domestic_league,29,1010,Everton FC,Watford FC,2,2
2018-12-10,3063703,DK1,2018,domestic_league,2778,678,FC Nordsjaelland,Aarhus GF,1,0
2018-12-10,3069506,PO1,2018,domestic_league,3349,1301,CD Feirense,CS Marítimo,1,1
2018-12-10,3069833,TR1,2018,domestic_league,868,6890,MKE Ankaragücü,Basaksehir FK,0,1
2018-12-10,3069838,TR1,2018,domestic_league,10484,3205,Kasimpasa,Kayserispor,0,3
2018-12-10,3079485,ES1,2018,domestic_league,621,12321,Athletic Bilbao,Girona FC,1,0
2018-12-10,3122179,RU1,2018,domestic_league,3725,3729,RFK Akhmat Grozny,Arsenal Tula,2,0
2018-12-10,3127383,GR1,2018,domestic_league,6418,441,Panetolikos Agrinio,Apollon Smyrnis,2,1
2018-12-10,3127384,GR1,2018,domestic_league,169,2672,Panionios Athens,APO Levadiakos Football Club,1,1
2018-12-11,3080253,SC1,2018,domestic_league,370,1241,Aberdeen FC,Livingston FC,3,2
2018-12-11,3098043,CL,2018,international_cup,2282,13,Club Brugge KV,Atlético de Madrid,0,0
2018-12-11,3098044,CL,2018,international_cup,162,16,AS Monaco,Borussia Dortmund,0,2
2018-12-11,3098045,CL,2018,international_cup,131,148,FC Barcelona,Tottenham Hotspur,1,1
2018-12-11,3098046,CL,2018,international_cup,46,383,Inter Milan,PSV Eindhoven,1,1
2018-12-11,3098047,CL,2018,international_cup,159,583,Red Star Belgrade,Paris Saint-Germain,1,4
2018-12-11,3098048,CL,2018,international_cup,31,6195,Liverpool FC,SSC Napoli,1,0
2018-12-11,3098049,CL,2018,international_cup,33,932,FC Schalke 04,"Футбольный клуб ""Локомотив"" Москва",1,0
2018-12-11,3098050,CL,2018,international_cup,141,720,Galatasaray,FC Porto,2,3
2018-12-11,3131897,FAC,2018,domestic_cup,3716,1112,Newport County,Wrexham AFC,4,0
2018-12-11,3131900,FAC,2018,domestic_cup,1027,1072,Bradford City,Peterborough United,6,7
2018-12-11,3131901,FAC,2018,domestic_cup,289,899,Sunderland AFC,Walsall FC,0,1
2018-12-12,3098051,CL,2018,international_cup,294,2441,SL Benfica,Athlitiki Enosi Konstantinoupoleos,1,0
2018-12-12,3098052,CL,2018,international_cup,610,27,Ajax Amsterdam,Bayern Munich,3,3
2018-12-12,3098053,CL,2018,international_cup,660,1041,FC Shakhtar Donetsk,Olympique Lyon,1,1
2018-12-12,3098054,CL,2018,international_cup,281,533,Manchester City,TSG 1899 Hoffenheim,2,1
2018-12-12,3098055,CL,2018,international_cup,418,2410,Real Madrid,PFK CSKA Moskva,0,3
2018-12-12,3098056,CL,2018,international_cup,941,12,FC Viktoria Plzen,Associazione Sportiva Roma,2,1
2018-12-12,3098057,CL,2018,international_cup,452,506,BSC Young Boys,Juventus FC,2,1
2018-12-12,3098058,CL,2018,international_cup,1049,985,Valencia CF,Manchester United,2,1
2018-12-12,3126074,KLUB,2018,,2150,18385,Al-Ain FC,Team Wellington (2004-2021),7,6
2018-12-13,3098779,EL,2018,other,1050,232,Villarreal CF,FK Spartak Moskva,2,0
2018-12-13,3098780,EL,2018,other,170,124,Rapid Vienna,Rangers FC,1,0
2018-12-13,3098781,EL,2018,other,244,429,Olympique Marseille,Apollon Limassol,1,3
2018-12-13,3098782,EL,2018,other,398,24,Società Sportiva Lazio S.p.A.,Eintracht Frankfurt,1,2
2018-12-13,3098783,EL,2018,other,114,496,Beşiktaş Jimnastik Kulübü,Malmö Fotbollförening,0,1
2018-12-13,3098784,EL,2018,other,1184,10217,KRC Genk,Sarpsborg 08 Fotballforening,4,0
2018-12-13,3098785,EL,2018,other,368,16704,Sevilla FC,FK Krasnodar,3,0
2018-12-13,3098786,EL,2018,other,19771,3057,Akhisarspor,Standard Liège,0,0
2018-12-13,3098787,EL,2018,other,273,22220,Stade Rennais FC,FC Astana,2,0
2018-12-13,3098788,EL,2018,other,338,1322,Dynamo Kyiv,FK Jablonec,0,1
2018-12-13,3098789,EL,2018,other,1091,713,Panthessalonikios Athlitikos Omilos Konstantinoupoliton,BATE Borisov,1,3
2018-12-13,3098790,EL,2018,other,11107,631,Videoton FC Fehérvár,Chelsea FC,2,2
2018-12-13,3098791,EL,2018,other,2156,15,AEK Larnaca,Bayer 04 Leverkusen,1,5
2018-12-13,3098792,EL,2018,other,31614,260,Ludogorets Razgrad,FC Zürich,1,1
2018-12-13,3098793,EL,2018,other,23826,195,RB Leipzig,Rosenborg Ballklub,1,1
2018-12-13,3098794,EL,2018,other,371,409,Celtic FC,Fußballclub Red Bull Salzburg,1,2
2018-12-13,3098795,EL,2018,other,190,40,FC Copenhagen,FC Girondins Bordeaux,0,1
2018-12-13,3098796,EL,2018,other,62,964,SK Slavia Prague,AO FK Zenit Sankt-Peterburg,2,0
2018-12-13,3098797,EL,2018,other,365,36,Spartak Trnava,Fenerbahce,1,0
2018-12-13,3098798,EL,2018,other,419,58,GNK Dinamo Zagreb,RSC Anderlecht,0,0
2018-12-13,3098799,EL,2018,other,336,2740,Sporting CP,Vorskla Poltava,3,0
2018-12-13,3098800,EL,2018,other,11,10625,Arsenal FC,Qarabağ FK,1,0
2018-12-13,3098801,EL,2018,other,853,150,F91 Dudelange,Real Betis Balompié,0,0
2018-12-13,3098802,EL,2018,other,683,5,Olympiakos Syndesmos Filathlon Peiraios,AC Milan,3,1
2018-12-14,3058549,L1,2018,domestic_league,4,82,1.FC Nuremberg,VfL Wolfsburg,0,2
2018-12-14,3063716,DK1,2018,domestic_league,173,1053,Odense Boldklub,Aalborg BK,1,2
2018-12-14,3069511,PO1,2018,domestic_league,7378,1085,Portimonense SC,Vitória Setúbal FC,3,1
2018-12-14,3069518,PO1,2018,domestic_league,1075,3349,SC Braga,CD Feirense,4,0
2018-12-14,3069844,TR1,2018,domestic_league,1467,20,Göztepe,Bursaspor,0,0
2018-12-14,3077273,NL1,2018,domestic_league,403,1268,Willem II Tilburg,ADO Den Haag,0,3
2018-12-14,3079496,ES1,2018,domestic_league,940,1244,Celta de Vigo,CD Leganés,0,0
2018-12-14,3080303,SC1,2018,domestic_league,1241,43,Livingston FC,Heart of Midlothian FC,5,0
2018-12-14,3117169,BE1,2018,domestic_league,172,157,Royal Charleroi Sporting Club,KAA Gent,2,0
2018-12-15,3047698,FR1,2018,domestic_league,1421,667,Stade Reims,RC Strasbourg Alsace,2,1
2018-12-15,3050328,GB1,2018,domestic_league,873,1003,Crystal Palace,Leicester City,1,0
2018-12-15,3050329,GB1,2018,domestic_league,931,379,Fulham FC,West Ham United,0,2
2018-12-15,3050330,GB1,2018,domestic_league,1110,762,Huddersfield Town,Newcastle United,0,1
2018-12-15,3050332,GB1,2018,domestic_league,281,29,Manchester City,Everton FC,3,1
2018-12-15,3050334,GB1,2018,domestic_league,148,1132,Tottenham Hotspur,Burnley FC,1,0
2018-12-15,3050335,GB1,2018,domestic_league,1010,603,Watford FC,Cardiff City,3,2
2018-12-15,3050336,GB1,2018,domestic_league,543,989,Wolverhampton Wanderers,AFC Bournemouth,2,0
2018-12-15,3058541,L1,2018,domestic_league,533,18,TSG 1899 Hoffenheim,Borussia Mönchengladbach,0,0
2018-12-15,3058542,L1,2018,domestic_league,16,86,Borussia Dortmund,SV Werder Bremen,2,1
2018-12-15,3058544,L1,2018,domestic_league,79,44,VfB Stuttgart,Hertha BSC,2,1
2018-12-15,3058546,L1,2018,domestic_league,167,33,FC Augsburg,FC Schalke 04,1,1
2018-12-15,3058547,L1,2018,domestic_league,42,27,Hannover 96,Bayern Munich,0,4
2018-12-15,3058548,L1,2018,domestic_league,38,60,Fortuna Düsseldorf,SC Freiburg,2,0
2018-12-15,3063715,DK1,2018,domestic_league,5724,443,Randers FC,Vejle Boldklub,2,0
2018-12-15,3069510,PO1,2018,domestic_league,2423,720,CD Santa Clara,FC Porto,1,2
2018-12-15,3069515,PO1,2018,domestic_league,3325,979,GD Chaves,Moreirense FC,1,2
2018-12-15,3069516,PO1,2018,domestic_league,2503,7179,Boavista FC,CD Tondela,2,0
2018-12-15,3069517,PO1,2018,domestic_league,3336,2420,Desportivo Aves (- 2020),Vitória Guimarães SC,1,1
2018-12-15,3069842,TR1,2018,domestic_league,126,11282,Caykur Rizespor,Alanyaspor,1,1
2018-12-15,3069846,TR1,2018,domestic_league,2381,868,Sivasspor,MKE Ankaragücü,4,0
2018-12-15,3069847,TR1,2018,domestic_league,6890,141,Basaksehir FK,Galatasaray,1,1
2018-12-15,3069849,TR1,2018,domestic_league,2293,10484,Konyaspor,Kasimpasa,3,2
2018-12-15,3077274,NL1,2018,domestic_league,1269,132,PEC Zwolle,NAC Breda,0,0
2018-12-15,3077275,NL1,2018,domestic_league,1090,798,AZ Alkmaar,Excelsior Rotterdam,2,1
2018-12-15,3077276,NL1,2018,domestic_league,1304,383,Heracles Almelo,PSV Eindhoven,0,4
2018-12-15,3077277,NL1,2018,domestic_league,499,1426,Vitesse Arnhem,VVV-Venlo,2,1
2018-12-15,3079497,ES1,2018,domestic_league,1533,1049,SD Eibar,Valencia CF,1,1
2018-12-15,3079498,ES1,2018,domestic_league,3709,681,Getafe CF,Real Sociedad,1,0
2018-12-15,3079500,ES1,2018,domestic_league,366,13,Real Valladolid CF,Atlético de Madrid,2,3
2018-12-15,3079504,ES1,2018,domestic_league,418,367,Real Madrid,Rayo Vallecano,1,0
2018-12-15,3080302,SC1,2018,domestic_league,2553,511,Kilmarnock FC,Dundee FC,3,1
2018-12-15,3080305,SC1,2018,domestic_league,2578,987,St. Johnstone FC,Motherwell FC,1,2
2018-12-15,3080306,SC1,2018,domestic_league,465,370,St. Mirren FC,Aberdeen FC,1,2
2018-12-15,3081187,IT1,2018,domestic_league,46,410,Inter Milan,Udinese Calcio,1,0
2018-12-15,3081191,IT1,2018,domestic_league,416,506,Torino FC,Juventus FC,0,1
2018-12-15,3117170,BE1,2018,domestic_league,601,2282,KV Kortrijk,Club Brugge KV,0,0
2018-12-15,3117171,BE1,2018,domestic_league,1245,29228,KAS Eupen,Royal Excel Mouscron (-2022),1,0
2018-12-15,3117172,BE1,2018,domestic_league,498,475,KSC Lokeren (- 2020),Sint-Truidense VV,2,0
2018-12-15,3117173,BE1,2018,domestic_league,1096,28643,Royal Antwerp FC,SK Beveren,0,2
2018-12-15,3127385,GR1,2018,domestic_league,2671,169,PAS Giannina,Panionios Athens,3,1
2018-12-15,3127386,GR1,2018,domestic_league,605,6418,Aris Thessalonikis,Panetolikos Agrinio,1,2
2018-12-15,3127387,GR1,2018,domestic_league,6676,653,A.G.S Asteras Tripolis,Omilos Filathlon Irakliou FC,2,1
2018-12-15,3133269,KLUB,2018,,2241,6711,Kashima Antlers FC,Deportivo Guadalajara,3,2
2018-12-15,3134822,KLUB,2018,,3342,2150,Esperance Tunis,Al-Ain FC,0,3
2018-12-16,3047693,FR1,2018,domestic_league,1041,162,Olympique Lyon,AS Monaco,3,0
2018-12-16,3047696,FR1,2018,domestic_league,417,618,OGC Nice,AS Saint-Étienne,1,1
2018-12-16,3047697,FR1,2018,domestic_league,1160,1082,Nîmes Olympique,LOSC Lille,2,3
2018-12-16,3050327,GB1,2018,domestic_league,1237,631,Brighton & Hove Albion,Chelsea FC,1,2
2018-12-16,3050331,GB1,2018,domestic_league,31,985,Liverpool FC,Manchester United,3,1
2018-12-16,3050333,GB1,2018,domestic_league,180,11,Southampton FC,Arsenal FC,3,2
2018-12-16,3058543,L1,2018,domestic_league,23826,39,RB Leipzig,1.FSV Mainz 05,4,1
2018-12-16,3058545,L1,2018,domestic_league,24,15,Eintracht Frankfurt,Bayer 04 Leverkusen,2,1
2018-12-16,3063713,DK1,2018,domestic_league,206,19657,Bröndby IF,Vendsyssel FF,2,3
2018-12-16,3063714,DK1,2018,domestic_league,2414,865,AC Horsens,FC Midtjylland,1,3
2018-12-16,3063717,DK1,2018,domestic_league,5817,190,Sönderjyske Fodbold,FC Copenhagen,0,3
2018-12-16,3063718,DK1,2018,domestic_league,3426,2778,Esbjerg fB,FC Nordsjaelland,3,0
2018-12-16,3069512,PO1,2018,domestic_league,2425,2457,Rio Ave FC,B SAD,2,2
2018-12-16,3069513,PO1,2018,domestic_league,1301,294,CS Marítimo,SL Benfica,0,1
2018-12-16,3069514,PO1,2018,domestic_league,336,982,Sporting CP,CD Nacional,5,2
2018-12-16,3069843,TR1,2018,domestic_league,3205,19771,Kayserispor,Akhisarspor,1,0
2018-12-16,3069845,TR1,2018,domestic_league,19789,589,Yeni Malatyaspor,Antalyaspor,2,0
2018-12-16,3069848,TR1,2018,domestic_league,114,449,Beşiktaş Jimnastik Kulübü,Trabzonspor,2,2
2018-12-16,3077278,NL1,2018,domestic_league,306,200,SC Heerenveen,FC Utrecht,2,3
2018-12-16,3077279,NL1,2018,domestic_league,610,642,Ajax Amsterdam,De Graafschap Doetinchem,8,0
2018-12-16,3077280,NL1,2018,domestic_league,202,1283,FC Groningen,FC Emmen,1,2
2018-12-16,3077281,NL1,2018,domestic_league,234,385,Feyenoord Rotterdam,Fortuna Sittardia Combinatie,0,2
2018-12-16,3079499,ES1,2018,domestic_league,5358,1050,SD Huesca,Villarreal CF,2,2
2018-12-16,3079501,ES1,2018,domestic_league,3368,131,Levante UD,FC Barcelona,0,5
2018-12-16,3079502,ES1,2018,domestic_league,714,150,RCD Espanyol Barcelona,Real Betis Balompié,1,3
2018-12-16,3079503,ES1,2018,domestic_league,368,12321,Sevilla FC,Girona FC,2,0
2018-12-16,3080301,SC1,2018,domestic_league,903,371,Hibernian FC,Celtic FC,2,0
2018-12-16,3080304,SC1,2018,domestic_league,124,2999,Rangers FC,Hamilton Academical FC,1,0
2018-12-16,3081184,IT1,2018,domestic_league,1390,6195,Cagliari Calcio,SSC Napoli,0,1
2018-12-16,3081185,IT1,2018,domestic_league,430,749,ACF Fiorentina,FC Empoli,3,1
2018-12-16,3081186,IT1,2018,domestic_league,8970,6574,Frosinone Calcio,US Sassuolo,0,2
2018-12-16,3081188,IT1,2018,domestic_league,12,252,Associazione Sportiva Roma,Genoa CFC,3,2
2018-12-16,3081189,IT1,2018,domestic_league,1038,130,UC Sampdoria,Parma Calcio 1913,2,0
2018-12-16,3081190,IT1,2018,domestic_league,2722,862,SPAL,Chievo Verona,0,0
2018-12-16,3117174,BE1,2018,domestic_league,520,58,Cercle Brugge,RSC Anderlecht,2,1
2018-12-16,3117175,BE1,2018,domestic_league,1184,2861,KRC Genk,KV Oostende,2,0
2018-12-16,3117176,BE1,2018,domestic_league,3057,3508,Standard Liège,Zulte Waregem,4,1
2018-12-16,3127388,GR1,2018,domestic_league,441,128,Apollon Smyrnis,AO Xanthi,1,0
2018-12-16,3127389,GR1,2018,domestic_league,4603,2441,Athlitiki Enosi Larisas,Athlitiki Enosi Konstantinoupoleos,0,0
2018-12-16,3127390,GR1,2018,domestic_league,265,3060,Panathinaikos Athlitikos Omilos,APS Atromitos Athinon,1,0
2018-12-16,3127391,GR1,2018,domestic_league,683,3999,Olympiakos Syndesmos Filathlon Peiraios,PAS Lamia 1964,3,0
2018-12-17,3063712,DK1,2018,domestic_league,678,5818,Aarhus GF,Hobro IK,1,0
2018-12-17,3069850,TR1,2018,domestic_league,36,39722,Fenerbahce,Erzurumspor FK,2,2
2018-12-17,3079495,ES1,2018,domestic_league,1108,621,Deportivo Alavés,Athletic Bilbao,0,0
2018-12-17,3081182,IT1,2018,domestic_league,800,398,Atalanta BC,Società Sportiva Lazio S.p.A.,1,0
2018-12-17,3127392,GR1,2018,domestic_league,2672,1091,APO Levadiakos Football Club,Panthessalonikios Athlitikos Omilos Konstantinoupoliton,1,2
2018-12-17,3131898,FAC,2018,domestic_cup,9829,1074,Southport FC,Tranmere Rovers,0,2
2018-12-18,3047690,FR1,2018,domestic_league,1162,415,SM Caen,FC Toulouse,2,1
2018-12-18,3058552,L1,2018,domestic_league,18,4,Borussia Mönchengladbach,1.FC Nuremberg,2,0
2018-12-18,3058553,L1,2018,domestic_league,44,167,Hertha BSC,FC Augsburg,2,2
2018-12-18,3058557,L1,2018,domestic_league,82,79,VfL Wolfsburg,VfB Stuttgart,2,0
2018-12-18,3058558,L1,2018,domestic_league,38,16,Fortuna Düsseldorf,Borussia Dortmund,2,1
2018-12-18,3080283,SC1,2018,domestic_league,370,511,Aberdeen FC,Dundee FC,5,1
2018-12-18,3081183,IT1,2018,domestic_league,1025,5,Bologna Football Club 1909,AC Milan,0,0
2018-12-18,3108851,GRP,2018,domestic_cup,47,2671,Iraklis Thessaloniki,PAS Giannina,2,0
2018-12-18,3108856,GRP,2018,domestic_cup,37339,6418,OF Ierapetras,Panetolikos Agrinio,0,0
2018-12-18,3108862,GRP,2018,domestic_cup,37125,6676,Apollon Paralimniou,A.G.S Asteras Tripolis,0,4
2018-12-18,3108866,GRP,2018,domestic_cup,9073,169,PASA Irodotos,Panionios Athens,1,2
2018-12-18,3122354,NLP,2018,domestic_cup,403,2838,Willem II Tilburg,AFC Amsterdam,3,0
2018-12-18,3122356,NLP,2018,domestic_cup,317,235,FC Twente Enschede,RKC Waalwijk,2,0
2018-12-18,3122358,NLP,2018,domestic_cup,1090,1269,AZ Alkmaar,PEC Zwolle,5,0
2018-12-18,3131899,FAC,2018,domestic_cup,1181,12335,Blackpool FC,Solihull Moors,3,2
2018-12-18,3136248,KLUB,2018,,209,2150,Club Atlético River Plate,Al-Ain FC,6,7
2018-12-18,3136249,KLUB,2018,,3342,6711,Esperance Tunis,Deportivo Guadalajara,7,6
2018-12-19,3058550,L1,2018,domestic_league,27,23826,Bayern Munich,RB Leipzig,1,0
2018-12-19,3058551,L1,2018,domestic_league,33,15,FC Schalke 04,Bayer 04 Leverkusen,1,2
2018-12-19,3058554,L1,2018,domestic_league,86,533,SV Werder Bremen,TSG 1899 Hoffenheim,1,1
2018-12-19,3058555,L1,2018,domestic_league,60,42,SC Freiburg,Hannover 96,1,1
2018-12-19,3058556,L1,2018,domestic_league,39,24,1.FSV Mainz 05,Eintracht Frankfurt,2,2
2018-12-19,3080254,SC1,2018,domestic_league,371,987,Celtic FC,Motherwell FC,3,0
2018-12-19,3080256,SC1,2018,domestic_league,903,124,Hibernian FC,Rangers FC,0,0
2018-12-19,3108852,GRP,2018,domestic_cup,65024,3060,Thyella Kamariou,APS Atromitos Athinon,0,8
2018-12-19,3108855,GRP,2018,domestic_cup,37276,265,PAE Chania,Panathinaikos Athlitikos Omilos,1,2
2018-12-19,3108860,GRP,2018,domestic_cup,50713,683,Aris Avatou,Olympiakos Syndesmos Filathlon Peiraios,1,2
2018-12-19,3108863,GRP,2018,domestic_cup,5219,653,AOK Kerkyra,Omilos Filathlon Irakliou FC,0,3
2018-12-19,3108864,GRP,2018,domestic_cup,5572,128,Niki Volou,AO Xanthi,1,0
2018-12-19,3122355,NLP,2018,domestic_cup,33424,306,ODIN '59 Heemskerk,SC Heerenveen,1,3
2018-12-19,3122359,NLP,2018,domestic_cup,192,610,Roda JC Kerkrade,Ajax Amsterdam,3,5
2018-12-19,3122360,NLP,2018,domestic_cup,385,133,Fortuna Sittardia Combinatie,SC Cambuur Leeuwarden,2,1
2018-12-19,3135203,KLUB,2018,,2241,418,Kashima Antlers FC,Real Madrid,1,3
2018-12-20,3108853,GRP,2018,domestic_cup,8699,3999,Apollon Larisas,PAS Lamia 1964,0,7
2018-12-20,3108854,GRP,2018,domestic_cup,60949,2441,Volou Neos Podosferikos Syllogos,Athlitiki Enosi Konstantinoupoleos,1,3
2018-12-20,3108857,GRP,2018,domestic_cup,5220,605,GS Ergotelis,Aris Thessalonikis,3,2
2018-12-20,3108858,GRP,2018,domestic_cup,21851,1091,Aittitos Spaton,Panthessalonikios Athlitikos Omilos Konstantinoupoliton,0,6
2018-12-20,3108859,GRP,2018,domestic_cup,1837,2672,Panachaiki GE,APO Levadiakos Football Club,2,1
2018-12-20,3108861,GRP,2018,domestic_cup,3993,441,AO Trikala,Apollon Smyrnis,1,1
2018-12-20,3108865,GRP,2018,domestic_cup,3392,4603,Apollon Pontou,Athlitiki Enosi Larisas,0,4
2018-12-20,3122357,NLP,2018,domestic_cup,234,200,Feyenoord Rotterdam,FC Utrecht,1,0
2018-12-20,3122361,NLP,2018,domestic_cup,12285,499,Kozakken Boys,Vitesse Arnhem,1,2
2018-12-21,3050346,GB1,2018,domestic_league,543,31,Wolverhampton Wanderers,Liverpool FC,0,2
2018-12-21,3058560,L1,2018,domestic_league,16,18,Borussia Dortmund,Borussia Mönchengladbach,2,1
2018-12-21,3077283,NL1,2018,domestic_league,1426,1269,VVV-Venlo,PEC Zwolle,2,0
2018-12-21,3079510,ES1,2018,domestic_league,681,1108,Real Sociedad,Deportivo Alavés,0,1
2018-12-21,3079511,ES1,2018,domestic_league,12321,3709,Girona FC,Getafe CF,1,1
2018-12-21,3117177,BE1,2018,domestic_league,157,520,KAA Gent,Cercle Brugge,4,1
2018-12-22,3047700,FR1,2018,domestic_league,1420,244,Angers SCO,Olympique Marseille,1,1
2018-12-22,3047702,FR1,2018,domestic_league,1082,415,LOSC Lille,FC Toulouse,1,2
2018-12-22,3047703,FR1,2018,domestic_league,162,855,AS Monaco,EA Guingamp,0,2
2018-12-22,3047704,FR1,2018,domestic_league,969,1041,Montpellier HSC,Olympique Lyon,1,1
2018-12-22,3047705,FR1,2018,domestic_league,583,995,Paris Saint-Germain,FC Nantes,1,0
2018-12-22,3047706,FR1,2018,domestic_league,1421,1162,Stade Reims,SM Caen,2,2
2018-12-22,3047707,FR1,2018,domestic_league,273,1160,Stade Rennais FC,Nîmes Olympique,4,0
2018-12-22,3047708,FR1,2018,domestic_league,618,2969,AS Saint-Étienne,Dijon FCO,3,0
2018-12-22,3047709,FR1,2018,domestic_league,667,417,RC Strasbourg Alsace,OGC Nice,2,0
2018-12-22,3050337,GB1,2018,domestic_league,11,1132,Arsenal FC,Burnley FC,3,1
2018-12-22,3050338,GB1,2018,domestic_league,989,1237,AFC Bournemouth,Brighton & Hove Albion,2,0
2018-12-22,3050339,GB1,2018,domestic_league,603,985,Cardiff City,Manchester United,1,5
2018-12-22,3050340,GB1,2018,domestic_league,631,1003,Chelsea FC,Leicester City,0,1
2018-12-22,3050342,GB1,2018,domestic_league,1110,180,Huddersfield Town,Southampton FC,1,3
2018-12-22,3050343,GB1,2018,domestic_league,281,873,Manchester City,Crystal Palace,2,3
2018-12-22,3050344,GB1,2018,domestic_league,762,931,Newcastle United,Fulham FC,0,0
2018-12-22,3050345,GB1,2018,domestic_league,379,1010,West Ham United,Watford FC,0,2
2018-12-22,3058561,L1,2018,domestic_league,15,44,Bayer 04 Leverkusen,Hertha BSC,3,1
2018-12-22,3058562,L1,2018,domestic_league,23826,86,RB Leipzig,SV Werder Bremen,3,2
2018-12-22,3058563,L1,2018,domestic_league,79,33,VfB Stuttgart,FC Schalke 04,1,3
2018-12-22,3058564,L1,2018,domestic_league,24,27,Eintracht Frankfurt,Bayern Munich,0,3
2018-12-22,3058566,L1,2018,domestic_league,42,38,Hannover 96,Fortuna Düsseldorf,0,1
2018-12-22,3058567,L1,2018,domestic_league,4,60,1.FC Nuremberg,SC Freiburg,0,1
2018-12-22,3069519,PO1,2018,domestic_league,979,2503,Moreirense FC,Boavista FC,2,1
2018-12-22,3069521,PO1,2018,domestic_league,1085,2423,Vitória Setúbal FC,CD Santa Clara,0,2
2018-12-22,3069522,PO1,2018,domestic_league,7179,1301,CD Tondela,CS Marítimo,2,1
2018-12-22,3069523,PO1,2018,domestic_league,2457,3336,B SAD,Desportivo Aves (- 2020),5,2
2018-12-22,3069525,PO1,2018,domestic_league,3349,7378,CD Feirense,Portimonense SC,0,1
2018-12-22,3069851,TR1,2018,domestic_league,868,1467,MKE Ankaragücü,Göztepe,0,3
2018-12-22,3069852,TR1,2018,domestic_league,10484,114,Kasimpasa,Beşiktaş Jimnastik Kulübü,4,1
2018-12-22,3069858,TR1,2018,domestic_league,11282,6890,Alanyaspor,Basaksehir FK,1,1
2018-12-22,3077284,NL1,2018,domestic_league,385,202,Fortuna Sittardia Combinatie,FC Groningen,0,0
2018-12-22,3077285,NL1,2018,domestic_league,132,306,NAC Breda,SC Heerenveen,4,2
2018-12-22,3077286,NL1,2018,domestic_league,798,1304,Excelsior Rotterdam,Heracles Almelo,0,3
2018-12-22,3079505,ES1,2018,domestic_league,621,366,Athletic Bilbao,Real Valladolid CF,1,1
2018-12-22,3079506,ES1,2018,domestic_league,13,714,Atlético de Madrid,RCD Espanyol Barcelona,1,0
2018-12-22,3079507,ES1,2018,domestic_league,131,940,FC Barcelona,Celta de Vigo,2,0
2018-12-22,3079508,ES1,2018,domestic_league,150,1533,Real Betis Balompié,SD Eibar,1,1
2018-12-22,3080307,SC1,2018,domestic_league,370,43,Aberdeen FC,Heart of Midlothian FC,2,0
2018-12-22,3080308,SC1,2018,domestic_league,371,511,Celtic FC,Dundee FC,3,0
2018-12-22,3080309,SC1,2018,domestic_league,2999,2553,Hamilton Academical FC,Kilmarnock FC,1,1
2018-12-22,3080310,SC1,2018,domestic_league,903,1241,Hibernian FC,Livingston FC,1,1
2018-12-22,3080311,SC1,2018,domestic_league,987,465,Motherwell FC,St. Mirren FC,0,1
2018-12-22,3081192,IT1,2018,domestic_league,862,46,Chievo Verona,Inter Milan,1,1
2018-12-22,3081193,IT1,2018,domestic_league,749,1038,FC Empoli,UC Sampdoria,2,4
2018-12-22,3081194,IT1,2018,domestic_league,252,800,Genoa CFC,Atalanta BC,3,1
2018-12-22,3081195,IT1,2018,domestic_league,506,12,Juventus FC,Associazione Sportiva Roma,1,0
2018-12-22,3081196,IT1,2018,domestic_league,398,1390,Società Sportiva Lazio S.p.A.,Cagliari Calcio,3,1
2018-12-22,3081197,IT1,2018,domestic_league,5,430,AC Milan,ACF Fiorentina,0,1
2018-12-22,3081198,IT1,2018,domestic_league,6195,2722,SSC Napoli,SPAL,1,0
2018-12-22,3081199,IT1,2018,domestic_league,130,1025,Parma Calcio 1913,Bologna Football Club 1909,0,0
2018-12-22,3081200,IT1,2018,domestic_league,6574,416,US Sassuolo,Torino FC,1,1
2018-12-22,3081201,IT1,2018,domestic_league,410,8970,Udinese Calcio,Frosinone Calcio,1,1
2018-12-22,3117178,BE1,2018,domestic_league,29228,58,Royal Excel Mouscron (-2022),RSC Anderlecht,3,1
2018-12-22,3117179,BE1,2018,domestic_league,28643,498,SK Beveren,KSC Lokeren (- 2020),2,1
2018-12-22,3117180,BE1,2018,domestic_league,475,601,Sint-Truidense VV,KV Kortrijk,0,0
2018-12-22,3117183,BE1,2018,domestic_league,3057,2861,Standard Liège,KV Oostende,3,1
2018-12-22,3131100,NL1,2018,domestic_league,383,1090,PSV Eindhoven,AZ Alkmaar,3,1
2018-12-22,3136570,KLUB,2018,,2241,209,Kashima Antlers FC,Club Atlético River Plate,0,4
2018-12-22,3136571,KLUB,2018,,418,2150,Real Madrid,Al-Ain FC,4,1
2018-12-23,3047701,FR1,2018,domestic_league,40,1416,FC Girondins Bordeaux,Amiens SC,1,1
2018-12-23,3050341,GB1,2018,domestic_league,29,148,Everton FC,Tottenham Hotspur,2,6
2018-12-23,3058559,L1,2018,domestic_league,533,39,TSG 1899 Hoffenheim,1.FSV Mainz 05,1,1
2018-12-23,3058565,L1,2018,domestic_league,167,82,FC Augsburg,VfL Wolfsburg,2,3
2018-12-23,3069520,PO1,2018,domestic_league,982,3325,CD Nacional,GD Chaves,2,0
2018-12-23,3069524,PO1,2018,domestic_league,720,2425,FC Porto,Rio Ave FC,2,1
2018-12-23,3069526,PO1,2018,domestic_league,294,1075,SL Benfica,SC Braga,6,2
2018-12-23,3069527,PO1,2018,domestic_league,2420,336,Vitória Guimarães SC,Sporting CP,1,0
2018-12-23,3069853,TR1,2018,domestic_league,141,2381,Galatasaray,Sivasspor,4,2
2018-12-23,3069855,TR1,2018,domestic_league,39722,3205,Erzurumspor FK,Kayserispor,1,1
2018-12-23,3069857,TR1,2018,domestic_league,449,126,Trabzonspor,Caykur Rizespor,4,1
2018-12-23,3069859,TR1,2018,domestic_league,20,19789,Bursaspor,Yeni Malatyaspor,1,1
2018-12-23,3077287,NL1,2018,domestic_league,200,610,FC Utrecht,Ajax Amsterdam,1,3
2018-12-23,3077288,NL1,2018,domestic_league,642,499,De Graafschap Doetinchem,Vitesse Arnhem,2,2
2018-12-23,3077289,NL1,2018,domestic_league,1268,234,ADO Den Haag,Feyenoord Rotterdam,2,2
2018-12-23,3077290,NL1,2018,domestic_league,1283,403,FC Emmen,Willem II Tilburg,0,2
2018-12-23,3079509,ES1,2018,domestic_league,1244,368,CD Leganés,Sevilla FC,1,1
2018-12-23,3079512,ES1,2018,domestic_league,1049,5358,Valencia CF,SD Huesca,2,1
2018-12-23,3079513,ES1,2018,domestic_league,367,3368,Rayo Vallecano,Levante UD,2,1
2018-12-23,3080312,SC1,2018,domestic_league,2578,124,St. Johnstone FC,Rangers FC,1,2
2018-12-23,3117181,BE1,2018,domestic_league,1245,1184,KAS Eupen,KRC Genk,0,2
2018-12-23,3117182,BE1,2018,domestic_league,2282,1096,Club Brugge KV,Royal Antwerp FC,5,1
2018-12-23,3117184,BE1,2018,domestic_league,3508,172,Zulte Waregem,Royal Charleroi Sporting Club,3,1
2018-12-24,3069854,TR1,2018,domestic_league,589,36,Antalyaspor,Fenerbahce,0,0
2018-12-24,3069856,TR1,2018,domestic_league,19771,2293,Akhisarspor,Konyaspor,0,0
2018-12-26,3050417,GB1,2018,domestic_league,1237,11,Brighton & Hove Albion,Arsenal FC,1,1
2018-12-26,3050418,GB1,2018,domestic_league,1132,29,Burnley FC,Everton FC,1,5
2018-12-26,3050419,GB1,2018,domestic_league,873,603,Crystal Palace,Cardiff City,0,0
2018-12-26,3050420,GB1,2018,domestic_league,931,543,Fulham FC,Wolverhampton Wanderers,1,1
2018-12-26,3050421,GB1,2018,domestic_league,1003,281,Leicester City,Manchester City,2,1
2018-12-26,3050422,GB1,2018,domestic_league,31,762,Liverpool FC,Newcastle United,4,0
2018-12-26,3050423,GB1,2018,domestic_league,985,1110,Manchester United,Huddersfield Town,3,1
2018-12-26,3050425,GB1,2018,domestic_league,148,989,Tottenham Hotspur,AFC Bournemouth,5,0
2018-12-26,3050426,GB1,2018,domestic_league,1010,631,Watford FC,Chelsea FC,1,2
2018-12-26,3080313,SC1,2018,domestic_league,370,371,Aberdeen FC,Celtic FC,3,4
2018-12-26,3080314,SC1,2018,domestic_league,511,1241,Dundee FC,Livingston FC,0,0
2018-12-26,3080315,SC1,2018,domestic_league,43,2999,Heart of Midlothian FC,Hamilton Academical FC,2,0
2018-12-26,3080316,SC1,2018,domestic_league,987,2553,Motherwell FC,Kilmarnock FC,0,1
2018-12-26,3080317,SC1,2018,domestic_league,124,903,Rangers FC,Hibernian FC,1,1
2018-12-26,3080318,SC1,2018,domestic_league,465,2578,St. Mirren FC,St. Johnstone FC,0,1
2018-12-26,3081202,IT1,2018,domestic_league,800,506,Atalanta BC,Juventus FC,2,2
2018-12-26,3081203,IT1,2018,domestic_league,1025,398,Bologna Football Club 1909,Società Sportiva Lazio S.p.A.,0,2
2018-12-26,3081204,IT1,2018,domestic_league,1390,252,Cagliari Calcio,Genoa CFC,1,0
2018-12-26,3081205,IT1,2018,domestic_league,430,130,ACF Fiorentina,Parma Calcio 1913,0,1
2018-12-26,3081206,IT1,2018,domestic_league,8970,5,Frosinone Calcio,AC Milan,0,0
2018-12-26,3081207,IT1,2018,domestic_league,46,6195,Inter Milan,SSC Napoli,1,0
2018-12-26,3081208,IT1,2018,domestic_league,12,6574,Associazione Sportiva Roma,US Sassuolo,3,1
2018-12-26,3081209,IT1,2018,domestic_league,1038,862,UC Sampdoria,Chievo Verona,2,0
2018-12-26,3081210,IT1,2018,domestic_league,2722,410,SPAL,Udinese Calcio,0,0
2018-12-26,3081211,IT1,2018,domestic_league,416,749,Torino FC,FC Empoli,3,0
2018-12-26,3136363,BE1,2018,domestic_league,2861,475,KV Oostende,Sint-Truidense VV,1,1
2018-12-26,3136364,BE1,2018,domestic_league,520,1245,Cercle Brugge,KAS Eupen,0,1
2018-12-26,3136365,BE1,2018,domestic_league,1096,29228,Royal Antwerp FC,Royal Excel Mouscron (-2022),2,1
2018-12-26,3136366,BE1,2018,domestic_league,601,3508,KV Kortrijk,Zulte Waregem,4,2
2018-12-26,3136367,BE1,2018,domestic_league,172,3057,Royal Charleroi Sporting Club,Standard Liège,0,1
2018-12-26,3136368,BE1,2018,domestic_league,1184,157,KRC Genk,KAA Gent,3,1
2018-12-27,3050424,GB1,2018,domestic_league,180,379,Southampton FC,West Ham United,1,2
2018-12-27,3136369,BE1,2018,domestic_league,498,2282,KSC Lokeren (- 2020),Club Brugge KV,0,1
2018-12-27,3136370,BE1,2018,domestic_league,58,28643,RSC Anderlecht,SK Beveren,3,0
2018-12-28,3093840,POCP,2018,,3336,294,Desportivo Aves (- 2020),SL Benfica,1,1
2018-12-28,3093841,POCP,2018,,2425,2995,Rio Ave FC,FC Paços de Ferreira,1,1
2018-12-28,3093842,POCP,2018,,1085,1075,Vitória Setúbal FC,SC Braga,0,4
2018-12-28,3093843,POCP,2018,,7179,982,CD Tondela,CD Nacional,2,1
2018-12-29,3050347,GB1,2018,domestic_league,1237,29,Brighton & Hove Albion,Everton FC,1,0
2018-12-29,3050350,GB1,2018,domestic_league,931,1110,Fulham FC,Huddersfield Town,1,0
2018-12-29,3050351,GB1,2018,domestic_league,1003,603,Leicester City,Cardiff City,0,1
2018-12-29,3050352,GB1,2018,domestic_league,31,11,Liverpool FC,Arsenal FC,5,1
2018-12-29,3050355,GB1,2018,domestic_league,148,543,Tottenham Hotspur,Wolverhampton Wanderers,1,3
2018-12-29,3050356,GB1,2018,domestic_league,1010,762,Watford FC,Newcastle United,1,1
2018-12-29,3080319,SC1,2018,domestic_league,511,2578,Dundee FC,St. Johnstone FC,0,2
2018-12-29,3080320,SC1,2018,domestic_league,2999,987,Hamilton Academical FC,Motherwell FC,1,2
2018-12-29,3080321,SC1,2018,domestic_league,903,43,Hibernian FC,Heart of Midlothian FC,0,1
2018-12-29,3080322,SC1,2018,domestic_league,2553,465,Kilmarnock FC,St. Mirren FC,2,1
2018-12-29,3080323,SC1,2018,domestic_league,1241,370,Livingston FC,Aberdeen FC,1,2
2018-12-29,3080324,SC1,2018,domestic_league,124,371,Rangers FC,Celtic FC,1,0
2018-12-29,3081212,IT1,2018,domestic_league,862,8970,Chievo Verona,Frosinone Calcio,1,0
2018-12-29,3081213,IT1,2018,domestic_league,749,46,FC Empoli,Inter Milan,0,1
2018-12-29,3081214,IT1,2018,domestic_league,252,430,Genoa CFC,ACF Fiorentina,0,0
2018-12-29,3081215,IT1,2018,domestic_league,506,1038,Juventus FC,UC Sampdoria,2,1
2018-12-29,3081216,IT1,2018,domestic_league,398,416,Società Sportiva Lazio S.p.A.,Torino FC,1,1
2018-12-29,3081217,IT1,2018,domestic_league,5,2722,AC Milan,SPAL,2,1
2018-12-29,3081218,IT1,2018,domestic_league,6195,1025,SSC Napoli,Bologna Football Club 1909,3,2
2018-12-29,3081219,IT1,2018,domestic_league,130,12,Parma Calcio 1913,Associazione Sportiva Roma,0,2
2018-12-29,3081220,IT1,2018,domestic_league,6574,800,US Sassuolo,Atalanta BC,2,6
2018-12-29,3081221,IT1,2018,domestic_league,410,1390,Udinese Calcio,Cagliari Calcio,2,0
2018-12-29,3093846,POCP,2018,,3349,336,CD Feirense,Sporting CP,1,4
2018-12-29,3093847,POCP,2018,,1301,1465,CS Marítimo,GD Estoril Praia,0,1
2018-12-30,3050348,GB1,2018,domestic_league,1132,379,Burnley FC,West Ham United,2,0
2018-12-30,3050349,GB1,2018,domestic_league,873,631,Crystal Palace,Chelsea FC,0,1
2018-12-30,3050353,GB1,2018,domestic_league,985,989,Manchester United,AFC Bournemouth,4,1
2018-12-30,3050354,GB1,2018,domestic_league,180,281,Southampton FC,Manchester City,1,3
2018-12-30,3093844,POCP,2018,,2457,720,B SAD,FC Porto,1,2
2018-12-30,3093845,POCP,2018,,3325,4297,GD Chaves,Varzim SC,3,1
2019-01-01,3050357,GB1,2018,domestic_league,11,931,Arsenal FC,Fulham FC,4,1
2019-01-01,3050359,GB1,2018,domestic_league,603,148,Cardiff City,Tottenham Hotspur,0,3
2019-01-01,3050361,GB1,2018,domestic_league,29,1003,Everton FC,Leicester City,0,1
2019-01-02,3050358,GB1,2018,domestic_league,989,1010,AFC Bournemouth,Watford FC,3,3
2019-01-02,3050360,GB1,2018,domestic_league,631,180,Chelsea FC,Southampton FC,0,0
2019-01-02,3050362,GB1,2018,domestic_league,1110,1132,Huddersfield Town,Burnley FC,1,2
2019-01-02,3050364,GB1,2018,domestic_league,762,985,Newcastle United,Manchester United,0,2
2019-01-02,3050365,GB1,2018,domestic_league,379,1237,West Ham United,Brighton & Hove Albion,2,2
2019-01-02,3050366,GB1,2018,domestic_league,543,873,Wolverhampton Wanderers,Crystal Palace,0,2
2019-01-02,3069528,PO1,2018,domestic_league,2423,7179,CD Santa Clara,CD Tondela,1,2
2019-01-02,3069530,PO1,2018,domestic_league,7378,294,Portimonense SC,SL Benfica,2,0
2019-01-02,3069531,PO1,2018,domestic_league,982,2420,CD Nacional,Vitória Guimarães SC,1,0
2019-01-02,3069532,PO1,2018,domestic_league,2425,979,Rio Ave FC,Moreirense FC,1,2
2019-01-02,3069534,PO1,2018,domestic_league,2503,1085,Boavista FC,Vitória Setúbal FC,1,0
2019-01-02,3069536,PO1,2018,domestic_league,1075,1301,SC Braga,CS Marítimo,2,0
2019-01-03,3050363,GB1,2018,domestic_league,281,31,Manchester City,Liverpool FC,2,1
2019-01-03,3069529,PO1,2018,domestic_league,336,2457,Sporting CP,B SAD,2,1
2019-01-03,3069533,PO1,2018,domestic_league,3325,3349,GD Chaves,CD Feirense,0,0
2019-01-03,3069535,PO1,2018,domestic_league,3336,720,Desportivo Aves (- 2020),FC Porto,0,1
2019-01-03,3079514,ES1,2018,domestic_league,1050,418,Villarreal CF,Real Madrid,2,2
2019-01-04,3079517,ES1,2018,domestic_league,714,1244,RCD Espanyol Barcelona,CD Leganés,1,0
2019-01-04,3079523,ES1,2018,domestic_league,3368,12321,Levante UD,Girona FC,2,2
2019-01-04,3136596,FAC,2018,domestic_cup,1074,148,Tranmere Rovers,Tottenham Hotspur,0,7
2019-01-05,3069545,PO1,2018,domestic_league,1301,7378,CS Marítimo,Portimonense SC,2,1
2019-01-05,3079515,ES1,2018,domestic_league,1108,1049,Deportivo Alavés,Valencia CF,2,1
2019-01-05,3079522,ES1,2018,domestic_league,5358,150,SD Huesca,Real Betis Balompié,2,1
2019-01-05,3079524,ES1,2018,domestic_league,366,367,Real Valladolid CF,Rayo Vallecano,0,1
2019-01-05,3136597,FAC,2018,domestic_cup,989,1237,AFC Bournemouth,Brighton & Hove Albion,1,3
2019-01-05,3136598,FAC,2018,domestic_cup,1132,349,Burnley FC,Barnsley FC,1,0
2019-01-05,3136599,FAC,2018,domestic_cup,985,1032,Manchester United,Reading FC,2,0
2019-01-05,3136600,FAC,2018,domestic_cup,1035,1031,Sheffield Wednesday,Luton Town,0,0
2019-01-05,3136601,FAC,2018,domestic_cup,3054,512,Shrewsbury Town,Stoke City,1,1
2019-01-05,3136602,FAC,2018,domestic_cup,984,1071,West Bromwich Albion,Wigan Athletic,1,0
2019-01-05,3136603,FAC,2018,domestic_cup,379,337,West Ham United,Birmingham City,2,0
2019-01-05,3136604,FAC,2018,domestic_cup,3688,677,Accrington Stanley,Ipswich Town,1,0
2019-01-05,3136605,FAC,2018,domestic_cup,405,2288,Aston Villa,Swansea City,0,3
2019-01-05,3136606,FAC,2018,domestic_cup,355,899,Bolton Wanderers,Walsall FC,5,2
2019-01-05,3136607,FAC,2018,domestic_cup,1148,988,Brentford FC,Oxford United,1,0
2019-01-05,3136608,FAC,2018,domestic_cup,631,703,Chelsea FC,Nottingham Forest,2,0
2019-01-05,3136609,FAC,2018,domestic_cup,22,180,Derby County,Southampton FC,2,2
2019-01-05,3136610,FAC,2018,domestic_cup,29,1198,Everton FC,Lincoln City,2,1
2019-01-05,3136611,FAC,2018,domestic_cup,11177,3884,Fleetwood Town,AFC Wimbledon,2,3
2019-01-05,3136612,FAC,2018,domestic_cup,2814,603,Gillingham FC,Cardiff City,1,0
2019-01-05,3136613,FAC,2018,domestic_cup,641,1072,Middlesbrough FC,Peterborough United,5,0
2019-01-05,3136614,FAC,2018,domestic_cup,1181,11,Blackpool FC,Arsenal FC,0,3
2019-01-05,3136615,FAC,2018,domestic_cup,698,1110,Bristol City,Huddersfield Town,1,0
2019-01-05,3136616,FAC,2018,domestic_cup,873,1034,Crystal Palace,Grimsby Town,1,0
2019-01-05,3136617,FAC,2018,domestic_cup,762,164,Newcastle United,Blackburn Rovers,1,1
2019-01-05,3136618,FAC,2018,domestic_cup,1123,1020,Norwich City,Portsmouth FC,0,1
2019-01-06,3069537,PO1,2018,domestic_league,1085,3325,Vitória Setúbal FC,GD Chaves,0,0
2019-01-06,3069538,PO1,2018,domestic_league,3349,2423,CD Feirense,CD Santa Clara,2,2
2019-01-06,3069541,PO1,2018,domestic_league,1075,2503,SC Braga,Boavista FC,1,0
2019-01-06,3069543,PO1,2018,domestic_league,294,2425,SL Benfica,Rio Ave FC,4,2
2019-01-06,3069544,PO1,2018,domestic_league,2457,2420,B SAD,Vitória Guimarães SC,1,0
2019-01-06,3079516,ES1,2018,domestic_league,1533,1050,SD Eibar,Villarreal CF,0,0
2019-01-06,3079518,ES1,2018,domestic_league,418,681,Real Madrid,Real Sociedad,0,2
2019-01-06,3079520,ES1,2018,domestic_league,368,13,Sevilla FC,Atlético de Madrid,1,1
2019-01-06,3079521,ES1,2018,domestic_league,3709,131,Getafe CF,FC Barcelona,1,2
2019-01-06,3136620,FAC,2018,domestic_cup,931,1078,Fulham FC,Oldham Athletic,1,2
2019-01-06,3136621,FAC,2018,domestic_cup,281,1194,Manchester City,Rotherham United,7,0
2019-01-06,3136622,FAC,2018,domestic_cup,1028,3008,Millwall FC,Hull City,2,1
2019-01-06,3136623,FAC,2018,domestic_cup,466,2454,Preston North End,Doncaster Rovers,1,3
2019-01-06,3136624,FAC,2018,domestic_cup,1039,399,Queens Park Rangers,Leeds United,2,1
2019-01-06,3136625,FAC,2018,domestic_cup,350,2804,Sheffield United,Barnet FC,0,1
2019-01-06,3136626,FAC,2018,domestic_cup,2796,1010,Woking FC,Watford FC,0,2
2019-01-06,3136627,FAC,2018,domestic_cup,3716,1003,Newport County,Leicester City,2,1
2019-01-07,3069539,PO1,2018,domestic_league,720,982,FC Porto,CD Nacional,3,1
2019-01-07,3069540,PO1,2018,domestic_league,7179,336,CD Tondela,Sporting CP,2,1
2019-01-07,3069542,PO1,2018,domestic_league,979,3336,Moreirense FC,Desportivo Aves (- 2020),1,0
2019-01-07,3079519,ES1,2018,domestic_league,940,621,Celta de Vigo,Athletic Bilbao,1,2
2019-01-07,3136619,FAC,2018,domestic_cup,543,31,Wolverhampton Wanderers,Liverpool FC,2,1
2019-01-08,3047689,FR1,2018,domestic_league,1416,1420,Amiens SC,Angers SCO,0,0
2019-01-08,3047695,FR1,2018,domestic_league,995,969,FC Nantes,Montpellier HSC,2,0
2019-01-08,3142944,CDR,2018,domestic_cup,2448,1049,Sporting Gijón,Valencia CF,2,1
2019-01-08,3143296,GRP,2018,domestic_cup,2671,169,PAS Giannina,Panionios Athens,1,1
2019-01-08,3143297,GRP,2018,domestic_cup,1837,1091,Panachaiki GE,Panthessalonikios Athlitikos Omilos Konstantinoupoliton,2,1
2019-01-08,3143298,GRP,2018,domestic_cup,128,683,AO Xanthi,Olympiakos Syndesmos Filathlon Peiraios,0,0
2019-01-08,3143299,GRP,2018,domestic_cup,5220,653,GS Ergotelis,Omilos Filathlon Irakliou FC,1,1
2019-01-09,3142945,CDR,2018,domestic_cup,12321,13,Girona FC,Atlético de Madrid,1,1
2019-01-09,3142946,CDR,2018,domestic_cup,3709,366,Getafe CF,Real Valladolid CF,1,0
2019-01-09,3142947,CDR,2018,domestic_cup,1050,714,Villarreal CF,RCD Espanyol Barcelona,2,2
2019-01-09,3142948,CDR,2018,domestic_cup,418,1244,Real Madrid,CD Leganés,3,0
2019-01-09,3143300,GRP,2018,domestic_cup,441,3060,Apollon Smyrnis,APS Atromitos Athinon,0,3
2019-01-09,3143301,GRP,2018,domestic_cup,4603,6676,Athlitiki Enosi Larisas,A.G.S Asteras Tripolis,3,2
2019-01-09,3143302,GRP,2018,domestic_cup,37276,2441,PAE Chania,Athlitiki Enosi Konstantinoupoleos,1,1
2019-01-10,3069548,PO1,2018,domestic_league,7378,1075,Portimonense SC,SC Braga,1,1
2019-01-10,3142949,CDR,2018,domestic_cup,621,368,Athletic Bilbao,Sevilla FC,1,3
2019-01-10,3142950,CDR,2018,domestic_cup,150,681,Real Betis Balompié,Real Sociedad,0,0
2019-01-10,3142959,CDR,2018,domestic_cup,3368,131,Levante UD,FC Barcelona,2,1
2019-01-10,3143303,GRP,2018,domestic_cup,3999,265,PAS Lamia 1964,Panathinaikos Athlitikos Omilos,1,0
2019-01-11,3047712,FR1,2018,domestic_league,1162,1082,SM Caen,LOSC Lille,1,3
2019-01-11,3047715,FR1,2018,domestic_league,1041,1421,Olympique Lyon,Stade Reims,1,1
2019-01-11,3069546,PO1,2018,domestic_league,2423,294,CD Santa Clara,SL Benfica,0,2
2019-01-11,3069551,PO1,2018,domestic_league,2420,979,Vitória Guimarães SC,Moreirense FC,1,0
2019-01-11,3069553,PO1,2018,domestic_league,3336,3349,Desportivo Aves (- 2020),CD Feirense,1,1
2019-01-11,3079531,ES1,2018,domestic_league,367,940,Rayo Vallecano,Celta de Vigo,4,2
2019-01-12,3047711,FR1,2018,domestic_league,1416,583,Amiens SC,Paris Saint-Germain,0,3
2019-01-12,3047714,FR1,2018,domestic_league,855,618,EA Guingamp,AS Saint-Étienne,0,1
2019-01-12,3047718,FR1,2018,domestic_league,417,40,OGC Nice,FC Girondins Bordeaux,1,0
2019-01-12,3050367,GB1,2018,domestic_league,1237,31,Brighton & Hove Albion,Liverpool FC,0,1
2019-01-12,3050368,GB1,2018,domestic_league,1132,931,Burnley FC,Fulham FC,2,1
2019-01-12,3050369,GB1,2018,domestic_league,603,1110,Cardiff City,Huddersfield Town,0,0
2019-01-12,3050370,GB1,2018,domestic_league,631,762,Chelsea FC,Newcastle United,2,1
2019-01-12,3050371,GB1,2018,domestic_league,873,1010,Crystal Palace,Watford FC,1,2
2019-01-12,3050373,GB1,2018,domestic_league,1003,180,Leicester City,Southampton FC,1,2
2019-01-12,3050376,GB1,2018,domestic_league,379,11,West Ham United,Arsenal FC,1,0
2019-01-12,3069550,PO1,2018,domestic_league,336,720,Sporting CP,FC Porto,0,0
2019-01-12,3069552,PO1,2018,domestic_league,2503,1301,Boavista FC,CS Marítimo,0,1
2019-01-12,3079529,ES1,2018,domestic_league,1049,366,Valencia CF,Real Valladolid CF,1,1
2019-01-12,3079530,ES1,2018,domestic_league,12321,1108,Girona FC,Deportivo Alavés,1,1
2019-01-12,3079533,ES1,2018,domestic_league,1050,3709,Villarreal CF,Getafe CF,1,2
2019-01-12,3079534,ES1,2018,domestic_league,1244,5358,CD Leganés,SD Huesca,1,0
2019-01-12,3132934,CIT,2018,domestic_cup,1025,506,Bologna Football Club 1909,Juventus FC,0,2
2019-01-12,3132938,CIT,2018,domestic_cup,398,6692,Società Sportiva Lazio S.p.A.,Novara Calcio 1908,4,1
2019-01-12,3132940,CIT,2018,domestic_cup,1038,5,UC Sampdoria,AC Milan,0,2
2019-01-12,3142739,GR1,2018,domestic_league,4603,441,Athlitiki Enosi Larisas,Apollon Smyrnis,3,0
2019-01-12,3142740,GR1,2018,domestic_league,3060,6418,APS Atromitos Athinon,Panetolikos Agrinio,2,2
2019-01-12,3142741,GR1,2018,domestic_league,653,169,Omilos Filathlon Irakliou FC,Panionios Athens,1,1
2019-01-13,3047713,FR1,2018,domestic_league,2969,969,Dijon FCO,Montpellier HSC,1,1
2019-01-13,3047716,FR1,2018,domestic_league,244,162,Olympique Marseille,AS Monaco,1,1
2019-01-13,3047717,FR1,2018,domestic_league,995,273,FC Nantes,Stade Rennais FC,0,1
2019-01-13,3047720,FR1,2018,domestic_league,415,667,FC Toulouse,RC Strasbourg Alsace,1,2
2019-01-13,3050372,GB1,2018,domestic_league,29,989,Everton FC,AFC Bournemouth,2,0
2019-01-13,3050375,GB1,2018,domestic_league,148,985,Tottenham Hotspur,Manchester United,0,1
2019-01-13,3069547,PO1,2018,domestic_league,982,2457,CD Nacional,B SAD,0,1
2019-01-13,3069549,PO1,2018,domestic_league,2425,1085,Rio Ave FC,Vitória Setúbal FC,1,1
2019-01-13,3069554,PO1,2018,domestic_league,3325,7179,GD Chaves,CD Tondela,2,1
2019-01-13,3079525,ES1,2018,domestic_league,621,368,Athletic Bilbao,Sevilla FC,2,0
2019-01-13,3079526,ES1,2018,domestic_league,13,3368,Atlético de Madrid,Levante UD,1,0
2019-01-13,3079527,ES1,2018,domestic_league,131,1533,FC Barcelona,SD Eibar,3,0
2019-01-13,3079528,ES1,2018,domestic_league,150,418,Real Betis Balompié,Real Madrid,1,2
2019-01-13,3132933,CIT,2018,domestic_cup,416,430,Torino FC,ACF Fiorentina,0,2
2019-01-13,3132935,CIT,2018,domestic_cup,6195,6574,SSC Napoli,US Sassuolo,2,0
2019-01-13,3132939,CIT,2018,domestic_cup,46,4171,Inter Milan,Benevento Calcio,6,2
2019-01-13,3142742,GR1,2018,domestic_league,2672,683,APO Levadiakos Football Club,Olympiakos Syndesmos Filathlon Peiraios,0,2
2019-01-13,3142743,GR1,2018,domestic_league,265,128,Panathinaikos Athlitikos Omilos,AO Xanthi,2,2
2019-01-13,3142744,GR1,2018,domestic_league,6676,1091,A.G.S Asteras Tripolis,Panthessalonikios Athlitikos Omilos Konstantinoupoliton,0,3
2019-01-14,3050374,GB1,2018,domestic_league,281,543,Manchester City,Wolverhampton Wanderers,3,0
2019-01-14,3079532,ES1,2018,domestic_league,681,714,Real Sociedad,RCD Espanyol Barcelona,3,2
2019-01-14,3132936,CIT,2018,domestic_cup,1390,800,Cagliari Calcio,Atalanta BC,0,2
2019-01-14,3132937,CIT,2018,domestic_cup,12,20519,Associazione Sportiva Roma,Virtus Entella,4,0
2019-01-14,3142745,GR1,2018,domestic_league,605,3999,Aris Thessalonikis,PAS Lamia 1964,1,0
2019-01-14,3142746,GR1,2018,domestic_league,2671,2441,PAS Giannina,Athlitiki Enosi Konstantinoupoleos,0,4
2019-01-15,3047651,FR1,2018,domestic_league,1420,40,Angers SCO,FC Girondins Bordeaux,1,2
2019-01-15,3142968,CDR,2018,domestic_cup,366,3709,Real Valladolid CF,Getafe CF,1,1
2019-01-15,3142969,CDR,2018,domestic_cup,1049,2448,Valencia CF,Sporting Gijón,3,0
2019-01-15,3143615,FAC,2018,domestic_cup,1031,1035,Luton Town,Sheffield Wednesday,0,1
2019-01-15,3143616,FAC,2018,domestic_cup,164,762,Blackburn Rovers,Newcastle United,2,4
2019-01-15,3143618,FAC,2018,domestic_cup,512,3054,Stoke City,Shrewsbury Town,2,3
2019-01-16,3047654,FR1,2018,domestic_league,162,417,AS Monaco,OGC Nice,1,1
2019-01-16,3047655,FR1,2018,domestic_league,1160,995,Nîmes Olympique,FC Nantes,1,0
2019-01-16,3047658,FR1,2018,domestic_league,618,244,AS Saint-Étienne,Olympique Marseille,2,1
2019-01-16,3047660,FR1,2018,domestic_league,415,1041,FC Toulouse,Olympique Lyon,2,2
2019-01-16,3047692,FR1,2018,domestic_league,855,273,EA Guingamp,Stade Rennais FC,2,1
2019-01-16,3122645,SCI,2018,other,506,5,Juventus FC,AC Milan,1,0
2019-01-16,3142970,CDR,2018,domestic_cup,13,12321,Atlético de Madrid,Girona FC,3,3
2019-01-16,3142971,CDR,2018,domestic_cup,368,621,Sevilla FC,Athletic Bilbao,0,1
2019-01-16,3142972,CDR,2018,domestic_cup,1244,418,CD Leganés,Real Madrid,1,0
2019-01-16,3143617,FAC,2018,domestic_cup,180,22,Southampton FC,Derby County,5,7
2019-01-17,3142973,CDR,2018,domestic_cup,681,150,Real Sociedad,Real Betis Balompié,2,2
2019-01-17,3142974,CDR,2018,domestic_cup,714,1050,RCD Espanyol Barcelona,Villarreal CF,3,1
2019-01-17,3142975,CDR,2018,domestic_cup,131,3368,FC Barcelona,Levante UD,3,0
2019-01-18,3047724,FR1,2018,domestic_league,1082,1416,LOSC Lille,Amiens SC,2,1
2019-01-18,3058569,L1,2018,domestic_league,533,27,TSG 1899 Hoffenheim,Bayern Munich,1,3
2019-01-18,3069557,PO1,2018,domestic_league,3325,720,GD Chaves,FC Porto,1,4
2019-01-18,3069560,PO1,2018,domestic_league,2420,294,Vitória Guimarães SC,SL Benfica,0,1
2019-01-18,3069562,PO1,2018,domestic_league,982,1075,CD Nacional,SC Braga,0,3
2019-01-18,3069864,TR1,2018,domestic_league,19771,114,Akhisarspor,Beşiktaş Jimnastik Kulübü,0,3
2019-01-18,3080769,ES1,2018,domestic_league,3709,1108,Getafe CF,Deportivo Alavés,4,0
2019-01-18,3136371,BE1,2018,domestic_league,475,1184,Sint-Truidense VV,KRC Genk,2,3
2019-01-18,3141056,NL1,2018,domestic_league,499,798,Vitesse Arnhem,Excelsior Rotterdam,3,2
2019-01-19,3047725,FR1,2018,domestic_league,162,667,AS Monaco,RC Strasbourg Alsace,1,5
2019-01-19,3047726,FR1,2018,domestic_league,1160,415,Nîmes Olympique,FC Toulouse,0,1
2019-01-19,3047727,FR1,2018,domestic_league,583,855,Paris Saint-Germain,EA Guingamp,9,0
2019-01-19,3047728,FR1,2018,domestic_league,1421,417,Stade Reims,OGC Nice,1,1
2019-01-19,3050377,GB1,2018,domestic_league,11,631,Arsenal FC,Chelsea FC,2,0
2019-01-19,3050378,GB1,2018,domestic_league,989,379,AFC Bournemouth,West Ham United,2,0
2019-01-19,3050381,GB1,2018,domestic_league,31,873,Liverpool FC,Crystal Palace,4,3
2019-01-19,3050382,GB1,2018,domestic_league,985,1237,Manchester United,Brighton & Hove Albion,2,1
2019-01-19,3050383,GB1,2018,domestic_league,762,603,Newcastle United,Cardiff City,3,0
2019-01-19,3050384,GB1,2018,domestic_league,180,29,Southampton FC,Everton FC,2,1
2019-01-19,3050385,GB1,2018,domestic_league,1010,1132,Watford FC,Burnley FC,0,0
2019-01-19,3050386,GB1,2018,domestic_league,543,1003,Wolverhampton Wanderers,Leicester City,4,3
2019-01-19,3058570,L1,2018,domestic_league,15,18,Bayer 04 Leverkusen,Borussia Mönchengladbach,0,1
2019-01-19,3058571,L1,2018,domestic_league,23826,16,RB Leipzig,Borussia Dortmund,0,1
2019-01-19,3058572,L1,2018,domestic_league,79,39,VfB Stuttgart,1.FSV Mainz 05,2,3
2019-01-19,3058573,L1,2018,domestic_league,24,60,Eintracht Frankfurt,SC Freiburg,3,1
2019-01-19,3058574,L1,2018,domestic_league,167,38,FC Augsburg,Fortuna Düsseldorf,1,2
2019-01-19,3058575,L1,2018,domestic_league,42,86,Hannover 96,SV Werder Bremen,0,1
2019-01-19,3069555,PO1,2018,domestic_league,2423,1301,CD Santa Clara,CS Marítimo,0,1
2019-01-19,3069558,PO1,2018,domestic_league,2457,7179,B SAD,CD Tondela,2,2
2019-01-19,3069563,PO1,2018,domestic_league,336,979,Sporting CP,Moreirense FC,2,1
2019-01-19,3069860,TR1,2018,domestic_league,141,868,Galatasaray,MKE Ankaragücü,6,0
2019-01-19,3069865,TR1,2018,domestic_league,39722,2293,Erzurumspor FK,Konyaspor,1,2
2019-01-19,3069866,TR1,2018,domestic_league,589,3205,Antalyaspor,Kayserispor,0,0
2019-01-19,3069868,TR1,2018,domestic_league,19789,1467,Yeni Malatyaspor,Göztepe,3,2
2019-01-19,3080764,ES1,2018,domestic_league,940,1049,Celta de Vigo,Valencia CF,1,2
2019-01-19,3080768,ES1,2018,domestic_league,418,368,Real Madrid,Sevilla FC,2,0
2019-01-19,3080771,ES1,2018,domestic_league,5358,13,SD Huesca,Atlético de Madrid,0,3
2019-01-19,3081228,IT1,2018,domestic_league,410,130,Udinese Calcio,Parma Calcio 1913,1,2
2019-01-19,3081230,IT1,2018,domestic_league,46,6574,Inter Milan,US Sassuolo,0,0
2019-01-19,3081231,IT1,2018,domestic_league,12,416,Associazione Sportiva Roma,Torino FC,3,2
2019-01-19,3127439,SFA,2018,domestic_cup,370,3012,Aberdeen FC,Stenhousemuir FC,1,1
2019-01-19,3127440,SFA,2018,domestic_cup,6567,1192,Auchinleck Talbot FC,Ayr United FC,1,0
2019-01-19,3127441,SFA,2018,domestic_cup,371,2802,Celtic FC,Airdrieonians FC,3,0
2019-01-19,3127443,SFA,2018,domestic_cup,511,3001,Dundee FC,Queen of the South FC,1,1
2019-01-19,3127445,SFA,2018,domestic_cup,903,3028,Hibernian FC,Elgin City FC,4,0
2019-01-19,3127446,SFA,2018,domestic_cup,2553,3016,Kilmarnock FC,Forfar Athletic FC,2,0
2019-01-19,3127447,SFA,2018,domestic_cup,987,2759,Motherwell FC,Ross County FC,1,2
2019-01-19,3127448,SFA,2018,domestic_cup,2760,3034,Partick Thistle FC,Stranraer FC,4,1
2019-01-19,3127449,SFA,2018,domestic_cup,2795,1270,Raith Rovers FC,Dunfermline Athletic FC,3,0
2019-01-19,3127450,SFA,2018,domestic_cup,2578,2999,St. Johnstone FC,Hamilton Academical FC,2,0
2019-01-19,3127451,SFA,2018,domestic_cup,465,3020,St. Mirren FC,Alloa Athletic FC,3,2
2019-01-19,3128659,SFA,2018,domestic_cup,3030,1519,Montrose FC,Dundee United FC,0,4
2019-01-19,3128660,SFA,2018,domestic_cup,3024,3026,East Fife FC,Greenock Morton FC,2,1
2019-01-19,3131959,SFA,2018,domestic_cup,2451,28457,Inverness Caledonian Thistle FC,East Kilbride FC,4,0
2019-01-19,3136372,BE1,2018,domestic_league,3057,601,Standard Liège,KV Kortrijk,2,1
2019-01-19,3136373,BE1,2018,domestic_league,28643,520,SK Beveren,Cercle Brugge,1,1
2019-01-19,3136374,BE1,2018,domestic_league,1245,498,KAS Eupen,KSC Lokeren (- 2020),4,1
2019-01-19,3136375,BE1,2018,domestic_league,3508,1096,Zulte Waregem,Royal Antwerp FC,1,2
2019-01-19,3141054,NL1,2018,domestic_league,1269,234,PEC Zwolle,Feyenoord Rotterdam,3,1
2019-01-19,3141055,NL1,2018,domestic_league,1090,200,AZ Alkmaar,FC Utrecht,3,0
2019-01-19,3141058,NL1,2018,domestic_league,1268,1426,ADO Den Haag,VVV-Venlo,2,4
2019-01-19,3141059,NL1,2018,domestic_league,202,1304,FC Groningen,Heracles Almelo,3,0
2019-01-19,3146232,GR1,2018,domestic_league,2671,683,PAS Giannina,Olympiakos Syndesmos Filathlon Peiraios,1,2
2019-01-19,3146233,GR1,2018,domestic_league,441,2672,Apollon Smyrnis,APO Levadiakos Football Club,0,0
2019-01-19,3146234,GR1,2018,domestic_league,1091,169,Panthessalonikios Athlitikos Omilos Konstantinoupoliton,Panionios Athens,3,0
2019-01-20,3047721,FR1,2018,domestic_league,1420,995,Angers SCO,FC Nantes,1,0
2019-01-20,3047722,FR1,2018,domestic_league,40,2969,FC Girondins Bordeaux,Dijon FCO,1,0
2019-01-20,3047723,FR1,2018,domestic_league,1162,244,SM Caen,Olympique Marseille,0,1
2019-01-20,3047729,FR1,2018,domestic_league,273,969,Stade Rennais FC,Montpellier HSC,0,0
2019-01-20,3047730,FR1,2018,domestic_league,618,1041,AS Saint-Étienne,Olympique Lyon,1,2
2019-01-20,3050379,GB1,2018,domestic_league,931,148,Fulham FC,Tottenham Hotspur,1,2
2019-01-20,3050380,GB1,2018,domestic_league,1110,281,Huddersfield Town,Manchester City,0,3
2019-01-20,3058568,L1,2018,domestic_league,33,82,FC Schalke 04,VfL Wolfsburg,2,1
2019-01-20,3058576,L1,2018,domestic_league,4,44,1.FC Nuremberg,Hertha BSC,1,3
2019-01-20,3069556,PO1,2018,domestic_league,2503,7378,Boavista FC,Portimonense SC,0,2
2019-01-20,3069559,PO1,2018,domestic_league,3336,1085,Desportivo Aves (- 2020),Vitória Setúbal FC,2,1
2019-01-20,3069561,PO1,2018,domestic_league,2425,3349,Rio Ave FC,CD Feirense,0,0
2019-01-20,3069861,TR1,2018,domestic_league,449,6890,Trabzonspor,Basaksehir FK,2,4
2019-01-20,3069863,TR1,2018,domestic_league,11282,2381,Alanyaspor,Sivasspor,2,0
2019-01-20,3080762,ES1,2018,domestic_league,131,1244,FC Barcelona,CD Leganés,3,1
2019-01-20,3080763,ES1,2018,domestic_league,150,12321,Real Betis Balompié,Girona FC,3,2
2019-01-20,3080766,ES1,2018,domestic_league,3368,366,Levante UD,Real Valladolid CF,2,0
2019-01-20,3080767,ES1,2018,domestic_league,367,681,Rayo Vallecano,Real Sociedad,2,2
2019-01-20,3080770,ES1,2018,domestic_league,1050,621,Villarreal CF,Athletic Bilbao,1,1
2019-01-20,3081222,IT1,2018,domestic_league,8970,800,Frosinone Calcio,Atalanta BC,0,5
2019-01-20,3081223,IT1,2018,domestic_league,2722,1025,SPAL,Bologna Football Club 1909,1,1
2019-01-20,3081225,IT1,2018,domestic_league,1390,749,Cagliari Calcio,FC Empoli,2,2
2019-01-20,3081226,IT1,2018,domestic_league,6195,398,SSC Napoli,Società Sportiva Lazio S.p.A.,2,1
2019-01-20,3081229,IT1,2018,domestic_league,430,1038,ACF Fiorentina,UC Sampdoria,3,3
2019-01-20,3127444,SFA,2018,domestic_cup,43,1241,Heart of Midlothian FC,Livingston FC,1,0
2019-01-20,3136376,BE1,2018,domestic_league,2282,172,Club Brugge KV,Royal Charleroi Sporting Club,0,1
2019-01-20,3136377,BE1,2018,domestic_league,157,58,KAA Gent,RSC Anderlecht,1,0
2019-01-20,3136378,BE1,2018,domestic_league,29228,2861,Royal Excel Mouscron (-2022),KV Oostende,2,1
2019-01-20,3141060,NL1,2018,domestic_league,1283,383,FC Emmen,PSV Eindhoven,2,2
2019-01-20,3141061,NL1,2018,domestic_league,642,385,De Graafschap Doetinchem,Fortuna Sittardia Combinatie,5,1
2019-01-20,3141063,NL1,2018,domestic_league,403,132,Willem II Tilburg,NAC Breda,2,0
2019-01-20,3141066,NL1,2018,domestic_league,610,306,Ajax Amsterdam,SC Heerenveen,4,4
2019-01-20,3146235,GR1,2018,domestic_league,653,6418,Omilos Filathlon Irakliou FC,Panetolikos Agrinio,3,0
2019-01-20,3146236,GR1,2018,domestic_league,4603,605,Athlitiki Enosi Larisas,Aris Thessalonikis,0,0
2019-01-20,3146237,GR1,2018,domestic_league,128,3060,AO Xanthi,APS Atromitos Athinon,2,1
2019-01-20,3146238,GR1,2018,domestic_league,2441,6676,Athlitiki Enosi Konstantinoupoleos,A.G.S Asteras Tripolis,3,0
2019-01-21,3069862,TR1,2018,domestic_league,10484,126,Kasimpasa,Caykur Rizespor,0,1
2019-01-21,3069867,TR1,2018,domestic_league,20,36,Bursaspor,Fenerbahce,1,1
2019-01-21,3080765,ES1,2018,domestic_league,1533,714,SD Eibar,RCD Espanyol Barcelona,3,0
2019-01-21,3081224,IT1,2018,domestic_league,506,862,Juventus FC,Chievo Verona,3,0
2019-01-21,3081227,IT1,2018,domestic_league,252,5,Genoa CFC,AC Milan,0,2
2019-01-21,3146239,GR1,2018,domestic_league,3999,265,PAS Lamia 1964,Panathinaikos Athlitikos Omilos,1,0
2019-01-22,3137424,NLP,2018,domestic_cup,1090,499,AZ Alkmaar,Vitesse Arnhem,2,0
2019-01-22,3140998,POCP,2018,,294,720,SL Benfica,FC Porto,1,3
2019-01-22,3146483,GRP,2018,domestic_cup,169,2671,Panionios Athens,PAS Giannina,2,0
2019-01-22,3146484,GRP,2018,domestic_cup,1091,1837,Panthessalonikios Athlitikos Omilos Konstantinoupoliton,Panachaiki GE,5,0
2019-01-22,3148380,CDR,2018,domestic_cup,3709,1049,Getafe CF,Valencia CF,1,0
2019-01-23,3047719,FR1,2018,domestic_league,1160,1420,Nîmes Olympique,Angers SCO,3,1
2019-01-23,3080325,SC1,2018,domestic_league,371,465,Celtic FC,St. Mirren FC,4,0
2019-01-23,3080326,SC1,2018,domestic_league,2999,370,Hamilton Academical FC,Aberdeen FC,0,3
2019-01-23,3080327,SC1,2018,domestic_league,43,511,Heart of Midlothian FC,Dundee FC,1,2
2019-01-23,3080328,SC1,2018,domestic_league,2553,124,Kilmarnock FC,Rangers FC,2,1
2019-01-23,3080329,SC1,2018,domestic_league,987,903,Motherwell FC,Hibernian FC,1,0
2019-01-23,3080330,SC1,2018,domestic_league,2578,1241,St. Johnstone FC,Livingston FC,1,0
2019-01-23,3137423,NLP,2018,domestic_cup,234,385,Feyenoord Rotterdam,Fortuna Sittardia Combinatie,4,1
2019-01-23,3137425,NLP,2018,domestic_cup,317,403,FC Twente Enschede,Willem II Tilburg,2,3
2019-01-23,3140999,POCP,2018,,1075,336,SC Braga,Sporting CP,4,5
2019-01-23,3146485,GRP,2018,domestic_cup,683,128,Olympiakos Syndesmos Filathlon Peiraios,AO Xanthi,3,1
2019-01-23,3146487,GRP,2018,domestic_cup,3060,441,APS Atromitos Athinon,Apollon Smyrnis,2,1
2019-01-23,3146488,GRP,2018,domestic_cup,6676,4603,A.G.S Asteras Tripolis,Athlitiki Enosi Larisas,5,3
2019-01-23,3146489,GRP,2018,domestic_cup,2441,37276,Athlitiki Enosi Konstantinoupoleos,PAE Chania,5,0
2019-01-23,3148381,CDR,2018,domestic_cup,368,131,Sevilla FC,FC Barcelona,2,0
2019-01-24,3137422,NLP,2018,domestic_cup,610,306,Ajax Amsterdam,SC Heerenveen,3,1
2019-01-24,3146486,GRP,2018,domestic_cup,653,5220,Omilos Filathlon Irakliou FC,GS Ergotelis,4,5
2019-01-24,3146490,GRP,2018,domestic_cup,265,3999,Panathinaikos Athlitikos Omilos,PAS Lamia 1964,3,4
2019-01-24,3148382,CDR,2018,domestic_cup,714,150,RCD Espanyol Barcelona,Real Betis Balompié,1,1
2019-01-24,3148383,CDR,2018,domestic_cup,418,12321,Real Madrid,Girona FC,4,2
2019-01-25,3047734,FR1,2018,domestic_league,244,1082,Olympique Marseille,LOSC Lille,1,2
2019-01-25,3058580,L1,2018,domestic_league,44,33,Hertha BSC,FC Schalke 04,2,2
2019-01-25,3069872,TR1,2018,domestic_league,114,39722,Beşiktaş Jimnastik Kulübü,Erzurumspor FK,1,1
2019-01-25,3139960,BE1,2018,domestic_league,1096,3057,Royal Antwerp FC,Standard Liège,1,1
2019-01-25,3141065,NL1,2018,domestic_league,132,1268,NAC Breda,ADO Den Haag,1,1
2019-01-25,3147856,FAC,2018,domestic_cup,698,355,Bristol City,Bolton Wanderers,2,1
2019-01-25,3147857,FAC,2018,domestic_cup,11,985,Arsenal FC,Manchester United,1,3
2019-01-26,3047732,FR1,2018,domestic_league,2969,162,Dijon FCO,AS Monaco,2,0
2019-01-26,3047733,FR1,2018,domestic_league,855,1421,EA Guingamp,Stade Reims,0,1
2019-01-26,3047737,FR1,2018,domestic_league,417,1160,OGC Nice,Nîmes Olympique,2,0
2019-01-26,3047739,FR1,2018,domestic_league,667,40,RC Strasbourg Alsace,FC Girondins Bordeaux,1,0
2019-01-26,3058578,L1,2018,domestic_league,16,42,Borussia Dortmund,Hannover 96,5,1
2019-01-26,3058579,L1,2018,domestic_league,18,167,Borussia Mönchengladbach,FC Augsburg,2,0
2019-01-26,3058581,L1,2018,domestic_league,86,24,SV Werder Bremen,Eintracht Frankfurt,2,2
2019-01-26,3058582,L1,2018,domestic_league,60,533,SC Freiburg,TSG 1899 Hoffenheim,2,4
2019-01-26,3058583,L1,2018,domestic_league,39,4,1.FSV Mainz 05,1.FC Nuremberg,2,1
2019-01-26,3069870,TR1,2018,domestic_league,3205,20,Kayserispor,Bursaspor,1,1
2019-01-26,3069875,TR1,2018,domestic_league,1467,141,Göztepe,Galatasaray,0,1
2019-01-26,3080331,SC1,2018,domestic_league,370,2553,Aberdeen FC,Kilmarnock FC,0,0
2019-01-26,3080332,SC1,2018,domestic_league,371,2999,Celtic FC,Hamilton Academical FC,3,0
2019-01-26,3080333,SC1,2018,domestic_league,511,987,Dundee FC,Motherwell FC,0,1
2019-01-26,3080334,SC1,2018,domestic_league,43,2578,Heart of Midlothian FC,St. Johnstone FC,2,0
2019-01-26,3080774,ES1,2018,domestic_league,13,3709,Atlético de Madrid,Getafe CF,2,0
2019-01-26,3080776,ES1,2018,domestic_league,1049,1050,Valencia CF,Villarreal CF,3,0
2019-01-26,3080779,ES1,2018,domestic_league,1244,1533,CD Leganés,SD Eibar,2,2
2019-01-26,3080781,ES1,2018,domestic_league,368,3368,Sevilla FC,Levante UD,5,0
2019-01-26,3081232,IT1,2018,domestic_league,6574,1390,US Sassuolo,Cagliari Calcio,3,0
2019-01-26,3081238,IT1,2018,domestic_league,5,6195,AC Milan,SSC Napoli,0,0
2019-01-26,3081241,IT1,2018,domestic_league,1038,410,UC Sampdoria,Udinese Calcio,4,0
2019-01-26,3093779,L1,2018,domestic_league,82,15,VfL Wolfsburg,Bayer 04 Leverkusen,0,3
2019-01-26,3139961,BE1,2018,domestic_league,172,28643,Royal Charleroi Sporting Club,SK Beveren,2,2
2019-01-26,3139962,BE1,2018,domestic_league,520,475,Cercle Brugge,Sint-Truidense VV,1,2
2019-01-26,3139963,BE1,2018,domestic_league,498,3508,KSC Lokeren (- 2020),Zulte Waregem,0,3
2019-01-26,3139964,BE1,2018,domestic_league,1184,29228,KRC Genk,Royal Excel Mouscron (-2022),1,2
2019-01-26,3141057,NL1,2018,domestic_league,1304,1269,Heracles Almelo,PEC Zwolle,0,2
2019-01-26,3141062,NL1,2018,domestic_league,798,642,Excelsior Rotterdam,De Graafschap Doetinchem,2,0
2019-01-26,3141070,NL1,2018,domestic_league,383,202,PSV Eindhoven,FC Groningen,2,1
2019-01-26,3141071,NL1,2018,domestic_league,1426,1283,VVV-Venlo,FC Emmen,2,3
2019-01-26,3146240,GR1,2018,domestic_league,2671,441,PAS Giannina,Apollon Smyrnis,1,0
2019-01-26,3146241,GR1,2018,domestic_league,6418,128,Panetolikos Agrinio,AO Xanthi,0,0
2019-01-26,3146242,GR1,2018,domestic_league,169,2441,Panionios Athens,Athlitiki Enosi Konstantinoupoleos,0,2
2019-01-26,3147861,FAC,2018,domestic_cup,3688,22,Accrington Stanley,Derby County,0,1
2019-01-26,3147862,FAC,2018,domestic_cup,1237,984,Brighton & Hove Albion,West Bromwich Albion,0,0
2019-01-26,3147863,FAC,2018,domestic_cup,2454,1078,Doncaster Rovers,Oldham Athletic,2,1
2019-01-26,3147864,FAC,2018,domestic_cup,281,1132,Manchester City,Burnley FC,5,0
2019-01-26,3147865,FAC,2018,domestic_cup,641,3716,Middlesbrough FC,Newport County,1,1
2019-01-26,3147866,FAC,2018,domestic_cup,762,1010,Newcastle United,Watford FC,0,2
2019-01-26,3147867,FAC,2018,domestic_cup,1020,1039,Portsmouth FC,Queens Park Rangers,1,1
2019-01-26,3147868,FAC,2018,domestic_cup,3054,543,Shrewsbury Town,Wolverhampton Wanderers,2,2
2019-01-26,3147869,FAC,2018,domestic_cup,2288,2814,Swansea City,Gillingham FC,4,1
2019-01-26,3147870,FAC,2018,domestic_cup,1028,29,Millwall FC,Everton FC,3,2
2019-01-26,3147871,FAC,2018,domestic_cup,3884,379,AFC Wimbledon,West Ham United,4,2
2019-01-26,3150094,POCP,2018,,720,336,FC Porto,Sporting CP,2,4
2019-01-27,3047731,FR1,2018,domestic_league,1416,1041,Amiens SC,Olympique Lyon,0,1
2019-01-27,3047735,FR1,2018,domestic_league,969,1162,Montpellier HSC,SM Caen,2,0
2019-01-27,3047738,FR1,2018,domestic_league,583,273,Paris Saint-Germain,Stade Rennais FC,4,1
2019-01-27,3047740,FR1,2018,domestic_league,415,1420,FC Toulouse,Angers SCO,0,0
2019-01-27,3058577,L1,2018,domestic_league,27,79,Bayern Munich,VfB Stuttgart,4,1
2019-01-27,3058584,L1,2018,domestic_league,38,23826,Fortuna Düsseldorf,RB Leipzig,0,4
2019-01-27,3069869,TR1,2018,domestic_league,2381,449,Sivasspor,Trabzonspor,1,1
2019-01-27,3069871,TR1,2018,domestic_league,2293,589,Konyaspor,Antalyaspor,2,0
2019-01-27,3069876,TR1,2018,domestic_league,126,19771,Caykur Rizespor,Akhisarspor,3,1
2019-01-27,3080335,SC1,2018,domestic_league,1241,124,Livingston FC,Rangers FC,0,3
2019-01-27,3080336,SC1,2018,domestic_league,465,903,St. Mirren FC,Hibernian FC,1,3
2019-01-27,3080773,ES1,2018,domestic_league,621,150,Athletic Bilbao,Real Betis Balompié,1,0
2019-01-27,3080775,ES1,2018,domestic_league,714,418,RCD Espanyol Barcelona,Real Madrid,2,4
2019-01-27,3080777,ES1,2018,domestic_league,12321,131,Girona FC,FC Barcelona,0,2
2019-01-27,3080778,ES1,2018,domestic_league,366,940,Real Valladolid CF,Celta de Vigo,2,1
2019-01-27,3080780,ES1,2018,domestic_league,681,5358,Real Sociedad,SD Huesca,0,0
2019-01-27,3081233,IT1,2018,domestic_league,862,430,Chievo Verona,ACF Fiorentina,3,4
2019-01-27,3081234,IT1,2018,domestic_league,1025,8970,Bologna Football Club 1909,Frosinone Calcio,0,4
2019-01-27,3081236,IT1,2018,domestic_league,416,46,Torino FC,Inter Milan,1,0
2019-01-27,3081237,IT1,2018,domestic_league,398,506,Società Sportiva Lazio S.p.A.,Juventus FC,1,2
2019-01-27,3081239,IT1,2018,domestic_league,800,12,Atalanta BC,Associazione Sportiva Roma,3,3
2019-01-27,3081240,IT1,2018,domestic_league,130,2722,Parma Calcio 1913,SPAL,2,3
2019-01-27,3139965,BE1,2018,domestic_league,2861,2282,KV Oostende,Club Brugge KV,1,2
2019-01-27,3139966,BE1,2018,domestic_league,58,1245,RSC Anderlecht,KAS Eupen,2,1
2019-01-27,3139967,BE1,2018,domestic_league,601,157,KV Kortrijk,KAA Gent,1,2
2019-01-27,3141064,NL1,2018,domestic_league,306,1090,SC Heerenveen,AZ Alkmaar,0,2
2019-01-27,3141067,NL1,2018,domestic_league,234,610,Feyenoord Rotterdam,Ajax Amsterdam,6,2
2019-01-27,3141072,NL1,2018,domestic_league,385,499,Fortuna Sittardia Combinatie,Vitesse Arnhem,2,1
2019-01-27,3141073,NL1,2018,domestic_league,200,403,FC Utrecht,Willem II Tilburg,0,1
2019-01-27,3146243,GR1,2018,domestic_league,2672,605,APO Levadiakos Football Club,Aris Thessalonikis,1,0
2019-01-27,3146244,GR1,2018,domestic_league,3999,3060,PAS Lamia 1964,APS Atromitos Athinon,2,1
2019-01-27,3146245,GR1,2018,domestic_league,1091,653,Panthessalonikios Athlitikos Omilos Konstantinoupoliton,Omilos Filathlon Irakliou FC,4,0
2019-01-27,3146246,GR1,2018,domestic_league,265,4603,Panathinaikos Athlitikos Omilos,Athlitiki Enosi Larisas,1,1
