path,name,triggers,trigger_filters,schedule_expressions,top_permissions,job_permissions,contents_write,pull_requests_write,git_commit_or_push,direct_git_commit,direct_git_push,indirect_git_commit,indirect_git_push,direct_main_push,referenced_scripts,missing_referenced_scripts,secrets,concurrency_defined,cancel_in_progress,long_running_likely,modifies_or_generates_workflow,modifies_formal_current,promotes_formal_weight,role,cross_trigger_risk,disposition,target_workflow,classification_basis
.github/workflows/football-active-domain-pit-v5532.yml,football-active-domain-pit-v5532,"[""workflow_dispatch""]",[],[],"{""contents"": ""read""}","{""synchronized-active-domain-pit"": {""contents"": ""write""}}",True,False,False,False,False,False,False,False,"[""football-data/validation/active_domain_identity_registry_v5532.py"", ""football-data/validation/active_domain_market_postprocess_unicode_v5532.py"", ""football-data/validation/active_domain_market_postprocess_v5532.py"", ""football-data/validation/active_domain_pit_audit_v5532.py"", ""football-data/validation/active_domain_unicode_path_v5532.py"", ""football-data/validation/exact_line_aligned_consensus_v5529.py"", ""football-data/validation/kambi_active_domain_capture_v5532.py"", ""football-data/validation/kambi_active_domain_unicode_v5532.py"", ""football-data/validation/kambi_multiline_bundle_v5528.py"", ""football-data/validation/marathonbet_active_domain_capture_v5532.py"", ""football-data/validation/marathonbet_active_domain_direct_v5532.py"", ""football-data/validation/marathonbet_active_domain_html_v5532.py"", ""football-data/validation/marathonbet_active_domain_unicode_v5532.py"", ""football-data/validation/persist_generated_worktree_v474.py"", ""football-data/validation/promotion_consensus_registry_v5530.py""]",[],[],True,True,True,False,False,False,SCHEDULED/DATA_OR_CONTEXT,LOW_STATIC,CONSOLIDATE,scheduled-data.yml/forward.yml,phase1-plan-confirmed-by-static-parse
.github/workflows/football-all-remaining-v470.yml,Football V4.7.0 All Remaining Actionable Work,"[""push"", ""workflow_dispatch""]","[""push.paths=.github/workflows/football-all-remaining-v470.yml"", ""push.paths=football-data/config/stage_format_registry_v470.json"", ""push.paths=football-data/validation/stage_gate_resolution_v470.py"", ""push.paths=football-data/validation/active_league_promotion_review_v470.py"", ""push.paths=football-data/validation/remaining_work_v470.py"", ""push.paths=football-data/validation/repository_integrity_runtime_v473.py"", ""push.paths=football-data/validation/persist_generated_worktree_v474.py"", ""push.branches=main""]",[],"{""contents"": ""read""}","{""execute-all-actionable"": {""contents"": ""write""}}",True,False,False,False,False,False,False,False,"[""football-data/validation/active_league_promotion_review_v470.py"", ""football-data/validation/current_season_batch1_v468.py"", ""football-data/validation/persist_generated_worktree_v474.py"", ""football-data/validation/remaining_work_v470.py"", ""football-data/validation/repository_integrity_runtime_v473.py"", ""football-data/validation/stage_gate_resolution_v470.py"", ""football-data/validation/total_goals_dynamic_challenger_v464.py"", ""football-data/validation/total_goals_joint_integration_v466.py"", ""football-data/validation/total_goals_round2_v465.py""]",[],[],True,True,True,False,False,False,RESEARCH,HIGH_PUSH_WRITE,ARCHIVE,research.yml,phase1-plan-confirmed-by-static-parse
.github/workflows/football-clubelo-direct-readiness-v515.yml,football-clubelo-direct-readiness-v515,"[""push"", ""workflow_dispatch""]","[""push.paths=football-data/validation/clubelo_direct_api_readiness_v515.py"", ""push.paths=.github/workflows/football-clubelo-direct-readiness-v515.yml""]",[],"{""contents"": ""write""}","{""readiness"": {""_mode"": ""DEFAULT_INHERITED""}}",True,False,True,True,True,False,False,False,"[""football-data/validation/clubelo_direct_api_readiness_v515.py""]",[],[],True,True,False,False,False,False,RESEARCH,CRITICAL_PUSH_WRITE_PERSIST,ARCHIVE,research.yml,phase1-plan-confirmed-by-static-parse
.github/workflows/football-clubelo-history-fast-v539.yml,football-clubelo-history-fast-v539,"[""push"", ""workflow_dispatch""]","[""push.paths=football-data/validation/clubelo_history_domain_fast_v539.py"", ""push.paths=.github/workflows/football-clubelo-history-fast-v539.yml""]",[],"{""contents"": ""write""}","{""aggregate"": {""_mode"": ""DEFAULT_INHERITED""}, ""domain"": {""_mode"": ""DEFAULT_INHERITED""}}",True,False,True,True,True,False,False,False,"[""football-data/validation/clubelo_history_aggregate_v515.py"", ""football-data/validation/clubelo_history_domain_fast_v539.py"", ""football-data/validation/clubelo_history_ingest_v515.py""]",[],[],True,True,True,False,False,False,ONE_OFF/RESEARCH,CRITICAL_PUSH_WRITE_PERSIST,ARCHIVE,research.yml,phase1-plan-confirmed-by-static-parse
.github/workflows/football-clubelo-history-v515.yml,football-clubelo-history-v515,"[""push"", ""workflow_dispatch""]","[""push.paths=football-data/config/clubelo_residual_challenger_v515.json"", ""push.paths=football-data/validation/clubelo_history_ingest_v515.py"", ""push.paths=football-data/validation/clubelo_history_domain_v515.py"", ""push.paths=football-data/validation/clubelo_history_aggregate_v515.py"", ""push.paths=football-data/tests/test_clubelo_identity_v515.py"", ""push.paths=.github/workflows/football-clubelo-history-v515.yml""]",[],"{""contents"": ""write""}","{""aggregate"": {""_mode"": ""DEFAULT_INHERITED""}, ""domain"": {""_mode"": ""DEFAULT_INHERITED""}}",True,False,True,True,True,False,False,False,"[""football-data/tests/test_clubelo_identity_v515.py"", ""football-data/validation/clubelo_history_aggregate_v515.py"", ""football-data/validation/clubelo_history_domain_v515.py"", ""football-data/validation/clubelo_history_ingest_v515.py""]",[],[],True,True,True,False,False,False,RESEARCH,CRITICAL_PUSH_WRITE_PERSIST,ARCHIVE,research.yml,phase1-plan-confirmed-by-static-parse
.github/workflows/football-clubelo-residual-v515.yml,football-clubelo-residual-v515,"[""push"", ""workflow_dispatch""]","[""push.paths=football-data/config/clubelo_residual_challenger_v515.json"", ""push.paths=football-data/evidence/clubelo_v515/**"", ""push.paths=football-data/manifests/clubelo_history_ingest_v515_status.json"", ""push.paths=football-data/validation/clubelo_residual_oof_v515.py"", ""push.paths=football-data/validation/clubelo_residual_domain_v515.py"", ""push.paths=football-data/validation/clubelo_residual_aggregate_v515.py"", ""push.paths=.github/workflows/football-clubelo-residual-v515.yml""]",[],"{""contents"": ""write""}","{""aggregate"": {""_mode"": ""DEFAULT_INHERITED""}, ""domain"": {""_mode"": ""DEFAULT_INHERITED""}}",True,False,True,True,True,False,False,False,"[""football-data/validation/clubelo_residual_aggregate_v515.py"", ""football-data/validation/clubelo_residual_domain_v515.py"", ""football-data/validation/clubelo_residual_oof_v515.py""]",[],[],True,True,True,False,False,False,RESEARCH,CRITICAL_PUSH_WRITE_PERSIST,ARCHIVE,research.yml,phase1-plan-confirmed-by-static-parse
.github/workflows/football-context-intelligence-readiness-v514.yml,football-context-intelligence-readiness-v514,"[""push"", ""workflow_dispatch""]","[""push.paths=football-data/config/context_intelligence_source_registry_v514.json"", ""push.paths=football-data/validation/context_intelligence_source_readiness_v514.py"", ""push.paths=.github/workflows/football-context-intelligence-readiness-v514.yml""]",[],"{""contents"": ""write""}","{""readiness"": {""_mode"": ""DEFAULT_INHERITED""}}",True,False,True,True,True,False,False,False,"[""football-data/validation/context_intelligence_source_readiness_v514.py""]",[],[],True,True,True,False,False,False,SCHEDULED/DATA_OR_CONTEXT,CRITICAL_PUSH_WRITE_PERSIST,CONSOLIDATE,scheduled-data.yml/forward.yml,phase1-plan-confirmed-by-static-parse
.github/workflows/football-cross-year-batch2-v469.yml,Football V4.6.9 Cross-Year Batch2,"[""push"", ""workflow_dispatch""]","[""push.paths=.github/workflows/football-cross-year-batch2-v469.yml"", ""push.paths=football-data/validation/cross_year_batch2_v469.py"", ""push.paths=football-data/validation/persist_files_v474.py"", ""push.paths=football-data/config/platform_registry.json"", ""push.paths=football-data/league_profiles/ENG_PremierLeague/profile.json"", ""push.paths=football-data/league_profiles/GER_Bundesliga/profile.json"", ""push.paths=football-data/league_profiles/ITA_SerieA/profile.json"", ""push.paths=football-data/league_profiles/FRA_Ligue1/profile.json"", ""push.paths=football-data/league_profiles/ESP_LaLiga/profile.json"", ""push.paths=football-data/league_profiles/POR_PrimeiraLiga/profile.json"", ""push.paths=football-data/league_profiles/NED_Eredivisie/profile.json"", ""push.paths=football-data/league_profiles/SUI_SuperLeague/profile.json"", ""push.paths=football-data/league_profiles/SCO_Premiership/profile.json"", ""push.paths=football-data/league_profiles/UEFA_ChampionsLeague/profile.json"", ""push.branches=main""]",[],"{""contents"": ""read""}","{""audit-batch2"": {""contents"": ""write""}}",True,False,True,False,False,False,True,False,"[""football-data/validation/cross_year_batch2_v469.py"", ""football-data/validation/persist_files_v474.py"", ""football-data/validation/repository_integrity_runtime_v473.py""]",[],[],True,True,True,False,False,False,ONE_OFF/REPLAY,CRITICAL_PUSH_WRITE_PERSIST,ARCHIVE,research.yml,phase2a-static-review
.github/workflows/football-current-season-batch1-v468.yml,Football V4.6.8 Current Season Batch1,"[""push"", ""workflow_dispatch""]","[""push.paths=.github/workflows/football-current-season-batch1-v468.yml"", ""push.paths=football-data/validation/current_season_batch1_v468.py"", ""push.paths=football-data/validation/persist_files_v474.py"", ""push.paths=football-data/config/platform_registry.json"", ""push.paths=football-data/league_profiles/SWE_Allsvenskan/profile.json"", ""push.paths=football-data/league_profiles/NOR_Eliteserien/profile.json"", ""push.paths=football-data/league_profiles/KOR_KLeague1/profile.json"", ""push.paths=football-data/league_profiles/BRA_SerieA/profile.json"", ""push.paths=football-data/league_profiles/ARG_Primera/profile.json"", ""push.paths=football-data/league_profiles/USA_MLS/profile.json"", ""push.branches=main""]",[],"{""contents"": ""read""}","{""audit-batch1"": {""contents"": ""write""}}",True,False,True,False,False,False,True,False,"[""football-data/validation/current_season_batch1_v468.py"", ""football-data/validation/persist_files_v474.py"", ""football-data/validation/repository_integrity_runtime_v473.py""]",[],[],True,True,True,False,False,False,ONE_OFF/REPLAY,CRITICAL_PUSH_WRITE_PERSIST,ARCHIVE,research.yml,phase2a-static-review
.github/workflows/football-current-season-team-identity-v5524.yml,football-current-season-team-identity-v5524,"[""push"", ""workflow_dispatch""]","[""push.paths=football-data/config/current_season_team_identity_v5524.json"", ""push.paths=football-data/tests/test_current_season_team_identity_v5524.py"", ""push.paths=.github/workflows/football-current-season-team-identity-v5524.yml""]",[],"{""contents"": ""write""}","{""validate"": {""_mode"": ""DEFAULT_INHERITED""}}",True,False,False,False,False,False,False,False,"[""football-data/tests/test_current_season_team_identity_v5524.py"", ""football-data/validation/persist_generated_worktree_v474.py""]",[],[],True,False,False,False,False,False,DATA/IDENTITY,HIGH_PUSH_WRITE,CONSOLIDATE,scheduled-data.yml,phase2a-static-review
.github/workflows/football-data-batch-001.yml,Football Data Batch 001,"[""pull_request"", ""push"", ""schedule"", ""workflow_dispatch""]","[""push.paths=football-data/config/league_sources_batch_001.json"", ""push.paths=football-data/engine/ingest_batch_001.py"", ""push.paths=football-data/engine/ingest_batch_001_alias_adapter.py"", ""push.paths=football-data/engine/ingest_batch_001_safe_adapter.py"", ""push.paths=football-data/validation/persist_generated_worktree_v474.py"", ""push.paths=football-data/tests/test_ingest_batch_001.py"", ""push.paths=football-data/tests/test_ingest_batch_001_safe_merge.py"", ""push.paths=football-data/manifests/bootstrap_request.json"", ""push.paths=.github/workflows/football-data-batch-001.yml"", ""push.branches=main"", ""pull_request.paths=football-data/config/league_sources_batch_001.json"", ""pull_request.paths=football-data/engine/ingest_batch_001.py"", ""pull_request.paths=football-data/engine/ingest_batch_001_alias_adapter.py"", ""pull_request.paths=football-data/engine/ingest_batch_001_safe_adapter.py"", ""pull_request.paths=football-data/validation/persist_generated_worktree_v474.py"", ""pull_request.paths=football-data/tests/test_ingest_batch_001.py"", ""pull_request.paths=football-data/tests/test_ingest_batch_001_safe_merge.py"", ""pull_request.paths=football-data/manifests/bootstrap_request.json"", ""pull_request.paths=.github/workflows/football-data-batch-001.yml"", ""pull_request.branches=main""]","[""17 3 * * 1,4""]","{""contents"": ""read""}","{""ingest"": {""contents"": ""write""}}",True,False,False,False,False,False,False,False,"[""football-data/engine/ingest_batch_001_safe_adapter.py"", ""football-data/validation/persist_generated_worktree_v474.py"", ""football-data/validation/repository_integrity_runtime_v473.py""]",[],[],True,True,False,False,False,False,SCHEDULED/DATA_OR_CONTEXT,HIGH_PUSH_WRITE,CONSOLIDATE,scheduled-data.yml/forward.yml,phase1-plan-confirmed-by-static-parse
.github/workflows/football-data-batch-002.yml,Football Data Batch 002,"[""pull_request"", ""push"", ""schedule"", ""workflow_dispatch""]","[""push.paths=football-data/config/league_sources_batch_002.json"", ""push.paths=football-data/engine/ingest_batch_002.py"", ""push.paths=football-data/engine/ingest_batch_002_accuracy_adapter.py"", ""push.paths=football-data/engine/ingest_batch_002_kleague_adapter.py"", ""push.paths=football-data/validation/persist_generated_worktree_v474.py"", ""push.paths=football-data/tests/test_ingest_batch_002*.py"", ""push.paths=football-data/manifests/league_batch_002.json"", ""push.paths=.github/workflows/football-data-batch-002.yml"", ""push.branches=main"", ""pull_request.paths=football-data/config/league_sources_batch_002.json"", ""pull_request.paths=football-data/engine/ingest_batch_002.py"", ""pull_request.paths=football-data/engine/ingest_batch_002_accuracy_adapter.py"", ""pull_request.paths=football-data/engine/ingest_batch_002_kleague_adapter.py"", ""pull_request.paths=football-data/validation/persist_generated_worktree_v474.py"", ""pull_request.paths=football-data/tests/test_ingest_batch_002*.py"", ""pull_request.paths=football-data/manifests/league_batch_002.json"", ""pull_request.paths=.github/workflows/football-data-batch-002.yml"", ""pull_request.branches=main""]","[""47 3 * * 1,4""]","{""contents"": ""read""}","{""ingest"": {""contents"": ""write""}}",True,False,False,False,False,False,False,False,"[""football-data/engine/ingest_batch_002_kleague_adapter.py"", ""football-data/validation/persist_generated_worktree_v474.py"", ""football-data/validation/repository_integrity_runtime_v473.py""]",[],[],True,True,False,False,False,False,SCHEDULED/DATA_OR_CONTEXT,HIGH_PUSH_WRITE,CONSOLIDATE,scheduled-data.yml/forward.yml,phase1-plan-confirmed-by-static-parse
.github/workflows/football-data-norway.yml,Football Data Norway,"[""pull_request"", ""push"", ""schedule"", ""workflow_dispatch""]","[""push.paths=football-data/config/league_source_norway.json"", ""push.paths=football-data/engine/ingest_norway.py"", ""push.paths=football-data/validation/persist_generated_worktree_v474.py"", ""push.paths=football-data/tests/test_ingest_norway.py"", ""push.paths=.github/workflows/football-data-norway.yml"", ""push.branches=main"", ""pull_request.paths=football-data/config/league_source_norway.json"", ""pull_request.paths=football-data/engine/ingest_norway.py"", ""pull_request.paths=football-data/validation/persist_generated_worktree_v474.py"", ""pull_request.paths=football-data/tests/test_ingest_norway.py"", ""pull_request.paths=.github/workflows/football-data-norway.yml"", ""pull_request.branches=main""]","[""27 3 * * 1,4""]","{""contents"": ""read""}","{""ingest"": {""contents"": ""write""}}",True,False,False,False,False,False,False,False,"[""football-data/engine/ingest_norway.py"", ""football-data/tests/test_ingest_norway.py"", ""football-data/validation/persist_generated_worktree_v474.py"", ""football-data/validation/repository_integrity_runtime_v473.py""]",[],[],True,True,False,False,False,False,SCHEDULED/DATA_OR_CONTEXT,HIGH_PUSH_WRITE,CONSOLIDATE,scheduled-data.yml/forward.yml,phase1-plan-confirmed-by-static-parse
.github/workflows/football-direct-1xbet-pit-probe-v557.yml,football-direct-1xbet-pit-probe-v557,"[""push"", ""workflow_dispatch""]","[""push.paths=football-data/validation/direct_1xbet_pit_probe_v557.py"", ""push.paths=.github/workflows/football-direct-1xbet-pit-probe-v557.yml""]",[],"{""contents"": ""write""}","{""probe"": {""_mode"": ""DEFAULT_INHERITED""}}",True,False,False,False,False,False,False,False,"[""football-data/validation/direct_1xbet_pit_probe_v557.py"", ""football-data/validation/persist_generated_worktree_v474.py""]",[],[],True,False,False,False,False,False,RESEARCH,HIGH_PUSH_WRITE,ARCHIVE,research.yml,phase1-plan-confirmed-by-static-parse
.github/workflows/football-direct-betano-frontend-probe-v5514.yml,football-direct-betano-frontend-probe-v5514,"[""push"", ""workflow_dispatch""]","[""push.paths=football-data/validation/direct_betano_frontend_probe_v5514.py"", ""push.paths=.github/workflows/football-direct-betano-frontend-probe-v5514.yml""]",[],"{""contents"": ""write""}","{""probe"": {""_mode"": ""DEFAULT_INHERITED""}}",True,False,False,False,False,False,False,False,"[""football-data/validation/direct_betano_frontend_probe_v5514.py"", ""football-data/validation/persist_generated_worktree_v474.py""]",[],[],True,False,False,False,False,False,RESEARCH,HIGH_PUSH_WRITE,ARCHIVE,research.yml,phase1-plan-confirmed-by-static-parse
.github/workflows/football-direct-bwin-sportsapi-probe-v5513.yml,football-direct-bwin-sportsapi-probe-v5513,"[""push"", ""workflow_dispatch""]","[""push.paths=football-data/validation/direct_bwin_sportsapi_probe_v5513.py"", ""push.paths=.github/workflows/football-direct-bwin-sportsapi-probe-v5513.yml""]",[],"{""contents"": ""write""}","{""probe"": {""_mode"": ""DEFAULT_INHERITED""}}",True,False,False,False,False,False,False,False,"[""football-data/validation/direct_bwin_sportsapi_probe_v5513.py"", ""football-data/validation/persist_generated_worktree_v474.py""]",[],[],True,False,False,False,False,False,RESEARCH,HIGH_PUSH_WRITE,ARCHIVE,research.yml,phase1-plan-confirmed-by-static-parse
.github/workflows/football-direct-kambi-pit-probe-v558.yml,football-direct-kambi-pit-probe-v558,"[""push"", ""workflow_dispatch""]","[""push.paths=football-data/validation/direct_kambi_pit_probe_v558.py"", ""push.paths=.github/workflows/football-direct-kambi-pit-probe-v558.yml""]",[],"{""contents"": ""write""}","{""probe"": {""_mode"": ""DEFAULT_INHERITED""}}",True,False,False,False,False,False,False,False,"[""football-data/validation/direct_kambi_pit_probe_v558.py"", ""football-data/validation/persist_generated_worktree_v474.py""]",[],[],True,False,False,False,False,False,RESEARCH,HIGH_PUSH_WRITE,ARCHIVE,research.yml,phase1-plan-confirmed-by-static-parse
.github/workflows/football-direct-marathonbet-html-probe-v5516.yml,football-direct-marathonbet-html-probe-v5516,"[""push"", ""workflow_dispatch""]","[""push.paths=football-data/validation/direct_marathonbet_html_probe_v5516.py"", ""push.paths=.github/workflows/football-direct-marathonbet-html-probe-v5516.yml""]",[],"{""contents"": ""write""}","{""probe"": {""_mode"": ""DEFAULT_INHERITED""}}",True,False,False,False,False,False,False,False,"[""football-data/validation/direct_marathonbet_html_probe_v5516.py"", ""football-data/validation/persist_generated_worktree_v474.py""]",[],[],True,False,False,False,False,False,RESEARCH,HIGH_PUSH_WRITE,ARCHIVE,research.yml,phase1-plan-confirmed-by-static-parse
.github/workflows/football-direct-sportsinteraction-probe-v5515.yml,football-direct-sportsinteraction-probe-v5515,"[""push"", ""workflow_dispatch""]","[""push.paths=football-data/validation/direct_sportsinteraction_probe_v5515.py"", ""push.paths=.github/workflows/football-direct-sportsinteraction-probe-v5515.yml""]",[],"{""contents"": ""write""}","{""probe"": {""_mode"": ""DEFAULT_INHERITED""}}",True,False,False,False,False,False,False,False,"[""football-data/validation/direct_sportsinteraction_probe_v5515.py"", ""football-data/validation/persist_generated_worktree_v474.py""]",[],[],True,False,False,False,False,False,RESEARCH,HIGH_PUSH_WRITE,ARCHIVE,research.yml,phase1-plan-confirmed-by-static-parse
.github/workflows/football-dirichlet-draw-kl-v5536.yml,football-dirichlet-draw-kl-v5536,"[""workflow_dispatch""]",[],[],"{""contents"": ""read""}","{""experiment"": {""contents"": ""write""}}",True,False,False,False,False,False,False,False,"[""football-data/validation/dirichlet_draw_kl_v5536.py"", ""football-data/validation/persist_generated_worktree_v474.py""]",[],[],False,False,True,False,False,False,RESEARCH,LOW_STATIC,ARCHIVE,research.yml,phase1-plan-confirmed-by-static-parse
.github/workflows/football-draw-recalibration-kl-v5535-r2.yml,football-draw-recalibration-kl-v5535-r2,"[""workflow_dispatch""]",[],[],"{""contents"": ""read""}","{""corrected-experiment"": {""contents"": ""write""}}",True,False,False,False,False,False,False,False,"[""football-data/validation/draw_recalibration_kl_v5535.py"", ""football-data/validation/draw_recalibration_kl_v5535_r2.py"", ""football-data/validation/persist_generated_worktree_v474.py""]",[],[],False,False,True,False,False,False,RESEARCH,LOW_STATIC,ARCHIVE,research.yml,phase1-plan-confirmed-by-static-parse
.github/workflows/football-draw-recalibration-kl-v5535.yml,football-draw-recalibration-kl-v5535,"[""workflow_dispatch""]",[],[],"{""contents"": ""read""}","{""experiment"": {""contents"": ""write""}}",True,False,False,False,False,False,False,False,"[""football-data/validation/draw_recalibration_kl_v5535.py"", ""football-data/validation/persist_generated_worktree_v474.py""]",[],[],False,False,True,False,False,False,RESEARCH,LOW_STATIC,ARCHIVE,research.yml,phase1-plan-confirmed-by-static-parse
.github/workflows/football-exact-line-consensus-v5529.yml,football-exact-line-consensus-v5529,"[""push"", ""schedule"", ""workflow_dispatch""]","[""push.paths=football-data/validation/kambi_multiline_bundle_v5528.py"", ""push.paths=football-data/validation/exact_line_aligned_consensus_v5529.py"", ""push.paths=.github/workflows/football-exact-line-consensus-v5529.yml""]","[""42 6 * * *""]","{""contents"": ""read""}","{""exact-line-postprocess"": {""contents"": ""write""}}",True,False,False,False,False,False,False,False,"[""football-data/validation/exact_line_aligned_consensus_v5529.py"", ""football-data/validation/kambi_multiline_bundle_v5528.py"", ""football-data/validation/persist_generated_worktree_v474.py""]",[],[],True,False,True,False,False,False,RESEARCH,HIGH_PUSH_WRITE,ARCHIVE,research.yml,phase1-plan-confirmed-by-static-parse
.github/workflows/football-external-signal-adjudication-v521.yml,football-external-signal-adjudication-v521,"[""push"", ""workflow_dispatch""]","[""push.paths=football-data/config/fpl_context_final_registry_v520.json"", ""push.paths=football-data/manifests/recent_xg_v513_governance_freeze.json"", ""push.paths=football-data/config/player_xi_layer_final_registry_v505.json"", ""push.paths=football-data/config/shot_quality_proxy_final_registry_v508.json"", ""push.paths=football-data/manifests/lineup_valuation_readiness_v518_status.json"", ""push.paths=football-data/manifests/retrospective_market_outcome_ceiling_v522_status.json"", ""push.paths=football-data/config/prospective_market_snapshot_contract_v523.json"", ""push.paths=football-data/manifests/prospective_market_snapshot_v523_status.json"", ""push.paths=football-data/manifests/clubelo_history_ingest_v515_status.json"", ""push.paths=football-data/manifests/clubelo_residual_oof_v515_status.json"", ""push.paths=football-data/manifests/gdelt_recent_context_coverage_v517_status.json"", ""push.paths=football-data/validation/external_signal_final_adjudication_v521.py"", ""push.paths=.github/workflows/football-external-signal-adjudication-v521.yml""]",[],"{""contents"": ""write""}","{""adjudicate"": {""_mode"": ""DEFAULT_INHERITED""}}",True,False,True,True,True,False,False,False,"[""football-data/validation/external_signal_final_adjudication_v521.py""]",[],[],True,True,False,False,False,False,ONE_OFF/RESEARCH,CRITICAL_PUSH_WRITE_PERSIST,ARCHIVE,research.yml,phase1-plan-confirmed-by-static-parse
.github/workflows/football-formal-core-v460.yml,Football Formal Core V4.6.x,"[""pull_request"", ""push"", ""schedule"", ""workflow_dispatch""]","[""push.paths=football-data/config/formal_core_v460.json"", ""push.paths=football-data/config/platform_registry.json"", ""push.paths=football-data/engine/football_v460_engine.py"", ""push.paths=football-data/engine/oof_matrix_calibration.py"", ""push.paths=football-data/engine/run_formal_prediction_v460.py"", ""push.paths=football-data/engine/match_pipeline.py"", ""push.paths=football-data/validation/nested_backtest_v460.py"", ""push.paths=football-data/validation/oof_matrix_calibration_v461.py"", ""push.paths=football-data/validation/promotion_policy.json"", ""push.paths=football-data/validation/repository_integrity_v471.py"", ""push.paths=football-data/validation/persist_generated_worktree_v474.py"", ""push.paths=football-data/tests/test_football_v460_engine.py"", ""push.paths=football-data/tests/test_nested_backtest_v460.py"", ""push.paths=football-data/tests/test_oof_matrix_calibration_v461.py"", ""push.paths=football-data/tests/test_v462_bottom_invariants.py"", ""push.paths=football-data/processed/**"", ""push.paths=.github/workflows/football-formal-core-v460.yml"", ""push.branches=main"", ""pull_request.paths=football-data/config/formal_core_v460.json"", ""pull_request.paths=football-data/config/platform_registry.json"", ""pull_request.paths=football-data/engine/football_v460_engine.py"", ""pull_request.paths=football-data/engine/oof_matrix_calibration.py"", ""pull_request.paths=football-data/engine/run_formal_prediction_v460.py"", ""pull_request.paths=football-data/engine/match_pipeline.py"", ""pull_request.paths=football-data/validation/nested_backtest_v460.py"", ""pull_request.paths=football-data/validation/oof_matrix_calibration_v461.py"", ""pull_request.paths=football-data/validation/promotion_policy.json"", ""pull_request.paths=football-data/validation/repository_integrity_v471.py"", ""pull_request.paths=football-data/validation/persist_generated_worktree_v474.py"", ""pull_request.paths=football-data/tests/test_football_v460_engine.py"", ""pull_request.paths=football-data/tests/test_nested_backtest_v460.py"", ""pull_request.paths=football-data/tests/test_oof_matrix_calibration_v461.py"", ""pull_request.paths=football-data/tests/test_v462_bottom_invariants.py"", ""pull_request.paths=football-data/processed/**"", ""pull_request.paths=.github/workflows/football-formal-core-v460.yml"", ""pull_request.branches=main""]","[""47 4 * * 1,4""]","{""contents"": ""read""}","{""validate-core"": {""contents"": ""write""}}",True,False,False,False,False,False,False,False,"[""football-data/engine/validate_platform.py"", ""football-data/tests/test_football_v460_engine.py"", ""football-data/tests/test_nested_backtest_v460.py"", ""football-data/tests/test_oof_matrix_calibration_v461.py"", ""football-data/tests/test_v462_bottom_invariants.py"", ""football-data/validation/nested_backtest_v460.py"", ""football-data/validation/oof_matrix_calibration_v461.py"", ""football-data/validation/persist_generated_worktree_v474.py"", ""football-data/validation/repository_integrity_runtime_v473.py""]",[],[],True,True,True,False,False,False,FORMAL/GOVERNANCE,HIGH_PUSH_WRITE,KEEP,ci.yml/maintenance.yml,phase1-plan-confirmed-by-static-parse
.github/workflows/football-fpl-context-challenger-v519.yml,football-fpl-context-challenger-v519,"[""push"", ""workflow_dispatch""]","[""push.paths=football-data/config/fpl_context_challenger_v519.json"", ""push.paths=football-data/validation/fpl_context_challenger_v519.py"", ""push.paths=football-data/validation/fpl_context_challenger_runner_v519.py"", ""push.paths=.github/workflows/football-fpl-context-challenger-v519.yml""]",[],"{""contents"": ""write""}","{""validate"": {""_mode"": ""DEFAULT_INHERITED""}}",True,False,True,True,True,False,False,False,"[""football-data/validation/fpl_context_challenger_runner_v519.py"", ""football-data/validation/fpl_context_challenger_v519.py""]",[],[],True,True,True,False,False,False,ONE_OFF/RESEARCH,CRITICAL_PUSH_WRITE_PERSIST,ARCHIVE,research.yml,phase1-plan-confirmed-by-static-parse
.github/workflows/football-fpl-snapshot-readiness-v518.yml,football-fpl-snapshot-readiness-v518,"[""push"", ""workflow_dispatch""]","[""push.paths=football-data/validation/fpl_snapshot_readiness_v518.py"", ""push.paths=.github/workflows/football-fpl-snapshot-readiness-v518.yml""]",[],"{""contents"": ""write""}","{""readiness"": {""_mode"": ""DEFAULT_INHERITED""}}",True,False,True,True,True,False,False,False,"[""football-data/validation/fpl_snapshot_readiness_v518.py""]",[],[],True,True,False,False,False,False,SCHEDULED/DATA_OR_CONTEXT,CRITICAL_PUSH_WRITE_PERSIST,CONSOLIDATE,scheduled-data.yml/forward.yml,phase1-plan-confirmed-by-static-parse
.github/workflows/football-full-chain-diagnostic.yml,Football Full Chain Diagnostic,"[""push"", ""workflow_dispatch""]","[""push.paths=.github/workflows/football-full-chain-diagnostic.yml"", ""push.paths=football-data/validation/persist_files_v474.py"", ""push.branches=main""]",[],"{""contents"": ""read""}","{""diagnose-full-chain"": {""contents"": ""write""}}",True,False,True,False,False,False,True,False,"[""football-data/engine/validate_platform.py"", ""football-data/validation/a_grade_diagnostics_v463.py"", ""football-data/validation/competition_replay_receipts_v462.py"", ""football-data/validation/final_chain_replay_v463.py"", ""football-data/validation/lomo_value_validation_v463.py"", ""football-data/validation/market_baseline_v463.py"", ""football-data/validation/nested_backtest_v460.py"", ""football-data/validation/oof_matrix_calibration_v461.py"", ""football-data/validation/persist_files_v474.py"", ""football-data/validation/probable_lineup_route_v462.py"", ""football-data/validation/rolling_outer_validation_v463.py"", ""football-data/validation/total_goals_promotion_readiness_v465.py"", ""football-data/validation/total_goals_round2_v465.py""]",[],[],True,True,True,False,False,False,ONE_OFF/RESEARCH,CRITICAL_PUSH_WRITE_PERSIST,ARCHIVE,research.yml,phase1-plan-confirmed-by-static-parse
.github/workflows/football-full-result-balance-kl-v5537-r2.yml,football-full-result-balance-kl-v5537-r2,"[""workflow_dispatch""]",[],[],"{""contents"": ""read""}","{""reduced-experiment"": {""contents"": ""write""}}",True,False,False,False,False,False,False,False,"[""football-data/validation/full_result_balance_kl_v5537.py"", ""football-data/validation/full_result_balance_kl_v5537_r2.py"", ""football-data/validation/persist_generated_worktree_v474.py""]",[],[],True,True,True,False,False,False,RESEARCH,LOW_STATIC,ARCHIVE,research.yml,phase1-plan-confirmed-by-static-parse
.github/workflows/football-full-result-balance-kl-v5537.yml,football-full-result-balance-kl-v5537,"[""workflow_dispatch""]",[],[],"{""contents"": ""read""}","{""experiment"": {""contents"": ""write""}}",True,False,False,False,False,False,False,False,"[""football-data/validation/full_result_balance_kl_v5537.py"", ""football-data/validation/persist_generated_worktree_v474.py""]",[],[],False,False,True,False,False,False,RESEARCH,LOW_STATIC,ARCHIVE,research.yml,phase1-plan-confirmed-by-static-parse
.github/workflows/football-gdelt-context-coverage-v517.yml,football-gdelt-context-coverage-v517,"[""push"", ""workflow_dispatch""]","[""push.paths=football-data/config/context_evidence_contract_v514.json"", ""push.paths=football-data/processed/ENG_PremierLeague/2025-26.csv"", ""push.paths=football-data/processed/ESP_LaLiga/2025-26.csv"", ""push.paths=football-data/processed/GER_Bundesliga/2025-26.csv"", ""push.paths=football-data/processed/ITA_SerieA/2025-26.csv"", ""push.paths=football-data/processed/FRA_Ligue1/2025-26.csv"", ""push.paths=football-data/validation/gdelt_recent_context_coverage_v517.py"", ""push.paths=football-data/validation/gdelt_recent_context_runner_v517.py"", ""push.paths=football-data/validation/gdelt_recent_context_aggregate_v517.py"", ""push.paths=.github/workflows/football-gdelt-context-coverage-v517.yml""]",[],"{""contents"": ""write""}","{""aggregate"": {""_mode"": ""DEFAULT_INHERITED""}, ""domain"": {""_mode"": ""DEFAULT_INHERITED""}}",True,False,True,True,True,False,False,False,"[""football-data/validation/gdelt_recent_context_aggregate_v517.py"", ""football-data/validation/gdelt_recent_context_coverage_v517.py"", ""football-data/validation/gdelt_recent_context_runner_v517.py""]",[],[],True,True,True,False,False,False,SCHEDULED/DATA_OR_CONTEXT,CRITICAL_PUSH_WRITE_PERSIST,CONSOLIDATE,scheduled-data.yml/forward.yml,phase1-plan-confirmed-by-static-parse
.github/workflows/football-ger-three-surface-dual-v542.yml,football-ger-three-surface-dual-v542,"[""push"", ""workflow_dispatch""]","[""push.paths=football-data/validation/ger_three_surface_market_projection_v542_dual.py"", ""push.paths=.github/workflows/football-ger-three-surface-dual-v542.yml""]",[],"{""contents"": ""write""}","{""audit"": {""_mode"": ""DEFAULT_INHERITED""}}",True,False,True,True,True,False,False,False,"[""football-data/validation/ger_three_surface_market_projection_v534.py"", ""football-data/validation/ger_three_surface_market_projection_v542_dual.py""]",[],[],True,True,True,False,False,False,RESEARCH,CRITICAL_PUSH_WRITE_PERSIST,ARCHIVE,research.yml,phase2a-static-review
.github/workflows/football-ger-three-surface-fast-v536.yml,football-ger-three-surface-fast-v536,"[""push"", ""workflow_dispatch""]","[""push.paths=football-data/validation/ger_three_surface_market_projection_v536_fast.py"", ""push.paths=.github/workflows/football-ger-three-surface-fast-v536.yml""]",[],"{""contents"": ""write""}","{""validate"": {""_mode"": ""DEFAULT_INHERITED""}}",True,False,True,True,True,False,False,False,"[""football-data/validation/ger_three_surface_market_projection_v534.py"", ""football-data/validation/ger_three_surface_market_projection_v536_fast.py""]",[],[],True,True,True,False,False,False,ONE_OFF/RESEARCH,CRITICAL_PUSH_WRITE_PERSIST,ARCHIVE,research.yml,phase1-plan-confirmed-by-static-parse
.github/workflows/football-ger-three-surface-v534.yml,football-ger-three-surface-v534,"[""push"", ""workflow_dispatch""]","[""push.paths=football-data/config/ger_three_surface_market_projection_v533.json"", ""push.paths=football-data/validation/ger_three_surface_market_projection_v534.py"", ""push.paths=.github/workflows/football-ger-three-surface-v534.yml""]",[],"{""contents"": ""write""}","{""validate"": {""_mode"": ""DEFAULT_INHERITED""}}",True,False,True,True,True,False,False,False,"[""football-data/validation/ger_three_surface_market_projection_v534.py""]",[],[],True,True,True,False,False,False,RESEARCH,CRITICAL_PUSH_WRITE_PERSIST,ARCHIVE,research.yml,phase2a-static-review
.github/workflows/football-global-evidence-alignment-v475.yml,Football V4.7.6 Global Evidence Alignment,"[""push"", ""workflow_dispatch""]","[""push.paths=football-data/config/platform_registry.json"", ""push.paths=football-data/config/evidence_sources_v470.json"", ""push.paths=football-data/config/global_evidence_routes_v475.json"", ""push.paths=football-data/config/recent_two_season_evidence_scope_v476.json"", ""push.paths=football-data/config/stage_format_registry_v470.json"", ""push.paths=football-data/validation/global_evidence_alignment_v475.py"", ""push.paths=football-data/validation/persist_files_v474.py"", ""push.paths=.github/workflows/football-global-evidence-alignment-v475.yml"", ""push.branches=main""]",[],"{""contents"": ""read""}","{""validate-global-evidence-routes"": {""contents"": ""write""}}",True,False,True,False,False,False,True,False,"[""football-data/validation/global_evidence_alignment_v475.py"", ""football-data/validation/persist_files_v474.py"", ""football-data/validation/repository_integrity_runtime_v473.py""]",[],"[""API_FOOTBALL_KEY"", ""ODDSPAPI_KEY"", ""SPORTMONKS_API_TOKEN"", ""THE_ODDS_API_KEY""]",True,True,False,False,False,False,SCHEDULED/DATA_OR_CONTEXT,CRITICAL_PUSH_WRITE_PERSIST,CONSOLIDATE,scheduled-data.yml/forward.yml,phase1-plan-confirmed-by-static-parse
.github/workflows/football-grade345.yml,Football A-grade Gates 3-4-5,"[""pull_request"", ""push"", ""workflow_dispatch""]","[""push.paths=.github/workflows/football-grade345.yml"", ""push.paths=football-data/engine/market_kl_projection_v463.py"", ""push.paths=football-data/validation/competition_replay_receipts_v462.py"", ""push.paths=football-data/validation/probable_lineup_route_v462.py"", ""push.paths=football-data/validation/rolling_outer_validation_v463.py"", ""push.paths=football-data/validation/final_chain_replay_v463.py"", ""push.paths=football-data/validation/a_grade_diagnostics_v463.py"", ""push.paths=football-data/validation/market_baseline_v463.py"", ""push.paths=football-data/validation/lomo_value_validation_v463.py"", ""push.paths=football-data/validation/a_grade_auditor_v463.py"", ""push.paths=football-data/validation/persist_generated_worktree_v474.py"", ""push.paths=football-data/tests/test_market_kl_projection_v463.py"", ""push.paths=football-data/markets/**"", ""push.branches=main"", ""pull_request.branches=main""]",[],"{""contents"": ""read""}","{""validate-grade345"": {""contents"": ""write""}}",True,False,False,False,False,False,False,False,"[""football-data/engine/football_v460_engine.py"", ""football-data/engine/market_kl_projection_v463.py"", ""football-data/engine/validate_platform.py"", ""football-data/tests/test_football_v460_engine.py"", ""football-data/tests/test_market_kl_projection_v463.py"", ""football-data/tests/test_nested_backtest_v460.py"", ""football-data/tests/test_oof_matrix_calibration_v461.py"", ""football-data/tests/test_v462_bottom_invariants.py"", ""football-data/validation/a_grade_auditor_v463.py"", ""football-data/validation/a_grade_diagnostics_v463.py"", ""football-data/validation/competition_replay_receipts_v462.py"", ""football-data/validation/final_chain_replay_v463.py"", ""football-data/validation/lomo_value_validation_v463.py"", ""football-data/validation/market_baseline_v463.py"", ""football-data/validation/nested_backtest_v460.py"", ""football-data/validation/oof_matrix_calibration_v461.py"", ""football-data/validation/persist_generated_worktree_v474.py"", ""football-data/validation/probable_lineup_route_v462.py"", ""football-data/validation/repository_integrity_runtime_v473.py"", ""football-data/validation/rolling_outer_validation_v463.py""]",[],[],True,True,True,False,False,False,CI/VALIDATION,HIGH_PUSH_WRITE,CONSOLIDATE,ci.yml,phase2a-static-review
.github/workflows/football-historical-market-snapshot-v475.yml,Football V4.7.5 Historical Market Snapshot,"[""workflow_dispatch""]",[],[],"{""contents"": ""read""}","{""acquire-and-validate"": {""contents"": ""write""}}",True,False,False,False,False,False,False,False,"[""football-data/ingestion/historical_market_snapshot_v475.py"", ""football-data/validation/multisource_evidence_validator_v463.py"", ""football-data/validation/persist_generated_worktree_v474.py"", ""football-data/validation/repository_integrity_runtime_v473.py""]",[],"[""THE_ODDS_API_KEY""]",True,False,True,False,False,False,SCHEDULED/DATA_OR_CONTEXT,LOW_STATIC,CONSOLIDATE,scheduled-data.yml/forward.yml,phase1-plan-confirmed-by-static-parse
.github/workflows/football-jpn-j1-promotion-review-v467.yml,Football JPN J1 Promotion Review V467,"[""push"", ""workflow_dispatch""]","[""push.paths=football-data/ingestion/jpn_j1_transition_official_v467.py"", ""push.paths=football-data/validation/jpn_j1_promotion_review_v467.py"", ""push.paths=football-data/validation/persist_generated_worktree_v474.py"", ""push.paths=football-data/config/league_sources_batch_002.json"", ""push.paths=.github/workflows/football-jpn-j1-promotion-review-v467.yml"", ""push.branches=main""]",[],"{""contents"": ""read""}","{""validate-route-and-review"": {""contents"": ""write""}}",True,False,False,False,False,False,False,False,"[""football-data/ingestion/jpn_j1_transition_official_v467.py"", ""football-data/validation/jpn_j1_promotion_review_v467.py"", ""football-data/validation/persist_generated_worktree_v474.py"", ""football-data/validation/repository_integrity_runtime_v473.py""]",[],[],True,True,True,False,False,False,RESEARCH,HIGH_PUSH_WRITE,ARCHIVE,research.yml,phase1-plan-confirmed-by-static-parse
.github/workflows/football-kalmar-malmo-question-time-audit.yml,Football Kalmar Malmo Question-Time Audit,"[""push"", ""workflow_dispatch""]","[""push.paths=football-data/validation/run_kalmar_malmo_question_time_audit_20260720.py"", ""push.paths=.github/workflows/football-kalmar-malmo-question-time-audit.yml"", ""push.branches=main""]",[],"{""contents"": ""write""}","{""audit"": {""_mode"": ""DEFAULT_INHERITED""}}",True,False,True,True,True,False,False,True,"[""football-data/validation/run_kalmar_malmo_question_time_audit_20260720.py""]",[],[],True,False,False,False,False,False,ONE_OFF/RESEARCH,CRITICAL_PUSH_WRITE_PERSIST,ARCHIVE,research.yml,phase1-plan-confirmed-by-static-parse
.github/workflows/football-kambi-event-detail-capability-v5510.yml,football-kambi-event-detail-capability-v5510,"[""push"", ""workflow_dispatch""]","[""push.paths=football-data/validation/kambi_event_detail_capability_v5510.py"", ""push.paths=.github/workflows/football-kambi-event-detail-capability-v5510.yml""]",[],"{""contents"": ""write""}","{""probe"": {""_mode"": ""DEFAULT_INHERITED""}}",True,False,False,False,False,False,False,False,"[""football-data/validation/kambi_event_detail_capability_v5510.py"", ""football-data/validation/persist_generated_worktree_v474.py""]",[],[],True,False,False,False,False,False,RESEARCH,HIGH_PUSH_WRITE,ARCHIVE,research.yml,phase1-plan-confirmed-by-static-parse
.github/workflows/football-kambi-four-league-capture-guard-v5527.yml,football-kambi-four-league-capture-guard-v5527,"[""push"", ""workflow_dispatch""]","[""push.paths=football-data/manifests/kambi_four_league_capture_v5525_status.json"", ""push.paths=football-data/validation/kambi_four_league_capture_guard_v5527.py"", ""push.paths=.github/workflows/football-kambi-four-league-capture-guard-v5527.yml""]",[],"{""contents"": ""read""}","{""guard"": {""contents"": ""write""}}",True,False,False,False,False,False,False,False,"[""football-data/validation/kambi_four_league_capture_guard_v5527.py"", ""football-data/validation/persist_generated_worktree_v474.py""]",[],[],False,False,False,False,False,False,SCHEDULED/DATA_OR_CONTEXT,HIGH_PUSH_WRITE,CONSOLIDATE,scheduled-data.yml/forward.yml,phase1-plan-confirmed-by-static-parse
.github/workflows/football-kambi-four-league-discovery-v5523.yml,football-kambi-four-league-discovery-v5523,"[""push"", ""workflow_dispatch""]","[""push.paths=football-data/validation/kambi_four_league_discovery_v5523.py"", ""push.paths=.github/workflows/football-kambi-four-league-discovery-v5523.yml""]",[],"{""contents"": ""write""}","{""discovery"": {""_mode"": ""DEFAULT_INHERITED""}}",True,False,False,False,False,False,False,False,"[""football-data/validation/kambi_four_league_discovery_v5523.py"", ""football-data/validation/persist_generated_worktree_v474.py""]",[],[],True,False,False,False,False,False,RESEARCH,HIGH_PUSH_WRITE,ARCHIVE,research.yml,phase1-plan-confirmed-by-static-parse
.github/workflows/football-kambi-market-capability-v559.yml,football-kambi-market-capability-v559,"[""push"", ""workflow_dispatch""]","[""push.paths=football-data/validation/kambi_market_capability_v559.py"", ""push.paths=.github/workflows/football-kambi-market-capability-v559.yml""]",[],"{""contents"": ""write""}","{""diagnostic"": {""_mode"": ""DEFAULT_INHERITED""}}",True,False,False,False,False,False,False,False,"[""football-data/validation/kambi_market_capability_v559.py"", ""football-data/validation/persist_generated_worktree_v474.py""]",[],[],True,False,False,False,False,False,RESEARCH,HIGH_PUSH_WRITE,ARCHIVE,research.yml,phase1-plan-confirmed-by-static-parse
.github/workflows/football-kambi-priority-target-capture-v5512.yml,football-kambi-priority-target-capture-v5512,"[""push"", ""workflow_dispatch""]","[""push.paths=football-data/validation/kambi_priority_target_capture_v5512.py"", ""push.paths=football-data/validation/kambi_v523_adapter_v5511.py"", ""push.paths=.github/workflows/football-kambi-priority-target-capture-v5512.yml""]",[],"{""contents"": ""write""}","{""capture"": {""_mode"": ""DEFAULT_INHERITED""}}",True,False,False,False,False,False,False,False,"[""football-data/validation/kambi_priority_target_capture_v5512.py"", ""football-data/validation/kambi_v523_adapter_v5511.py"", ""football-data/validation/persist_generated_worktree_v474.py""]",[],[],True,False,False,False,False,False,SCHEDULED/DATA_OR_CONTEXT,HIGH_PUSH_WRITE,CONSOLIDATE,scheduled-data.yml/forward.yml,phase1-plan-confirmed-by-static-parse
.github/workflows/football-kambi-v523-adapter-v5511.yml,football-kambi-v523-adapter-v5511,"[""push"", ""workflow_dispatch""]","[""push.paths=football-data/validation/kambi_v523_adapter_v5511.py"", ""push.paths=football-data/tests/test_kambi_v523_adapter_v5511.py"", ""push.paths=.github/workflows/football-kambi-v523-adapter-v5511.yml""]",[],"{""contents"": ""write""}","{""acceptance"": {""_mode"": ""DEFAULT_INHERITED""}}",True,False,False,False,False,False,False,False,"[""football-data/tests/test_kambi_v523_adapter_v5511.py"", ""football-data/validation/kambi_v523_adapter_v5511.py"", ""football-data/validation/persist_generated_worktree_v474.py""]",[],[],True,False,False,False,False,False,RESEARCH,HIGH_PUSH_WRITE,ARCHIVE,research.yml,phase1-plan-confirmed-by-static-parse
.github/workflows/football-lineup-latent-signal-v502.yml,football-lineup-latent-signal-v502,"[""push"", ""workflow_dispatch""]","[""push.paths=football-data/validation/lineup_latent_signal_oof_v502.py"", ""push.paths=football-data/manifests/lineup_match_identity_v502_status.json"", ""push.paths=football-data/player_xi_links/ESP_LaLiga/**"", ""push.paths=football-data/player_xi_links/GER_Bundesliga/**"", ""push.paths=.github/workflows/football-lineup-latent-signal-v502.yml""]",[],"{""contents"": ""write""}","{""validate"": {""_mode"": ""DEFAULT_INHERITED""}}",True,False,True,True,True,False,False,False,"[""football-data/validation/lineup_latent_signal_oof_v502.py""]",[],[],True,True,True,False,False,False,RESEARCH,CRITICAL_PUSH_WRITE_PERSIST,ARCHIVE,research.yml,phase2a-static-review
.github/workflows/football-marathonbet-formal-pit-capture-v5518.yml,football-marathonbet-formal-pit-capture-v5518,"[""push"", ""workflow_dispatch""]","[""push.paths=football-data/validation/marathonbet_formal_pit_capture_v5518.py"", ""push.paths=.github/workflows/football-marathonbet-formal-pit-capture-v5518.yml""]",[],"{""contents"": ""write""}","{""capture"": {""_mode"": ""DEFAULT_INHERITED""}}",True,False,False,False,False,False,False,False,"[""football-data/validation/marathonbet_formal_pit_capture_v5518.py"", ""football-data/validation/marathonbet_v523_adapter_v5517.py"", ""football-data/validation/persist_generated_worktree_v474.py""]",[],[],True,False,False,False,False,False,SCHEDULED/DATA_OR_CONTEXT,HIGH_PUSH_WRITE,CONSOLIDATE,scheduled-data.yml/forward.yml,phase1-plan-confirmed-by-static-parse
.github/workflows/football-marathonbet-v523-adapter-v5517.yml,football-marathonbet-v523-adapter-v5517,"[""push"", ""workflow_dispatch""]","[""push.paths=football-data/validation/marathonbet_v523_adapter_v5517.py"", ""push.paths=football-data/tests/test_marathonbet_v523_adapter_v5517.py"", ""push.paths=.github/workflows/football-marathonbet-v523-adapter-v5517.yml""]",[],"{""contents"": ""write""}","{""acceptance"": {""_mode"": ""DEFAULT_INHERITED""}}",True,False,False,False,False,False,False,False,"[""football-data/tests/test_marathonbet_v523_adapter_v5517.py"", ""football-data/validation/marathonbet_v523_adapter_v5517.py"", ""football-data/validation/persist_generated_worktree_v474.py""]",[],[],True,False,False,False,False,False,RESEARCH,HIGH_PUSH_WRITE,ARCHIVE,research.yml,phase1-plan-confirmed-by-static-parse
.github/workflows/football-market-consensus-smoke-v555.yml,football-market-consensus-smoke-v555,"[""push"", ""workflow_dispatch""]","[""push.paths=football-data/config/prospective_market_selective_challenger_v526.json"", ""push.paths=football-data/config/market_matrix_projection_final_registry_v531.json"", ""push.paths=football-data/config/market_matrix_projection_por_v543.json"", ""push.paths=football-data/config/prospective_market_matrix_validation_v548.json"", ""push.paths=football-data/validation/prospective_market_consensus_v554.py"", ""push.paths=football-data/validation/prospective_market_consensus_shadow_v555.py"", ""push.paths=football-data/validation/prospective_market_matrix_outcome_v548.py"", ""push.paths=football-data/validation/prospective_market_selective_outcome_v552.py"", ""push.paths=football-data/tests/test_prospective_market_consensus_v554.py"", ""push.paths=football-data/tests/test_prospective_market_consensus_shadow_v555.py"", ""push.paths=football-data/tests/test_prospective_market_consensus_outcomes_v555.py"", ""push.paths=.github/workflows/football-market-consensus-smoke-v555.yml""]",[],"{""contents"": ""write""}","{""smoke"": {""_mode"": ""DEFAULT_INHERITED""}}",True,False,True,True,True,False,False,False,"[""football-data/tests/test_prospective_market_consensus_outcomes_v555.py"", ""football-data/tests/test_prospective_market_consensus_shadow_v555.py"", ""football-data/tests/test_prospective_market_consensus_v554.py"", ""football-data/validation/prospective_market_consensus_shadow_v555.py"", ""football-data/validation/prospective_market_consensus_v554.py"", ""football-data/validation/prospective_market_matrix_outcome_v548.py"", ""football-data/validation/prospective_market_selective_outcome_v552.py""]",[],[],True,True,False,False,False,False,ONE_OFF/RESEARCH,CRITICAL_PUSH_WRITE_PERSIST,ARCHIVE,research.yml,phase1-plan-confirmed-by-static-parse
.github/workflows/football-market-evidence-priority-v525.yml,football-market-evidence-priority-v525,"[""push"", ""workflow_dispatch""]","[""push.paths=football-data/manifests/retrospective_market_all17_ceiling_v524_status.json"", ""push.paths=football-data/validation/market_evidence_priority_v525.py"", ""push.paths=.github/workflows/football-market-evidence-priority-v525.yml""]",[],"{""contents"": ""write""}","{""rank"": {""_mode"": ""DEFAULT_INHERITED""}}",True,False,True,True,True,False,False,False,"[""football-data/validation/market_evidence_priority_v525.py""]",[],[],True,True,False,False,False,False,SCHEDULED/DATA_OR_CONTEXT,CRITICAL_PUSH_WRITE_PERSIST,CONSOLIDATE,scheduled-data.yml/forward.yml,phase1-plan-confirmed-by-static-parse
.github/workflows/football-market-selective-opening-v550.yml,football-market-selective-opening-v550,"[""push"", ""workflow_dispatch""]","[""push.paths=football-data/config/prospective_market_selective_challenger_v526.json"", ""push.paths=football-data/validation/retrospective_market_selective_opening_v550.py"", ""push.paths=.github/workflows/football-market-selective-opening-v550.yml""]",[],"{""contents"": ""write""}","{""audit"": {""_mode"": ""DEFAULT_INHERITED""}}",True,False,True,True,True,False,False,False,"[""football-data/validation/retrospective_market_all17_ceiling_v524.py"", ""football-data/validation/retrospective_market_selective_opening_v550.py""]",[],[],True,True,True,False,False,False,RESEARCH,CRITICAL_PUSH_WRITE_PERSIST,ARCHIVE,research.yml,phase1-plan-confirmed-by-static-parse
.github/workflows/football-market-surface-readiness-all17-v535-diagnostic.yml,football-market-surface-readiness-all17-v535-diagnostic,"[""push"", ""workflow_dispatch""]","[""push.paths=.github/workflows/football-market-surface-readiness-all17-v535-diagnostic.yml""]",[],"{""contents"": ""write""}","{""audit"": {""_mode"": ""DEFAULT_INHERITED""}}",True,False,True,True,True,False,False,False,"[""football-data/validation/market_surface_readiness_all17_v535.py""]",[],[],True,True,False,False,False,False,ONE_OFF/RESEARCH,CRITICAL_PUSH_WRITE_PERSIST,ARCHIVE,research.yml,phase1-plan-confirmed-by-static-parse
.github/workflows/football-market-surface-readiness-all17-v535.yml,football-market-surface-readiness-all17-v535,"[""push"", ""workflow_dispatch""]","[""push.paths=football-data/validation/market_surface_readiness_all17_v535.py"", ""push.paths=.github/workflows/football-market-surface-readiness-all17-v535.yml""]",[],"{""contents"": ""write""}","{""audit"": {""_mode"": ""DEFAULT_INHERITED""}}",True,False,True,True,True,False,False,False,"[""football-data/validation/market_surface_readiness_all17_v535.py""]",[],[],True,True,False,False,False,False,RESEARCH,CRITICAL_PUSH_WRITE_PERSIST,ARCHIVE,research.yml,phase1-plan-confirmed-by-static-parse
.github/workflows/football-multisource-evidence.yml,Football Multi-source Evidence,"[""push"", ""workflow_dispatch""]","[""push.paths=football-data/config/multisource_evidence_v463.json"", ""push.paths=football-data/validation/multisource_evidence_validator_v463.py"", ""push.paths=football-data/validation/persist_files_v474.py"", ""push.paths=football-data/evidence/lineups/**"", ""push.paths=football-data/evidence/markets/**"", ""push.paths=.github/workflows/football-multisource-evidence.yml"", ""push.branches=main""]",[],"{""contents"": ""read""}","{""validate-evidence"": {""contents"": ""write""}}",True,False,True,False,False,False,True,False,"[""football-data/validation/multisource_evidence_validator_v463.py"", ""football-data/validation/persist_files_v474.py"", ""football-data/validation/repository_integrity_runtime_v473.py""]",[],[],True,True,True,False,False,False,SCHEDULED/DATA_OR_CONTEXT,CRITICAL_PUSH_WRITE_PERSIST,CONSOLIDATE,scheduled-data.yml/forward.yml,phase1-plan-confirmed-by-static-parse
.github/workflows/football-orgryte-djurgarden-question-time-audit.yml,Football Orgryte Djurgarden Question-Time Audit,"[""push"", ""workflow_dispatch""]","[""push.paths=football-data/validation/run_orgryte_djurgarden_question_time_audit_20260720.py"", ""push.paths=.github/workflows/football-orgryte-djurgarden-question-time-audit.yml"", ""push.branches=main""]",[],"{""contents"": ""write""}","{""audit"": {""_mode"": ""DEFAULT_INHERITED""}}",True,False,True,True,True,False,False,True,"[""football-data/validation/run_orgryte_djurgarden_question_time_audit_20260720.py""]",[],[],True,False,False,False,False,False,ONE_OFF/RESEARCH,CRITICAL_PUSH_WRITE_PERSIST,ARCHIVE,research.yml,phase1-plan-confirmed-by-static-parse
.github/workflows/football-platform-integrity.yml,Football Platform Integrity,"[""pull_request"", ""push"", ""schedule"", ""workflow_dispatch""]","[""push.paths=football-data/config/platform_registry.json"", ""push.paths=football-data/config/team_strength_config.json"", ""push.paths=football-data/config/team_aliases.json"", ""push.paths=football-data/schemas/**"", ""push.paths=football-data/engine/platform_core.py"", ""push.paths=football-data/engine/build_team_strengths.py"", ""push.paths=football-data/engine/build_training_dataset.py"", ""push.paths=football-data/engine/match_pipeline.py"", ""push.paths=football-data/engine/validate_platform.py"", ""push.paths=football-data/engine/evaluate_audits.py"", ""push.paths=football-data/validation/repository_integrity_runtime_v473.py"", ""push.paths=football-data/validation/persist_generated_worktree_v474.py"", ""push.paths=football-data/tests/test_platform_core.py"", ""push.paths=football-data/tests/test_team_strengths.py"", ""push.paths=football-data/tests/test_prediction_pipeline.py"", ""push.paths=football-data/processed/**"", ""push.paths=.github/workflows/football-platform-integrity.yml"", ""push.branches=main"", ""pull_request.paths=football-data/config/platform_registry.json"", ""pull_request.paths=football-data/config/team_strength_config.json"", ""pull_request.paths=football-data/config/team_aliases.json"", ""pull_request.paths=football-data/schemas/**"", ""pull_request.paths=football-data/engine/platform_core.py"", ""pull_request.paths=football-data/engine/build_team_strengths.py"", ""pull_request.paths=football-data/engine/build_training_dataset.py"", ""pull_request.paths=football-data/engine/match_pipeline.py"", ""pull_request.paths=football-data/engine/validate_platform.py"", ""pull_request.paths=football-data/engine/evaluate_audits.py"", ""pull_request.paths=football-data/validation/repository_integrity_runtime_v473.py"", ""pull_request.paths=football-data/validation/persist_generated_worktree_v474.py"", ""pull_request.paths=football-data/tests/test_platform_core.py"", ""pull_request.paths=football-data/tests/test_team_strengths.py"", ""pull_request.paths=football-data/tests/test_prediction_pipeline.py"", ""pull_request.paths=football-data/processed/**"", ""pull_request.paths=.github/workflows/football-platform-integrity.yml"", ""pull_request.branches=main""]","[""17 4 * * 1,4""]","{""contents"": ""read""}","{""validate"": {""contents"": ""write""}}",True,False,False,False,False,False,False,False,"[""football-data/engine/build_team_strengths.py"", ""football-data/engine/build_training_dataset.py"", ""football-data/engine/evaluate_audits.py"", ""football-data/engine/validate_platform.py"", ""football-data/validation/persist_generated_worktree_v474.py"", ""football-data/validation/repository_integrity_runtime_v473.py""]",[],[],True,True,True,False,False,False,FORMAL/GOVERNANCE,HIGH_PUSH_WRITE,KEEP,ci.yml/maintenance.yml,phase1-plan-confirmed-by-static-parse
.github/workflows/football-player-xi-gate-adjudication-v503.yml,football-player-xi-gate-adjudication-v503,"[""push"", ""workflow_dispatch""]","[""push.paths=football-data/manifests/lineup_latent_signal_oof_v502_status.json"", ""push.paths=football-data/manifests/player_xi_residual_signal_oof_v502_status.json"", ""push.paths=football-data/manifests/player_xi_residual_replication_v503_status.json"", ""push.paths=football-data/validation/player_xi_gate_v503.py"", ""push.paths=football-data/validation/player_xi_gate_adjudication_v503.py"", ""push.paths=football-data/tests/test_player_xi_gate_v503.py"", ""push.paths=.github/workflows/football-player-xi-gate-adjudication-v503.yml""]",[],"{""contents"": ""write""}","{""adjudicate"": {""_mode"": ""DEFAULT_INHERITED""}}",True,False,True,True,True,False,False,False,"[""football-data/tests/test_player_xi_gate_v503.py"", ""football-data/validation/player_xi_gate_adjudication_v503.py"", ""football-data/validation/player_xi_gate_v503.py""]",[],[],True,True,False,False,False,False,ONE_OFF/RESEARCH,CRITICAL_PUSH_WRITE_PERSIST,ARCHIVE,research.yml,phase1-plan-confirmed-by-static-parse
.github/workflows/football-player-xi-matrix-projection-ita-v504.yml,football-player-xi-matrix-projection-ita-v504,"[""push"", ""workflow_dispatch""]","[""push.paths=football-data/manifests/player_xi_gate_adjudication_v503_status.json"", ""push.paths=football-data/manifests/player_xi_residual_replication_v503/ITA_SerieA.json"", ""push.paths=football-data/validation/player_xi_matrix_projection_ita_v504.py"", ""push.paths=football-data/validation/run_player_xi_matrix_projection_ita_v504.py"", ""push.paths=football-data/tests/test_player_xi_matrix_projection_v504.py"", ""push.paths=.github/workflows/football-player-xi-matrix-projection-ita-v504.yml""]",[],"{""contents"": ""write""}","{""validate"": {""_mode"": ""DEFAULT_INHERITED""}}",True,False,True,True,True,False,False,False,"[""football-data/validation/run_player_xi_matrix_projection_ita_v504.py""]",[],[],True,True,True,False,False,False,RESEARCH,CRITICAL_PUSH_WRITE_PERSIST,ARCHIVE,research.yml,phase1-plan-confirmed-by-static-parse
.github/workflows/football-player-xi-readiness-v502.yml,football-player-xi-readiness-v502,"[""push"", ""workflow_dispatch""]","[""push.paths=football-data/config/player_xi_source_contract_v502.json"", ""push.paths=football-data/config/platform_registry.json"", ""push.paths=football-data/validation/player_xi_data_readiness_v502.py"", ""push.paths=football-data/validation/probable_lineup_route_v462.py"", ""push.paths=football-data/lineups/**"", ""push.paths=football-data/availability/**"", ""push.paths=.github/workflows/football-player-xi-readiness-v502.yml""]",[],"{""contents"": ""write""}","{""audit"": {""_mode"": ""DEFAULT_INHERITED""}}",True,False,True,True,True,False,False,False,"[""football-data/validation/player_xi_data_readiness_v502.py""]",[],[],False,False,True,False,False,False,RESEARCH,CRITICAL_PUSH_WRITE_PERSIST,ARCHIVE,research.yml,phase1-plan-confirmed-by-static-parse
.github/workflows/football-player-xi-replication-v503.yml,football-player-xi-replication-v503,"[""push"", ""workflow_dispatch""]","[""push.paths=football-data/manifests/lineup_match_identity_v502_status.json"", ""push.paths=football-data/player_xi_links/ENG_PremierLeague/**"", ""push.paths=football-data/player_xi_links/ITA_SerieA/**"", ""push.paths=football-data/player_xi_links/FRA_Ligue1/**"", ""push.paths=football-data/validation/player_xi_residual_replication_v503.py"", ""push.paths=.github/workflows/football-player-xi-replication-v503.yml""]",[],"{""contents"": ""write""}","{""replicate"": {""_mode"": ""DEFAULT_INHERITED""}}",True,False,True,True,True,False,False,False,"[""football-data/validation/player_xi_residual_replication_v503.py"", ""football-data/validation/player_xi_residual_signal_oof_v502.py""]",[],[],True,True,True,False,False,False,ONE_OFF/RESEARCH,CRITICAL_PUSH_WRITE_PERSIST,ARCHIVE,research.yml,phase1-plan-confirmed-by-static-parse
.github/workflows/football-player-xi-residual-signal-v502.yml,football-player-xi-residual-signal-v502,"[""push"", ""workflow_dispatch""]","[""push.paths=football-data/validation/player_xi_residual_signal_oof_v502.py"", ""push.paths=football-data/manifests/lineup_match_identity_v502_status.json"", ""push.paths=football-data/player_xi_links/ESP_LaLiga/**"", ""push.paths=football-data/player_xi_links/GER_Bundesliga/**"", ""push.paths=.github/workflows/football-player-xi-residual-signal-v502.yml""]",[],"{""contents"": ""write""}","{""validate"": {""_mode"": ""DEFAULT_INHERITED""}}",True,False,True,True,True,False,False,False,"[""football-data/validation/player_xi_residual_signal_oof_v502.py""]",[],[],True,True,True,False,False,False,RESEARCH,CRITICAL_PUSH_WRITE_PERSIST,ARCHIVE,research.yml,phase1-plan-confirmed-by-static-parse
.github/workflows/football-predictability-gate-v516.yml,football-predictability-gate-v516,"[""push"", ""workflow_dispatch""]","[""push.paths=football-data/config/predictability_gate_v516.json"", ""push.paths=football-data/validation/predictability_gate_v516.py"", ""push.paths=football-data/validation/predictability_gate_domain_v516.py"", ""push.paths=football-data/validation/predictability_gate_aggregate_v516.py"", ""push.paths=.github/workflows/football-predictability-gate-v516.yml""]",[],"{""contents"": ""write""}","{""aggregate"": {""_mode"": ""DEFAULT_INHERITED""}, ""domain"": {""_mode"": ""DEFAULT_INHERITED""}}",True,False,True,True,True,False,False,False,"[""football-data/validation/predictability_gate_aggregate_v516.py"", ""football-data/validation/predictability_gate_domain_v516.py"", ""football-data/validation/predictability_gate_v516.py""]",[],[],True,True,True,False,False,False,RESEARCH,CRITICAL_PUSH_WRITE_PERSIST,ARCHIVE,research.yml,phase1-plan-confirmed-by-static-parse
.github/workflows/football-promotion-consensus-registry-v5530.yml,football-promotion-consensus-registry-v5530,"[""push"", ""schedule"", ""workflow_dispatch""]","[""push.paths=football-data/validation/promotion_consensus_registry_v5530.py"", ""push.paths=.github/workflows/football-promotion-consensus-registry-v5530.yml""]","[""55 6 * * *""]","{""contents"": ""read""}","{""registry"": {""contents"": ""write""}}",True,False,False,False,False,False,False,False,"[""football-data/validation/persist_generated_worktree_v474.py"", ""football-data/validation/promotion_consensus_registry_v5530.py""]",[],[],False,False,False,False,False,False,RESEARCH,HIGH_PUSH_WRITE,ARCHIVE,research.yml,phase1-plan-confirmed-by-static-parse
.github/workflows/football-prospective-market-consensus-strict-v5519.yml,football-prospective-market-consensus-strict-v5519,"[""push"", ""workflow_dispatch""]","[""push.paths=football-data/validation/prospective_market_consensus_strict_v5519.py"", ""push.paths=football-data/tests/test_prospective_market_consensus_strict_v5519.py"", ""push.paths=.github/workflows/football-prospective-market-consensus-strict-v5519.yml""]",[],"{""contents"": ""write""}","{""acceptance"": {""_mode"": ""DEFAULT_INHERITED""}}",True,False,False,False,False,False,False,False,"[""football-data/tests/test_prospective_market_consensus_strict_v5519.py"", ""football-data/validation/persist_generated_worktree_v474.py"", ""football-data/validation/prospective_market_consensus_strict_v5519.py""]",[],[],True,False,False,False,False,False,SCHEDULED/DATA_OR_CONTEXT,HIGH_PUSH_WRITE,CONSOLIDATE,scheduled-data.yml/forward.yml,phase1-plan-confirmed-by-static-parse
.github/workflows/football-prospective-market-consensus-v554.yml,football-prospective-market-consensus-v554,"[""push"", ""workflow_dispatch""]","[""push.paths=football-data/evidence/market_consensus_prospective/**"", ""push.paths=football-data/validation/question_time_market_snapshot_writer_v553.py"", ""push.paths=football-data/validation/prospective_market_consensus_v554.py"", ""push.paths=football-data/validation/prospective_market_consensus_audit_v554.py"", ""push.paths=football-data/validation/prospective_market_consensus_shadow_v555.py"", ""push.paths=football-data/validation/prospective_market_matrix_outcome_v548.py"", ""push.paths=football-data/validation/prospective_market_selective_outcome_v552.py"", ""push.paths=football-data/tests/test_question_time_market_snapshot_writer_v553.py"", ""push.paths=football-data/tests/test_prospective_market_consensus_v554.py"", ""push.paths=football-data/tests/test_prospective_market_consensus_shadow_v555.py"", ""push.paths=football-data/tests/test_prospective_market_consensus_outcomes_v555.py"", ""push.paths=.github/workflows/football-prospective-market-consensus-v554.yml""]",[],"{""contents"": ""write""}","{""audit"": {""_mode"": ""DEFAULT_INHERITED""}}",True,False,True,True,True,False,False,False,"[""football-data/tests/test_prospective_market_consensus_outcomes_v555.py"", ""football-data/tests/test_prospective_market_consensus_shadow_v555.py"", ""football-data/tests/test_prospective_market_consensus_v554.py"", ""football-data/tests/test_question_time_market_snapshot_writer_v553.py"", ""football-data/validation/prospective_market_consensus_audit_v554.py"", ""football-data/validation/prospective_market_consensus_shadow_v555.py"", ""football-data/validation/prospective_market_consensus_v554.py"", ""football-data/validation/prospective_market_matrix_outcome_v548.py"", ""football-data/validation/prospective_market_selective_outcome_v552.py"", ""football-data/validation/question_time_market_snapshot_writer_v553.py""]",[],[],True,True,False,False,False,False,SCHEDULED/DATA_OR_CONTEXT,CRITICAL_PUSH_WRITE_PERSIST,CONSOLIDATE,scheduled-data.yml/forward.yml,phase1-plan-confirmed-by-static-parse
.github/workflows/football-prospective-market-matrix-validation-v548.yml,football-prospective-market-matrix-validation-v548,"[""push"", ""workflow_dispatch""]","[""push.paths=football-data/config/prospective_market_matrix_validation_v548.json"", ""push.paths=football-data/config/market_matrix_projection_final_registry_v531.json"", ""push.paths=football-data/evidence/market_consensus_prospective/**"", ""push.paths=football-data/manifests/prospective_market_consensus_v554_status.json"", ""push.paths=football-data/evidence/market_matrix_prospective_outcomes/**"", ""push.paths=football-data/validation/prospective_market_consensus_v554.py"", ""push.paths=football-data/validation/prospective_market_consensus_shadow_v555.py"", ""push.paths=football-data/validation/prospective_market_matrix_outcome_v548.py"", ""push.paths=football-data/validation/prospective_market_matrix_aggregate_v548.py"", ""push.paths=.github/workflows/football-prospective-market-matrix-validation-v548.yml""]",[],"{""contents"": ""write""}","{""audit"": {""_mode"": ""DEFAULT_INHERITED""}}",True,False,True,True,True,False,False,False,"[""football-data/validation/prospective_market_consensus_shadow_v555.py"", ""football-data/validation/prospective_market_consensus_v554.py"", ""football-data/validation/prospective_market_matrix_aggregate_v548.py"", ""football-data/validation/prospective_market_matrix_outcome_v548.py""]",[],[],True,True,False,False,False,False,SCHEDULED/DATA_OR_CONTEXT,CRITICAL_PUSH_WRITE_PERSIST,CONSOLIDATE,scheduled-data.yml/forward.yml,phase1-plan-confirmed-by-static-parse
.github/workflows/football-prospective-market-selective-validation-v552.yml,football-prospective-market-selective-validation-v552,"[""push"", ""workflow_dispatch""]","[""push.paths=football-data/config/prospective_market_selective_challenger_v526.json"", ""push.paths=football-data/evidence/market_consensus_prospective/**"", ""push.paths=football-data/manifests/prospective_market_consensus_v554_status.json"", ""push.paths=football-data/evidence/market_selective_prospective_outcomes/**"", ""push.paths=football-data/validation/prospective_market_consensus_v554.py"", ""push.paths=football-data/validation/prospective_market_consensus_shadow_v555.py"", ""push.paths=football-data/validation/prospective_market_selective_outcome_v552.py"", ""push.paths=football-data/validation/prospective_market_selective_aggregate_v552.py"", ""push.paths=.github/workflows/football-prospective-market-selective-validation-v552.yml""]",[],"{""contents"": ""write""}","{""audit"": {""_mode"": ""DEFAULT_INHERITED""}}",True,False,True,True,True,False,False,False,"[""football-data/validation/prospective_market_consensus_shadow_v555.py"", ""football-data/validation/prospective_market_consensus_v554.py"", ""football-data/validation/prospective_market_selective_aggregate_v552.py"", ""football-data/validation/prospective_market_selective_outcome_v552.py""]",[],[],True,True,False,False,False,False,SCHEDULED/DATA_OR_CONTEXT,CRITICAL_PUSH_WRITE_PERSIST,CONSOLIDATE,scheduled-data.yml/forward.yml,phase1-plan-confirmed-by-static-parse
.github/workflows/football-prospective-market-snapshot-v523.yml,football-prospective-market-snapshot-v523,"[""push"", ""workflow_dispatch""]","[""push.paths=football-data/config/prospective_market_snapshot_contract_v523.json"", ""push.paths=football-data/config/prospective_market_selective_challenger_v526.json"", ""push.paths=football-data/config/market_matrix_projection_final_registry_v531.json"", ""push.paths=football-data/config/market_matrix_projection_por_v543.json"", ""push.paths=football-data/evidence/markets_prospective/**"", ""push.paths=football-data/validation/prospective_market_snapshot_v523.py"", ""push.paths=football-data/validation/prospective_market_snapshot_audit_v523.py"", ""push.paths=football-data/validation/question_time_market_snapshot_writer_v553.py"", ""push.paths=football-data/validation/prospective_market_selective_shadow_v526.py"", ""push.paths=football-data/validation/prospective_market_matrix_shadow_v531.py"", ""push.paths=football-data/validation/prospective_market_matrix_por_v543.py"", ""push.paths=football-data/tests/test_prospective_market_snapshot_v523.py"", ""push.paths=football-data/tests/test_question_time_market_snapshot_writer_v553.py"", ""push.paths=football-data/tests/test_prospective_market_selective_shadow_v526.py"", ""push.paths=football-data/tests/test_prospective_market_matrix_shadow_v531.py"", ""push.paths=football-data/tests/test_prospective_market_matrix_por_v543.py"", ""push.paths=.github/workflows/football-prospective-market-snapshot-v523.yml""]",[],"{""contents"": ""write""}","{""validate"": {""_mode"": ""DEFAULT_INHERITED""}}",True,False,True,True,True,False,False,False,"[""football-data/tests/test_prospective_market_matrix_por_v543.py"", ""football-data/tests/test_prospective_market_matrix_shadow_v531.py"", ""football-data/tests/test_prospective_market_selective_shadow_v526.py"", ""football-data/tests/test_prospective_market_snapshot_v523.py"", ""football-data/tests/test_question_time_market_snapshot_writer_v553.py"", ""football-data/validation/prospective_market_matrix_por_v543.py"", ""football-data/validation/prospective_market_matrix_shadow_v531.py"", ""football-data/validation/prospective_market_selective_shadow_v526.py"", ""football-data/validation/prospective_market_snapshot_audit_v523.py"", ""football-data/validation/prospective_market_snapshot_v523.py"", ""football-data/validation/question_time_market_snapshot_writer_v553.py""]",[],[],True,True,False,False,False,False,SCHEDULED/DATA_OR_CONTEXT,CRITICAL_PUSH_WRITE_PERSIST,CONSOLIDATE,scheduled-data.yml/forward.yml,phase1-plan-confirmed-by-static-parse
.github/workflows/football-public-lineup-backfill.yml,Football Public Lineup Backfill,"[""push"", ""workflow_dispatch""]","[""push.paths=.github/workflows/football-public-lineup-backfill.yml"", ""push.paths=football-data/ingestion/public_lineup_backfill_v463.py"", ""push.paths=football-data/validation/persist_generated_worktree_v474.py"", ""push.paths=football-data/config/multisource_evidence_v463.json"", ""push.branches=main""]",[],"{""contents"": ""read""}","{""backfill-lineups"": {""contents"": ""write""}}",True,False,False,False,False,False,False,False,"[""football-data/ingestion/public_lineup_backfill_v463.py"", ""football-data/validation/multisource_evidence_validator_v463.py"", ""football-data/validation/persist_generated_worktree_v474.py"", ""football-data/validation/repository_integrity_runtime_v473.py""]",[],[],True,True,True,False,False,False,DATA/BACKFILL,HIGH_PUSH_WRITE,CONSOLIDATE,scheduled-data.yml,phase2a-static-review
.github/workflows/football-recent-xg-forward-v513.yml,football-recent-xg-forward-v513,"[""push"", ""workflow_dispatch""]","[""push.paths=football-data/config/recent_xg_forward_shadow_v513.json"", ""push.paths=football-data/evidence/xg/understat_2025_26_linked/**"", ""push.paths=football-data/validation/recent_xg_forward_shadow_v513.py"", ""push.paths=football-data/validation/recent_xg_forward_fast_v513.py"", ""push.paths=football-data/validation/recent_xg_forward_domain_v513.py"", ""push.paths=football-data/validation/recent_xg_forward_aggregate_v513.py"", ""push.paths=.github/workflows/football-recent-xg-forward-v513.yml""]",[],"{""contents"": ""write""}","{""aggregate"": {""_mode"": ""DEFAULT_INHERITED""}, ""domain"": {""_mode"": ""DEFAULT_INHERITED""}}",True,False,True,True,True,False,False,False,"[""football-data/validation/recent_xg_forward_aggregate_v513.py"", ""football-data/validation/recent_xg_forward_domain_v513.py"", ""football-data/validation/recent_xg_forward_fast_v513.py"", ""football-data/validation/recent_xg_forward_shadow_v513.py""]",[],[],True,True,True,False,False,False,RESEARCH,CRITICAL_PUSH_WRITE_PERSIST,ARCHIVE,research.yml,phase1-plan-confirmed-by-static-parse
.github/workflows/football-recent-xg-identity-v512.yml,football-recent-xg-identity-v512,"[""push"", ""workflow_dispatch""]","[""push.paths=football-data/evidence/xg/understat_2025_26/**"", ""push.paths=football-data/validation/recent_xg_identity_bridge_v512.py"", ""push.paths=.github/workflows/football-recent-xg-identity-v512.yml""]",[],"{""contents"": ""write""}","{""bridge"": {""_mode"": ""DEFAULT_INHERITED""}}",True,False,True,True,True,False,False,False,"[""football-data/validation/recent_xg_identity_bridge_v512.py""]",[],[],True,True,True,False,False,False,RESEARCH,CRITICAL_PUSH_WRITE_PERSIST,ARCHIVE,research.yml,phase1-plan-confirmed-by-static-parse
.github/workflows/football-repository-integrity-v471.yml,Football V4.7.1 Repository Integrity,"[""pull_request"", ""push"", ""schedule"", ""workflow_dispatch""]","[""push.paths=.github/workflows/**"", ""push.paths=.github/actions/**"", ""push.paths=football-data/engine/**"", ""push.paths=football-data/validation/**"", ""push.paths=football-data/config/**"", ""push.paths=football-data/raw/**"", ""push.paths=football-data/processed/**"", ""push.paths=football-data/league_profiles/**"", ""push.paths=football-data/manifests/runtime_bootstrap.json"", ""push.paths=football-data/manifests/formal_core_v460_status.json"", ""push.paths=football-data/manifests/repository_reconciliation_v472_status.json"", ""push.paths=football-data/manifests/runtime_authority_governance_v462_status.json"", ""push.branches=main"", ""pull_request.paths=.github/workflows/**"", ""pull_request.paths=.github/actions/**"", ""pull_request.paths=football-data/engine/**"", ""pull_request.paths=football-data/validation/**"", ""pull_request.paths=football-data/config/**"", ""pull_request.paths=football-data/raw/**"", ""pull_request.paths=football-data/processed/**"", ""pull_request.paths=football-data/league_profiles/**"", ""pull_request.paths=football-data/manifests/runtime_bootstrap.json"", ""pull_request.paths=football-data/manifests/formal_core_v460_status.json"", ""pull_request.paths=football-data/manifests/repository_reconciliation_v472_status.json"", ""pull_request.paths=football-data/manifests/runtime_authority_governance_v462_status.json"", ""pull_request.branches=main""]","[""23 4 * * 1""]","{""contents"": ""read""}","{""repository-integrity"": {""contents"": ""write""}}",True,False,True,False,False,False,True,False,"[""football-data/validation/persist_files_v474.py"", ""football-data/validation/repository_asset_topology_v472.py"", ""football-data/validation/repository_integrity_runtime_v473.py"", ""football-data/validation/repository_integrity_v471.py"", ""football-data/validation/workflow_stability_audit_v474.py""]",[],[],True,True,True,False,False,False,FORMAL/GOVERNANCE,CRITICAL_PUSH_WRITE_PERSIST,KEEP,ci.yml/maintenance.yml,phase1-plan-confirmed-by-static-parse
.github/workflows/football-retrospective-ah-ou-ceiling-v528.yml,football-retrospective-ah-ou-ceiling-v528,"[""push"", ""workflow_dispatch""]","[""push.paths=football-data/validation/retrospective_ah_ou_ceiling_v528.py"", ""push.paths=.github/workflows/football-retrospective-ah-ou-ceiling-v528.yml""]",[],"{""contents"": ""write""}","{""validate"": {""_mode"": ""DEFAULT_INHERITED""}}",True,False,True,True,True,False,False,False,"[""football-data/validation/retrospective_ah_ou_ceiling_v528.py""]",[],[],True,True,True,False,False,False,ONE_OFF/RESEARCH,CRITICAL_PUSH_WRITE_PERSIST,ARCHIVE,research.yml,phase1-plan-confirmed-by-static-parse
.github/workflows/football-retrospective-ah-ou-por-sco-parallel-v544.yml,football-retrospective-ah-ou-por-sco-parallel-v544,"[""push"", ""workflow_dispatch""]","[""push.paths=football-data/validation/retrospective_ah_ou_domain_v544.py"", ""push.paths=football-data/validation/retrospective_ah_ou_aggregate_v544.py"", ""push.paths=.github/workflows/football-retrospective-ah-ou-por-sco-parallel-v544.yml""]",[],"{""contents"": ""write""}","{""aggregate"": {""_mode"": ""DEFAULT_INHERITED""}, ""domain"": {""_mode"": ""DEFAULT_INHERITED""}}",True,False,True,True,True,False,False,False,"[""football-data/validation/retrospective_ah_ou_aggregate_v544.py"", ""football-data/validation/retrospective_ah_ou_domain_v544.py""]",[],[],True,True,True,False,False,False,RESEARCH,CRITICAL_PUSH_WRITE_PERSIST,ARCHIVE,research.yml,phase1-plan-confirmed-by-static-parse
.github/workflows/football-retrospective-ah-ou-por-sco-v537.yml,football-retrospective-ah-ou-por-sco-v537,"[""push"", ""workflow_dispatch""]","[""push.paths=football-data/validation/retrospective_ah_ou_por_sco_v537.py"", ""push.paths=.github/workflows/football-retrospective-ah-ou-por-sco-v537.yml""]",[],"{""contents"": ""write""}","{""audit"": {""_mode"": ""DEFAULT_INHERITED""}}",True,False,True,True,True,False,False,False,"[""football-data/validation/retrospective_ah_ou_ceiling_v528.py"", ""football-data/validation/retrospective_ah_ou_por_sco_v537.py""]",[],[],True,True,True,False,False,False,RESEARCH,CRITICAL_PUSH_WRITE_PERSIST,ARCHIVE,research.yml,phase1-plan-confirmed-by-static-parse
.github/workflows/football-retrospective-market-all17-v524.yml,football-retrospective-market-all17-v524,"[""push"", ""workflow_dispatch""]","[""push.paths=football-data/validation/retrospective_market_all17_ceiling_v524.py"", ""push.paths=.github/workflows/football-retrospective-market-all17-v524.yml""]",[],"{""contents"": ""write""}","{""validate"": {""_mode"": ""DEFAULT_INHERITED""}}",True,False,True,True,True,False,False,False,"[""football-data/validation/retrospective_market_all17_ceiling_v524.py""]",[],[],True,True,True,False,False,False,RESEARCH,CRITICAL_PUSH_WRITE_PERSIST,ARCHIVE,research.yml,phase1-plan-confirmed-by-static-parse
.github/workflows/football-retrospective-market-ceiling-v522.yml,football-retrospective-market-ceiling-v522,"[""push"", ""workflow_dispatch""]","[""push.paths=football-data/validation/retrospective_market_outcome_ceiling_v522.py"", ""push.paths=.github/workflows/football-retrospective-market-ceiling-v522.yml""]",[],"{""contents"": ""write""}","{""validate"": {""_mode"": ""DEFAULT_INHERITED""}}",True,False,True,True,True,False,False,False,"[""football-data/validation/retrospective_market_outcome_ceiling_v522.py""]",[],[],True,True,True,False,False,False,ONE_OFF/RESEARCH,CRITICAL_PUSH_WRITE_PERSIST,ARCHIVE,research.yml,phase1-plan-confirmed-by-static-parse
.github/workflows/football-retrospective-market-matrix-opening-v549.yml,football-retrospective-market-matrix-opening-v549,"[""push"", ""workflow_dispatch""]","[""push.paths=football-data/validation/retrospective_market_matrix_opening_v549.py"", ""push.paths=.github/workflows/football-retrospective-market-matrix-opening-v549.yml""]",[],"{""contents"": ""write""}","{""audit"": {""_mode"": ""DEFAULT_INHERITED""}}",True,False,True,True,True,False,False,False,"[""football-data/validation/retrospective_market_matrix_opening_v549.py"", ""football-data/validation/retrospective_market_matrix_projection_v530.py""]",[],[],True,True,True,False,False,False,RESEARCH,CRITICAL_PUSH_WRITE_PERSIST,ARCHIVE,research.yml,phase1-plan-confirmed-by-static-parse
.github/workflows/football-retrospective-market-matrix-partial5-v547.yml,football-retrospective-market-matrix-partial5-v547,"[""push"", ""workflow_dispatch""]","[""push.paths=football-data/validation/retrospective_market_matrix_partial5_v547.py"", ""push.paths=.github/workflows/football-retrospective-market-matrix-partial5-v547.yml""]",[],"{""contents"": ""write""}","{""audit"": {""_mode"": ""DEFAULT_INHERITED""}}",True,False,True,True,True,False,False,False,"[""football-data/validation/retrospective_market_all17_ceiling_v524.py"", ""football-data/validation/retrospective_market_matrix_partial5_v547.py"", ""football-data/validation/retrospective_market_matrix_projection_v530.py""]",[],[],True,True,True,False,False,False,RESEARCH,CRITICAL_PUSH_WRITE_PERSIST,ARCHIVE,research.yml,phase1-plan-confirmed-by-static-parse
.github/workflows/football-retrospective-market-matrix-por-joint-v545.yml,football-retrospective-market-matrix-por-joint-v545,"[""push"", ""workflow_dispatch""]","[""push.paths=football-data/validation/retrospective_market_matrix_por_joint_v545.py"", ""push.paths=.github/workflows/football-retrospective-market-matrix-por-joint-v545.yml""]",[],"{""contents"": ""write""}","{""audit"": {""_mode"": ""DEFAULT_INHERITED""}}",True,False,True,True,True,False,False,False,"[""football-data/validation/retrospective_market_matrix_por_joint_v545.py"", ""football-data/validation/retrospective_market_matrix_projection_v530.py""]",[],[],True,True,True,False,False,False,RESEARCH,CRITICAL_PUSH_WRITE_PERSIST,ARCHIVE,research.yml,phase1-plan-confirmed-by-static-parse
.github/workflows/football-retrospective-market-matrix-por-sco-v540.yml,football-retrospective-market-matrix-por-sco-v540,"[""push"", ""workflow_dispatch""]","[""push.paths=football-data/validation/retrospective_market_matrix_por_sco_v540.py"", ""push.paths=.github/workflows/football-retrospective-market-matrix-por-sco-v540.yml""]",[],"{""contents"": ""write""}","{""audit"": {""_mode"": ""DEFAULT_INHERITED""}}",True,False,True,True,True,False,False,False,"[""football-data/validation/retrospective_market_matrix_por_sco_v540.py"", ""football-data/validation/retrospective_market_matrix_projection_v530.py""]",[],[],True,True,True,False,False,False,RESEARCH,CRITICAL_PUSH_WRITE_PERSIST,ARCHIVE,research.yml,phase1-plan-confirmed-by-static-parse
.github/workflows/football-retrospective-market-matrix-v530.yml,football-retrospective-market-matrix-v530,"[""push"", ""workflow_dispatch""]","[""push.paths=football-data/config/market_surface_coordination_registry_v529.json"", ""push.paths=football-data/validation/retrospective_market_matrix_projection_v530.py"", ""push.paths=.github/workflows/football-retrospective-market-matrix-v530.yml""]",[],"{""contents"": ""write""}","{""validate"": {""_mode"": ""DEFAULT_INHERITED""}}",True,False,True,True,True,False,False,False,"[""football-data/validation/retrospective_market_matrix_projection_v530.py""]",[],[],True,True,True,False,False,False,RESEARCH,CRITICAL_PUSH_WRITE_PERSIST,ARCHIVE,research.yml,phase1-plan-confirmed-by-static-parse
.github/workflows/football-retrospective-market-v476.yml,Football V4.7.6 Retrospective Market Reference,"[""push"", ""workflow_dispatch""]","[""push.paths=football-data/config/two_season_evidence_scope_v476.json"", ""push.paths=football-data/validation/retrospective_market_reference_v476.py"", ""push.paths=football-data/validation/persist_generated_worktree_v474.py"", ""push.paths=football-data/processed/**"", ""push.paths=.github/workflows/football-retrospective-market-v476.yml"", ""push.branches=main""]",[],"{""contents"": ""read""}","{""extract-retrospective-market"": {""contents"": ""write""}}",True,False,False,False,False,False,False,False,"[""football-data/validation/persist_generated_worktree_v474.py"", ""football-data/validation/repository_integrity_runtime_v473.py"", ""football-data/validation/retrospective_market_reference_v476.py""]",[],[],True,True,True,False,False,False,RESEARCH,HIGH_PUSH_WRITE,ARCHIVE,research.yml,phase1-plan-confirmed-by-static-parse
.github/workflows/football-runtime-maintenance-v473.yml,Football V4.7.3 Runtime Maintenance,"[""push"", ""schedule"", ""workflow_dispatch""]","[""push.paths=.github/workflows/football-runtime-maintenance-v473.yml"", ""push.paths=football-data/validation/runtime_maintenance_v473.py"", ""push.paths=football-data/validation/repository_integrity_v471.py"", ""push.paths=football-data/validation/repository_integrity_runtime_v473.py"", ""push.paths=football-data/validation/repository_asset_topology_v472.py"", ""push.paths=football-data/validation/persist_files_v474.py"", ""push.paths=football-data/config/platform_registry.json"", ""push.paths=football-data/engine/ingest_batch_001_safe_adapter.py"", ""push.paths=football-data/tests/test_ingest_batch_001_safe_merge.py"", ""push.paths=football-data/league_profiles/**"", ""push.paths=football-data/processed/**"", ""push.branches=main""]","[""11 5 * * 1,4""]","{""contents"": ""read""}","{""maintain"": {""contents"": ""write""}}",True,False,True,False,False,False,True,False,"[""football-data/validation/persist_files_v474.py"", ""football-data/validation/repository_asset_topology_v472.py"", ""football-data/validation/repository_integrity_runtime_v473.py"", ""football-data/validation/repository_integrity_v471.py"", ""football-data/validation/runtime_maintenance_v473.py""]",[],[],True,True,True,False,False,False,FORMAL/GOVERNANCE,CRITICAL_PUSH_WRITE_PERSIST,CONSOLIDATE,ci.yml/maintenance.yml,phase1-plan-confirmed-by-static-parse
.github/workflows/football-shot-event-readiness-v506.yml,football-shot-event-readiness-v506,"[""push"", ""workflow_dispatch""]","[""push.paths=football-data/processed/**"", ""push.paths=football-data/config/platform_registry.json"", ""push.paths=football-data/validation/shot_event_data_readiness_v506.py"", ""push.paths=.github/workflows/football-shot-event-readiness-v506.yml""]",[],"{""contents"": ""write""}","{""audit"": {""_mode"": ""DEFAULT_INHERITED""}}",True,False,True,True,True,False,False,False,"[""football-data/validation/shot_event_data_readiness_v506.py""]",[],[],True,True,True,False,False,False,RESEARCH,CRITICAL_PUSH_WRITE_PERSIST,ARCHIVE,research.yml,phase1-plan-confirmed-by-static-parse
.github/workflows/football-shot-quality-proxy-signal-v507.yml,football-shot-quality-proxy-signal-v507,"[""push"", ""workflow_dispatch""]","[""push.paths=football-data/config/shot_quality_proxy_challenger_v507.json"", ""push.paths=football-data/manifests/shot_event_data_readiness_v506_status.json"", ""push.paths=football-data/validation/shot_quality_proxy_signal_oof_v507.py"", ""push.paths=.github/workflows/football-shot-quality-proxy-signal-v507.yml""]",[],"{""contents"": ""write""}","{""discover"": {""_mode"": ""DEFAULT_INHERITED""}}",True,False,True,True,True,False,False,False,"[""football-data/validation/shot_quality_proxy_signal_oof_v507.py""]",[],[],True,True,True,False,False,False,RESEARCH,CRITICAL_PUSH_WRITE_PERSIST,ARCHIVE,research.yml,phase1-plan-confirmed-by-static-parse
.github/workflows/football-snapshot-manifest-v472.yml,Football V4.7.2 Repository Snapshot Manifest,"[""push"", ""workflow_dispatch""]","[""push.paths=.github/workflows/football-snapshot-manifest-v472.yml"", ""push.paths=football-data/validation/repository_snapshot_manifest_v472.py"", ""push.paths=football-data/validation/persist_files_v474.py"", ""push.branches=main""]",[],"{""contents"": ""read""}","{""build-snapshot-manifest"": {""contents"": ""write""}}",True,False,True,False,False,False,True,False,"[""football-data/validation/persist_files_v474.py"", ""football-data/validation/repository_integrity_runtime_v473.py"", ""football-data/validation/repository_snapshot_manifest_v472.py""]",[],[],True,True,True,False,False,False,SCHEDULED/DATA_OR_CONTEXT,CRITICAL_PUSH_WRITE_PERSIST,CONSOLIDATE,scheduled-data.yml/forward.yml,phase1-plan-confirmed-by-static-parse
.github/workflows/football-statsbomb-open-event-readiness-v509.yml,football-statsbomb-open-event-readiness-v509,"[""push"", ""workflow_dispatch""]","[""push.paths=football-data/validation/statsbomb_open_event_readiness_v509.py"", ""push.paths=.github/workflows/football-statsbomb-open-event-readiness-v509.yml""]",[],"{""contents"": ""write""}","{""audit"": {""_mode"": ""DEFAULT_INHERITED""}}",True,False,True,True,True,False,False,False,"[""football-data/validation/statsbomb_open_event_readiness_v509.py""]",[],[],True,True,True,False,False,False,RESEARCH,CRITICAL_PUSH_WRITE_PERSIST,ARCHIVE,research.yml,phase1-plan-confirmed-by-static-parse
.github/workflows/football-synchronized-dual-provider-pit-v5521.yml,football-synchronized-dual-provider-pit-v5521,"[""push"", ""schedule"", ""workflow_dispatch""]","[""push.paths=football-data/config/current_season_team_identity_v5524.json"", ""push.paths=football-data/validation/kambi_four_league_discovery_v5523.py"", ""push.paths=football-data/validation/kambi_priority_target_capture_v5512.py"", ""push.paths=football-data/validation/marathonbet_four_league_capture_v5522.py"", ""push.paths=football-data/validation/prospective_market_consensus_strict_v5519.py"", ""push.paths=football-data/validation/synchronized_dual_provider_consensus_v5521.py"", ""push.paths=.github/workflows/football-synchronized-dual-provider-pit-v5521.yml""]","[""17 6 * * *""]","{""contents"": ""write""}","{""synchronized-capture"": {""_mode"": ""DEFAULT_INHERITED""}}",True,False,False,False,False,False,False,False,"[""football-data/validation/kambi_four_league_discovery_v5523.py"", ""football-data/validation/kambi_priority_target_capture_v5512.py"", ""football-data/validation/kambi_v523_adapter_v5511.py"", ""football-data/validation/marathonbet_four_league_capture_v5522.py"", ""football-data/validation/persist_generated_worktree_v474.py"", ""football-data/validation/prospective_market_consensus_strict_v5519.py"", ""football-data/validation/synchronized_dual_provider_consensus_v5521.py""]",[],[],True,False,False,False,False,False,SCHEDULED/DATA_OR_CONTEXT,HIGH_PUSH_WRITE,CONSOLIDATE,scheduled-data.yml/forward.yml,phase1-plan-confirmed-by-static-parse
.github/workflows/football-synchronized-four-league-pit-v5526-smoke.yml,football-synchronized-four-league-pit-v5526-smoke,"[""push"", ""workflow_dispatch""]","[""push.paths=.github/workflows/football-synchronized-four-league-pit-v5526-smoke.yml""]",[],"{""contents"": ""write""}","{""smoke"": {""_mode"": ""DEFAULT_INHERITED""}}",True,False,False,False,False,False,False,False,"[""football-data/validation/kambi_four_league_capture_v5525.py"", ""football-data/validation/kambi_v523_adapter_v5511.py"", ""football-data/validation/marathonbet_four_league_capture_v5522.py"", ""football-data/validation/persist_generated_worktree_v474.py"", ""football-data/validation/prospective_market_consensus_strict_v5519.py"", ""football-data/validation/synchronized_four_league_consensus_v5526.py""]",[],[],True,False,True,False,False,False,ONE_OFF/RESEARCH,HIGH_PUSH_WRITE,ARCHIVE,research.yml,phase1-plan-confirmed-by-static-parse
.github/workflows/football-synchronized-four-league-pit-v5526.yml,football-synchronized-four-league-pit-v5526,"[""push"", ""schedule"", ""workflow_dispatch""]","[""push.paths=football-data/config/current_season_team_identity_v5524.json"", ""push.paths=football-data/validation/kambi_four_league_discovery_v5523.py"", ""push.paths=football-data/validation/kambi_v523_adapter_v5511.py"", ""push.paths=football-data/validation/kambi_four_league_capture_v5525.py"", ""push.paths=football-data/validation/marathonbet_four_league_capture_v5522.py"", ""push.paths=football-data/validation/prospective_market_consensus_strict_v5519.py"", ""push.paths=football-data/validation/synchronized_four_league_consensus_v5526.py"", ""push.paths=.github/workflows/football-synchronized-four-league-pit-v5526.yml""]","[""17 6 * * *""]","{""contents"": ""write""}","{""synchronized-four-league"": {""_mode"": ""DEFAULT_INHERITED""}}",True,False,False,False,False,False,False,False,"[""football-data/validation/kambi_four_league_capture_v5525.py"", ""football-data/validation/kambi_four_league_discovery_v5523.py"", ""football-data/validation/kambi_v523_adapter_v5511.py"", ""football-data/validation/marathonbet_four_league_capture_v5522.py"", ""football-data/validation/persist_generated_worktree_v474.py"", ""football-data/validation/prospective_market_consensus_strict_v5519.py"", ""football-data/validation/synchronized_four_league_consensus_v5526.py""]",[],[],True,False,True,False,False,False,SCHEDULED/DATA_OR_CONTEXT,HIGH_PUSH_WRITE,CONSOLIDATE,scheduled-data.yml/forward.yml,phase1-plan-confirmed-by-static-parse
.github/workflows/football-transfermarkt-lineup-pilot-v502.yml,football-transfermarkt-lineup-pilot-v502,"[""push"", ""workflow_dispatch""]","[""push.paths=football-data/config/transfermarkt_lineup_map_v502.json"", ""push.paths=football-data/config/player_xi_source_contract_v502.json"", ""push.paths=football-data/engine/ingest_transfermarkt_lineups_v502.py"", ""push.paths=football-data/validation/probable_lineup_route_v502.py"", ""push.paths=football-data/validation/player_xi_data_readiness_v502.py"", ""push.paths=football-data/validation/lineup_match_identity_audit_v502.py"", ""push.paths=football-data/validation/run_player_xi_pilot_v502.py"", ""push.paths=football-data/tests/test_player_xi_v502.py"", ""push.paths=.github/workflows/football-transfermarkt-lineup-pilot-v502.yml""]",[],"{""contents"": ""write""}","{""ingest-and-audit"": {""_mode"": ""DEFAULT_INHERITED""}}",True,False,True,True,True,False,False,False,"[""football-data/validation/run_player_xi_pilot_v502.py""]",[],[],True,True,True,False,False,False,ONE_OFF/RESEARCH,CRITICAL_PUSH_WRITE_PERSIST,ARCHIVE,research.yml,phase2a-static-review
.github/workflows/football-transfermarkt-lineup-value-readiness-v521.yml,football-transfermarkt-lineup-value-readiness-v521,"[""push"", ""workflow_dispatch""]","[""push.paths=football-data/validation/transfermarkt_lineup_value_readiness_v521.py"", ""push.paths=football-data/validation/transfermarkt_lineup_value_runner_v521.py"", ""push.paths=.github/workflows/football-transfermarkt-lineup-value-readiness-v521.yml""]",[],"{""contents"": ""write""}","{""readiness"": {""_mode"": ""DEFAULT_INHERITED""}}",True,False,True,True,True,False,False,False,"[""football-data/validation/transfermarkt_lineup_value_readiness_v521.py"", ""football-data/validation/transfermarkt_lineup_value_runner_v521.py""]",[],[],True,True,True,False,False,False,RESEARCH,CRITICAL_PUSH_WRITE_PERSIST,ARCHIVE,research.yml,phase1-plan-confirmed-by-static-parse
.github/workflows/football-transfermarkt-value-readiness-v520.yml,football-transfermarkt-value-readiness-v520,"[""push"", ""workflow_dispatch""]","[""push.paths=football-data/validation/transfermarkt_value_readiness_v520.py"", ""push.paths=.github/workflows/football-transfermarkt-value-readiness-v520.yml""]",[],"{""contents"": ""write""}","{""readiness"": {""_mode"": ""DEFAULT_INHERITED""}}",True,False,True,True,True,False,False,False,"[""football-data/validation/transfermarkt_value_readiness_v520.py""]",[],[],True,True,True,False,False,False,RESEARCH,CRITICAL_PUSH_WRITE_PERSIST,ARCHIVE,research.yml,phase1-plan-confirmed-by-static-parse
.github/workflows/football-two-season-evidence-v476.yml,Football V4.7.6 Two-Season Evidence Coverage,"[""push"", ""workflow_dispatch""]","[""push.paths=football-data/config/two_season_evidence_scope_v476.json"", ""push.paths=football-data/validation/two_season_evidence_backfill_v476.py"", ""push.paths=football-data/validation/two_season_backfill_plan_v476.py"", ""push.paths=football-data/validation/persist_files_v474.py"", ""push.paths=football-data/evidence/lineups/**"", ""push.paths=football-data/evidence/injuries/**"", ""push.paths=football-data/evidence/markets/**"", ""push.paths=football-data/processed/**"", ""push.paths=.github/workflows/football-two-season-evidence-v476.yml"", ""push.branches=main""]",[],"{""contents"": ""read""}","{""audit-two-season-coverage"": {""contents"": ""write""}}",True,False,True,False,False,False,True,False,"[""football-data/validation/persist_files_v474.py"", ""football-data/validation/repository_integrity_runtime_v473.py"", ""football-data/validation/two_season_backfill_plan_v476.py"", ""football-data/validation/two_season_evidence_backfill_v476.py""]",[],[],True,True,True,False,False,False,SCHEDULED/DATA_OR_CONTEXT,CRITICAL_PUSH_WRITE_PERSIST,CONSOLIDATE,scheduled-data.yml/forward.yml,phase1-plan-confirmed-by-static-parse
.github/workflows/football-understat-recent-xg-v511.yml,football-understat-recent-xg-v511,"[""push"", ""workflow_dispatch""]","[""push.paths=football-data/config/recent_xg_shadow_v511.json"", ""push.paths=football-data/validation/understat_recent_xg_ingest_v511.py"", ""push.paths=.github/workflows/football-understat-recent-xg-v511.yml""]",[],"{""contents"": ""write""}","{""ingest"": {""_mode"": ""DEFAULT_INHERITED""}}",True,False,True,True,True,False,False,False,"[""football-data/validation/understat_recent_xg_ingest_v511.py""]",[],[],True,True,True,False,False,False,RESEARCH,CRITICAL_PUSH_WRITE_PERSIST,ARCHIVE,research.yml,phase1-plan-confirmed-by-static-parse
.github/workflows/football-v464-total-margin-diagnostics.yml,Football V4.6.4 Total and Margin Diagnostics,"[""push"", ""workflow_dispatch""]","[""push.paths=football-data/validation/total_goals_and_margin_diagnostics_v464.py"", ""push.paths=football-data/validation/persist_files_v474.py"", ""push.paths=.github/workflows/football-v464-total-margin-diagnostics.yml"", ""push.branches=main""]",[],"{""contents"": ""read""}","{""diagnose"": {""contents"": ""write""}}",True,False,True,False,False,False,True,False,"[""football-data/validation/persist_files_v474.py"", ""football-data/validation/total_goals_and_margin_diagnostics_v464.py""]",[],[],True,True,True,False,False,False,ONE_OFF/RESEARCH,CRITICAL_PUSH_WRITE_PERSIST,ARCHIVE,research.yml,phase1-plan-confirmed-by-static-parse
.github/workflows/football-v470-activate-mls-d-runtime.yml,Football V4.7 Activate MLS D Runtime,"[""push"", ""workflow_dispatch""]","[""push.paths=football-data/validation/activate_mls_d_conditional_runtime_v470.py"", ""push.paths=football-data/manifests/promotions/USA_MLS_d_conditional_v470.json"", ""push.paths=football-data/engine/promoted_challenger_runtime_v470.py"", ""push.paths=football-data/engine/promoted_challenger_runtime_gate_v470.py"", ""push.paths=football-data/engine/run_formal_prediction_actionable.py"", ""push.paths=football-data/engine/formal_next_season_parameter_runtime_v470.py"", ""push.paths=football-data/engine/oof_next_season_runtime_v470.py"", ""push.paths=football-data/engine/dynamic_strength_live_input_contract_v470.py"", ""push.paths=football-data/engine/dynamic_strength_pre_oof_runtime_v470.py"", ""push.paths=football-data/engine/formal_ev_lomo_gate_v470.py"", ""push.paths=football-data/engine/market_coordination_runtime_v470.py"", ""push.paths=football-data/engine/market_coordination_runtime_basis_v470.py"", ""push.paths=football-data/manifests/formal_next_season_parameter_rollforward_v470_status.json"", ""push.paths=football-data/manifests/oof_next_season_rollforward_v470_status.json"", ""push.paths=football-data/manifests/dynamic_strength_next_season_selection_v470_status.json"", ""push.paths=.github/workflows/football-v470-activate-mls-d-runtime.yml"", ""push.branches=main""]",[],"{""contents"": ""write""}","{""activate-runtime"": {""_mode"": ""DEFAULT_INHERITED""}}",True,False,True,True,True,False,False,True,"[""football-data/engine/dynamic_strength_live_input_contract_v470.py"", ""football-data/engine/dynamic_strength_pre_oof_runtime_v470.py"", ""football-data/engine/formal_ev_lomo_gate_v470.py"", ""football-data/engine/formal_next_season_parameter_runtime_v470.py"", ""football-data/engine/market_coordination_runtime_basis_v470.py"", ""football-data/engine/market_coordination_runtime_v470.py"", ""football-data/engine/oof_next_season_runtime_v470.py"", ""football-data/engine/promoted_challenger_runtime_gate_v470.py"", ""football-data/engine/promoted_challenger_runtime_v470.py"", ""football-data/engine/run_formal_prediction_actionable.py"", ""football-data/validation/activate_mls_d_conditional_runtime_v470.py""]",[],[],True,False,True,False,False,True,RESEARCH,CRITICAL_PUSH_WRITE_PERSIST,ARCHIVE,research.yml,phase1-plan-confirmed-by-static-parse
.github/workflows/football-v470-all-domain-d-final-chain-review.yml,Football V4.7 All Domain D Final Chain Review,"[""push"", ""workflow_dispatch""]","[""push.paths=football-data/validation/review_d_conditional_candidates_v470.py"", ""push.paths=football-data/validation/review_mls_d_conditional_final_chain_v470.py"", ""push.paths=football-data/validation/train_priority_challengers_v470.py"", ""push.paths=football-data/models/challengers_v470/**/priority_v470.json"", ""push.paths=football-data/manifests/remaining_competition_challengers_v470/*.json"", ""push.paths=football-data/manifests/remaining_competition_challenger_training_v470_status.json"", ""push.paths=football-data/models/formal_core_v460/**/oof_matrix_calibrator.json"", ""push.paths=football-data/engine/conditional_allocation_challenger_v470.py"", ""push.paths=.github/workflows/football-v470-all-domain-d-final-chain-review.yml"", ""push.branches=main""]",[],"{""contents"": ""write""}","{""review-all-domain-candidates"": {""_mode"": ""DEFAULT_INHERITED""}}",True,False,True,True,True,False,False,True,"[""football-data/engine/conditional_allocation_challenger_v470.py"", ""football-data/validation/review_d_conditional_candidates_v470.py"", ""football-data/validation/review_mls_d_conditional_final_chain_v470.py"", ""football-data/validation/train_priority_challengers_v470.py""]",[],[],True,True,True,False,False,True,RESEARCH,CRITICAL_PUSH_WRITE_PERSIST,ARCHIVE,research.yml,phase1-plan-confirmed-by-static-parse
.github/workflows/football-v470-conditional-draw-by-total-rolling-oof.yml,Football V4.7 Conditional Draw By Total Rolling OOF,"[""push"", ""workflow_dispatch""]","[""push.paths=football-data/validation/validate_conditional_draw_by_total_rolling_oof_v470.py"", ""push.paths=football-data/validation/validate_draw_residual_rolling_oof_v470.py"", ""push.paths=football-data/validation/backtest_last_complete_season_all_domains_v470.py"", ""push.paths=.github/workflows/football-v470-conditional-draw-by-total-rolling-oof.yml"", ""push.branches=main""]",[],"{""contents"": ""write""}","{""validate"": {""_mode"": ""DEFAULT_INHERITED""}}",True,False,True,True,True,False,False,True,"[""football-data/validation/backtest_last_complete_season_all_domains_v470.py"", ""football-data/validation/validate_conditional_draw_by_total_rolling_oof_v470.py"", ""football-data/validation/validate_draw_residual_rolling_oof_v470.py""]",[],[],True,True,True,False,False,False,RESEARCH,CRITICAL_PUSH_WRITE_PERSIST,ARCHIVE,research.yml,phase1-plan-confirmed-by-static-parse
.github/workflows/football-v470-draw-discrimination-diagnostics.yml,Football V4.7 Draw Discrimination Diagnostics,"[""push"", ""workflow_dispatch""]","[""push.paths=football-data/validation/diagnose_draw_discrimination_all_domains_v470.py"", ""push.paths=football-data/validation/backtest_last_complete_season_all_domains_v470.py"", ""push.paths=.github/workflows/football-v470-draw-discrimination-diagnostics.yml"", ""push.branches=main""]",[],"{""contents"": ""write""}","{""diagnose"": {""_mode"": ""DEFAULT_INHERITED""}}",True,False,True,True,True,False,False,True,"[""football-data/validation/backtest_last_complete_season_all_domains_v470.py"", ""football-data/validation/diagnose_draw_discrimination_all_domains_v470.py""]",[],[],True,True,True,False,False,False,ONE_OFF/RESEARCH,CRITICAL_PUSH_WRITE_PERSIST,ARCHIVE,research.yml,phase1-plan-confirmed-by-static-parse
.github/workflows/football-v470-draw-online-residual-rolling-oof.yml,Football V4.7 Online Draw Residual Rolling OOF,"[""push"", ""workflow_dispatch""]","[""push.paths=football-data/validation/validate_draw_online_residual_rolling_oof_v470.py"", ""push.paths=football-data/validation/validate_draw_residual_rolling_oof_v470.py"", ""push.paths=football-data/validation/validate_draw_residual_rolling_oof_v470_strict.py"", ""push.paths=football-data/validation/screen_draw_residual_challenger_v470.py"", ""push.paths=football-data/validation/screen_draw_residual_challenger_v470_strict.py"", ""push.paths=football-data/validation/backtest_last_complete_season_all_domains_v470.py"", ""push.paths=.github/workflows/football-v470-draw-online-residual-rolling-oof.yml"", ""push.branches=main""]",[],"{""contents"": ""write""}","{""validate"": {""_mode"": ""DEFAULT_INHERITED""}}",True,False,True,True,True,False,False,True,"[""football-data/validation/backtest_last_complete_season_all_domains_v470.py"", ""football-data/validation/screen_draw_residual_challenger_v470.py"", ""football-data/validation/screen_draw_residual_challenger_v470_strict.py"", ""football-data/validation/validate_draw_online_residual_rolling_oof_v470.py"", ""football-data/validation/validate_draw_residual_rolling_oof_v470.py"", ""football-data/validation/validate_draw_residual_rolling_oof_v470_strict.py""]",[],[],True,True,True,False,False,False,RESEARCH,CRITICAL_PUSH_WRITE_PERSIST,ARCHIVE,research.yml,phase1-plan-confirmed-by-static-parse
.github/workflows/football-v470-draw-residual-challenger-screen.yml,Football V4.7 Draw Residual Challenger Screen,"[""push"", ""workflow_dispatch""]","[""push.paths=football-data/validation/screen_draw_residual_challenger_v470.py"", ""push.paths=football-data/validation/screen_draw_residual_challenger_v470_strict.py"", ""push.paths=football-data/validation/backtest_last_complete_season_all_domains_v470.py"", ""push.paths=.github/workflows/football-v470-draw-residual-challenger-screen.yml"", ""push.branches=main""]",[],"{""contents"": ""write""}","{""screen"": {""_mode"": ""DEFAULT_INHERITED""}}",True,False,True,True,True,False,False,True,"[""football-data/validation/backtest_last_complete_season_all_domains_v470.py"", ""football-data/validation/screen_draw_residual_challenger_v470.py"", ""football-data/validation/screen_draw_residual_challenger_v470_strict.py""]",[],[],True,True,True,False,False,False,ONE_OFF/RESEARCH,CRITICAL_PUSH_WRITE_PERSIST,ARCHIVE,research.yml,phase1-plan-confirmed-by-static-parse
.github/workflows/football-v470-draw-residual-rolling-oof.yml,Football V4.7 Draw Residual Rolling OOF,"[""push"", ""workflow_dispatch""]","[""push.paths=football-data/validation/validate_draw_residual_rolling_oof_v470.py"", ""push.paths=football-data/validation/validate_draw_residual_rolling_oof_v470_strict.py"", ""push.paths=football-data/validation/screen_draw_residual_challenger_v470.py"", ""push.paths=football-data/validation/screen_draw_residual_challenger_v470_strict.py"", ""push.paths=football-data/validation/backtest_last_complete_season_all_domains_v470.py"", ""push.paths=.github/workflows/football-v470-draw-residual-rolling-oof.yml"", ""push.branches=main""]",[],"{""contents"": ""write""}","{""validate"": {""_mode"": ""DEFAULT_INHERITED""}}",True,False,True,True,True,False,False,True,"[""football-data/validation/backtest_last_complete_season_all_domains_v470.py"", ""football-data/validation/screen_draw_residual_challenger_v470.py"", ""football-data/validation/screen_draw_residual_challenger_v470_strict.py"", ""football-data/validation/validate_draw_residual_rolling_oof_v470.py"", ""football-data/validation/validate_draw_residual_rolling_oof_v470_strict.py""]",[],[],True,True,True,False,False,False,RESEARCH,CRITICAL_PUSH_WRITE_PERSIST,ARCHIVE,research.yml,phase1-plan-confirmed-by-static-parse
.github/workflows/football-v470-draw-structure-diagnostics.yml,Football V4.7 Draw Structure Diagnostics,"[""push"", ""workflow_dispatch""]","[""push.paths=football-data/validation/diagnose_draw_structure_all_domains_v470.py"", ""push.paths=football-data/validation/backtest_last_complete_season_all_domains_v470.py"", ""push.paths=.github/workflows/football-v470-draw-structure-diagnostics.yml"", ""push.branches=main""]",[],"{""contents"": ""write""}","{""diagnose"": {""_mode"": ""DEFAULT_INHERITED""}}",True,False,True,True,True,False,False,True,"[""football-data/validation/backtest_last_complete_season_all_domains_v470.py"", ""football-data/validation/diagnose_draw_structure_all_domains_v470.py""]",[],[],True,True,True,False,False,False,ONE_OFF/RESEARCH,CRITICAL_PUSH_WRITE_PERSIST,ARCHIVE,research.yml,phase1-plan-confirmed-by-static-parse
.github/workflows/football-v470-dynamic-strength-allocation-final-chain.yml,Football V4.7 Allocation-Only Dynamic Strength Final Chain,"[""push"", ""workflow_dispatch""]","[""push.paths=football-data/validation/dynamic_strength_allocation_only_final_chain_v470.py"", ""push.paths=.github/workflows/football-v470-dynamic-strength-allocation-final-chain.yml"", ""push.branches=main""]",[],"{""contents"": ""write""}","{""replay"": {""_mode"": ""DEFAULT_INHERITED""}}",True,False,True,True,True,False,False,True,"[""football-data/validation/dynamic_strength_allocation_only_final_chain_v470.py"", ""football-data/validation/dynamic_strength_allocation_only_oof_v470.py"", ""football-data/validation/dynamic_strength_final_chain_replay_v470.py"", ""football-data/validation/dynamic_strength_oof_screen_v470.py""]",[],[],True,True,True,False,False,False,RESEARCH,CRITICAL_PUSH_WRITE_PERSIST,ARCHIVE,research.yml,phase1-plan-confirmed-by-static-parse
.github/workflows/football-v470-dynamic-strength-allocation-only.yml,Football V4.7 Dynamic Strength Allocation-Only OOF,"[""push"", ""workflow_dispatch""]","[""push.paths=football-data/validation/dynamic_strength_allocation_only_oof_v470.py"", ""push.paths=football-data/validation/aggregate_dynamic_strength_allocation_only_v470.py"", ""push.paths=.github/workflows/football-v470-dynamic-strength-allocation-only.yml"", ""push.branches=main""]",[],"{""contents"": ""write""}","{""aggregate"": {""_mode"": ""DEFAULT_INHERITED""}, ""screen-domain"": {""_mode"": ""DEFAULT_INHERITED""}}",True,False,True,True,True,False,False,True,"[""football-data/validation/aggregate_dynamic_strength_allocation_only_v470.py"", ""football-data/validation/dynamic_strength_allocation_only_oof_v470.py"", ""football-data/validation/dynamic_strength_oof_screen_v470.py""]",[],[],True,True,True,False,False,False,RESEARCH,CRITICAL_PUSH_WRITE_PERSIST,ARCHIVE,research.yml,phase1-plan-confirmed-by-static-parse
.github/workflows/football-v470-dynamic-strength-allocation-second-stage.yml,Football V4.7 Allocation-Only Dynamic Strength Second Stage,"[""push"", ""workflow_dispatch""]","[""push.paths=football-data/validation/dynamic_strength_allocation_only_second_stage_v470.py"", ""push.paths=.github/workflows/football-v470-dynamic-strength-allocation-second-stage.yml"", ""push.branches=main""]",[],"{""contents"": ""write""}","{""review"": {""_mode"": ""DEFAULT_INHERITED""}}",True,False,True,True,True,False,False,True,"[""football-data/validation/dynamic_strength_allocation_only_oof_v470.py"", ""football-data/validation/dynamic_strength_allocation_only_second_stage_v470.py"", ""football-data/validation/dynamic_strength_oof_screen_v470.py""]",[],[],True,True,True,False,False,False,RESEARCH,CRITICAL_PUSH_WRITE_PERSIST,ARCHIVE,research.yml,phase1-plan-confirmed-by-static-parse
.github/workflows/football-v470-dynamic-strength-final-chain-replay.yml,Football V4.7 Dynamic Strength Final Chain Replay,"[""push"", ""workflow_dispatch""]","[""push.paths=football-data/validation/dynamic_strength_final_chain_replay_v470.py"", ""push.paths=.github/workflows/football-v470-dynamic-strength-final-chain-replay.yml"", ""push.branches=main""]",[],"{""contents"": ""write""}","{""replay"": {""_mode"": ""DEFAULT_INHERITED""}}",True,False,True,True,True,False,False,True,"[""football-data/validation/dynamic_strength_final_chain_replay_v470.py"", ""football-data/validation/dynamic_strength_oof_screen_v470.py""]",[],[],True,True,True,False,False,False,ONE_OFF/RESEARCH,CRITICAL_PUSH_WRITE_PERSIST,ARCHIVE,research.yml,phase1-plan-confirmed-by-static-parse
.github/workflows/football-v470-dynamic-strength-identity-smoke.yml,Football V4.7 Dynamic Strength Identity Smoke,"[""push"", ""workflow_dispatch""]","[""push.paths=football-data/validation/dynamic_strength_oof_screen_v470.py"", ""push.paths=football-data/validation/smoke_dynamic_strength_identity_v470.py"", ""push.paths=.github/workflows/football-v470-dynamic-strength-identity-smoke.yml"", ""push.branches=main""]",[],"{""contents"": ""write""}","{""smoke"": {""_mode"": ""DEFAULT_INHERITED""}}",True,False,True,True,True,False,False,True,"[""football-data/validation/dynamic_strength_oof_screen_v470.py"", ""football-data/validation/smoke_dynamic_strength_identity_v470.py""]",[],[],True,True,False,False,False,False,ONE_OFF/RESEARCH,CRITICAL_PUSH_WRITE_PERSIST,ARCHIVE,research.yml,phase1-plan-confirmed-by-static-parse
.github/workflows/football-v470-dynamic-strength-live-activation-readiness.yml,Football V4.7 Dynamic Strength Live Activation Readiness,"[""push"", ""workflow_dispatch""]","[""push.paths=football-data/manifests/dynamic_strength_final_chain_replay_v470/ESP_LaLiga.json"", ""push.paths=football-data/manifests/dynamic_strength_allocation_only_final_chain_v470/NED_Eredivisie.json"", ""push.paths=football-data/manifests/dynamic_strength_next_season_selection_v470_status.json"", ""push.paths=football-data/manifests/dynamic_strength_live_input_contract_v470_smoke.json"", ""push.paths=football-data/manifests/dynamic_strength_pre_oof_runtime_v470_smoke.json"", ""push.paths=football-data/manifests/formal_next_season_parameter_rollforward_v470_status.json"", ""push.paths=football-data/manifests/formal_next_season_parameter_runtime_v470_smoke.json"", ""push.paths=football-data/manifests/oof_next_season_rollforward_v470_status.json"", ""push.paths=football-data/manifests/oof_next_season_runtime_v470_smoke.json"", ""push.paths=football-data/engine/run_formal_prediction_actionable.py"", ""push.paths=football-data/config/platform_registry.json"", ""push.paths=football-data/config/formal_core_v460.json"", ""push.paths=football-data/validation/dynamic_strength_live_activation_readiness_v470.py"", ""push.paths=.github/workflows/football-v470-dynamic-strength-live-activation-readiness.yml"", ""push.branches=main""]",[],"{""contents"": ""write""}","{""audit"": {""_mode"": ""DEFAULT_INHERITED""}}",True,False,True,True,True,False,False,True,"[""football-data/validation/dynamic_strength_live_activation_readiness_v470.py""]",[],[],True,True,False,False,False,False,RESEARCH,CRITICAL_PUSH_WRITE_PERSIST,ARCHIVE,research.yml,phase1-plan-confirmed-by-static-parse
.github/workflows/football-v470-dynamic-strength-live-input-smoke.yml,Football V4.7 Dynamic Strength Live Input Smoke,"[""push"", ""workflow_dispatch""]","[""push.paths=football-data/engine/dynamic_strength_live_input_contract_v470.py"", ""push.paths=football-data/validation/smoke_dynamic_strength_live_input_contract_v470.py"", ""push.paths=.github/workflows/football-v470-dynamic-strength-live-input-smoke.yml"", ""push.branches=main""]",[],"{""contents"": ""write""}","{""smoke"": {""_mode"": ""DEFAULT_INHERITED""}}",True,False,True,True,True,False,False,True,"[""football-data/engine/dynamic_strength_live_input_contract_v470.py"", ""football-data/validation/smoke_dynamic_strength_live_input_contract_v470.py""]",[],[],True,True,False,False,False,False,ONE_OFF/RESEARCH,CRITICAL_PUSH_WRITE_PERSIST,ARCHIVE,research.yml,phase1-plan-confirmed-by-static-parse
.github/workflows/football-v470-dynamic-strength-next-season-selection.yml,Football V4.7 Dynamic Strength Next Season Selection,"[""push"", ""workflow_dispatch""]","[""push.paths=football-data/validation/dynamic_strength_next_season_selection_v470.py"", ""push.paths=.github/workflows/football-v470-dynamic-strength-next-season-selection.yml"", ""push.branches=main""]",[],"{""contents"": ""write""}","{""select"": {""_mode"": ""DEFAULT_INHERITED""}}",True,False,True,True,True,False,False,True,"[""football-data/validation/dynamic_strength_allocation_only_oof_v470.py"", ""football-data/validation/dynamic_strength_allocation_only_second_stage_v470.py"", ""football-data/validation/dynamic_strength_next_season_selection_v470.py"", ""football-data/validation/dynamic_strength_oof_screen_v470.py"", ""football-data/validation/dynamic_strength_second_stage_v470.py""]",[],[],True,True,True,False,False,False,RESEARCH,CRITICAL_PUSH_WRITE_PERSIST,ARCHIVE,research.yml,phase1-plan-confirmed-by-static-parse
.github/workflows/football-v470-dynamic-strength-oof-readiness.yml,Football V4.7 Dynamic Strength OOF Readiness,"[""push"", ""workflow_dispatch""]","[""push.paths=football-data/manifests/dynamic_strength_public_evidence_v470_status.json"", ""push.paths=football-data/validation/dynamic_strength_oof_readiness_gate_v470.py"", ""push.paths=.github/workflows/football-v470-dynamic-strength-oof-readiness.yml"", ""push.branches=main""]",[],"{""contents"": ""write""}","{""gate"": {""_mode"": ""DEFAULT_INHERITED""}}",True,False,True,True,True,False,False,True,"[""football-data/validation/dynamic_strength_oof_readiness_gate_v470.py""]",[],[],True,True,False,False,False,False,RESEARCH,CRITICAL_PUSH_WRITE_PERSIST,ARCHIVE,research.yml,phase1-plan-confirmed-by-static-parse
.github/workflows/football-v470-dynamic-strength-oof-reconcile.yml,Football V4.7 Dynamic Strength OOF Reconcile,"[""push"", ""workflow_dispatch""]","[""push.paths=football-data/manifests/dynamic_strength_oof_screen_v470_status.json"", ""push.paths=football-data/manifests/dynamic_strength_oof_readiness_v470_status.json"", ""push.paths=football-data/validation/reconcile_dynamic_strength_oof_status_v470.py"", ""push.paths=.github/workflows/football-v470-dynamic-strength-oof-reconcile.yml"", ""push.branches=main""]",[],"{""contents"": ""write""}","{""reconcile"": {""_mode"": ""DEFAULT_INHERITED""}}",True,False,True,True,True,False,False,True,"[""football-data/validation/reconcile_dynamic_strength_oof_status_v470.py""]",[],[],True,True,False,False,False,False,RESEARCH,CRITICAL_PUSH_WRITE_PERSIST,ARCHIVE,research.yml,phase1-plan-confirmed-by-static-parse
.github/workflows/football-v470-dynamic-strength-oof-screen.yml,Football V4.7 Dynamic Strength OOF Screen,"[""push"", ""workflow_dispatch""]","[""push.paths=football-data/validation/dynamic_strength_oof_screen_v470.py"", ""push.paths=football-data/validation/aggregate_dynamic_strength_oof_screen_v470.py"", ""push.paths=.github/workflows/football-v470-dynamic-strength-oof-screen.yml"", ""push.branches=main""]",[],"{""contents"": ""write""}","{""aggregate"": {""_mode"": ""DEFAULT_INHERITED""}, ""screen-domain"": {""_mode"": ""DEFAULT_INHERITED""}}",True,False,True,True,True,False,False,True,"[""football-data/validation/aggregate_dynamic_strength_oof_screen_v470.py"", ""football-data/validation/dynamic_strength_oof_screen_v470.py""]",[],[],True,True,True,False,False,False,ONE_OFF/RESEARCH,CRITICAL_PUSH_WRITE_PERSIST,ARCHIVE,research.yml,phase1-plan-confirmed-by-static-parse
.github/workflows/football-v470-dynamic-strength-pre-oof-runtime-smoke.yml,Football V4.7 Dynamic Strength Pre-OOF Runtime Smoke,"[""push"", ""workflow_dispatch""]","[""push.paths=football-data/engine/dynamic_strength_pre_oof_runtime_v470.py"", ""push.paths=football-data/validation/smoke_dynamic_strength_pre_oof_runtime_v470.py"", ""push.paths=.github/workflows/football-v470-dynamic-strength-pre-oof-runtime-smoke.yml"", ""push.branches=main""]",[],"{""contents"": ""write""}","{""smoke"": {""_mode"": ""DEFAULT_INHERITED""}}",True,False,True,True,True,False,False,True,"[""football-data/engine/dynamic_strength_pre_oof_runtime_v470.py"", ""football-data/validation/smoke_dynamic_strength_pre_oof_runtime_v470.py""]",[],[],False,False,False,False,False,True,ONE_OFF/RESEARCH,CRITICAL_PUSH_WRITE_PERSIST,ARCHIVE,research.yml,phase1-plan-confirmed-by-static-parse
.github/workflows/football-v470-dynamic-strength-promotion-readiness.yml,Football V4.7 Dynamic Strength Promotion Readiness,"[""push"", ""workflow_dispatch""]","[""push.paths=football-data/validation/dynamic_strength_promotion_readiness_v470.py"", ""push.paths=football-data/manifests/dynamic_strength_live_activation_readiness_v470_status.json"", ""push.paths=football-data/manifests/dynamic_strength_pre_oof_runtime_v470_smoke.json"", ""push.paths=football-data/processed/ESP_LaLiga/**"", ""push.paths=football-data/processed/NED_Eredivisie/**"", ""push.paths=football-data/engine/dynamic_strength_pre_oof_runtime_v470.py"", ""push.paths=football-data/engine/run_formal_prediction_actionable.py"", ""push.paths=.github/workflows/football-v470-dynamic-strength-promotion-readiness.yml"", ""push.branches=main""]",[],"{""contents"": ""write""}","{""audit"": {""_mode"": ""DEFAULT_INHERITED""}}",True,False,True,True,True,False,False,True,"[""football-data/validation/dynamic_strength_promotion_readiness_v470.py""]",[],[],False,False,False,False,False,False,ONE_OFF/RESEARCH,CRITICAL_PUSH_WRITE_PERSIST,ARCHIVE,research.yml,phase1-plan-confirmed-by-static-parse
.github/workflows/football-v470-dynamic-strength-public-evidence-coverage.yml,Football V4.7 Dynamic Strength Public Evidence Coverage,"[""push"", ""workflow_dispatch""]","[""push.paths=football-data/config/dynamic_strength_public_evidence_v470.json"", ""push.paths=football-data/validation/dynamic_strength_public_evidence_coverage_v470.py"", ""push.paths=.github/workflows/football-v470-dynamic-strength-public-evidence-coverage.yml"", ""push.branches=main""]",[],"{""contents"": ""write""}","{""coverage"": {""_mode"": ""DEFAULT_INHERITED""}}",True,False,True,True,True,False,False,True,"[""football-data/validation/dynamic_strength_public_evidence_coverage_v470.py""]",[],[],True,True,True,False,False,False,SCHEDULED/DATA_OR_CONTEXT,CRITICAL_PUSH_WRITE_PERSIST,CONSOLIDATE,scheduled-data.yml/forward.yml,phase1-plan-confirmed-by-static-parse
.github/workflows/football-v470-dynamic-strength-second-stage.yml,Football V4.7 Dynamic Strength Second Stage,"[""push"", ""workflow_dispatch""]","[""push.paths=football-data/validation/dynamic_strength_second_stage_v470.py"", ""push.paths=football-data/validation/aggregate_dynamic_strength_second_stage_v470.py"", ""push.paths=.github/workflows/football-v470-dynamic-strength-second-stage.yml"", ""push.branches=main""]",[],"{""contents"": ""write""}","{""aggregate"": {""_mode"": ""DEFAULT_INHERITED""}, ""review-domain"": {""_mode"": ""DEFAULT_INHERITED""}}",True,False,True,True,True,False,False,True,"[""football-data/validation/aggregate_dynamic_strength_second_stage_v470.py"", ""football-data/validation/dynamic_strength_oof_screen_v470.py"", ""football-data/validation/dynamic_strength_second_stage_v470.py""]",[],[],True,True,True,False,False,False,RESEARCH,CRITICAL_PUSH_WRITE_PERSIST,ARCHIVE,research.yml,phase1-plan-confirmed-by-static-parse
.github/workflows/football-v470-dynamic-strength-stage-adapter.yml,Football V4.7 Dynamic Strength Stage Adapter,"[""push"", ""workflow_dispatch""]","[""push.paths=football-data/manifests/dynamic_strength_stage_route_audit_v470_status.json"", ""push.paths=football-data/validation/dynamic_strength_stage_adapter_gate_v470.py"", ""push.paths=.github/workflows/football-v470-dynamic-strength-stage-adapter.yml"", ""push.branches=main""]",[],"{""contents"": ""write""}","{""validate"": {""_mode"": ""DEFAULT_INHERITED""}}",True,False,True,True,True,False,False,True,"[""football-data/validation/dynamic_strength_stage_adapter_gate_v470.py""]",[],[],True,True,False,False,False,False,RESEARCH,CRITICAL_PUSH_WRITE_PERSIST,ARCHIVE,research.yml,phase1-plan-confirmed-by-static-parse
.github/workflows/football-v470-dynamic-strength-stage-route-audit.yml,Football V4.7 Dynamic Strength Stage Route Audit,"[""push"", ""workflow_dispatch""]","[""push.paths=football-data/validation/dynamic_strength_stage_route_audit_v470.py"", ""push.paths=.github/workflows/football-v470-dynamic-strength-stage-route-audit.yml"", ""push.branches=main""]",[],"{""contents"": ""write""}","{""audit"": {""_mode"": ""DEFAULT_INHERITED""}}",True,False,True,True,True,False,False,True,"[""football-data/validation/dynamic_strength_stage_route_audit_v470.py""]",[],[],True,True,True,False,False,False,ONE_OFF/RESEARCH,CRITICAL_PUSH_WRITE_PERSIST,ARCHIVE,research.yml,phase1-plan-confirmed-by-static-parse
.github/workflows/football-v470-formal-ev-lomo-gate-smoke.yml,Football V4.7 Formal EV LOMO Gate Smoke,"[""push"", ""workflow_dispatch""]","[""push.paths=football-data/engine/formal_ev_lomo_gate_v470.py"", ""push.paths=football-data/engine/run_formal_prediction_actionable.py"", ""push.paths=football-data/validation/smoke_formal_ev_lomo_gate_v470.py"", ""push.paths=.github/workflows/football-v470-formal-ev-lomo-gate-smoke.yml"", ""push.branches=main""]",[],"{""contents"": ""write""}","{""smoke"": {""_mode"": ""DEFAULT_INHERITED""}}",True,False,True,True,True,False,False,True,"[""football-data/engine/formal_ev_lomo_gate_v470.py"", ""football-data/engine/run_formal_prediction_actionable.py"", ""football-data/validation/smoke_formal_ev_lomo_gate_v470.py""]",[],[],True,True,False,False,False,False,FORMAL/GOVERNANCE,CRITICAL_PUSH_WRITE_PERSIST,ARCHIVE,research.yml,phase1-plan-confirmed-by-static-parse
.github/workflows/football-v470-formal-governance-runtime-smoke.yml,Football V4.7 Formal Governance Runtime Smoke,"[""push"", ""workflow_dispatch""]","[""push.paths=football-data/engine/formal_governance_runtime_v470.py"", ""push.paths=football-data/engine/run_formal_prediction_actionable.py"", ""push.paths=football-data/manifests/v470_upgrade_status.json"", ""push.paths=football-data/validation/smoke_formal_governance_runtime_v470.py"", ""push.paths=.github/workflows/football-v470-formal-governance-runtime-smoke.yml"", ""push.branches=main""]",[],"{""contents"": ""write""}","{""smoke"": {""_mode"": ""DEFAULT_INHERITED""}}",True,False,True,True,True,False,False,True,"[""football-data/engine/formal_governance_runtime_v470.py"", ""football-data/engine/run_formal_prediction_actionable.py"", ""football-data/validation/smoke_formal_governance_runtime_v470.py""]",[],[],True,True,False,False,False,False,FORMAL/GOVERNANCE,CRITICAL_PUSH_WRITE_PERSIST,ARCHIVE,research.yml,phase1-plan-confirmed-by-static-parse
.github/workflows/football-v470-formal-next-season-parameter-rollforward.yml,Football V4.7 Formal Next Season Parameter Rollforward,"[""push"", ""workflow_dispatch""]","[""push.paths=football-data/validation/formal_next_season_parameter_rollforward_v470.py"", ""push.paths=football-data/models/formal_core_v460/ESP_LaLiga/model.json"", ""push.paths=football-data/models/formal_core_v460/NED_Eredivisie/model.json"", ""push.paths=football-data/validation/reports/formal_core_v460/ESP_LaLiga.json"", ""push.paths=football-data/validation/reports/formal_core_v460/NED_Eredivisie.json"", ""push.paths=football-data/config/formal_core_v460.json"", ""push.paths=.github/workflows/football-v470-formal-next-season-parameter-rollforward.yml"", ""push.branches=main""]",[],"{""contents"": ""write""}","{""build"": {""_mode"": ""DEFAULT_INHERITED""}}",True,False,True,True,True,False,False,True,"[""football-data/validation/formal_next_season_parameter_rollforward_v470.py""]",[],[],True,True,False,False,False,False,FORMAL/GOVERNANCE,CRITICAL_PUSH_WRITE_PERSIST,CONSOLIDATE,ci.yml/maintenance.yml,phase1-plan-confirmed-by-static-parse
.github/workflows/football-v470-formal-next-season-parameter-runtime-smoke.yml,Football V4.7 Formal Next Season Parameter Runtime Smoke,"[""push"", ""workflow_dispatch""]","[""push.paths=football-data/engine/formal_next_season_parameter_runtime_v470.py"", ""push.paths=football-data/manifests/formal_next_season_parameter_rollforward_v470_status.json"", ""push.paths=football-data/validation/smoke_formal_next_season_parameter_runtime_v470.py"", ""push.paths=.github/workflows/football-v470-formal-next-season-parameter-runtime-smoke.yml"", ""push.branches=main""]",[],"{""contents"": ""write""}","{""smoke"": {""_mode"": ""DEFAULT_INHERITED""}}",True,False,True,True,True,False,False,True,"[""football-data/engine/formal_next_season_parameter_runtime_v470.py"", ""football-data/validation/smoke_formal_next_season_parameter_runtime_v470.py""]",[],[],False,False,False,False,False,False,FORMAL/GOVERNANCE,CRITICAL_PUSH_WRITE_PERSIST,ARCHIVE,research.yml,phase1-plan-confirmed-by-static-parse
.github/workflows/football-v470-formal-next-season-runtime-readiness.yml,Football V4.7 Formal Next Season Runtime Readiness,"[""push"", ""workflow_dispatch""]","[""push.paths=football-data/validation/formal_next_season_runtime_readiness_v470.py"", ""push.paths=football-data/manifests/formal_next_season_parameter_rollforward_v470_status.json"", ""push.paths=football-data/manifests/formal_next_season_parameter_runtime_v470_smoke.json"", ""push.paths=football-data/manifests/oof_next_season_rollforward_v470_status.json"", ""push.paths=football-data/manifests/oof_next_season_runtime_v470_smoke.json"", ""push.paths=football-data/config/platform_registry.json"", ""push.paths=football-data/config/formal_core_v460.json"", ""push.paths=football-data/engine/run_formal_prediction_actionable.py"", ""push.paths=.github/workflows/football-v470-formal-next-season-runtime-readiness.yml"", ""push.branches=main""]",[],"{""contents"": ""write""}","{""audit"": {""_mode"": ""DEFAULT_INHERITED""}}",True,False,True,True,True,False,False,True,"[""football-data/validation/formal_next_season_runtime_readiness_v470.py""]",[],[],False,False,False,False,False,False,FORMAL/GOVERNANCE,CRITICAL_PUSH_WRITE_PERSIST,CONSOLIDATE,ci.yml/maintenance.yml,phase1-plan-confirmed-by-static-parse
.github/workflows/football-v470-four-target-baseline.yml,Football V4.7 Four Target Baseline,"[""push"", ""workflow_dispatch""]","[""push.paths=football-data/validation/four_target_last_complete_season_baseline_v470.py"", ""push.paths=football-data/config/four_target_evaluation_contract_v470.json"", ""push.paths=football-data/validation/backtest_last_complete_season_all_domains_v470.py"", ""push.paths=.github/workflows/football-v470-four-target-baseline.yml"", ""push.branches=main""]",[],"{""contents"": ""write""}","{""validate"": {""_mode"": ""DEFAULT_INHERITED""}}",True,False,True,True,True,False,False,True,"[""football-data/validation/backtest_last_complete_season_all_domains_v470.py"", ""football-data/validation/four_target_last_complete_season_baseline_v470.py""]",[],[],True,True,True,False,False,False,RESEARCH,CRITICAL_PUSH_WRITE_PERSIST,ARCHIVE,research.yml,phase1-plan-confirmed-by-static-parse
.github/workflows/football-v470-four-target-selective-frontier.yml,Football V4.7 Four Target Selective Frontier,"[""push"", ""workflow_dispatch""]","[""push.paths=football-data/validation/four_target_selective_frontier_v470.py"", ""push.paths=football-data/validation/backtest_last_complete_season_all_domains_v470.py"", ""push.paths=.github/workflows/football-v470-four-target-selective-frontier.yml"", ""push.branches=main""]",[],"{""contents"": ""write""}","{""validate"": {""_mode"": ""DEFAULT_INHERITED""}}",True,False,True,True,True,False,False,True,"[""football-data/validation/backtest_last_complete_season_all_domains_v470.py"", ""football-data/validation/four_target_selective_frontier_v470.py""]",[],[],True,True,True,False,False,False,RESEARCH,CRITICAL_PUSH_WRITE_PERSIST,ARCHIVE,research.yml,phase1-plan-confirmed-by-static-parse
.github/workflows/football-v470-free-sweden-market-research.yml,Football V4.7 Free Sweden Market Research,"[""push"", ""workflow_dispatch""]","[""push.paths=football-data/ingestion/football_data_free_sweden_market_v470.py"", ""push.paths=.github/workflows/football-v470-free-sweden-market-research.yml"", ""push.branches=main""]",[],"{""contents"": ""write""}","{""ingest"": {""_mode"": ""DEFAULT_INHERITED""}}",True,False,True,True,True,False,False,True,"[""football-data/ingestion/football_data_free_sweden_market_v470.py""]",[],[],True,True,False,False,False,False,RESEARCH,CRITICAL_PUSH_WRITE_PERSIST,ARCHIVE,research.yml,phase1-plan-confirmed-by-static-parse
.github/workflows/football-v470-last-complete-season-backtest.yml,Football V4.7 Last Complete Season Backtest,"[""push"", ""workflow_dispatch""]","[""push.paths=football-data/validation/backtest_last_complete_season_all_domains_v470.py"", ""push.paths=.github/workflows/football-v470-last-complete-season-backtest.yml"", ""push.branches=main""]",[],"{""contents"": ""write""}","{""backtest"": {""_mode"": ""DEFAULT_INHERITED""}}",True,False,True,True,True,False,False,True,"[""football-data/validation/backtest_last_complete_season_all_domains_v470.py""]",[],[],True,True,True,False,False,False,ONE_OFF/RESEARCH,CRITICAL_PUSH_WRITE_PERSIST,ARCHIVE,research.yml,phase1-plan-confirmed-by-static-parse
.github/workflows/football-v470-market-contract-smoke.yml,Football V4.7 Market Contract Smoke,"[""push"", ""workflow_dispatch""]","[""push.paths=football-data/engine/market_snapshot_contract_v470.py"", ""push.paths=football-data/config/evidence_sources_v470.json"", ""push.paths=football-data/validation/smoke_market_snapshot_contract_v470.py"", ""push.paths=.github/workflows/football-v470-market-contract-smoke.yml"", ""push.branches=main""]",[],"{""contents"": ""write""}","{""smoke"": {""_mode"": ""DEFAULT_INHERITED""}}",True,False,True,True,True,False,False,True,"[""football-data/engine/market_snapshot_contract_v470.py"", ""football-data/validation/smoke_market_snapshot_contract_v470.py""]",[],[],True,True,False,False,False,False,ONE_OFF/RESEARCH,CRITICAL_PUSH_WRITE_PERSIST,ARCHIVE,research.yml,phase1-plan-confirmed-by-static-parse
.github/workflows/football-v470-market-coordination-runtime-smoke.yml,Football V4.7 Market Coordination Runtime Smoke,"[""push"", ""workflow_dispatch""]","[""push.paths=football-data/engine/market_coordination_runtime_v470.py"", ""push.paths=football-data/validation/smoke_market_coordination_runtime_v470.py"", ""push.paths=.github/workflows/football-v470-market-coordination-runtime-smoke.yml"", ""push.branches=main""]",[],"{""contents"": ""write""}","{""smoke"": {""_mode"": ""DEFAULT_INHERITED""}}",True,False,True,True,True,False,False,True,"[""football-data/engine/market_coordination_runtime_v470.py"", ""football-data/validation/smoke_market_coordination_runtime_v470.py""]",[],[],True,True,False,False,False,True,ONE_OFF/RESEARCH,CRITICAL_PUSH_WRITE_PERSIST,ARCHIVE,research.yml,phase1-plan-confirmed-by-static-parse
.github/workflows/football-v470-market-lomo-data-readiness.yml,Football V4.7 Market LOMO Data Readiness,"[""push"", ""workflow_dispatch""]","[""push.paths=football-data/evidence/markets/**"", ""push.paths=football-data/manifests/market_lomo/**"", ""push.paths=football-data/manifests/market_lomo_research/**"", ""push.paths=football-data/config/global_evidence_routes_v475.json"", ""push.paths=football-data/validation/market_lomo_data_readiness_v470.py"", ""push.paths=football-data/validation/run_market_lomo_data_readiness_safe_v470.py"", ""push.paths=.github/workflows/football-v470-market-lomo-data-readiness.yml"", ""push.branches=main""]",[],"{""contents"": ""write""}","{""audit"": {""_mode"": ""DEFAULT_INHERITED""}}",True,False,True,True,True,False,False,True,"[""football-data/validation/market_lomo_data_readiness_v470.py"", ""football-data/validation/run_market_lomo_data_readiness_safe_v470.py""]",[],[],True,True,False,False,False,False,SCHEDULED/DATA_OR_CONTEXT,CRITICAL_PUSH_WRITE_PERSIST,CONSOLIDATE,scheduled-data.yml/forward.yml,phase1-plan-confirmed-by-static-parse
.github/workflows/football-v470-mls-d-final-chain-review.yml,Football V4.7 MLS D Conditional Final Chain Review,"[""push"", ""workflow_dispatch""]","[""push.paths=football-data/validation/review_mls_d_conditional_final_chain_v470.py"", ""push.paths=football-data/validation/train_priority_challengers_v470.py"", ""push.paths=football-data/engine/conditional_allocation_challenger_v470.py"", ""push.paths=football-data/engine/oof_matrix_calibration.py"", ""push.paths=football-data/models/challengers_v470/USA_MLS/priority_v470.json"", ""push.paths=football-data/models/formal_core_v460/USA_MLS/oof_matrix_calibrator.json"", ""push.paths=.github/workflows/football-v470-mls-d-final-chain-review.yml"", ""push.branches=main""]",[],"{""contents"": ""write""}","{""review-mls-d-final-chain"": {""_mode"": ""DEFAULT_INHERITED""}}",True,False,True,True,True,False,False,True,"[""football-data/engine/conditional_allocation_challenger_v470.py"", ""football-data/engine/oof_matrix_calibration.py"", ""football-data/validation/review_mls_d_conditional_final_chain_v470.py"", ""football-data/validation/train_priority_challengers_v470.py""]",[],[],True,False,True,False,False,False,RESEARCH,CRITICAL_PUSH_WRITE_PERSIST,ARCHIVE,research.yml,phase1-plan-confirmed-by-static-parse
.github/workflows/football-v470-mls-d-runtime-smoke.yml,Football V4.7 MLS D Runtime Smoke,"[""push"", ""workflow_dispatch""]","[""push.paths=football-data/validation/smoke_promoted_mls_d_runtime_v470.py"", ""push.paths=football-data/manifests/promotions/USA_MLS_d_conditional_v470_runtime_activation.json"", ""push.paths=football-data/manifests/promotions/USA_MLS_d_conditional_v470.json"", ""push.paths=football-data/engine/promoted_challenger_runtime_v470.py"", ""push.paths=football-data/engine/promoted_challenger_runtime_gate_v470.py"", ""push.paths=football-data/engine/total_goals_peak_diagnostics_v470.py"", ""push.paths=football-data/engine/formal_ev_lomo_gate_v470.py"", ""push.paths=football-data/engine/market_coordination_runtime_v470.py"", ""push.paths=football-data/engine/market_coordination_runtime_basis_v470.py"", ""push.paths=football-data/engine/run_formal_prediction_actionable.py"", ""push.paths=.github/workflows/football-v470-mls-d-runtime-smoke.yml"", ""push.branches=main""]",[],"{""contents"": ""write""}","{""runtime-smoke"": {""_mode"": ""DEFAULT_INHERITED""}}",True,False,True,True,True,False,False,True,"[""football-data/engine/formal_ev_lomo_gate_v470.py"", ""football-data/engine/market_coordination_runtime_basis_v470.py"", ""football-data/engine/market_coordination_runtime_v470.py"", ""football-data/engine/promoted_challenger_runtime_gate_v470.py"", ""football-data/engine/promoted_challenger_runtime_v470.py"", ""football-data/engine/run_formal_prediction_actionable.py"", ""football-data/engine/total_goals_peak_diagnostics_v470.py"", ""football-data/validation/smoke_promoted_mls_d_runtime_v470.py""]",[],[],True,False,True,False,False,True,ONE_OFF/RESEARCH,CRITICAL_PUSH_WRITE_PERSIST,ARCHIVE,research.yml,phase1-plan-confirmed-by-static-parse
.github/workflows/football-v470-one-x-two-70pct-domain-stability-screen.yml,Football V4.7 1X2 70pct Domain Stability Screen,"[""push"", ""workflow_dispatch""]","[""push.paths=football-data/validation/one_x_two_70pct_domain_stability_screen_v470.py"", ""push.paths=football-data/manifests/one_x_two_selective_multiseason_stability_v470_status.json"", ""push.paths=.github/workflows/football-v470-one-x-two-70pct-domain-stability-screen.yml"", ""push.branches=main""]",[],"{""contents"": ""write""}","{""validate"": {""_mode"": ""DEFAULT_INHERITED""}}",True,False,True,True,True,False,False,True,"[""football-data/validation/one_x_two_70pct_domain_stability_screen_v470.py""]",[],[],False,False,False,False,False,False,ONE_OFF/RESEARCH,CRITICAL_PUSH_WRITE_PERSIST,ARCHIVE,research.yml,phase1-plan-confirmed-by-static-parse
.github/workflows/football-v470-one-x-two-70pct-forward-threshold-oof.yml,Football V4.7 1X2 70pct Forward Threshold OOF,"[""push"", ""workflow_dispatch""]","[""push.paths=football-data/validation/one_x_two_70pct_forward_threshold_oof_v470.py"", ""push.paths=football-data/validation/backtest_last_complete_season_all_domains_v470.py"", ""push.paths=.github/workflows/football-v470-one-x-two-70pct-forward-threshold-oof.yml"", ""push.branches=main""]",[],"{""contents"": ""write""}","{""validate"": {""_mode"": ""DEFAULT_INHERITED""}}",True,False,True,True,True,False,False,True,"[""football-data/validation/backtest_last_complete_season_all_domains_v470.py"", ""football-data/validation/one_x_two_70pct_forward_threshold_oof_v470.py""]",[],[],True,True,True,False,False,False,RESEARCH,CRITICAL_PUSH_WRITE_PERSIST,ARCHIVE,research.yml,phase1-plan-confirmed-by-static-parse
.github/workflows/football-v470-one-x-two-selective-multiseason-stability.yml,Football V4.7 1X2 Selective Multiseason Stability,"[""push"", ""workflow_dispatch""]","[""push.paths=football-data/validation/one_x_two_selective_multiseason_stability_v470.py"", ""push.paths=football-data/validation/backtest_last_complete_season_all_domains_v470.py"", ""push.paths=.github/workflows/football-v470-one-x-two-selective-multiseason-stability.yml"", ""push.branches=main""]",[],"{""contents"": ""write""}","{""validate"": {""_mode"": ""DEFAULT_INHERITED""}}",True,False,True,True,True,False,False,True,"[""football-data/validation/backtest_last_complete_season_all_domains_v470.py"", ""football-data/validation/one_x_two_selective_multiseason_stability_v470.py""]",[],[],True,True,True,False,False,False,RESEARCH,CRITICAL_PUSH_WRITE_PERSIST,ARCHIVE,research.yml,phase1-plan-confirmed-by-static-parse
.github/workflows/football-v470-oof-next-season-rollforward.yml,Football V4.7 OOF Next Season Rollforward,"[""push"", ""workflow_dispatch""]","[""push.paths=football-data/validation/oof_next_season_rollforward_v470.py"", ""push.paths=football-data/validation/reports/formal_core_v460/ESP_LaLiga.json"", ""push.paths=football-data/validation/reports/formal_core_v460/NED_Eredivisie.json"", ""push.paths=football-data/validation/reports/oof_matrix_calibration_v461/ESP_LaLiga.json"", ""push.paths=football-data/validation/reports/oof_matrix_calibration_v461/NED_Eredivisie.json"", ""push.paths=football-data/models/formal_core_v460/ESP_LaLiga/oof_matrix_calibrator.json"", ""push.paths=football-data/models/formal_core_v460/NED_Eredivisie/oof_matrix_calibrator.json"", ""push.paths=.github/workflows/football-v470-oof-next-season-rollforward.yml"", ""push.branches=main""]",[],"{""contents"": ""write""}","{""build"": {""_mode"": ""DEFAULT_INHERITED""}}",True,False,True,True,True,False,False,True,"[""football-data/validation/oof_next_season_rollforward_v470.py""]",[],[],True,True,True,False,False,False,RESEARCH,CRITICAL_PUSH_WRITE_PERSIST,ARCHIVE,research.yml,phase1-plan-confirmed-by-static-parse
.github/workflows/football-v470-oof-next-season-runtime-smoke.yml,Football V4.7 OOF Next Season Runtime Smoke,"[""push"", ""workflow_dispatch""]","[""push.paths=football-data/engine/oof_next_season_runtime_v470.py"", ""push.paths=football-data/manifests/oof_next_season_rollforward_v470_status.json"", ""push.paths=football-data/validation/smoke_oof_next_season_runtime_v470.py"", ""push.paths=.github/workflows/football-v470-oof-next-season-runtime-smoke.yml"", ""push.branches=main""]",[],"{""contents"": ""write""}","{""smoke"": {""_mode"": ""DEFAULT_INHERITED""}}",True,False,True,True,True,False,False,True,"[""football-data/engine/oof_next_season_runtime_v470.py"", ""football-data/validation/smoke_oof_next_season_runtime_v470.py""]",[],[],False,False,True,False,False,False,ONE_OFF/RESEARCH,CRITICAL_PUSH_WRITE_PERSIST,ARCHIVE,research.yml,phase1-plan-confirmed-by-static-parse
.github/workflows/football-v470-priority-promotion-review.yml,Football V4.7 Priority Promotion Review,"[""push"", ""workflow_dispatch""]","[""push.paths=football-data/validation/review_priority_challenger_promotion_v470.py"", ""push.paths=football-data/validation/train_priority_challengers_v470.py"", ""push.paths=football-data/engine/conditional_allocation_challenger_v470.py"", ""push.paths=football-data/engine/total_tail_challenger_v470.py"", ""push.paths=football-data/models/challengers_v470/USA_MLS/priority_v470.json"", ""push.paths=.github/workflows/football-v470-priority-promotion-review.yml"", ""push.branches=main""]",[],"{""contents"": ""write""}","{""review-priority-promotion"": {""_mode"": ""DEFAULT_INHERITED""}}",True,False,True,True,True,False,False,True,"[""football-data/engine/conditional_allocation_challenger_v470.py"", ""football-data/engine/total_tail_challenger_v470.py"", ""football-data/validation/review_priority_challenger_promotion_v470.py"", ""football-data/validation/train_priority_challengers_v470.py""]",[],[],True,False,True,False,False,False,RESEARCH,CRITICAL_PUSH_WRITE_PERSIST,ARCHIVE,research.yml,phase1-plan-confirmed-by-static-parse
.github/workflows/football-v470-priority-topk-review.yml,Football V4.7 Priority Top-k Review,"[""push"", ""workflow_dispatch""]","[""push.paths=football-data/validation/review_priority_challenger_topk_v470.py"", ""push.paths=football-data/validation/train_priority_challengers_v470.py"", ""push.paths=football-data/engine/conditional_allocation_challenger_v470.py"", ""push.paths=football-data/engine/total_tail_challenger_v470.py"", ""push.paths=football-data/models/challengers_v470/USA_MLS/priority_v470.json"", ""push.paths=.github/workflows/football-v470-priority-topk-review.yml"", ""push.branches=main""]",[],"{""contents"": ""write""}","{""review-score-topk"": {""_mode"": ""DEFAULT_INHERITED""}}",True,False,True,True,True,False,False,True,"[""football-data/engine/conditional_allocation_challenger_v470.py"", ""football-data/engine/total_tail_challenger_v470.py"", ""football-data/validation/review_priority_challenger_topk_v470.py"", ""football-data/validation/train_priority_challengers_v470.py""]",[],[],True,False,True,False,False,False,RESEARCH,CRITICAL_PUSH_WRITE_PERSIST,ARCHIVE,research.yml,phase1-plan-confirmed-by-static-parse
.github/workflows/football-v470-priority-training.yml,Football V4.7 Priority Challenger Training,"[""push"", ""workflow_dispatch""]","[""push.paths=football-data/validation/train_priority_challengers_v470.py"", ""push.paths=football-data/validation/train_one_priority_challenger_v470.py"", ""push.paths=football-data/validation/persist_files_v474.py"", ""push.paths=football-data/engine/conditional_allocation_challenger_v470.py"", ""push.paths=football-data/engine/total_tail_challenger_v470.py"", ""push.paths=.github/workflows/football-v470-priority-training.yml"", ""push.branches=main""]",[],"{""contents"": ""read""}","{""aggregate"": {""contents"": ""write""}, ""train"": {""_mode"": ""DEFAULT_INHERITED""}}",True,False,True,False,False,False,True,False,"[""football-data/engine/conditional_allocation_challenger_v470.py"", ""football-data/engine/total_tail_challenger_v470.py"", ""football-data/validation/persist_files_v474.py"", ""football-data/validation/train_one_priority_challenger_v470.py"", ""football-data/validation/train_priority_challengers_v470.py""]",[],[],True,True,True,False,False,False,ONE_OFF/RESEARCH,CRITICAL_PUSH_WRITE_PERSIST,ARCHIVE,research.yml,phase1-plan-confirmed-by-static-parse
.github/workflows/football-v470-probable-lineup-runtime-smoke.yml,Football V4.7 Probable Lineup Runtime Smoke,"[""push"", ""workflow_dispatch""]","[""push.paths=football-data/engine/probable_lineup_challenger_v470.py"", ""push.paths=football-data/engine/probable_lineup_runtime_v470.py"", ""push.paths=football-data/engine/run_formal_prediction_actionable.py"", ""push.paths=football-data/validation/smoke_probable_lineup_runtime_v470.py"", ""push.paths=.github/workflows/football-v470-probable-lineup-runtime-smoke.yml"", ""push.branches=main""]",[],"{""contents"": ""write""}","{""smoke"": {""_mode"": ""DEFAULT_INHERITED""}}",True,False,True,True,True,False,False,True,"[""football-data/engine/probable_lineup_challenger_v470.py"", ""football-data/engine/probable_lineup_runtime_v470.py"", ""football-data/engine/run_formal_prediction_actionable.py"", ""football-data/validation/smoke_probable_lineup_runtime_v470.py""]",[],[],True,True,False,False,False,False,ONE_OFF/RESEARCH,CRITICAL_PUSH_WRITE_PERSIST,ARCHIVE,research.yml,phase1-plan-confirmed-by-static-parse
.github/workflows/football-v470-promote-mls-d-conditional.yml,Football V4.7 Promote MLS D Conditional,"[""push"", ""workflow_dispatch""]","[""push.paths=football-data/validation/promote_mls_d_conditional_v470.py"", ""push.paths=football-data/manifests/mls_d_conditional_final_chain_v470_status.json"", ""push.paths=football-data/models/challengers_v470/USA_MLS/priority_v470.json"", ""push.paths=football-data/models/formal_core_v460/USA_MLS/oof_matrix_calibrator.json"", ""push.paths=football-data/engine/conditional_allocation_challenger_v470.py"", ""push.paths=football-data/config/competition_independent_v470.json"", ""push.paths=football-data/manifests/runtime_maintenance_v473_status.json"", ""push.paths=football-data/manifests/final_chain_replay_v463_status.json"", ""push.paths=.github/workflows/football-v470-promote-mls-d-conditional.yml"", ""push.branches=main""]",[],"{""contents"": ""write""}","{""sign-promotion-receipt"": {""_mode"": ""DEFAULT_INHERITED""}}",True,False,True,True,True,False,False,True,"[""football-data/validation/promote_mls_d_conditional_v470.py""]",[],[],True,False,True,False,False,True,RESEARCH,CRITICAL_PUSH_WRITE_PERSIST,ARCHIVE,research.yml,phase1-plan-confirmed-by-static-parse
.github/workflows/football-v470-remaining-domain-challenger-training.yml,Football V4.7 Remaining Domain Challenger Training,"[""push"", ""workflow_dispatch""]","[""push.paths=football-data/validation/train_remaining_competition_challengers_v470.py"", ""push.paths=football-data/validation/train_priority_challengers_v470.py"", ""push.paths=football-data/engine/conditional_allocation_challenger_v470.py"", ""push.paths=football-data/engine/total_tail_challenger_v470.py"", ""push.paths=football-data/engine/football_v460_engine.py"", ""push.paths=.github/workflows/football-v470-remaining-domain-challenger-training.yml"", ""push.branches=main""]",[],"{""contents"": ""write""}","{""train-remaining-domains"": {""_mode"": ""DEFAULT_INHERITED""}}",True,False,True,True,True,False,False,True,"[""football-data/engine/conditional_allocation_challenger_v470.py"", ""football-data/engine/total_tail_challenger_v470.py"", ""football-data/validation/train_priority_challengers_v470.py"", ""football-data/validation/train_remaining_competition_challengers_v470.py""]",[],[],True,False,True,False,False,False,ONE_OFF/RESEARCH,CRITICAL_PUSH_WRITE_PERSIST,ARCHIVE,research.yml,phase1-plan-confirmed-by-static-parse
.github/workflows/football-v470-remaining-domain-parallel-training.yml,Football V4.7 Remaining Domain Parallel Training,"[""push"", ""workflow_dispatch""]","[""push.paths=football-data/validation/train_one_remaining_challenger_v470.py"", ""push.paths=football-data/validation/aggregate_remaining_challengers_v470.py"", ""push.paths=football-data/validation/train_priority_challengers_v470.py"", ""push.paths=football-data/engine/conditional_allocation_challenger_v470.py"", ""push.paths=football-data/engine/total_tail_challenger_v470.py"", ""push.paths=football-data/engine/football_v460_engine.py"", ""push.paths=.github/workflows/football-v470-remaining-domain-parallel-training.yml"", ""push.branches=main""]",[],"{""contents"": ""write""}","{""aggregate"": {""_mode"": ""DEFAULT_INHERITED""}, ""train"": {""_mode"": ""DEFAULT_INHERITED""}}",True,False,True,True,True,False,False,True,"[""football-data/engine/conditional_allocation_challenger_v470.py"", ""football-data/engine/total_tail_challenger_v470.py"", ""football-data/validation/aggregate_remaining_challengers_v470.py"", ""football-data/validation/train_one_remaining_challenger_v470.py"", ""football-data/validation/train_priority_challengers_v470.py""]",[],[],True,False,True,False,False,False,ONE_OFF/RESEARCH,CRITICAL_PUSH_WRITE_PERSIST,ARCHIVE,research.yml,phase1-plan-confirmed-by-static-parse
.github/workflows/football-v470-result-calibration-ipf-rolling-oof.yml,Football V4.7 Result Calibration IPF Rolling OOF,"[""push"", ""workflow_dispatch""]","[""push.paths=football-data/validation/validate_result_calibration_ipf_rolling_oof_v470.py"", ""push.paths=football-data/validation/validate_result_calibration_ipf_rolling_oof_v470_strict.py"", ""push.paths=football-data/validation/validate_draw_residual_rolling_oof_v470.py"", ""push.paths=football-data/validation/backtest_last_complete_season_all_domains_v470.py"", ""push.paths=.github/workflows/football-v470-result-calibration-ipf-rolling-oof.yml"", ""push.branches=main""]",[],"{""contents"": ""write""}","{""validate"": {""_mode"": ""DEFAULT_INHERITED""}}",True,False,True,True,True,False,False,True,"[""football-data/validation/backtest_last_complete_season_all_domains_v470.py"", ""football-data/validation/validate_draw_residual_rolling_oof_v470.py"", ""football-data/validation/validate_result_calibration_ipf_rolling_oof_v470.py"", ""football-data/validation/validate_result_calibration_ipf_rolling_oof_v470_strict.py""]",[],[],True,True,True,False,False,False,RESEARCH,CRITICAL_PUSH_WRITE_PERSIST,ARCHIVE,research.yml,phase1-plan-confirmed-by-static-parse
.github/workflows/football-v470-retrospective-ah-direction-baseline.yml,Football V4.7 Retrospective AH Direction Baseline,"[""push"", ""workflow_dispatch""]","[""push.paths=football-data/validation/retrospective_ah_direction_baseline_v470.py"", ""push.paths=football-data/validation/backtest_last_complete_season_all_domains_v470.py"", ""push.paths=.github/workflows/football-v470-retrospective-ah-direction-baseline.yml"", ""push.branches=main""]",[],"{""contents"": ""write""}","{""validate"": {""_mode"": ""DEFAULT_INHERITED""}}",True,False,True,True,True,False,False,True,"[""football-data/validation/backtest_last_complete_season_all_domains_v470.py"", ""football-data/validation/retrospective_ah_direction_baseline_v470.py""]",[],[],True,True,True,False,False,False,RESEARCH,CRITICAL_PUSH_WRITE_PERSIST,ARCHIVE,research.yml,phase1-plan-confirmed-by-static-parse
.github/workflows/football-v470-score-total-structural-diagnostic.yml,Football V4.7 Score Total Structural Diagnostic,"[""push"", ""workflow_dispatch""]","[""push.paths=football-data/validation/score_total_structural_diagnostic_v470.py"", ""push.paths=football-data/validation/backtest_last_complete_season_all_domains_v470.py"", ""push.paths=.github/workflows/football-v470-score-total-structural-diagnostic.yml"", ""push.branches=main""]",[],"{""contents"": ""write""}","{""validate"": {""_mode"": ""DEFAULT_INHERITED""}}",True,False,True,True,True,False,False,True,"[""football-data/validation/backtest_last_complete_season_all_domains_v470.py"", ""football-data/validation/score_total_structural_diagnostic_v470.py""]",[],[],True,True,True,False,False,False,ONE_OFF/RESEARCH,CRITICAL_PUSH_WRITE_PERSIST,ARCHIVE,research.yml,phase1-plan-confirmed-by-static-parse
.github/workflows/football-v470-total-residual-kl-tilt-rolling-oof.yml,Football V4.7 Total Residual KL Tilt Rolling OOF,"[""push"", ""workflow_dispatch""]","[""push.paths=football-data/validation/validate_total_residual_kl_tilt_rolling_oof_v470.py"", ""push.paths=football-data/validation/backtest_last_complete_season_all_domains_v470.py"", ""push.paths=.github/workflows/football-v470-total-residual-kl-tilt-rolling-oof.yml"", ""push.branches=main""]",[],"{""contents"": ""write""}","{""validate"": {""_mode"": ""DEFAULT_INHERITED""}}",True,False,True,True,True,False,False,True,"[""football-data/validation/backtest_last_complete_season_all_domains_v470.py"", ""football-data/validation/validate_total_residual_kl_tilt_rolling_oof_v470.py""]",[],[],True,True,True,False,False,False,RESEARCH,CRITICAL_PUSH_WRITE_PERSIST,ARCHIVE,research.yml,phase1-plan-confirmed-by-static-parse
.github/workflows/football-v480-direct-total-distribution-research.yml,Football V4.8 Direct Total Distribution Research,"[""push"", ""workflow_dispatch""]","[""push.paths=football-data/validation/direct_total_distribution_challenger_v480.py"", ""push.paths=football-data/validation/run_direct_total_distribution_v480.py"", ""push.paths=football-data/validation/aggregate_direct_total_distribution_v480.py"", ""push.paths=.github/workflows/football-v480-direct-total-distribution-research.yml"", ""push.branches=main""]",[],"{""contents"": ""write""}","{""aggregate"": {""_mode"": ""DEFAULT_INHERITED""}, ""validate-domain"": {""_mode"": ""DEFAULT_INHERITED""}}",True,False,True,True,True,False,False,True,"[""football-data/validation/aggregate_direct_total_distribution_v480.py"", ""football-data/validation/direct_total_distribution_challenger_v480.py"", ""football-data/validation/run_direct_total_distribution_v480.py""]",[],[],True,True,True,False,False,False,RESEARCH,CRITICAL_PUSH_WRITE_PERSIST,ARCHIVE,research.yml,phase1-plan-confirmed-by-static-parse
.github/workflows/football-v480-direct-total-recalibration-review.yml,Football V4.8 Direct Total Recalibration Review,"[""push"", ""workflow_dispatch""]","[""push.paths=football-data/manifests/direct_total_distribution_v480_status.json"", ""push.branches=main""]",[],"{""contents"": ""write""}","{""aggregate"": {""_mode"": ""DEFAULT_INHERITED""}, ""review-domain"": {""_mode"": ""DEFAULT_INHERITED""}}",True,False,True,True,True,False,False,True,"[""football-data/validation/aggregate_direct_total_recalibration_v480.py"", ""football-data/validation/direct_total_distribution_challenger_v480.py"", ""football-data/validation/direct_total_distribution_recalibration_v480.py""]",[],[],True,True,True,False,False,False,RESEARCH,CRITICAL_PUSH_WRITE_PERSIST,ARCHIVE,research.yml,phase1-plan-confirmed-by-static-parse
.github/workflows/football-v480-governance-smoke.yml,Football V4.8 Governance Runtime Smoke,"[""push"", ""workflow_dispatch""]","[""push.paths=football-data/manifests/v480_upgrade_status.json"", ""push.paths=football-data/engine/formal_governance_runtime_v470.py"", ""push.paths=football-data/validation/formal_governance_runtime_v480_smoke.py"", ""push.paths=.github/workflows/football-v480-governance-smoke.yml"", ""push.branches=main""]",[],"{""contents"": ""write""}","{""smoke"": {""_mode"": ""DEFAULT_INHERITED""}}",True,False,True,True,True,False,False,True,"[""football-data/engine/formal_governance_runtime_v470.py"", ""football-data/validation/formal_governance_runtime_v480_smoke.py""]",[],[],True,True,False,False,False,False,ONE_OFF/RESEARCH,CRITICAL_PUSH_WRITE_PERSIST,ARCHIVE,research.yml,phase1-plan-confirmed-by-static-parse
.github/workflows/football-v500-bayesian-dynamic-state-adjudication.yml,Football V5 Bayesian Dynamic State Adjudication,"[""push"", ""workflow_dispatch""]","[""push.paths=football-data/manifests/bayesian_dynamic_state_oof_v500_status.json"", ""push.paths=football-data/manifests/bayesian_dynamic_state_oof_v500/**"", ""push.paths=football-data/validation/adjudicate_bayesian_dynamic_state_v500.py"", ""push.paths=.github/workflows/football-v500-bayesian-dynamic-state-adjudication.yml"", ""push.branches=main""]",[],"{""contents"": ""write""}","{""adjudicate"": {""_mode"": ""DEFAULT_INHERITED""}}",True,False,True,True,True,False,False,True,"[""football-data/validation/adjudicate_bayesian_dynamic_state_v500.py""]",[],[],True,True,False,False,False,False,ONE_OFF/RESEARCH,CRITICAL_PUSH_WRITE_PERSIST,ARCHIVE,research.yml,phase1-plan-confirmed-by-static-parse
.github/workflows/football-v500-bayesian-dynamic-state-oof.yml,Football V5 Bayesian Dynamic State OOF,"[""push"", ""workflow_dispatch""]","[""push.paths=football-data/validation/bayesian_dynamic_state_oof_v500.py"", ""push.paths=football-data/validation/run_bayesian_dynamic_state_domain_v500.py"", ""push.paths=football-data/validation/aggregate_bayesian_dynamic_state_oof_v500.py"", ""push.paths=football-data/validation/backtest_last_complete_season_all_domains_v470.py"", ""push.paths=football-data/engine/football_v460_engine.py"", ""push.paths=football-data/engine/oof_matrix_calibration.py"", ""push.paths=.github/workflows/football-v500-bayesian-dynamic-state-oof.yml"", ""push.branches=main""]",[],"{""contents"": ""write""}","{""aggregate"": {""_mode"": ""DEFAULT_INHERITED""}, ""validate-domain"": {""_mode"": ""DEFAULT_INHERITED""}}",True,False,True,True,True,False,False,True,"[""football-data/validation/aggregate_bayesian_dynamic_state_oof_v500.py"", ""football-data/validation/bayesian_dynamic_state_oof_v500.py"", ""football-data/validation/run_bayesian_dynamic_state_domain_v500.py""]",[],[],True,True,True,False,False,False,RESEARCH,CRITICAL_PUSH_WRITE_PERSIST,ARCHIVE,research.yml,phase1-plan-confirmed-by-static-parse
.github/workflows/football-v500-bayesian-dynamic-state-second-stage.yml,Football V5 Bayesian Dynamic State Second Stage,"[""push"", ""workflow_dispatch""]","[""push.paths=football-data/manifests/bayesian_dynamic_state_adjudication_v500_status.json"", ""push.paths=football-data/validation/validate_bayesian_dynamic_state_second_stage_v500.py"", ""push.paths=football-data/validation/bayesian_dynamic_state_oof_v500.py"", ""push.paths=.github/workflows/football-v500-bayesian-dynamic-state-second-stage.yml"", ""push.branches=main""]",[],"{""contents"": ""write""}","{""validate"": {""_mode"": ""DEFAULT_INHERITED""}}",True,False,True,True,True,False,False,True,"[""football-data/validation/bayesian_dynamic_state_oof_v500.py"", ""football-data/validation/validate_bayesian_dynamic_state_second_stage_v500.py""]",[],[],True,True,True,False,False,False,RESEARCH,CRITICAL_PUSH_WRITE_PERSIST,ARCHIVE,research.yml,phase1-plan-confirmed-by-static-parse
.github/workflows/football-v500-freeze-selective-direction.yml,Football V5 Freeze Selective Direction Threshold,"[""push"", ""workflow_dispatch""]","[""push.paths=football-data/validation/freeze_selective_direction_threshold_v500.py"", ""push.paths=football-data/validation/one_x_two_70pct_forward_threshold_oof_v470.py"", ""push.paths=football-data/manifests/one_x_two_70pct_forward_threshold_oof_v470_status.json"", ""push.paths=.github/workflows/football-v500-freeze-selective-direction.yml"", ""push.branches=main""]",[],"{""contents"": ""write""}","{""freeze"": {""_mode"": ""DEFAULT_INHERITED""}}",True,False,True,True,True,False,False,True,"[""football-data/validation/freeze_selective_direction_threshold_v500.py""]",[],[],True,True,True,False,False,False,RESEARCH,CRITICAL_PUSH_WRITE_PERSIST,ARCHIVE,research.yml,phase1-plan-confirmed-by-static-parse
.github/workflows/football-v500-selective-direction-gate-smoke.yml,Football V5 Selective Direction Gate Smoke,"[""push"", ""workflow_dispatch""]","[""push.paths=football-data/manifests/v500_upgrade_status.json"", ""push.paths=football-data/manifests/promotions/ESP_LaLiga_selective_direction_v500.json"", ""push.paths=football-data/engine/selective_direction_gate_v500.py"", ""push.paths=football-data/validation/selective_direction_gate_v500_smoke.py"", ""push.paths=.github/workflows/football-v500-selective-direction-gate-smoke.yml"", ""push.branches=main""]",[],"{""contents"": ""write""}","{""smoke"": {""_mode"": ""DEFAULT_INHERITED""}}",True,False,True,True,True,False,False,True,"[""football-data/engine/selective_direction_gate_v500.py"", ""football-data/validation/selective_direction_gate_v500_smoke.py""]",[],[],True,True,False,False,False,False,ONE_OFF/RESEARCH,CRITICAL_PUSH_WRITE_PERSIST,ARCHIVE,research.yml,phase1-plan-confirmed-by-static-parse
.github/workflows/football-v500-selective-direction-runtime-smoke.yml,Football V5 Selective Direction Runtime Smoke,"[""push"", ""workflow_dispatch""]","[""push.paths=football-data/engine/selective_direction_gate_v500.py"", ""push.paths=football-data/engine/run_formal_prediction_actionable.py"", ""push.paths=football-data/manifests/v500_upgrade_status.json"", ""push.paths=football-data/manifests/promotions/ESP_LaLiga_selective_direction_v500.json"", ""push.paths=football-data/manifests/promotions/ESP_LaLiga_selective_direction_v500_selection.json"", ""push.paths=football-data/manifests/promotions/ESP_LaLiga_selective_direction_v500_runtime_activation.json"", ""push.paths=football-data/validation/smoke_selective_direction_runtime_v500.py"", ""push.paths=.github/workflows/football-v500-selective-direction-runtime-smoke.yml"", ""push.branches=main""]",[],"{""contents"": ""write""}","{""smoke"": {""_mode"": ""DEFAULT_INHERITED""}}",True,False,True,True,True,False,False,True,"[""football-data/engine/run_formal_prediction_actionable.py"", ""football-data/engine/selective_direction_gate_v500.py"", ""football-data/validation/smoke_selective_direction_runtime_v500.py""]",[],[],True,True,False,False,False,False,ONE_OFF/RESEARCH,CRITICAL_PUSH_WRITE_PERSIST,ARCHIVE,research.yml,phase1-plan-confirmed-by-static-parse
.github/workflows/football-v500-upgrade-acceptance.yml,Football V5 Upgrade Acceptance,"[""push"", ""workflow_dispatch""]","[""push.paths=football-data/config/v500_multisource_challenger_registry.json"", ""push.paths=football-data/manifests/v480_upgrade_status.json"", ""push.paths=football-data/manifests/v500_upgrade_status.json"", ""push.paths=football-data/manifests/formal_governance_runtime_v480_smoke.json"", ""push.paths=football-data/manifests/selective_direction_gate_v500_smoke.json"", ""push.paths=football-data/manifests/promotions/ESP_LaLiga_selective_direction_v500_selection.json"", ""push.paths=football-data/manifests/promotions/ESP_LaLiga_selective_direction_v500.json"", ""push.paths=football-data/manifests/total_residual_kl_tilt_rolling_oof_v470_status.json"", ""push.paths=football-data/validation/validate_v500_upgrade_acceptance.py"", ""push.paths=.github/workflows/football-v500-upgrade-acceptance.yml"", ""push.branches=main""]",[],"{""contents"": ""write""}","{""validate"": {""_mode"": ""DEFAULT_INHERITED""}}",True,False,True,True,True,False,False,True,"[""football-data/validation/validate_v500_upgrade_acceptance.py""]",[],[],True,True,False,False,False,False,RESEARCH,CRITICAL_PUSH_WRITE_PERSIST,ARCHIVE,research.yml,phase1-plan-confirmed-by-static-parse
.github/workflows/football-v501-ah-constrained-dynamic-blend-debug.yml,Football V5.0.1 AH-Constrained Blend Debug,"[""push"", ""workflow_dispatch""]","[""push.paths=.github/workflows/football-v501-ah-constrained-dynamic-blend-debug.yml"", ""push.branches=main""]",[],"{""contents"": ""write""}","{""debug"": {""_mode"": ""DEFAULT_INHERITED""}}",True,False,True,True,True,False,False,True,"[""football-data/validation/run_ah_constrained_dynamic_blend_v501.py""]",[],[],False,False,True,False,False,False,ONE_OFF/RESEARCH,CRITICAL_PUSH_WRITE_PERSIST,ARCHIVE,research.yml,phase1-plan-confirmed-by-static-parse
.github/workflows/football-v501-ah-constrained-dynamic-blend-parallel.yml,Football V5.0.1 AH-Constrained Dynamic Blend Parallel,"[""push"", ""workflow_dispatch""]","[""push.paths=football-data/validation/run_ah_constrained_dynamic_blend_domain_v501.py"", ""push.paths=football-data/validation/aggregate_ah_constrained_dynamic_blend_v501.py"", ""push.paths=.github/workflows/football-v501-ah-constrained-dynamic-blend-parallel.yml"", ""push.branches=main""]",[],"{""contents"": ""write""}","{""aggregate"": {""_mode"": ""DEFAULT_INHERITED""}, ""validate-domain"": {""_mode"": ""DEFAULT_INHERITED""}}",True,False,True,True,True,False,False,True,"[""football-data/validation/aggregate_ah_constrained_dynamic_blend_v501.py"", ""football-data/validation/run_ah_constrained_dynamic_blend_domain_v501.py"", ""football-data/validation/validate_ah_constrained_dynamic_blend_v501.py""]",[],[],True,True,True,False,False,False,RESEARCH,CRITICAL_PUSH_WRITE_PERSIST,ARCHIVE,research.yml,phase1-plan-confirmed-by-static-parse
.github/workflows/football-v501-ah-constrained-dynamic-blend.yml,Football V5.0.1 AH-Constrained Dynamic Blend OOF,"[""push"", ""workflow_dispatch""]","[""push.paths=football-data/manifests/bayesian_dynamic_state_four_target_verdict_v501_status.json"", ""push.paths=football-data/validation/validate_ah_constrained_dynamic_blend_v501.py"", ""push.paths=football-data/validation/run_ah_constrained_dynamic_blend_v501.py"", ""push.paths=.github/workflows/football-v501-ah-constrained-dynamic-blend.yml"", ""push.branches=main""]",[],"{""contents"": ""write""}","{""validate"": {""_mode"": ""DEFAULT_INHERITED""}}",True,False,True,True,True,False,False,True,"[""football-data/validation/run_ah_constrained_dynamic_blend_v501.py"", ""football-data/validation/validate_ah_constrained_dynamic_blend_v501.py""]",[],[],True,True,True,False,False,False,RESEARCH,CRITICAL_PUSH_WRITE_PERSIST,ARCHIVE,research.yml,phase1-plan-confirmed-by-static-parse
.github/workflows/football-v501-bayesian-dynamic-state-adjudication.yml,Football V5.0.1 Bayesian Dynamic State Adjudication,"[""push"", ""workflow_dispatch""]","[""push.paths=football-data/manifests/bayesian_dynamic_state_oof_v501_status.json"", ""push.paths=football-data/manifests/bayesian_dynamic_state_oof_v501/**"", ""push.paths=football-data/validation/adjudicate_bayesian_dynamic_state_v501.py"", ""push.paths=.github/workflows/football-v501-bayesian-dynamic-state-adjudication.yml"", ""push.branches=main""]",[],"{""contents"": ""write""}","{""adjudicate"": {""_mode"": ""DEFAULT_INHERITED""}}",True,False,True,True,True,False,False,True,"[""football-data/validation/adjudicate_bayesian_dynamic_state_v500.py"", ""football-data/validation/adjudicate_bayesian_dynamic_state_v501.py""]",[],[],True,True,True,False,False,False,ONE_OFF/RESEARCH,CRITICAL_PUSH_WRITE_PERSIST,ARCHIVE,research.yml,phase1-plan-confirmed-by-static-parse
.github/workflows/football-v501-bayesian-dynamic-state-same-day-safe-smoke.yml,Football V5.0.1 Dynamic State Same-Day-Safe Smoke,"[""push"", ""workflow_dispatch""]","[""push.paths=football-data/validation/bayesian_dynamic_state_oof_v501_same_day_safe.py"", ""push.paths=football-data/validation/smoke_bayesian_dynamic_state_same_day_safe_v501.py"", ""push.paths=.github/workflows/football-v501-bayesian-dynamic-state-same-day-safe-smoke.yml"", ""push.branches=main""]",[],"{""contents"": ""write""}","{""smoke"": {""_mode"": ""DEFAULT_INHERITED""}}",True,False,True,True,True,False,False,True,"[""football-data/validation/bayesian_dynamic_state_oof_v501_same_day_safe.py"", ""football-data/validation/smoke_bayesian_dynamic_state_same_day_safe_v501.py""]",[],[],False,False,True,False,False,False,ONE_OFF/RESEARCH,CRITICAL_PUSH_WRITE_PERSIST,ARCHIVE,research.yml,phase1-plan-confirmed-by-static-parse
.github/workflows/football-v501-bayesian-dynamic-state-same-day-safe.yml,Football V5.0.1 Bayesian Dynamic State Same-Day-Safe Replay,"[""push"", ""workflow_dispatch""]","[""push.paths=football-data/manifests/bayesian_dynamic_state_v500_invalidation_status.json"", ""push.paths=football-data/validation/bayesian_dynamic_state_oof_v501_same_day_safe.py"", ""push.paths=football-data/validation/run_bayesian_dynamic_state_domain_v501.py"", ""push.paths=football-data/validation/aggregate_bayesian_dynamic_state_oof_v501.py"", ""push.paths=.github/workflows/football-v501-bayesian-dynamic-state-same-day-safe.yml"", ""push.branches=main""]",[],"{""contents"": ""write""}","{""aggregate"": {""_mode"": ""DEFAULT_INHERITED""}, ""validate-domain"": {""_mode"": ""DEFAULT_INHERITED""}}",True,False,True,True,True,False,False,True,"[""football-data/validation/aggregate_bayesian_dynamic_state_oof_v501.py"", ""football-data/validation/bayesian_dynamic_state_oof_v500.py"", ""football-data/validation/bayesian_dynamic_state_oof_v501_same_day_safe.py"", ""football-data/validation/run_bayesian_dynamic_state_domain_v501.py""]",[],[],True,True,True,False,False,False,RESEARCH,CRITICAL_PUSH_WRITE_PERSIST,ARCHIVE,research.yml,phase1-plan-confirmed-by-static-parse
.github/workflows/football-v501-bayesian-dynamic-state-second-stage.yml,Football V5.0.1 Bayesian Dynamic State Second Stage,"[""push"", ""workflow_dispatch""]","[""push.paths=football-data/manifests/bayesian_dynamic_state_adjudication_v501_status.json"", ""push.paths=football-data/validation/validate_bayesian_dynamic_state_second_stage_v501.py"", ""push.paths=football-data/validation/bayesian_dynamic_state_oof_v501_same_day_safe.py"", ""push.paths=.github/workflows/football-v501-bayesian-dynamic-state-second-stage.yml"", ""push.branches=main""]",[],"{""contents"": ""write""}","{""validate"": {""_mode"": ""DEFAULT_INHERITED""}}",True,False,True,True,True,False,False,True,"[""football-data/validation/bayesian_dynamic_state_oof_v500.py"", ""football-data/validation/bayesian_dynamic_state_oof_v501_same_day_safe.py"", ""football-data/validation/validate_bayesian_dynamic_state_second_stage_v500.py"", ""football-data/validation/validate_bayesian_dynamic_state_second_stage_v501.py""]",[],[],True,True,True,False,False,False,RESEARCH,CRITICAL_PUSH_WRITE_PERSIST,ARCHIVE,research.yml,phase1-plan-confirmed-by-static-parse
.github/workflows/football-v501-bayesian-dynamic-state-ucl-receipt.yml,Football V5.0.1 Dynamic State UCL Evidence Receipt,"[""push"", ""workflow_dispatch""]","[""push.paths=football-data/validation/run_bayesian_dynamic_state_domain_v501.py"", ""push.paths=football-data/validation/aggregate_bayesian_dynamic_state_oof_v501.py"", ""push.paths=.github/workflows/football-v501-bayesian-dynamic-state-ucl-receipt.yml"", ""push.branches=main""]",[],"{""contents"": ""write""}","{""persist"": {""_mode"": ""DEFAULT_INHERITED""}}",True,False,True,True,True,False,False,True,"[""football-data/validation/aggregate_bayesian_dynamic_state_oof_v501.py"", ""football-data/validation/bayesian_dynamic_state_oof_v501_same_day_safe.py"", ""football-data/validation/run_bayesian_dynamic_state_domain_v501.py""]",[],[],True,True,True,False,False,False,RESEARCH,CRITICAL_PUSH_WRITE_PERSIST,ARCHIVE,research.yml,phase1-plan-confirmed-by-static-parse
.github/workflows/football-v501-dynamic-state-adjudication-debug.yml,Football V5.0.1 Dynamic State Adjudication Debug,"[""push"", ""workflow_dispatch""]","[""push.paths=.github/workflows/football-v501-dynamic-state-adjudication-debug.yml"", ""push.branches=main""]",[],"{""contents"": ""write""}","{""debug"": {""_mode"": ""DEFAULT_INHERITED""}}",True,False,True,True,True,False,False,True,"[""football-data/validation/adjudicate_bayesian_dynamic_state_v501.py""]",[],[],False,False,False,False,False,False,ONE_OFF/RESEARCH,CRITICAL_PUSH_WRITE_PERSIST,ARCHIVE,research.yml,phase1-plan-confirmed-by-static-parse
.github/workflows/football-v501-dynamic-state-adjudication-oneshot.yml,Football V5.0.1 Dynamic State Adjudication One-Shot,"[""push"", ""workflow_dispatch""]","[""push.paths=.github/workflows/football-v501-dynamic-state-adjudication-oneshot.yml"", ""push.branches=main""]",[],"{""contents"": ""write""}","{""adjudicate"": {""_mode"": ""DEFAULT_INHERITED""}}",True,False,True,True,True,False,False,True,"[""football-data/validation/adjudicate_bayesian_dynamic_state_v501.py""]",[],[],False,False,False,False,False,False,ONE_OFF/RESEARCH,CRITICAL_PUSH_WRITE_PERSIST,ARCHIVE,research.yml,phase1-plan-confirmed-by-static-parse
.github/workflows/football-v501-dynamic-state-finalize.yml,Football V5.0.1 Dynamic State Evidence Finalize,"[""push"", ""workflow_dispatch""]","[""push.paths=.github/workflows/football-v501-dynamic-state-finalize.yml"", ""push.branches=main""]",[],"{""contents"": ""write""}","{""finalize"": {""_mode"": ""DEFAULT_INHERITED""}}",True,False,True,True,True,False,False,True,"[""football-data/validation/adjudicate_bayesian_dynamic_state_v500.py"", ""football-data/validation/adjudicate_bayesian_dynamic_state_v501.py"", ""football-data/validation/bayesian_dynamic_state_oof_v501_same_day_safe.py"", ""football-data/validation/retrospective_ah_dynamic_state_v501.py"", ""football-data/validation/validate_bayesian_dynamic_state_second_stage_v500.py"", ""football-data/validation/validate_bayesian_dynamic_state_second_stage_v501.py""]",[],[],True,True,True,False,False,False,RESEARCH,CRITICAL_PUSH_WRITE_PERSIST,ARCHIVE,research.yml,phase1-plan-confirmed-by-static-parse
.github/workflows/football-v501-dynamic-state-four-target-verdict.yml,Football V5.0.1 Dynamic State Four-Target Verdict,"[""push"", ""workflow_dispatch""]","[""push.paths=football-data/manifests/bayesian_dynamic_state_adjudication_v501_status.json"", ""push.paths=football-data/manifests/bayesian_dynamic_state_second_stage_v501_status.json"", ""push.paths=football-data/manifests/retrospective_ah_dynamic_state_v501_status.json"", ""push.paths=football-data/validation/adjudicate_dynamic_state_four_target_v501.py"", ""push.paths=.github/workflows/football-v501-dynamic-state-four-target-verdict.yml"", ""push.branches=main""]",[],"{""contents"": ""write""}","{""adjudicate"": {""_mode"": ""DEFAULT_INHERITED""}}",True,False,True,True,True,False,False,True,"[""football-data/validation/adjudicate_dynamic_state_four_target_v501.py""]",[],[],True,True,False,False,False,False,RESEARCH,CRITICAL_PUSH_WRITE_PERSIST,ARCHIVE,research.yml,phase1-plan-confirmed-by-static-parse
.github/workflows/football-v501-formal-prediction-queue.yml,football-v501-formal-prediction-queue,"[""push"", ""workflow_dispatch""]","[""push.paths=football-data/evidence/formal_prediction_requests_v501/**"", ""push.paths=football-data/validation/formal_prediction_queue_v501.py"", ""push.paths=football-data/engine/run_formal_prediction_actionable.py"", ""push.paths=football-data/manifests/v501_upgrade_status.json"", ""push.paths=.github/workflows/football-v501-formal-prediction-queue.yml""]",[],"{""contents"": ""read""}","{""run-queue"": {""contents"": ""write""}}",True,False,False,False,False,False,False,False,"[""football-data/engine/run_formal_prediction_actionable.py"", ""football-data/validation/formal_prediction_queue_v501.py"", ""football-data/validation/persist_generated_worktree_v474.py""]",[],[],True,False,True,False,False,False,FORMAL/GOVERNANCE,HIGH_PUSH_WRITE,CONSOLIDATE,ci.yml/maintenance.yml,phase1-plan-confirmed-by-static-parse
.github/workflows/football-v501-retrospective-ah-dynamic-state.yml,Football V5.0.1 Retrospective AH Dynamic-State Comparison,"[""push"", ""workflow_dispatch""]","[""push.paths=football-data/manifests/bayesian_dynamic_state_second_stage_v501_status.json"", ""push.paths=football-data/manifests/bayesian_dynamic_state_second_stage_v501/**"", ""push.paths=football-data/validation/retrospective_ah_dynamic_state_v501.py"", ""push.paths=.github/workflows/football-v501-retrospective-ah-dynamic-state.yml"", ""push.branches=main""]",[],"{""contents"": ""write""}","{""validate"": {""_mode"": ""DEFAULT_INHERITED""}}",True,False,True,True,True,False,False,True,"[""football-data/validation/retrospective_ah_dynamic_state_v501.py""]",[],[],False,False,True,False,False,False,RESEARCH,CRITICAL_PUSH_WRITE_PERSIST,ARCHIVE,research.yml,phase1-plan-confirmed-by-static-parse
.github/workflows/football-v501-total-only-dynamic-projection.yml,Football V5.0.1 Total-Only Dynamic Projection,"[""push"", ""workflow_dispatch""]","[""push.paths=football-data/validation/run_total_only_dynamic_projection_domain_v501.py"", ""push.paths=football-data/validation/aggregate_total_only_dynamic_projection_v501.py"", ""push.paths=.github/workflows/football-v501-total-only-dynamic-projection.yml"", ""push.branches=main""]",[],"{""contents"": ""write""}","{""aggregate"": {""_mode"": ""DEFAULT_INHERITED""}, ""validate-domain"": {""_mode"": ""DEFAULT_INHERITED""}}",True,False,True,True,True,False,False,True,"[""football-data/validation/aggregate_total_only_dynamic_projection_v501.py"", ""football-data/validation/run_total_only_dynamic_projection_domain_v501.py"", ""football-data/validation/validate_two_axis_dynamic_projection_v501.py""]",[],[],True,True,True,False,False,False,RESEARCH,CRITICAL_PUSH_WRITE_PERSIST,ARCHIVE,research.yml,phase1-plan-confirmed-by-static-parse
.github/workflows/football-v501-two-axis-dynamic-projection-smoke.yml,Football V5.0.1 Two-Axis Dynamic Projection Smoke,"[""push"", ""workflow_dispatch""]","[""push.paths=football-data/validation/validate_two_axis_dynamic_projection_v501.py"", ""push.paths=football-data/validation/smoke_two_axis_dynamic_projection_v501.py"", ""push.paths=.github/workflows/football-v501-two-axis-dynamic-projection-smoke.yml"", ""push.branches=main""]",[],"{""contents"": ""write""}","{""smoke"": {""_mode"": ""DEFAULT_INHERITED""}}",True,False,True,True,True,False,False,True,"[""football-data/validation/smoke_two_axis_dynamic_projection_v501.py"", ""football-data/validation/validate_two_axis_dynamic_projection_v501.py""]",[],[],False,False,False,False,False,False,ONE_OFF/RESEARCH,CRITICAL_PUSH_WRITE_PERSIST,ARCHIVE,research.yml,phase1-plan-confirmed-by-static-parse
.github/workflows/football-v501-two-axis-dynamic-projection.yml,Football V5.0.1 Two-Axis Dynamic Projection,"[""push"", ""workflow_dispatch""]","[""push.paths=football-data/validation/validate_two_axis_dynamic_projection_v501.py"", ""push.paths=football-data/validation/run_two_axis_dynamic_projection_domain_v501.py"", ""push.paths=football-data/validation/aggregate_two_axis_dynamic_projection_v501.py"", ""push.paths=.github/workflows/football-v501-two-axis-dynamic-projection.yml"", ""push.branches=main""]",[],"{""contents"": ""write""}","{""aggregate"": {""_mode"": ""DEFAULT_INHERITED""}, ""validate-domain"": {""_mode"": ""DEFAULT_INHERITED""}}",True,False,True,True,True,False,False,True,"[""football-data/validation/aggregate_two_axis_dynamic_projection_v501.py"", ""football-data/validation/run_two_axis_dynamic_projection_domain_v501.py"", ""football-data/validation/validate_two_axis_dynamic_projection_v501.py""]",[],[],True,True,True,False,False,False,RESEARCH,CRITICAL_PUSH_WRITE_PERSIST,ARCHIVE,research.yml,phase1-plan-confirmed-by-static-parse
.github/workflows/football-v5526-compact-audit.yml,football-v5526-compact-audit,"[""push"", ""workflow_dispatch""]","[""push.paths=football-data/validation/v5526_compact_audit.py"", ""push.paths=.github/workflows/football-v5526-compact-audit.yml""]",[],"{""contents"": ""read""}","{""audit"": {""contents"": ""write""}}",True,False,False,False,False,False,False,False,"[""football-data/validation/persist_generated_worktree_v474.py"", ""football-data/validation/v5526_compact_audit.py""]",[],[],False,False,False,False,False,False,ONE_OFF/RESEARCH,HIGH_PUSH_WRITE,ARCHIVE,research.yml,phase1-plan-confirmed-by-static-parse
.github/workflows/football-v5533-nested-selective-accuracy.yml,Football V5.5.33 Nested Selective Accuracy,"[""push"", ""workflow_dispatch""]","[""push.paths=football-data/validation/nested_selective_accuracy_v5533.py"", ""push.paths=.github/workflows/football-v5533-nested-selective-accuracy.yml""]",[],"{""contents"": ""read""}","{""nested-selective-accuracy"": {""contents"": ""write""}}",True,False,True,False,False,False,True,False,"[""football-data/validation/nested_selective_accuracy_v5533.py"", ""football-data/validation/persist_files_v474.py""]",[],[],True,True,True,False,False,False,RESEARCH,CRITICAL_PUSH_WRITE_PERSIST,ARCHIVE,research.yml,phase1-plan-confirmed-by-static-parse
.github/workflows/football-v5534-domain-selective-forward.yml,Football V5.5.34 Domain Selective Forward Validation,"[""push"", ""workflow_dispatch""]","[""push.paths=football-data/validation/domain_selective_forward_v5534.py"", ""push.paths=.github/workflows/football-v5534-domain-selective-forward.yml""]",[],"{""contents"": ""read""}","{""validate-domain-gates"": {""contents"": ""write""}}",True,False,True,False,False,False,True,False,"[""football-data/validation/domain_selective_forward_v5534.py"", ""football-data/validation/persist_files_v474.py""]",[],[],True,True,True,False,False,False,RESEARCH,CRITICAL_PUSH_WRITE_PERSIST,ARCHIVE,research.yml,phase1-plan-confirmed-by-static-parse
.github/workflows/football-v6-active-kambi-market-v652.yml,football-v6-active-kambi-market-v652,"[""push"", ""schedule"", ""workflow_dispatch""]","[""push.paths=football-data/validation/v6_active_kambi_market_capture_v652.py"", ""push.paths=football-data/validation/v6_active_kambi_market_capture_v653.py"", ""push.paths=football-data/validation/v6_active_kambi_identity_audit_v652.py"", ""push.paths=football-data/validation/v6_special_market_sidecar_v6212.py"", ""push.paths=football-data/validation/v6_special_market_forward_eval_v6211.py"", ""push.paths=football-data/validation/v6_active_correct_score_total_forward_v62520.py"", ""push.paths=football-data/validation/v6_active_correct_score_total_independence_audit_v6521.py"", ""push.paths=football-data/validation/persist_generated_worktree_batch_v652.py"", ""push.paths=football-data/config/v6_active_kambi_team_aliases_v652.json"", ""push.paths=football-data/config/team_aliases.json"", ""push.paths=football-data/control/v6_active_kambi_manual_trigger.txt"", ""push.paths=.github/workflows/football-v6-active-kambi-market-v652.yml""]","[""5 */2 * * *""]","{""contents"": ""read""}","{""capture"": {""actions"": ""write"", ""contents"": ""write""}}",True,False,True,False,False,True,False,False,"[""football-data/validation/kambi_v523_adapter_v5511.py"", ""football-data/validation/persist_generated_worktree_batch_v652.py"", ""football-data/validation/prospective_market_snapshot_v523.py"", ""football-data/validation/v6_active_correct_score_total_forward_v62520.py"", ""football-data/validation/v6_active_correct_score_total_independence_audit_v6521.py"", ""football-data/validation/v6_active_kambi_identity_audit_v652.py"", ""football-data/validation/v6_active_kambi_market_capture_v652.py"", ""football-data/validation/v6_active_kambi_market_capture_v653.py"", ""football-data/validation/v6_special_market_forward_eval_v6211.py"", ""football-data/validation/v6_special_market_sidecar_v6212.py""]",[],[],True,True,True,False,False,False,SCHEDULED/DATA_OR_CONTEXT,CRITICAL_PUSH_WRITE_PERSIST,CONSOLIDATE,scheduled-data.yml/forward.yml,phase1-plan-confirmed-by-static-parse
.github/workflows/football-v6-bundesliga-manager-v6614.yml,football-v6-bundesliga-manager-v6614,"[""push"", ""schedule"", ""workflow_dispatch""]","[""push.paths=football-data/validation/v6_bundesliga_official_manager_v6614.py"", ""push.paths=.github/workflows/football-v6-bundesliga-manager-v6614.yml""]","[""40 4 * * 2""]","{""contents"": ""read""}","{""fetch"": {""actions"": ""write"", ""contents"": ""write""}}",True,False,False,False,False,False,False,False,"[""football-data/validation/persist_generated_worktree_v474.py"", ""football-data/validation/v6_bundesliga_official_manager_v6614.py""]",[],[],True,True,False,False,False,False,SCHEDULED/DATA_OR_CONTEXT,HIGH_PUSH_WRITE,CONSOLIDATE,scheduled-data.yml/forward.yml,phase1-plan-confirmed-by-static-parse
.github/workflows/football-v6-cbf-roster-v6618.yml,football-v6-cbf-roster-v6618,"[""push"", ""schedule"", ""workflow_dispatch""]","[""push.paths=football-data/validation/v6_cbf_current_roster_v6618.py"", ""push.paths=.github/workflows/football-v6-cbf-roster-v6618.yml""]","[""25 5 * * 2""]","{""contents"": ""read""}","{""fetch"": {""contents"": ""write""}}",True,False,False,False,False,False,False,False,"[""football-data/validation/persist_generated_worktree_v474.py"", ""football-data/validation/v6_cbf_current_roster_v6618.py""]",[],[],True,True,False,False,False,False,SCHEDULED/DATA_OR_CONTEXT,HIGH_PUSH_WRITE,CONSOLIDATE,scheduled-data.yml/forward.yml,phase1-plan-confirmed-by-static-parse
.github/workflows/football-v6-correctness-selector-v630.yml,football-v6-correctness-selector-v630,"[""push"", ""workflow_dispatch""]","[""push.paths=football-data/validation/v6_pooled_correctness_selector_v630.py"", ""push.paths=.github/workflows/football-v6-correctness-selector-v630.yml""]",[],"{""contents"": ""read""}","{""validate"": {""contents"": ""write""}}",True,False,False,False,False,False,False,False,"[""football-data/validation/persist_generated_worktree_v474.py"", ""football-data/validation/v6_pooled_correctness_selector_v630.py""]",[],[],False,False,False,False,False,False,RESEARCH,HIGH_PUSH_WRITE,ARCHIVE,research.yml,phase1-plan-confirmed-by-static-parse
.github/workflows/football-v6-direct-outcome-domain-draw-prior-v602.yml,football-v6-direct-outcome-domain-draw-prior-v602,"[""workflow_dispatch""]",[],[],"{""contents"": ""read""}","{""experiment"": {""contents"": ""write""}}",True,False,False,False,False,False,False,False,"[""football-data/validation/persist_generated_worktree_v474.py"", ""football-data/validation/v6_direct_outcome_domain_draw_prior_v602.py"", ""football-data/validation/v6_direct_outcome_draw_boundary_v601.py"", ""football-data/validation/v6_direct_outcome_mvp_v600.py""]",[],[],True,True,True,False,False,False,RESEARCH,LOW_STATIC,ARCHIVE,research.yml,phase1-plan-confirmed-by-static-parse
.github/workflows/football-v6-direct-outcome-draw-boundary-v601.yml,football-v6-direct-outcome-draw-boundary-v601,"[""workflow_dispatch""]",[],[],"{""contents"": ""read""}","{""experiment"": {""contents"": ""write""}}",True,False,False,False,False,False,False,False,"[""football-data/validation/persist_generated_worktree_v474.py"", ""football-data/validation/v6_direct_outcome_draw_boundary_v601.py"", ""football-data/validation/v6_direct_outcome_mvp_v600.py""]",[],[],True,True,True,False,False,False,RESEARCH,LOW_STATIC,ARCHIVE,research.yml,phase1-plan-confirmed-by-static-parse
.github/workflows/football-v6-direct-outcome-interactions-v603.yml,football-v6-direct-outcome-interactions-v603,"[""workflow_dispatch""]",[],[],"{""contents"": ""read""}","{""experiment"": {""contents"": ""write""}}",True,False,False,False,False,False,False,False,"[""football-data/validation/persist_generated_worktree_v474.py"", ""football-data/validation/v6_direct_outcome_draw_boundary_v601.py"", ""football-data/validation/v6_direct_outcome_interactions_v603.py"", ""football-data/validation/v6_direct_outcome_interactions_v603_r2.py"", ""football-data/validation/v6_direct_outcome_mvp_v600.py""]",[],[],True,True,True,False,False,False,RESEARCH,LOW_STATIC,ARCHIVE,research.yml,phase1-plan-confirmed-by-static-parse
.github/workflows/football-v6-direct-outcome-mvp-v600.yml,football-v6-direct-outcome-mvp-v600,"[""workflow_dispatch""]",[],[],"{""contents"": ""read""}","{""experiment"": {""contents"": ""write""}}",True,False,False,False,False,False,False,False,"[""football-data/validation/persist_generated_worktree_v474.py"", ""football-data/validation/v6_direct_outcome_mvp_v600.py""]",[],[],True,True,True,False,False,False,RESEARCH,LOW_STATIC,ARCHIVE,research.yml,phase1-plan-confirmed-by-static-parse
.github/workflows/football-v6-draw-calibration-v673.yml,football-v6-draw-calibration-v673,"[""push"", ""workflow_dispatch""]","[""push.paths=football-data/validation/v6_draw_probability_calibration_v673.py"", ""push.paths=.github/workflows/football-v6-draw-calibration-v673.yml""]",[],"{""contents"": ""read""}","{""validate"": {""contents"": ""write""}}",True,False,False,False,False,False,False,False,"[""football-data/validation/persist_generated_worktree_v474.py"", ""football-data/validation/v6_draw_probability_calibration_v673.py""]",[],[],False,False,True,False,False,False,RESEARCH,HIGH_PUSH_WRITE,ARCHIVE,research.yml,phase1-plan-confirmed-by-static-parse
.github/workflows/football-v6-draw-residual-v670.yml,football-v6-draw-residual-v670,"[""push"", ""workflow_dispatch""]","[""push.paths=football-data/validation/v6_draw_residual_override_v670.py"", ""push.paths=.github/workflows/football-v6-draw-residual-v670.yml""]",[],"{""contents"": ""read""}","{""validate"": {""contents"": ""write""}}",True,False,False,False,False,False,False,False,"[""football-data/validation/persist_generated_worktree_v474.py"", ""football-data/validation/v6_draw_residual_override_v670.py""]",[],[],False,False,True,False,False,False,RESEARCH,HIGH_PUSH_WRITE,ARCHIVE,research.yml,phase1-plan-confirmed-by-static-parse
.github/workflows/football-v6-draw-resolution-v674.yml,football-v6-draw-resolution-v674,"[""push"", ""workflow_dispatch""]","[""push.paths=football-data/validation/v6_draw_resolution_registry_v674.py"", ""push.paths=.github/workflows/football-v6-draw-resolution-v674.yml"", ""push.paths=football-data/manifests/v6_draw_residual_override_v670_status.json"", ""push.paths=football-data/manifests/v6_dynamic_draw_propensity_v671_status.json"", ""push.paths=football-data/manifests/v6_zero_modified_skellam_draw_v672_status.json"", ""push.paths=football-data/manifests/v6_draw_probability_calibration_v673_status.json""]",[],"{""contents"": ""read""}","{""validate"": {""contents"": ""write""}}",True,False,False,False,False,False,False,False,"[""football-data/validation/persist_generated_worktree_v474.py"", ""football-data/validation/v6_draw_resolution_registry_v674.py""]",[],[],False,False,False,False,False,False,RESEARCH,HIGH_PUSH_WRITE,ARCHIVE,research.yml,phase1-plan-confirmed-by-static-parse
.github/workflows/football-v6-dynamic-draw-v671.yml,football-v6-dynamic-draw-v671,"[""push"", ""workflow_dispatch""]","[""push.paths=football-data/validation/v6_dynamic_draw_propensity_v671.py"", ""push.paths=.github/workflows/football-v6-dynamic-draw-v671.yml""]",[],"{""contents"": ""read""}","{""validate"": {""contents"": ""write""}}",True,False,False,False,False,False,False,False,"[""football-data/validation/persist_generated_worktree_v474.py"", ""football-data/validation/v6_dynamic_draw_propensity_v671.py""]",[],[],False,False,True,False,False,False,RESEARCH,HIGH_PUSH_WRITE,ARCHIVE,research.yml,phase1-plan-confirmed-by-static-parse
.github/workflows/football-v6-error-atlas-v640.yml,football-v6-error-atlas-v640,"[""push"", ""workflow_dispatch""]","[""push.paths=football-data/validation/v6_error_atlas_v640.py"", ""push.paths=.github/workflows/football-v6-error-atlas-v640.yml""]",[],"{""contents"": ""read""}","{""atlas"": {""contents"": ""write""}}",True,False,False,False,False,False,False,False,"[""football-data/validation/persist_generated_worktree_v474.py"", ""football-data/validation/v6_error_atlas_v640.py""]",[],[],False,False,False,False,False,False,RESEARCH,HIGH_PUSH_WRITE,ARCHIVE,research.yml,phase1-plan-confirmed-by-static-parse
.github/workflows/football-v6-espn-roster-diagnostic-v665.yml,football-v6-espn-roster-diagnostic-v665,"[""push"", ""workflow_dispatch""]","[""push.paths=football-data/validation/v6_espn_roster_source_diagnostic_v665.py"", ""push.paths=football-data/evidence/team_configuration_weekly/**"", ""push.paths=.github/workflows/football-v6-espn-roster-diagnostic-v665.yml""]",[],"{""contents"": ""read""}","{""diagnostic"": {""contents"": ""write""}}",True,False,False,False,False,False,False,False,"[""football-data/validation/persist_generated_worktree_v474.py"", ""football-data/validation/v6_espn_roster_source_diagnostic_v665.py""]",[],[],True,True,False,False,False,False,ONE_OFF/RESEARCH,HIGH_PUSH_WRITE,ARCHIVE,research.yml,phase1-plan-confirmed-by-static-parse
.github/workflows/football-v6-fresh-confirmation-v628.yml,football-v6-fresh-confirmation-v628,"[""push"", ""workflow_dispatch""]","[""push.paths=football-data/validation/v6_sampled_fresh_confirmation_v628.py"", ""push.paths=.github/workflows/football-v6-fresh-confirmation-v628.yml""]",[],"{""contents"": ""read""}","{""confirm"": {""contents"": ""write""}}",True,False,False,False,False,False,False,False,"[""football-data/validation/persist_generated_worktree_v474.py"", ""football-data/validation/v6_sampled_fresh_confirmation_v628.py""]",[],[],True,True,True,False,False,False,RESEARCH,HIGH_PUSH_WRITE,ARCHIVE,research.yml,phase1-plan-confirmed-by-static-parse
.github/workflows/football-v6-full-market-ladder-v680.yml,football-v6-full-market-ladder-v680,"[""push"", ""workflow_dispatch""]","[""push.paths=football-data/validation/v6_full_market_ladder_extract_v680.py"", ""push.paths=.github/workflows/football-v6-full-market-ladder-v680.yml"", ""push.paths=football-data/evidence/direct_provider_probes/kambi/**/*.json""]",[],"{""contents"": ""read""}","{""extract"": {""actions"": ""write"", ""contents"": ""write""}}",True,False,False,False,False,False,False,False,"[""football-data/validation/persist_generated_worktree_v474.py"", ""football-data/validation/v6_full_market_ladder_extract_v680.py""]",[],[],False,False,False,False,False,False,RESEARCH,HIGH_PUSH_WRITE,ARCHIVE,research.yml,phase1-plan-confirmed-by-static-parse
.github/workflows/football-v6-hierarchical-adaptive-v641.yml,football-v6-hierarchical-adaptive-v641,"[""push"", ""workflow_dispatch""]","[""push.paths=football-data/validation/v6_hierarchical_adaptive_outcome_v641.py"", ""push.paths=.github/workflows/football-v6-hierarchical-adaptive-v641.yml""]",[],"{""contents"": ""read""}","{""validate"": {""contents"": ""write""}}",True,False,False,False,False,False,False,False,"[""football-data/validation/persist_generated_worktree_v474.py"", ""football-data/validation/v6_hierarchical_adaptive_outcome_v641.py""]",[],[],False,False,True,False,False,False,RESEARCH,HIGH_PUSH_WRITE,ARCHIVE,research.yml,phase1-plan-confirmed-by-static-parse
.github/workflows/football-v6-kleague-active-pool-v6612.yml,football-v6-kleague-active-pool-v6612,"[""push"", ""schedule"", ""workflow_dispatch""]","[""push.paths=football-data/config/v6_kleague_active_pool_v6612.json"", ""push.paths=football-data/validation/v6_kleague_active_pool_v6612.py"", ""push.paths=.github/workflows/football-v6-kleague-active-pool-v6612.yml""]","[""50 1 * * 1""]","{""contents"": ""read""}","{""build"": {""actions"": ""write"", ""contents"": ""write""}}",True,False,False,False,False,False,False,False,"[""football-data/validation/persist_generated_worktree_v474.py"", ""football-data/validation/v6_kleague_active_pool_v6612.py""]",[],[],True,True,False,False,False,False,SCHEDULED/DATA_OR_CONTEXT,HIGH_PUSH_WRITE,CONSOLIDATE,scheduled-data.yml/forward.yml,phase1-plan-confirmed-by-static-parse
.github/workflows/football-v6-kleague-official-context-v6612.yml,football-v6-kleague-official-context-v6612,"[""push"", ""schedule"", ""workflow_dispatch""]","[""push.paths=football-data/validation/v6_kleague_official_context_v6612.py"", ""push.paths=.github/workflows/football-v6-kleague-official-context-v6612.yml""]","[""20 4 * * 2""]","{""contents"": ""read""}","{""fetch"": {""actions"": ""write"", ""contents"": ""write""}}",True,False,False,False,False,False,False,False,"[""football-data/validation/persist_generated_worktree_v474.py"", ""football-data/validation/v6_kleague_official_context_v6612.py""]",[],[],True,True,False,False,False,False,SCHEDULED/DATA_OR_CONTEXT,HIGH_PUSH_WRITE,CONSOLIDATE,scheduled-data.yml/forward.yml,phase1-plan-confirmed-by-static-parse
.github/workflows/football-v6-laliga-roster-v6617.yml,football-v6-laliga-roster-v6617,"[""push"", ""schedule"", ""workflow_dispatch""]","[""push.paths=football-data/validation/v6_laliga_official_roster_v6617.py"", ""push.paths=.github/workflows/football-v6-laliga-roster-v6617.yml""]","[""10 5 * * 2""]","{""contents"": ""read""}","{""fetch"": {""contents"": ""write""}}",True,False,False,False,False,False,False,False,"[""football-data/validation/persist_generated_worktree_v474.py"", ""football-data/validation/v6_laliga_official_roster_v6617.py""]",[],[],True,True,False,False,False,False,SCHEDULED/DATA_OR_CONTEXT,HIGH_PUSH_WRITE,CONSOLIDATE,scheduled-data.yml/forward.yml,phase1-plan-confirmed-by-static-parse
.github/workflows/football-v6-market-anchor-v647.yml,football-v6-market-anchor-v647,"[""push"", ""workflow_dispatch""]","[""push.paths=football-data/validation/v6_sampled_15domain_market_anchor_v647.py"", ""push.paths=football-data/validation/v6_sampled_15domain_market_anchor_v647_r2.py"", ""push.paths=.github/workflows/football-v6-market-anchor-v647.yml""]",[],"{""contents"": ""read""}","{""validate"": {""contents"": ""write""}}",True,False,False,False,False,False,False,False,"[""football-data/validation/persist_generated_worktree_v474.py"", ""football-data/validation/v6_sampled_15domain_market_anchor_v647.py"", ""football-data/validation/v6_sampled_15domain_market_anchor_v647_r2.py""]",[],[],False,False,True,False,False,False,RESEARCH,HIGH_PUSH_WRITE,ARCHIVE,research.yml,phase1-plan-confirmed-by-static-parse
.github/workflows/football-v6-market-confirmed-v655.yml,football-v6-market-confirmed-v655,"[""push"", ""workflow_dispatch""]","[""push.paths=football-data/validation/v6_market_first_confirmation_registry_v655.py"", ""push.paths=.github/workflows/football-v6-market-confirmed-v655.yml"", ""push.paths=football-data/manifests/v6_market_first_fresh_confirmation_v654_status.json""]",[],"{""contents"": ""read""}","{""validate"": {""contents"": ""write""}}",True,False,False,False,False,False,False,False,"[""football-data/validation/persist_generated_worktree_v474.py"", ""football-data/validation/v6_market_first_confirmation_registry_v655.py""]",[],[],False,False,False,False,False,False,RESEARCH,HIGH_PUSH_WRITE,ARCHIVE,research.yml,phase1-plan-confirmed-by-static-parse
.github/workflows/football-v6-market-consensus-refresh-v683.yml,football-v6-market-consensus-refresh-v683,"[""push"", ""workflow_dispatch""]","[""push.paths=football-data/validation/v6_market_consensus_refresh_v683.py"", ""push.paths=.github/workflows/football-v6-market-consensus-refresh-v683.yml"", ""push.paths=football-data/evidence/market_consensus_prospective/**""]",[],"{""contents"": ""read""}","{""audit"": {""contents"": ""write""}}",True,False,False,False,False,False,False,False,"[""football-data/validation/persist_generated_worktree_v474.py"", ""football-data/validation/v6_market_consensus_refresh_v683.py""]",[],[],False,False,False,False,False,False,RESEARCH,HIGH_PUSH_WRITE,ARCHIVE,research.yml,phase1-plan-confirmed-by-static-parse
.github/workflows/football-v6-market-first-confirm-v654.yml,football-v6-market-first-confirm-v654,"[""push"", ""workflow_dispatch""]","[""push.paths=football-data/validation/v6_market_first_fresh_confirmation_v654.py"", ""push.paths=.github/workflows/football-v6-market-first-confirm-v654.yml""]",[],"{""contents"": ""read""}","{""confirm"": {""contents"": ""write""}}",True,False,False,False,False,False,False,False,"[""football-data/validation/persist_generated_worktree_v474.py"", ""football-data/validation/v6_market_first_fresh_confirmation_v654.py""]",[],[],False,False,True,False,False,False,RESEARCH,HIGH_PUSH_WRITE,ARCHIVE,research.yml,phase1-plan-confirmed-by-static-parse
.github/workflows/football-v6-market-first-registry-v652.yml,football-v6-market-first-registry-v652,"[""push"", ""workflow_dispatch""]","[""push.paths=football-data/validation/v6_market_first_architecture_registry_v652.py"", ""push.paths=.github/workflows/football-v6-market-first-registry-v652.yml"", ""push.paths=football-data/manifests/v6_market_first_selector_v650_status.json"", ""push.paths=football-data/manifests/v6_market_first_forward_evaluation_v651_status.json""]",[],"{""contents"": ""read""}","{""validate"": {""contents"": ""write""}}",True,False,False,False,False,False,False,False,"[""football-data/validation/persist_generated_worktree_v474.py"", ""football-data/validation/v6_market_first_architecture_registry_v652.py""]",[],[],False,False,False,False,False,False,RESEARCH,HIGH_PUSH_WRITE,ARCHIVE,research.yml,phase1-plan-confirmed-by-static-parse
.github/workflows/football-v6-market-first-v650.yml,football-v6-market-first-v650,"[""push"", ""workflow_dispatch""]","[""push.paths=football-data/validation/v6_market_first_selector_v650.py"", ""push.paths=.github/workflows/football-v6-market-first-v650.yml""]",[],"{""contents"": ""read""}","{""validate"": {""contents"": ""write""}}",True,False,False,False,False,False,False,False,"[""football-data/validation/persist_generated_worktree_v474.py"", ""football-data/validation/v6_market_first_selector_v650.py""]",[],[],False,False,True,False,False,False,RESEARCH,HIGH_PUSH_WRITE,ARCHIVE,research.yml,phase1-plan-confirmed-by-static-parse
.github/workflows/football-v6-market-form-residual-v623.yml,football-v6-market-form-residual-v623,"[""push"", ""workflow_dispatch""]","[""push.paths=football-data/validation/v6_market_form_residual_v623.py"", ""push.paths=.github/workflows/football-v6-market-form-residual-v623.yml""]",[],"{""contents"": ""read""}","{""validate"": {""contents"": ""write""}}",True,False,False,False,False,False,False,False,"[""football-data/validation/persist_generated_worktree_v474.py"", ""football-data/validation/v6_market_form_residual_v623.py"", ""football-data/validation/v6_market_offset_residual_v621.py"", ""football-data/validation/v6_market_residual_fusion_v620.py""]",[],[],True,True,True,False,False,False,RESEARCH,HIGH_PUSH_WRITE,ARCHIVE,research.yml,phase1-plan-confirmed-by-static-parse
.github/workflows/football-v6-market-movement-residual-v622.yml,football-v6-market-movement-residual-v622,"[""push"", ""workflow_dispatch""]","[""push.paths=football-data/validation/v6_market_movement_residual_v622.py"", ""push.paths=.github/workflows/football-v6-market-movement-residual-v622.yml""]",[],"{""contents"": ""read""}","{""validate"": {""contents"": ""write""}}",True,False,False,False,False,False,False,False,"[""football-data/validation/persist_generated_worktree_v474.py"", ""football-data/validation/v6_market_movement_residual_v622.py"", ""football-data/validation/v6_market_offset_residual_v621.py"", ""football-data/validation/v6_market_residual_fusion_v620.py""]",[],[],True,True,True,False,False,False,RESEARCH,HIGH_PUSH_WRITE,ARCHIVE,research.yml,phase1-plan-confirmed-by-static-parse
.github/workflows/football-v6-market-offset-residual-v621.yml,football-v6-market-offset-residual-v621,"[""push"", ""workflow_dispatch""]","[""push.paths=football-data/validation/v6_market_offset_residual_v621.py"", ""push.paths=.github/workflows/football-v6-market-offset-residual-v621.yml""]",[],"{""contents"": ""read""}","{""validate"": {""contents"": ""write""}}",True,False,False,False,False,False,False,False,"[""football-data/validation/persist_generated_worktree_v474.py"", ""football-data/validation/v6_market_offset_residual_v621.py"", ""football-data/validation/v6_market_residual_fusion_v620.py""]",[],[],True,True,True,False,False,False,RESEARCH,HIGH_PUSH_WRITE,ARCHIVE,research.yml,phase1-plan-confirmed-by-static-parse
.github/workflows/football-v6-market-residual-fusion-v620.yml,football-v6-market-residual-fusion-v620,"[""push"", ""workflow_dispatch""]","[""push.paths=football-data/validation/v6_market_residual_fusion_v620.py"", ""push.paths=.github/workflows/football-v6-market-residual-fusion-v620.yml""]",[],"{""contents"": ""read""}","{""validate"": {""contents"": ""write""}}",True,False,False,False,False,False,False,False,"[""football-data/validation/persist_generated_worktree_v474.py"", ""football-data/validation/v6_market_residual_fusion_v620.py""]",[],[],True,True,True,False,False,False,RESEARCH,HIGH_PUSH_WRITE,ARCHIVE,research.yml,phase1-plan-confirmed-by-static-parse
.github/workflows/football-v6-market-timing-v653.yml,football-v6-market-timing-v653,"[""push"", ""workflow_dispatch""]","[""push.paths=football-data/validation/v6_opening_vs_closing_market_v653.py"", ""push.paths=.github/workflows/football-v6-market-timing-v653.yml""]",[],"{""contents"": ""read""}","{""validate"": {""contents"": ""write""}}",True,False,False,False,False,False,False,False,"[""football-data/validation/persist_generated_worktree_v474.py"", ""football-data/validation/v6_opening_vs_closing_market_v653.py""]",[],[],False,False,True,False,False,False,RESEARCH,HIGH_PUSH_WRITE,ARCHIVE,research.yml,phase1-plan-confirmed-by-static-parse
.github/workflows/football-v6-matrix-readiness-refresh-v684.yml,football-v6-matrix-readiness-refresh-v684,"[""push"", ""workflow_dispatch""]","[""push.paths=football-data/manifests/prospective_market_consensus_v554_status.json"", ""push.paths=football-data/evidence/market_matrix_prospective_outcomes/**"", ""push.paths=football-data/validation/prospective_market_matrix_aggregate_v548.py"", ""push.paths=football-data/config/prospective_market_matrix_validation_v548.json"", ""push.paths=.github/workflows/football-v6-matrix-readiness-refresh-v684.yml""]",[],"{""contents"": ""read""}","{""refresh"": {""contents"": ""write""}}",True,False,False,False,False,False,False,False,"[""football-data/validation/persist_generated_worktree_v474.py"", ""football-data/validation/prospective_market_matrix_aggregate_v548.py""]",[],[],False,False,False,False,False,False,RESEARCH,HIGH_PUSH_WRITE,ARCHIVE,research.yml,phase1-plan-confirmed-by-static-parse
.github/workflows/football-v6-multiline-market-matrix-v682.yml,football-v6-multiline-market-matrix-v682,"[""push"", ""workflow_dispatch""]","[""push.paths=football-data/validation/v6_multiline_market_matrix_projection_v682.py"", ""push.paths=football-data/validation/v6_multiline_market_matrix_selftest_v682.py"", ""push.paths=.github/workflows/football-v6-multiline-market-matrix-v682.yml"", ""push.paths=football-data/evidence/market_ladders_v680/kambi_full_time_ladders.json""]",[],"{""contents"": ""read""}","{""test"": {""contents"": ""write""}}",True,False,False,False,False,False,False,False,"[""football-data/validation/persist_generated_worktree_v474.py"", ""football-data/validation/v6_multiline_market_matrix_projection_v682.py"", ""football-data/validation/v6_multiline_market_matrix_selftest_v682.py""]",[],[],False,False,False,False,False,False,RESEARCH,HIGH_PUSH_WRITE,ARCHIVE,research.yml,phase1-plan-confirmed-by-static-parse
.github/workflows/football-v6-multiline-matrix-forward-v685.yml,football-v6-multiline-matrix-forward-v685,"[""push"", ""schedule"", ""workflow_dispatch""]","[""push.paths=football-data/config/v6_multiline_matrix_forward_v685.json"", ""push.paths=football-data/validation/v6_multiline_matrix_forward_freeze_v685.py"", ""push.paths=football-data/validation/v6_multiline_matrix_forward_settle_v685.py"", ""push.paths=football-data/validation/v6_multiline_market_matrix_projection_v682.py"", ""push.paths=football-data/prediction_freezes/**"", ""push.paths=football-data/evidence/markets_prospective/**"", ""push.paths=football-data/evidence/market_ladders_v680/**"", ""push.paths=football-data/evidence/market_consensus_prospective/**"", ""push.paths=football-data/processed/**"", ""push.paths=.github/workflows/football-v6-multiline-matrix-forward-v685.yml""]","[""37 */3 * * *""]","{""contents"": ""read""}","{""forward"": {""contents"": ""write""}}",True,False,False,False,False,False,False,False,"[""football-data/validation/persist_generated_worktree_v474.py"", ""football-data/validation/v6_multiline_market_matrix_projection_v682.py"", ""football-data/validation/v6_multiline_matrix_forward_freeze_v685.py"", ""football-data/validation/v6_multiline_matrix_forward_settle_v685.py""]",[],[],True,True,True,False,False,False,RESEARCH,HIGH_PUSH_WRITE,ARCHIVE,research.yml,phase1-plan-confirmed-by-static-parse
.github/workflows/football-v6-multimarket-v643.yml,football-v6-multimarket-v643,"[""push"", ""workflow_dispatch""]","[""push.paths=football-data/validation/v6_multimarket_draw_side_v643.py"", ""push.paths=.github/workflows/football-v6-multimarket-v643.yml""]",[],"{""contents"": ""read""}","{""validate"": {""contents"": ""write""}}",True,False,False,False,False,False,False,False,"[""football-data/validation/persist_generated_worktree_v474.py"", ""football-data/validation/v6_multimarket_draw_side_v643.py""]",[],[],False,False,True,False,False,False,RESEARCH,HIGH_PUSH_WRITE,ARCHIVE,research.yml,phase1-plan-confirmed-by-static-parse
.github/workflows/football-v6-multimarket-veto-v646.yml,football-v6-multimarket-veto-v646,"[""push"", ""workflow_dispatch""]","[""push.paths=football-data/validation/v6_multimarket_risk_veto_v646.py"", ""push.paths=.github/workflows/football-v6-multimarket-veto-v646.yml""]",[],"{""contents"": ""read""}","{""validate"": {""contents"": ""write""}}",True,False,False,False,False,False,False,False,"[""football-data/validation/persist_generated_worktree_v474.py"", ""football-data/validation/v6_multimarket_risk_veto_v646.py""]",[],[],False,False,True,False,False,False,RESEARCH,HIGH_PUSH_WRITE,ARCHIVE,research.yml,phase1-plan-confirmed-by-static-parse
.github/workflows/football-v6-ordered-draw-band-v642.yml,football-v6-ordered-draw-band-v642,"[""push"", ""workflow_dispatch""]","[""push.paths=football-data/validation/v6_ordered_draw_band_v642.py"", ""push.paths=.github/workflows/football-v6-ordered-draw-band-v642.yml""]",[],"{""contents"": ""read""}","{""validate"": {""contents"": ""write""}}",True,False,False,False,False,False,False,False,"[""football-data/validation/persist_generated_worktree_v474.py"", ""football-data/validation/v6_ordered_draw_band_v642.py""]",[],[],False,False,True,False,False,False,RESEARCH,HIGH_PUSH_WRITE,ARCHIVE,research.yml,phase1-plan-confirmed-by-static-parse
.github/workflows/football-v6-pooled-asymmetric-v629.yml,football-v6-pooled-asymmetric-v629,"[""push"", ""workflow_dispatch""]","[""push.paths=football-data/validation/v6_sampled_pooled_asymmetric_gate_v629.py"", ""push.paths=.github/workflows/football-v6-pooled-asymmetric-v629.yml""]",[],"{""contents"": ""read""}","{""gate"": {""contents"": ""write""}}",True,False,False,False,False,False,False,False,"[""football-data/validation/persist_generated_worktree_v474.py"", ""football-data/validation/v6_sampled_pooled_asymmetric_gate_v629.py""]",[],[],False,False,False,False,False,False,RESEARCH,HIGH_PUSH_WRITE,ARCHIVE,research.yml,phase1-plan-confirmed-by-static-parse
.github/workflows/football-v6-prelineup-v645.yml,football-v6-prelineup-v645,"[""push"", ""workflow_dispatch""]","[""push.paths=football-data/validation/v6_prelineup_stability_v645.py"", ""push.paths=football-data/validation/v6_prelineup_stability_v645_r2.py"", ""push.paths=football-data/validation/v6_prelineup_stability_v645_r3.py"", ""push.paths=.github/workflows/football-v6-prelineup-v645.yml""]",[],"{""contents"": ""read""}","{""validate"": {""contents"": ""write""}}",True,False,False,False,False,False,False,False,"[""football-data/validation/persist_generated_worktree_v474.py"", ""football-data/validation/v6_prelineup_stability_v645.py"", ""football-data/validation/v6_prelineup_stability_v645_r3.py""]",[],[],False,False,True,False,False,False,RESEARCH,HIGH_PUSH_WRITE,ARCHIVE,research.yml,phase1-plan-confirmed-by-static-parse
.github/workflows/football-v6-pristine-forward-evaluate-v611.yml,football-v6-pristine-forward-evaluate-v611,"[""push"", ""workflow_dispatch""]","[""push.paths=football-data/validation/v6_pristine_forward_evaluate_v611_r3.py"", ""push.paths=football-data/forward/v6_pristine_forward_events_v612.json"", ""push.paths=football-data/manifests/v6_pristine_forward_audit_v613_status.json"", ""push.paths=.github/workflows/football-v6-pristine-forward-evaluate-v611.yml""]",[],"{""contents"": ""read""}","{""evaluate"": {""contents"": ""write""}}",True,False,False,False,False,False,False,False,"[""football-data/validation/persist_generated_worktree_v474.py"", ""football-data/validation/v6_pristine_forward_evaluate_v611_r2.py"", ""football-data/validation/v6_pristine_forward_evaluate_v611_r3.py"", ""football-data/validation/v6_pristine_forward_ledger_v612.py""]","[""football-data/validation/v6_pristine_forward_ledger_v612.py""]",[],True,False,True,False,False,False,RESEARCH,HIGH_PUSH_WRITE,ARCHIVE,research.yml,phase1-plan-confirmed-by-static-parse
.github/workflows/football-v6-pristine-forward-freeze-v610.yml,football-v6-pristine-forward-freeze-v610,"[""workflow_dispatch""]",[],[],"{""contents"": ""read""}","{""verify-locked-freeze"": {""_mode"": ""DEFAULT_INHERITED""}}",False,False,False,False,False,False,False,False,[],[],[],True,True,True,False,False,False,RESEARCH,LOW_STATIC,ARCHIVE,research.yml,phase1-plan-confirmed-by-static-parse
.github/workflows/football-v6-risk-controlled-selector-v631.yml,football-v6-risk-controlled-selector-v631,"[""push"", ""workflow_dispatch""]","[""push.paths=football-data/validation/v6_risk_controlled_selector_v631.py"", ""push.paths=.github/workflows/football-v6-risk-controlled-selector-v631.yml""]",[],"{""contents"": ""read""}","{""validate"": {""contents"": ""write""}}",True,False,False,False,False,False,False,False,"[""football-data/validation/persist_generated_worktree_v474.py"", ""football-data/validation/v6_risk_controlled_selector_v631.py""]",[],[],False,False,False,False,False,False,RESEARCH,HIGH_PUSH_WRITE,ARCHIVE,research.yml,phase1-plan-confirmed-by-static-parse
.github/workflows/football-v6-sampled-17domain-gate-v625-r2.yml,football-v6-sampled-17domain-gate-v625-r2,"[""push"", ""workflow_dispatch""]","[""push.paths=football-data/validation/v6_sampled_17domain_gate_v625_r2.py"", ""push.paths=.github/workflows/football-v6-sampled-17domain-gate-v625-r2.yml""]",[],"{""contents"": ""read""}","{""sampled-gate"": {""contents"": ""write""}}",True,False,False,False,False,False,False,False,"[""football-data/validation/persist_generated_worktree_v474.py"", ""football-data/validation/v6_sampled_17domain_gate_v625_r2.py""]",[],[],True,True,True,False,False,False,RESEARCH,HIGH_PUSH_WRITE,ARCHIVE,research.yml,phase1-plan-confirmed-by-static-parse
.github/workflows/football-v6-sampled-17domain-gate-v625.yml,football-v6-sampled-17domain-gate-v625,"[""push"", ""workflow_dispatch""]","[""push.paths=football-data/validation/v6_sampled_17domain_gate_v625.py"", ""push.paths=.github/workflows/football-v6-sampled-17domain-gate-v625.yml""]",[],"{""contents"": ""read""}","{""sampled-gate"": {""contents"": ""write""}}",True,False,False,False,False,False,False,False,"[""football-data/validation/persist_generated_worktree_v474.py"", ""football-data/validation/v6_sampled_17domain_gate_v625.py""]",[],[],True,True,True,False,False,False,RESEARCH,HIGH_PUSH_WRITE,ARCHIVE,research.yml,phase1-plan-confirmed-by-static-parse
.github/workflows/football-v6-sampled-asymmetric-65-v626.yml,football-v6-sampled-asymmetric-65-v626,"[""push"", ""workflow_dispatch""]","[""push.paths=football-data/validation/v6_sampled_asymmetric_65_gate_v626.py"", ""push.paths=.github/workflows/football-v6-sampled-asymmetric-65-v626.yml""]",[],"{""contents"": ""read""}","{""validate"": {""contents"": ""write""}}",True,False,False,False,False,False,False,False,"[""football-data/validation/persist_generated_worktree_v474.py"", ""football-data/validation/v6_sampled_17domain_gate_v625_r2.py"", ""football-data/validation/v6_sampled_asymmetric_65_gate_v626.py""]",[],[],True,True,True,False,False,False,RESEARCH,HIGH_PUSH_WRITE,ARCHIVE,research.yml,phase1-plan-confirmed-by-static-parse
.github/workflows/football-v6-sampled-direction-survival-v627.yml,football-v6-sampled-direction-survival-v627,"[""push"", ""workflow_dispatch""]","[""push.paths=football-data/validation/v6_sampled_direction_survival_v627.py"", ""push.paths=.github/workflows/football-v6-sampled-direction-survival-v627.yml""]",[],"{""contents"": ""read""}","{""validate"": {""contents"": ""write""}}",True,False,False,False,False,False,False,False,"[""football-data/validation/persist_generated_worktree_v474.py"", ""football-data/validation/v6_sampled_direction_survival_v627.py""]",[],[],False,False,False,False,False,False,RESEARCH,HIGH_PUSH_WRITE,ARCHIVE,research.yml,phase1-plan-confirmed-by-static-parse
.github/workflows/football-v6-sampled-pooled-gate-v625-r4.yml,football-v6-sampled-pooled-gate-v625-r4,"[""push"", ""workflow_dispatch""]","[""push.paths=football-data/validation/v6_sampled_17domain_pooled_gate_v625_r4.py"", ""push.paths=.github/workflows/football-v6-sampled-pooled-gate-v625-r4.yml""]",[],"{""contents"": ""read""}","{""validate"": {""contents"": ""write""}}",True,False,False,False,False,False,False,False,"[""football-data/validation/persist_generated_worktree_v474.py"", ""football-data/validation/v6_sampled_17domain_pooled_gate_v625_r4.py""]",[],[],True,True,True,False,False,False,RESEARCH,HIGH_PUSH_WRITE,ARCHIVE,research.yml,phase1-plan-confirmed-by-static-parse
.github/workflows/football-v6-sampled-scored-cache-v625-r3.yml,football-v6-sampled-scored-cache-v625-r3,"[""push"", ""workflow_dispatch""]","[""push.paths=football-data/validation/v6_sampled_scored_cache_v625_r3.py"", ""push.paths=.github/workflows/football-v6-sampled-scored-cache-v625-r3.yml""]",[],"{""contents"": ""read""}","{""build"": {""contents"": ""write""}}",True,False,False,False,False,False,False,False,"[""football-data/validation/persist_generated_worktree_v474.py"", ""football-data/validation/v6_sampled_scored_cache_v625_r3.py""]",[],[],True,True,True,False,False,False,RESEARCH,HIGH_PUSH_WRITE,ARCHIVE,research.yml,phase1-plan-confirmed-by-static-parse
.github/workflows/football-v6-selective-asymmetric-lcb-v605.yml,football-v6-selective-asymmetric-lcb-v605,"[""workflow_dispatch""]",[],[],"{""contents"": ""read""}","{""experiment"": {""contents"": ""write""}}",True,False,False,False,False,False,False,False,"[""football-data/validation/persist_generated_worktree_v474.py"", ""football-data/validation/v6_direct_outcome_draw_boundary_v601.py"", ""football-data/validation/v6_direct_outcome_mvp_v600.py"", ""football-data/validation/v6_selective_asymmetric_lcb_v605.py"", ""football-data/validation/v6_selective_asymmetric_lcb_v605_r3.py"", ""football-data/validation/v6_selective_direction_lcb_v604.py""]",[],[],True,True,True,False,False,False,RESEARCH,LOW_STATIC,ARCHIVE,research.yml,phase1-plan-confirmed-by-static-parse
.github/workflows/football-v6-selective-direction-lcb-v604.yml,football-v6-selective-direction-lcb-v604,"[""workflow_dispatch""]",[],[],"{""contents"": ""read""}","{""experiment"": {""contents"": ""write""}}",True,False,False,False,False,False,False,False,"[""football-data/validation/persist_generated_worktree_v474.py"", ""football-data/validation/v6_direct_outcome_draw_boundary_v601.py"", ""football-data/validation/v6_direct_outcome_mvp_v600.py"", ""football-data/validation/v6_selective_direction_lcb_v604.py"", ""football-data/validation/v6_selective_direction_lcb_v604_r2.py""]",[],[],True,True,True,False,False,False,RESEARCH,LOW_STATIC,ARCHIVE,research.yml,phase1-plan-confirmed-by-static-parse
.github/workflows/football-v6-team-config-v660.yml,football-v6-team-config-v660,"[""push"", ""schedule"", ""workflow_dispatch""]","[""push.paths=football-data/config/v6_team_configuration_weekly_v660.json"", ""push.paths=football-data/validation/v6_team_configuration_fetch_v660.py"", ""push.paths=football-data/validation/v6_team_roster_repair_v664.py"", ""push.paths=.github/workflows/football-v6-team-config-v660.yml""]","[""20 0 * * 1""]","{""contents"": ""read""}","{""scan-and-repair"": {""actions"": ""write"", ""contents"": ""write""}}",True,False,False,False,False,False,False,False,"[""football-data/validation/persist_generated_worktree_v474.py"", ""football-data/validation/v6_team_configuration_fetch_v660.py"", ""football-data/validation/v6_team_roster_repair_v664.py""]",[],[],True,True,True,False,False,False,SCHEDULED_DATA,HIGH_PUSH_WRITE,CONSOLIDATE,scheduled-data.yml,phase1-plan-confirmed-by-static-parse
.github/workflows/football-v6-team-context-overlay-validate-v668.yml,football-v6-team-context-overlay-validate-v668,"[""push"", ""workflow_dispatch""]","[""push.paths=football-data/evidence/team_configuration_weekly/**"", ""push.paths=football-data/evidence/team_manager_context_weekly/**"", ""push.paths=football-data/evidence/team_current_roster_weekly/**"", ""push.paths=football-data/evidence/team_active_match_pool_weekly/**"", ""push.paths=football-data/validation/v6_team_provisional_roster_v667.py"", ""push.paths=football-data/validation/v6_current_roster_overlay_v669.py"", ""push.paths=football-data/validation/v6_team_configuration_weekly_v660.py"", ""push.paths=football-data/validation/v6_team_context_effective_v6610.py"", ""push.paths=football-data/validation/v6_roster_gap_inventory_v6611.py"", ""push.paths=football-data/config/v6_team_manager_enrichment_v663.json"", ""push.paths=football-data/config/v6_current_roster_overlay_v669.json"", ""push.paths=.github/workflows/football-v6-team-context-overlay-validate-v668.yml""]",[],"{""contents"": ""read""}","{""validate"": {""actions"": ""write"", ""contents"": ""write""}}",True,False,False,False,False,False,False,False,"[""football-data/validation/persist_generated_worktree_v474.py"", ""football-data/validation/v6_current_roster_overlay_v669.py"", ""football-data/validation/v6_roster_gap_inventory_v6611.py"", ""football-data/validation/v6_team_configuration_weekly_v660.py"", ""football-data/validation/v6_team_context_effective_v6610.py"", ""football-data/validation/v6_team_provisional_roster_v667.py""]",[],[],True,True,True,False,False,False,SCHEDULED/DATA_OR_CONTEXT,HIGH_PUSH_WRITE,CONSOLIDATE,scheduled-data.yml/forward.yml,phase1-plan-confirmed-by-static-parse
.github/workflows/football-v6-team-shock-v644.yml,football-v6-team-shock-v644,"[""push"", ""workflow_dispatch""]","[""push.paths=football-data/validation/v6_team_shock_residual_v644.py"", ""push.paths=.github/workflows/football-v6-team-shock-v644.yml""]",[],"{""contents"": ""read""}","{""validate"": {""contents"": ""write""}}",True,False,False,False,False,False,False,False,"[""football-data/validation/persist_generated_worktree_v474.py"", ""football-data/validation/v6_team_shock_residual_v644.py""]",[],[],False,False,False,False,False,False,RESEARCH,HIGH_PUSH_WRITE,ARCHIVE,research.yml,phase1-plan-confirmed-by-static-parse
.github/workflows/football-v6-three-stage-core-v6261.yml,football-v6-three-stage-core-v6261,"[""pull_request"", ""push"", ""workflow_dispatch""]","[""push.paths=football-data/config/v6260_three_stage_core_registry.json"", ""push.paths=football-data/engine/three_stage_core_v6260.py"", ""push.paths=football-data/engine/cross_season_hedge_state_v6262.py"", ""push.paths=football-data/engine/run_three_stage_shadow_v6263.py"", ""push.paths=football-data/validation/validate_three_stage_core_v6261.py"", ""push.paths=football-data/validation/validate_cross_season_state_v6262.py"", ""push.paths=.github/workflows/football-v6-three-stage-core-v6261.yml"", ""push.branches=main"", ""pull_request.paths=football-data/config/v6260_three_stage_core_registry.json"", ""pull_request.paths=football-data/engine/three_stage_core_v6260.py"", ""pull_request.paths=football-data/engine/cross_season_hedge_state_v6262.py"", ""pull_request.paths=football-data/engine/run_three_stage_shadow_v6263.py"", ""pull_request.paths=football-data/validation/validate_three_stage_core_v6261.py"", ""pull_request.paths=football-data/validation/validate_cross_season_state_v6262.py"", ""pull_request.paths=.github/workflows/football-v6-three-stage-core-v6261.yml"", ""pull_request.branches=main""]",[],"{""contents"": ""write""}","{""validate"": {""_mode"": ""DEFAULT_INHERITED""}}",True,False,True,True,True,False,False,False,"[""football-data/engine/cross_season_hedge_state_v6262.py"", ""football-data/engine/run_three_stage_shadow_v6263.py"", ""football-data/engine/three_stage_core_v6260.py"", ""football-data/validation/validate_cross_season_state_v6262.py"", ""football-data/validation/validate_three_stage_core_v6261.py""]",[],[],False,False,True,False,False,False,RESEARCH,CRITICAL_PUSH_WRITE_PERSIST,ARCHIVE,research.yml,phase1-plan-confirmed-by-static-parse
.github/workflows/football-v6-total-ladder-identifiability-v681.yml,football-v6-total-ladder-identifiability-v681,"[""push"", ""workflow_dispatch""]","[""push.paths=football-data/validation/v6_total_ladder_identifiability_v681.py"", ""push.paths=.github/workflows/football-v6-total-ladder-identifiability-v681.yml"", ""push.paths=football-data/evidence/market_ladders_v680/kambi_full_time_ladders.json""]",[],"{""contents"": ""read""}","{""audit"": {""contents"": ""write""}}",True,False,False,False,False,False,False,False,"[""football-data/validation/persist_generated_worktree_v474.py"", ""football-data/validation/v6_total_ladder_identifiability_v681.py""]",[],[],False,False,False,False,False,False,RESEARCH,HIGH_PUSH_WRITE,ARCHIVE,research.yml,phase1-plan-confirmed-by-static-parse
.github/workflows/football-v6-understat-xg-residual-v624-r2.yml,football-v6-understat-xg-residual-v624-r2,"[""push"", ""workflow_dispatch""]","[""push.paths=football-data/validation/v6_understat_xg_residual_v624_r2.py"", ""push.paths=football-data/validation/v6_understat_fixture_alignment_audit_v6186.py"", ""push.paths=football-data/validation/v6_understat_fixture_alignment_audit_v6186r2.py"", ""push.paths=football-data/validation/v6_understat_fixture_alignment_audit_v6186r3.py"", ""push.paths=football-data/validation/v6_understat_alias_qualification_v6187.py"", ""push.paths=football-data/validation/v6_understat_alias_closure_v6188.py"", ""push.paths=football-data/validation/v6_understat_alias_freeze_v6188f.py"", ""push.paths=.github/workflows/football-v6-understat-xg-residual-v624-r2.yml""]",[],"{""contents"": ""read""}","{""alias_closure"": {""contents"": ""write""}, ""alias_freeze"": {""contents"": ""write""}, ""alias_qualification"": {""contents"": ""write""}, ""alignment"": {""contents"": ""write""}, ""validate"": {""contents"": ""write""}}",True,False,False,False,False,False,False,False,"[""football-data/validation/persist_generated_worktree_v474.py"", ""football-data/validation/v6_understat_alias_closure_v6188.py"", ""football-data/validation/v6_understat_alias_freeze_v6188f.py"", ""football-data/validation/v6_understat_alias_qualification_v6187.py"", ""football-data/validation/v6_understat_fixture_alignment_audit_v6186.py"", ""football-data/validation/v6_understat_fixture_alignment_audit_v6186r3.py"", ""football-data/validation/v6_understat_xg_residual_v624.py"", ""football-data/validation/v6_understat_xg_residual_v624_r2.py""]",[],[],True,True,True,False,False,False,RESEARCH,HIGH_PUSH_WRITE,ARCHIVE,research.yml,phase1-plan-confirmed-by-static-parse
.github/workflows/football-v6-understat-xg-residual-v624.yml,football-v6-understat-xg-residual-v624,"[""push"", ""workflow_dispatch""]","[""push.paths=football-data/validation/v6_understat_xg_residual_v624.py"", ""push.paths=.github/workflows/football-v6-understat-xg-residual-v624.yml""]",[],"{""contents"": ""read""}","{""validate"": {""contents"": ""write""}}",True,False,False,False,False,False,False,False,"[""football-data/validation/persist_generated_worktree_v474.py"", ""football-data/validation/v6_market_offset_residual_v621.py"", ""football-data/validation/v6_market_residual_fusion_v620.py"", ""football-data/validation/v6_understat_xg_residual_v624.py""]",[],[],True,True,True,False,False,False,RESEARCH,HIGH_PUSH_WRITE,ARCHIVE,research.yml,phase1-plan-confirmed-by-static-parse
.github/workflows/football-v6-zero-modified-skellam-v672.yml,football-v6-zero-modified-skellam-v672,"[""push"", ""workflow_dispatch""]","[""push.paths=football-data/validation/v6_zero_modified_skellam_draw_v672.py"", ""push.paths=.github/workflows/football-v6-zero-modified-skellam-v672.yml""]",[],"{""contents"": ""read""}","{""validate"": {""contents"": ""write""}}",True,False,False,False,False,False,False,False,"[""football-data/validation/persist_generated_worktree_v474.py"", ""football-data/validation/v6_zero_modified_skellam_draw_v672.py""]",[],[],False,False,True,False,False,False,RESEARCH,HIGH_PUSH_WRITE,ARCHIVE,research.yml,phase1-plan-confirmed-by-static-parse
.github/workflows/football-v6103-selective-market.yml,Football V6.10.3 Selective Market Validation,"[""push"", ""workflow_dispatch""]","[""push.paths=football-data/validation/validate_1x2_selective_market_v6103.py"", ""push.paths=.github/workflows/football-v6103-selective-market.yml"", ""push.branches=main""]",[],"{""contents"": ""write""}","{""validate"": {""_mode"": ""DEFAULT_INHERITED""}}",True,False,True,True,True,False,False,True,"[""football-data/validation/validate_1x2_selective_market_v6103.py""]",[],[],False,False,False,False,False,False,RESEARCH,CRITICAL_PUSH_WRITE_PERSIST,ARCHIVE,research.yml,phase1-plan-confirmed-by-static-parse
.github/workflows/football-v6107-market-selective-multiseason.yml,Football V6.10.7 Market Selective Multiseason,"[""push"", ""workflow_dispatch""]","[""push.paths=football-data/validation/validate_1x2_market_selective_multiseason_v6107.py"", ""push.paths=.github/workflows/football-v6107-market-selective-multiseason.yml"", ""push.branches=main""]",[],"{""contents"": ""write""}","{""validate"": {""_mode"": ""DEFAULT_INHERITED""}}",True,False,True,True,True,False,False,True,"[""football-data/validation/validate_1x2_market_selective_multiseason_v6107.py""]",[],[],False,False,False,False,False,False,RESEARCH,CRITICAL_PUSH_WRITE_PERSIST,ARCHIVE,research.yml,phase1-plan-confirmed-by-static-parse
.github/workflows/football-v6122-rolling100-stability.yml,Football V6.12.2 Rolling100 Stability,"[""push"", ""workflow_dispatch""]","[""push.paths=football-data/validation/validate_1x2_rolling100_stability_v6122.py"", ""push.paths=.github/workflows/football-v6122-rolling100-stability.yml"", ""push.branches=main""]",[],"{""contents"": ""write""}","{""validate"": {""_mode"": ""DEFAULT_INHERITED""}}",True,False,True,True,True,False,False,True,"[""football-data/validation/validate_1x2_rolling100_stability_v6122.py""]",[],[],False,False,False,False,False,False,RESEARCH,CRITICAL_PUSH_WRITE_PERSIST,ARCHIVE,research.yml,phase1-plan-confirmed-by-static-parse
.github/workflows/football-v6123-crossseason-phase.yml,Football V6.12.3 Crossseason Phase Audit,"[""push"", ""workflow_dispatch""]","[""push.paths=football-data/validation/validate_1x2_crossseason_phase_v6123.py"", ""push.paths=.github/workflows/football-v6123-crossseason-phase.yml"", ""push.branches=main""]",[],"{""contents"": ""write""}","{""validate"": {""_mode"": ""DEFAULT_INHERITED""}}",True,False,True,True,True,False,False,True,"[""football-data/validation/validate_1x2_crossseason_phase_v6123.py""]",[],[],False,False,False,False,False,False,RESEARCH,CRITICAL_PUSH_WRITE_PERSIST,ARCHIVE,research.yml,phase1-plan-confirmed-by-static-parse
.github/workflows/football-v6124-direction-thresholds.yml,Football V6.12.4 Direction Threshold Audit,"[""push"", ""workflow_dispatch""]","[""push.paths=football-data/validation/validate_1x2_direction_thresholds_v6124.py"", ""push.paths=.github/workflows/football-v6124-direction-thresholds.yml"", ""push.branches=main""]",[],"{""contents"": ""write""}","{""validate"": {""_mode"": ""DEFAULT_INHERITED""}}",True,False,True,True,True,False,False,True,"[""football-data/validation/validate_1x2_direction_thresholds_v6124.py""]",[],[],False,False,False,False,False,False,RESEARCH,CRITICAL_PUSH_WRITE_PERSIST,ARCHIVE,research.yml,phase1-plan-confirmed-by-static-parse
.github/workflows/football-v6125-stability-thresholds.yml,Football V6.12.5 Stability Threshold Audit,"[""push"", ""workflow_dispatch""]","[""push.paths=football-data/validation/validate_1x2_stability_thresholds_v6125.py"", ""push.paths=.github/workflows/football-v6125-stability-thresholds.yml"", ""push.branches=main""]",[],"{""contents"": ""write""}","{""validate"": {""_mode"": ""DEFAULT_INHERITED""}}",True,False,True,True,True,False,False,True,"[""football-data/validation/validate_1x2_stability_thresholds_v6125.py""]",[],[],False,False,False,False,False,False,RESEARCH,CRITICAL_PUSH_WRITE_PERSIST,ARCHIVE,research.yml,phase1-plan-confirmed-by-static-parse
.github/workflows/football-v6126-dynamic-regime-gate.yml,Football V6.12.6 Dynamic Regime Gate Audit,"[""push"", ""workflow_dispatch""]","[""push.paths=football-data/validation/validate_1x2_dynamic_regime_gate_v6126.py"", ""push.paths=.github/workflows/football-v6126-dynamic-regime-gate.yml"", ""push.branches=main""]",[],"{""contents"": ""write""}","{""validate"": {""_mode"": ""DEFAULT_INHERITED""}}",True,False,True,True,True,False,False,True,"[""football-data/validation/validate_1x2_dynamic_regime_gate_v6126.py""]",[],[],False,False,False,False,False,False,RESEARCH,CRITICAL_PUSH_WRITE_PERSIST,ARCHIVE,research.yml,phase1-plan-confirmed-by-static-parse
.github/workflows/football-v6126-game-events-schema.yml,Football V6.12.6 Game Events Schema,"[""push"", ""workflow_dispatch""]","[""push.paths=football-data/validation/audit_game_events_schema_v6126.py"", ""push.paths=.github/workflows/football-v6126-game-events-schema.yml"", ""push.branches=main""]",[],"{""contents"": ""write""}","{""audit"": {""_mode"": ""DEFAULT_INHERITED""}}",True,False,True,True,True,False,False,True,"[""football-data/validation/audit_game_events_schema_v6126.py""]",[],[],False,False,False,False,False,False,RESEARCH,CRITICAL_PUSH_WRITE_PERSIST,ARCHIVE,research.yml,phase1-plan-confirmed-by-static-parse
.github/workflows/football-v6127-nested-walkforward.yml,Football V6.12.7 Nested Walkforward Audit,"[""push"", ""workflow_dispatch""]","[""push.paths=football-data/validation/validate_1x2_nested_walkforward_v6127.py"", ""push.paths=.github/workflows/football-v6127-nested-walkforward.yml"", ""push.branches=main""]",[],"{""contents"": ""write""}","{""validate"": {""_mode"": ""DEFAULT_INHERITED""}}",True,False,True,True,True,False,False,True,"[""football-data/validation/validate_1x2_nested_walkforward_v6127.py""]","[""football-data/validation/validate_1x2_nested_walkforward_v6127.py""]",[],False,False,False,False,False,False,RESEARCH,CRITICAL_PUSH_WRITE_PERSIST,ARCHIVE,research.yml,phase1-plan-confirmed-by-static-parse
.github/workflows/football-v6127-recent-red-fast100.yml,Football V6.12.7 Recent Red Fast100,"[""push"", ""workflow_dispatch""]","[""push.paths=football-data/validation/validate_1x2_recent_red_card_fast100_v6127.py"", ""push.paths=.github/workflows/football-v6127-recent-red-fast100.yml"", ""push.branches=main""]",[],"{""contents"": ""write""}","{""validate"": {""_mode"": ""DEFAULT_INHERITED""}}",True,False,True,True,True,False,False,True,"[""football-data/validation/validate_1x2_recent_red_card_fast100_v6127.py""]",[],[],True,True,False,False,False,False,ONE_OFF/RESEARCH,CRITICAL_PUSH_WRITE_PERSIST,ARCHIVE,research.yml,phase1-plan-confirmed-by-static-parse
.github/workflows/football-v6128-international-duty-readiness.yml,Football V6.12.8 International Duty Readiness,"[""push"", ""workflow_dispatch""]","[""push.paths=football-data/validation/audit_international_duty_readiness_v6128.py"", ""push.paths=.github/workflows/football-v6128-international-duty-readiness.yml"", ""push.branches=main""]",[],"{""contents"": ""write""}","{""audit"": {""_mode"": ""DEFAULT_INHERITED""}}",True,False,True,True,True,False,False,True,"[""football-data/validation/audit_international_duty_readiness_v6128.py""]",[],[],False,False,False,False,False,False,RESEARCH,CRITICAL_PUSH_WRITE_PERSIST,ARCHIVE,research.yml,phase1-plan-confirmed-by-static-parse
.github/workflows/football-v6129-international-duty-fast100.yml,Football V6.12.9 International Duty Fast100,"[""push"", ""workflow_dispatch""]","[""push.paths=football-data/validation/validate_1x2_international_duty_fast100_v6129.py"", ""push.paths=.github/workflows/football-v6129-international-duty-fast100.yml"", ""push.branches=main""]",[],"{""contents"": ""write""}","{""validate"": {""_mode"": ""DEFAULT_INHERITED""}}",True,False,True,True,True,False,False,True,"[""football-data/validation/validate_1x2_international_duty_fast100_v6129.py""]",[],[],True,True,False,False,False,False,ONE_OFF/RESEARCH,CRITICAL_PUSH_WRITE_PERSIST,ARCHIVE,research.yml,phase1-plan-confirmed-by-static-parse
.github/workflows/football-v6129-selected100.yml,Football V6.12.9 Selected100 Stability,"[""push"", ""workflow_dispatch""]","[""push.paths=football-data/validation/validate_1x2_selected100_blocks_v6129.py"", ""push.paths=.github/workflows/football-v6129-selected100.yml"", ""push.branches=main""]",[],"{""contents"": ""write""}","{""validate"": {""_mode"": ""DEFAULT_INHERITED""}}",True,False,True,True,True,False,False,True,"[""football-data/validation/validate_1x2_selected100_blocks_v6129.py""]",[],[],False,False,False,False,False,False,RESEARCH,CRITICAL_PUSH_WRITE_PERSIST,ARCHIVE,research.yml,phase1-plan-confirmed-by-static-parse
.github/workflows/football-v6130-cup-load-fast100.yml,Football V6.13.0 Cup Load Fast100,"[""push"", ""workflow_dispatch""]","[""push.paths=football-data/validation/validate_1x2_cup_load_fast100_v6130.py"", ""push.paths=.github/workflows/football-v6130-cup-load-fast100.yml"", ""push.branches=main""]",[],"{""contents"": ""write""}","{""validate"": {""_mode"": ""DEFAULT_INHERITED""}}",True,False,True,True,True,False,False,True,"[""football-data/validation/validate_1x2_cup_load_fast100_v6130.py""]",[],[],True,True,False,False,False,False,ONE_OFF/RESEARCH,CRITICAL_PUSH_WRITE_PERSIST,ARCHIVE,research.yml,phase1-plan-confirmed-by-static-parse
.github/workflows/football-v6130-draw-risk-veto.yml,Football V6.13.0 Draw-Risk Veto Audit,"[""push"", ""workflow_dispatch""]","[""push.paths=football-data/validation/validate_1x2_draw_risk_veto_v6130.py"", ""push.paths=.github/workflows/football-v6130-draw-risk-veto.yml"", ""push.branches=main""]",[],"{""contents"": ""write""}","{""validate"": {""_mode"": ""DEFAULT_INHERITED""}}",True,False,True,True,True,False,False,True,"[""football-data/validation/validate_1x2_draw_risk_veto_v6130.py""]",[],[],False,False,False,False,False,False,RESEARCH,CRITICAL_PUSH_WRITE_PERSIST,ARCHIVE,research.yml,phase1-plan-confirmed-by-static-parse
.github/workflows/football-v6130-fixed1000-benchmark.yml,Football V6.13.0 Fixed1000 1X2 Benchmark,"[""push"", ""workflow_dispatch""]","[""push.paths=football-data/validation/build_1x2_fixed1000_benchmark_v6130.py"", ""push.paths=football-data/processed/**"", ""push.paths=.github/workflows/football-v6130-fixed1000-benchmark.yml"", ""push.branches=main""]",[],"{""contents"": ""write""}","{""benchmark"": {""_mode"": ""DEFAULT_INHERITED""}}",True,False,True,True,True,False,False,True,"[""football-data/validation/build_1x2_fixed1000_benchmark_v6130.py""]",[],[],True,False,False,False,False,False,ONE_OFF/RESEARCH,CRITICAL_PUSH_WRITE_PERSIST,ARCHIVE,research.yml,phase1-plan-confirmed-by-static-parse
.github/workflows/football-v6131-injury-onset-fast100.yml,Football V6.13.1 Injury Onset Fast100,"[""push"", ""workflow_dispatch""]","[""push.paths=football-data/validation/validate_1x2_injury_onset_fast100_v6131.py"", ""push.paths=.github/workflows/football-v6131-injury-onset-fast100.yml"", ""push.branches=main""]",[],"{""contents"": ""write""}","{""validate"": {""_mode"": ""DEFAULT_INHERITED""}}",True,False,True,True,True,False,False,True,"[""football-data/validation/validate_1x2_injury_onset_fast100_v6131.py""]",[],[],True,True,False,False,False,False,ONE_OFF/RESEARCH,CRITICAL_PUSH_WRITE_PERSIST,ARCHIVE,research.yml,phase1-plan-confirmed-by-static-parse
.github/workflows/football-v6131-neutral-fixed1000-benchmark.yml,Football V6.13.1 Neutral Fixed1000 Benchmark,"[""push"", ""workflow_dispatch""]","[""push.paths=football-data/validation/build_1x2_neutral_fixed1000_v6131.py"", ""push.paths=football-data/processed/**"", ""push.paths=.github/workflows/football-v6131-neutral-fixed1000-benchmark.yml"", ""push.branches=main""]",[],"{""contents"": ""write""}","{""benchmark"": {""_mode"": ""DEFAULT_INHERITED""}}",True,False,True,True,True,False,False,True,"[""football-data/validation/build_1x2_neutral_fixed1000_v6131.py""]",[],[],True,False,False,False,False,False,ONE_OFF/RESEARCH,CRITICAL_PUSH_WRITE_PERSIST,ARCHIVE,research.yml,phase1-plan-confirmed-by-static-parse
.github/workflows/football-v6132-injury-onset-replication100.yml,Football V6.13.2 Injury Onset Replication100,"[""push"", ""workflow_dispatch""]","[""push.paths=football-data/validation/validate_1x2_injury_onset_replication100_v6132.py"", ""push.paths=.github/workflows/football-v6132-injury-onset-replication100.yml"", ""push.branches=main""]",[],"{""contents"": ""write""}","{""validate"": {""_mode"": ""DEFAULT_INHERITED""}}",True,False,True,True,True,False,False,True,"[""football-data/validation/validate_1x2_injury_onset_replication100_v6132.py""]",[],[],True,True,False,False,False,False,ONE_OFF/RESEARCH,CRITICAL_PUSH_WRITE_PERSIST,ARCHIVE,research.yml,phase1-plan-confirmed-by-static-parse
.github/workflows/football-v6132-multitarget-quality-gate.yml,Football V6.13.2 Multi-target Quality Gate,"[""push"", ""workflow_dispatch""]","[""push.paths=football-data/validation/audit_multitarget_quality_gate_v6132.py"", ""push.paths=football-data/manifests/v6170_formalprior_multiline_forward_status.json"", ""push.paths=football-data/manifests/v6_coherent_special_market_forward_v6224_status.json"", ""push.paths=.github/workflows/football-v6132-multitarget-quality-gate.yml"", ""push.branches=main""]",[],"{""contents"": ""write""}","{""audit"": {""_mode"": ""DEFAULT_INHERITED""}}",True,False,True,True,True,False,False,True,"[""football-data/validation/audit_multitarget_quality_gate_v6132.py""]",[],[],True,False,False,False,False,False,RESEARCH,CRITICAL_PUSH_WRITE_PERSIST,ARCHIVE,research.yml,phase1-plan-confirmed-by-static-parse
.github/workflows/football-v6133-injury-onset-replication100.yml,Football V6.13.3 Injury Onset Third Replication100,"[""push"", ""workflow_dispatch""]","[""push.paths=football-data/validation/validate_1x2_injury_onset_replication100_v6133.py"", ""push.paths=.github/workflows/football-v6133-injury-onset-replication100.yml"", ""push.branches=main""]",[],"{""contents"": ""write""}","{""validate"": {""_mode"": ""DEFAULT_INHERITED""}}",True,False,True,True,True,False,False,True,"[""football-data/validation/validate_1x2_injury_onset_replication100_v6133.py""]",[],[],False,False,False,False,False,False,ONE_OFF/RESEARCH,CRITICAL_PUSH_WRITE_PERSIST,ARCHIVE,research.yml,phase1-plan-confirmed-by-static-parse
.github/workflows/football-v6134-player-minutes-load-fast100.yml,Football V6.13.4 Player Minutes Load Fast100,"[""push"", ""workflow_dispatch""]","[""push.paths=football-data/validation/validate_1x2_player_minutes_load_fast100_v6134.py"", ""push.paths=.github/workflows/football-v6134-player-minutes-load-fast100.yml"", ""push.branches=main""]",[],"{""contents"": ""write""}","{""validate"": {""_mode"": ""DEFAULT_INHERITED""}}",True,False,True,True,True,False,False,True,"[""football-data/validation/validate_1x2_player_minutes_load_fast100_v6134.py""]",[],[],True,True,False,False,False,False,ONE_OFF/RESEARCH,CRITICAL_PUSH_WRITE_PERSIST,ARCHIVE,research.yml,phase1-plan-confirmed-by-static-parse
.github/workflows/football-v6135-player-minutes-load-replication100.yml,Football V6.13.5 Player Minutes Load Replication100,"[""push"", ""workflow_dispatch""]","[""push.paths=football-data/validation/validate_1x2_player_minutes_load_replication100_v6135.py"", ""push.paths=.github/workflows/football-v6135-player-minutes-load-replication100.yml"", ""push.branches=main""]",[],"{""contents"": ""write""}","{""validate"": {""_mode"": ""DEFAULT_INHERITED""}}",True,False,True,True,True,False,False,True,"[""football-data/validation/validate_1x2_player_minutes_load_replication100_v6135.py""]",[],[],False,False,False,False,False,False,ONE_OFF/RESEARCH,CRITICAL_PUSH_WRITE_PERSIST,ARCHIVE,research.yml,phase1-plan-confirmed-by-static-parse
.github/workflows/football-v6136-goalkeeper-stability-fast100.yml,Football V6.13.6 Goalkeeper Stability Fast100,"[""push"", ""workflow_dispatch""]","[""push.paths=football-data/validation/validate_1x2_goalkeeper_stability_fast100_v6136.py"", ""push.paths=.github/workflows/football-v6136-goalkeeper-stability-fast100.yml"", ""push.branches=main""]",[],"{""contents"": ""write""}","{""validate"": {""_mode"": ""DEFAULT_INHERITED""}}",True,False,True,True,True,False,False,True,"[""football-data/validation/validate_1x2_goalkeeper_stability_fast100_v6136.py""]",[],[],False,False,False,False,False,False,ONE_OFF/RESEARCH,CRITICAL_PUSH_WRITE_PERSIST,ARCHIVE,research.yml,phase1-plan-confirmed-by-static-parse
.github/workflows/football-v6137-goalkeeper-stability-replication100.yml,Football V6.13.7 Goalkeeper Stability Replication100,"[""push"", ""workflow_dispatch""]","[""push.paths=football-data/validation/validate_1x2_goalkeeper_stability_replication100_v6137.py"", ""push.paths=.github/workflows/football-v6137-goalkeeper-stability-replication100.yml"", ""push.branches=main""]",[],"{""contents"": ""write""}","{""validate"": {""_mode"": ""DEFAULT_INHERITED""}}",True,False,True,True,True,False,False,True,"[""football-data/validation/validate_1x2_goalkeeper_stability_replication100_v6137.py""]",[],[],False,False,False,False,False,False,ONE_OFF/RESEARCH,CRITICAL_PUSH_WRITE_PERSIST,ARCHIVE,research.yml,phase1-plan-confirmed-by-static-parse
.github/workflows/football-v6138-formation-stability-fast100.yml,Football V6.13.8b Formation Stability Fast100,"[""push"", ""workflow_dispatch""]","[""push.paths=football-data/validation/validate_1x2_formation_stability_fast100_v6138b.py"", ""push.paths=.github/workflows/football-v6138-formation-stability-fast100.yml"", ""push.branches=main""]",[],"{""contents"": ""write""}","{""validate"": {""_mode"": ""DEFAULT_INHERITED""}}",True,False,True,True,True,False,False,True,"[""football-data/validation/validate_1x2_formation_stability_fast100_v6138b.py""]",[],[],False,False,False,False,False,False,ONE_OFF/RESEARCH,CRITICAL_PUSH_WRITE_PERSIST,ARCHIVE,research.yml,phase1-plan-confirmed-by-static-parse
.github/workflows/football-v6140-total25-market-form-fast100.yml,Football V6.14.0 Total25 Market Form Fast100,"[""push"", ""workflow_dispatch""]","[""push.paths=football-data/validation/validate_total25_market_form_fast100_v6140.py"", ""push.paths=.github/workflows/football-v6140-total25-market-form-fast100.yml"", ""push.branches=main""]",[],"{""contents"": ""write""}","{""validate"": {""_mode"": ""DEFAULT_INHERITED""}}",True,False,True,True,True,False,False,True,"[""football-data/validation/validate_total25_market_form_fast100_v6140.py""]",[],[],False,False,True,False,False,False,ONE_OFF/RESEARCH,CRITICAL_PUSH_WRITE_PERSIST,ARCHIVE,research.yml,phase1-plan-confirmed-by-static-parse
.github/workflows/football-v6141-total25-multibook-fast100.yml,Football V6.14.1 Total25 Multibook Fast100,"[""push"", ""workflow_dispatch""]","[""push.paths=football-data/validation/validate_total25_multibook_fast100_v6141.py"", ""push.paths=.github/workflows/football-v6141-total25-multibook-fast100.yml"", ""push.branches=main""]",[],"{""contents"": ""write""}","{""validate"": {""_mode"": ""DEFAULT_INHERITED""}}",True,False,True,True,True,False,False,True,"[""football-data/validation/validate_total25_multibook_fast100_v6141.py""]",[],[],False,False,False,False,False,False,ONE_OFF/RESEARCH,CRITICAL_PUSH_WRITE_PERSIST,ARCHIVE,research.yml,phase1-plan-confirmed-by-static-parse
.github/workflows/football-v6142-total25-error-anatomy-fast100.yml,Football V6.14.2 Total25 Error Anatomy Fast100,"[""push"", ""workflow_dispatch""]","[""push.paths=football-data/validation/audit_total25_error_anatomy_fast100_v6142.py"", ""push.paths=.github/workflows/football-v6142-total25-error-anatomy-fast100.yml"", ""push.branches=main""]",[],"{""contents"": ""write""}","{""audit"": {""_mode"": ""DEFAULT_INHERITED""}}",True,False,True,True,True,False,False,True,"[""football-data/validation/audit_total25_error_anatomy_fast100_v6142.py""]",[],[],False,False,False,False,False,False,ONE_OFF/RESEARCH,CRITICAL_PUSH_WRITE_PERSIST,ARCHIVE,research.yml,phase1-plan-confirmed-by-static-parse
.github/workflows/football-v6143-total25-midconfidence-replication100.yml,Football V6.14.3 Total25 Midconfidence Replication100,"[""push"", ""workflow_dispatch""]","[""push.paths=football-data/validation/validate_total25_midconfidence_gap_replication100_v6143.py"", ""push.paths=.github/workflows/football-v6143-total25-midconfidence-replication100.yml"", ""push.branches=main""]",[],"{""contents"": ""write""}","{""validate"": {""_mode"": ""DEFAULT_INHERITED""}}",True,False,True,True,True,False,False,True,"[""football-data/validation/validate_total25_midconfidence_gap_replication100_v6143.py""]",[],[],False,False,False,False,False,False,ONE_OFF/RESEARCH,CRITICAL_PUSH_WRITE_PERSIST,ARCHIVE,research.yml,phase1-plan-confirmed-by-static-parse
.github/workflows/football-v6144-total25-domain-replication100.yml,Football V6.14.4 Total25 Domain Replication100,"[""push"", ""workflow_dispatch""]","[""push.paths=football-data/validation/validate_total25_domain_replication100_v6144.py"", ""push.paths=.github/workflows/football-v6144-total25-domain-replication100.yml"", ""push.branches=main""]",[],"{""contents"": ""write""}","{""validate"": {""_mode"": ""DEFAULT_INHERITED""}}",True,False,True,True,True,False,False,True,"[""football-data/validation/validate_total25_domain_replication100_v6144.py""]",[],[],False,False,False,False,False,False,ONE_OFF/RESEARCH,CRITICAL_PUSH_WRITE_PERSIST,ARCHIVE,research.yml,phase1-plan-confirmed-by-static-parse
.github/workflows/football-v6145-score-market-state-fast100.yml,Football V6.14.5 Score Market State Fast100,"[""push"", ""workflow_dispatch""]","[""push.paths=football-data/validation/validate_score_market_state_fast100_v6145.py"", ""push.paths=.github/workflows/football-v6145-score-market-state-fast100.yml"", ""push.branches=main""]",[],"{""contents"": ""write""}","{""validate"": {""_mode"": ""DEFAULT_INHERITED""}}",True,False,True,True,True,False,False,True,"[""football-data/validation/validate_score_market_state_fast100_v6145.py""]",[],[],False,False,True,False,False,False,ONE_OFF/RESEARCH,CRITICAL_PUSH_WRITE_PERSIST,ARCHIVE,research.yml,phase1-plan-confirmed-by-static-parse
.github/workflows/football-v6146-score-market-state-rep100.yml,Football V6.14.6 Score Market State Rep100,"[""push"", ""workflow_dispatch""]","[""push.paths=football-data/validation/validate_score_market_state_rep100_v6146.py"", ""push.paths=.github/workflows/football-v6146-score-market-state-rep100.yml"", ""push.branches=main""]",[],"{""contents"": ""write""}","{""validate"": {""_mode"": ""DEFAULT_INHERITED""}}",True,False,True,True,True,False,False,True,"[""football-data/validation/validate_score_market_state_rep100_v6146.py""]",[],[],False,False,True,False,False,False,RESEARCH,CRITICAL_PUSH_WRITE_PERSIST,ARCHIVE,research.yml,phase1-plan-confirmed-by-static-parse
.github/workflows/football-v6147-score-oracle-total-fast100.yml,Football V6.14.7 Score Oracle Total Fast100,"[""push"", ""workflow_dispatch""]","[""push.paths=football-data/validation/audit_score_oracle_total_fast100_v6147.py"", ""push.paths=.github/workflows/football-v6147-score-oracle-total-fast100.yml"", ""push.branches=main""]",[],"{""contents"": ""write""}","{""audit"": {""_mode"": ""DEFAULT_INHERITED""}}",True,False,True,True,True,False,False,True,"[""football-data/validation/audit_score_oracle_total_fast100_v6147.py""]",[],[],False,False,True,False,False,False,ONE_OFF/RESEARCH,CRITICAL_PUSH_WRITE_PERSIST,ARCHIVE,research.yml,phase1-plan-confirmed-by-static-parse
.github/workflows/football-v6148-total-market-state-fast100.yml,Football V6.14.8 Total Market State Fast100,"[""push"", ""workflow_dispatch""]","[""push.paths=football-data/validation/validate_total_market_state_fast100_v6148.py"", ""push.paths=.github/workflows/football-v6148-total-market-state-fast100.yml"", ""push.branches=main""]",[],"{""contents"": ""write""}","{""validate"": {""_mode"": ""DEFAULT_INHERITED""}}",True,False,True,True,True,False,False,True,"[""football-data/validation/validate_total_market_state_fast100_v6148.py""]",[],[],False,False,True,False,False,False,ONE_OFF/RESEARCH,CRITICAL_PUSH_WRITE_PERSIST,ARCHIVE,research.yml,phase1-plan-confirmed-by-static-parse
.github/workflows/football-v6150-total-score-fast100.yml,Football V6.15.0 Total Score Fast100,"[""push"", ""workflow_dispatch""]","[""push.paths=football-data/validation/validate_total_score_chain_fast100_v6150.py"", ""push.paths=.github/workflows/football-v6150-total-score-fast100.yml"", ""push.branches=main""]",[],"{""contents"": ""write""}","{""validate"": {""_mode"": ""DEFAULT_INHERITED""}}",True,False,True,True,True,False,False,True,"[""football-data/validation/validate_total_score_chain_fast100_v6150.py""]",[],[],False,False,False,False,False,False,ONE_OFF/RESEARCH,CRITICAL_PUSH_WRITE_PERSIST,ARCHIVE,research.yml,phase1-plan-confirmed-by-static-parse
.github/workflows/football-v6151-total-score-knn-fast100.yml,Football V6.15.1 Total Score KNN Fast100,"[""push"", ""workflow_dispatch""]","[""push.paths=football-data/validation/validate_total_score_knn_fast100_v6151.py"", ""push.paths=.github/workflows/football-v6151-total-score-knn-fast100.yml"", ""push.branches=main""]",[],"{""contents"": ""write""}","{""validate"": {""_mode"": ""DEFAULT_INHERITED""}}",True,False,True,True,True,False,False,True,"[""football-data/validation/validate_total_score_knn_fast100_v6151.py""]",[],[],False,False,True,False,False,False,ONE_OFF/RESEARCH,CRITICAL_PUSH_WRITE_PERSIST,ARCHIVE,research.yml,phase1-plan-confirmed-by-static-parse
.github/workflows/football-v6152-total-score-frontier.yml,Football V6.15.2 Total Score Frontier,"[""push"", ""workflow_dispatch""]","[""push.paths=football-data/validation/validate_total_score_frontier_v6152.py"", ""push.paths=.github/workflows/football-v6152-total-score-frontier.yml"", ""push.branches=main""]",[],"{""contents"": ""write""}","{""validate"": {""_mode"": ""DEFAULT_INHERITED""}}",True,False,True,True,True,False,False,True,"[""football-data/validation/validate_total_score_frontier_v6152.py""]",[],[],False,False,False,False,False,False,RESEARCH,CRITICAL_PUSH_WRITE_PERSIST,ARCHIVE,research.yml,phase1-plan-confirmed-by-static-parse
.github/workflows/football-v6153-total-score-external.yml,Football V6.15.3 External Total-Score Validation,"[""push"", ""workflow_dispatch""]","[""push.paths=football-data/validation/validate_total_score_external_v6153.py"", ""push.paths=.github/workflows/football-v6153-total-score-external.yml"", ""push.branches=main""]",[],"{""contents"": ""write""}","{""validate"": {""_mode"": ""DEFAULT_INHERITED""}}",True,False,True,True,True,False,False,True,"[""football-data/validation/validate_total_score_external_v6153.py""]",[],[],False,False,True,False,False,False,RESEARCH,CRITICAL_PUSH_WRITE_PERSIST,ARCHIVE,research.yml,phase1-plan-confirmed-by-static-parse
.github/workflows/football-v6153a-freshblocks.yml,Football V6.15.3a Fresh Blocks,"[""push"", ""workflow_dispatch""]","[""push.paths=football-data/validation/validate_total_score_freshblocks_v6153a.py"", ""push.paths=.github/workflows/football-v6153a-freshblocks.yml"", ""push.branches=main""]",[],"{""contents"": ""write""}","{""validate"": {""_mode"": ""DEFAULT_INHERITED""}}",True,False,True,True,True,False,False,True,"[""football-data/validation/validate_total_score_freshblocks_v6153a.py""]",[],[],False,False,True,False,False,False,RESEARCH,CRITICAL_PUSH_WRITE_PERSIST,ARCHIVE,research.yml,phase1-plan-confirmed-by-static-parse
.github/workflows/football-v6160-ordinal-total-score.yml,Football V6.16 Ordinal Total and Conditional Score,"[""push"", ""workflow_dispatch""]","[""push.paths=football-data/validation/validate_ordinal_total_conditional_score_v6160.py"", ""push.paths=.github/workflows/football-v6160-ordinal-total-score.yml"", ""push.branches=main""]",[],"{""contents"": ""write""}","{""validate"": {""_mode"": ""DEFAULT_INHERITED""}}",True,False,True,True,True,False,False,True,"[""football-data/validation/validate_ordinal_total_conditional_score_v6160.py""]",[],[],False,False,True,False,False,False,RESEARCH,CRITICAL_PUSH_WRITE_PERSIST,ARCHIVE,research.yml,phase1-plan-confirmed-by-static-parse
.github/workflows/football-v6161-hgb-total-score.yml,Football V6.16.1 Nonlinear Total and Conditional Score,"[""push"", ""workflow_dispatch""]","[""push.paths=football-data/validation/validate_hgb_total_conditional_score_v6161.py"", ""push.paths=.github/workflows/football-v6161-hgb-total-score.yml"", ""push.branches=main""]",[],"{""contents"": ""write""}","{""validate"": {""_mode"": ""DEFAULT_INHERITED""}}",True,False,True,True,True,False,False,True,"[""football-data/validation/validate_hgb_total_conditional_score_v6161.py""]",[],[],False,False,True,False,False,False,RESEARCH,CRITICAL_PUSH_WRITE_PERSIST,ARCHIVE,research.yml,phase1-plan-confirmed-by-static-parse
.github/workflows/football-v6162-market-ou-kl.yml,Football V6.16.2 Market OU KL Projection,"[""push"", ""workflow_dispatch""]","[""push.paths=football-data/validation/validate_market_ou_kl_projection_v6162.py"", ""push.paths=.github/workflows/football-v6162-market-ou-kl.yml"", ""push.branches=main""]",[],"{""contents"": ""write""}","{""validate"": {""_mode"": ""DEFAULT_INHERITED""}}",True,False,True,True,True,False,False,True,"[""football-data/validation/validate_market_ou_kl_projection_v6162.py""]",[],[],False,False,True,False,False,False,RESEARCH,CRITICAL_PUSH_WRITE_PERSIST,ARCHIVE,research.yml,phase1-plan-confirmed-by-static-parse
.github/workflows/football-v6163-joint-market-ipf.yml,Football V6.16.3 Joint Market IPF,"[""push"", ""workflow_dispatch""]","[""push.paths=football-data/validation/validate_joint_market_ipf_v6163.py"", ""push.paths=.github/workflows/football-v6163-joint-market-ipf.yml"", ""push.branches=main""]",[],"{""contents"": ""write""}","{""validate"": {""_mode"": ""DEFAULT_INHERITED""}}",True,False,True,True,True,False,False,True,"[""football-data/validation/validate_joint_market_ipf_v6163.py""]",[],[],False,False,True,False,False,False,RESEARCH,CRITICAL_PUSH_WRITE_PERSIST,ARCHIVE,research.yml,phase1-plan-confirmed-by-static-parse
.github/workflows/football-v6164-joint-ipf-crossseason.yml,Football V6.20 Fast100 Repair Batch,"[""push"", ""workflow_dispatch""]","[""push.paths=football-data/validation/v6_independent_total_hierarchical_fast100_v6200.py"", ""push.paths=football-data/validation/v6_independent_score_hierarchical_fast100_v6201.py"", ""push.paths=.github/workflows/football-v6164-joint-ipf-crossseason.yml"", ""push.branches=main""]",[],"{""contents"": ""write""}","{""validate"": {""_mode"": ""DEFAULT_INHERITED""}}",True,False,True,True,True,False,False,True,"[""football-data/validation/v6_independent_score_hierarchical_fast100_v6201.py"", ""football-data/validation/v6_independent_total_hierarchical_fast100_v6200.py""]",[],[],True,True,True,False,False,False,RESEARCH,CRITICAL_PUSH_WRITE_PERSIST,ARCHIVE,research.yml,phase1-plan-confirmed-by-static-parse
.github/workflows/football-v6165a-ah-line-scan.yml,Football V6.16.5a AH Line Scan,"[""push"", ""workflow_dispatch""]","[""push.paths=football-data/validation/audit_ah_line_distribution_v6165a.py"", ""push.paths=.github/workflows/football-v6165a-ah-line-scan.yml"", ""push.branches=main""]",[],"{""contents"": ""write""}","{""audit"": {""_mode"": ""DEFAULT_INHERITED""}}",True,False,True,True,True,False,False,True,"[""football-data/validation/audit_ah_line_distribution_v6165a.py""]",[],[],False,False,False,False,False,False,ONE_OFF/RESEARCH,CRITICAL_PUSH_WRITE_PERSIST,ARCHIVE,research.yml,phase1-plan-confirmed-by-static-parse
.github/workflows/football-v6165b-joint-ah-ipf.yml,Football V6.16.5b Joint AH IPF,"[""push"", ""workflow_dispatch""]","[""push.paths=football-data/validation/validate_joint_market_ah_ipf_v6165b.py"", ""push.paths=.github/workflows/football-v6165b-joint-ah-ipf.yml"", ""push.branches=main""]",[],"{""contents"": ""write""}","{""validate"": {""_mode"": ""DEFAULT_INHERITED""}}",True,False,True,True,True,False,False,True,"[""football-data/validation/validate_joint_market_ah_ipf_v6165b.py""]",[],[],False,False,True,False,False,False,RESEARCH,CRITICAL_PUSH_WRITE_PERSIST,ARCHIVE,research.yml,phase1-plan-confirmed-by-static-parse
.github/workflows/football-v6165prep-market-columns.yml,Football V6.16.5 Prep Market Columns,"[""push"", ""workflow_dispatch""]","[""push.paths=football-data/validation/audit_market_columns_v6165prep.py"", ""push.paths=.github/workflows/football-v6165prep-market-columns.yml"", ""push.branches=main""]",[],"{""contents"": ""write""}","{""audit"": {""_mode"": ""DEFAULT_INHERITED""}}",True,False,True,True,True,False,False,True,"[""football-data/validation/audit_market_columns_v6165prep.py""]",[],[],False,False,False,False,False,False,RESEARCH,CRITICAL_PUSH_WRITE_PERSIST,ARCHIVE,research.yml,phase1-plan-confirmed-by-static-parse
.github/workflows/football-v6166-conditional-margin-ah.yml,Football V6.16.6 Conditional Margin AH,"[""push"", ""workflow_dispatch""]","[""push.paths=football-data/validation/validate_conditional_margin_ah_v6166.py"", ""push.paths=.github/workflows/football-v6166-conditional-margin-ah.yml"", ""push.branches=main""]",[],"{""contents"": ""write""}","{""validate"": {""_mode"": ""DEFAULT_INHERITED""}}",True,False,True,True,True,False,False,True,"[""football-data/validation/validate_conditional_margin_ah_v6166.py""]",[],[],False,False,True,False,False,False,RESEARCH,CRITICAL_PUSH_WRITE_PERSIST,ARCHIVE,research.yml,phase1-plan-confirmed-by-static-parse
.github/workflows/football-v6166a-conditional-margin-fast.yml,Football V6.16.6a Conditional Margin Fast,"[""push"", ""workflow_dispatch""]","[""push.paths=football-data/validation/validate_conditional_margin_ah_fast_v6166a.py"", ""push.paths=.github/workflows/football-v6166a-conditional-margin-fast.yml"", ""push.branches=main""]",[],"{""contents"": ""write""}","{""validate"": {""_mode"": ""DEFAULT_INHERITED""}}",True,False,True,True,True,False,False,True,"[""football-data/validation/validate_conditional_margin_ah_fast_v6166a.py"", ""football-data/validation/validate_conditional_margin_ah_v6166.py""]",[],[],False,False,True,False,False,False,ONE_OFF/RESEARCH,CRITICAL_PUSH_WRITE_PERSIST,ARCHIVE,research.yml,phase1-plan-confirmed-by-static-parse
.github/workflows/football-v6166b-ah-margin-diagnostic.yml,Football V6.16.6b AH Margin Diagnostic,"[""push"", ""workflow_dispatch""]","[""push.paths=football-data/validation/diagnose_ah_margin_given_total_v6166b.py"", ""push.paths=.github/workflows/football-v6166b-ah-margin-diagnostic.yml"", ""push.branches=main""]",[],"{""contents"": ""write""}","{""audit"": {""_mode"": ""DEFAULT_INHERITED""}}",True,False,True,True,True,False,False,True,"[""football-data/validation/diagnose_ah_margin_given_total_v6166b.py""]",[],[],False,False,False,False,False,False,ONE_OFF/RESEARCH,CRITICAL_PUSH_WRITE_PERSIST,ARCHIVE,research.yml,phase1-plan-confirmed-by-static-parse
.github/workflows/football-v6167-full-joint-td.yml,Football V6.16.7 Full T-D Joint,"[""push"", ""workflow_dispatch""]","[""push.paths=football-data/validation/validate_full_joint_td_ah_v6167.py"", ""push.paths=.github/workflows/football-v6167-full-joint-td.yml"", ""push.branches=main""]",[],"{""contents"": ""write""}","{""validate"": {""_mode"": ""DEFAULT_INHERITED""}}",True,False,True,True,True,False,False,True,"[""football-data/validation/validate_conditional_margin_ah_v6166.py"", ""football-data/validation/validate_full_joint_td_ah_v6167.py""]",[],[],False,False,True,False,False,False,RESEARCH/ONE_OFF,CRITICAL_PUSH_WRITE_PERSIST,ARCHIVE,research.yml,phase1-plan-confirmed-by-static-parse
.github/workflows/football-v6167a-full-joint-fast.yml,Football V6.16.7a Full T-D Fast,"[""push"", ""workflow_dispatch""]","[""push.paths=football-data/validation/validate_full_joint_td_ah_fast_v6167a.py"", ""push.paths=.github/workflows/football-v6167a-full-joint-fast.yml"", ""push.branches=main""]",[],"{""contents"": ""write""}","{""validate"": {""_mode"": ""DEFAULT_INHERITED""}}",True,False,True,True,True,False,False,True,"[""football-data/validation/validate_conditional_margin_ah_v6166.py"", ""football-data/validation/validate_full_joint_td_ah_fast_v6167a.py"", ""football-data/validation/validate_full_joint_td_ah_v6167.py""]",[],[],False,False,True,False,False,False,ONE_OFF/RESEARCH,CRITICAL_PUSH_WRITE_PERSIST,ARCHIVE,research.yml,phase1-plan-confirmed-by-static-parse
.github/workflows/football-v6169-selective-total-score.yml,Football V6.16.9 Selective Total Score,"[""push"", ""workflow_dispatch""]","[""push.paths=football-data/validation/generate_joint_ipf_selection_rows_v6169.py"", ""push.paths=football-data/validation/evaluate_joint_ipf_selective_v6169.py"", ""push.paths=.github/workflows/football-v6169-selective-total-score.yml"", ""push.branches=main""]",[],"{""contents"": ""write""}","{""validate"": {""_mode"": ""DEFAULT_INHERITED""}}",True,False,True,True,True,False,False,True,"[""football-data/validation/evaluate_joint_ipf_selective_v6169.py"", ""football-data/validation/generate_joint_ipf_selection_rows_v6169.py""]",[],[],False,False,True,False,False,False,RESEARCH,CRITICAL_PUSH_WRITE_PERSIST,ARCHIVE,research.yml,phase1-plan-confirmed-by-static-parse
.github/workflows/football-v6170-prior-unavailable-audit.yml,Football V6.17 Prior-Unavailable Audit,"[""push"", ""workflow_dispatch""]","[""push.paths=football-data/validation/audit_v6170_prior_unavailable.py"", ""push.paths=.github/workflows/football-v6170-prior-unavailable-audit.yml"", ""push.branches=main""]",[],"{""contents"": ""write""}","{""audit"": {""_mode"": ""DEFAULT_INHERITED""}}",True,False,True,True,True,False,False,True,"[""football-data/validation/audit_v6170_prior_unavailable.py""]",[],[],False,False,False,False,False,False,ONE_OFF/RESEARCH,CRITICAL_PUSH_WRITE_PERSIST,ARCHIVE,research.yml,phase1-plan-confirmed-by-static-parse
.github/workflows/football-v6171-kambi-market-inventory.yml,football-v6171-kambi-market-inventory,"[""push"", ""workflow_dispatch""]","[""push.paths=football-data/validation/v6_kambi_market_criterion_inventory_v6171.py"", ""push.paths=.github/workflows/football-v6171-kambi-market-inventory.yml""]",[],"{""contents"": ""read""}","{""audit"": {""contents"": ""write""}}",True,False,False,False,False,False,False,False,"[""football-data/validation/persist_generated_worktree_v474.py"", ""football-data/validation/v6_kambi_market_criterion_inventory_v6171.py""]",[],[],False,False,False,False,False,False,RESEARCH,HIGH_PUSH_WRITE,ARCHIVE,research.yml,phase1-plan-confirmed-by-static-parse
.github/workflows/football-v6172-score-signal-coverage.yml,football-v6172-score-signal-coverage,"[""push"", ""workflow_dispatch""]","[""push.paths=football-data/validation/v6_score_signal_coverage_v6172.py"", ""push.paths=.github/workflows/football-v6172-score-signal-coverage.yml""]",[],"{""contents"": ""read""}","{""audit"": {""contents"": ""write""}}",True,False,False,False,False,False,False,False,"[""football-data/validation/persist_generated_worktree_v474.py"", ""football-data/validation/v6_score_signal_coverage_v6172.py""]",[],[],False,False,False,False,False,False,SCHEDULED/DATA_OR_CONTEXT,HIGH_PUSH_WRITE,CONSOLIDATE,scheduled-data.yml/forward.yml,phase1-plan-confirmed-by-static-parse
.github/workflows/football-v6173-random100-score-signal.yml,football-v6173-random100-score-signal,"[""push"", ""workflow_dispatch""]","[""push.paths=football-data/validation/v6_random100_score_signal_diagnostic_v6173.py"", ""push.paths=.github/workflows/football-v6173-random100-score-signal.yml""]",[],"{""contents"": ""read""}","{""audit"": {""contents"": ""write""}}",True,False,False,False,False,False,False,False,"[""football-data/validation/persist_generated_worktree_v474.py"", ""football-data/validation/v6_random100_score_signal_diagnostic_v6173.py""]",[],[],False,False,False,False,False,False,ONE_OFF/RESEARCH,HIGH_PUSH_WRITE,ARCHIVE,research.yml,phase1-plan-confirmed-by-static-parse
.github/workflows/football-v6173-score-signal-random100.yml,football-v6173-score-signal-random100,"[""push"", ""workflow_dispatch""]","[""push.paths=football-data/validation/v6_score_signal_random100_v6173.py"", ""push.paths=.github/workflows/football-v6173-score-signal-random100.yml""]",[],"{""contents"": ""read""}","{""audit"": {""contents"": ""write""}}",True,False,False,False,False,False,False,False,"[""football-data/validation/persist_generated_worktree_v474.py"", ""football-data/validation/v6_score_signal_random100_v6173.py""]",[],[],False,False,True,False,False,False,ONE_OFF/RESEARCH,HIGH_PUSH_WRITE,ARCHIVE,research.yml,phase1-plan-confirmed-by-static-parse
.github/workflows/football-v6174-kambi-git-history.yml,football-v6174-kambi-git-history,"[""push"", ""workflow_dispatch""]","[""push.paths=football-data/validation/v6_kambi_git_history_inventory_v6174.py"", ""push.paths=.github/workflows/football-v6174-kambi-git-history.yml""]",[],"{""contents"": ""read""}","{""audit"": {""contents"": ""write""}}",True,False,False,False,False,False,False,False,"[""football-data/validation/persist_generated_worktree_v474.py"", ""football-data/validation/v6_kambi_git_history_inventory_v6174.py""]",[],[],False,False,False,False,False,False,RESEARCH,HIGH_PUSH_WRITE,ARCHIVE,research.yml,phase1-plan-confirmed-by-static-parse
.github/workflows/football-v6174-v6164-random100.yml,football-v6174-v6164-random100,"[""push"", ""workflow_dispatch""]","[""push.paths=football-data/validation/v6_joint_ipf_random100_baseline_v6174.py"", ""push.paths=.github/workflows/football-v6174-v6164-random100.yml""]",[],"{""contents"": ""read""}","{""audit"": {""contents"": ""write""}}",True,False,False,False,False,False,False,False,"[""football-data/validation/persist_generated_worktree_v474.py"", ""football-data/validation/v6_joint_ipf_random100_baseline_v6174.py""]",[],[],False,False,True,False,False,False,ONE_OFF/RESEARCH,HIGH_PUSH_WRITE,ARCHIVE,research.yml,phase1-plan-confirmed-by-static-parse
.github/workflows/football-v6174a-fast-random100.yml,football-v6174a-fast-random100,"[""push"", ""workflow_dispatch""]","[""push.paths=football-data/validation/v6_joint_ipf_random100_fast_v6174a.py"", ""push.paths=.github/workflows/football-v6174a-fast-random100.yml""]",[],"{""contents"": ""read""}","{""audit"": {""contents"": ""write""}}",True,False,False,False,False,False,False,False,"[""football-data/validation/persist_generated_worktree_v474.py"", ""football-data/validation/v6_joint_ipf_random100_fast_v6174a.py""]",[],[],False,False,False,False,False,False,ONE_OFF/RESEARCH,HIGH_PUSH_WRITE,ARCHIVE,research.yml,phase1-plan-confirmed-by-static-parse
.github/workflows/football-v6180-conditional-score.yml,football-v6180-conditional-score,"[""push"", ""workflow_dispatch""]","[""push.paths=football-data/validation/v6_conditional_score_reallocation_v6180.py"", ""push.paths=.github/workflows/football-v6180-conditional-score.yml""]",[],"{""contents"": ""read""}","{""audit"": {""contents"": ""write""}}",True,False,False,False,False,False,False,False,"[""football-data/validation/persist_generated_worktree_v474.py"", ""football-data/validation/v6_conditional_score_reallocation_v6180.py""]",[],[],False,False,True,False,False,False,RESEARCH,HIGH_PUSH_WRITE,ARCHIVE,research.yml,phase1-plan-confirmed-by-static-parse
.github/workflows/football-v6181-shot-total.yml,football-v6181-shot-total,"[""push"", ""workflow_dispatch""]","[""push.paths=football-data/validation/v6_total_shot_residual_v6181.py"", ""push.paths=football-data/validation/v6_total_shot_residual_v6181a.py"", ""push.paths=.github/workflows/football-v6181-shot-total.yml"", ""push.branches=main""]",[],"{""contents"": ""write""}","{""audit"": {""_mode"": ""DEFAULT_INHERITED""}}",True,False,False,False,False,False,False,False,"[""football-data/validation/persist_generated_worktree_v474.py"", ""football-data/validation/v6_total_shot_residual_v6181.py"", ""football-data/validation/v6_total_shot_residual_v6181a.py""]",[],[],True,True,True,False,False,False,RESEARCH,HIGH_PUSH_WRITE,ARCHIVE,research.yml,phase1-plan-confirmed-by-static-parse
.github/workflows/football-v6181b-shot-increment-control.yml,football-v6181b-shot-increment-control,"[""push"", ""workflow_dispatch""]","[""push.paths=football-data/validation/v6_total_shot_increment_control_v6181b.py"", ""push.paths=.github/workflows/football-v6181b-shot-increment-control.yml"", ""push.branches=main""]",[],"{""contents"": ""write""}","{""audit"": {""_mode"": ""DEFAULT_INHERITED""}}",True,False,False,False,False,False,False,False,"[""football-data/validation/persist_generated_worktree_v474.py"", ""football-data/validation/v6_total_shot_increment_control_v6181b.py""]",[],[],True,True,True,False,False,False,RESEARCH,HIGH_PUSH_WRITE,ARCHIVE,research.yml,phase1-plan-confirmed-by-static-parse
.github/workflows/football-v6181c-strict-daily-pit.yml,football-v6181c-strict-daily-pit,"[""push"", ""workflow_dispatch""]","[""push.paths=football-data/validation/v6_strict_daily_pit_rows_v6181c.py"", ""push.paths=football-data/validation/v6_conditional_score_shot_challenge_v6184.py"", ""push.paths=football-data/validation/v6_selective_exact_score_gate_v6185.py"", ""push.paths=.github/workflows/football-v6181c-strict-daily-pit.yml"", ""push.branches=main""]",[],"{""contents"": ""write""}","{""audit"": {""_mode"": ""DEFAULT_INHERITED""}}",True,False,False,False,False,False,False,False,"[""football-data/validation/persist_generated_worktree_v474.py"", ""football-data/validation/v6_conditional_score_shot_challenge_v6184.py"", ""football-data/validation/v6_selective_exact_score_gate_v6185.py"", ""football-data/validation/v6_strict_daily_pit_rows_v6181c.py""]",[],[],True,True,True,False,False,False,RESEARCH,HIGH_PUSH_WRITE,ARCHIVE,research.yml,phase1-plan-confirmed-by-static-parse
.github/workflows/football-v6182-domain-diagnostic.yml,football-v6182-domain-diagnostic,"[""push"", ""workflow_dispatch""]","[""push.paths=football-data/validation/v6_total_shot_domain_diagnostic_v6182.py"", ""push.paths=.github/workflows/football-v6182-domain-diagnostic.yml"", ""push.branches=main""]",[],"{""contents"": ""write""}","{""audit"": {""_mode"": ""DEFAULT_INHERITED""}}",True,False,False,False,False,False,False,False,"[""football-data/validation/persist_generated_worktree_v474.py"", ""football-data/validation/v6_total_shot_domain_diagnostic_v6182.py""]",[],[],True,True,True,False,False,False,ONE_OFF/RESEARCH,HIGH_PUSH_WRITE,ARCHIVE,research.yml,phase1-plan-confirmed-by-static-parse
.github/workflows/football-v6183-prospective-freeze.yml,football-v6183-prospective-freeze,"[""push"", ""workflow_dispatch""]","[""push.paths=football-data/validation/v6_total_shot_prospective_freeze_v6183.py"", ""push.paths=.github/workflows/football-v6183-prospective-freeze.yml"", ""push.branches=main""]",[],"{""contents"": ""write""}","{""freeze"": {""_mode"": ""DEFAULT_INHERITED""}}",True,False,False,False,False,False,False,False,"[""football-data/validation/persist_generated_worktree_v474.py"", ""football-data/validation/v6_total_shot_prospective_freeze_v6183.py""]",[],[],True,False,True,False,False,False,SCHEDULED/DATA_OR_CONTEXT,HIGH_PUSH_WRITE,CONSOLIDATE,scheduled-data.yml/forward.yml,phase1-plan-confirmed-by-static-parse
.github/workflows/football-v6183r2-prospective-freeze.yml,football-v6183r2-prospective-freeze,"[""push"", ""workflow_dispatch""]","[""push.paths=football-data/validation/v6_total_shot_prospective_freeze_v6183r2.py"", ""push.paths=.github/workflows/football-v6183r2-prospective-freeze.yml"", ""push.branches=main""]",[],"{""contents"": ""write""}","{""freeze"": {""_mode"": ""DEFAULT_INHERITED""}}",True,False,False,False,False,False,False,False,"[""football-data/validation/persist_generated_worktree_v474.py"", ""football-data/validation/v6_total_shot_prospective_freeze_v6183r2.py""]",[],[],True,False,True,False,False,False,SCHEDULED/DATA_OR_CONTEXT,HIGH_PUSH_WRITE,CONSOLIDATE,scheduled-data.yml/forward.yml,phase1-plan-confirmed-by-static-parse
.github/workflows/football-v6183r3-strict-freeze.yml,football-v6183r3-strict-freeze,"[""push"", ""workflow_dispatch""]","[""push.paths=football-data/validation/v6_total_shot_prospective_freeze_v6183r3.py"", ""push.paths=.github/workflows/football-v6183r3-strict-freeze.yml"", ""push.branches=main""]",[],"{""contents"": ""write""}","{""freeze"": {""_mode"": ""DEFAULT_INHERITED""}}",True,False,False,False,False,False,False,False,"[""football-data/validation/persist_generated_worktree_v474.py"", ""football-data/validation/v6_total_shot_prospective_freeze_v6183r3.py""]",[],[],True,False,True,False,False,False,RESEARCH,HIGH_PUSH_WRITE,ARCHIVE,research.yml,phase1-plan-confirmed-by-static-parse
.github/workflows/football-v6184-conditional-score-shot.yml,football-v6184-conditional-score-shot,"[""push"", ""workflow_dispatch""]","[""push.paths=football-data/validation/v6_conditional_score_shot_challenge_v6184.py"", ""push.paths=football-data/validation/v6_conditional_score_shot_challenge_v6184a.py"", ""push.paths=football-data/validation/v6_strict_daily_pit_rows_v6181c.py"", ""push.paths=.github/workflows/football-v6184-conditional-score-shot.yml"", ""push.branches=main""]",[],"{""contents"": ""write""}","{""audit"": {""_mode"": ""DEFAULT_INHERITED""}}",True,False,False,False,False,False,False,False,"[""football-data/validation/persist_generated_worktree_v474.py"", ""football-data/validation/v6_conditional_score_shot_challenge_v6184.py"", ""football-data/validation/v6_conditional_score_shot_challenge_v6184a.py"", ""football-data/validation/v6_strict_daily_pit_rows_v6181c.py""]",[],[],True,True,True,False,False,False,RESEARCH,HIGH_PUSH_WRITE,ARCHIVE,research.yml,phase1-plan-confirmed-by-static-parse
.github/workflows/football-v6184q-fold2-shard.yml,football-v6184q-fold2-shard,"[""push"", ""workflow_dispatch""]","[""push.paths=football-data/validation/v6_conditional_score_shot_fold2_shard_v6184q.py"", ""push.paths=.github/workflows/football-v6184q-fold2-shard.yml"", ""push.branches=main""]",[],"{""contents"": ""write""}","{""audit"": {""_mode"": ""DEFAULT_INHERITED""}}",True,False,False,False,False,False,False,False,"[""football-data/validation/persist_generated_worktree_v474.py"", ""football-data/validation/v6_conditional_score_shot_fold2_shard_v6184q.py""]",[],[],True,True,True,False,False,False,RESEARCH,HIGH_PUSH_WRITE,ARCHIVE,research.yml,phase1-plan-confirmed-by-static-parse
.github/workflows/football-v6186-understat-alignment.yml,football-v6186-understat-alignment,"[""push"", ""workflow_dispatch""]","[""push.paths=football-data/validation/v6_understat_fixture_alignment_audit_v6186.py"", ""push.paths=football-data/validation/v6_understat_fixture_alignment_audit_v6186r2.py"", ""push.paths=.github/workflows/football-v6186-understat-alignment.yml"", ""push.branches=main""]",[],"{""contents"": ""write""}","{""audit"": {""_mode"": ""DEFAULT_INHERITED""}}",True,False,False,False,False,False,False,False,"[""football-data/validation/persist_generated_worktree_v474.py"", ""football-data/validation/v6_understat_fixture_alignment_audit_v6186.py"", ""football-data/validation/v6_understat_fixture_alignment_audit_v6186r2.py""]",[],[],True,True,True,False,False,False,RESEARCH,HIGH_PUSH_WRITE,ARCHIVE,research.yml,phase1-plan-confirmed-by-static-parse
.github/workflows/football-v6189-freeze-xg-panel.yml,Football V6.18.9 Freeze xG Panel,"[""push"", ""workflow_dispatch""]","[""push.paths=football-data/validation/v6_understat_xg_feature_panel_freeze_v6189.py"", ""push.paths=.github/workflows/football-v6189-freeze-xg-panel.yml"", ""push.branches=main""]",[],"{""contents"": ""write""}","{""freeze"": {""_mode"": ""DEFAULT_INHERITED""}}",True,False,True,True,True,False,False,True,"[""football-data/validation/v6_understat_xg_feature_panel_freeze_v6189.py""]",[],[],False,False,True,False,False,False,RESEARCH,CRITICAL_PUSH_WRITE_PERSIST,ARCHIVE,research.yml,phase1-plan-confirmed-by-static-parse
.github/workflows/football-v6192-independent-1x2-forward-eval.yml,Football V6.19.2 Independent 1X2 Forward Eval,"[""push"", ""workflow_dispatch""]","[""push.paths=football-data/forward/v6_market_first_events_v651.json"", ""push.paths=football-data/manifests/v6_1x2_independent_primary_prospective_freeze_v6192_status.json"", ""push.paths=football-data/validation/v6_1x2_independent_primary_forward_eval_v6192.py"", ""push.paths=.github/workflows/football-v6192-independent-1x2-forward-eval.yml"", ""push.branches=main""]",[],"{""contents"": ""write""}","{""evaluate"": {""_mode"": ""DEFAULT_INHERITED""}}",True,False,True,True,True,False,False,True,"[""football-data/validation/v6_1x2_independent_primary_forward_eval_v6192.py""]",[],[],True,True,False,False,False,False,RESEARCH,CRITICAL_PUSH_WRITE_PERSIST,ARCHIVE,research.yml,phase1-plan-confirmed-by-static-parse
.github/workflows/football-v6194-three-track-fast100.yml,Football V6.22.4 Coherent Forward Diagnostic,"[""push"", ""workflow_dispatch""]","[""push.paths=football-data/validation/v6_coherent_special_market_forward_v6224.py"", ""push.paths=football-data/validation/v6_coherent_special_market_projection_v6223.py"", ""push.paths=.github/workflows/football-v6194-three-track-fast100.yml"", ""push.branches=main""]",[],"{""contents"": ""write""}","{""validate"": {""_mode"": ""DEFAULT_INHERITED""}}",True,False,True,True,True,False,False,True,"[""football-data/validation/v6_coherent_special_market_forward_v6224.py"", ""football-data/validation/v6_coherent_special_market_projection_v6223.py"", ""football-data/validation/v6_unified_special_market_projection_v6221.py""]",[],[],True,True,False,False,False,False,ONE_OFF/RESEARCH,CRITICAL_PUSH_WRITE_PERSIST,ARCHIVE,research.yml,phase1-plan-confirmed-by-static-parse
.github/workflows/football-v6200-independent-total-fast100.yml,Football V6.20.0 Independent Total Fast100,"[""push"", ""workflow_dispatch""]","[""push.paths=football-data/validation/v6_independent_total_hierarchical_fast100_v6200.py"", ""push.paths=.github/workflows/football-v6200-independent-total-fast100.yml"", ""push.branches=main""]",[],"{""contents"": ""write""}","{""validate"": {""_mode"": ""DEFAULT_INHERITED""}}",True,False,True,True,True,False,False,True,"[""football-data/validation/v6_independent_total_hierarchical_fast100_v6200.py""]",[],[],True,True,True,False,False,False,ONE_OFF/RESEARCH,CRITICAL_PUSH_WRITE_PERSIST,ARCHIVE,research.yml,phase1-plan-confirmed-by-static-parse
.github/workflows/football-v6201-independent-score-fast100.yml,Football V6.20.1 Independent Score Fast100,"[""push"", ""workflow_dispatch""]","[""push.paths=football-data/validation/v6_independent_score_hierarchical_fast100_v6201.py"", ""push.paths=football-data/validation/v6_independent_total_hierarchical_fast100_v6200.py"", ""push.paths=.github/workflows/football-v6201-independent-score-fast100.yml"", ""push.branches=main""]",[],"{""contents"": ""write""}","{""validate"": {""_mode"": ""DEFAULT_INHERITED""}}",True,False,True,True,True,False,False,True,"[""football-data/validation/v6_independent_score_hierarchical_fast100_v6201.py""]",[],[],True,True,True,False,False,False,ONE_OFF/RESEARCH,CRITICAL_PUSH_WRITE_PERSIST,ARCHIVE,research.yml,phase1-plan-confirmed-by-static-parse
.github/workflows/football-v6230-adaptive-half-life-hedge.yml,Football V6.23.0 Adaptive Half-Life Hedge Screen,"[""push"", ""workflow_dispatch""]","[""push.paths=football-data/validation/v6_adaptive_half_life_hedge_v6230.py"", ""push.paths=football-data/validation/v6_adaptive_half_life_hedge_v6230_random100.py"", ""push.paths=.github/workflows/football-v6230-adaptive-half-life-hedge.yml"", ""push.branches=main""]",[],"{""contents"": ""write""}","{""validate"": {""_mode"": ""DEFAULT_INHERITED""}}",True,False,True,True,True,False,False,True,"[""football-data/validation/v6_adaptive_half_life_hedge_v6230.py"", ""football-data/validation/v6_adaptive_half_life_hedge_v6230_random100.py""]",[],[],True,False,True,False,False,False,RESEARCH,CRITICAL_PUSH_WRITE_PERSIST,ARCHIVE,research.yml,phase1-plan-confirmed-by-static-parse
.github/workflows/football-v6240-regime-random100.yml,Football V6.24.0 Regime Random100,"[""push"", ""workflow_dispatch""]","[""push.paths=football-data/validation/v6_team_regime_state_challenger_v6240.py"", ""push.paths=football-data/engine/v624_regime_ledger.py"", ""push.paths=football-data/engine/v624_regime_state_adapter.py"", ""push.paths=football-data/validation/v6_team_regime_state_runner_v6240.py"", ""push.paths=football-data/validation/v6_team_regime_state_random100_v6240.py"", ""push.paths=.github/workflows/football-v6240-regime-random100.yml"", ""push.branches=main""]",[],"{""contents"": ""write""}","{""random100"": {""_mode"": ""DEFAULT_INHERITED""}}",True,False,True,True,True,False,False,True,"[""football-data/engine/v624_regime_ledger.py"", ""football-data/engine/v624_regime_state_adapter.py"", ""football-data/validation/v6_team_regime_state_challenger_v6240.py"", ""football-data/validation/v6_team_regime_state_random100_v6240.py"", ""football-data/validation/v6_team_regime_state_runner_v6240.py""]",[],[],True,False,True,False,False,False,ONE_OFF/RESEARCH,CRITICAL_PUSH_WRITE_PERSIST,ARCHIVE,research.yml,phase1-plan-confirmed-by-static-parse
.github/workflows/football-v6241-total-preserving-random100.yml,Football V6.24.1 Total-Preserving Random100,"[""push"", ""workflow_dispatch""]","[""push.paths=football-data/engine/v6241_total_preserving_regime.py"", ""push.paths=football-data/validation/v6_team_regime_state_random100_v6241.py"", ""push.paths=.github/workflows/football-v6241-total-preserving-random100.yml"", ""push.branches=main""]",[],"{""contents"": ""write""}","{""random100"": {""_mode"": ""DEFAULT_INHERITED""}}",True,False,True,True,True,False,False,True,"[""football-data/engine/v6241_total_preserving_regime.py"", ""football-data/validation/v6_team_regime_state_random100_v6241.py""]",[],[],True,False,True,False,False,False,ONE_OFF/RESEARCH,CRITICAL_PUSH_WRITE_PERSIST,ARCHIVE,research.yml,phase1-plan-confirmed-by-static-parse
.github/workflows/football-v6242-total-modal-collapse-diagnostic.yml,Football V6.24.2 Total Goal Modal Collapse Diagnostic,"[""push"", ""workflow_dispatch""]","[""push.paths=football-data/validation/v6_total_goal_modal_collapse_diagnostic_v6242.py"", ""push.paths=.github/workflows/football-v6242-total-modal-collapse-diagnostic.yml"", ""push.branches=main""]",[],"{""contents"": ""write""}","{""diagnose"": {""_mode"": ""DEFAULT_INHERITED""}}",True,False,True,True,True,False,False,True,"[""football-data/validation/v6_total_goal_modal_collapse_diagnostic_v6242.py""]",[],[],False,False,True,False,False,False,ONE_OFF/RESEARCH,CRITICAL_PUSH_WRITE_PERSIST,ARCHIVE,research.yml,phase1-plan-confirmed-by-static-parse
.github/workflows/football-v6243-total-signal-deshink.yml,Football V6.24.3 Direct Total De-shrink,"[""push"", ""workflow_dispatch""]","[""push.paths=football-data/validation/v6_total_signal_deshink_v6243.py"", ""push.paths=.github/workflows/football-v6243-total-signal-deshink.yml"", ""push.branches=main""]",[],"{""contents"": ""write""}","{""validate"": {""_mode"": ""DEFAULT_INHERITED""}}",True,False,True,True,True,False,False,True,"[""football-data/validation/v6_total_signal_deshink_v6243.py""]",[],[],False,False,True,False,False,False,RESEARCH,CRITICAL_PUSH_WRITE_PERSIST,ARCHIVE,research.yml,phase1-plan-confirmed-by-static-parse
.github/workflows/football-v6244-total-distribution-pit-calibration.yml,Football V6.24.4 Total Distribution PIT Calibration,"[""push"", ""workflow_dispatch""]","[""push.paths=football-data/validation/v6_total_distribution_pit_calibration_v6244.py"", ""push.paths=.github/workflows/football-v6244-total-distribution-pit-calibration.yml"", ""push.branches=main""]",[],"{""contents"": ""write""}","{""validate"": {""_mode"": ""DEFAULT_INHERITED""}}",True,False,True,True,True,False,False,True,"[""football-data/validation/v6_total_distribution_pit_calibration_v6244.py""]",[],[],False,False,True,False,False,False,RESEARCH,CRITICAL_PUSH_WRITE_PERSIST,ARCHIVE,research.yml,phase1-plan-confirmed-by-static-parse
.github/workflows/football-v6245-total-online-pit-calibration.yml,Football V6.24.5 Online PIT Total Calibration,"[""push"", ""workflow_dispatch""]","[""push.paths=football-data/validation/v6_total_online_pit_calibration_v6245.py"", ""push.paths=.github/workflows/football-v6245-total-online-pit-calibration.yml"", ""push.branches=main""]",[],"{""contents"": ""write""}","{""validate"": {""_mode"": ""DEFAULT_INHERITED""}}",True,False,True,True,True,False,False,True,"[""football-data/validation/v6_total_online_pit_calibration_v6245.py""]",[],[],False,False,True,False,False,False,RESEARCH,CRITICAL_PUSH_WRITE_PERSIST,ARCHIVE,research.yml,phase1-plan-confirmed-by-static-parse
.github/workflows/football-v6246-total-shrunk-calibration.yml,Football V6.24.6 One-Season-Prior Total Calibration,"[""push"", ""workflow_dispatch""]","[""push.paths=football-data/validation/v6_total_distribution_shrunk_calibration_v6246.py"", ""push.paths=.github/workflows/football-v6246-total-shrunk-calibration.yml"", ""push.branches=main""]",[],"{""contents"": ""write""}","{""validate"": {""_mode"": ""DEFAULT_INHERITED""}}",True,False,True,True,True,False,False,True,"[""football-data/validation/v6_total_distribution_shrunk_calibration_v6246.py""]",[],[],False,False,True,False,False,False,RESEARCH,CRITICAL_PUSH_WRITE_PERSIST,ARCHIVE,research.yml,phase1-plan-confirmed-by-static-parse
.github/workflows/football-v6247-total-stability-calibration.yml,Football V6.24.7 Cross-Season Stability Total Calibration,"[""push"", ""workflow_dispatch""]","[""push.paths=football-data/validation/v6_total_distribution_stability_calibration_v6247.py"", ""push.paths=.github/workflows/football-v6247-total-stability-calibration.yml"", ""push.branches=main""]",[],"{""contents"": ""write""}","{""validate"": {""_mode"": ""DEFAULT_INHERITED""}}",True,False,True,True,True,False,False,True,"[""football-data/validation/v6_total_distribution_stability_calibration_v6247.py""]",[],[],False,False,True,False,False,False,RESEARCH,CRITICAL_PUSH_WRITE_PERSIST,ARCHIVE,research.yml,phase1-plan-confirmed-by-static-parse
.github/workflows/football-v6248-total-local-residual-knn.yml,Football V6.24.8 Local Residual kNN Total Head,"[""push"", ""workflow_dispatch""]","[""push.paths=football-data/validation/v6_total_local_residual_knn_v6248.py"", ""push.paths=.github/workflows/football-v6248-total-local-residual-knn.yml"", ""push.branches=main""]",[],"{""contents"": ""write""}","{""validate"": {""_mode"": ""DEFAULT_INHERITED""}}",True,False,True,True,True,False,False,True,"[""football-data/validation/v6_total_local_residual_knn_v6248.py""]",[],[],False,False,True,False,False,False,RESEARCH,CRITICAL_PUSH_WRITE_PERSIST,ARCHIVE,research.yml,phase1-plan-confirmed-by-static-parse
.github/workflows/football-v6249-total-local-gated.yml,Football V6.24.9 Nested-OOS Gated Local Total Head,"[""push"", ""workflow_dispatch""]","[""push.paths=football-data/validation/v6_total_local_residual_gated_v6249.py"", ""push.paths=.github/workflows/football-v6249-total-local-gated.yml"", ""push.branches=main""]",[],"{""contents"": ""write""}","{""validate"": {""_mode"": ""DEFAULT_INHERITED""}}",True,False,True,True,True,False,False,True,"[""football-data/validation/v6_total_local_residual_gated_v6249.py""]",[],[],False,False,True,False,False,False,RESEARCH,CRITICAL_PUSH_WRITE_PERSIST,ARCHIVE,research.yml,phase1-plan-confirmed-by-static-parse
.github/workflows/football-v6250-total-nb-mixture.yml,Football V6.25.0 Mean-Preserving NB Mixture Total Head,"[""push"", ""workflow_dispatch""]","[""push.paths=football-data/validation/v6_total_nb_mixture_v6250.py"", ""push.paths=.github/workflows/football-v6250-total-nb-mixture.yml"", ""push.branches=main""]",[],"{""contents"": ""write""}","{""validate"": {""_mode"": ""DEFAULT_INHERITED""}}",True,False,True,True,True,False,False,True,"[""football-data/validation/v6_total_nb_mixture_v6250.py""]",[],[],False,False,True,False,False,False,RESEARCH,CRITICAL_PUSH_WRITE_PERSIST,ARCHIVE,research.yml,phase1-plan-confirmed-by-static-parse
.github/workflows/football-v6251-total-selective-gate.yml,Football V6.25.1 Exact Total Selective Gate,"[""push"", ""workflow_dispatch""]","[""push.paths=football-data/validation/v6_total_exact_selective_gate_v6251.py"", ""push.paths=.github/workflows/football-v6251-total-selective-gate.yml"", ""push.branches=main""]",[],"{""contents"": ""write""}","{""audit"": {""_mode"": ""DEFAULT_INHERITED""}}",True,False,True,True,True,False,False,True,"[""football-data/validation/v6_total_exact_selective_gate_v6251.py""]",[],[],False,False,True,False,False,False,RESEARCH,CRITICAL_PUSH_WRITE_PERSIST,ARCHIVE,research.yml,phase1-plan-confirmed-by-static-parse
.github/workflows/football-v62510-full-softmax.yml,Football V6.25.10 Full Total Softmax,"[""push"", ""workflow_dispatch""]","[""push.paths=football-data/validation/v6_total_pooled_dynamic_shot_softmax_v62510.py"", ""push.paths=.github/workflows/football-v62510-full-softmax.yml"", ""push.branches=main""]",[],"{""contents"": ""write""}","{""audit"": {""_mode"": ""DEFAULT_INHERITED""}}",True,False,True,True,True,False,False,True,"[""football-data/validation/v6_total_pooled_dynamic_shot_softmax_v62510.py""]",[],[],False,False,True,False,False,False,RESEARCH,CRITICAL_PUSH_WRITE_PERSIST,ARCHIVE,research.yml,phase1-plan-confirmed-by-static-parse
.github/workflows/football-v62511-market-partition-total.yml,Football V6.25.11 Market Partition Total,"[""push"", ""workflow_dispatch""]","[""push.paths=football-data/validation/v6_total_market_partition_dynamic_shot_v62511.py"", ""push.paths=.github/workflows/football-v62511-market-partition-total.yml"", ""push.branches=main""]",[],"{""contents"": ""write""}","{""audit"": {""_mode"": ""DEFAULT_INHERITED""}}",True,False,True,True,True,False,False,True,"[""football-data/validation/v6_total_market_partition_dynamic_shot_v62511.py""]",[],[],False,False,True,False,False,False,RESEARCH,CRITICAL_PUSH_WRITE_PERSIST,ARCHIVE,research.yml,phase1-plan-confirmed-by-static-parse
.github/workflows/football-v62513-xg-ordinal-total.yml,Football V6.25.13 xG Ordinal Total,"[""push"", ""workflow_dispatch""]","[""push.paths=football-data/validation/v6_total_xg_ordinal_residual_v62513.py"", ""push.paths=football-data/validation/v6_total_xg_ordinal_residual_v62513_fix.py"", ""push.paths=.github/workflows/football-v62513-xg-ordinal-total.yml"", ""push.branches=main""]",[],"{""contents"": ""write""}","{""audit"": {""_mode"": ""DEFAULT_INHERITED""}}",True,False,True,True,True,False,False,True,"[""football-data/validation/v6_total_xg_ordinal_residual_v62513.py"", ""football-data/validation/v6_total_xg_ordinal_residual_v62513_fix.py""]",[],[],False,False,True,False,False,False,RESEARCH,CRITICAL_PUSH_WRITE_PERSIST,ARCHIVE,research.yml,phase1-plan-confirmed-by-static-parse
.github/workflows/football-v62514-xg-random100.yml,Football V6.25.14 xG Random100 Stability,"[""push"", ""workflow_dispatch""]","[""push.paths=football-data/validation/v6_total_xg_ordinal_resample_v62514.py"", ""push.paths=.github/workflows/football-v62514-xg-random100.yml"", ""push.branches=main""]",[],"{""contents"": ""write""}","{""audit"": {""_mode"": ""DEFAULT_INHERITED""}}",True,False,True,True,True,False,False,True,"[""football-data/validation/v6_total_xg_ordinal_resample_v62514.py""]",[],[],False,False,True,False,False,False,ONE_OFF/RESEARCH,CRITICAL_PUSH_WRITE_PERSIST,ARCHIVE,research.yml,phase1-plan-confirmed-by-static-parse
.github/workflows/football-v62515-xg-shot-ordinal.yml,Football V6.25.15 xG Shot Ordinal,"[""push"", ""workflow_dispatch""]","[""push.paths=football-data/validation/v6_total_xg_shot_ordinal_v62515.py"", ""push.paths=.github/workflows/football-v62515-xg-shot-ordinal.yml"", ""push.branches=main""]",[],"{""contents"": ""write""}","{""audit"": {""_mode"": ""DEFAULT_INHERITED""}}",True,False,True,True,True,False,False,True,"[""football-data/validation/v6_total_xg_shot_ordinal_v62515.py""]",[],[],False,False,True,False,False,False,RESEARCH,CRITICAL_PUSH_WRITE_PERSIST,ARCHIVE,research.yml,phase1-plan-confirmed-by-static-parse
.github/workflows/football-v62517-compact-quantity-quality.yml,Football V6.25.17 Compact Quantity Quality,"[""push"", ""workflow_dispatch""]","[""push.paths=football-data/validation/v6_total_compact_quantity_quality_v62517.py"", ""push.paths=.github/workflows/football-v62517-compact-quantity-quality.yml"", ""push.branches=main""]",[],"{""contents"": ""write""}","{""audit"": {""_mode"": ""DEFAULT_INHERITED""}}",True,False,True,True,True,False,False,True,"[""football-data/validation/v6_total_compact_quantity_quality_v62517.py""]",[],[],False,False,True,False,False,False,RESEARCH,CRITICAL_PUSH_WRITE_PERSIST,ARCHIVE,research.yml,phase1-plan-confirmed-by-static-parse
.github/workflows/football-v62518-correct-score-total-forward.yml,Football V6.25.18 Correct Score Total Forward,"[""push"", ""workflow_dispatch""]","[""push.paths=football-data/validation/v6_correct_score_total_forward_v62518.py"", ""push.paths=football-data/forward/v6_market_first_events_v651.json"", ""push.paths=.github/workflows/football-v62518-correct-score-total-forward.yml"", ""push.branches=main""]",[],"{""contents"": ""write""}","{""audit"": {""_mode"": ""DEFAULT_INHERITED""}}",True,False,True,True,True,False,False,True,"[""football-data/validation/v6_correct_score_total_forward_v62518.py""]",[],[],True,False,False,False,False,False,RESEARCH,CRITICAL_PUSH_WRITE_PERSIST,ARCHIVE,research.yml,phase1-plan-confirmed-by-static-parse
.github/workflows/football-v6252-match-feature-coverage.yml,Football V6.25.2 Match Feature Coverage Audit,"[""push"", ""workflow_dispatch""]","[""push.paths=football-data/validation/v6_match_feature_coverage_audit_v6252.py"", ""push.paths=.github/workflows/football-v6252-match-feature-coverage.yml"", ""push.branches=main""]",[],"{""contents"": ""write""}","{""audit"": {""_mode"": ""DEFAULT_INHERITED""}}",True,False,True,True,True,False,False,True,"[""football-data/validation/v6_match_feature_coverage_audit_v6252.py""]",[],[],False,False,False,False,False,False,SCHEDULED/DATA_OR_CONTEXT,CRITICAL_PUSH_WRITE_PERSIST,CONSOLIDATE,scheduled-data.yml/forward.yml,phase1-plan-confirmed-by-static-parse
.github/workflows/football-v62521-exact-total-ceiling.yml,Football V6.25.21 Exact Total Ceiling,"[""push"", ""workflow_dispatch""]","[""push.paths=football-data/validation/v6_exact_total_information_ceiling_v62521.py"", ""push.paths=.github/workflows/football-v62521-exact-total-ceiling.yml"", ""push.branches=main""]",[],"{""contents"": ""write""}","{""audit"": {""_mode"": ""DEFAULT_INHERITED""}}",True,False,True,True,True,False,False,True,"[""football-data/validation/v6_exact_total_information_ceiling_v62521.py""]",[],[],False,False,True,False,False,False,ONE_OFF/RESEARCH,CRITICAL_PUSH_WRITE_PERSIST,ARCHIVE,research.yml,phase1-plan-confirmed-by-static-parse
.github/workflows/football-v62522-conformal-total-set.yml,Football V6.25.22 Conformal Total Set,"[""push"", ""workflow_dispatch""]","[""push.paths=football-data/validation/v6_total_conformal_prediction_set_v62522.py"", ""push.paths=.github/workflows/football-v62522-conformal-total-set.yml"", ""push.branches=main""]",[],"{""contents"": ""write""}","{""audit"": {""_mode"": ""DEFAULT_INHERITED""}}",True,False,True,True,True,False,False,True,"[""football-data/validation/v6_total_conformal_prediction_set_v62522.py""]",[],[],False,False,True,False,False,False,RESEARCH,CRITICAL_PUSH_WRITE_PERSIST,ARCHIVE,research.yml,phase1-plan-confirmed-by-static-parse
.github/workflows/football-v6253-shot-feature-smoke.yml,Football V6.25.3 Shot Feature Smoke,"[""push"", ""workflow_dispatch""]","[""push.paths=football-data/validation/v6_total_shot_feature_offset_v6253_smoke.py"", ""push.paths=.github/workflows/football-v6253-shot-feature-smoke.yml"", ""push.branches=main""]",[],"{""contents"": ""write""}","{""smoke"": {""_mode"": ""DEFAULT_INHERITED""}}",True,False,True,True,True,False,False,True,"[""football-data/validation/v6_total_shot_feature_offset_v6253_smoke.py""]",[],[],False,False,False,False,False,False,ONE_OFF/RESEARCH,CRITICAL_PUSH_WRITE_PERSIST,ARCHIVE,research.yml,phase1-plan-confirmed-by-static-parse
.github/workflows/football-v6253-shot-feature-total.yml,Football V6.25.3 Shot-Feature Total Head,"[""push"", ""workflow_dispatch""]","[""push.paths=football-data/validation/v6_total_shot_feature_offset_v6253.py"", ""push.paths=.github/workflows/football-v6253-shot-feature-total.yml"", ""push.branches=main""]",[],"{""contents"": ""write""}","{""validate"": {""_mode"": ""DEFAULT_INHERITED""}}",True,False,True,True,True,False,False,True,"[""football-data/validation/v6_total_shot_feature_offset_v6253.py""]",[],[],False,False,True,False,False,False,RESEARCH,CRITICAL_PUSH_WRITE_PERSIST,ARCHIVE,research.yml,phase1-plan-confirmed-by-static-parse
.github/workflows/football-v6253b-shot-feature-smoke.yml,Football V6.25.3b Shot Feature Smoke,"[""push"", ""workflow_dispatch""]","[""push.paths=football-data/validation/v6_total_shot_feature_offset_v6253b_smoke.py"", ""push.paths=.github/workflows/football-v6253b-shot-feature-smoke.yml"", ""push.branches=main""]",[],"{""contents"": ""write""}","{""smoke"": {""_mode"": ""DEFAULT_INHERITED""}}",True,False,True,True,True,False,False,True,"[""football-data/validation/v6_total_shot_feature_offset_v6253b_smoke.py""]",[],[],False,False,False,False,False,False,ONE_OFF/RESEARCH,CRITICAL_PUSH_WRITE_PERSIST,ARCHIVE,research.yml,phase1-plan-confirmed-by-static-parse
.github/workflows/football-v6253b-shot-feature-total.yml,Football V6.25.3b Shot-Feature Total Head,"[""push"", ""workflow_dispatch""]","[""push.paths=football-data/validation/v6_total_shot_feature_offset_v6253b.py"", ""push.paths=.github/workflows/football-v6253b-shot-feature-total.yml"", ""push.branches=main""]",[],"{""contents"": ""write""}","{""validate"": {""_mode"": ""DEFAULT_INHERITED""}}",True,False,True,True,True,False,False,True,"[""football-data/validation/v6_total_shot_feature_offset_v6253b.py""]",[],[],False,False,True,False,False,False,RESEARCH,CRITICAL_PUSH_WRITE_PERSIST,ARCHIVE,research.yml,phase1-plan-confirmed-by-static-parse
.github/workflows/football-v6254-ordinal-smoke.yml,Football V6.25.4 Ordinal Smoke,"[""push"", ""workflow_dispatch""]","[""push.paths=football-data/validation/v6_total_shot_ordinal_residual_v6254_smoke.py"", ""push.paths=.github/workflows/football-v6254-ordinal-smoke.yml"", ""push.branches=main""]",[],"{""contents"": ""write""}","{""smoke"": {""_mode"": ""DEFAULT_INHERITED""}}",True,False,True,True,True,False,False,True,"[""football-data/validation/v6_total_shot_ordinal_residual_v6254_smoke.py""]",[],[],False,False,False,False,False,False,ONE_OFF/RESEARCH,CRITICAL_PUSH_WRITE_PERSIST,ARCHIVE,research.yml,phase1-plan-confirmed-by-static-parse
.github/workflows/football-v6254-shot-ordinal-total.yml,Football V6.25.4 Shot Ordinal Total Head,"[""push"", ""workflow_dispatch""]","[""push.paths=football-data/validation/v6_total_shot_ordinal_residual_v6254.py"", ""push.paths=.github/workflows/football-v6254-shot-ordinal-total.yml"", ""push.branches=main""]",[],"{""contents"": ""write""}","{""validate"": {""_mode"": ""DEFAULT_INHERITED""}}",True,False,True,True,True,False,False,True,"[""football-data/validation/v6_total_shot_ordinal_residual_v6254.py""]",[],[],False,False,True,False,False,False,RESEARCH,CRITICAL_PUSH_WRITE_PERSIST,ARCHIVE,research.yml,phase1-plan-confirmed-by-static-parse
.github/workflows/football-v6255-shot-bucket-smoke.yml,Football V6.25.5 Direct Bucket Shot Smoke,"[""push"", ""workflow_dispatch""]","[""push.paths=football-data/validation/v6_total_shot_bucket_residual_v6255_smoke.py"", ""push.paths=.github/workflows/football-v6255-shot-bucket-smoke.yml"", ""push.branches=main""]",[],"{""contents"": ""write""}","{""smoke"": {""_mode"": ""DEFAULT_INHERITED""}}",True,False,True,True,True,False,False,True,"[""football-data/validation/v6_total_shot_bucket_residual_v6255_smoke.py""]",[],[],False,False,False,False,False,False,ONE_OFF/RESEARCH,CRITICAL_PUSH_WRITE_PERSIST,ARCHIVE,research.yml,phase1-plan-confirmed-by-static-parse
.github/workflows/football-v6255-shot-bucket-total.yml,Football V6.25.5 Direct Bucket Shot Total Head,"[""push"", ""workflow_dispatch""]","[""push.paths=football-data/validation/v6_total_shot_bucket_residual_v6255.py"", ""push.paths=.github/workflows/football-v6255-shot-bucket-total.yml"", ""push.branches=main""]",[],"{""contents"": ""write""}","{""validate"": {""_mode"": ""DEFAULT_INHERITED""}}",True,False,True,True,True,False,False,True,"[""football-data/validation/v6_total_shot_bucket_residual_v6255.py""]",[],[],False,False,True,False,False,False,RESEARCH,CRITICAL_PUSH_WRITE_PERSIST,ARCHIVE,research.yml,phase1-plan-confirmed-by-static-parse
.github/workflows/football-v6256-shot-23split-smoke.yml,Football V6.25.6 Shot 2v3 Smoke,"[""push"", ""workflow_dispatch""]","[""push.paths=football-data/validation/v6_total_shot_23split_v6256_smoke.py"", ""push.paths=.github/workflows/football-v6256-shot-23split-smoke.yml"", ""push.branches=main""]",[],"{""contents"": ""write""}","{""smoke"": {""_mode"": ""DEFAULT_INHERITED""}}",True,False,True,True,True,False,False,True,"[""football-data/validation/v6_total_shot_23split_v6256_smoke.py""]",[],[],False,False,False,False,False,False,ONE_OFF/RESEARCH,CRITICAL_PUSH_WRITE_PERSIST,ARCHIVE,research.yml,phase1-plan-confirmed-by-static-parse
.github/workflows/football-v6256-shot-23split.yml,Football V6.25.6 Shot 2v3 Split Head,"[""push"", ""workflow_dispatch""]","[""push.paths=football-data/validation/v6_total_shot_23split_v6256.py"", ""push.paths=.github/workflows/football-v6256-shot-23split.yml"", ""push.branches=main""]",[],"{""contents"": ""write""}","{""validate"": {""_mode"": ""DEFAULT_INHERITED""}}",True,False,True,True,True,False,False,True,"[""football-data/validation/v6_total_shot_23split_v6256.py""]",[],[],False,False,True,False,False,False,RESEARCH,CRITICAL_PUSH_WRITE_PERSIST,ARCHIVE,research.yml,phase1-plan-confirmed-by-static-parse
.github/workflows/football-v6257-dynamic-shot-23split.yml,Football V6.25.7 Dynamic Shot 2v3 Head,"[""push"", ""workflow_dispatch""]","[""push.paths=football-data/validation/v6_total_shot_dynamic_23split_v6257.py"", ""push.paths=.github/workflows/football-v6257-dynamic-shot-23split.yml"", ""push.branches=main""]",[],"{""contents"": ""write""}","{""validate"": {""_mode"": ""DEFAULT_INHERITED""}}",True,False,True,True,True,False,False,True,"[""football-data/validation/v6_total_shot_dynamic_23split_v6257.py""]",[],[],False,False,True,False,False,False,RESEARCH,CRITICAL_PUSH_WRITE_PERSIST,ARCHIVE,research.yml,phase1-plan-confirmed-by-static-parse
.github/workflows/football-v6257-dynamic-shot-smoke.yml,Football V6.25.7 Dynamic Shot Smoke,"[""push"", ""workflow_dispatch""]","[""push.paths=football-data/validation/v6_total_shot_dynamic_23split_v6257_smoke.py"", ""push.paths=.github/workflows/football-v6257-dynamic-shot-smoke.yml"", ""push.branches=main""]",[],"{""contents"": ""write""}","{""smoke"": {""_mode"": ""DEFAULT_INHERITED""}}",True,False,True,True,True,False,False,True,"[""football-data/validation/v6_total_shot_dynamic_23split_v6257_smoke.py""]",[],[],False,False,False,False,False,False,ONE_OFF/RESEARCH,CRITICAL_PUSH_WRITE_PERSIST,ARCHIVE,research.yml,phase1-plan-confirmed-by-static-parse
.github/workflows/football-v6258-pooled-dynamic-shot-23split.yml,Football V6.25.8 Pooled Dynamic Shot 2v3 Head,"[""push"", ""workflow_dispatch""]","[""push.paths=football-data/validation/v6_total_pooled_dynamic_shot_23split_v6258.py"", ""push.paths=.github/workflows/football-v6258-pooled-dynamic-shot-23split.yml"", ""push.branches=main""]",[],"{""contents"": ""write""}","{""validate"": {""_mode"": ""DEFAULT_INHERITED""}}",True,False,True,True,True,False,False,True,"[""football-data/validation/v6_total_pooled_dynamic_shot_23split_v6258.py""]",[],[],False,False,True,False,False,False,RESEARCH,CRITICAL_PUSH_WRITE_PERSIST,ARCHIVE,research.yml,phase1-plan-confirmed-by-static-parse
.github/workflows/football-v6258b-pooled-dynamic-shot-23split.yml,Football V6.25.8b Cached Pooled Dynamic Shot 2v3 Head,"[""push"", ""workflow_dispatch""]","[""push.paths=football-data/validation/v6_total_pooled_dynamic_shot_23split_v6258b.py"", ""push.paths=.github/workflows/football-v6258b-pooled-dynamic-shot-23split.yml"", ""push.branches=main""]",[],"{""contents"": ""write""}","{""validate"": {""_mode"": ""DEFAULT_INHERITED""}}",True,False,True,True,True,False,False,True,"[""football-data/validation/v6_total_pooled_dynamic_shot_23split_v6258b.py""]",[],[],False,False,True,False,False,False,RESEARCH,CRITICAL_PUSH_WRITE_PERSIST,ARCHIVE,research.yml,phase1-plan-confirmed-by-static-parse
.github/workflows/football-v6259-v6258-resample.yml,Football V6.25.9 V6258 Random100 Stability,"[""push"", ""workflow_dispatch""]","[""push.paths=football-data/validation/v6_total_pooled_dynamic_shot_resample_v6259.py"", ""push.paths=.github/workflows/football-v6259-v6258-resample.yml"", ""push.branches=main""]",[],"{""contents"": ""write""}","{""audit"": {""_mode"": ""DEFAULT_INHERITED""}}",True,False,True,True,True,False,False,True,"[""football-data/validation/v6_total_pooled_dynamic_shot_resample_v6259.py""]",[],[],False,False,True,False,False,False,RESEARCH,CRITICAL_PUSH_WRITE_PERSIST,ARCHIVE,research.yml,phase1-plan-confirmed-by-static-parse
.github/workflows/football-v626-random100.yml,football-v626-random100,"[""pull_request"", ""workflow_dispatch""]","[""pull_request.paths=football-data/validation/validate_three_stage_score_structure_random100_v6271.py"", ""pull_request.paths=football-data/validation/validate_three_stage_random100_v6264.py"", ""pull_request.paths=football-data/engine/three_stage_core_v6260.py"", ""pull_request.paths=.github/workflows/football-v626-random100.yml"", ""pull_request.branches=main""]",[],"{""contents"": ""read""}","{""random100"": {""_mode"": ""DEFAULT_INHERITED""}}",False,False,False,False,False,False,False,False,"[""football-data/engine/three_stage_core_v6260.py"", ""football-data/validation/validate_three_stage_random100_v6264.py"", ""football-data/validation/validate_three_stage_score_structure_random100_v6271.py""]",[],[],False,False,True,False,False,False,ONE_OFF/RESEARCH,LOW_STATIC,ARCHIVE,research.yml,phase1-plan-confirmed-by-static-parse
.github/workflows/football-v627-ah-random100.yml,football-v627-ah-random100,"[""pull_request"", ""workflow_dispatch""]","[""pull_request.paths=football-data/validation/validate_three_stage_ah_soft_residual_random100_v6273.py"", ""pull_request.paths=football-data/validation/run_three_stage_ah_soft_residual_random100_v6273.py"", ""pull_request.paths=football-data/validation/validate_three_stage_ah_netgoal_random100_v6272.py"", ""pull_request.paths=football-data/validation/run_three_stage_ah_netgoal_random100_v6272_dual.py"", ""pull_request.paths=.github/workflows/football-v627-ah-random100.yml"", ""pull_request.branches=main""]",[],"{""contents"": ""read""}","{""random100"": {""_mode"": ""DEFAULT_INHERITED""}}",False,False,False,False,False,False,False,False,"[""football-data/validation/run_three_stage_ah_netgoal_random100_v6272_dual.py"", ""football-data/validation/run_three_stage_ah_soft_residual_random100_v6273.py"", ""football-data/validation/validate_three_stage_ah_netgoal_random100_v6272.py"", ""football-data/validation/validate_three_stage_ah_soft_residual_random100_v6273.py""]",[],[],False,False,True,False,False,False,ONE_OFF/RESEARCH,LOW_STATIC,ARCHIVE,research.yml,phase1-plan-confirmed-by-static-parse
.github/workflows/football-v628-dynamic-random100.yml,football-v628-dynamic-random100,"[""pull_request"", ""workflow_dispatch""]","[""pull_request.paths=football-data/validation/validate_dynamic_strength_1x2_random100_v6280.py"", ""pull_request.paths=football-data/validation/validate_direct_dynamic_1x2_random100_v6281.py"", ""pull_request.paths=.github/workflows/football-v628-dynamic-random100.yml"", ""pull_request.branches=main""]",[],"{""contents"": ""read""}","{""random100"": {""_mode"": ""DEFAULT_INHERITED""}}",False,False,False,False,False,False,False,False,"[""football-data/validation/validate_direct_dynamic_1x2_random100_v6281.py"", ""football-data/validation/validate_dynamic_strength_1x2_random100_v6280.py""]",[],[],False,False,True,False,False,False,ONE_OFF/RESEARCH,LOW_STATIC,ARCHIVE,research.yml,phase1-plan-confirmed-by-static-parse
.github/workflows/football-v629-score-driven-random100.yml,football-v629-score-driven-random100,"[""pull_request"", ""workflow_dispatch""]","[""pull_request.paths=football-data/validation/validate_score_driven_ordered_1x2_random100_v6290.py"", ""pull_request.paths=.github/workflows/football-v629-score-driven-random100.yml"", ""pull_request.branches=main""]",[],"{""contents"": ""read""}","{""random100"": {""_mode"": ""DEFAULT_INHERITED""}}",False,False,False,False,False,False,False,False,"[""football-data/validation/validate_score_driven_ordered_1x2_random100_v6290.py""]",[],[],False,False,True,False,False,False,ONE_OFF/RESEARCH,LOW_STATIC,ARCHIVE,research.yml,phase1-plan-confirmed-by-static-parse
.github/workflows/football-v630-pit-team-context.yml,football-v630-pit-team-context,"[""pull_request"", ""workflow_dispatch""]","[""pull_request.paths=football-data/validation/v6_pit_team_availability_ledger_v6300.py"", ""pull_request.paths=.github/workflows/football-v630-pit-team-context.yml"", ""pull_request.branches=main""]",[],"{""contents"": ""read""}","{""ledger"": {""_mode"": ""DEFAULT_INHERITED""}}",False,False,False,False,False,False,False,False,"[""football-data/validation/v6_pit_team_availability_ledger_v6300.py""]",[],[],False,False,False,False,False,False,SCHEDULED/DATA_OR_CONTEXT,LOW_STATIC,CONSOLIDATE,scheduled-data.yml/forward.yml,phase1-plan-confirmed-by-static-parse
.github/workflows/football-v631-match-context-pit.yml,football-v631-match-context-pit,"[""pull_request"", ""push"", ""workflow_dispatch""]","[""push.paths=football-data/validation/v6_match_context_pit_ledger_v6310.py"", ""push.paths=football-data/config/v6_match_context_pit_v6310.json"", ""push.paths=football-data/evidence/match_context_pre_kickoff/**"", ""push.paths=.github/workflows/football-v631-match-context-pit.yml"", ""push.branches=main"", ""pull_request.paths=football-data/validation/v6_match_context_pit_ledger_v6310.py"", ""pull_request.paths=football-data/config/v6_match_context_pit_v6310.json"", ""pull_request.paths=football-data/evidence/match_context_pre_kickoff/**"", ""pull_request.paths=.github/workflows/football-v631-match-context-pit.yml"", ""pull_request.branches=main""]",[],"{""contents"": ""read""}","{""pit-context-ledger"": {""_mode"": ""DEFAULT_INHERITED""}}",False,False,False,False,False,False,False,False,"[""football-data/validation/v6_match_context_pit_ledger_v6310.py""]",[],[],False,False,False,False,False,False,SCHEDULED/DATA_OR_CONTEXT,LOW_STATIC,CONSOLIDATE,scheduled-data.yml/forward.yml,phase1-plan-confirmed-by-static-parse
.github/workflows/football-v632-direct-random100.yml,football-v632-direct-random100,"[""pull_request"", ""push"", ""workflow_dispatch""]","[""push.paths=football-data/validation/validate_direct_xg_shot_market_catboost_random100_v6320.py"", ""push.paths=.github/workflows/football-v632-direct-random100.yml"", ""push.branches=main"", ""pull_request.paths=football-data/validation/validate_direct_xg_shot_market_catboost_random100_v6320.py"", ""pull_request.paths=.github/workflows/football-v632-direct-random100.yml"", ""pull_request.branches=main""]",[],"{""contents"": ""write""}","{""random100"": {""_mode"": ""DEFAULT_INHERITED""}}",True,False,True,True,True,False,False,True,"[""football-data/validation/validate_direct_xg_shot_market_catboost_random100_v6320.py""]",[],[],False,False,True,False,False,False,ONE_OFF/RESEARCH,CRITICAL_PUSH_WRITE_PERSIST,ARCHIVE,research.yml,phase1-plan-confirmed-by-static-parse
.github/workflows/football-v633-player-core-random100.yml,football-v633-player-core-random100,"[""pull_request"", ""push"", ""workflow_dispatch""]","[""push.paths=football-data/validation/validate_player_core_strength_1x2_random100_v6330.py"", ""push.paths=.github/workflows/football-v633-player-core-random100.yml"", ""push.branches=main"", ""pull_request.paths=football-data/validation/validate_player_core_strength_1x2_random100_v6330.py"", ""pull_request.paths=.github/workflows/football-v633-player-core-random100.yml"", ""pull_request.branches=main""]",[],"{""contents"": ""write""}","{""random100"": {""_mode"": ""DEFAULT_INHERITED""}}",True,False,True,True,True,False,False,True,"[""football-data/validation/validate_player_core_strength_1x2_random100_v6330.py""]",[],[],False,False,True,False,False,False,ONE_OFF/RESEARCH,CRITICAL_PUSH_WRITE_PERSIST,ARCHIVE,research.yml,phase1-plan-confirmed-by-static-parse
.github/workflows/football-v634-mlp-random100.yml,football-v634-mlp-random100,"[""pull_request"", ""push"", ""workflow_dispatch""]","[""push.paths=football-data/validation/validate_mlp_1x2_random100_v6340.py"", ""push.paths=.github/workflows/football-v634-mlp-random100.yml"", ""push.branches=main"", ""pull_request.paths=football-data/validation/validate_mlp_1x2_random100_v6340.py"", ""pull_request.paths=.github/workflows/football-v634-mlp-random100.yml"", ""pull_request.branches=main""]",[],"{""contents"": ""write""}","{""random100"": {""_mode"": ""DEFAULT_INHERITED""}}",True,False,True,True,True,False,False,True,"[""football-data/validation/validate_mlp_1x2_random100_v6340.py""]",[],[],False,False,True,False,False,False,ONE_OFF/RESEARCH,CRITICAL_PUSH_WRITE_PERSIST,ARCHIVE,research.yml,phase1-plan-confirmed-by-static-parse
.github/workflows/football-v635-reserve500-staged.yml,football-v635-reserve500-staged,"[""pull_request"", ""workflow_dispatch""]","[""pull_request.paths=football-data/validation/validate_reserve500_staged_1x2_v6350.py"", ""pull_request.paths=.github/workflows/football-v635-reserve500-staged.yml"", ""pull_request.branches=main""]",[],"{""contents"": ""read""}","{""staged500"": {""_mode"": ""DEFAULT_INHERITED""}}",False,False,False,False,False,False,False,False,"[""football-data/validation/validate_reserve500_staged_1x2_v6350.py""]",[],[],False,False,True,False,False,False,RESEARCH,LOW_STATIC,ARCHIVE,research.yml,phase1-plan-confirmed-by-static-parse
.github/workflows/football-v636-gold500.yml,football-v636-gold500,"[""pull_request"", ""workflow_dispatch""]","[""pull_request.paths=football-data/validation/build_gold500_feature_library_v6360.py"", ""pull_request.paths=football-data/validation/build_gold500_feature_library_v6361.py"", ""pull_request.paths=.github/workflows/football-v636-gold500.yml"", ""pull_request.branches=main""]",[],"{""contents"": ""write""}","{""build-gold500"": {""_mode"": ""DEFAULT_INHERITED""}}",True,False,True,True,True,False,False,False,"[""football-data/validation/build_gold500_feature_library_v6360.py"", ""football-data/validation/build_gold500_feature_library_v6361.py""]",[],[],False,False,True,False,False,False,RESEARCH,MEDIUM_PERSIST,ARCHIVE,research.yml,phase1-plan-confirmed-by-static-parse
.github/workflows/football-v6362-gold500-fast100.yml,football-v6362-gold500-fast100,"[""pull_request"", ""workflow_dispatch""]","[""pull_request.paths=football-data/validation/validate_gold500_fast100_v6362.py"", ""pull_request.paths=.github/workflows/football-v6362-gold500-fast100.yml"", ""pull_request.paths=football-data/manifests/gold500_v6360/gold500_features_v6360.jsonl"", ""pull_request.paths=football-data/manifests/gold500_v6360/gold500_development_labels_v6360.jsonl"", ""pull_request.branches=main""]",[],"{""contents"": ""read""}","{""fast100"": {""_mode"": ""DEFAULT_INHERITED""}}",False,False,False,False,False,False,False,False,"[""football-data/validation/validate_gold500_fast100_v6362.py""]",[],[],False,False,False,False,False,False,ONE_OFF/RESEARCH,LOW_STATIC,ARCHIVE,research.yml,phase1-plan-confirmed-by-static-parse
.github/workflows/football-v6461-market-blind-fixed1000.yml,Football V6.46.4 Market-blind Fixed1000 Cache,"[""push"", ""workflow_dispatch""]","[""push.paths=football-data/validation/evaluate_market_blind_elo_fixed1000_v6461.py"", ""push.paths=football-data/benchmarks/v6_1x2_neutral_fixed1000_v6131.json"", ""push.paths=football-data/processed/**"", ""push.paths=.github/workflows/football-v6461-market-blind-fixed1000.yml"", ""push.branches=main""]",[],"{""contents"": ""write""}","{""evaluate"": {""_mode"": ""DEFAULT_INHERITED""}}",True,False,True,True,True,False,False,True,"[""football-data/validation/evaluate_market_blind_elo_fixed1000_v6461.py""]",[],[],True,False,False,False,False,False,ONE_OFF/RESEARCH,CRITICAL_PUSH_WRITE_PERSIST,ARCHIVE,research.yml,phase1-plan-confirmed-by-static-parse
.github/workflows/football-v6462-three-track-ablation.yml,Football V6.46.4 Three-track Cached Ablation,"[""push"", ""workflow_dispatch""]","[""push.paths=football-data/validation/audit_three_track_ablation_v6462.py"", ""push.paths=football-data/validation/evaluate_market_blind_elo_fixed1000_v6461.py"", ""push.paths=football-data/cache/v6_fixed1000/v6461_market_blind_elo_predictions.json"", ""push.paths=football-data/benchmarks/v6_1x2_neutral_fixed1000_v6131.json"", ""push.paths=.github/workflows/football-v6462-three-track-ablation.yml"", ""push.branches=main""]",[],"{""contents"": ""write""}","{""audit"": {""_mode"": ""DEFAULT_INHERITED""}}",True,False,True,True,True,False,False,True,"[""football-data/validation/audit_three_track_ablation_v6462.py""]",[],[],True,False,False,False,False,False,ONE_OFF/RESEARCH,CRITICAL_PUSH_WRITE_PERSIST,ARCHIVE,research.yml,phase1-plan-confirmed-by-static-parse
.github/workflows/football-v6463-kleague-official-result-diagnostic.yml,Football V6.46.3 K League Official Result Diagnostic,"[""push"", ""workflow_dispatch""]","[""push.paths=football-data/validation/diagnose_kleague_official_result_source_v6463.py"", ""push.paths=.github/workflows/football-v6463-kleague-official-result-diagnostic.yml"", ""push.branches=main""]",[],"{""contents"": ""write""}","{""diagnose"": {""_mode"": ""DEFAULT_INHERITED""}}",True,False,True,True,True,False,False,True,"[""football-data/validation/diagnose_kleague_official_result_source_v6463.py""]",[],[],True,False,False,False,False,False,ONE_OFF/RESEARCH,CRITICAL_PUSH_WRITE_PERSIST,ARCHIVE,research.yml,phase1-plan-confirmed-by-static-parse
.github/workflows/football-v6463b-kleague-ajax-contract.yml,Football V6.46.3b K League AJAX Contract,"[""push"", ""workflow_dispatch""]","[""push.paths=football-data/validation/diagnose_kleague_ajax_v6463b.py"", ""push.paths=.github/workflows/football-v6463b-kleague-ajax-contract.yml"", ""push.branches=main""]",[],"{""contents"": ""write""}","{""diagnose"": {""_mode"": ""DEFAULT_INHERITED""}}",True,False,True,True,True,False,False,True,"[""football-data/validation/diagnose_kleague_ajax_v6463b.py""]",[],[],False,False,False,False,False,False,RESEARCH,CRITICAL_PUSH_WRITE_PERSIST,ARCHIVE,research.yml,phase1-plan-confirmed-by-static-parse
.github/workflows/football-v6465-kleague-official-fallback.yml,Football V6.46.5 K League Official Fallback Validation,"[""push"", ""workflow_dispatch""]","[""push.paths=football-data/validation/validate_kleague_official_fallback_v6465.py"", ""push.paths=.github/workflows/football-v6465-kleague-official-fallback.yml"", ""push.branches=main""]",[],"{""contents"": ""write""}","{""validate"": {""_mode"": ""DEFAULT_INHERITED""}}",True,False,True,True,True,False,False,True,"[""football-data/validation/validate_kleague_official_fallback_v6465.py""]",[],[],False,False,False,False,False,False,RESEARCH,CRITICAL_PUSH_WRITE_PERSIST,ARCHIVE,research.yml,phase1-plan-confirmed-by-static-parse
.github/workflows/football-v6465-kleague-result-settle.yml,Football V6.46.5 K League Official Result Settlement,"[""push"", ""workflow_dispatch""]","[""push.paths=football-data/validation/v6_market_first_result_resolver_v651.py"", ""push.paths=.github/workflows/football-v6465-kleague-result-settle.yml"", ""push.branches=main""]",[],"{""contents"": ""write""}","{""settle"": {""_mode"": ""DEFAULT_INHERITED""}}",True,False,True,True,True,False,False,True,"[""football-data/validation/v6_market_first_result_resolver_v651.py""]",[],[],True,False,False,False,False,False,RESEARCH,CRITICAL_PUSH_WRITE_PERSIST,ARCHIVE,research.yml,phase1-plan-confirmed-by-static-parse
.github/workflows/football-v6466-forward-gap-diagnostic.yml,Football V6.46.6 Forward vs Historical Gap Diagnostic,"[""push"", ""workflow_dispatch""]","[""push.paths=football-data/validation/diagnose_forward_vs_historical_gap_v6466.py"", ""push.paths=football-data/forward/v6_market_first_events_v651.json"", ""push.paths=football-data/manifests/v6_1x2_neutral_fixed1000_v6131_status.json"", ""push.paths=.github/workflows/football-v6466-forward-gap-diagnostic.yml"", ""push.branches=main""]",[],"{""contents"": ""write""}","{""diagnose"": {""_mode"": ""DEFAULT_INHERITED""}}",True,False,True,True,True,False,False,True,"[""football-data/validation/diagnose_forward_vs_historical_gap_v6466.py""]",[],[],False,False,False,False,False,False,ONE_OFF/RESEARCH,CRITICAL_PUSH_WRITE_PERSIST,ARCHIVE,research.yml,phase1-plan-confirmed-by-static-parse
.github/workflows/football-v6467-market-timing-replay.yml,Football V6.46.7 Market Timing Replay,"[""push"", ""workflow_dispatch""]","[""push.paths=football-data/validation/replay_market_timing_windows_v6467.py"", ""push.paths=football-data/evidence/markets_prospective/**"", ""push.paths=football-data/forward/v6_market_first_events_v651.json"", ""push.paths=.github/workflows/football-v6467-market-timing-replay.yml"", ""push.branches=main""]",[],"{""contents"": ""write""}","{""replay"": {""_mode"": ""DEFAULT_INHERITED""}}",True,False,True,True,True,False,False,True,"[""football-data/validation/replay_market_timing_windows_v6467.py""]",[],[],False,False,True,False,False,False,ONE_OFF/RESEARCH,CRITICAL_PUSH_WRITE_PERSIST,ARCHIVE,research.yml,phase1-plan-confirmed-by-static-parse
.github/workflows/football-v6468-domain-shift.yml,Football V6.46.8 Domain Shift Diagnostic,"[""push"", ""workflow_dispatch""]","[""push.paths=football-data/validation/diagnose_domain_shift_v6468.py"", ""push.paths=football-data/benchmarks/v6_1x2_neutral_fixed1000_v6131.json"", ""push.paths=football-data/manifests/v6_forward_vs_historical_gap_v6466_status.json"", ""push.paths=.github/workflows/football-v6468-domain-shift.yml"", ""push.branches=main""]",[],"{""contents"": ""write""}","{""diagnose"": {""_mode"": ""DEFAULT_INHERITED""}}",True,False,True,True,True,False,False,True,"[""football-data/validation/diagnose_domain_shift_v6468.py""]",[],[],False,False,False,False,False,False,RESEARCH,CRITICAL_PUSH_WRITE_PERSIST,ARCHIVE,research.yml,phase1-plan-confirmed-by-static-parse
.github/workflows/football-v6470-v6472-team-context-resolution.yml,Football V6.47 Team-context Source of Truth,"[""push"", ""workflow_dispatch""]","[""push.paths=football-data/config/v6_match_context_pit_v6310.json"", ""push.paths=football-data/config/v6_match_context_live_resolution_v6472.json"", ""push.paths=football-data/validation/v6_match_context_pit_ledger_v6310.py"", ""push.paths=football-data/validation/audit_team_context_source_of_truth_v6470.py"", ""push.paths=football-data/validation/audit_match_context_resolution_v6472.py"", ""push.paths=football-data/evidence/match_context_pre_kickoff/**"", ""push.paths=football-data/forward/v6_market_first_events_v651.json"", ""push.paths=football-data/manifests/v6_current_roster_overlay_v669_status.json"", ""push.paths=football-data/manifests/v6_roster_gap_inventory_v6611_status.json"", ""push.paths=football-data/manifests/v6_static_roster_operational_closure_v6471_status.json"", ""push.paths=football-data/manifests/team_configuration_weekly_scan_20260727_status.json"", ""push.paths=.github/workflows/football-v6470-v6472-team-context-resolution.yml"", ""push.branches=main""]",[],"{""contents"": ""write""}","{""audit"": {""_mode"": ""DEFAULT_INHERITED""}}",True,False,True,True,True,False,False,True,"[""football-data/validation/audit_match_context_resolution_v6472.py"", ""football-data/validation/audit_team_context_source_of_truth_v6470.py"", ""football-data/validation/v6_match_context_pit_ledger_v6310.py""]",[],[],True,False,False,False,False,False,SCHEDULED/DATA_OR_CONTEXT,CRITICAL_PUSH_WRITE_PERSIST,CONSOLIDATE,scheduled-data.yml/forward.yml,phase1-plan-confirmed-by-static-parse
.github/workflows/football-v6471-static-roster-closure.yml,Football V6.47.1 Static Roster Closure,"[""push"", ""workflow_dispatch""]","[""push.paths=football-data/validation/audit_static_roster_operational_closure_v6471.py"", ""push.paths=football-data/evidence/team_current_roster_weekly/v6471_*"", ""push.paths=football-data/manifests/v6_roster_gap_inventory_v6611_status.json"", ""push.paths=.github/workflows/football-v6471-static-roster-closure.yml"", ""push.branches=main""]",[],"{""contents"": ""write""}","{""audit"": {""_mode"": ""DEFAULT_INHERITED""}}",True,False,True,True,True,False,False,True,"[""football-data/validation/audit_static_roster_operational_closure_v6471.py""]",[],[],True,False,False,False,False,False,SCHEDULED/DATA_OR_CONTEXT,CRITICAL_PUSH_WRITE_PERSIST,CONSOLIDATE,scheduled-data.yml/forward.yml,phase1-plan-confirmed-by-static-parse
.github/workflows/football-v6474-hierarchical-selector.yml,Football V6.47.4 Hierarchical 1X2 Selector,"[""push"", ""workflow_dispatch""]","[""push.paths=football-data/validation/evaluate_hierarchical_market_selector_v6474.py"", ""push.paths=football-data/benchmarks/v6_1x2_neutral_fixed1000_v6131.json"", ""push.paths=football-data/processed/**"", ""push.paths=.github/workflows/football-v6474-hierarchical-selector.yml"", ""push.branches=main""]",[],"{""contents"": ""write""}","{""evaluate"": {""_mode"": ""DEFAULT_INHERITED""}}",True,False,True,True,True,False,False,True,"[""football-data/validation/evaluate_hierarchical_market_selector_v6474.py""]",[],[],True,False,False,False,False,False,RESEARCH,CRITICAL_PUSH_WRITE_PERSIST,ARCHIVE,research.yml,phase1-plan-confirmed-by-static-parse
.github/workflows/football-v6477-direct-total-margin-matrix.yml,Football V6.47.7 Direct Total + Conditional Margin Matrix,"[""push"", ""workflow_dispatch""]","[""push.paths=football-data/validation/evaluate_direct_total_margin_matrix_v6477.py"", ""push.paths=football-data/benchmarks/v6_1x2_neutral_fixed1000_v6131.json"", ""push.paths=football-data/processed/**"", ""push.paths=.github/workflows/football-v6477-direct-total-margin-matrix.yml"", ""push.branches=main""]",[],"{""contents"": ""write""}","{""evaluate"": {""_mode"": ""DEFAULT_INHERITED""}}",True,False,True,True,True,False,False,True,"[""football-data/validation/evaluate_direct_total_margin_matrix_v6477.py""]",[],[],True,False,True,False,False,False,RESEARCH,CRITICAL_PUSH_WRITE_PERSIST,ARCHIVE,research.yml,phase1-plan-confirmed-by-static-parse
.github/workflows/football-v6478-total-margin-capacity-ablation.yml,Football V6.47.8 Total-Margin Capacity Ablation,"[""push"", ""workflow_dispatch""]","[""push.paths=football-data/validation/audit_total_margin_capacity_ablation_v6478.py"", ""push.paths=football-data/validation/evaluate_direct_total_margin_matrix_v6477.py"", ""push.paths=football-data/benchmarks/v6_1x2_neutral_fixed1000_v6131.json"", ""push.paths=football-data/processed/**"", ""push.paths=.github/workflows/football-v6478-total-margin-capacity-ablation.yml"", ""push.branches=main""]",[],"{""contents"": ""write""}","{""evaluate"": {""_mode"": ""DEFAULT_INHERITED""}}",True,False,True,True,True,False,False,True,"[""football-data/validation/audit_total_margin_capacity_ablation_v6478.py""]",[],[],True,False,False,False,False,False,ONE_OFF/RESEARCH,CRITICAL_PUSH_WRITE_PERSIST,ARCHIVE,research.yml,phase1-plan-confirmed-by-static-parse
.github/workflows/football-v6482-unified-forward-pipeline.yml,Football V6.49.4 Unified 17-Domain Forward Pipeline,"[""push"", ""schedule"", ""workflow_dispatch""]","[""push.paths=football-data/config/v6_full17_kambi_group_aliases_v6482.json"", ""push.paths=football-data/config/v6_full17_provider_aliases_v6483.json"", ""push.paths=football-data/config/v6_ucl_qualifying_identity_v6484.json"", ""push.paths=football-data/config/v6_current_research_scope_v6494.json"", ""push.paths=football-data/validation/v6_full17_identity_registry_v6482.py"", ""push.paths=football-data/validation/v6_full17_capture_identity_v6484.py"", ""push.paths=football-data/validation/v6_full17_kambi_capture_v6482.py"", ""push.paths=football-data/validation/v6_full17_kambi_capture_v6484.py"", ""push.paths=football-data/validation/v6_fresh_market_forward_challengers_v6492.py"", ""push.paths=football-data/validation/audit_current_research_scope_v6494.py"", ""push.paths=football-data/validation/audit_unified_forward_pipeline_v6482.py"", ""push.paths=.github/workflows/football-v6482-unified-forward-pipeline.yml"", ""push.branches=main""]","[""7 * * * *""]","{""contents"": ""write""}","{""forward"": {""_mode"": ""DEFAULT_INHERITED""}}",True,False,False,False,False,False,False,False,"[""football-data/validation/audit_current_research_scope_v6494.py"", ""football-data/validation/audit_unified_forward_pipeline_v6482.py"", ""football-data/validation/persist_generated_worktree_v474.py"", ""football-data/validation/v6_fresh_market_forward_challengers_v6492.py"", ""football-data/validation/v6_full17_capture_identity_v6484.py"", ""football-data/validation/v6_full17_identity_registry_v6482.py"", ""football-data/validation/v6_full17_kambi_capture_v6482.py"", ""football-data/validation/v6_full17_kambi_capture_v6484.py"", ""football-data/validation/v6_lead_bucket_forward_v6469.py"", ""football-data/validation/v6_market_first_forward_v652.py"", ""football-data/validation/v6_market_first_result_resolver_v651.py"", ""football-data/validation/v6_match_context_pit_ledger_v6310.py""]",[],[],True,True,True,False,False,False,SCHEDULED/FORWARD_RESEARCH,HIGH_PUSH_WRITE,MANUAL_ONLY,forward.yml,phase1-plan-confirmed-by-static-parse
.github/workflows/football-v6485-v6486-live-context.yml,Football V6.48.8 Match Context Resolution Queue,"[""push"", ""schedule"", ""workflow_dispatch""]","[""push.paths=football-data/validation/v6_match_context_resolution_queue_v6488.py"", ""push.paths=football-data/evidence/markets_prospective/**"", ""push.paths=football-data/evidence/match_context_pre_kickoff/**"", ""push.paths=.github/workflows/football-v6485-v6486-live-context.yml"", ""push.branches=main""]","[""17 * * * *""]","{""contents"": ""write""}","{""context_queue"": {""_mode"": ""DEFAULT_INHERITED""}}",True,False,False,False,False,False,False,False,"[""football-data/validation/persist_generated_worktree_v474.py"", ""football-data/validation/v6_match_context_resolution_queue_v6488.py""]",[],[],True,False,False,False,False,False,SCHEDULED/DATA_OR_CONTEXT,HIGH_PUSH_WRITE,CONSOLIDATE,scheduled-data.yml/forward.yml,phase1-plan-confirmed-by-static-parse
.github/workflows/football-v6489-manual-context-sidecar.yml,Football V6.49.5 Manual Web Context Sidecars,"[""push"", ""schedule"", ""workflow_dispatch""]","[""push.paths=football-data/manifests/v6_manual_context_batch_trigger_v6489.json"", ""push.paths=football-data/validation/v6_context_enriched_forward_manual_v6489.py"", ""push.paths=football-data/validation/v6_match_context_axes_forward_v6490.py"", ""push.paths=football-data/validation/v6_context_conditioned_selector_forward_v6495.py"", ""push.paths=football-data/validation/v6_context_priority_queue_v6493.py"", ""push.paths=football-data/validation/v6_sync_42_runtime_truth_v6495.py"", ""push.paths=football-data/validation/v6_sync_f06_challenge_truth_v6505.py"", ""push.paths=.github/workflows/football-v6489-manual-context-sidecar.yml"", ""push.branches=main""]","[""17 * * * *""]","{""contents"": ""write""}","{""context_sidecars"": {""_mode"": ""DEFAULT_INHERITED""}}",True,False,False,False,False,False,False,False,"[""football-data/validation/persist_generated_worktree_v474.py"", ""football-data/validation/v6_context_conditioned_selector_forward_v6495.py"", ""football-data/validation/v6_context_enriched_forward_manual_v6489.py"", ""football-data/validation/v6_context_enriched_forward_v6486.py"", ""football-data/validation/v6_context_priority_queue_v6493.py"", ""football-data/validation/v6_match_context_axes_forward_v6490.py"", ""football-data/validation/v6_sync_42_runtime_truth_v6495.py"", ""football-data/validation/v6_sync_f06_challenge_truth_v6505.py""]",[],[],True,True,False,False,False,False,SCHEDULED/DATA_OR_CONTEXT,HIGH_PUSH_WRITE,CONSOLIDATE,scheduled-data.yml/forward.yml,phase1-plan-confirmed-by-static-parse
.github/workflows/football-v6491-manager-delta-baseline.yml,Football V6.49.1 Manager Delta Baseline,"[""push"", ""workflow_dispatch""]","[""push.paths=football-data/validation/v6_manager_delta_from_verified_baseline_v6491.py"", ""push.paths=football-data/forward/v6_match_context_axes_events_v6490.json"", ""push.paths=football-data/evidence/team_manager_context_weekly/**"", ""push.paths=.github/workflows/football-v6491-manager-delta-baseline.yml"", ""push.branches=main""]",[],"{""contents"": ""write""}","{""audit"": {""_mode"": ""DEFAULT_INHERITED""}}",True,False,False,False,False,False,False,False,"[""football-data/validation/persist_generated_worktree_v474.py"", ""football-data/validation/v6_manager_delta_from_verified_baseline_v6491.py""]",[],[],True,False,False,False,False,False,SCHEDULED/DATA_OR_CONTEXT,HIGH_PUSH_WRITE,CONSOLIDATE,scheduled-data.yml/forward.yml,phase1-plan-confirmed-by-static-parse
.github/workflows/football-v6492-fresh-challengers.yml,Football V6.49.3 Fresh Forward Challengers + Context Priority,"[""push"", ""schedule"", ""workflow_dispatch""]","[""push.paths=football-data/validation/v6_fresh_market_forward_challengers_v6492.py"", ""push.paths=football-data/validation/v6_fresh_matrix_structural_audit_v6498.py"", ""push.paths=football-data/validation/v6_joint_surface_coherence_v6499.py"", ""push.paths=football-data/validation/v6_context_priority_queue_v6493.py"", ""push.paths=.github/workflows/football-v6492-fresh-challengers.yml"", ""push.branches=main""]","[""37 * * * *""]","{""contents"": ""write""}","{""evaluate"": {""_mode"": ""DEFAULT_INHERITED""}}",True,False,False,False,False,False,False,False,"[""football-data/validation/persist_generated_worktree_v474.py"", ""football-data/validation/v6_context_priority_queue_v6493.py"", ""football-data/validation/v6_fresh_market_forward_challengers_v6492.py"", ""football-data/validation/v6_fresh_matrix_structural_audit_v6498.py"", ""football-data/validation/v6_joint_surface_coherence_v6499.py""]",[],[],True,False,False,False,False,False,SCHEDULED/FORWARD_RESEARCH,HIGH_PUSH_WRITE,MANUAL_ONLY,forward.yml,phase1-plan-confirmed-by-static-parse
.github/workflows/football-v6493-context-priority-refresh.yml,Football V6.49.5 Context Priority Refresh,"[""push"", ""workflow_dispatch""]","[""push.paths=football-data/forward/v6_context_enriched_events_v6486.json"", ""push.paths=football-data/forward/v6_match_context_axes_events_v6490.json"", ""push.paths=football-data/forward/v6_fresh_selector_events_v6492.json"", ""push.paths=football-data/forward/v6_fresh_matrix_events_v6492.json"", ""push.paths=football-data/validation/v6_context_priority_queue_v6493.py"", ""push.paths=.github/workflows/football-v6493-context-priority-refresh.yml"", ""push.branches=main""]",[],"{""contents"": ""write""}","{""refresh"": {""_mode"": ""DEFAULT_INHERITED""}}",True,False,False,False,False,False,False,False,"[""football-data/validation/persist_generated_worktree_v474.py"", ""football-data/validation/v6_context_priority_queue_v6493.py""]",[],[],True,True,False,False,False,False,SCHEDULED/DATA_OR_CONTEXT,HIGH_PUSH_WRITE,CONSOLIDATE,scheduled-data.yml/forward.yml,phase1-plan-confirmed-by-static-parse
.github/workflows/football-v6494-active-research-scope-guard.yml,Football V6.49.4 Active Research Scope Guard,"[""push"", ""workflow_dispatch""]","[""push.paths=football-data/config/v6_current_research_scope_v6494.json"", ""push.paths=football-data/validation/**"", ""push.paths=.github/workflows/**"", ""push.branches=main""]",[],"{""contents"": ""write""}","{""guard"": {""_mode"": ""DEFAULT_INHERITED""}}",True,False,False,False,False,False,False,False,"[""football-data/validation/audit_current_research_scope_v6494.py"", ""football-data/validation/persist_generated_worktree_v474.py""]",[],[],True,True,False,False,False,False,FORMAL/GOVERNANCE,HIGH_PUSH_WRITE,KEEP,ci.yml/maintenance.yml,phase1-plan-confirmed-by-static-parse
.github/workflows/football-v6494-current-state-audit.yml,Football V6.49.4 Current State Audit,"[""push"", ""workflow_dispatch""]","[""push.paths=football-data/config/v6_current_research_scope_v6494.json"", ""push.paths=football-data/manifests/v6_current_research_scope_v6494_status.json"", ""push.paths=football-data/manifests/v6_fresh_market_forward_challengers_v6492_status.json"", ""push.paths=football-data/manifests/v6_context_priority_queue_v6493_status.json"", ""push.paths=football-data/validation/audit_unified_forward_pipeline_v6482.py"", ""push.paths=.github/workflows/football-v6494-current-state-audit.yml"", ""push.branches=main""]",[],"{""contents"": ""write""}","{""audit"": {""_mode"": ""DEFAULT_INHERITED""}}",True,False,False,False,False,False,False,False,"[""football-data/validation/audit_unified_forward_pipeline_v6482.py"", ""football-data/validation/persist_generated_worktree_v474.py""]",[],[],True,True,False,False,False,False,FORMAL/GOVERNANCE,HIGH_PUSH_WRITE,KEEP,ci.yml/maintenance.yml,phase1-plan-confirmed-by-static-parse
.github/workflows/football-v6495-context-conditioned-selector.yml,Football V6.49.5 Context Conditioned 1X2 Forward Audit,"[""push"", ""schedule"", ""workflow_dispatch""]","[""push.paths=football-data/manifests/v6_context_conditioned_selector_v6495_freeze.json"", ""push.paths=football-data/forward/v6_context_enriched_events_v6486.json"", ""push.paths=football-data/forward/v6_match_context_axes_events_v6490.json"", ""push.paths=football-data/forward/inbox/market_first_results_v651.json"", ""push.paths=football-data/validation/v6_context_conditioned_selector_forward_v6495.py"", ""push.paths=.github/workflows/football-v6495-context-conditioned-selector.yml"", ""push.branches=main""]","[""37 * * * *""]","{""contents"": ""write""}","{""audit"": {""_mode"": ""DEFAULT_INHERITED""}}",True,False,False,False,False,False,False,False,"[""football-data/validation/persist_generated_worktree_v474.py"", ""football-data/validation/v6_context_conditioned_selector_forward_v6495.py""]",[],[],True,True,False,False,False,False,SCHEDULED/FORWARD_RESEARCH,HIGH_PUSH_WRITE,MANUAL_ONLY,forward.yml,phase1-plan-confirmed-by-static-parse
.github/workflows/football-v6495-context-materialize.yml,Football V6.49.5 Direct Context Materialize,"[""push"", ""workflow_dispatch""]","[""push.paths=football-data/evidence/match_context_live/manual_web/**"", ""push.paths=football-data/evidence/team_manager_context_weekly/**"", ""push.paths=football-data/validation/v6_context_enriched_forward_manual_v6489.py"", ""push.paths=football-data/validation/v6_match_context_axes_forward_v6490.py"", ""push.paths=football-data/validation/v6_manager_delta_from_verified_baseline_v6491.py"", ""push.paths=football-data/validation/v6_context_conditioned_selector_forward_v6495.py"", ""push.paths=football-data/validation/v6_context_priority_queue_v6493.py"", ""push.paths=.github/workflows/football-v6495-context-materialize.yml"", ""push.branches=main""]",[],"{""contents"": ""write""}","{""materialize"": {""_mode"": ""DEFAULT_INHERITED""}}",True,False,False,False,False,False,False,False,"[""football-data/validation/persist_generated_worktree_v474.py"", ""football-data/validation/v6_context_conditioned_selector_forward_v6495.py"", ""football-data/validation/v6_context_enriched_forward_manual_v6489.py"", ""football-data/validation/v6_context_enriched_forward_v6486.py"", ""football-data/validation/v6_context_priority_queue_v6493.py"", ""football-data/validation/v6_manager_delta_from_verified_baseline_v6491.py"", ""football-data/validation/v6_match_context_axes_forward_v6490.py""]",[],[],True,True,False,False,False,False,FORWARD_RESEARCH/CONTEXT,HIGH_PUSH_WRITE,MANUAL_ONLY,forward.yml,phase1-plan-confirmed-by-static-parse
.github/workflows/football-v6496-unseen-domain-shadow.yml,Football V6.49.6 Unseen-Domain Selector Shadow,"[""push"", ""schedule"", ""workflow_dispatch""]","[""push.paths=football-data/validation/v6_unseen_domain_shadow_v6496.py"", ""push.paths=football-data/validation/v6_unseen_domain_shadow_detail_v6496.py"", ""push.paths=football-data/validation/v6_selector_throughput_diagnostic_v6497.py"", ""push.paths=football-data/validation/v6_sync_42_runtime_truth_v6495.py"", ""push.paths=.github/workflows/football-v6496-unseen-domain-shadow.yml"", ""push.branches=main""]","[""27 * * * *""]","{""contents"": ""write""}","{""audit"": {""_mode"": ""DEFAULT_INHERITED""}}",True,False,False,False,False,False,False,False,"[""football-data/validation/persist_generated_worktree_v474.py"", ""football-data/validation/v6_selector_throughput_diagnostic_v6497.py"", ""football-data/validation/v6_sync_42_runtime_truth_v6495.py"", ""football-data/validation/v6_unseen_domain_shadow_detail_v6496.py"", ""football-data/validation/v6_unseen_domain_shadow_v6496.py""]",[],[],True,True,True,False,False,False,RESEARCH,HIGH_PUSH_WRITE,ARCHIVE,research.yml,phase1-plan-confirmed-by-static-parse
.github/workflows/football-v6500-kl-joint-projection.yml,Football V6.50.0 KL-Coherent Joint Matrix Challenge,"[""push"", ""schedule"", ""workflow_dispatch""]","[""push.paths=football-data/validation/v6_kl_joint_projection_v6500.py"", ""push.paths=football-data/validation/v6_kl_shape_audit_v6502.py"", ""push.paths=.github/workflows/football-v6500-kl-joint-projection.yml"", ""push.branches=main""]","[""47 * * * *""]","{""contents"": ""write""}","{""challenge"": {""_mode"": ""DEFAULT_INHERITED""}}",True,False,False,False,False,False,False,False,"[""football-data/validation/persist_generated_worktree_v474.py"", ""football-data/validation/v6_kl_joint_projection_v6500.py"", ""football-data/validation/v6_kl_shape_audit_v6502.py""]",[],[],True,False,False,False,False,False,RESEARCH,HIGH_PUSH_WRITE,ARCHIVE,research.yml,phase1-plan-confirmed-by-static-parse
.github/workflows/football-v6501-shrunk-direct-total.yml,Football V6.50.1 Shrunk Direct Total Challenge,"[""push"", ""schedule"", ""workflow_dispatch""]","[""push.paths=football-data/validation/v6_shrunk_direct_total_v6501.py"", ""push.paths=.github/workflows/football-v6501-shrunk-direct-total.yml"", ""push.branches=main""]","[""57 * * * *""]","{""contents"": ""write""}","{""challenge"": {""_mode"": ""DEFAULT_INHERITED""}}",True,False,False,False,False,False,False,False,"[""football-data/validation/persist_generated_worktree_v474.py"", ""football-data/validation/v6_shrunk_direct_total_v6501.py""]",[],[],True,True,True,False,False,False,RESEARCH,HIGH_PUSH_WRITE,ARCHIVE,research.yml,phase1-plan-confirmed-by-static-parse
.github/workflows/football-v6503-ou-kl-direct-total.yml,Football V6.50.3 OU-KL Direct Total Challenge,"[""push"", ""schedule"", ""workflow_dispatch""]","[""push.paths=football-data/validation/v6_ou_kl_direct_total_v6503.py"", ""push.paths=.github/workflows/football-v6503-ou-kl-direct-total.yml"", ""push.branches=main""]","[""12 * * * *""]","{""contents"": ""write""}","{""challenge"": {""_mode"": ""DEFAULT_INHERITED""}}",True,False,False,False,False,False,False,False,"[""football-data/validation/persist_generated_worktree_v474.py"", ""football-data/validation/v6_ou_kl_direct_total_v6503.py""]",[],[],True,True,False,False,False,False,RESEARCH,HIGH_PUSH_WRITE,ARCHIVE,research.yml,phase1-plan-confirmed-by-static-parse
.github/workflows/football-v6505-ou-result-joint.yml,Football V6.50.5 OU-Result Joint Matrix Challenge,"[""push"", ""schedule"", ""workflow_dispatch""]","[""push.paths=football-data/validation/v6_ou_result_joint_matrix_v6505.py"", ""push.paths=football-data/validation/v6_sync_f06_challenge_truth_v6505.py"", ""push.paths=.github/workflows/football-v6505-ou-result-joint.yml"", ""push.branches=main""]","[""22 * * * *""]","{""contents"": ""write""}","{""challenge"": {""_mode"": ""DEFAULT_INHERITED""}}",True,False,False,False,False,False,False,False,"[""football-data/validation/persist_generated_worktree_v474.py"", ""football-data/validation/v6_ou_result_joint_matrix_v6505.py"", ""football-data/validation/v6_sync_f06_challenge_truth_v6505.py""]",[],[],True,True,False,False,False,False,RESEARCH,HIGH_PUSH_WRITE,ARCHIVE,research.yml,phase1-plan-confirmed-by-static-parse
.github/workflows/football-v6506-fullseason-2025-replay.yml,Football V6.50.6 Full-Season 2025 Replay,"[""workflow_dispatch""]",[],[],"{""contents"": ""write""}","{""replay"": {""_mode"": ""DEFAULT_INHERITED""}}",True,False,False,False,False,False,False,False,"[""football-data/validation/persist_generated_worktree_v474.py"", ""football-data/validation/v6_fullseason_2025_replay_v6506.py"", ""football-data/validation/v6_fullseason_2025_replay_v6506_evalfix.py""]",[],[],True,True,True,False,False,False,ONE_OFF/RESEARCH,LOW_STATIC,ARCHIVE,research.yml,phase1-plan-confirmed-by-static-parse
.github/workflows/football-v6507-draw-residual-net-gain.yml,Football V6.50.7 Draw Residual Net Gain,"[""pull_request"", ""push"", ""workflow_dispatch""]","[""push.paths=football-data/validation/v6_draw_residual_net_gain_v6507.py"", ""push.paths=.github/workflows/football-v6507-draw-residual-net-gain.yml"", ""push.branches=main"", ""pull_request.paths=football-data/validation/v6_draw_residual_net_gain_v6507.py"", ""pull_request.paths=.github/workflows/football-v6507-draw-residual-net-gain.yml"", ""pull_request.paths=football-data/manifests/v6_draw_residual_net_gain_v6507_pr_trigger.txt"", ""pull_request.branches=main""]",[],"{""contents"": ""write""}","{""evaluate"": {""_mode"": ""DEFAULT_INHERITED""}}",True,False,False,False,False,False,False,False,"[""football-data/validation/persist_generated_worktree_v474.py"", ""football-data/validation/v6_draw_residual_net_gain_v6507.py""]",[],[],True,True,True,False,False,False,RESEARCH,HIGH_PUSH_WRITE,ARCHIVE,research.yml,phase1-plan-confirmed-by-static-parse
.github/workflows/football-v6508-draw-triage.yml,Football V6.50.8 Draw Triage,"[""pull_request"", ""push"", ""workflow_dispatch""]","[""push.paths=football-data/validation/v6_draw_triage_decision_v6508.py"", ""push.paths=.github/workflows/football-v6508-draw-triage.yml"", ""push.branches=main"", ""pull_request.paths=football-data/validation/v6_draw_triage_decision_v6508.py"", ""pull_request.paths=.github/workflows/football-v6508-draw-triage.yml"", ""pull_request.paths=football-data/manifests/v6_draw_triage_v6508_pr_trigger.txt"", ""pull_request.branches=main""]",[],"{""contents"": ""write""}","{""evaluate"": {""_mode"": ""DEFAULT_INHERITED""}}",True,False,False,False,False,False,False,False,"[""football-data/validation/persist_generated_worktree_v474.py"", ""football-data/validation/v6_draw_triage_decision_v6508.py""]",[],[],True,True,True,False,False,False,RESEARCH,HIGH_PUSH_WRITE,ARCHIVE,research.yml,phase1-plan-confirmed-by-static-parse
.github/workflows/football-v6509-draw-risk-operating-point.yml,Football V6.50.9 Draw Risk Operating Point,"[""pull_request"", ""push"", ""workflow_dispatch""]","[""push.paths=football-data/validation/v6_draw_risk_operating_point_v6509.py"", ""push.paths=.github/workflows/football-v6509-draw-risk-operating-point.yml"", ""push.branches=main"", ""pull_request.paths=football-data/validation/v6_draw_risk_operating_point_v6509.py"", ""pull_request.paths=.github/workflows/football-v6509-draw-risk-operating-point.yml"", ""pull_request.paths=football-data/manifests/v6_draw_risk_v6509_pr_trigger.txt"", ""pull_request.branches=main""]",[],"{""contents"": ""write""}","{""evaluate"": {""_mode"": ""DEFAULT_INHERITED""}}",True,False,False,False,False,False,False,False,"[""football-data/validation/persist_generated_worktree_v474.py"", ""football-data/validation/v6_draw_risk_operating_point_v6509.py""]",[],[],True,True,True,False,False,False,RESEARCH,HIGH_PUSH_WRITE,ARCHIVE,research.yml,phase1-plan-confirmed-by-static-parse
.github/workflows/football-v6510-selective-draw-reentry.yml,Football V6.51.0 Selective Draw Re-entry,"[""pull_request"", ""push"", ""workflow_dispatch""]","[""push.paths=football-data/validation/v6_selective_draw_reentry_v6510.py"", ""push.paths=.github/workflows/football-v6510-selective-draw-reentry.yml"", ""push.branches=main"", ""pull_request.paths=football-data/validation/v6_selective_draw_reentry_v6510.py"", ""pull_request.paths=.github/workflows/football-v6510-selective-draw-reentry.yml"", ""pull_request.paths=football-data/manifests/v6_draw_reentry_v6510_pr_trigger.txt"", ""pull_request.branches=main""]",[],"{""contents"": ""write""}","{""evaluate"": {""_mode"": ""DEFAULT_INHERITED""}}",True,False,False,False,False,False,False,False,"[""football-data/validation/persist_generated_worktree_v474.py"", ""football-data/validation/v6_selective_draw_reentry_v6510.py""]",[],[],True,True,True,False,False,False,RESEARCH,HIGH_PUSH_WRITE,ARCHIVE,research.yml,phase1-plan-confirmed-by-static-parse
.github/workflows/football-v6511-draw-discrete-nb.yml,Football V6.51.1 Draw Discrete NB,"[""pull_request"", ""push"", ""workflow_dispatch""]","[""push.paths=football-data/validation/v6_draw_discrete_nb_v6511.py"", ""push.paths=.github/workflows/football-v6511-draw-discrete-nb.yml"", ""push.branches=main"", ""pull_request.paths=football-data/validation/v6_draw_discrete_nb_v6511.py"", ""pull_request.paths=.github/workflows/football-v6511-draw-discrete-nb.yml"", ""pull_request.paths=football-data/manifests/v6_draw_nb_v6511_pr_trigger.txt"", ""pull_request.branches=main""]",[],"{""contents"": ""write""}","{""evaluate"": {""_mode"": ""DEFAULT_INHERITED""}}",True,False,False,False,False,False,False,False,"[""football-data/validation/persist_generated_worktree_v474.py"", ""football-data/validation/v6_draw_discrete_nb_v6511.py""]",[],[],True,True,True,False,False,False,RESEARCH,HIGH_PUSH_WRITE,ARCHIVE,research.yml,phase1-plan-confirmed-by-static-parse
.github/workflows/football-v6512-draw-rank-attack.yml,Football V6.51.2 Rank Attack Draw,"[""pull_request"", ""push"", ""workflow_dispatch""]","[""push.paths=football-data/validation/v6_draw_rank_attack_nb_v6512.py"", ""push.paths=football-data/validation/v6_draw_rank_attack_nb_v6512r2.py"", ""push.paths=.github/workflows/football-v6512-draw-rank-attack.yml"", ""push.branches=main"", ""pull_request.paths=football-data/manifests/v6_draw_rank_attack_v6512_pr_trigger.txt"", ""pull_request.branches=main""]",[],"{""contents"": ""write""}","{""evaluate"": {""_mode"": ""DEFAULT_INHERITED""}}",True,False,False,False,False,False,False,False,"[""football-data/validation/persist_generated_worktree_v474.py"", ""football-data/validation/v6_draw_rank_attack_nb_v6512.py"", ""football-data/validation/v6_draw_rank_attack_nb_v6512r2.py""]",[],[],True,True,True,False,False,False,RESEARCH,HIGH_PUSH_WRITE,ARCHIVE,research.yml,phase1-plan-confirmed-by-static-parse
.github/workflows/football-v6521-total-independence-audit.yml,football-v6521-v6522-total-evaluation-audits,"[""push"", ""workflow_dispatch""]","[""push.paths=football-data/validation/v6_active_correct_score_total_independence_audit_v6521.py"", ""push.paths=football-data/validation/v6_active_correct_score_total_single_decision_audit_v6522.py"", ""push.paths=football-data/forward/v6_active_correct_score_total_predictions_v62520.json"", ""push.paths=football-data/forward/v6_market_first_events_v651.json"", ""push.paths=.github/workflows/football-v6521-total-independence-audit.yml"", ""push.branches=main""]",[],"{""contents"": ""write""}","{""audit"": {""_mode"": ""DEFAULT_INHERITED""}}",True,False,True,True,True,False,False,True,"[""football-data/validation/v6_active_correct_score_total_forward_v62520.py"", ""football-data/validation/v6_active_correct_score_total_independence_audit_v6521.py"", ""football-data/validation/v6_active_correct_score_total_single_decision_audit_v6522.py"", ""football-data/validation/v6_special_market_forward_eval_v6211.py""]",[],[],True,True,True,False,False,False,RESEARCH_AUDIT,CRITICAL_PUSH_WRITE_PERSIST,ARCHIVE,research.yml,phase1-plan-confirmed-by-static-parse
.github/workflows/football-v6851-multiline-research-readiness.yml,Football V6.8.5.1 Multiline Research Readiness,"[""push"", ""workflow_dispatch""]","[""push.paths=football-data/validation/v6_multiline_research_readiness_v6851.py"", ""push.paths=.github/workflows/football-v6851-multiline-research-readiness.yml"", ""push.paths=football-data/evidence/market_ladders_v680/kambi_full_time_ladders.json"", ""push.branches=main""]",[],"{""contents"": ""write""}","{""audit"": {""_mode"": ""DEFAULT_INHERITED""}}",True,False,True,True,True,False,False,True,"[""football-data/validation/v6_multiline_research_readiness_v6851.py""]",[],[],False,False,False,False,False,False,ONE_OFF/RESEARCH,CRITICAL_PUSH_WRITE_PERSIST,ARCHIVE,research.yml,phase2a-static-review
.github/workflows/football-v6852-kambi-formal-domain-coverage.yml,Football V6.8.5.2 Kambi Formal Domain Coverage,"[""push"", ""workflow_dispatch""]","[""push.paths=football-data/validation/v6_kambi_formal_domain_coverage_v6852.py"", ""push.paths=.github/workflows/football-v6852-kambi-formal-domain-coverage.yml"", ""push.paths=football-data/evidence/market_ladders_v680/kambi_full_time_ladders.json"", ""push.branches=main""]",[],"{""contents"": ""write""}","{""audit"": {""_mode"": ""DEFAULT_INHERITED""}}",True,False,True,True,True,False,False,True,"[""football-data/validation/v6_kambi_formal_domain_coverage_v6852.py""]",[],[],False,False,False,False,False,False,FORWARD/GOVERNANCE,CRITICAL_PUSH_WRITE_PERSIST,CONSOLIDATE,forward.yml/maintenance.yml,phase2a-static-review
.github/workflows/football-v696-1x2-accuracy-diagnostics.yml,Football V6.9.6 Repeated 1X2 Accuracy Diagnostics,"[""push"", ""workflow_dispatch""]","[""push.paths=football-data/validation/diagnose_1x2_accuracy_v696.py"", ""push.paths=.github/workflows/football-v696-1x2-accuracy-diagnostics.yml"", ""push.branches=main""]",[],"{""contents"": ""write""}","{""diagnose"": {""_mode"": ""DEFAULT_INHERITED""}}",True,False,True,True,True,False,False,True,"[""football-data/validation/diagnose_1x2_accuracy_v696.py""]",[],[],True,True,True,False,False,False,ONE_OFF/DIAGNOSTIC,CRITICAL_PUSH_WRITE_PERSIST,ARCHIVE,research.yml,phase2a-static-review
.github/workflows/football-v697-1x2-market-anchor-diagnostic.yml,Football V6.9.7 1X2 Market Anchor Diagnostic,"[""push"", ""workflow_dispatch""]","[""push.paths=football-data/validation/diagnose_1x2_market_anchor_v697.py"", ""push.paths=.github/workflows/football-v697-1x2-market-anchor-diagnostic.yml"", ""push.branches=main""]",[],"{""contents"": ""write""}","{""diagnose"": {""_mode"": ""DEFAULT_INHERITED""}}",True,False,True,True,True,False,False,True,"[""football-data/validation/diagnose_1x2_market_anchor_v697.py""]",[],[],True,True,False,False,False,False,ONE_OFF/DIAGNOSTIC,CRITICAL_PUSH_WRITE_PERSIST,ARCHIVE,research.yml,phase2a-static-review
.github/workflows/football-v699-market-disjoint-validation.yml,Football V6.9.9 Market Disjoint Validation,"[""push"", ""workflow_dispatch""]","[""push.paths=football-data/validation/validate_market_anchor_disjoint_v699.py"", ""push.paths=.github/workflows/football-v699-market-disjoint-validation.yml"", ""push.branches=main""]",[],"{""contents"": ""write""}","{""validate"": {""_mode"": ""DEFAULT_INHERITED""}}",True,False,True,True,True,False,False,True,"[""football-data/validation/validate_market_anchor_disjoint_v699.py""]",[],[],False,False,False,False,False,False,ONE_OFF/DIAGNOSTIC,CRITICAL_PUSH_WRITE_PERSIST,ARCHIVE,research.yml,phase2a-static-review
.github/workflows/football-workflow-stability-v474.yml,Football V5.5.31 Workflow Stability,"[""push"", ""workflow_dispatch""]","[""push.paths=.github/workflows/**"", ""push.paths=football-data/validation/workflow_stability_audit_v474.py"", ""push.paths=football-data/validation/persist_files_v474.py"", ""push.paths=football-data/validation/persist_generated_worktree_v474.py"", ""push.branches=main""]",[],"{""contents"": ""read""}","{""audit-workflows"": {""contents"": ""write""}}",True,False,True,False,False,False,True,False,"[""football-data/validation/persist_files_v474.py"", ""football-data/validation/persist_generated_worktree_v474.py"", ""football-data/validation/workflow_stability_audit_v474.py""]",[],[],True,True,False,False,False,False,GOVERNANCE/MAINTENANCE,CRITICAL_PUSH_WRITE_PERSIST,CONSOLIDATE,maintenance.yml,phase2a-static-review
