date,game_id,competition_id,season,competition_type,home_club_id,away_club_id,home_club_name,away_club_name,home_goals,away_goals
2023-08-08,4104078,DKP,2023,domestic_cup,13290,5781,Odder IGF,Skive IK,0,1
2023-08-08,4104079,DKP,2023,domestic_cup,5840,5866,Roskilde KFUM,Brönshöj Boldklub,1,4
2023-08-08,4104080,DKP,2023,domestic_cup,89408,20992,Görslev IF,Boldklubben 1960,2,0
2023-08-08,4104081,DKP,2023,domestic_cup,84311,33872,Höjslev Station IF,Vejlby-Risskov Idraetsklub,1,6
2023-08-08,4104082,DKP,2023,domestic_cup,20979,1909,Viby IF,Holstebro Boldklub,5,2
2023-08-08,4115636,DKP,2023,domestic_cup,77590,12275,FC Avrasya,Kolding IF,1,19
2023-08-08,4115638,DKP,2023,domestic_cup,9023,5874,Thisted FC,Brabrand IF,4,3
2023-08-08,4115639,DKP,2023,domestic_cup,5838,13208,Ringköbing IF,Kjellerup IF,1,0
2023-08-08,4115640,DKP,2023,domestic_cup,5957,21035,FC Nakskov,FA 2000,1,8
2023-08-08,4115641,DKP,2023,domestic_cup,12622,1842,B1908 Amager,FC Roskilde,1,0
2023-08-08,4115646,DKP,2023,domestic_cup,5790,5765,B1909 Odense,Fjordager IF,6,7
2023-08-08,4115648,DKP,2023,domestic_cup,13457,5792,,Boldklubben Skjold,0,4
2023-08-08,4126943,RUP,2023,domestic_cup,11127,1083,Ural Yekaterinburg,FK Rostov,1,0
2023-08-08,4126944,RUP,2023,domestic_cup,2698,932,FC Rubin Kazan,"Футбольный клуб ""Локомотив"" Москва",0,1
2023-08-08,4126947,RUP,2023,domestic_cup,232,49702,FK Spartak Moskva,FK Nizhny Novgorod,5,4
2023-08-08,4135634,CLQ,2023,international_cup,1075,3137,SC Braga,FK TSC Backa Topola,3,0
2023-08-08,4135635,CLQ,2023,international_cup,383,122,PSV Eindhoven,Sportklub Puntigamer Sturm Graz,4,1
2023-08-08,4146773,CLQ,2023,international_cup,9644,10586,Raków Częstochowa,Aris Limassol,2,1
2023-08-08,4146775,CLQ,2023,international_cup,190,197,FC Copenhagen,AC Sparta Prague,0,0
2023-08-08,4146790,CLQ,2023,international_cup,6170,687,KÍ Klaksvík,Molde Fotballklubb,2,1
2023-08-08,4146791,CLQ,2023,international_cup,4772,141,NK Olimpija Ljubljana,Galatasaray,0,3
2023-08-08,4146797,ELQ,2023,other,22220,31614,FC Astana,Ludogorets Razgrad,2,1
2023-08-08,4156903,DKP,2023,domestic_cup,28954,49675,Ballerup Skovlunde Fodbold,Hilleröd Fodbold,1,8
2023-08-08,4157238,DKP,2023,domestic_cup,20990,29391,Arbejder Sport Aarhus,IF Lyseng,2,4
2023-08-09,4097108,CGB,2022,,3884,990,AFC Wimbledon,Coventry City,2,1
2023-08-09,4097113,CGB,2022,,698,988,Bristol City,Oxford United,5,1
2023-08-09,4097114,CGB,2022,,603,1060,Cardiff City,Colchester United,5,2
2023-08-09,4097123,CGB,2022,,399,3054,Leeds United,Shrewsbury Town,2,1
2023-08-09,4097142,CGB,2022,,2963,1003,Burton Albion,Leicester City,0,2
2023-08-09,4109912,POSU,2023,other,294,720,SL Benfica,FC Porto,2,0
2023-08-09,4115642,DKP,2023,domestic_cup,5883,5842,Jetsmark IF,VSK Aarhus,2,3
2023-08-09,4115643,DKP,2023,domestic_cup,37555,5889,Morud IF,Naesby Boldklub,1,5
2023-08-09,4115644,DKP,2023,domestic_cup,5918,75635,Otterup B&IK,Svendborg fB - Oure FA,2,4
2023-08-09,4115645,DKP,2023,domestic_cup,2414,5817,AC Horsens,Sönderjyske Fodbold,1,2
2023-08-09,4115649,DKP,2023,domestic_cup,40800,3426,Krogsbölle-Roerslev FK,Esbjerg fB,1,8
2023-08-09,4115650,DKP,2023,domestic_cup,444,5091,BK Frem,Naestved Boldklub,0,1
2023-08-09,4126941,RUP,2023,domestic_cup,14589,41231,FC Orenburg,FK Sochi,2,0
2023-08-09,4126942,RUP,2023,domestic_cup,2410,1124,PFK CSKA Moskva,Fakel Voronezh,0,2
2023-08-09,4126945,RUP,2023,domestic_cup,2696,964,PFK Krylya Sovetov Samara,AO FK Zenit Sankt-Peterburg,0,1
2023-08-09,4126948,RUP,2023,domestic_cup,121,16704,FK Dinamo Moskva,FK Krasnodar,4,3
2023-08-09,4145197,CLQ,2023,international_cup,265,244,Panathinaikos Athlitikos Omilos,Olympique Marseille,1,0
2023-08-09,4146772,CLQ,2023,international_cup,540,1064,Slovan Bratislava,Maccabi Haifa,1,2
2023-08-09,4146774,CLQ,2023,international_cup,124,61,Rangers FC,Servette FC,2,1
2023-08-09,4148240,ECLQ,2023,other,2156,119,AEK Larnaca,Maccabi Tel Aviv,1,1
2023-08-09,4148246,ECLQ,2023,other,157,324,KAA Gent,Pogon Szczecin,5,0
2023-08-09,4150139,CGB,2022,,677,2455,Ipswich Town,Bristol Rovers,2,0
2023-08-09,4156911,DKP,2023,domestic_cup,21006,362,Ledöje-Smörum Fodbold,Akademisk Boldklub,1,2
2023-08-09,4172544,DKP,2023,domestic_cup,21766,75807,Vallensbaek IF 39,Ishöj IF,0,6
2023-08-09,4173640,DKP,2023,domestic_cup,112615,24181,Köge Union,AB Taarnby,0,2
2023-08-09,4173641,DKP,2023,domestic_cup,91758,112612,Söften GF,Gug B,3,2
2023-08-09,4173642,DKP,2023,domestic_cup,112611,45057,TST Fodbold,Vejgaard B,5,3
2023-08-10,4104074,DKP,2023,domestic_cup,100585,20971,Tune IF,BK Frem Saksköbing,4,1
2023-08-10,4115651,DKP,2023,domestic_cup,5734,19657,Young Boys FD,Vendsyssel FF,2,1
2023-08-10,4115652,DKP,2023,domestic_cup,77485,5818,Aarhus 1900,Hobro IK,0,3
2023-08-10,4126946,RUP,2023,domestic_cup,3725,2741,RFK Akhmat Grozny,FK Baltika,0,2
2023-08-10,4135646,ECLQ,2023,other,8024,1100,FC Arouca,Sportsklubben Brann,2,1
2023-08-10,4145193,ECLQ,2023,other,5084,4040,Valmiera FC,FK Partizani,1,2
2023-08-10,4145194,ECLQ,2023,other,64534,9284,Struga Trim & Lum,Swift Hesperange,3,1
2023-08-10,4145199,ELQ,2023,other,62,60551,SK Slavia Prague,SC Dnipro-1,3,0
2023-08-10,4145200,ELQ,2023,other,602,1109,FK Zalgiris Vilnius,BK Häcken,1,3
2023-08-10,4146794,ELQ,2023,other,10625,1008,Qarabağ FK,HJK Helsinki,2,1
2023-08-10,4146795,ELQ,2023,other,6808,3737,HSK Zrinjski Mostar,Breidablik Kópavogur,6,2
2023-08-10,4146796,ELQ,2023,other,2481,713,FC Sheriff Tiraspol,BATE Borisov,5,1
2023-08-10,4146798,ELQ,2023,other,683,1184,Olympiakos Syndesmos Filathlon Peiraios,KRC Genk,1,0
2023-08-10,4147903,ECLQ,2023,other,238,365,Lech Poznan,Spartak Trnava,2,1
2023-08-10,4148145,ECLQ,2023,other,10854,1090,FC Santa Coloma,AZ Alkmaar,0,1
2023-08-10,4148149,ECLQ,2023,other,501,10301,Fotballklubben Bodø/Glimt,FC Pyunik Yerevan,3,0
2023-08-10,4148150,ECLQ,2023,other,63993,669,Sabah FK,FK Partizan Belgrade,2,0
2023-08-10,4148221,ECLQ,2023,other,8031,114,Neftchi Baku,Beşiktaş Jimnastik Kulübü,1,3
2023-08-10,4148235,ECLQ,2023,other,28082,38204,FC Ballkani,Lincoln Red Imps FC,2,0
2023-08-10,4148236,ECLQ,2023,other,29831,1002,FCV Farul Constanta,FC Flora Tallinn,3,0
2023-08-10,4148237,ECLQ,2023,other,10481,920,Tobol Kostanay,Derry City,1,0
2023-08-10,4148238,ECLQ,2023,other,2976,156,Hapoel Beer Sheva,Levski Sofia,0,0
2023-08-10,4148239,ECLQ,2023,other,17149,279,Hamrun Spartans,Ferencvárosi TC,1,6
2023-08-10,4148241,ECLQ,2023,other,447,1091,HNK Hajduk Split,Panthessalonikios Athlitikos Omilos Konstantinoupoliton,0,0
2023-08-10,4148242,ECLQ,2023,other,829,865,Omonia Nicosia,FC Midtjylland,1,0
2023-08-10,4148243,ECLQ,2023,other,2282,1839,Club Brugge KV,KA Akureyri,5,1
2023-08-10,4148244,ECLQ,2023,other,3840,327,Adana Demirspor,NK Osijek,5,1
2023-08-10,4148245,ECLQ,2023,other,36,790,Fenerbahce,NK Maribor,3,1
2023-08-10,4148247,ECLQ,2023,other,301,2778,FCSB,FC Nordsjaelland,0,0
2023-08-10,4148248,ECLQ,2023,other,195,43,Rosenborg Ballklub,Heart of Midlothian FC,2,1
2023-08-10,4148249,ECLQ,2023,other,317,48325,FC Twente Enschede,Riga FC,2,0
2023-08-10,4148250,ECLQ,2023,other,941,32768,FC Viktoria Plzen,Gzira United FC,4,0
2023-08-10,4148251,ECLQ,2023,other,32017,2784,FC Dila Gori,APOEL Nicosia,0,2
2023-08-10,4148252,ECLQ,2023,other,10532,144,B36 Tórshavn,HNK Rijeka,1,3
2023-08-10,4148253,ECLQ,2023,other,903,434,Hibernian FC,FC Luzern,3,1
2023-08-10,4148255,ECLQ,2023,other,170,84,Rapid Vienna,Debreceni VSC,0,0
2023-08-10,4148256,ECLQ,2023,other,255,14,Legia Warszawa,Austria Vienna,1,2
2023-08-10,4148257,ECLQ,2023,other,605,338,Aris Thessalonikis,Dynamo Kyiv,1,0
2023-08-10,4148258,ECLQ,2023,other,710,14178,NK Celje,Neman Grodno,1,0
2023-08-10,4148259,ECLQ,2023,other,54585,10157,Sepsi OSK Sf. Gheorghe,FK Aktobe,1,1
2023-08-10,4156902,DKP,2023,domestic_cup,21011,5929,Taasinge fB,Aabenraa BK,1,2
2023-08-11,4087924,GB1,2023,domestic_league,1132,281,Burnley FC,Manchester City,0,3
2023-08-11,4088588,DFB,2023,domestic_cup,254,42,SV Sandhausen,Hannover 96,7,5
2023-08-11,4088612,DFB,2023,domestic_cup,1,48,1.FC Saarbrücken,Karlsruher SC,2,1
2023-08-11,4088615,DFB,2023,domestic_cup,18603,18,TuS Bersenbrück,Borussia Mönchengladbach,0,7
2023-08-11,4088617,DFB,2023,domestic_cup,23,33,Eintracht Braunschweig,FC Schalke 04,1,3
2023-08-11,4089525,DK1,2023,domestic_league,190,173,FC Copenhagen,Odense Boldklub,2,1
2023-08-11,4092079,RU1,2023,domestic_league,11127,232,Ural Yekaterinburg,FK Spartak Moskva,3,2
2023-08-11,4093529,NL1,2023,domestic_league,724,499,FC Volendam,Vitesse Arnhem,1,2
2023-08-11,4094582,FR1,2023,domestic_league,417,1082,OGC Nice,LOSC Lille,1,1
2023-08-11,4098795,BE1,2023,domestic_league,1096,601,Royal Antwerp FC,KV Kortrijk,6,0
2023-08-11,4109296,PO1,2023,domestic_league,1075,3329,SC Braga,FC Famalicão,1,2
2023-08-11,4112805,ES1,2023,domestic_league,3302,367,UD Almería,Rayo Vallecano,0,2
2023-08-11,4112809,ES1,2023,domestic_league,368,1049,Sevilla FC,Valencia CF,1,2
2023-08-11,4126780,TR1,2023,domestic_league,449,589,Trabzonspor,Antalyaspor,1,0
2023-08-11,4137124,CIT,2023,domestic_cup,8970,4172,Frosinone Calcio,Pisa Sporting Club,1,0
2023-08-11,4137125,CIT,2023,domestic_cup,252,1385,Genoa CFC,Modena FC,4,3
2023-08-11,4151667,CIT,2023,domestic_cup,410,4097,Udinese Calcio,US Catanzaro,4,1
2023-08-11,4151670,CIT,2023,domestic_cup,1025,1429,Bologna Football Club 1909,Cesena FC,2,0
2023-08-12,4085971,DFL,2023,other,27,23826,Bayern Munich,RB Leipzig,0,3
2023-08-12,4087925,GB1,2023,domestic_league,11,703,Arsenal FC,Nottingham Forest,2,1
2023-08-12,4087926,GB1,2023,domestic_league,989,379,AFC Bournemouth,West Ham United,1,1
2023-08-12,4087927,GB1,2023,domestic_league,1237,1031,Brighton & Hove Albion,Luton Town,4,1
2023-08-12,4087928,GB1,2023,domestic_league,29,931,Everton FC,Fulham FC,0,1
2023-08-12,4087929,GB1,2023,domestic_league,350,873,Sheffield United,Crystal Palace,0,1
2023-08-12,4087930,GB1,2023,domestic_league,762,405,Newcastle United,Aston Villa,5,1
2023-08-12,4088587,DFB,2023,domestic_cup,440,65,Hallescher FC,SpVgg Greuther Fürth,0,1
2023-08-12,4088590,DFB,2023,domestic_cup,29988,35,SV Atlas Delmenhorst,FC St. Pauli,0,5
2023-08-12,4088599,DFB,2023,domestic_cup,115,4,FC Oberneuland,1.FC Nuremberg,1,9
2023-08-12,4088601,DFB,2023,domestic_cup,834,79,TSG Balingen,VfB Stuttgart,0,4
2023-08-12,4088602,DFB,2023,domestic_cup,9695,16,TSV Schott Mainz,Borussia Dortmund,1,6
2023-08-12,4088604,DFB,2023,domestic_cup,64,39,SV 07 Elversberg,1.FSV Mainz 05,0,1
2023-08-12,4088607,DFB,2023,domestic_cup,1622,86,FC Viktoria Köln,SV Werder Bremen,3,2
2023-08-12,4088610,DFB,2023,domestic_cup,14361,15,FC Teutonia 05 Ottensen,Bayer 04 Leverkusen,0,8
2023-08-12,4088611,DFB,2023,domestic_cup,113,44,FC Carl Zeiss Jena,Hertha BSC,0,5
2023-08-12,4088613,DFB,2023,domestic_cup,220,269,FC Gütersloh,Holstein Kiel,0,2
2023-08-12,4088616,DFB,2023,domestic_cup,10,80,Arminia Bielefeld,VfL Bochum,6,3
2023-08-12,4092075,RU1,2023,domestic_league,1083,2698,FK Rostov,FC Rubin Kazan,3,0
2023-08-12,4092077,RU1,2023,domestic_league,932,2696,"Футбольный клуб ""Локомотив"" Москва",PFK Krylya Sovetov Samara,1,1
2023-08-12,4092080,RU1,2023,domestic_league,14589,16704,FC Orenburg,FK Krasnodar,0,2
2023-08-12,4093528,NL1,2023,domestic_league,610,1304,Ajax Amsterdam,Heracles Almelo,4,1
2023-08-12,4093530,NL1,2023,domestic_league,1269,468,PEC Zwolle,Sparta Rotterdam,1,2
2023-08-12,4094578,FR1,2023,domestic_league,583,1158,Paris Saint-Germain,FC Lorient,0,0
2023-08-12,4094581,FR1,2023,domestic_league,244,1421,Olympique Marseille,Stade Reims,2,1
2023-08-12,4097919,NL1,2023,domestic_league,383,200,PSV Eindhoven,FC Utrecht,2,0
2023-08-12,4097920,NL1,2023,domestic_league,306,235,SC Heerenveen,RKC Waalwijk,3,1
2023-08-12,4098796,BE1,2023,domestic_league,54189,354,RWD Molenbeek,KV Mechelen,1,0
2023-08-12,4098797,BE1,2023,domestic_league,3948,2727,Union Saint-Gilloise,Oud-Heverlee Leuven,5,1
2023-08-12,4109295,PO1,2023,domestic_league,4294,3268,SC Farense,Casa Pia AC,0,3
2023-08-12,4109299,PO1,2023,domestic_league,336,6912,Sporting CP,FC Vizela,3,2
2023-08-12,4109302,PO1,2023,domestic_league,2424,7378,Gil Vicente FC,Portimonense SC,5,0
2023-08-12,4112806,ES1,2023,domestic_league,621,418,Athletic Bilbao,Real Madrid,0,2
2023-08-12,4112810,ES1,2023,domestic_league,472,237,UD Las Palmas,RCD Mallorca,1,1
2023-08-12,4112813,ES1,2023,domestic_league,681,12321,Real Sociedad,Girona FC,1,1
2023-08-12,4120584,UKR1,2023,domestic_league,6992,39097,Chornomorets Odesa,Obolon Kyiv,2,0
2023-08-12,4120585,UKR1,2023,domestic_league,48332,26459,Kolos Kovalivka,NK Veres Rivne,2,0
2023-08-12,4120590,UKR1,2023,domestic_league,53646,48726,FK Polissya Zhytomyr,Rukh Lviv,0,1
2023-08-12,4120857,SC1,2023,domestic_league,124,1241,Rangers FC,Livingston FC,4,0
2023-08-12,4120858,SC1,2023,domestic_league,2759,2578,Ross County FC,St. Johnstone FC,2,0
2023-08-12,4120859,SC1,2023,domestic_league,465,511,St. Mirren FC,Dundee FC,2,1
2023-08-12,4126774,TR1,2023,domestic_league,3205,141,Kayserispor,Galatasaray,0,0
2023-08-12,4126775,TR1,2023,domestic_league,3209,7775,Pendikspor,Hatayspor,1,5
2023-08-12,4126776,TR1,2023,domestic_league,10484,868,Kasimpasa,MKE Ankaragücü,3,2
2023-08-12,4126783,TR1,2023,domestic_league,2293,924,Konyaspor,Istanbulspor,1,1
2023-08-12,4137126,CIT,2023,domestic_cup,749,4084,FC Empoli,AS Cittadella,1,2
2023-08-12,4137127,CIT,2023,domestic_cup,332,130,FC Bari 1908,Parma Calcio 1913,0,3
2023-08-12,4137128,CIT,2023,domestic_cup,276,408,Hellas Verona,Ascoli Calcio 1898,3,1
2023-08-12,4137129,CIT,2023,domestic_cup,1390,458,Cagliari Calcio,Palermo FC,2,1
2023-08-12,4137208,NLP,2023,domestic_cup,44694,21479,SJC Noordwijk,SV Bon Boys Haaksbergen,2,1
2023-08-12,4137209,NLP,2023,domestic_cup,44455,110658,VV Eemdijk,,5,0
2023-08-12,4137210,NLP,2023,domestic_cup,57266,17605,SV Nieuwkoop,RKAV Volendam,0,2
2023-08-12,4137211,NLP,2023,domestic_cup,13642,16866,BVV Barendrecht,SC Genemuiden,2,1
2023-08-12,4137212,NLP,2023,domestic_cup,3943,39432,HSV Hoek,VV SteDoCo Hoornaar,3,2
2023-08-12,4137213,NLP,2023,domestic_cup,18586,82076,Blauw Geel '38 / Jumbo Veghel,,5,1
2023-08-12,4137214,NLP,2023,domestic_cup,3569,33427,DVS '33 Ermelo,SV Urk,1,0
2023-08-12,4137215,NLP,2023,domestic_cup,10716,73030,VV Kloetinge,,6,0
2023-08-12,4137216,NLP,2023,domestic_cup,10804,20780,Sparta Nijkerk,ONS Sneek,2,0
2023-08-12,4137217,NLP,2023,domestic_cup,4026,33424,CSV Apeldoorn,ODIN '59 Heemskerk,1,0
2023-08-12,4137218,NLP,2023,domestic_cup,7116,44920,VV IJsselmeervogels,TOGB Berkel,2,1
2023-08-12,4137219,NLP,2023,domestic_cup,12652,7481,SV TEC Tiel,VV DOVO Veenendaal,5,4
2023-08-12,4137220,NLP,2023,domestic_cup,12732,18470,VVSB Noordwijkerhout,FC Rijnvogels Katwijk,7,6
2023-08-12,4137221,NLP,2023,domestic_cup,57103,44682,AGB Amsterdam,Olde Veste '54,1,2
2023-08-12,4137222,NLP,2023,domestic_cup,38146,33432,AWC Wijchen,VV Staphorst,1,2
2023-08-12,4137223,NLP,2023,domestic_cup,8565,7408,HSC '21 Haaksbergen,Harkemase Boys,3,4
2023-08-12,4137224,NLP,2023,domestic_cup,7450,36683,GVV Unitas,CVV Blauw Wit '34 Leeuwarden,4,0
2023-08-12,4137225,NLP,2023,domestic_cup,19522,26016,VPV Purmersteijn,Sportlust '46 Woerden,0,2
2023-08-12,4137226,NLP,2023,domestic_cup,25987,29359,Veensche Boys,RKSV HVCH,1,2
2023-08-12,4137227,NLP,2023,domestic_cup,34156,18843,USV Hercules,VV Berkum,2,1
2023-08-12,4137228,NLP,2023,domestic_cup,44594,90988,RKVV DEM,XerxesDZB,1,0
2023-08-12,4137229,NLP,2023,domestic_cup,88809,53327,RKVV Zwaluw VFC Vught,VV Scherpenzeel,1,5
2023-08-12,4137230,NLP,2023,domestic_cup,8161,34396,VV Baronie,VV Hoogeveen,0,1
2023-08-12,4137231,NLP,2023,domestic_cup,2945,26488,OJC Rosmalen,SV Oss '20,5,1
2023-08-12,4137362,SFA,2023,domestic_cup,10558,8942,Carnoustie Panmure JFC,Beith Juniors FC,1,2
2023-08-12,4137363,SFA,2023,domestic_cup,26151,5580,Luncarty FC,Loch Ness FC,3,1
2023-08-13,4087931,GB1,2023,domestic_league,1148,148,Brentford FC,Tottenham Hotspur,2,2
2023-08-13,4087932,GB1,2023,domestic_league,631,31,Chelsea FC,Liverpool FC,1,1
2023-08-13,4088591,DFB,2023,domestic_cup,1468,38,FV Illertissen,Fortuna Düsseldorf,1,3
2023-08-13,4088592,DFB,2023,domestic_cup,5008,82,TuS Makkabi Berlin,VfL Wolfsburg,0,6
2023-08-13,4088593,DFB,2023,domestic_cup,22327,2,FC Rot-Weiß Koblenz,1.FC Kaiserslautern,0,5
2023-08-13,4088594,DFB,2023,domestic_cup,66,167,SpVgg Unterhaching,FC Augsburg,2,0
2023-08-13,4088595,DFB,2023,domestic_cup,5647,2036,Rostocker FC 1895,1. Fußballclub Heidenheim 1846,0,8
2023-08-13,4088598,DFB,2023,domestic_cup,25,127,FC Energie Cottbus,SC Paderborn 07,0,7
2023-08-13,4088603,DFB,2023,domestic_cup,56,41,Rot-Weiss Essen,Hamburger SV,3,4
2023-08-13,4088605,DFB,2023,domestic_cup,497,24,1.FC Lokomotive Leipzig,Eintracht Frankfurt,0,7
2023-08-13,4088606,DFB,2023,domestic_cup,1348,89,FC-Astoria Walldorf,1.FC Union Berlin,0,4
2023-08-13,4088608,DFB,2023,domestic_cup,293,30,FSV Frankfurt,FC Hansa Rostock,1,4
2023-08-13,4088614,DFB,2023,domestic_cup,8354,60,SV Oberachern,SC Freiburg,0,2
2023-08-13,4089526,DK1,2023,domestic_league,443,865,Vejle Boldklub,FC Midtjylland,1,2
2023-08-13,4089527,DK1,2023,domestic_league,5724,2778,Randers FC,FC Nordsjaelland,0,5
2023-08-13,4089528,DK1,2023,domestic_league,206,369,Bröndby IF,Lyngby Boldklub,3,0
2023-08-13,4089529,DK1,2023,domestic_league,678,1177,Aarhus GF,Silkeborg IF,2,2
2023-08-13,4092073,RU1,2023,domestic_league,964,1124,AO FK Zenit Sankt-Peterburg,Fakel Voronezh,2,0
2023-08-13,4092074,RU1,2023,domestic_league,2410,41231,PFK CSKA Moskva,FK Sochi,3,1
2023-08-13,4092076,RU1,2023,domestic_league,121,2741,FK Dinamo Moskva,FK Baltika,2,0
2023-08-13,4093526,NL1,2023,domestic_league,234,385,Feyenoord Rotterdam,Fortuna Sittardia Combinatie,0,0
2023-08-13,4093531,NL1,2023,domestic_league,467,798,NEC Nijmegen,Excelsior Rotterdam,3,4
2023-08-13,4093533,NL1,2023,domestic_league,723,317,Almere City FC,FC Twente Enschede,1,4
2023-08-13,4093534,NL1,2023,domestic_league,1090,1435,AZ Alkmaar,Go Ahead Eagles,5,1
2023-08-13,4094579,FR1,2023,domestic_league,667,1041,RC Strasbourg Alsace,Olympique Lyon,2,1
2023-08-13,4094580,FR1,2023,domestic_league,273,347,Stade Rennais FC,FC Metz,5,1
2023-08-13,4094583,FR1,2023,domestic_league,3524,162,Clermont Foot 63,AS Monaco,2,4
2023-08-13,4094584,FR1,2023,domestic_league,995,415,FC Nantes,FC Toulouse,1,2
2023-08-13,4094585,FR1,2023,domestic_league,969,738,Montpellier HSC,Le Havre AC,2,2
2023-08-13,4094586,FR1,2023,domestic_league,3911,826,Stade Brestois 29,RC Lens,3,2
2023-08-13,4098798,BE1,2023,domestic_league,520,1184,Cercle Brugge,KRC Genk,0,1
2023-08-13,4098799,BE1,2023,domestic_league,475,58,Sint-Truidense VV,RSC Anderlecht,0,1
2023-08-13,4098800,BE1,2023,domestic_league,1245,2282,KAS Eupen,Club Brugge KV,0,5
2023-08-13,4098801,BE1,2023,domestic_league,172,3057,Royal Charleroi Sporting Club,Standard Liège,1,1
2023-08-13,4098802,BE1,2023,domestic_league,968,157,KVC Westerlo,KAA Gent,1,3
2023-08-13,4109294,PO1,2023,domestic_league,2425,3325,Rio Ave FC,GD Chaves,2,0
2023-08-13,4109300,PO1,2023,domestic_league,2431,2420,CF Estrela Amadora,Vitória Guimarães SC,0,1
2023-08-13,4109301,PO1,2023,domestic_league,8024,1465,FC Arouca,GD Estoril Praia,4,3
2023-08-13,4112808,ES1,2023,domestic_league,940,331,Celta de Vigo,CA Osasuna,0,2
2023-08-13,4112811,ES1,2023,domestic_league,3709,131,Getafe CF,FC Barcelona,0,0
2023-08-13,4112812,ES1,2023,domestic_league,1050,150,Villarreal CF,Real Betis Balompié,1,2
2023-08-13,4120586,UKR1,2023,domestic_league,3592,63007,Kryvbas Kryvyi Rig,LNZ Cherkasy,2,0
2023-08-13,4120587,UKR1,2023,domestic_league,61825,60551,FC Minaj,SC Dnipro-1,1,1
2023-08-13,4120588,UKR1,2023,domestic_league,2740,10690,Vorskla Poltava,Zorya Lugansk,1,2
2023-08-13,4120854,SC1,2023,domestic_league,370,371,Aberdeen FC,Celtic FC,1,3
2023-08-13,4120855,SC1,2023,domestic_league,43,2553,Heart of Midlothian FC,Kilmarnock FC,0,0
2023-08-13,4120856,SC1,2023,domestic_league,987,903,Motherwell FC,Hibernian FC,2,1
2023-08-13,4126778,TR1,2023,domestic_league,3840,126,Adana Demirspor,Caykur Rizespor,2,1
2023-08-13,4126781,TR1,2023,domestic_league,36,2832,Fenerbahce,Gaziantep FK,2,1
2023-08-13,4126782,TR1,2023,domestic_league,2381,152,Sivasspor,Samsunspor,1,1
2023-08-13,4137130,CIT,2023,domestic_cup,380,1103,US Salernitana 1919,Ternana Calcio,1,0
2023-08-13,4137131,CIT,2023,domestic_cup,4031,6574,Cosenza Calcio,US Sassuolo,2,5
2023-08-13,4137132,CIT,2023,domestic_cup,1005,1047,US Lecce,Como 1907,1,0
2023-08-13,4137232,NLP,2023,domestic_cup,56746,1097,,SV Meerssen,0,3
2023-08-13,4137233,NLP,2023,domestic_cup,45950,8449,Jubbega,VV UNA Veldhoven,3,5
2023-08-13,4137234,NLP,2023,domestic_cup,11075,27088,RKVV Westlandia,HV & CV Quick,3,1
2023-08-13,4137235,NLP,2023,domestic_cup,21966,44605,RKSV Nuenen,VV Chevremont,4,2
2023-08-13,4137236,NLP,2023,domestic_cup,66208,18154,SV Kampong,VV Gemert,2,4
2023-08-13,4137237,NLP,2023,domestic_cup,12451,73816,RKSV Groene Ster,RKSV Groen Wit Breda,6,0
2023-08-13,4151668,CIT,2023,domestic_cup,2919,5621,AC Monza,AC Reggiana 1919,1,2
2023-08-14,4087933,GB1,2023,domestic_league,985,543,Manchester United,Wolverhampton Wanderers,1,0
2023-08-14,4088586,DFB,2023,domestic_cup,459,105,FC 08 Homburg,SV Darmstadt 98,3,0
2023-08-14,4088589,DFB,2023,domestic_cup,81,3,VfL Osnabrück,1.FC Köln,1,3
2023-08-14,4088597,DFB,2023,domestic_cup,109,187,SSV Jahn Regensburg,1.FC Magdeburg,1,2
2023-08-14,4088600,DFB,2023,domestic_cup,78,533,VfB Lübeck,TSG 1899 Hoffenheim,1,4
2023-08-14,4089530,DK1,2023,domestic_league,1063,1894,Viborg FF,Hvidovre IF,0,0
2023-08-14,4092078,RU1,2023,domestic_league,49702,3725,FK Nizhny Novgorod,RFK Akhmat Grozny,2,0
2023-08-14,4109297,PO1,2023,domestic_league,979,720,Moreirense FC,FC Porto,1,2
2023-08-14,4109298,PO1,2023,domestic_league,2503,294,Boavista FC,SL Benfica,3,2
2023-08-14,4112807,ES1,2023,domestic_league,13,16795,Atlético de Madrid,Granada CF,3,1
2023-08-14,4112814,ES1,2023,domestic_league,2687,1108,Cádiz CF,Deportivo Alavés,1,0
2023-08-14,4120591,UKR1,2023,domestic_league,660,18303,FC Shakhtar Donetsk,FC Oleksandriya,2,1
2023-08-14,4126777,TR1,2023,domestic_league,11282,6890,Alanyaspor,Basaksehir FK,2,0
2023-08-14,4126779,TR1,2023,domestic_league,6646,114,Fatih Karagümrük,Beşiktaş Jimnastik Kulübü,0,1
2023-08-14,4137133,CIT,2023,domestic_cup,2239,4083,US Cremonese,FC Crotone,3,1
2023-08-14,4137134,CIT,2023,domestic_cup,1038,4554,UC Sampdoria,FC Südtirol,8,7
2023-08-14,4137135,CIT,2023,domestic_cup,3522,607,Spezia Calcio,Venezia FC,6,5
2023-08-14,4151669,CIT,2023,domestic_cup,416,9439,Torino FC,Feralpisalò,2,1
2023-08-15,4115647,DKP,2023,domestic_cup,24201,5784,Nörresundby FB,Aarhus Fremad,1,7
2023-08-15,4115655,DKP,2023,domestic_cup,84101,5776,Bredballe IF,FC Fredericia,0,8
2023-08-15,4115656,DKP,2023,domestic_cup,29387,1053,Egen UI,Aalborg BK,0,0
2023-08-15,4135636,CLQ,2023,international_cup,3137,1075,FK TSC Backa Topola,SC Braga,1,4
2023-08-15,4135637,CLQ,2023,international_cup,122,383,Sportklub Puntigamer Sturm Graz,PSV Eindhoven,1,3
2023-08-15,4145198,CLQ,2023,international_cup,244,265,Olympique Marseille,Panathinaikos Athlitikos Omilos,5,6
2023-08-15,4146552,CLQ,2023,international_cup,419,2441,GNK Dinamo Zagreb,Athlitiki Enosi Konstantinoupoleos,1,2
2023-08-15,4146777,CLQ,2023,international_cup,61,124,Servette FC,Rangers FC,1,1
2023-08-15,4146787,CLQ,2023,international_cup,197,190,AC Sparta Prague,FC Copenhagen,5,7
2023-08-15,4146788,CLQ,2023,international_cup,10586,9644,Aris Limassol,Raków Częstochowa,0,1
2023-08-15,4146789,CLQ,2023,international_cup,1064,540,Maccabi Haifa,Slovan Bratislava,3,1
2023-08-15,4146792,CLQ,2023,international_cup,141,4772,Galatasaray,NK Olimpija Ljubljana,1,0
2023-08-15,4146793,CLQ,2023,international_cup,687,6170,Molde Fotballklubb,KÍ Klaksvík,2,0
2023-08-15,4148628,UKRP,2023,domestic_cup,53645,84122,PFC Prykarpattya Ivano-Frankivsk,Epicentr Kamyanets-Podilskyi,1,2
2023-08-15,4148629,UKRP,2023,domestic_cup,48728,53629,FC Mykolaiv,Agrobiznes Volochysk,1,3
2023-08-15,4148631,UKRP,2023,domestic_cup,101362,110586,PFC Zvyagel,UCSA Tarasivka,4,0
2023-08-15,4148632,UKRP,2023,domestic_cup,27227,86209,Lokomotyv Kyiv,Livyi Bereg Kyiv,0,2
2023-08-15,4148633,UKRP,2023,domestic_cup,87879,65423,FK Kudrivka (- 2024),Feniks-Mariupol,8,9
2023-08-15,4148634,UKRP,2023,domestic_cup,49364,67939,Ingulets Petrove,Viktoriya Mykolaivka,0,1
2023-08-15,4148635,UKRP,2023,domestic_cup,83930,29109,FC Trostyanets,Girnyk-Sport Gorishni Plavni,1,2
2023-08-16,4087203,USC,2023,international_cup,281,368,Manchester City,Sevilla FC,6,5
2023-08-16,4097133,CGB,2022,,1039,1123,Queens Park Rangers,Norwich City,0,1
2023-08-16,4148211,ECLQ,2023,other,1002,29831,FC Flora Tallinn,FCV Farul Constanta,0,2
2023-08-16,4148630,UKRP,2023,domestic_cup,86787,2712,Skala 1911 Stryi,Nyva Ternopil,2,1
2023-08-17,4135647,ECLQ,2023,other,1100,8024,Sportsklubben Brann,FC Arouca,3,1
2023-08-17,4145195,ECLQ,2023,other,4040,5084,FK Partizani,Valmiera FC,1,0
2023-08-17,4145196,ECLQ,2023,other,9284,64534,Swift Hesperange,Struga Trim & Lum,2,1
2023-08-17,4146799,ELQ,2023,other,1109,602,BK Häcken,FK Zalgiris Vilnius,5,0
2023-08-17,4146800,ELQ,2023,other,1008,10625,HJK Helsinki,Qarabağ FK,1,2
2023-08-17,4146801,ELQ,2023,other,3737,6808,Breidablik Kópavogur,HSK Zrinjski Mostar,1,0
2023-08-17,4146802,ELQ,2023,other,713,2481,BATE Borisov,FC Sheriff Tiraspol,2,2
2023-08-17,4146803,ELQ,2023,other,31614,22220,Ludogorets Razgrad,FC Astana,5,1
2023-08-17,4146804,ELQ,2023,other,1184,683,KRC Genk,Olympiakos Syndesmos Filathlon Peiraios,1,1
2023-08-17,4146805,ELQ,2023,other,60551,62,SC Dnipro-1,SK Slavia Prague,1,1
2023-08-17,4147904,ECLQ,2023,other,365,238,Spartak Trnava,Lech Poznan,3,1
2023-08-17,4148146,ECLQ,2023,other,1090,10854,AZ Alkmaar,FC Santa Coloma,2,0
2023-08-17,4148147,ECLQ,2023,other,669,63993,FK Partizan Belgrade,Sabah FK,7,4
2023-08-17,4148148,ECLQ,2023,other,10301,501,FC Pyunik Yerevan,Fotballklubben Bodø/Glimt,0,3
2023-08-17,4148210,ECLQ,2023,other,38204,28082,Lincoln Red Imps FC,FC Ballkani,1,3
2023-08-17,4148212,ECLQ,2023,other,920,10481,Derry City,Tobol Kostanay,6,6
2023-08-17,4148213,ECLQ,2023,other,156,2976,Levski Sofia,Hapoel Beer Sheva,2,1
2023-08-17,4148214,ECLQ,2023,other,279,17149,Ferencvárosi TC,Hamrun Spartans,2,1
2023-08-17,4148215,ECLQ,2023,other,119,2156,Maccabi Tel Aviv,AEK Larnaca,1,0
2023-08-17,4148216,ECLQ,2023,other,1091,447,Panthessalonikios Athlitikos Omilos Konstantinoupoliton,HNK Hajduk Split,3,0
2023-08-17,4148217,ECLQ,2023,other,865,829,FC Midtjylland,Omonia Nicosia,5,1
2023-08-17,4148218,ECLQ,2023,other,338,605,Dynamo Kyiv,Aris Thessalonikis,8,6
2023-08-17,4148219,ECLQ,2023,other,10157,54585,FK Aktobe,Sepsi OSK Sf. Gheorghe,0,1
2023-08-17,4148220,ECLQ,2023,other,14,255,Austria Vienna,Legia Warszawa,3,5
2023-08-17,4148222,ECLQ,2023,other,434,903,FC Luzern,Hibernian FC,2,2
2023-08-17,4148223,ECLQ,2023,other,144,10532,HNK Rijeka,B36 Tórshavn,2,0
2023-08-17,4148224,ECLQ,2023,other,2784,32017,APOEL Nicosia,FC Dila Gori,1,0
2023-08-17,4148225,ECLQ,2023,other,32768,941,Gzira United FC,FC Viktoria Plzen,0,2
2023-08-17,4148226,ECLQ,2023,other,48325,317,Riga FC,FC Twente Enschede,0,3
2023-08-17,4148227,ECLQ,2023,other,43,195,Heart of Midlothian FC,Rosenborg Ballklub,3,1
2023-08-17,4148228,ECLQ,2023,other,2778,301,FC Nordsjaelland,FCSB,2,0
2023-08-17,4148229,ECLQ,2023,other,324,157,Pogon Szczecin,KAA Gent,2,1
2023-08-17,4148230,ECLQ,2023,other,790,36,NK Maribor,Fenerbahce,0,3
2023-08-17,4148231,ECLQ,2023,other,327,3840,NK Osijek,Adana Demirspor,3,2
2023-08-17,4148232,ECLQ,2023,other,1839,2282,KA Akureyri,Club Brugge KV,1,5
2023-08-17,4148233,ECLQ,2023,other,84,170,Debreceni VSC,Rapid Vienna,0,5
2023-08-17,4148234,ECLQ,2023,other,14178,710,Neman Grodno,NK Celje,1,4
2023-08-17,4148254,ECLQ,2023,other,114,8031,Beşiktaş Jimnastik Kulübü,Neftchi Baku,2,1
2023-08-18,4087940,GB1,2023,domestic_league,703,350,Nottingham Forest,Sheffield United,2,1
2023-08-18,4089531,DK1,2023,domestic_league,1894,190,Hvidovre IF,FC Copenhagen,0,2
2023-08-18,4092086,RU1,2023,domestic_league,2698,2696,FC Rubin Kazan,PFK Krylya Sovetov Samara,2,1
2023-08-18,4094595,FR1,2023,domestic_league,347,244,FC Metz,Olympique Marseille,2,2
2023-08-18,4095967,L1,2023,domestic_league,86,27,SV Werder Bremen,Bayern Munich,0,4
2023-08-18,4097921,NL1,2023,domestic_league,1304,467,Heracles Almelo,NEC Nijmegen,2,1
2023-08-18,4098771,BE1,2023,domestic_league,2727,1096,Oud-Heverlee Leuven,Royal Antwerp FC,1,1
2023-08-18,4109293,PO1,2023,domestic_league,3268,336,Casa Pia AC,Sporting CP,1,2
2023-08-18,4113141,ES1,2023,domestic_league,237,1050,RCD Mallorca,Villarreal CF,0,1
2023-08-18,4113164,ES1,2023,domestic_league,1049,472,Valencia CF,UD Las Palmas,1,0
2023-08-18,4120592,UKR1,2023,domestic_league,63007,53646,LNZ Cherkasy,FK Polissya Zhytomyr,1,2
2023-08-18,4120596,UKR1,2023,domestic_league,10690,18303,Zorya Lugansk,FC Oleksandriya,0,0
2023-08-18,4126785,TR1,2023,domestic_league,924,3205,Istanbulspor,Kayserispor,1,1
2023-08-18,4126790,TR1,2023,domestic_league,589,2293,Antalyaspor,Konyaspor,1,1
2023-08-18,4150607,GR1,2023,domestic_league,60949,3999,Volou Neos Podosferikos Syllogos,PAS Lamia 1964,2,2
2023-08-19,4087936,GB1,2023,domestic_league,931,1148,Fulham FC,Brentford FC,0,3
2023-08-19,4087937,GB1,2023,domestic_league,31,989,Liverpool FC,AFC Bournemouth,3,1
2023-08-19,4087939,GB1,2023,domestic_league,281,762,Manchester City,Newcastle United,1,0
2023-08-19,4087941,GB1,2023,domestic_league,148,985,Tottenham Hotspur,Manchester United,2,0
2023-08-19,4087943,GB1,2023,domestic_league,543,1237,Wolverhampton Wanderers,Brighton & Hove Albion,1,4
2023-08-19,4092082,RU1,2023,domestic_league,16704,932,FK Krasnodar,"Футбольный клуб ""Локомотив"" Москва",1,1
2023-08-19,4092083,RU1,2023,domestic_league,121,2410,FK Dinamo Moskva,PFK CSKA Moskva,2,1
2023-08-19,4092085,RU1,2023,domestic_league,41231,1083,FK Sochi,FK Rostov,4,0
2023-08-19,4092087,RU1,2023,domestic_league,2741,11127,FK Baltika,Ural Yekaterinburg,0,1
2023-08-19,4094587,FR1,2023,domestic_league,415,583,FC Toulouse,Paris Saint-Germain,1,1
2023-08-19,4094591,FR1,2023,domestic_league,1041,969,Olympique Lyon,Montpellier HSC,1,4
2023-08-19,4095968,L1,2023,domestic_league,16,3,Borussia Dortmund,1.FC Köln,1,0
2023-08-19,4095970,L1,2023,domestic_league,15,23826,Bayer 04 Leverkusen,RB Leipzig,3,2
2023-08-19,4095972,L1,2023,domestic_league,82,2036,VfL Wolfsburg,1. Fußballclub Heidenheim 1846,2,0
2023-08-19,4095973,L1,2023,domestic_league,533,60,TSG 1899 Hoffenheim,SC Freiburg,1,2
2023-08-19,4095974,L1,2023,domestic_league,79,80,VfB Stuttgart,VfL Bochum,5,0
2023-08-19,4095975,L1,2023,domestic_league,167,18,FC Augsburg,Borussia Mönchengladbach,4,4
2023-08-19,4097923,NL1,2023,domestic_league,499,383,Vitesse Arnhem,PSV Eindhoven,1,3
2023-08-19,4097924,NL1,2023,domestic_league,385,723,Fortuna Sittardia Combinatie,Almere City FC,2,1
2023-08-19,4097925,NL1,2023,domestic_league,798,610,Excelsior Rotterdam,Ajax Amsterdam,2,2
2023-08-19,4097926,NL1,2023,domestic_league,1435,724,Go Ahead Eagles,FC Volendam,4,1
2023-08-19,4098772,BE1,2023,domestic_league,3057,520,Standard Liège,Cercle Brugge,0,1
2023-08-19,4098774,BE1,2023,domestic_league,354,3948,KV Mechelen,Union Saint-Gilloise,4,0
2023-08-19,4103473,IT1,2023,domestic_league,749,276,FC Empoli,Hellas Verona,0,1
2023-08-19,4103474,IT1,2023,domestic_league,8970,6195,Frosinone Calcio,SSC Napoli,1,3
2023-08-19,4103475,IT1,2023,domestic_league,252,430,Genoa CFC,ACF Fiorentina,1,4
2023-08-19,4103476,IT1,2023,domestic_league,46,2919,Inter Milan,AC Monza,2,0
2023-08-19,4109286,PO1,2023,domestic_league,7378,2503,Portimonense SC,Boavista FC,1,4
2023-08-19,4109288,PO1,2023,domestic_league,3325,1075,GD Chaves,SC Braga,2,4
2023-08-19,4109289,PO1,2023,domestic_league,2420,2424,Vitória Guimarães SC,Gil Vicente FC,2,1
2023-08-19,4109290,PO1,2023,domestic_league,294,2431,SL Benfica,CF Estrela Amadora,2,0
2023-08-19,4109291,PO1,2023,domestic_league,1465,2425,GD Estoril Praia,Rio Ave FC,2,0
2023-08-19,4113127,ES1,2023,domestic_league,3302,418,UD Almería,Real Madrid,1,3
2023-08-19,4113154,ES1,2023,domestic_league,331,621,CA Osasuna,Athletic Bilbao,0,2
2023-08-19,4113156,ES1,2023,domestic_league,681,940,Real Sociedad,Celta de Vigo,1,1
2023-08-19,4120593,UKR1,2023,domestic_league,55686,61825,TOV FK Metalist 1925 Kharkiv,FC Minaj,1,0
2023-08-19,4120594,UKR1,2023,domestic_league,26459,2740,NK Veres Rivne,Vorskla Poltava,1,2
2023-08-19,4120598,UKR1,2023,domestic_league,48726,48332,Rukh Lviv,Kolos Kovalivka,1,1
2023-08-19,4126784,TR1,2023,domestic_league,7775,10484,Hatayspor,Kasimpasa,0,0
2023-08-19,4126786,TR1,2023,domestic_league,141,449,Galatasaray,Trabzonspor,2,0
2023-08-19,4126793,TR1,2023,domestic_league,126,11282,Caykur Rizespor,Alanyaspor,0,0
2023-08-19,4146551,CLQ,2023,international_cup,2441,419,Athlitiki Enosi Konstantinoupoleos,GNK Dinamo Zagreb,2,2
2023-08-19,4150612,GR1,2023,domestic_league,2671,30120,PAS Giannina,Athlitiki Enosi Kifisias,3,0
2023-08-20,4087934,GB1,2023,domestic_league,405,29,Aston Villa,Everton FC,4,0
2023-08-20,4087942,GB1,2023,domestic_league,379,631,West Ham United,Chelsea FC,3,1
2023-08-20,4089532,DK1,2023,domestic_league,1177,2778,Silkeborg IF,FC Nordsjaelland,2,0
2023-08-20,4089533,DK1,2023,domestic_league,369,5724,Lyngby Boldklub,Randers FC,1,0
2023-08-20,4089534,DK1,2023,domestic_league,865,206,FC Midtjylland,Bröndby IF,0,1
2023-08-20,4089535,DK1,2023,domestic_league,173,678,Odense Boldklub,Aarhus GF,1,1
2023-08-20,4092081,RU1,2023,domestic_league,232,964,FK Spartak Moskva,AO FK Zenit Sankt-Peterburg,1,3
2023-08-20,4092084,RU1,2023,domestic_league,3725,14589,RFK Akhmat Grozny,FC Orenburg,4,0
2023-08-20,4092088,RU1,2023,domestic_league,1124,49702,Fakel Voronezh,FK Nizhny Novgorod,2,0
2023-08-20,4094588,FR1,2023,domestic_league,1158,417,FC Lorient,OGC Nice,1,1
2023-08-20,4094589,FR1,2023,domestic_league,162,667,AS Monaco,RC Strasbourg Alsace,3,0
2023-08-20,4094590,FR1,2023,domestic_league,1082,995,LOSC Lille,FC Nantes,2,0
2023-08-20,4094592,FR1,2023,domestic_league,1421,3524,Stade Reims,Clermont Foot 63,2,0
2023-08-20,4094593,FR1,2023,domestic_league,826,273,RC Lens,Stade Rennais FC,1,1
2023-08-20,4094594,FR1,2023,domestic_league,738,3911,Le Havre AC,Stade Brestois 29,1,2
2023-08-20,4095969,L1,2023,domestic_league,89,39,1.FC Union Berlin,1.FSV Mainz 05,4,1
2023-08-20,4095971,L1,2023,domestic_league,24,105,Eintracht Frankfurt,SV Darmstadt 98,1,0
2023-08-20,4097922,NL1,2023,domestic_league,200,306,FC Utrecht,SC Heerenveen,0,2
2023-08-20,4097927,NL1,2023,domestic_league,468,234,Sparta Rotterdam,Feyenoord Rotterdam,2,2
2023-08-20,4097928,NL1,2023,domestic_league,317,1269,FC Twente Enschede,PEC Zwolle,3,1
2023-08-20,4097929,NL1,2023,domestic_league,235,1090,RKC Waalwijk,AZ Alkmaar,1,3
2023-08-20,4098773,BE1,2023,domestic_league,1184,172,KRC Genk,Royal Charleroi Sporting Club,0,0
2023-08-20,4098775,BE1,2023,domestic_league,58,968,RSC Anderlecht,KVC Westerlo,2,1
2023-08-20,4098776,BE1,2023,domestic_league,157,475,KAA Gent,Sint-Truidense VV,2,2
2023-08-20,4098777,BE1,2023,domestic_league,2282,54189,Club Brugge KV,RWD Molenbeek,7,1
2023-08-20,4098778,BE1,2023,domestic_league,601,1245,KV Kortrijk,KAS Eupen,1,3
2023-08-20,4103477,IT1,2023,domestic_league,1005,398,US Lecce,Società Sportiva Lazio S.p.A.,2,1
2023-08-20,4103478,IT1,2023,domestic_league,12,380,Associazione Sportiva Roma,US Salernitana 1919,2,2
2023-08-20,4103479,IT1,2023,domestic_league,6574,800,US Sassuolo,Atalanta BC,0,2
2023-08-20,4103481,IT1,2023,domestic_league,410,506,Udinese Calcio,Juventus FC,0,3
2023-08-20,4109285,PO1,2023,domestic_league,6912,8024,FC Vizela,FC Arouca,2,2
2023-08-20,4109287,PO1,2023,domestic_league,720,4294,FC Porto,SC Farense,2,1
2023-08-20,4113131,ES1,2023,domestic_league,131,2687,FC Barcelona,Cádiz CF,2,0
2023-08-20,4113155,ES1,2023,domestic_league,150,13,Real Betis Balompié,Atlético de Madrid,0,0
2023-08-20,4113160,ES1,2023,domestic_league,12321,3709,Girona FC,Getafe CF,3,0
2023-08-20,4120595,UKR1,2023,domestic_league,60551,39097,SC Dnipro-1,Obolon Kyiv,1,2
2023-08-20,4120597,UKR1,2023,domestic_league,6992,338,Chornomorets Odesa,Dynamo Kyiv,3,2
2023-08-20,4120599,UKR1,2023,domestic_league,3592,660,Kryvbas Kryvyi Rig,FC Shakhtar Donetsk,3,3
2023-08-20,4126788,TR1,2023,domestic_league,2832,2381,Gaziantep FK,Sivasspor,1,3
2023-08-20,4126789,TR1,2023,domestic_league,6890,6646,Basaksehir FK,Fatih Karagümrük,0,2
2023-08-20,4126791,TR1,2023,domestic_league,114,3209,Beşiktaş Jimnastik Kulübü,Pendikspor,1,1
2023-08-20,4150608,GR1,2023,domestic_league,683,3385,Olympiakos Syndesmos Filathlon Peiraios,Panserraikos Serres,2,0
2023-08-20,4150609,GR1,2023,domestic_league,653,605,Omilos Filathlon Irakliou FC,Aris Thessalonikis,3,2
2023-08-20,4150611,GR1,2023,domestic_league,1091,6676,Panthessalonikios Athlitikos Omilos Konstantinoupoliton,A.G.S Asteras Tripolis,3,0
2023-08-21,4087935,GB1,2023,domestic_league,873,11,Crystal Palace,Arsenal FC,0,1
2023-08-21,4089536,DK1,2023,domestic_league,1063,443,Viborg FF,Vejle Boldklub,2,1
2023-08-21,4103472,IT1,2023,domestic_league,1025,5,Bologna Football Club 1909,AC Milan,0,2
2023-08-21,4103480,IT1,2023,domestic_league,416,1390,Torino FC,Cagliari Calcio,0,0
2023-08-21,4109292,PO1,2023,domestic_league,3329,979,FC Famalicão,Moreirense FC,0,0
2023-08-21,4113146,ES1,2023,domestic_league,16795,367,Granada CF,Rayo Vallecano,0,2
2023-08-21,4113150,ES1,2023,domestic_league,1108,368,Deportivo Alavés,Sevilla FC,4,3
2023-08-21,4126787,TR1,2023,domestic_league,152,36,Samsunspor,Fenerbahce,0,2
2023-08-21,4126792,TR1,2023,domestic_league,868,3840,MKE Ankaragücü,Adana Demirspor,1,1
2023-08-22,4126922,RUP,2023,domestic_cup,12432,3609,FK Astrakhan,Rotor Volgograd,0,1
2023-08-22,4126926,RUP,2023,domestic_cup,12052,99200,FC Ryazan,Kosmos Dolgoprudnyi,2,1
2023-08-22,4126927,RUP,2023,domestic_cup,99984,2737,Sakhalinets Moscow,Saturn Ramenskoe,0,2
2023-08-22,4126928,RUP,2023,domestic_cup,23110,12420,FK Chelyabinsk,Irtysh Omsk,1,0
2023-08-22,4146925,RUP,2023,domestic_cup,11125,101577,Tekstilshchik Ivanovo,Amkal Moscow,4,3
2023-08-22,4146937,RUP,2023,domestic_cup,71623,4128,Torpedo Miass,Amkar Perm,4,5
2023-08-22,4160965,CLQ,2023,international_cup,9644,190,Raków Częstochowa,FC Copenhagen,0,1
2023-08-22,4160966,CLQ,2023,international_cup,124,383,Rangers FC,PSV Eindhoven,2,2
2023-08-22,4164175,CLQ,2023,international_cup,1096,2441,Royal Antwerp FC,Athlitiki Enosi Konstantinoupoleos,1,0
2023-08-23,4126923,RUP,2023,domestic_cup,12045,8835,Dinamo Stavropol,Spartak Nalchik,5,3
2023-08-23,4126924,RUP,2023,domestic_cup,6673,36972,SKA Rostov-na-Donu,Chaika Peschanokopskoe,2,1
2023-08-23,4126925,RUP,2023,domestic_cup,3723,78749,Metallurg Lipetsk,Forte Taganrog,5,6
2023-08-23,4126929,RUP,2023,domestic_cup,55013,109516,Legion-Dinamo Makhachkala,Pobeda Khasavyurt,1,0
2023-08-23,4126930,RUP,2023,domestic_cup,6672,11122,Salyut Belgorod,Avangard Kursk,2,0
2023-08-23,4126931,RUP,2023,domestic_cup,12065,20923,Torpedo Vladimir,Khimik Dzerzhinsk,1,2
2023-08-23,4126932,RUP,2023,domestic_cup,68037,17399,Khimik-August Vurnary (-2024),Zenit Penza,5,4
2023-08-23,4137600,RUP,2023,domestic_cup,55329,91328,FC Irkutsk,Dinamo Vladivostok,2,4
2023-08-23,4146923,RUP,2023,domestic_cup,72529,58065,Peresvet Domodedovo,Veles Moscow,2,5
2023-08-23,4146924,RUP,2023,domestic_cup,54924,101576,FC Murom,2DROTS Moskau,1,3
2023-08-23,4146926,RUP,2023,domestic_cup,71624,11121,Spartak Tambov,Dinamo Bryansk,1,3
2023-08-23,4146927,RUP,2023,domestic_cup,55591,45913,Dinamo St. Petersburg,Trevis &amp; VVK St. Petersburg,6,3
2023-08-23,4146928,RUP,2023,domestic_cup,111240,12439,Universitet Uljanovsk,Volga Uljanovsk,0,6
2023-08-23,4146929,RUP,2023,domestic_cup,12043,75068,Dinamo Barnaul,Sibir Novosibirsk,3,2
2023-08-23,4146930,RUP,2023,domestic_cup,11123,33535,Mashuk-KMV Pyatigorsk,Biolog-Novokubansk Progress,0,1
2023-08-23,4146931,RUP,2023,domestic_cup,12048,65683,Druzhba Maikop,Kuban Holding Pavlovskaya,2,0
2023-08-23,4146932,RUP,2023,domestic_cup,12444,48968,Znamya Truda Orekhovo-Zuevo,Zorkiy Krasnogorsk,3,1
2023-08-23,4146933,RUP,2023,domestic_cup,75596,14590,Dinamo Vologda,Spartak Kostroma,7,6
2023-08-23,4146934,RUP,2023,domestic_cup,54797,28098,Kvant Obninsk,FK Kaluga,0,2
2023-08-23,4146935,RUP,2023,domestic_cup,39200,82718,Luki-Energia Velikie Luki,Volga Tver,3,0
2023-08-23,4146936,RUP,2023,domestic_cup,28095,11135,FK Ufa,Nosta Novotroitsk,3,1
2023-08-23,4146938,RUP,2023,domestic_cup,43502,20529,Chertanovo Moscow,Dinamo Kirov,0,1
2023-08-23,4160967,CLQ,2023,international_cup,1064,452,Maccabi Haifa,BSC Young Boys,0,0
2023-08-23,4160968,CLQ,2023,international_cup,687,141,Molde Fotballklubb,Galatasaray,2,3
2023-08-23,4160969,CLQ,2023,international_cup,1075,265,SC Braga,Panathinaikos Athlitikos Omilos,2,1
2023-08-23,4161645,UKRP,2023,domestic_cup,86787,48726,Skala 1911 Stryi,Rukh Lviv,0,2
2023-08-23,4161646,UKRP,2023,domestic_cup,53629,53646,Agrobiznes Volochysk,FK Polissya Zhytomyr,0,2
2023-08-23,4161647,UKRP,2023,domestic_cup,84122,26459,Epicentr Kamyanets-Podilskyi,NK Veres Rivne,1,3
2023-08-23,4161648,UKRP,2023,domestic_cup,101362,39097,PFC Zvyagel,Obolon Kyiv,0,1
2023-08-23,4161649,UKRP,2023,domestic_cup,65423,48332,Feniks-Mariupol,Kolos Kovalivka,7,6
2023-08-23,4161650,UKRP,2023,domestic_cup,86209,6992,Livyi Bereg Kyiv,Chornomorets Odesa,1,2
2023-08-23,4161651,UKRP,2023,domestic_cup,67939,63007,Viktoriya Mykolaivka,LNZ Cherkasy,1,0
2023-08-23,4161652,UKRP,2023,domestic_cup,29109,55686,Girnyk-Sport Gorishni Plavni,TOV FK Metalist 1925 Kharkiv,1,3
2023-08-23,4162172,ECLQ,2023,other,365,60551,Spartak Trnava,SC Dnipro-1,1,1
2023-08-23,4162619,ECLQ,2023,other,903,405,Hibernian FC,Aston Villa,0,5
2023-08-24,4154436,ELQ,2023,other,3948,2790,Union Saint-Gilloise,FC Lugano,2,0
2023-08-24,4160976,ELQ,2023,other,4772,10625,NK Olimpija Ljubljana,Qarabağ FK,0,2
2023-08-24,4162170,ELQ,2023,other,62,10690,SK Slavia Prague,Zorya Lugansk,2,0
2023-08-24,4162173,ECLQ,2023,other,338,114,Dynamo Kyiv,Beşiktaş Jimnastik Kulübü,2,3
2023-08-24,4162550,ECLQ,2023,other,170,430,Rapid Vienna,ACF Fiorentina,1,0
2023-08-24,4162615,ECLQ,2023,other,156,24,Levski Sofia,Eintracht Frankfurt,1,1
2023-08-24,4162617,ECLQ,2023,other,54585,501,Sepsi OSK Sf. Gheorghe,Fotballklubben Bodø/Glimt,2,2
2023-08-24,4162618,ECLQ,2023,other,10481,941,Tobol Kostanay,FC Viktoria Plzen,1,2
2023-08-24,4162620,ECLQ,2023,other,865,255,FC Midtjylland,Legia Warszawa,3,3
2023-08-24,4162621,ECLQ,2023,other,1082,144,LOSC Lille,HNK Rijeka,2,1
2023-08-24,4162622,ECLQ,2023,other,36,317,Fenerbahce,FC Twente Enschede,5,1
2023-08-24,4162623,ECLQ,2023,other,1090,1100,AZ Alkmaar,Sportsklubben Brann,1,1
2023-08-24,4162624,ECLQ,2023,other,2778,669,FC Nordsjaelland,FK Partizan Belgrade,5,0
2023-08-24,4162625,ECLQ,2023,other,43,1091,Heart of Midlothian FC,Panthessalonikios Athlitikos Omilos Konstantinoupoliton,1,2
2023-08-24,4162626,ECLQ,2023,other,331,2282,CA Osasuna,Club Brugge KV,1,2
2023-08-24,4162627,ECLQ,2023,other,119,710,Maccabi Tel Aviv,NK Celje,4,1
2023-08-24,4162628,ECLQ,2023,other,28082,713,FC Ballkani,BATE Borisov,4,1
2023-08-24,4162629,ECLQ,2023,other,602,279,FK Zalgiris Vilnius,Ferencvárosi TC,0,4
2023-08-24,4162630,ECLQ,2023,other,64534,3737,Struga Trim & Lum,Breidablik Kópavogur,0,1
2023-08-24,4162631,ECLQ,2023,other,29831,1008,FCV Farul Constanta,HJK Helsinki,2,1
2023-08-24,4162632,ECLQ,2023,other,22220,4040,FC Astana,FK Partizani,1,0
2023-08-24,4162633,ECLQ,2023,other,1184,3840,KRC Genk,Adana Demirspor,2,1
2023-08-24,4162653,ELQ,2023,other,683,6621,Olympiakos Syndesmos Filathlon Peiraios,FK Cukaricki,3,1
2023-08-24,4162654,ELQ,2023,other,31614,610,Ludogorets Razgrad,Ajax Amsterdam,1,4
2023-08-24,4162655,ELQ,2023,other,1109,370,BK Häcken,Aberdeen FC,2,2
2023-08-24,4162656,ELQ,2023,other,413,6808,LASK,HSK Zrinjski Mostar,2,1
2023-08-24,4162657,ELQ,2023,other,6170,2481,KÍ Klaksvík,FC Sheriff Tiraspol,1,1
2023-08-24,4162658,ELQ,2023,other,540,10586,Slovan Bratislava,Aris Limassol,2,1
2023-08-24,4164177,ELQ,2023,other,419,197,GNK Dinamo Zagreb,AC Sparta Prague,3,1
2023-08-24,4166600,ECLQ,2023,other,157,2784,KAA Gent,APOEL Nicosia,2,0
2023-08-25,4087949,GB1,2023,domestic_league,631,1031,Chelsea FC,Luton Town,3,0
2023-08-25,4089537,DK1,2023,domestic_league,5724,1063,Randers FC,Viborg FF,1,0
2023-08-25,4094603,FR1,2023,domestic_league,995,162,FC Nantes,AS Monaco,3,3
2023-08-25,4095977,L1,2023,domestic_league,23826,79,RB Leipzig,VfB Stuttgart,5,1
2023-08-25,4109320,PO1,2023,domestic_league,2431,1465,CF Estrela Amadora,GD Estoril Praia,2,1
2023-08-25,4113082,ES1,2023,domestic_league,940,418,Celta de Vigo,Real Madrid,0,1
2023-08-25,4113084,ES1,2023,domestic_league,472,681,UD Las Palmas,Real Sociedad,0,0
2023-08-25,4126820,TR1,2023,domestic_league,2293,2832,Konyaspor,Gaziantep FK,2,0
2023-08-25,4150498,GR1,2023,domestic_league,6418,2671,Panetolikos Agrinio,PAS Giannina,0,0
2023-08-25,4163132,RU1,2023,domestic_league,14589,2410,FC Orenburg,PFK CSKA Moskva,1,1
2023-08-25,4163139,RU1,2023,domestic_league,1124,16704,Fakel Voronezh,FK Krasnodar,0,0
2023-08-26,4087944,GB1,2023,domestic_league,989,148,AFC Bournemouth,Tottenham Hotspur,0,2
2023-08-26,4087945,GB1,2023,domestic_league,11,931,Arsenal FC,Fulham FC,2,2
2023-08-26,4087946,GB1,2023,domestic_league,1148,873,Brentford FC,Crystal Palace,1,1
2023-08-26,4087947,GB1,2023,domestic_league,1237,379,Brighton & Hove Albion,West Ham United,1,3
2023-08-26,4087950,GB1,2023,domestic_league,29,543,Everton FC,Wolverhampton Wanderers,0,1
2023-08-26,4087951,GB1,2023,domestic_league,985,703,Manchester United,Nottingham Forest,3,2
2023-08-26,4089538,DK1,2023,domestic_league,190,1177,FC Copenhagen,Silkeborg IF,1,3
2023-08-26,4094596,FR1,2023,domestic_league,583,826,Paris Saint-Germain,RC Lens,3,1
2023-08-26,4094599,FR1,2023,domestic_league,244,3911,Olympique Marseille,Stade Brestois 29,2,0
2023-08-26,4095978,L1,2023,domestic_league,60,86,SC Freiburg,SV Werder Bremen,1,0
2023-08-26,4095980,L1,2023,domestic_league,18,15,Borussia Mönchengladbach,Bayer 04 Leverkusen,0,3
2023-08-26,4095981,L1,2023,domestic_league,3,82,1.FC Köln,VfL Wolfsburg,1,2
2023-08-26,4095982,L1,2023,domestic_league,80,16,VfL Bochum,Borussia Dortmund,1,1
2023-08-26,4095983,L1,2023,domestic_league,2036,533,1. Fußballclub Heidenheim 1846,TSG 1899 Hoffenheim,2,3
2023-08-26,4095984,L1,2023,domestic_league,105,89,SV Darmstadt 98,1.FC Union Berlin,1,4
2023-08-26,4097975,NL1,2023,domestic_league,467,235,NEC Nijmegen,RKC Waalwijk,3,0
2023-08-26,4097977,NL1,2023,domestic_league,798,385,Excelsior Rotterdam,Fortuna Sittardia Combinatie,2,2
2023-08-26,4098789,BE1,2023,domestic_league,1245,2727,KAS Eupen,Oud-Heverlee Leuven,3,1
2023-08-26,4098790,BE1,2023,domestic_league,601,3057,KV Kortrijk,Standard Liège,1,1
2023-08-26,4098792,BE1,2023,domestic_league,968,354,KVC Westerlo,KV Mechelen,2,3
2023-08-26,4103484,IT1,2023,domestic_league,8970,800,Frosinone Calcio,Atalanta BC,2,1
2023-08-26,4103485,IT1,2023,domestic_league,276,12,Hellas Verona,Associazione Sportiva Roma,2,1
2023-08-26,4103488,IT1,2023,domestic_league,5,416,AC Milan,Torino FC,4,1
2023-08-26,4103489,IT1,2023,domestic_league,2919,749,AC Monza,FC Empoli,2,0
2023-08-26,4109313,PO1,2023,domestic_league,4294,3325,SC Farense,GD Chaves,5,0
2023-08-26,4109317,PO1,2023,domestic_league,2424,294,Gil Vicente FC,SL Benfica,2,3
2023-08-26,4109319,PO1,2023,domestic_league,8024,7378,FC Arouca,Portimonense SC,1,1
2023-08-26,4113083,ES1,2023,domestic_league,16795,237,Granada CF,RCD Mallorca,3,2
2023-08-26,4113087,ES1,2023,domestic_league,2687,3302,Cádiz CF,UD Almería,1,1
2023-08-26,4113093,ES1,2023,domestic_league,368,12321,Sevilla FC,Girona FC,1,2
2023-08-26,4120600,UKR1,2023,domestic_league,63007,55686,LNZ Cherkasy,TOV FK Metalist 1925 Kharkiv,0,1
2023-08-26,4120602,UKR1,2023,domestic_league,18303,53646,FC Oleksandriya,FK Polissya Zhytomyr,0,3
2023-08-26,4120860,SC1,2023,domestic_league,371,2578,Celtic FC,St. Johnstone FC,0,0
2023-08-26,4120862,SC1,2023,domestic_league,903,1241,Hibernian FC,Livingston FC,2,3
2023-08-26,4120863,SC1,2023,domestic_league,987,2553,Motherwell FC,Kilmarnock FC,2,1
2023-08-26,4120864,SC1,2023,domestic_league,2759,124,Ross County FC,Rangers FC,0,2
2023-08-26,4126813,TR1,2023,domestic_league,10484,3209,Kasimpasa,Pendikspor,1,1
2023-08-26,4126817,TR1,2023,domestic_league,449,126,Trabzonspor,Caykur Rizespor,2,3
2023-08-26,4126819,TR1,2023,domestic_league,2381,589,Sivasspor,Antalyaspor,1,1
2023-08-26,4150494,GR1,2023,domestic_league,2441,3385,Athlitiki Enosi Konstantinoupoleos,Panserraikos Serres,1,1
2023-08-26,4150495,GR1,2023,domestic_league,6676,653,A.G.S Asteras Tripolis,Omilos Filathlon Irakliou FC,3,0
2023-08-26,4150497,GR1,2023,domestic_league,265,60949,Panathinaikos Athlitikos Omilos,Volou Neos Podosferikos Syllogos,3,0
2023-08-26,4156985,GRP,2023,domestic_cup,101808,33450,Asteras Stavrou,PO Elassonas,5,3
2023-08-26,4156996,GRP,2023,domestic_cup,41229,4608,AO Neos Asteras Rethymnou,GAS Ialysos 1948,0,3
2023-08-26,4163133,RU1,2023,domestic_league,964,11127,AO FK Zenit Sankt-Peterburg,Ural Yekaterinburg,4,0
2023-08-26,4163134,RU1,2023,domestic_league,2698,121,FC Rubin Kazan,FK Dinamo Moskva,2,2
2023-08-26,4163135,RU1,2023,domestic_league,232,3725,FK Spartak Moskva,RFK Akhmat Grozny,0,0
2023-08-26,4163136,RU1,2023,domestic_league,49702,1083,FK Nizhny Novgorod,FK Rostov,1,0
2023-08-27,4087948,GB1,2023,domestic_league,1132,405,Burnley FC,Aston Villa,1,3
2023-08-27,4087952,GB1,2023,domestic_league,762,31,Newcastle United,Liverpool FC,1,2
2023-08-27,4087953,GB1,2023,domestic_league,350,281,Sheffield United,Manchester City,1,2
2023-08-27,4089539,DK1,2023,domestic_league,678,369,Aarhus GF,Lyngby Boldklub,1,0
2023-08-27,4089540,DK1,2023,domestic_league,1894,173,Hvidovre IF,Odense Boldklub,1,5
2023-08-27,4089541,DK1,2023,domestic_league,2778,865,FC Nordsjaelland,FC Midtjylland,3,0
2023-08-27,4094597,FR1,2023,domestic_league,667,415,RC Strasbourg Alsace,FC Toulouse,2,0
2023-08-27,4094598,FR1,2023,domestic_league,273,738,Stade Rennais FC,Le Havre AC,2,2
2023-08-27,4094600,FR1,2023,domestic_league,1158,1082,FC Lorient,LOSC Lille,4,1
2023-08-27,4094601,FR1,2023,domestic_league,417,1041,OGC Nice,Olympique Lyon,0,0
2023-08-27,4094602,FR1,2023,domestic_league,3524,347,Clermont Foot 63,FC Metz,0,1
2023-08-27,4094604,FR1,2023,domestic_league,969,1421,Montpellier HSC,Stade Reims,1,3
2023-08-27,4095976,L1,2023,domestic_league,27,167,Bayern Munich,FC Augsburg,3,1
2023-08-27,4095979,L1,2023,domestic_league,39,24,1.FSV Mainz 05,Eintracht Frankfurt,1,1
2023-08-27,4097978,NL1,2023,domestic_league,1269,200,PEC Zwolle,FC Utrecht,1,0
2023-08-27,4097979,NL1,2023,domestic_league,234,723,Feyenoord Rotterdam,Almere City FC,6,1
2023-08-27,4097980,NL1,2023,domestic_league,306,468,SC Heerenveen,Sparta Rotterdam,1,3
2023-08-27,4098788,BE1,2023,domestic_league,475,520,Sint-Truidense VV,Cercle Brugge,0,2
2023-08-27,4098793,BE1,2023,domestic_league,58,172,RSC Anderlecht,Royal Charleroi Sporting Club,2,1
2023-08-27,4103483,IT1,2023,domestic_league,430,1005,ACF Fiorentina,US Lecce,2,2
2023-08-27,4103486,IT1,2023,domestic_league,506,1025,Juventus FC,Bologna Football Club 1909,1,1
2023-08-27,4103487,IT1,2023,domestic_league,398,252,Società Sportiva Lazio S.p.A.,Genoa CFC,0,1
2023-08-27,4103490,IT1,2023,domestic_league,6195,6574,SSC Napoli,US Sassuolo,2,0
2023-08-27,4109315,PO1,2023,domestic_league,336,3329,Sporting CP,FC Famalicão,1,0
2023-08-27,4109316,PO1,2023,domestic_league,2420,6912,Vitória Guimarães SC,FC Vizela,2,0
2023-08-27,4109318,PO1,2023,domestic_league,2503,3268,Boavista FC,Casa Pia AC,1,1
2023-08-27,4113080,ES1,2023,domestic_league,621,150,Athletic Bilbao,Real Betis Balompié,4,2
2023-08-27,4113091,ES1,2023,domestic_league,1050,131,Villarreal CF,FC Barcelona,3,4
2023-08-27,4113095,ES1,2023,domestic_league,1049,331,Valencia CF,CA Osasuna,1,2
2023-08-27,4120603,UKR1,2023,domestic_league,2740,6992,Vorskla Poltava,Chornomorets Odesa,2,1
2023-08-27,4120604,UKR1,2023,domestic_league,61825,10690,FC Minaj,Zorya Lugansk,1,1
2023-08-27,4120607,UKR1,2023,domestic_league,48332,660,Kolos Kovalivka,FC Shakhtar Donetsk,0,2
2023-08-27,4120861,SC1,2023,domestic_league,511,43,Dundee FC,Heart of Midlothian FC,1,0
2023-08-27,4120865,SC1,2023,domestic_league,465,370,St. Mirren FC,Aberdeen FC,2,2
2023-08-27,4126811,TR1,2023,domestic_league,3205,152,Kayserispor,Samsunspor,2,1
2023-08-27,4126814,TR1,2023,domestic_league,11282,7775,Alanyaspor,Hatayspor,0,0
2023-08-27,4126816,TR1,2023,domestic_league,6646,868,Fatih Karagümrük,MKE Ankaragücü,1,1
2023-08-27,4150499,GR1,2023,domestic_league,1091,30120,Panthessalonikios Athlitikos Omilos Konstantinoupoliton,Athlitiki Enosi Kifisias,2,1
2023-08-27,4150500,GR1,2023,domestic_league,3999,605,PAS Lamia 1964,Aris Thessalonikis,1,0
2023-08-27,4150546,GR1,2023,domestic_league,683,3060,Olympiakos Syndesmos Filathlon Peiraios,APS Atromitos Athinon,4,0
2023-08-27,4156979,GRP,2023,domestic_cup,7185,71734,Panthrakikos Komotini,Megas Alexandros Agias Marinas,5,0
2023-08-27,4156980,GRP,2023,domestic_cup,48521,37125,AO Vistonidas,Apollon Paralimniou,3,4
2023-08-27,4156981,GRP,2023,domestic_cup,101813,60184,PAOK Kristonis,Vyron Kavalas,5,6
2023-08-27,4156982,GRP,2023,domestic_cup,46173,100805,Doxa Volaka,AO Chaniotis,0,2
2023-08-27,4156983,GRP,2023,domestic_cup,59157,1876,Thyella Katsikas,Pierikos Katerini,0,1
2023-08-27,4156984,GRP,2023,domestic_cup,54375,5540,Asteras Petriti,AS Kastoria 1980,2,0
2023-08-27,4156986,GRP,2023,domestic_cup,59102,4616,Ermis Amynteou,Anagennisi Artas,0,5
2023-08-27,4156988,GRP,2023,domestic_cup,9415,74551,APS Zakynthos,Apollon Efpaliou,3,0
2023-08-27,4156989,GRP,2023,domestic_cup,84090,35473,Panagriniakos,Pamisos Messinis,1,2
2023-08-27,4156990,GRP,2023,domestic_cup,65123,109967,Pangytheatikos,AE Dimitsanas,1,0
2023-08-27,4156991,GRP,2023,domestic_cup,35273,58739,PAO Vardas,APS Patrai,3,1
2023-08-27,4156992,GRP,2023,domestic_cup,63702,109968,AO Ypatou,AO Dilinaton,6,0
2023-08-27,4156993,GRP,2023,domestic_cup,105584,101401,Granitis Agias Marinas,Asteras Kesarianis,1,4
2023-08-27,4156995,GRP,2023,domestic_cup,3985,109973,AO Acharnaikos,,7,0
2023-08-27,4163137,RU1,2023,domestic_league,2696,2741,PFK Krylya Sovetov Samara,FK Baltika,2,1
2023-08-27,4163138,RU1,2023,domestic_league,41231,932,FK Sochi,"Футбольный клуб ""Локомотив"" Москва",0,1
2023-08-28,4089542,DK1,2023,domestic_league,443,206,Vejle Boldklub,Bröndby IF,0,1
2023-08-28,4103482,IT1,2023,domestic_league,1390,46,Cagliari Calcio,Inter Milan,0,2
2023-08-28,4103491,IT1,2023,domestic_league,380,410,US Salernitana 1919,Udinese Calcio,1,1
2023-08-28,4109314,PO1,2023,domestic_league,2425,720,Rio Ave FC,FC Porto,1,2
2023-08-28,4113090,ES1,2023,domestic_league,367,13,Rayo Vallecano,Atlético de Madrid,0,7
2023-08-28,4113099,ES1,2023,domestic_league,3709,1108,Getafe CF,Deportivo Alavés,1,0
2023-08-28,4120601,UKR1,2023,domestic_league,39097,3592,Obolon Kyiv,Kryvbas Kryvyi Rig,0,0
2023-08-28,4156997,GRP,2023,domestic_cup,84091,71798,AE Mykonou,Aetos Loutron,3,0
2023-08-29,4126949,RUP,2023,domestic_cup,1124,14589,Fakel Voronezh,FC Orenburg,0,1
2023-08-29,4126951,RUP,2023,domestic_cup,2698,11127,FC Rubin Kazan,Ural Yekaterinburg,2,1
2023-08-29,4126955,RUP,2023,domestic_cup,49702,16704,FK Nizhny Novgorod,FK Krasnodar,0,1
2023-08-29,4126956,RUP,2023,domestic_cup,232,121,FK Spartak Moskva,FK Dinamo Moskva,4,1
2023-08-29,4160971,CLQ,2023,international_cup,452,1064,BSC Young Boys,Maccabi Haifa,3,0
2023-08-29,4160972,CLQ,2023,international_cup,141,687,Galatasaray,Molde Fotballklubb,2,1
2023-08-29,4160973,CLQ,2023,international_cup,265,1075,Panathinaikos Athlitikos Omilos,SC Braga,0,1
2023-08-29,4164098,CGB,2022,,355,641,Bolton Wanderers,Middlesbrough FC,1,3
2023-08-29,4164099,CGB,2022,,1211,1042,Port Vale FC,Crewe Alexandra,2,0
2023-08-29,4164100,CGB,2022,,1035,3820,Sheffield Wednesday,Mansfield Town,5,6
2023-08-29,4164101,CGB,2022,,512,1194,Stoke City,Rotherham United,6,1
2023-08-29,4164102,CGB,2022,,1074,1003,Tranmere Rovers,Leicester City,0,2
2023-08-29,4164103,CGB,2022,,543,1181,Wolverhampton Wanderers,Blackpool FC,5,0
2023-08-29,4164104,CGB,2022,,1112,1027,Wrexham AFC,Bradford City,4,5
2023-08-29,4164105,CGB,2022,,34888,399,Salford City,Leeds United,10,9
2023-08-29,4164106,CGB,2022,,337,603,Birmingham City,Cardiff City,1,3
2023-08-29,4164107,CGB,2022,,698,1123,Bristol City,Norwich City,0,1
2023-08-29,4164108,CGB,2022,,6699,3684,Exeter City,Stevenage FC,6,4
2023-08-29,4164109,CGB,2022,,931,148,Fulham FC,Tottenham Hotspur,6,4
2023-08-29,4164110,CGB,2022,,1031,2814,Luton Town,Gillingham FC,3,2
2023-08-29,4164111,CGB,2022,,3716,1148,Newport County,Brentford FC,1,4
2023-08-29,4164112,CGB,2022,,2262,873,Plymouth Argyle,Crystal Palace,2,4
2023-08-29,4164113,CGB,2022,,1020,1072,Portsmouth FC,Peterborough United,5,6
2023-08-29,4164114,CGB,2022,,2288,989,Swansea City,AFC Bournemouth,2,3
2023-08-29,4164115,CGB,2022,,2805,3052,Wycombe Wanderers,Sutton United,0,1
2023-08-29,4164116,CGB,2022,,1032,677,Reading FC,Ipswich Town,3,5
2023-08-30,4126950,RUP,2023,domestic_cup,41231,2410,FK Sochi,PFK CSKA Moskva,4,5
2023-08-30,4126952,RUP,2023,domestic_cup,1083,932,FK Rostov,"Футбольный клуб ""Локомотив"" Москва",2,1
2023-08-30,4126953,RUP,2023,domestic_cup,3725,2696,RFK Akhmat Grozny,PFK Krylya Sovetov Samara,3,1
2023-08-30,4126954,RUP,2023,domestic_cup,2741,964,FK Baltika,AO FK Zenit Sankt-Peterburg,1,0
2023-08-30,4156978,GRP,2023,domestic_cup,76545,51148,Alexandroupolis FC,Keravnos Angelochoriou,1,0
2023-08-30,4156987,GRP,2023,domestic_cup,51142,50728,Thiseas Agrias,PO Fikis,1,0
2023-08-30,4156994,GRP,2023,domestic_cup,2670,20058,Ethnikos Piraeus,PAO Krousona,5,0
2023-08-30,4160974,CLQ,2023,international_cup,190,9644,FC Copenhagen,Raków Częstochowa,1,1
2023-08-30,4160975,CLQ,2023,international_cup,383,124,PSV Eindhoven,Rangers FC,5,1
2023-08-30,4164117,CGB,2022,,12020,164,Harrogate Town,Blackburn Rovers,0,8
2023-08-30,4164118,CGB,2022,,703,1132,Nottingham Forest,Burnley FC,0,1
2023-08-30,4164119,CGB,2022,,350,1198,Sheffield United,Lincoln City,2,3
2023-08-30,4164120,CGB,2022,,2454,29,Doncaster Rovers,Everton FC,1,2
2023-08-30,4164121,CGB,2022,,631,3884,Chelsea FC,AFC Wimbledon,2,1
2023-08-30,4164176,CLQ,2023,international_cup,2441,1096,Athlitiki Enosi Konstantinoupoleos,Royal Antwerp FC,1,2
2023-08-31,4154437,ELQ,2023,other,2790,3948,FC Lugano,Union Saint-Gilloise,0,1
2023-08-31,4160977,ELQ,2023,other,10586,540,Aris Limassol,Slovan Bratislava,6,2
2023-08-31,4162171,ELQ,2023,other,10690,62,Zorya Lugansk,SK Slavia Prague,2,1
2023-08-31,4162174,ECLQ,2023,other,114,338,Beşiktaş Jimnastik Kulübü,Dynamo Kyiv,1,0
2023-08-31,4162175,ECLQ,2023,other,60551,365,SC Dnipro-1,Spartak Trnava,1,2
2023-08-31,4162551,ECLQ,2023,other,430,170,ACF Fiorentina,Rapid Vienna,2,0
2023-08-31,4162634,ECLQ,2023,other,713,28082,BATE Borisov,FC Ballkani,1,0
2023-08-31,4162635,ECLQ,2023,other,279,602,Ferencvárosi TC,FK Zalgiris Vilnius,3,0
2023-08-31,4162636,ECLQ,2023,other,3737,64534,Breidablik Kópavogur,Struga Trim & Lum,1,0
2023-08-31,4162637,ECLQ,2023,other,1008,29831,HJK Helsinki,FCV Farul Constanta,2,0
2023-08-31,4162638,ECLQ,2023,other,4040,22220,FK Partizani,FC Astana,1,1
2023-08-31,4162639,ECLQ,2023,other,24,156,Eintracht Frankfurt,Levski Sofia,2,0
2023-08-31,4162640,ECLQ,2023,other,2784,157,APOEL Nicosia,KAA Gent,1,2
2023-08-31,4162641,ECLQ,2023,other,501,54585,Fotballklubben Bodø/Glimt,Sepsi OSK Sf. Gheorghe,3,2
2023-08-31,4162642,ECLQ,2023,other,941,10481,FC Viktoria Plzen,Tobol Kostanay,3,0
2023-08-31,4162643,ECLQ,2023,other,405,903,Aston Villa,Hibernian FC,3,0
2023-08-31,4162644,ECLQ,2023,other,255,865,Legia Warszawa,FC Midtjylland,7,6
2023-08-31,4162645,ECLQ,2023,other,144,1082,HNK Rijeka,LOSC Lille,1,1
2023-08-31,4162646,ECLQ,2023,other,3840,1184,Adana Demirspor,KRC Genk,4,5
2023-08-31,4162647,ECLQ,2023,other,317,36,FC Twente Enschede,Fenerbahce,0,1
2023-08-31,4162648,ECLQ,2023,other,1100,1090,Sportsklubben Brann,AZ Alkmaar,8,9
2023-08-31,4162649,ECLQ,2023,other,1091,43,Panthessalonikios Athlitikos Omilos Konstantinoupoliton,Heart of Midlothian FC,4,0
2023-08-31,4162650,ECLQ,2023,other,669,2778,FK Partizan Belgrade,FC Nordsjaelland,0,1
2023-08-31,4162651,ECLQ,2023,other,2282,331,Club Brugge KV,CA Osasuna,2,2
2023-08-31,4162652,ECLQ,2023,other,710,119,NK Celje,Maccabi Tel Aviv,1,1
2023-08-31,4162659,ELQ,2023,other,6621,683,FK Cukaricki,Olympiakos Syndesmos Filathlon Peiraios,0,3
2023-08-31,4162660,ELQ,2023,other,610,31614,Ajax Amsterdam,Ludogorets Razgrad,0,1
2023-08-31,4162661,ELQ,2023,other,370,1109,Aberdeen FC,BK Häcken,1,3
2023-08-31,4162662,ELQ,2023,other,6808,413,HSK Zrinjski Mostar,LASK,1,1
2023-08-31,4162663,ELQ,2023,other,2481,6170,FC Sheriff Tiraspol,KÍ Klaksvík,2,1
2023-08-31,4162664,ELQ,2023,other,10625,4772,Qarabağ FK,NK Olimpija Ljubljana,1,1
2023-08-31,4164178,ELQ,2023,other,197,419,AC Sparta Prague,GNK Dinamo Zagreb,4,1
2023-09-01,4087961,GB1,2023,domestic_league,1031,379,Luton Town,West Ham United,1,2
2023-09-01,4089543,DK1,2023,domestic_league,173,443,Odense Boldklub,Vejle Boldklub,1,2
2023-09-01,4094610,FR1,2023,domestic_league,995,244,FC Nantes,Olympique Marseille,1,1
2023-09-01,4095985,L1,2023,domestic_league,16,2036,Borussia Dortmund,1. Fußballclub Heidenheim 1846,2,2
2023-09-01,4097993,NL1,2023,domestic_league,468,467,Sparta Rotterdam,NEC Nijmegen,1,1
2023-09-01,4098779,BE1,2023,domestic_league,2727,601,Oud-Heverlee Leuven,KV Kortrijk,3,0
2023-09-01,4103498,IT1,2023,domestic_league,12,5,Associazione Sportiva Roma,AC Milan,1,2
2023-09-01,4103499,IT1,2023,domestic_league,6574,276,US Sassuolo,Hellas Verona,3,1
2023-09-01,4113045,ES1,2023,domestic_league,3302,940,UD Almería,Celta de Vigo,2,3
2023-09-01,4113048,ES1,2023,domestic_league,2687,1050,Cádiz CF,Villarreal CF,3,1
2023-09-01,4120609,UKR1,2023,domestic_league,26459,6992,NK Veres Rivne,Chornomorets Odesa,3,1
2023-09-01,4126823,TR1,2023,domestic_league,10484,449,Kasimpasa,Trabzonspor,1,5
2023-09-01,4126830,TR1,2023,domestic_league,126,6646,Caykur Rizespor,Fatih Karagümrük,1,0
2023-09-01,4150482,GR1,2023,domestic_league,30120,3060,Athlitiki Enosi Kifisias,APS Atromitos Athinon,2,1
2023-09-02,4087955,GB1,2023,domestic_league,1148,989,Brentford FC,AFC Bournemouth,2,2
2023-09-02,4087956,GB1,2023,domestic_league,1237,762,Brighton & Hove Albion,Newcastle United,3,1
2023-09-02,4087957,GB1,2023,domestic_league,1132,148,Burnley FC,Tottenham Hotspur,2,5
2023-09-02,4087958,GB1,2023,domestic_league,631,703,Chelsea FC,Nottingham Forest,0,1
2023-09-02,4087962,GB1,2023,domestic_league,281,931,Manchester City,Fulham FC,5,1
2023-09-02,4087963,GB1,2023,domestic_league,350,29,Sheffield United,Everton FC,2,2
2023-09-02,4094606,FR1,2023,domestic_league,162,826,AS Monaco,RC Lens,3,0
2023-09-02,4094613,FR1,2023,domestic_league,3911,273,Stade Brestois 29,Stade Rennais FC,0,0
2023-09-02,4095987,L1,2023,domestic_league,15,105,Bayer 04 Leverkusen,SV Darmstadt 98,5,1
2023-09-02,4095989,L1,2023,domestic_league,18,27,Borussia Mönchengladbach,Bayern Munich,1,2
2023-09-02,4095990,L1,2023,domestic_league,533,82,TSG 1899 Hoffenheim,VfL Wolfsburg,3,1
2023-09-02,4095991,L1,2023,domestic_league,86,39,SV Werder Bremen,1.FSV Mainz 05,4,0
2023-09-02,4095992,L1,2023,domestic_league,167,80,FC Augsburg,VfL Bochum,2,2
2023-09-02,4095993,L1,2023,domestic_league,79,60,VfB Stuttgart,SC Freiburg,5,0
2023-09-02,4097994,NL1,2023,domestic_league,723,1269,Almere City FC,PEC Zwolle,1,2
2023-09-02,4097995,NL1,2023,domestic_league,1435,306,Go Ahead Eagles,SC Heerenveen,3,2
2023-09-02,4097996,NL1,2023,domestic_league,235,383,RKC Waalwijk,PSV Eindhoven,0,4
2023-09-02,4097997,NL1,2023,domestic_league,1304,798,Heracles Almelo,Excelsior Rotterdam,3,1
2023-09-02,4098780,BE1,2023,domestic_league,520,968,Cercle Brugge,KVC Westerlo,2,1
2023-09-02,4098781,BE1,2023,domestic_league,354,1245,KV Mechelen,KAS Eupen,1,0
2023-09-02,4098782,BE1,2023,domestic_league,3057,54189,Standard Liège,RWD Molenbeek,1,1
2023-09-02,4103492,IT1,2023,domestic_league,800,2919,Atalanta BC,AC Monza,3,0
2023-09-02,4103493,IT1,2023,domestic_league,1025,1390,Bologna Football Club 1909,Cagliari Calcio,2,1
2023-09-02,4103497,IT1,2023,domestic_league,6195,398,SSC Napoli,Società Sportiva Lazio S.p.A.,1,2
2023-09-02,4103501,IT1,2023,domestic_league,410,8970,Udinese Calcio,Frosinone Calcio,0,0
2023-09-02,4109305,PO1,2023,domestic_league,6912,2424,FC Vizela,Gil Vicente FC,1,0
2023-09-02,4109306,PO1,2023,domestic_league,7378,2431,Portimonense SC,CF Estrela Amadora,1,1
2023-09-02,4109307,PO1,2023,domestic_league,3268,2425,Casa Pia AC,Rio Ave FC,1,1
2023-09-02,4109308,PO1,2023,domestic_league,3329,4294,FC Famalicão,SC Farense,1,0
2023-09-02,4109310,PO1,2023,domestic_league,294,2420,SL Benfica,Vitória Guimarães SC,4,0
2023-09-02,4113047,ES1,2023,domestic_league,150,367,Real Betis Balompié,Rayo Vallecano,1,0
2023-09-02,4113050,ES1,2023,domestic_league,1108,1049,Deportivo Alavés,Valencia CF,1,0
2023-09-02,4113053,ES1,2023,domestic_league,418,3709,Real Madrid,Getafe CF,2,1
2023-09-02,4113054,ES1,2023,domestic_league,681,16795,Real Sociedad,Granada CF,5,3
2023-09-02,4120608,UKR1,2023,domestic_league,53646,39097,FK Polissya Zhytomyr,Obolon Kyiv,2,0
2023-09-02,4120611,UKR1,2023,domestic_league,2740,18303,Vorskla Poltava,FC Oleksandriya,1,0
2023-09-02,4120615,UKR1,2023,domestic_league,61825,660,FC Minaj,FC Shakhtar Donetsk,1,4
2023-09-02,4120868,SC1,2023,domestic_league,2553,2759,Kilmarnock FC,Ross County FC,0,1
2023-09-02,4120869,SC1,2023,domestic_league,1241,465,Livingston FC,St. Mirren FC,1,1
2023-09-02,4120870,SC1,2023,domestic_league,2578,511,St. Johnstone FC,Dundee FC,2,2
2023-09-02,4126822,TR1,2023,domestic_league,3209,11282,Pendikspor,Alanyaspor,1,1
2023-09-02,4126825,TR1,2023,domestic_league,2832,141,Gaziantep FK,Galatasaray,0,3
2023-09-02,4126826,TR1,2023,domestic_league,6890,2293,Basaksehir FK,Konyaspor,0,1
2023-09-02,4126827,TR1,2023,domestic_league,589,3205,Antalyaspor,Kayserispor,1,1
2023-09-02,4150485,GR1,2023,domestic_league,3385,6418,Panserraikos Serres,Panetolikos Agrinio,1,1
2023-09-02,4160544,SFA,2023,domestic_cup,8942,44946,Beith Juniors FC,,5,1
2023-09-02,4160546,SFA,2023,domestic_cup,20746,14524,Preston Athletic FC,Dundonald Bluebell JFC,4,5
2023-09-02,4160548,SFA,2023,domestic_cup,26144,23336,Dunbar United FC,Vale of Leithen FC,4,2
2023-09-02,4160549,SFA,2023,domestic_cup,20826,10597,Tynecastle FC,Lothian Thistle Hutchison Vale FC,0,1
2023-09-02,4160550,SFA,2023,domestic_cup,26147,29657,Jeanfield Swifts FC,Cupar Hearts AFC,3,0
2023-09-02,4160551,SFA,2023,domestic_cup,26141,26145,St. Andrews United FC,Haddington Athletic FC,1,0
2023-09-02,4160552,SFA,2023,domestic_cup,22428,6567,Wigtown & Bladnoch FC,Auchinleck Talbot FC,0,12
2023-09-02,4160562,SFA,2023,domestic_cup,9027,25418,Kilwinning Rangers FC,Glasgow University FC,4,0
2023-09-02,4160564,SFA,2023,domestic_cup,6324,26046,Penicuik Athletic FC,Rutherglen Glencairn FC,4,2
2023-09-02,4160565,SFA,2023,domestic_cup,8928,6547,Glenafton Athletic FC,Darvel FC,0,3
2023-09-02,4160567,SFA,2023,domestic_cup,8920,23685,Musselburgh Athletic FC,Coldstream FC,6,0
2023-09-02,4167376,RU1,2023,domestic_league,11127,3725,Ural Yekaterinburg,RFK Akhmat Grozny,0,1
2023-09-02,4167377,RU1,2023,domestic_league,49702,2698,FK Nizhny Novgorod,FC Rubin Kazan,2,1
2023-09-02,4167378,RU1,2023,domestic_league,2696,1124,PFK Krylya Sovetov Samara,Fakel Voronezh,3,0
2023-09-02,4167379,RU1,2023,domestic_league,16704,232,FK Krasnodar,FK Spartak Moskva,2,0
2023-09-03,4087954,GB1,2023,domestic_league,11,985,Arsenal FC,Manchester United,3,1
2023-09-03,4087959,GB1,2023,domestic_league,873,543,Crystal Palace,Wolverhampton Wanderers,3,2
2023-09-03,4087960,GB1,2023,domestic_league,31,405,Liverpool FC,Aston Villa,3,0
2023-09-03,4089544,DK1,2023,domestic_league,369,2778,Lyngby Boldklub,FC Nordsjaelland,1,1
2023-09-03,4089545,DK1,2023,domestic_league,1177,1894,Silkeborg IF,Hvidovre IF,1,0
2023-09-03,4089546,DK1,2023,domestic_league,206,5724,Bröndby IF,Randers FC,3,1
2023-09-03,4089547,DK1,2023,domestic_league,190,1063,FC Copenhagen,Viborg FF,2,0
2023-09-03,4089548,DK1,2023,domestic_league,865,678,FC Midtjylland,Aarhus GF,1,1
2023-09-03,4094605,FR1,2023,domestic_league,415,3524,FC Toulouse,Clermont Foot 63,2,2
2023-09-03,4094607,FR1,2023,domestic_league,1082,969,LOSC Lille,Montpellier HSC,1,0
2023-09-03,4094608,FR1,2023,domestic_league,1041,583,Olympique Lyon,Paris Saint-Germain,1,4
2023-09-03,4094609,FR1,2023,domestic_league,417,667,OGC Nice,RC Strasbourg Alsace,2,0
2023-09-03,4094611,FR1,2023,domestic_league,738,1158,Le Havre AC,FC Lorient,3,0
2023-09-03,4094612,FR1,2023,domestic_league,347,1421,FC Metz,Stade Reims,2,2
2023-09-03,4095986,L1,2023,domestic_league,89,23826,1.FC Union Berlin,RB Leipzig,0,3
2023-09-03,4095988,L1,2023,domestic_league,24,3,Eintracht Frankfurt,1.FC Köln,1,1
2023-09-03,4097998,NL1,2023,domestic_league,200,234,FC Utrecht,Feyenoord Rotterdam,1,5
2023-09-03,4097999,NL1,2023,domestic_league,385,610,Fortuna Sittardia Combinatie,Ajax Amsterdam,0,0
2023-09-03,4098000,NL1,2023,domestic_league,724,317,FC Volendam,FC Twente Enschede,0,2
2023-09-03,4098001,NL1,2023,domestic_league,499,1090,Vitesse Arnhem,AZ Alkmaar,0,2
2023-09-03,4098783,BE1,2023,domestic_league,157,2282,KAA Gent,Club Brugge KV,2,1
2023-09-03,4098784,BE1,2023,domestic_league,3948,1096,Union Saint-Gilloise,Royal Antwerp FC,2,2
2023-09-03,4098785,BE1,2023,domestic_league,1184,58,KRC Genk,RSC Anderlecht,1,1
2023-09-03,4098786,BE1,2023,domestic_league,172,475,Royal Charleroi Sporting Club,Sint-Truidense VV,1,1
2023-09-03,4103494,IT1,2023,domestic_league,749,506,FC Empoli,Juventus FC,0,2
2023-09-03,4103495,IT1,2023,domestic_league,46,430,Inter Milan,ACF Fiorentina,4,0
2023-09-03,4103496,IT1,2023,domestic_league,1005,380,US Lecce,US Salernitana 1919,2,0
2023-09-03,4103500,IT1,2023,domestic_league,416,252,Torino FC,Genoa CFC,1,0
2023-09-03,4109303,PO1,2023,domestic_league,720,8024,FC Porto,FC Arouca,1,1
2023-09-03,4109304,PO1,2023,domestic_league,1465,2503,GD Estoril Praia,Boavista FC,1,2
2023-09-03,4109309,PO1,2023,domestic_league,1075,336,SC Braga,Sporting CP,1,1
2023-09-03,4109311,PO1,2023,domestic_league,3325,979,GD Chaves,Moreirense FC,1,2
2023-09-03,4113049,ES1,2023,domestic_league,12321,472,Girona FC,UD Las Palmas,1,0
2023-09-03,4113051,ES1,2023,domestic_league,237,621,RCD Mallorca,Athletic Bilbao,0,0
2023-09-03,4113052,ES1,2023,domestic_league,331,131,CA Osasuna,FC Barcelona,1,2
2023-09-03,4120610,UKR1,2023,domestic_league,48332,3592,Kolos Kovalivka,Kryvbas Kryvyi Rig,0,3
2023-09-03,4120612,UKR1,2023,domestic_league,60551,63007,SC Dnipro-1,LNZ Cherkasy,0,0
2023-09-03,4120614,UKR1,2023,domestic_league,48726,55686,Rukh Lviv,TOV FK Metalist 1925 Kharkiv,1,1
2023-09-03,4120866,SC1,2023,domestic_league,370,903,Aberdeen FC,Hibernian FC,0,2
2023-09-03,4120867,SC1,2023,domestic_league,43,987,Heart of Midlothian FC,Motherwell FC,0,1
2023-09-03,4120871,SC1,2023,domestic_league,124,371,Rangers FC,Celtic FC,0,1
2023-09-03,4126821,TR1,2023,domestic_league,7775,3840,Hatayspor,Adana Demirspor,3,3
2023-09-03,4126828,TR1,2023,domestic_league,114,2381,Beşiktaş Jimnastik Kulübü,Sivasspor,2,0
2023-09-03,4126829,TR1,2023,domestic_league,868,36,MKE Ankaragücü,Fenerbahce,0,1
2023-09-03,4150480,GR1,2023,domestic_league,605,6676,Aris Thessalonikis,A.G.S Asteras Tripolis,3,2
2023-09-03,4150481,GR1,2023,domestic_league,60949,2441,Volou Neos Podosferikos Syllogos,Athlitiki Enosi Konstantinoupoleos,2,3
2023-09-03,4150483,GR1,2023,domestic_league,683,3999,Olympiakos Syndesmos Filathlon Peiraios,PAS Lamia 1964,4,0
2023-09-03,4150484,GR1,2023,domestic_league,653,1091,Omilos Filathlon Irakliou FC,Panthessalonikios Athlitikos Omilos Konstantinoupoliton,1,0
2023-09-03,4150486,GR1,2023,domestic_league,2671,265,PAS Giannina,Panathinaikos Athlitikos Omilos,0,1
2023-09-03,4167380,RU1,2023,domestic_league,14589,41231,FC Orenburg,FK Sochi,3,0
2023-09-03,4167381,RU1,2023,domestic_league,932,2741,"Футбольный клуб ""Локомотив"" Москва",FK Baltika,3,2
2023-09-03,4167382,RU1,2023,domestic_league,2410,964,PFK CSKA Moskva,AO FK Zenit Sankt-Peterburg,1,1
2023-09-03,4167383,RU1,2023,domestic_league,1083,121,FK Rostov,FK Dinamo Moskva,1,2
2023-09-03,4167971,GRP,2023,domestic_cup,101808,50716,Asteras Stavrou,Atromitos Palama,2,1
2023-09-03,4168262,GRP,2023,domestic_cup,54375,100805,Asteras Petriti,AO Chaniotis,2,3
2023-09-03,4168263,GRP,2023,domestic_cup,4616,37125,Anagennisi Artas,Apollon Paralimniou,9,10
2023-09-03,4168264,GRP,2023,domestic_cup,56922,3985,AO Neas Artakis,AO Acharnaikos,4,5
2023-09-03,4168265,GRP,2023,domestic_cup,63702,4007,AO Ypatou,Panargiakos,4,5
2023-09-03,4168266,GRP,2023,domestic_cup,101401,84091,Asteras Kesarianis,AE Mykonou,2,1
2023-09-03,4168267,GRP,2023,domestic_cup,35473,9415,Pamisos Messinis,APS Zakynthos,0,1
2023-09-03,4168268,GRP,2023,domestic_cup,35273,65123,PAO Vardas,Pangytheatikos,3,0
2023-09-03,4168333,GRP,2023,domestic_cup,60184,1876,Vyron Kavalas,Pierikos Katerini,0,2
2023-09-03,4170421,GRP,2023,domestic_cup,7185,51142,Panthrakikos Komotini,Thiseas Agrias,6,0
2023-09-03,4170422,GRP,2023,domestic_cup,4608,2670,GAS Ialysos 1948,Ethnikos Piraeus,0,2
2023-09-04,4166270,RUP,2023,domestic_cup,101576,20529,2DROTS Moskau,Dinamo Kirov,2,0
2023-09-05,4157242,DKP,2023,domestic_cup,20417,16173,IF Skjold Birkeröd,Vanlöse IF,0,2
2023-09-05,4157245,DKP,2023,domestic_cup,45048,21035,Taastrup FC,FA 2000,0,5
2023-09-05,4157247,DKP,2023,domestic_cup,89408,75807,Görslev IF,Ishöj IF,1,2
2023-09-05,4157248,DKP,2023,domestic_cup,5866,947,Brönshöj Boldklub,Boldklubben af 1893,0,5
2023-09-05,4157250,DKP,2023,domestic_cup,12622,3732,B1908 Amager,Hellerup IK,1,2
2023-09-05,4157251,DKP,2023,domestic_cup,75635,362,Svendborg fB - Oure FA,Akademisk Boldklub,3,4
2023-09-05,4157258,DKP,2023,domestic_cup,20988,3426,Nibe Boldklub,Esbjerg fB,1,2
2023-09-05,4157259,DKP,2023,domestic_cup,5781,9023,Skive IK,Thisted FC,1,3
2023-09-06,4157239,DKP,2023,domestic_cup,5765,1894,Fjordager IF,Hvidovre IF,0,8
2023-09-06,4157241,DKP,2023,domestic_cup,49675,369,Hilleröd Fodbold,Lyngby Boldklub,0,2
2023-09-06,4157244,DKP,2023,domestic_cup,24181,5733,AB Taarnby,Nyköbing FC,0,2
2023-09-06,4157246,DKP,2023,domestic_cup,5792,22110,Boldklubben Skjold,FC Helsingör,2,5
2023-09-06,4157252,DKP,2023,domestic_cup,5929,865,Aabenraa BK,FC Midtjylland,0,13
2023-09-06,4157253,DKP,2023,domestic_cup,5817,443,Sönderjyske Fodbold,Vejle Boldklub,0,1
2023-09-06,4157255,DKP,2023,domestic_cup,25495,5818,Kolding Boldklub,Hobro IK,0,2
2023-09-06,4157256,DKP,2023,domestic_cup,20979,5842,Viby IF,VSK Aarhus,2,0
2023-09-06,4157257,DKP,2023,domestic_cup,5838,12275,Ringköbing IF,Kolding IF,0,4
2023-09-06,4157260,DKP,2023,domestic_cup,29391,5767,IF Lyseng,Middelfart Boldklub,3,1
2023-09-06,4160981,DKP,2023,domestic_cup,33872,1053,Vejlby-Risskov Idraetsklub,Aalborg BK,0,6
2023-09-06,4160982,DKP,2023,domestic_cup,5714,5776,Dalum IF,FC Fredericia,1,8
2023-09-07,4157240,DKP,2023,domestic_cup,100585,173,Tune IF,Odense Boldklub,0,5
2023-09-07,4157243,DKP,2023,domestic_cup,77305,5091,Bagsvaerd BK,Naestved Boldklub,0,7
2023-09-07,4157249,DKP,2023,domestic_cup,24192,23297,Ringsted IF,HB Köge,1,3
2023-09-07,4160980,DKP,2023,domestic_cup,91758,5784,Söften GF,Aarhus Fremad,1,8
2023-09-09,4109312,PO1,2023,domestic_league,979,1075,Moreirense FC,SC Braga,2,3
2023-09-09,4192928,POCP,2023,,2420,7179,Vitória Guimarães SC,CD Tondela,0,1
2023-09-12,4157254,DKP,2023,domestic_cup,5734,1177,Young Boys FD,Silkeborg IF,0,1
2023-09-12,4173643,DKP,2023,domestic_cup,112611,5889,TST Fodbold,Naesby Boldklub,3,2
2023-09-13,4166261,RUP,2023,domestic_cup,3609,55013,Rotor Volgograd,Legion-Dinamo Makhachkala,3,0
2023-09-13,4166262,RUP,2023,domestic_cup,12048,6673,Druzhba Maikop,SKA Rostov-na-Donu,4,5
2023-09-13,4166263,RUP,2023,domestic_cup,58065,12444,Veles Moscow,Znamya Truda Orekhovo-Zuevo,2,5
2023-09-13,4166264,RUP,2023,domestic_cup,75596,11125,Dinamo Vologda,Tekstilshchik Ivanovo,1,2
2023-09-13,4166265,RUP,2023,domestic_cup,39200,55591,Luki-Energia Velikie Luki,Dinamo St. Petersburg,5,4
2023-09-13,4166266,RUP,2023,domestic_cup,2737,68037,Saturn Ramenskoe,Khimik-August Vurnary (-2024),3,1
2023-09-13,4166268,RUP,2023,domestic_cup,33535,12045,Biolog-Novokubansk Progress,Dinamo Stavropol,5,3
2023-09-13,4166269,RUP,2023,domestic_cup,78749,6672,Forte Taganrog,Salyut Belgorod,5,4
2023-09-13,4166271,RUP,2023,domestic_cup,11121,28098,Dinamo Bryansk,FK Kaluga,5,4
2023-09-13,4166272,RUP,2023,domestic_cup,20923,12052,Khimik Dzerzhinsk,FC Ryazan,6,7
2023-09-13,4166273,RUP,2023,domestic_cup,12439,28095,Volga Uljanovsk,FK Ufa,0,2
2023-09-13,4166274,RUP,2023,domestic_cup,91328,12043,Dinamo Vladivostok,Dinamo Barnaul,4,2
2023-09-13,4175301,GRP,2023,domestic_cup,3985,1837,AO Acharnaikos,Panachaiki GE,3,2
2023-09-13,4175302,GRP,2023,domestic_cup,7185,2670,Panthrakikos Komotini,Ethnikos Piraeus,0,3
2023-09-13,4175306,GRP,2023,domestic_cup,100805,29808,AO Chaniotis,Tilykratis Lefkadas,0,1
2023-09-13,4175307,GRP,2023,domestic_cup,4007,35273,Panargiakos,PAO Vardas,4,5
2023-09-13,4175308,GRP,2023,domestic_cup,553,3062,Ionikos Nikeas,Athens Kallithea,0,3
2023-09-13,4175309,GRP,2023,domestic_cup,37339,35433,OF Ierapetras,Kampaniakos,0,3
2023-09-13,4175310,GRP,2023,domestic_cup,37125,76545,Apollon Paralimniou,Alexandroupolis FC,3,0
2023-09-13,4175311,GRP,2023,domestic_cup,21600,2984,Makedonikos,Egaleo FC,0,4
2023-09-13,4175313,GRP,2023,domestic_cup,3984,2672,GS Ilioupolis,APO Levadiakos Football Club,1,2
2023-09-13,4175314,GRP,2023,domestic_cup,101808,29397,Asteras Stavrou,AO Giouchtas,1,3
2023-09-14,4166267,RUP,2023,domestic_cup,4128,23110,Amkar Perm,FK Chelyabinsk,1,0
2023-09-15,4089553,DK1,2023,domestic_league,1063,865,Viborg FF,FC Midtjylland,2,2
2023-09-15,4094614,FR1,2023,domestic_league,583,417,Paris Saint-Germain,OGC Nice,2,3
2023-09-15,4095994,L1,2023,domestic_league,27,15,Bayern Munich,Bayer 04 Leverkusen,2,2
2023-09-15,4098955,BE1,2023,domestic_league,968,1096,KVC Westerlo,Royal Antwerp FC,0,3
2023-09-15,4109356,PO1,2023,domestic_league,2431,720,CF Estrela Amadora,FC Porto,0,1
2023-09-15,4113174,ES1,2023,domestic_league,367,1108,Rayo Vallecano,Deportivo Alavés,2,0
2023-09-15,4120620,UKR1,2023,domestic_league,55686,10690,TOV FK Metalist 1925 Kharkiv,Zorya Lugansk,2,1
2023-09-15,4174423,RU1,2023,domestic_league,121,49702,FK Dinamo Moskva,FK Nizhny Novgorod,1,1
2023-09-16,4087965,GB1,2023,domestic_league,405,873,Aston Villa,Crystal Palace,3,1
2023-09-16,4087967,GB1,2023,domestic_league,985,1237,Manchester United,Brighton & Hove Albion,1,3
2023-09-16,4087968,GB1,2023,domestic_league,762,1148,Newcastle United,Brentford FC,1,0
2023-09-16,4087970,GB1,2023,domestic_league,148,350,Tottenham Hotspur,Sheffield United,2,1
2023-09-16,4087971,GB1,2023,domestic_league,379,281,West Ham United,Manchester City,1,3
2023-09-16,4087972,GB1,2023,domestic_league,543,31,Wolverhampton Wanderers,Liverpool FC,1,3
2023-09-16,4087973,GB1,2023,domestic_league,931,1031,Fulham FC,Luton Town,1,0
2023-09-16,4089552,DK1,2023,domestic_league,2778,190,FC Nordsjaelland,FC Copenhagen,2,2
2023-09-16,4094616,FR1,2023,domestic_league,273,1082,Stade Rennais FC,LOSC Lille,2,2
2023-09-16,4094622,FR1,2023,domestic_league,826,347,RC Lens,FC Metz,0,1
2023-09-16,4095995,L1,2023,domestic_league,23826,167,RB Leipzig,FC Augsburg,3,0
2023-09-16,4095996,L1,2023,domestic_league,60,16,SC Freiburg,Borussia Dortmund,2,4
2023-09-16,4095997,L1,2023,domestic_league,82,89,VfL Wolfsburg,1.FC Union Berlin,2,1
2023-09-16,4095998,L1,2023,domestic_league,39,79,1.FSV Mainz 05,VfB Stuttgart,1,3
2023-09-16,4095999,L1,2023,domestic_league,3,533,1.FC Köln,TSG 1899 Hoffenheim,1,3
2023-09-16,4096000,L1,2023,domestic_league,80,24,VfL Bochum,Eintracht Frankfurt,1,1
2023-09-16,4097957,NL1,2023,domestic_league,234,306,Feyenoord Rotterdam,SC Heerenveen,6,1
2023-09-16,4097958,NL1,2023,domestic_league,499,235,Vitesse Arnhem,RKC Waalwijk,0,2
2023-09-16,4097959,NL1,2023,domestic_league,383,467,PSV Eindhoven,NEC Nijmegen,4,0
2023-09-16,4097960,NL1,2023,domestic_league,385,724,Fortuna Sittardia Combinatie,FC Volendam,3,1
2023-09-16,4097961,NL1,2023,domestic_league,1304,200,Heracles Almelo,FC Utrecht,1,3
2023-09-16,4098956,BE1,2023,domestic_league,54189,520,RWD Molenbeek,Cercle Brugge,2,1
2023-09-16,4098957,BE1,2023,domestic_league,3948,1184,Union Saint-Gilloise,KRC Genk,0,2
2023-09-16,4098958,BE1,2023,domestic_league,2282,172,Club Brugge KV,Royal Charleroi Sporting Club,4,2
2023-09-16,4103505,IT1,2023,domestic_league,252,6195,Genoa CFC,SSC Napoli,2,2
2023-09-16,4103507,IT1,2023,domestic_league,46,5,Inter Milan,AC Milan,5,1
2023-09-16,4103508,IT1,2023,domestic_league,506,398,Juventus FC,Società Sportiva Lazio S.p.A.,3,1
2023-09-16,4109348,PO1,2023,domestic_league,2425,3329,Rio Ave FC,FC Famalicão,1,1
2023-09-16,4109351,PO1,2023,domestic_league,4294,1075,SC Farense,SC Braga,3,1
2023-09-16,4109353,PO1,2023,domestic_league,6912,294,FC Vizela,SL Benfica,1,2
2023-09-16,4113103,ES1,2023,domestic_league,621,2687,Athletic Bilbao,Cádiz CF,3,0
2023-09-16,4113106,ES1,2023,domestic_league,131,150,FC Barcelona,Real Betis Balompié,5,0
2023-09-16,4113108,ES1,2023,domestic_league,940,237,Celta de Vigo,RCD Mallorca,0,1
2023-09-16,4113170,ES1,2023,domestic_league,1049,13,Valencia CF,Atlético de Madrid,3,0
2023-09-16,4120616,UKR1,2023,domestic_league,6992,53646,Chornomorets Odesa,FK Polissya Zhytomyr,1,0
2023-09-16,4120618,UKR1,2023,domestic_league,18303,61825,FC Oleksandriya,FC Minaj,1,1
2023-09-16,4120623,UKR1,2023,domestic_league,660,39097,FC Shakhtar Donetsk,Obolon Kyiv,1,0
2023-09-16,4120872,SC1,2023,domestic_league,371,511,Celtic FC,Dundee FC,3,0
2023-09-16,4120873,SC1,2023,domestic_league,43,370,Heart of Midlothian FC,Aberdeen FC,2,0
2023-09-16,4120874,SC1,2023,domestic_league,2553,903,Kilmarnock FC,Hibernian FC,2,2
2023-09-16,4120875,SC1,2023,domestic_league,987,465,Motherwell FC,St. Mirren FC,0,1
2023-09-16,4120876,SC1,2023,domestic_league,2759,1241,Ross County FC,Livingston FC,1,1
2023-09-16,4120877,SC1,2023,domestic_league,2578,124,St. Johnstone FC,Rangers FC,0,2
2023-09-16,4129453,TR1,2023,domestic_league,3205,2832,Kayserispor,Gaziantep FK,2,0
2023-09-16,4129455,TR1,2023,domestic_league,141,152,Galatasaray,Samsunspor,4,2
2023-09-16,4129457,TR1,2023,domestic_league,3840,3209,Adana Demirspor,Pendikspor,3,0
2023-09-16,4129462,TR1,2023,domestic_league,2293,126,Konyaspor,Caykur Rizespor,1,2
2023-09-16,4150491,GR1,2023,domestic_league,6418,265,Panetolikos Agrinio,Panathinaikos Athlitikos Omilos,0,5
2023-09-16,4150493,GR1,2023,domestic_league,3999,653,PAS Lamia 1964,Omilos Filathlon Irakliou FC,2,2
2023-09-16,4174424,RU1,2023,domestic_league,2410,2696,PFK CSKA Moskva,PFK Krylya Sovetov Samara,2,2
2023-09-16,4174425,RU1,2023,domestic_league,3725,16704,RFK Akhmat Grozny,FK Krasnodar,1,1
2023-09-16,4174427,RU1,2023,domestic_league,2741,1083,FK Baltika,FK Rostov,2,2
2023-09-16,4182474,RU1,2023,domestic_league,232,41231,FK Spartak Moskva,FK Sochi,1,0
2023-09-17,4087964,GB1,2023,domestic_league,989,631,AFC Bournemouth,Chelsea FC,0,0
2023-09-17,4087966,GB1,2023,domestic_league,29,11,Everton FC,Arsenal FC,0,1
2023-09-17,4089549,DK1,2023,domestic_league,678,206,Aarhus GF,Bröndby IF,0,3
2023-09-17,4089550,DK1,2023,domestic_league,1894,369,Hvidovre IF,Lyngby Boldklub,0,1
2023-09-17,4089554,DK1,2023,domestic_league,443,5724,Vejle Boldklub,Randers FC,1,2
2023-09-17,4094615,FR1,2023,domestic_league,667,969,RC Strasbourg Alsace,Montpellier HSC,2,2
2023-09-17,4094617,FR1,2023,domestic_league,244,415,Olympique Marseille,FC Toulouse,0,0
2023-09-17,4094618,FR1,2023,domestic_league,1158,162,FC Lorient,AS Monaco,2,2
2023-09-17,4094619,FR1,2023,domestic_league,1041,738,Olympique Lyon,Le Havre AC,0,0
2023-09-17,4094620,FR1,2023,domestic_league,3524,995,Clermont Foot 63,FC Nantes,0,1
2023-09-17,4094621,FR1,2023,domestic_league,1421,3911,Stade Reims,Stade Brestois 29,1,2
2023-09-17,4096001,L1,2023,domestic_league,2036,86,1. Fußballclub Heidenheim 1846,SV Werder Bremen,4,2
2023-09-17,4096002,L1,2023,domestic_league,105,18,SV Darmstadt 98,Borussia Mönchengladbach,3,3
2023-09-17,4097962,NL1,2023,domestic_league,1269,1435,PEC Zwolle,Go Ahead Eagles,1,1
2023-09-17,4097963,NL1,2023,domestic_league,317,610,FC Twente Enschede,Ajax Amsterdam,3,1
2023-09-17,4097964,NL1,2023,domestic_league,798,723,Excelsior Rotterdam,Almere City FC,0,0
2023-09-17,4097965,NL1,2023,domestic_league,1090,468,AZ Alkmaar,Sparta Rotterdam,2,0
2023-09-17,4098959,BE1,2023,domestic_league,1245,3057,KAS Eupen,Standard Liège,1,3
2023-09-17,4098960,BE1,2023,domestic_league,601,58,KV Kortrijk,RSC Anderlecht,2,2
2023-09-17,4098961,BE1,2023,domestic_league,2727,157,Oud-Heverlee Leuven,KAA Gent,1,1
2023-09-17,4098962,BE1,2023,domestic_league,475,354,Sint-Truidense VV,KV Mechelen,2,0
2023-09-17,4103502,IT1,2023,domestic_league,1390,410,Cagliari Calcio,Udinese Calcio,0,0
2023-09-17,4103503,IT1,2023,domestic_league,430,800,ACF Fiorentina,Atalanta BC,3,2
2023-09-17,4103504,IT1,2023,domestic_league,8970,6574,Frosinone Calcio,US Sassuolo,4,2
2023-09-17,4103509,IT1,2023,domestic_league,2919,1005,AC Monza,US Lecce,1,1
2023-09-17,4103510,IT1,2023,domestic_league,12,749,Associazione Sportiva Roma,FC Empoli,7,0
2023-09-17,4109349,PO1,2023,domestic_league,2424,1465,Gil Vicente FC,GD Estoril Praia,5,3
2023-09-17,4109350,PO1,2023,domestic_league,336,979,Sporting CP,Moreirense FC,3,0
2023-09-17,4109352,PO1,2023,domestic_league,2420,7378,Vitória Guimarães SC,Portimonense SC,1,2
2023-09-17,4109355,PO1,2023,domestic_league,8024,3268,FC Arouca,Casa Pia AC,0,1
2023-09-17,4113158,ES1,2023,domestic_league,3709,331,Getafe CF,CA Osasuna,3,2
2023-09-17,4113161,ES1,2023,domestic_league,418,681,Real Madrid,Real Sociedad,2,1
2023-09-17,4113165,ES1,2023,domestic_league,1050,3302,Villarreal CF,UD Almería,2,1
2023-09-17,4113173,ES1,2023,domestic_league,368,472,Sevilla FC,UD Las Palmas,1,0
2023-09-17,4120617,UKR1,2023,domestic_league,3592,26459,Kryvbas Kryvyi Rig,NK Veres Rivne,2,1
2023-09-17,4120619,UKR1,2023,domestic_league,60551,48332,SC Dnipro-1,Kolos Kovalivka,1,1
2023-09-17,4120622,UKR1,2023,domestic_league,63007,48726,LNZ Cherkasy,Rukh Lviv,2,1
2023-09-17,4129454,TR1,2023,domestic_league,924,6890,Istanbulspor,Basaksehir FK,0,2
2023-09-17,4129456,TR1,2023,domestic_league,11282,10484,Alanyaspor,Kasimpasa,3,3
2023-09-17,4129459,TR1,2023,domestic_league,449,114,Trabzonspor,Beşiktaş Jimnastik Kulübü,3,0
2023-09-17,4129460,TR1,2023,domestic_league,36,589,Fenerbahce,Antalyaspor,3,2
2023-09-17,4150487,GR1,2023,domestic_league,2441,683,Athlitiki Enosi Konstantinoupoleos,Olympiakos Syndesmos Filathlon Peiraios,1,1
2023-09-17,4150488,GR1,2023,domestic_league,6676,2671,A.G.S Asteras Tripolis,PAS Giannina,2,2
2023-09-17,4150490,GR1,2023,domestic_league,30120,3385,Athlitiki Enosi Kifisias,Panserraikos Serres,4,4
2023-09-17,4150492,GR1,2023,domestic_league,1091,605,Panthessalonikios Athlitikos Omilos Konstantinoupoliton,Aris Thessalonikis,0,0
2023-09-17,4174428,RU1,2023,domestic_league,11127,1124,Ural Yekaterinburg,Fakel Voronezh,0,0
2023-09-17,4174429,RU1,2023,domestic_league,2698,964,FC Rubin Kazan,AO FK Zenit Sankt-Peterburg,0,3
2023-09-17,4174430,RU1,2023,domestic_league,932,14589,"Футбольный клуб ""Локомотив"" Москва",FC Orenburg,0,2
2023-09-17,4175304,GRP,2023,domestic_cup,37276,3392,PAE Chania,Apollon Pontou,2,1
2023-09-17,4175312,GRP,2023,domestic_cup,2669,47,FS Kozani,Iraklis Thessaloniki,2,1
2023-09-18,4087969,GB1,2023,domestic_league,703,1132,Nottingham Forest,Burnley FC,1,1
2023-09-18,4089551,DK1,2023,domestic_league,173,1177,Odense Boldklub,Silkeborg IF,0,3
2023-09-18,4103506,IT1,2023,domestic_league,276,1025,Hellas Verona,Bologna Football Club 1909,0,0
2023-09-18,4103511,IT1,2023,domestic_league,380,416,US Salernitana 1919,Torino FC,0,3
2023-09-18,4109354,PO1,2023,domestic_league,2503,3325,Boavista FC,GD Chaves,4,1
2023-09-18,4113172,ES1,2023,domestic_league,16795,12321,Granada CF,Girona FC,2,4
2023-09-18,4120621,UKR1,2023,domestic_league,338,2740,Dynamo Kyiv,Vorskla Poltava,2,0
2023-09-18,4129458,TR1,2023,domestic_league,6646,7775,Fatih Karagümrük,Hatayspor,0,0
2023-09-18,4129461,TR1,2023,domestic_league,2381,868,Sivasspor,MKE Ankaragücü,1,3
2023-09-18,4150489,GR1,2023,domestic_league,3060,60949,APS Atromitos Athinon,Volou Neos Podosferikos Syllogos,1,1
2023-09-19,4126962,RUP,2023,domestic_cup,2741,2696,FK Baltika,PFK Krylya Sovetov Samara,1,2
2023-09-19,4126963,RUP,2023,domestic_cup,49702,232,FK Nizhny Novgorod,FK Spartak Moskva,0,3
2023-09-19,4126964,RUP,2023,domestic_cup,16704,121,FK Krasnodar,FK Dinamo Moskva,5,3
2023-09-19,4160175,NLP,2023,domestic_cup,44455,7408,VV Eemdijk,Harkemase Boys,3,2
2023-09-19,4160178,NLP,2023,domestic_cup,4026,2945,CSV Apeldoorn,OJC Rosmalen,1,3
2023-09-19,4160181,NLP,2023,domestic_cup,19964,13642,GVVV Veenendaal,BVV Barendrecht,5,2
2023-09-19,4160183,NLP,2023,domestic_cup,3569,7116,DVS '33 Ermelo,VV IJsselmeervogels,0,2
2023-09-19,4160185,NLP,2023,domestic_cup,44682,7474,Olde Veste '54,VV Noordwijk,0,2
2023-09-19,4160187,NLP,2023,domestic_cup,10803,53327,SV Spakenburg,VV Scherpenzeel,1,0
2023-09-19,4160188,NLP,2023,domestic_cup,10804,7450,Sparta Nijkerk,GVV Unitas,4,2
2023-09-19,4160189,NLP,2023,domestic_cup,44594,26016,RKVV DEM,Sportlust '46 Woerden,3,1
2023-09-19,4160190,NLP,2023,domestic_cup,17605,11075,RKAV Volendam,RKVV Westlandia,3,0
2023-09-19,4160195,NLP,2023,domestic_cup,6614,3943,SVV Scheveningen,HSV Hoek,2,1
2023-09-19,4171274,CL,2023,international_cup,234,371,Feyenoord Rotterdam,Celtic FC,2,0
2023-09-19,4171279,CL,2023,international_cup,398,13,Società Sportiva Lazio S.p.A.,Atlético de Madrid,1,1
2023-09-19,4171284,CL,2023,international_cup,583,16,Paris Saint-Germain,Borussia Dortmund,2,0
2023-09-19,4171292,CL,2023,international_cup,5,762,AC Milan,Newcastle United,0,0
2023-09-19,4171305,CL,2023,international_cup,281,159,Manchester City,Red Star Belgrade,3,1
2023-09-19,4171325,CL,2023,international_cup,452,23826,BSC Young Boys,RB Leipzig,1,3
2023-09-19,4174054,CL,2023,international_cup,131,1096,FC Barcelona,Royal Antwerp FC,5,0
2023-09-19,4174095,CL,2023,international_cup,660,720,FC Shakhtar Donetsk,FC Porto,1,3
2023-09-20,4126957,RUP,2023,domestic_cup,2410,41231,PFK CSKA Moskva,FK Sochi,5,3
2023-09-20,4126959,RUP,2023,domestic_cup,11127,932,Ural Yekaterinburg,"Футбольный клуб ""Локомотив"" Москва",4,2
2023-09-20,4126960,RUP,2023,domestic_cup,2698,1083,FC Rubin Kazan,FK Rostov,3,5
2023-09-20,4126961,RUP,2023,domestic_cup,3725,964,RFK Akhmat Grozny,AO FK Zenit Sankt-Peterburg,5,7
2023-09-20,4160176,NLP,2023,domestic_cup,21966,3410,RKSV Nuenen,Excelsior Maassluis,2,3
2023-09-20,4160177,NLP,2023,domestic_cup,12451,12285,RKSV Groene Ster,Kozakken Boys,1,0
2023-09-20,4160179,NLP,2023,domestic_cup,12652,1097,SV TEC Tiel,SV Meerssen,2,0
2023-09-20,4160182,NLP,2023,domestic_cup,12732,8449,VVSB Noordwijkerhout,VV UNA Veldhoven,1,2
2023-09-20,4160184,NLP,2023,domestic_cup,34396,33432,VV Hoogeveen,VV Staphorst,3,0
2023-09-20,4160192,NLP,2023,domestic_cup,29359,6160,RKSV HVCH,De Treffers,1,3
2023-09-20,4160193,NLP,2023,domestic_cup,2958,34156,ACV Assen,USV Hercules,1,5
2023-09-20,4160194,NLP,2023,domestic_cup,9547,7110,ADO '20 Heemskerk,Quick Boys,0,1
2023-09-20,4171216,CL,2023,international_cup,27,985,Bayern Munich,Manchester United,4,3
2023-09-20,4171227,CL,2023,international_cup,141,190,Galatasaray,FC Copenhagen,2,2
2023-09-20,4171230,CL,2023,international_cup,368,826,Sevilla FC,RC Lens,1,1
2023-09-20,4171232,CL,2023,international_cup,11,383,Arsenal FC,PSV Eindhoven,4,0
2023-09-20,4171253,CL,2023,international_cup,418,89,Real Madrid,1.FC Union Berlin,1,0
2023-09-20,4171254,CL,2023,international_cup,1075,6195,SC Braga,SSC Napoli,1,2
2023-09-20,4171261,CL,2023,international_cup,294,409,SL Benfica,Fußballclub Red Bull Salzburg,0,2
2023-09-20,4171270,CL,2023,international_cup,681,46,Real Sociedad,Inter Milan,1,1
2023-09-20,4172230,UCOL,2023,other,1082,4772,LOSC Lille,NK Olimpija Ljubljana,2,0
2023-09-20,4175303,GRP,2023,domestic_cup,9415,5572,APS Zakynthos,Niki Volou,0,1
2023-09-21,4126958,RUP,2023,domestic_cup,14589,1124,FC Orenburg,Fakel Voronezh,4,2
2023-09-21,4172063,EL,2023,other,379,3137,West Ham United,FK TSC Backa Topola,3,1
2023-09-21,4172065,EL,2023,other,683,60,Olympiakos Syndesmos Filathlon Peiraios,SC Freiburg,2,3
2023-09-21,4172073,EL,2023,other,610,244,Ajax Amsterdam,Olympique Marseille,3,3
2023-09-21,4172081,EL,2023,other,1237,2441,Brighton & Hove Albion,Athlitiki Enosi Konstantinoupoleos,2,3
2023-09-21,4172085,EL,2023,other,124,150,Rangers FC,Real Betis Balompié,1,0
2023-09-21,4172093,EL,2023,other,197,10586,AC Sparta Prague,Aris Limassol,3,2
2023-09-21,4172099,EL,2023,other,800,9644,Atalanta BC,Raków Częstochowa,2,0
2023-09-21,4172104,EL,2023,other,122,336,Sportklub Puntigamer Sturm Graz,Sporting CP,1,2
2023-09-21,4172113,EL,2023,other,413,31,LASK,Liverpool FC,1,3
2023-09-21,4172118,EL,2023,other,3948,415,Union Saint-Gilloise,FC Toulouse,1,1
2023-09-21,4172125,EL,2023,other,273,1064,Stade Rennais FC,Maccabi Haifa,3,0
2023-09-21,4172130,EL,2023,other,265,1050,Panathinaikos Athlitikos Omilos,Villarreal CF,2,0
2023-09-21,4172139,EL,2023,other,2481,12,FC Sheriff Tiraspol,Associazione Sportiva Roma,1,2
2023-09-21,4172143,EL,2023,other,61,62,Servette FC,SK Slavia Prague,0,2
2023-09-21,4172147,EL,2023,other,15,1109,Bayer 04 Leverkusen,BK Häcken,4,0
2023-09-21,4172149,EL,2023,other,10625,687,Qarabağ FK,Molde Fotballklubb,1,0
2023-09-21,4172234,UCOL,2023,other,540,6170,Slovan Bratislava,KÍ Klaksvík,2,1
2023-09-21,4172246,UCOL,2023,other,119,3737,Maccabi Tel Aviv,Breidablik Kópavogur,3,2
2023-09-21,4172247,UCOL,2023,other,10690,157,Zorya Lugansk,KAA Gent,1,1
2023-09-21,4172253,UCOL,2023,other,419,22220,GNK Dinamo Zagreb,FC Astana,5,1
2023-09-21,4172257,UCOL,2023,other,941,28082,FC Viktoria Plzen,FC Ballkani,1,0
2023-09-21,4172266,UCOL,2023,other,2282,114,Club Brugge KV,Beşiktaş Jimnastik Kulübü,1,1
2023-09-21,4172275,UCOL,2023,other,2790,501,FC Lugano,Fotballklubben Bodø/Glimt,0,0
2023-09-21,4172285,UCOL,2023,other,255,405,Legia Warszawa,Aston Villa,3,2
2023-09-21,4172287,UCOL,2023,other,6808,1090,HSK Zrinjski Mostar,AZ Alkmaar,4,3
2023-09-21,4172292,UCOL,2023,other,279,6621,Ferencvárosi TC,FK Cukaricki,3,1
2023-09-21,4172297,UCOL,2023,other,1184,430,KRC Genk,ACF Fiorentina,2,2
2023-09-21,4172304,UCOL,2023,other,24,370,Eintracht Frankfurt,Aberdeen FC,2,1
2023-09-21,4172309,UCOL,2023,other,1008,1091,HJK Helsinki,Panthessalonikios Athlitikos Omilos Konstantinoupoliton,2,3
2023-09-21,4172316,UCOL,2023,other,36,2778,Fenerbahce,FC Nordsjaelland,3,1
2023-09-21,4172318,UCOL,2023,other,31614,365,Ludogorets Razgrad,Spartak Trnava,4,0
2023-09-22,4089557,DK1,2023,domestic_league,369,443,Lyngby Boldklub,Vejle Boldklub,1,1
2023-09-22,4094624,FR1,2023,domestic_league,162,417,AS Monaco,OGC Nice,0,1
2023-09-22,4096011,L1,2023,domestic_league,79,105,VfB Stuttgart,SV Darmstadt 98,3,1
2023-09-22,4097939,NL1,2023,domestic_league,1435,385,Go Ahead Eagles,Fortuna Sittardia Combinatie,3,0
2023-09-22,4098972,BE1,2023,domestic_league,3057,968,Standard Liège,KVC Westerlo,0,0
2023-09-22,4103516,IT1,2023,domestic_league,1005,252,US Lecce,Genoa CFC,1,0
2023-09-22,4103518,IT1,2023,domestic_league,380,8970,US Salernitana 1919,Frosinone Calcio,1,1
2023-09-22,4109325,PO1,2023,domestic_league,3329,8024,FC Famalicão,FC Arouca,1,0
2023-09-22,4113159,ES1,2023,domestic_league,1108,621,Deportivo Alavés,Athletic Bilbao,0,2
2023-09-22,4120624,UKR1,2023,domestic_league,39097,26459,Obolon Kyiv,NK Veres Rivne,0,0
2023-09-22,4120627,UKR1,2023,domestic_league,18303,6992,FC Oleksandriya,Chornomorets Odesa,1,5
2023-09-22,4129467,TR1,2023,domestic_league,2832,924,Gaziantep FK,Istanbulspor,2,0
2023-09-23,4094627,FR1,2023,domestic_league,995,1158,FC Nantes,FC Lorient,5,3
2023-09-23,4094631,FR1,2023,domestic_league,3911,1041,Stade Brestois 29,Olympique Lyon,1,0
2023-09-23,4095063,GB1,2023,domestic_league,1148,29,Brentford FC,Everton FC,1,3
2023-09-23,4095065,GB1,2023,domestic_league,1132,985,Burnley FC,Manchester United,0,1
2023-09-23,4095067,GB1,2023,domestic_league,873,931,Crystal Palace,Fulham FC,0,0
2023-09-23,4095069,GB1,2023,domestic_league,1031,543,Luton Town,Wolverhampton Wanderers,1,1
2023-09-23,4095070,GB1,2023,domestic_league,281,703,Manchester City,Nottingham Forest,2,0
2023-09-23,4096003,L1,2023,domestic_league,27,80,Bayern Munich,VfL Bochum,7,0
2023-09-23,4096004,L1,2023,domestic_league,16,82,Borussia Dortmund,VfL Wolfsburg,1,0
2023-09-23,4096005,L1,2023,domestic_league,89,533,1.FC Union Berlin,TSG 1899 Hoffenheim,0,2
2023-09-23,4096008,L1,2023,domestic_league,18,23826,Borussia Mönchengladbach,RB Leipzig,0,1
2023-09-23,4096009,L1,2023,domestic_league,86,3,SV Werder Bremen,1.FC Köln,2,1
2023-09-23,4096010,L1,2023,domestic_league,167,39,FC Augsburg,1.FSV Mainz 05,2,1
2023-09-23,4097940,NL1,2023,domestic_league,724,1304,FC Volendam,Heracles Almelo,2,2
2023-09-23,4097941,NL1,2023,domestic_league,467,200,NEC Nijmegen,FC Utrecht,3,0
2023-09-23,4097942,NL1,2023,domestic_league,723,383,Almere City FC,PSV Eindhoven,0,4
2023-09-23,4097943,NL1,2023,domestic_league,306,798,SC Heerenveen,Excelsior Rotterdam,0,3
2023-09-23,4098975,BE1,2023,domestic_league,1096,54189,Royal Antwerp FC,RWD Molenbeek,0,0
2023-09-23,4098977,BE1,2023,domestic_league,354,2727,KV Mechelen,Oud-Heverlee Leuven,1,2
2023-09-23,4098978,BE1,2023,domestic_league,172,601,Royal Charleroi Sporting Club,KV Kortrijk,1,0
2023-09-23,4103515,IT1,2023,domestic_league,398,2919,Società Sportiva Lazio S.p.A.,AC Monza,1,1
2023-09-23,4103517,IT1,2023,domestic_league,5,276,AC Milan,Hellas Verona,1,0
2023-09-23,4103519,IT1,2023,domestic_league,6574,506,US Sassuolo,Juventus FC,4,2
2023-09-23,4109323,PO1,2023,domestic_league,720,2424,FC Porto,Gil Vicente FC,2,1
2023-09-23,4109324,PO1,2023,domestic_league,979,4294,Moreirense FC,SC Farense,1,0
2023-09-23,4109327,PO1,2023,domestic_league,3268,2420,Casa Pia AC,Vitória Guimarães SC,0,0
2023-09-23,4109329,PO1,2023,domestic_league,1465,6912,GD Estoril Praia,FC Vizela,2,2
2023-09-23,4113112,ES1,2023,domestic_league,3302,1049,UD Almería,Valencia CF,2,2
2023-09-23,4113122,ES1,2023,domestic_league,131,940,FC Barcelona,Celta de Vigo,3,2
2023-09-23,4113133,ES1,2023,domestic_league,12321,237,Girona FC,RCD Mallorca,5,3
2023-09-23,4113138,ES1,2023,domestic_league,331,368,CA Osasuna,Sevilla FC,0,0
2023-09-23,4120626,UKR1,2023,domestic_league,53646,61825,FK Polissya Zhytomyr,FC Minaj,2,1
2023-09-23,4120628,UKR1,2023,domestic_league,2740,3592,Vorskla Poltava,Kryvbas Kryvyi Rig,1,4
2023-09-23,4120630,UKR1,2023,domestic_league,63007,338,LNZ Cherkasy,Dynamo Kyiv,2,4
2023-09-23,4120631,UKR1,2023,domestic_league,48726,660,Rukh Lviv,FC Shakhtar Donetsk,1,1
2023-09-23,4120878,SC1,2023,domestic_league,370,2759,Aberdeen FC,Ross County FC,4,0
2023-09-23,4120879,SC1,2023,domestic_league,511,2553,Dundee FC,Kilmarnock FC,2,2
2023-09-23,4120880,SC1,2023,domestic_league,903,2578,Hibernian FC,St. Johnstone FC,2,0
2023-09-23,4120881,SC1,2023,domestic_league,1241,371,Livingston FC,Celtic FC,0,3
2023-09-23,4120882,SC1,2023,domestic_league,124,987,Rangers FC,Motherwell FC,1,0
2023-09-23,4120883,SC1,2023,domestic_league,465,43,St. Mirren FC,Heart of Midlothian FC,1,0
2023-09-23,4129464,TR1,2023,domestic_league,3209,6646,Pendikspor,Fatih Karagümrük,1,1
2023-09-23,4129468,TR1,2023,domestic_league,6890,141,Basaksehir FK,Galatasaray,1,2
2023-09-23,4129469,TR1,2023,domestic_league,589,152,Antalyaspor,Samsunspor,2,0
2023-09-23,4129472,TR1,2023,domestic_league,126,2381,Caykur Rizespor,Sivasspor,1,1
2023-09-23,4150504,GR1,2023,domestic_league,653,3060,Omilos Filathlon Irakliou FC,APS Atromitos Athinon,1,1
2023-09-23,4150506,GR1,2023,domestic_league,3385,3999,Panserraikos Serres,PAS Lamia 1964,2,0
2023-09-23,4173712,SFA,2023,domestic_cup,3027,5660,Cowdenbeath FC,Linlithgow Rose FC,2,1
2023-09-23,4173717,SFA,2023,domestic_cup,11379,23620,Gala Fairydean Rovers FC,Strathspey Thistle FC,8,2
2023-09-23,4173718,SFA,2023,domestic_cup,23337,26147,Wick Academy FC,Jeanfield Swifts FC,1,3
2023-09-23,4173719,SFA,2023,domestic_cup,5051,26144,University AFC,Dunbar United FC,2,3
2023-09-23,4173720,SFA,2023,domestic_cup,23617,8942,Lossiemouth FC,Beith Juniors FC,0,4
2023-09-23,4173721,SFA,2023,domestic_cup,44914,23616,Caledonian Braves FC,Fraserburgh FC,1,2
2023-09-23,4173724,SFA,2023,domestic_cup,24232,6547,Bo'ness United FC,Darvel FC,3,0
2023-09-23,4173725,SFA,2023,domestic_cup,23621,10518,Turriff United FC,Sauchie Juniors FC,2,1
2023-09-23,4173729,SFA,2023,domestic_cup,17593,23303,Camelon Juniors FC,Civil Service Strollers FC,1,2
2023-09-23,4173730,SFA,2023,domestic_cup,3194,23619,Brechin City FC,Rothes FC,4,0
2023-09-23,4173731,SFA,2023,domestic_cup,3000,3490,East Stirlingshire FC,Huntly FC,0,1
2023-09-23,4173733,SFA,2023,domestic_cup,8920,24574,Musselburgh Athletic FC,Gretna FC 2008,5,4
2023-09-23,4173734,SFA,2023,domestic_cup,28457,13677,East Kilbride FC,Whitehill Welfare FC,8,0
2023-09-23,4173738,SFA,2023,domestic_cup,16253,5751,Broxburn Athletic FC,Nairn County FC,2,1
2023-09-23,4173740,SFA,2023,domestic_cup,3491,2801,Brora Rangers FC,Berwick Rangers FC,5,1
2023-09-23,4173741,SFA,2023,domestic_cup,26154,10597,Tranent FC,Lothian Thistle Hutchison Vale FC,4,1
2023-09-23,4174431,RU1,2023,domestic_league,2696,41231,PFK Krylya Sovetov Samara,FK Sochi,2,1
2023-09-23,4174432,RU1,2023,domestic_league,2741,3725,FK Baltika,RFK Akhmat Grozny,1,0
2023-09-23,4174433,RU1,2023,domestic_league,232,121,FK Spartak Moskva,FK Dinamo Moskva,1,0
2023-09-24,4089555,DK1,2023,domestic_league,206,190,Bröndby IF,FC Copenhagen,2,3
2023-09-24,4089556,DK1,2023,domestic_league,865,173,FC Midtjylland,Odense Boldklub,2,1
2023-09-24,4089558,DK1,2023,domestic_league,1177,1063,Silkeborg IF,Viborg FF,2,0
2023-09-24,4089559,DK1,2023,domestic_league,5724,678,Randers FC,Aarhus GF,1,1
2023-09-24,4094623,FR1,2023,domestic_league,583,244,Paris Saint-Germain,Olympique Marseille,4,0
2023-09-24,4094626,FR1,2023,domestic_league,826,415,RC Lens,FC Toulouse,2,1
2023-09-24,4094628,FR1,2023,domestic_league,738,3524,Le Havre AC,Clermont Foot 63,2,1
2023-09-24,4094629,FR1,2023,domestic_league,347,667,FC Metz,RC Strasbourg Alsace,0,1
2023-09-24,4094630,FR1,2023,domestic_league,969,273,Montpellier HSC,Stade Rennais FC,0,0
2023-09-24,4095062,GB1,2023,domestic_league,11,148,Arsenal FC,Tottenham Hotspur,2,2
2023-09-24,4095064,GB1,2023,domestic_league,1237,989,Brighton & Hove Albion,AFC Bournemouth,3,1
2023-09-24,4095066,GB1,2023,domestic_league,631,405,Chelsea FC,Aston Villa,0,1
2023-09-24,4095068,GB1,2023,domestic_league,31,379,Liverpool FC,West Ham United,3,1
2023-09-24,4095071,GB1,2023,domestic_league,350,762,Sheffield United,Newcastle United,0,8
2023-09-24,4096006,L1,2023,domestic_league,15,2036,Bayer 04 Leverkusen,1. Fußballclub Heidenheim 1846,4,1
2023-09-24,4096007,L1,2023,domestic_league,24,60,Eintracht Frankfurt,SC Freiburg,0,0
2023-09-24,4097944,NL1,2023,domestic_league,468,499,Sparta Rotterdam,Vitesse Arnhem,1,0
2023-09-24,4097946,NL1,2023,domestic_league,235,317,RKC Waalwijk,FC Twente Enschede,1,0
2023-09-24,4097947,NL1,2023,domestic_league,1269,1090,PEC Zwolle,AZ Alkmaar,0,3
2023-09-24,4098971,BE1,2023,domestic_league,58,2282,RSC Anderlecht,Club Brugge KV,1,1
2023-09-24,4098973,BE1,2023,domestic_league,1184,475,KRC Genk,Sint-Truidense VV,3,3
2023-09-24,4098974,BE1,2023,domestic_league,157,1245,KAA Gent,KAS Eupen,2,1
2023-09-24,4098976,BE1,2023,domestic_league,520,3948,Cercle Brugge,Union Saint-Gilloise,0,2
2023-09-24,4103512,IT1,2023,domestic_league,800,1390,Atalanta BC,Cagliari Calcio,2,0
2023-09-24,4103513,IT1,2023,domestic_league,1025,6195,Bologna Football Club 1909,SSC Napoli,0,0
2023-09-24,4103514,IT1,2023,domestic_league,749,46,FC Empoli,Inter Milan,0,1
2023-09-24,4103520,IT1,2023,domestic_league,416,12,Torino FC,Associazione Sportiva Roma,1,1
2023-09-24,4103521,IT1,2023,domestic_league,410,430,Udinese Calcio,ACF Fiorentina,0,2
2023-09-24,4109321,PO1,2023,domestic_league,1075,2503,SC Braga,Boavista FC,4,1
2023-09-24,4109326,PO1,2023,domestic_league,7378,294,Portimonense SC,SL Benfica,1,3
2023-09-24,4109328,PO1,2023,domestic_league,3325,2431,GD Chaves,CF Estrela Amadora,2,2
2023-09-24,4113117,ES1,2023,domestic_league,13,418,Atlético de Madrid,Real Madrid,3,1
2023-09-24,4113126,ES1,2023,domestic_league,150,2687,Real Betis Balompié,Cádiz CF,1,1
2023-09-24,4113142,ES1,2023,domestic_league,367,1050,Rayo Vallecano,Villarreal CF,1,1
2023-09-24,4113163,ES1,2023,domestic_league,681,3709,Real Sociedad,Getafe CF,4,3
2023-09-24,4113167,ES1,2023,domestic_league,472,16795,UD Las Palmas,Granada CF,1,0
2023-09-24,4120625,UKR1,2023,domestic_league,55686,48332,TOV FK Metalist 1925 Kharkiv,Kolos Kovalivka,0,0
2023-09-24,4120629,UKR1,2023,domestic_league,10690,60551,Zorya Lugansk,SC Dnipro-1,0,1
2023-09-24,4129465,TR1,2023,domestic_league,10484,3840,Kasimpasa,Adana Demirspor,2,1
2023-09-24,4129466,TR1,2023,domestic_league,11282,36,Alanyaspor,Fenerbahce,0,1
2023-09-24,4129470,TR1,2023,domestic_league,114,3205,Beşiktaş Jimnastik Kulübü,Kayserispor,2,1
2023-09-24,4129471,TR1,2023,domestic_league,868,2293,MKE Ankaragücü,Konyaspor,1,1
2023-09-24,4150501,GR1,2023,domestic_league,605,6418,Aris Thessalonikis,Panetolikos Agrinio,3,0
2023-09-24,4150502,GR1,2023,domestic_league,60949,6676,Volou Neos Podosferikos Syllogos,A.G.S Asteras Tripolis,1,2
2023-09-24,4150503,GR1,2023,domestic_league,683,30120,Olympiakos Syndesmos Filathlon Peiraios,Athlitiki Enosi Kifisias,4,0
2023-09-24,4150507,GR1,2023,domestic_league,2671,1091,PAS Giannina,Panthessalonikios Athlitikos Omilos Konstantinoupoliton,1,3
2023-09-24,4173723,SFA,2023,domestic_cup,44482,49189,BSC Glasgow,Cumbernauld Colts FC,3,1
2023-09-24,4174434,RU1,2023,domestic_league,49702,14589,FK Nizhny Novgorod,FC Orenburg,3,1
2023-09-24,4174435,RU1,2023,domestic_league,964,932,AO FK Zenit Sankt-Peterburg,"Футбольный клуб ""Локомотив"" Москва",1,2
2023-09-24,4174436,RU1,2023,domestic_league,1083,2410,FK Rostov,PFK CSKA Moskva,3,3
2023-09-24,4174437,RU1,2023,domestic_league,16704,11127,FK Krasnodar,Ural Yekaterinburg,2,0
2023-09-25,4089560,DK1,2023,domestic_league,2778,1894,FC Nordsjaelland,Hvidovre IF,0,0
2023-09-25,4109322,PO1,2023,domestic_league,336,2425,Sporting CP,Rio Ave FC,2,0
2023-09-25,4129463,TR1,2023,domestic_league,7775,449,Hatayspor,Trabzonspor,3,2
2023-09-25,4150505,GR1,2023,domestic_league,265,2441,Panathinaikos Athlitikos Omilos,Athlitiki Enosi Konstantinoupoleos,1,2
2023-09-25,4173735,SFA,2023,domestic_cup,23692,3014,University of Stirling FC,Albion Rovers FC,1,3
2023-09-25,4174438,RU1,2023,domestic_league,1124,2698,Fakel Voronezh,FC Rubin Kazan,0,1
2023-09-26,4088596,DFB,2023,domestic_cup,91,27,Preußen Münster,Bayern Munich,0,4
2023-09-26,4094625,FR1,2023,domestic_league,1082,1421,LOSC Lille,Stade Reims,1,2
2023-09-26,4103528,IT1,2023,domestic_league,506,1005,Juventus FC,US Lecce,1,0
2023-09-26,4113067,ES1,2023,domestic_league,368,3302,Sevilla FC,UD Almería,5,1
2023-09-26,4113069,ES1,2023,domestic_league,237,131,RCD Mallorca,FC Barcelona,2,2
2023-09-26,4126812,TR1,2023,domestic_league,924,141,Istanbulspor,Galatasaray,0,1
2023-09-26,4170605,UKRP,2023,domestic_cup,26459,660,NK Veres Rivne,FC Shakhtar Donetsk,0,3
2023-09-26,4170607,UKRP,2023,domestic_cup,48726,18303,Rukh Lviv,FC Oleksandriya,0,1
2023-09-26,4180926,DKP,2023,domestic_cup,112611,443,TST Fodbold,Vejle Boldklub,0,7
2023-09-26,4180928,DKP,2023,domestic_cup,23297,369,HB Köge,Lyngby Boldklub,2,4
2023-09-26,4180936,DKP,2023,domestic_cup,21035,362,FA 2000,Akademisk Boldklub,2,3
2023-09-26,4180938,DKP,2023,domestic_cup,1053,5776,Aalborg BK,FC Fredericia,2,3
2023-09-26,4180939,DKP,2023,domestic_cup,16173,75807,Vanlöse IF,Ishöj IF,1,3
2023-09-26,4181747,RUP,2023,domestic_cup,28095,1186,FK Ufa,Torpedo Moscow,9,8
2023-09-26,4188439,CGB,2022,,1027,641,Bradford City,Middlesbrough FC,0,2
2023-09-26,4188440,CGB,2022,,6699,1031,Exeter City,Luton Town,1,0
2023-09-26,4188441,CGB,2022,,677,543,Ipswich Town,Wolverhampton Wanderers,3,2
2023-09-26,4188442,CGB,2022,,3820,1072,Mansfield Town,Peterborough United,5,3
2023-09-26,4188443,CGB,2022,,1211,3052,Port Vale FC,Sutton United,2,1
2023-09-26,4188444,CGB,2022,,34888,1132,Salford City,Burnley FC,0,4
2023-09-26,4188445,CGB,2022,,985,873,Manchester United,Crystal Palace,3,0
2023-09-26,4192917,POCP,2023,,110302,8024,Avs Futebol,FC Arouca,1,2
2023-09-27,4088609,DFB,2023,domestic_cup,108,23826,SV Wehen Wiesbaden,RB Leipzig,2,3
2023-09-27,4097945,NL1,2023,domestic_league,610,234,Ajax Amsterdam,Feyenoord Rotterdam,0,4
2023-09-27,4097976,NL1,2023,domestic_league,383,1435,PSV Eindhoven,Go Ahead Eagles,3,0
2023-09-27,4097981,NL1,2023,domestic_league,317,499,FC Twente Enschede,Vitesse Arnhem,1,0
2023-09-27,4098787,BE1,2023,domestic_league,1096,157,Royal Antwerp FC,KAA Gent,0,0
2023-09-27,4103522,IT1,2023,domestic_league,1390,5,Cagliari Calcio,AC Milan,1,3
2023-09-27,4103523,IT1,2023,domestic_league,749,380,FC Empoli,US Salernitana 1919,1,0
2023-09-27,4103526,IT1,2023,domestic_league,276,800,Hellas Verona,Atalanta BC,0,1
2023-09-27,4103527,IT1,2023,domestic_league,46,6574,Inter Milan,US Sassuolo,1,2
2023-09-27,4103529,IT1,2023,domestic_league,398,416,Società Sportiva Lazio S.p.A.,Torino FC,2,0
2023-09-27,4103531,IT1,2023,domestic_league,6195,410,SSC Napoli,Udinese Calcio,4,1
2023-09-27,4113065,ES1,2023,domestic_league,621,3709,Athletic Bilbao,Getafe CF,2,2
2023-09-27,4113066,ES1,2023,domestic_league,2687,367,Cádiz CF,Rayo Vallecano,0,0
2023-09-27,4113071,ES1,2023,domestic_league,1050,12321,Villarreal CF,Girona FC,1,2
2023-09-27,4113072,ES1,2023,domestic_league,1049,681,Valencia CF,Real Sociedad,0,1
2023-09-27,4113073,ES1,2023,domestic_league,418,472,Real Madrid,UD Las Palmas,2,0
2023-09-27,4126815,TR1,2023,domestic_league,3840,114,Adana Demirspor,Beşiktaş Jimnastik Kulübü,4,2
2023-09-27,4150517,GR1,2023,domestic_league,30120,3999,Athlitiki Enosi Kifisias,PAS Lamia 1964,1,1
2023-09-27,4150518,GR1,2023,domestic_league,683,605,Olympiakos Syndesmos Filathlon Peiraios,Aris Thessalonikis,4,1
2023-09-27,4150519,GR1,2023,domestic_league,6418,653,Panetolikos Agrinio,Omilos Filathlon Irakliou FC,1,1
2023-09-27,4150521,GR1,2023,domestic_league,1091,60949,Panthessalonikios Athlitikos Omilos Konstantinoupoliton,Volou Neos Podosferikos Syllogos,3,0
2023-09-27,4170606,UKRP,2023,domestic_cup,55686,2740,TOV FK Metalist 1925 Kharkiv,Vorskla Poltava,0,3
2023-09-27,4170608,UKRP,2023,domestic_cup,6992,3592,Chornomorets Odesa,Kryvbas Kryvyi Rig,2,1
2023-09-27,4170609,UKRP,2023,domestic_cup,53646,60551,FK Polissya Zhytomyr,SC Dnipro-1,6,5
2023-09-27,4170610,UKRP,2023,domestic_cup,67939,61825,Viktoriya Mykolaivka,FC Minaj,1,0
2023-09-27,4170611,UKRP,2023,domestic_cup,39097,338,Obolon Kyiv,Dynamo Kyiv,1,0
2023-09-27,4175305,GRP,2023,domestic_cup,7977,4585,Eolikos Mytilinis,Anagennisi Karditsas,3,0
2023-09-27,4177085,GRP,2023,domestic_cup,38541,35433,Almopos Arideas,Kampaniakos,0,3
2023-09-27,4180925,DKP,2023,domestic_cup,9023,1177,Thisted FC,Silkeborg IF,1,3
2023-09-27,4180927,DKP,2023,domestic_cup,3426,1063,Esbjerg fB,Viborg FF,3,4
2023-09-27,4180929,DKP,2023,domestic_cup,5818,173,Hobro IK,Odense Boldklub,0,1
2023-09-27,4180930,DKP,2023,domestic_cup,5091,865,Naestved Boldklub,FC Midtjylland,0,2
2023-09-27,4180932,DKP,2023,domestic_cup,947,5724,Boldklubben af 1893,Randers FC,7,9
2023-09-27,4180933,DKP,2023,domestic_cup,3732,206,Hellerup IK,Bröndby IF,0,3
2023-09-27,4180934,DKP,2023,domestic_cup,29391,190,IF Lyseng,FC Copenhagen,0,9
2023-09-27,4180937,DKP,2023,domestic_cup,5784,22110,Aarhus Fremad,FC Helsingör,1,2
2023-09-27,4181021,GRP,2023,domestic_cup,4603,29808,Athlitiki Enosi Larisas,Tilykratis Lefkadas,3,0
2023-09-27,4181025,GRP,2023,domestic_cup,3985,1876,AO Acharnaikos,Pierikos Katerini,1,0
2023-09-27,4181745,RUP,2023,domestic_cup,2737,3729,Saturn Ramenskoe,Arsenal Tula,1,2
2023-09-27,4181746,RUP,2023,domestic_cup,4128,67241,Amkar Perm,Kuban Krasnodar,5,3
2023-09-27,4181748,RUP,2023,domestic_cup,11121,2374,Dinamo Bryansk,Shinnik Yaroslavl,1,3
2023-09-27,4181749,RUP,2023,domestic_cup,6673,3733,SKA Rostov-na-Donu,Neftekhimik Nizhnekamsk,0,3
2023-09-27,4181750,RUP,2023,domestic_cup,3609,75506,Rotor Volgograd,Alania Vladikavkaz,1,0
2023-09-27,4181751,RUP,2023,domestic_cup,33535,5287,Biolog-Novokubansk Progress,Chernomorets Novorossijsk,1,2
2023-09-27,4181752,RUP,2023,domestic_cup,3690,3834,SKA Khabarovsk,Sokol Saratov,5,3
2023-09-27,4181753,RUP,2023,domestic_cup,78749,75231,Forte Taganrog,Dinamo Makhachkala,1,0
2023-09-27,4181755,RUP,2023,domestic_cup,39200,3714,Luki-Energia Velikie Luki,Enisey Krasnoyarsk,1,2
2023-09-27,4181756,RUP,2023,domestic_cup,91328,12054,Dinamo Vladivostok,FC Tyumen,2,0
2023-09-27,4181757,RUP,2023,domestic_cup,3243,67107,KamAZ Naberezhnye Chelny,FC Leningradets,1,0
2023-09-27,4181758,RUP,2023,domestic_cup,12444,6432,Znamya Truda Orekhovo-Zuevo,Volgar Astrakhan,1,3
2023-09-27,4181759,RUP,2023,domestic_cup,11125,59024,Tekstilshchik Ivanovo,Rodina Moscow,1,3
2023-09-27,4181760,RUP,2023,domestic_cup,12052,71985,FC Ryazan,Akron Togliatti,1,6
2023-09-27,4182907,GRP,2023,domestic_cup,2669,37276,FS Kozani,PAE Chania,1,2
2023-09-27,4187154,GRP,2023,domestic_cup,35273,5572,PAO Vardas,Niki Volou,1,3
2023-09-27,4188446,CGB,2022,,405,29,Aston Villa,Everton FC,1,2
2023-09-27,4188447,CGB,2022,,164,603,Blackburn Rovers,Cardiff City,5,2
2023-09-27,4188448,CGB,2022,,989,512,AFC Bournemouth,Stoke City,2,0
2023-09-27,4188449,CGB,2022,,1148,11,Brentford FC,Arsenal FC,0,1
2023-09-27,4188450,CGB,2022,,631,1237,Chelsea FC,Brighton & Hove Albion,1,0
2023-09-27,4188451,CGB,2022,,931,1123,Fulham FC,Norwich City,2,1
2023-09-27,4188452,CGB,2022,,1198,379,Lincoln City,West Ham United,0,1
2023-09-27,4188453,CGB,2022,,31,1003,Liverpool FC,Leicester City,3,1
2023-09-27,4188454,CGB,2022,,762,281,Newcastle United,Manchester City,1,0
2023-09-27,4192918,POCP,2023,,4294,7179,SC Farense,CD Tondela,1,0
2023-09-27,4192919,POCP,2023,,3345,1465,Leixões SC,GD Estoril Praia,1,2
2023-09-28,4097983,NL1,2023,domestic_league,1090,1304,AZ Alkmaar,Heracles Almelo,1,1
2023-09-28,4098791,BE1,2023,domestic_league,2282,1184,Club Brugge KV,KRC Genk,1,1
2023-09-28,4098794,BE1,2023,domestic_league,54189,3948,RWD Molenbeek,Union Saint-Gilloise,2,3
2023-09-28,4103524,IT1,2023,domestic_league,8970,430,Frosinone Calcio,ACF Fiorentina,1,1
2023-09-28,4103525,IT1,2023,domestic_league,252,12,Genoa CFC,Associazione Sportiva Roma,4,1
2023-09-28,4103530,IT1,2023,domestic_league,2919,1025,AC Monza,Bologna Football Club 1909,0,0
2023-09-28,4109334,PO1,2023,domestic_league,2431,1075,CF Estrela Amadora,SC Braga,2,4
2023-09-28,4113068,ES1,2023,domestic_league,331,13,CA Osasuna,Atlético de Madrid,0,2
2023-09-28,4113070,ES1,2023,domestic_league,16795,150,Granada CF,Real Betis Balompié,1,1
2023-09-28,4113074,ES1,2023,domestic_league,940,1108,Celta de Vigo,Deportivo Alavés,1,1
2023-09-28,4126818,TR1,2023,domestic_league,36,6890,Fenerbahce,Basaksehir FK,4,0
2023-09-28,4150515,GR1,2023,domestic_league,2441,3060,Athlitiki Enosi Konstantinoupoleos,APS Atromitos Athinon,2,1
2023-09-28,4150516,GR1,2023,domestic_league,6676,265,A.G.S Asteras Tripolis,Panathinaikos Athlitikos Omilos,1,4
2023-09-28,4150520,GR1,2023,domestic_league,3385,2671,Panserraikos Serres,PAS Giannina,3,2
2023-09-28,4180931,DKP,2023,domestic_cup,5733,678,Nyköbing FC,Aarhus GF,0,1
2023-09-28,4180935,DKP,2023,domestic_cup,12275,2778,Kolding IF,FC Nordsjaelland,4,5
2023-09-28,4181022,GRP,2023,domestic_cup,101401,37125,Asteras Kesarianis,Apollon Paralimniou,3,1
2023-09-28,4181024,GRP,2023,domestic_cup,9,3062,Kalamata FC,Athens Kallithea,6,7
2023-09-28,4181754,RUP,2023,domestic_cup,101576,3719,2DROTS Moskau,FC Khimki (-2025),0,2
2023-09-28,4192916,POCP,2023,,3268,982,Casa Pia AC,CD Nacional,2,1
2023-09-29,4094632,FR1,2023,domestic_league,667,826,RC Strasbourg Alsace,RC Lens,0,1
2023-09-29,4096017,L1,2023,domestic_league,533,16,TSG 1899 Hoffenheim,Borussia Dortmund,1,3
2023-09-29,4098886,BE1,2023,domestic_league,601,520,KV Kortrijk,Cercle Brugge,2,1
2023-09-29,4109337,PO1,2023,domestic_league,294,720,SL Benfica,FC Porto,1,0
2023-09-29,4112970,ES1,2023,domestic_league,131,368,FC Barcelona,Sevilla FC,1,0
2023-09-29,4129476,TR1,2023,domestic_league,152,2832,Samsunspor,Gaziantep FK,1,2
2023-09-29,4174439,RU1,2023,domestic_league,1083,11127,FK Rostov,Ural Yekaterinburg,2,2
2023-09-30,4089561,DK1,2023,domestic_league,190,865,FC Copenhagen,FC Midtjylland,0,2
2023-09-30,4094636,FR1,2023,domestic_league,162,244,AS Monaco,Olympique Marseille,3,2
2023-09-30,4094638,FR1,2023,domestic_league,3524,583,Clermont Foot 63,Paris Saint-Germain,0,0
2023-09-30,4095136,GB1,2023,domestic_league,989,11,AFC Bournemouth,Arsenal FC,0,4
2023-09-30,4095137,GB1,2023,domestic_league,405,1237,Aston Villa,Brighton & Hove Albion,6,1
2023-09-30,4095138,GB1,2023,domestic_league,29,1031,Everton FC,Luton Town,1,2
2023-09-30,4095140,GB1,2023,domestic_league,985,873,Manchester United,Crystal Palace,0,1
2023-09-30,4095142,GB1,2023,domestic_league,762,1132,Newcastle United,Burnley FC,2,0
2023-09-30,4095143,GB1,2023,domestic_league,148,31,Tottenham Hotspur,Liverpool FC,2,1
2023-09-30,4095144,GB1,2023,domestic_league,379,350,West Ham United,Sheffield United,2,0
2023-09-30,4095145,GB1,2023,domestic_league,543,281,Wolverhampton Wanderers,Manchester City,2,1
2023-09-30,4096012,L1,2023,domestic_league,23826,27,RB Leipzig,Bayern Munich,2,2
2023-09-30,4096014,L1,2023,domestic_league,82,24,VfL Wolfsburg,Eintracht Frankfurt,2,0
2023-09-30,4096015,L1,2023,domestic_league,39,15,1.FSV Mainz 05,Bayer 04 Leverkusen,0,3
2023-09-30,4096016,L1,2023,domestic_league,3,79,1.FC Köln,VfB Stuttgart,0,2
2023-09-30,4096018,L1,2023,domestic_league,80,18,VfL Bochum,Borussia Mönchengladbach,1,3
2023-09-30,4096019,L1,2023,domestic_league,2036,89,1. Fußballclub Heidenheim 1846,1.FC Union Berlin,1,0
2023-09-30,4097930,NL1,2023,domestic_league,234,1435,Feyenoord Rotterdam,Go Ahead Eagles,3,1
2023-09-30,4097931,NL1,2023,domestic_league,200,723,FC Utrecht,Almere City FC,0,2
2023-09-30,4097932,NL1,2023,domestic_league,383,724,PSV Eindhoven,FC Volendam,3,1
2023-09-30,4097933,NL1,2023,domestic_league,317,306,FC Twente Enschede,SC Heerenveen,1,0
2023-09-30,4098885,BE1,2023,domestic_league,2727,3057,Oud-Heverlee Leuven,Standard Liège,1,2
2023-09-30,4098889,BE1,2023,domestic_league,354,1096,KV Mechelen,Royal Antwerp FC,0,0
2023-09-30,4098890,BE1,2023,domestic_league,1245,58,KAS Eupen,RSC Anderlecht,1,3
2023-09-30,4103535,IT1,2023,domestic_league,1005,6195,US Lecce,SSC Napoli,0,4
2023-09-30,4103536,IT1,2023,domestic_league,5,398,AC Milan,Società Sportiva Lazio S.p.A.,2,0
2023-09-30,4103538,IT1,2023,domestic_league,380,46,US Salernitana 1919,Inter Milan,0,4
2023-09-30,4109332,PO1,2023,domestic_league,6912,7378,FC Vizela,Portimonense SC,2,3
2023-09-30,4109335,PO1,2023,domestic_league,4294,336,SC Farense,Sporting CP,2,3
2023-09-30,4109338,PO1,2023,domestic_league,2503,3329,Boavista FC,FC Famalicão,2,2
2023-09-30,4112966,ES1,2023,domestic_league,367,237,Rayo Vallecano,RCD Mallorca,2,2
2023-09-30,4112967,ES1,2023,domestic_league,3709,1050,Getafe CF,Villarreal CF,0,0
2023-09-30,4112972,ES1,2023,domestic_league,12321,418,Girona FC,Real Madrid,0,3
2023-09-30,4112974,ES1,2023,domestic_league,681,621,Real Sociedad,Athletic Bilbao,3,0
2023-09-30,4120632,UKR1,2023,domestic_league,26459,63007,NK Veres Rivne,LNZ Cherkasy,0,0
2023-09-30,4120636,UKR1,2023,domestic_league,6992,10690,Chornomorets Odesa,Zorya Lugansk,0,0
2023-09-30,4120639,UKR1,2023,domestic_league,660,2740,FC Shakhtar Donetsk,Vorskla Poltava,1,2
2023-09-30,4120884,SC1,2023,domestic_league,903,511,Hibernian FC,Dundee FC,0,0
2023-09-30,4120885,SC1,2023,domestic_league,2553,465,Kilmarnock FC,St. Mirren FC,1,1
2023-09-30,4120886,SC1,2023,domestic_league,987,371,Motherwell FC,Celtic FC,1,2
2023-09-30,4120887,SC1,2023,domestic_league,124,370,Rangers FC,Aberdeen FC,1,3
2023-09-30,4120888,SC1,2023,domestic_league,2759,43,Ross County FC,Heart of Midlothian FC,0,1
2023-09-30,4120889,SC1,2023,domestic_league,2578,1241,St. Johnstone FC,Livingston FC,1,1
2023-09-30,4129474,TR1,2023,domestic_league,924,589,Istanbulspor,Antalyaspor,1,2
2023-09-30,4129475,TR1,2023,domestic_league,141,868,Galatasaray,MKE Ankaragücü,2,1
2023-09-30,4129479,TR1,2023,domestic_league,449,3209,Trabzonspor,Pendikspor,2,1
2023-09-30,4129481,TR1,2023,domestic_league,2381,7775,Sivasspor,Hatayspor,0,0
2023-09-30,4174440,RU1,2023,domestic_league,14589,964,FC Orenburg,AO FK Zenit Sankt-Peterburg,3,1
2023-09-30,4174441,RU1,2023,domestic_league,932,49702,"Футбольный клуб ""Локомотив"" Москва",FK Nizhny Novgorod,1,0
2023-09-30,4174442,RU1,2023,domestic_league,2698,16704,FC Rubin Kazan,FK Krasnodar,0,2
2023-09-30,4174443,RU1,2023,domestic_league,2410,2741,PFK CSKA Moskva,FK Baltika,1,0
2023-10-01,4089562,DK1,2023,domestic_league,5724,1177,Randers FC,Silkeborg IF,1,0
2023-10-01,4089563,DK1,2023,domestic_league,1063,678,Viborg FF,Aarhus GF,2,1
2023-10-01,4089564,DK1,2023,domestic_league,1894,206,Hvidovre IF,Bröndby IF,0,3
2023-10-01,4089565,DK1,2023,domestic_league,443,2778,Vejle Boldklub,FC Nordsjaelland,0,0
2023-10-01,4094633,FR1,2023,domestic_league,273,995,Stade Rennais FC,FC Nantes,3,1
2023-10-01,4094634,FR1,2023,domestic_league,415,347,FC Toulouse,FC Metz,3,0
2023-10-01,4094635,FR1,2023,domestic_league,1158,969,FC Lorient,Montpellier HSC,0,3
2023-10-01,4094637,FR1,2023,domestic_league,417,3911,OGC Nice,Stade Brestois 29,0,0
2023-10-01,4094639,FR1,2023,domestic_league,1421,1041,Stade Reims,Olympique Lyon,2,0
2023-10-01,4094640,FR1,2023,domestic_league,738,1082,Le Havre AC,LOSC Lille,0,2
2023-10-01,4095141,GB1,2023,domestic_league,703,1148,Nottingham Forest,Brentford FC,1,1
2023-10-01,4096013,L1,2023,domestic_league,60,167,SC Freiburg,FC Augsburg,2,0
2023-10-01,4096020,L1,2023,domestic_league,105,86,SV Darmstadt 98,SV Werder Bremen,4,2
2023-10-01,4097935,NL1,2023,domestic_league,467,499,NEC Nijmegen,Vitesse Arnhem,1,3
2023-10-01,4097936,NL1,2023,domestic_league,798,468,Excelsior Rotterdam,Sparta Rotterdam,2,1
2023-10-01,4097937,NL1,2023,domestic_league,1304,1269,Heracles Almelo,PEC Zwolle,2,1
2023-10-01,4097938,NL1,2023,domestic_league,1090,385,AZ Alkmaar,Fortuna Sittardia Combinatie,4,0
2023-10-01,4098883,BE1,2023,domestic_league,2282,475,Club Brugge KV,Sint-Truidense VV,1,1
2023-10-01,4098884,BE1,2023,domestic_league,1184,968,KRC Genk,KVC Westerlo,3,3
2023-10-01,4098887,BE1,2023,domestic_league,54189,157,RWD Molenbeek,KAA Gent,1,1
2023-10-01,4098888,BE1,2023,domestic_league,3948,172,Union Saint-Gilloise,Royal Charleroi Sporting Club,3,1
2023-10-01,4103532,IT1,2023,domestic_league,800,506,Atalanta BC,Juventus FC,0,0
2023-10-01,4103533,IT1,2023,domestic_league,1025,749,Bologna Football Club 1909,FC Empoli,3,0
2023-10-01,4103537,IT1,2023,domestic_league,12,8970,Associazione Sportiva Roma,Frosinone Calcio,2,0
2023-10-01,4103541,IT1,2023,domestic_league,410,252,Udinese Calcio,Genoa CFC,2,2
2023-10-01,4109331,PO1,2023,domestic_league,2420,1465,Vitória Guimarães SC,GD Estoril Praia,3,2
2023-10-01,4109333,PO1,2023,domestic_league,2425,979,Rio Ave FC,Moreirense FC,0,4
2023-10-01,4109336,PO1,2023,domestic_league,8024,3325,FC Arouca,GD Chaves,0,2
2023-10-01,4112968,ES1,2023,domestic_league,3302,16795,UD Almería,Granada CF,3,3
2023-10-01,4112969,ES1,2023,domestic_league,13,2687,Atlético de Madrid,Cádiz CF,3,2
2023-10-01,4112971,ES1,2023,domestic_league,150,1049,Real Betis Balompié,Valencia CF,3,0
2023-10-01,4112973,ES1,2023,domestic_league,1108,331,Deportivo Alavés,CA Osasuna,0,2
2023-10-01,4120633,UKR1,2023,domestic_league,48332,53646,Kolos Kovalivka,FK Polissya Zhytomyr,0,0
2023-10-01,4120634,UKR1,2023,domestic_league,61825,39097,FC Minaj,Obolon Kyiv,0,1
2023-10-01,4120637,UKR1,2023,domestic_league,338,18303,Dynamo Kyiv,FC Oleksandriya,4,2
2023-10-01,4120638,UKR1,2023,domestic_league,3592,48726,Kryvbas Kryvyi Rig,Rukh Lviv,1,3
2023-10-01,4129477,TR1,2023,domestic_league,3840,11282,Adana Demirspor,Alanyaspor,4,0
2023-10-01,4129478,TR1,2023,domestic_league,6646,10484,Fatih Karagümrük,Kasimpasa,2,3
2023-10-01,4129480,TR1,2023,domestic_league,36,126,Fenerbahce,Caykur Rizespor,5,0
2023-10-01,4129482,TR1,2023,domestic_league,2293,114,Konyaspor,Beşiktaş Jimnastik Kulübü,0,2
2023-10-01,4150620,GR1,2023,domestic_league,605,30120,Aris Thessalonikis,Athlitiki Enosi Kifisias,1,1
2023-10-01,4150624,GR1,2023,domestic_league,265,1091,Panathinaikos Athlitikos Omilos,Panthessalonikios Athlitikos Omilos Konstantinoupoliton,2,2
2023-10-01,4150625,GR1,2023,domestic_league,2671,683,PAS Giannina,Olympiakos Syndesmos Filathlon Peiraios,0,3
2023-10-01,4150626,GR1,2023,domestic_league,3999,6418,PAS Lamia 1964,Panetolikos Agrinio,1,0
2023-10-01,4174444,RU1,2023,domestic_league,1124,41231,Fakel Voronezh,FK Sochi,2,0
2023-10-01,4174445,RU1,2023,domestic_league,2696,232,PFK Krylya Sovetov Samara,FK Spartak Moskva,4,0
2023-10-01,4174446,RU1,2023,domestic_league,3725,121,RFK Akhmat Grozny,FK Dinamo Moskva,1,1
2023-10-02,4089566,DK1,2023,domestic_league,173,369,Odense Boldklub,Lyngby Boldklub,1,2
2023-10-02,4095139,GB1,2023,domestic_league,931,631,Fulham FC,Chelsea FC,0,2
2023-10-02,4103534,IT1,2023,domestic_league,430,1390,ACF Fiorentina,Cagliari Calcio,3,0
2023-10-02,4103539,IT1,2023,domestic_league,6574,2919,US Sassuolo,AC Monza,0,1
2023-10-02,4103540,IT1,2023,domestic_league,416,276,Torino FC,Hellas Verona,0,0
2023-10-02,4109330,PO1,2023,domestic_league,2424,3268,Gil Vicente FC,Casa Pia AC,2,0
2023-10-02,4112965,ES1,2023,domestic_league,472,940,UD Las Palmas,Celta de Vigo,2,1
2023-10-02,4120635,UKR1,2023,domestic_league,60551,55686,SC Dnipro-1,TOV FK Metalist 1925 Kharkiv,1,0
2023-10-02,4129473,TR1,2023,domestic_league,3205,6890,Kayserispor,Basaksehir FK,0,0
2023-10-02,4150621,GR1,2023,domestic_league,3060,6676,APS Atromitos Athinon,A.G.S Asteras Tripolis,0,0
2023-10-02,4150623,GR1,2023,domestic_league,653,2441,Omilos Filathlon Irakliou FC,Athlitiki Enosi Konstantinoupoleos,2,0
2023-10-03,4087938,GB1,2023,domestic_league,1031,1132,Luton Town,Burnley FC,1,2
2023-10-03,4126967,RUP,2023,domestic_cup,932,1083,"Футбольный клуб ""Локомотив"" Москва",FK Rostov,3,1
2023-10-03,4126968,RUP,2023,domestic_cup,11127,2698,Ural Yekaterinburg,FC Rubin Kazan,2,0
2023-10-03,4126969,RUP,2023,domestic_cup,964,2741,AO FK Zenit Sankt-Peterburg,FK Baltika,2,1
2023-10-03,4171221,CL,2023,international_cup,985,141,Manchester United,Galatasaray,2,3
2023-10-03,4171222,CL,2023,international_cup,190,27,FC Copenhagen,Bayern Munich,1,2
2023-10-03,4171234,CL,2023,international_cup,383,368,PSV Eindhoven,Sevilla FC,2,2
2023-10-03,4171238,CL,2023,international_cup,826,11,RC Lens,Arsenal FC,2,1
2023-10-03,4171248,CL,2023,international_cup,6195,418,SSC Napoli,Real Madrid,2,3
2023-10-03,4171259,CL,2023,international_cup,89,1075,1.FC Union Berlin,SC Braga,2,3
2023-10-03,4171263,CL,2023,international_cup,46,294,Inter Milan,SL Benfica,1,0
2023-10-03,4171268,CL,2023,international_cup,409,681,Fußballclub Red Bull Salzburg,Real Sociedad,0,2
2023-10-04,4126965,RUP,2023,domestic_cup,1124,2410,Fakel Voronezh,PFK CSKA Moskva,5,3
2023-10-04,4126966,RUP,2023,domestic_cup,41231,14589,FK Sochi,FC Orenburg,1,2
2023-10-04,4126970,RUP,2023,domestic_cup,2696,3725,PFK Krylya Sovetov Samara,RFK Akhmat Grozny,0,3
2023-10-04,4126971,RUP,2023,domestic_cup,16704,49702,FK Krasnodar,FK Nizhny Novgorod,3,0
2023-10-04,4126972,RUP,2023,domestic_cup,121,232,FK Dinamo Moskva,FK Spartak Moskva,3,0
2023-10-04,4171275,CL,2023,international_cup,13,234,Atlético de Madrid,Feyenoord Rotterdam,3,2
2023-10-04,4171283,CL,2023,international_cup,371,398,Celtic FC,Società Sportiva Lazio S.p.A.,1,2
2023-10-04,4171288,CL,2023,international_cup,16,5,Borussia Dortmund,AC Milan,0,0
2023-10-04,4171293,CL,2023,international_cup,762,583,Newcastle United,Paris Saint-Germain,4,1
2023-10-04,4171307,CL,2023,international_cup,23826,281,RB Leipzig,Manchester City,1,3
2023-10-04,4171323,CL,2023,international_cup,159,452,Red Star Belgrade,BSC Young Boys,2,2
2023-10-04,4171327,CL,2023,international_cup,1096,660,Royal Antwerp FC,FC Shakhtar Donetsk,2,3
2023-10-04,4174055,CL,2023,international_cup,720,131,FC Porto,FC Barcelona,0,1
2023-10-04,4181023,GRP,2023,domestic_cup,2984,8758,Egaleo FC,Diagoras Rodou,0,2
2023-10-04,4181478,DKP,2023,domestic_cup,20979,1894,Viby IF,Hvidovre IF,0,2
2023-10-05,4172067,EL,2023,other,60,379,SC Freiburg,West Ham United,1,2
2023-10-05,4172071,EL,2023,other,3137,683,FK TSC Backa Topola,Olympiakos Syndesmos Filathlon Peiraios,2,2
2023-10-05,4172077,EL,2023,other,244,1237,Olympique Marseille,Brighton & Hove Albion,2,2
2023-10-05,4172082,EL,2023,other,2441,610,Athlitiki Enosi Konstantinoupoleos,Ajax Amsterdam,1,1
2023-10-05,4172089,EL,2023,other,150,197,Real Betis Balompié,AC Sparta Prague,2,1
2023-10-05,4172094,EL,2023,other,10586,124,Aris Limassol,Rangers FC,2,1
2023-10-05,4172100,EL,2023,other,336,800,Sporting CP,Atalanta BC,1,2
2023-10-05,4172108,EL,2023,other,9644,122,Raków Częstochowa,Sportklub Puntigamer Sturm Graz,0,1
2023-10-05,4172111,EL,2023,other,31,3948,Liverpool FC,Union Saint-Gilloise,2,0
2023-10-05,4172120,EL,2023,other,415,413,FC Toulouse,LASK,1,0
2023-10-05,4172121,EL,2023,other,1050,273,Villarreal CF,Stade Rennais FC,1,0
2023-10-05,4172129,EL,2023,other,1064,265,Maccabi Haifa,Panathinaikos Athlitikos Omilos,0,0
2023-10-05,4172135,EL,2023,other,12,61,Associazione Sportiva Roma,Servette FC,4,0
2023-10-05,4172137,EL,2023,other,62,2481,SK Slavia Prague,FC Sheriff Tiraspol,6,0
2023-10-05,4172151,EL,2023,other,687,15,Molde Fotballklubb,Bayer 04 Leverkusen,1,2
2023-10-05,4172155,EL,2023,other,1109,10625,BK Häcken,Qarabağ FK,0,1
2023-10-05,4172236,UCOL,2023,other,4772,540,NK Olimpija Ljubljana,Slovan Bratislava,0,1
2023-10-05,4172238,UCOL,2023,other,6170,1082,KÍ Klaksvík,LOSC Lille,0,0
2023-10-05,4172241,UCOL,2023,other,157,119,KAA Gent,Maccabi Tel Aviv,2,0
2023-10-05,4172252,UCOL,2023,other,3737,10690,Breidablik Kópavogur,Zorya Lugansk,0,1
2023-10-05,4172259,UCOL,2023,other,22220,941,FC Astana,FC Viktoria Plzen,1,2
2023-10-05,4172261,UCOL,2023,other,28082,419,FC Ballkani,GNK Dinamo Zagreb,2,0
2023-10-05,4172268,UCOL,2023,other,501,2282,Fotballklubben Bodø/Glimt,Club Brugge KV,0,1
2023-10-05,4172273,UCOL,2023,other,114,2790,Beşiktaş Jimnastik Kulübü,FC Lugano,2,3
2023-10-05,4172279,UCOL,2023,other,1090,255,AZ Alkmaar,Legia Warszawa,1,0
2023-10-05,4172283,UCOL,2023,other,405,6808,Aston Villa,HSK Zrinjski Mostar,1,0
2023-10-05,4172293,UCOL,2023,other,430,279,ACF Fiorentina,Ferencvárosi TC,2,2
2023-10-05,4172301,UCOL,2023,other,6621,1184,FK Cukaricki,KRC Genk,0,2
2023-10-05,4172305,UCOL,2023,other,1091,24,Panthessalonikios Athlitikos Omilos Konstantinoupoliton,Eintracht Frankfurt,2,1
2023-10-05,4172313,UCOL,2023,other,370,1008,Aberdeen FC,HJK Helsinki,1,1
2023-10-05,4172320,UCOL,2023,other,365,36,Spartak Trnava,Fenerbahce,1,2
2023-10-05,4172324,UCOL,2023,other,2778,31614,FC Nordsjaelland,Ludogorets Razgrad,7,1
2023-10-06,4089572,DK1,2023,domestic_league,1177,369,Silkeborg IF,Lyngby Boldklub,5,0
2023-10-06,4094641,FR1,2023,domestic_league,667,995,RC Strasbourg Alsace,FC Nantes,1,2
2023-10-06,4096026,L1,2023,domestic_league,18,39,Borussia Mönchengladbach,1.FSV Mainz 05,2,2
2023-10-06,4097948,NL1,2023,domestic_league,724,200,FC Volendam,FC Utrecht,1,0
2023-10-06,4098922,BE1,2023,domestic_league,172,54189,Royal Charleroi Sporting Club,RWD Molenbeek,2,1
2023-10-06,4103543,IT1,2023,domestic_league,749,410,FC Empoli,Udinese Calcio,0,0
2023-10-06,4103549,IT1,2023,domestic_league,1005,6574,US Lecce,US Sassuolo,1,1
2023-10-06,4109360,PO1,2023,domestic_league,979,2503,Moreirense FC,Boavista FC,1,1
2023-10-06,4113060,ES1,2023,domestic_league,621,3302,Athletic Bilbao,UD Almería,3,0
2023-10-06,4120645,UKR1,2023,domestic_league,53646,338,FK Polissya Zhytomyr,Dynamo Kyiv,3,2
2023-10-06,4129486,TR1,2023,domestic_league,11282,6646,Alanyaspor,Fatih Karagümrük,2,1
2023-10-06,4129487,TR1,2023,domestic_league,3840,449,Adana Demirspor,Trabzonspor,1,0
2023-10-07,4094645,FR1,2023,domestic_league,1421,162,Stade Reims,AS Monaco,1,3
2023-10-07,4094647,FR1,2023,domestic_league,347,417,FC Metz,OGC Nice,0,1
2023-10-07,4095148,GB1,2023,domestic_league,1132,631,Burnley FC,Chelsea FC,1,4
2023-10-07,4095149,GB1,2023,domestic_league,873,703,Crystal Palace,Nottingham Forest,0,0
2023-10-07,4095150,GB1,2023,domestic_league,29,989,Everton FC,AFC Bournemouth,3,0
2023-10-07,4095151,GB1,2023,domestic_league,931,350,Fulham FC,Sheffield United,3,1
2023-10-07,4095152,GB1,2023,domestic_league,1031,148,Luton Town,Tottenham Hotspur,0,1
2023-10-07,4095153,GB1,2023,domestic_league,985,1148,Manchester United,Brentford FC,2,1
2023-10-07,4096022,L1,2023,domestic_league,16,89,Borussia Dortmund,1.FC Union Berlin,4,2
2023-10-07,4096023,L1,2023,domestic_league,23826,80,RB Leipzig,VfL Bochum,0,0
2023-10-07,4096027,L1,2023,domestic_league,86,533,SV Werder Bremen,TSG 1899 Hoffenheim,2,3
2023-10-07,4096028,L1,2023,domestic_league,167,105,FC Augsburg,SV Darmstadt 98,1,2
2023-10-07,4096029,L1,2023,domestic_league,79,82,VfB Stuttgart,VfL Wolfsburg,3,1
2023-10-07,4097949,NL1,2023,domestic_league,306,467,SC Heerenveen,NEC Nijmegen,1,1
2023-10-07,4097950,NL1,2023,domestic_league,723,235,Almere City FC,RKC Waalwijk,1,0
2023-10-07,4097951,NL1,2023,domestic_league,1435,1304,Go Ahead Eagles,Heracles Almelo,4,0
2023-10-07,4097952,NL1,2023,domestic_league,499,798,Vitesse Arnhem,Excelsior Rotterdam,0,0
2023-10-07,4098915,BE1,2023,domestic_league,58,354,RSC Anderlecht,KV Mechelen,3,1
2023-10-07,4098919,BE1,2023,domestic_league,520,2727,Cercle Brugge,Oud-Heverlee Leuven,3,2
2023-10-07,4098921,BE1,2023,domestic_league,968,601,KVC Westerlo,KV Kortrijk,1,0
2023-10-07,4103545,IT1,2023,domestic_league,252,5,Genoa CFC,AC Milan,0,1
2023-10-07,4103546,IT1,2023,domestic_league,46,1025,Inter Milan,Bologna Football Club 1909,2,2
2023-10-07,4103547,IT1,2023,domestic_league,506,416,Juventus FC,Torino FC,2,0
2023-10-07,4109357,PO1,2023,domestic_league,4294,6912,SC Farense,FC Vizela,0,0
2023-10-07,4109358,PO1,2023,domestic_league,1465,294,GD Estoril Praia,SL Benfica,0,1
2023-10-07,4109363,PO1,2023,domestic_league,1075,2425,SC Braga,Rio Ave FC,2,1
2023-10-07,4109365,PO1,2023,domestic_league,3325,2424,GD Chaves,Gil Vicente FC,4,2
2023-10-07,4113056,ES1,2023,domestic_league,2687,12321,Cádiz CF,Girona FC,0,1
2023-10-07,4113058,ES1,2023,domestic_league,237,1049,RCD Mallorca,Valencia CF,1,1
2023-10-07,4113062,ES1,2023,domestic_league,418,331,Real Madrid,CA Osasuna,4,0
2023-10-07,4113063,ES1,2023,domestic_league,368,367,Sevilla FC,Rayo Vallecano,2,2
2023-10-07,4120642,UKR1,2023,domestic_league,63007,18303,LNZ Cherkasy,FC Oleksandriya,0,0
2023-10-07,4120643,UKR1,2023,domestic_league,48332,2740,Kolos Kovalivka,Vorskla Poltava,0,0
2023-10-07,4120644,UKR1,2023,domestic_league,60551,26459,SC Dnipro-1,NK Veres Rivne,2,0
2023-10-07,4120890,SC1,2023,domestic_league,370,2578,Aberdeen FC,St. Johnstone FC,0,0
2023-10-07,4120891,SC1,2023,domestic_league,371,2553,Celtic FC,Kilmarnock FC,3,1
2023-10-07,4120892,SC1,2023,domestic_league,511,2759,Dundee FC,Ross County FC,0,0
2023-10-07,4120893,SC1,2023,domestic_league,43,903,Heart of Midlothian FC,Hibernian FC,2,2
2023-10-07,4120894,SC1,2023,domestic_league,1241,987,Livingston FC,Motherwell FC,2,0
2023-10-07,4120895,SC1,2023,domestic_league,465,124,St. Mirren FC,Rangers FC,0,3
2023-10-07,4129484,TR1,2023,domestic_league,3209,2381,Pendikspor,Sivasspor,2,3
2023-10-07,4129488,TR1,2023,domestic_league,6890,2832,Basaksehir FK,Gaziantep FK,2,0
2023-10-07,4129489,TR1,2023,domestic_league,589,141,Antalyaspor,Galatasaray,0,2
2023-10-07,4129491,TR1,2023,domestic_league,868,3205,MKE Ankaragücü,Kayserispor,3,0
2023-10-07,4187557,GRP,2023,domestic_cup,2671,60949,PAS Giannina,Volou Neos Podosferikos Syllogos,1,2
2023-10-07,4191136,RU1,2023,domestic_league,11127,932,Ural Yekaterinburg,"Футбольный клуб ""Локомотив"" Москва",2,2
2023-10-07,4191137,RU1,2023,domestic_league,41231,964,FK Sochi,AO FK Zenit Sankt-Peterburg,0,2
2023-10-07,4191138,RU1,2023,domestic_league,2741,14589,FK Baltika,FC Orenburg,1,0
2023-10-07,4191139,RU1,2023,domestic_league,16704,1083,FK Krasnodar,FK Rostov,3,2
2023-10-07,4192171,GRP,2023,domestic_cup,3985,30120,AO Acharnaikos,Athlitiki Enosi Kifisias,0,2
2023-10-07,4192595,GRP,2023,domestic_cup,101401,3385,Asteras Kesarianis,Panserraikos Serres,0,2
2023-10-08,4089567,DK1,2023,domestic_league,678,190,Aarhus GF,FC Copenhagen,1,1
2023-10-08,4089568,DK1,2023,domestic_league,206,1063,Bröndby IF,Viborg FF,1,0
2023-10-08,4089569,DK1,2023,domestic_league,865,5724,FC Midtjylland,Randers FC,2,2
2023-10-08,4089570,DK1,2023,domestic_league,2778,173,FC Nordsjaelland,Odense Boldklub,0,1
2023-10-08,4089571,DK1,2023,domestic_league,443,1894,Vejle Boldklub,Hvidovre IF,3,1
2023-10-08,4094642,FR1,2023,domestic_league,273,583,Stade Rennais FC,Paris Saint-Germain,1,3
2023-10-08,4094643,FR1,2023,domestic_league,244,738,Olympique Marseille,Le Havre AC,3,0
2023-10-08,4094644,FR1,2023,domestic_league,1041,1158,Olympique Lyon,FC Lorient,3,3
2023-10-08,4094646,FR1,2023,domestic_league,826,1082,RC Lens,LOSC Lille,1,1
2023-10-08,4094649,FR1,2023,domestic_league,3911,415,Stade Brestois 29,FC Toulouse,1,1
2023-10-08,4095146,GB1,2023,domestic_league,11,281,Arsenal FC,Manchester City,1,0
2023-10-08,4095147,GB1,2023,domestic_league,1237,31,Brighton & Hove Albion,Liverpool FC,2,2
2023-10-08,4095154,GB1,2023,domestic_league,379,762,West Ham United,Newcastle United,2,2
2023-10-08,4095155,GB1,2023,domestic_league,543,405,Wolverhampton Wanderers,Aston Villa,1,1
2023-10-08,4096021,L1,2023,domestic_league,27,60,Bayern Munich,SC Freiburg,3,0
2023-10-08,4096024,L1,2023,domestic_league,15,3,Bayer 04 Leverkusen,1.FC Köln,3,0
2023-10-08,4096025,L1,2023,domestic_league,24,2036,Eintracht Frankfurt,1. Fußballclub Heidenheim 1846,2,0
2023-10-08,4097953,NL1,2023,domestic_league,1269,234,PEC Zwolle,Feyenoord Rotterdam,0,2
2023-10-08,4097954,NL1,2023,domestic_league,385,317,Fortuna Sittardia Combinatie,FC Twente Enschede,0,3
2023-10-08,4097955,NL1,2023,domestic_league,610,1090,Ajax Amsterdam,AZ Alkmaar,1,2
2023-10-08,4097956,NL1,2023,domestic_league,468,383,Sparta Rotterdam,PSV Eindhoven,0,4
2023-10-08,4098916,BE1,2023,domestic_league,3057,2282,Standard Liège,Club Brugge KV,2,1
2023-10-08,4098917,BE1,2023,domestic_league,157,1184,KAA Gent,KRC Genk,1,1
2023-10-08,4098918,BE1,2023,domestic_league,1096,1245,Royal Antwerp FC,KAS Eupen,4,1
2023-10-08,4098920,BE1,2023,domestic_league,475,3948,Sint-Truidense VV,Union Saint-Gilloise,0,4
2023-10-08,4103542,IT1,2023,domestic_league,1390,12,Cagliari Calcio,Associazione Sportiva Roma,1,4
2023-10-08,4103544,IT1,2023,domestic_league,8970,276,Frosinone Calcio,Hellas Verona,2,1
2023-10-08,4103548,IT1,2023,domestic_league,398,800,Società Sportiva Lazio S.p.A.,Atalanta BC,3,2
2023-10-08,4103550,IT1,2023,domestic_league,2919,380,AC Monza,US Salernitana 1919,3,0
2023-10-08,4103551,IT1,2023,domestic_league,6195,430,SSC Napoli,ACF Fiorentina,1,3
2023-10-08,4109359,PO1,2023,domestic_league,336,8024,Sporting CP,FC Arouca,2,1
2023-10-08,4109361,PO1,2023,domestic_league,3268,2431,Casa Pia AC,CF Estrela Amadora,0,1
2023-10-08,4109362,PO1,2023,domestic_league,3329,2420,FC Famalicão,Vitória Guimarães SC,1,3
2023-10-08,4109364,PO1,2023,domestic_league,720,7378,FC Porto,Portimonense SC,1,0
2023-10-08,4113055,ES1,2023,domestic_league,13,681,Atlético de Madrid,Real Sociedad,2,1
2023-10-08,4113057,ES1,2023,domestic_league,940,3709,Celta de Vigo,Getafe CF,2,2
2023-10-08,4113059,ES1,2023,domestic_league,1108,150,Deportivo Alavés,Real Betis Balompié,1,1
2023-10-08,4113061,ES1,2023,domestic_league,16795,131,Granada CF,FC Barcelona,2,2
2023-10-08,4113064,ES1,2023,domestic_league,1050,472,Villarreal CF,UD Las Palmas,1,2
2023-10-08,4120640,UKR1,2023,domestic_league,39097,55686,Obolon Kyiv,TOV FK Metalist 1925 Kharkiv,1,0
2023-10-08,4120641,UKR1,2023,domestic_league,3592,6992,Kryvbas Kryvyi Rig,Chornomorets Odesa,1,0
2023-10-08,4120646,UKR1,2023,domestic_league,48726,61825,Rukh Lviv,FC Minaj,0,0
2023-10-08,4129483,TR1,2023,domestic_league,7775,2293,Hatayspor,Konyaspor,3,1
2023-10-08,4129485,TR1,2023,domestic_league,10484,36,Kasimpasa,Fenerbahce,0,2
2023-10-08,4129490,TR1,2023,domestic_league,114,924,Beşiktaş Jimnastik Kulübü,Istanbulspor,2,0
2023-10-08,4129492,TR1,2023,domestic_league,126,152,Caykur Rizespor,Samsunspor,1,0
2023-10-08,4150606,GR1,2023,domestic_league,2441,6418,Athlitiki Enosi Konstantinoupoleos,Panetolikos Agrinio,3,0
2023-10-08,4150610,GR1,2023,domestic_league,265,3060,Panathinaikos Athlitikos Omilos,APS Atromitos Athinon,5,0
2023-10-08,4191140,RU1,2023,domestic_league,49702,2696,FK Nizhny Novgorod,PFK Krylya Sovetov Samara,2,0
2023-10-08,4191141,RU1,2023,domestic_league,121,1124,FK Dinamo Moskva,Fakel Voronezh,0,0
2023-10-08,4191142,RU1,2023,domestic_league,232,2410,FK Spartak Moskva,PFK CSKA Moskva,2,2
2023-10-08,4191143,RU1,2023,domestic_league,3725,2698,RFK Akhmat Grozny,FC Rubin Kazan,0,1
2023-10-09,4192056,GRP,2023,domestic_cup,37276,653,PAE Chania,Omilos Filathlon Irakliou FC,3,5
2023-10-09,4196249,GRP,2023,domestic_cup,35433,6676,Kampaniakos,A.G.S Asteras Tripolis,1,3
2023-10-11,4192073,CDR,2023,domestic_cup,20914,38405,CD Pradejón,Atlético de Lugones,1,2
2023-10-11,4192076,CDR,2023,domestic_cup,55644,24794,CP Mijas Las Lagunas,Chiclana CF,0,1
2023-10-11,4192078,CDR,2023,domestic_cup,93727,55875,Ceuta 6 de Junio,CD Buñol,0,3
2023-10-11,4195993,GRP,2023,domestic_cup,8758,6418,Diagoras Rodou,Panetolikos Agrinio,4,5
2023-10-12,4170612,UKRP,2023,domestic_cup,65423,10690,Feniks-Mariupol,Zorya Lugansk,0,1
2023-10-12,4192071,CDR,2023,domestic_cup,102243,20915,Turégano CF,CD Santurtzi,3,1
2023-10-12,4192072,CDR,2023,domestic_cup,103271,41394,CD Monte Santander,CD Boiro,0,1
2023-10-12,4192074,CDR,2023,domestic_cup,112751,112752,CF Tardienta,CD Zirauki,2,1
2023-10-12,4192075,CDR,2023,domestic_cup,42928,91017,UE Rubí,UD Rotlet Molinar,4,2
2023-10-12,4192077,CDR,2023,domestic_cup,74219,112753,Melilla CD,Deportivo Murcia FC,1,3
2023-10-12,4192079,CDR,2023,domestic_cup,92096,112754,CD Hernán Cortés,CD Sauzal,3,1
2023-10-12,4192080,CDR,2023,domestic_cup,36551,112755,CD Quintanar de la Orden,CU Zona Norte,1,0
2023-10-17,4192980,RUP,2023,domestic_cup,3690,4128,SKA Khabarovsk,Amkar Perm,2,0
2023-10-18,4192977,RUP,2023,domestic_cup,3719,28095,FC Khimki (-2025),FK Ufa,1,0
2023-10-18,4192978,RUP,2023,domestic_cup,6432,3714,Volgar Astrakhan,Enisey Krasnoyarsk,1,0
2023-10-18,4192979,RUP,2023,domestic_cup,3733,78749,Neftekhimik Nizhnekamsk,Forte Taganrog,0,2
2023-10-18,4192981,RUP,2023,domestic_cup,91328,3609,Dinamo Vladivostok,Rotor Volgograd,1,0
2023-10-18,4192984,RUP,2023,domestic_cup,5287,3243,Chernomorets Novorossijsk,KamAZ Naberezhnye Chelny,4,1
2023-10-19,4192982,RUP,2023,domestic_cup,71985,2374,Akron Togliatti,Shinnik Yaroslavl,3,0
2023-10-19,4192983,RUP,2023,domestic_cup,3729,59024,Arsenal Tula,Rodina Moscow,1,2
2023-10-20,4090199,DK1,2023,domestic_league,1894,1177,Hvidovre IF,Silkeborg IF,1,2
2023-10-20,4094658,FR1,2023,domestic_league,738,826,Le Havre AC,RC Lens,0,0
2023-10-20,4096030,L1,2023,domestic_league,16,86,Borussia Dortmund,SV Werder Bremen,1,0
2023-10-20,4098897,BE1,2023,domestic_league,3948,1245,Union Saint-Gilloise,KAS Eupen,4,1
2023-10-20,4113147,ES1,2023,domestic_league,331,16795,CA Osasuna,Granada CF,2,0
2023-10-20,4120649,UKR1,2023,domestic_league,55686,3592,TOV FK Metalist 1925 Kharkiv,Kryvbas Kryvyi Rig,1,3
2023-10-20,4120652,UKR1,2023,domestic_league,39097,10690,Obolon Kyiv,Zorya Lugansk,2,4
2023-10-20,4150514,GR1,2023,domestic_league,3999,2671,PAS Lamia 1964,PAS Giannina,2,1
2023-10-21,4090198,DK1,2023,domestic_league,190,443,FC Copenhagen,Vejle Boldklub,2,1
2023-10-21,4094650,FR1,2023,domestic_league,583,667,Paris Saint-Germain,RC Strasbourg Alsace,3,0
2023-10-21,4094656,FR1,2023,domestic_league,417,244,OGC Nice,Olympique Marseille,1,0
2023-10-21,4095156,GB1,2023,domestic_league,989,543,AFC Bournemouth,Wolverhampton Wanderers,1,2
2023-10-21,4095158,GB1,2023,domestic_league,1148,1132,Brentford FC,Burnley FC,3,0
2023-10-21,4095159,GB1,2023,domestic_league,631,11,Chelsea FC,Arsenal FC,2,2
2023-10-21,4095160,GB1,2023,domestic_league,31,29,Liverpool FC,Everton FC,2,0
2023-10-21,4095161,GB1,2023,domestic_league,281,1237,Manchester City,Brighton & Hove Albion,2,1
2023-10-21,4095162,GB1,2023,domestic_league,762,873,Newcastle United,Crystal Palace,4,0
2023-10-21,4095163,GB1,2023,domestic_league,703,1031,Nottingham Forest,Luton Town,2,2
2023-10-21,4095164,GB1,2023,domestic_league,350,985,Sheffield United,Manchester United,1,2
2023-10-21,4096031,L1,2023,domestic_league,89,79,1.FC Union Berlin,VfB Stuttgart,0,3
2023-10-21,4096032,L1,2023,domestic_league,60,80,SC Freiburg,VfL Bochum,2,1
2023-10-21,4096033,L1,2023,domestic_league,82,15,VfL Wolfsburg,Bayer 04 Leverkusen,1,2
2023-10-21,4096034,L1,2023,domestic_league,39,27,1.FSV Mainz 05,Bayern Munich,1,3
2023-10-21,4096036,L1,2023,domestic_league,533,24,TSG 1899 Hoffenheim,Eintracht Frankfurt,1,3
2023-10-21,4096038,L1,2023,domestic_league,105,23826,SV Darmstadt 98,RB Leipzig,1,3
2023-10-21,4097984,NL1,2023,domestic_league,234,499,Feyenoord Rotterdam,Vitesse Arnhem,4,0
2023-10-21,4097985,NL1,2023,domestic_league,235,724,RKC Waalwijk,FC Volendam,2,1
2023-10-21,4097986,NL1,2023,domestic_league,383,385,PSV Eindhoven,Fortuna Sittardia Combinatie,3,1
2023-10-21,4097987,NL1,2023,domestic_league,1090,306,AZ Alkmaar,SC Heerenveen,3,0
2023-10-21,4097988,NL1,2023,domestic_league,467,723,NEC Nijmegen,Almere City FC,1,1
2023-10-21,4098894,BE1,2023,domestic_league,601,2282,KV Kortrijk,Club Brugge KV,1,0
2023-10-21,4098895,BE1,2023,domestic_league,54189,968,RWD Molenbeek,KVC Westerlo,1,1
2023-10-21,4098898,BE1,2023,domestic_league,172,1096,Royal Charleroi Sporting Club,Royal Antwerp FC,3,2
2023-10-21,4103555,IT1,2023,domestic_league,276,6195,Hellas Verona,SSC Napoli,1,3
2023-10-21,4103559,IT1,2023,domestic_league,6574,398,US Sassuolo,Società Sportiva Lazio S.p.A.,0,2
2023-10-21,4103560,IT1,2023,domestic_league,416,46,Torino FC,Inter Milan,0,3
2023-10-21,4113125,ES1,2023,domestic_league,940,13,Celta de Vigo,Atlético de Madrid,0,3
2023-10-21,4113129,ES1,2023,domestic_league,3709,150,Getafe CF,Real Betis Balompié,1,1
2023-10-21,4113137,ES1,2023,domestic_league,681,237,Real Sociedad,RCD Mallorca,1,0
2023-10-21,4113143,ES1,2023,domestic_league,368,418,Sevilla FC,Real Madrid,1,1
2023-10-21,4120648,UKR1,2023,domestic_league,6992,61825,Chornomorets Odesa,FC Minaj,3,0
2023-10-21,4120650,UKR1,2023,domestic_league,18303,48332,FC Oleksandriya,Kolos Kovalivka,0,1
2023-10-21,4120655,UKR1,2023,domestic_league,660,63007,FC Shakhtar Donetsk,LNZ Cherkasy,3,0
2023-10-21,4120898,SC1,2023,domestic_league,2553,1241,Kilmarnock FC,Livingston FC,3,1
2023-10-21,4120899,SC1,2023,domestic_league,124,903,Rangers FC,Hibernian FC,4,0
2023-10-21,4129493,TR1,2023,domestic_league,3205,126,Kayserispor,Caykur Rizespor,3,1
2023-10-21,4129495,TR1,2023,domestic_league,141,114,Galatasaray,Beşiktaş Jimnastik Kulübü,2,1
2023-10-21,4129497,TR1,2023,domestic_league,2832,589,Gaziantep FK,Antalyaspor,1,0
2023-10-21,4129502,TR1,2023,domestic_league,2293,3209,Konyaspor,Pendikspor,1,2
2023-10-21,4150511,GR1,2023,domestic_league,6418,60949,Panetolikos Agrinio,Volou Neos Podosferikos Syllogos,2,0
2023-10-21,4150614,GR1,2023,domestic_league,605,3385,Aris Thessalonikis,Panserraikos Serres,1,0
2023-10-21,4198826,RU1,2023,domestic_league,14589,1124,FC Orenburg,Fakel Voronezh,1,2
2023-10-21,4198827,RU1,2023,domestic_league,2698,2410,FC Rubin Kazan,PFK CSKA Moskva,0,0
2023-10-21,4198828,RU1,2023,domestic_league,932,121,"Футбольный клуб ""Локомотив"" Москва",FK Dinamo Moskva,0,0
2023-10-21,4198829,RU1,2023,domestic_league,2741,16704,FK Baltika,FK Krasnodar,2,2
2023-10-22,4090200,DK1,2023,domestic_league,369,678,Lyngby Boldklub,Aarhus GF,0,2
2023-10-22,4090201,DK1,2023,domestic_league,5724,206,Randers FC,Bröndby IF,2,2
2023-10-22,4090203,DK1,2023,domestic_league,1063,2778,Viborg FF,FC Nordsjaelland,0,2
2023-10-22,4094651,FR1,2023,domestic_league,415,1421,FC Toulouse,Stade Reims,1,1
2023-10-22,4094652,FR1,2023,domestic_league,1158,273,FC Lorient,Stade Rennais FC,2,1
2023-10-22,4094653,FR1,2023,domestic_league,162,347,AS Monaco,FC Metz,2,1
2023-10-22,4094654,FR1,2023,domestic_league,1082,3911,LOSC Lille,Stade Brestois 29,1,0
2023-10-22,4094655,FR1,2023,domestic_league,1041,3524,Olympique Lyon,Clermont Foot 63,1,2
2023-10-22,4094657,FR1,2023,domestic_league,995,969,FC Nantes,Montpellier HSC,2,0
2023-10-22,4095157,GB1,2023,domestic_league,405,379,Aston Villa,West Ham United,4,1
2023-10-22,4096035,L1,2023,domestic_league,3,18,1.FC Köln,Borussia Mönchengladbach,3,1
2023-10-22,4096037,L1,2023,domestic_league,2036,167,1. Fußballclub Heidenheim 1846,FC Augsburg,2,5
2023-10-22,4097989,NL1,2023,domestic_league,200,610,FC Utrecht,Ajax Amsterdam,4,3
2023-10-22,4097990,NL1,2023,domestic_league,1304,317,Heracles Almelo,FC Twente Enschede,2,2
2023-10-22,4097991,NL1,2023,domestic_league,798,1269,Excelsior Rotterdam,PEC Zwolle,2,4
2023-10-22,4097992,NL1,2023,domestic_league,1435,468,Go Ahead Eagles,Sparta Rotterdam,0,0
2023-10-22,4098891,BE1,2023,domestic_league,3057,58,Standard Liège,RSC Anderlecht,3,2
2023-10-22,4098892,BE1,2023,domestic_league,1184,354,KRC Genk,KV Mechelen,4,0
2023-10-22,4098893,BE1,2023,domestic_league,2727,475,Oud-Heverlee Leuven,Sint-Truidense VV,4,0
2023-10-22,4098896,BE1,2023,domestic_league,520,157,Cercle Brugge,KAA Gent,2,0
2023-10-22,4103552,IT1,2023,domestic_league,800,252,Atalanta BC,Genoa CFC,2,0
2023-10-22,4103553,IT1,2023,domestic_league,1025,8970,Bologna Football Club 1909,Frosinone Calcio,2,1
2023-10-22,4103556,IT1,2023,domestic_league,5,506,AC Milan,Juventus FC,0,1
2023-10-22,4103557,IT1,2023,domestic_league,12,2919,Associazione Sportiva Roma,AC Monza,1,0
2023-10-22,4103558,IT1,2023,domestic_league,380,1390,US Salernitana 1919,Cagliari Calcio,2,2
2023-10-22,4113109,ES1,2023,domestic_league,472,367,UD Las Palmas,Rayo Vallecano,0,1
2023-10-22,4113113,ES1,2023,domestic_league,12321,3302,Girona FC,UD Almería,5,2
2023-10-22,4113120,ES1,2023,domestic_league,131,621,FC Barcelona,Athletic Bilbao,1,0
2023-10-22,4113151,ES1,2023,domestic_league,1050,1108,Villarreal CF,Deportivo Alavés,1,1
2023-10-22,4120651,UKR1,2023,domestic_league,2740,53646,Vorskla Poltava,FK Polissya Zhytomyr,0,3
2023-10-22,4120653,UKR1,2023,domestic_league,338,60551,Dynamo Kyiv,SC Dnipro-1,0,1
2023-10-22,4120654,UKR1,2023,domestic_league,26459,48726,NK Veres Rivne,Rukh Lviv,2,5
2023-10-22,4120897,SC1,2023,domestic_league,43,371,Heart of Midlothian FC,Celtic FC,1,4
2023-10-22,4129494,TR1,2023,domestic_league,924,868,Istanbulspor,MKE Ankaragücü,2,1
2023-10-22,4129496,TR1,2023,domestic_league,152,6890,Samsunspor,Basaksehir FK,0,0
2023-10-22,4129500,TR1,2023,domestic_league,36,7775,Fenerbahce,Hatayspor,4,2
2023-10-22,4129501,TR1,2023,domestic_league,2381,10484,Sivasspor,Kasimpasa,0,1
2023-10-22,4150508,GR1,2023,domestic_league,6676,2441,A.G.S Asteras Tripolis,Athlitiki Enosi Konstantinoupoleos,0,3
2023-10-22,4150509,GR1,2023,domestic_league,30120,653,Athlitiki Enosi Kifisias,Omilos Filathlon Irakliou FC,0,0
2023-10-22,4150510,GR1,2023,domestic_league,683,265,Olympiakos Syndesmos Filathlon Peiraios,Panathinaikos Athlitikos Omilos,0,3
2023-10-22,4150513,GR1,2023,domestic_league,1091,3060,Panthessalonikios Athlitikos Omilos Konstantinoupoliton,APS Atromitos Athinon,2,0
2023-10-22,4198830,RU1,2023,domestic_league,11127,41231,Ural Yekaterinburg,FK Sochi,1,4
2023-10-22,4198831,RU1,2023,domestic_league,232,49702,FK Spartak Moskva,FK Nizhny Novgorod,2,0
2023-10-22,4198832,RU1,2023,domestic_league,964,2696,AO FK Zenit Sankt-Peterburg,PFK Krylya Sovetov Samara,3,1
2023-10-22,4198833,RU1,2023,domestic_league,1083,3725,FK Rostov,RFK Akhmat Grozny,3,0
2023-10-23,4090202,DK1,2023,domestic_league,173,865,Odense Boldklub,FC Midtjylland,1,2
2023-10-23,4095165,GB1,2023,domestic_league,148,931,Tottenham Hotspur,Fulham FC,2,0
2023-10-23,4103554,IT1,2023,domestic_league,430,749,ACF Fiorentina,FC Empoli,0,2
2023-10-23,4103561,IT1,2023,domestic_league,410,1005,Udinese Calcio,US Lecce,1,1
2023-10-23,4113134,ES1,2023,domestic_league,1049,2687,Valencia CF,Cádiz CF,2,0
2023-10-23,4129498,TR1,2023,domestic_league,6646,3840,Fatih Karagümrük,Adana Demirspor,2,0
2023-10-23,4129499,TR1,2023,domestic_league,449,11282,Trabzonspor,Alanyaspor,1,0
2023-10-24,4171220,CL,2023,international_cup,985,190,Manchester United,FC Copenhagen,1,0
2023-10-24,4171225,CL,2023,international_cup,141,27,Galatasaray,Bayern Munich,1,3
2023-10-24,4171228,CL,2023,international_cup,368,11,Sevilla FC,Arsenal FC,1,2
2023-10-24,4171239,CL,2023,international_cup,826,383,RC Lens,PSV Eindhoven,1,1
2023-10-24,4171255,CL,2023,international_cup,1075,418,SC Braga,Real Madrid,1,2
2023-10-24,4171257,CL,2023,international_cup,89,6195,1.FC Union Berlin,SSC Napoli,0,1
2023-10-24,4171262,CL,2023,international_cup,294,681,SL Benfica,Real Sociedad,0,1
2023-10-24,4171264,CL,2023,international_cup,46,409,Inter Milan,Fußballclub Red Bull Salzburg,2,1
2023-10-25,4104308,UKR1,2023,domestic_league,2740,60551,Vorskla Poltava,SC Dnipro-1,2,3
2023-10-25,4171273,CL,2023,international_cup,234,398,Feyenoord Rotterdam,Società Sportiva Lazio S.p.A.,3,1
2023-10-25,4171282,CL,2023,international_cup,371,13,Celtic FC,Atlético de Madrid,2,2
2023-10-25,4171285,CL,2023,international_cup,583,5,Paris Saint-Germain,AC Milan,3,0
2023-10-25,4171294,CL,2023,international_cup,762,16,Newcastle United,Borussia Dortmund,0,1
2023-10-25,4171319,CL,2023,international_cup,23826,159,RB Leipzig,Red Star Belgrade,3,1
2023-10-25,4171324,CL,2023,international_cup,452,281,BSC Young Boys,Manchester City,1,3
2023-10-25,4174065,CL,2023,international_cup,131,660,FC Barcelona,FC Shakhtar Donetsk,2,1
2023-10-25,4174066,CL,2023,international_cup,1096,720,Royal Antwerp FC,FC Porto,1,4
2023-10-26,4172064,EL,2023,other,683,379,Olympiakos Syndesmos Filathlon Peiraios,West Ham United,2,1
2023-10-26,4172072,EL,2023,other,3137,60,FK TSC Backa Topola,SC Freiburg,1,3
2023-10-26,4172078,EL,2023,other,244,2441,Olympique Marseille,Athlitiki Enosi Konstantinoupoleos,3,1
2023-10-26,4172079,EL,2023,other,1237,610,Brighton & Hove Albion,Ajax Amsterdam,2,0
2023-10-26,4172091,EL,2023,other,197,124,AC Sparta Prague,Rangers FC,0,0
2023-10-26,4172095,EL,2023,other,10586,150,Aris Limassol,Real Betis Balompié,0,1
2023-10-26,4172103,EL,2023,other,122,800,Sportklub Puntigamer Sturm Graz,Atalanta BC,2,2
2023-10-26,4172107,EL,2023,other,9644,336,Raków Częstochowa,Sporting CP,1,1
2023-10-26,4172112,EL,2023,other,31,415,Liverpool FC,FC Toulouse,5,1
2023-10-26,4172117,EL,2023,other,3948,413,Union Saint-Gilloise,LASK,2,1
2023-10-26,4172131,EL,2023,other,265,273,Panathinaikos Athlitikos Omilos,Stade Rennais FC,1,2
2023-10-26,4172133,EL,2023,other,12,62,Associazione Sportiva Roma,SK Slavia Prague,2,0
2023-10-26,4172141,EL,2023,other,2481,61,FC Sheriff Tiraspol,Servette FC,1,1
2023-10-26,4172145,EL,2023,other,15,10625,Bayer 04 Leverkusen,Qarabağ FK,5,1
2023-10-26,4172153,EL,2023,other,687,1109,Molde Fotballklubb,BK Häcken,5,1
2023-10-26,4172240,UCOL,2023,other,6170,4772,KÍ Klaksvík,NK Olimpija Ljubljana,3,0
2023-10-26,4172243,UCOL,2023,other,157,3737,KAA Gent,Breidablik Kópavogur,5,0
2023-10-26,4172263,UCOL,2023,other,28082,22220,FC Ballkani,FC Astana,1,2
2023-10-26,4172269,UCOL,2023,other,501,114,Fotballklubben Bodø/Glimt,Beşiktaş Jimnastik Kulübü,3,1
2023-10-26,4172274,UCOL,2023,other,2790,2282,FC Lugano,Club Brugge KV,1,3
2023-10-26,4172277,UCOL,2023,other,419,941,GNK Dinamo Zagreb,FC Viktoria Plzen,0,1
2023-10-26,4172278,UCOL,2023,other,1090,405,AZ Alkmaar,Aston Villa,1,4
2023-10-26,4172289,UCOL,2023,other,6808,255,HSK Zrinjski Mostar,Legia Warszawa,1,2
2023-10-26,4172295,UCOL,2023,other,430,6621,ACF Fiorentina,FK Cukaricki,6,0
2023-10-26,4172296,UCOL,2023,other,1184,279,KRC Genk,Ferencvárosi TC,0,0
2023-10-26,4172303,UCOL,2023,other,24,1008,Eintracht Frankfurt,HJK Helsinki,6,0
2023-10-26,4172312,UCOL,2023,other,370,1091,Aberdeen FC,Panthessalonikios Athlitikos Omilos Konstantinoupoliton,2,3
2023-10-26,4172314,UCOL,2023,other,36,31614,Fenerbahce,Ludogorets Razgrad,3,1
2023-10-26,4172322,UCOL,2023,other,365,2778,Spartak Trnava,FC Nordsjaelland,0,2
2023-10-26,4172924,UCOL,2023,other,1082,540,LOSC Lille,Slovan Bratislava,2,1
2023-10-27,4090217,DK1,2023,domestic_league,865,369,FC Midtjylland,Lyngby Boldklub,2,1
2023-10-27,4094662,FR1,2023,domestic_league,3524,417,Clermont Foot 63,OGC Nice,0,1
2023-10-27,4095171,GB1,2023,domestic_league,873,148,Crystal Palace,Tottenham Hotspur,1,2
2023-10-27,4096045,L1,2023,domestic_league,80,39,VfL Bochum,1.FSV Mainz 05,2,2
2023-10-27,4098002,NL1,2023,domestic_league,499,1269,Vitesse Arnhem,PEC Zwolle,1,1
2023-10-27,4098944,BE1,2023,domestic_league,475,54189,Sint-Truidense VV,RWD Molenbeek,2,1
2023-10-27,4103564,IT1,2023,domestic_league,252,380,Genoa CFC,US Salernitana 1919,1,0
2023-10-27,4109433,PO1,2023,domestic_league,8024,979,FC Arouca,Moreirense FC,0,1
2023-10-27,4113145,ES1,2023,domestic_league,12321,940,Girona FC,Celta de Vigo,1,0
2023-10-27,4129503,TR1,2023,domestic_league,7775,3205,Hatayspor,Kayserispor,1,2
2023-10-27,4129505,TR1,2023,domestic_league,10484,924,Kasimpasa,Istanbulspor,3,1
2023-10-27,4216879,RU1,2023,domestic_league,2698,2741,FC Rubin Kazan,FK Baltika,1,0
2023-10-28,4090216,DK1,2023,domestic_league,190,1894,FC Copenhagen,Hvidovre IF,4,0
2023-10-28,4094663,FR1,2023,domestic_league,1421,1158,Stade Reims,FC Lorient,1,0
2023-10-28,4094664,FR1,2023,domestic_league,826,995,RC Lens,FC Nantes,4,0
2023-10-28,4095166,GB1,2023,domestic_league,989,1132,AFC Bournemouth,Burnley FC,2,1
2023-10-28,4095167,GB1,2023,domestic_league,11,350,Arsenal FC,Sheffield United,5,0
2023-10-28,4095170,GB1,2023,domestic_league,631,1148,Chelsea FC,Brentford FC,0,2
2023-10-28,4095175,GB1,2023,domestic_league,543,762,Wolverhampton Wanderers,Newcastle United,2,2
2023-10-28,4096039,L1,2023,domestic_league,27,105,Bayern Munich,SV Darmstadt 98,8,0
2023-10-28,4096040,L1,2023,domestic_league,23826,3,RB Leipzig,1.FC Köln,6,0
2023-10-28,4096043,L1,2023,domestic_league,18,2036,Borussia Mönchengladbach,1. Fußballclub Heidenheim 1846,2,1
2023-10-28,4096044,L1,2023,domestic_league,86,89,SV Werder Bremen,1.FC Union Berlin,2,0
2023-10-28,4096046,L1,2023,domestic_league,167,82,FC Augsburg,VfL Wolfsburg,3,2
2023-10-28,4096047,L1,2023,domestic_league,79,533,VfB Stuttgart,TSG 1899 Hoffenheim,2,3
2023-10-28,4098003,NL1,2023,domestic_league,723,1435,Almere City FC,Go Ahead Eagles,0,0
2023-10-28,4098004,NL1,2023,domestic_league,306,1304,SC Heerenveen,Heracles Almelo,3,0
2023-10-28,4098005,NL1,2023,domestic_league,468,235,Sparta Rotterdam,RKC Waalwijk,2,0
2023-10-28,4098006,NL1,2023,domestic_league,385,200,Fortuna Sittardia Combinatie,FC Utrecht,0,0
2023-10-28,4098940,BE1,2023,domestic_league,58,2727,RSC Anderlecht,Oud-Heverlee Leuven,5,1
2023-10-28,4098943,BE1,2023,domestic_league,354,520,KV Mechelen,Cercle Brugge,0,2
2023-10-28,4098946,BE1,2023,domestic_league,1245,172,KAS Eupen,Royal Charleroi Sporting Club,2,0
2023-10-28,4103566,IT1,2023,domestic_league,506,276,Juventus FC,Hellas Verona,1,0
2023-10-28,4103568,IT1,2023,domestic_league,1005,416,US Lecce,Torino FC,0,1
2023-10-28,4103571,IT1,2023,domestic_league,6574,1025,US Sassuolo,Bologna Football Club 1909,1,1
2023-10-28,4109429,PO1,2023,domestic_league,2420,3325,Vitória Guimarães SC,GD Chaves,5,0
2023-10-28,4109430,PO1,2023,domestic_league,7378,1465,Portimonense SC,GD Estoril Praia,1,0
2023-10-28,4109432,PO1,2023,domestic_league,2424,1075,Gil Vicente FC,SC Braga,3,3
2023-10-28,4109436,PO1,2023,domestic_league,294,3268,SL Benfica,Casa Pia AC,1,1
2023-10-28,4113114,ES1,2023,domestic_league,3302,472,UD Almería,UD Las Palmas,1,2
2023-10-28,4113124,ES1,2023,domestic_league,131,418,FC Barcelona,Real Madrid,1,2
2023-10-28,4113132,ES1,2023,domestic_league,2687,368,Cádiz CF,Sevilla FC,2,2
2023-10-28,4113149,ES1,2023,domestic_league,237,3709,RCD Mallorca,Getafe CF,0,0
2023-10-28,4120659,UKR1,2023,domestic_league,3592,60551,Kryvbas Kryvyi Rig,SC Dnipro-1,3,0
2023-10-28,4120660,UKR1,2023,domestic_league,10690,53646,Zorya Lugansk,FK Polissya Zhytomyr,0,1
2023-10-28,4120661,UKR1,2023,domestic_league,48332,338,Kolos Kovalivka,Dynamo Kyiv,1,1
2023-10-28,4120662,UKR1,2023,domestic_league,48726,18303,Rukh Lviv,FC Oleksandriya,0,0
2023-10-28,4120902,SC1,2023,domestic_league,903,371,Hibernian FC,Celtic FC,0,0
2023-10-28,4120904,SC1,2023,domestic_league,1241,511,Livingston FC,Dundee FC,0,2
2023-10-28,4120905,SC1,2023,domestic_league,987,2759,Motherwell FC,Ross County FC,3,3
2023-10-28,4120907,SC1,2023,domestic_league,465,2578,St. Mirren FC,St. Johnstone FC,4,0
2023-10-28,4129506,TR1,2023,domestic_league,11282,2381,Alanyaspor,Sivasspor,1,2
2023-10-28,4129507,TR1,2023,domestic_league,3840,2293,Adana Demirspor,Konyaspor,3,0
2023-10-28,4129512,TR1,2023,domestic_league,126,141,Caykur Rizespor,Galatasaray,0,1
2023-10-28,4150658,GR1,2023,domestic_league,3060,6418,APS Atromitos Athinon,Panetolikos Agrinio,3,2
2023-10-28,4150659,GR1,2023,domestic_league,60949,30120,Volou Neos Podosferikos Syllogos,Athlitiki Enosi Kifisias,2,1
2023-10-28,4188959,SFA,2023,domestic_cup,6325,11379,Pollok FC,Gala Fairydean Rovers FC,5,2
2023-10-28,4188960,SFA,2023,domestic_cup,23303,3034,Civil Service Strollers FC,Stranraer FC,0,3
2023-10-28,4188961,SFA,2023,domestic_cup,26144,3024,Dunbar United FC,East Fife FC,1,0
2023-10-28,4188962,SFA,2023,domestic_cup,3490,3016,Huntly FC,Forfar Athletic FC,1,4
2023-10-28,4188964,SFA,2023,domestic_cup,26147,3028,Jeanfield Swifts FC,Elgin City FC,6,0
2023-10-28,4188965,SFA,2023,domestic_cup,3194,17602,Brechin City FC,The Spartans FC,1,2
2023-10-28,4188966,SFA,2023,domestic_cup,8942,44482,Beith Juniors FC,BSC Glasgow,1,3
2023-10-28,4188967,SFA,2023,domestic_cup,23613,3457,Formartine United FC,Clydebank FC,3,2
2023-10-28,4188968,SFA,2023,domestic_cup,26154,28457,Tranent FC,East Kilbride FC,7,0
2023-10-28,4188969,SFA,2023,domestic_cup,23616,20603,Fraserburgh FC,Bonnyrigg Rose FC,1,2
2023-10-28,4188970,SFA,2023,domestic_cup,3023,25442,Dumbarton FC,Banks O' Dee FC,3,2
2023-10-28,4188971,SFA,2023,domestic_cup,3458,6400,Forres Mechanics FC,Buckie Thistle FC,0,1
2023-10-28,4188972,SFA,2023,domestic_cup,3032,3459,Peterhead FC,Clachnacuddin FC,3,1
2023-10-28,4188973,SFA,2023,domestic_cup,9027,3027,Kilwinning Rangers FC,Cowdenbeath FC,0,1
2023-10-28,4188974,SFA,2023,domestic_cup,3470,23621,Cumnock Juniors FC,Turriff United FC,2,1
2023-10-28,4188975,SFA,2023,domestic_cup,3012,3491,Stenhousemuir FC,Brora Rangers FC,0,2
2023-10-28,4189092,SFA,2023,domestic_cup,4223,16253,Deveronvale FC,Broxburn Athletic FC,0,1
2023-10-28,4189763,SFA,2023,domestic_cup,3014,26141,Albion Rovers FC,St. Andrews United FC,2,1
2023-10-28,4216880,RU1,2023,domestic_league,1124,232,Fakel Voronezh,FK Spartak Moskva,2,0
2023-10-28,4216881,RU1,2023,domestic_league,1083,932,FK Rostov,"Футбольный клуб ""Локомотив"" Москва",1,0
2023-10-28,4216882,RU1,2023,domestic_league,2696,14589,PFK Krylya Sovetov Samara,FC Orenburg,1,1
2023-10-28,4216883,RU1,2023,domestic_league,964,3725,AO FK Zenit Sankt-Peterburg,RFK Akhmat Grozny,2,1
2023-10-29,4090214,DK1,2023,domestic_league,206,2778,Bröndby IF,FC Nordsjaelland,2,1
2023-10-29,4090215,DK1,2023,domestic_league,443,1063,Vejle Boldklub,Viborg FF,1,1
2023-10-29,4090218,DK1,2023,domestic_league,1177,173,Silkeborg IF,Odense Boldklub,0,0
2023-10-29,4094659,FR1,2023,domestic_league,273,667,Stade Rennais FC,RC Strasbourg Alsace,1,1
2023-10-29,4094661,FR1,2023,domestic_league,1082,162,LOSC Lille,AS Monaco,2,0
2023-10-29,4094665,FR1,2023,domestic_league,347,738,FC Metz,Le Havre AC,0,0
2023-10-29,4094666,FR1,2023,domestic_league,969,415,Montpellier HSC,FC Toulouse,3,0
2023-10-29,4094667,FR1,2023,domestic_league,3911,583,Stade Brestois 29,Paris Saint-Germain,2,3
2023-10-29,4095168,GB1,2023,domestic_league,405,1031,Aston Villa,Luton Town,3,1
2023-10-29,4095169,GB1,2023,domestic_league,1237,931,Brighton & Hove Albion,Fulham FC,1,1
2023-10-29,4095172,GB1,2023,domestic_league,31,703,Liverpool FC,Nottingham Forest,3,0
2023-10-29,4095173,GB1,2023,domestic_league,985,281,Manchester United,Manchester City,0,3
2023-10-29,4095174,GB1,2023,domestic_league,379,29,West Ham United,Everton FC,0,1
2023-10-29,4096041,L1,2023,domestic_league,15,60,Bayer 04 Leverkusen,SC Freiburg,2,1
2023-10-29,4096042,L1,2023,domestic_league,24,16,Eintracht Frankfurt,Borussia Dortmund,3,3
2023-10-29,4098007,NL1,2023,domestic_league,317,234,FC Twente Enschede,Feyenoord Rotterdam,2,1
2023-10-29,4098008,NL1,2023,domestic_league,724,798,FC Volendam,Excelsior Rotterdam,3,1
2023-10-29,4098009,NL1,2023,domestic_league,383,610,PSV Eindhoven,Ajax Amsterdam,5,2
2023-10-29,4098939,BE1,2023,domestic_league,2282,1096,Club Brugge KV,Royal Antwerp FC,2,1
2023-10-29,4098941,BE1,2023,domestic_league,157,3057,KAA Gent,Standard Liège,3,1
2023-10-29,4098942,BE1,2023,domestic_league,601,1184,KV Kortrijk,KRC Genk,0,3
2023-10-29,4098945,BE1,2023,domestic_league,968,3948,KVC Westerlo,Union Saint-Gilloise,1,3
2023-10-29,4103562,IT1,2023,domestic_league,1390,8970,Cagliari Calcio,Frosinone Calcio,4,3
2023-10-29,4103565,IT1,2023,domestic_league,46,12,Inter Milan,Associazione Sportiva Roma,1,0
2023-10-29,4103569,IT1,2023,domestic_league,2919,410,AC Monza,Udinese Calcio,1,1
2023-10-29,4103570,IT1,2023,domestic_league,6195,5,SSC Napoli,AC Milan,2,2
2023-10-29,4109431,PO1,2023,domestic_league,2425,4294,Rio Ave FC,SC Farense,3,4
2023-10-29,4109434,PO1,2023,domestic_league,6912,720,FC Vizela,FC Porto,0,2
2023-10-29,4109437,PO1,2023,domestic_league,2431,3329,CF Estrela Amadora,FC Famalicão,1,0
2023-10-29,4113119,ES1,2023,domestic_league,621,1049,Athletic Bilbao,Valencia CF,2,2
2023-10-29,4113128,ES1,2023,domestic_league,150,331,Real Betis Balompié,CA Osasuna,2,1
2023-10-29,4113136,ES1,2023,domestic_league,367,681,Rayo Vallecano,Real Sociedad,2,2
2023-10-29,4113153,ES1,2023,domestic_league,13,1108,Atlético de Madrid,Deportivo Alavés,2,1
2023-10-29,4120656,UKR1,2023,domestic_league,63007,39097,LNZ Cherkasy,Obolon Kyiv,3,0
2023-10-29,4120657,UKR1,2023,domestic_league,61825,26459,FC Minaj,NK Veres Rivne,0,0
2023-10-29,4120658,UKR1,2023,domestic_league,2740,55686,Vorskla Poltava,TOV FK Metalist 1925 Kharkiv,2,2
2023-10-29,4120903,SC1,2023,domestic_league,2553,370,Kilmarnock FC,Aberdeen FC,2,0
2023-10-29,4120906,SC1,2023,domestic_league,124,43,Rangers FC,Heart of Midlothian FC,2,1
2023-10-29,4129504,TR1,2023,domestic_league,3209,36,Pendikspor,Fenerbahce,0,5
2023-10-29,4129508,TR1,2023,domestic_league,6646,449,Fatih Karagümrük,Trabzonspor,0,0
2023-10-29,4129509,TR1,2023,domestic_league,589,6890,Antalyaspor,Basaksehir FK,1,0
2023-10-29,4129511,TR1,2023,domestic_league,868,152,MKE Ankaragücü,Samsunspor,2,0
2023-10-29,4150656,GR1,2023,domestic_league,605,2671,Aris Thessalonikis,PAS Giannina,2,0
2023-10-29,4150657,GR1,2023,domestic_league,6676,3999,A.G.S Asteras Tripolis,PAS Lamia 1964,0,1
2023-10-29,4150661,GR1,2023,domestic_league,265,3385,Panathinaikos Athlitikos Omilos,Panserraikos Serres,5,0
2023-10-29,4216884,RU1,2023,domestic_league,49702,41231,FK Nizhny Novgorod,FK Sochi,1,0
2023-10-29,4216885,RU1,2023,domestic_league,121,11127,FK Dinamo Moskva,Ural Yekaterinburg,2,1
2023-10-29,4216886,RU1,2023,domestic_league,2410,16704,PFK CSKA Moskva,FK Krasnodar,1,0
2023-10-30,4090213,DK1,2023,domestic_league,678,5724,Aarhus GF,Randers FC,2,1
2023-10-30,4103563,IT1,2023,domestic_league,749,800,FC Empoli,Atalanta BC,0,3
2023-10-30,4103567,IT1,2023,domestic_league,398,430,Società Sportiva Lazio S.p.A.,ACF Fiorentina,1,0
2023-10-30,4109435,PO1,2023,domestic_league,2503,336,Boavista FC,Sporting CP,0,2
2023-10-30,4113140,ES1,2023,domestic_league,16795,1050,Granada CF,Villarreal CF,2,3
2023-10-30,4129510,TR1,2023,domestic_league,114,2832,Beşiktaş Jimnastik Kulübü,Gaziantep FK,2,0
2023-10-30,4150655,GR1,2023,domestic_league,2441,1091,Athlitiki Enosi Konstantinoupoleos,Panthessalonikios Athlitikos Omilos Konstantinoupoliton,2,0
2023-10-30,4150660,GR1,2023,domestic_league,653,683,Omilos Filathlon Irakliou FC,Olympiakos Syndesmos Filathlon Peiraios,0,2
2023-10-30,4188958,SFA,2023,domestic_cup,8920,2575,Musselburgh Athletic FC,Clyde FC,2,3
2023-10-30,4205132,UKRP,2023,domestic_cup,67939,660,Viktoriya Mykolaivka,FC Shakhtar Donetsk,0,3
2023-10-31,4120911,SC1,2023,domestic_league,903,2759,Hibernian FC,Ross County FC,2,2
2023-10-31,4126977,RUP,2023,domestic_cup,964,2696,AO FK Zenit Sankt-Peterburg,PFK Krylya Sovetov Samara,1,0
2023-10-31,4126978,RUP,2023,domestic_cup,2741,3725,FK Baltika,RFK Akhmat Grozny,4,1
2023-10-31,4161034,CIT,2023,domestic_cup,1025,276,Bologna Football Club 1909,Hellas Verona,2,0
2023-10-31,4161035,CIT,2023,domestic_cup,2239,4084,US Cremonese,AS Cittadella,2,1
2023-10-31,4161038,CIT,2023,domestic_cup,380,1038,US Salernitana 1919,UC Sampdoria,4,0
2023-10-31,4190032,NLP,2023,domestic_cup,6160,8449,De Treffers,VV UNA Veldhoven,4,0
2023-10-31,4190035,NLP,2023,domestic_cup,10803,500,SV Spakenburg,Helmond Sport,3,1
2023-10-31,4190036,NLP,2023,domestic_cup,200,235,FC Utrecht,RKC Waalwijk,3,2
2023-10-31,4190037,NLP,2023,domestic_cup,28378,1435,Koninklijke HFC Haarlem,Go Ahead Eagles,1,4
2023-10-31,4190038,NLP,2023,domestic_cup,2945,723,OJC Rosmalen,Almere City FC,1,8
2023-10-31,4190043,NLP,2023,domestic_cup,7474,1268,VV Noordwijk,ADO Den Haag,0,1
2023-10-31,4190044,NLP,2023,domestic_cup,642,1283,De Graafschap Doetinchem,FC Emmen,2,0
2023-10-31,4190045,NLP,2023,domestic_cup,12451,499,RKSV Groene Ster,Vitesse Arnhem,0,1
2023-10-31,4190052,NLP,2023,domestic_cup,19964,1434,GVVV Veenendaal,SC Telstar,1,0
2023-10-31,4190053,NLP,2023,domestic_cup,306,1426,SC Heerenveen,VVV-Venlo,5,1
2023-10-31,4190054,NLP,2023,domestic_cup,7110,132,Quick Boys,NAC Breda,1,0
2023-10-31,4190056,NLP,2023,domestic_cup,2821,1455,FC Lisse,FC Dordrecht,1,3
2023-10-31,4192910,DKP,2023,domestic_cup,22110,369,FC Helsingör,Lyngby Boldklub,6,7
2023-10-31,4192915,DKP,2023,domestic_cup,190,865,FC Copenhagen,FC Midtjylland,1,0
2023-10-31,4194140,DFB,2023,domestic_cup,10,41,Arminia Bielefeld,Hamburger SV,4,5
2023-10-31,4194141,DFB,2023,domestic_cup,459,65,FC 08 Homburg,SpVgg Greuther Fürth,2,1
2023-10-31,4194142,DFB,2023,domestic_cup,66,38,SpVgg Unterhaching,Fortuna Düsseldorf,3,6
2023-10-31,4194145,DFB,2023,domestic_cup,35,33,FC St. Pauli,FC Schalke 04,2,1
2023-10-31,4194147,DFB,2023,domestic_cup,18,2036,Borussia Mönchengladbach,1. Fußballclub Heidenheim 1846,3,1
2023-10-31,4194150,DFB,2023,domestic_cup,79,89,VfB Stuttgart,1.FC Union Berlin,1,0
2023-10-31,4194153,DFB,2023,domestic_cup,82,23826,VfL Wolfsburg,RB Leipzig,1,0
2023-10-31,4194154,DFB,2023,domestic_cup,2,3,1.FC Kaiserslautern,1.FC Köln,3,2
2023-10-31,4195832,POCP,2023,,8024,294,FC Arouca,SL Benfica,0,2
2023-10-31,4204005,CDR,2023,domestic_cup,47421,3302,CF Talavera de la Reina,UD Almería,0,2
2023-10-31,4204009,CDR,2023,domestic_cup,7803,472,CD Manacor,UD Las Palmas,0,3
2023-10-31,4204011,CDR,2023,domestic_cup,41409,3368,CD Varea,Levante UD,0,3
2023-10-31,4204012,CDR,2023,domestic_cup,49806,1533,CF Lorca Deportiva,SD Eibar,0,4
2023-10-31,4204017,CDR,2023,domestic_cup,36060,714,CD Mensajero,RCD Espanyol Barcelona,0,2
2023-10-31,4204046,CDR,2023,domestic_cup,11602,2502,CP Cacereño,CD Castellón,2,3
2023-10-31,4220936,CGB,2022,,3820,1211,Mansfield Town,Port Vale FC,0,1
2023-10-31,4220937,CGB,2022,,6699,641,Exeter City,Middlesbrough FC,2,3
2023-11-01,4120606,UKR1,2023,domestic_league,48726,60551,Rukh Lviv,SC Dnipro-1,0,2
2023-11-01,4120908,SC1,2023,domestic_league,371,465,Celtic FC,St. Mirren FC,2,1
2023-11-01,4120909,SC1,2023,domestic_league,511,124,Dundee FC,Rangers FC,0,5
2023-11-01,4120910,SC1,2023,domestic_league,43,1241,Heart of Midlothian FC,Livingston FC,1,0
2023-11-01,4120912,SC1,2023,domestic_league,987,370,Motherwell FC,Aberdeen FC,2,4
2023-11-01,4120913,SC1,2023,domestic_league,2578,2553,St. Johnstone FC,Kilmarnock FC,2,1
2023-11-01,4126974,RUP,2023,domestic_cup,41231,1124,FK Sochi,Fakel Voronezh,2,0
2023-11-01,4126975,RUP,2023,domestic_cup,932,2698,"Футбольный клуб ""Локомотив"" Москва",FC Rubin Kazan,3,0
2023-11-01,4126980,RUP,2023,domestic_cup,232,16704,FK Spartak Moskva,FK Krasnodar,2,3
2023-11-01,4161036,CIT,2023,domestic_cup,252,5621,Genoa CFC,AC Reggiana 1919,2,1
2023-11-01,4161037,CIT,2023,domestic_cup,1005,130,US Lecce,Parma Calcio 1913,2,4
2023-11-01,4161039,CIT,2023,domestic_cup,410,1390,Udinese Calcio,Cagliari Calcio,1,2
2023-11-01,4190033,NLP,2023,domestic_cup,9545,202,Rijnsburgse Boys,FC Groningen,0,1
2023-11-01,4190034,NLP,2023,domestic_cup,404,798,FC Den Bosch,Excelsior Rotterdam,1,2
2023-11-01,4190039,NLP,2023,domestic_cup,6614,34156,SVV Scheveningen,USV Hercules,3,4
2023-11-01,4190040,NLP,2023,domestic_cup,11312,1304,HHC Hardenberg,Heracles Almelo,2,0
2023-11-01,4190041,NLP,2023,domestic_cup,7116,468,VV IJsselmeervogels,Sparta Rotterdam,0,2
2023-11-01,4190042,NLP,2023,domestic_cup,44594,34396,RKVV DEM,VV Hoogeveen,3,1
2023-11-01,4190049,NLP,2023,domestic_cup,10804,385,Sparta Nijkerk,Fortuna Sittardia Combinatie,0,1
2023-11-01,4190051,NLP,2023,domestic_cup,2838,1269,AFC Amsterdam,PEC Zwolle,1,0
2023-11-01,4190055,NLP,2023,domestic_cup,17605,44455,RKAV Volendam,VV Eemdijk,5,0
2023-11-01,4190057,NLP,2023,domestic_cup,9933,12652,VV Katwijk,SV TEC Tiel,5,0
2023-11-01,4192909,DKP,2023,domestic_cup,362,443,Akademisk Boldklub,Vejle Boldklub,4,3
2023-11-01,4192911,DKP,2023,domestic_cup,1063,2778,Viborg FF,FC Nordsjaelland,2,3
2023-11-01,4192912,DKP,2023,domestic_cup,5776,173,FC Fredericia,Odense Boldklub,3,1
2023-11-01,4194139,DFB,2023,domestic_cup,1622,24,FC Viktoria Köln,Eintracht Frankfurt,0,2
2023-11-01,4194143,DFB,2023,domestic_cup,254,15,SV Sandhausen,Bayer 04 Leverkusen,2,5
2023-11-01,4194144,DFB,2023,domestic_cup,1,27,1.FC Saarbrücken,Bayern Munich,2,1
2023-11-01,4194146,DFB,2023,domestic_cup,4,30,1.FC Nuremberg,FC Hansa Rostock,3,2
2023-11-01,4194148,DFB,2023,domestic_cup,269,187,Holstein Kiel,1.FC Magdeburg,6,7
2023-11-01,4194149,DFB,2023,domestic_cup,60,127,SC Freiburg,SC Paderborn 07,1,3
2023-11-01,4194151,DFB,2023,domestic_cup,44,39,Hertha BSC,1.FSV Mainz 05,3,0
2023-11-01,4194152,DFB,2023,domestic_cup,16,533,Borussia Dortmund,TSG 1899 Hoffenheim,1,0
2023-11-01,4195831,POCP,2023,,1075,3268,SC Braga,Casa Pia AC,1,1
2023-11-01,4196382,DKP,2023,domestic_cup,1894,1177,Hvidovre IF,Silkeborg IF,1,5
2023-11-01,4203994,CDR,2023,domestic_cup,92096,150,CD Hernán Cortés,Real Betis Balompié,1,12
2023-11-01,4203996,CDR,2023,domestic_cup,112751,3709,CF Tardienta,Getafe CF,0,12
2023-11-01,4203997,CDR,2023,domestic_cup,38405,367,Atlético de Lugones,Rayo Vallecano,0,6
2023-11-01,4203998,CDR,2023,domestic_cup,36551,368,CD Quintanar de la Orden,Sevilla FC,0,3
2023-11-01,4204000,CDR,2023,domestic_cup,102243,940,Turégano CF,Celta de Vigo,0,4
2023-11-01,4204001,CDR,2023,domestic_cup,55875,681,CD Buñol,Real Sociedad,0,1
2023-11-01,4204002,CDR,2023,domestic_cup,42928,621,UE Rubí,Athletic Bilbao,1,2
2023-11-01,4204003,CDR,2023,domestic_cup,41394,237,CD Boiro,RCD Mallorca,0,4
2023-11-01,4204004,CDR,2023,domestic_cup,21548,12321,CD San Roque de Lepe,Girona FC,1,2
2023-11-01,4204006,CDR,2023,domestic_cup,111469,2687,CF Badalona Futur,Cádiz CF,2,4
2023-11-01,4204010,CDR,2023,domestic_cup,40977,10718,Atlético Astorga,FC Andorra,1,0
2023-11-01,4204013,CDR,2023,domestic_cup,666,12567,Real Jaén CF,CD Eldense,2,3
2023-11-01,4204014,CDR,2023,domestic_cup,44640,7077,CD Azuaga,FC Cartagena,2,3
2023-11-01,4204016,CDR,2023,domestic_cup,18669,366,Penya Deportiva Santa Eulalia,Real Valladolid CF,1,5
2023-11-01,4204018,CDR,2023,domestic_cup,20921,11596,CDA Navalcarnero,AD Alcorcón,0,1
2023-11-01,4204019,CDR,2023,domestic_cup,1881,1532,Terrassa FC,Albacete Balompié,1,0
2023-11-01,4204020,CDR,2023,domestic_cup,11615,2448,CD Guijuelo,Sporting Gijón,0,3
2023-11-01,4204021,CDR,2023,domestic_cup,13244,13222,Utebo FC,CD Mirandés,1,2
2023-11-01,4204022,CDR,2023,domestic_cup,41709,2497,CE Manresa,Real Oviedo,1,2
2023-11-01,4204023,CDR,2023,domestic_cup,20528,1531,CE Europa,Elche CF,0,2
2023-11-01,4204024,CDR,2023,domestic_cup,12361,1176,Marbella FC,Racing Ferrol,1,3
2023-11-01,4204025,CDR,2023,domestic_cup,10907,630,Zamora CF,Racing Santander,6,5
2023-11-01,4204026,CDR,2023,domestic_cup,73488,1244,AD Llerenense,CD Leganés,0,2
2023-11-01,4204028,CDR,2023,domestic_cup,2855,648,SD Compostela,CD Tenerife,0,1
2023-11-01,4204029,CDR,2023,domestic_cup,49957,5358,Águilas FC,SD Huesca,0,1
2023-11-01,4204030,CDR,2023,domestic_cup,13223,19301,CD Valle de Egüés,CD Teruel,1,0
2023-11-01,4204031,CDR,2023,domestic_cup,3708,1084,Barakaldo CF,Málaga CF,2,4
2023-11-01,4204032,CDR,2023,domestic_cup,73876,41403,CE Andratx,SD Tarazona,3,2
2023-11-01,4204033,CDR,2023,domestic_cup,29271,2867,CD Tudelano,Recreativo Huelva,1,0
2023-11-01,4204035,CDR,2023,domestic_cup,38268,16022,CD Manchego Ciudad Real,Antequera CF,1,3
2023-11-01,4204036,CDR,2023,domestic_cup,20844,58946,Real Avilés CF,CD Arenteiro,0,1
2023-11-01,4204037,CDR,2023,domestic_cup,25483,897,CD Covadonga,Deportivo de La Coruña,1,3
2023-11-01,4204038,CDR,2023,domestic_cup,33818,16492,Náxara CD,UD Melilla,1,2
2023-11-01,4204039,CDR,2023,domestic_cup,11590,52397,Gernika Club,Unionistas CF,0,2
2023-11-01,4204041,CDR,2023,domestic_cup,42457,11000,Club Atlético Antoniano,CD Lugo,0,1
2023-11-01,4204042,CDR,2023,domestic_cup,16387,4032,UD Barbastro,SD Ponferradina,1,0
2023-11-01,4204043,CDR,2023,domestic_cup,21337,21322,Yeclano Deportivo,Atlético Sanluqueño,2,0
2023-11-01,4204044,CDR,2023,domestic_cup,34148,12351,UCAM Murcia CF,Linares Deportivo,6,7
2023-11-01,4204045,CDR,2023,domestic_cup,25377,171,Arandina CF,Real Murcia CF,1,0
2023-11-01,4204047,CDR,2023,domestic_cup,4054,5648,Orihuela CF,Gimnàstic de Tarragona,6,5
2023-11-01,4204048,CDR,2023,domestic_cup,90844,40979,CD Ursaria,CD Cayón,1,2
2023-11-01,4205135,UKRP,2023,domestic_cup,6992,10690,Chornomorets Odesa,Zorya Lugansk,4,1
2023-11-01,4206604,RUP,2023,domestic_cup,59024,5287,Rodina Moscow,Chernomorets Novorossijsk,3,0
2023-11-01,4206605,RUP,2023,domestic_cup,3719,91328,FC Khimki (-2025),Dinamo Vladivostok,4,0
2023-11-01,4206607,RUP,2023,domestic_cup,78749,3690,Forte Taganrog,SKA Khabarovsk,0,2
2023-11-01,4220938,CGB,2022,,379,11,West Ham United,Arsenal FC,3,1
2023-11-01,4220939,CGB,2022,,631,164,Chelsea FC,Blackburn Rovers,2,0
2023-11-01,4220940,CGB,2022,,989,31,AFC Bournemouth,Liverpool FC,1,2
2023-11-01,4220941,CGB,2022,,29,1132,Everton FC,Burnley FC,3,0
2023-11-01,4220942,CGB,2022,,677,931,Ipswich Town,Fulham FC,1,3
2023-11-01,4220943,CGB,2022,,985,762,Manchester United,Newcastle United,0,3
2023-11-02,4097982,NL1,2023,domestic_league,610,724,Ajax Amsterdam,FC Volendam,2,0
2023-11-02,4126973,RUP,2023,domestic_cup,2410,14589,PFK CSKA Moskva,FC Orenburg,3,1
2023-11-02,4126976,RUP,2023,domestic_cup,1083,11127,FK Rostov,Ural Yekaterinburg,2,1
2023-11-02,4126979,RUP,2023,domestic_cup,121,49702,FK Dinamo Moskva,FK Nizhny Novgorod,2,1
2023-11-02,4161040,CIT,2023,domestic_cup,416,8970,Torino FC,Frosinone Calcio,1,2
2023-11-02,4161041,CIT,2023,domestic_cup,6574,3522,US Sassuolo,Spezia Calcio,5,4
2023-11-02,4190031,NLP,2023,domestic_cup,467,192,NEC Nijmegen,Roda JC Kerkrade,5,3
2023-11-02,4190047,NLP,2023,domestic_cup,133,384,SC Cambuur Leeuwarden,MVV Maastricht,4,1
2023-11-02,4190048,NLP,2023,domestic_cup,1228,3892,TOP Oss,FC Eindhoven,0,1
2023-11-02,4190050,NLP,2023,domestic_cup,44694,403,SJC Noordwijk,Willem II Tilburg,1,3
2023-11-02,4192913,DKP,2023,domestic_cup,5724,206,Randers FC,Bröndby IF,0,1
2023-11-02,4192914,DKP,2023,domestic_cup,75807,678,Ishöj IF,Aarhus GF,0,4
2023-11-02,4195833,POCP,2023,,336,4294,Sporting CP,SC Farense,4,2
2023-11-02,4203995,CDR,2023,domestic_cup,24794,1050,Chiclana CF,Villarreal CF,0,5
2023-11-02,4203999,CDR,2023,domestic_cup,112753,1108,Deportivo Murcia FC,Deportivo Alavés,0,10
2023-11-02,4204007,CDR,2023,domestic_cup,24420,1049,UD Logroñés,Valencia CF,0,2
2023-11-02,4204008,CDR,2023,domestic_cup,20220,16795,Arosa SC,Granada CF,3,0
2023-11-02,4204027,CDR,2023,domestic_cup,7971,1536,Hércules CF,Burgos CF,1,2
2023-11-02,4204040,CDR,2023,domestic_cup,7052,13241,CF Villanovense,UD Ibiza,2,1
2023-11-02,4205133,UKRP,2023,domestic_cup,39097,2740,Obolon Kyiv,Vorskla Poltava,0,3
2023-11-02,4205134,UKRP,2023,domestic_cup,53646,18303,FK Polissya Zhytomyr,FC Oleksandriya,4,3
2023-11-02,4206606,RUP,2023,domestic_cup,71985,6432,Akron Togliatti,Volgar Astrakhan,0,1
2023-11-03,4094668,FR1,2023,domestic_league,583,969,Paris Saint-Germain,Montpellier HSC,3,0
2023-11-03,4096056,L1,2023,domestic_league,105,80,SV Darmstadt 98,VfL Bochum,1,2
2023-11-03,4098873,BE1,2023,domestic_league,475,1245,Sint-Truidense VV,KAS Eupen,1,1
2023-11-03,4103573,IT1,2023,domestic_league,1025,398,Bologna Football Club 1909,Società Sportiva Lazio S.p.A.,1,0
2023-11-03,4109341,PO1,2023,domestic_league,720,1465,FC Porto,GD Estoril Praia,0,1
2023-11-03,4113115,ES1,2023,domestic_league,472,13,UD Las Palmas,Atlético de Madrid,2,1
2023-11-03,4120671,UKR1,2023,domestic_league,338,660,Dynamo Kyiv,FC Shakhtar Donetsk,0,1
2023-11-03,4129515,TR1,2023,domestic_league,141,10484,Galatasaray,Kasimpasa,2,1
2023-11-03,4218991,FAC,2023,domestic_cup,349,20786,Barnsley FC,Horsham FC,3,3
2023-11-03,4218992,FAC,2023,domestic_cup,76609,899,Sheppey United,Walsall FC,1,4
2023-11-04,4090221,DK1,2023,domestic_league,369,173,Lyngby Boldklub,Odense Boldklub,2,2
2023-11-04,4094671,FR1,2023,domestic_league,244,1082,Olympique Marseille,LOSC Lille,0,0
2023-11-04,4094672,FR1,2023,domestic_league,1158,826,FC Lorient,RC Lens,0,0
2023-11-04,4095176,GB1,2023,domestic_league,1148,379,Brentford FC,West Ham United,3,2
2023-11-04,4095177,GB1,2023,domestic_league,1132,873,Burnley FC,Crystal Palace,0,2
2023-11-04,4095178,GB1,2023,domestic_league,29,1237,Everton FC,Brighton & Hove Albion,1,1
2023-11-04,4095179,GB1,2023,domestic_league,931,985,Fulham FC,Manchester United,0,1
2023-11-04,4095181,GB1,2023,domestic_league,281,989,Manchester City,AFC Bournemouth,6,1
2023-11-04,4095182,GB1,2023,domestic_league,762,11,Newcastle United,Arsenal FC,1,0
2023-11-04,4095184,GB1,2023,domestic_league,350,543,Sheffield United,Wolverhampton Wanderers,2,1
2023-11-04,4096048,L1,2023,domestic_league,16,27,Borussia Dortmund,Bayern Munich,0,4
2023-11-04,4096049,L1,2023,domestic_league,89,24,1.FC Union Berlin,Eintracht Frankfurt,0,3
2023-11-04,4096050,L1,2023,domestic_league,60,18,SC Freiburg,Borussia Mönchengladbach,3,3
2023-11-04,4096052,L1,2023,domestic_league,39,23826,1.FSV Mainz 05,RB Leipzig,2,0
2023-11-04,4096053,L1,2023,domestic_league,3,167,1.FC Köln,FC Augsburg,1,1
2023-11-04,4096054,L1,2023,domestic_league,533,15,TSG 1899 Hoffenheim,Bayer 04 Leverkusen,2,3
2023-11-04,4097967,NL1,2023,domestic_league,235,234,RKC Waalwijk,Feyenoord Rotterdam,1,2
2023-11-04,4097968,NL1,2023,domestic_league,798,1090,Excelsior Rotterdam,AZ Alkmaar,1,1
2023-11-04,4097969,NL1,2023,domestic_league,1435,499,Go Ahead Eagles,Vitesse Arnhem,5,1
2023-11-04,4097970,NL1,2023,domestic_league,1304,383,Heracles Almelo,PSV Eindhoven,0,6
2023-11-04,4098868,BE1,2023,domestic_league,1096,1184,Royal Antwerp FC,KRC Genk,3,2
2023-11-04,4098869,BE1,2023,domestic_league,2727,968,Oud-Heverlee Leuven,KVC Westerlo,0,2
2023-11-04,4098870,BE1,2023,domestic_league,54189,601,RWD Molenbeek,KV Kortrijk,1,1
2023-11-04,4103572,IT1,2023,domestic_league,800,46,Atalanta BC,Inter Milan,1,2
2023-11-04,4103578,IT1,2023,domestic_league,5,410,AC Milan,Udinese Calcio,0,1
2023-11-04,4103580,IT1,2023,domestic_league,380,6195,US Salernitana 1919,SSC Napoli,0,2
2023-11-04,4109344,PO1,2023,domestic_league,3325,294,GD Chaves,SL Benfica,0,2
2023-11-04,4109345,PO1,2023,domestic_league,3329,2424,FC Famalicão,Gil Vicente FC,3,1
2023-11-04,4109346,PO1,2023,domestic_league,1075,7378,SC Braga,Portimonense SC,6,1
2023-11-04,4113101,ES1,2023,domestic_league,150,237,Real Betis Balompié,RCD Mallorca,2,0
2023-11-04,4113104,ES1,2023,domestic_league,940,368,Celta de Vigo,Sevilla FC,1,1
2023-11-04,4113118,ES1,2023,domestic_league,681,131,Real Sociedad,FC Barcelona,0,1
2023-11-04,4113157,ES1,2023,domestic_league,331,12321,CA Osasuna,Girona FC,2,4
2023-11-04,4120665,UKR1,2023,domestic_league,63007,48332,LNZ Cherkasy,Kolos Kovalivka,1,1
2023-11-04,4120916,SC1,2023,domestic_league,2553,987,Kilmarnock FC,Motherwell FC,1,0
2023-11-04,4120918,SC1,2023,domestic_league,2759,371,Ross County FC,Celtic FC,0,3
2023-11-04,4129514,TR1,2023,domestic_league,924,3209,Istanbulspor,Pendikspor,2,4
2023-11-04,4129516,TR1,2023,domestic_league,152,7775,Samsunspor,Hatayspor,2,1
2023-11-04,4129520,TR1,2023,domestic_league,36,449,Fenerbahce,Trabzonspor,2,3
2023-11-04,4150558,GR1,2023,domestic_league,30120,2441,Athlitiki Enosi Kifisias,Athlitiki Enosi Konstantinoupoleos,1,1
2023-11-04,4150563,GR1,2023,domestic_league,3999,265,PAS Lamia 1964,Panathinaikos Athlitikos Omilos,1,2
2023-11-04,4188963,SFA,2023,domestic_cup,26151,24232,Luncarty FC,Bo'ness United FC,0,1
2023-11-04,4216887,RU1,2023,domestic_league,3725,1124,RFK Akhmat Grozny,Fakel Voronezh,1,2
2023-11-04,4216888,RU1,2023,domestic_league,2741,964,FK Baltika,AO FK Zenit Sankt-Peterburg,0,2
2023-11-04,4218993,FAC,2023,domestic_cup,1302,6168,Northampton Town,Barrow AFC,1,3
2023-11-04,4218994,FAC,2023,domestic_cup,3884,3371,AFC Wimbledon,Cheltenham Town,5,1
2023-11-04,4218995,FAC,2023,domestic_cup,3721,8123,Alfreton Town,Worthing FC,2,0
2023-11-04,4218996,FAC,2023,domestic_cup,355,12335,Bolton Wanderers,Solihull Moors,4,0
2023-11-04,4218997,FAC,2023,domestic_cup,1027,2805,Bradford City,Wycombe Wanderers,1,2
2023-11-04,4218998,FAC,2023,domestic_cup,2455,17675,Bristol Rovers,Whitby Town,7,2
2023-11-04,4218999,FAC,2023,domestic_cup,986,20953,Cambridge United,Bracknell Town,2,1
2023-11-04,4219000,FAC,2023,domestic_cup,9153,7047,Chesham United,Maidstone United,0,2
2023-11-04,4219001,FAC,2023,domestic_cup,31367,1252,Chester FC,York City,0,0
2023-11-04,4219002,FAC,2023,domestic_cup,13556,2804,Curzon Ashton,Barnet FC,0,1
2023-11-04,4219003,FAC,2023,domestic_cup,2454,3688,Doncaster Rovers,Accrington Stanley,2,2
2023-11-04,4219004,FAC,2023,domestic_cup,10391,3867,Eastleigh FC,Boreham Wood FC,5,1
2023-11-04,4219005,FAC,2023,domestic_cup,6699,1071,Exeter City,Wigan Athletic,0,2
2023-11-04,4219006,FAC,2023,domestic_cup,46842,2814,Hereford FC,Gillingham FC,0,2
2023-11-04,4219007,FAC,2023,domestic_cup,1150,1220,Leyton Orient,Carlisle United,3,1
2023-11-04,4219008,FAC,2023,domestic_cup,1198,3697,Lincoln City,Morecambe FC,1,2
2023-11-04,4219009,FAC,2023,domestic_cup,23010,12020,Marine FC,Harrogate Town,1,5
2023-11-04,4219010,FAC,2023,domestic_cup,3716,1078,Newport County,Oldham Athletic,2,0
2023-11-04,4219011,FAC,2023,domestic_cup,1045,3537,Notts County,Crawley Town,3,2
2023-11-04,4219012,FAC,2023,domestic_cup,988,7123,Oxford United,Maidenhead United,2,0
2023-11-04,4219013,FAC,2023,domestic_cup,1072,34888,Peterborough United,Salford City,2,2
2023-11-04,4219014,FAC,2023,domestic_cup,1211,2963,Port Vale FC,Burton Albion,0,0
2023-11-04,4219015,FAC,2023,domestic_cup,20416,2796,Ramsgate FC,Woking FC,2,1
2023-11-04,4219016,FAC,2023,domestic_cup,1032,991,Reading FC,Milton Keynes Dons,3,2
2023-11-04,4219018,FAC,2023,domestic_cup,3054,1060,Shrewsbury Town,Colchester United,3,2
2023-11-04,4219019,FAC,2023,domestic_cup,3684,1074,Stevenage FC,Tranmere Rovers,4,3
2023-11-04,4219020,FAC,2023,domestic_cup,1098,3835,Stockport County,Worksop Town,5,1
2023-11-04,4219021,FAC,2023,domestic_cup,3052,22672,Sutton United,AFC Fylde,2,1
2023-11-04,4219022,FAC,2023,domestic_cup,352,3717,Swindon Town,Aldershot Town,4,7
2023-11-04,4219023,FAC,2023,domestic_cup,972,3456,Yeovil Town,Gateshead FC,3,2
2023-11-04,4219024,FAC,2023,domestic_cup,8981,1181,Bromley FC,Blackpool FC,0,2
2023-11-04,4219025,FAC,2023,domestic_cup,3820,1112,Mansfield Town,Wrexham AFC,1,2
2023-11-05,4090219,DK1,2023,domestic_league,2778,443,FC Nordsjaelland,Vejle Boldklub,1,0
2023-11-05,4090220,DK1,2023,domestic_league,1894,865,Hvidovre IF,FC Midtjylland,1,4
2023-11-05,4090223,DK1,2023,domestic_league,5724,190,Randers FC,FC Copenhagen,2,4
2023-11-05,4090224,DK1,2023,domestic_league,1063,1177,Viborg FF,Silkeborg IF,2,1
2023-11-05,4094669,FR1,2023,domestic_league,667,3524,RC Strasbourg Alsace,Clermont Foot 63,0,0
2023-11-05,4094670,FR1,2023,domestic_league,415,738,FC Toulouse,Le Havre AC,1,2
2023-11-05,4094673,FR1,2023,domestic_league,162,3911,AS Monaco,Stade Brestois 29,2,0
2023-11-05,4094674,FR1,2023,domestic_league,1041,347,Olympique Lyon,FC Metz,1,1
2023-11-05,4094675,FR1,2023,domestic_league,417,273,OGC Nice,Stade Rennais FC,2,0
2023-11-05,4094676,FR1,2023,domestic_league,995,1421,FC Nantes,Stade Reims,0,1
2023-11-05,4095180,GB1,2023,domestic_league,1031,31,Luton Town,Liverpool FC,1,1
2023-11-05,4095183,GB1,2023,domestic_league,703,405,Nottingham Forest,Aston Villa,2,0
2023-11-05,4096051,L1,2023,domestic_league,82,86,VfL Wolfsburg,SV Werder Bremen,2,2
2023-11-05,4096055,L1,2023,domestic_league,2036,79,1. Fußballclub Heidenheim 1846,VfB Stuttgart,2,0
2023-11-05,4097966,NL1,2023,domestic_league,610,306,Ajax Amsterdam,SC Heerenveen,4,1
2023-11-05,4097971,NL1,2023,domestic_league,200,317,FC Utrecht,FC Twente Enschede,1,1
2023-11-05,4097972,NL1,2023,domestic_league,1269,385,PEC Zwolle,Fortuna Sittardia Combinatie,2,0
2023-11-05,4097973,NL1,2023,domestic_league,467,724,NEC Nijmegen,FC Volendam,3,3
2023-11-05,4097974,NL1,2023,domestic_league,468,723,Sparta Rotterdam,Almere City FC,1,2
2023-11-05,4098867,BE1,2023,domestic_league,3057,354,Standard Liège,KV Mechelen,1,1
2023-11-05,4098871,BE1,2023,domestic_league,520,58,Cercle Brugge,RSC Anderlecht,0,3
2023-11-05,4098872,BE1,2023,domestic_league,3948,2282,Union Saint-Gilloise,Club Brugge KV,2,1
2023-11-05,4098874,BE1,2023,domestic_league,172,157,Royal Charleroi Sporting Club,KAA Gent,1,3
2023-11-05,4103574,IT1,2023,domestic_league,1390,252,Cagliari Calcio,Genoa CFC,2,1
2023-11-05,4103575,IT1,2023,domestic_league,430,506,ACF Fiorentina,Juventus FC,0,1
2023-11-05,4103577,IT1,2023,domestic_league,276,2919,Hellas Verona,AC Monza,1,3
2023-11-05,4103579,IT1,2023,domestic_league,12,1005,Associazione Sportiva Roma,US Lecce,2,1
2023-11-05,4109339,PO1,2023,domestic_league,979,2420,Moreirense FC,Vitória Guimarães SC,1,0
2023-11-05,4109340,PO1,2023,domestic_league,2425,2503,Rio Ave FC,Boavista FC,2,0
2023-11-05,4109342,PO1,2023,domestic_league,336,2431,Sporting CP,CF Estrela Amadora,3,2
2023-11-05,4109347,PO1,2023,domestic_league,3268,6912,Casa Pia AC,FC Vizela,0,1
2023-11-05,4113107,ES1,2023,domestic_league,1108,3302,Deportivo Alavés,UD Almería,1,0
2023-11-05,4113111,ES1,2023,domestic_league,1050,621,Villarreal CF,Athletic Bilbao,2,3
2023-11-05,4113162,ES1,2023,domestic_league,418,367,Real Madrid,Rayo Vallecano,0,0
2023-11-05,4113168,ES1,2023,domestic_league,1049,16795,Valencia CF,Granada CF,1,0
2023-11-05,4120664,UKR1,2023,domestic_league,55686,6992,TOV FK Metalist 1925 Kharkiv,Chornomorets Odesa,2,1
2023-11-05,4120667,UKR1,2023,domestic_league,61825,2740,FC Minaj,Vorskla Poltava,0,0
2023-11-05,4120669,UKR1,2023,domestic_league,26459,10690,NK Veres Rivne,Zorya Lugansk,2,2
2023-11-05,4120940,SC1,2023,domestic_league,511,1241,Dundee FC,Livingston FC,1,0
2023-11-05,4129518,TR1,2023,domestic_league,6890,868,Basaksehir FK,MKE Ankaragücü,3,3
2023-11-05,4129519,TR1,2023,domestic_league,589,114,Antalyaspor,Beşiktaş Jimnastik Kulübü,3,2
2023-11-05,4129521,TR1,2023,domestic_league,2381,3840,Sivasspor,Adana Demirspor,1,1
2023-11-05,4129522,TR1,2023,domestic_league,2293,6646,Konyaspor,Fatih Karagümrük,1,1
2023-11-05,4150557,GR1,2023,domestic_league,605,3060,Aris Thessalonikis,APS Atromitos Athinon,1,3
2023-11-05,4150559,GR1,2023,domestic_league,683,1091,Olympiakos Syndesmos Filathlon Peiraios,Panthessalonikios Athlitikos Omilos Konstantinoupoliton,2,4
2023-11-05,4150560,GR1,2023,domestic_league,6418,6676,Panetolikos Agrinio,A.G.S Asteras Tripolis,0,1
2023-11-05,4150562,GR1,2023,domestic_league,2671,60949,PAS Giannina,Volou Neos Podosferikos Syllogos,1,1
2023-11-05,4216889,RU1,2023,domestic_league,16704,2696,FK Krasnodar,PFK Krylya Sovetov Samara,2,1
2023-11-05,4216890,RU1,2023,domestic_league,2410,49702,PFK CSKA Moskva,FK Nizhny Novgorod,3,2
2023-11-05,4216891,RU1,2023,domestic_league,932,232,"Футбольный клуб ""Локомотив"" Москва",FK Spartak Moskva,1,1
2023-11-05,4219026,FAC,2023,domestic_cup,1219,1020,Chesterfield FC,Portsmouth FC,1,0
2023-11-05,4219027,FAC,2023,domestic_cup,1195,11177,Kidderminster Harriers,Fleetwood Town,1,2
2023-11-05,4219028,FAC,2023,domestic_cup,11310,1034,Slough Town,Grimsby Town,1,1
2023-11-05,4219029,FAC,2023,domestic_cup,1042,22,Crewe Alexandra,Derby County,2,2
2023-11-05,4219030,FAC,2023,domestic_cup,358,46889,Charlton Athletic,Cray Valley Paper Mills,1,1
2023-11-06,4090222,DK1,2023,domestic_league,206,678,Bröndby IF,Aarhus GF,1,1
2023-11-06,4095185,GB1,2023,domestic_league,148,631,Tottenham Hotspur,Chelsea FC,1,4
2023-11-06,4103576,IT1,2023,domestic_league,8970,749,Frosinone Calcio,FC Empoli,2,1
2023-11-06,4103581,IT1,2023,domestic_league,416,6574,Torino FC,US Sassuolo,2,1
2023-11-06,4109343,PO1,2023,domestic_league,4294,8024,SC Farense,FC Arouca,2,0
2023-11-06,4113123,ES1,2023,domestic_league,3709,2687,Getafe CF,Cádiz CF,1,0
2023-11-06,4120666,UKR1,2023,domestic_league,53646,3592,FK Polissya Zhytomyr,Kryvbas Kryvyi Rig,1,1
2023-11-06,4120668,UKR1,2023,domestic_league,60551,18303,SC Dnipro-1,FC Oleksandriya,1,0
2023-11-06,4120670,UKR1,2023,domestic_league,48726,39097,Rukh Lviv,Obolon Kyiv,2,2
2023-11-06,4129513,TR1,2023,domestic_league,3205,11282,Kayserispor,Alanyaspor,1,0
2023-11-06,4129517,TR1,2023,domestic_league,2832,126,Gaziantep FK,Caykur Rizespor,2,0
2023-11-06,4150561,GR1,2023,domestic_league,3385,653,Panserraikos Serres,Omilos Filathlon Irakliou FC,2,1
2023-11-06,4216892,RU1,2023,domestic_league,14589,1083,FC Orenburg,FK Rostov,1,1
2023-11-06,4216893,RU1,2023,domestic_league,11127,2698,Ural Yekaterinburg,FC Rubin Kazan,0,1
2023-11-06,4216894,RU1,2023,domestic_league,41231,121,FK Sochi,FK Dinamo Moskva,3,3
2023-11-07,4120901,SC1,2023,domestic_league,2578,987,St. Johnstone FC,Motherwell FC,2,2
2023-11-07,4171277,CL,2023,international_cup,13,371,Atlético de Madrid,Celtic FC,6,0
2023-11-07,4171278,CL,2023,international_cup,398,234,Società Sportiva Lazio S.p.A.,Feyenoord Rotterdam,1,0
2023-11-07,4171289,CL,2023,international_cup,16,762,Borussia Dortmund,Newcastle United,2,0
2023-11-07,4171290,CL,2023,international_cup,5,583,AC Milan,Paris Saint-Germain,2,1
2023-11-07,4171317,CL,2023,international_cup,281,452,Manchester City,BSC Young Boys,3,0
2023-11-07,4171322,CL,2023,international_cup,159,23826,Red Star Belgrade,RB Leipzig,1,2
2023-11-07,4174067,CL,2023,international_cup,660,131,FC Shakhtar Donetsk,FC Barcelona,1,0
2023-11-07,4174068,CL,2023,international_cup,720,1096,FC Porto,Royal Antwerp FC,2,0
2023-11-08,4120919,SC1,2023,domestic_league,465,903,St. Mirren FC,Hibernian FC,2,2
2023-11-08,4126824,TR1,2023,domestic_league,152,924,Samsunspor,Istanbulspor,2,1
2023-11-08,4171218,CL,2023,international_cup,27,141,Bayern Munich,Galatasaray,2,1
2023-11-08,4171223,CL,2023,international_cup,190,985,FC Copenhagen,Manchester United,4,3
2023-11-08,4171231,CL,2023,international_cup,11,368,Arsenal FC,Sevilla FC,2,0
2023-11-08,4171236,CL,2023,international_cup,383,826,PSV Eindhoven,RC Lens,1,0
2023-11-08,4171250,CL,2023,international_cup,6195,89,SSC Napoli,1.FC Union Berlin,1,1
2023-11-08,4171252,CL,2023,international_cup,418,1075,Real Madrid,SC Braga,3,0
2023-11-08,4171267,CL,2023,international_cup,409,46,Fußballclub Red Bull Salzburg,Inter Milan,0,1
2023-11-08,4171269,CL,2023,international_cup,681,294,Real Sociedad,SL Benfica,3,1
2023-11-08,4192004,GRP,2023,domestic_cup,2672,7977,APO Levadiakos Football Club,Eolikos Mytilinis,3,0
2023-11-08,4204034,CDR,2023,domestic_cup,33306,13240,Gimnástica Segoviana CF,Sestao River,3,4
2023-11-09,4172061,EL,2023,other,379,683,West Ham United,Olympiakos Syndesmos Filathlon Peiraios,1,0
2023-11-09,4172069,EL,2023,other,60,3137,SC Freiburg,FK TSC Backa Topola,5,0
2023-11-09,4172074,EL,2023,other,610,1237,Ajax Amsterdam,Brighton & Hove Albion,0,2
2023-11-09,4172083,EL,2023,other,2441,244,Athlitiki Enosi Konstantinoupoleos,Olympique Marseille,0,2
2023-11-09,4172086,EL,2023,other,124,197,Rangers FC,AC Sparta Prague,2,1
2023-11-09,4172090,EL,2023,other,150,10586,Real Betis Balompié,Aris Limassol,4,1
2023-11-09,4172098,EL,2023,other,800,122,Atalanta BC,Sportklub Puntigamer Sturm Graz,1,0
2023-11-09,4172102,EL,2023,other,336,9644,Sporting CP,Raków Częstochowa,2,1
2023-11-09,4172114,EL,2023,other,413,3948,LASK,Union Saint-Gilloise,3,0
2023-11-09,4172119,EL,2023,other,415,31,FC Toulouse,Liverpool FC,3,2
2023-11-09,4172126,EL,2023,other,273,265,Stade Rennais FC,Panathinaikos Athlitikos Omilos,3,1
2023-11-09,4172127,EL,2023,other,1064,1050,Maccabi Haifa,Villarreal CF,1,2
2023-11-09,4172136,EL,2023,other,62,12,SK Slavia Prague,Associazione Sportiva Roma,2,0
2023-11-09,4172144,EL,2023,other,61,2481,Servette FC,FC Sheriff Tiraspol,2,1
2023-11-09,4172148,EL,2023,other,10625,15,Qarabağ FK,Bayer 04 Leverkusen,0,1
2023-11-09,4172156,EL,2023,other,1109,687,BK Häcken,Molde Fotballklubb,1,3
2023-11-09,4172232,UCOL,2023,other,540,1082,Slovan Bratislava,LOSC Lille,1,1
2023-11-09,4172237,UCOL,2023,other,4772,6170,NK Olimpija Ljubljana,KÍ Klaksvík,2,0
2023-11-09,4172248,UCOL,2023,other,10690,119,Zorya Lugansk,Maccabi Tel Aviv,1,3
2023-11-09,4172250,UCOL,2023,other,3737,157,Breidablik Kópavogur,KAA Gent,2,3
2023-11-09,4172255,UCOL,2023,other,941,419,FC Viktoria Plzen,GNK Dinamo Zagreb,1,0
2023-11-09,4172260,UCOL,2023,other,22220,28082,FC Astana,FC Ballkani,0,0
2023-11-09,4172267,UCOL,2023,other,2282,2790,Club Brugge KV,FC Lugano,2,0
2023-11-09,4172272,UCOL,2023,other,114,501,Beşiktaş Jimnastik Kulübü,Fotballklubben Bodø/Glimt,1,2
2023-11-09,4172281,UCOL,2023,other,405,1090,Aston Villa,AZ Alkmaar,2,1
2023-11-09,4172286,UCOL,2023,other,255,6808,Legia Warszawa,HSK Zrinjski Mostar,2,0
2023-11-09,4172291,UCOL,2023,other,279,1184,Ferencvárosi TC,KRC Genk,1,1
2023-11-09,4172300,UCOL,2023,other,6621,430,FK Cukaricki,ACF Fiorentina,0,1
2023-11-09,4172307,UCOL,2023,other,1091,370,Panthessalonikios Athlitikos Omilos Konstantinoupoliton,Aberdeen FC,2,2
2023-11-09,4172308,UCOL,2023,other,1008,24,HJK Helsinki,Eintracht Frankfurt,0,1
2023-11-09,4172317,UCOL,2023,other,31614,36,Ludogorets Razgrad,Fenerbahce,2,0
2023-11-09,4172325,UCOL,2023,other,2778,365,FC Nordsjaelland,Spartak Trnava,1,1
2023-11-10,4090230,DK1,2023,domestic_league,1177,5724,Silkeborg IF,Randers FC,1,1
2023-11-10,4094684,FR1,2023,domestic_league,969,417,Montpellier HSC,OGC Nice,0,0
2023-11-10,4096060,L1,2023,domestic_league,18,82,Borussia Mönchengladbach,VfL Wolfsburg,4,0
2023-11-10,4098101,NL1,2023,domestic_league,385,1304,Fortuna Sittardia Combinatie,Heracles Almelo,4,1
2023-11-10,4098825,BE1,2023,domestic_league,968,475,KVC Westerlo,Sint-Truidense VV,3,3
2023-11-10,4103583,IT1,2023,domestic_league,252,276,Genoa CFC,Hellas Verona,1,0
2023-11-10,4103590,IT1,2023,domestic_league,6574,380,US Sassuolo,US Salernitana 1919,2,2
2023-11-10,4109387,PO1,2023,domestic_league,1465,3268,GD Estoril Praia,Casa Pia AC,4,0
2023-11-10,4113088,ES1,2023,domestic_league,621,940,Athletic Bilbao,Celta de Vigo,4,3
2023-11-10,4120673,UKR1,2023,domestic_league,48332,61825,Kolos Kovalivka,FC Minaj,2,0
2023-11-10,4129529,TR1,2023,domestic_league,449,2293,Trabzonspor,Konyaspor,2,1
2023-11-10,4129531,TR1,2023,domestic_league,868,589,MKE Ankaragücü,Antalyaspor,0,4
2023-11-11,4094680,FR1,2023,domestic_league,1421,583,Stade Reims,Paris Saint-Germain,0,3
2023-11-11,4094682,FR1,2023,domestic_league,738,162,Le Havre AC,AS Monaco,0,0
2023-11-11,4095186,GB1,2023,domestic_league,989,762,AFC Bournemouth,Newcastle United,2,0
2023-11-11,4095187,GB1,2023,domestic_league,11,1132,Arsenal FC,Burnley FC,3,1
2023-11-11,4095191,GB1,2023,domestic_league,873,29,Crystal Palace,Everton FC,2,3
2023-11-11,4095193,GB1,2023,domestic_league,985,1031,Manchester United,Luton Town,1,0
2023-11-11,4095195,GB1,2023,domestic_league,543,148,Wolverhampton Wanderers,Tottenham Hotspur,2,1
2023-11-11,4096057,L1,2023,domestic_league,27,2036,Bayern Munich,1. Fußballclub Heidenheim 1846,4,2
2023-11-11,4096062,L1,2023,domestic_league,80,3,VfL Bochum,1.FC Köln,1,1
2023-11-11,4096063,L1,2023,domestic_league,167,533,FC Augsburg,TSG 1899 Hoffenheim,1,1
2023-11-11,4096064,L1,2023,domestic_league,79,16,VfB Stuttgart,Borussia Dortmund,2,1
2023-11-11,4096065,L1,2023,domestic_league,105,39,SV Darmstadt 98,1.FSV Mainz 05,0,0
2023-11-11,4098102,NL1,2023,domestic_league,499,306,Vitesse Arnhem,SC Heerenveen,1,3
2023-11-11,4098104,NL1,2023,domestic_league,235,1435,RKC Waalwijk,Go Ahead Eagles,0,1
2023-11-11,4098106,NL1,2023,domestic_league,317,467,FC Twente Enschede,NEC Nijmegen,3,3
2023-11-11,4098822,BE1,2023,domestic_league,1096,3057,Royal Antwerp FC,Standard Liège,6,0
2023-11-11,4098824,BE1,2023,domestic_league,354,172,KV Mechelen,Royal Charleroi Sporting Club,1,0
2023-11-11,4098826,BE1,2023,domestic_league,1245,54189,KAS Eupen,RWD Molenbeek,1,3
2023-11-11,4103585,IT1,2023,domestic_league,506,1390,Juventus FC,Cagliari Calcio,2,1
2023-11-11,4103587,IT1,2023,domestic_league,1005,5,US Lecce,AC Milan,2,2
2023-11-11,4103588,IT1,2023,domestic_league,2919,416,AC Monza,Torino FC,1,1
2023-11-11,4109384,PO1,2023,domestic_league,2431,979,CF Estrela Amadora,Moreirense FC,0,1
2023-11-11,4109385,PO1,2023,domestic_league,7378,3325,Portimonense SC,GD Chaves,2,1
2023-11-11,4109386,PO1,2023,domestic_league,6912,3329,FC Vizela,FC Famalicão,0,0
2023-11-11,4109392,PO1,2023,domestic_league,2420,720,Vitória Guimarães SC,FC Porto,1,2
2023-11-11,4113086,ES1,2023,domestic_league,3302,681,UD Almería,Real Sociedad,1,3
2023-11-11,4113096,ES1,2023,domestic_league,418,1049,Real Madrid,Valencia CF,5,1
2023-11-11,4113102,ES1,2023,domestic_league,16795,3709,Granada CF,Getafe CF,1,1
2023-11-11,4113105,ES1,2023,domestic_league,367,12321,Rayo Vallecano,Girona FC,1,2
2023-11-11,4113110,ES1,2023,domestic_league,331,472,CA Osasuna,UD Las Palmas,1,1
2023-11-11,4120672,UKR1,2023,domestic_league,53646,55686,FK Polissya Zhytomyr,TOV FK Metalist 1925 Kharkiv,2,1
2023-11-11,4120674,UKR1,2023,domestic_league,18303,26459,FC Oleksandriya,NK Veres Rivne,1,0
2023-11-11,4120675,UKR1,2023,domestic_league,39097,2740,Obolon Kyiv,Vorskla Poltava,0,1
2023-11-11,4120921,SC1,2023,domestic_league,511,465,Dundee FC,St. Mirren FC,4,0
2023-11-11,4120922,SC1,2023,domestic_league,903,2553,Hibernian FC,Kilmarnock FC,1,0
2023-11-11,4120924,SC1,2023,domestic_league,987,43,Motherwell FC,Heart of Midlothian FC,1,2
2023-11-11,4120925,SC1,2023,domestic_league,2578,2759,St. Johnstone FC,Ross County FC,1,0
2023-11-11,4129523,TR1,2023,domestic_league,7775,141,Hatayspor,Galatasaray,2,1
2023-11-11,4129525,TR1,2023,domestic_league,10484,3205,Kasimpasa,Kayserispor,3,4
2023-11-11,4129526,TR1,2023,domestic_league,11282,2832,Alanyaspor,Gaziantep FK,0,3
2023-11-11,4129528,TR1,2023,domestic_league,6646,2381,Fatih Karagümrük,Sivasspor,3,0
2023-11-11,4150636,GR1,2023,domestic_league,3060,3385,APS Atromitos Athinon,Panserraikos Serres,1,1
2023-11-11,4150637,GR1,2023,domestic_league,60949,605,Volou Neos Podosferikos Syllogos,Aris Thessalonikis,0,2
2023-11-11,4150638,GR1,2023,domestic_league,653,2671,Omilos Filathlon Irakliou FC,PAS Giannina,1,1
2023-11-11,4216895,RU1,2023,domestic_league,2696,11127,PFK Krylya Sovetov Samara,Ural Yekaterinburg,3,1
2023-11-11,4216896,RU1,2023,domestic_league,1124,2410,Fakel Voronezh,PFK CSKA Moskva,1,1
2023-11-11,4216897,RU1,2023,domestic_league,932,3725,"Футбольный клуб ""Локомотив"" Москва",RFK Akhmat Grozny,2,1
2023-11-11,4216898,RU1,2023,domestic_league,964,16704,AO FK Zenit Sankt-Peterburg,FK Krasnodar,1,1
2023-11-12,4090225,DK1,2023,domestic_league,678,1063,Aarhus GF,Viborg FF,2,0
2023-11-12,4090226,DK1,2023,domestic_league,865,2778,FC Midtjylland,FC Nordsjaelland,2,0
2023-11-12,4090227,DK1,2023,domestic_league,190,206,FC Copenhagen,Bröndby IF,0,0
2023-11-12,4090228,DK1,2023,domestic_league,173,1894,Odense Boldklub,Hvidovre IF,0,2
2023-11-12,4090229,DK1,2023,domestic_league,443,369,Vejle Boldklub,Lyngby Boldklub,1,0
2023-11-12,4094677,FR1,2023,domestic_league,273,1041,Stade Rennais FC,Olympique Lyon,0,1
2023-11-12,4094678,FR1,2023,domestic_league,1082,415,LOSC Lille,FC Toulouse,1,1
2023-11-12,4094679,FR1,2023,domestic_league,3524,1158,Clermont Foot 63,FC Lorient,1,0
2023-11-12,4094681,FR1,2023,domestic_league,826,244,RC Lens,Olympique Marseille,1,0
2023-11-12,4094683,FR1,2023,domestic_league,347,995,FC Metz,FC Nantes,3,1
2023-11-12,4095188,GB1,2023,domestic_league,405,931,Aston Villa,Fulham FC,3,1
2023-11-12,4095189,GB1,2023,domestic_league,1237,350,Brighton & Hove Albion,Sheffield United,1,1
2023-11-12,4095190,GB1,2023,domestic_league,631,281,Chelsea FC,Manchester City,4,4
2023-11-12,4095192,GB1,2023,domestic_league,31,1148,Liverpool FC,Brentford FC,3,0
2023-11-12,4095194,GB1,2023,domestic_league,379,703,West Ham United,Nottingham Forest,3,2
2023-11-12,4096058,L1,2023,domestic_league,23826,60,RB Leipzig,SC Freiburg,3,1
2023-11-12,4096059,L1,2023,domestic_league,15,89,Bayer 04 Leverkusen,1.FC Union Berlin,4,0
2023-11-12,4096061,L1,2023,domestic_league,86,24,SV Werder Bremen,Eintracht Frankfurt,2,2
2023-11-12,4098103,NL1,2023,domestic_league,383,1269,PSV Eindhoven,PEC Zwolle,4,0
2023-11-12,4098105,NL1,2023,domestic_league,724,468,FC Volendam,Sparta Rotterdam,1,4
2023-11-12,4098107,NL1,2023,domestic_league,723,610,Almere City FC,Ajax Amsterdam,2,2
2023-11-12,4098108,NL1,2023,domestic_league,234,1090,Feyenoord Rotterdam,AZ Alkmaar,1,0
2023-11-12,4098109,NL1,2023,domestic_league,200,798,FC Utrecht,Excelsior Rotterdam,2,2
2023-11-12,4098819,BE1,2023,domestic_league,2282,520,Club Brugge KV,Cercle Brugge,0,0
2023-11-12,4098820,BE1,2023,domestic_league,1184,2727,KRC Genk,Oud-Heverlee Leuven,3,1
2023-11-12,4098821,BE1,2023,domestic_league,157,58,KAA Gent,RSC Anderlecht,1,1
2023-11-12,4098823,BE1,2023,domestic_league,3948,601,Union Saint-Gilloise,KV Kortrijk,3,0
2023-11-12,4103582,IT1,2023,domestic_league,430,1025,ACF Fiorentina,Bologna Football Club 1909,2,1
2023-11-12,4103584,IT1,2023,domestic_league,46,8970,Inter Milan,Frosinone Calcio,2,0
2023-11-12,4103586,IT1,2023,domestic_league,398,12,Società Sportiva Lazio S.p.A.,Associazione Sportiva Roma,0,0
2023-11-12,4103589,IT1,2023,domestic_league,6195,749,SSC Napoli,FC Empoli,0,1
2023-11-12,4103591,IT1,2023,domestic_league,410,800,Udinese Calcio,Atalanta BC,1,1
2023-11-12,4109388,PO1,2023,domestic_league,2424,2425,Gil Vicente FC,Rio Ave FC,1,1
2023-11-12,4109389,PO1,2023,domestic_league,2503,4294,Boavista FC,SC Farense,1,3
2023-11-12,4109390,PO1,2023,domestic_league,8024,1075,FC Arouca,SC Braga,0,1
2023-11-12,4109391,PO1,2023,domestic_league,294,336,SL Benfica,Sporting CP,2,1
2023-11-12,4113092,ES1,2023,domestic_league,13,1050,Atlético de Madrid,Villarreal CF,3,1
2023-11-12,4113098,ES1,2023,domestic_league,368,150,Sevilla FC,Real Betis Balompié,1,1
2023-11-12,4113116,ES1,2023,domestic_league,131,1108,FC Barcelona,Deportivo Alavés,2,1
2023-11-12,4120676,UKR1,2023,domestic_league,10690,63007,Zorya Lugansk,LNZ Cherkasy,1,2
2023-11-12,4120677,UKR1,2023,domestic_league,3592,338,Kryvbas Kryvyi Rig,Dynamo Kyiv,0,2
2023-11-12,4120678,UKR1,2023,domestic_league,6992,48726,Chornomorets Odesa,Rukh Lviv,2,3
2023-11-12,4120679,UKR1,2023,domestic_league,660,60551,FC Shakhtar Donetsk,SC Dnipro-1,1,3
2023-11-12,4120920,SC1,2023,domestic_league,371,370,Celtic FC,Aberdeen FC,6,0
2023-11-12,4120923,SC1,2023,domestic_league,1241,124,Livingston FC,Rangers FC,0,2
2023-11-12,4129524,TR1,2023,domestic_league,3209,152,Pendikspor,Samsunspor,1,0
2023-11-12,4129527,TR1,2023,domestic_league,3840,36,Adana Demirspor,Fenerbahce,0,0
2023-11-12,4129530,TR1,2023,domestic_league,114,6890,Beşiktaş Jimnastik Kulübü,Basaksehir FK,1,0
2023-11-12,4129532,TR1,2023,domestic_league,126,924,Caykur Rizespor,Istanbulspor,1,0
2023-11-12,4150572,GR1,2023,domestic_league,30120,265,Athlitiki Enosi Kifisias,Panathinaikos Athlitikos Omilos,0,1
2023-11-12,4150634,GR1,2023,domestic_league,2441,3999,Athlitiki Enosi Konstantinoupoleos,PAS Lamia 1964,3,0
2023-11-12,4150635,GR1,2023,domestic_league,6676,683,A.G.S Asteras Tripolis,Olympiakos Syndesmos Filathlon Peiraios,0,2
2023-11-12,4150640,GR1,2023,domestic_league,1091,6418,Panthessalonikios Athlitikos Omilos Konstantinoupoliton,Panetolikos Agrinio,2,1
2023-11-12,4216899,RU1,2023,domestic_league,49702,2741,FK Nizhny Novgorod,FK Baltika,0,0
2023-11-12,4216900,RU1,2023,domestic_league,121,14589,FK Dinamo Moskva,FC Orenburg,2,0
2023-11-12,4216901,RU1,2023,domestic_league,41231,2698,FK Sochi,FC Rubin Kazan,0,2
2023-11-12,4216902,RU1,2023,domestic_league,232,1083,FK Spartak Moskva,FK Rostov,2,1
2023-11-14,4204015,CDR,2023,domestic_cup,69006,142,Atzeneta UE,Real Zaragoza,2,1
2023-11-14,4227992,FAC,2023,domestic_cup,20786,349,Horsham FC,Barnsley FC,0,3
2023-11-14,4227993,FAC,2023,domestic_cup,3688,2454,Accrington Stanley,Doncaster Rovers,1,2
2023-11-14,4227994,FAC,2023,domestic_cup,2963,1211,Burton Albion,Port Vale FC,0,2
2023-11-14,4227995,FAC,2023,domestic_cup,22,1042,Derby County,Crewe Alexandra,1,3
2023-11-14,4227997,FAC,2023,domestic_cup,1034,11310,Grimsby Town,Slough Town,7,2
2023-11-14,4227998,FAC,2023,domestic_cup,34888,1072,Salford City,Peterborough United,4,5
2023-11-14,4227999,FAC,2023,domestic_cup,1252,31367,York City,Chester FC,2,1
2023-11-15,4200633,GRP,2023,domestic_cup,2670,29397,Ethnikos Piraeus,AO Giouchtas,1,2
2023-11-15,4228114,FAC,2023,domestic_cup,46889,358,Cray Valley Paper Mills,Charlton Athletic,1,6
2023-11-16,4190046,NLP,2023,domestic_cup,3410,724,Excelsior Maassluis,FC Volendam,1,0
2023-11-22,4224317,GRP,2023,domestic_cup,2672,3999,APO Levadiakos Football Club,PAS Lamia 1964,2,1
2023-11-22,4227818,CDR,2023,domestic_cup,10907,1050,Zamora CF,Villarreal CF,1,2
2023-11-22,4227848,GRP,2023,domestic_cup,29397,3060,AO Giouchtas,APS Atromitos Athinon,0,1
2023-11-24,4090231,DK1,2023,domestic_league,1894,443,Hvidovre IF,Vejle Boldklub,1,1
2023-11-24,4094686,FR1,2023,domestic_league,583,162,Paris Saint-Germain,AS Monaco,5,2
2023-11-24,4096071,L1,2023,domestic_league,3,27,1.FC Köln,Bayern Munich,0,1
2023-11-24,4098881,BE1,2023,domestic_league,475,1096,Sint-Truidense VV,Royal Antwerp FC,1,1
2023-11-24,4113079,ES1,2023,domestic_league,1108,16795,Deportivo Alavés,Granada CF,3,1
2023-11-24,4120687,UKR1,2023,domestic_league,660,53646,FC Shakhtar Donetsk,FK Polissya Zhytomyr,0,0
2023-11-24,4150553,GR1,2023,domestic_league,653,60949,Omilos Filathlon Irakliou FC,Volou Neos Podosferikos Syllogos,1,1
2023-11-24,4223988,SFA,2023,domestic_cup,1270,2795,Dunfermline Athletic FC,Raith Rovers FC,0,3
2023-11-24,4223989,SFA,2023,domestic_cup,2575,26147,Clyde FC,Jeanfield Swifts FC,2,0
2023-11-25,4090234,DK1,2023,domestic_league,1063,190,Viborg FF,FC Copenhagen,2,1
2023-11-25,4094687,FR1,2023,domestic_league,667,244,RC Strasbourg Alsace,Olympique Marseille,1,1
2023-11-25,4094692,FR1,2023,domestic_league,3524,826,Clermont Foot 63,RC Lens,0,3
2023-11-25,4095196,GB1,2023,domestic_league,1148,11,Brentford FC,Arsenal FC,0,1
2023-11-25,4095197,GB1,2023,domestic_league,1132,379,Burnley FC,West Ham United,1,2
2023-11-25,4095200,GB1,2023,domestic_league,1031,873,Luton Town,Crystal Palace,2,1
2023-11-25,4095201,GB1,2023,domestic_league,281,31,Manchester City,Liverpool FC,1,1
2023-11-25,4095202,GB1,2023,domestic_league,762,631,Newcastle United,Chelsea FC,4,1
2023-11-25,4095203,GB1,2023,domestic_league,703,1237,Nottingham Forest,Brighton & Hove Albion,2,3
2023-11-25,4095204,GB1,2023,domestic_league,350,989,Sheffield United,AFC Bournemouth,1,3
2023-11-25,4096066,L1,2023,domestic_league,16,18,Borussia Dortmund,Borussia Mönchengladbach,4,2
2023-11-25,4096067,L1,2023,domestic_league,89,167,1.FC Union Berlin,FC Augsburg,1,1
2023-11-25,4096068,L1,2023,domestic_league,60,105,SC Freiburg,SV Darmstadt 98,1,1
2023-11-25,4096069,L1,2023,domestic_league,24,79,Eintracht Frankfurt,VfB Stuttgart,1,2
2023-11-25,4096070,L1,2023,domestic_league,82,23826,VfL Wolfsburg,RB Leipzig,2,1
2023-11-25,4096073,L1,2023,domestic_league,86,15,SV Werder Bremen,Bayer 04 Leverkusen,0,3
2023-11-25,4098047,NL1,2023,domestic_league,798,234,Excelsior Rotterdam,Feyenoord Rotterdam,2,4
2023-11-25,4098048,NL1,2023,domestic_league,317,383,FC Twente Enschede,PSV Eindhoven,0,3
2023-11-25,4098049,NL1,2023,domestic_league,306,385,SC Heerenveen,Fortuna Sittardia Combinatie,3,0
2023-11-25,4098050,NL1,2023,domestic_league,1269,235,PEC Zwolle,RKC Waalwijk,1,2
2023-11-25,4098051,NL1,2023,domestic_league,610,499,Ajax Amsterdam,Vitesse Arnhem,5,0
2023-11-25,4098876,BE1,2023,domestic_league,3057,1184,Standard Liège,KRC Genk,1,0
2023-11-25,4098880,BE1,2023,domestic_league,520,1245,Cercle Brugge,KAS Eupen,2,0
2023-11-25,4098882,BE1,2023,domestic_league,172,968,Royal Charleroi Sporting Club,KVC Westerlo,3,2
2023-11-25,4103592,IT1,2023,domestic_league,800,6195,Atalanta BC,SSC Napoli,1,2
2023-11-25,4103599,IT1,2023,domestic_league,5,430,AC Milan,ACF Fiorentina,1,0
2023-11-25,4103601,IT1,2023,domestic_league,380,398,US Salernitana 1919,Società Sportiva Lazio S.p.A.,2,1
2023-11-25,4113075,ES1,2023,domestic_league,13,237,Atlético de Madrid,RCD Mallorca,1,0
2023-11-25,4113081,ES1,2023,domestic_league,3709,3302,Getafe CF,UD Almería,2,1
2023-11-25,4113089,ES1,2023,domestic_league,367,131,Rayo Vallecano,FC Barcelona,1,1
2023-11-25,4113094,ES1,2023,domestic_league,1049,940,Valencia CF,Celta de Vigo,0,0
2023-11-25,4120680,UKR1,2023,domestic_league,26459,55686,NK Veres Rivne,TOV FK Metalist 1925 Kharkiv,4,3
2023-11-25,4120681,UKR1,2023,domestic_league,61825,3592,FC Minaj,Kryvbas Kryvyi Rig,0,1
2023-11-25,4120683,UKR1,2023,domestic_league,2740,63007,Vorskla Poltava,LNZ Cherkasy,0,0
2023-11-25,4120927,SC1,2023,domestic_league,371,987,Celtic FC,Motherwell FC,1,1
2023-11-25,4120928,SC1,2023,domestic_league,511,903,Dundee FC,Hibernian FC,1,2
2023-11-25,4120929,SC1,2023,domestic_league,43,2578,Heart of Midlothian FC,St. Johnstone FC,1,0
2023-11-25,4120930,SC1,2023,domestic_league,2759,2553,Ross County FC,Kilmarnock FC,0,0
2023-11-25,4120931,SC1,2023,domestic_league,465,1241,St. Mirren FC,Livingston FC,1,0
2023-11-25,4129534,TR1,2023,domestic_league,924,7775,Istanbulspor,Hatayspor,2,1
2023-11-25,4129535,TR1,2023,domestic_league,141,11282,Galatasaray,Alanyaspor,4,0
2023-11-25,4129537,TR1,2023,domestic_league,2832,868,Gaziantep FK,MKE Ankaragücü,0,1
2023-11-25,4129542,TR1,2023,domestic_league,2293,10484,Konyaspor,Kasimpasa,2,0
2023-11-25,4150552,GR1,2023,domestic_league,683,6418,Olympiakos Syndesmos Filathlon Peiraios,Panetolikos Agrinio,3,1
2023-11-25,4150605,GR1,2023,domestic_league,1091,3385,Panthessalonikios Athlitikos Omilos Konstantinoupoliton,Panserraikos Serres,5,0
2023-11-25,4172245,UCOL,2023,other,119,10690,Maccabi Tel Aviv,Zorya Lugansk,3,2
2023-11-25,4220518,SFA,2023,domestic_cup,3014,20603,Albion Rovers FC,Bonnyrigg Rose FC,0,1
2023-11-25,4220519,SFA,2023,domestic_cup,3015,3023,Annan Athletic FC,Dumbarton FC,4,5
2023-11-25,4220520,SFA,2023,domestic_cup,16253,6400,Broxburn Athletic FC,Buckie Thistle FC,6,7
2023-11-25,4220521,SFA,2023,domestic_cup,3470,44482,Cumnock Juniors FC,BSC Glasgow,0,3
2023-11-25,4220522,SFA,2023,domestic_cup,26144,3020,Dunbar United FC,Alloa Athletic FC,1,2
2023-11-25,4220523,SFA,2023,domestic_cup,1191,23613,Falkirk FC,Formartine United FC,3,0
2023-11-25,4220524,SFA,2023,domestic_cup,2999,3804,Hamilton Academical FC,Kelty Hearts FC,0,2
2023-11-25,4220525,SFA,2023,domestic_cup,26154,3016,Tranent FC,Forfar Athletic FC,0,1
2023-11-25,4220526,SFA,2023,domestic_cup,3030,12886,Montrose FC,Edinburgh City FC,3,0
2023-11-25,4220527,SFA,2023,domestic_cup,17602,3021,The Spartans FC,Arbroath FC,2,1
2023-11-25,4220528,SFA,2023,domestic_cup,3034,2802,Stranraer FC,Airdrieonians FC,0,1
2023-11-25,4220529,SFA,2023,domestic_cup,3001,1519,Queen of the South FC,Dundee United FC,6,5
2023-11-25,4220530,SFA,2023,domestic_cup,3032,1192,Peterhead FC,Ayr United FC,1,2
2023-11-25,4220531,SFA,2023,domestic_cup,3033,8933,Stirling Albion FC,Cove Rangers FC,0,2
2023-11-25,4220532,SFA,2023,domestic_cup,2760,3031,Partick Thistle FC,Queen's Park FC,3,0
2023-11-25,4223990,SFA,2023,domestic_cup,2451,3027,Inverness Caledonian Thistle FC,Cowdenbeath FC,2,0
2023-11-25,4223991,SFA,2023,domestic_cup,3026,24232,Greenock Morton FC,Bo'ness United FC,4,0
2023-11-25,4223992,SFA,2023,domestic_cup,3491,6325,Brora Rangers FC,Pollok FC,1,0
2023-11-25,4225539,RU1,2023,domestic_league,2696,932,PFK Krylya Sovetov Samara,"Футбольный клуб ""Локомотив"" Москва",3,3
2023-11-25,4225540,RU1,2023,domestic_league,964,41231,AO FK Zenit Sankt-Peterburg,FK Sochi,3,0
2023-11-25,4225541,RU1,2023,domestic_league,2410,121,PFK CSKA Moskva,FK Dinamo Moskva,2,3
2023-11-25,4225542,RU1,2023,domestic_league,2741,232,FK Baltika,FK Spartak Moskva,0,2
2023-11-26,4090232,DK1,2023,domestic_league,2778,678,FC Nordsjaelland,Aarhus GF,0,0
2023-11-26,4090233,DK1,2023,domestic_league,369,206,Lyngby Boldklub,Bröndby IF,3,3
2023-11-26,4090236,DK1,2023,domestic_league,5724,173,Randers FC,Odense Boldklub,0,1
2023-11-26,4094688,FR1,2023,domestic_league,273,1421,Stade Rennais FC,Stade Reims,3,1
2023-11-26,4094689,FR1,2023,domestic_league,1158,347,FC Lorient,FC Metz,2,3
2023-11-26,4094690,FR1,2023,domestic_league,1041,1082,Olympique Lyon,LOSC Lille,0,2
2023-11-26,4094691,FR1,2023,domestic_league,417,415,OGC Nice,FC Toulouse,1,0
2023-11-26,4094693,FR1,2023,domestic_league,995,738,FC Nantes,Le Havre AC,0,0
2023-11-26,4094694,FR1,2023,domestic_league,969,3911,Montpellier HSC,Stade Brestois 29,1,3
2023-11-26,4095198,GB1,2023,domestic_league,29,985,Everton FC,Manchester United,0,3
2023-11-26,4095205,GB1,2023,domestic_league,148,405,Tottenham Hotspur,Aston Villa,1,2
2023-11-26,4096072,L1,2023,domestic_league,533,39,TSG 1899 Hoffenheim,1.FSV Mainz 05,1,1
2023-11-26,4096074,L1,2023,domestic_league,2036,80,1. Fußballclub Heidenheim 1846,VfL Bochum,0,0
2023-11-26,4098052,NL1,2023,domestic_league,723,1304,Almere City FC,Heracles Almelo,0,5
2023-11-26,4098053,NL1,2023,domestic_league,1090,724,AZ Alkmaar,FC Volendam,3,0
2023-11-26,4098054,NL1,2023,domestic_league,467,1435,NEC Nijmegen,Go Ahead Eagles,1,1
2023-11-26,4098055,NL1,2023,domestic_league,468,200,Sparta Rotterdam,FC Utrecht,1,2
2023-11-26,4098875,BE1,2023,domestic_league,58,54189,RSC Anderlecht,RWD Molenbeek,2,1
2023-11-26,4098877,BE1,2023,domestic_league,157,3948,KAA Gent,Union Saint-Gilloise,1,1
2023-11-26,4098878,BE1,2023,domestic_league,2727,2282,Oud-Heverlee Leuven,Club Brugge KV,0,1
2023-11-26,4098879,BE1,2023,domestic_league,601,354,KV Kortrijk,KV Mechelen,0,3
2023-11-26,4103594,IT1,2023,domestic_league,1390,2919,Cagliari Calcio,AC Monza,1,1
2023-11-26,4103595,IT1,2023,domestic_league,749,6574,FC Empoli,US Sassuolo,3,4
2023-11-26,4103596,IT1,2023,domestic_league,8970,252,Frosinone Calcio,Genoa CFC,2,1
2023-11-26,4103598,IT1,2023,domestic_league,506,46,Juventus FC,Inter Milan,1,1
2023-11-26,4103600,IT1,2023,domestic_league,12,410,Associazione Sportiva Roma,Udinese Calcio,3,1
2023-11-26,4113076,ES1,2023,domestic_league,150,472,Real Betis Balompié,UD Las Palmas,1,0
2023-11-26,4113077,ES1,2023,domestic_league,2687,418,Cádiz CF,Real Madrid,0,3
2023-11-26,4113078,ES1,2023,domestic_league,681,368,Real Sociedad,Sevilla FC,2,1
2023-11-26,4113097,ES1,2023,domestic_league,1050,331,Villarreal CF,CA Osasuna,3,1
2023-11-26,4120686,UKR1,2023,domestic_league,338,48726,Dynamo Kyiv,Rukh Lviv,2,0
2023-11-26,4120926,SC1,2023,domestic_league,370,124,Aberdeen FC,Rangers FC,1,1
2023-11-26,4129533,TR1,2023,domestic_league,3205,3840,Kayserispor,Adana Demirspor,1,1
2023-11-26,4129536,TR1,2023,domestic_league,152,114,Samsunspor,Beşiktaş Jimnastik Kulübü,1,2
2023-11-26,4129539,TR1,2023,domestic_league,589,126,Antalyaspor,Caykur Rizespor,0,0
2023-11-26,4129540,TR1,2023,domestic_league,36,6646,Fenerbahce,Fatih Karagümrük,2,1
2023-11-26,4150550,GR1,2023,domestic_league,605,265,Aris Thessalonikis,Panathinaikos Athlitikos Omilos,2,0
2023-11-26,4150551,GR1,2023,domestic_league,30120,6676,Athlitiki Enosi Kifisias,A.G.S Asteras Tripolis,1,3
2023-11-26,4150555,GR1,2023,domestic_league,2671,2441,PAS Giannina,Athlitiki Enosi Konstantinoupoleos,0,1
2023-11-26,4150556,GR1,2023,domestic_league,3999,3060,PAS Lamia 1964,APS Atromitos Athinon,3,3
2023-11-26,4225543,RU1,2023,domestic_league,14589,3725,FC Orenburg,RFK Akhmat Grozny,1,1
2023-11-26,4225544,RU1,2023,domestic_league,11127,16704,Ural Yekaterinburg,FK Krasnodar,3,1
2023-11-26,4225545,RU1,2023,domestic_league,2698,1124,FC Rubin Kazan,Fakel Voronezh,1,0
2023-11-26,4225546,RU1,2023,domestic_league,1083,49702,FK Rostov,FK Nizhny Novgorod,1,0
2023-11-27,4090235,DK1,2023,domestic_league,1177,865,Silkeborg IF,FC Midtjylland,1,4
2023-11-27,4095199,GB1,2023,domestic_league,931,543,Fulham FC,Wolverhampton Wanderers,3,2
2023-11-27,4103593,IT1,2023,domestic_league,1025,416,Bologna Football Club 1909,Torino FC,2,0
2023-11-27,4103597,IT1,2023,domestic_league,276,1005,Hellas Verona,US Lecce,2,2
2023-11-27,4113085,ES1,2023,domestic_league,12321,621,Girona FC,Athletic Bilbao,1,1
2023-11-27,4120684,UKR1,2023,domestic_league,60551,6992,SC Dnipro-1,Chornomorets Odesa,5,2
2023-11-27,4129538,TR1,2023,domestic_league,6890,3209,Basaksehir FK,Pendikspor,4,1
2023-11-27,4129541,TR1,2023,domestic_league,2381,449,Sivasspor,Trabzonspor,3,3
2023-11-28,4120900,SC1,2023,domestic_league,2759,465,Ross County FC,St. Mirren FC,1,0
2023-11-28,4171272,CL,2023,international_cup,234,13,Feyenoord Rotterdam,Atlético de Madrid,1,3
2023-11-28,4171280,CL,2023,international_cup,398,371,Società Sportiva Lazio S.p.A.,Celtic FC,2,0
2023-11-28,4171286,CL,2023,international_cup,583,762,Paris Saint-Germain,Newcastle United,1,1
2023-11-28,4171291,CL,2023,international_cup,5,16,AC Milan,Borussia Dortmund,1,3
2023-11-28,4171304,CL,2023,international_cup,281,23826,Manchester City,RB Leipzig,3,2
2023-11-28,4171316,CL,2023,international_cup,131,720,FC Barcelona,FC Porto,2,1
2023-11-28,4171326,CL,2023,international_cup,452,159,BSC Young Boys,Red Star Belgrade,2,0
2023-11-28,4174069,CL,2023,international_cup,660,1096,FC Shakhtar Donetsk,Royal Antwerp FC,1,0
2023-11-28,4222127,RUP,2023,domestic_cup,2741,932,FK Baltika,"Футбольный клуб ""Локомотив"" Москва",2,2
2023-11-29,4094648,FR1,2023,domestic_league,969,3524,Montpellier HSC,Clermont Foot 63,1,1
2023-11-29,4113100,ES1,2023,domestic_league,237,2687,RCD Mallorca,Cádiz CF,1,1
2023-11-29,4150622,GR1,2023,domestic_league,60949,3385,Volou Neos Podosferikos Syllogos,Panserraikos Serres,1,0
2023-11-29,4171226,CL,2023,international_cup,141,985,Galatasaray,Manchester United,3,3
2023-11-29,4171229,CL,2023,international_cup,368,383,Sevilla FC,PSV Eindhoven,2,3
2023-11-29,4171233,CL,2023,international_cup,11,826,Arsenal FC,RC Lens,6,0
2023-11-29,4171251,CL,2023,international_cup,418,6195,Real Madrid,SSC Napoli,4,2
2023-11-29,4171256,CL,2023,international_cup,1075,89,SC Braga,1.FC Union Berlin,1,1
2023-11-29,4171260,CL,2023,international_cup,294,46,SL Benfica,Inter Milan,3,3
2023-11-29,4171271,CL,2023,international_cup,681,409,Real Sociedad,Fußballclub Red Bull Salzburg,0,0
2023-11-29,4173957,CL,2023,international_cup,27,190,Bayern Munich,FC Copenhagen,0,0
2023-11-29,4222126,RUP,2023,domestic_cup,14589,232,FC Orenburg,FK Spartak Moskva,1,0
2023-11-29,4222128,RUP,2023,domestic_cup,121,964,FK Dinamo Moskva,AO FK Zenit Sankt-Peterburg,1,0
2023-11-29,4222129,RUP,2023,domestic_cup,1083,2410,FK Rostov,PFK CSKA Moskva,1,1
2023-11-30,4172068,EL,2023,other,60,683,SC Freiburg,Olympiakos Syndesmos Filathlon Peiraios,5,0
2023-11-30,4172070,EL,2023,other,3137,379,FK TSC Backa Topola,West Ham United,0,1
2023-11-30,4172076,EL,2023,other,244,610,Olympique Marseille,Ajax Amsterdam,4,3
2023-11-30,4172084,EL,2023,other,2441,1237,Athlitiki Enosi Konstantinoupoleos,Brighton & Hove Albion,0,1
2023-11-30,4172087,EL,2023,other,124,10586,Rangers FC,Aris Limassol,1,1
2023-11-30,4172092,EL,2023,other,197,150,AC Sparta Prague,Real Betis Balompié,1,0
2023-11-30,4172097,EL,2023,other,800,336,Atalanta BC,Sporting CP,1,1
2023-11-30,4172105,EL,2023,other,122,9644,Sportklub Puntigamer Sturm Graz,Raków Częstochowa,0,1
2023-11-30,4172109,EL,2023,other,415,3948,FC Toulouse,Union Saint-Gilloise,0,0
2023-11-30,4172110,EL,2023,other,31,413,Liverpool FC,LASK,4,0
2023-11-30,4172123,EL,2023,other,1050,265,Villarreal CF,Panathinaikos Athlitikos Omilos,3,2
2023-11-30,4172128,EL,2023,other,1064,273,Maccabi Haifa,Stade Rennais FC,0,3
2023-11-30,4172140,EL,2023,other,2481,62,FC Sheriff Tiraspol,SK Slavia Prague,2,3
2023-11-30,4172142,EL,2023,other,61,12,Servette FC,Associazione Sportiva Roma,1,1
2023-11-30,4172152,EL,2023,other,687,10625,Molde Fotballklubb,Qarabağ FK,2,2
2023-11-30,4172154,EL,2023,other,1109,15,BK Häcken,Bayer 04 Leverkusen,0,2
2023-11-30,4172235,UCOL,2023,other,4772,1082,NK Olimpija Ljubljana,LOSC Lille,0,2
2023-11-30,4172239,UCOL,2023,other,6170,540,KÍ Klaksvík,Slovan Bratislava,1,2
2023-11-30,4172242,UCOL,2023,other,157,10690,KAA Gent,Zorya Lugansk,4,1
2023-11-30,4172251,UCOL,2023,other,3737,119,Breidablik Kópavogur,Maccabi Tel Aviv,1,2
2023-11-30,4172258,UCOL,2023,other,22220,419,FC Astana,GNK Dinamo Zagreb,0,2
2023-11-30,4172262,UCOL,2023,other,28082,941,FC Ballkani,FC Viktoria Plzen,0,1
2023-11-30,4172270,UCOL,2023,other,501,2790,Fotballklubben Bodø/Glimt,FC Lugano,5,2
2023-11-30,4172271,UCOL,2023,other,114,2282,Beşiktaş Jimnastik Kulübü,Club Brugge KV,0,5
2023-11-30,4172280,UCOL,2023,other,1090,6808,AZ Alkmaar,HSK Zrinjski Mostar,1,0
2023-11-30,4172282,UCOL,2023,other,405,255,Aston Villa,Legia Warszawa,2,1
2023-11-30,4172294,UCOL,2023,other,430,1184,ACF Fiorentina,KRC Genk,2,1
2023-11-30,4172299,UCOL,2023,other,6621,279,FK Cukaricki,Ferencvárosi TC,1,2
2023-11-30,4172302,UCOL,2023,other,24,1091,Eintracht Frankfurt,Panthessalonikios Athlitikos Omilos Konstantinoupoliton,1,2
2023-11-30,4172310,UCOL,2023,other,1008,370,HJK Helsinki,Aberdeen FC,2,2
2023-11-30,4172321,UCOL,2023,other,365,31614,Spartak Trnava,Ludogorets Razgrad,1,2
2023-11-30,4172323,UCOL,2023,other,2778,36,FC Nordsjaelland,Fenerbahce,6,1
2023-12-01,4090240,DK1,2023,domestic_league,5724,443,Randers FC,Vejle Boldklub,0,0
2023-12-01,4094699,FR1,2023,domestic_league,1421,667,Stade Reims,RC Strasbourg Alsace,2,1
2023-12-01,4096083,L1,2023,domestic_league,105,3,SV Darmstadt 98,1.FC Köln,0,1
2023-12-01,4098074,NL1,2023,domestic_league,306,723,SC Heerenveen,Almere City FC,3,0
2023-12-01,4098937,BE1,2023,domestic_league,968,58,KVC Westerlo,RSC Anderlecht,1,3
2023-12-01,4103607,IT1,2023,domestic_league,2919,506,AC Monza,Juventus FC,1,2
2023-12-01,4109381,PO1,2023,domestic_league,3325,6912,GD Chaves,FC Vizela,2,1
2023-12-01,4113166,ES1,2023,domestic_league,472,3709,UD Las Palmas,Getafe CF,2,0
2023-12-01,4120688,UKR1,2023,domestic_league,53646,26459,FK Polissya Zhytomyr,NK Veres Rivne,1,1
2023-12-01,4129543,TR1,2023,domestic_league,7775,589,Hatayspor,Antalyaspor,3,3
2023-12-01,4129548,TR1,2023,domestic_league,6646,924,Fatih Karagümrük,Istanbulspor,3,0
2023-12-01,4228796,FAC,2023,domestic_cup,1045,3054,Notts County,Shrewsbury Town,2,3
2023-12-01,4228797,FAC,2023,domestic_cup,1252,1071,York City,Wigan Athletic,0,1
2023-12-02,4094700,FR1,2023,domestic_league,826,1041,RC Lens,Olympique Lyon,3,2
2023-12-02,4094701,FR1,2023,domestic_league,995,417,FC Nantes,OGC Nice,1,0
2023-12-02,4095207,GB1,2023,domestic_league,11,543,Arsenal FC,Wolverhampton Wanderers,2,1
2023-12-02,4095208,GB1,2023,domestic_league,1148,1031,Brentford FC,Luton Town,3,1
2023-12-02,4095209,GB1,2023,domestic_league,1132,350,Burnley FC,Sheffield United,5,0
2023-12-02,4095213,GB1,2023,domestic_league,762,985,Newcastle United,Manchester United,1,0
2023-12-02,4095214,GB1,2023,domestic_league,703,29,Nottingham Forest,Everton FC,0,1
2023-12-02,4096076,L1,2023,domestic_league,23826,2036,RB Leipzig,1. Fußballclub Heidenheim 1846,2,1
2023-12-02,4096079,L1,2023,domestic_league,18,533,Borussia Mönchengladbach,TSG 1899 Hoffenheim,2,1
2023-12-02,4096080,L1,2023,domestic_league,80,82,VfL Bochum,VfL Wolfsburg,3,1
2023-12-02,4096082,L1,2023,domestic_league,79,86,VfB Stuttgart,SV Werder Bremen,2,0
2023-12-02,4098075,NL1,2023,domestic_league,1304,468,Heracles Almelo,Sparta Rotterdam,0,1
2023-12-02,4098076,NL1,2023,domestic_league,724,1269,FC Volendam,PEC Zwolle,0,5
2023-12-02,4098077,NL1,2023,domestic_league,385,499,Fortuna Sittardia Combinatie,Vitesse Arnhem,3,1
2023-12-02,4098078,NL1,2023,domestic_league,235,798,RKC Waalwijk,Excelsior Rotterdam,2,2
2023-12-02,4098933,BE1,2023,domestic_league,1096,2727,Royal Antwerp FC,Oud-Heverlee Leuven,1,0
2023-12-02,4098934,BE1,2023,domestic_league,54189,172,RWD Molenbeek,Royal Charleroi Sporting Club,0,0
2023-12-02,4098938,BE1,2023,domestic_league,1245,601,KAS Eupen,KV Kortrijk,1,1
2023-12-02,4103603,IT1,2023,domestic_league,252,749,Genoa CFC,FC Empoli,1,1
2023-12-02,4103604,IT1,2023,domestic_league,398,1390,Società Sportiva Lazio S.p.A.,Cagliari Calcio,1,0
2023-12-02,4103606,IT1,2023,domestic_league,5,8970,AC Milan,Frosinone Calcio,3,1
2023-12-02,4109378,PO1,2023,domestic_league,2425,2431,Rio Ave FC,CF Estrela Amadora,1,1
2023-12-02,4109379,PO1,2023,domestic_league,4294,2420,SC Farense,Vitória Guimarães SC,1,2
2023-12-02,4109380,PO1,2023,domestic_league,3268,7378,Casa Pia AC,Portimonense SC,1,0
2023-12-02,4109383,PO1,2023,domestic_league,3329,720,FC Famalicão,FC Porto,0,3
2023-12-02,4113130,ES1,2023,domestic_league,621,367,Athletic Bilbao,Rayo Vallecano,4,0
2023-12-02,4113135,ES1,2023,domestic_league,12321,1049,Girona FC,Valencia CF,2,1
2023-12-02,4113139,ES1,2023,domestic_league,331,681,CA Osasuna,Real Sociedad,1,1
2023-12-02,4113169,ES1,2023,domestic_league,418,16795,Real Madrid,Granada CF,2,0
2023-12-02,4120690,UKR1,2023,domestic_league,48332,39097,Kolos Kovalivka,Obolon Kyiv,0,0
2023-12-02,4120691,UKR1,2023,domestic_league,3592,18303,Kryvbas Kryvyi Rig,FC Oleksandriya,2,1
2023-12-02,4120692,UKR1,2023,domestic_league,60551,2740,SC Dnipro-1,Vorskla Poltava,1,2
2023-12-02,4120933,SC1,2023,domestic_league,2553,43,Kilmarnock FC,Heart of Midlothian FC,0,1
2023-12-02,4120935,SC1,2023,domestic_league,987,511,Motherwell FC,Dundee FC,3,3
2023-12-02,4129544,TR1,2023,domestic_league,3209,141,Pendikspor,Galatasaray,0,2
2023-12-02,4129546,TR1,2023,domestic_league,11282,2293,Alanyaspor,Konyaspor,2,2
2023-12-02,4129547,TR1,2023,domestic_league,3840,152,Adana Demirspor,Samsunspor,2,3
2023-12-02,4129552,TR1,2023,domestic_league,126,6890,Caykur Rizespor,Basaksehir FK,3,2
2023-12-02,4150530,GR1,2023,domestic_league,6676,3385,A.G.S Asteras Tripolis,Panserraikos Serres,1,0
2023-12-02,4150534,GR1,2023,domestic_league,6418,30120,Panetolikos Agrinio,Athlitiki Enosi Kifisias,3,0
2023-12-02,4225547,RU1,2023,domestic_league,49702,11127,FK Nizhny Novgorod,Ural Yekaterinburg,1,0
2023-12-02,4225548,RU1,2023,domestic_league,41231,2696,FK Sochi,PFK Krylya Sovetov Samara,0,2
2023-12-02,4225549,RU1,2023,domestic_league,1124,2741,Fakel Voronezh,FK Baltika,0,0
2023-12-02,4228799,FAC,2023,domestic_cup,7047,6168,Maidstone United,Barrow AFC,2,1
2023-12-02,4228800,FAC,2023,domestic_cup,2805,3697,Wycombe Wanderers,Morecambe FC,0,2
2023-12-02,4228802,FAC,2023,domestic_cup,986,11177,Cambridge United,Fleetwood Town,4,0
2023-12-02,4228803,FAC,2023,domestic_cup,355,12020,Bolton Wanderers,Harrogate Town,5,1
2023-12-02,4228805,FAC,2023,domestic_cup,1072,2454,Peterborough United,Doncaster Rovers,2,1
2023-12-02,4228806,FAC,2023,domestic_cup,2814,358,Gillingham FC,Charlton Athletic,2,0
2023-12-02,4228807,FAC,2023,domestic_cup,3684,1211,Stevenage FC,Port Vale FC,1,1
2023-12-02,4228808,FAC,2023,domestic_cup,3716,2804,Newport County,Barnet FC,1,1
2023-12-02,4228809,FAC,2023,domestic_cup,988,1034,Oxford United,Grimsby Town,2,0
2023-12-02,4236037,FAC,2023,domestic_cup,3052,20786,Sutton United,Horsham FC,3,0
2023-12-03,4090237,DK1,2023,domestic_league,206,1894,Bröndby IF,Hvidovre IF,4,0
2023-12-03,4090239,DK1,2023,domestic_league,369,1177,Lyngby Boldklub,Silkeborg IF,2,0
2023-12-03,4090241,DK1,2023,domestic_league,190,678,FC Copenhagen,Aarhus GF,1,2
2023-12-03,4090242,DK1,2023,domestic_league,173,2778,Odense Boldklub,FC Nordsjaelland,1,1
2023-12-03,4094695,FR1,2023,domestic_league,415,1158,FC Toulouse,FC Lorient,1,1
2023-12-03,4094696,FR1,2023,domestic_league,244,273,Olympique Marseille,Stade Rennais FC,2,0
2023-12-03,4094697,FR1,2023,domestic_league,162,969,AS Monaco,Montpellier HSC,2,0
2023-12-03,4094698,FR1,2023,domestic_league,1082,347,LOSC Lille,FC Metz,2,0
2023-12-03,4094702,FR1,2023,domestic_league,738,583,Le Havre AC,Paris Saint-Germain,0,2
2023-12-03,4094703,FR1,2023,domestic_league,3911,3524,Stade Brestois 29,Clermont Foot 63,3,0
2023-12-03,4095206,GB1,2023,domestic_league,989,405,AFC Bournemouth,Aston Villa,2,2
2023-12-03,4095210,GB1,2023,domestic_league,631,1237,Chelsea FC,Brighton & Hove Albion,3,2
2023-12-03,4095211,GB1,2023,domestic_league,31,931,Liverpool FC,Fulham FC,4,3
2023-12-03,4095212,GB1,2023,domestic_league,281,148,Manchester City,Tottenham Hotspur,3,3
2023-12-03,4095215,GB1,2023,domestic_league,379,873,West Ham United,Crystal Palace,1,1
2023-12-03,4096077,L1,2023,domestic_league,15,16,Bayer 04 Leverkusen,Borussia Dortmund,1,1
2023-12-03,4096078,L1,2023,domestic_league,39,60,1.FSV Mainz 05,SC Freiburg,0,1
2023-12-03,4096081,L1,2023,domestic_league,167,24,FC Augsburg,Eintracht Frankfurt,2,1
2023-12-03,4098079,NL1,2023,domestic_league,234,383,Feyenoord Rotterdam,PSV Eindhoven,1,2
2023-12-03,4098080,NL1,2023,domestic_league,467,610,NEC Nijmegen,Ajax Amsterdam,1,2
2023-12-03,4098081,NL1,2023,domestic_league,1435,317,Go Ahead Eagles,FC Twente Enschede,1,3
2023-12-03,4098082,NL1,2023,domestic_league,200,1090,FC Utrecht,AZ Alkmaar,1,1
2023-12-03,4098931,BE1,2023,domestic_league,2282,3057,Club Brugge KV,Standard Liège,2,0
2023-12-03,4098932,BE1,2023,domestic_league,1184,157,KRC Genk,KAA Gent,2,2
2023-12-03,4098935,BE1,2023,domestic_league,3948,520,Union Saint-Gilloise,Cercle Brugge,2,1
2023-12-03,4098936,BE1,2023,domestic_league,354,475,KV Mechelen,Sint-Truidense VV,0,2
2023-12-03,4103602,IT1,2023,domestic_league,430,380,ACF Fiorentina,US Salernitana 1919,3,0
2023-12-03,4103605,IT1,2023,domestic_league,1005,1025,US Lecce,Bologna Football Club 1909,1,1
2023-12-03,4103608,IT1,2023,domestic_league,6195,46,SSC Napoli,Inter Milan,0,3
2023-12-03,4103609,IT1,2023,domestic_league,6574,12,US Sassuolo,Associazione Sportiva Roma,1,2
2023-12-03,4103611,IT1,2023,domestic_league,410,276,Udinese Calcio,Hellas Verona,3,3
2023-12-03,4109375,PO1,2023,domestic_league,979,294,Moreirense FC,SL Benfica,0,0
2023-12-03,4109376,PO1,2023,domestic_league,2503,8024,Boavista FC,FC Arouca,0,4
2023-12-03,4109382,PO1,2023,domestic_league,1075,1465,SC Braga,GD Estoril Praia,3,1
2023-12-03,4113121,ES1,2023,domestic_league,3302,150,UD Almería,Real Betis Balompié,0,0
2023-12-03,4113144,ES1,2023,domestic_league,368,1050,Sevilla FC,Villarreal CF,1,1
2023-12-03,4113148,ES1,2023,domestic_league,131,13,FC Barcelona,Atlético de Madrid,1,0
2023-12-03,4113171,ES1,2023,domestic_league,237,1108,RCD Mallorca,Deportivo Alavés,0,0
2023-12-03,4120689,UKR1,2023,domestic_league,6992,63007,Chornomorets Odesa,LNZ Cherkasy,1,3
2023-12-03,4120695,UKR1,2023,domestic_league,660,55686,FC Shakhtar Donetsk,TOV FK Metalist 1925 Kharkiv,2,0
2023-12-03,4120932,SC1,2023,domestic_league,903,370,Hibernian FC,Aberdeen FC,2,0
2023-12-03,4120936,SC1,2023,domestic_league,124,465,Rangers FC,St. Mirren FC,2,0
2023-12-03,4120937,SC1,2023,domestic_league,2578,371,St. Johnstone FC,Celtic FC,1,3
2023-12-03,4129545,TR1,2023,domestic_league,10484,2832,Kasimpasa,Gaziantep FK,4,2
2023-12-03,4129549,TR1,2023,domestic_league,449,3205,Trabzonspor,Kayserispor,0,1
2023-12-03,4129551,TR1,2023,domestic_league,868,114,MKE Ankaragücü,Beşiktaş Jimnastik Kulübü,1,1
2023-12-03,4150531,GR1,2023,domestic_league,3060,2671,APS Atromitos Athinon,PAS Giannina,1,1
2023-12-03,4150532,GR1,2023,domestic_league,60949,683,Volou Neos Podosferikos Syllogos,Olympiakos Syndesmos Filathlon Peiraios,2,2
2023-12-03,4150533,GR1,2023,domestic_league,265,653,Panathinaikos Athlitikos Omilos,Omilos Filathlon Irakliou FC,4,0
2023-12-03,4225550,RU1,2023,domestic_league,2410,1083,PFK CSKA Moskva,FK Rostov,2,0
2023-12-03,4225551,RU1,2023,domestic_league,16704,14589,FK Krasnodar,FC Orenburg,2,1
2023-12-03,4225552,RU1,2023,domestic_league,932,964,"Футбольный клуб ""Локомотив"" Москва",AO FK Zenit Sankt-Peterburg,3,1
2023-12-03,4225553,RU1,2023,domestic_league,3725,232,RFK Akhmat Grozny,FK Spartak Moskva,2,1
2023-12-03,4228811,FAC,2023,domestic_cup,10391,1032,Eastleigh FC,Reading FC,2,1
2023-12-03,4228812,FAC,2023,domestic_cup,1219,1150,Chesterfield FC,Leyton Orient,1,0
2023-12-03,4228813,FAC,2023,domestic_cup,3717,1098,Aldershot Town,Stockport County,2,2
2023-12-03,4228814,FAC,2023,domestic_cup,1112,972,Wrexham AFC,Yeovil Town,3,0
2023-12-04,4090238,DK1,2023,domestic_league,865,1063,FC Midtjylland,Viborg FF,5,1
2023-12-04,4103610,IT1,2023,domestic_league,416,800,Torino FC,Atalanta BC,3,0
2023-12-04,4109377,PO1,2023,domestic_league,336,2424,Sporting CP,Gil Vicente FC,3,1
2023-12-04,4113152,ES1,2023,domestic_league,940,2687,Celta de Vigo,Cádiz CF,1,1
2023-12-04,4120694,UKR1,2023,domestic_league,10690,48726,Zorya Lugansk,Rukh Lviv,0,0
2023-12-04,4129550,TR1,2023,domestic_league,36,2381,Fenerbahce,Sivasspor,4,1
2023-12-04,4150529,GR1,2023,domestic_league,2441,605,Athlitiki Enosi Konstantinoupoleos,Aris Thessalonikis,1,0
2023-12-04,4150535,GR1,2023,domestic_league,1091,3999,Panthessalonikios Athlitikos Omilos Konstantinoupoliton,PAS Lamia 1964,3,0
2023-12-04,4225554,RU1,2023,domestic_league,121,2698,FK Dinamo Moskva,FC Rubin Kazan,1,0
2023-12-04,4228815,FAC,2023,domestic_cup,3884,20416,AFC Wimbledon,Ramsgate FC,5,0
2023-12-05,4095220,GB1,2023,domestic_league,1031,11,Luton Town,Arsenal FC,3,4
2023-12-05,4095223,GB1,2023,domestic_league,543,1132,Wolverhampton Wanderers,Burnley FC,1,0
2023-12-05,4120942,SC1,2023,domestic_league,2759,987,Ross County FC,Motherwell FC,3,0
2023-12-05,4208072,GRP,2023,domestic_cup,6676,3385,A.G.S Asteras Tripolis,Panserraikos Serres,0,2
2023-12-05,4208073,GRP,2023,domestic_cup,6418,3062,Panetolikos Agrinio,Athens Kallithea,3,2
2023-12-05,4221300,CIT,2023,domestic_cup,398,252,Società Sportiva Lazio S.p.A.,Genoa CFC,1,0
2023-12-05,4222799,DFB,2023,domestic_cup,18,82,Borussia Mönchengladbach,VfL Wolfsburg,1,0
2023-12-05,4222801,DFB,2023,domestic_cup,459,35,FC 08 Homburg,FC St. Pauli,1,4
2023-12-05,4222804,DFB,2023,domestic_cup,187,38,1.FC Magdeburg,Fortuna Düsseldorf,1,2
2023-12-05,4227809,CDR,2023,domestic_cup,69006,3709,Atzeneta UE,Getafe CF,1,2
2023-12-05,4227810,CDR,2023,domestic_cup,20220,1049,Arosa SC,Valencia CF,0,1
2023-12-05,4227828,CDR,2023,domestic_cup,2502,2497,CD Castellón,Real Oviedo,2,1
2023-12-05,4227833,CDR,2023,domestic_cup,714,366,RCD Espanyol Barcelona,Real Valladolid CF,3,1
2023-12-05,4228798,FAC,2023,domestic_cup,3721,899,Alfreton Town,Walsall FC,0,0
2023-12-06,4094660,FR1,2023,domestic_league,244,1041,Olympique Marseille,Olympique Lyon,3,0
2023-12-06,4095216,GB1,2023,domestic_league,405,281,Aston Villa,Manchester City,1,0
2023-12-06,4095217,GB1,2023,domestic_league,1237,1148,Brighton & Hove Albion,Brentford FC,2,1
2023-12-06,4095219,GB1,2023,domestic_league,931,703,Fulham FC,Nottingham Forest,5,0
2023-12-06,4095221,GB1,2023,domestic_league,350,31,Sheffield United,Liverpool FC,0,2
2023-12-06,4095224,GB1,2023,domestic_league,873,989,Crystal Palace,AFC Bournemouth,0,2
2023-12-06,4095225,GB1,2023,domestic_league,985,631,Manchester United,Chelsea FC,2,1
2023-12-06,4097934,NL1,2023,domestic_league,235,610,RKC Waalwijk,Ajax Amsterdam,2,3
2023-12-06,4098010,NL1,2023,domestic_league,1090,467,AZ Alkmaar,NEC Nijmegen,1,2
2023-12-06,4120938,SC1,2023,domestic_league,370,2553,Aberdeen FC,Kilmarnock FC,0,1
2023-12-06,4120939,SC1,2023,domestic_league,371,903,Celtic FC,Hibernian FC,4,1
2023-12-06,4120941,SC1,2023,domestic_league,43,124,Heart of Midlothian FC,Rangers FC,0,1
2023-12-06,4120943,SC1,2023,domestic_league,2578,465,St. Johnstone FC,St. Mirren FC,1,0
2023-12-06,4172122,EL,2023,other,1050,1064,Villarreal CF,Maccabi Haifa,0,0
2023-12-06,4195834,POCP,2023,,1465,720,GD Estoril Praia,FC Porto,3,1
2023-12-06,4208068,GRP,2023,domestic_cup,653,30120,Omilos Filathlon Irakliou FC,Athlitiki Enosi Kifisias,3,1
2023-12-06,4221298,CIT,2023,domestic_cup,430,130,ACF Fiorentina,Parma Calcio 1913,6,3
2023-12-06,4222025,DKP,2023,domestic_cup,190,1177,FC Copenhagen,Silkeborg IF,0,2
2023-12-06,4222026,DKP,2023,domestic_cup,2778,362,FC Nordsjaelland,Akademisk Boldklub,3,0
2023-12-06,4222797,DFB,2023,domestic_cup,79,16,VfB Stuttgart,Borussia Dortmund,2,0
2023-12-06,4222798,DFB,2023,domestic_cup,1,24,1.FC Saarbrücken,Eintracht Frankfurt,2,0
2023-12-06,4222800,DFB,2023,domestic_cup,44,41,Hertha BSC,Hamburger SV,8,6
2023-12-06,4222802,DFB,2023,domestic_cup,15,127,Bayer 04 Leverkusen,SC Paderborn 07,3,1
2023-12-06,4227808,CDR,2023,domestic_cup,40977,368,Atlético Astorga,Sevilla FC,0,2
2023-12-06,4227811,CDR,2023,domestic_cup,7052,150,CF Villanovense,Real Betis Balompié,1,2
2023-12-06,4227812,CDR,2023,domestic_cup,16387,3302,UD Barbastro,UD Almería,1,0
2023-12-06,4227814,CDR,2023,domestic_cup,1881,1108,Terrassa FC,Deportivo Alavés,0,1
2023-12-06,4227816,CDR,2023,domestic_cup,21337,367,Yeclano Deportivo,Rayo Vallecano,0,2
2023-12-06,4227817,CDR,2023,domestic_cup,13223,237,CD Valle de Egüés,RCD Mallorca,0,3
2023-12-06,4227819,CDR,2023,domestic_cup,29271,472,CD Tudelano,UD Las Palmas,1,2
2023-12-06,4227820,CDR,2023,domestic_cup,73876,681,CE Andratx,Real Sociedad,0,1
2023-12-06,4227823,CDR,2023,domestic_cup,11000,13222,CD Lugo,CD Mirandés,2,0
2023-12-06,4227824,CDR,2023,domestic_cup,16022,5358,Antequera CF,SD Huesca,0,2
2023-12-06,4227825,CDR,2023,domestic_cup,1084,12567,Málaga CF,CD Eldense,1,0
2023-12-06,4227826,CDR,2023,domestic_cup,897,648,Deportivo de La Coruña,CD Tenerife,2,3
2023-12-06,4227827,CDR,2023,domestic_cup,58946,1536,CD Arenteiro,Burgos CF,1,3
2023-12-06,4227830,CDR,2023,domestic_cup,52397,2448,Unionistas CF,Sporting Gijón,2,0
2023-12-06,4227832,CDR,2023,domestic_cup,3368,16575,Levante UD,SD Amorebieta,0,1
2023-12-06,4227834,CDR,2023,domestic_cup,11596,7077,AD Alcorcón,FC Cartagena,4,5
2023-12-06,4231133,GRP,2023,domestic_cup,4603,3060,Athlitiki Enosi Larisas,APS Atromitos Athinon,1,1
2023-12-07,4094685,FR1,2023,domestic_league,3911,667,Stade Brestois 29,RC Strasbourg Alsace,1,1
2023-12-07,4095218,GB1,2023,domestic_league,29,762,Everton FC,Newcastle United,3,0
2023-12-07,4095222,GB1,2023,domestic_league,148,379,Tottenham Hotspur,West Ham United,1,2
2023-12-07,4098056,NL1,2023,domestic_league,234,724,Feyenoord Rotterdam,FC Volendam,3,1
2023-12-07,4098058,NL1,2023,domestic_league,383,306,PSV Eindhoven,SC Heerenveen,2,0
2023-12-07,4120589,UKR1,2023,domestic_league,338,55686,Dynamo Kyiv,TOV FK Metalist 1925 Kharkiv,4,2
2023-12-07,4208070,GRP,2023,domestic_cup,1091,60949,Panthessalonikios Athlitikos Omilos Konstantinoupoliton,Volou Neos Podosferikos Syllogos,1,0
2023-12-07,4222027,DKP,2023,domestic_cup,678,206,Aarhus GF,Bröndby IF,2,0
2023-12-07,4222028,DKP,2023,domestic_cup,5776,369,FC Fredericia,Lyngby Boldklub,3,2
2023-12-07,4227813,CDR,2023,domestic_cup,25377,2687,Arandina CF,Cádiz CF,2,1
2023-12-07,4227815,CDR,2023,domestic_cup,4054,12321,Orihuela CF,Girona FC,2,5
2023-12-07,4227821,CDR,2023,domestic_cup,40979,621,CD Cayón,Athletic Bilbao,0,3
2023-12-07,4227822,CDR,2023,domestic_cup,13240,940,Sestao River,Celta de Vigo,1,2
2023-12-07,4227829,CDR,2023,domestic_cup,16492,1533,UD Melilla,SD Eibar,1,4
2023-12-07,4227831,CDR,2023,domestic_cup,12351,1531,Linares Deportivo,Elche CF,1,3
2023-12-07,4227835,CDR,2023,domestic_cup,1176,1244,Racing Ferrol,CD Leganés,1,0
2023-12-07,4231134,GRP,2023,domestic_cup,2672,5572,APO Levadiakos Football Club,Niki Volou,1,1
2023-12-08,4094712,FR1,2023,domestic_league,969,826,Montpellier HSC,RC Lens,0,0
2023-12-08,4096089,L1,2023,domestic_league,533,80,TSG 1899 Hoffenheim,VfL Bochum,3,1
2023-12-08,4098057,NL1,2023,domestic_league,317,798,FC Twente Enschede,Excelsior Rotterdam,4,2
2023-12-08,4098949,BE1,2023,domestic_league,601,968,KV Kortrijk,KVC Westerlo,1,2
2023-12-08,4103618,IT1,2023,domestic_league,506,6195,Juventus FC,SSC Napoli,1,0
2023-12-08,4109370,PO1,2023,domestic_league,6912,1075,FC Vizela,SC Braga,1,3
2023-12-08,4109373,PO1,2023,domestic_league,294,4294,SL Benfica,SC Farense,1,1
2023-12-08,4112878,ES1,2023,domestic_league,3709,1049,Getafe CF,Valencia CF,1,0
2023-12-08,4120699,UKR1,2023,domestic_league,53646,60551,FK Polissya Zhytomyr,SC Dnipro-1,1,1
2023-12-08,4120703,UKR1,2023,domestic_league,660,26459,FC Shakhtar Donetsk,NK Veres Rivne,2,0
2023-12-08,4129555,TR1,2023,domestic_league,141,3840,Galatasaray,Adana Demirspor,3,1
2023-12-08,4225555,RU1,2023,domestic_league,932,11127,"Футбольный клуб ""Локомотив"" Москва",Ural Yekaterinburg,2,0
2023-12-09,4094704,FR1,2023,domestic_league,583,995,Paris Saint-Germain,FC Nantes,2,1
2023-12-09,4094706,FR1,2023,domestic_league,273,162,Stade Rennais FC,AS Monaco,1,2
2023-12-09,4095226,GB1,2023,domestic_league,405,11,Aston Villa,Arsenal FC,1,0
2023-12-09,4095227,GB1,2023,domestic_league,1237,1132,Brighton & Hove Albion,Burnley FC,1,1
2023-12-09,4095228,GB1,2023,domestic_league,873,31,Crystal Palace,Liverpool FC,1,2
2023-12-09,4095232,GB1,2023,domestic_league,985,989,Manchester United,AFC Bournemouth,0,3
2023-12-09,4095233,GB1,2023,domestic_league,350,1148,Sheffield United,Brentford FC,1,0
2023-12-09,4095235,GB1,2023,domestic_league,543,703,Wolverhampton Wanderers,Nottingham Forest,1,1
2023-12-09,4096084,L1,2023,domestic_league,16,23826,Borussia Dortmund,RB Leipzig,2,3
2023-12-09,4096085,L1,2023,domestic_league,89,18,1.FC Union Berlin,Borussia Mönchengladbach,3,1
2023-12-09,4096086,L1,2023,domestic_league,24,27,Eintracht Frankfurt,Bayern Munich,5,1
2023-12-09,4096087,L1,2023,domestic_league,82,60,VfL Wolfsburg,SC Freiburg,0,1
2023-12-09,4096090,L1,2023,domestic_league,86,167,SV Werder Bremen,FC Augsburg,2,0
2023-12-09,4096092,L1,2023,domestic_league,2036,105,1. Fußballclub Heidenheim 1846,SV Darmstadt 98,3,2
2023-12-09,4098059,NL1,2023,domestic_league,1269,467,PEC Zwolle,NEC Nijmegen,1,3
2023-12-09,4098060,NL1,2023,domestic_league,1090,723,AZ Alkmaar,Almere City FC,4,1
2023-12-09,4098062,NL1,2023,domestic_league,610,468,Ajax Amsterdam,Sparta Rotterdam,2,1
2023-12-09,4098948,BE1,2023,domestic_league,157,54189,KAA Gent,RWD Molenbeek,4,0
2023-12-09,4098950,BE1,2023,domestic_league,520,1096,Cercle Brugge,Royal Antwerp FC,1,3
2023-12-09,4098952,BE1,2023,domestic_league,475,2727,Sint-Truidense VV,Oud-Heverlee Leuven,1,1
2023-12-09,4103612,IT1,2023,domestic_league,800,5,Atalanta BC,AC Milan,3,2
2023-12-09,4103616,IT1,2023,domestic_league,276,398,Hellas Verona,Società Sportiva Lazio S.p.A.,1,1
2023-12-09,4103617,IT1,2023,domestic_league,46,410,Inter Milan,Udinese Calcio,4,0
2023-12-09,4109367,PO1,2023,domestic_league,7378,3329,Portimonense SC,FC Famalicão,1,1
2023-12-09,4109369,PO1,2023,domestic_league,720,3268,FC Porto,Casa Pia AC,3,1
2023-12-09,4109374,PO1,2023,domestic_league,2420,336,Vitória Guimarães SC,Sporting CP,3,2
2023-12-09,4112876,ES1,2023,domestic_league,150,418,Real Betis Balompié,Real Madrid,1,1
2023-12-09,4112879,ES1,2023,domestic_league,237,368,RCD Mallorca,Sevilla FC,1,0
2023-12-09,4112880,ES1,2023,domestic_league,1108,472,Deportivo Alavés,UD Las Palmas,0,1
2023-12-09,4112884,ES1,2023,domestic_league,1050,681,Villarreal CF,Real Sociedad,0,3
2023-12-09,4120700,UKR1,2023,domestic_league,3592,10690,Kryvbas Kryvyi Rig,Zorya Lugansk,2,2
2023-12-09,4120944,SC1,2023,domestic_league,370,43,Aberdeen FC,Heart of Midlothian FC,2,1
2023-12-09,4120946,SC1,2023,domestic_league,1241,903,Livingston FC,Hibernian FC,0,1
2023-12-09,4120947,SC1,2023,domestic_league,987,2578,Motherwell FC,St. Johnstone FC,1,1
2023-12-09,4120948,SC1,2023,domestic_league,124,511,Rangers FC,Dundee FC,3,1
2023-12-09,4120949,SC1,2023,domestic_league,465,2759,St. Mirren FC,Ross County FC,2,0
2023-12-09,4129556,TR1,2023,domestic_league,152,10484,Samsunspor,Kasimpasa,4,2
2023-12-09,4129559,TR1,2023,domestic_league,589,6646,Antalyaspor,Fatih Karagümrük,2,1
2023-12-09,4129560,TR1,2023,domestic_league,114,36,Beşiktaş Jimnastik Kulübü,Fenerbahce,1,3
2023-12-09,4222029,DKP,2023,domestic_cup,1177,190,Silkeborg IF,FC Copenhagen,1,2
2023-12-09,4222030,DKP,2023,domestic_cup,362,2778,Akademisk Boldklub,FC Nordsjaelland,1,2
2023-12-09,4225556,RU1,2023,domestic_league,232,2696,FK Spartak Moskva,PFK Krylya Sovetov Samara,3,0
2023-12-09,4225557,RU1,2023,domestic_league,3725,1083,RFK Akhmat Grozny,FK Rostov,0,0
2023-12-09,4225558,RU1,2023,domestic_league,964,49702,AO FK Zenit Sankt-Peterburg,FK Nizhny Novgorod,1,0
2023-12-10,4094705,FR1,2023,domestic_league,667,738,RC Strasbourg Alsace,Le Havre AC,2,1
2023-12-10,4094707,FR1,2023,domestic_league,1158,244,FC Lorient,Olympique Marseille,2,4
2023-12-10,4094708,FR1,2023,domestic_league,1041,415,Olympique Lyon,FC Toulouse,3,0
2023-12-10,4094709,FR1,2023,domestic_league,417,1421,OGC Nice,Stade Reims,2,1
2023-12-10,4094710,FR1,2023,domestic_league,3524,1082,Clermont Foot 63,LOSC Lille,0,0
2023-12-10,4094711,FR1,2023,domestic_league,347,3911,FC Metz,Stade Brestois 29,0,1
2023-12-10,4095229,GB1,2023,domestic_league,29,631,Everton FC,Chelsea FC,2,0
2023-12-10,4095230,GB1,2023,domestic_league,931,379,Fulham FC,West Ham United,5,0
2023-12-10,4095231,GB1,2023,domestic_league,1031,281,Luton Town,Manchester City,1,2
2023-12-10,4095234,GB1,2023,domestic_league,148,762,Tottenham Hotspur,Newcastle United,4,1
2023-12-10,4096088,L1,2023,domestic_league,3,39,1.FC Köln,1.FSV Mainz 05,0,0
2023-12-10,4096091,L1,2023,domestic_league,79,15,VfB Stuttgart,Bayer 04 Leverkusen,1,1
2023-12-10,4098061,NL1,2023,domestic_league,1435,200,Go Ahead Eagles,FC Utrecht,0,2
2023-12-10,4098063,NL1,2023,domestic_league,385,235,Fortuna Sittardia Combinatie,RKC Waalwijk,1,0
2023-12-10,4098064,NL1,2023,domestic_league,499,1304,Vitesse Arnhem,Heracles Almelo,2,0
2023-12-10,4098947,BE1,2023,domestic_league,58,3057,RSC Anderlecht,Standard Liège,2,2
2023-12-10,4098951,BE1,2023,domestic_league,354,2282,KV Mechelen,Club Brugge KV,0,0
2023-12-10,4098953,BE1,2023,domestic_league,172,3948,Royal Charleroi Sporting Club,Union Saint-Gilloise,1,3
2023-12-10,4098954,BE1,2023,domestic_league,1245,1184,KAS Eupen,KRC Genk,1,3
2023-12-10,4103615,IT1,2023,domestic_league,8970,416,Frosinone Calcio,Torino FC,0,0
2023-12-10,4103619,IT1,2023,domestic_league,2919,252,AC Monza,Genoa CFC,1,0
2023-12-10,4103620,IT1,2023,domestic_league,12,430,Associazione Sportiva Roma,ACF Fiorentina,1,1
2023-12-10,4103621,IT1,2023,domestic_league,380,1025,US Salernitana 1919,Bologna Football Club 1909,1,2
2023-12-10,4109366,PO1,2023,domestic_league,1465,3325,GD Estoril Praia,GD Chaves,4,0
2023-12-10,4109368,PO1,2023,domestic_league,2431,2503,CF Estrela Amadora,Boavista FC,3,1
2023-12-10,4109372,PO1,2023,domestic_league,8024,2425,FC Arouca,Rio Ave FC,2,2
2023-12-10,4112875,ES1,2023,domestic_league,131,12321,FC Barcelona,Girona FC,2,4
2023-12-10,4112877,ES1,2023,domestic_league,2687,331,Cádiz CF,CA Osasuna,1,1
2023-12-10,4112881,ES1,2023,domestic_league,13,3302,Atlético de Madrid,UD Almería,2,1
2023-12-10,4112882,ES1,2023,domestic_league,16795,621,Granada CF,Athletic Bilbao,1,1
2023-12-10,4120696,UKR1,2023,domestic_league,6992,48332,Chornomorets Odesa,Kolos Kovalivka,1,0
2023-12-10,4120702,UKR1,2023,domestic_league,2740,48726,Vorskla Poltava,Rukh Lviv,1,1
2023-12-10,4120945,SC1,2023,domestic_league,2553,371,Kilmarnock FC,Celtic FC,2,1
2023-12-10,4129553,TR1,2023,domestic_league,3205,3209,Kayserispor,Pendikspor,2,0
2023-12-10,4129554,TR1,2023,domestic_league,924,11282,Istanbulspor,Alanyaspor,0,1
2023-12-10,4129557,TR1,2023,domestic_league,2832,449,Gaziantep FK,Trabzonspor,1,3
2023-12-10,4129558,TR1,2023,domestic_league,6890,7775,Basaksehir FK,Hatayspor,1,0
2023-12-10,4222031,DKP,2023,domestic_cup,206,678,Bröndby IF,Aarhus GF,2,1
2023-12-10,4222032,DKP,2023,domestic_cup,369,5776,Lyngby Boldklub,FC Fredericia,0,1
2023-12-10,4225559,RU1,2023,domestic_league,1124,121,Fakel Voronezh,FK Dinamo Moskva,1,1
2023-12-10,4225560,RU1,2023,domestic_league,41231,14589,FK Sochi,FC Orenburg,1,1
2023-12-10,4225561,RU1,2023,domestic_league,16704,2410,FK Krasnodar,PFK CSKA Moskva,1,0
2023-12-10,4225562,RU1,2023,domestic_league,2741,2698,FK Baltika,FC Rubin Kazan,0,1
2023-12-11,4103613,IT1,2023,domestic_league,1390,6574,Cagliari Calcio,US Sassuolo,2,1
2023-12-11,4103614,IT1,2023,domestic_league,749,1005,FC Empoli,US Lecce,1,1
2023-12-11,4109371,PO1,2023,domestic_league,2424,979,Gil Vicente FC,Moreirense FC,1,1
2023-12-11,4112883,ES1,2023,domestic_league,367,940,Rayo Vallecano,Celta de Vigo,0,0
2023-12-11,4120698,UKR1,2023,domestic_league,55686,18303,TOV FK Metalist 1925 Kharkiv,FC Oleksandriya,0,3
2023-12-11,4120701,UKR1,2023,domestic_league,338,39097,Dynamo Kyiv,Obolon Kyiv,2,0
2023-12-11,4129561,TR1,2023,domestic_league,868,126,MKE Ankaragücü,Caykur Rizespor,1,1
2023-12-11,4129562,TR1,2023,domestic_league,2293,2381,Konyaspor,Sivasspor,0,1
2023-12-12,4171219,CL,2023,international_cup,985,27,Manchester United,Bayern Munich,0,1
2023-12-12,4171224,CL,2023,international_cup,190,141,FC Copenhagen,Galatasaray,1,0
2023-12-12,4171235,CL,2023,international_cup,383,11,PSV Eindhoven,Arsenal FC,1,1
2023-12-12,4171237,CL,2023,international_cup,826,368,RC Lens,Sevilla FC,2,1
2023-12-12,4171249,CL,2023,international_cup,6195,1075,SSC Napoli,SC Braga,2,0
2023-12-12,4171258,CL,2023,international_cup,89,418,1.FC Union Berlin,Real Madrid,2,3
2023-12-12,4171265,CL,2023,international_cup,46,681,Inter Milan,Real Sociedad,0,0
2023-12-12,4171266,CL,2023,international_cup,409,294,Fußballclub Red Bull Salzburg,SL Benfica,1,3
2023-12-12,4228804,FAC,2023,domestic_cup,1042,2455,Crewe Alexandra,Bristol Rovers,2,4
2023-12-12,4239502,FAC,2023,domestic_cup,2804,3716,Barnet FC,Newport County,1,4
2023-12-12,4239504,FAC,2023,domestic_cup,1211,3684,Port Vale FC,Stevenage FC,6,7
2023-12-12,4239505,FAC,2023,domestic_cup,899,3721,Walsall FC,Alfreton Town,1,0
2023-12-12,4240777,KLUB,2023,,8023,11391,Al-Ittihad Football Club,Auckland City FC,3,0
2023-12-12,4240811,FAC,2023,domestic_cup,971,3455,Scarborough Athletic,Forest Green Rovers,2,4
2023-12-13,4171276,CL,2023,international_cup,13,398,Atlético de Madrid,Società Sportiva Lazio S.p.A.,2,0
2023-12-13,4171281,CL,2023,international_cup,371,234,Celtic FC,Feyenoord Rotterdam,2,1
2023-12-13,4171287,CL,2023,international_cup,16,583,Borussia Dortmund,Paris Saint-Germain,1,1
2023-12-13,4171295,CL,2023,international_cup,762,5,Newcastle United,AC Milan,1,2
2023-12-13,4171320,CL,2023,international_cup,23826,452,RB Leipzig,BSC Young Boys,2,1
2023-12-13,4171321,CL,2023,international_cup,159,281,Red Star Belgrade,Manchester City,2,3
2023-12-13,4174084,CL,2023,international_cup,1096,131,Royal Antwerp FC,FC Barcelona,3,2
2023-12-13,4174085,CL,2023,international_cup,720,660,FC Porto,FC Shakhtar Donetsk,5,3
2023-12-13,4239506,FAC,2023,domestic_cup,1098,3717,Stockport County,Aldershot Town,0,1
2023-12-14,4172062,EL,2023,other,379,60,West Ham United,SC Freiburg,2,0
2023-12-14,4172066,EL,2023,other,683,3137,Olympiakos Syndesmos Filathlon Peiraios,FK TSC Backa Topola,5,2
2023-12-14,4172075,EL,2023,other,610,2441,Ajax Amsterdam,Athlitiki Enosi Konstantinoupoleos,3,1
2023-12-14,4172080,EL,2023,other,1237,244,Brighton & Hove Albion,Olympique Marseille,1,0
2023-12-14,4172088,EL,2023,other,150,124,Real Betis Balompié,Rangers FC,2,3
2023-12-14,4172096,EL,2023,other,10586,197,Aris Limassol,AC Sparta Prague,1,3
2023-12-14,4172101,EL,2023,other,336,122,Sporting CP,Sportklub Puntigamer Sturm Graz,3,0
2023-12-14,4172106,EL,2023,other,9644,800,Raków Częstochowa,Atalanta BC,0,4
2023-12-14,4172115,EL,2023,other,413,415,LASK,FC Toulouse,1,2
2023-12-14,4172116,EL,2023,other,3948,31,Union Saint-Gilloise,Liverpool FC,2,1
2023-12-14,4172124,EL,2023,other,273,1050,Stade Rennais FC,Villarreal CF,2,3
2023-12-14,4172132,EL,2023,other,265,1064,Panathinaikos Athlitikos Omilos,Maccabi Haifa,1,2
2023-12-14,4172134,EL,2023,other,12,2481,Associazione Sportiva Roma,FC Sheriff Tiraspol,3,0
2023-12-14,4172138,EL,2023,other,62,61,SK Slavia Prague,Servette FC,4,0
2023-12-14,4172146,EL,2023,other,15,687,Bayer 04 Leverkusen,Molde Fotballklubb,5,1
2023-12-14,4172150,EL,2023,other,10625,1109,Qarabağ FK,BK Häcken,2,1
2023-12-14,4172231,UCOL,2023,other,1082,6170,LOSC Lille,KÍ Klaksvík,3,0
2023-12-14,4172233,UCOL,2023,other,540,4772,Slovan Bratislava,NK Olimpija Ljubljana,1,2
2023-12-14,4172244,UCOL,2023,other,119,157,Maccabi Tel Aviv,KAA Gent,3,1
2023-12-14,4172249,UCOL,2023,other,10690,3737,Zorya Lugansk,Breidablik Kópavogur,4,0
2023-12-14,4172254,UCOL,2023,other,419,28082,GNK Dinamo Zagreb,FC Ballkani,3,0
2023-12-14,4172256,UCOL,2023,other,941,22220,FC Viktoria Plzen,FC Astana,3,0
2023-12-14,4172265,UCOL,2023,other,2282,501,Club Brugge KV,Fotballklubben Bodø/Glimt,3,1
2023-12-14,4172276,UCOL,2023,other,2790,114,FC Lugano,Beşiktaş Jimnastik Kulübü,0,2
2023-12-14,4172284,UCOL,2023,other,255,1090,Legia Warszawa,AZ Alkmaar,2,0
2023-12-14,4172288,UCOL,2023,other,6808,405,HSK Zrinjski Mostar,Aston Villa,1,1
2023-12-14,4172290,UCOL,2023,other,279,430,Ferencvárosi TC,ACF Fiorentina,1,1
2023-12-14,4172298,UCOL,2023,other,1184,6621,KRC Genk,FK Cukaricki,2,0
2023-12-14,4172306,UCOL,2023,other,1091,1008,Panthessalonikios Athlitikos Omilos Konstantinoupoliton,HJK Helsinki,4,2
2023-12-14,4172311,UCOL,2023,other,370,24,Aberdeen FC,Eintracht Frankfurt,2,0
2023-12-14,4172315,UCOL,2023,other,36,365,Fenerbahce,Spartak Trnava,4,0
2023-12-14,4172319,UCOL,2023,other,31614,2778,Ludogorets Razgrad,FC Nordsjaelland,1,0
2023-12-15,4094716,FR1,2023,domestic_league,162,1041,AS Monaco,Olympique Lyon,0,1
2023-12-15,4095244,GB1,2023,domestic_league,703,148,Nottingham Forest,Tottenham Hotspur,0,2
2023-12-15,4096098,L1,2023,domestic_league,18,86,Borussia Mönchengladbach,SV Werder Bremen,2,2
2023-12-15,4098038,NL1,2023,domestic_league,467,385,NEC Nijmegen,Fortuna Sittardia Combinatie,4,1
2023-12-15,4098914,BE1,2023,domestic_league,968,1245,KVC Westerlo,KAS Eupen,2,0
2023-12-15,4103625,IT1,2023,domestic_league,252,506,Genoa CFC,Juventus FC,1,1
2023-12-15,4109495,PO1,2023,domestic_league,4294,2431,SC Farense,CF Estrela Amadora,0,0
2023-12-15,4112848,ES1,2023,domestic_league,331,367,CA Osasuna,Rayo Vallecano,1,0
2023-12-15,4240778,KLUB,2023,,4941,828,Club León FC,Urawa Red Diamonds,0,1
2023-12-15,4241256,KLUB,2023,,7,8023,Al Ahly FC,Al-Ittihad Football Club,3,1
2023-12-16,4094718,FR1,2023,domestic_league,826,1421,RC Lens,Stade Reims,2,0
2023-12-16,4094720,FR1,2023,domestic_league,738,417,Le Havre AC,OGC Nice,3,1
2023-12-16,4095239,GB1,2023,domestic_league,1132,29,Burnley FC,Everton FC,0,2
2023-12-16,4095240,GB1,2023,domestic_league,631,350,Chelsea FC,Sheffield United,2,0
2023-12-16,4095242,GB1,2023,domestic_league,281,873,Manchester City,Crystal Palace,2,2
2023-12-16,4095243,GB1,2023,domestic_league,762,931,Newcastle United,Fulham FC,3,0
2023-12-16,4096094,L1,2023,domestic_league,23826,533,RB Leipzig,TSG 1899 Hoffenheim,3,1
2023-12-16,4096097,L1,2023,domestic_league,39,2036,1.FSV Mainz 05,1. Fußballclub Heidenheim 1846,0,1
2023-12-16,4096099,L1,2023,domestic_league,80,89,VfL Bochum,1.FC Union Berlin,3,0
2023-12-16,4096100,L1,2023,domestic_league,167,16,FC Augsburg,Borussia Dortmund,1,1
2023-12-16,4096101,L1,2023,domestic_league,105,82,SV Darmstadt 98,VfL Wolfsburg,0,1
2023-12-16,4098039,NL1,2023,domestic_league,200,235,FC Utrecht,RKC Waalwijk,1,1
2023-12-16,4098040,NL1,2023,domestic_league,306,724,SC Heerenveen,FC Volendam,1,2
2023-12-16,4098041,NL1,2023,domestic_league,798,1435,Excelsior Rotterdam,Go Ahead Eagles,1,1
2023-12-16,4098908,BE1,2023,domestic_league,3057,172,Standard Liège,Royal Charleroi Sporting Club,0,0
2023-12-16,4098911,BE1,2023,domestic_league,2727,520,Oud-Heverlee Leuven,Cercle Brugge,1,2
2023-12-16,4098912,BE1,2023,domestic_league,54189,475,RWD Molenbeek,Sint-Truidense VV,3,0
2023-12-16,4103627,IT1,2023,domestic_league,1005,8970,US Lecce,Frosinone Calcio,2,1
2023-12-16,4103629,IT1,2023,domestic_league,6195,1390,SSC Napoli,Cagliari Calcio,2,1
2023-12-16,4103630,IT1,2023,domestic_league,416,749,Torino FC,FC Empoli,1,0
2023-12-16,4109497,PO1,2023,domestic_league,2425,6912,Rio Ave FC,FC Vizela,1,1
2023-12-16,4109499,PO1,2023,domestic_league,8024,2424,FC Arouca,Gil Vicente FC,3,0
2023-12-16,4109500,PO1,2023,domestic_league,2503,2420,Boavista FC,Vitória Guimarães SC,1,1
2023-12-16,4112846,ES1,2023,domestic_league,621,13,Athletic Bilbao,Atlético de Madrid,2,0
2023-12-16,4112847,ES1,2023,domestic_league,940,16795,Celta de Vigo,Granada CF,1,0
2023-12-16,4112850,ES1,2023,domestic_league,1049,131,Valencia CF,FC Barcelona,1,1
2023-12-16,4112853,ES1,2023,domestic_league,368,3709,Sevilla FC,Getafe CF,0,3
2023-12-16,4120950,SC1,2023,domestic_league,371,43,Celtic FC,Heart of Midlothian FC,0,2
2023-12-16,4120952,SC1,2023,domestic_league,1241,2553,Livingston FC,Kilmarnock FC,0,0
2023-12-16,4120953,SC1,2023,domestic_league,2759,511,Ross County FC,Dundee FC,0,1
2023-12-16,4120955,SC1,2023,domestic_league,465,987,St. Mirren FC,Motherwell FC,0,0
2023-12-16,4120973,SC1,2023,domestic_league,2578,903,St. Johnstone FC,Hibernian FC,1,0
2023-12-16,4150539,GR1,2023,domestic_league,30120,2671,Athlitiki Enosi Kifisias,PAS Giannina,4,2
2023-12-17,4094713,FR1,2023,domestic_league,415,273,FC Toulouse,Stade Rennais FC,0,0
2023-12-17,4094714,FR1,2023,domestic_league,244,3524,Olympique Marseille,Clermont Foot 63,2,1
2023-12-17,4094715,FR1,2023,domestic_league,1158,667,FC Lorient,RC Strasbourg Alsace,1,2
2023-12-17,4094717,FR1,2023,domestic_league,1082,583,LOSC Lille,Paris Saint-Germain,1,1
2023-12-17,4094719,FR1,2023,domestic_league,995,3911,FC Nantes,Stade Brestois 29,0,2
2023-12-17,4094721,FR1,2023,domestic_league,347,969,FC Metz,Montpellier HSC,0,1
2023-12-17,4095237,GB1,2023,domestic_league,11,1237,Arsenal FC,Brighton & Hove Albion,2,0
2023-12-17,4095238,GB1,2023,domestic_league,1148,405,Brentford FC,Aston Villa,1,2
2023-12-17,4095241,GB1,2023,domestic_league,31,985,Liverpool FC,Manchester United,0,0
2023-12-17,4095245,GB1,2023,domestic_league,379,543,West Ham United,Wolverhampton Wanderers,3,0
2023-12-17,4096093,L1,2023,domestic_league,27,79,Bayern Munich,VfB Stuttgart,3,0
2023-12-17,4096095,L1,2023,domestic_league,60,3,SC Freiburg,1.FC Köln,2,0
2023-12-17,4096096,L1,2023,domestic_league,15,24,Bayer 04 Leverkusen,Eintracht Frankfurt,3,0
2023-12-17,4098042,NL1,2023,domestic_league,723,499,Almere City FC,Vitesse Arnhem,5,0
2023-12-17,4098043,NL1,2023,domestic_league,468,317,Sparta Rotterdam,FC Twente Enschede,2,2
2023-12-17,4098044,NL1,2023,domestic_league,1304,234,Heracles Almelo,Feyenoord Rotterdam,0,4
2023-12-17,4098045,NL1,2023,domestic_league,610,1269,Ajax Amsterdam,PEC Zwolle,2,2
2023-12-17,4098046,NL1,2023,domestic_league,1090,383,AZ Alkmaar,PSV Eindhoven,0,4
2023-12-17,4098907,BE1,2023,domestic_league,2282,157,Club Brugge KV,KAA Gent,2,0
2023-12-17,4098909,BE1,2023,domestic_league,1184,601,KRC Genk,KV Kortrijk,4,0
2023-12-17,4098910,BE1,2023,domestic_league,1096,58,Royal Antwerp FC,RSC Anderlecht,1,1
2023-12-17,4098913,BE1,2023,domestic_league,3948,354,Union Saint-Gilloise,KV Mechelen,1,0
2023-12-17,4103623,IT1,2023,domestic_league,1025,12,Bologna Football Club 1909,Associazione Sportiva Roma,2,0
2023-12-17,4103624,IT1,2023,domestic_league,430,276,ACF Fiorentina,Hellas Verona,1,0
2023-12-17,4103626,IT1,2023,domestic_league,398,46,Società Sportiva Lazio S.p.A.,Inter Milan,0,2
2023-12-17,4103628,IT1,2023,domestic_league,5,2919,AC Milan,AC Monza,3,0
2023-12-17,4103631,IT1,2023,domestic_league,410,6574,Udinese Calcio,US Sassuolo,2,2
2023-12-17,4109492,PO1,2023,domestic_league,1075,294,SC Braga,SL Benfica,0,1
2023-12-17,4109494,PO1,2023,domestic_league,3329,1465,FC Famalicão,GD Estoril Praia,1,1
2023-12-17,4109496,PO1,2023,domestic_league,979,7378,Moreirense FC,Portimonense SC,5,2
2023-12-17,4109498,PO1,2023,domestic_league,3325,3268,GD Chaves,Casa Pia AC,1,3
2023-12-17,4112845,ES1,2023,domestic_league,3302,237,UD Almería,RCD Mallorca,0,0
2023-12-17,4112849,ES1,2023,domestic_league,418,1050,Real Madrid,Villarreal CF,4,1
2023-12-17,4112851,ES1,2023,domestic_league,681,150,Real Sociedad,Real Betis Balompié,0,0
2023-12-17,4112852,ES1,2023,domestic_league,472,2687,UD Las Palmas,Cádiz CF,1,1
2023-12-17,4150536,GR1,2023,domestic_league,605,653,Aris Thessalonikis,Omilos Filathlon Irakliou FC,1,0
2023-12-17,4150537,GR1,2023,domestic_league,6676,1091,A.G.S Asteras Tripolis,Panthessalonikios Athlitikos Omilos Konstantinoupoliton,1,4
2023-12-17,4150538,GR1,2023,domestic_league,3060,265,APS Atromitos Athinon,Panathinaikos Athlitikos Omilos,3,2
2023-12-17,4150542,GR1,2023,domestic_league,3999,60949,PAS Lamia 1964,Volou Neos Podosferikos Syllogos,1,2
2023-12-18,4103622,IT1,2023,domestic_league,800,380,Atalanta BC,US Salernitana 1919,4,1
2023-12-18,4109493,PO1,2023,domestic_league,336,720,Sporting CP,FC Porto,2,0
2023-12-18,4112854,ES1,2023,domestic_league,12321,1108,Girona FC,Deportivo Alavés,3,0
2023-12-18,4150540,GR1,2023,domestic_league,6418,2441,Panetolikos Agrinio,Athlitiki Enosi Konstantinoupoleos,2,2
2023-12-18,4150541,GR1,2023,domestic_league,3385,683,Panserraikos Serres,Olympiakos Syndesmos Filathlon Peiraios,0,1
2023-12-18,4243186,KLUB,2023,,2462,7,Fluminense Football Club,Al Ahly FC,2,0
2023-12-19,4096102,L1,2023,domestic_league,16,39,Borussia Dortmund,1.FSV Mainz 05,1,1
2023-12-19,4096107,L1,2023,domestic_league,533,105,TSG 1899 Hoffenheim,SV Darmstadt 98,3,3
2023-12-19,4096108,L1,2023,domestic_league,86,23826,SV Werder Bremen,RB Leipzig,1,1
2023-12-19,4112866,ES1,2023,domestic_league,13,3709,Atlético de Madrid,Getafe CF,3,3
2023-12-19,4112870,ES1,2023,domestic_league,367,1049,Rayo Vallecano,Valencia CF,0,1
2023-12-19,4112871,ES1,2023,domestic_league,16795,368,Granada CF,Sevilla FC,0,3
2023-12-19,4129574,TR1,2023,domestic_league,924,449,Istanbulspor,Trabzonspor,0,3
2023-12-19,4129577,TR1,2023,domestic_league,2832,3840,Gaziantep FK,Adana Demirspor,2,2
2023-12-19,4129578,TR1,2023,domestic_league,6890,2381,Basaksehir FK,Sivasspor,3,1
2023-12-19,4221834,CGB,2022,,29,931,Everton FC,Fulham FC,7,8
2023-12-19,4221835,CGB,2022,,631,762,Chelsea FC,Newcastle United,5,3
2023-12-19,4221836,CGB,2022,,1211,641,Port Vale FC,Middlesbrough FC,0,3
2023-12-19,4222035,CIT,2023,domestic_cup,6195,8970,SSC Napoli,Frosinone Calcio,0,4
2023-12-19,4225934,NLP,2023,domestic_cup,7110,642,Quick Boys,De Graafschap Doetinchem,2,0
2023-12-19,4225935,NLP,2023,domestic_cup,1455,133,FC Dordrecht,SC Cambuur Leeuwarden,0,3
2023-12-19,4225936,NLP,2023,domestic_cup,10803,798,SV Spakenburg,Excelsior Rotterdam,2,3
2023-12-19,4225937,NLP,2023,domestic_cup,3892,385,FC Eindhoven,Fortuna Sittardia Combinatie,0,2
2023-12-19,4225938,NLP,2023,domestic_cup,403,202,Willem II Tilburg,FC Groningen,1,3
2023-12-19,4242570,FAC,2023,domestic_cup,1181,3455,Blackpool FC,Forest Green Rovers,3,0
2023-12-19,4243187,KLUB,2023,,828,281,Urawa Red Diamonds,Manchester City,0,3
2023-12-19,4249375,NLP,2023,domestic_cup,44594,3410,RKVV DEM,Excelsior Maassluis,0,1
2023-12-20,4094722,FR1,2023,domestic_league,583,347,Paris Saint-Germain,FC Metz,3,1
2023-12-20,4094723,FR1,2023,domestic_league,667,1082,RC Strasbourg Alsace,LOSC Lille,2,1
2023-12-20,4094724,FR1,2023,domestic_league,415,162,FC Toulouse,AS Monaco,1,2
2023-12-20,4094725,FR1,2023,domestic_league,1041,995,Olympique Lyon,FC Nantes,1,0
2023-12-20,4094726,FR1,2023,domestic_league,417,826,OGC Nice,RC Lens,2,0
2023-12-20,4094727,FR1,2023,domestic_league,3524,273,Clermont Foot 63,Stade Rennais FC,1,3
2023-12-20,4094728,FR1,2023,domestic_league,1421,738,Stade Reims,Le Havre AC,1,0
2023-12-20,4094729,FR1,2023,domestic_league,969,244,Montpellier HSC,Olympique Marseille,1,1
2023-12-20,4094730,FR1,2023,domestic_league,3911,1158,Stade Brestois 29,FC Lorient,4,0
2023-12-20,4096103,L1,2023,domestic_league,89,3,1.FC Union Berlin,1.FC Köln,2,0
2023-12-20,4096104,L1,2023,domestic_league,15,80,Bayer 04 Leverkusen,VfL Bochum,4,0
2023-12-20,4096105,L1,2023,domestic_league,24,18,Eintracht Frankfurt,Borussia Mönchengladbach,2,1
2023-12-20,4096106,L1,2023,domestic_league,82,27,VfL Wolfsburg,Bayern Munich,1,2
2023-12-20,4096109,L1,2023,domestic_league,79,167,VfB Stuttgart,FC Augsburg,3,0
2023-12-20,4096110,L1,2023,domestic_league,2036,60,1. Fußballclub Heidenheim 1846,SC Freiburg,3,2
2023-12-20,4098815,BE1,2023,domestic_league,520,601,Cercle Brugge,KV Kortrijk,3,0
2023-12-20,4098816,BE1,2023,domestic_league,354,3057,KV Mechelen,Standard Liège,3,0
2023-12-20,4112865,ES1,2023,domestic_league,621,472,Athletic Bilbao,UD Las Palmas,1,0
2023-12-20,4112873,ES1,2023,domestic_league,131,3302,FC Barcelona,UD Almería,3,2
2023-12-20,4112874,ES1,2023,domestic_league,1050,940,Villarreal CF,Celta de Vigo,3,2
2023-12-20,4120914,SC1,2023,domestic_league,370,1241,Aberdeen FC,Livingston FC,2,1
2023-12-20,4120917,SC1,2023,domestic_league,124,2578,Rangers FC,St. Johnstone FC,2,0
2023-12-20,4129573,TR1,2023,domestic_league,3205,36,Kayserispor,Fenerbahce,3,4
2023-12-20,4129575,TR1,2023,domestic_league,141,6646,Galatasaray,Fatih Karagümrük,1,0
2023-12-20,4129579,TR1,2023,domestic_league,589,10484,Antalyaspor,Kasimpasa,0,0
2023-12-20,4150543,GR1,2023,domestic_league,605,3999,Aris Thessalonikis,PAS Lamia 1964,2,2
2023-12-20,4150544,GR1,2023,domestic_league,60949,265,Volou Neos Podosferikos Syllogos,Panathinaikos Athlitikos Omilos,0,3
2023-12-20,4221297,CIT,2023,domestic_cup,46,1025,Inter Milan,Bologna Football Club 1909,1,2
2023-12-20,4221837,CGB,2022,,31,379,Liverpool FC,West Ham United,5,1
2023-12-20,4225939,NLP,2023,domestic_cup,1268,468,ADO Den Haag,Sparta Rotterdam,2,0
2023-12-20,4225940,NLP,2023,domestic_cup,19964,467,GVVV Veenendaal,NEC Nijmegen,1,6
2023-12-20,4225941,NLP,2023,domestic_cup,17605,2838,RKAV Volendam,AFC Amsterdam,0,1
2023-12-20,4225942,NLP,2023,domestic_cup,11312,1090,HHC Hardenberg,AZ Alkmaar,2,3
2023-12-20,4225943,NLP,2023,domestic_cup,234,200,Feyenoord Rotterdam,FC Utrecht,2,1
2023-12-21,4095247,GB1,2023,domestic_league,873,1237,Crystal Palace,Brighton & Hove Albion,1,1
2023-12-21,4098812,BE1,2023,domestic_league,157,2727,KAA Gent,Oud-Heverlee Leuven,4,0
2023-12-21,4112867,ES1,2023,domestic_league,150,12321,Real Betis Balompié,Girona FC,1,1
2023-12-21,4112868,ES1,2023,domestic_league,2687,681,Cádiz CF,Real Sociedad,0,0
2023-12-21,4112869,ES1,2023,domestic_league,237,331,RCD Mallorca,CA Osasuna,3,2
2023-12-21,4112872,ES1,2023,domestic_league,1108,418,Deportivo Alavés,Real Madrid,0,1
2023-12-21,4129576,TR1,2023,domestic_league,152,2293,Samsunspor,Konyaspor,1,1
2023-12-21,4129580,TR1,2023,domestic_league,114,11282,Beşiktaş Jimnastik Kulübü,Alanyaspor,1,3
2023-12-21,4129581,TR1,2023,domestic_league,868,7775,MKE Ankaragücü,Hatayspor,0,0
2023-12-21,4129582,TR1,2023,domestic_league,126,3209,Caykur Rizespor,Pendikspor,5,1
2023-12-21,4150545,GR1,2023,domestic_league,30120,1091,Athlitiki Enosi Kifisias,Panthessalonikios Athlitikos Omilos Konstantinoupoliton,0,6
2023-12-21,4150547,GR1,2023,domestic_league,653,6676,Omilos Filathlon Irakliou FC,A.G.S Asteras Tripolis,0,2
2023-12-21,4150548,GR1,2023,domestic_league,3385,2441,Panserraikos Serres,Athlitiki Enosi Konstantinoupoleos,2,2
2023-12-21,4150549,GR1,2023,domestic_league,2671,6418,PAS Giannina,Panetolikos Agrinio,0,0
2023-12-21,4172893,GR1,2023,domestic_league,3060,683,APS Atromitos Athinon,Olympiakos Syndesmos Filathlon Peiraios,0,0
2023-12-21,4192925,POCP,2023,,294,110302,SL Benfica,Avs Futebol,4,1
2023-12-21,4225944,NLP,2023,domestic_cup,34156,610,USV Hercules,Ajax Amsterdam,3,2
2023-12-21,4225945,NLP,2023,domestic_cup,1435,6160,Go Ahead Eagles,De Treffers,7,1
2023-12-21,4225946,NLP,2023,domestic_cup,499,306,Vitesse Arnhem,SC Heerenveen,1,0
2023-12-21,4225947,NLP,2023,domestic_cup,9933,723,VV Katwijk,Almere City FC,1,2
2023-12-22,4095246,GB1,2023,domestic_league,405,350,Aston Villa,Sheffield United,1,1
2023-12-22,4098814,BE1,2023,domestic_league,54189,2282,RWD Molenbeek,Club Brugge KV,1,6
2023-12-22,4103633,IT1,2023,domestic_league,749,398,FC Empoli,Società Sportiva Lazio S.p.A.,0,2
2023-12-22,4103637,IT1,2023,domestic_league,2919,430,AC Monza,ACF Fiorentina,0,1
2023-12-22,4103639,IT1,2023,domestic_league,380,5,US Salernitana 1919,AC Milan,2,2
2023-12-22,4103640,IT1,2023,domestic_league,6574,252,US Sassuolo,Genoa CFC,1,2
2023-12-22,4192924,POCP,2023,,982,1075,CD Nacional,SC Braga,1,3
2023-12-22,4244599,KLUB,2023,,828,7,Urawa Red Diamonds,Al Ahly FC,2,4
2023-12-22,4244600,KLUB,2023,,281,2462,Manchester City,Fluminense Football Club,4,0
2023-12-23,4095248,GB1,2023,domestic_league,931,1132,Fulham FC,Burnley FC,0,2
2023-12-23,4095249,GB1,2023,domestic_league,31,11,Liverpool FC,Arsenal FC,1,1
2023-12-23,4095250,GB1,2023,domestic_league,1031,762,Luton Town,Newcastle United,1,0
2023-12-23,4095252,GB1,2023,domestic_league,703,989,Nottingham Forest,AFC Bournemouth,2,3
2023-12-23,4095253,GB1,2023,domestic_league,148,29,Tottenham Hotspur,Everton FC,2,1
2023-12-23,4095254,GB1,2023,domestic_league,379,985,West Ham United,Manchester United,2,0
2023-12-23,4098811,BE1,2023,domestic_league,58,1184,RSC Anderlecht,KRC Genk,2,1
2023-12-23,4098813,BE1,2023,domestic_league,1096,968,Royal Antwerp FC,KVC Westerlo,2,2
2023-12-23,4098817,BE1,2023,domestic_league,475,172,Sint-Truidense VV,Royal Charleroi Sporting Club,1,0
2023-12-23,4098818,BE1,2023,domestic_league,1245,3948,KAS Eupen,Union Saint-Gilloise,1,2
2023-12-23,4103632,IT1,2023,domestic_league,1025,800,Bologna Football Club 1909,Atalanta BC,1,0
2023-12-23,4103634,IT1,2023,domestic_league,8970,506,Frosinone Calcio,Juventus FC,1,2
2023-12-23,4103635,IT1,2023,domestic_league,276,1390,Hellas Verona,Cagliari Calcio,2,0
2023-12-23,4103636,IT1,2023,domestic_league,46,1005,Inter Milan,US Lecce,2,0
2023-12-23,4103638,IT1,2023,domestic_league,12,6195,Associazione Sportiva Roma,SSC Napoli,2,0
2023-12-23,4103641,IT1,2023,domestic_league,416,410,Torino FC,Udinese Calcio,1,1
2023-12-23,4109414,PO1,2023,domestic_league,6912,979,FC Vizela,Moreirense FC,0,0
2023-12-23,4109417,PO1,2023,domestic_league,2420,2425,Vitória Guimarães SC,Rio Ave FC,1,0
2023-12-23,4113046,ES1,2023,domestic_league,13,368,Atlético de Madrid,Sevilla FC,1,0
2023-12-23,4120956,SC1,2023,domestic_league,371,1241,Celtic FC,Livingston FC,2,0
2023-12-23,4120958,SC1,2023,domestic_league,43,465,Heart of Midlothian FC,St. Mirren FC,2,0
2023-12-23,4120959,SC1,2023,domestic_league,2553,2578,Kilmarnock FC,St. Johnstone FC,2,1
2023-12-23,4129589,TR1,2023,domestic_league,6646,2832,Fatih Karagümrük,Gaziantep FK,0,3
2023-12-23,4129590,TR1,2023,domestic_league,449,6890,Trabzonspor,Basaksehir FK,1,1
2023-12-23,4129591,TR1,2023,domestic_league,2381,924,Sivasspor,Istanbulspor,1,0
2023-12-23,4192926,POCP,2023,,7179,336,CD Tondela,Sporting CP,1,2
2023-12-23,4192927,POCP,2023,,720,3345,FC Porto,Leixões SC,2,1
2023-12-24,4095255,GB1,2023,domestic_league,543,631,Wolverhampton Wanderers,Chelsea FC,2,1
2023-12-24,4120960,SC1,2023,domestic_league,987,124,Motherwell FC,Rangers FC,0,2
2023-12-24,4129583,TR1,2023,domestic_league,36,141,Fenerbahce,Galatasaray,0,0
2023-12-24,4129588,TR1,2023,domestic_league,3840,589,Adana Demirspor,Antalyaspor,2,1
2023-12-24,4129592,TR1,2023,domestic_league,2293,3205,Konyaspor,Kayserispor,2,0
2023-12-25,4129584,TR1,2023,domestic_league,7775,114,Hatayspor,Beşiktaş Jimnastik Kulübü,1,2
2023-12-25,4129585,TR1,2023,domestic_league,3209,868,Pendikspor,MKE Ankaragücü,1,1
2023-12-25,4129586,TR1,2023,domestic_league,10484,126,Kasimpasa,Caykur Rizespor,2,2
2023-12-25,4129587,TR1,2023,domestic_league,11282,152,Alanyaspor,Samsunspor,3,1
2023-12-26,4095256,GB1,2023,domestic_league,989,931,AFC Bournemouth,Fulham FC,3,0
2023-12-26,4095260,GB1,2023,domestic_league,1132,31,Burnley FC,Liverpool FC,0,2
2023-12-26,4095263,GB1,2023,domestic_league,985,405,Manchester United,Aston Villa,3,2
2023-12-26,4095264,GB1,2023,domestic_league,762,703,Newcastle United,Nottingham Forest,1,3
2023-12-26,4095265,GB1,2023,domestic_league,350,1031,Sheffield United,Luton Town,2,3
2023-12-26,4098899,BE1,2023,domestic_league,2282,3948,Club Brugge KV,Union Saint-Gilloise,1,1
2023-12-26,4098902,BE1,2023,domestic_league,1184,1096,KRC Genk,Royal Antwerp FC,3,0
2023-12-26,4098903,BE1,2023,domestic_league,2727,1245,Oud-Heverlee Leuven,KAS Eupen,3,0
2023-12-26,4098904,BE1,2023,domestic_league,601,157,KV Kortrijk,KAA Gent,0,2
2023-12-26,4098905,BE1,2023,domestic_league,968,54189,KVC Westerlo,RWD Molenbeek,3,0
2023-12-26,4120963,SC1,2023,domestic_league,511,371,Dundee FC,Celtic FC,0,3
2023-12-27,4095258,GB1,2023,domestic_league,1148,543,Brentford FC,Wolverhampton Wanderers,1,4
2023-12-27,4095261,GB1,2023,domestic_league,631,873,Chelsea FC,Crystal Palace,2,1
2023-12-27,4095262,GB1,2023,domestic_league,29,281,Everton FC,Manchester City,1,3
2023-12-27,4098900,BE1,2023,domestic_league,58,520,RSC Anderlecht,Cercle Brugge,2,0
2023-12-27,4098901,BE1,2023,domestic_league,3057,475,Standard Liège,Sint-Truidense VV,1,1
2023-12-27,4098906,BE1,2023,domestic_league,172,354,Royal Charleroi Sporting Club,KV Mechelen,3,1
2023-12-27,4120964,SC1,2023,domestic_league,903,43,Hibernian FC,Heart of Midlothian FC,0,1
2023-12-27,4120965,SC1,2023,domestic_league,1241,2578,Livingston FC,St. Johnstone FC,0,0
2023-12-27,4120967,SC1,2023,domestic_league,465,2553,St. Mirren FC,Kilmarnock FC,0,1
2023-12-28,4095257,GB1,2023,domestic_league,11,379,Arsenal FC,West Ham United,0,2
2023-12-28,4095259,GB1,2023,domestic_league,1237,148,Brighton & Hove Albion,Tottenham Hotspur,4,2
2023-12-28,4109411,PO1,2023,domestic_league,2431,8024,CF Estrela Amadora,FC Arouca,1,4
2023-12-29,4103644,IT1,2023,domestic_league,430,416,ACF Fiorentina,Torino FC,1,0
2023-12-29,4103645,IT1,2023,domestic_league,252,46,Genoa CFC,Inter Milan,1,1
2023-12-29,4103648,IT1,2023,domestic_league,398,8970,Società Sportiva Lazio S.p.A.,Frosinone Calcio,3,1
2023-12-29,4103650,IT1,2023,domestic_league,6195,2919,SSC Napoli,AC Monza,0,0
2023-12-29,4109412,PO1,2023,domestic_league,720,3325,FC Porto,GD Chaves,1,0
2023-12-29,4109418,PO1,2023,domestic_league,294,3329,SL Benfica,FC Famalicão,3,0
2023-12-30,4095266,GB1,2023,domestic_league,405,1132,Aston Villa,Burnley FC,3,2
2023-12-30,4095267,GB1,2023,domestic_league,873,1148,Crystal Palace,Brentford FC,3,1
2023-12-30,4095270,GB1,2023,domestic_league,1031,631,Luton Town,Chelsea FC,2,3
2023-12-30,4095271,GB1,2023,domestic_league,281,350,Manchester City,Sheffield United,2,0
2023-12-30,4095272,GB1,2023,domestic_league,703,985,Nottingham Forest,Manchester United,2,1
2023-12-30,4095275,GB1,2023,domestic_league,543,29,Wolverhampton Wanderers,Everton FC,3,0
2023-12-30,4103642,IT1,2023,domestic_league,800,1005,Atalanta BC,US Lecce,1,0
2023-12-30,4103643,IT1,2023,domestic_league,1390,749,Cagliari Calcio,FC Empoli,0,0
2023-12-30,4103646,IT1,2023,domestic_league,276,380,Hellas Verona,US Salernitana 1919,0,1
2023-12-30,4103647,IT1,2023,domestic_league,506,12,Juventus FC,Associazione Sportiva Roma,1,0
2023-12-30,4103649,IT1,2023,domestic_league,5,6574,AC Milan,US Sassuolo,1,0
2023-12-30,4103651,IT1,2023,domestic_league,410,1025,Udinese Calcio,Bologna Football Club 1909,3,0
2023-12-30,4109413,PO1,2023,domestic_league,2424,2503,Gil Vicente FC,Boavista FC,1,0
2023-12-30,4109415,PO1,2023,domestic_league,3268,1075,Casa Pia AC,SC Braga,1,3
2023-12-30,4109416,PO1,2023,domestic_league,7378,336,Portimonense SC,Sporting CP,1,2
2023-12-30,4109419,PO1,2023,domestic_league,1465,4294,GD Estoril Praia,SC Farense,4,0
2023-12-30,4120968,SC1,2023,domestic_league,370,465,Aberdeen FC,St. Mirren FC,0,3
2023-12-30,4120969,SC1,2023,domestic_league,371,124,Celtic FC,Rangers FC,2,1
2023-12-30,4120970,SC1,2023,domestic_league,43,2759,Heart of Midlothian FC,Ross County FC,2,2
2023-12-30,4120971,SC1,2023,domestic_league,2553,511,Kilmarnock FC,Dundee FC,2,2
2023-12-30,4120972,SC1,2023,domestic_league,987,1241,Motherwell FC,Livingston FC,3,1
2023-12-31,4095268,GB1,2023,domestic_league,931,11,Fulham FC,Arsenal FC,2,1
2023-12-31,4095273,GB1,2023,domestic_league,148,989,Tottenham Hotspur,AFC Bournemouth,3,1
2024-01-01,4095269,GB1,2023,domestic_league,31,762,Liverpool FC,Newcastle United,4,2
2024-01-02,4095274,GB1,2023,domestic_league,379,1237,West Ham United,Brighton & Hove Albion,0,0
2024-01-02,4112855,ES1,2023,domestic_league,3709,367,Getafe CF,Rayo Vallecano,0,2
2024-01-02,4112856,ES1,2023,domestic_league,1049,1050,Valencia CF,Villarreal CF,3,1
2024-01-02,4112864,ES1,2023,domestic_league,681,1108,Real Sociedad,Deportivo Alavés,1,1
2024-01-02,4120975,SC1,2023,domestic_league,903,987,Hibernian FC,Motherwell FC,2,2
2024-01-02,4120976,SC1,2023,domestic_league,1241,43,Livingston FC,Heart of Midlothian FC,1,2
2024-01-02,4120977,SC1,2023,domestic_league,124,2553,Rangers FC,Kilmarnock FC,3,1
2024-01-02,4120978,SC1,2023,domestic_league,2759,370,Ross County FC,Aberdeen FC,0,3
2024-01-02,4120979,SC1,2023,domestic_league,465,371,St. Mirren FC,Celtic FC,0,3
2024-01-02,4221299,CIT,2023,domestic_cup,5,1390,AC Milan,Cagliari Calcio,4,1
2024-01-03,4112859,ES1,2023,domestic_league,12321,13,Girona FC,Atlético de Madrid,4,3
2024-01-03,4112861,ES1,2023,domestic_league,940,150,Celta de Vigo,Real Betis Balompié,2,1
2024-01-03,4112862,ES1,2023,domestic_league,16795,2687,Granada CF,Cádiz CF,2,0
2024-01-03,4112863,ES1,2023,domestic_league,418,237,Real Madrid,RCD Mallorca,1,0
2024-01-03,4150592,GR1,2023,domestic_league,2441,60949,Athlitiki Enosi Konstantinoupoleos,Volou Neos Podosferikos Syllogos,3,0
2024-01-03,4150593,GR1,2023,domestic_league,6676,605,A.G.S Asteras Tripolis,Aris Thessalonikis,3,2
2024-01-03,4150595,GR1,2023,domestic_league,265,2671,Panathinaikos Athlitikos Omilos,PAS Giannina,2,0
2024-01-03,4150597,GR1,2023,domestic_league,1091,653,Panthessalonikios Athlitikos Omilos Konstantinoupoliton,Omilos Filathlon Irakliou FC,4,0
2024-01-03,4150598,GR1,2023,domestic_league,3999,683,PAS Lamia 1964,Olympiakos Syndesmos Filathlon Peiraios,1,0
2024-01-03,4221301,CIT,2023,domestic_cup,12,2239,Associazione Sportiva Roma,US Cremonese,2,1
2024-01-03,4222034,CIT,2023,domestic_cup,800,6574,Atalanta BC,US Sassuolo,3,1
2024-01-03,4234876,FRCH,2023,other,583,415,Paris Saint-Germain,FC Toulouse,2,0
2024-01-04,4112857,ES1,2023,domestic_league,331,3302,CA Osasuna,UD Almería,1,0
2024-01-04,4112858,ES1,2023,domestic_league,368,621,Sevilla FC,Athletic Bilbao,0,2
2024-01-04,4112860,ES1,2023,domestic_league,472,131,UD Las Palmas,FC Barcelona,1,2
2024-01-04,4150594,GR1,2023,domestic_league,3060,30120,APS Atromitos Athinon,Athlitiki Enosi Kifisias,3,0
2024-01-04,4150596,GR1,2023,domestic_league,6418,3385,Panetolikos Agrinio,Panserraikos Serres,3,2
2024-01-04,4221302,CIT,2023,domestic_cup,506,380,Juventus FC,US Salernitana 1919,6,1
2024-01-04,4246466,FAC,2023,domestic_cup,873,29,Crystal Palace,Everton FC,0,0
2024-01-05,4103652,IT1,2023,domestic_league,1025,252,Bologna Football Club 1909,Genoa CFC,1,1
2024-01-05,4109476,PO1,2023,domestic_league,336,1465,Sporting CP,GD Estoril Praia,5,1
2024-01-05,4109482,PO1,2023,domestic_league,2503,720,Boavista FC,FC Porto,1,1
2024-01-05,4129597,TR1,2023,domestic_league,2832,3209,Gaziantep FK,Pendikspor,2,2
2024-01-05,4129599,TR1,2023,domestic_league,589,11282,Antalyaspor,Alanyaspor,0,0
2024-01-05,4129600,TR1,2023,domestic_league,114,10484,Beşiktaş Jimnastik Kulübü,Kasimpasa,1,3
2024-01-05,4246467,FAC,2023,domestic_cup,1148,543,Brentford FC,Wolverhampton Wanderers,1,1
2024-01-05,4246468,FAC,2023,domestic_cup,931,1194,Fulham FC,Rotherham United,1,0
2024-01-05,4246469,FAC,2023,domestic_cup,148,1132,Tottenham Hotspur,Burnley FC,1,0
2024-01-06,4103654,IT1,2023,domestic_league,8970,2919,Frosinone Calcio,AC Monza,2,3
2024-01-06,4103655,IT1,2023,domestic_league,46,276,Inter Milan,Hellas Verona,2,1
2024-01-06,4103656,IT1,2023,domestic_league,1005,1390,US Lecce,Cagliari Calcio,1,1
2024-01-06,4103659,IT1,2023,domestic_league,6574,430,US Sassuolo,ACF Fiorentina,1,0
2024-01-06,4109478,PO1,2023,domestic_league,4294,2424,SC Farense,Gil Vicente FC,1,0
2024-01-06,4109479,PO1,2023,domestic_league,2431,6912,CF Estrela Amadora,FC Vizela,1,1
2024-01-06,4109480,PO1,2023,domestic_league,8024,294,FC Arouca,SL Benfica,0,3
2024-01-06,4109481,PO1,2023,domestic_league,1075,2420,SC Braga,Vitória Guimarães SC,1,1
2024-01-06,4129596,TR1,2023,domestic_league,152,6646,Samsunspor,Fatih Karagümrük,1,0
2024-01-06,4129598,TR1,2023,domestic_league,6890,3840,Basaksehir FK,Adana Demirspor,0,0
2024-01-06,4129601,TR1,2023,domestic_league,868,449,MKE Ankaragücü,Trabzonspor,0,1
2024-01-06,4129602,TR1,2023,domestic_league,126,7775,Caykur Rizespor,Hatayspor,2,0
2024-01-06,4240829,CDR,2023,domestic_cup,25377,418,Arandina CF,Real Madrid,1,3
2024-01-06,4240831,CDR,2023,domestic_cup,11000,13,CD Lugo,Atlético de Madrid,1,3
2024-01-06,4240834,CDR,2023,domestic_cup,1531,12321,Elche CF,Girona FC,0,2
2024-01-06,4240837,CDR,2023,domestic_cup,714,3709,RCD Espanyol Barcelona,Getafe CF,0,1
2024-01-06,4240839,CDR,2023,domestic_cup,5358,367,SD Huesca,Rayo Vallecano,0,2
2024-01-06,4240843,CDR,2023,domestic_cup,1108,150,Deportivo Alavés,Real Betis Balompié,1,0
2024-01-06,4246470,FAC,2023,domestic_cup,3884,677,AFC Wimbledon,Ipswich Town,1,3
2024-01-06,4246471,FAC,2023,domestic_cup,990,988,Coventry City,Oxford United,6,2
2024-01-06,4246472,FAC,2023,domestic_cup,7047,3684,Maidstone United,Stevenage FC,1,0
2024-01-06,4246473,FAC,2023,domestic_cup,1028,1003,Millwall FC,Leicester City,2,3
2024-01-06,4246474,FAC,2023,domestic_cup,289,762,Sunderland AFC,Newcastle United,0,3
2024-01-06,4246475,FAC,2023,domestic_cup,164,986,Blackburn Rovers,Cambridge United,5,2
2024-01-06,4246476,FAC,2023,domestic_cup,2814,350,Gillingham FC,Sheffield United,0,4
2024-01-06,4246477,FAC,2023,domestic_cup,3008,337,Hull City,Birmingham City,1,1
2024-01-06,4246478,FAC,2023,domestic_cup,3716,10391,Newport County,Eastleigh FC,1,1
2024-01-06,4246479,FAC,2023,domestic_cup,1123,2455,Norwich City,Bristol Rovers,1,1
2024-01-06,4246480,FAC,2023,domestic_cup,2262,3052,Plymouth Argyle,Sutton United,3,1
2024-01-06,4246481,FAC,2023,domestic_cup,1039,989,Queens Park Rangers,AFC Bournemouth,2,3
2024-01-06,4246482,FAC,2023,domestic_cup,180,899,Southampton FC,Walsall FC,4,0
2024-01-06,4246483,FAC,2023,domestic_cup,512,1237,Stoke City,Brighton & Hove Albion,2,4
2024-01-06,4246484,FAC,2023,domestic_cup,1010,1219,Watford FC,Chesterfield FC,2,1
2024-01-06,4246485,FAC,2023,domestic_cup,631,466,Chelsea FC,Preston North End,4,0
2024-01-06,4246486,FAC,2023,domestic_cup,641,405,Middlesbrough FC,Aston Villa,0,1
2024-01-06,4246487,FAC,2023,domestic_cup,1035,603,Sheffield Wednesday,Cardiff City,4,0
2024-01-06,4246488,FAC,2023,domestic_cup,2288,3697,Swansea City,Morecambe FC,2,0
2024-01-07,4103653,IT1,2023,domestic_league,749,5,FC Empoli,AC Milan,0,3
2024-01-07,4103657,IT1,2023,domestic_league,12,800,Associazione Sportiva Roma,Atalanta BC,1,1
2024-01-07,4103658,IT1,2023,domestic_league,380,506,US Salernitana 1919,Juventus FC,1,2
2024-01-07,4103660,IT1,2023,domestic_league,416,6195,Torino FC,SSC Napoli,3,0
2024-01-07,4103661,IT1,2023,domestic_league,410,398,Udinese Calcio,Società Sportiva Lazio S.p.A.,1,2
2024-01-07,4109474,PO1,2023,domestic_league,3329,3325,FC Famalicão,GD Chaves,2,2
2024-01-07,4109477,PO1,2023,domestic_league,2425,7378,Rio Ave FC,Portimonense SC,2,0
2024-01-07,4129593,TR1,2023,domestic_league,3205,2381,Kayserispor,Sivasspor,1,3
2024-01-07,4129594,TR1,2023,domestic_league,924,36,Istanbulspor,Fenerbahce,1,5
2024-01-07,4129595,TR1,2023,domestic_league,141,2293,Galatasaray,Konyaspor,3,0
2024-01-07,4150641,GR1,2023,domestic_league,605,1091,Aris Thessalonikis,Panthessalonikios Athlitikos Omilos Konstantinoupoliton,2,1
2024-01-07,4150642,GR1,2023,domestic_league,60949,3060,Volou Neos Podosferikos Syllogos,APS Atromitos Athinon,1,2
2024-01-07,4150643,GR1,2023,domestic_league,683,2441,Olympiakos Syndesmos Filathlon Peiraios,Athlitiki Enosi Konstantinoupoleos,1,2
2024-01-07,4150645,GR1,2023,domestic_league,265,6418,Panathinaikos Athlitikos Omilos,Panetolikos Agrinio,2,1
2024-01-07,4150646,GR1,2023,domestic_league,3385,30120,Panserraikos Serres,Athlitiki Enosi Kifisias,1,1
2024-01-07,4150647,GR1,2023,domestic_league,2671,6676,PAS Giannina,A.G.S Asteras Tripolis,2,1
2024-01-07,4240828,CDR,2023,domestic_cup,16387,131,UD Barbastro,FC Barcelona,2,3
2024-01-07,4240830,CDR,2023,domestic_cup,2502,331,CD Castellón,CA Osasuna,0,1
2024-01-07,4240832,CDR,2023,domestic_cup,1084,681,Málaga CF,Real Sociedad,0,1
2024-01-07,4240835,CDR,2023,domestic_cup,1536,237,Burgos CF,RCD Mallorca,0,3
2024-01-07,4240836,CDR,2023,domestic_cup,648,472,CD Tenerife,UD Las Palmas,2,0
2024-01-07,4240838,CDR,2023,domestic_cup,1176,368,Racing Ferrol,Sevilla FC,1,2
2024-01-07,4240840,CDR,2023,domestic_cup,16575,940,SD Amorebieta,Celta de Vigo,2,4
2024-01-07,4240841,CDR,2023,domestic_cup,7077,1049,FC Cartagena,Valencia CF,1,2
2024-01-07,4240842,CDR,2023,domestic_cup,1533,621,SD Eibar,Athletic Bilbao,0,3
2024-01-07,4246520,FAC,2023,domestic_cup,1031,355,Luton Town,Bolton Wanderers,0,0
2024-01-07,4246521,FAC,2023,domestic_cup,281,1110,Manchester City,Huddersfield Town,5,0
2024-01-07,4246522,FAC,2023,domestic_cup,703,1181,Nottingham Forest,Blackpool FC,2,2
2024-01-07,4246523,FAC,2023,domestic_cup,1072,399,Peterborough United,Leeds United,0,3
2024-01-07,4246524,FAC,2023,domestic_cup,3054,1112,Shrewsbury Town,Wrexham AFC,0,1
2024-01-07,4246525,FAC,2023,domestic_cup,984,3717,West Bromwich Albion,Aldershot Town,4,1
2024-01-07,4246526,FAC,2023,domestic_cup,379,698,West Ham United,Bristol City,1,1
2024-01-07,4246527,FAC,2023,domestic_cup,11,31,Arsenal FC,Liverpool FC,0,2
2024-01-08,4109475,PO1,2023,domestic_league,979,3268,Moreirense FC,Casa Pia AC,1,4
2024-01-08,4150644,GR1,2023,domestic_league,653,3999,Omilos Filathlon Irakliou FC,PAS Lamia 1964,1,1
2024-01-08,4240833,CDR,2023,domestic_cup,52397,1050,Unionistas CF,Villarreal CF,8,7
2024-01-08,4246528,FAC,2023,domestic_cup,1071,985,Wigan Athletic,Manchester United,0,2
2024-01-09,4129564,TR1,2023,domestic_league,3209,589,Pendikspor,Antalyaspor,0,1
2024-01-09,4129565,TR1,2023,domestic_league,10484,6890,Kasimpasa,Basaksehir FK,0,3
2024-01-09,4129566,TR1,2023,domestic_league,11282,868,Alanyaspor,MKE Ankaragücü,1,1
2024-01-09,4129572,TR1,2023,domestic_league,126,114,Caykur Rizespor,Beşiktaş Jimnastik Kulübü,0,4
2024-01-09,4246517,CGB,2022,,641,631,Middlesbrough FC,Chelsea FC,1,0
2024-01-09,4254174,CIT,2023,domestic_cup,430,1025,ACF Fiorentina,Bologna Football Club 1909,5,4
2024-01-10,4129563,TR1,2023,domestic_league,7775,2832,Hatayspor,Gaziantep FK,0,0
2024-01-10,4129567,TR1,2023,domestic_league,3840,924,Adana Demirspor,Istanbulspor,2,2
2024-01-10,4129568,TR1,2023,domestic_league,6646,3205,Fatih Karagümrük,Kayserispor,4,1
2024-01-10,4129570,TR1,2023,domestic_league,36,2293,Fenerbahce,Konyaspor,7,1
2024-01-10,4208069,GRP,2023,domestic_cup,265,683,Panathinaikos Athlitikos Omilos,Olympiakos Syndesmos Filathlon Peiraios,1,1
2024-01-10,4208071,GRP,2023,domestic_cup,2441,605,Athlitiki Enosi Konstantinoupoleos,Aris Thessalonikis,0,0
2024-01-10,4208076,GRP,2023,domestic_cup,60949,1091,Volou Neos Podosferikos Syllogos,Panthessalonikios Athlitikos Omilos Konstantinoupoliton,0,2
2024-01-10,4208078,GRP,2023,domestic_cup,3385,6676,Panserraikos Serres,A.G.S Asteras Tripolis,1,1
2024-01-10,4246516,CGB,2022,,31,931,Liverpool FC,Fulham FC,2,1
2024-01-10,4256790,CIT,2023,domestic_cup,5,800,AC Milan,Atalanta BC,1,2
2024-01-10,4256791,CIT,2023,domestic_cup,398,12,Società Sportiva Lazio S.p.A.,Associazione Sportiva Roma,1,0
2024-01-10,4259012,SUC,2023,other,418,13,Real Madrid,Atlético de Madrid,5,3
2024-01-11,4129569,TR1,2023,domestic_league,449,152,Trabzonspor,Samsunspor,2,1
2024-01-11,4129571,TR1,2023,domestic_league,2381,141,Sivasspor,Galatasaray,1,1
2024-01-11,4257499,CIT,2023,domestic_cup,506,8970,Juventus FC,Frosinone Calcio,4,0
2024-01-11,4259013,SUC,2023,other,131,331,FC Barcelona,CA Osasuna,2,0
2024-01-12,4094732,FR1,2023,domestic_league,244,667,Olympique Marseille,RC Strasbourg Alsace,1,1
2024-01-12,4095280,GB1,2023,domestic_league,1132,1031,Burnley FC,Luton Town,1,1
2024-01-12,4096111,L1,2023,domestic_league,27,533,Bayern Munich,TSG 1899 Hoffenheim,3,0
2024-01-12,4098065,NL1,2023,domestic_league,235,1304,RKC Waalwijk,Heracles Almelo,1,2
2024-01-12,4109424,PO1,2023,domestic_league,7378,4294,Portimonense SC,SC Farense,1,0
2024-01-12,4112824,ES1,2023,domestic_league,368,1108,Sevilla FC,Deportivo Alavés,2,3
2024-01-13,4094731,FR1,2023,domestic_league,273,417,Stade Rennais FC,OGC Nice,2,0
2024-01-13,4094733,FR1,2023,domestic_league,162,1421,AS Monaco,Stade Reims,1,3
2024-01-13,4095281,GB1,2023,domestic_league,631,931,Chelsea FC,Fulham FC,1,0
2024-01-13,4095284,GB1,2023,domestic_league,762,281,Newcastle United,Manchester City,2,3
2024-01-13,4096112,L1,2023,domestic_league,23826,24,RB Leipzig,Eintracht Frankfurt,0,1
2024-01-13,4096113,L1,2023,domestic_league,60,89,SC Freiburg,1.FC Union Berlin,0,0
2024-01-13,4096114,L1,2023,domestic_league,39,82,1.FSV Mainz 05,VfL Wolfsburg,1,1
2024-01-13,4096116,L1,2023,domestic_league,3,2036,1.FC Köln,1. Fußballclub Heidenheim 1846,1,1
2024-01-13,4096118,L1,2023,domestic_league,167,15,FC Augsburg,Bayer 04 Leverkusen,0,1
2024-01-13,4096119,L1,2023,domestic_league,105,16,SV Darmstadt 98,Borussia Dortmund,0,3
2024-01-13,4098066,NL1,2023,domestic_league,385,468,Fortuna Sittardia Combinatie,Sparta Rotterdam,0,2
2024-01-13,4098067,NL1,2023,domestic_league,317,1090,FC Twente Enschede,AZ Alkmaar,2,1
2024-01-13,4098068,NL1,2023,domestic_league,1269,306,PEC Zwolle,SC Heerenveen,2,2
2024-01-13,4098069,NL1,2023,domestic_league,383,798,PSV Eindhoven,Excelsior Rotterdam,3,1
2024-01-13,4103665,IT1,2023,domestic_league,252,416,Genoa CFC,Torino FC,0,0
2024-01-13,4103666,IT1,2023,domestic_league,276,749,Hellas Verona,FC Empoli,2,1
2024-01-13,4103670,IT1,2023,domestic_league,2919,46,AC Monza,Inter Milan,1,5
2024-01-13,4103671,IT1,2023,domestic_league,6195,380,SSC Napoli,US Salernitana 1919,2,1
2024-01-13,4109425,PO1,2023,domestic_league,1465,979,GD Estoril Praia,Moreirense FC,1,3
2024-01-13,4109426,PO1,2023,domestic_league,3325,336,GD Chaves,Sporting CP,0,3
2024-01-13,4109428,PO1,2023,domestic_league,3268,3329,Casa Pia AC,FC Famalicão,0,2
2024-01-13,4112816,ES1,2023,domestic_league,621,681,Athletic Bilbao,Real Sociedad,2,1
2024-01-13,4112819,ES1,2023,domestic_league,150,16795,Real Betis Balompié,Granada CF,1,0
2024-01-13,4112822,ES1,2023,domestic_league,472,1050,UD Las Palmas,Villarreal CF,3,0
2024-01-13,4112823,ES1,2023,domestic_league,237,940,RCD Mallorca,Celta de Vigo,1,1
2024-01-13,4150580,GR1,2023,domestic_league,3060,653,APS Atromitos Athinon,Omilos Filathlon Irakliou FC,1,1
2024-01-13,4150584,GR1,2023,domestic_league,3999,3385,PAS Lamia 1964,Panserraikos Serres,0,2
2024-01-13,4261504,TR1,2023,domestic_league,7775,3209,Hatayspor,Pendikspor,1,1
2024-01-13,4261505,TR1,2023,domestic_league,868,10484,MKE Ankaragücü,Kasimpasa,3,1
2024-01-13,4261506,TR1,2023,domestic_league,6890,11282,Basaksehir FK,Alanyaspor,3,2
2024-01-13,4261507,TR1,2023,domestic_league,126,3840,Caykur Rizespor,Adana Demirspor,1,0
2024-01-13,4261508,TR1,2023,domestic_league,114,6646,Beşiktaş Jimnastik Kulübü,Fatih Karagümrük,3,0
2024-01-14,4094734,FR1,2023,domestic_league,1082,1158,LOSC Lille,FC Lorient,3,0
2024-01-14,4094735,FR1,2023,domestic_league,826,583,RC Lens,Paris Saint-Germain,0,2
2024-01-14,4094736,FR1,2023,domestic_league,995,3524,FC Nantes,Clermont Foot 63,1,2
2024-01-14,4094737,FR1,2023,domestic_league,738,1041,Le Havre AC,Olympique Lyon,3,1
2024-01-14,4094738,FR1,2023,domestic_league,347,415,FC Metz,FC Toulouse,0,1
2024-01-14,4094739,FR1,2023,domestic_league,3911,969,Stade Brestois 29,Montpellier HSC,2,0
2024-01-14,4095282,GB1,2023,domestic_league,29,405,Everton FC,Aston Villa,0,0
2024-01-14,4095283,GB1,2023,domestic_league,985,148,Manchester United,Tottenham Hotspur,2,2
2024-01-14,4096115,L1,2023,domestic_league,18,79,Borussia Mönchengladbach,VfB Stuttgart,3,1
2024-01-14,4096117,L1,2023,domestic_league,80,86,VfL Bochum,SV Werder Bremen,1,1
2024-01-14,4098070,NL1,2023,domestic_league,724,723,FC Volendam,Almere City FC,0,1
2024-01-14,4098071,NL1,2023,domestic_league,1435,610,Go Ahead Eagles,Ajax Amsterdam,2,3
2024-01-14,4098072,NL1,2023,domestic_league,499,200,Vitesse Arnhem,FC Utrecht,0,0
2024-01-14,4098073,NL1,2023,domestic_league,234,467,Feyenoord Rotterdam,NEC Nijmegen,2,2
2024-01-14,4103663,IT1,2023,domestic_league,1390,1025,Cagliari Calcio,Bologna Football Club 1909,2,1
2024-01-14,4103664,IT1,2023,domestic_league,430,410,ACF Fiorentina,Udinese Calcio,2,2
2024-01-14,4103668,IT1,2023,domestic_league,398,1005,Società Sportiva Lazio S.p.A.,US Lecce,1,0
2024-01-14,4103669,IT1,2023,domestic_league,5,12,AC Milan,Associazione Sportiva Roma,3,1
2024-01-14,4109421,PO1,2023,domestic_league,6912,2503,FC Vizela,Boavista FC,1,4
2024-01-14,4109422,PO1,2023,domestic_league,2424,2431,Gil Vicente FC,CF Estrela Amadora,1,1
2024-01-14,4109423,PO1,2023,domestic_league,720,1075,FC Porto,SC Braga,2,0
2024-01-14,4109427,PO1,2023,domestic_league,294,2425,SL Benfica,Rio Ave FC,4,1
2024-01-14,4112815,ES1,2023,domestic_league,3302,12321,UD Almería,Girona FC,0,0
2024-01-14,4112820,ES1,2023,domestic_league,2687,1049,Cádiz CF,Valencia CF,1,4
2024-01-14,4150578,GR1,2023,domestic_league,2441,265,Athlitiki Enosi Konstantinoupoleos,Panathinaikos Athlitikos Omilos,2,2
2024-01-14,4150579,GR1,2023,domestic_league,6676,60949,A.G.S Asteras Tripolis,Volou Neos Podosferikos Syllogos,1,0
2024-01-14,4150581,GR1,2023,domestic_league,30120,683,Athlitiki Enosi Kifisias,Olympiakos Syndesmos Filathlon Peiraios,2,3
2024-01-14,4150582,GR1,2023,domestic_league,6418,605,Panetolikos Agrinio,Aris Thessalonikis,0,4
2024-01-14,4150583,GR1,2023,domestic_league,1091,2671,Panthessalonikios Athlitikos Omilos Konstantinoupoliton,PAS Giannina,4,0
2024-01-14,4260707,SUC,2023,other,418,131,Real Madrid,FC Barcelona,4,1
2024-01-14,4261509,TR1,2023,domestic_league,589,449,Antalyaspor,Trabzonspor,1,1
2024-01-14,4261510,TR1,2023,domestic_league,2832,36,Gaziantep FK,Fenerbahce,0,1
2024-01-14,4261511,TR1,2023,domestic_league,152,2381,Samsunspor,Sivasspor,2,0
2024-01-14,4261512,TR1,2023,domestic_league,924,2293,Istanbulspor,Konyaspor,0,0
2024-01-15,4103662,IT1,2023,domestic_league,800,8970,Atalanta BC,Frosinone Calcio,5,0
2024-01-15,4109420,PO1,2023,domestic_league,2420,8024,Vitória Guimarães SC,FC Arouca,2,1
2024-01-15,4261503,TR1,2023,domestic_league,141,3205,Galatasaray,Kayserispor,2,1
2024-01-16,4103667,IT1,2023,domestic_league,506,6574,Juventus FC,US Sassuolo,3,0
2024-01-16,4231135,GRP,2023,domestic_cup,3060,4603,APS Atromitos Athinon,Athlitiki Enosi Larisas,4,0
2024-01-16,4250679,NLP,2023,domestic_cup,3410,1268,Excelsior Maassluis,ADO Den Haag,1,2
2024-01-16,4250680,NLP,2023,domestic_cup,1090,7110,AZ Alkmaar,Quick Boys,7,5
2024-01-16,4250694,NLP,2023,domestic_cup,798,202,Excelsior Rotterdam,FC Groningen,0,2
2024-01-16,4259182,CDR,2023,domestic_cup,648,237,CD Tenerife,RCD Mallorca,0,1
2024-01-16,4259183,CDR,2023,domestic_cup,3709,368,Getafe CF,Sevilla FC,1,3
2024-01-16,4259186,CDR,2023,domestic_cup,621,1108,Athletic Bilbao,Deportivo Alavés,2,0
2024-01-16,4259456,FAC,2023,domestic_cup,543,1148,Wolverhampton Wanderers,Brentford FC,3,2
2024-01-16,4259457,FAC,2023,domestic_cup,337,3008,Birmingham City,Hull City,2,1
2024-01-16,4259458,FAC,2023,domestic_cup,355,1031,Bolton Wanderers,Luton Town,1,2
2024-01-16,4259459,FAC,2023,domestic_cup,698,379,Bristol City,West Ham United,1,0
2024-01-16,4259460,FAC,2023,domestic_cup,10391,3716,Eastleigh FC,Newport County,1,3
2024-01-17,4208074,GRP,2023,domestic_cup,30120,653,Athlitiki Enosi Kifisias,Omilos Filathlon Irakliou FC,1,1
2024-01-17,4208075,GRP,2023,domestic_cup,683,265,Olympiakos Syndesmos Filathlon Peiraios,Panathinaikos Athlitikos Omilos,6,7
2024-01-17,4208077,GRP,2023,domestic_cup,605,2441,Aris Thessalonikis,Athlitiki Enosi Konstantinoupoleos,5,3
2024-01-17,4208079,GRP,2023,domestic_cup,3062,6418,Athens Kallithea,Panetolikos Agrinio,2,2
2024-01-17,4225948,NLP,2023,domestic_cup,383,317,PSV Eindhoven,FC Twente Enschede,3,1
2024-01-17,4250681,NLP,2023,domestic_cup,467,1435,NEC Nijmegen,Go Ahead Eagles,2,1
2024-01-17,4250682,NLP,2023,domestic_cup,723,385,Almere City FC,Fortuna Sittardia Combinatie,1,2
2024-01-17,4259184,CDR,2023,domestic_cup,331,681,CA Osasuna,Real Sociedad,0,2
2024-01-17,4259185,CDR,2023,domestic_cup,1049,940,Valencia CF,Celta de Vigo,1,3
2024-01-17,4259188,CDR,2023,domestic_cup,12321,367,Girona FC,Rayo Vallecano,3,1
2024-01-17,4259461,FAC,2023,domestic_cup,1181,703,Blackpool FC,Nottingham Forest,2,3
2024-01-17,4259462,FAC,2023,domestic_cup,2455,1123,Bristol Rovers,Norwich City,1,3
2024-01-17,4259463,FAC,2023,domestic_cup,29,873,Everton FC,Crystal Palace,1,0
2024-01-17,4263306,GRP,2023,domestic_cup,3385,1091,Panserraikos Serres,Panthessalonikios Athlitikos Omilos Konstantinoupoliton,0,4
2024-01-18,4109407,PO1,2023,domestic_league,3329,1075,FC Famalicão,SC Braga,1,2
2024-01-18,4109409,PO1,2023,domestic_league,6912,336,FC Vizela,Sporting CP,2,5
2024-01-18,4231136,GRP,2023,domestic_cup,5572,2672,Niki Volou,APO Levadiakos Football Club,1,0
2024-01-18,4250596,SCI,2023,other,6195,430,SSC Napoli,ACF Fiorentina,3,0
2024-01-18,4250695,NLP,2023,domestic_cup,499,2838,Vitesse Arnhem,AFC Amsterdam,1,0
2024-01-18,4259181,CDR,2023,domestic_cup,52397,131,Unionistas CF,FC Barcelona,1,3
2024-01-18,4259187,CDR,2023,domestic_cup,13,418,Atlético de Madrid,Real Madrid,4,2
2024-01-19,4098020,NL1,2023,domestic_league,798,306,Excelsior Rotterdam,SC Heerenveen,3,0
2024-01-19,4098966,BE1,2023,domestic_league,157,354,KAA Gent,KV Mechelen,1,2
2024-01-19,4109402,PO1,2023,domestic_league,294,2503,SL Benfica,Boavista FC,2,0
2024-01-19,4112827,ES1,2023,domestic_league,1108,2687,Deportivo Alavés,Cádiz CF,1,0
2024-01-19,4233205,SFA,2023,domestic_cup,2575,370,Clyde FC,Aberdeen FC,0,2
2024-01-19,4250597,SCI,2023,other,46,398,Inter Milan,Società Sportiva Lazio S.p.A.,3,0
2024-01-20,4095277,GB1,2023,domestic_league,11,873,Arsenal FC,Crystal Palace,5,0
2024-01-20,4095278,GB1,2023,domestic_league,1148,703,Brentford FC,Nottingham Forest,3,2
2024-01-20,4096121,L1,2023,domestic_league,3,16,1.FC Köln,Borussia Dortmund,0,4
2024-01-20,4096123,L1,2023,domestic_league,23826,15,RB Leipzig,Bayer 04 Leverkusen,2,3
2024-01-20,4096124,L1,2023,domestic_league,105,24,SV Darmstadt 98,Eintracht Frankfurt,2,2
2024-01-20,4096125,L1,2023,domestic_league,2036,82,1. Fußballclub Heidenheim 1846,VfL Wolfsburg,1,1
2024-01-20,4096126,L1,2023,domestic_league,60,533,SC Freiburg,TSG 1899 Hoffenheim,3,2
2024-01-20,4096127,L1,2023,domestic_league,80,79,VfL Bochum,VfB Stuttgart,1,0
2024-01-20,4098021,NL1,2023,domestic_league,467,317,NEC Nijmegen,FC Twente Enschede,1,0
2024-01-20,4098022,NL1,2023,domestic_league,1304,724,Heracles Almelo,FC Volendam,1,1
2024-01-20,4098023,NL1,2023,domestic_league,1090,1269,AZ Alkmaar,PEC Zwolle,2,2
2024-01-20,4098963,BE1,2023,domestic_league,2282,968,Club Brugge KV,KVC Westerlo,3,0
2024-01-20,4098964,BE1,2023,domestic_league,3057,601,Standard Liège,KV Kortrijk,0,1
2024-01-20,4098965,BE1,2023,domestic_league,1184,520,KRC Genk,Cercle Brugge,1,1
2024-01-20,4103677,IT1,2023,domestic_league,12,276,Associazione Sportiva Roma,Hellas Verona,2,1
2024-01-20,4103681,IT1,2023,domestic_league,410,5,Udinese Calcio,AC Milan,2,3
2024-01-20,4109404,PO1,2023,domestic_league,3268,4294,Casa Pia AC,SC Farense,1,3
2024-01-20,4109405,PO1,2023,domestic_league,720,979,FC Porto,Moreirense FC,5,0
2024-01-20,4109408,PO1,2023,domestic_league,1465,8024,GD Estoril Praia,FC Arouca,1,2
2024-01-20,4112825,ES1,2023,domestic_league,940,681,Celta de Vigo,Real Sociedad,0,1
2024-01-20,4112829,ES1,2023,domestic_league,1049,621,Valencia CF,Athletic Bilbao,1,0
2024-01-20,4112833,ES1,2023,domestic_league,1050,237,Villarreal CF,RCD Mallorca,1,1
2024-01-20,4112834,ES1,2023,domestic_league,367,472,Rayo Vallecano,UD Las Palmas,0,2
2024-01-20,4129613,TR1,2023,domestic_league,10484,7775,Kasimpasa,Hatayspor,3,0
2024-01-20,4129618,TR1,2023,domestic_league,6646,6890,Fatih Karagümrük,Basaksehir FK,1,1
2024-01-20,4129620,TR1,2023,domestic_league,3209,114,Pendikspor,Beşiktaş Jimnastik Kulübü,4,0
2024-01-20,4129621,TR1,2023,domestic_league,3840,868,Adana Demirspor,MKE Ankaragücü,1,1
2024-01-20,4129622,TR1,2023,domestic_league,11282,126,Alanyaspor,Caykur Rizespor,2,1
2024-01-20,4150588,GR1,2023,domestic_league,653,6418,Omilos Filathlon Irakliou FC,Panetolikos Agrinio,1,0
2024-01-20,4150590,GR1,2023,domestic_league,2671,3385,PAS Giannina,Panserraikos Serres,0,2
2024-01-20,4150591,GR1,2023,domestic_league,3999,30120,PAS Lamia 1964,Athlitiki Enosi Kifisias,4,1
2024-01-20,4233198,SFA,2023,domestic_cup,3026,3030,Greenock Morton FC,Montrose FC,2,0
2024-01-20,4233199,SFA,2023,domestic_cup,2451,44482,Inverness Caledonian Thistle FC,BSC Glasgow,4,0
2024-01-20,4233200,SFA,2023,domestic_cup,1241,2795,Livingston FC,Raith Rovers FC,2,1
2024-01-20,4233201,SFA,2023,domestic_cup,987,3020,Motherwell FC,Alloa Athletic FC,3,1
2024-01-20,4233202,SFA,2023,domestic_cup,2759,2760,Ross County FC,Partick Thistle FC,0,3
2024-01-20,4233203,SFA,2023,domestic_cup,465,3001,St. Mirren FC,Queen of the South FC,1,0
2024-01-20,4233204,SFA,2023,domestic_cup,17602,43,The Spartans FC,Heart of Midlothian FC,1,2
2024-01-20,4233206,SFA,2023,domestic_cup,3016,903,Forfar Athletic FC,Hibernian FC,0,1
2024-01-20,4233207,SFA,2023,domestic_cup,3023,124,Dumbarton FC,Rangers FC,1,4
2024-01-20,4233209,SFA,2023,domestic_cup,20603,1191,Bonnyrigg Rose FC,Falkirk FC,2,1
2024-01-20,4233210,SFA,2023,domestic_cup,1192,3804,Ayr United FC,Kelty Hearts FC,3,0
2024-01-20,4271738,SFA,2023,domestic_cup,2802,2578,Airdrieonians FC,St. Johnstone FC,1,0
2024-01-20,4271739,SFA,2023,domestic_cup,2553,511,Kilmarnock FC,Dundee FC,2,0
2024-01-21,4095276,GB1,2023,domestic_league,989,31,AFC Bournemouth,Liverpool FC,0,4
2024-01-21,4095285,GB1,2023,domestic_league,350,379,Sheffield United,West Ham United,2,2
2024-01-21,4096120,L1,2023,domestic_league,27,86,Bayern Munich,SV Werder Bremen,0,1
2024-01-21,4096128,L1,2023,domestic_league,18,167,Borussia Mönchengladbach,FC Augsburg,1,2
2024-01-21,4098025,NL1,2023,domestic_league,200,383,FC Utrecht,PSV Eindhoven,1,1
2024-01-21,4098026,NL1,2023,domestic_league,499,234,Vitesse Arnhem,Feyenoord Rotterdam,1,2
2024-01-21,4098027,NL1,2023,domestic_league,468,1435,Sparta Rotterdam,Go Ahead Eagles,0,2
2024-01-21,4098028,NL1,2023,domestic_league,610,235,Ajax Amsterdam,RKC Waalwijk,4,1
2024-01-21,4098967,BE1,2023,domestic_league,1096,172,Royal Antwerp FC,Royal Charleroi Sporting Club,4,1
2024-01-21,4098968,BE1,2023,domestic_league,2727,58,Oud-Heverlee Leuven,RSC Anderlecht,1,1
2024-01-21,4098969,BE1,2023,domestic_league,54189,1245,RWD Molenbeek,KAS Eupen,0,1
2024-01-21,4098970,BE1,2023,domestic_league,3948,475,Union Saint-Gilloise,Sint-Truidense VV,2,1
2024-01-21,4103673,IT1,2023,domestic_league,749,2919,FC Empoli,AC Monza,3,0
2024-01-21,4103674,IT1,2023,domestic_league,8970,1390,Frosinone Calcio,Cagliari Calcio,3,1
2024-01-21,4103676,IT1,2023,domestic_league,1005,506,US Lecce,Juventus FC,0,3
2024-01-21,4103678,IT1,2023,domestic_league,380,252,US Salernitana 1919,Genoa CFC,1,2
2024-01-21,4109403,PO1,2023,domestic_league,3325,2425,GD Chaves,Rio Ave FC,0,0
2024-01-21,4109406,PO1,2023,domestic_league,2420,2431,Vitória Guimarães SC,CF Estrela Amadora,3,0
2024-01-21,4109410,PO1,2023,domestic_league,7378,2424,Portimonense SC,Gil Vicente FC,0,2
2024-01-21,4112826,ES1,2023,domestic_league,12321,368,Girona FC,Sevilla FC,5,1
2024-01-21,4112828,ES1,2023,domestic_league,418,3302,Real Madrid,UD Almería,3,2
2024-01-21,4112831,ES1,2023,domestic_league,150,131,Real Betis Balompié,FC Barcelona,2,4
2024-01-21,4112832,ES1,2023,domestic_league,331,3709,CA Osasuna,Getafe CF,3,2
2024-01-21,4129615,TR1,2023,domestic_league,449,141,Trabzonspor,Galatasaray,1,5
2024-01-21,4129616,TR1,2023,domestic_league,36,152,Fenerbahce,Samsunspor,1,1
2024-01-21,4129617,TR1,2023,domestic_league,2381,2832,Sivasspor,Gaziantep FK,2,2
2024-01-21,4129619,TR1,2023,domestic_league,2293,589,Konyaspor,Antalyaspor,1,1
2024-01-21,4150585,GR1,2023,domestic_league,605,683,Aris Thessalonikis,Olympiakos Syndesmos Filathlon Peiraios,1,2
2024-01-21,4150586,GR1,2023,domestic_league,3060,2441,APS Atromitos Athinon,Athlitiki Enosi Konstantinoupoleos,0,5
2024-01-21,4150587,GR1,2023,domestic_league,60949,1091,Volou Neos Podosferikos Syllogos,Panthessalonikios Athlitikos Omilos Konstantinoupoliton,1,5
2024-01-21,4150589,GR1,2023,domestic_league,265,6676,Panathinaikos Athlitikos Omilos,A.G.S Asteras Tripolis,2,0
2024-01-21,4233197,SFA,2023,domestic_cup,371,6400,Celtic FC,Buckie Thistle FC,5,0
2024-01-22,4095279,GB1,2023,domestic_league,1237,543,Brighton & Hove Albion,Wolverhampton Wanderers,0,0
2024-01-22,4112830,ES1,2023,domestic_league,16795,13,Granada CF,Atlético de Madrid,0,1
2024-01-22,4129614,TR1,2023,domestic_league,3205,924,Kayserispor,Istanbulspor,0,1
2024-01-22,4270616,SCI,2023,other,6195,46,SSC Napoli,Inter Milan,0,1
2024-01-23,4120915,SC1,2023,domestic_league,43,511,Heart of Midlothian FC,Dundee FC,3,2
2024-01-23,4129625,TR1,2023,domestic_league,3209,10484,Pendikspor,Kasimpasa,3,2
2024-01-23,4129626,TR1,2023,domestic_league,7775,11282,Hatayspor,Alanyaspor,1,1
2024-01-23,4129627,TR1,2023,domestic_league,114,3840,Beşiktaş Jimnastik Kulübü,Adana Demirspor,0,0
2024-01-23,4246519,CGB,2022,,631,641,Chelsea FC,Middlesbrough FC,6,1
2024-01-23,4249677,POCP,2023,,1075,336,SC Braga,Sporting CP,1,0
2024-01-23,4268845,GRP,2023,domestic_cup,653,6418,Omilos Filathlon Irakliou FC,Panetolikos Agrinio,1,2
2024-01-23,4270169,CDR,2023,domestic_cup,940,681,Celta de Vigo,Real Sociedad,1,2
2024-01-24,4096075,L1,2023,domestic_league,27,89,Bayern Munich,1.FC Union Berlin,1,0
2024-01-24,4098024,NL1,2023,domestic_league,723,385,Almere City FC,Fortuna Sittardia Combinatie,0,0
2024-01-24,4120951,SC1,2023,domestic_league,903,124,Hibernian FC,Rangers FC,0,3
2024-01-24,4120954,SC1,2023,domestic_league,2578,370,St. Johnstone FC,Aberdeen FC,1,1
2024-01-24,4129628,TR1,2023,domestic_league,868,6646,MKE Ankaragücü,Fatih Karagümrük,2,0
2024-01-24,4129630,TR1,2023,domestic_league,6890,36,Basaksehir FK,Fenerbahce,0,1
2024-01-24,4129631,TR1,2023,domestic_league,589,2381,Antalyaspor,Sivasspor,2,1
2024-01-24,4129632,TR1,2023,domestic_league,2832,2293,Gaziantep FK,Konyaspor,1,1
2024-01-24,4246518,CGB,2022,,931,31,Fulham FC,Liverpool FC,1,1
2024-01-24,4249678,POCP,2023,,294,1465,SL Benfica,GD Estoril Praia,5,6
2024-01-24,4268880,GRP,2023,domestic_cup,265,3060,Panathinaikos Athlitikos Omilos,APS Atromitos Athinon,1,2
2024-01-24,4269011,NLP,2023,domestic_cup,234,383,Feyenoord Rotterdam,PSV Eindhoven,1,0
2024-01-24,4269410,GRP,2023,domestic_cup,605,5572,Aris Thessalonikis,Niki Volou,3,0
2024-01-24,4270168,CDR,2023,domestic_cup,621,131,Athletic Bilbao,FC Barcelona,4,2
2024-01-24,4270170,CDR,2023,domestic_cup,237,12321,RCD Mallorca,Girona FC,3,2
2024-01-25,4129623,TR1,2023,domestic_league,152,3205,Samsunspor,Kayserispor,2,0
2024-01-25,4129624,TR1,2023,domestic_league,141,924,Galatasaray,Istanbulspor,3,1
2024-01-25,4129629,TR1,2023,domestic_league,126,449,Caykur Rizespor,Trabzonspor,1,0
2024-01-25,4250696,NLP,2023,domestic_cup,34156,133,USV Hercules,SC Cambuur Leeuwarden,3,4
2024-01-25,4268988,FAC,2023,domestic_cup,989,2288,AFC Bournemouth,Swansea City,5,0
2024-01-25,4270171,CDR,2023,domestic_cup,13,368,Atlético de Madrid,Sevilla FC,1,0
2024-01-26,4094744,FR1,2023,domestic_league,1041,273,Olympique Lyon,Stade Rennais FC,2,3
2024-01-26,4096132,L1,2023,domestic_league,24,39,Eintracht Frankfurt,1.FSV Mainz 05,1,0
2024-01-26,4098092,NL1,2023,domestic_league,1269,499,PEC Zwolle,Vitesse Arnhem,1,0
2024-01-26,4098830,BE1,2023,domestic_league,520,3057,Cercle Brugge,Standard Liège,1,1
2024-01-26,4103683,IT1,2023,domestic_league,1390,416,Cagliari Calcio,Torino FC,1,2
2024-01-26,4112841,ES1,2023,domestic_league,3302,1108,UD Almería,Deportivo Alavés,0,3
2024-01-26,4268989,FAC,2023,domestic_cup,698,703,Bristol City,Nottingham Forest,0,0
2024-01-26,4268990,FAC,2023,domestic_cup,631,405,Chelsea FC,Aston Villa,0,0
2024-01-26,4268991,FAC,2023,domestic_cup,1035,990,Sheffield Wednesday,Coventry City,1,1
2024-01-26,4268992,FAC,2023,domestic_cup,148,281,Tottenham Hotspur,Manchester City,0,1
2024-01-27,4094742,FR1,2023,domestic_league,244,162,Olympique Marseille,AS Monaco,2,2
2024-01-27,4094745,FR1,2023,domestic_league,417,347,OGC Nice,FC Metz,1,0
2024-01-27,4096129,L1,2023,domestic_league,167,27,FC Augsburg,Bayern Munich,2,3
2024-01-27,4096130,L1,2023,domestic_league,79,23826,VfB Stuttgart,RB Leipzig,5,2
2024-01-27,4096131,L1,2023,domestic_league,86,60,SV Werder Bremen,SC Freiburg,3,1
2024-01-27,4096133,L1,2023,domestic_league,15,18,Bayer 04 Leverkusen,Borussia Mönchengladbach,0,0
2024-01-27,4096134,L1,2023,domestic_league,82,3,VfL Wolfsburg,1.FC Köln,1,1
2024-01-27,4096136,L1,2023,domestic_league,533,2036,TSG 1899 Hoffenheim,1. Fußballclub Heidenheim 1846,1,1
2024-01-27,4098093,NL1,2023,domestic_league,235,468,RKC Waalwijk,Sparta Rotterdam,1,1
2024-01-27,4098094,NL1,2023,domestic_league,383,723,PSV Eindhoven,Almere City FC,2,0
2024-01-27,4098095,NL1,2023,domestic_league,798,200,Excelsior Rotterdam,FC Utrecht,1,1
2024-01-27,4098096,NL1,2023,domestic_league,1304,610,Heracles Almelo,Ajax Amsterdam,2,4
2024-01-27,4098828,BE1,2023,domestic_league,157,968,KAA Gent,KVC Westerlo,2,2
2024-01-27,4098829,BE1,2023,domestic_league,601,2727,KV Kortrijk,Oud-Heverlee Leuven,0,0
2024-01-27,4098833,BE1,2023,domestic_league,172,2282,Royal Charleroi Sporting Club,Club Brugge KV,1,4
2024-01-27,4103682,IT1,2023,domestic_league,800,410,Atalanta BC,Udinese Calcio,2,0
2024-01-27,4103687,IT1,2023,domestic_league,506,749,Juventus FC,FC Empoli,1,1
2024-01-27,4103689,IT1,2023,domestic_league,5,1025,AC Milan,Bologna Football Club 1909,2,2
2024-01-27,4112836,ES1,2023,domestic_league,472,418,UD Las Palmas,Real Madrid,1,2
2024-01-27,4112838,ES1,2023,domestic_league,237,150,RCD Mallorca,Real Betis Balompié,0,1
2024-01-27,4112840,ES1,2023,domestic_league,681,367,Real Sociedad,Rayo Vallecano,0,0
2024-01-27,4112843,ES1,2023,domestic_league,131,1050,FC Barcelona,Villarreal CF,3,5
2024-01-27,4120980,SC1,2023,domestic_league,371,2759,Celtic FC,Ross County FC,1,0
2024-01-27,4120981,SC1,2023,domestic_league,43,370,Heart of Midlothian FC,Aberdeen FC,2,0
2024-01-27,4120982,SC1,2023,domestic_league,2553,903,Kilmarnock FC,Hibernian FC,2,2
2024-01-27,4120983,SC1,2023,domestic_league,1241,511,Livingston FC,Dundee FC,1,4
2024-01-27,4120984,SC1,2023,domestic_league,2578,987,St. Johnstone FC,Motherwell FC,1,1
2024-01-27,4120985,SC1,2023,domestic_league,465,124,St. Mirren FC,Rangers FC,0,1
2024-01-27,4129633,TR1,2023,domestic_league,3840,7775,Adana Demirspor,Hatayspor,0,1
2024-01-27,4129634,TR1,2023,domestic_league,11282,3209,Alanyaspor,Pendikspor,1,1
2024-01-27,4150524,GR1,2023,domestic_league,30120,605,Athlitiki Enosi Kifisias,Aris Thessalonikis,0,1
2024-01-27,4150526,GR1,2023,domestic_league,6418,3999,Panetolikos Agrinio,PAS Lamia 1964,1,2
2024-01-27,4150527,GR1,2023,domestic_league,3385,60949,Panserraikos Serres,Volou Neos Podosferikos Syllogos,2,2
2024-01-27,4268993,FAC,2023,domestic_cup,677,7047,Ipswich Town,Maidstone United,1,2
2024-01-27,4268994,FAC,2023,domestic_cup,29,1031,Everton FC,Luton Town,1,2
2024-01-27,4268995,FAC,2023,domestic_cup,399,2262,Leeds United,Plymouth Argyle,1,1
2024-01-27,4268996,FAC,2023,domestic_cup,1003,337,Leicester City,Birmingham City,3,0
2024-01-27,4268997,FAC,2023,domestic_cup,350,1237,Sheffield United,Brighton & Hove Albion,2,5
2024-01-27,4268998,FAC,2023,domestic_cup,931,762,Fulham FC,Newcastle United,0,2
2024-01-27,4273950,POCP,2023,,1075,1465,SC Braga,GD Estoril Praia,6,5
2024-01-28,4094740,FR1,2023,domestic_league,583,3911,Paris Saint-Germain,Stade Brestois 29,2,2
2024-01-28,4094741,FR1,2023,domestic_league,415,826,FC Toulouse,RC Lens,0,2
2024-01-28,4094743,FR1,2023,domestic_league,1158,738,FC Lorient,Le Havre AC,3,3
2024-01-28,4094746,FR1,2023,domestic_league,3524,667,Clermont Foot 63,RC Strasbourg Alsace,1,1
2024-01-28,4094747,FR1,2023,domestic_league,1421,995,Stade Reims,FC Nantes,0,0
2024-01-28,4094748,FR1,2023,domestic_league,969,1082,Montpellier HSC,LOSC Lille,0,0
2024-01-28,4096135,L1,2023,domestic_league,16,80,Borussia Dortmund,VfL Bochum,3,1
2024-01-28,4096137,L1,2023,domestic_league,89,105,1.FC Union Berlin,SV Darmstadt 98,1,0
2024-01-28,4098097,NL1,2023,domestic_league,306,1090,SC Heerenveen,AZ Alkmaar,2,2
2024-01-28,4098098,NL1,2023,domestic_league,1435,467,Go Ahead Eagles,NEC Nijmegen,2,2
2024-01-28,4098099,NL1,2023,domestic_league,234,317,Feyenoord Rotterdam,FC Twente Enschede,0,0
2024-01-28,4098100,NL1,2023,domestic_league,724,385,FC Volendam,Fortuna Sittardia Combinatie,0,1
2024-01-28,4098827,BE1,2023,domestic_league,58,3948,RSC Anderlecht,Union Saint-Gilloise,2,2
2024-01-28,4098831,BE1,2023,domestic_league,354,54189,KV Mechelen,RWD Molenbeek,3,1
2024-01-28,4098832,BE1,2023,domestic_league,475,1184,Sint-Truidense VV,KRC Genk,1,1
2024-01-28,4098834,BE1,2023,domestic_league,1245,1096,KAS Eupen,Royal Antwerp FC,1,0
2024-01-28,4103684,IT1,2023,domestic_league,430,46,ACF Fiorentina,Inter Milan,0,1
2024-01-28,4103685,IT1,2023,domestic_league,252,1005,Genoa CFC,US Lecce,2,1
2024-01-28,4103686,IT1,2023,domestic_league,276,8970,Hellas Verona,Frosinone Calcio,1,1
2024-01-28,4103688,IT1,2023,domestic_league,398,6195,Società Sportiva Lazio S.p.A.,SSC Napoli,0,0
2024-01-28,4103690,IT1,2023,domestic_league,2919,6574,AC Monza,US Sassuolo,1,0
2024-01-28,4109519,PO1,2023,domestic_league,8024,6912,FC Arouca,FC Vizela,5,0
2024-01-28,4109520,PO1,2023,domestic_league,2503,7378,Boavista FC,Portimonense SC,1,4
2024-01-28,4109521,PO1,2023,domestic_league,4294,720,SC Farense,FC Porto,1,3
2024-01-28,4109525,PO1,2023,domestic_league,979,3329,Moreirense FC,FC Famalicão,1,0
2024-01-28,4109526,PO1,2023,domestic_league,2424,2420,Gil Vicente FC,Vitória Guimarães SC,1,0
2024-01-28,4112837,ES1,2023,domestic_league,2687,621,Cádiz CF,Athletic Bilbao,0,0
2024-01-28,4112839,ES1,2023,domestic_league,368,331,Sevilla FC,CA Osasuna,1,1
2024-01-28,4112842,ES1,2023,domestic_league,13,1049,Atlético de Madrid,Valencia CF,2,0
2024-01-28,4112844,ES1,2023,domestic_league,940,12321,Celta de Vigo,Girona FC,0,1
2024-01-28,4129638,TR1,2023,domestic_league,2293,6890,Konyaspor,Basaksehir FK,2,3
2024-01-28,4129640,TR1,2023,domestic_league,2381,114,Sivasspor,Beşiktaş Jimnastik Kulübü,1,0
2024-01-28,4129641,TR1,2023,domestic_league,36,868,Fenerbahce,MKE Ankaragücü,2,1
2024-01-28,4129642,TR1,2023,domestic_league,6646,126,Fatih Karagümrük,Caykur Rizespor,4,0
2024-01-28,4150522,GR1,2023,domestic_league,2441,653,Athlitiki Enosi Konstantinoupoleos,Omilos Filathlon Irakliou FC,3,0
2024-01-28,4150523,GR1,2023,domestic_league,6676,3060,A.G.S Asteras Tripolis,APS Atromitos Athinon,3,1
2024-01-28,4150525,GR1,2023,domestic_league,683,2671,Olympiakos Syndesmos Filathlon Peiraios,PAS Giannina,3,1
2024-01-28,4150528,GR1,2023,domestic_league,1091,265,Panthessalonikios Athlitikos Omilos Konstantinoupoliton,Panathinaikos Athlitikos Omilos,2,1
2024-01-28,4268999,FAC,2023,domestic_cup,984,543,West Bromwich Albion,Wolverhampton Wanderers,0,2
2024-01-28,4269000,FAC,2023,domestic_cup,1010,180,Watford FC,Southampton FC,1,1
2024-01-28,4269001,FAC,2023,domestic_cup,31,1123,Liverpool FC,Norwich City,5,2
2024-01-28,4269002,FAC,2023,domestic_cup,3716,985,Newport County,Manchester United,2,4
2024-01-29,4103691,IT1,2023,domestic_league,380,12,US Salernitana 1919,Associazione Sportiva Roma,1,2
2024-01-29,4109524,PO1,2023,domestic_league,2431,294,CF Estrela Amadora,SL Benfica,1,4
2024-01-29,4109527,PO1,2023,domestic_league,336,3268,Sporting CP,Casa Pia AC,8,0
2024-01-29,4112835,ES1,2023,domestic_league,3709,16795,Getafe CF,Granada CF,2,0
2024-01-29,4129635,TR1,2023,domestic_league,449,10484,Trabzonspor,Kasimpasa,2,3
2024-01-29,4129636,TR1,2023,domestic_league,924,152,Istanbulspor,Samsunspor,1,1
2024-01-29,4129637,TR1,2023,domestic_league,141,2832,Galatasaray,Gaziantep FK,2,1
2024-01-29,4129639,TR1,2023,domestic_league,3205,589,Kayserispor,Antalyaspor,1,1
2024-01-29,4269003,FAC,2023,domestic_cup,164,1112,Blackburn Rovers,Wrexham AFC,4,1
2024-01-30,4095286,GB1,2023,domestic_league,405,762,Aston Villa,Newcastle United,1,3
2024-01-30,4095287,GB1,2023,domestic_league,931,29,Fulham FC,Everton FC,0,0
2024-01-30,4095288,GB1,2023,domestic_league,1031,1237,Luton Town,Brighton & Hove Albion,4,0
2024-01-30,4095289,GB1,2023,domestic_league,703,11,Nottingham Forest,Arsenal FC,1,2
2024-01-30,4095293,GB1,2023,domestic_league,873,350,Crystal Palace,Sheffield United,3,2
2024-01-30,4098851,BE1,2023,domestic_league,2282,601,Club Brugge KV,KV Kortrijk,3,3
2024-01-30,4098857,BE1,2023,domestic_league,968,520,KVC Westerlo,Cercle Brugge,4,2
2024-01-30,4120896,SC1,2023,domestic_league,370,511,Aberdeen FC,Dundee FC,1,1
2024-01-30,4120934,SC1,2023,domestic_league,1241,2759,Livingston FC,Ross County FC,2,2
2024-01-30,4233208,SFA,2023,domestic_cup,3491,8933,Brora Rangers FC,Cove Rangers FC,1,3
2024-01-30,4240128,DFB,2023,domestic_cup,35,38,FC St. Pauli,Fortuna Düsseldorf,5,6
2024-01-30,4269420,GRP,2023,domestic_cup,5572,605,Niki Volou,Aris Thessalonikis,2,2
2024-01-31,4095290,GB1,2023,domestic_league,148,1148,Tottenham Hotspur,Brentford FC,3,2
2024-01-31,4095294,GB1,2023,domestic_league,31,631,Liverpool FC,Chelsea FC,4,1
2024-01-31,4095295,GB1,2023,domestic_league,281,1132,Manchester City,Burnley FC,3,1
2024-01-31,4098852,BE1,2023,domestic_league,3057,1096,Standard Liège,Royal Antwerp FC,0,1
2024-01-31,4098853,BE1,2023,domestic_league,2727,1184,Oud-Heverlee Leuven,KRC Genk,2,1
2024-01-31,4098854,BE1,2023,domestic_league,3948,54189,Union Saint-Gilloise,RWD Molenbeek,3,2
2024-01-31,4098858,BE1,2023,domestic_league,172,1245,Royal Charleroi Sporting Club,KAS Eupen,1,0
2024-01-31,4109522,PO1,2023,domestic_league,1075,3325,SC Braga,GD Chaves,1,1
2024-01-31,4109523,PO1,2023,domestic_league,2425,1465,Rio Ave FC,GD Estoril Praia,1,1
2024-01-31,4112817,ES1,2023,domestic_league,13,367,Atlético de Madrid,Rayo Vallecano,2,1
2024-01-31,4112818,ES1,2023,domestic_league,131,331,FC Barcelona,CA Osasuna,1,0
2024-01-31,4240126,DFB,2023,domestic_cup,44,2,Hertha BSC,1.FC Kaiserslautern,1,3
2024-01-31,4269417,GRP,2023,domestic_cup,1091,3385,Panthessalonikios Athlitikos Omilos Konstantinoupoliton,Panserraikos Serres,5,0
2024-01-31,4269418,GRP,2023,domestic_cup,6418,653,Panetolikos Agrinio,Omilos Filathlon Irakliou FC,3,1
2024-01-31,4269419,GRP,2023,domestic_cup,3060,265,APS Atromitos Athinon,Panathinaikos Athlitikos Omilos,0,2
2024-02-01,4095291,GB1,2023,domestic_league,379,989,West Ham United,AFC Bournemouth,1,1
2024-02-01,4095292,GB1,2023,domestic_league,543,985,Wolverhampton Wanderers,Manchester United,3,4
2024-02-01,4098855,BE1,2023,domestic_league,354,58,KV Mechelen,RSC Anderlecht,2,2
2024-02-01,4098856,BE1,2023,domestic_league,475,157,Sint-Truidense VV,KAA Gent,4,1
2024-02-01,4112821,ES1,2023,domestic_league,3709,418,Getafe CF,Real Madrid,0,2
2024-02-02,4094749,FR1,2023,domestic_league,667,583,RC Strasbourg Alsace,Paris Saint-Germain,1,2
2024-02-02,4096138,L1,2023,domestic_league,2036,16,1. Fußballclub Heidenheim 1846,Borussia Dortmund,0,0
2024-02-02,4098083,NL1,2023,domestic_league,723,798,Almere City FC,Excelsior Rotterdam,2,1
2024-02-02,4103697,IT1,2023,domestic_league,1005,430,US Lecce,ACF Fiorentina,3,2
2024-02-02,4113035,ES1,2023,domestic_league,621,237,Athletic Bilbao,RCD Mallorca,4,0
2024-02-02,4129645,TR1,2023,domestic_league,152,141,Samsunspor,Galatasaray,0,2
2024-02-02,4129648,TR1,2023,domestic_league,7775,6646,Hatayspor,Fatih Karagümrük,3,1
2024-02-02,4129651,TR1,2023,domestic_league,868,2381,MKE Ankaragücü,Sivasspor,0,0
2024-02-03,4094750,FR1,2023,domestic_league,273,969,Stade Rennais FC,Montpellier HSC,2,1
2024-02-03,4094755,FR1,2023,domestic_league,995,826,FC Nantes,RC Lens,0,1
2024-02-03,4095299,GB1,2023,domestic_league,1237,873,Brighton & Hove Albion,Crystal Palace,4,1
2024-02-03,4095300,GB1,2023,domestic_league,1132,931,Burnley FC,Fulham FC,2,2
2024-02-03,4095302,GB1,2023,domestic_league,29,148,Everton FC,Tottenham Hotspur,2,2
2024-02-03,4095304,GB1,2023,domestic_league,762,1031,Newcastle United,Luton Town,4,4
2024-02-03,4095305,GB1,2023,domestic_league,350,405,Sheffield United,Aston Villa,0,5
2024-02-03,4096140,L1,2023,domestic_league,105,15,SV Darmstadt 98,Bayer 04 Leverkusen,0,2
2024-02-03,4096141,L1,2023,domestic_league,3,24,1.FC Köln,Eintracht Frankfurt,2,0
2024-02-03,4096142,L1,2023,domestic_league,27,18,Bayern Munich,Borussia Mönchengladbach,3,1
2024-02-03,4096144,L1,2023,domestic_league,39,86,1.FSV Mainz 05,SV Werder Bremen,0,1
2024-02-03,4096145,L1,2023,domestic_league,80,167,VfL Bochum,FC Augsburg,1,1
2024-02-03,4096146,L1,2023,domestic_league,60,79,SC Freiburg,VfB Stuttgart,1,3
2024-02-03,4098084,NL1,2023,domestic_league,317,235,FC Twente Enschede,RKC Waalwijk,3,0
2024-02-03,4098085,NL1,2023,domestic_league,385,306,Fortuna Sittardia Combinatie,SC Heerenveen,3,3
2024-02-03,4098086,NL1,2023,domestic_league,610,383,Ajax Amsterdam,PSV Eindhoven,1,1
2024-02-03,4098087,NL1,2023,domestic_league,467,1304,NEC Nijmegen,Heracles Almelo,3,1
2024-02-03,4098924,BE1,2023,domestic_league,1184,3948,KRC Genk,Union Saint-Gilloise,0,1
2024-02-03,4098926,BE1,2023,domestic_league,601,172,KV Kortrijk,Royal Charleroi Sporting Club,1,0
2024-02-03,4098927,BE1,2023,domestic_league,54189,3057,RWD Molenbeek,Standard Liège,2,2
2024-02-03,4098929,BE1,2023,domestic_league,968,2727,KVC Westerlo,Oud-Heverlee Leuven,0,3
2024-02-03,4103693,IT1,2023,domestic_league,1025,6574,Bologna Football Club 1909,US Sassuolo,4,2
2024-02-03,4103694,IT1,2023,domestic_league,749,252,FC Empoli,Genoa CFC,0,0
2024-02-03,4103695,IT1,2023,domestic_league,8970,5,Frosinone Calcio,AC Milan,2,3
2024-02-03,4103701,IT1,2023,domestic_league,410,2919,Udinese Calcio,AC Monza,0,0
2024-02-03,4109396,PO1,2023,domestic_league,720,2425,FC Porto,Rio Ave FC,0,0
2024-02-03,4109398,PO1,2023,domestic_league,7378,8024,Portimonense SC,FC Arouca,1,2
2024-02-03,4113037,ES1,2023,domestic_league,12321,681,Girona FC,Real Sociedad,0,0
2024-02-03,4113039,ES1,2023,domestic_league,16795,472,Granada CF,UD Las Palmas,1,1
2024-02-03,4113040,ES1,2023,domestic_league,1108,131,Deportivo Alavés,FC Barcelona,1,3
2024-02-03,4113041,ES1,2023,domestic_league,1049,3302,Valencia CF,UD Almería,2,1
2024-02-03,4121028,SC1,2023,domestic_league,370,371,Aberdeen FC,Celtic FC,1,1
2024-02-03,4121029,SC1,2023,domestic_league,511,43,Dundee FC,Heart of Midlothian FC,2,3
2024-02-03,4121030,SC1,2023,domestic_league,903,465,Hibernian FC,St. Mirren FC,0,3
2024-02-03,4121031,SC1,2023,domestic_league,987,2553,Motherwell FC,Kilmarnock FC,1,1
2024-02-03,4121032,SC1,2023,domestic_league,124,1241,Rangers FC,Livingston FC,3,0
2024-02-03,4121033,SC1,2023,domestic_league,2759,2578,Ross County FC,St. Johnstone FC,0,1
2024-02-03,4129643,TR1,2023,domestic_league,2832,3205,Gaziantep FK,Kayserispor,1,1
2024-02-03,4129644,TR1,2023,domestic_league,6890,924,Basaksehir FK,Istanbulspor,2,0
2024-02-03,4129650,TR1,2023,domestic_league,589,36,Antalyaspor,Fenerbahce,0,2
2024-02-03,4129652,TR1,2023,domestic_league,126,2293,Caykur Rizespor,Konyaspor,0,0
2024-02-03,4150512,GR1,2023,domestic_league,3385,605,Panserraikos Serres,Aris Thessalonikis,1,1
2024-02-03,4150616,GR1,2023,domestic_league,60949,6418,Volou Neos Podosferikos Syllogos,Panetolikos Agrinio,1,1
2024-02-04,4094751,FR1,2023,domestic_league,162,738,AS Monaco,Le Havre AC,1,1
2024-02-04,4094752,FR1,2023,domestic_league,1082,3524,LOSC Lille,Clermont Foot 63,4,0
2024-02-04,4094753,FR1,2023,domestic_league,1041,244,Olympique Lyon,Olympique Marseille,1,0
2024-02-04,4094754,FR1,2023,domestic_league,1421,415,Stade Reims,FC Toulouse,2,3
2024-02-04,4094756,FR1,2023,domestic_league,347,1158,FC Metz,FC Lorient,1,2
2024-02-04,4094757,FR1,2023,domestic_league,3911,417,Stade Brestois 29,OGC Nice,0,0
2024-02-04,4095296,GB1,2023,domestic_league,989,703,AFC Bournemouth,Nottingham Forest,1,1
2024-02-04,4095297,GB1,2023,domestic_league,11,31,Arsenal FC,Liverpool FC,3,1
2024-02-04,4095301,GB1,2023,domestic_league,631,543,Chelsea FC,Wolverhampton Wanderers,2,4
2024-02-04,4095303,GB1,2023,domestic_league,985,379,Manchester United,West Ham United,3,0
2024-02-04,4096139,L1,2023,domestic_league,23826,89,RB Leipzig,1.FC Union Berlin,2,0
2024-02-04,4096143,L1,2023,domestic_league,82,533,VfL Wolfsburg,TSG 1899 Hoffenheim,2,2
2024-02-04,4098088,NL1,2023,domestic_league,499,1435,Vitesse Arnhem,Go Ahead Eagles,0,2
2024-02-04,4098089,NL1,2023,domestic_league,1090,234,AZ Alkmaar,Feyenoord Rotterdam,0,1
2024-02-04,4098090,NL1,2023,domestic_league,468,1269,Sparta Rotterdam,PEC Zwolle,0,2
2024-02-04,4098091,NL1,2023,domestic_league,200,724,FC Utrecht,FC Volendam,4,2
2024-02-04,4098923,BE1,2023,domestic_league,58,157,RSC Anderlecht,KAA Gent,1,0
2024-02-04,4098925,BE1,2023,domestic_league,1096,2282,Royal Antwerp FC,Club Brugge KV,2,1
2024-02-04,4098928,BE1,2023,domestic_league,520,475,Cercle Brugge,Sint-Truidense VV,4,1
2024-02-04,4098930,BE1,2023,domestic_league,1245,354,KAS Eupen,KV Mechelen,0,1
2024-02-04,4103692,IT1,2023,domestic_league,800,398,Atalanta BC,Società Sportiva Lazio S.p.A.,3,1
2024-02-04,4103696,IT1,2023,domestic_league,46,506,Inter Milan,Juventus FC,1,0
2024-02-04,4103698,IT1,2023,domestic_league,6195,276,SSC Napoli,Hellas Verona,2,1
2024-02-04,4103700,IT1,2023,domestic_league,416,380,Torino FC,US Salernitana 1919,0,0
2024-02-04,4109393,PO1,2023,domestic_league,1075,979,SC Braga,Moreirense FC,1,0
2024-02-04,4109394,PO1,2023,domestic_league,3325,4294,GD Chaves,SC Farense,1,1
2024-02-04,4109397,PO1,2023,domestic_league,294,2424,SL Benfica,Gil Vicente FC,3,0
2024-02-04,4109400,PO1,2023,domestic_league,6912,2420,FC Vizela,Vitória Guimarães SC,0,1
2024-02-04,4109401,PO1,2023,domestic_league,1465,2431,GD Estoril Praia,CF Estrela Amadora,1,0
2024-02-04,4113036,ES1,2023,domestic_league,150,3709,Real Betis Balompié,Getafe CF,1,1
2024-02-04,4113042,ES1,2023,domestic_league,418,13,Real Madrid,Atlético de Madrid,1,1
2024-02-04,4113043,ES1,2023,domestic_league,1050,2687,Villarreal CF,Cádiz CF,0,0
2024-02-04,4113044,ES1,2023,domestic_league,331,940,CA Osasuna,Celta de Vigo,0,3
2024-02-04,4129646,TR1,2023,domestic_league,10484,11282,Kasimpasa,Alanyaspor,2,1
2024-02-04,4129647,TR1,2023,domestic_league,3209,3840,Pendikspor,Adana Demirspor,2,1
2024-02-04,4129649,TR1,2023,domestic_league,114,449,Beşiktaş Jimnastik Kulübü,Trabzonspor,2,0
2024-02-04,4150613,GR1,2023,domestic_league,2441,6676,Athlitiki Enosi Konstantinoupoleos,A.G.S Asteras Tripolis,4,2
2024-02-04,4150615,GR1,2023,domestic_league,3060,1091,APS Atromitos Athinon,Panthessalonikios Athlitikos Omilos Konstantinoupoliton,0,2
2024-02-04,4150617,GR1,2023,domestic_league,653,30120,Omilos Filathlon Irakliou FC,Athlitiki Enosi Kifisias,1,2
2024-02-04,4150618,GR1,2023,domestic_league,265,683,Panathinaikos Athlitikos Omilos,Olympiakos Syndesmos Filathlon Peiraios,2,0
2024-02-04,4150619,GR1,2023,domestic_league,2671,3999,PAS Giannina,PAS Lamia 1964,1,4
2024-02-05,4095298,GB1,2023,domestic_league,1148,281,Brentford FC,Manchester City,1,3
2024-02-05,4103699,IT1,2023,domestic_league,12,1390,Associazione Sportiva Roma,Cagliari Calcio,4,0
2024-02-05,4109399,PO1,2023,domestic_league,3268,2503,Casa Pia AC,Boavista FC,0,0
2024-02-05,4113038,ES1,2023,domestic_league,367,368,Rayo Vallecano,Sevilla FC,1,2
2024-02-06,4121042,SC1,2023,domestic_league,987,2759,Motherwell FC,Ross County FC,5,0
2024-02-06,4121043,SC1,2023,domestic_league,124,370,Rangers FC,Aberdeen FC,2,1
2024-02-06,4240127,DFB,2023,domestic_cup,15,79,Bayer 04 Leverkusen,VfB Stuttgart,3,2
2024-02-06,4274150,NLP,2023,domestic_cup,467,1268,NEC Nijmegen,ADO Den Haag,3,0
2024-02-06,4275923,CDR,2023,domestic_cup,237,681,RCD Mallorca,Real Sociedad,0,0
2024-02-06,4279368,FAC,2023,domestic_cup,990,1035,Coventry City,Sheffield Wednesday,4,1
2024-02-06,4279369,FAC,2023,domestic_cup,2262,399,Plymouth Argyle,Leeds United,1,4
2024-02-06,4279370,FAC,2023,domestic_cup,180,1010,Southampton FC,Watford FC,3,0
2024-02-07,4096122,L1,2023,domestic_league,39,89,1.FSV Mainz 05,1.FC Union Berlin,1,1
2024-02-07,4121040,SC1,2023,domestic_league,903,371,Hibernian FC,Celtic FC,1,2
2024-02-07,4121041,SC1,2023,domestic_league,2553,1241,Kilmarnock FC,Livingston FC,1,0
2024-02-07,4121044,SC1,2023,domestic_league,2578,43,St. Johnstone FC,Heart of Midlothian FC,0,1
2024-02-07,4121045,SC1,2023,domestic_league,465,511,St. Mirren FC,Dundee FC,2,0
2024-02-07,4274151,NLP,2023,domestic_cup,234,1090,Feyenoord Rotterdam,AZ Alkmaar,2,0
2024-02-07,4275924,CDR,2023,domestic_cup,13,621,Atlético de Madrid,Athletic Bilbao,0,1
2024-02-07,4277301,NLP,2023,domestic_cup,133,499,SC Cambuur Leeuwarden,Vitesse Arnhem,3,1
2024-02-07,4279371,FAC,2023,domestic_cup,703,698,Nottingham Forest,Bristol City,6,4
2024-02-07,4279372,FAC,2023,domestic_cup,405,631,Aston Villa,Chelsea FC,1,3
2024-02-08,4274152,NLP,2023,domestic_cup,202,385,FC Groningen,Fortuna Sittardia Combinatie,4,3
2024-02-09,4094760,FR1,2023,domestic_league,244,347,Olympique Marseille,FC Metz,1,1
2024-02-09,4096149,L1,2023,domestic_league,16,60,Borussia Dortmund,SC Freiburg,3,0
2024-02-09,4098029,NL1,2023,domestic_league,235,467,RKC Waalwijk,NEC Nijmegen,2,0
2024-02-09,4098993,BE1,2023,domestic_league,475,601,Sint-Truidense VV,KV Kortrijk,1,0
2024-02-09,4103710,IT1,2023,domestic_league,380,749,US Salernitana 1919,FC Empoli,1,3
2024-02-09,4109451,PO1,2023,domestic_league,2431,7378,CF Estrela Amadora,Portimonense SC,3,0
2024-02-09,4112891,ES1,2023,domestic_league,2687,150,Cádiz CF,Real Betis Balompié,0,2
2024-02-09,4129655,TR1,2023,domestic_league,3840,10484,Adana Demirspor,Kasimpasa,1,3
2024-02-09,4271744,SFA,2023,domestic_cup,3026,987,Greenock Morton FC,Motherwell FC,2,1
2024-02-10,4094758,FR1,2023,domestic_league,583,1082,Paris Saint-Germain,LOSC Lille,3,1
2024-02-10,4094764,FR1,2023,domestic_league,826,667,RC Lens,RC Strasbourg Alsace,3,1
2024-02-10,4095312,GB1,2023,domestic_league,931,989,Fulham FC,AFC Bournemouth,3,1
2024-02-10,4095313,GB1,2023,domestic_league,31,1132,Liverpool FC,Burnley FC,3,1
2024-02-10,4095314,GB1,2023,domestic_league,1031,350,Luton Town,Sheffield United,1,3
2024-02-10,4095315,GB1,2023,domestic_league,281,29,Manchester City,Everton FC,2,0
2024-02-10,4095316,GB1,2023,domestic_league,703,762,Nottingham Forest,Newcastle United,2,3
2024-02-10,4095317,GB1,2023,domestic_league,148,1237,Tottenham Hotspur,Brighton & Hove Albion,2,1
2024-02-10,4095319,GB1,2023,domestic_league,543,1148,Wolverhampton Wanderers,Brentford FC,0,2
2024-02-10,4096147,L1,2023,domestic_league,15,27,Bayer 04 Leverkusen,Bayern Munich,3,0
2024-02-10,4096148,L1,2023,domestic_league,167,23826,FC Augsburg,RB Leipzig,2,2
2024-02-10,4096150,L1,2023,domestic_league,89,82,1.FC Union Berlin,VfL Wolfsburg,1,0
2024-02-10,4096153,L1,2023,domestic_league,24,80,Eintracht Frankfurt,VfL Bochum,1,1
2024-02-10,4096154,L1,2023,domestic_league,86,2036,SV Werder Bremen,1. Fußballclub Heidenheim 1846,1,2
2024-02-10,4096155,L1,2023,domestic_league,18,105,Borussia Mönchengladbach,SV Darmstadt 98,0,0
2024-02-10,4098030,NL1,2023,domestic_league,1304,499,Heracles Almelo,Vitesse Arnhem,3,2
2024-02-10,4098032,NL1,2023,domestic_league,723,1090,Almere City FC,AZ Alkmaar,0,0
2024-02-10,4098035,NL1,2023,domestic_league,798,317,Excelsior Rotterdam,FC Twente Enschede,0,3
2024-02-10,4098987,BE1,2023,domestic_league,2282,1245,Club Brugge KV,KAS Eupen,4,0
2024-02-10,4098988,BE1,2023,domestic_league,3057,2727,Standard Liège,Oud-Heverlee Leuven,1,0
2024-02-10,4098991,BE1,2023,domestic_league,3948,968,Union Saint-Gilloise,KVC Westerlo,2,2
2024-02-10,4103703,IT1,2023,domestic_league,1390,398,Cagliari Calcio,Società Sportiva Lazio S.p.A.,1,3
2024-02-10,4103709,IT1,2023,domestic_league,12,46,Associazione Sportiva Roma,Inter Milan,2,4
2024-02-10,4103711,IT1,2023,domestic_league,6574,416,US Sassuolo,Torino FC,1,1
2024-02-10,4109448,PO1,2023,domestic_league,2503,1465,Boavista FC,GD Estoril Praia,2,1
2024-02-10,4109452,PO1,2023,domestic_league,4294,3329,SC Farense,FC Famalicão,1,1
2024-02-10,4109455,PO1,2023,domestic_league,979,3325,Moreirense FC,GD Chaves,1,0
2024-02-10,4112888,ES1,2023,domestic_league,472,1049,UD Las Palmas,Valencia CF,2,0
2024-02-10,4112889,ES1,2023,domestic_league,1108,1050,Deportivo Alavés,Villarreal CF,1,1
2024-02-10,4112893,ES1,2023,domestic_league,418,12321,Real Madrid,Girona FC,4,0
2024-02-10,4112894,ES1,2023,domestic_league,681,331,Real Sociedad,CA Osasuna,0,1
2024-02-10,4129654,TR1,2023,domestic_league,6646,3209,Fatih Karagümrük,Pendikspor,2,0
2024-02-10,4129658,TR1,2023,domestic_league,141,6890,Galatasaray,Basaksehir FK,2,0
2024-02-10,4150628,GR1,2023,domestic_league,683,653,Olympiakos Syndesmos Filathlon Peiraios,Omilos Filathlon Irakliou FC,4,0
2024-02-10,4150629,GR1,2023,domestic_league,6418,3060,Panetolikos Agrinio,APS Atromitos Athinon,1,0
2024-02-10,4150632,GR1,2023,domestic_league,2671,605,PAS Giannina,Aris Thessalonikis,0,0
2024-02-10,4271740,SFA,2023,domestic_cup,370,20603,Aberdeen FC,Bonnyrigg Rose FC,2,0
2024-02-10,4271741,SFA,2023,domestic_cup,2451,903,Inverness Caledonian Thistle FC,Hibernian FC,1,3
2024-02-10,4271743,SFA,2023,domestic_cup,2760,1241,Partick Thistle FC,Livingston FC,2,3
2024-02-10,4271745,SFA,2023,domestic_cup,124,1192,Rangers FC,Ayr United FC,2,0
2024-02-10,4279376,SFA,2023,domestic_cup,2553,8933,Kilmarnock FC,Cove Rangers FC,2,0
2024-02-11,4094759,FR1,2023,domestic_league,415,995,FC Toulouse,FC Nantes,1,2
2024-02-11,4094761,FR1,2023,domestic_league,1158,1421,FC Lorient,Stade Reims,2,0
2024-02-11,4094762,FR1,2023,domestic_league,417,162,OGC Nice,AS Monaco,2,3
2024-02-11,4094763,FR1,2023,domestic_league,3524,3911,Clermont Foot 63,Stade Brestois 29,1,1
2024-02-11,4094765,FR1,2023,domestic_league,738,273,Le Havre AC,Stade Rennais FC,0,1
2024-02-11,4094766,FR1,2023,domestic_league,969,1041,Montpellier HSC,Olympique Lyon,1,2
2024-02-11,4095310,GB1,2023,domestic_league,405,985,Aston Villa,Manchester United,1,2
2024-02-11,4095318,GB1,2023,domestic_league,379,11,West Ham United,Arsenal FC,0,6
2024-02-11,4096151,L1,2023,domestic_league,79,39,VfB Stuttgart,1.FSV Mainz 05,3,1
2024-02-11,4096152,L1,2023,domestic_league,533,3,TSG 1899 Hoffenheim,1.FC Köln,1,1
2024-02-11,4098031,NL1,2023,domestic_league,724,383,FC Volendam,PSV Eindhoven,1,5
2024-02-11,4098033,NL1,2023,domestic_league,234,468,Feyenoord Rotterdam,Sparta Rotterdam,2,0
2024-02-11,4098034,NL1,2023,domestic_league,1435,1269,Go Ahead Eagles,PEC Zwolle,1,1
2024-02-11,4098036,NL1,2023,domestic_league,200,385,FC Utrecht,Fortuna Sittardia Combinatie,4,0
2024-02-11,4098037,NL1,2023,domestic_league,306,610,SC Heerenveen,Ajax Amsterdam,3,2
2024-02-11,4098989,BE1,2023,domestic_league,157,520,KAA Gent,Cercle Brugge,1,2
2024-02-11,4098990,BE1,2023,domestic_league,54189,1096,RWD Molenbeek,Royal Antwerp FC,0,4
2024-02-11,4098992,BE1,2023,domestic_league,354,1184,KV Mechelen,KRC Genk,1,1
2024-02-11,4098994,BE1,2023,domestic_league,172,58,Royal Charleroi Sporting Club,RSC Anderlecht,1,3
2024-02-11,4103702,IT1,2023,domestic_league,1025,1005,Bologna Football Club 1909,US Lecce,4,0
2024-02-11,4103704,IT1,2023,domestic_league,430,8970,ACF Fiorentina,Frosinone Calcio,5,1
2024-02-11,4103705,IT1,2023,domestic_league,252,800,Genoa CFC,Atalanta BC,1,4
2024-02-11,4103707,IT1,2023,domestic_league,5,6195,AC Milan,SSC Napoli,1,0
2024-02-11,4103708,IT1,2023,domestic_league,2919,276,AC Monza,Hellas Verona,0,0
2024-02-11,4109450,PO1,2023,domestic_league,2425,3268,Rio Ave FC,Casa Pia AC,1,0
2024-02-11,4109453,PO1,2023,domestic_league,336,1075,Sporting CP,SC Braga,5,0
2024-02-11,4109454,PO1,2023,domestic_league,2420,294,Vitória Guimarães SC,SL Benfica,2,2
2024-02-11,4112886,ES1,2023,domestic_league,131,16795,FC Barcelona,Granada CF,3,3
2024-02-11,4112887,ES1,2023,domestic_league,237,367,RCD Mallorca,Rayo Vallecano,2,1
2024-02-11,4112890,ES1,2023,domestic_league,368,13,Sevilla FC,Atlético de Madrid,1,0
2024-02-11,4112892,ES1,2023,domestic_league,3709,940,Getafe CF,Celta de Vigo,3,2
2024-02-11,4120974,SC1,2023,domestic_league,511,2578,Dundee FC,St. Johnstone FC,2,1
2024-02-11,4129656,TR1,2023,domestic_league,36,11282,Fenerbahce,Alanyaspor,2,2
2024-02-11,4129657,TR1,2023,domestic_league,924,2832,Istanbulspor,Gaziantep FK,1,3
2024-02-11,4129661,TR1,2023,domestic_league,2293,868,Konyaspor,MKE Ankaragücü,1,0
2024-02-11,4129662,TR1,2023,domestic_league,2381,126,Sivasspor,Caykur Rizespor,1,0
2024-02-11,4150627,GR1,2023,domestic_league,30120,60949,Athlitiki Enosi Kifisias,Volou Neos Podosferikos Syllogos,3,0
2024-02-11,4150630,GR1,2023,domestic_league,3385,265,Panserraikos Serres,Panathinaikos Athlitikos Omilos,0,3
2024-02-11,4150631,GR1,2023,domestic_league,1091,2441,Panthessalonikios Athlitikos Omilos Konstantinoupoliton,Athlitiki Enosi Konstantinoupoleos,1,1
2024-02-11,4150633,GR1,2023,domestic_league,3999,6676,PAS Lamia 1964,A.G.S Asteras Tripolis,2,1
2024-02-11,4271742,SFA,2023,domestic_cup,465,371,St. Mirren FC,Celtic FC,0,2
2024-02-11,4271746,SFA,2023,domestic_cup,2802,43,Airdrieonians FC,Heart of Midlothian FC,1,4
2024-02-12,4095311,GB1,2023,domestic_league,873,631,Crystal Palace,Chelsea FC,1,3
2024-02-12,4103706,IT1,2023,domestic_league,506,410,Juventus FC,Udinese Calcio,0,1
2024-02-12,4109447,PO1,2023,domestic_league,8024,720,FC Arouca,FC Porto,3,2
2024-02-12,4112885,ES1,2023,domestic_league,3302,621,UD Almería,Athletic Bilbao,0,0
2024-02-12,4129653,TR1,2023,domestic_league,449,7775,Trabzonspor,Hatayspor,2,0
2024-02-12,4129659,TR1,2023,domestic_league,152,589,Samsunspor,Antalyaspor,2,0
2024-02-12,4129660,TR1,2023,domestic_league,3205,114,Kayserispor,Beşiktaş Jimnastik Kulübü,0,0
2024-02-13,4109449,PO1,2023,domestic_league,2424,6912,Gil Vicente FC,FC Vizela,0,1
2024-02-13,4243694,CL,2023,international_cup,190,281,FC Copenhagen,Manchester City,1,3
2024-02-13,4243695,CL,2023,international_cup,23826,418,RB Leipzig,Real Madrid,0,1
2024-02-13,4280255,GRP,2023,domestic_cup,6418,605,Panetolikos Agrinio,Aris Thessalonikis,0,1
2024-02-14,4103672,IT1,2023,domestic_league,1025,430,Bologna Football Club 1909,ACF Fiorentina,2,0
2024-02-14,4120962,SC1,2023,domestic_league,370,987,Aberdeen FC,Motherwell FC,3,3
2024-02-14,4120966,SC1,2023,domestic_league,124,2759,Rangers FC,Ross County FC,3,1
2024-02-14,4243690,CL,2023,international_cup,583,681,Paris Saint-Germain,Real Sociedad,2,0
2024-02-14,4243693,CL,2023,international_cup,398,27,Società Sportiva Lazio S.p.A.,Bayern Munich,1,0
2024-02-14,4280459,GRP,2023,domestic_cup,1091,265,Panthessalonikios Athlitikos Omilos Konstantinoupoliton,Panathinaikos Athlitikos Omilos,0,1
2024-02-15,4243710,EL,2023,other,234,12,Feyenoord Rotterdam,Associazione Sportiva Roma,1,1
2024-02-15,4243711,EL,2023,other,5,273,AC Milan,Stade Rennais FC,3,0
2024-02-15,4243712,EL,2023,other,826,60,RC Lens,SC Freiburg,0,0
2024-02-15,4243713,EL,2023,other,452,336,BSC Young Boys,Sporting CP,1,3
2024-02-15,4243714,EL,2023,other,294,415,SL Benfica,FC Toulouse,2,1
2024-02-15,4243715,EL,2023,other,1075,10625,SC Braga,Qarabağ FK,2,4
2024-02-15,4243716,EL,2023,other,141,197,Galatasaray,AC Sparta Prague,3,2
2024-02-15,4243717,EL,2023,other,660,244,FC Shakhtar Donetsk,Olympique Marseille,2,2
2024-02-15,4243779,UCOL,2023,other,122,540,Sportklub Puntigamer Sturm Graz,Slovan Bratislava,4,1
2024-02-15,4243780,UCOL,2023,other,61,31614,Servette FC,Ludogorets Razgrad,0,0
2024-02-15,4243781,UCOL,2023,other,3948,24,Union Saint-Gilloise,Eintracht Frankfurt,2,2
2024-02-15,4243782,UCOL,2023,other,150,419,Real Betis Balompié,GNK Dinamo Zagreb,0,1
2024-02-15,4243783,UCOL,2023,other,683,279,Olympiakos Syndesmos Filathlon Peiraios,Ferencvárosi TC,1,0
2024-02-15,4243784,UCOL,2023,other,610,501,Ajax Amsterdam,Fotballklubben Bodø/Glimt,2,2
2024-02-15,4243785,UCOL,2023,other,687,255,Molde Fotballklubb,Legia Warszawa,3,2
2024-02-15,4243786,UCOL,2023,other,1064,157,Maccabi Haifa,KAA Gent,1,0
2024-02-16,4090248,DK1,2023,domestic_league,1063,173,Viborg FF,Odense Boldklub,1,2
2024-02-16,4094771,FR1,2023,domestic_league,1041,417,Olympique Lyon,OGC Nice,1,0
2024-02-16,4096162,L1,2023,domestic_league,3,86,1.FC Köln,SV Werder Bremen,0,1
2024-02-16,4098015,NL1,2023,domestic_league,383,1304,PSV Eindhoven,Heracles Almelo,2,0
2024-02-16,4098865,BE1,2023,domestic_league,968,3057,KVC Westerlo,Standard Liège,2,1
2024-02-16,4103716,IT1,2023,domestic_league,46,380,Inter Milan,US Salernitana 1919,4,0
2024-02-16,4103720,IT1,2023,domestic_league,416,1005,Torino FC,US Lecce,2,0
2024-02-16,4109510,PO1,2023,domestic_league,3329,2425,FC Famalicão,Rio Ave FC,2,1
2024-02-16,4113182,ES1,2023,domestic_league,1050,3709,Villarreal CF,Getafe CF,1,1
2024-02-16,4129668,TR1,2023,domestic_league,10484,6646,Kasimpasa,Fatih Karagümrük,1,1
2024-02-17,4094770,FR1,2023,domestic_league,1082,738,LOSC Lille,Le Havre AC,3,0
2024-02-17,4094773,FR1,2023,domestic_league,995,583,FC Nantes,Paris Saint-Germain,0,2
2024-02-17,4095320,GB1,2023,domestic_league,1148,31,Brentford FC,Liverpool FC,1,4
2024-02-17,4095321,GB1,2023,domestic_league,1132,11,Burnley FC,Arsenal FC,0,5
2024-02-17,4095323,GB1,2023,domestic_league,931,405,Fulham FC,Aston Villa,1,2
2024-02-17,4095325,GB1,2023,domestic_league,281,631,Manchester City,Chelsea FC,1,1
2024-02-17,4095326,GB1,2023,domestic_league,762,989,Newcastle United,AFC Bournemouth,2,2
2024-02-17,4095327,GB1,2023,domestic_league,703,379,Nottingham Forest,West Ham United,2,0
2024-02-17,4095329,GB1,2023,domestic_league,148,543,Tottenham Hotspur,Wolverhampton Wanderers,1,2
2024-02-17,4096157,L1,2023,domestic_league,82,16,VfL Wolfsburg,Borussia Dortmund,1,1
2024-02-17,4096158,L1,2023,domestic_league,533,89,TSG 1899 Hoffenheim,1.FC Union Berlin,0,1
2024-02-17,4096159,L1,2023,domestic_league,2036,15,1. Fußballclub Heidenheim 1846,Bayer 04 Leverkusen,1,2
2024-02-17,4096161,L1,2023,domestic_league,23826,18,RB Leipzig,Borussia Mönchengladbach,2,0
2024-02-17,4096163,L1,2023,domestic_league,39,167,1.FSV Mainz 05,FC Augsburg,1,0
2024-02-17,4096164,L1,2023,domestic_league,105,79,SV Darmstadt 98,VfB Stuttgart,1,2
2024-02-17,4098011,NL1,2023,domestic_league,468,798,Sparta Rotterdam,Excelsior Rotterdam,4,2
2024-02-17,4098013,NL1,2023,domestic_league,306,1435,SC Heerenveen,Go Ahead Eagles,0,2
2024-02-17,4098014,NL1,2023,domestic_league,1269,723,PEC Zwolle,Almere City FC,0,1
2024-02-17,4098018,NL1,2023,domestic_league,385,1090,Fortuna Sittardia Combinatie,AZ Alkmaar,1,2
2024-02-17,4098860,BE1,2023,domestic_league,1184,54189,KRC Genk,RWD Molenbeek,3,1
2024-02-17,4098861,BE1,2023,domestic_league,1096,354,Royal Antwerp FC,KV Mechelen,0,1
2024-02-17,4098862,BE1,2023,domestic_league,2727,172,Oud-Heverlee Leuven,Royal Charleroi Sporting Club,0,0
2024-02-17,4103712,IT1,2023,domestic_league,800,6574,Atalanta BC,US Sassuolo,3,0
2024-02-17,4103715,IT1,2023,domestic_league,276,506,Hellas Verona,Juventus FC,2,2
2024-02-17,4103719,IT1,2023,domestic_league,6195,252,SSC Napoli,Genoa CFC,1,1
2024-02-17,4109516,PO1,2023,domestic_league,3325,2503,GD Chaves,Boavista FC,2,1
2024-02-17,4109517,PO1,2023,domestic_league,7378,2420,Portimonense SC,Vitória Guimarães SC,1,1
2024-02-17,4109518,PO1,2023,domestic_league,720,2431,FC Porto,CF Estrela Amadora,2,0
2024-02-17,4113176,ES1,2023,domestic_league,13,472,Atlético de Madrid,UD Las Palmas,5,0
2024-02-17,4113180,ES1,2023,domestic_league,940,131,Celta de Vigo,FC Barcelona,1,2
2024-02-17,4113181,ES1,2023,domestic_league,331,2687,CA Osasuna,Cádiz CF,2,0
2024-02-17,4113183,ES1,2023,domestic_league,1049,368,Valencia CF,Sevilla FC,0,0
2024-02-17,4120998,SC1,2023,domestic_league,370,903,Aberdeen FC,Hibernian FC,2,2
2024-02-17,4120999,SC1,2023,domestic_league,371,2553,Celtic FC,Kilmarnock FC,1,1
2024-02-17,4121000,SC1,2023,domestic_league,511,2759,Dundee FC,Ross County FC,2,0
2024-02-17,4121001,SC1,2023,domestic_league,43,987,Heart of Midlothian FC,Motherwell FC,2,0
2024-02-17,4121002,SC1,2023,domestic_league,1241,465,Livingston FC,St. Mirren FC,1,0
2024-02-17,4129664,TR1,2023,domestic_league,589,924,Antalyaspor,Istanbulspor,2,2
2024-02-17,4129670,TR1,2023,domestic_league,126,36,Caykur Rizespor,Fenerbahce,1,3
2024-02-17,4129671,TR1,2023,domestic_league,7775,2381,Hatayspor,Sivasspor,1,1
2024-02-17,4150566,GR1,2023,domestic_league,3060,605,APS Atromitos Athinon,Aris Thessalonikis,0,2
2024-02-17,4150569,GR1,2023,domestic_league,265,3999,Panathinaikos Athlitikos Omilos,PAS Lamia 1964,2,2
2024-02-18,4090243,DK1,2023,domestic_league,206,865,Bröndby IF,FC Midtjylland,1,0
2024-02-18,4090244,DK1,2023,domestic_league,1894,5724,Hvidovre IF,Randers FC,1,3
2024-02-18,4090246,DK1,2023,domestic_league,1177,190,Silkeborg IF,FC Copenhagen,0,3
2024-02-18,4090247,DK1,2023,domestic_league,2778,369,FC Nordsjaelland,Lyngby Boldklub,3,2
2024-02-18,4094767,FR1,2023,domestic_league,667,1158,RC Strasbourg Alsace,FC Lorient,1,3
2024-02-18,4094768,FR1,2023,domestic_league,273,3524,Stade Rennais FC,Clermont Foot 63,3,1
2024-02-18,4094769,FR1,2023,domestic_league,162,415,AS Monaco,FC Toulouse,1,2
2024-02-18,4094772,FR1,2023,domestic_league,1421,826,Stade Reims,RC Lens,1,1
2024-02-18,4094774,FR1,2023,domestic_league,969,347,Montpellier HSC,FC Metz,3,0
2024-02-18,4094775,FR1,2023,domestic_league,3911,244,Stade Brestois 29,Olympique Marseille,1,0
2024-02-18,4095324,GB1,2023,domestic_league,1031,985,Luton Town,Manchester United,1,2
2024-02-18,4095328,GB1,2023,domestic_league,350,1237,Sheffield United,Brighton & Hove Albion,0,5
2024-02-18,4096156,L1,2023,domestic_league,80,27,VfL Bochum,Bayern Munich,3,2
2024-02-18,4096160,L1,2023,domestic_league,60,24,SC Freiburg,Eintracht Frankfurt,3,3
2024-02-18,4098012,NL1,2023,domestic_league,234,235,Feyenoord Rotterdam,RKC Waalwijk,1,0
2024-02-18,4098016,NL1,2023,domestic_league,610,467,Ajax Amsterdam,NEC Nijmegen,2,2
2024-02-18,4098017,NL1,2023,domestic_league,317,200,FC Twente Enschede,FC Utrecht,0,1
2024-02-18,4098019,NL1,2023,domestic_league,499,724,Vitesse Arnhem,FC Volendam,1,1
2024-02-18,4098859,BE1,2023,domestic_league,58,475,RSC Anderlecht,Sint-Truidense VV,4,1
2024-02-18,4098863,BE1,2023,domestic_league,601,3948,KV Kortrijk,Union Saint-Gilloise,1,3
2024-02-18,4098864,BE1,2023,domestic_league,520,2282,Cercle Brugge,Club Brugge KV,1,1
2024-02-18,4098866,BE1,2023,domestic_league,1245,157,KAS Eupen,KAA Gent,0,2
2024-02-18,4103713,IT1,2023,domestic_league,749,430,FC Empoli,ACF Fiorentina,1,1
2024-02-18,4103714,IT1,2023,domestic_league,8970,12,Frosinone Calcio,Associazione Sportiva Roma,0,3
2024-02-18,4103717,IT1,2023,domestic_league,398,1025,Società Sportiva Lazio S.p.A.,Bologna Football Club 1909,1,2
2024-02-18,4103718,IT1,2023,domestic_league,2919,5,AC Monza,AC Milan,4,2
2024-02-18,4103721,IT1,2023,domestic_league,410,1390,Udinese Calcio,Cagliari Calcio,1,1
2024-02-18,4109511,PO1,2023,domestic_league,1465,2424,GD Estoril Praia,Gil Vicente FC,1,3
2024-02-18,4109513,PO1,2023,domestic_league,1075,4294,SC Braga,SC Farense,2,1
2024-02-18,4109514,PO1,2023,domestic_league,294,6912,SL Benfica,FC Vizela,6,1
2024-02-18,4109515,PO1,2023,domestic_league,3268,8024,Casa Pia AC,FC Arouca,1,0
2024-02-18,4113177,ES1,2023,domestic_league,237,681,RCD Mallorca,Real Sociedad,1,2
2024-02-18,4113178,ES1,2023,domestic_league,367,418,Rayo Vallecano,Real Madrid,1,1
2024-02-18,4113179,ES1,2023,domestic_league,16795,3302,Granada CF,UD Almería,1,1
2024-02-18,4113184,ES1,2023,domestic_league,150,1108,Real Betis Balompié,Deportivo Alavés,0,0
2024-02-18,4121003,SC1,2023,domestic_league,2578,124,St. Johnstone FC,Rangers FC,0,3
2024-02-18,4129665,TR1,2023,domestic_league,868,141,MKE Ankaragücü,Galatasaray,0,3
2024-02-18,4129666,TR1,2023,domestic_league,2832,152,Gaziantep FK,Samsunspor,1,1
2024-02-18,4129667,TR1,2023,domestic_league,11282,3840,Alanyaspor,Adana Demirspor,3,3
2024-02-18,4129669,TR1,2023,domestic_league,3209,449,Pendikspor,Trabzonspor,0,2
2024-02-18,4150564,GR1,2023,domestic_league,2441,30120,Athlitiki Enosi Konstantinoupoleos,Athlitiki Enosi Kifisias,3,0
2024-02-18,4150567,GR1,2023,domestic_league,60949,2671,Volou Neos Podosferikos Syllogos,PAS Giannina,1,2
2024-02-18,4150570,GR1,2023,domestic_league,1091,683,Panthessalonikios Athlitikos Omilos Konstantinoupoliton,Olympiakos Syndesmos Filathlon Peiraios,1,4
2024-02-19,4090245,DK1,2023,domestic_league,443,678,Vejle Boldklub,Aarhus GF,0,0
2024-02-19,4095322,GB1,2023,domestic_league,29,873,Everton FC,Crystal Palace,1,1
2024-02-19,4109512,PO1,2023,domestic_league,979,336,Moreirense FC,Sporting CP,0,2
2024-02-19,4113175,ES1,2023,domestic_league,621,12321,Athletic Bilbao,Girona FC,3,2
2024-02-19,4129663,TR1,2023,domestic_league,6890,3205,Basaksehir FK,Kayserispor,2,3
2024-02-19,4129672,TR1,2023,domestic_league,114,2293,Beşiktaş Jimnastik Kulübü,Konyaspor,2,0
2024-02-19,4150565,GR1,2023,domestic_league,6676,6418,A.G.S Asteras Tripolis,Panetolikos Agrinio,2,2
2024-02-19,4150568,GR1,2023,domestic_league,653,3385,Omilos Filathlon Irakliou FC,Panserraikos Serres,4,0
2024-02-20,4095251,GB1,2023,domestic_league,281,1148,Manchester City,Brentford FC,1,0
2024-02-20,4243691,CL,2023,international_cup,46,13,Inter Milan,Atlético de Madrid,1,0
2024-02-20,4243692,CL,2023,international_cup,383,16,PSV Eindhoven,Borussia Dortmund,1,1
2024-02-21,4095336,GB1,2023,domestic_league,31,1031,Liverpool FC,Luton Town,4,1
2024-02-21,4243688,CL,2023,international_cup,720,11,FC Porto,Arsenal FC,1,0
2024-02-21,4243689,CL,2023,international_cup,6195,131,SSC Napoli,FC Barcelona,1,1
2024-02-21,4243794,UCOL,2023,other,157,1064,KAA Gent,Maccabi Haifa,1,1
2024-02-21,4280460,GRP,2023,domestic_cup,265,1091,Panathinaikos Athlitikos Omilos,Panthessalonikios Athlitikos Omilos Konstantinoupoliton,7,7
2024-02-22,4103680,IT1,2023,domestic_league,416,398,Torino FC,Società Sportiva Lazio S.p.A.,0,2
2024-02-22,4243718,EL,2023,other,12,234,Associazione Sportiva Roma,Feyenoord Rotterdam,5,3
2024-02-22,4243719,EL,2023,other,273,5,Stade Rennais FC,AC Milan,3,2
2024-02-22,4243720,EL,2023,other,60,826,SC Freiburg,RC Lens,3,2
2024-02-22,4243721,EL,2023,other,336,452,Sporting CP,BSC Young Boys,1,1
2024-02-22,4243722,EL,2023,other,415,294,FC Toulouse,SL Benfica,0,0
2024-02-22,4243723,EL,2023,other,10625,1075,Qarabağ FK,SC Braga,2,3
2024-02-22,4243724,EL,2023,other,197,141,AC Sparta Prague,Galatasaray,4,1
2024-02-22,4243725,EL,2023,other,244,660,Olympique Marseille,FC Shakhtar Donetsk,3,1
2024-02-22,4243787,UCOL,2023,other,540,122,Slovan Bratislava,Sportklub Puntigamer Sturm Graz,0,1
2024-02-22,4243788,UCOL,2023,other,31614,61,Ludogorets Razgrad,Servette FC,0,1
2024-02-22,4243789,UCOL,2023,other,24,3948,Eintracht Frankfurt,Union Saint-Gilloise,1,2
2024-02-22,4243790,UCOL,2023,other,419,150,GNK Dinamo Zagreb,Real Betis Balompié,1,1
2024-02-22,4243791,UCOL,2023,other,279,683,Ferencvárosi TC,Olympiakos Syndesmos Filathlon Peiraios,0,1
2024-02-22,4243792,UCOL,2023,other,501,610,Fotballklubben Bodø/Glimt,Ajax Amsterdam,1,2
2024-02-22,4243793,UCOL,2023,other,255,687,Legia Warszawa,Molde Fotballklubb,0,3
2024-02-23,4090253,DK1,2023,domestic_league,5724,369,Randers FC,Lyngby Boldklub,1,0
2024-02-23,4094784,FR1,2023,domestic_league,347,1041,FC Metz,Olympique Lyon,1,2
2024-02-23,4096168,L1,2023,domestic_league,15,39,Bayer 04 Leverkusen,1.FSV Mainz 05,2,1
2024-02-23,4098167,NL1,2023,domestic_league,200,1304,FC Utrecht,Heracles Almelo,1,0
2024-02-23,4098985,BE1,2023,domestic_league,172,1184,Royal Charleroi Sporting Club,KRC Genk,0,1
2024-02-23,4103722,IT1,2023,domestic_league,1025,276,Bologna Football Club 1909,Hellas Verona,2,0
2024-02-23,4109486,PO1,2023,domestic_league,8024,3329,FC Arouca,FC Famalicão,3,2
2024-02-23,4113030,ES1,2023,domestic_league,681,1050,Real Sociedad,Villarreal CF,1,3
2024-02-23,4120706,UKR1,2023,domestic_league,63007,3592,LNZ Cherkasy,Kryvbas Kryvyi Rig,0,3
2024-02-23,4129682,TR1,2023,domestic_league,152,126,Samsunspor,Caykur Rizespor,3,0
2024-02-24,4094777,FR1,2023,domestic_league,667,3911,RC Strasbourg Alsace,Stade Brestois 29,0,3
2024-02-24,4094780,FR1,2023,domestic_league,1158,995,FC Lorient,FC Nantes,0,1
2024-02-24,4095330,GB1,2023,domestic_league,989,281,AFC Bournemouth,Manchester City,0,1
2024-02-24,4095331,GB1,2023,domestic_league,11,762,Arsenal FC,Newcastle United,4,1
2024-02-24,4095332,GB1,2023,domestic_league,405,703,Aston Villa,Nottingham Forest,4,2
2024-02-24,4095333,GB1,2023,domestic_league,1237,29,Brighton & Hove Albion,Everton FC,1,1
2024-02-24,4095335,GB1,2023,domestic_league,873,1132,Crystal Palace,Burnley FC,3,0
2024-02-24,4095337,GB1,2023,domestic_league,985,931,Manchester United,Fulham FC,1,2
2024-02-24,4096165,L1,2023,domestic_league,27,23826,Bayern Munich,RB Leipzig,2,1
2024-02-24,4096169,L1,2023,domestic_league,79,3,VfB Stuttgart,1.FC Köln,1,1
2024-02-24,4096171,L1,2023,domestic_league,18,80,Borussia Mönchengladbach,VfL Bochum,5,2
2024-02-24,4096172,L1,2023,domestic_league,89,2036,1.FC Union Berlin,1. Fußballclub Heidenheim 1846,2,2
2024-02-24,4096173,L1,2023,domestic_league,86,105,SV Werder Bremen,SV Darmstadt 98,1,1
2024-02-24,4098165,NL1,2023,domestic_league,235,385,RKC Waalwijk,Fortuna Sittardia Combinatie,0,1
2024-02-24,4098168,NL1,2023,domestic_league,467,468,NEC Nijmegen,Sparta Rotterdam,2,0
2024-02-24,4098170,NL1,2023,domestic_league,1269,383,PEC Zwolle,PSV Eindhoven,1,7
2024-02-24,4098981,BE1,2023,domestic_league,54189,2727,RWD Molenbeek,Oud-Heverlee Leuven,1,1
2024-02-24,4098983,BE1,2023,domestic_league,354,601,KV Mechelen,KV Kortrijk,3,0
2024-02-24,4098984,BE1,2023,domestic_league,475,968,Sint-Truidense VV,KVC Westerlo,1,0
2024-02-24,4103725,IT1,2023,domestic_league,252,410,Genoa CFC,Udinese Calcio,2,0
2024-02-24,4103730,IT1,2023,domestic_league,380,2919,US Salernitana 1919,AC Monza,0,2
2024-02-24,4103731,IT1,2023,domestic_league,6574,749,US Sassuolo,FC Empoli,2,3
2024-02-24,4109487,PO1,2023,domestic_league,4294,979,SC Farense,Moreirense FC,0,1
2024-02-24,4109489,PO1,2023,domestic_league,2420,3268,Vitória Guimarães SC,Casa Pia AC,0,2
2024-02-24,4109490,PO1,2023,domestic_league,2431,3325,CF Estrela Amadora,GD Chaves,1,1
2024-02-24,4113025,ES1,2023,domestic_league,3302,13,UD Almería,Atlético de Madrid,2,2
2024-02-24,4113026,ES1,2023,domestic_league,131,3709,FC Barcelona,Getafe CF,4,0
2024-02-24,4113033,ES1,2023,domestic_league,1108,237,Deportivo Alavés,RCD Mallorca,1,1
2024-02-24,4120986,SC1,2023,domestic_league,903,511,Hibernian FC,Dundee FC,2,1
2024-02-24,4120987,SC1,2023,domestic_league,2553,370,Kilmarnock FC,Aberdeen FC,2,0
2024-02-24,4120989,SC1,2023,domestic_league,124,43,Rangers FC,Heart of Midlothian FC,5,0
2024-02-24,4120990,SC1,2023,domestic_league,2759,1241,Ross County FC,Livingston FC,3,2
2024-02-24,4120991,SC1,2023,domestic_league,465,2578,St. Mirren FC,St. Johnstone FC,2,0
2024-02-24,4129673,TR1,2023,domestic_league,2293,7775,Konyaspor,Hatayspor,2,0
2024-02-24,4129675,TR1,2023,domestic_league,36,10484,Fenerbahce,Kasimpasa,2,1
2024-02-24,4129678,TR1,2023,domestic_league,2832,6890,Gaziantep FK,Basaksehir FK,0,2
2024-02-24,4129681,TR1,2023,domestic_league,3205,868,Kayserispor,MKE Ankaragücü,3,2
2024-02-24,4150575,GR1,2023,domestic_league,3385,3060,Panserraikos Serres,APS Atromitos Athinon,0,0
2024-02-24,4150577,GR1,2023,domestic_league,3999,2441,PAS Lamia 1964,Athlitiki Enosi Konstantinoupoleos,1,3
2024-02-25,4090249,DK1,2023,domestic_league,678,865,Aarhus GF,FC Midtjylland,2,3
2024-02-25,4090251,DK1,2023,domestic_league,1894,1063,Hvidovre IF,Viborg FF,2,2
2024-02-25,4090252,DK1,2023,domestic_league,173,206,Odense Boldklub,Bröndby IF,0,3
2024-02-25,4090254,DK1,2023,domestic_league,443,1177,Vejle Boldklub,Silkeborg IF,2,0
2024-02-25,4094776,FR1,2023,domestic_league,583,273,Paris Saint-Germain,Stade Rennais FC,1,1
2024-02-25,4094778,FR1,2023,domestic_league,415,1082,FC Toulouse,LOSC Lille,3,1
2024-02-25,4094779,FR1,2023,domestic_league,244,969,Olympique Marseille,Montpellier HSC,4,1
2024-02-25,4094781,FR1,2023,domestic_league,417,3524,OGC Nice,Clermont Foot 63,0,0
2024-02-25,4094782,FR1,2023,domestic_league,826,162,RC Lens,AS Monaco,2,3
2024-02-25,4094783,FR1,2023,domestic_league,738,1421,Le Havre AC,Stade Reims,1,2
2024-02-25,4095339,GB1,2023,domestic_league,543,350,Wolverhampton Wanderers,Sheffield United,1,0
2024-02-25,4096166,L1,2023,domestic_league,167,60,FC Augsburg,SC Freiburg,2,1
2024-02-25,4096167,L1,2023,domestic_league,24,82,Eintracht Frankfurt,VfL Wolfsburg,2,2
2024-02-25,4096170,L1,2023,domestic_league,16,533,Borussia Dortmund,TSG 1899 Hoffenheim,2,3
2024-02-25,4098164,NL1,2023,domestic_league,798,499,Excelsior Rotterdam,Vitesse Arnhem,1,2
2024-02-25,4098166,NL1,2023,domestic_league,724,306,FC Volendam,SC Heerenveen,0,4
2024-02-25,4098169,NL1,2023,domestic_league,723,234,Almere City FC,Feyenoord Rotterdam,0,2
2024-02-25,4098171,NL1,2023,domestic_league,317,1435,FC Twente Enschede,Go Ahead Eagles,3,0
2024-02-25,4098172,NL1,2023,domestic_league,1090,610,AZ Alkmaar,Ajax Amsterdam,2,0
2024-02-25,4098979,BE1,2023,domestic_league,2282,58,Club Brugge KV,RSC Anderlecht,1,2
2024-02-25,4098980,BE1,2023,domestic_league,157,1096,KAA Gent,Royal Antwerp FC,2,2
2024-02-25,4098982,BE1,2023,domestic_league,3948,3057,Union Saint-Gilloise,Standard Liège,2,1
2024-02-25,4098986,BE1,2023,domestic_league,1245,520,KAS Eupen,Cercle Brugge,0,2
2024-02-25,4103723,IT1,2023,domestic_league,1390,6195,Cagliari Calcio,SSC Napoli,1,1
2024-02-25,4103726,IT1,2023,domestic_league,506,8970,Juventus FC,Frosinone Calcio,3,2
2024-02-25,4103727,IT1,2023,domestic_league,1005,46,US Lecce,Inter Milan,0,4
2024-02-25,4103728,IT1,2023,domestic_league,5,800,AC Milan,Atalanta BC,1,1
2024-02-25,4109484,PO1,2023,domestic_league,2425,336,Rio Ave FC,Sporting CP,3,3
2024-02-25,4109485,PO1,2023,domestic_league,2424,720,Gil Vicente FC,FC Porto,1,1
2024-02-25,4109488,PO1,2023,domestic_league,294,7378,SL Benfica,Portimonense SC,4,0
2024-02-25,4109491,PO1,2023,domestic_league,6912,1465,FC Vizela,GD Estoril Praia,3,3
2024-02-25,4113027,ES1,2023,domestic_league,2687,940,Cádiz CF,Celta de Vigo,2,2
2024-02-25,4113029,ES1,2023,domestic_league,418,368,Real Madrid,Sevilla FC,1,0
2024-02-25,4113032,ES1,2023,domestic_league,472,331,UD Las Palmas,CA Osasuna,1,1
2024-02-25,4113034,ES1,2023,domestic_league,150,621,Real Betis Balompié,Athletic Bilbao,3,1
2024-02-25,4120705,UKR1,2023,domestic_league,26459,48332,NK Veres Rivne,Kolos Kovalivka,0,2
2024-02-25,4120707,UKR1,2023,domestic_league,60551,61825,SC Dnipro-1,FC Minaj,1,1
2024-02-25,4120709,UKR1,2023,domestic_league,55686,338,TOV FK Metalist 1925 Kharkiv,Dynamo Kyiv,2,4
2024-02-25,4120710,UKR1,2023,domestic_league,48726,53646,Rukh Lviv,FK Polissya Zhytomyr,1,1
2024-02-25,4120988,SC1,2023,domestic_league,987,371,Motherwell FC,Celtic FC,1,3
2024-02-25,4129674,TR1,2023,domestic_league,2381,3209,Sivasspor,Pendikspor,4,1
2024-02-25,4129676,TR1,2023,domestic_league,6646,11282,Fatih Karagümrük,Alanyaspor,1,1
2024-02-25,4129677,TR1,2023,domestic_league,449,3840,Trabzonspor,Adana Demirspor,1,0
2024-02-25,4129680,TR1,2023,domestic_league,924,114,Istanbulspor,Beşiktaş Jimnastik Kulübü,0,2
2024-02-25,4150571,GR1,2023,domestic_league,605,60949,Aris Thessalonikis,Volou Neos Podosferikos Syllogos,2,0
2024-02-25,4150573,GR1,2023,domestic_league,683,6676,Olympiakos Syndesmos Filathlon Peiraios,A.G.S Asteras Tripolis,2,1
2024-02-25,4150574,GR1,2023,domestic_league,6418,1091,Panetolikos Agrinio,Panthessalonikios Athlitikos Omilos Konstantinoupoliton,1,3
2024-02-25,4150576,GR1,2023,domestic_league,2671,653,PAS Giannina,Omilos Filathlon Irakliou FC,2,2
2024-02-25,4150639,GR1,2023,domestic_league,265,30120,Panathinaikos Athlitikos Omilos,Athlitiki Enosi Kifisias,1,1
2024-02-25,4273822,CGB,2022,,631,31,Chelsea FC,Liverpool FC,0,1
2024-02-26,4090250,DK1,2023,domestic_league,190,2778,FC Copenhagen,FC Nordsjaelland,2,0
2024-02-26,4095338,GB1,2023,domestic_league,379,1148,West Ham United,Brentford FC,4,2
2024-02-26,4103724,IT1,2023,domestic_league,430,398,ACF Fiorentina,Società Sportiva Lazio S.p.A.,2,1
2024-02-26,4103729,IT1,2023,domestic_league,12,416,Associazione Sportiva Roma,Torino FC,3,2
2024-02-26,4109483,PO1,2023,domestic_league,2503,1075,Boavista FC,SC Braga,0,4
2024-02-26,4113028,ES1,2023,domestic_league,12321,367,Girona FC,Rayo Vallecano,3,0
2024-02-26,4120704,UKR1,2023,domestic_league,39097,6992,Obolon Kyiv,Chornomorets Odesa,1,1
2024-02-26,4120708,UKR1,2023,domestic_league,10690,2740,Zorya Lugansk,Vorskla Poltava,1,0
2024-02-26,4120711,UKR1,2023,domestic_league,18303,660,FC Oleksandriya,FC Shakhtar Donetsk,0,3
2024-02-26,4129679,TR1,2023,domestic_league,141,589,Galatasaray,Antalyaspor,2,1
2024-02-26,4285018,FAC,2023,domestic_cup,990,7047,Coventry City,Maidstone United,5,0
2024-02-27,4121009,SC1,2023,domestic_league,2759,465,Ross County FC,St. Mirren FC,1,1
2024-02-27,4275925,CDR,2023,domestic_cup,681,237,Real Sociedad,RCD Mallorca,5,6
2024-02-27,4285019,FAC,2023,domestic_cup,989,1003,AFC Bournemouth,Leicester City,0,1
2024-02-27,4285020,FAC,2023,domestic_cup,164,762,Blackburn Rovers,Newcastle United,4,5
2024-02-27,4285021,FAC,2023,domestic_cup,1031,281,Luton Town,Manchester City,2,6
2024-02-27,4285670,NLP,2023,domestic_cup,133,467,SC Cambuur Leeuwarden,NEC Nijmegen,1,2
2024-02-28,4103675,IT1,2023,domestic_league,46,800,Inter Milan,Atalanta BC,4,0
2024-02-28,4103679,IT1,2023,domestic_league,6574,6195,US Sassuolo,SSC Napoli,1,6
2024-02-28,4121004,SC1,2023,domestic_league,370,2578,Aberdeen FC,St. Johnstone FC,0,2
2024-02-28,4121005,SC1,2023,domestic_league,371,511,Celtic FC,Dundee FC,7,1
2024-02-28,4121006,SC1,2023,domestic_league,43,903,Heart of Midlothian FC,Hibernian FC,1,1
2024-02-28,4121007,SC1,2023,domestic_league,2553,124,Kilmarnock FC,Rangers FC,1,2
2024-02-28,4121008,SC1,2023,domestic_league,1241,987,Livingston FC,Motherwell FC,1,3
2024-02-28,4150554,GR1,2023,domestic_league,3385,1091,Panserraikos Serres,Panthessalonikios Athlitikos Omilos Konstantinoupoliton,0,2
2024-02-28,4150599,GR1,2023,domestic_league,2441,2671,Athlitiki Enosi Konstantinoupoleos,PAS Giannina,4,2
2024-02-28,4150600,GR1,2023,domestic_league,6676,30120,A.G.S Asteras Tripolis,Athlitiki Enosi Kifisias,3,3
2024-02-28,4150601,GR1,2023,domestic_league,3060,3999,APS Atromitos Athinon,PAS Lamia 1964,3,1
2024-02-28,4150602,GR1,2023,domestic_league,60949,653,Volou Neos Podosferikos Syllogos,Omilos Filathlon Irakliou FC,3,1
2024-02-28,4150603,GR1,2023,domestic_league,265,605,Panathinaikos Athlitikos Omilos,Aris Thessalonikis,2,0
2024-02-28,4150604,GR1,2023,domestic_league,6418,683,Panetolikos Agrinio,Olympiakos Syndesmos Filathlon Peiraios,1,2
2024-02-28,4285022,FAC,2023,domestic_cup,631,399,Chelsea FC,Leeds United,3,2
2024-02-28,4285023,FAC,2023,domestic_cup,703,985,Nottingham Forest,Manchester United,0,1
2024-02-28,4285024,FAC,2023,domestic_cup,543,1237,Wolverhampton Wanderers,Brighton & Hove Albion,1,0
2024-02-28,4285025,FAC,2023,domestic_cup,31,180,Liverpool FC,Southampton FC,3,0
2024-02-29,4275926,CDR,2023,domestic_cup,621,13,Athletic Bilbao,Atlético de Madrid,3,0
2024-02-29,4285669,NLP,2023,domestic_cup,234,202,Feyenoord Rotterdam,FC Groningen,2,1
2024-03-01,4090258,DK1,2023,domestic_league,865,190,FC Midtjylland,FC Copenhagen,2,0
2024-03-01,4094787,FR1,2023,domestic_league,162,583,AS Monaco,Paris Saint-Germain,0,0
2024-03-01,4096174,L1,2023,domestic_league,60,27,SC Freiburg,Bayern Munich,2,2
2024-03-01,4098191,NL1,2023,domestic_league,724,467,FC Volendam,NEC Nijmegen,2,5
2024-03-01,4098810,BE1,2023,domestic_league,968,172,KVC Westerlo,Royal Charleroi Sporting Club,0,1
2024-03-01,4103737,IT1,2023,domestic_league,398,5,Società Sportiva Lazio S.p.A.,AC Milan,0,1
2024-03-01,4109507,PO1,2023,domestic_league,3325,8024,GD Chaves,FC Arouca,1,5
2024-03-01,4113008,ES1,2023,domestic_league,940,3302,Celta de Vigo,UD Almería,1,0
2024-03-01,4120712,UKR1,2023,domestic_league,53646,63007,FK Polissya Zhytomyr,LNZ Cherkasy,0,1
2024-03-01,4129691,TR1,2023,domestic_league,10484,2381,Kasimpasa,Sivasspor,0,0
2024-03-01,4242335,RU1,2023,domestic_league,1083,2696,FK Rostov,PFK Krylya Sovetov Samara,2,0
2024-03-02,4094789,FR1,2023,domestic_league,3524,244,Clermont Foot 63,Olympique Marseille,1,5
2024-03-02,4094790,FR1,2023,domestic_league,1421,1082,Stade Reims,LOSC Lille,0,1
2024-03-02,4095340,GB1,2023,domestic_league,1148,631,Brentford FC,Chelsea FC,2,2
2024-03-02,4095342,GB1,2023,domestic_league,29,379,Everton FC,West Ham United,1,3
2024-03-02,4095343,GB1,2023,domestic_league,931,1237,Fulham FC,Brighton & Hove Albion,3,0
2024-03-02,4095344,GB1,2023,domestic_league,1031,405,Luton Town,Aston Villa,2,3
2024-03-02,4095346,GB1,2023,domestic_league,762,543,Newcastle United,Wolverhampton Wanderers,3,0
2024-03-02,4095347,GB1,2023,domestic_league,703,31,Nottingham Forest,Liverpool FC,0,1
2024-03-02,4095349,GB1,2023,domestic_league,148,873,Tottenham Hotspur,Crystal Palace,3,1
2024-03-02,4096175,L1,2023,domestic_league,89,16,1.FC Union Berlin,Borussia Dortmund,0,2
2024-03-02,4096176,L1,2023,domestic_league,80,23826,VfL Bochum,RB Leipzig,1,4
2024-03-02,4096178,L1,2023,domestic_league,2036,24,1. Fußballclub Heidenheim 1846,Eintracht Frankfurt,1,2
2024-03-02,4096179,L1,2023,domestic_league,39,18,1.FSV Mainz 05,Borussia Mönchengladbach,1,1
2024-03-02,4096181,L1,2023,domestic_league,105,167,SV Darmstadt 98,FC Augsburg,0,6
2024-03-02,4096182,L1,2023,domestic_league,82,79,VfL Wolfsburg,VfB Stuttgart,2,3
2024-03-02,4098193,NL1,2023,domestic_league,1435,235,Go Ahead Eagles,RKC Waalwijk,1,0
2024-03-02,4098195,NL1,2023,domestic_league,468,1090,Sparta Rotterdam,AZ Alkmaar,1,1
2024-03-02,4098196,NL1,2023,domestic_league,499,317,Vitesse Arnhem,FC Twente Enschede,1,2
2024-03-02,4098804,BE1,2023,domestic_league,3057,157,Standard Liège,KAA Gent,4,2
2024-03-02,4098807,BE1,2023,domestic_league,2727,3948,Oud-Heverlee Leuven,Union Saint-Gilloise,0,2
2024-03-02,4098809,BE1,2023,domestic_league,520,354,Cercle Brugge,KV Mechelen,2,3
2024-03-02,4103738,IT1,2023,domestic_league,2919,12,AC Monza,Associazione Sportiva Roma,1,4
2024-03-02,4103740,IT1,2023,domestic_league,416,430,Torino FC,ACF Fiorentina,0,0
2024-03-02,4103741,IT1,2023,domestic_league,410,380,Udinese Calcio,US Salernitana 1919,1,1
2024-03-02,4109502,PO1,2023,domestic_league,1465,2420,GD Estoril Praia,Vitória Guimarães SC,1,3
2024-03-02,4109504,PO1,2023,domestic_league,1075,2431,SC Braga,CF Estrela Amadora,3,0
2024-03-02,4109505,PO1,2023,domestic_league,979,2425,Moreirense FC,Rio Ave FC,0,0
2024-03-02,4113007,ES1,2023,domestic_league,3709,472,Getafe CF,UD Las Palmas,3,3
2024-03-02,4113009,ES1,2023,domestic_league,367,2687,Rayo Vallecano,Cádiz CF,1,1
2024-03-02,4113011,ES1,2023,domestic_league,1049,418,Valencia CF,Real Madrid,2,2
2024-03-02,4113012,ES1,2023,domestic_league,368,681,Sevilla FC,Real Sociedad,3,2
2024-03-02,4120713,UKR1,2023,domestic_league,61825,55686,FC Minaj,TOV FK Metalist 1925 Kharkiv,2,0
2024-03-02,4120714,UKR1,2023,domestic_league,2740,26459,Vorskla Poltava,NK Veres Rivne,2,1
2024-03-02,4120717,UKR1,2023,domestic_league,338,6992,Dynamo Kyiv,Chornomorets Odesa,1,0
2024-03-02,4120718,UKR1,2023,domestic_league,48332,48726,Kolos Kovalivka,Rukh Lviv,0,1
2024-03-02,4120992,SC1,2023,domestic_league,511,2553,Dundee FC,Kilmarnock FC,2,2
2024-03-02,4120994,SC1,2023,domestic_league,903,2759,Hibernian FC,Ross County FC,2,0
2024-03-02,4120995,SC1,2023,domestic_league,124,987,Rangers FC,Motherwell FC,1,2
2024-03-02,4120996,SC1,2023,domestic_league,2578,1241,St. Johnstone FC,Livingston FC,1,1
2024-03-02,4120997,SC1,2023,domestic_league,465,370,St. Mirren FC,Aberdeen FC,2,1
2024-03-02,4129683,TR1,2023,domestic_league,126,3205,Caykur Rizespor,Kayserispor,3,0
2024-03-02,4129684,TR1,2023,domestic_league,868,924,MKE Ankaragücü,Istanbulspor,1,1
2024-03-02,4129690,TR1,2023,domestic_league,7775,36,Hatayspor,Fenerbahce,0,2
2024-03-02,4242329,RU1,2023,domestic_league,2410,14589,PFK CSKA Moskva,FC Orenburg,1,1
2024-03-02,4242330,RU1,2023,domestic_league,964,232,AO FK Zenit Sankt-Peterburg,FK Spartak Moskva,0,0
2024-03-02,4242331,RU1,2023,domestic_league,3725,11127,RFK Akhmat Grozny,Ural Yekaterinburg,1,0
2024-03-02,4242332,RU1,2023,domestic_league,16704,2698,FK Krasnodar,FC Rubin Kazan,1,1
2024-03-03,4090255,DK1,2023,domestic_league,678,173,Aarhus GF,Odense Boldklub,1,1
2024-03-03,4090256,DK1,2023,domestic_league,206,443,Bröndby IF,Vejle Boldklub,1,1
2024-03-03,4090259,DK1,2023,domestic_league,369,1894,Lyngby Boldklub,Hvidovre IF,2,4
2024-03-03,4090260,DK1,2023,domestic_league,1063,5724,Viborg FF,Randers FC,3,0
2024-03-03,4094785,FR1,2023,domestic_league,273,1158,Stade Rennais FC,FC Lorient,1,2
2024-03-03,4094786,FR1,2023,domestic_league,415,417,FC Toulouse,OGC Nice,2,1
2024-03-03,4094788,FR1,2023,domestic_league,1041,826,Olympique Lyon,RC Lens,0,3
2024-03-03,4094791,FR1,2023,domestic_league,995,347,FC Nantes,FC Metz,0,2
2024-03-03,4094792,FR1,2023,domestic_league,969,667,Montpellier HSC,RC Strasbourg Alsace,2,2
2024-03-03,4094793,FR1,2023,domestic_league,3911,738,Stade Brestois 29,Le Havre AC,1,0
2024-03-03,4095341,GB1,2023,domestic_league,1132,989,Burnley FC,AFC Bournemouth,0,2
2024-03-03,4095345,GB1,2023,domestic_league,281,985,Manchester City,Manchester United,3,1
2024-03-03,4096177,L1,2023,domestic_league,3,15,1.FC Köln,Bayer 04 Leverkusen,0,2
2024-03-03,4096180,L1,2023,domestic_league,533,86,TSG 1899 Hoffenheim,SV Werder Bremen,2,1
2024-03-03,4098192,NL1,2023,domestic_league,383,234,PSV Eindhoven,Feyenoord Rotterdam,2,2
2024-03-03,4098194,NL1,2023,domestic_league,1304,723,Heracles Almelo,Almere City FC,2,2
2024-03-03,4098197,NL1,2023,domestic_league,610,200,Ajax Amsterdam,FC Utrecht,2,0
2024-03-03,4098198,NL1,2023,domestic_league,306,1269,SC Heerenveen,PEC Zwolle,2,0
2024-03-03,4098199,NL1,2023,domestic_league,385,798,Fortuna Sittardia Combinatie,Excelsior Rotterdam,5,2
2024-03-03,4098803,BE1,2023,domestic_league,58,1245,RSC Anderlecht,KAS Eupen,1,0
2024-03-03,4098805,BE1,2023,domestic_league,1184,2282,KRC Genk,Club Brugge KV,0,3
2024-03-03,4098806,BE1,2023,domestic_league,1096,475,Royal Antwerp FC,Sint-Truidense VV,3,0
2024-03-03,4098808,BE1,2023,domestic_league,601,54189,KV Kortrijk,RWD Molenbeek,3,2
2024-03-03,4103732,IT1,2023,domestic_league,800,1025,Atalanta BC,Bologna Football Club 1909,1,2
2024-03-03,4103733,IT1,2023,domestic_league,749,1390,FC Empoli,Cagliari Calcio,0,1
2024-03-03,4103734,IT1,2023,domestic_league,8970,1005,Frosinone Calcio,US Lecce,1,1
2024-03-03,4103735,IT1,2023,domestic_league,276,6574,Hellas Verona,US Sassuolo,1,0
2024-03-03,4103739,IT1,2023,domestic_league,6195,506,SSC Napoli,Juventus FC,2,1
2024-03-03,4109501,PO1,2023,domestic_league,3268,2424,Casa Pia AC,Gil Vicente FC,0,0
2024-03-03,4109503,PO1,2023,domestic_league,7378,6912,Portimonense SC,FC Vizela,0,0
2024-03-03,4109506,PO1,2023,domestic_league,336,4294,Sporting CP,SC Farense,3,2
2024-03-03,4109508,PO1,2023,domestic_league,720,294,FC Porto,SL Benfica,5,0
2024-03-03,4113005,ES1,2023,domestic_league,621,131,Athletic Bilbao,FC Barcelona,0,0
2024-03-03,4113006,ES1,2023,domestic_league,13,150,Atlético de Madrid,Real Betis Balompié,2,1
2024-03-03,4113010,ES1,2023,domestic_league,237,12321,RCD Mallorca,Girona FC,1,0
2024-03-03,4113013,ES1,2023,domestic_league,1050,16795,Villarreal CF,Granada CF,5,1
2024-03-03,4120715,UKR1,2023,domestic_league,39097,60551,Obolon Kyiv,SC Dnipro-1,0,1
2024-03-03,4120716,UKR1,2023,domestic_league,18303,10690,FC Oleksandriya,Zorya Lugansk,0,0
2024-03-03,4120719,UKR1,2023,domestic_league,660,3592,FC Shakhtar Donetsk,Kryvbas Kryvyi Rig,5,2
2024-03-03,4120993,SC1,2023,domestic_league,43,371,Heart of Midlothian FC,Celtic FC,2,0
2024-03-03,4129685,TR1,2023,domestic_league,114,141,Beşiktaş Jimnastik Kulübü,Galatasaray,0,1
2024-03-03,4129686,TR1,2023,domestic_league,6890,152,Basaksehir FK,Samsunspor,1,0
2024-03-03,4129692,TR1,2023,domestic_league,3209,2293,Pendikspor,Konyaspor,0,2
2024-03-03,4150648,GR1,2023,domestic_league,605,2441,Aris Thessalonikis,Athlitiki Enosi Konstantinoupoleos,3,3
2024-03-03,4150649,GR1,2023,domestic_league,30120,6418,Athlitiki Enosi Kifisias,Panetolikos Agrinio,2,2
2024-03-03,4150650,GR1,2023,domestic_league,683,60949,Olympiakos Syndesmos Filathlon Peiraios,Volou Neos Podosferikos Syllogos,3,0
2024-03-03,4150651,GR1,2023,domestic_league,653,265,Omilos Filathlon Irakliou FC,Panathinaikos Athlitikos Omilos,2,2
2024-03-03,4150652,GR1,2023,domestic_league,3385,6676,Panserraikos Serres,A.G.S Asteras Tripolis,2,1
2024-03-03,4150653,GR1,2023,domestic_league,2671,3060,PAS Giannina,APS Atromitos Athinon,1,1
2024-03-03,4150654,GR1,2023,domestic_league,3999,1091,PAS Lamia 1964,Panthessalonikios Athlitikos Omilos Konstantinoupoliton,0,2
2024-03-03,4242333,RU1,2023,domestic_league,49702,1124,FK Nizhny Novgorod,Fakel Voronezh,1,1
2024-03-03,4242334,RU1,2023,domestic_league,121,932,FK Dinamo Moskva,"Футбольный клуб ""Локомотив"" Москва",2,1
2024-03-03,4242336,RU1,2023,domestic_league,2741,41231,FK Baltika,FK Sochi,0,0
2024-03-04,4090257,DK1,2023,domestic_league,2778,1177,FC Nordsjaelland,Silkeborg IF,3,1
2024-03-04,4095348,GB1,2023,domestic_league,350,11,Sheffield United,Arsenal FC,0,6
2024-03-04,4103736,IT1,2023,domestic_league,46,252,Inter Milan,Genoa CFC,2,1
2024-03-04,4109509,PO1,2023,domestic_league,3329,2503,FC Famalicão,Boavista FC,1,1
2024-03-04,4113014,ES1,2023,domestic_league,331,1108,CA Osasuna,Deportivo Alavés,1,0
2024-03-04,4129687,TR1,2023,domestic_league,589,2832,Antalyaspor,Gaziantep FK,1,0
2024-03-04,4129688,TR1,2023,domestic_league,3840,6646,Adana Demirspor,Fatih Karagümrük,1,0
2024-03-04,4129689,TR1,2023,domestic_league,11282,449,Alanyaspor,Trabzonspor,3,1
2024-03-05,4243698,CL,2023,international_cup,681,583,Real Sociedad,Paris Saint-Germain,1,2
2024-03-05,4243701,CL,2023,international_cup,27,398,Bayern Munich,Società Sportiva Lazio S.p.A.,3,0
2024-03-06,4243702,CL,2023,international_cup,281,190,Manchester City,FC Copenhagen,3,1
2024-03-06,4243703,CL,2023,international_cup,418,23826,Real Madrid,RB Leipzig,1,1
2024-03-06,4280444,GRP,2023,domestic_cup,605,6418,Aris Thessalonikis,Panetolikos Agrinio,0,0
2024-03-06,4295482,EL,2023,other,336,800,Sporting CP,Atalanta BC,1,1
2024-03-07,4120724,UKR1,2023,domestic_league,10690,61825,Zorya Lugansk,FC Minaj,2,0
2024-03-07,4120725,UKR1,2023,domestic_league,26459,338,NK Veres Rivne,Dynamo Kyiv,1,1
2024-03-07,4295483,EL,2023,other,197,31,AC Sparta Prague,Liverpool FC,1,5
2024-03-07,4295484,EL,2023,other,244,1050,Olympique Marseille,Villarreal CF,4,0
2024-03-07,4295485,EL,2023,other,12,1237,Associazione Sportiva Roma,Brighton & Hove Albion,4,0
2024-03-07,4295486,EL,2023,other,294,124,SL Benfica,Rangers FC,2,2
2024-03-07,4295487,EL,2023,other,60,379,SC Freiburg,West Ham United,1,0
2024-03-07,4295488,EL,2023,other,5,62,AC Milan,SK Slavia Prague,4,2
2024-03-07,4295489,EL,2023,other,10625,15,Qarabağ FK,Bayer 04 Leverkusen,2,2
2024-03-07,4295561,UCOL,2023,other,61,941,Servette FC,FC Viktoria Plzen,0,0
2024-03-07,4295562,UCOL,2023,other,610,405,Ajax Amsterdam,Aston Villa,0,0
2024-03-07,4295563,UCOL,2023,other,687,2282,Molde Fotballklubb,Club Brugge KV,2,1
2024-03-07,4295564,UCOL,2023,other,3948,36,Union Saint-Gilloise,Fenerbahce,0,3
2024-03-07,4295565,UCOL,2023,other,419,1091,GNK Dinamo Zagreb,Panthessalonikios Athlitikos Omilos Konstantinoupoliton,2,0
2024-03-07,4295566,UCOL,2023,other,122,1082,Sportklub Puntigamer Sturm Graz,LOSC Lille,0,3
2024-03-07,4295567,UCOL,2023,other,1064,430,Maccabi Haifa,ACF Fiorentina,3,4
2024-03-07,4295568,UCOL,2023,other,683,119,Olympiakos Syndesmos Filathlon Peiraios,Maccabi Tel Aviv,1,4
2024-03-08,4090262,DK1,2023,domestic_league,1894,2778,Hvidovre IF,FC Nordsjaelland,1,2
2024-03-08,4094799,FR1,2023,domestic_league,417,969,OGC Nice,Montpellier HSC,1,2
2024-03-08,4096184,L1,2023,domestic_league,79,89,VfB Stuttgart,1.FC Union Berlin,2,0
2024-03-08,4098139,NL1,2023,domestic_league,1435,383,Go Ahead Eagles,PSV Eindhoven,0,1
2024-03-08,4098840,BE1,2023,domestic_league,354,968,KV Mechelen,KVC Westerlo,3,1
2024-03-08,4103750,IT1,2023,domestic_league,6195,416,SSC Napoli,Torino FC,1,1
2024-03-08,4109469,PO1,2023,domestic_league,2431,3268,CF Estrela Amadora,Casa Pia AC,3,1
2024-03-08,4109472,PO1,2023,domestic_league,7378,720,Portimonense SC,FC Porto,0,3
2024-03-08,4112996,ES1,2023,domestic_league,131,237,FC Barcelona,RCD Mallorca,1,0
2024-03-08,4120720,UKR1,2023,domestic_league,55686,63007,TOV FK Metalist 1925 Kharkiv,LNZ Cherkasy,1,1
2024-03-08,4120726,UKR1,2023,domestic_league,60551,48726,SC Dnipro-1,Rukh Lviv,0,1
2024-03-08,4120727,UKR1,2023,domestic_league,660,48332,FC Shakhtar Donetsk,Kolos Kovalivka,3,2
2024-03-08,4129702,TR1,2023,domestic_league,141,126,Galatasaray,Caykur Rizespor,6,2
2024-03-08,4272765,RU1,2023,domestic_league,1083,16704,FK Rostov,FK Krasnodar,2,1
2024-03-08,4272766,RU1,2023,domestic_league,2696,2410,PFK Krylya Sovetov Samara,PFK CSKA Moskva,0,2
2024-03-09,4094797,FR1,2023,domestic_league,1158,1041,FC Lorient,Olympique Lyon,0,2
2024-03-09,4094800,FR1,2023,domestic_league,826,3911,RC Lens,Stade Brestois 29,1,0
2024-03-09,4095350,GB1,2023,domestic_league,989,350,AFC Bournemouth,Sheffield United,2,2
2024-03-09,4095351,GB1,2023,domestic_league,11,1148,Arsenal FC,Brentford FC,2,1
2024-03-09,4095355,GB1,2023,domestic_league,873,1031,Crystal Palace,Luton Town,1,1
2024-03-09,4095357,GB1,2023,domestic_league,985,29,Manchester United,Everton FC,2,0
2024-03-09,4095359,GB1,2023,domestic_league,543,931,Wolverhampton Wanderers,Fulham FC,2,1
2024-03-09,4096183,L1,2023,domestic_league,86,16,SV Werder Bremen,Borussia Dortmund,1,2
2024-03-09,4096187,L1,2023,domestic_league,27,39,Bayern Munich,1.FSV Mainz 05,8,1
2024-03-09,4096188,L1,2023,domestic_league,18,3,Borussia Mönchengladbach,1.FC Köln,3,3
2024-03-09,4096190,L1,2023,domestic_league,167,2036,FC Augsburg,1. Fußballclub Heidenheim 1846,1,0
2024-03-09,4096191,L1,2023,domestic_league,23826,105,RB Leipzig,SV Darmstadt 98,2,0
2024-03-09,4098137,NL1,2023,domestic_league,723,200,Almere City FC,FC Utrecht,1,1
2024-03-09,4098142,NL1,2023,domestic_league,235,499,RKC Waalwijk,Vitesse Arnhem,3,1
2024-03-09,4098144,NL1,2023,domestic_league,317,468,FC Twente Enschede,Sparta Rotterdam,2,1
2024-03-09,4098837,BE1,2023,domestic_league,601,1096,KV Kortrijk,Royal Antwerp FC,0,1
2024-03-09,4098838,BE1,2023,domestic_league,54189,58,RWD Molenbeek,RSC Anderlecht,0,3
2024-03-09,4098841,BE1,2023,domestic_league,172,520,Royal Charleroi Sporting Club,Cercle Brugge,0,0
2024-03-09,4103742,IT1,2023,domestic_league,1025,46,Bologna Football Club 1909,Inter Milan,0,1
2024-03-09,4103743,IT1,2023,domestic_league,1390,380,Cagliari Calcio,US Salernitana 1919,4,2
2024-03-09,4103745,IT1,2023,domestic_league,252,2919,Genoa CFC,AC Monza,2,3
2024-03-09,4103751,IT1,2023,domestic_league,6574,8970,US Sassuolo,Frosinone Calcio,1,0
2024-03-09,4109465,PO1,2023,domestic_league,6912,4294,FC Vizela,SC Farense,2,1
2024-03-09,4109468,PO1,2023,domestic_league,2503,979,Boavista FC,Moreirense FC,1,0
2024-03-09,4109470,PO1,2023,domestic_league,2420,3329,Vitória Guimarães SC,FC Famalicão,1,0
2024-03-09,4109471,PO1,2023,domestic_league,2425,1075,Rio Ave FC,SC Braga,0,0
2024-03-09,4112998,ES1,2023,domestic_league,12321,331,Girona FC,CA Osasuna,2,0
2024-03-09,4112999,ES1,2023,domestic_league,16795,681,Granada CF,Real Sociedad,2,3
2024-03-09,4113002,ES1,2023,domestic_league,2687,13,Cádiz CF,Atlético de Madrid,2,0
2024-03-09,4113004,ES1,2023,domestic_league,1049,3709,Valencia CF,Getafe CF,1,0
2024-03-09,4120721,UKR1,2023,domestic_league,3592,39097,Kryvbas Kryvyi Rig,Obolon Kyiv,1,0
2024-03-09,4120722,UKR1,2023,domestic_league,53646,18303,FK Polissya Zhytomyr,FC Oleksandriya,1,2
2024-03-09,4120723,UKR1,2023,domestic_league,6992,2740,Chornomorets Odesa,Vorskla Poltava,0,1
2024-03-09,4129696,TR1,2023,domestic_league,2381,11282,Sivasspor,Alanyaspor,1,2
2024-03-09,4129697,TR1,2023,domestic_league,2293,3840,Konyaspor,Adana Demirspor,2,2
2024-03-09,4129698,TR1,2023,domestic_league,449,6646,Trabzonspor,Fatih Karagümrük,5,1
2024-03-09,4129699,TR1,2023,domestic_league,6890,589,Basaksehir FK,Antalyaspor,1,0
2024-03-09,4272767,RU1,2023,domestic_league,121,3725,FK Dinamo Moskva,RFK Akhmat Grozny,2,0
2024-03-09,4272769,RU1,2023,domestic_league,2698,49702,FC Rubin Kazan,FK Nizhny Novgorod,0,1
2024-03-09,4272770,RU1,2023,domestic_league,11127,964,Ural Yekaterinburg,AO FK Zenit Sankt-Peterburg,1,4
2024-03-09,4289338,SFA,2023,domestic_cup,370,2553,Aberdeen FC,Kilmarnock FC,3,1
2024-03-10,4090261,DK1,2023,domestic_league,190,369,FC Copenhagen,Lyngby Boldklub,4,0
2024-03-10,4090263,DK1,2023,domestic_league,1177,678,Silkeborg IF,Aarhus GF,0,1
2024-03-10,4090264,DK1,2023,domestic_league,1063,206,Viborg FF,Bröndby IF,1,2
2024-03-10,4090266,DK1,2023,domestic_league,443,173,Vejle Boldklub,Odense Boldklub,0,1
2024-03-10,4094794,FR1,2023,domestic_league,583,1421,Paris Saint-Germain,Stade Reims,2,2
2024-03-10,4094795,FR1,2023,domestic_league,667,162,RC Strasbourg Alsace,AS Monaco,0,1
2024-03-10,4094796,FR1,2023,domestic_league,244,995,Olympique Marseille,FC Nantes,2,0
2024-03-10,4094798,FR1,2023,domestic_league,1082,273,LOSC Lille,Stade Rennais FC,2,2
2024-03-10,4094801,FR1,2023,domestic_league,738,415,Le Havre AC,FC Toulouse,1,0
2024-03-10,4094802,FR1,2023,domestic_league,347,3524,FC Metz,Clermont Foot 63,1,0
2024-03-10,4095352,GB1,2023,domestic_league,405,148,Aston Villa,Tottenham Hotspur,0,4
2024-03-10,4095353,GB1,2023,domestic_league,1237,703,Brighton & Hove Albion,Nottingham Forest,1,0
2024-03-10,4095356,GB1,2023,domestic_league,31,281,Liverpool FC,Manchester City,1,1
2024-03-10,4095358,GB1,2023,domestic_league,379,1132,West Ham United,Burnley FC,2,2
2024-03-10,4096185,L1,2023,domestic_league,80,60,VfL Bochum,SC Freiburg,1,2
2024-03-10,4096186,L1,2023,domestic_league,15,82,Bayer 04 Leverkusen,VfL Wolfsburg,2,0
2024-03-10,4096189,L1,2023,domestic_league,24,533,Eintracht Frankfurt,TSG 1899 Hoffenheim,3,1
2024-03-10,4098138,NL1,2023,domestic_league,234,1304,Feyenoord Rotterdam,Heracles Almelo,3,0
2024-03-10,4098140,NL1,2023,domestic_league,1269,724,PEC Zwolle,FC Volendam,1,1
2024-03-10,4098141,NL1,2023,domestic_league,467,306,NEC Nijmegen,SC Heerenveen,2,0
2024-03-10,4098143,NL1,2023,domestic_league,610,385,Ajax Amsterdam,Fortuna Sittardia Combinatie,2,2
2024-03-10,4098145,NL1,2023,domestic_league,1090,798,AZ Alkmaar,Excelsior Rotterdam,4,0
2024-03-10,4098835,BE1,2023,domestic_league,2282,2727,Club Brugge KV,Oud-Heverlee Leuven,3,1
2024-03-10,4098836,BE1,2023,domestic_league,1184,3057,KRC Genk,Standard Liège,1,0
2024-03-10,4098839,BE1,2023,domestic_league,3948,157,Union Saint-Gilloise,KAA Gent,1,1
2024-03-10,4098842,BE1,2023,domestic_league,1245,475,KAS Eupen,Sint-Truidense VV,1,0
2024-03-10,4103744,IT1,2023,domestic_league,430,12,ACF Fiorentina,Associazione Sportiva Roma,2,2
2024-03-10,4103746,IT1,2023,domestic_league,506,800,Juventus FC,Atalanta BC,2,2
2024-03-10,4103748,IT1,2023,domestic_league,1005,276,US Lecce,Hellas Verona,0,1
2024-03-10,4103749,IT1,2023,domestic_league,5,749,AC Milan,FC Empoli,1,0
2024-03-10,4109466,PO1,2023,domestic_league,294,1465,SL Benfica,GD Estoril Praia,3,1
2024-03-10,4109467,PO1,2023,domestic_league,8024,336,FC Arouca,Sporting CP,0,3
2024-03-10,4112997,ES1,2023,domestic_league,150,1050,Real Betis Balompié,Villarreal CF,2,3
2024-03-10,4113000,ES1,2023,domestic_league,1108,367,Deportivo Alavés,Rayo Vallecano,1,0
2024-03-10,4113001,ES1,2023,domestic_league,472,621,UD Las Palmas,Athletic Bilbao,0,2
2024-03-10,4113003,ES1,2023,domestic_league,418,940,Real Madrid,Celta de Vigo,4,0
2024-03-10,4129693,TR1,2023,domestic_league,3205,7775,Kayserispor,Hatayspor,1,1
2024-03-10,4129694,TR1,2023,domestic_league,36,3209,Fenerbahce,Pendikspor,4,1
2024-03-10,4129695,TR1,2023,domestic_league,924,10484,Istanbulspor,Kasimpasa,1,2
2024-03-10,4129701,TR1,2023,domestic_league,152,868,Samsunspor,MKE Ankaragücü,2,1
2024-03-10,4272764,RU1,2023,domestic_league,232,1124,FK Spartak Moskva,Fakel Voronezh,0,2
2024-03-10,4272768,RU1,2023,domestic_league,932,41231,"Футбольный клуб ""Локомотив"" Москва",FK Sochi,2,2
2024-03-10,4272771,RU1,2023,domestic_league,14589,2741,FC Orenburg,FK Baltika,1,0
2024-03-10,4289336,SFA,2023,domestic_cup,903,124,Hibernian FC,Rangers FC,0,2
2024-03-10,4289337,SFA,2023,domestic_cup,371,1241,Celtic FC,Livingston FC,4,2
2024-03-11,4090265,DK1,2023,domestic_league,5724,865,Randers FC,FC Midtjylland,0,1
2024-03-11,4095354,GB1,2023,domestic_league,631,762,Chelsea FC,Newcastle United,3,2
2024-03-11,4103747,IT1,2023,domestic_league,398,410,Società Sportiva Lazio S.p.A.,Udinese Calcio,1,2
2024-03-11,4109473,PO1,2023,domestic_league,2424,3325,Gil Vicente FC,GD Chaves,0,0
2024-03-11,4112995,ES1,2023,domestic_league,3302,368,UD Almería,Sevilla FC,2,2
2024-03-11,4129700,TR1,2023,domestic_league,2832,114,Gaziantep FK,Beşiktaş Jimnastik Kulübü,2,0
2024-03-11,4289335,SFA,2023,domestic_cup,3026,43,Greenock Morton FC,Heart of Midlothian FC,0,1
2024-03-12,4120732,UKR1,2023,domestic_league,63007,60551,LNZ Cherkasy,SC Dnipro-1,1,1
2024-03-12,4120733,UKR1,2023,domestic_league,338,10690,Dynamo Kyiv,Zorya Lugansk,2,0
2024-03-12,4120735,UKR1,2023,domestic_league,660,61825,FC Shakhtar Donetsk,FC Minaj,2,0
2024-03-12,4222131,RUP,2023,domestic_cup,3719,16704,FC Khimki (-2025),FK Krasnodar,2,0
2024-03-12,4222134,RUP,2023,domestic_cup,2410,1083,PFK CSKA Moskva,FK Rostov,2,0
2024-03-12,4240125,DFB,2023,domestic_cup,1,18,1.FC Saarbrücken,Borussia Mönchengladbach,2,1
2024-03-12,4243696,CL,2023,international_cup,11,720,Arsenal FC,FC Porto,4,2
2024-03-12,4243697,CL,2023,international_cup,131,6195,FC Barcelona,SSC Napoli,3,1
2024-03-13,4095236,GB1,2023,domestic_league,989,1031,AFC Bournemouth,Luton Town,4,3
2024-03-13,4120957,SC1,2023,domestic_league,511,370,Dundee FC,Aberdeen FC,1,0
2024-03-13,4120961,SC1,2023,domestic_league,2759,903,Ross County FC,Hibernian FC,2,2
2024-03-13,4222130,RUP,2023,domestic_cup,59024,11127,Rodina Moscow,Ural Yekaterinburg,2,5
2024-03-13,4222132,RUP,2023,domestic_cup,6432,3725,Volgar Astrakhan,RFK Akhmat Grozny,1,2
2024-03-13,4222135,RUP,2023,domestic_cup,964,121,AO FK Zenit Sankt-Peterburg,FK Dinamo Moskva,2,0
2024-03-13,4243699,CL,2023,international_cup,13,46,Atlético de Madrid,Inter Milan,5,3
2024-03-13,4243700,CL,2023,international_cup,16,383,Borussia Dortmund,PSV Eindhoven,2,0
2024-03-14,4222133,RUP,2023,domestic_cup,3690,41231,SKA Khabarovsk,FK Sochi,5,3
2024-03-14,4222136,RUP,2023,domestic_cup,932,2741,"Футбольный клуб ""Локомотив"" Москва",FK Baltika,7,8
2024-03-14,4222137,RUP,2023,domestic_cup,232,14589,FK Spartak Moskva,FC Orenburg,3,1
2024-03-14,4295490,EL,2023,other,31,197,Liverpool FC,AC Sparta Prague,6,1
2024-03-14,4295491,EL,2023,other,1050,244,Villarreal CF,Olympique Marseille,3,1
2024-03-14,4295492,EL,2023,other,1237,12,Brighton & Hove Albion,Associazione Sportiva Roma,1,0
2024-03-14,4295493,EL,2023,other,124,294,Rangers FC,SL Benfica,0,1
2024-03-14,4295494,EL,2023,other,379,60,West Ham United,SC Freiburg,5,0
2024-03-14,4295495,EL,2023,other,800,336,Atalanta BC,Sporting CP,2,1
2024-03-14,4295496,EL,2023,other,62,5,SK Slavia Prague,AC Milan,1,3
2024-03-14,4295497,EL,2023,other,15,10625,Bayer 04 Leverkusen,Qarabağ FK,3,2
2024-03-14,4295569,UCOL,2023,other,941,61,FC Viktoria Plzen,Servette FC,3,1
2024-03-14,4295570,UCOL,2023,other,405,610,Aston Villa,Ajax Amsterdam,4,0
2024-03-14,4295571,UCOL,2023,other,2282,687,Club Brugge KV,Molde Fotballklubb,3,0
2024-03-14,4295572,UCOL,2023,other,36,3948,Fenerbahce,Union Saint-Gilloise,0,1
2024-03-14,4295573,UCOL,2023,other,1091,419,Panthessalonikios Athlitikos Omilos Konstantinoupoliton,GNK Dinamo Zagreb,5,1
2024-03-14,4295574,UCOL,2023,other,1082,122,LOSC Lille,Sportklub Puntigamer Sturm Graz,1,1
2024-03-14,4295575,UCOL,2023,other,430,1064,ACF Fiorentina,Maccabi Haifa,1,1
2024-03-14,4295576,UCOL,2023,other,119,683,Maccabi Tel Aviv,Olympiakos Syndesmos Filathlon Peiraios,1,6
2024-03-15,4094804,FR1,2023,domestic_league,415,1041,FC Toulouse,Olympique Lyon,2,3
2024-03-15,4096193,L1,2023,domestic_league,3,23826,1.FC Köln,RB Leipzig,1,5
2024-03-15,4098213,NL1,2023,domestic_league,1304,1435,Heracles Almelo,Go Ahead Eagles,2,0
2024-03-15,4103753,IT1,2023,domestic_league,749,1025,FC Empoli,Bologna Football Club 1909,0,1
2024-03-15,4109440,PO1,2023,domestic_league,1465,7378,GD Estoril Praia,Portimonense SC,1,0
2024-03-15,4112990,ES1,2023,domestic_league,681,2687,Real Sociedad,Cádiz CF,2,0
2024-03-15,4120731,UKR1,2023,domestic_league,18303,2740,FC Oleksandriya,Vorskla Poltava,1,0
2024-03-15,4129705,TR1,2023,domestic_league,6646,2293,Fatih Karagümrük,Konyaspor,1,1
2024-03-15,4129707,TR1,2023,domestic_league,3209,924,Pendikspor,Istanbulspor,1,0
2024-03-16,4094808,FR1,2023,domestic_league,826,417,RC Lens,OGC Nice,1,3
2024-03-16,4094809,FR1,2023,domestic_league,995,667,FC Nantes,RC Strasbourg Alsace,1,3
2024-03-16,4095362,GB1,2023,domestic_league,1132,1148,Burnley FC,Brentford FC,2,1
2024-03-16,4095365,GB1,2023,domestic_league,931,148,Fulham FC,Tottenham Hotspur,3,0
2024-03-16,4095366,GB1,2023,domestic_league,1031,703,Luton Town,Nottingham Forest,1,1
2024-03-16,4096192,L1,2023,domestic_league,105,27,SV Darmstadt 98,Bayern Munich,2,5
2024-03-16,4096196,L1,2023,domestic_league,2036,18,1. Fußballclub Heidenheim 1846,Borussia Mönchengladbach,1,1
2024-03-16,4096197,L1,2023,domestic_league,89,86,1.FC Union Berlin,SV Werder Bremen,2,1
2024-03-16,4096198,L1,2023,domestic_league,39,80,1.FSV Mainz 05,VfL Bochum,2,0
2024-03-16,4096199,L1,2023,domestic_league,82,167,VfL Wolfsburg,FC Augsburg,1,3
2024-03-16,4096200,L1,2023,domestic_league,533,79,TSG 1899 Hoffenheim,VfB Stuttgart,0,3
2024-03-16,4098209,NL1,2023,domestic_league,385,1269,Fortuna Sittardia Combinatie,PEC Zwolle,3,1
2024-03-16,4098210,NL1,2023,domestic_league,798,235,Excelsior Rotterdam,RKC Waalwijk,1,1
2024-03-16,4098212,NL1,2023,domestic_league,499,723,Vitesse Arnhem,Almere City FC,1,1
2024-03-16,4098843,BE1,2023,domestic_league,58,601,RSC Anderlecht,KV Kortrijk,0,1
2024-03-16,4098844,BE1,2023,domestic_league,3057,1245,Standard Liège,KAS Eupen,4,0
2024-03-16,4103754,IT1,2023,domestic_league,8970,398,Frosinone Calcio,Società Sportiva Lazio S.p.A.,2,3
2024-03-16,4103758,IT1,2023,domestic_league,2919,1390,AC Monza,Cagliari Calcio,1,0
2024-03-16,4103760,IT1,2023,domestic_league,380,1005,US Salernitana 1919,US Lecce,0,1
2024-03-16,4103761,IT1,2023,domestic_league,410,416,Udinese Calcio,Torino FC,0,2
2024-03-16,4109439,PO1,2023,domestic_league,1075,2424,SC Braga,Gil Vicente FC,2,1
2024-03-16,4109441,PO1,2023,domestic_league,4294,2425,SC Farense,Rio Ave FC,1,1
2024-03-16,4109443,PO1,2023,domestic_league,720,6912,FC Porto,FC Vizela,4,1
2024-03-16,4109446,PO1,2023,domestic_league,3329,2431,FC Famalicão,CF Estrela Amadora,0,0
2024-03-16,4112986,ES1,2023,domestic_league,3709,12321,Getafe CF,Girona FC,1,0
2024-03-16,4112987,ES1,2023,domestic_league,331,418,CA Osasuna,Real Madrid,2,4
2024-03-16,4112993,ES1,2023,domestic_league,237,16795,RCD Mallorca,Granada CF,1,0
2024-03-16,4112994,ES1,2023,domestic_league,621,1108,Athletic Bilbao,Deportivo Alavés,2,0
2024-03-16,4120728,UKR1,2023,domestic_league,39097,53646,Obolon Kyiv,FK Polissya Zhytomyr,1,0
2024-03-16,4120730,UKR1,2023,domestic_league,3592,48332,Kryvbas Kryvyi Rig,Kolos Kovalivka,1,0
2024-03-16,4120734,UKR1,2023,domestic_league,55686,48726,TOV FK Metalist 1925 Kharkiv,Rukh Lviv,1,4
2024-03-16,4121034,SC1,2023,domestic_league,371,2578,Celtic FC,St. Johnstone FC,3,1
2024-03-16,4121036,SC1,2023,domestic_league,903,1241,Hibernian FC,Livingston FC,3,0
2024-03-16,4121037,SC1,2023,domestic_league,2553,465,Kilmarnock FC,St. Mirren FC,5,2
2024-03-16,4121038,SC1,2023,domestic_league,987,370,Motherwell FC,Aberdeen FC,0,1
2024-03-16,4121039,SC1,2023,domestic_league,2759,43,Ross County FC,Heart of Midlothian FC,2,1
2024-03-16,4129704,TR1,2023,domestic_league,3840,2381,Adana Demirspor,Sivasspor,4,1
2024-03-16,4129706,TR1,2023,domestic_league,11282,3205,Alanyaspor,Kayserispor,1,0
2024-03-16,4129711,TR1,2023,domestic_league,868,6890,MKE Ankaragücü,Basaksehir FK,2,1
2024-03-16,4129712,TR1,2023,domestic_league,114,589,Beşiktaş Jimnastik Kulübü,Antalyaspor,1,2
2024-03-16,4300787,FAC,2023,domestic_cup,281,762,Manchester City,Newcastle United,2,0
2024-03-16,4300789,FAC,2023,domestic_cup,543,990,Wolverhampton Wanderers,Coventry City,2,3
2024-03-17,4090267,DK1,2023,domestic_league,678,1894,Aarhus GF,Hvidovre IF,1,0
2024-03-17,4090268,DK1,2023,domestic_league,206,1177,Bröndby IF,Silkeborg IF,4,1
2024-03-17,4090269,DK1,2023,domestic_league,865,443,FC Midtjylland,Vejle Boldklub,3,0
2024-03-17,4090270,DK1,2023,domestic_league,2778,5724,FC Nordsjaelland,Randers FC,1,1
2024-03-17,4090271,DK1,2023,domestic_league,369,1063,Lyngby Boldklub,Viborg FF,2,0
2024-03-17,4090272,DK1,2023,domestic_league,173,190,Odense Boldklub,FC Copenhagen,0,2
2024-03-17,4094803,FR1,2023,domestic_league,273,244,Stade Rennais FC,Olympique Marseille,2,0
2024-03-17,4094805,FR1,2023,domestic_league,162,1158,AS Monaco,FC Lorient,2,2
2024-03-17,4094806,FR1,2023,domestic_league,3524,738,Clermont Foot 63,Le Havre AC,2,1
2024-03-17,4094807,FR1,2023,domestic_league,1421,347,Stade Reims,FC Metz,2,1
2024-03-17,4094810,FR1,2023,domestic_league,969,583,Montpellier HSC,Paris Saint-Germain,2,6
2024-03-17,4094811,FR1,2023,domestic_league,3911,1082,Stade Brestois 29,LOSC Lille,1,1
2024-03-17,4095368,GB1,2023,domestic_league,379,405,West Ham United,Aston Villa,1,1
2024-03-17,4096194,L1,2023,domestic_league,60,15,SC Freiburg,Bayer 04 Leverkusen,2,3
2024-03-17,4096195,L1,2023,domestic_league,16,24,Borussia Dortmund,Eintracht Frankfurt,3,1
2024-03-17,4098211,NL1,2023,domestic_league,200,467,FC Utrecht,NEC Nijmegen,1,0
2024-03-17,4098214,NL1,2023,domestic_league,306,234,SC Heerenveen,Feyenoord Rotterdam,2,3
2024-03-17,4098215,NL1,2023,domestic_league,383,317,PSV Eindhoven,FC Twente Enschede,1,0
2024-03-17,4098216,NL1,2023,domestic_league,724,1090,FC Volendam,AZ Alkmaar,0,4
2024-03-17,4098217,NL1,2023,domestic_league,468,610,Sparta Rotterdam,Ajax Amsterdam,2,2
2024-03-17,4098845,BE1,2023,domestic_league,157,172,KAA Gent,Royal Charleroi Sporting Club,5,0
2024-03-17,4098846,BE1,2023,domestic_league,1096,3948,Royal Antwerp FC,Union Saint-Gilloise,1,1
2024-03-17,4098847,BE1,2023,domestic_league,2727,354,Oud-Heverlee Leuven,KV Mechelen,1,0
2024-03-17,4098848,BE1,2023,domestic_league,520,54189,Cercle Brugge,RWD Molenbeek,4,0
2024-03-17,4098849,BE1,2023,domestic_league,475,2282,Sint-Truidense VV,Club Brugge KV,2,1
2024-03-17,4098850,BE1,2023,domestic_league,968,1184,KVC Westerlo,KRC Genk,1,1
2024-03-17,4103755,IT1,2023,domestic_league,276,5,Hellas Verona,AC Milan,1,3
2024-03-17,4103756,IT1,2023,domestic_league,46,6195,Inter Milan,SSC Napoli,1,1
2024-03-17,4103757,IT1,2023,domestic_league,506,252,Juventus FC,Genoa CFC,0,0
2024-03-17,4103759,IT1,2023,domestic_league,12,6574,Associazione Sportiva Roma,US Sassuolo,1,0
2024-03-17,4109438,PO1,2023,domestic_league,3325,2420,GD Chaves,Vitória Guimarães SC,1,2
2024-03-17,4109442,PO1,2023,domestic_league,336,2503,Sporting CP,Boavista FC,6,1
2024-03-17,4109444,PO1,2023,domestic_league,979,8024,Moreirense FC,FC Arouca,1,0
2024-03-17,4109445,PO1,2023,domestic_league,3268,294,Casa Pia AC,SL Benfica,0,1
2024-03-17,4112985,ES1,2023,domestic_league,13,131,Atlético de Madrid,FC Barcelona,0,3
2024-03-17,4112988,ES1,2023,domestic_league,472,3302,UD Las Palmas,UD Almería,0,1
2024-03-17,4112989,ES1,2023,domestic_league,367,150,Rayo Vallecano,Real Betis Balompié,2,0
2024-03-17,4112991,ES1,2023,domestic_league,368,940,Sevilla FC,Celta de Vigo,1,2
2024-03-17,4112992,ES1,2023,domestic_league,1050,1049,Villarreal CF,Valencia CF,1,0
2024-03-17,4120729,UKR1,2023,domestic_league,6992,26459,Chornomorets Odesa,NK Veres Rivne,0,1
2024-03-17,4129703,TR1,2023,domestic_league,449,36,Trabzonspor,Fenerbahce,2,3
2024-03-17,4129708,TR1,2023,domestic_league,10484,141,Kasimpasa,Galatasaray,3,4
2024-03-17,4129709,TR1,2023,domestic_league,7775,152,Hatayspor,Samsunspor,3,0
2024-03-17,4129710,TR1,2023,domestic_league,126,2832,Caykur Rizespor,Gaziantep FK,3,1
2024-03-17,4300786,FAC,2023,domestic_cup,631,1003,Chelsea FC,Leicester City,4,2
2024-03-17,4300788,FAC,2023,domestic_cup,985,31,Manchester United,Liverpool FC,4,3
2024-03-23,4120697,UKR1,2023,domestic_league,63007,61825,LNZ Cherkasy,FC Minaj,1,2
2024-03-29,4094815,FR1,2023,domestic_league,1082,826,LOSC Lille,RC Lens,2,1
2024-03-29,4109458,PO1,2023,domestic_league,2431,336,CF Estrela Amadora,Sporting CP,1,2
2024-03-29,4109463,PO1,2023,domestic_league,2424,3329,Gil Vicente FC,FC Famalicão,1,2
2024-03-29,4109464,PO1,2023,domestic_league,294,3325,SL Benfica,GD Chaves,1,0
2024-03-29,4112977,ES1,2023,domestic_league,2687,16795,Cádiz CF,Granada CF,1,0
2024-03-29,4240388,DKP,2023,domestic_cup,1177,5776,Silkeborg IF,FC Fredericia,6,1
2024-03-29,4240389,DKP,2023,domestic_cup,2778,678,FC Nordsjaelland,Aarhus GF,2,3
2024-03-29,4272782,RU1,2023,domestic_league,121,1083,FK Dinamo Moskva,FK Rostov,1,4
2024-03-30,4094816,FR1,2023,domestic_league,1041,1421,Olympique Lyon,Stade Reims,1,1
2024-03-30,4094820,FR1,2023,domestic_league,347,162,FC Metz,AS Monaco,2,5
2024-03-30,4095370,GB1,2023,domestic_league,989,29,AFC Bournemouth,Everton FC,2,1
2024-03-30,4095371,GB1,2023,domestic_league,405,543,Aston Villa,Wolverhampton Wanderers,2,0
2024-03-30,4095372,GB1,2023,domestic_league,1148,985,Brentford FC,Manchester United,1,1
2024-03-30,4095373,GB1,2023,domestic_league,631,1132,Chelsea FC,Burnley FC,2,2
2024-03-30,4095376,GB1,2023,domestic_league,762,379,Newcastle United,West Ham United,4,3
2024-03-30,4095377,GB1,2023,domestic_league,703,873,Nottingham Forest,Crystal Palace,1,1
2024-03-30,4095378,GB1,2023,domestic_league,350,931,Sheffield United,Fulham FC,3,3
2024-03-30,4095379,GB1,2023,domestic_league,148,1031,Tottenham Hotspur,Luton Town,2,1
2024-03-30,4096201,L1,2023,domestic_league,27,16,Bayern Munich,Borussia Dortmund,0,2
2024-03-30,4096202,L1,2023,domestic_league,24,89,Eintracht Frankfurt,1.FC Union Berlin,0,0
2024-03-30,4096203,L1,2023,domestic_league,18,60,Borussia Mönchengladbach,SC Freiburg,0,3
2024-03-30,4096204,L1,2023,domestic_league,86,82,SV Werder Bremen,VfL Wolfsburg,0,2
2024-03-30,4096205,L1,2023,domestic_league,23826,39,RB Leipzig,1.FSV Mainz 05,0,0
2024-03-30,4096207,L1,2023,domestic_league,15,533,Bayer 04 Leverkusen,TSG 1899 Hoffenheim,2,1
2024-03-30,4098174,NL1,2023,domestic_league,1435,798,Go Ahead Eagles,Excelsior Rotterdam,3,0
2024-03-30,4098176,NL1,2023,domestic_league,1090,499,AZ Alkmaar,Vitesse Arnhem,2,0
2024-03-30,4098177,NL1,2023,domestic_league,235,306,RKC Waalwijk,SC Heerenveen,1,1
2024-03-30,4098179,NL1,2023,domestic_league,467,383,NEC Nijmegen,PSV Eindhoven,3,1
2024-03-30,4098181,NL1,2023,domestic_league,468,385,Sparta Rotterdam,Fortuna Sittardia Combinatie,4,0
2024-03-30,4103764,IT1,2023,domestic_league,430,5,ACF Fiorentina,AC Milan,1,2
2024-03-30,4103765,IT1,2023,domestic_league,252,8970,Genoa CFC,Frosinone Calcio,1,1
2024-03-30,4103767,IT1,2023,domestic_league,398,506,Società Sportiva Lazio S.p.A.,Juventus FC,1,0
2024-03-30,4103769,IT1,2023,domestic_league,6195,800,SSC Napoli,Atalanta BC,0,3
2024-03-30,4103771,IT1,2023,domestic_league,416,2919,Torino FC,AC Monza,1,0
2024-03-30,4109456,PO1,2023,domestic_league,2503,2425,Boavista FC,Rio Ave FC,0,0
2024-03-30,4109457,PO1,2023,domestic_league,1465,720,GD Estoril Praia,FC Porto,1,0
2024-03-30,4109459,PO1,2023,domestic_league,2420,979,Vitória Guimarães SC,Moreirense FC,1,0
2024-03-30,4109460,PO1,2023,domestic_league,8024,4294,FC Arouca,SC Farense,2,1
2024-03-30,4112975,ES1,2023,domestic_league,3302,331,UD Almería,CA Osasuna,0,3
2024-03-30,4112976,ES1,2023,domestic_league,131,472,FC Barcelona,UD Las Palmas,1,0
2024-03-30,4112979,ES1,2023,domestic_league,3709,368,Getafe CF,Sevilla FC,0,1
2024-03-30,4112984,ES1,2023,domestic_league,1049,237,Valencia CF,RCD Mallorca,0,0
2024-03-30,4120736,UKR1,2023,domestic_league,53646,6992,FK Polissya Zhytomyr,Chornomorets Odesa,1,4
2024-03-30,4120737,UKR1,2023,domestic_league,26459,3592,NK Veres Rivne,Kryvbas Kryvyi Rig,0,2
2024-03-30,4120743,UKR1,2023,domestic_league,39097,660,Obolon Kyiv,FC Shakhtar Donetsk,0,3
2024-03-30,4121010,SC1,2023,domestic_league,370,2759,Aberdeen FC,Ross County FC,2,1
2024-03-30,4121011,SC1,2023,domestic_league,43,2553,Heart of Midlothian FC,Kilmarnock FC,1,1
2024-03-30,4121013,SC1,2023,domestic_league,987,465,Motherwell FC,St. Mirren FC,1,1
2024-03-30,4121014,SC1,2023,domestic_league,124,903,Rangers FC,Hibernian FC,3,1
2024-03-30,4121015,SC1,2023,domestic_league,2578,511,St. Johnstone FC,Dundee FC,1,2
2024-03-30,4272780,RU1,2023,domestic_league,232,11127,FK Spartak Moskva,Ural Yekaterinburg,0,0
2024-03-30,4272781,RU1,2023,domestic_league,2696,964,PFK Krylya Sovetov Samara,AO FK Zenit Sankt-Peterburg,1,1
2024-03-30,4272784,RU1,2023,domestic_league,41231,2410,FK Sochi,PFK CSKA Moskva,2,2
2024-03-30,4272786,RU1,2023,domestic_league,2741,49702,FK Baltika,FK Nizhny Novgorod,2,0
2024-03-31,4094812,FR1,2023,domestic_league,667,273,RC Strasbourg Alsace,Stade Rennais FC,2,0
2024-03-31,4094813,FR1,2023,domestic_league,244,583,Olympique Marseille,Paris Saint-Germain,0,2
2024-03-31,4094814,FR1,2023,domestic_league,1158,3911,FC Lorient,Stade Brestois 29,0,1
2024-03-31,4094817,FR1,2023,domestic_league,417,995,OGC Nice,FC Nantes,1,2
2024-03-31,4094818,FR1,2023,domestic_league,3524,415,Clermont Foot 63,FC Toulouse,0,3
2024-03-31,4094819,FR1,2023,domestic_league,738,969,Le Havre AC,Montpellier HSC,0,2
2024-03-31,4095374,GB1,2023,domestic_league,31,1237,Liverpool FC,Brighton & Hove Albion,2,1
2024-03-31,4095375,GB1,2023,domestic_league,281,11,Manchester City,Arsenal FC,0,0
2024-03-31,4096206,L1,2023,domestic_league,167,3,FC Augsburg,1.FC Köln,1,1
2024-03-31,4096208,L1,2023,domestic_league,79,2036,VfB Stuttgart,1. Fußballclub Heidenheim 1846,3,3
2024-03-31,4096209,L1,2023,domestic_league,80,105,VfL Bochum,SV Darmstadt 98,2,2
2024-03-31,4098173,NL1,2023,domestic_league,234,200,Feyenoord Rotterdam,FC Utrecht,4,2
2024-03-31,4098175,NL1,2023,domestic_league,723,724,Almere City FC,FC Volendam,1,1
2024-03-31,4098178,NL1,2023,domestic_league,1269,610,PEC Zwolle,Ajax Amsterdam,1,3
2024-03-31,4098180,NL1,2023,domestic_league,317,1304,FC Twente Enschede,Heracles Almelo,1,0
2024-03-31,4109462,PO1,2023,domestic_league,6912,3268,FC Vizela,Casa Pia AC,0,4
2024-03-31,4112978,ES1,2023,domestic_league,940,367,Celta de Vigo,Rayo Vallecano,0,0
2024-03-31,4112980,ES1,2023,domestic_league,1108,681,Deportivo Alavés,Real Sociedad,0,1
2024-03-31,4112981,ES1,2023,domestic_league,418,621,Real Madrid,Athletic Bilbao,2,0
2024-03-31,4112983,ES1,2023,domestic_league,12321,150,Girona FC,Real Betis Balompié,3,2
2024-03-31,4120738,UKR1,2023,domestic_league,61825,18303,FC Minaj,FC Oleksandriya,2,2
2024-03-31,4120739,UKR1,2023,domestic_league,48332,60551,Kolos Kovalivka,SC Dnipro-1,0,2
2024-03-31,4120740,UKR1,2023,domestic_league,10690,55686,Zorya Lugansk,TOV FK Metalist 1925 Kharkiv,2,1
2024-03-31,4120741,UKR1,2023,domestic_league,2740,338,Vorskla Poltava,Dynamo Kyiv,1,5
2024-03-31,4121012,SC1,2023,domestic_league,1241,371,Livingston FC,Celtic FC,0,3
2024-03-31,4272783,RU1,2023,domestic_league,932,16704,"Футбольный клуб ""Локомотив"" Москва",FK Krasnodar,1,1
2024-03-31,4272785,RU1,2023,domestic_league,2698,3725,FC Rubin Kazan,RFK Akhmat Grozny,2,1
2024-03-31,4272787,RU1,2023,domestic_league,1124,14589,Fakel Voronezh,FC Orenburg,0,0
2024-04-01,4103762,IT1,2023,domestic_league,1025,380,Bologna Football Club 1909,US Salernitana 1919,3,0
2024-04-01,4103763,IT1,2023,domestic_league,1390,276,Cagliari Calcio,Hellas Verona,1,1
2024-04-01,4103766,IT1,2023,domestic_league,46,749,Inter Milan,FC Empoli,2,0
2024-04-01,4103768,IT1,2023,domestic_league,1005,12,US Lecce,Associazione Sportiva Roma,0,0
2024-04-01,4103770,IT1,2023,domestic_league,6574,410,US Sassuolo,Udinese Calcio,1,1
2024-04-01,4109461,PO1,2023,domestic_league,7378,1075,Portimonense SC,SC Braga,3,5
2024-04-01,4112982,ES1,2023,domestic_league,1050,13,Villarreal CF,Atlético de Madrid,1,2
2024-04-01,4120742,UKR1,2023,domestic_league,48726,63007,Rukh Lviv,LNZ Cherkasy,1,0
2024-04-02,4095380,GB1,2023,domestic_league,989,873,AFC Bournemouth,Crystal Palace,1,0
2024-04-02,4095383,GB1,2023,domestic_league,1132,543,Burnley FC,Wolverhampton Wanderers,1,1
2024-04-02,4095384,GB1,2023,domestic_league,703,931,Nottingham Forest,Fulham FC,3,1
2024-04-02,4095385,GB1,2023,domestic_league,379,148,West Ham United,Tottenham Hotspur,1,1
2024-04-02,4095387,GB1,2023,domestic_league,762,29,Newcastle United,Everton FC,1,1
2024-04-02,4098121,NL1,2023,domestic_league,798,383,Excelsior Rotterdam,PSV Eindhoven,0,2
2024-04-02,4098126,NL1,2023,domestic_league,499,468,Vitesse Arnhem,Sparta Rotterdam,1,4
2024-04-02,4098127,NL1,2023,domestic_league,385,467,Fortuna Sittardia Combinatie,NEC Nijmegen,1,1
2024-04-02,4129713,TR1,2023,domestic_league,141,7775,Galatasaray,Hatayspor,1,0
2024-04-02,4129716,TR1,2023,domestic_league,2832,11282,Gaziantep FK,Alanyaspor,0,3
2024-04-02,4129721,TR1,2023,domestic_league,589,868,Antalyaspor,MKE Ankaragücü,1,1
2024-04-02,4129722,TR1,2023,domestic_league,924,126,Istanbulspor,Caykur Rizespor,0,4
2024-04-02,4261021,CIT,2023,domestic_cup,506,398,Juventus FC,Società Sportiva Lazio S.p.A.,2,0
2024-04-02,4311215,DFB,2023,domestic_cup,1,2,1.FC Saarbrücken,1.FC Kaiserslautern,0,2
2024-04-02,4311998,RUP,2023,domestic_cup,3690,121,SKA Khabarovsk,FK Dinamo Moskva,1,2
2024-04-02,4311999,RUP,2023,domestic_cup,3719,1083,FC Khimki (-2025),FK Rostov,6,7
2024-04-03,4095381,GB1,2023,domestic_league,11,1031,Arsenal FC,Luton Town,2,0
2024-04-03,4095382,GB1,2023,domestic_league,1148,1237,Brentford FC,Brighton & Hove Albion,0,0
2024-04-03,4095389,GB1,2023,domestic_league,281,405,Manchester City,Aston Villa,4,1
2024-04-03,4098122,NL1,2023,domestic_league,306,317,SC Heerenveen,FC Twente Enschede,3,3
2024-04-03,4098123,NL1,2023,domestic_league,200,1269,FC Utrecht,PEC Zwolle,5,1
2024-04-03,4098125,NL1,2023,domestic_league,1304,1090,Heracles Almelo,AZ Alkmaar,5,0
2024-04-03,4129715,TR1,2023,domestic_league,3205,10484,Kayserispor,Kasimpasa,0,2
2024-04-03,4129717,TR1,2023,domestic_league,36,3840,Fenerbahce,Adana Demirspor,4,2
2024-04-03,4129718,TR1,2023,domestic_league,2381,6646,Sivasspor,Fatih Karagümrük,1,0
2024-04-03,4129719,TR1,2023,domestic_league,2293,449,Konyaspor,Trabzonspor,1,3
2024-04-03,4260403,CIT,2023,domestic_cup,430,800,ACF Fiorentina,Atalanta BC,1,0
2024-04-03,4277312,UKRP,2023,domestic_cup,660,6992,FC Shakhtar Donetsk,Chornomorets Odesa,4,1
2024-04-03,4285967,DFB,2023,domestic_cup,15,38,Bayer 04 Leverkusen,Fortuna Düsseldorf,4,0
2024-04-03,4311997,RUP,2023,domestic_cup,11127,932,Ural Yekaterinburg,"Футбольный клуб ""Локомотив"" Москва",1,0
2024-04-03,4312000,RUP,2023,domestic_cup,232,964,FK Spartak Moskva,AO FK Zenit Sankt-Peterburg,1,2
2024-04-03,4312002,RUP,2023,domestic_cup,2741,2410,FK Baltika,PFK CSKA Moskva,0,1
2024-04-04,4095386,GB1,2023,domestic_league,631,985,Chelsea FC,Manchester United,4,3
2024-04-04,4095388,GB1,2023,domestic_league,31,350,Liverpool FC,Sheffield United,3,1
2024-04-04,4098119,NL1,2023,domestic_league,724,234,FC Volendam,Feyenoord Rotterdam,0,0
2024-04-04,4098120,NL1,2023,domestic_league,235,723,RKC Waalwijk,Almere City FC,0,0
2024-04-04,4098124,NL1,2023,domestic_league,610,1435,Ajax Amsterdam,Go Ahead Eagles,1,1
2024-04-04,4113031,ES1,2023,domestic_league,16795,1049,Granada CF,Valencia CF,0,1
2024-04-04,4120613,UKR1,2023,domestic_league,10690,338,Zorya Lugansk,Dynamo Kyiv,0,3
2024-04-04,4129714,TR1,2023,domestic_league,152,3209,Samsunspor,Pendikspor,0,0
2024-04-04,4129720,TR1,2023,domestic_league,6890,114,Basaksehir FK,Beşiktaş Jimnastik Kulübü,1,1
2024-04-04,4277313,UKRP,2023,domestic_cup,53646,2740,FK Polissya Zhytomyr,Vorskla Poltava,0,1
2024-04-04,4311996,RUP,2023,domestic_cup,3725,14589,RFK Akhmat Grozny,FC Orenburg,0,1
2024-04-05,4094824,FR1,2023,domestic_league,1082,244,LOSC Lille,Olympique Marseille,3,1
2024-04-05,4096214,L1,2023,domestic_league,24,86,Eintracht Frankfurt,SV Werder Bremen,1,1
2024-04-05,4103780,IT1,2023,domestic_league,380,6574,US Salernitana 1919,US Sassuolo,2,2
2024-04-05,4109563,PO1,2023,domestic_league,4294,2503,SC Farense,Boavista FC,2,0
2024-04-06,4094821,FR1,2023,domestic_league,583,3524,Paris Saint-Germain,Clermont Foot 63,1,1
2024-04-06,4094826,FR1,2023,domestic_league,826,738,RC Lens,Le Havre AC,1,1
2024-04-06,4095390,GB1,2023,domestic_league,405,1148,Aston Villa,Brentford FC,3,3
2024-04-06,4095391,GB1,2023,domestic_league,1237,11,Brighton & Hove Albion,Arsenal FC,0,3
2024-04-06,4095392,GB1,2023,domestic_league,873,281,Crystal Palace,Manchester City,2,4
2024-04-06,4095393,GB1,2023,domestic_league,29,1132,Everton FC,Burnley FC,1,0
2024-04-06,4095394,GB1,2023,domestic_league,931,762,Fulham FC,Newcastle United,0,1
2024-04-06,4095395,GB1,2023,domestic_league,1031,989,Luton Town,AFC Bournemouth,2,1
2024-04-06,4095399,GB1,2023,domestic_league,543,379,Wolverhampton Wanderers,West Ham United,1,2
2024-04-06,4096210,L1,2023,domestic_league,2036,27,1. Fußballclub Heidenheim 1846,Bayern Munich,3,2
2024-04-06,4096211,L1,2023,domestic_league,60,23826,SC Freiburg,RB Leipzig,1,4
2024-04-06,4096212,L1,2023,domestic_league,89,15,1.FC Union Berlin,Bayer 04 Leverkusen,0,1
2024-04-06,4096215,L1,2023,domestic_league,3,80,1.FC Köln,VfL Bochum,2,1
2024-04-06,4096217,L1,2023,domestic_league,16,79,Borussia Dortmund,VfB Stuttgart,0,1
2024-04-06,4096218,L1,2023,domestic_league,39,105,1.FSV Mainz 05,SV Darmstadt 98,4,0
2024-04-06,4098131,NL1,2023,domestic_league,1269,798,PEC Zwolle,Excelsior Rotterdam,2,1
2024-04-06,4098132,NL1,2023,domestic_league,383,1090,PSV Eindhoven,AZ Alkmaar,5,1
2024-04-06,4098135,NL1,2023,domestic_league,317,385,FC Twente Enschede,Fortuna Sittardia Combinatie,2,0
2024-04-06,4098136,NL1,2023,domestic_league,468,1304,Sparta Rotterdam,Heracles Almelo,1,2
2024-04-06,4103773,IT1,2023,domestic_league,749,416,FC Empoli,Torino FC,3,2
2024-04-06,4103777,IT1,2023,domestic_league,5,1005,AC Milan,US Lecce,3,0
2024-04-06,4103779,IT1,2023,domestic_league,12,398,Associazione Sportiva Roma,Società Sportiva Lazio S.p.A.,1,0
2024-04-06,4109556,PO1,2023,domestic_league,3329,6912,FC Famalicão,FC Vizela,3,2
2024-04-06,4109559,PO1,2023,domestic_league,2425,2424,Rio Ave FC,Gil Vicente FC,3,0
2024-04-06,4109560,PO1,2023,domestic_league,336,294,Sporting CP,SL Benfica,2,1
2024-04-06,4109562,PO1,2023,domestic_league,1075,8024,SC Braga,FC Arouca,0,3
2024-04-06,4120744,UKR1,2023,domestic_league,26459,39097,NK Veres Rivne,Obolon Kyiv,3,0
2024-04-06,4121016,SC1,2023,domestic_league,511,987,Dundee FC,Motherwell FC,2,3
2024-04-06,4121017,SC1,2023,domestic_league,903,2578,Hibernian FC,St. Johnstone FC,1,2
2024-04-06,4121018,SC1,2023,domestic_league,2553,2759,Kilmarnock FC,Ross County FC,1,0
2024-04-06,4121019,SC1,2023,domestic_league,1241,370,Livingston FC,Aberdeen FC,0,0
2024-04-06,4121021,SC1,2023,domestic_league,465,43,St. Mirren FC,Heart of Midlothian FC,1,2
2024-04-06,4272789,RU1,2023,domestic_league,1083,41231,FK Rostov,FK Sochi,2,2
2024-04-06,4272791,RU1,2023,domestic_league,11127,2696,Ural Yekaterinburg,PFK Krylya Sovetov Samara,1,2
2024-04-06,4272794,RU1,2023,domestic_league,49702,16704,FK Nizhny Novgorod,FK Krasnodar,3,4
2024-04-06,4308543,CDR,2023,domestic_cup,621,237,Athletic Bilbao,RCD Mallorca,5,3
2024-04-07,4094822,FR1,2023,domestic_league,415,667,FC Toulouse,RC Strasbourg Alsace,0,0
2024-04-07,4094823,FR1,2023,domestic_league,162,273,AS Monaco,Stade Rennais FC,1,0
2024-04-07,4094825,FR1,2023,domestic_league,1421,417,Stade Reims,OGC Nice,0,0
2024-04-07,4094827,FR1,2023,domestic_league,995,1041,FC Nantes,Olympique Lyon,1,3
2024-04-07,4094828,FR1,2023,domestic_league,969,1158,Montpellier HSC,FC Lorient,2,0
2024-04-07,4094829,FR1,2023,domestic_league,3911,347,Stade Brestois 29,FC Metz,4,3
2024-04-07,4095396,GB1,2023,domestic_league,985,31,Manchester United,Liverpool FC,2,2
2024-04-07,4095397,GB1,2023,domestic_league,350,631,Sheffield United,Chelsea FC,2,2
2024-04-07,4095398,GB1,2023,domestic_league,148,703,Tottenham Hotspur,Nottingham Forest,3,1
2024-04-07,4096213,L1,2023,domestic_league,82,18,VfL Wolfsburg,Borussia Mönchengladbach,1,3
2024-04-07,4096216,L1,2023,domestic_league,533,167,TSG 1899 Hoffenheim,FC Augsburg,3,1
2024-04-07,4098128,NL1,2023,domestic_league,234,610,Feyenoord Rotterdam,Ajax Amsterdam,6,0
2024-04-07,4098129,NL1,2023,domestic_league,724,235,FC Volendam,RKC Waalwijk,3,2
2024-04-07,4098130,NL1,2023,domestic_league,306,200,SC Heerenveen,FC Utrecht,2,3
2024-04-07,4098133,NL1,2023,domestic_league,499,467,Vitesse Arnhem,NEC Nijmegen,0,3
2024-04-07,4098134,NL1,2023,domestic_league,1435,723,Go Ahead Eagles,Almere City FC,1,1
2024-04-07,4103772,IT1,2023,domestic_league,1390,800,Cagliari Calcio,Atalanta BC,2,1
2024-04-07,4103774,IT1,2023,domestic_league,8970,1025,Frosinone Calcio,Bologna Football Club 1909,0,0
2024-04-07,4103775,IT1,2023,domestic_league,276,252,Hellas Verona,Genoa CFC,1,2
2024-04-07,4103776,IT1,2023,domestic_league,506,430,Juventus FC,ACF Fiorentina,1,0
2024-04-07,4103778,IT1,2023,domestic_league,2919,6195,AC Monza,SSC Napoli,2,4
2024-04-07,4109555,PO1,2023,domestic_league,3325,7378,GD Chaves,Portimonense SC,2,3
2024-04-07,4109558,PO1,2023,domestic_league,979,2431,Moreirense FC,CF Estrela Amadora,2,2
2024-04-07,4109561,PO1,2023,domestic_league,720,2420,FC Porto,Vitória Guimarães SC,1,2
2024-04-07,4120745,UKR1,2023,domestic_league,48332,55686,Kolos Kovalivka,TOV FK Metalist 1925 Kharkiv,1,1
2024-04-07,4120747,UKR1,2023,domestic_league,6992,18303,Chornomorets Odesa,FC Oleksandriya,3,2
2024-04-07,4120751,UKR1,2023,domestic_league,660,48726,FC Shakhtar Donetsk,Rukh Lviv,3,1
2024-04-07,4121020,SC1,2023,domestic_league,124,371,Rangers FC,Celtic FC,3,3
2024-04-07,4272788,RU1,2023,domestic_league,964,2741,AO FK Zenit Sankt-Peterburg,FK Baltika,1,0
2024-04-07,4272790,RU1,2023,domestic_league,2410,1124,PFK CSKA Moskva,Fakel Voronezh,4,1
2024-04-07,4272792,RU1,2023,domestic_league,121,232,FK Dinamo Moskva,FK Spartak Moskva,1,2
2024-04-07,4272793,RU1,2023,domestic_league,3725,932,RFK Akhmat Grozny,"Футбольный клуб ""Локомотив"" Москва",0,2
2024-04-08,4103781,IT1,2023,domestic_league,410,46,Udinese Calcio,Inter Milan,1,2
2024-04-08,4109557,PO1,2023,domestic_league,3268,1465,Casa Pia AC,GD Estoril Praia,0,0
2024-04-08,4120746,UKR1,2023,domestic_league,61825,53646,FC Minaj,FK Polissya Zhytomyr,2,3
2024-04-08,4120748,UKR1,2023,domestic_league,3592,2740,Kryvbas Kryvyi Rig,Vorskla Poltava,1,1
2024-04-08,4120750,UKR1,2023,domestic_league,338,63007,Dynamo Kyiv,LNZ Cherkasy,1,1
2024-04-08,4272795,RU1,2023,domestic_league,14589,2698,FC Orenburg,FC Rubin Kazan,3,0
2024-04-09,4120749,UKR1,2023,domestic_league,60551,10690,SC Dnipro-1,Zorya Lugansk,2,2
2024-04-09,4312021,CL,2023,international_cup,11,27,Arsenal FC,Bayern Munich,2,2
2024-04-09,4312023,CL,2023,international_cup,418,281,Real Madrid,Manchester City,3,3
2024-04-10,4312022,CL,2023,international_cup,13,16,Atlético de Madrid,Borussia Dortmund,2,1
2024-04-10,4312024,CL,2023,international_cup,583,131,Paris Saint-Germain,FC Barcelona,2,3
2024-04-11,4240390,DKP,2023,domestic_cup,5776,1177,FC Fredericia,Silkeborg IF,2,0
2024-04-11,4240391,DKP,2023,domestic_cup,678,2778,Aarhus GF,FC Nordsjaelland,1,0
2024-04-11,4312039,EL,2023,other,5,12,AC Milan,Associazione Sportiva Roma,0,1
2024-04-11,4312040,EL,2023,other,31,800,Liverpool FC,Atalanta BC,0,3
2024-04-11,4312041,EL,2023,other,15,379,Bayer 04 Leverkusen,West Ham United,2,0
2024-04-11,4312042,EL,2023,other,294,244,SL Benfica,Olympique Marseille,2,1
2024-04-11,4312072,UCOL,2023,other,941,430,FC Viktoria Plzen,ACF Fiorentina,0,0
2024-04-11,4312073,UCOL,2023,other,2282,1091,Club Brugge KV,Panthessalonikios Athlitikos Omilos Konstantinoupoliton,1,0
2024-04-11,4312074,UCOL,2023,other,683,36,Olympiakos Syndesmos Filathlon Peiraios,Fenerbahce,3,2
2024-04-11,4312075,UCOL,2023,other,405,1082,Aston Villa,LOSC Lille,2,1
2024-04-12,4094838,FR1,2023,domestic_league,347,826,FC Metz,RC Lens,2,1
2024-04-12,4096220,L1,2023,domestic_league,167,89,FC Augsburg,1.FC Union Berlin,2,0
2024-04-12,4098146,NL1,2023,domestic_league,798,724,Excelsior Rotterdam,FC Volendam,4,0
2024-04-12,4103786,IT1,2023,domestic_league,398,380,Società Sportiva Lazio S.p.A.,US Salernitana 1919,4,1
2024-04-12,4109538,PO1,2023,domestic_league,2424,336,Gil Vicente FC,Sporting CP,0,4
2024-04-12,4113017,ES1,2023,domestic_league,150,940,Real Betis Balompié,Celta de Vigo,2,1
2024-04-12,4129731,TR1,2023,domestic_league,449,2381,Trabzonspor,Sivasspor,0,1
2024-04-13,4094830,FR1,2023,domestic_league,667,1421,RC Strasbourg Alsace,Stade Reims,3,1
2024-04-13,4094831,FR1,2023,domestic_league,273,415,Stade Rennais FC,FC Toulouse,1,2
2024-04-13,4095400,GB1,2023,domestic_league,989,985,AFC Bournemouth,Manchester United,2,2
2024-04-13,4095402,GB1,2023,domestic_league,1148,350,Brentford FC,Sheffield United,2,0
2024-04-13,4095403,GB1,2023,domestic_league,1132,1237,Burnley FC,Brighton & Hove Albion,1,1
2024-04-13,4095406,GB1,2023,domestic_league,281,1031,Manchester City,Luton Town,5,1
2024-04-13,4095407,GB1,2023,domestic_league,762,148,Newcastle United,Tottenham Hotspur,4,0
2024-04-13,4095408,GB1,2023,domestic_league,703,543,Nottingham Forest,Wolverhampton Wanderers,2,2
2024-04-13,4096219,L1,2023,domestic_league,18,16,Borussia Mönchengladbach,Borussia Dortmund,1,2
2024-04-13,4096222,L1,2023,domestic_league,79,24,VfB Stuttgart,Eintracht Frankfurt,3,0
2024-04-13,4096223,L1,2023,domestic_league,23826,82,RB Leipzig,VfL Wolfsburg,3,0
2024-04-13,4096224,L1,2023,domestic_league,27,3,Bayern Munich,1.FC Köln,2,0
2024-04-13,4096225,L1,2023,domestic_league,39,533,1.FSV Mainz 05,TSG 1899 Hoffenheim,4,1
2024-04-13,4096227,L1,2023,domestic_league,80,2036,VfL Bochum,1. Fußballclub Heidenheim 1846,1,1
2024-04-13,4098148,NL1,2023,domestic_league,383,499,PSV Eindhoven,Vitesse Arnhem,6,0
2024-04-13,4098149,NL1,2023,domestic_league,723,468,Almere City FC,Sparta Rotterdam,2,3
2024-04-13,4098151,NL1,2023,domestic_league,1090,235,AZ Alkmaar,RKC Waalwijk,3,2
2024-04-13,4103783,IT1,2023,domestic_league,1025,2919,Bologna Football Club 1909,AC Monza,0,0
2024-04-13,4103787,IT1,2023,domestic_league,1005,749,US Lecce,FC Empoli,1,0
2024-04-13,4103790,IT1,2023,domestic_league,416,506,Torino FC,Juventus FC,0,0
2024-04-13,4109541,PO1,2023,domestic_league,2420,4294,Vitória Guimarães SC,SC Farense,1,1
2024-04-13,4109542,PO1,2023,domestic_league,1465,1075,GD Estoril Praia,SC Braga,0,1
2024-04-13,4109543,PO1,2023,domestic_league,720,3329,FC Porto,FC Famalicão,2,2
2024-04-13,4113016,ES1,2023,domestic_league,13,12321,Atlético de Madrid,Girona FC,3,1
2024-04-13,4113018,ES1,2023,domestic_league,237,418,RCD Mallorca,Real Madrid,0,1
2024-04-13,4113022,ES1,2023,domestic_league,2687,131,Cádiz CF,FC Barcelona,0,1
2024-04-13,4113023,ES1,2023,domestic_league,367,3709,Rayo Vallecano,Getafe CF,0,0
2024-04-13,4120754,UKR1,2023,domestic_league,39097,61825,Obolon Kyiv,FC Minaj,1,1
2024-04-13,4120757,UKR1,2023,domestic_league,18303,338,FC Oleksandriya,Dynamo Kyiv,0,1
2024-04-13,4120758,UKR1,2023,domestic_league,48726,3592,Rukh Lviv,Kryvbas Kryvyi Rig,1,1
2024-04-13,4121022,SC1,2023,domestic_league,370,511,Aberdeen FC,Dundee FC,0,0
2024-04-13,4121023,SC1,2023,domestic_league,371,465,Celtic FC,St. Mirren FC,3,0
2024-04-13,4121024,SC1,2023,domestic_league,43,1241,Heart of Midlothian FC,Livingston FC,4,2
2024-04-13,4121025,SC1,2023,domestic_league,987,903,Motherwell FC,Hibernian FC,1,1
2024-04-13,4121027,SC1,2023,domestic_league,2578,2553,St. Johnstone FC,Kilmarnock FC,0,2
2024-04-13,4129723,TR1,2023,domestic_league,3840,3205,Adana Demirspor,Kayserispor,0,0
2024-04-13,4129726,TR1,2023,domestic_league,114,152,Beşiktaş Jimnastik Kulübü,Samsunspor,1,1
2024-04-13,4129727,TR1,2023,domestic_league,868,2832,MKE Ankaragücü,Gaziantep FK,3,1
2024-04-13,4129732,TR1,2023,domestic_league,10484,2293,Kasimpasa,Konyaspor,0,2
2024-04-13,4272796,RU1,2023,domestic_league,41231,232,FK Sochi,FK Spartak Moskva,1,0
2024-04-13,4272797,RU1,2023,domestic_league,16704,964,FK Krasnodar,AO FK Zenit Sankt-Peterburg,1,2
2024-04-13,4272799,RU1,2023,domestic_league,932,2410,"Футбольный клуб ""Локомотив"" Москва",PFK CSKA Moskva,3,3
2024-04-13,4272800,RU1,2023,domestic_league,3725,2741,RFK Akhmat Grozny,FK Baltika,1,7
2024-04-14,4094835,FR1,2023,domestic_league,1041,3911,Olympique Lyon,Stade Brestois 29,4,3
2024-04-14,4094836,FR1,2023,domestic_league,3524,969,Clermont Foot 63,Montpellier HSC,1,1
2024-04-14,4094837,FR1,2023,domestic_league,738,995,Le Havre AC,FC Nantes,0,1
2024-04-14,4095401,GB1,2023,domestic_league,11,405,Arsenal FC,Aston Villa,0,2
2024-04-14,4095405,GB1,2023,domestic_league,31,873,Liverpool FC,Crystal Palace,0,1
2024-04-14,4095409,GB1,2023,domestic_league,379,931,West Ham United,Fulham FC,0,2
2024-04-14,4096221,L1,2023,domestic_league,105,60,SV Darmstadt 98,SC Freiburg,0,1
2024-04-14,4096226,L1,2023,domestic_league,15,86,Bayer 04 Leverkusen,SV Werder Bremen,5,0
2024-04-14,4098147,NL1,2023,domestic_league,385,234,Fortuna Sittardia Combinatie,Feyenoord Rotterdam,0,1
2024-04-14,4098150,NL1,2023,domestic_league,467,1269,NEC Nijmegen,PEC Zwolle,2,2
2024-04-14,4098152,NL1,2023,domestic_league,1304,306,Heracles Almelo,SC Heerenveen,0,2
2024-04-14,4098153,NL1,2023,domestic_league,200,1435,FC Utrecht,Go Ahead Eagles,2,1
2024-04-14,4098154,NL1,2023,domestic_league,610,317,Ajax Amsterdam,FC Twente Enschede,2,1
2024-04-14,4103785,IT1,2023,domestic_league,46,1390,Inter Milan,Cagliari Calcio,2,2
2024-04-14,4103788,IT1,2023,domestic_league,6195,8970,SSC Napoli,Frosinone Calcio,2,2
2024-04-14,4103789,IT1,2023,domestic_league,6574,5,US Sassuolo,AC Milan,3,3
2024-04-14,4109537,PO1,2023,domestic_league,8024,2503,FC Arouca,Boavista FC,2,1
2024-04-14,4109539,PO1,2023,domestic_league,2431,2425,CF Estrela Amadora,Rio Ave FC,2,2
2024-04-14,4109540,PO1,2023,domestic_league,294,979,SL Benfica,Moreirense FC,3,0
2024-04-14,4109545,PO1,2023,domestic_league,7378,3268,Portimonense SC,Casa Pia AC,2,2
2024-04-14,4113015,ES1,2023,domestic_league,621,1050,Athletic Bilbao,Villarreal CF,1,1
2024-04-14,4113020,ES1,2023,domestic_league,472,368,UD Las Palmas,Sevilla FC,0,2
2024-04-14,4113021,ES1,2023,domestic_league,681,3302,Real Sociedad,UD Almería,2,2
2024-04-14,4113024,ES1,2023,domestic_league,16795,1108,Granada CF,Deportivo Alavés,2,0
2024-04-14,4120753,UKR1,2023,domestic_league,53646,48332,FK Polissya Zhytomyr,Kolos Kovalivka,1,0
2024-04-14,4120756,UKR1,2023,domestic_league,10690,6992,Zorya Lugansk,Chornomorets Odesa,1,0
2024-04-14,4120759,UKR1,2023,domestic_league,2740,660,Vorskla Poltava,FC Shakhtar Donetsk,0,1
2024-04-14,4121026,SC1,2023,domestic_league,2759,124,Ross County FC,Rangers FC,3,2
2024-04-14,4129724,TR1,2023,domestic_league,7775,924,Hatayspor,Istanbulspor,0,3
2024-04-14,4129728,TR1,2023,domestic_league,3209,6890,Pendikspor,Basaksehir FK,2,3
2024-04-14,4129729,TR1,2023,domestic_league,126,589,Caykur Rizespor,Antalyaspor,3,0
2024-04-14,4129730,TR1,2023,domestic_league,6646,36,Fatih Karagümrük,Fenerbahce,1,2
2024-04-14,4272798,RU1,2023,domestic_league,2696,2698,PFK Krylya Sovetov Samara,FC Rubin Kazan,2,0
2024-04-14,4272801,RU1,2023,domestic_league,1124,1083,Fakel Voronezh,FK Rostov,0,1
2024-04-14,4272802,RU1,2023,domestic_league,11127,121,Ural Yekaterinburg,FK Dinamo Moskva,2,1
2024-04-14,4272803,RU1,2023,domestic_league,14589,49702,FC Orenburg,FK Nizhny Novgorod,3,1
2024-04-15,4095404,GB1,2023,domestic_league,631,29,Chelsea FC,Everton FC,6,0
2024-04-15,4103782,IT1,2023,domestic_league,800,276,Atalanta BC,Hellas Verona,2,2
2024-04-15,4103784,IT1,2023,domestic_league,430,252,ACF Fiorentina,Genoa CFC,1,1
2024-04-15,4109544,PO1,2023,domestic_league,6912,3325,FC Vizela,GD Chaves,0,1
2024-04-15,4113019,ES1,2023,domestic_league,331,1049,CA Osasuna,Valencia CF,0,1
2024-04-15,4120752,UKR1,2023,domestic_league,63007,26459,LNZ Cherkasy,NK Veres Rivne,1,0
2024-04-15,4120755,UKR1,2023,domestic_league,55686,60551,TOV FK Metalist 1925 Kharkiv,SC Dnipro-1,1,1
2024-04-15,4129725,TR1,2023,domestic_league,11282,141,Alanyaspor,Galatasaray,0,4
2024-04-16,4109395,PO1,2023,domestic_league,3329,336,FC Famalicão,Sporting CP,0,1
2024-04-16,4312003,RUP,2023,domestic_cup,2410,2741,PFK CSKA Moskva,FK Baltika,2,0
2024-04-16,4312026,CL,2023,international_cup,16,13,Borussia Dortmund,Atlético de Madrid,4,2
2024-04-16,4312028,CL,2023,international_cup,131,583,FC Barcelona,Paris Saint-Germain,1,4
2024-04-17,4120682,UKR1,2023,domestic_league,18303,39097,FC Oleksandriya,Obolon Kyiv,2,2
2024-04-17,4120693,UKR1,2023,domestic_league,61825,338,FC Minaj,Dynamo Kyiv,1,3
2024-04-17,4121035,SC1,2023,domestic_league,511,124,Dundee FC,Rangers FC,0,0
2024-04-17,4312001,RUP,2023,domestic_cup,964,232,AO FK Zenit Sankt-Peterburg,FK Spartak Moskva,0,0
2024-04-17,4312025,CL,2023,international_cup,27,11,Bayern Munich,Arsenal FC,1,0
2024-04-17,4312027,CL,2023,international_cup,281,418,Manchester City,Real Madrid,4,5
2024-04-17,4323826,RUP,2023,domestic_cup,14589,121,FC Orenburg,FK Dinamo Moskva,2,4
2024-04-17,4323827,RUP,2023,domestic_cup,11127,1083,Ural Yekaterinburg,FK Rostov,1,3
2024-04-18,4120647,UKR1,2023,domestic_league,10690,660,Zorya Lugansk,FC Shakhtar Donetsk,1,3
2024-04-18,4312043,EL,2023,other,12,5,Associazione Sportiva Roma,AC Milan,2,1
2024-04-18,4312044,EL,2023,other,800,31,Atalanta BC,Liverpool FC,0,1
2024-04-18,4312045,EL,2023,other,379,15,West Ham United,Bayer 04 Leverkusen,1,1
2024-04-18,4312046,EL,2023,other,244,294,Olympique Marseille,SL Benfica,5,2
2024-04-18,4312079,UCOL,2023,other,1082,405,LOSC Lille,Aston Villa,5,5
2024-04-18,4312080,UCOL,2023,other,1091,2282,Panthessalonikios Athlitikos Omilos Konstantinoupoliton,Club Brugge KV,0,2
2024-04-18,4312081,UCOL,2023,other,36,683,Fenerbahce,Olympiakos Syndesmos Filathlon Peiraios,3,3
2024-04-18,4312082,UCOL,2023,other,430,941,ACF Fiorentina,FC Viktoria Plzen,2,0
2024-04-19,4094842,FR1,2023,domestic_league,417,1158,OGC Nice,FC Lorient,3,0
2024-04-19,4096234,L1,2023,domestic_league,24,167,Eintracht Frankfurt,FC Augsburg,3,1
2024-04-19,4103792,IT1,2023,domestic_league,1390,506,Cagliari Calcio,Juventus FC,2,2
2024-04-19,4103794,IT1,2023,domestic_league,252,398,Genoa CFC,Società Sportiva Lazio S.p.A.,0,1
2024-04-19,4109552,PO1,2023,domestic_league,2425,8024,Rio Ave FC,FC Arouca,1,1
2024-04-19,4112926,ES1,2023,domestic_league,621,16795,Athletic Bilbao,Granada CF,1,1
2024-04-19,4129741,TR1,2023,domestic_league,114,868,Beşiktaş Jimnastik Kulübü,MKE Ankaragücü,2,0
2024-04-19,4272806,RU1,2023,domestic_league,16704,1124,FK Krasnodar,Fakel Voronezh,2,0
2024-04-20,4094844,FR1,2023,domestic_league,826,3524,RC Lens,Clermont Foot 63,1,0
2024-04-20,4094845,FR1,2023,domestic_league,995,273,FC Nantes,Stade Rennais FC,0,3
2024-04-20,4095415,GB1,2023,domestic_league,1031,1148,Luton Town,Brentford FC,1,5
2024-04-20,4095417,GB1,2023,domestic_league,350,1132,Sheffield United,Burnley FC,1,4
2024-04-20,4095419,GB1,2023,domestic_league,543,11,Wolverhampton Wanderers,Arsenal FC,0,2
2024-04-20,4096228,L1,2023,domestic_league,89,27,1.FC Union Berlin,Bayern Munich,1,5
2024-04-20,4096229,L1,2023,domestic_league,2036,23826,1. Fußballclub Heidenheim 1846,RB Leipzig,1,2
2024-04-20,4096232,L1,2023,domestic_league,533,18,TSG 1899 Hoffenheim,Borussia Mönchengladbach,4,3
2024-04-20,4096233,L1,2023,domestic_league,82,80,VfL Wolfsburg,VfL Bochum,1,0
2024-04-20,4096236,L1,2023,domestic_league,3,105,1.FC Köln,SV Darmstadt 98,0,2
2024-04-20,4103793,IT1,2023,domestic_league,749,6195,FC Empoli,SSC Napoli,1,0
2024-04-20,4103795,IT1,2023,domestic_league,276,410,Hellas Verona,Udinese Calcio,1,0
2024-04-20,4109547,PO1,2023,domestic_league,2503,2431,Boavista FC,CF Estrela Amadora,1,1
2024-04-20,4109549,PO1,2023,domestic_league,1075,6912,SC Braga,FC Vizela,2,1
2024-04-20,4109551,PO1,2023,domestic_league,979,2424,Moreirense FC,Gil Vicente FC,0,1
2024-04-20,4112927,ES1,2023,domestic_league,940,472,Celta de Vigo,UD Las Palmas,4,1
2024-04-20,4112931,ES1,2023,domestic_league,1049,150,Valencia CF,Real Betis Balompié,1,2
2024-04-20,4112932,ES1,2023,domestic_league,12321,2687,Girona FC,Cádiz CF,4,1
2024-04-20,4112934,ES1,2023,domestic_league,367,331,Rayo Vallecano,CA Osasuna,2,1
2024-04-20,4120761,UKR1,2023,domestic_league,6992,3592,Chornomorets Odesa,Kryvbas Kryvyi Rig,1,2
2024-04-20,4120763,UKR1,2023,domestic_league,2740,48332,Vorskla Poltava,Kolos Kovalivka,0,2
2024-04-20,4129736,TR1,2023,domestic_league,2293,11282,Konyaspor,Alanyaspor,0,2
2024-04-20,4129737,TR1,2023,domestic_league,152,3840,Samsunspor,Adana Demirspor,1,1
2024-04-20,4129738,TR1,2023,domestic_league,924,6646,Istanbulspor,Fatih Karagümrük,1,2
2024-04-20,4129739,TR1,2023,domestic_league,3205,449,Kayserispor,Trabzonspor,1,2
2024-04-20,4272807,RU1,2023,domestic_league,2410,3725,PFK CSKA Moskva,RFK Akhmat Grozny,1,2
2024-04-20,4272809,RU1,2023,domestic_league,2698,932,FC Rubin Kazan,"Футбольный клуб ""Локомотив"" Москва",1,1
2024-04-20,4272810,RU1,2023,domestic_league,2741,2696,FK Baltika,PFK Krylya Sovetov Samara,2,1
2024-04-20,4311365,SFA,2023,domestic_cup,370,371,Aberdeen FC,Celtic FC,8,9
2024-04-20,4313193,FAC,2023,domestic_cup,281,631,Manchester City,Chelsea FC,1,0
2024-04-21,4094839,FR1,2023,domestic_league,583,1041,Paris Saint-Germain,Olympique Lyon,4,1
2024-04-21,4094840,FR1,2023,domestic_league,415,244,FC Toulouse,Olympique Marseille,2,2
2024-04-21,4094841,FR1,2023,domestic_league,1082,667,LOSC Lille,RC Strasbourg Alsace,1,0
2024-04-21,4094843,FR1,2023,domestic_league,1421,969,Stade Reims,Montpellier HSC,1,2
2024-04-21,4094846,FR1,2023,domestic_league,738,347,Le Havre AC,FC Metz,0,1
2024-04-21,4094847,FR1,2023,domestic_league,3911,162,Stade Brestois 29,AS Monaco,0,2
2024-04-21,4095410,GB1,2023,domestic_league,405,989,Aston Villa,AFC Bournemouth,3,1
2024-04-21,4095412,GB1,2023,domestic_league,873,379,Crystal Palace,West Ham United,5,2
2024-04-21,4095413,GB1,2023,domestic_league,29,703,Everton FC,Nottingham Forest,2,0
2024-04-21,4095414,GB1,2023,domestic_league,931,31,Fulham FC,Liverpool FC,1,3
2024-04-21,4096230,L1,2023,domestic_league,16,15,Borussia Dortmund,Bayer 04 Leverkusen,1,1
