{
  "schema_version": "V4.8.0-direct-categorical-total-research-r1",
  "generated_at_utc": "2026-07-20T10:39:10.247053+00:00",
  "competition_id": "KOR_KLeague1",
  "formal_weight": 0,
  "automatic_promotion": false,
  "status": "KEEP_RESEARCH_WEIGHT_0",
  "target_live_season": "2026",
  "live_candidate": {
    "id": "D0_identity",
    "half_life_days": 120.0,
    "league_prior": 8.0,
    "team_prior": 8.0,
    "venue_weight": 0.5,
    "signal_weight": 0.0
  },
  "live_selection_predictions": 780,
  "outer_predictions": 662,
  "outer_folds": 4,
  "confidence_intervals": {
    "total_rps": {
      "count": 662,
      "blocks": 34,
      "mean_difference": 4.2712979846558845e-17,
      "ci95_lower": -1.3846718133617857e-17,
      "ci95_upper": 1.2915636765735386e-16
    },
    "joint_log": {
      "count": 662,
      "blocks": 34,
      "mean_difference": -1.008592336872461e-15,
      "ci95_lower": -1.6566137518500447e-15,
      "ci95_upper": -4.863504295081809e-16
    },
    "one_x_two_brier": {
      "count": 662,
      "blocks": 34,
      "mean_difference": 6.720874276714977e-17,
      "ci95_lower": -5.854362686756326e-18,
      "ci95_upper": 1.5235858785949206e-16
    },
    "one_x_two_rps": {
      "count": 662,
      "blocks": 34,
      "mean_difference": 2.836351496068423e-17,
      "ci95_lower": -5.272715732452301e-19,
      "ci95_upper": 6.442349202526711e-17
    }
  },
  "tail_brier_differences": {
    "tail4plus_brier_diff": 1.0730129440226329e-16,
    "tail5plus_brier_diff": 5.933763152702087e-17,
    "tail7plus_brier_diff": -1.944685286418864e-18
  },
  "score_coverage": {
    "current_top1": 0.12235649546827794,
    "candidate_top1": 0.12235649546827794,
    "current_top3": 0.3323262839879154,
    "candidate_top3": 0.3323262839879154,
    "current_top5": 0.5,
    "candidate_top5": 0.5,
    "current_score80": 0.8262839879154078,
    "candidate_score80": 0.8262839879154078,
    "current_score90": 0.9199395770392749,
    "candidate_score90": 0.9199395770392749
  },
  "peak_diagnostics": {
    "current_mode3_rate": 0.0,
    "candidate_mode3_rate": 0.0,
    "current_unique_peak_buckets": [
      1,
      2
    ],
    "candidate_unique_peak_buckets": [
      1,
      2
    ],
    "current_weak_peak_rate": 0.20694864048338368,
    "candidate_weak_peak_rate": 0.20694864048338368,
    "current_total_top1_accuracy": 0.243202416918429,
    "candidate_total_top1_accuracy": 0.243202416918429,
    "note": "diagnostic only; no candidate is selected or promoted for reducing mode-3 frequency or increasing visual diversity"
  },
  "checks": {
    "minimum_outer_predictions": true,
    "minimum_outer_folds": true,
    "total_rps_ci_improves_champion": false,
    "joint_log_noninferior": true,
    "one_x_two_brier_noninferior": true,
    "one_x_two_rps_noninferior": true,
    "tail4_nonworse": false,
    "tail5_nonworse": false,
    "top1_nonworse": true,
    "top3_nonworse": true,
    "top5_nonworse": true,
    "score80_calibrated": true,
    "score90_calibrated": true,
    "point_in_time_calibration_safe": true,
    "probability_conservation": true
  },
  "folds": [
    {
      "outer_season": "2023",
      "prior_seasons": [
        "2022"
      ],
      "selected_candidate": {
        "id": "D0_identity",
        "half_life_days": 120.0,
        "league_prior": 8.0,
        "team_prior": 8.0,
        "venue_weight": 0.5,
        "signal_weight": 0.0
      },
      "selection_predictions": 190,
      "outer_predictions": 198,
      "mean_total_rps_diff": -7.359432928386455e-19,
      "mean_joint_log_diff": -8.971499188890155e-18
    },
    {
      "outer_season": "2024",
      "prior_seasons": [
        "2022",
        "2023"
      ],
      "selected_candidate": {
        "id": "D0_identity",
        "half_life_days": 120.0,
        "league_prior": 8.0,
        "team_prior": 8.0,
        "venue_weight": 0.5,
        "signal_weight": 0.0
      },
      "selection_predictions": 388,
      "outer_predictions": 197,
      "mean_total_rps_diff": 2.993938994071647e-18,
      "mean_joint_log_diff": -3.1559639278684655e-17
    },
    {
      "outer_season": "2025",
      "prior_seasons": [
        "2022",
        "2023",
        "2024"
      ],
      "selected_candidate": {
        "id": "D0_identity",
        "half_life_days": 120.0,
        "league_prior": 8.0,
        "team_prior": 8.0,
        "venue_weight": 0.5,
        "signal_weight": 0.0
      },
      "selection_predictions": 585,
      "outer_predictions": 195,
      "mean_total_rps_diff": 1.4212278078054086e-16,
      "mean_joint_log_diff": -3.3716619240154753e-15
    },
    {
      "outer_season": "2026",
      "prior_seasons": [
        "2022",
        "2023",
        "2024",
        "2025"
      ],
      "selected_candidate": {
        "id": "D0_identity",
        "half_life_days": 120.0,
        "league_prior": 8.0,
        "team_prior": 8.0,
        "venue_weight": 0.5,
        "signal_weight": 0.0
      },
      "selection_predictions": 780,
      "outer_predictions": 72,
      "mean_total_rps_diff": 1.6383499495336511e-18,
      "mean_joint_log_diff": -3.0839528461809905e-17
    }
  ],
  "policy": "Research only. This is not a registered V4.7 formal module. Passing only permits a second-stage candidate-specific OOF recalibration review and a future complete CURRENT upgrade; it never auto-promotes."
}
