{
  "schema_version": "V4.8.0-direct-categorical-total-research-r1",
  "generated_at_utc": "2026-07-20T10:40:56.144522+00:00",
  "competition_id": "ARG_Primera",
  "formal_weight": 0,
  "automatic_promotion": false,
  "status": "KEEP_RESEARCH_WEIGHT_0",
  "target_live_season": "2026",
  "live_candidate": {
    "id": "D0_identity",
    "half_life_days": 120.0,
    "league_prior": 8.0,
    "team_prior": 8.0,
    "venue_weight": 0.5,
    "signal_weight": 0.0
  },
  "live_selection_predictions": 1402,
  "outer_predictions": 1272,
  "outer_folds": 4,
  "confidence_intervals": {
    "total_rps": {
      "count": 1272,
      "blocks": 65,
      "mean_difference": 1.883102339330798e-17,
      "ci95_lower": -5.778797579347739e-17,
      "ci95_upper": 8.92261416747468e-17
    },
    "joint_log": {
      "count": 1272,
      "blocks": 65,
      "mean_difference": -3.4905691195604763e-15,
      "ci95_lower": -4.134480895433916e-15,
      "ci95_upper": -2.8447504251070337e-15
    },
    "one_x_two_brier": {
      "count": 1272,
      "blocks": 65,
      "mean_difference": -8.907095885455757e-17,
      "ci95_lower": -2.225707769746167e-16,
      "ci95_upper": 6.16156211846952e-17
    },
    "one_x_two_rps": {
      "count": 1272,
      "blocks": 65,
      "mean_difference": -4.014957478990346e-18,
      "ci95_lower": -4.1644290815418026e-17,
      "ci95_upper": 3.002268448827743e-17
    }
  },
  "tail_brier_differences": {
    "tail4plus_brier_diff": 2.4179754110903137e-17,
    "tail5plus_brier_diff": 8.116642608177547e-17,
    "tail7plus_brier_diff": -3.6193154146404357e-17
  },
  "score_coverage": {
    "current_top1": 0.15644654088050314,
    "candidate_top1": 0.15644654088050314,
    "current_top3": 0.43553459119496857,
    "candidate_top3": 0.43553459119496857,
    "current_top5": 0.6257861635220126,
    "candidate_top5": 0.6257861635220126,
    "current_score80": 0.8215408805031447,
    "candidate_score80": 0.8215408805031447,
    "current_score90": 0.9072327044025157,
    "candidate_score90": 0.9072327044025157
  },
  "peak_diagnostics": {
    "current_mode3_rate": 0.0,
    "candidate_mode3_rate": 0.0,
    "current_unique_peak_buckets": [
      1,
      2
    ],
    "candidate_unique_peak_buckets": [
      1,
      2
    ],
    "current_weak_peak_rate": 0.7665094339622641,
    "candidate_weak_peak_rate": 0.7665094339622641,
    "current_total_top1_accuracy": 0.24842767295597484,
    "candidate_total_top1_accuracy": 0.24842767295597484,
    "note": "diagnostic only; no candidate is selected or promoted for reducing mode-3 frequency or increasing visual diversity"
  },
  "checks": {
    "minimum_outer_predictions": true,
    "minimum_outer_folds": true,
    "total_rps_ci_improves_champion": false,
    "joint_log_noninferior": true,
    "one_x_two_brier_noninferior": true,
    "one_x_two_rps_noninferior": true,
    "tail4_nonworse": false,
    "tail5_nonworse": false,
    "top1_nonworse": true,
    "top3_nonworse": true,
    "top5_nonworse": true,
    "score80_calibrated": true,
    "score90_calibrated": true,
    "point_in_time_calibration_safe": true,
    "probability_conservation": true
  },
  "folds": [
    {
      "outer_season": "2023",
      "prior_seasons": [
        "2022"
      ],
      "selected_candidate": {
        "id": "D0_identity",
        "half_life_days": 120.0,
        "league_prior": 8.0,
        "team_prior": 8.0,
        "venue_weight": 0.5,
        "signal_weight": 0.0
      },
      "selection_predictions": 320,
      "outer_predictions": 318,
      "mean_total_rps_diff": -6.109717902811396e-19,
      "mean_joint_log_diff": -1.9551097288996466e-17
    },
    {
      "outer_season": "2024",
      "prior_seasons": [
        "2022",
        "2023"
      ],
      "selected_candidate": {
        "id": "D0_identity",
        "half_life_days": 120.0,
        "league_prior": 8.0,
        "team_prior": 8.0,
        "venue_weight": 0.5,
        "signal_weight": 0.0
      },
      "selection_predictions": 638,
      "outer_predictions": 317,
      "mean_total_rps_diff": -4.546398308648364e-17,
      "mean_joint_log_diff": -4.945220538708899e-15
    },
    {
      "outer_season": "2025",
      "prior_seasons": [
        "2022",
        "2023",
        "2024"
      ],
      "selected_candidate": {
        "id": "D0_identity",
        "half_life_days": 120.0,
        "league_prior": 8.0,
        "team_prior": 8.0,
        "venue_weight": 0.5,
        "signal_weight": 0.0
      },
      "selection_predictions": 955,
      "outer_predictions": 447,
      "mean_total_rps_diff": 8.838940019876456e-17,
      "mean_joint_log_diff": -4.3733349032661645e-15
    },
    {
      "outer_season": "2026",
      "prior_seasons": [
        "2022",
        "2023",
        "2024",
        "2025"
      ],
      "selected_candidate": {
        "id": "D0_identity",
        "half_life_days": 120.0,
        "league_prior": 8.0,
        "team_prior": 8.0,
        "venue_weight": 0.5,
        "signal_weight": 0.0
      },
      "selection_predictions": 1402,
      "outer_predictions": 190,
      "mean_total_rps_diff": -5.003307709659423e-18,
      "mean_joint_log_diff": -4.7961634663806766e-15
    }
  ],
  "policy": "Research only. This is not a registered V4.7 formal module. Passing only permits a second-stage candidate-specific OOF recalibration review and a future complete CURRENT upgrade; it never auto-promotes."
}
