{
  "schema_version": "V4.7.0-dynamic-strength-second-stage-r1",
  "generated_at_utc": "2026-07-20T11:28:25+00:00",
  "competition_id": "ESP_LaLiga",
  "status": "SECOND_STAGE_FINAL_CHAIN_REVIEW_CANDIDATE",
  "formal_weight": 0,
  "automatic_promotion": false,
  "probability_change": false,
  "outer_predictions": 1339,
  "independent_forward_time_folds": 8,
  "season_candidate_selections": [
    {
      "target_season": "2022/23",
      "selection_season": "2021/22",
      "selected_candidate": "adaptive_6",
      "selection_predictions": 334,
      "selection_mean_one_x_two_rps": 0.2035629867905347,
      "selection_mean_joint_log": 2.8618231878555567
    },
    {
      "target_season": "2023/24",
      "selection_season": "2022/23",
      "selected_candidate": "adaptive_6",
      "selection_predictions": 335,
      "selection_mean_one_x_two_rps": 0.21189169063953675,
      "selection_mean_joint_log": 2.7760268654886566
    },
    {
      "target_season": "2024/25",
      "selection_season": "2023/24",
      "selected_candidate": "adaptive_6",
      "selection_predictions": 334,
      "selection_mean_one_x_two_rps": 0.19464484939777638,
      "selection_mean_joint_log": 2.881990539064987
    },
    {
      "target_season": "2025/26",
      "selection_season": "2024/25",
      "selected_candidate": "adaptive_6",
      "selection_predictions": 336,
      "selection_mean_one_x_two_rps": 0.20665588422543482,
      "selection_mean_joint_log": 2.8225796834378736
    }
  ],
  "selected_candidate_counts": {
    "adaptive_6": 4
  },
  "confidence_intervals": {
    "joint_log": {
      "count": 1339,
      "blocks": 37,
      "mean_difference": -0.0165057370151659,
      "ci95_lower": -0.023010749189471363,
      "ci95_upper": -0.010392867674351658
    },
    "one_x_two_brier": {
      "count": 1339,
      "blocks": 37,
      "mean_difference": -0.0032710012939848017,
      "ci95_lower": -0.0046133542355173435,
      "ci95_upper": -0.002072180159023454
    },
    "one_x_two_rps": {
      "count": 1339,
      "blocks": 37,
      "mean_difference": -0.0044236769367365005,
      "ci95_lower": -0.006335791883147648,
      "ci95_upper": -0.002576826397213206
    },
    "total_goals_rps": {
      "count": 1339,
      "blocks": 37,
      "mean_difference": -0.0007364329367718804,
      "ci95_lower": -0.0010887139118637321,
      "ci95_upper": -0.0003857133961441926
    }
  },
  "coverage": {
    "top1": {
      "current": 0.14563106796116504,
      "candidate": 0.15683345780433158
    },
    "top3": {
      "current": 0.37341299477221807,
      "candidate": 0.3771471247199403
    },
    "top5": {
      "current": 0.5250186706497386,
      "candidate": 0.5272591486183719
    },
    "score80": {
      "current": 0.8252427184466019,
      "candidate": 0.8342046303211351
    },
    "score90": {
      "current": 0.9200896191187453,
      "candidate": 0.9215832710978342
    }
  },
  "checks": {
    "minimum_outer_predictions": true,
    "minimum_independent_forward_time_folds": true,
    "candidate_frozen_before_each_target_season": true,
    "one_x_two_rps_ci_improves": true,
    "joint_log_ci_nonworse": true,
    "one_x_two_brier_ci_nonworse": true,
    "total_goals_rps_ci_nonworse": true,
    "top1_nonworse": true,
    "top3_nonworse": true,
    "top5_nonworse": true,
    "score80_calibrated": true,
    "score90_calibrated": true,
    "probability_conservation": true,
    "non_identity_selected": true
  },
  "folds": [
    {
      "fold_id": "2022/23:OUTER1",
      "target_season": "2022/23",
      "selection_season": "2021/22",
      "candidate_frozen_before_target_season": "adaptive_6",
      "test_start": "2022-09-04",
      "test_end": "2023-02-06",
      "outer_predictions": 155
    },
    {
      "fold_id": "2022/23:OUTER2",
      "target_season": "2022/23",
      "selection_season": "2021/22",
      "candidate_frozen_before_target_season": "adaptive_6",
      "test_start": "2023-02-10",
      "test_end": "2023-06-04",
      "outer_predictions": 180
    },
    {
      "fold_id": "2023/24:OUTER1",
      "target_season": "2023/24",
      "selection_season": "2022/23",
      "candidate_frozen_before_target_season": "adaptive_6",
      "test_start": "2023-09-16",
      "test_end": "2024-01-26",
      "outer_predictions": 162
    },
    {
      "fold_id": "2023/24:OUTER2",
      "target_season": "2023/24",
      "selection_season": "2022/23",
      "candidate_frozen_before_target_season": "adaptive_6",
      "test_start": "2024-01-27",
      "test_end": "2024-05-26",
      "outer_predictions": 172
    },
    {
      "fold_id": "2024/25:OUTER1",
      "target_season": "2024/25",
      "selection_season": "2023/24",
      "candidate_frozen_before_target_season": "adaptive_6",
      "test_start": "2024-09-14",
      "test_end": "2025-01-20",
      "outer_predictions": 156
    },
    {
      "fold_id": "2024/25:OUTER2",
      "target_season": "2024/25",
      "selection_season": "2023/24",
      "candidate_frozen_before_target_season": "adaptive_6",
      "test_start": "2025-01-24",
      "test_end": "2025-05-25",
      "outer_predictions": 180
    },
    {
      "fold_id": "2025/26:OUTER1",
      "target_season": "2025/26",
      "selection_season": "2024/25",
      "candidate_frozen_before_target_season": "adaptive_6",
      "test_start": "2025-09-19",
      "test_end": "2026-01-24",
      "outer_predictions": 158
    },
    {
      "fold_id": "2025/26:OUTER2",
      "target_season": "2025/26",
      "selection_season": "2024/25",
      "candidate_frozen_before_target_season": "adaptive_6",
      "test_start": "2026-01-25",
      "test_end": "2026-05-24",
      "outer_predictions": 176
    }
  ],
  "policy": "Strict forward-season review only. Passing still requires replay through the formal OOF calibration/final matrix chain and a CURRENT-compliant competition-specific promotion receipt."
}