{
  "schema_version": "V4.7.0-dynamic-strength-second-stage-r1",
  "generated_at_utc": "2026-07-20T11:28:13+00:00",
  "competition_id": "NED_Eredivisie",
  "status": "SECOND_STAGE_NOT_PROMOTED",
  "formal_weight": 0,
  "automatic_promotion": false,
  "probability_change": false,
  "outer_predictions": 1065,
  "independent_forward_time_folds": 8,
  "season_candidate_selections": [
    {
      "target_season": "2022/23",
      "selection_season": "2021/22",
      "selected_candidate": "adaptive_6",
      "selection_predictions": 266,
      "selection_mean_one_x_two_rps": 0.2092910670755562,
      "selection_mean_joint_log": 2.9337154571142947
    },
    {
      "target_season": "2023/24",
      "selection_season": "2022/23",
      "selected_candidate": "adaptive_6",
      "selection_predictions": 268,
      "selection_mean_one_x_two_rps": 0.19190493011668747,
      "selection_mean_joint_log": 3.08020101964199
    },
    {
      "target_season": "2024/25",
      "selection_season": "2023/24",
      "selected_candidate": "adaptive_6",
      "selection_predictions": 266,
      "selection_mean_one_x_two_rps": 0.1879170538917392,
      "selection_mean_joint_log": 3.1084146453567305
    },
    {
      "target_season": "2025/26",
      "selection_season": "2024/25",
      "selected_candidate": "moderate_4",
      "selection_predictions": 266,
      "selection_mean_one_x_two_rps": 0.19880046833355924,
      "selection_mean_joint_log": 3.0139660231188814
    }
  ],
  "selected_candidate_counts": {
    "adaptive_6": 3,
    "moderate_4": 1
  },
  "confidence_intervals": {
    "joint_log": {
      "count": 1065,
      "blocks": 35,
      "mean_difference": -0.017941539751064398,
      "ci95_lower": -0.02661493416181498,
      "ci95_upper": -0.009669914732444393
    },
    "one_x_two_brier": {
      "count": 1065,
      "blocks": 35,
      "mean_difference": -0.0031157209917272097,
      "ci95_lower": -0.004697194845692243,
      "ci95_upper": -0.0016845370844799103
    },
    "one_x_two_rps": {
      "count": 1065,
      "blocks": 35,
      "mean_difference": -0.0043645991702801375,
      "ci95_lower": -0.006485475570259555,
      "ci95_upper": -0.0023567371909217444
    },
    "total_goals_rps": {
      "count": 1065,
      "blocks": 35,
      "mean_difference": -0.0003087167296248749,
      "ci95_lower": -0.0008408243876267619,
      "ci95_upper": 0.0001459781722020923
    }
  },
  "coverage": {
    "top1": {
      "current": 0.12112676056338029,
      "candidate": 0.12112676056338029
    },
    "top3": {
      "current": 0.27605633802816903,
      "candidate": 0.28169014084507044
    },
    "top5": {
      "current": 0.4309859154929577,
      "candidate": 0.4375586854460094
    },
    "score80": {
      "current": 0.8300469483568075,
      "candidate": 0.8422535211267606
    },
    "score90": {
      "current": 0.9211267605633803,
      "candidate": 0.9258215962441314
    }
  },
  "checks": {
    "minimum_outer_predictions": true,
    "minimum_independent_forward_time_folds": true,
    "candidate_frozen_before_each_target_season": true,
    "one_x_two_rps_ci_improves": true,
    "joint_log_ci_nonworse": true,
    "one_x_two_brier_ci_nonworse": true,
    "total_goals_rps_ci_nonworse": false,
    "top1_nonworse": true,
    "top3_nonworse": true,
    "top5_nonworse": true,
    "score80_calibrated": false,
    "score90_calibrated": true,
    "probability_conservation": true,
    "non_identity_selected": true
  },
  "folds": [
    {
      "fold_id": "2022/23:OUTER1",
      "target_season": "2022/23",
      "selection_season": "2021/22",
      "candidate_frozen_before_target_season": "adaptive_6",
      "test_start": "2022-09-02",
      "test_end": "2023-01-28",
      "outer_predictions": 128
    },
    {
      "fold_id": "2022/23:OUTER2",
      "target_season": "2022/23",
      "selection_season": "2021/22",
      "candidate_frozen_before_target_season": "adaptive_6",
      "test_start": "2023-01-29",
      "test_end": "2023-05-28",
      "outer_predictions": 140
    },
    {
      "fold_id": "2023/24:OUTER1",
      "target_season": "2023/24",
      "selection_season": "2022/23",
      "candidate_frozen_before_target_season": "adaptive_6",
      "test_start": "2023-09-16",
      "test_end": "2024-01-21",
      "outer_predictions": 121
    },
    {
      "fold_id": "2023/24:OUTER2",
      "target_season": "2023/24",
      "selection_season": "2022/23",
      "candidate_frozen_before_target_season": "adaptive_6",
      "test_start": "2024-01-24",
      "test_end": "2024-05-19",
      "outer_predictions": 145
    },
    {
      "fold_id": "2024/25:OUTER1",
      "target_season": "2024/25",
      "selection_season": "2023/24",
      "candidate_frozen_before_target_season": "adaptive_6",
      "test_start": "2024-09-14",
      "test_end": "2025-01-24",
      "outer_predictions": 131
    },
    {
      "fold_id": "2024/25:OUTER2",
      "target_season": "2024/25",
      "selection_season": "2023/24",
      "candidate_frozen_before_target_season": "adaptive_6",
      "test_start": "2025-01-25",
      "test_end": "2025-05-18",
      "outer_predictions": 135
    },
    {
      "fold_id": "2025/26:OUTER1",
      "target_season": "2025/26",
      "selection_season": "2024/25",
      "candidate_frozen_before_target_season": "moderate_4",
      "test_start": "2025-09-13",
      "test_end": "2026-01-21",
      "outer_predictions": 129
    },
    {
      "fold_id": "2025/26:OUTER2",
      "target_season": "2025/26",
      "selection_season": "2024/25",
      "candidate_frozen_before_target_season": "moderate_4",
      "test_start": "2026-01-24",
      "test_end": "2026-05-17",
      "outer_predictions": 136
    }
  ],
  "policy": "Strict forward-season review only. Passing still requires replay through the formal OOF calibration/final matrix chain and a CURRENT-compliant competition-specific promotion receipt."
}