{
  "schema_version": "V4.7.0-dynamic-strength-second-stage-r1",
  "generated_at_utc": "2026-07-20T11:28:10+00:00",
  "competition_id": "POR_PrimeiraLiga",
  "status": "SECOND_STAGE_NOT_PROMOTED",
  "formal_weight": 0,
  "automatic_promotion": false,
  "probability_change": false,
  "outer_predictions": 1079,
  "independent_forward_time_folds": 8,
  "season_candidate_selections": [
    {
      "target_season": "2022/23",
      "selection_season": "2021/22",
      "selected_candidate": "adaptive_6",
      "selection_predictions": 270,
      "selection_mean_one_x_two_rps": 0.18982365099168338,
      "selection_mean_joint_log": 2.833778463146764
    },
    {
      "target_season": "2023/24",
      "selection_season": "2022/23",
      "selected_candidate": "adaptive_6",
      "selection_predictions": 270,
      "selection_mean_one_x_two_rps": 0.18981990644698804,
      "selection_mean_joint_log": 2.744049540011258
    },
    {
      "target_season": "2024/25",
      "selection_season": "2023/24",
      "selected_candidate": "adaptive_6",
      "selection_predictions": 270,
      "selection_mean_one_x_two_rps": 0.19407010432943983,
      "selection_mean_joint_log": 2.9834883006673976
    },
    {
      "target_season": "2025/26",
      "selection_season": "2024/25",
      "selected_candidate": "adaptive_6",
      "selection_predictions": 270,
      "selection_mean_one_x_two_rps": 0.19392550459475186,
      "selection_mean_joint_log": 2.767100196286483
    }
  ],
  "selected_candidate_counts": {
    "adaptive_6": 4
  },
  "confidence_intervals": {
    "joint_log": {
      "count": 1079,
      "blocks": 36,
      "mean_difference": -0.03762565186754267,
      "ci95_lower": -0.04976329119762219,
      "ci95_upper": -0.02732556391863896
    },
    "one_x_two_brier": {
      "count": 1079,
      "blocks": 36,
      "mean_difference": -0.006864685742751513,
      "ci95_lower": -0.00866967791050141,
      "ci95_upper": -0.005125672426686031
    },
    "one_x_two_rps": {
      "count": 1079,
      "blocks": 36,
      "mean_difference": -0.00984854481406187,
      "ci95_lower": -0.012501215950123089,
      "ci95_upper": -0.007724956549816531
    },
    "total_goals_rps": {
      "count": 1079,
      "blocks": 36,
      "mean_difference": -0.0005283614839260587,
      "ci95_lower": -0.0010331834452813806,
      "ci95_upper": 2.8764191224002213e-05
    }
  },
  "coverage": {
    "top1": {
      "current": 0.1334569045412419,
      "candidate": 0.14735866543095458
    },
    "top3": {
      "current": 0.3410565338276182,
      "candidate": 0.3568118628359592
    },
    "top5": {
      "current": 0.4976830398517145,
      "candidate": 0.5143651529193698
    },
    "score80": {
      "current": 0.8294717330861909,
      "candidate": 0.8359592215013901
    },
    "score90": {
      "current": 0.9221501390176089,
      "candidate": 0.9249304911955515
    }
  },
  "checks": {
    "minimum_outer_predictions": true,
    "minimum_independent_forward_time_folds": true,
    "candidate_frozen_before_each_target_season": true,
    "one_x_two_rps_ci_improves": true,
    "joint_log_ci_nonworse": true,
    "one_x_two_brier_ci_nonworse": true,
    "total_goals_rps_ci_nonworse": false,
    "top1_nonworse": true,
    "top3_nonworse": true,
    "top5_nonworse": true,
    "score80_calibrated": true,
    "score90_calibrated": true,
    "probability_conservation": true,
    "non_identity_selected": true
  },
  "folds": [
    {
      "fold_id": "2022/23:OUTER1",
      "target_season": "2022/23",
      "selection_season": "2021/22",
      "candidate_frozen_before_target_season": "adaptive_6",
      "test_start": "2022-09-02",
      "test_end": "2023-02-05",
      "outer_predictions": 133
    },
    {
      "fold_id": "2022/23:OUTER2",
      "target_season": "2022/23",
      "selection_season": "2021/22",
      "candidate_frozen_before_target_season": "adaptive_6",
      "test_start": "2023-02-06",
      "test_end": "2023-05-27",
      "outer_predictions": 137
    },
    {
      "fold_id": "2023/24:OUTER1",
      "target_season": "2023/24",
      "selection_season": "2022/23",
      "candidate_frozen_before_target_season": "adaptive_6",
      "test_start": "2023-09-15",
      "test_end": "2024-01-29",
      "outer_predictions": 133
    },
    {
      "fold_id": "2023/24:OUTER2",
      "target_season": "2023/24",
      "selection_season": "2022/23",
      "candidate_frozen_before_target_season": "adaptive_6",
      "test_start": "2024-01-31",
      "test_end": "2024-05-18",
      "outer_predictions": 137
    },
    {
      "fold_id": "2024/25:OUTER1",
      "target_season": "2024/25",
      "selection_season": "2023/24",
      "candidate_frozen_before_target_season": "adaptive_6",
      "test_start": "2024-09-13",
      "test_end": "2025-01-19",
      "outer_predictions": 125
    },
    {
      "fold_id": "2024/25:OUTER2",
      "target_season": "2024/25",
      "selection_season": "2023/24",
      "candidate_frozen_before_target_season": "adaptive_6",
      "test_start": "2025-01-20",
      "test_end": "2025-05-17",
      "outer_predictions": 145
    },
    {
      "fold_id": "2025/26:OUTER1",
      "target_season": "2025/26",
      "selection_season": "2024/25",
      "candidate_frozen_before_target_season": "adaptive_6",
      "test_start": "2025-09-12",
      "test_end": "2026-01-23",
      "outer_predictions": 126
    },
    {
      "fold_id": "2025/26:OUTER2",
      "target_season": "2025/26",
      "selection_season": "2024/25",
      "candidate_frozen_before_target_season": "adaptive_6",
      "test_start": "2026-01-24",
      "test_end": "2026-05-16",
      "outer_predictions": 143
    }
  ],
  "policy": "Strict forward-season review only. Passing still requires replay through the formal OOF calibration/final matrix chain and a CURRENT-compliant competition-specific promotion receipt."
}