{
  "schema_version": "V4.7.0-dynamic-strength-allocation-only-second-stage-r1",
  "generated_at_utc": "2026-07-20T11:36:56+00:00",
  "competition_id": "NED_Eredivisie",
  "status": "ALLOCATION_ONLY_SECOND_STAGE_FINAL_CHAIN_REVIEW_CANDIDATE",
  "formal_weight": 0,
  "automatic_promotion": false,
  "probability_change": false,
  "total_goals_marginal_policy": "preserve_current_champion_mu_total_and_NB_track",
  "outer_predictions": 1065,
  "independent_forward_time_folds": 8,
  "season_candidate_selections": [
    {
      "target_season": "2022/23",
      "selection_season": "2021/22",
      "selected_candidate": "adaptive_6",
      "selection_predictions": 266
    },
    {
      "target_season": "2023/24",
      "selection_season": "2022/23",
      "selected_candidate": "adaptive_6",
      "selection_predictions": 268
    },
    {
      "target_season": "2024/25",
      "selection_season": "2023/24",
      "selected_candidate": "adaptive_6",
      "selection_predictions": 266
    },
    {
      "target_season": "2025/26",
      "selection_season": "2024/25",
      "selected_candidate": "moderate_4",
      "selection_predictions": 266
    }
  ],
  "selected_candidate_counts": {
    "adaptive_6": 3,
    "moderate_4": 1
  },
  "confidence_intervals": {
    "joint_log": {
      "count": 1065,
      "blocks": 35,
      "mean_difference": -0.015663980148696053,
      "ci95_lower": -0.02264902857388452,
      "ci95_upper": -0.008412499004262336
    },
    "one_x_two_brier": {
      "count": 1065,
      "blocks": 35,
      "mean_difference": -0.002851813422451308,
      "ci95_lower": -0.004476386579033214,
      "ci95_upper": -0.0015109874764538645
    },
    "one_x_two_rps": {
      "count": 1065,
      "blocks": 35,
      "mean_difference": -0.004209066118192488,
      "ci95_lower": -0.006308048225139821,
      "ci95_upper": -0.002203611358284134
    },
    "total_goals_rps": {
      "count": 1065,
      "blocks": 35,
      "mean_difference": 7.062686377310267e-18,
      "ci95_lower": -2.7350384730729223e-18,
      "ci95_upper": 2.053520982496707e-17
    }
  },
  "coverage": {
    "top1": {
      "current": 0.12112676056338029,
      "candidate": 0.12300469483568074
    },
    "top3": {
      "current": 0.27605633802816903,
      "candidate": 0.27699530516431925
    },
    "top5": {
      "current": 0.4309859154929577,
      "candidate": 0.431924882629108
    },
    "score80": {
      "current": 0.8300469483568075,
      "candidate": 0.8347417840375587
    },
    "score90": {
      "current": 0.9211267605633803,
      "candidate": 0.9267605633802817
    }
  },
  "checks": {
    "minimum_outer_predictions": true,
    "minimum_independent_forward_time_folds": true,
    "candidate_frozen_before_each_target_season": true,
    "one_x_two_rps_ci_improves": true,
    "joint_log_ci_improves": true,
    "one_x_two_brier_ci_nonworse": true,
    "total_goals_rps_preserved": true,
    "top1_nonworse": true,
    "top3_nonworse": true,
    "top5_nonworse": true,
    "score80_calibrated": true,
    "score90_calibrated": true,
    "probability_conservation": true,
    "non_identity_selected": true
  },
  "folds": [
    {
      "fold_id": "2022/23:OUTER1",
      "target_season": "2022/23",
      "selection_season": "2021/22",
      "candidate_frozen_before_target_season": "adaptive_6",
      "test_start": "2022-09-02",
      "test_end": "2023-01-28",
      "outer_predictions": 128
    },
    {
      "fold_id": "2022/23:OUTER2",
      "target_season": "2022/23",
      "selection_season": "2021/22",
      "candidate_frozen_before_target_season": "adaptive_6",
      "test_start": "2023-01-29",
      "test_end": "2023-05-28",
      "outer_predictions": 140
    },
    {
      "fold_id": "2023/24:OUTER1",
      "target_season": "2023/24",
      "selection_season": "2022/23",
      "candidate_frozen_before_target_season": "adaptive_6",
      "test_start": "2023-09-16",
      "test_end": "2024-01-21",
      "outer_predictions": 121
    },
    {
      "fold_id": "2023/24:OUTER2",
      "target_season": "2023/24",
      "selection_season": "2022/23",
      "candidate_frozen_before_target_season": "adaptive_6",
      "test_start": "2024-01-24",
      "test_end": "2024-05-19",
      "outer_predictions": 145
    },
    {
      "fold_id": "2024/25:OUTER1",
      "target_season": "2024/25",
      "selection_season": "2023/24",
      "candidate_frozen_before_target_season": "adaptive_6",
      "test_start": "2024-09-14",
      "test_end": "2025-01-24",
      "outer_predictions": 131
    },
    {
      "fold_id": "2024/25:OUTER2",
      "target_season": "2024/25",
      "selection_season": "2023/24",
      "candidate_frozen_before_target_season": "adaptive_6",
      "test_start": "2025-01-25",
      "test_end": "2025-05-18",
      "outer_predictions": 135
    },
    {
      "fold_id": "2025/26:OUTER1",
      "target_season": "2025/26",
      "selection_season": "2024/25",
      "candidate_frozen_before_target_season": "moderate_4",
      "test_start": "2025-09-13",
      "test_end": "2026-01-21",
      "outer_predictions": 129
    },
    {
      "fold_id": "2025/26:OUTER2",
      "target_season": "2025/26",
      "selection_season": "2024/25",
      "candidate_frozen_before_target_season": "moderate_4",
      "test_start": "2026-01-24",
      "test_end": "2026-05-17",
      "outer_predictions": 136
    }
  ],
  "policy": "Strict forward-season allocation-only research. Passing still requires final OOF calibration-chain replay and live-input governance review."
}