date,game_id,competition_id,season,home_team,away_team,home_goals,away_goals
1963-08-24,1963-64:de.1:1:Werder Bremen:Borussia Dortmund,de.1,1963-64,Werder Bremen,Borussia Dortmund,3,2
1963-08-24,1963-64:de.1:2:1. FC Saarbrücken:1. FC Köln,de.1,1963-64,1. FC Saarbrücken,1. FC Köln,0,2
1963-08-24,1963-64:de.1:3:TSV 1860 München:Eintracht Braunschweig,de.1,1963-64,TSV 1860 München,Eintracht Braunschweig,1,1
1963-08-24,1963-64:de.1:4:Eintracht Frankfurt:1. FC Kaiserslautern,de.1,1963-64,Eintracht Frankfurt,1. FC Kaiserslautern,1,1
1963-08-24,1963-64:de.1:5:FC Schalke 04:VfB Stuttgart,de.1,1963-64,FC Schalke 04,VfB Stuttgart,2,0
1963-08-24,1963-64:de.1:6:Preußen Münster:Hamburger SV,de.1,1963-64,Preußen Münster,Hamburger SV,1,1
1963-08-24,1963-64:de.1:7:Karlsruher SC:MSV Duisburg,de.1,1963-64,Karlsruher SC,MSV Duisburg,1,4
1963-08-24,1963-64:de.1:8:Hertha BSC:1. FC Nürnberg,de.1,1963-64,Hertha BSC,1. FC Nürnberg,1,1
1963-08-31,1963-64:de.1:10:Hamburger SV:1. FC Saarbrücken,de.1,1963-64,Hamburger SV,1. FC Saarbrücken,4,2
1963-08-31,1963-64:de.1:11:1. FC Nürnberg:Werder Bremen,de.1,1963-64,1. FC Nürnberg,Werder Bremen,3,0
1963-08-31,1963-64:de.1:12:1. FC Köln:Karlsruher SC,de.1,1963-64,1. FC Köln,Karlsruher SC,4,0
1963-08-31,1963-64:de.1:13:1. FC Kaiserslautern:FC Schalke 04,de.1,1963-64,1. FC Kaiserslautern,FC Schalke 04,2,3
1963-08-31,1963-64:de.1:14:VfB Stuttgart:Hertha BSC,de.1,1963-64,VfB Stuttgart,Hertha BSC,2,0
1963-08-31,1963-64:de.1:15:MSV Duisburg:Eintracht Frankfurt,de.1,1963-64,MSV Duisburg,Eintracht Frankfurt,3,1
1963-08-31,1963-64:de.1:16:Eintracht Braunschweig:Preußen Münster,de.1,1963-64,Eintracht Braunschweig,Preußen Münster,1,0
1963-08-31,1963-64:de.1:9:Borussia Dortmund:TSV 1860 München,de.1,1963-64,Borussia Dortmund,TSV 1860 München,3,3
1963-09-07,1963-64:de.1:17:TSV 1860 München:1. FC Köln,de.1,1963-64,TSV 1860 München,1. FC Köln,1,3
1963-09-07,1963-64:de.1:18:Karlsruher SC:Hamburger SV,de.1,1963-64,Karlsruher SC,Hamburger SV,0,4
1963-09-07,1963-64:de.1:19:Eintracht Frankfurt:1. FC Nürnberg,de.1,1963-64,Eintracht Frankfurt,1. FC Nürnberg,2,3
1963-09-07,1963-64:de.1:20:FC Schalke 04:Borussia Dortmund,de.1,1963-64,FC Schalke 04,Borussia Dortmund,3,1
1963-09-07,1963-64:de.1:21:Werder Bremen:VfB Stuttgart,de.1,1963-64,Werder Bremen,VfB Stuttgart,2,2
1963-09-07,1963-64:de.1:22:Hertha BSC:1. FC Kaiserslautern,de.1,1963-64,Hertha BSC,1. FC Kaiserslautern,2,2
1963-09-07,1963-64:de.1:23:Preußen Münster:MSV Duisburg,de.1,1963-64,Preußen Münster,MSV Duisburg,4,2
1963-09-07,1963-64:de.1:24:1. FC Saarbrücken:Eintracht Braunschweig,de.1,1963-64,1. FC Saarbrücken,Eintracht Braunschweig,2,2
1963-09-14,1963-64:de.1:25:1. FC Köln:FC Schalke 04,de.1,1963-64,1. FC Köln,FC Schalke 04,2,2
1963-09-14,1963-64:de.1:26:1. FC Nürnberg:Preußen Münster,de.1,1963-64,1. FC Nürnberg,Preußen Münster,2,2
1963-09-14,1963-64:de.1:27:Borussia Dortmund:1. FC Saarbrücken,de.1,1963-64,Borussia Dortmund,1. FC Saarbrücken,2,1
1963-09-14,1963-64:de.1:28:Hamburger SV:Eintracht Frankfurt,de.1,1963-64,Hamburger SV,Eintracht Frankfurt,3,0
1963-09-14,1963-64:de.1:29:VfB Stuttgart:TSV 1860 München,de.1,1963-64,VfB Stuttgart,TSV 1860 München,1,1
1963-09-14,1963-64:de.1:30:1. FC Kaiserslautern:Werder Bremen,de.1,1963-64,1. FC Kaiserslautern,Werder Bremen,3,0
1963-09-14,1963-64:de.1:31:MSV Duisburg:Hertha BSC,de.1,1963-64,MSV Duisburg,Hertha BSC,1,3
1963-09-14,1963-64:de.1:32:Eintracht Braunschweig:Karlsruher SC,de.1,1963-64,Eintracht Braunschweig,Karlsruher SC,2,0
1963-09-21,1963-64:de.1:33:FC Schalke 04:Hamburger SV,de.1,1963-64,FC Schalke 04,Hamburger SV,1,0
1963-09-21,1963-64:de.1:34:1. FC Saarbrücken:1. FC Nürnberg,de.1,1963-64,1. FC Saarbrücken,1. FC Nürnberg,3,5
1963-09-21,1963-64:de.1:35:Hertha BSC:1. FC Köln,de.1,1963-64,Hertha BSC,1. FC Köln,0,3
1963-09-21,1963-64:de.1:36:Karlsruher SC:Borussia Dortmund,de.1,1963-64,Karlsruher SC,Borussia Dortmund,1,3
1963-09-21,1963-64:de.1:37:TSV 1860 München:1. FC Kaiserslautern,de.1,1963-64,TSV 1860 München,1. FC Kaiserslautern,3,0
1963-09-21,1963-64:de.1:38:Eintracht Frankfurt:Eintracht Braunschweig,de.1,1963-64,Eintracht Frankfurt,Eintracht Braunschweig,3,0
1963-09-21,1963-64:de.1:39:Preußen Münster:VfB Stuttgart,de.1,1963-64,Preußen Münster,VfB Stuttgart,4,2
1963-09-21,1963-64:de.1:40:Werder Bremen:MSV Duisburg,de.1,1963-64,Werder Bremen,MSV Duisburg,1,1
1963-10-05,1963-64:de.1:41:1. FC Köln:Werder Bremen,de.1,1963-64,1. FC Köln,Werder Bremen,4,3
1963-10-05,1963-64:de.1:42:1. FC Kaiserslautern:Preußen Münster,de.1,1963-64,1. FC Kaiserslautern,Preußen Münster,0,0
1963-10-05,1963-64:de.1:43:MSV Duisburg:TSV 1860 München,de.1,1963-64,MSV Duisburg,TSV 1860 München,3,0
1963-10-05,1963-64:de.1:44:VfB Stuttgart:1. FC Saarbrücken,de.1,1963-64,VfB Stuttgart,1. FC Saarbrücken,3,1
1963-10-05,1963-64:de.1:45:1. FC Nürnberg:Karlsruher SC,de.1,1963-64,1. FC Nürnberg,Karlsruher SC,2,4
1963-10-05,1963-64:de.1:46:Hamburger SV:Hertha BSC,de.1,1963-64,Hamburger SV,Hertha BSC,5,1
1963-10-05,1963-64:de.1:47:Eintracht Braunschweig:FC Schalke 04,de.1,1963-64,Eintracht Braunschweig,FC Schalke 04,4,3
1963-10-05,1963-64:de.1:48:Borussia Dortmund:Eintracht Frankfurt,de.1,1963-64,Borussia Dortmund,Eintracht Frankfurt,3,0
1963-10-12,1963-64:de.1:49:Eintracht Frankfurt:1. FC Köln,de.1,1963-64,Eintracht Frankfurt,1. FC Köln,2,1
1963-10-12,1963-64:de.1:50:Hertha BSC:Eintracht Braunschweig,de.1,1963-64,Hertha BSC,Eintracht Braunschweig,1,2
1963-10-12,1963-64:de.1:51:TSV 1860 München:1. FC Nürnberg,de.1,1963-64,TSV 1860 München,1. FC Nürnberg,5,0
1963-10-12,1963-64:de.1:52:Karlsruher SC:VfB Stuttgart,de.1,1963-64,Karlsruher SC,VfB Stuttgart,0,3
1963-10-12,1963-64:de.1:53:FC Schalke 04:MSV Duisburg,de.1,1963-64,FC Schalke 04,MSV Duisburg,2,2
1963-10-12,1963-64:de.1:54:1. FC Saarbrücken:1. FC Kaiserslautern,de.1,1963-64,1. FC Saarbrücken,1. FC Kaiserslautern,2,4
1963-10-12,1963-64:de.1:55:Werder Bremen:Hamburger SV,de.1,1963-64,Werder Bremen,Hamburger SV,4,2
1963-10-12,1963-64:de.1:56:Preußen Münster:Borussia Dortmund,de.1,1963-64,Preußen Münster,Borussia Dortmund,1,2
1963-10-19,1963-64:de.1:57:Hamburger SV:TSV 1860 München,de.1,1963-64,Hamburger SV,TSV 1860 München,5,0
1963-10-19,1963-64:de.1:58:1. FC Köln:Preußen Münster,de.1,1963-64,1. FC Köln,Preußen Münster,3,0
1963-10-19,1963-64:de.1:59:1. FC Nürnberg:FC Schalke 04,de.1,1963-64,1. FC Nürnberg,FC Schalke 04,0,2
1963-10-19,1963-64:de.1:60:VfB Stuttgart:Eintracht Frankfurt,de.1,1963-64,VfB Stuttgart,Eintracht Frankfurt,0,0
1963-10-19,1963-64:de.1:61:MSV Duisburg:1. FC Saarbrücken,de.1,1963-64,MSV Duisburg,1. FC Saarbrücken,3,1
1963-10-19,1963-64:de.1:62:1. FC Kaiserslautern:Karlsruher SC,de.1,1963-64,1. FC Kaiserslautern,Karlsruher SC,1,0
1963-10-19,1963-64:de.1:63:Eintracht Braunschweig:Werder Bremen,de.1,1963-64,Eintracht Braunschweig,Werder Bremen,1,1
1963-10-19,1963-64:de.1:64:Borussia Dortmund:Hertha BSC,de.1,1963-64,Borussia Dortmund,Hertha BSC,7,2
1963-10-26,1963-64:de.1:65:VfB Stuttgart:Borussia Dortmund,de.1,1963-64,VfB Stuttgart,Borussia Dortmund,2,1
1963-10-26,1963-64:de.1:66:FC Schalke 04:Werder Bremen,de.1,1963-64,FC Schalke 04,Werder Bremen,2,3
1963-10-26,1963-64:de.1:67:Hamburger SV:Eintracht Braunschweig,de.1,1963-64,Hamburger SV,Eintracht Braunschweig,2,1
1963-10-26,1963-64:de.1:68:1. FC Köln:MSV Duisburg,de.1,1963-64,1. FC Köln,MSV Duisburg,3,3
1963-10-26,1963-64:de.1:69:1. FC Nürnberg:1. FC Kaiserslautern,de.1,1963-64,1. FC Nürnberg,1. FC Kaiserslautern,0,5
1963-10-26,1963-64:de.1:70:Preußen Münster:TSV 1860 München,de.1,1963-64,Preußen Münster,TSV 1860 München,0,0
1963-10-26,1963-64:de.1:71:Hertha BSC:Eintracht Frankfurt,de.1,1963-64,Hertha BSC,Eintracht Frankfurt,1,3
1963-10-26,1963-64:de.1:72:1. FC Saarbrücken:Karlsruher SC,de.1,1963-64,1. FC Saarbrücken,Karlsruher SC,1,3
1963-11-08,1963-64:de.1:73:Eintracht Braunschweig:1. FC Köln,de.1,1963-64,Eintracht Braunschweig,1. FC Köln,1,1
1963-11-09,1963-64:de.1:74:1. FC Kaiserslautern:VfB Stuttgart,de.1,1963-64,1. FC Kaiserslautern,VfB Stuttgart,1,3
1963-11-09,1963-64:de.1:75:MSV Duisburg:Hamburger SV,de.1,1963-64,MSV Duisburg,Hamburger SV,4,0
1963-11-09,1963-64:de.1:76:Eintracht Frankfurt:FC Schalke 04,de.1,1963-64,Eintracht Frankfurt,FC Schalke 04,4,2
1963-11-09,1963-64:de.1:77:TSV 1860 München:1. FC Saarbrücken,de.1,1963-64,TSV 1860 München,1. FC Saarbrücken,7,1
1963-11-09,1963-64:de.1:78:Karlsruher SC:Preußen Münster,de.1,1963-64,Karlsruher SC,Preußen Münster,4,2
1963-11-09,1963-64:de.1:79:Werder Bremen:Hertha BSC,de.1,1963-64,Werder Bremen,Hertha BSC,2,2
1963-11-09,1963-64:de.1:80:Borussia Dortmund:1. FC Nürnberg,de.1,1963-64,Borussia Dortmund,1. FC Nürnberg,3,1
1963-11-16,1963-64:de.1:81:1. FC Köln:Hamburger SV,de.1,1963-64,1. FC Köln,Hamburger SV,4,1
1963-11-16,1963-64:de.1:82:Eintracht Braunschweig:MSV Duisburg,de.1,1963-64,Eintracht Braunschweig,MSV Duisburg,0,0
1963-11-16,1963-64:de.1:83:1. FC Saarbrücken:Preußen Münster,de.1,1963-64,1. FC Saarbrücken,Preußen Münster,1,1
1963-11-16,1963-64:de.1:84:VfB Stuttgart:1. FC Nürnberg,de.1,1963-64,VfB Stuttgart,1. FC Nürnberg,1,0
1963-11-16,1963-64:de.1:85:TSV 1860 München:Karlsruher SC,de.1,1963-64,TSV 1860 München,Karlsruher SC,1,0
1963-11-16,1963-64:de.1:86:Werder Bremen:Eintracht Frankfurt,de.1,1963-64,Werder Bremen,Eintracht Frankfurt,4,1
1963-11-16,1963-64:de.1:87:Borussia Dortmund:1. FC Kaiserslautern,de.1,1963-64,Borussia Dortmund,1. FC Kaiserslautern,9,3
1963-11-16,1963-64:de.1:88:FC Schalke 04:Hertha BSC,de.1,1963-64,FC Schalke 04,Hertha BSC,1,0
1963-11-23,1963-64:de.1:89:1. FC Nürnberg:1. FC Köln,de.1,1963-64,1. FC Nürnberg,1. FC Köln,2,2
1963-11-23,1963-64:de.1:90:Hamburger SV:VfB Stuttgart,de.1,1963-64,Hamburger SV,VfB Stuttgart,1,1
1963-11-23,1963-64:de.1:91:MSV Duisburg:Borussia Dortmund,de.1,1963-64,MSV Duisburg,Borussia Dortmund,3,3
1963-11-23,1963-64:de.1:92:Preußen Münster:FC Schalke 04,de.1,1963-64,Preußen Münster,FC Schalke 04,2,2
1963-11-23,1963-64:de.1:93:1. FC Kaiserslautern:Eintracht Braunschweig,de.1,1963-64,1. FC Kaiserslautern,Eintracht Braunschweig,2,1
1963-11-23,1963-64:de.1:94:Hertha BSC:1. FC Saarbrücken,de.1,1963-64,Hertha BSC,1. FC Saarbrücken,3,2
1963-11-23,1963-64:de.1:95:Karlsruher SC:Werder Bremen,de.1,1963-64,Karlsruher SC,Werder Bremen,1,1
1963-11-23,1963-64:de.1:96:Eintracht Frankfurt:TSV 1860 München,de.1,1963-64,Eintracht Frankfurt,TSV 1860 München,5,2
1963-11-30,1963-64:de.1:100:VfB Stuttgart:Eintracht Braunschweig,de.1,1963-64,VfB Stuttgart,Eintracht Braunschweig,5,0
1963-11-30,1963-64:de.1:101:Werder Bremen:1. FC Saarbrücken,de.1,1963-64,Werder Bremen,1. FC Saarbrücken,0,3
1963-11-30,1963-64:de.1:102:Eintracht Frankfurt:Preußen Münster,de.1,1963-64,Eintracht Frankfurt,Preußen Münster,3,0
1963-11-30,1963-64:de.1:103:FC Schalke 04:TSV 1860 München,de.1,1963-64,FC Schalke 04,TSV 1860 München,2,1
1963-11-30,1963-64:de.1:104:Borussia Dortmund:1. FC Köln,de.1,1963-64,Borussia Dortmund,1. FC Köln,2,3
1963-11-30,1963-64:de.1:97:1. FC Nürnberg:MSV Duisburg,de.1,1963-64,1. FC Nürnberg,MSV Duisburg,2,0
1963-11-30,1963-64:de.1:98:Hertha BSC:Karlsruher SC,de.1,1963-64,Hertha BSC,Karlsruher SC,2,3
1963-11-30,1963-64:de.1:99:1. FC Kaiserslautern:Hamburger SV,de.1,1963-64,1. FC Kaiserslautern,Hamburger SV,3,2
1963-12-07,1963-64:de.1:105:MSV Duisburg:VfB Stuttgart,de.1,1963-64,MSV Duisburg,VfB Stuttgart,3,0
1963-12-07,1963-64:de.1:106:Preußen Münster:Werder Bremen,de.1,1963-64,Preußen Münster,Werder Bremen,1,3
1963-12-07,1963-64:de.1:107:Karlsruher SC:FC Schalke 04,de.1,1963-64,Karlsruher SC,FC Schalke 04,1,1
1963-12-07,1963-64:de.1:108:TSV 1860 München:Hertha BSC,de.1,1963-64,TSV 1860 München,Hertha BSC,1,2
1963-12-07,1963-64:de.1:109:1. FC Saarbrücken:Eintracht Frankfurt,de.1,1963-64,1. FC Saarbrücken,Eintracht Frankfurt,0,4
1963-12-07,1963-64:de.1:110:1. FC Köln:1. FC Kaiserslautern,de.1,1963-64,1. FC Köln,1. FC Kaiserslautern,5,1
1963-12-07,1963-64:de.1:111:Eintracht Braunschweig:1. FC Nürnberg,de.1,1963-64,Eintracht Braunschweig,1. FC Nürnberg,2,0
1963-12-14,1963-64:de.1:112:Hertha BSC:Preußen Münster,de.1,1963-64,Hertha BSC,Preußen Münster,2,0
1963-12-14,1963-64:de.1:113:Borussia Dortmund:Eintracht Braunschweig,de.1,1963-64,Borussia Dortmund,Eintracht Braunschweig,3,0
1963-12-14,1963-64:de.1:114:1. FC Nürnberg:Hamburger SV,de.1,1963-64,1. FC Nürnberg,Hamburger SV,3,2
1963-12-14,1963-64:de.1:115:Eintracht Frankfurt:Karlsruher SC,de.1,1963-64,Eintracht Frankfurt,Karlsruher SC,0,3
1963-12-14,1963-64:de.1:116:Werder Bremen:TSV 1860 München,de.1,1963-64,Werder Bremen,TSV 1860 München,4,1
1963-12-14,1963-64:de.1:117:1. FC Kaiserslautern:MSV Duisburg,de.1,1963-64,1. FC Kaiserslautern,MSV Duisburg,1,1
1963-12-14,1963-64:de.1:118:FC Schalke 04:1. FC Saarbrücken,de.1,1963-64,FC Schalke 04,1. FC Saarbrücken,4,1
1963-12-14,1963-64:de.1:119:VfB Stuttgart:1. FC Köln,de.1,1963-64,VfB Stuttgart,1. FC Köln,0,1
1963-12-21,1963-64:de.1:120:Hamburger SV:Borussia Dortmund,de.1,1963-64,Hamburger SV,Borussia Dortmund,2,1
1964-01-11,1963-64:de.1:121:Borussia Dortmund:Werder Bremen,de.1,1963-64,Borussia Dortmund,Werder Bremen,4,3
1964-01-11,1963-64:de.1:122:1. FC Köln:1. FC Saarbrücken,de.1,1963-64,1. FC Köln,1. FC Saarbrücken,1,3
1964-01-11,1963-64:de.1:123:1. FC Kaiserslautern:Eintracht Frankfurt,de.1,1963-64,1. FC Kaiserslautern,Eintracht Frankfurt,1,1
1964-01-11,1963-64:de.1:124:Hamburger SV:Preußen Münster,de.1,1963-64,Hamburger SV,Preußen Münster,5,0
1964-01-11,1963-64:de.1:125:MSV Duisburg:Karlsruher SC,de.1,1963-64,MSV Duisburg,Karlsruher SC,2,0
1964-01-11,1963-64:de.1:126:1. FC Nürnberg:Hertha BSC,de.1,1963-64,1. FC Nürnberg,Hertha BSC,2,3
1964-01-11,1963-64:de.1:127:Eintracht Braunschweig:TSV 1860 München,de.1,1963-64,Eintracht Braunschweig,TSV 1860 München,0,1
1964-01-18,1963-64:de.1:128:Preußen Münster:Eintracht Braunschweig,de.1,1963-64,Preußen Münster,Eintracht Braunschweig,0,2
1964-01-18,1963-64:de.1:129:Werder Bremen:1. FC Nürnberg,de.1,1963-64,Werder Bremen,1. FC Nürnberg,2,1
1964-01-18,1963-64:de.1:130:TSV 1860 München:Borussia Dortmund,de.1,1963-64,TSV 1860 München,Borussia Dortmund,6,1
1964-01-18,1963-64:de.1:131:Karlsruher SC:1. FC Köln,de.1,1963-64,Karlsruher SC,1. FC Köln,2,2
1964-01-18,1963-64:de.1:132:FC Schalke 04:1. FC Kaiserslautern,de.1,1963-64,FC Schalke 04,1. FC Kaiserslautern,4,0
1964-01-18,1963-64:de.1:133:Hertha BSC:VfB Stuttgart,de.1,1963-64,Hertha BSC,VfB Stuttgart,0,2
1964-01-25,1963-64:de.1:134:Borussia Dortmund:FC Schalke 04,de.1,1963-64,Borussia Dortmund,FC Schalke 04,3,0
1964-01-25,1963-64:de.1:135:1. FC Nürnberg:Eintracht Frankfurt,de.1,1963-64,1. FC Nürnberg,Eintracht Frankfurt,1,0
1964-01-25,1963-64:de.1:136:Hamburger SV:Karlsruher SC,de.1,1963-64,Hamburger SV,Karlsruher SC,1,1
1964-01-25,1963-64:de.1:137:Eintracht Braunschweig:1. FC Saarbrücken,de.1,1963-64,Eintracht Braunschweig,1. FC Saarbrücken,3,1
1964-01-25,1963-64:de.1:138:VfB Stuttgart:Werder Bremen,de.1,1963-64,VfB Stuttgart,Werder Bremen,2,0
1964-01-25,1963-64:de.1:139:MSV Duisburg:Preußen Münster,de.1,1963-64,MSV Duisburg,Preußen Münster,0,0
1964-01-25,1963-64:de.1:140:1. FC Köln:TSV 1860 München,de.1,1963-64,1. FC Köln,TSV 1860 München,2,2
1964-02-01,1963-64:de.1:141:FC Schalke 04:1. FC Köln,de.1,1963-64,FC Schalke 04,1. FC Köln,2,3
1964-02-01,1963-64:de.1:142:Werder Bremen:1. FC Kaiserslautern,de.1,1963-64,Werder Bremen,1. FC Kaiserslautern,2,0
1964-02-01,1963-64:de.1:143:Karlsruher SC:Eintracht Braunschweig,de.1,1963-64,Karlsruher SC,Eintracht Braunschweig,3,1
1964-02-08,1963-64:de.1:144:VfB Stuttgart:FC Schalke 04,de.1,1963-64,VfB Stuttgart,FC Schalke 04,2,0
1964-02-08,1963-64:de.1:145:1. FC Saarbrücken:Hamburger SV,de.1,1963-64,1. FC Saarbrücken,Hamburger SV,1,1
1964-02-08,1963-64:de.1:146:1. FC Kaiserslautern:Hertha BSC,de.1,1963-64,1. FC Kaiserslautern,Hertha BSC,3,0
1964-02-08,1963-64:de.1:147:Eintracht Frankfurt:MSV Duisburg,de.1,1963-64,Eintracht Frankfurt,MSV Duisburg,2,2
1964-02-08,1963-64:de.1:148:Preußen Münster:1. FC Nürnberg,de.1,1963-64,Preußen Münster,1. FC Nürnberg,0,1
1964-02-15,1963-64:de.1:149:1. FC Köln:Hertha BSC,de.1,1963-64,1. FC Köln,Hertha BSC,3,1
1964-02-15,1963-64:de.1:150:1. FC Nürnberg:1. FC Saarbrücken,de.1,1963-64,1. FC Nürnberg,1. FC Saarbrücken,2,0
1964-02-15,1963-64:de.1:151:Borussia Dortmund:Karlsruher SC,de.1,1963-64,Borussia Dortmund,Karlsruher SC,3,2
1964-02-15,1963-64:de.1:152:Hamburger SV:FC Schalke 04,de.1,1963-64,Hamburger SV,FC Schalke 04,3,1
1964-02-15,1963-64:de.1:153:VfB Stuttgart:Preußen Münster,de.1,1963-64,VfB Stuttgart,Preußen Münster,0,3
1964-02-15,1963-64:de.1:154:1. FC Kaiserslautern:TSV 1860 München,de.1,1963-64,1. FC Kaiserslautern,TSV 1860 München,2,1
1964-02-15,1963-64:de.1:155:Eintracht Braunschweig:Eintracht Frankfurt,de.1,1963-64,Eintracht Braunschweig,Eintracht Frankfurt,0,3
1964-02-15,1963-64:de.1:156:MSV Duisburg:Werder Bremen,de.1,1963-64,MSV Duisburg,Werder Bremen,1,0
1964-02-22,1963-64:de.1:157:1. FC Saarbrücken:VfB Stuttgart,de.1,1963-64,1. FC Saarbrücken,VfB Stuttgart,0,1
1964-02-22,1963-64:de.1:158:Werder Bremen:1. FC Köln,de.1,1963-64,Werder Bremen,1. FC Köln,1,1
1964-02-22,1963-64:de.1:159:Preußen Münster:1. FC Kaiserslautern,de.1,1963-64,Preußen Münster,1. FC Kaiserslautern,1,0
1964-02-22,1963-64:de.1:160:Hertha BSC:Hamburger SV,de.1,1963-64,Hertha BSC,Hamburger SV,1,2
1964-02-22,1963-64:de.1:161:Karlsruher SC:1. FC Nürnberg,de.1,1963-64,Karlsruher SC,1. FC Nürnberg,1,3
1964-02-22,1963-64:de.1:162:FC Schalke 04:Eintracht Braunschweig,de.1,1963-64,FC Schalke 04,Eintracht Braunschweig,2,0
1964-02-22,1963-64:de.1:163:Eintracht Frankfurt:Borussia Dortmund,de.1,1963-64,Eintracht Frankfurt,Borussia Dortmund,2,1
1964-02-29,1963-64:de.1:164:1. FC Köln:Eintracht Frankfurt,de.1,1963-64,1. FC Köln,Eintracht Frankfurt,1,1
1964-02-29,1963-64:de.1:165:VfB Stuttgart:Karlsruher SC,de.1,1963-64,VfB Stuttgart,Karlsruher SC,4,1
1964-02-29,1963-64:de.1:166:1. FC Nürnberg:TSV 1860 München,de.1,1963-64,1. FC Nürnberg,TSV 1860 München,2,2
1964-02-29,1963-64:de.1:167:Borussia Dortmund:Preußen Münster,de.1,1963-64,Borussia Dortmund,Preußen Münster,0,0
1964-02-29,1963-64:de.1:168:MSV Duisburg:FC Schalke 04,de.1,1963-64,MSV Duisburg,FC Schalke 04,3,0
1964-02-29,1963-64:de.1:169:1. FC Kaiserslautern:1. FC Saarbrücken,de.1,1963-64,1. FC Kaiserslautern,1. FC Saarbrücken,2,4
1964-03-07,1963-64:de.1:170:TSV 1860 München:Hamburger SV,de.1,1963-64,TSV 1860 München,Hamburger SV,9,2
1964-03-07,1963-64:de.1:171:Karlsruher SC:1. FC Kaiserslautern,de.1,1963-64,Karlsruher SC,1. FC Kaiserslautern,5,1
1964-03-07,1963-64:de.1:172:FC Schalke 04:1. FC Nürnberg,de.1,1963-64,FC Schalke 04,1. FC Nürnberg,4,1
1964-03-07,1963-64:de.1:173:Preußen Münster:1. FC Köln,de.1,1963-64,Preußen Münster,1. FC Köln,0,2
1964-03-07,1963-64:de.1:174:Hertha BSC:Borussia Dortmund,de.1,1963-64,Hertha BSC,Borussia Dortmund,0,0
1964-03-07,1963-64:de.1:175:1. FC Saarbrücken:MSV Duisburg,de.1,1963-64,1. FC Saarbrücken,MSV Duisburg,0,2
1964-03-07,1963-64:de.1:176:Eintracht Frankfurt:VfB Stuttgart,de.1,1963-64,Eintracht Frankfurt,VfB Stuttgart,3,2
1964-03-07,1963-64:de.1:177:Werder Bremen:Eintracht Braunschweig,de.1,1963-64,Werder Bremen,Eintracht Braunschweig,2,3
1964-03-14,1963-64:de.1:178:Eintracht Frankfurt:Hertha BSC,de.1,1963-64,Eintracht Frankfurt,Hertha BSC,4,0
1964-03-14,1963-64:de.1:179:Borussia Dortmund:VfB Stuttgart,de.1,1963-64,Borussia Dortmund,VfB Stuttgart,7,1
1964-03-14,1963-64:de.1:180:Werder Bremen:FC Schalke 04,de.1,1963-64,Werder Bremen,FC Schalke 04,1,0
1964-03-14,1963-64:de.1:181:MSV Duisburg:1. FC Köln,de.1,1963-64,MSV Duisburg,1. FC Köln,2,2
1964-03-14,1963-64:de.1:182:1. FC Kaiserslautern:1. FC Nürnberg,de.1,1963-64,1. FC Kaiserslautern,1. FC Nürnberg,3,1
1964-03-14,1963-64:de.1:183:TSV 1860 München:Preußen Münster,de.1,1963-64,TSV 1860 München,Preußen Münster,3,1
1964-03-14,1963-64:de.1:184:Karlsruher SC:1. FC Saarbrücken,de.1,1963-64,Karlsruher SC,1. FC Saarbrücken,2,2
1964-03-14,1963-64:de.1:185:Eintracht Braunschweig:Hamburger SV,de.1,1963-64,Eintracht Braunschweig,Hamburger SV,2,1
1964-03-21,1963-64:de.1:186:1. FC Saarbrücken:TSV 1860 München,de.1,1963-64,1. FC Saarbrücken,TSV 1860 München,1,2
1964-03-21,1963-64:de.1:187:VfB Stuttgart:1. FC Kaiserslautern,de.1,1963-64,VfB Stuttgart,1. FC Kaiserslautern,4,0
1964-03-21,1963-64:de.1:188:Hamburger SV:MSV Duisburg,de.1,1963-64,Hamburger SV,MSV Duisburg,3,3
1964-03-21,1963-64:de.1:189:Preußen Münster:Karlsruher SC,de.1,1963-64,Preußen Münster,Karlsruher SC,0,0
1964-03-21,1963-64:de.1:190:1. FC Köln:Eintracht Braunschweig,de.1,1963-64,1. FC Köln,Eintracht Braunschweig,4,1
1964-03-21,1963-64:de.1:191:FC Schalke 04:Eintracht Frankfurt,de.1,1963-64,FC Schalke 04,Eintracht Frankfurt,1,2
1964-03-21,1963-64:de.1:192:1. FC Nürnberg:Borussia Dortmund,de.1,1963-64,1. FC Nürnberg,Borussia Dortmund,4,0
1964-03-26,1963-64:de.1:193:Hamburger SV:Werder Bremen,de.1,1963-64,Hamburger SV,Werder Bremen,1,1
1964-03-26,1963-64:de.1:194:TSV 1860 München:VfB Stuttgart,de.1,1963-64,TSV 1860 München,VfB Stuttgart,1,1
1964-03-27,1963-64:de.1:195:Hertha BSC:MSV Duisburg,de.1,1963-64,Hertha BSC,MSV Duisburg,5,2
1964-03-30,1963-64:de.1:196:Eintracht Braunschweig:Hertha BSC,de.1,1963-64,Eintracht Braunschweig,Hertha BSC,1,1
1964-03-30,1963-64:de.1:197:1. FC Saarbrücken:Borussia Dortmund,de.1,1963-64,1. FC Saarbrücken,Borussia Dortmund,2,1
1964-03-30,1963-64:de.1:198:Eintracht Frankfurt:Hamburger SV,de.1,1963-64,Eintracht Frankfurt,Hamburger SV,2,2
1964-03-31,1963-64:de.1:199:TSV 1860 München:MSV Duisburg,de.1,1963-64,TSV 1860 München,MSV Duisburg,0,0
1964-04-04,1963-64:de.1:200:Hamburger SV:1. FC Köln,de.1,1963-64,Hamburger SV,1. FC Köln,1,1
1964-04-04,1963-64:de.1:201:MSV Duisburg:Eintracht Braunschweig,de.1,1963-64,MSV Duisburg,Eintracht Braunschweig,5,1
1964-04-04,1963-64:de.1:202:Hertha BSC:FC Schalke 04,de.1,1963-64,Hertha BSC,FC Schalke 04,1,0
1964-04-04,1963-64:de.1:203:Eintracht Frankfurt:Werder Bremen,de.1,1963-64,Eintracht Frankfurt,Werder Bremen,7,0
1964-04-04,1963-64:de.1:204:Preußen Münster:1. FC Saarbrücken,de.1,1963-64,Preußen Münster,1. FC Saarbrücken,2,1
1964-04-04,1963-64:de.1:205:1. FC Kaiserslautern:Borussia Dortmund,de.1,1963-64,1. FC Kaiserslautern,Borussia Dortmund,0,1
1964-04-04,1963-64:de.1:206:1. FC Nürnberg:VfB Stuttgart,de.1,1963-64,1. FC Nürnberg,VfB Stuttgart,0,0
1964-04-04,1963-64:de.1:207:Karlsruher SC:TSV 1860 München,de.1,1963-64,Karlsruher SC,TSV 1860 München,1,0
1964-04-11,1963-64:de.1:208:1. FC Köln:1. FC Nürnberg,de.1,1963-64,1. FC Köln,1. FC Nürnberg,5,0
1964-04-11,1963-64:de.1:209:Eintracht Braunschweig:1. FC Kaiserslautern,de.1,1963-64,Eintracht Braunschweig,1. FC Kaiserslautern,0,1
1964-04-11,1963-64:de.1:210:1. FC Saarbrücken:Hertha BSC,de.1,1963-64,1. FC Saarbrücken,Hertha BSC,3,0
1964-04-11,1963-64:de.1:211:VfB Stuttgart:Hamburger SV,de.1,1963-64,VfB Stuttgart,Hamburger SV,2,2
1964-04-11,1963-64:de.1:212:Borussia Dortmund:MSV Duisburg,de.1,1963-64,Borussia Dortmund,MSV Duisburg,0,0
1964-04-11,1963-64:de.1:213:TSV 1860 München:Eintracht Frankfurt,de.1,1963-64,TSV 1860 München,Eintracht Frankfurt,1,1
1964-04-11,1963-64:de.1:214:FC Schalke 04:Preußen Münster,de.1,1963-64,FC Schalke 04,Preußen Münster,1,2
1964-04-11,1963-64:de.1:215:Werder Bremen:Karlsruher SC,de.1,1963-64,Werder Bremen,Karlsruher SC,0,0
1964-04-15,1963-64:de.1:216:Hertha BSC:Werder Bremen,de.1,1963-64,Hertha BSC,Werder Bremen,5,2
1964-04-18,1963-64:de.1:217:1. FC Köln:Borussia Dortmund,de.1,1963-64,1. FC Köln,Borussia Dortmund,5,2
1964-04-18,1963-64:de.1:218:MSV Duisburg:1. FC Nürnberg,de.1,1963-64,MSV Duisburg,1. FC Nürnberg,0,0
1964-04-18,1963-64:de.1:219:Eintracht Braunschweig:VfB Stuttgart,de.1,1963-64,Eintracht Braunschweig,VfB Stuttgart,2,0
1964-04-18,1963-64:de.1:220:Karlsruher SC:Hertha BSC,de.1,1963-64,Karlsruher SC,Hertha BSC,1,1
1964-04-18,1963-64:de.1:221:TSV 1860 München:FC Schalke 04,de.1,1963-64,TSV 1860 München,FC Schalke 04,7,1
1964-04-18,1963-64:de.1:222:Hamburger SV:1. FC Kaiserslautern,de.1,1963-64,Hamburger SV,1. FC Kaiserslautern,7,3
1964-04-18,1963-64:de.1:223:1. FC Saarbrücken:Werder Bremen,de.1,1963-64,1. FC Saarbrücken,Werder Bremen,3,2
1964-04-18,1963-64:de.1:224:Preußen Münster:Eintracht Frankfurt,de.1,1963-64,Preußen Münster,Eintracht Frankfurt,1,3
1964-04-25,1963-64:de.1:225:VfB Stuttgart:MSV Duisburg,de.1,1963-64,VfB Stuttgart,MSV Duisburg,1,2
1964-04-25,1963-64:de.1:226:1. FC Kaiserslautern:1. FC Köln,de.1,1963-64,1. FC Kaiserslautern,1. FC Köln,3,3
1964-04-25,1963-64:de.1:227:Eintracht Frankfurt:1. FC Saarbrücken,de.1,1963-64,Eintracht Frankfurt,1. FC Saarbrücken,3,1
1964-04-25,1963-64:de.1:228:Hertha BSC:TSV 1860 München,de.1,1963-64,Hertha BSC,TSV 1860 München,3,1
1964-04-25,1963-64:de.1:229:1. FC Nürnberg:Eintracht Braunschweig,de.1,1963-64,1. FC Nürnberg,Eintracht Braunschweig,1,0
1964-04-25,1963-64:de.1:230:Werder Bremen:Preußen Münster,de.1,1963-64,Werder Bremen,Preußen Münster,4,2
1964-04-25,1963-64:de.1:231:FC Schalke 04:Karlsruher SC,de.1,1963-64,FC Schalke 04,Karlsruher SC,2,1
1964-05-05,1963-64:de.1:232:Borussia Dortmund:Hamburger SV,de.1,1963-64,Borussia Dortmund,Hamburger SV,5,2
1964-05-09,1963-64:de.1:233:1. FC Köln:VfB Stuttgart,de.1,1963-64,1. FC Köln,VfB Stuttgart,2,1
1964-05-09,1963-64:de.1:234:Hamburger SV:1. FC Nürnberg,de.1,1963-64,Hamburger SV,1. FC Nürnberg,2,2
1964-05-09,1963-64:de.1:235:Eintracht Braunschweig:Borussia Dortmund,de.1,1963-64,Eintracht Braunschweig,Borussia Dortmund,2,0
1964-05-09,1963-64:de.1:236:Karlsruher SC:Eintracht Frankfurt,de.1,1963-64,Karlsruher SC,Eintracht Frankfurt,1,2
1964-05-09,1963-64:de.1:237:TSV 1860 München:Werder Bremen,de.1,1963-64,TSV 1860 München,Werder Bremen,3,2
1964-05-09,1963-64:de.1:238:1. FC Saarbrücken:FC Schalke 04,de.1,1963-64,1. FC Saarbrücken,FC Schalke 04,1,1
1964-05-09,1963-64:de.1:239:Preußen Münster:Hertha BSC,de.1,1963-64,Preußen Münster,Hertha BSC,4,2
1964-05-09,1963-64:de.1:240:MSV Duisburg:1. FC Kaiserslautern,de.1,1963-64,MSV Duisburg,1. FC Kaiserslautern,3,0
1964-08-22,1964-65:de.1:1:Eintracht Frankfurt:FC Schalke 04,de.1,1964-65,Eintracht Frankfurt,FC Schalke 04,2,2
1964-08-22,1964-65:de.1:2:1. FC Kaiserslautern:Werder Bremen,de.1,1964-65,1. FC Kaiserslautern,Werder Bremen,2,1
1964-08-22,1964-65:de.1:3:Hamburger SV:VfB Stuttgart,de.1,1964-65,Hamburger SV,VfB Stuttgart,2,2
1964-08-22,1964-65:de.1:4:Borussia Dortmund:Hannover 96,de.1,1964-65,Borussia Dortmund,Hannover 96,0,2
1964-08-22,1964-65:de.1:5:Eintracht Braunschweig:TSV 1860 München,de.1,1964-65,Eintracht Braunschweig,TSV 1860 München,1,1
1964-08-22,1964-65:de.1:6:Karlsruher SC:MSV Duisburg,de.1,1964-65,Karlsruher SC,MSV Duisburg,2,1
1964-08-22,1964-65:de.1:7:1. FC Nürnberg:VfB Borussia Neunkirchen,de.1,1964-65,1. FC Nürnberg,VfB Borussia Neunkirchen,2,0
1964-08-22,1964-65:de.1:8:1. FC Köln:Hertha BSC,de.1,1964-65,1. FC Köln,Hertha BSC,2,3
1964-08-29,1964-65:de.1:10:Hannover 96:1. FC Köln,de.1,1964-65,Hannover 96,1. FC Köln,2,0
1964-08-29,1964-65:de.1:11:Hertha BSC:Hamburger SV,de.1,1964-65,Hertha BSC,Hamburger SV,0,0
1964-08-29,1964-65:de.1:12:FC Schalke 04:Karlsruher SC,de.1,1964-65,FC Schalke 04,Karlsruher SC,1,1
1964-08-29,1964-65:de.1:13:VfB Borussia Neunkirchen:Borussia Dortmund,de.1,1964-65,VfB Borussia Neunkirchen,Borussia Dortmund,1,2
1964-08-29,1964-65:de.1:14:MSV Duisburg:1. FC Kaiserslautern,de.1,1964-65,MSV Duisburg,1. FC Kaiserslautern,3,1
1964-08-29,1964-65:de.1:15:Werder Bremen:Eintracht Braunschweig,de.1,1964-65,Werder Bremen,Eintracht Braunschweig,5,1
1964-08-29,1964-65:de.1:16:TSV 1860 München:Eintracht Frankfurt,de.1,1964-65,TSV 1860 München,Eintracht Frankfurt,0,1
1964-08-29,1964-65:de.1:9:VfB Stuttgart:1. FC Nürnberg,de.1,1964-65,VfB Stuttgart,1. FC Nürnberg,3,1
1964-09-05,1964-65:de.1:17:Hamburger SV:Hannover 96,de.1,1964-65,Hamburger SV,Hannover 96,3,0
1964-09-05,1964-65:de.1:18:1. FC Köln:VfB Borussia Neunkirchen,de.1,1964-65,1. FC Köln,VfB Borussia Neunkirchen,4,3
1964-09-05,1964-65:de.1:19:1. FC Nürnberg:Hertha BSC,de.1,1964-65,1. FC Nürnberg,Hertha BSC,2,0
1964-09-05,1964-65:de.1:20:Karlsruher SC:TSV 1860 München,de.1,1964-65,Karlsruher SC,TSV 1860 München,1,5
1964-09-05,1964-65:de.1:21:Eintracht Frankfurt:Werder Bremen,de.1,1964-65,Eintracht Frankfurt,Werder Bremen,0,2
1964-09-05,1964-65:de.1:22:1. FC Kaiserslautern:FC Schalke 04,de.1,1964-65,1. FC Kaiserslautern,FC Schalke 04,3,0
1964-09-05,1964-65:de.1:23:Eintracht Braunschweig:MSV Duisburg,de.1,1964-65,Eintracht Braunschweig,MSV Duisburg,0,1
1964-09-11,1964-65:de.1:24:Borussia Dortmund:VfB Stuttgart,de.1,1964-65,Borussia Dortmund,VfB Stuttgart,1,0
1964-09-12,1964-65:de.1:25:VfB Stuttgart:1. FC Köln,de.1,1964-65,VfB Stuttgart,1. FC Köln,3,3
1964-09-12,1964-65:de.1:26:Hannover 96:1. FC Nürnberg,de.1,1964-65,Hannover 96,1. FC Nürnberg,2,2
1964-09-12,1964-65:de.1:27:MSV Duisburg:Eintracht Frankfurt,de.1,1964-65,MSV Duisburg,Eintracht Frankfurt,1,3
1964-09-12,1964-65:de.1:28:TSV 1860 München:1. FC Kaiserslautern,de.1,1964-65,TSV 1860 München,1. FC Kaiserslautern,2,2
1964-09-12,1964-65:de.1:29:FC Schalke 04:Eintracht Braunschweig,de.1,1964-65,FC Schalke 04,Eintracht Braunschweig,0,3
1964-09-12,1964-65:de.1:30:Werder Bremen:Karlsruher SC,de.1,1964-65,Werder Bremen,Karlsruher SC,1,0
1964-09-12,1964-65:de.1:31:VfB Borussia Neunkirchen:Hamburger SV,de.1,1964-65,VfB Borussia Neunkirchen,Hamburger SV,3,1
1964-09-12,1964-65:de.1:32:Hertha BSC:Borussia Dortmund,de.1,1964-65,Hertha BSC,Borussia Dortmund,0,0
1964-09-19,1964-65:de.1:33:1. FC Nürnberg:FC Schalke 04,de.1,1964-65,1. FC Nürnberg,FC Schalke 04,3,2
1964-09-19,1964-65:de.1:34:Hamburger SV:MSV Duisburg,de.1,1964-65,Hamburger SV,MSV Duisburg,3,0
1964-09-19,1964-65:de.1:35:1. FC Köln:Werder Bremen,de.1,1964-65,1. FC Köln,Werder Bremen,4,2
1964-09-19,1964-65:de.1:36:VfB Stuttgart:Hertha BSC,de.1,1964-65,VfB Stuttgart,Hertha BSC,1,1
1964-09-19,1964-65:de.1:37:Borussia Dortmund:TSV 1860 München,de.1,1964-65,Borussia Dortmund,TSV 1860 München,1,1
1964-09-19,1964-65:de.1:38:1. FC Kaiserslautern:Hannover 96,de.1,1964-65,1. FC Kaiserslautern,Hannover 96,1,0
1964-09-19,1964-65:de.1:39:Eintracht Braunschweig:VfB Borussia Neunkirchen,de.1,1964-65,Eintracht Braunschweig,VfB Borussia Neunkirchen,1,0
1964-09-19,1964-65:de.1:40:Eintracht Frankfurt:Karlsruher SC,de.1,1964-65,Eintracht Frankfurt,Karlsruher SC,0,7
1964-09-26,1964-65:de.1:41:VfB Borussia Neunkirchen:1. FC Kaiserslautern,de.1,1964-65,VfB Borussia Neunkirchen,1. FC Kaiserslautern,0,3
1964-09-26,1964-65:de.1:42:TSV 1860 München:1. FC Nürnberg,de.1,1964-65,TSV 1860 München,1. FC Nürnberg,2,0
1964-09-26,1964-65:de.1:43:Werder Bremen:Hamburger SV,de.1,1964-65,Werder Bremen,Hamburger SV,0,0
1964-09-26,1964-65:de.1:44:MSV Duisburg:1. FC Köln,de.1,1964-65,MSV Duisburg,1. FC Köln,0,3
1964-09-26,1964-65:de.1:45:FC Schalke 04:Borussia Dortmund,de.1,1964-65,FC Schalke 04,Borussia Dortmund,2,6
1964-09-26,1964-65:de.1:46:Karlsruher SC:VfB Stuttgart,de.1,1964-65,Karlsruher SC,VfB Stuttgart,0,0
1964-09-26,1964-65:de.1:47:Hertha BSC:Eintracht Frankfurt,de.1,1964-65,Hertha BSC,Eintracht Frankfurt,1,3
1964-09-26,1964-65:de.1:48:Hannover 96:Eintracht Braunschweig,de.1,1964-65,Hannover 96,Eintracht Braunschweig,2,2
1964-10-10,1964-65:de.1:49:Hertha BSC:TSV 1860 München,de.1,1964-65,Hertha BSC,TSV 1860 München,2,1
1964-10-10,1964-65:de.1:50:1. FC Köln:Eintracht Braunschweig,de.1,1964-65,1. FC Köln,Eintracht Braunschweig,5,1
1964-10-10,1964-65:de.1:51:Borussia Dortmund:1. FC Kaiserslautern,de.1,1964-65,Borussia Dortmund,1. FC Kaiserslautern,3,2
1964-10-10,1964-65:de.1:52:1. FC Nürnberg:Karlsruher SC,de.1,1964-65,1. FC Nürnberg,Karlsruher SC,4,1
1964-10-10,1964-65:de.1:53:Hannover 96:Werder Bremen,de.1,1964-65,Hannover 96,Werder Bremen,1,2
1964-10-10,1964-65:de.1:54:Hamburger SV:Eintracht Frankfurt,de.1,1964-65,Hamburger SV,Eintracht Frankfurt,2,1
1964-10-10,1964-65:de.1:55:VfB Stuttgart:FC Schalke 04,de.1,1964-65,VfB Stuttgart,FC Schalke 04,2,1
1964-10-10,1964-65:de.1:56:VfB Borussia Neunkirchen:MSV Duisburg,de.1,1964-65,VfB Borussia Neunkirchen,MSV Duisburg,4,2
1964-10-17,1964-65:de.1:57:TSV 1860 München:Hannover 96,de.1,1964-65,TSV 1860 München,Hannover 96,4,0
1964-10-17,1964-65:de.1:58:FC Schalke 04:Hertha BSC,de.1,1964-65,FC Schalke 04,Hertha BSC,3,0
1964-10-17,1964-65:de.1:59:1. FC Kaiserslautern:1. FC Nürnberg,de.1,1964-65,1. FC Kaiserslautern,1. FC Nürnberg,3,2
1964-10-17,1964-65:de.1:60:Karlsruher SC:Hamburger SV,de.1,1964-65,Karlsruher SC,Hamburger SV,2,2
1964-10-17,1964-65:de.1:61:MSV Duisburg:VfB Stuttgart,de.1,1964-65,MSV Duisburg,VfB Stuttgart,3,3
1964-10-17,1964-65:de.1:62:Eintracht Braunschweig:Borussia Dortmund,de.1,1964-65,Eintracht Braunschweig,Borussia Dortmund,0,1
1964-10-17,1964-65:de.1:63:Werder Bremen:VfB Borussia Neunkirchen,de.1,1964-65,Werder Bremen,VfB Borussia Neunkirchen,2,0
1964-10-17,1964-65:de.1:64:Eintracht Frankfurt:1. FC Köln,de.1,1964-65,Eintracht Frankfurt,1. FC Köln,1,4
1964-10-24,1964-65:de.1:65:Hamburger SV:1. FC Kaiserslautern,de.1,1964-65,Hamburger SV,1. FC Kaiserslautern,3,2
1964-10-24,1964-65:de.1:66:Hertha BSC:MSV Duisburg,de.1,1964-65,Hertha BSC,MSV Duisburg,2,2
1964-10-24,1964-65:de.1:67:Borussia Dortmund:Eintracht Frankfurt,de.1,1964-65,Borussia Dortmund,Eintracht Frankfurt,1,3
1964-10-24,1964-65:de.1:68:1. FC Nürnberg:Eintracht Braunschweig,de.1,1964-65,1. FC Nürnberg,Eintracht Braunschweig,3,2
1964-10-24,1964-65:de.1:69:VfB Stuttgart:Werder Bremen,de.1,1964-65,VfB Stuttgart,Werder Bremen,1,1
1964-10-24,1964-65:de.1:70:VfB Borussia Neunkirchen:TSV 1860 München,de.1,1964-65,VfB Borussia Neunkirchen,TSV 1860 München,3,0
1964-10-24,1964-65:de.1:71:1. FC Köln:Karlsruher SC,de.1,1964-65,1. FC Köln,Karlsruher SC,4,1
1964-10-24,1964-65:de.1:72:Hannover 96:FC Schalke 04,de.1,1964-65,Hannover 96,FC Schalke 04,1,0
1964-11-07,1964-65:de.1:73:Eintracht Braunschweig:Hamburger SV,de.1,1964-65,Eintracht Braunschweig,Hamburger SV,2,0
1964-11-07,1964-65:de.1:74:Karlsruher SC:Borussia Dortmund,de.1,1964-65,Karlsruher SC,Borussia Dortmund,2,0
1964-11-07,1964-65:de.1:75:Eintracht Frankfurt:1. FC Nürnberg,de.1,1964-65,Eintracht Frankfurt,1. FC Nürnberg,1,1
1964-11-07,1964-65:de.1:76:TSV 1860 München:VfB Stuttgart,de.1,1964-65,TSV 1860 München,VfB Stuttgart,1,0
1964-11-07,1964-65:de.1:77:MSV Duisburg:Hannover 96,de.1,1964-65,MSV Duisburg,Hannover 96,1,0
1964-11-07,1964-65:de.1:78:1. FC Kaiserslautern:1. FC Köln,de.1,1964-65,1. FC Kaiserslautern,1. FC Köln,2,2
1964-11-07,1964-65:de.1:79:FC Schalke 04:VfB Borussia Neunkirchen,de.1,1964-65,FC Schalke 04,VfB Borussia Neunkirchen,1,1
1964-11-07,1964-65:de.1:80:Werder Bremen:Hertha BSC,de.1,1964-65,Werder Bremen,Hertha BSC,5,1
1964-11-14,1964-65:de.1:81:Hertha BSC:1. FC Kaiserslautern,de.1,1964-65,Hertha BSC,1. FC Kaiserslautern,5,3
1964-11-14,1964-65:de.1:82:1. FC Köln:TSV 1860 München,de.1,1964-65,1. FC Köln,TSV 1860 München,1,1
1964-11-14,1964-65:de.1:83:Werder Bremen:FC Schalke 04,de.1,1964-65,Werder Bremen,FC Schalke 04,2,2
1964-11-14,1964-65:de.1:84:VfB Stuttgart:Eintracht Braunschweig,de.1,1964-65,VfB Stuttgart,Eintracht Braunschweig,3,1
1964-11-14,1964-65:de.1:85:1. FC Nürnberg:Hamburger SV,de.1,1964-65,1. FC Nürnberg,Hamburger SV,2,3
1964-11-14,1964-65:de.1:86:Hannover 96:Eintracht Frankfurt,de.1,1964-65,Hannover 96,Eintracht Frankfurt,3,2
1964-11-19,1964-65:de.1:87:Borussia Dortmund:MSV Duisburg,de.1,1964-65,Borussia Dortmund,MSV Duisburg,0,0
1964-11-21,1964-65:de.1:88:1. FC Kaiserslautern:VfB Stuttgart,de.1,1964-65,1. FC Kaiserslautern,VfB Stuttgart,2,1
1964-11-21,1964-65:de.1:89:Eintracht Frankfurt:VfB Borussia Neunkirchen,de.1,1964-65,Eintracht Frankfurt,VfB Borussia Neunkirchen,1,0
1964-11-21,1964-65:de.1:90:FC Schalke 04:1. FC Köln,de.1,1964-65,FC Schalke 04,1. FC Köln,2,3
1964-11-21,1964-65:de.1:91:Hamburger SV:Borussia Dortmund,de.1,1964-65,Hamburger SV,Borussia Dortmund,1,4
1964-11-21,1964-65:de.1:92:MSV Duisburg:1. FC Nürnberg,de.1,1964-65,MSV Duisburg,1. FC Nürnberg,2,0
1964-11-21,1964-65:de.1:93:TSV 1860 München:Werder Bremen,de.1,1964-65,TSV 1860 München,Werder Bremen,3,1
1964-11-21,1964-65:de.1:94:Karlsruher SC:Hannover 96,de.1,1964-65,Karlsruher SC,Hannover 96,2,3
1964-11-21,1964-65:de.1:95:Eintracht Braunschweig:Hertha BSC,de.1,1964-65,Eintracht Braunschweig,Hertha BSC,1,1
1964-11-28,1964-65:de.1:100:FC Schalke 04:TSV 1860 München,de.1,1964-65,FC Schalke 04,TSV 1860 München,2,2
1964-11-28,1964-65:de.1:101:VfB Stuttgart:Eintracht Frankfurt,de.1,1964-65,VfB Stuttgart,Eintracht Frankfurt,1,2
1964-11-28,1964-65:de.1:102:VfB Borussia Neunkirchen:Hannover 96,de.1,1964-65,VfB Borussia Neunkirchen,Hannover 96,2,1
1964-11-28,1964-65:de.1:103:Werder Bremen:MSV Duisburg,de.1,1964-65,Werder Bremen,MSV Duisburg,1,0
1964-11-28,1964-65:de.1:96:Eintracht Braunschweig:1. FC Kaiserslautern,de.1,1964-65,Eintracht Braunschweig,1. FC Kaiserslautern,2,0
1964-11-28,1964-65:de.1:97:Hertha BSC:Karlsruher SC,de.1,1964-65,Hertha BSC,Karlsruher SC,2,1
1964-11-28,1964-65:de.1:98:1. FC Köln:Hamburger SV,de.1,1964-65,1. FC Köln,Hamburger SV,3,0
1964-11-28,1964-65:de.1:99:1. FC Nürnberg:Borussia Dortmund,de.1,1964-65,1. FC Nürnberg,Borussia Dortmund,1,0
1964-12-05,1964-65:de.1:104:VfB Borussia Neunkirchen:Hertha BSC,de.1,1964-65,VfB Borussia Neunkirchen,Hertha BSC,2,2
1964-12-05,1964-65:de.1:105:Karlsruher SC:1. FC Kaiserslautern,de.1,1964-65,Karlsruher SC,1. FC Kaiserslautern,6,1
1964-12-05,1964-65:de.1:106:Hamburger SV:TSV 1860 München,de.1,1964-65,Hamburger SV,TSV 1860 München,3,2
1964-12-05,1964-65:de.1:107:Borussia Dortmund:Werder Bremen,de.1,1964-65,Borussia Dortmund,Werder Bremen,1,2
1964-12-05,1964-65:de.1:108:Hannover 96:VfB Stuttgart,de.1,1964-65,Hannover 96,VfB Stuttgart,2,1
1964-12-05,1964-65:de.1:109:MSV Duisburg:FC Schalke 04,de.1,1964-65,MSV Duisburg,FC Schalke 04,2,1
1964-12-05,1964-65:de.1:110:Eintracht Frankfurt:Eintracht Braunschweig,de.1,1964-65,Eintracht Frankfurt,Eintracht Braunschweig,2,2
1964-12-05,1964-65:de.1:111:1. FC Nürnberg:1. FC Köln,de.1,1964-65,1. FC Nürnberg,1. FC Köln,3,0
1964-12-12,1964-65:de.1:112:Werder Bremen:1. FC Nürnberg,de.1,1964-65,Werder Bremen,1. FC Nürnberg,1,1
1964-12-12,1964-65:de.1:113:Eintracht Braunschweig:Karlsruher SC,de.1,1964-65,Eintracht Braunschweig,Karlsruher SC,3,0
1964-12-12,1964-65:de.1:114:Hertha BSC:Hannover 96,de.1,1964-65,Hertha BSC,Hannover 96,1,1
1964-12-12,1964-65:de.1:115:VfB Stuttgart:VfB Borussia Neunkirchen,de.1,1964-65,VfB Stuttgart,VfB Borussia Neunkirchen,3,2
1964-12-12,1964-65:de.1:116:1. FC Kaiserslautern:Eintracht Frankfurt,de.1,1964-65,1. FC Kaiserslautern,Eintracht Frankfurt,0,1
1964-12-12,1964-65:de.1:117:1. FC Köln:Borussia Dortmund,de.1,1964-65,1. FC Köln,Borussia Dortmund,3,3
1964-12-12,1964-65:de.1:118:FC Schalke 04:Hamburger SV,de.1,1964-65,FC Schalke 04,Hamburger SV,3,1
1964-12-12,1964-65:de.1:119:TSV 1860 München:MSV Duisburg,de.1,1964-65,TSV 1860 München,MSV Duisburg,2,1
1964-12-19,1964-65:de.1:120:Hertha BSC:1. FC Köln,de.1,1964-65,Hertha BSC,1. FC Köln,1,3
1964-12-19,1964-65:de.1:121:VfB Borussia Neunkirchen:1. FC Nürnberg,de.1,1964-65,VfB Borussia Neunkirchen,1. FC Nürnberg,1,1
1964-12-19,1964-65:de.1:122:Werder Bremen:1. FC Kaiserslautern,de.1,1964-65,Werder Bremen,1. FC Kaiserslautern,1,1
1964-12-19,1964-65:de.1:123:FC Schalke 04:Eintracht Frankfurt,de.1,1964-65,FC Schalke 04,Eintracht Frankfurt,1,1
1964-12-19,1964-65:de.1:124:Hannover 96:Borussia Dortmund,de.1,1964-65,Hannover 96,Borussia Dortmund,2,0
1964-12-19,1964-65:de.1:125:TSV 1860 München:Eintracht Braunschweig,de.1,1964-65,TSV 1860 München,Eintracht Braunschweig,2,0
1964-12-19,1964-65:de.1:126:MSV Duisburg:Karlsruher SC,de.1,1964-65,MSV Duisburg,Karlsruher SC,1,1
1964-12-19,1964-65:de.1:127:VfB Stuttgart:Hamburger SV,de.1,1964-65,VfB Stuttgart,Hamburger SV,2,4
1964-12-31,1964-65:de.1:128:1. FC Nürnberg:VfB Stuttgart,de.1,1964-65,1. FC Nürnberg,VfB Stuttgart,1,1
1965-01-02,1964-65:de.1:129:Hamburger SV:Hertha BSC,de.1,1964-65,Hamburger SV,Hertha BSC,4,1
1965-01-02,1964-65:de.1:130:Karlsruher SC:FC Schalke 04,de.1,1964-65,Karlsruher SC,FC Schalke 04,2,2
1965-01-02,1964-65:de.1:131:1. FC Köln:Hannover 96,de.1,1964-65,1. FC Köln,Hannover 96,0,1
1965-01-02,1964-65:de.1:132:1. FC Kaiserslautern:MSV Duisburg,de.1,1964-65,1. FC Kaiserslautern,MSV Duisburg,2,0
1965-01-02,1964-65:de.1:133:Eintracht Braunschweig:Werder Bremen,de.1,1964-65,Eintracht Braunschweig,Werder Bremen,1,1
1965-01-02,1964-65:de.1:134:Borussia Dortmund:VfB Borussia Neunkirchen,de.1,1964-65,Borussia Dortmund,VfB Borussia Neunkirchen,5,1
1965-01-02,1964-65:de.1:135:Eintracht Frankfurt:TSV 1860 München,de.1,1964-65,Eintracht Frankfurt,TSV 1860 München,4,1
1965-01-09,1964-65:de.1:136:FC Schalke 04:1. FC Kaiserslautern,de.1,1964-65,FC Schalke 04,1. FC Kaiserslautern,1,0
1965-01-09,1964-65:de.1:137:MSV Duisburg:Eintracht Braunschweig,de.1,1964-65,MSV Duisburg,Eintracht Braunschweig,2,0
1965-01-09,1964-65:de.1:138:Hertha BSC:1. FC Nürnberg,de.1,1964-65,Hertha BSC,1. FC Nürnberg,1,2
1965-01-09,1964-65:de.1:139:Hannover 96:Hamburger SV,de.1,1964-65,Hannover 96,Hamburger SV,1,2
1965-01-09,1964-65:de.1:140:VfB Borussia Neunkirchen:1. FC Köln,de.1,1964-65,VfB Borussia Neunkirchen,1. FC Köln,1,1
1965-01-09,1964-65:de.1:141:VfB Stuttgart:Borussia Dortmund,de.1,1964-65,VfB Stuttgart,Borussia Dortmund,3,2
1965-01-09,1964-65:de.1:142:Werder Bremen:Eintracht Frankfurt,de.1,1964-65,Werder Bremen,Eintracht Frankfurt,2,2
1965-01-11,1964-65:de.1:143:VfB Borussia Neunkirchen:Karlsruher SC,de.1,1964-65,VfB Borussia Neunkirchen,Karlsruher SC,1,0
1965-01-23,1964-65:de.1:144:Karlsruher SC:Werder Bremen,de.1,1964-65,Karlsruher SC,Werder Bremen,0,2
1965-01-23,1964-65:de.1:145:Hamburger SV:VfB Borussia Neunkirchen,de.1,1964-65,Hamburger SV,VfB Borussia Neunkirchen,1,2
1965-01-23,1964-65:de.1:146:1. FC Köln:VfB Stuttgart,de.1,1964-65,1. FC Köln,VfB Stuttgart,2,1
1965-01-23,1964-65:de.1:147:1. FC Nürnberg:Hannover 96,de.1,1964-65,1. FC Nürnberg,Hannover 96,1,0
1965-01-23,1964-65:de.1:148:Eintracht Frankfurt:MSV Duisburg,de.1,1964-65,Eintracht Frankfurt,MSV Duisburg,2,3
1965-01-23,1964-65:de.1:149:1. FC Kaiserslautern:TSV 1860 München,de.1,1964-65,1. FC Kaiserslautern,TSV 1860 München,1,2
1965-01-23,1964-65:de.1:150:Eintracht Braunschweig:FC Schalke 04,de.1,1964-65,Eintracht Braunschweig,FC Schalke 04,1,2
1965-01-23,1964-65:de.1:151:Borussia Dortmund:Hertha BSC,de.1,1964-65,Borussia Dortmund,Hertha BSC,6,3
1965-01-30,1964-65:de.1:152:Werder Bremen:1. FC Köln,de.1,1964-65,Werder Bremen,1. FC Köln,0,0
1965-01-30,1964-65:de.1:153:Karlsruher SC:Eintracht Frankfurt,de.1,1964-65,Karlsruher SC,Eintracht Frankfurt,3,1
1965-01-30,1964-65:de.1:154:FC Schalke 04:1. FC Nürnberg,de.1,1964-65,FC Schalke 04,1. FC Nürnberg,1,3
1965-01-30,1964-65:de.1:155:TSV 1860 München:Borussia Dortmund,de.1,1964-65,TSV 1860 München,Borussia Dortmund,4,4
1965-01-30,1964-65:de.1:156:VfB Borussia Neunkirchen:Eintracht Braunschweig,de.1,1964-65,VfB Borussia Neunkirchen,Eintracht Braunschweig,0,0
1965-01-30,1964-65:de.1:157:Hertha BSC:VfB Stuttgart,de.1,1964-65,Hertha BSC,VfB Stuttgart,0,0
1965-01-30,1964-65:de.1:158:MSV Duisburg:Hamburger SV,de.1,1964-65,MSV Duisburg,Hamburger SV,3,2
1965-02-13,1964-65:de.1:159:Borussia Dortmund:FC Schalke 04,de.1,1964-65,Borussia Dortmund,FC Schalke 04,4,0
1965-02-13,1964-65:de.1:160:VfB Stuttgart:Karlsruher SC,de.1,1964-65,VfB Stuttgart,Karlsruher SC,1,2
1965-02-13,1964-65:de.1:161:Eintracht Frankfurt:Hertha BSC,de.1,1964-65,Eintracht Frankfurt,Hertha BSC,3,0
1965-02-13,1964-65:de.1:162:Eintracht Braunschweig:Hannover 96,de.1,1964-65,Eintracht Braunschweig,Hannover 96,2,2
1965-02-13,1964-65:de.1:163:1. FC Nürnberg:TSV 1860 München,de.1,1964-65,1. FC Nürnberg,TSV 1860 München,2,2
1965-02-13,1964-65:de.1:164:Hamburger SV:Werder Bremen,de.1,1964-65,Hamburger SV,Werder Bremen,0,4
1965-02-13,1964-65:de.1:165:1. FC Köln:MSV Duisburg,de.1,1964-65,1. FC Köln,MSV Duisburg,1,2
1965-02-20,1964-65:de.1:166:FC Schalke 04:VfB Stuttgart,de.1,1964-65,FC Schalke 04,VfB Stuttgart,3,1
1965-02-20,1964-65:de.1:167:Werder Bremen:Hannover 96,de.1,1964-65,Werder Bremen,Hannover 96,3,0
1965-02-20,1964-65:de.1:168:Karlsruher SC:1. FC Nürnberg,de.1,1964-65,Karlsruher SC,1. FC Nürnberg,1,1
1965-02-20,1964-65:de.1:169:1. FC Kaiserslautern:Borussia Dortmund,de.1,1964-65,1. FC Kaiserslautern,Borussia Dortmund,1,3
1965-02-20,1964-65:de.1:170:MSV Duisburg:VfB Borussia Neunkirchen,de.1,1964-65,MSV Duisburg,VfB Borussia Neunkirchen,1,1
1965-02-20,1964-65:de.1:171:Eintracht Frankfurt:Hamburger SV,de.1,1964-65,Eintracht Frankfurt,Hamburger SV,2,1
1965-02-20,1964-65:de.1:172:TSV 1860 München:Hertha BSC,de.1,1964-65,TSV 1860 München,Hertha BSC,6,4
1965-02-20,1964-65:de.1:173:Eintracht Braunschweig:1. FC Köln,de.1,1964-65,Eintracht Braunschweig,1. FC Köln,1,1
1965-02-27,1964-65:de.1:174:TSV 1860 München:Karlsruher SC,de.1,1964-65,TSV 1860 München,Karlsruher SC,9,0
1965-02-27,1964-65:de.1:175:1. FC Kaiserslautern:VfB Borussia Neunkirchen,de.1,1964-65,1. FC Kaiserslautern,VfB Borussia Neunkirchen,2,0
1965-03-06,1964-65:de.1:176:1. FC Nürnberg:1. FC Kaiserslautern,de.1,1964-65,1. FC Nürnberg,1. FC Kaiserslautern,1,0
1965-03-06,1964-65:de.1:177:Hamburger SV:Karlsruher SC,de.1,1964-65,Hamburger SV,Karlsruher SC,2,1
1965-03-06,1964-65:de.1:178:Hannover 96:TSV 1860 München,de.1,1964-65,Hannover 96,TSV 1860 München,0,2
1965-03-06,1964-65:de.1:179:Borussia Dortmund:Eintracht Braunschweig,de.1,1964-65,Borussia Dortmund,Eintracht Braunschweig,5,4
1965-03-06,1964-65:de.1:180:VfB Borussia Neunkirchen:Werder Bremen,de.1,1964-65,VfB Borussia Neunkirchen,Werder Bremen,1,1
1965-03-06,1964-65:de.1:181:1. FC Köln:Eintracht Frankfurt,de.1,1964-65,1. FC Köln,Eintracht Frankfurt,3,4
1965-03-12,1964-65:de.1:182:VfB Stuttgart:MSV Duisburg,de.1,1964-65,VfB Stuttgart,MSV Duisburg,4,2
1965-03-13,1964-65:de.1:183:Hertha BSC:FC Schalke 04,de.1,1964-65,Hertha BSC,FC Schalke 04,2,1
1965-03-20,1964-65:de.1:184:TSV 1860 München:VfB Borussia Neunkirchen,de.1,1964-65,TSV 1860 München,VfB Borussia Neunkirchen,4,2
1965-03-20,1964-65:de.1:185:Karlsruher SC:1. FC Köln,de.1,1964-65,Karlsruher SC,1. FC Köln,2,4
1965-03-20,1964-65:de.1:186:1. FC Kaiserslautern:Hamburger SV,de.1,1964-65,1. FC Kaiserslautern,Hamburger SV,2,1
1965-03-20,1964-65:de.1:187:MSV Duisburg:Hertha BSC,de.1,1964-65,MSV Duisburg,Hertha BSC,2,2
1965-03-20,1964-65:de.1:188:Eintracht Frankfurt:Borussia Dortmund,de.1,1964-65,Eintracht Frankfurt,Borussia Dortmund,0,2
1965-03-20,1964-65:de.1:189:Eintracht Braunschweig:1. FC Nürnberg,de.1,1964-65,Eintracht Braunschweig,1. FC Nürnberg,1,0
1965-03-20,1964-65:de.1:190:Werder Bremen:VfB Stuttgart,de.1,1964-65,Werder Bremen,VfB Stuttgart,1,0
1965-03-20,1964-65:de.1:191:FC Schalke 04:Hannover 96,de.1,1964-65,FC Schalke 04,Hannover 96,2,2
1965-03-27,1964-65:de.1:192:1. FC Nürnberg:Eintracht Frankfurt,de.1,1964-65,1. FC Nürnberg,Eintracht Frankfurt,0,0
1965-03-27,1964-65:de.1:193:VfB Stuttgart:TSV 1860 München,de.1,1964-65,VfB Stuttgart,TSV 1860 München,3,0
1965-03-27,1964-65:de.1:194:Hamburger SV:Eintracht Braunschweig,de.1,1964-65,Hamburger SV,Eintracht Braunschweig,0,1
1965-03-27,1964-65:de.1:195:Borussia Dortmund:Karlsruher SC,de.1,1964-65,Borussia Dortmund,Karlsruher SC,5,1
1965-03-27,1964-65:de.1:196:1. FC Köln:1. FC Kaiserslautern,de.1,1964-65,1. FC Köln,1. FC Kaiserslautern,3,0
1965-03-27,1964-65:de.1:197:Hertha BSC:Werder Bremen,de.1,1964-65,Hertha BSC,Werder Bremen,0,0
1965-03-27,1964-65:de.1:198:Hannover 96:MSV Duisburg,de.1,1964-65,Hannover 96,MSV Duisburg,2,0
1965-04-02,1964-65:de.1:199:VfB Borussia Neunkirchen:FC Schalke 04,de.1,1964-65,VfB Borussia Neunkirchen,FC Schalke 04,3,2
1965-04-03,1964-65:de.1:200:Karlsruher SC:VfB Borussia Neunkirchen,de.1,1964-65,Karlsruher SC,VfB Borussia Neunkirchen,2,1
1965-04-03,1964-65:de.1:201:Eintracht Frankfurt:Hannover 96,de.1,1964-65,Eintracht Frankfurt,Hannover 96,3,3
1965-04-03,1964-65:de.1:202:1. FC Kaiserslautern:Hertha BSC,de.1,1964-65,1. FC Kaiserslautern,Hertha BSC,1,2
1965-04-03,1964-65:de.1:203:TSV 1860 München:1. FC Köln,de.1,1964-65,TSV 1860 München,1. FC Köln,2,3
1965-04-03,1964-65:de.1:204:FC Schalke 04:Werder Bremen,de.1,1964-65,FC Schalke 04,Werder Bremen,1,0
1965-04-03,1964-65:de.1:205:Eintracht Braunschweig:VfB Stuttgart,de.1,1964-65,Eintracht Braunschweig,VfB Stuttgart,2,1
1965-04-03,1964-65:de.1:206:Hamburger SV:1. FC Nürnberg,de.1,1964-65,Hamburger SV,1. FC Nürnberg,2,1
1965-04-03,1964-65:de.1:207:MSV Duisburg:Borussia Dortmund,de.1,1964-65,MSV Duisburg,Borussia Dortmund,3,2
1965-04-10,1964-65:de.1:208:1. FC Nürnberg:MSV Duisburg,de.1,1964-65,1. FC Nürnberg,MSV Duisburg,1,1
1965-04-10,1964-65:de.1:209:Werder Bremen:TSV 1860 München,de.1,1964-65,Werder Bremen,TSV 1860 München,3,2
1965-04-10,1964-65:de.1:210:1. FC Köln:FC Schalke 04,de.1,1964-65,1. FC Köln,FC Schalke 04,2,1
1965-04-10,1964-65:de.1:211:Borussia Dortmund:Hamburger SV,de.1,1964-65,Borussia Dortmund,Hamburger SV,2,0
1965-04-10,1964-65:de.1:212:VfB Borussia Neunkirchen:Eintracht Frankfurt,de.1,1964-65,VfB Borussia Neunkirchen,Eintracht Frankfurt,4,0
1965-04-10,1964-65:de.1:213:Hertha BSC:Eintracht Braunschweig,de.1,1964-65,Hertha BSC,Eintracht Braunschweig,0,3
1965-04-10,1964-65:de.1:214:Hannover 96:Karlsruher SC,de.1,1964-65,Hannover 96,Karlsruher SC,4,2
1965-04-10,1964-65:de.1:215:VfB Stuttgart:1. FC Kaiserslautern,de.1,1964-65,VfB Stuttgart,1. FC Kaiserslautern,1,0
1965-04-14,1964-65:de.1:216:Hannover 96:1. FC Kaiserslautern,de.1,1964-65,Hannover 96,1. FC Kaiserslautern,4,0
1965-04-30,1964-65:de.1:217:Hamburger SV:1. FC Köln,de.1,1964-65,Hamburger SV,1. FC Köln,0,0
1965-04-30,1964-65:de.1:218:Borussia Dortmund:1. FC Nürnberg,de.1,1964-65,Borussia Dortmund,1. FC Nürnberg,2,1
1965-04-30,1964-65:de.1:219:TSV 1860 München:FC Schalke 04,de.1,1964-65,TSV 1860 München,FC Schalke 04,3,1
1965-04-30,1964-65:de.1:220:Eintracht Frankfurt:VfB Stuttgart,de.1,1964-65,Eintracht Frankfurt,VfB Stuttgart,2,3
1965-04-30,1964-65:de.1:221:Hannover 96:VfB Borussia Neunkirchen,de.1,1964-65,Hannover 96,VfB Borussia Neunkirchen,1,1
1965-04-30,1964-65:de.1:222:1. FC Kaiserslautern:Eintracht Braunschweig,de.1,1964-65,1. FC Kaiserslautern,Eintracht Braunschweig,2,1
1965-04-30,1964-65:de.1:223:Karlsruher SC:Hertha BSC,de.1,1964-65,Karlsruher SC,Hertha BSC,0,1
1965-04-30,1964-65:de.1:224:MSV Duisburg:Werder Bremen,de.1,1964-65,MSV Duisburg,Werder Bremen,2,2
1965-05-08,1964-65:de.1:225:TSV 1860 München:Hamburger SV,de.1,1964-65,TSV 1860 München,Hamburger SV,4,1
1965-05-08,1964-65:de.1:226:1. FC Kaiserslautern:Karlsruher SC,de.1,1964-65,1. FC Kaiserslautern,Karlsruher SC,0,1
1965-05-08,1964-65:de.1:227:Werder Bremen:Borussia Dortmund,de.1,1964-65,Werder Bremen,Borussia Dortmund,3,0
1965-05-08,1964-65:de.1:228:1. FC Köln:1. FC Nürnberg,de.1,1964-65,1. FC Köln,1. FC Nürnberg,0,0
1965-05-08,1964-65:de.1:229:VfB Stuttgart:Hannover 96,de.1,1964-65,VfB Stuttgart,Hannover 96,0,3
1965-05-08,1964-65:de.1:230:Eintracht Braunschweig:Eintracht Frankfurt,de.1,1964-65,Eintracht Braunschweig,Eintracht Frankfurt,3,2
1965-05-08,1964-65:de.1:231:Hertha BSC:VfB Borussia Neunkirchen,de.1,1964-65,Hertha BSC,VfB Borussia Neunkirchen,1,1
1965-05-08,1964-65:de.1:232:FC Schalke 04:MSV Duisburg,de.1,1964-65,FC Schalke 04,MSV Duisburg,1,2
1965-05-15,1964-65:de.1:233:VfB Borussia Neunkirchen:VfB Stuttgart,de.1,1964-65,VfB Borussia Neunkirchen,VfB Stuttgart,3,1
1965-05-15,1964-65:de.1:234:1. FC Nürnberg:Werder Bremen,de.1,1964-65,1. FC Nürnberg,Werder Bremen,2,3
1965-05-15,1964-65:de.1:235:Eintracht Frankfurt:1. FC Kaiserslautern,de.1,1964-65,Eintracht Frankfurt,1. FC Kaiserslautern,1,2
1965-05-15,1964-65:de.1:236:Borussia Dortmund:1. FC Köln,de.1,1964-65,Borussia Dortmund,1. FC Köln,2,2
1965-05-15,1964-65:de.1:237:Hannover 96:Hertha BSC,de.1,1964-65,Hannover 96,Hertha BSC,3,1
1965-05-15,1964-65:de.1:238:Hamburger SV:FC Schalke 04,de.1,1964-65,Hamburger SV,FC Schalke 04,2,4
1965-05-15,1964-65:de.1:239:Karlsruher SC:Eintracht Braunschweig,de.1,1964-65,Karlsruher SC,Eintracht Braunschweig,3,0
1965-05-15,1964-65:de.1:240:MSV Duisburg:TSV 1860 München,de.1,1964-65,MSV Duisburg,TSV 1860 München,3,0
1965-08-14,1965-66:de.1:1:Eintracht Braunschweig:Borussia Dortmund,de.1,1965-66,Eintracht Braunschweig,Borussia Dortmund,4,0
1965-08-14,1965-66:de.1:2:1. FC Köln:Hannover 96,de.1,1965-66,1. FC Köln,Hannover 96,0,1
1965-08-14,1965-66:de.1:3:VfB Borussia Neunkirchen:Bor. Mönchengladbach,de.1,1965-66,VfB Borussia Neunkirchen,Bor. Mönchengladbach,1,1
1965-08-14,1965-66:de.1:4:SC Tasmania 1900 Berlin (-1973):Karlsruher SC,de.1,1965-66,SC Tasmania 1900 Berlin (-1973),Karlsruher SC,2,0
1965-08-14,1965-66:de.1:5:Eintracht Frankfurt:Hamburger SV,de.1,1965-66,Eintracht Frankfurt,Hamburger SV,2,0
1965-08-14,1965-66:de.1:6:Werder Bremen:1. FC Nürnberg,de.1,1965-66,Werder Bremen,1. FC Nürnberg,1,0
1965-08-14,1965-66:de.1:7:MSV Duisburg:1. FC Kaiserslautern,de.1,1965-66,MSV Duisburg,1. FC Kaiserslautern,2,2
1965-08-14,1965-66:de.1:8:TSV 1860 München:Bayern München,de.1,1965-66,TSV 1860 München,Bayern München,1,0
1965-08-14,1965-66:de.1:9:VfB Stuttgart:FC Schalke 04,de.1,1965-66,VfB Stuttgart,FC Schalke 04,1,0
1965-08-21,1965-66:de.1:10:VfB Stuttgart:MSV Duisburg,de.1,1965-66,VfB Stuttgart,MSV Duisburg,2,0
1965-08-21,1965-66:de.1:11:Hannover 96:Werder Bremen,de.1,1965-66,Hannover 96,Werder Bremen,2,1
1965-08-21,1965-66:de.1:12:1. FC Kaiserslautern:1. FC Köln,de.1,1965-66,1. FC Kaiserslautern,1. FC Köln,3,2
1965-08-21,1965-66:de.1:13:Bor. Mönchengladbach:SC Tasmania 1900 Berlin (-1973),de.1,1965-66,Bor. Mönchengladbach,SC Tasmania 1900 Berlin (-1973),5,0
1965-08-21,1965-66:de.1:14:Hamburger SV:Eintracht Braunschweig,de.1,1965-66,Hamburger SV,Eintracht Braunschweig,2,1
1965-08-21,1965-66:de.1:15:FC Schalke 04:Karlsruher SC,de.1,1965-66,FC Schalke 04,Karlsruher SC,0,0
1965-08-21,1965-66:de.1:16:Bayern München:Eintracht Frankfurt,de.1,1965-66,Bayern München,Eintracht Frankfurt,2,0
1965-08-21,1965-66:de.1:17:Borussia Dortmund:VfB Borussia Neunkirchen,de.1,1965-66,Borussia Dortmund,VfB Borussia Neunkirchen,1,0
1965-08-21,1965-66:de.1:18:1. FC Nürnberg:TSV 1860 München,de.1,1965-66,1. FC Nürnberg,TSV 1860 München,1,4
1965-08-27,1965-66:de.1:19:MSV Duisburg:FC Schalke 04,de.1,1965-66,MSV Duisburg,FC Schalke 04,5,1
1965-08-28,1965-66:de.1:20:VfB Borussia Neunkirchen:Hamburger SV,de.1,1965-66,VfB Borussia Neunkirchen,Hamburger SV,1,1
1965-08-28,1965-66:de.1:21:Karlsruher SC:Bor. Mönchengladbach,de.1,1965-66,Karlsruher SC,Bor. Mönchengladbach,3,3
1965-08-28,1965-66:de.1:22:TSV 1860 München:Hannover 96,de.1,1965-66,TSV 1860 München,Hannover 96,5,0
1965-08-28,1965-66:de.1:23:Werder Bremen:1. FC Kaiserslautern,de.1,1965-66,Werder Bremen,1. FC Kaiserslautern,4,1
1965-08-28,1965-66:de.1:24:1. FC Köln:VfB Stuttgart,de.1,1965-66,1. FC Köln,VfB Stuttgart,3,1
1965-08-28,1965-66:de.1:25:Eintracht Braunschweig:Bayern München,de.1,1965-66,Eintracht Braunschweig,Bayern München,2,4
1965-08-28,1965-66:de.1:26:SC Tasmania 1900 Berlin (-1973):Borussia Dortmund,de.1,1965-66,SC Tasmania 1900 Berlin (-1973),Borussia Dortmund,0,2
1965-09-03,1965-66:de.1:27:Eintracht Frankfurt:1. FC Nürnberg,de.1,1965-66,Eintracht Frankfurt,1. FC Nürnberg,1,2
1965-09-04,1965-66:de.1:28:Bayern München:VfB Borussia Neunkirchen,de.1,1965-66,Bayern München,VfB Borussia Neunkirchen,6,0
1965-09-04,1965-66:de.1:29:VfB Stuttgart:Werder Bremen,de.1,1965-66,VfB Stuttgart,Werder Bremen,0,2
1965-09-04,1965-66:de.1:30:1. FC Kaiserslautern:TSV 1860 München,de.1,1965-66,1. FC Kaiserslautern,TSV 1860 München,3,0
1965-09-04,1965-66:de.1:31:Borussia Dortmund:Karlsruher SC,de.1,1965-66,Borussia Dortmund,Karlsruher SC,4,1
1965-09-04,1965-66:de.1:32:Hannover 96:Eintracht Frankfurt,de.1,1965-66,Hannover 96,Eintracht Frankfurt,4,1
1965-09-04,1965-66:de.1:33:FC Schalke 04:Bor. Mönchengladbach,de.1,1965-66,FC Schalke 04,Bor. Mönchengladbach,0,0
1965-09-04,1965-66:de.1:34:Hamburger SV:SC Tasmania 1900 Berlin (-1973),de.1,1965-66,Hamburger SV,SC Tasmania 1900 Berlin (-1973),5,1
1965-09-04,1965-66:de.1:35:MSV Duisburg:1. FC Köln,de.1,1965-66,MSV Duisburg,1. FC Köln,2,3
1965-09-04,1965-66:de.1:36:1. FC Nürnberg:Eintracht Braunschweig,de.1,1965-66,1. FC Nürnberg,Eintracht Braunschweig,1,1
1965-09-11,1965-66:de.1:37:VfB Borussia Neunkirchen:1. FC Nürnberg,de.1,1965-66,VfB Borussia Neunkirchen,1. FC Nürnberg,2,1
1965-09-11,1965-66:de.1:38:Karlsruher SC:Hamburger SV,de.1,1965-66,Karlsruher SC,Hamburger SV,1,4
1965-09-11,1965-66:de.1:39:Bor. Mönchengladbach:Borussia Dortmund,de.1,1965-66,Bor. Mönchengladbach,Borussia Dortmund,4,5
1965-09-11,1965-66:de.1:40:SC Tasmania 1900 Berlin (-1973):Bayern München,de.1,1965-66,SC Tasmania 1900 Berlin (-1973),Bayern München,0,2
1965-09-11,1965-66:de.1:41:1. FC Köln:FC Schalke 04,de.1,1965-66,1. FC Köln,FC Schalke 04,2,1
1965-09-11,1965-66:de.1:42:Eintracht Frankfurt:1. FC Kaiserslautern,de.1,1965-66,Eintracht Frankfurt,1. FC Kaiserslautern,6,0
1965-09-11,1965-66:de.1:43:Eintracht Braunschweig:Hannover 96,de.1,1965-66,Eintracht Braunschweig,Hannover 96,2,1
1965-09-11,1965-66:de.1:44:Werder Bremen:MSV Duisburg,de.1,1965-66,Werder Bremen,MSV Duisburg,2,0
1965-09-17,1965-66:de.1:45:TSV 1860 München:VfB Stuttgart,de.1,1965-66,TSV 1860 München,VfB Stuttgart,0,0
1965-09-18,1965-66:de.1:46:1. FC Kaiserslautern:Eintracht Braunschweig,de.1,1965-66,1. FC Kaiserslautern,Eintracht Braunschweig,1,1
1965-09-18,1965-66:de.1:47:Bayern München:Karlsruher SC,de.1,1965-66,Bayern München,Karlsruher SC,5,1
1965-09-18,1965-66:de.1:48:1. FC Köln:Werder Bremen,de.1,1965-66,1. FC Köln,Werder Bremen,2,0
1965-09-18,1965-66:de.1:49:Hannover 96:VfB Borussia Neunkirchen,de.1,1965-66,Hannover 96,VfB Borussia Neunkirchen,6,0
1965-09-18,1965-66:de.1:50:FC Schalke 04:Borussia Dortmund,de.1,1965-66,FC Schalke 04,Borussia Dortmund,2,3
1965-09-18,1965-66:de.1:51:VfB Stuttgart:Eintracht Frankfurt,de.1,1965-66,VfB Stuttgart,Eintracht Frankfurt,0,0
1965-09-18,1965-66:de.1:52:Hamburger SV:Bor. Mönchengladbach,de.1,1965-66,Hamburger SV,Bor. Mönchengladbach,5,0
1965-09-18,1965-66:de.1:53:MSV Duisburg:TSV 1860 München,de.1,1965-66,MSV Duisburg,TSV 1860 München,2,3
1965-09-18,1965-66:de.1:54:1. FC Nürnberg:SC Tasmania 1900 Berlin (-1973),de.1,1965-66,1. FC Nürnberg,SC Tasmania 1900 Berlin (-1973),7,2
1965-10-02,1965-66:de.1:55:Bor. Mönchengladbach:Bayern München,de.1,1965-66,Bor. Mönchengladbach,Bayern München,1,2
1965-10-02,1965-66:de.1:56:TSV 1860 München:1. FC Köln,de.1,1965-66,TSV 1860 München,1. FC Köln,2,1
1965-10-02,1965-66:de.1:57:Borussia Dortmund:Hamburger SV,de.1,1965-66,Borussia Dortmund,Hamburger SV,2,2
1965-10-02,1965-66:de.1:58:Werder Bremen:FC Schalke 04,de.1,1965-66,Werder Bremen,FC Schalke 04,2,0
1965-10-02,1965-66:de.1:59:SC Tasmania 1900 Berlin (-1973):Hannover 96,de.1,1965-66,SC Tasmania 1900 Berlin (-1973),Hannover 96,1,5
1965-10-02,1965-66:de.1:60:VfB Borussia Neunkirchen:1. FC Kaiserslautern,de.1,1965-66,VfB Borussia Neunkirchen,1. FC Kaiserslautern,1,4
1965-10-02,1965-66:de.1:61:Eintracht Frankfurt:MSV Duisburg,de.1,1965-66,Eintracht Frankfurt,MSV Duisburg,2,0
1965-10-02,1965-66:de.1:62:Eintracht Braunschweig:VfB Stuttgart,de.1,1965-66,Eintracht Braunschweig,VfB Stuttgart,1,1
1965-10-02,1965-66:de.1:63:Karlsruher SC:1. FC Nürnberg,de.1,1965-66,Karlsruher SC,1. FC Nürnberg,1,2
1965-10-16,1965-66:de.1:64:1. FC Nürnberg:Bor. Mönchengladbach,de.1,1965-66,1. FC Nürnberg,Bor. Mönchengladbach,2,2
1965-10-16,1965-66:de.1:65:VfB Stuttgart:VfB Borussia Neunkirchen,de.1,1965-66,VfB Stuttgart,VfB Borussia Neunkirchen,2,0
1965-10-16,1965-66:de.1:66:1. FC Köln:Eintracht Frankfurt,de.1,1965-66,1. FC Köln,Eintracht Frankfurt,1,0
1965-10-16,1965-66:de.1:67:Werder Bremen:TSV 1860 München,de.1,1965-66,Werder Bremen,TSV 1860 München,0,2
1965-10-16,1965-66:de.1:68:1. FC Kaiserslautern:SC Tasmania 1900 Berlin (-1973),de.1,1965-66,1. FC Kaiserslautern,SC Tasmania 1900 Berlin (-1973),0,0
1965-10-16,1965-66:de.1:69:FC Schalke 04:Hamburger SV,de.1,1965-66,FC Schalke 04,Hamburger SV,2,1
1965-10-16,1965-66:de.1:70:Hannover 96:Karlsruher SC,de.1,1965-66,Hannover 96,Karlsruher SC,5,2
1965-10-16,1965-66:de.1:71:Bayern München:Borussia Dortmund,de.1,1965-66,Bayern München,Borussia Dortmund,0,2
1965-10-16,1965-66:de.1:72:MSV Duisburg:Eintracht Braunschweig,de.1,1965-66,MSV Duisburg,Eintracht Braunschweig,4,1
1965-10-20,1965-66:de.1:73:Bor. Mönchengladbach:Hannover 96,de.1,1965-66,Bor. Mönchengladbach,Hannover 96,2,0
1965-10-20,1965-66:de.1:74:SC Tasmania 1900 Berlin (-1973):VfB Stuttgart,de.1,1965-66,SC Tasmania 1900 Berlin (-1973),VfB Stuttgart,0,2
1965-10-20,1965-66:de.1:75:VfB Borussia Neunkirchen:MSV Duisburg,de.1,1965-66,VfB Borussia Neunkirchen,MSV Duisburg,0,1
1965-10-20,1965-66:de.1:76:Borussia Dortmund:1. FC Nürnberg,de.1,1965-66,Borussia Dortmund,1. FC Nürnberg,2,0
1965-10-20,1965-66:de.1:77:Karlsruher SC:1. FC Kaiserslautern,de.1,1965-66,Karlsruher SC,1. FC Kaiserslautern,1,0
1965-10-20,1965-66:de.1:78:Eintracht Braunschweig:1. FC Köln,de.1,1965-66,Eintracht Braunschweig,1. FC Köln,1,2
1965-10-20,1965-66:de.1:79:TSV 1860 München:FC Schalke 04,de.1,1965-66,TSV 1860 München,FC Schalke 04,3,0
1965-10-20,1965-66:de.1:80:Hamburger SV:Bayern München,de.1,1965-66,Hamburger SV,Bayern München,0,4
1965-10-20,1965-66:de.1:81:Eintracht Frankfurt:Werder Bremen,de.1,1965-66,Eintracht Frankfurt,Werder Bremen,1,0
1965-10-23,1965-66:de.1:82:FC Schalke 04:Bayern München,de.1,1965-66,FC Schalke 04,Bayern München,1,1
1965-10-23,1965-66:de.1:83:VfB Stuttgart:Karlsruher SC,de.1,1965-66,VfB Stuttgart,Karlsruher SC,1,0
1965-10-23,1965-66:de.1:84:TSV 1860 München:Eintracht Frankfurt,de.1,1965-66,TSV 1860 München,Eintracht Frankfurt,4,2
1965-10-23,1965-66:de.1:85:Hannover 96:Borussia Dortmund,de.1,1965-66,Hannover 96,Borussia Dortmund,1,1
1965-10-23,1965-66:de.1:86:1. FC Kaiserslautern:Bor. Mönchengladbach,de.1,1965-66,1. FC Kaiserslautern,Bor. Mönchengladbach,1,2
1965-10-23,1965-66:de.1:87:1. FC Köln:VfB Borussia Neunkirchen,de.1,1965-66,1. FC Köln,VfB Borussia Neunkirchen,4,2
1965-10-23,1965-66:de.1:88:MSV Duisburg:SC Tasmania 1900 Berlin (-1973),de.1,1965-66,MSV Duisburg,SC Tasmania 1900 Berlin (-1973),3,0
1965-10-23,1965-66:de.1:89:1. FC Nürnberg:Hamburger SV,de.1,1965-66,1. FC Nürnberg,Hamburger SV,5,0
1965-10-23,1965-66:de.1:90:Werder Bremen:Eintracht Braunschweig,de.1,1965-66,Werder Bremen,Eintracht Braunschweig,4,0
1965-10-30,1965-66:de.1:91:Bayern München:1. FC Nürnberg,de.1,1965-66,Bayern München,1. FC Nürnberg,0,0
1965-10-30,1965-66:de.1:92:Borussia Dortmund:1. FC Kaiserslautern,de.1,1965-66,Borussia Dortmund,1. FC Kaiserslautern,4,0
1965-10-30,1965-66:de.1:93:Eintracht Frankfurt:FC Schalke 04,de.1,1965-66,Eintracht Frankfurt,FC Schalke 04,4,1
1965-10-30,1965-66:de.1:94:Eintracht Braunschweig:TSV 1860 München,de.1,1965-66,Eintracht Braunschweig,TSV 1860 München,2,2
1965-10-30,1965-66:de.1:95:Hamburger SV:Hannover 96,de.1,1965-66,Hamburger SV,Hannover 96,2,1
1965-10-30,1965-66:de.1:96:Bor. Mönchengladbach:VfB Stuttgart,de.1,1965-66,Bor. Mönchengladbach,VfB Stuttgart,1,0
1965-10-30,1965-66:de.1:97:Karlsruher SC:MSV Duisburg,de.1,1965-66,Karlsruher SC,MSV Duisburg,0,4
1965-10-30,1965-66:de.1:98:SC Tasmania 1900 Berlin (-1973):1. FC Köln,de.1,1965-66,SC Tasmania 1900 Berlin (-1973),1. FC Köln,0,6
1965-11-05,1965-66:de.1:99:VfB Borussia Neunkirchen:Werder Bremen,de.1,1965-66,VfB Borussia Neunkirchen,Werder Bremen,1,2
1965-11-06,1965-66:de.1:100:Werder Bremen:SC Tasmania 1900 Berlin (-1973),de.1,1965-66,Werder Bremen,SC Tasmania 1900 Berlin (-1973),5,0
1965-11-06,1965-66:de.1:101:FC Schalke 04:1. FC Nürnberg,de.1,1965-66,FC Schalke 04,1. FC Nürnberg,1,0
1965-11-06,1965-66:de.1:102:VfB Stuttgart:Borussia Dortmund,de.1,1965-66,VfB Stuttgart,Borussia Dortmund,1,1
1965-11-06,1965-66:de.1:103:Eintracht Frankfurt:Eintracht Braunschweig,de.1,1965-66,Eintracht Frankfurt,Eintracht Braunschweig,4,1
1965-11-06,1965-66:de.1:104:1. FC Köln:Karlsruher SC,de.1,1965-66,1. FC Köln,Karlsruher SC,2,0
1965-11-06,1965-66:de.1:105:MSV Duisburg:Bor. Mönchengladbach,de.1,1965-66,MSV Duisburg,Bor. Mönchengladbach,3,2
1965-11-06,1965-66:de.1:106:1. FC Kaiserslautern:Hamburger SV,de.1,1965-66,1. FC Kaiserslautern,Hamburger SV,2,1
1965-11-06,1965-66:de.1:107:TSV 1860 München:VfB Borussia Neunkirchen,de.1,1965-66,TSV 1860 München,VfB Borussia Neunkirchen,4,1
1965-11-06,1965-66:de.1:108:Hannover 96:Bayern München,de.1,1965-66,Hannover 96,Bayern München,3,4
1965-11-20,1965-66:de.1:109:Bor. Mönchengladbach:1. FC Köln,de.1,1965-66,Bor. Mönchengladbach,1. FC Köln,2,3
1965-11-20,1965-66:de.1:110:VfB Borussia Neunkirchen:Eintracht Frankfurt,de.1,1965-66,VfB Borussia Neunkirchen,Eintracht Frankfurt,1,6
1965-11-20,1965-66:de.1:111:Karlsruher SC:Werder Bremen,de.1,1965-66,Karlsruher SC,Werder Bremen,3,2
1965-11-20,1965-66:de.1:112:Borussia Dortmund:MSV Duisburg,de.1,1965-66,Borussia Dortmund,MSV Duisburg,1,1
1965-11-20,1965-66:de.1:113:SC Tasmania 1900 Berlin (-1973):TSV 1860 München,de.1,1965-66,SC Tasmania 1900 Berlin (-1973),TSV 1860 München,0,5
1965-11-20,1965-66:de.1:114:1. FC Nürnberg:Hannover 96,de.1,1965-66,1. FC Nürnberg,Hannover 96,2,1
1965-11-20,1965-66:de.1:115:Hamburger SV:VfB Stuttgart,de.1,1965-66,Hamburger SV,VfB Stuttgart,4,1
1965-11-20,1965-66:de.1:116:Bayern München:1. FC Kaiserslautern,de.1,1965-66,Bayern München,1. FC Kaiserslautern,3,0
1965-11-20,1965-66:de.1:117:Eintracht Braunschweig:FC Schalke 04,de.1,1965-66,Eintracht Braunschweig,FC Schalke 04,3,0
1965-11-27,1965-66:de.1:118:1. FC Köln:Borussia Dortmund,de.1,1965-66,1. FC Köln,Borussia Dortmund,1,2
1965-11-27,1965-66:de.1:119:VfB Stuttgart:Bayern München,de.1,1965-66,VfB Stuttgart,Bayern München,0,1
1965-11-27,1965-66:de.1:120:MSV Duisburg:Hamburger SV,de.1,1965-66,MSV Duisburg,Hamburger SV,3,1
1965-11-27,1965-66:de.1:121:FC Schalke 04:Hannover 96,de.1,1965-66,FC Schalke 04,Hannover 96,1,0
1965-11-27,1965-66:de.1:122:Eintracht Braunschweig:VfB Borussia Neunkirchen,de.1,1965-66,Eintracht Braunschweig,VfB Borussia Neunkirchen,1,2
1965-11-27,1965-66:de.1:123:Werder Bremen:Bor. Mönchengladbach,de.1,1965-66,Werder Bremen,Bor. Mönchengladbach,2,0
1965-11-27,1965-66:de.1:124:TSV 1860 München:Karlsruher SC,de.1,1965-66,TSV 1860 München,Karlsruher SC,2,0
1965-11-27,1965-66:de.1:125:Eintracht Frankfurt:SC Tasmania 1900 Berlin (-1973),de.1,1965-66,Eintracht Frankfurt,SC Tasmania 1900 Berlin (-1973),4,0
1965-12-03,1965-66:de.1:126:1. FC Kaiserslautern:1. FC Nürnberg,de.1,1965-66,1. FC Kaiserslautern,1. FC Nürnberg,0,0
1965-12-04,1965-66:de.1:127:Hannover 96:1. FC Kaiserslautern,de.1,1965-66,Hannover 96,1. FC Kaiserslautern,4,0
1965-12-04,1965-66:de.1:128:VfB Borussia Neunkirchen:FC Schalke 04,de.1,1965-66,VfB Borussia Neunkirchen,FC Schalke 04,1,0
1965-12-04,1965-66:de.1:129:Hamburger SV:1. FC Köln,de.1,1965-66,Hamburger SV,1. FC Köln,2,2
1965-12-04,1965-66:de.1:130:Borussia Dortmund:Werder Bremen,de.1,1965-66,Borussia Dortmund,Werder Bremen,2,1
1965-12-04,1965-66:de.1:131:Bayern München:MSV Duisburg,de.1,1965-66,Bayern München,MSV Duisburg,3,0
1965-12-04,1965-66:de.1:132:Karlsruher SC:Eintracht Frankfurt,de.1,1965-66,Karlsruher SC,Eintracht Frankfurt,4,0
1965-12-04,1965-66:de.1:133:1. FC Nürnberg:VfB Stuttgart,de.1,1965-66,1. FC Nürnberg,VfB Stuttgart,1,1
1965-12-11,1965-66:de.1:134:Werder Bremen:Hamburger SV,de.1,1965-66,Werder Bremen,Hamburger SV,2,0
1965-12-11,1965-66:de.1:135:Eintracht Braunschweig:Karlsruher SC,de.1,1965-66,Eintracht Braunschweig,Karlsruher SC,2,0
1965-12-11,1965-66:de.1:136:Eintracht Frankfurt:Bor. Mönchengladbach,de.1,1965-66,Eintracht Frankfurt,Bor. Mönchengladbach,3,1
1965-12-11,1965-66:de.1:137:VfB Stuttgart:Hannover 96,de.1,1965-66,VfB Stuttgart,Hannover 96,4,2
1965-12-11,1965-66:de.1:138:VfB Borussia Neunkirchen:SC Tasmania 1900 Berlin (-1973),de.1,1965-66,VfB Borussia Neunkirchen,SC Tasmania 1900 Berlin (-1973),3,1
1965-12-11,1965-66:de.1:139:1. FC Köln:Bayern München,de.1,1965-66,1. FC Köln,Bayern München,6,1
1965-12-11,1965-66:de.1:140:TSV 1860 München:Borussia Dortmund,de.1,1965-66,TSV 1860 München,Borussia Dortmund,2,1
1965-12-11,1965-66:de.1:141:FC Schalke 04:1. FC Kaiserslautern,de.1,1965-66,FC Schalke 04,1. FC Kaiserslautern,2,1
1965-12-18,1965-66:de.1:142:Bayern München:Werder Bremen,de.1,1965-66,Bayern München,Werder Bremen,3,1
1965-12-18,1965-66:de.1:143:Hannover 96:MSV Duisburg,de.1,1965-66,Hannover 96,MSV Duisburg,0,3
1965-12-18,1965-66:de.1:144:1. FC Nürnberg:1. FC Köln,de.1,1965-66,1. FC Nürnberg,1. FC Köln,2,0
1965-12-18,1965-66:de.1:145:Bor. Mönchengladbach:Eintracht Braunschweig,de.1,1965-66,Bor. Mönchengladbach,Eintracht Braunschweig,1,0
1965-12-18,1965-66:de.1:146:Karlsruher SC:VfB Borussia Neunkirchen,de.1,1965-66,Karlsruher SC,VfB Borussia Neunkirchen,1,1
1965-12-18,1965-66:de.1:147:SC Tasmania 1900 Berlin (-1973):FC Schalke 04,de.1,1965-66,SC Tasmania 1900 Berlin (-1973),FC Schalke 04,1,2
1965-12-18,1965-66:de.1:148:Hamburger SV:TSV 1860 München,de.1,1965-66,Hamburger SV,TSV 1860 München,1,2
1965-12-24,1965-66:de.1:149:1. FC Kaiserslautern:VfB Stuttgart,de.1,1965-66,1. FC Kaiserslautern,VfB Stuttgart,1,2
1965-12-29,1965-66:de.1:150:MSV Duisburg:1. FC Nürnberg,de.1,1965-66,MSV Duisburg,1. FC Nürnberg,1,2
1965-12-29,1965-66:de.1:151:Bor. Mönchengladbach:TSV 1860 München,de.1,1965-66,Bor. Mönchengladbach,TSV 1860 München,1,1
1965-12-31,1965-66:de.1:152:SC Tasmania 1900 Berlin (-1973):Eintracht Braunschweig,de.1,1965-66,SC Tasmania 1900 Berlin (-1973),Eintracht Braunschweig,0,2
1966-01-08,1965-66:de.1:153:Bor. Mönchengladbach:VfB Borussia Neunkirchen,de.1,1965-66,Bor. Mönchengladbach,VfB Borussia Neunkirchen,4,1
1966-01-08,1965-66:de.1:154:Hamburger SV:Eintracht Frankfurt,de.1,1965-66,Hamburger SV,Eintracht Frankfurt,0,1
1966-01-08,1965-66:de.1:155:1. FC Nürnberg:Werder Bremen,de.1,1965-66,1. FC Nürnberg,Werder Bremen,2,1
1966-01-08,1965-66:de.1:156:Borussia Dortmund:Eintracht Braunschweig,de.1,1965-66,Borussia Dortmund,Eintracht Braunschweig,1,1
1966-01-08,1965-66:de.1:157:Hannover 96:1. FC Köln,de.1,1965-66,Hannover 96,1. FC Köln,1,1
1966-01-08,1965-66:de.1:158:Karlsruher SC:SC Tasmania 1900 Berlin (-1973),de.1,1965-66,Karlsruher SC,SC Tasmania 1900 Berlin (-1973),3,0
1966-01-08,1965-66:de.1:159:1. FC Kaiserslautern:MSV Duisburg,de.1,1965-66,1. FC Kaiserslautern,MSV Duisburg,1,0
1966-01-14,1965-66:de.1:160:Bayern München:TSV 1860 München,de.1,1965-66,Bayern München,TSV 1860 München,3,0
1966-01-14,1965-66:de.1:161:FC Schalke 04:VfB Stuttgart,de.1,1965-66,FC Schalke 04,VfB Stuttgart,2,0
1966-01-15,1965-66:de.1:162:VfB Borussia Neunkirchen:Borussia Dortmund,de.1,1965-66,VfB Borussia Neunkirchen,Borussia Dortmund,1,3
1966-01-15,1965-66:de.1:163:MSV Duisburg:VfB Stuttgart,de.1,1965-66,MSV Duisburg,VfB Stuttgart,5,2
1966-01-15,1965-66:de.1:164:SC Tasmania 1900 Berlin (-1973):Bor. Mönchengladbach,de.1,1965-66,SC Tasmania 1900 Berlin (-1973),Bor. Mönchengladbach,0,0
1966-01-15,1965-66:de.1:165:Karlsruher SC:FC Schalke 04,de.1,1965-66,Karlsruher SC,FC Schalke 04,1,0
1966-01-15,1965-66:de.1:166:Eintracht Frankfurt:Bayern München,de.1,1965-66,Eintracht Frankfurt,Bayern München,0,0
1966-01-15,1965-66:de.1:167:Werder Bremen:Hannover 96,de.1,1965-66,Werder Bremen,Hannover 96,3,3
1966-01-15,1965-66:de.1:168:1. FC Köln:1. FC Kaiserslautern,de.1,1965-66,1. FC Köln,1. FC Kaiserslautern,3,2
1966-01-15,1965-66:de.1:169:Eintracht Braunschweig:Hamburger SV,de.1,1965-66,Eintracht Braunschweig,Hamburger SV,1,4
1966-01-15,1965-66:de.1:170:TSV 1860 München:1. FC Nürnberg,de.1,1965-66,TSV 1860 München,1. FC Nürnberg,1,1
1966-01-19,1965-66:de.1:171:Borussia Dortmund:Eintracht Frankfurt,de.1,1965-66,Borussia Dortmund,Eintracht Frankfurt,3,0
1966-01-29,1965-66:de.1:172:Borussia Dortmund:SC Tasmania 1900 Berlin (-1973),de.1,1965-66,Borussia Dortmund,SC Tasmania 1900 Berlin (-1973),3,1
1966-01-29,1965-66:de.1:173:Bor. Mönchengladbach:Karlsruher SC,de.1,1965-66,Bor. Mönchengladbach,Karlsruher SC,1,1
1966-01-29,1965-66:de.1:174:Hamburger SV:VfB Borussia Neunkirchen,de.1,1965-66,Hamburger SV,VfB Borussia Neunkirchen,3,0
1966-01-29,1965-66:de.1:175:1. FC Kaiserslautern:Werder Bremen,de.1,1965-66,1. FC Kaiserslautern,Werder Bremen,2,3
1966-01-29,1965-66:de.1:176:VfB Stuttgart:1. FC Köln,de.1,1965-66,VfB Stuttgart,1. FC Köln,0,1
1966-01-29,1965-66:de.1:177:1. FC Nürnberg:Eintracht Frankfurt,de.1,1965-66,1. FC Nürnberg,Eintracht Frankfurt,0,0
1966-01-29,1965-66:de.1:178:Bayern München:Eintracht Braunschweig,de.1,1965-66,Bayern München,Eintracht Braunschweig,2,2
1966-01-29,1965-66:de.1:179:Hannover 96:TSV 1860 München,de.1,1965-66,Hannover 96,TSV 1860 München,0,1
1966-01-29,1965-66:de.1:180:FC Schalke 04:MSV Duisburg,de.1,1965-66,FC Schalke 04,MSV Duisburg,0,0
1966-02-05,1965-66:de.1:181:VfB Borussia Neunkirchen:Bayern München,de.1,1965-66,VfB Borussia Neunkirchen,Bayern München,0,4
1966-02-05,1965-66:de.1:182:Bor. Mönchengladbach:FC Schalke 04,de.1,1965-66,Bor. Mönchengladbach,FC Schalke 04,2,0
1966-02-05,1965-66:de.1:183:SC Tasmania 1900 Berlin (-1973):Hamburger SV,de.1,1965-66,SC Tasmania 1900 Berlin (-1973),Hamburger SV,0,4
1966-02-05,1965-66:de.1:184:Werder Bremen:VfB Stuttgart,de.1,1965-66,Werder Bremen,VfB Stuttgart,3,1
1966-02-05,1965-66:de.1:185:Karlsruher SC:Borussia Dortmund,de.1,1965-66,Karlsruher SC,Borussia Dortmund,0,0
1966-02-05,1965-66:de.1:186:Eintracht Frankfurt:Hannover 96,de.1,1965-66,Eintracht Frankfurt,Hannover 96,0,1
1966-02-05,1965-66:de.1:187:1. FC Köln:MSV Duisburg,de.1,1965-66,1. FC Köln,MSV Duisburg,1,1
1966-02-05,1965-66:de.1:188:Eintracht Braunschweig:1. FC Nürnberg,de.1,1965-66,Eintracht Braunschweig,1. FC Nürnberg,3,0
1966-02-12,1965-66:de.1:189:1. FC Kaiserslautern:Eintracht Frankfurt,de.1,1965-66,1. FC Kaiserslautern,Eintracht Frankfurt,5,2
1966-02-12,1965-66:de.1:190:MSV Duisburg:Werder Bremen,de.1,1965-66,MSV Duisburg,Werder Bremen,1,2
1966-02-12,1965-66:de.1:191:1. FC Nürnberg:VfB Borussia Neunkirchen,de.1,1965-66,1. FC Nürnberg,VfB Borussia Neunkirchen,3,1
1966-02-12,1965-66:de.1:192:Hamburger SV:Karlsruher SC,de.1,1965-66,Hamburger SV,Karlsruher SC,8,0
1966-02-12,1965-66:de.1:193:Borussia Dortmund:Bor. Mönchengladbach,de.1,1965-66,Borussia Dortmund,Bor. Mönchengladbach,3,1
1966-02-12,1965-66:de.1:194:Bayern München:SC Tasmania 1900 Berlin (-1973),de.1,1965-66,Bayern München,SC Tasmania 1900 Berlin (-1973),2,1
1966-02-12,1965-66:de.1:195:VfB Stuttgart:TSV 1860 München,de.1,1965-66,VfB Stuttgart,TSV 1860 München,0,0
1966-02-12,1965-66:de.1:196:FC Schalke 04:1. FC Köln,de.1,1965-66,FC Schalke 04,1. FC Köln,0,0
1966-02-26,1965-66:de.1:197:Borussia Dortmund:FC Schalke 04,de.1,1965-66,Borussia Dortmund,FC Schalke 04,7,0
1966-02-26,1965-66:de.1:198:TSV 1860 München:MSV Duisburg,de.1,1965-66,TSV 1860 München,MSV Duisburg,3,3
1966-02-26,1965-66:de.1:199:Bor. Mönchengladbach:Hamburger SV,de.1,1965-66,Bor. Mönchengladbach,Hamburger SV,0,0
1966-02-26,1965-66:de.1:200:SC Tasmania 1900 Berlin (-1973):1. FC Nürnberg,de.1,1965-66,SC Tasmania 1900 Berlin (-1973),1. FC Nürnberg,0,1
1966-02-26,1965-66:de.1:201:Eintracht Braunschweig:1. FC Kaiserslautern,de.1,1965-66,Eintracht Braunschweig,1. FC Kaiserslautern,1,1
1966-02-26,1965-66:de.1:202:Karlsruher SC:Bayern München,de.1,1965-66,Karlsruher SC,Bayern München,1,0
1966-02-26,1965-66:de.1:203:Werder Bremen:1. FC Köln,de.1,1965-66,Werder Bremen,1. FC Köln,2,1
1966-02-26,1965-66:de.1:204:VfB Borussia Neunkirchen:Hannover 96,de.1,1965-66,VfB Borussia Neunkirchen,Hannover 96,1,0
1966-02-26,1965-66:de.1:205:Eintracht Frankfurt:VfB Stuttgart,de.1,1965-66,Eintracht Frankfurt,VfB Stuttgart,3,2
1966-03-05,1965-66:de.1:206:Hannover 96:SC Tasmania 1900 Berlin (-1973),de.1,1965-66,Hannover 96,SC Tasmania 1900 Berlin (-1973),5,0
1966-03-05,1965-66:de.1:207:Hamburger SV:Borussia Dortmund,de.1,1965-66,Hamburger SV,Borussia Dortmund,1,1
1966-03-05,1965-66:de.1:208:MSV Duisburg:Eintracht Frankfurt,de.1,1965-66,MSV Duisburg,Eintracht Frankfurt,0,0
1966-03-05,1965-66:de.1:209:1. FC Nürnberg:Karlsruher SC,de.1,1965-66,1. FC Nürnberg,Karlsruher SC,3,0
1966-03-05,1965-66:de.1:210:1. FC Kaiserslautern:VfB Borussia Neunkirchen,de.1,1965-66,1. FC Kaiserslautern,VfB Borussia Neunkirchen,0,0
1966-03-05,1965-66:de.1:211:1. FC Köln:TSV 1860 München,de.1,1965-66,1. FC Köln,TSV 1860 München,3,1
1966-03-05,1965-66:de.1:212:VfB Stuttgart:Eintracht Braunschweig,de.1,1965-66,VfB Stuttgart,Eintracht Braunschweig,0,1
1966-03-05,1965-66:de.1:213:FC Schalke 04:Werder Bremen,de.1,1965-66,FC Schalke 04,Werder Bremen,1,6
1966-03-05,1965-66:de.1:214:Bayern München:Bor. Mönchengladbach,de.1,1965-66,Bayern München,Bor. Mönchengladbach,5,2
1966-03-12,1965-66:de.1:215:TSV 1860 München:Werder Bremen,de.1,1965-66,TSV 1860 München,Werder Bremen,3,1
1966-03-12,1965-66:de.1:216:Hamburger SV:FC Schalke 04,de.1,1965-66,Hamburger SV,FC Schalke 04,1,1
1966-03-12,1965-66:de.1:217:Eintracht Braunschweig:MSV Duisburg,de.1,1965-66,Eintracht Braunschweig,MSV Duisburg,1,0
1966-03-12,1965-66:de.1:218:Borussia Dortmund:Bayern München,de.1,1965-66,Borussia Dortmund,Bayern München,3,0
1966-03-12,1965-66:de.1:219:SC Tasmania 1900 Berlin (-1973):1. FC Kaiserslautern,de.1,1965-66,SC Tasmania 1900 Berlin (-1973),1. FC Kaiserslautern,1,1
1966-03-12,1965-66:de.1:220:VfB Borussia Neunkirchen:VfB Stuttgart,de.1,1965-66,VfB Borussia Neunkirchen,VfB Stuttgart,1,2
1966-03-12,1965-66:de.1:221:Karlsruher SC:Hannover 96,de.1,1965-66,Karlsruher SC,Hannover 96,1,0
1966-03-12,1965-66:de.1:222:Bor. Mönchengladbach:1. FC Nürnberg,de.1,1965-66,Bor. Mönchengladbach,1. FC Nürnberg,8,3
1966-03-18,1965-66:de.1:223:Eintracht Frankfurt:1. FC Köln,de.1,1965-66,Eintracht Frankfurt,1. FC Köln,0,0
1966-03-19,1965-66:de.1:224:Werder Bremen:Eintracht Frankfurt,de.1,1965-66,Werder Bremen,Eintracht Frankfurt,3,2
1966-03-19,1965-66:de.1:225:VfB Stuttgart:SC Tasmania 1900 Berlin (-1973),de.1,1965-66,VfB Stuttgart,SC Tasmania 1900 Berlin (-1973),2,0
1966-03-19,1965-66:de.1:226:1. FC Köln:Eintracht Braunschweig,de.1,1965-66,1. FC Köln,Eintracht Braunschweig,3,0
1966-03-19,1965-66:de.1:227:Bayern München:Hamburger SV,de.1,1965-66,Bayern München,Hamburger SV,3,0
1966-03-19,1965-66:de.1:228:FC Schalke 04:TSV 1860 München,de.1,1965-66,FC Schalke 04,TSV 1860 München,0,2
1966-03-19,1965-66:de.1:229:1. FC Nürnberg:Borussia Dortmund,de.1,1965-66,1. FC Nürnberg,Borussia Dortmund,0,0
1966-03-19,1965-66:de.1:230:1. FC Kaiserslautern:Karlsruher SC,de.1,1965-66,1. FC Kaiserslautern,Karlsruher SC,1,0
1966-03-19,1965-66:de.1:231:Hannover 96:Bor. Mönchengladbach,de.1,1965-66,Hannover 96,Bor. Mönchengladbach,2,1
1966-03-19,1965-66:de.1:232:MSV Duisburg:VfB Borussia Neunkirchen,de.1,1965-66,MSV Duisburg,VfB Borussia Neunkirchen,1,0
1966-03-26,1965-66:de.1:233:VfB Borussia Neunkirchen:1. FC Köln,de.1,1965-66,VfB Borussia Neunkirchen,1. FC Köln,2,1
1966-03-26,1965-66:de.1:234:SC Tasmania 1900 Berlin (-1973):MSV Duisburg,de.1,1965-66,SC Tasmania 1900 Berlin (-1973),MSV Duisburg,0,9
1966-03-26,1965-66:de.1:235:Hamburger SV:1. FC Nürnberg,de.1,1965-66,Hamburger SV,1. FC Nürnberg,0,2
1966-03-26,1965-66:de.1:236:Eintracht Braunschweig:Werder Bremen,de.1,1965-66,Eintracht Braunschweig,Werder Bremen,1,0
1966-03-26,1965-66:de.1:237:Bayern München:FC Schalke 04,de.1,1965-66,Bayern München,FC Schalke 04,1,0
1966-03-26,1965-66:de.1:238:Karlsruher SC:VfB Stuttgart,de.1,1965-66,Karlsruher SC,VfB Stuttgart,3,0
1966-03-26,1965-66:de.1:239:Eintracht Frankfurt:TSV 1860 München,de.1,1965-66,Eintracht Frankfurt,TSV 1860 München,5,2
1966-03-26,1965-66:de.1:240:Borussia Dortmund:Hannover 96,de.1,1965-66,Borussia Dortmund,Hannover 96,4,0
1966-03-26,1965-66:de.1:241:Bor. Mönchengladbach:1. FC Kaiserslautern,de.1,1965-66,Bor. Mönchengladbach,1. FC Kaiserslautern,2,0
1966-04-02,1965-66:de.1:242:Hannover 96:Hamburger SV,de.1,1965-66,Hannover 96,Hamburger SV,0,0
1966-04-02,1965-66:de.1:243:VfB Stuttgart:Bor. Mönchengladbach,de.1,1965-66,VfB Stuttgart,Bor. Mönchengladbach,5,0
1966-04-02,1965-66:de.1:244:MSV Duisburg:Karlsruher SC,de.1,1965-66,MSV Duisburg,Karlsruher SC,8,2
1966-04-02,1965-66:de.1:245:1. FC Köln:SC Tasmania 1900 Berlin (-1973),de.1,1965-66,1. FC Köln,SC Tasmania 1900 Berlin (-1973),4,0
1966-04-02,1965-66:de.1:246:1. FC Nürnberg:Bayern München,de.1,1965-66,1. FC Nürnberg,Bayern München,2,2
1966-04-02,1965-66:de.1:247:1. FC Kaiserslautern:Borussia Dortmund,de.1,1965-66,1. FC Kaiserslautern,Borussia Dortmund,0,0
1966-04-02,1965-66:de.1:248:Werder Bremen:VfB Borussia Neunkirchen,de.1,1965-66,Werder Bremen,VfB Borussia Neunkirchen,5,2
1966-04-02,1965-66:de.1:249:FC Schalke 04:Eintracht Frankfurt,de.1,1965-66,FC Schalke 04,Eintracht Frankfurt,3,2
1966-04-02,1965-66:de.1:250:TSV 1860 München:Eintracht Braunschweig,de.1,1965-66,TSV 1860 München,Eintracht Braunschweig,1,1
1966-04-07,1965-66:de.1:251:Hannover 96:Eintracht Braunschweig,de.1,1965-66,Hannover 96,Eintracht Braunschweig,1,1
1966-04-12,1965-66:de.1:252:TSV 1860 München:1. FC Kaiserslautern,de.1,1965-66,TSV 1860 München,1. FC Kaiserslautern,4,2
1966-04-16,1965-66:de.1:253:1. FC Nürnberg:FC Schalke 04,de.1,1965-66,1. FC Nürnberg,FC Schalke 04,1,0
1966-04-16,1965-66:de.1:254:Borussia Dortmund:VfB Stuttgart,de.1,1965-66,Borussia Dortmund,VfB Stuttgart,4,0
1966-04-16,1965-66:de.1:255:SC Tasmania 1900 Berlin (-1973):Werder Bremen,de.1,1965-66,SC Tasmania 1900 Berlin (-1973),Werder Bremen,1,1
1966-04-16,1965-66:de.1:256:Karlsruher SC:1. FC Köln,de.1,1965-66,Karlsruher SC,1. FC Köln,2,1
1966-04-16,1965-66:de.1:257:Bayern München:Hannover 96,de.1,1965-66,Bayern München,Hannover 96,3,1
1966-04-16,1965-66:de.1:258:Bor. Mönchengladbach:MSV Duisburg,de.1,1965-66,Bor. Mönchengladbach,MSV Duisburg,1,2
1966-04-16,1965-66:de.1:259:Hamburger SV:1. FC Kaiserslautern,de.1,1965-66,Hamburger SV,1. FC Kaiserslautern,4,1
1966-04-16,1965-66:de.1:260:VfB Borussia Neunkirchen:TSV 1860 München,de.1,1965-66,VfB Borussia Neunkirchen,TSV 1860 München,1,9
1966-04-23,1965-66:de.1:261:1. FC Kaiserslautern:Bayern München,de.1,1965-66,1. FC Kaiserslautern,Bayern München,1,2
1966-04-23,1965-66:de.1:262:Eintracht Frankfurt:VfB Borussia Neunkirchen,de.1,1965-66,Eintracht Frankfurt,VfB Borussia Neunkirchen,1,2
1966-04-23,1965-66:de.1:263:Werder Bremen:Karlsruher SC,de.1,1965-66,Werder Bremen,Karlsruher SC,3,1
1966-04-23,1965-66:de.1:264:MSV Duisburg:Borussia Dortmund,de.1,1965-66,MSV Duisburg,Borussia Dortmund,2,1
1966-04-23,1965-66:de.1:265:1. FC Köln:Bor. Mönchengladbach,de.1,1965-66,1. FC Köln,Bor. Mönchengladbach,2,2
1966-04-23,1965-66:de.1:266:TSV 1860 München:SC Tasmania 1900 Berlin (-1973),de.1,1965-66,TSV 1860 München,SC Tasmania 1900 Berlin (-1973),4,0
1966-04-23,1965-66:de.1:267:Hannover 96:1. FC Nürnberg,de.1,1965-66,Hannover 96,1. FC Nürnberg,2,2
1966-04-23,1965-66:de.1:268:VfB Stuttgart:Hamburger SV,de.1,1965-66,VfB Stuttgart,Hamburger SV,1,3
1966-04-23,1965-66:de.1:269:FC Schalke 04:Eintracht Braunschweig,de.1,1965-66,FC Schalke 04,Eintracht Braunschweig,1,1
1966-04-26,1965-66:de.1:270:Eintracht Braunschweig:Eintracht Frankfurt,de.1,1965-66,Eintracht Braunschweig,Eintracht Frankfurt,2,2
1966-04-30,1965-66:de.1:271:Borussia Dortmund:1. FC Köln,de.1,1965-66,Borussia Dortmund,1. FC Köln,3,2
1966-04-30,1965-66:de.1:272:Bayern München:VfB Stuttgart,de.1,1965-66,Bayern München,VfB Stuttgart,0,1
1966-04-30,1965-66:de.1:273:Hamburger SV:MSV Duisburg,de.1,1965-66,Hamburger SV,MSV Duisburg,2,0
1966-04-30,1965-66:de.1:274:Hannover 96:FC Schalke 04,de.1,1965-66,Hannover 96,FC Schalke 04,0,3
1966-04-30,1965-66:de.1:275:1. FC Nürnberg:1. FC Kaiserslautern,de.1,1965-66,1. FC Nürnberg,1. FC Kaiserslautern,1,1
1966-04-30,1965-66:de.1:276:VfB Borussia Neunkirchen:Eintracht Braunschweig,de.1,1965-66,VfB Borussia Neunkirchen,Eintracht Braunschweig,1,0
1966-04-30,1965-66:de.1:277:Bor. Mönchengladbach:Werder Bremen,de.1,1965-66,Bor. Mönchengladbach,Werder Bremen,0,7
1966-04-30,1965-66:de.1:278:Karlsruher SC:TSV 1860 München,de.1,1965-66,Karlsruher SC,TSV 1860 München,1,1
1966-04-30,1965-66:de.1:279:SC Tasmania 1900 Berlin (-1973):Eintracht Frankfurt,de.1,1965-66,SC Tasmania 1900 Berlin (-1973),Eintracht Frankfurt,0,3
1966-05-07,1965-66:de.1:280:1. FC Kaiserslautern:Hannover 96,de.1,1965-66,1. FC Kaiserslautern,Hannover 96,1,1
1966-05-14,1965-66:de.1:281:1. FC Köln:Hamburger SV,de.1,1965-66,1. FC Köln,Hamburger SV,5,1
1966-05-14,1965-66:de.1:282:Werder Bremen:Borussia Dortmund,de.1,1965-66,Werder Bremen,Borussia Dortmund,1,0
1966-05-14,1965-66:de.1:283:MSV Duisburg:Bayern München,de.1,1965-66,MSV Duisburg,Bayern München,1,1
1966-05-14,1965-66:de.1:284:Eintracht Frankfurt:Karlsruher SC,de.1,1965-66,Eintracht Frankfurt,Karlsruher SC,1,0
1966-05-14,1965-66:de.1:285:VfB Stuttgart:1. FC Nürnberg,de.1,1965-66,VfB Stuttgart,1. FC Nürnberg,1,0
1966-05-14,1965-66:de.1:286:FC Schalke 04:VfB Borussia Neunkirchen,de.1,1965-66,FC Schalke 04,VfB Borussia Neunkirchen,2,0
1966-05-14,1965-66:de.1:287:TSV 1860 München:Bor. Mönchengladbach,de.1,1965-66,TSV 1860 München,Bor. Mönchengladbach,3,3
1966-05-14,1965-66:de.1:288:Eintracht Braunschweig:SC Tasmania 1900 Berlin (-1973),de.1,1965-66,Eintracht Braunschweig,SC Tasmania 1900 Berlin (-1973),3,1
1966-05-21,1965-66:de.1:289:Bayern München:1. FC Köln,de.1,1965-66,Bayern München,1. FC Köln,1,4
1966-05-21,1965-66:de.1:290:Borussia Dortmund:TSV 1860 München,de.1,1965-66,Borussia Dortmund,TSV 1860 München,0,2
1966-05-21,1965-66:de.1:291:SC Tasmania 1900 Berlin (-1973):VfB Borussia Neunkirchen,de.1,1965-66,SC Tasmania 1900 Berlin (-1973),VfB Borussia Neunkirchen,2,1
1966-05-21,1965-66:de.1:292:Karlsruher SC:Eintracht Braunschweig,de.1,1965-66,Karlsruher SC,Eintracht Braunschweig,1,4
1966-05-21,1965-66:de.1:293:1. FC Kaiserslautern:FC Schalke 04,de.1,1965-66,1. FC Kaiserslautern,FC Schalke 04,3,2
1966-05-21,1965-66:de.1:294:Hannover 96:VfB Stuttgart,de.1,1965-66,Hannover 96,VfB Stuttgart,4,2
1966-05-21,1965-66:de.1:295:Hamburger SV:Werder Bremen,de.1,1965-66,Hamburger SV,Werder Bremen,1,3
1966-05-21,1965-66:de.1:296:Bor. Mönchengladbach:Eintracht Frankfurt,de.1,1965-66,Bor. Mönchengladbach,Eintracht Frankfurt,1,2
1966-05-21,1965-66:de.1:297:1. FC Nürnberg:MSV Duisburg,de.1,1965-66,1. FC Nürnberg,MSV Duisburg,4,1
1966-05-28,1965-66:de.1:298:1. FC Köln:1. FC Nürnberg,de.1,1965-66,1. FC Köln,1. FC Nürnberg,2,1
1966-05-28,1965-66:de.1:299:MSV Duisburg:Hannover 96,de.1,1965-66,MSV Duisburg,Hannover 96,2,2
1966-05-28,1965-66:de.1:300:Werder Bremen:Bayern München,de.1,1965-66,Werder Bremen,Bayern München,1,1
1966-05-28,1965-66:de.1:301:TSV 1860 München:Hamburger SV,de.1,1965-66,TSV 1860 München,Hamburger SV,1,1
1966-05-28,1965-66:de.1:302:Eintracht Braunschweig:Bor. Mönchengladbach,de.1,1965-66,Eintracht Braunschweig,Bor. Mönchengladbach,1,1
1966-05-28,1965-66:de.1:303:VfB Borussia Neunkirchen:Karlsruher SC,de.1,1965-66,VfB Borussia Neunkirchen,Karlsruher SC,1,0
1966-05-28,1965-66:de.1:304:VfB Stuttgart:1. FC Kaiserslautern,de.1,1965-66,VfB Stuttgart,1. FC Kaiserslautern,4,1
1966-05-28,1965-66:de.1:305:FC Schalke 04:SC Tasmania 1900 Berlin (-1973),de.1,1965-66,FC Schalke 04,SC Tasmania 1900 Berlin (-1973),4,0
1966-05-28,1965-66:de.1:306:Eintracht Frankfurt:Borussia Dortmund,de.1,1965-66,Eintracht Frankfurt,Borussia Dortmund,4,1
1966-08-20,1966-67:de.1:1:1. FC Köln:TSV 1860 München,de.1,1966-67,1. FC Köln,TSV 1860 München,2,0
1966-08-20,1966-67:de.1:2:Borussia Dortmund:Fortuna Düsseldorf,de.1,1966-67,Borussia Dortmund,Fortuna Düsseldorf,1,2
1966-08-20,1966-67:de.1:3:Eintracht Braunschweig:Werder Bremen,de.1,1966-67,Eintracht Braunschweig,Werder Bremen,2,0
1966-08-20,1966-67:de.1:4:Hamburger SV:Hannover 96,de.1,1966-67,Hamburger SV,Hannover 96,2,1
1966-08-20,1966-67:de.1:5:VfB Stuttgart:1. FC Nürnberg,de.1,1966-67,VfB Stuttgart,1. FC Nürnberg,1,0
1966-08-20,1966-67:de.1:6:1. FC Kaiserslautern:Karlsruher SC,de.1,1966-67,1. FC Kaiserslautern,Karlsruher SC,3,1
1966-08-20,1966-67:de.1:7:MSV Duisburg:Rot-Weiss Essen,de.1,1966-67,MSV Duisburg,Rot-Weiss Essen,2,0
1966-08-20,1966-67:de.1:8:FC Schalke 04:Bor. Mönchengladbach,de.1,1966-67,FC Schalke 04,Bor. Mönchengladbach,0,0
1966-08-20,1966-67:de.1:9:Bayern München:Eintracht Frankfurt,de.1,1966-67,Bayern München,Eintracht Frankfurt,1,2
1966-08-27,1966-67:de.1:10:TSV 1860 München:Eintracht Braunschweig,de.1,1966-67,TSV 1860 München,Eintracht Braunschweig,2,1
1966-08-27,1966-67:de.1:11:Fortuna Düsseldorf:Bayern München,de.1,1966-67,Fortuna Düsseldorf,Bayern München,0,0
1966-08-27,1966-67:de.1:12:Hannover 96:Borussia Dortmund,de.1,1966-67,Hannover 96,Borussia Dortmund,2,0
1966-08-27,1966-67:de.1:13:Werder Bremen:VfB Stuttgart,de.1,1966-67,Werder Bremen,VfB Stuttgart,1,2
1966-08-27,1966-67:de.1:14:1. FC Nürnberg:MSV Duisburg,de.1,1966-67,1. FC Nürnberg,MSV Duisburg,3,1
1966-08-27,1966-67:de.1:15:Bor. Mönchengladbach:1. FC Kaiserslautern,de.1,1966-67,Bor. Mönchengladbach,1. FC Kaiserslautern,1,1
1966-08-27,1966-67:de.1:16:Rot-Weiss Essen:FC Schalke 04,de.1,1966-67,Rot-Weiss Essen,FC Schalke 04,4,1
1966-08-27,1966-67:de.1:17:Eintracht Frankfurt:1. FC Köln,de.1,1966-67,Eintracht Frankfurt,1. FC Köln,4,0
1966-08-27,1966-67:de.1:18:Karlsruher SC:Hamburger SV,de.1,1966-67,Karlsruher SC,Hamburger SV,1,1
1966-09-03,1966-67:de.1:19:VfB Stuttgart:TSV 1860 München,de.1,1966-67,VfB Stuttgart,TSV 1860 München,2,0
1966-09-03,1966-67:de.1:20:Bayern München:Hannover 96,de.1,1966-67,Bayern München,Hannover 96,0,0
1966-09-03,1966-67:de.1:21:MSV Duisburg:Werder Bremen,de.1,1966-67,MSV Duisburg,Werder Bremen,1,0
1966-09-03,1966-67:de.1:22:Hamburger SV:Bor. Mönchengladbach,de.1,1966-67,Hamburger SV,Bor. Mönchengladbach,2,0
1966-09-03,1966-67:de.1:23:FC Schalke 04:1. FC Nürnberg,de.1,1966-67,FC Schalke 04,1. FC Nürnberg,1,0
1966-09-03,1966-67:de.1:24:1. FC Kaiserslautern:Rot-Weiss Essen,de.1,1966-67,1. FC Kaiserslautern,Rot-Weiss Essen,5,2
1966-09-03,1966-67:de.1:25:Borussia Dortmund:Karlsruher SC,de.1,1966-67,Borussia Dortmund,Karlsruher SC,2,1
1966-09-03,1966-67:de.1:26:Eintracht Braunschweig:1. FC Köln,de.1,1966-67,Eintracht Braunschweig,1. FC Köln,1,0
1966-09-03,1966-67:de.1:27:Fortuna Düsseldorf:Eintracht Frankfurt,de.1,1966-67,Fortuna Düsseldorf,Eintracht Frankfurt,2,4
1966-09-07,1966-67:de.1:28:Eintracht Frankfurt:Eintracht Braunschweig,de.1,1966-67,Eintracht Frankfurt,Eintracht Braunschweig,0,1
1966-09-10,1966-67:de.1:29:TSV 1860 München:MSV Duisburg,de.1,1966-67,TSV 1860 München,MSV Duisburg,3,3
1966-09-10,1966-67:de.1:30:Karlsruher SC:Bayern München,de.1,1966-67,Karlsruher SC,Bayern München,1,6
1966-09-10,1966-67:de.1:31:Rot-Weiss Essen:Hamburger SV,de.1,1966-67,Rot-Weiss Essen,Hamburger SV,1,1
1966-09-10,1966-67:de.1:32:Werder Bremen:FC Schalke 04,de.1,1966-67,Werder Bremen,FC Schalke 04,2,1
1966-09-10,1966-67:de.1:33:Bor. Mönchengladbach:Borussia Dortmund,de.1,1966-67,Bor. Mönchengladbach,Borussia Dortmund,4,0
1966-09-10,1966-67:de.1:34:1. FC Köln:VfB Stuttgart,de.1,1966-67,1. FC Köln,VfB Stuttgart,3,1
1966-09-10,1966-67:de.1:35:Hannover 96:Fortuna Düsseldorf,de.1,1966-67,Hannover 96,Fortuna Düsseldorf,0,2
1966-09-10,1966-67:de.1:36:1. FC Nürnberg:1. FC Kaiserslautern,de.1,1966-67,1. FC Nürnberg,1. FC Kaiserslautern,1,2
1966-09-17,1966-67:de.1:37:FC Schalke 04:TSV 1860 München,de.1,1966-67,FC Schalke 04,TSV 1860 München,1,0
1966-09-17,1966-67:de.1:38:Bayern München:Bor. Mönchengladbach,de.1,1966-67,Bayern München,Bor. Mönchengladbach,4,3
1966-09-17,1966-67:de.1:39:1. FC Kaiserslautern:Werder Bremen,de.1,1966-67,1. FC Kaiserslautern,Werder Bremen,2,0
1966-09-17,1966-67:de.1:40:Hamburger SV:1. FC Nürnberg,de.1,1966-67,Hamburger SV,1. FC Nürnberg,0,1
1966-09-17,1966-67:de.1:41:Borussia Dortmund:Rot-Weiss Essen,de.1,1966-67,Borussia Dortmund,Rot-Weiss Essen,0,0
1966-09-17,1966-67:de.1:42:MSV Duisburg:1. FC Köln,de.1,1966-67,MSV Duisburg,1. FC Köln,1,0
1966-09-17,1966-67:de.1:43:Fortuna Düsseldorf:Karlsruher SC,de.1,1966-67,Fortuna Düsseldorf,Karlsruher SC,1,0
1966-09-17,1966-67:de.1:44:VfB Stuttgart:Eintracht Braunschweig,de.1,1966-67,VfB Stuttgart,Eintracht Braunschweig,1,2
1966-09-17,1966-67:de.1:45:Hannover 96:Eintracht Frankfurt,de.1,1966-67,Hannover 96,Eintracht Frankfurt,2,1
1966-09-24,1966-67:de.1:46:TSV 1860 München:1. FC Kaiserslautern,de.1,1966-67,TSV 1860 München,1. FC Kaiserslautern,3,0
1966-09-24,1966-67:de.1:47:Rot-Weiss Essen:Bayern München,de.1,1966-67,Rot-Weiss Essen,Bayern München,3,1
1966-09-24,1966-67:de.1:48:Werder Bremen:Hamburger SV,de.1,1966-67,Werder Bremen,Hamburger SV,5,1
1966-09-24,1966-67:de.1:49:1. FC Nürnberg:Borussia Dortmund,de.1,1966-67,1. FC Nürnberg,Borussia Dortmund,2,0
1966-09-24,1966-67:de.1:50:1. FC Köln:FC Schalke 04,de.1,1966-67,1. FC Köln,FC Schalke 04,2,1
1966-09-24,1966-67:de.1:51:Bor. Mönchengladbach:Fortuna Düsseldorf,de.1,1966-67,Bor. Mönchengladbach,Fortuna Düsseldorf,3,1
1966-09-24,1966-67:de.1:52:Eintracht Braunschweig:MSV Duisburg,de.1,1966-67,Eintracht Braunschweig,MSV Duisburg,0,0
1966-09-24,1966-67:de.1:53:Karlsruher SC:Hannover 96,de.1,1966-67,Karlsruher SC,Hannover 96,0,0
1966-09-24,1966-67:de.1:54:Eintracht Frankfurt:VfB Stuttgart,de.1,1966-67,Eintracht Frankfurt,VfB Stuttgart,4,0
1966-10-01,1966-67:de.1:55:Hamburger SV:TSV 1860 München,de.1,1966-67,Hamburger SV,TSV 1860 München,3,2
1966-10-01,1966-67:de.1:56:Bayern München:1. FC Nürnberg,de.1,1966-67,Bayern München,1. FC Nürnberg,0,1
1966-10-01,1966-67:de.1:57:Borussia Dortmund:Werder Bremen,de.1,1966-67,Borussia Dortmund,Werder Bremen,2,0
1966-10-01,1966-67:de.1:58:1. FC Kaiserslautern:1. FC Köln,de.1,1966-67,1. FC Kaiserslautern,1. FC Köln,0,0
1966-10-01,1966-67:de.1:59:Fortuna Düsseldorf:Rot-Weiss Essen,de.1,1966-67,Fortuna Düsseldorf,Rot-Weiss Essen,2,0
1966-10-01,1966-67:de.1:60:FC Schalke 04:Eintracht Braunschweig,de.1,1966-67,FC Schalke 04,Eintracht Braunschweig,0,0
1966-10-01,1966-67:de.1:61:Hannover 96:Bor. Mönchengladbach,de.1,1966-67,Hannover 96,Bor. Mönchengladbach,1,1
1966-10-01,1966-67:de.1:62:MSV Duisburg:VfB Stuttgart,de.1,1966-67,MSV Duisburg,VfB Stuttgart,0,0
1966-10-01,1966-67:de.1:63:Karlsruher SC:Eintracht Frankfurt,de.1,1966-67,Karlsruher SC,Eintracht Frankfurt,3,2
1966-10-08,1966-67:de.1:64:TSV 1860 München:Borussia Dortmund,de.1,1966-67,TSV 1860 München,Borussia Dortmund,1,2
1966-10-08,1966-67:de.1:65:Werder Bremen:Bayern München,de.1,1966-67,Werder Bremen,Bayern München,4,1
1966-10-08,1966-67:de.1:66:1. FC Köln:Hamburger SV,de.1,1966-67,1. FC Köln,Hamburger SV,0,0
1966-10-08,1966-67:de.1:67:1. FC Nürnberg:Fortuna Düsseldorf,de.1,1966-67,1. FC Nürnberg,Fortuna Düsseldorf,4,2
1966-10-08,1966-67:de.1:68:Eintracht Braunschweig:1. FC Kaiserslautern,de.1,1966-67,Eintracht Braunschweig,1. FC Kaiserslautern,2,0
1966-10-08,1966-67:de.1:69:Rot-Weiss Essen:Hannover 96,de.1,1966-67,Rot-Weiss Essen,Hannover 96,3,0
1966-10-08,1966-67:de.1:70:VfB Stuttgart:FC Schalke 04,de.1,1966-67,VfB Stuttgart,FC Schalke 04,1,1
1966-10-08,1966-67:de.1:71:Bor. Mönchengladbach:Karlsruher SC,de.1,1966-67,Bor. Mönchengladbach,Karlsruher SC,3,1
1966-10-08,1966-67:de.1:72:Eintracht Frankfurt:MSV Duisburg,de.1,1966-67,Eintracht Frankfurt,MSV Duisburg,1,0
1966-10-15,1966-67:de.1:73:Bayern München:TSV 1860 München,de.1,1966-67,Bayern München,TSV 1860 München,3,0
1966-10-15,1966-67:de.1:74:Fortuna Düsseldorf:Werder Bremen,de.1,1966-67,Fortuna Düsseldorf,Werder Bremen,0,1
1966-10-15,1966-67:de.1:75:Hamburger SV:Eintracht Braunschweig,de.1,1966-67,Hamburger SV,Eintracht Braunschweig,1,0
1966-10-15,1966-67:de.1:76:Hannover 96:1. FC Nürnberg,de.1,1966-67,Hannover 96,1. FC Nürnberg,2,0
1966-10-15,1966-67:de.1:77:1. FC Kaiserslautern:VfB Stuttgart,de.1,1966-67,1. FC Kaiserslautern,VfB Stuttgart,3,3
1966-10-15,1966-67:de.1:78:Karlsruher SC:Rot-Weiss Essen,de.1,1966-67,Karlsruher SC,Rot-Weiss Essen,0,1
1966-10-15,1966-67:de.1:79:FC Schalke 04:MSV Duisburg,de.1,1966-67,FC Schalke 04,MSV Duisburg,2,1
1966-10-15,1966-67:de.1:80:Bor. Mönchengladbach:Eintracht Frankfurt,de.1,1966-67,Bor. Mönchengladbach,Eintracht Frankfurt,0,0
1966-10-15,1966-67:de.1:81:Borussia Dortmund:1. FC Köln,de.1,1966-67,Borussia Dortmund,1. FC Köln,6,1
1966-10-22,1966-67:de.1:82:TSV 1860 München:Fortuna Düsseldorf,de.1,1966-67,TSV 1860 München,Fortuna Düsseldorf,3,0
1966-10-22,1966-67:de.1:83:Eintracht Frankfurt:FC Schalke 04,de.1,1966-67,Eintracht Frankfurt,FC Schalke 04,4,2
1966-10-22,1966-67:de.1:84:Eintracht Braunschweig:Borussia Dortmund,de.1,1966-67,Eintracht Braunschweig,Borussia Dortmund,3,1
1966-10-22,1966-67:de.1:85:Werder Bremen:Hannover 96,de.1,1966-67,Werder Bremen,Hannover 96,3,0
1966-10-22,1966-67:de.1:86:1. FC Nürnberg:Karlsruher SC,de.1,1966-67,1. FC Nürnberg,Karlsruher SC,2,2
1966-10-22,1966-67:de.1:87:MSV Duisburg:1. FC Kaiserslautern,de.1,1966-67,MSV Duisburg,1. FC Kaiserslautern,1,1
1966-10-22,1966-67:de.1:88:Rot-Weiss Essen:Bor. Mönchengladbach,de.1,1966-67,Rot-Weiss Essen,Bor. Mönchengladbach,2,1
1966-10-22,1966-67:de.1:89:1. FC Köln:Bayern München,de.1,1966-67,1. FC Köln,Bayern München,2,4
1966-10-22,1966-67:de.1:90:VfB Stuttgart:Hamburger SV,de.1,1966-67,VfB Stuttgart,Hamburger SV,1,3
1966-10-29,1966-67:de.1:91:Hannover 96:TSV 1860 München,de.1,1966-67,Hannover 96,TSV 1860 München,2,2
1966-10-29,1966-67:de.1:92:Bayern München:Eintracht Braunschweig,de.1,1966-67,Bayern München,Eintracht Braunschweig,2,0
1966-10-29,1966-67:de.1:93:Karlsruher SC:Werder Bremen,de.1,1966-67,Karlsruher SC,Werder Bremen,4,4
1966-10-29,1966-67:de.1:94:Hamburger SV:MSV Duisburg,de.1,1966-67,Hamburger SV,MSV Duisburg,0,0
1966-10-29,1966-67:de.1:95:Bor. Mönchengladbach:1. FC Nürnberg,de.1,1966-67,Bor. Mönchengladbach,1. FC Nürnberg,2,0
1966-10-29,1966-67:de.1:96:1. FC Kaiserslautern:FC Schalke 04,de.1,1966-67,1. FC Kaiserslautern,FC Schalke 04,1,0
1966-10-29,1966-67:de.1:97:Rot-Weiss Essen:Eintracht Frankfurt,de.1,1966-67,Rot-Weiss Essen,Eintracht Frankfurt,1,1
1966-10-29,1966-67:de.1:98:Fortuna Düsseldorf:1. FC Köln,de.1,1966-67,Fortuna Düsseldorf,1. FC Köln,1,3
1966-11-05,1966-67:de.1:100:Eintracht Braunschweig:Fortuna Düsseldorf,de.1,1966-67,Eintracht Braunschweig,Fortuna Düsseldorf,4,0
1966-11-05,1966-67:de.1:101:TSV 1860 München:Karlsruher SC,de.1,1966-67,TSV 1860 München,Karlsruher SC,3,0
1966-11-05,1966-67:de.1:102:VfB Stuttgart:Bayern München,de.1,1966-67,VfB Stuttgart,Bayern München,2,4
1966-11-05,1966-67:de.1:103:MSV Duisburg:Borussia Dortmund,de.1,1966-67,MSV Duisburg,Borussia Dortmund,1,5
1966-11-05,1966-67:de.1:104:1. FC Köln:Hannover 96,de.1,1966-67,1. FC Köln,Hannover 96,1,1
1966-11-05,1966-67:de.1:105:1. FC Nürnberg:Rot-Weiss Essen,de.1,1966-67,1. FC Nürnberg,Rot-Weiss Essen,1,1
1966-11-05,1966-67:de.1:106:Eintracht Frankfurt:1. FC Kaiserslautern,de.1,1966-67,Eintracht Frankfurt,1. FC Kaiserslautern,1,1
1966-11-05,1966-67:de.1:107:Werder Bremen:Bor. Mönchengladbach,de.1,1966-67,Werder Bremen,Bor. Mönchengladbach,2,2
1966-11-05,1966-67:de.1:99:FC Schalke 04:Hamburger SV,de.1,1966-67,FC Schalke 04,Hamburger SV,2,0
1966-11-12,1966-67:de.1:108:Karlsruher SC:1. FC Köln,de.1,1966-67,Karlsruher SC,1. FC Köln,1,1
1966-11-12,1966-67:de.1:109:Fortuna Düsseldorf:VfB Stuttgart,de.1,1966-67,Fortuna Düsseldorf,VfB Stuttgart,3,3
1966-11-12,1966-67:de.1:110:Bor. Mönchengladbach:TSV 1860 München,de.1,1966-67,Bor. Mönchengladbach,TSV 1860 München,2,3
1966-11-12,1966-67:de.1:111:Bayern München:MSV Duisburg,de.1,1966-67,Bayern München,MSV Duisburg,2,1
1966-11-12,1966-67:de.1:112:Rot-Weiss Essen:Werder Bremen,de.1,1966-67,Rot-Weiss Essen,Werder Bremen,0,1
1966-11-12,1966-67:de.1:113:Hamburger SV:1. FC Kaiserslautern,de.1,1966-67,Hamburger SV,1. FC Kaiserslautern,1,0
1966-11-12,1966-67:de.1:114:1. FC Nürnberg:Eintracht Frankfurt,de.1,1966-67,1. FC Nürnberg,Eintracht Frankfurt,0,1
1966-11-12,1966-67:de.1:115:Borussia Dortmund:FC Schalke 04,de.1,1966-67,Borussia Dortmund,FC Schalke 04,6,2
1966-11-12,1966-67:de.1:116:Hannover 96:Eintracht Braunschweig,de.1,1966-67,Hannover 96,Eintracht Braunschweig,4,2
1966-11-26,1966-67:de.1:117:Eintracht Frankfurt:Hamburger SV,de.1,1966-67,Eintracht Frankfurt,Hamburger SV,1,3
1966-11-26,1966-67:de.1:118:VfB Stuttgart:Hannover 96,de.1,1966-67,VfB Stuttgart,Hannover 96,1,2
1966-11-26,1966-67:de.1:119:TSV 1860 München:Rot-Weiss Essen,de.1,1966-67,TSV 1860 München,Rot-Weiss Essen,1,0
1966-11-26,1966-67:de.1:120:FC Schalke 04:Bayern München,de.1,1966-67,FC Schalke 04,Bayern München,2,1
1966-11-26,1966-67:de.1:121:MSV Duisburg:Fortuna Düsseldorf,de.1,1966-67,MSV Duisburg,Fortuna Düsseldorf,1,1
1966-11-26,1966-67:de.1:122:Eintracht Braunschweig:Karlsruher SC,de.1,1966-67,Eintracht Braunschweig,Karlsruher SC,4,1
1966-11-26,1966-67:de.1:123:1. FC Kaiserslautern:Borussia Dortmund,de.1,1966-67,1. FC Kaiserslautern,Borussia Dortmund,1,1
1966-11-26,1966-67:de.1:124:1. FC Köln:Bor. Mönchengladbach,de.1,1966-67,1. FC Köln,Bor. Mönchengladbach,1,2
1966-11-26,1966-67:de.1:125:Werder Bremen:1. FC Nürnberg,de.1,1966-67,Werder Bremen,1. FC Nürnberg,4,4
1966-11-29,1966-67:de.1:126:Borussia Dortmund:VfB Stuttgart,de.1,1966-67,Borussia Dortmund,VfB Stuttgart,1,1
1966-12-03,1966-67:de.1:127:1. FC Nürnberg:TSV 1860 München,de.1,1966-67,1. FC Nürnberg,TSV 1860 München,2,2
1966-12-03,1966-67:de.1:128:Bayern München:1. FC Kaiserslautern,de.1,1966-67,Bayern München,1. FC Kaiserslautern,5,0
1966-12-03,1966-67:de.1:129:Eintracht Frankfurt:Werder Bremen,de.1,1966-67,Eintracht Frankfurt,Werder Bremen,4,1
1966-12-03,1966-67:de.1:130:Hamburger SV:Borussia Dortmund,de.1,1966-67,Hamburger SV,Borussia Dortmund,1,1
1966-12-03,1966-67:de.1:131:Rot-Weiss Essen:1. FC Köln,de.1,1966-67,Rot-Weiss Essen,1. FC Köln,1,3
1966-12-03,1966-67:de.1:132:Fortuna Düsseldorf:FC Schalke 04,de.1,1966-67,Fortuna Düsseldorf,FC Schalke 04,3,1
1966-12-03,1966-67:de.1:133:Bor. Mönchengladbach:Eintracht Braunschweig,de.1,1966-67,Bor. Mönchengladbach,Eintracht Braunschweig,0,0
1966-12-03,1966-67:de.1:134:Hannover 96:MSV Duisburg,de.1,1966-67,Hannover 96,MSV Duisburg,3,0
1966-12-03,1966-67:de.1:135:Karlsruher SC:VfB Stuttgart,de.1,1966-67,Karlsruher SC,VfB Stuttgart,4,1
1966-12-10,1966-67:de.1:136:TSV 1860 München:Werder Bremen,de.1,1966-67,TSV 1860 München,Werder Bremen,2,1
1966-12-10,1966-67:de.1:137:Hamburger SV:Bayern München,de.1,1966-67,Hamburger SV,Bayern München,3,1
1966-12-10,1966-67:de.1:138:Eintracht Braunschweig:Rot-Weiss Essen,de.1,1966-67,Eintracht Braunschweig,Rot-Weiss Essen,0,0
1966-12-10,1966-67:de.1:139:FC Schalke 04:Hannover 96,de.1,1966-67,FC Schalke 04,Hannover 96,2,1
1966-12-10,1966-67:de.1:140:VfB Stuttgart:Bor. Mönchengladbach,de.1,1966-67,VfB Stuttgart,Bor. Mönchengladbach,0,2
1966-12-17,1966-67:de.1:141:Werder Bremen:1. FC Köln,de.1,1966-67,Werder Bremen,1. FC Köln,1,3
1966-12-17,1966-67:de.1:142:1. FC Nürnberg:Eintracht Braunschweig,de.1,1966-67,1. FC Nürnberg,Eintracht Braunschweig,0,4
1966-12-17,1966-67:de.1:143:Eintracht Frankfurt:TSV 1860 München,de.1,1966-67,Eintracht Frankfurt,TSV 1860 München,3,3
1966-12-17,1966-67:de.1:144:Fortuna Düsseldorf:Hamburger SV,de.1,1966-67,Fortuna Düsseldorf,Hamburger SV,2,2
1966-12-17,1966-67:de.1:145:Rot-Weiss Essen:VfB Stuttgart,de.1,1966-67,Rot-Weiss Essen,VfB Stuttgart,1,3
1966-12-17,1966-67:de.1:146:Hannover 96:1. FC Kaiserslautern,de.1,1966-67,Hannover 96,1. FC Kaiserslautern,2,1
1966-12-17,1966-67:de.1:147:Bor. Mönchengladbach:MSV Duisburg,de.1,1966-67,Bor. Mönchengladbach,MSV Duisburg,3,3
1966-12-17,1966-67:de.1:148:Karlsruher SC:FC Schalke 04,de.1,1966-67,Karlsruher SC,FC Schalke 04,1,0
1966-12-17,1966-67:de.1:149:Bayern München:Borussia Dortmund,de.1,1966-67,Bayern München,Borussia Dortmund,1,0
1966-12-21,1966-67:de.1:150:1. FC Kaiserslautern:Fortuna Düsseldorf,de.1,1966-67,1. FC Kaiserslautern,Fortuna Düsseldorf,2,1
1966-12-21,1966-67:de.1:151:MSV Duisburg:Karlsruher SC,de.1,1966-67,MSV Duisburg,Karlsruher SC,0,1
1967-01-07,1966-67:de.1:152:TSV 1860 München:1. FC Köln,de.1,1966-67,TSV 1860 München,1. FC Köln,2,1
1967-01-07,1966-67:de.1:153:Karlsruher SC:1. FC Kaiserslautern,de.1,1966-67,Karlsruher SC,1. FC Kaiserslautern,2,2
1967-01-07,1966-67:de.1:154:1. FC Nürnberg:VfB Stuttgart,de.1,1966-67,1. FC Nürnberg,VfB Stuttgart,3,3
1967-01-07,1966-67:de.1:155:Bor. Mönchengladbach:FC Schalke 04,de.1,1966-67,Bor. Mönchengladbach,FC Schalke 04,11,0
1967-01-07,1966-67:de.1:156:Rot-Weiss Essen:MSV Duisburg,de.1,1966-67,Rot-Weiss Essen,MSV Duisburg,0,1
1967-01-07,1966-67:de.1:157:Fortuna Düsseldorf:Borussia Dortmund,de.1,1966-67,Fortuna Düsseldorf,Borussia Dortmund,0,5
1967-01-07,1966-67:de.1:158:Werder Bremen:Eintracht Braunschweig,de.1,1966-67,Werder Bremen,Eintracht Braunschweig,2,3
1967-01-07,1966-67:de.1:159:Eintracht Frankfurt:Bayern München,de.1,1966-67,Eintracht Frankfurt,Bayern München,2,1
1967-01-07,1966-67:de.1:160:Hannover 96:Hamburger SV,de.1,1966-67,Hannover 96,Hamburger SV,1,0
1967-01-21,1966-67:de.1:161:MSV Duisburg:1. FC Nürnberg,de.1,1966-67,MSV Duisburg,1. FC Nürnberg,2,0
1967-01-21,1966-67:de.1:162:1. FC Köln:Eintracht Frankfurt,de.1,1966-67,1. FC Köln,Eintracht Frankfurt,1,4
1967-01-21,1966-67:de.1:163:FC Schalke 04:Rot-Weiss Essen,de.1,1966-67,FC Schalke 04,Rot-Weiss Essen,1,1
1967-01-21,1966-67:de.1:164:Borussia Dortmund:Hannover 96,de.1,1966-67,Borussia Dortmund,Hannover 96,3,0
1967-01-21,1966-67:de.1:165:Eintracht Braunschweig:TSV 1860 München,de.1,1966-67,Eintracht Braunschweig,TSV 1860 München,1,0
1967-01-21,1966-67:de.1:166:Bayern München:Fortuna Düsseldorf,de.1,1966-67,Bayern München,Fortuna Düsseldorf,1,2
1967-01-21,1966-67:de.1:167:VfB Stuttgart:Werder Bremen,de.1,1966-67,VfB Stuttgart,Werder Bremen,1,1
1967-01-21,1966-67:de.1:168:Hamburger SV:Karlsruher SC,de.1,1966-67,Hamburger SV,Karlsruher SC,1,0
1967-01-21,1966-67:de.1:169:1. FC Kaiserslautern:Bor. Mönchengladbach,de.1,1966-67,1. FC Kaiserslautern,Bor. Mönchengladbach,1,0
1967-01-28,1966-67:de.1:170:Rot-Weiss Essen:1. FC Kaiserslautern,de.1,1966-67,Rot-Weiss Essen,1. FC Kaiserslautern,1,1
1967-01-28,1966-67:de.1:171:Bor. Mönchengladbach:Hamburger SV,de.1,1966-67,Bor. Mönchengladbach,Hamburger SV,4,2
1967-01-28,1966-67:de.1:172:1. FC Köln:Eintracht Braunschweig,de.1,1966-67,1. FC Köln,Eintracht Braunschweig,1,0
1967-01-28,1966-67:de.1:173:Eintracht Frankfurt:Fortuna Düsseldorf,de.1,1966-67,Eintracht Frankfurt,Fortuna Düsseldorf,3,0
1967-01-28,1966-67:de.1:174:TSV 1860 München:VfB Stuttgart,de.1,1966-67,TSV 1860 München,VfB Stuttgart,1,1
1967-01-28,1966-67:de.1:175:1. FC Nürnberg:FC Schalke 04,de.1,1966-67,1. FC Nürnberg,FC Schalke 04,0,4
1967-01-28,1966-67:de.1:176:Werder Bremen:MSV Duisburg,de.1,1966-67,Werder Bremen,MSV Duisburg,1,1
1967-01-28,1966-67:de.1:177:Karlsruher SC:Borussia Dortmund,de.1,1966-67,Karlsruher SC,Borussia Dortmund,2,0
1967-01-28,1966-67:de.1:178:Hannover 96:Bayern München,de.1,1966-67,Hannover 96,Bayern München,2,1
1967-02-04,1966-67:de.1:179:Borussia Dortmund:Eintracht Frankfurt,de.1,1966-67,Borussia Dortmund,Eintracht Frankfurt,3,1
1967-02-11,1966-67:de.1:180:Fortuna Düsseldorf:Hannover 96,de.1,1966-67,Fortuna Düsseldorf,Hannover 96,1,0
1967-02-11,1966-67:de.1:181:Eintracht Braunschweig:Eintracht Frankfurt,de.1,1966-67,Eintracht Braunschweig,Eintracht Frankfurt,3,0
1967-02-11,1966-67:de.1:182:MSV Duisburg:TSV 1860 München,de.1,1966-67,MSV Duisburg,TSV 1860 München,1,2
1967-02-11,1966-67:de.1:183:Bayern München:Karlsruher SC,de.1,1966-67,Bayern München,Karlsruher SC,2,2
1967-02-11,1966-67:de.1:184:FC Schalke 04:Werder Bremen,de.1,1966-67,FC Schalke 04,Werder Bremen,0,1
1967-02-11,1966-67:de.1:185:1. FC Kaiserslautern:1. FC Nürnberg,de.1,1966-67,1. FC Kaiserslautern,1. FC Nürnberg,1,1
1967-02-11,1966-67:de.1:186:Hamburger SV:Rot-Weiss Essen,de.1,1966-67,Hamburger SV,Rot-Weiss Essen,1,1
1967-02-11,1966-67:de.1:187:Borussia Dortmund:Bor. Mönchengladbach,de.1,1966-67,Borussia Dortmund,Bor. Mönchengladbach,3,2
1967-02-11,1966-67:de.1:188:VfB Stuttgart:1. FC Köln,de.1,1966-67,VfB Stuttgart,1. FC Köln,2,2
1967-02-18,1966-67:de.1:189:Karlsruher SC:Fortuna Düsseldorf,de.1,1966-67,Karlsruher SC,Fortuna Düsseldorf,3,2
1967-02-18,1966-67:de.1:190:Eintracht Braunschweig:VfB Stuttgart,de.1,1966-67,Eintracht Braunschweig,VfB Stuttgart,1,1
1967-02-18,1966-67:de.1:191:TSV 1860 München:FC Schalke 04,de.1,1966-67,TSV 1860 München,FC Schalke 04,0,2
1967-02-18,1966-67:de.1:192:Bor. Mönchengladbach:Bayern München,de.1,1966-67,Bor. Mönchengladbach,Bayern München,1,2
1967-02-18,1966-67:de.1:193:1. FC Nürnberg:Hamburger SV,de.1,1966-67,1. FC Nürnberg,Hamburger SV,1,0
1967-02-18,1966-67:de.1:194:Eintracht Frankfurt:Hannover 96,de.1,1966-67,Eintracht Frankfurt,Hannover 96,3,3
1967-02-18,1966-67:de.1:195:Rot-Weiss Essen:Borussia Dortmund,de.1,1966-67,Rot-Weiss Essen,Borussia Dortmund,1,1
1967-02-18,1966-67:de.1:196:1. FC Köln:MSV Duisburg,de.1,1966-67,1. FC Köln,MSV Duisburg,1,1
1967-02-18,1966-67:de.1:197:Werder Bremen:1. FC Kaiserslautern,de.1,1966-67,Werder Bremen,1. FC Kaiserslautern,1,1
1967-02-25,1966-67:de.1:198:Hannover 96:Karlsruher SC,de.1,1966-67,Hannover 96,Karlsruher SC,3,1
1967-02-25,1966-67:de.1:199:VfB Stuttgart:Eintracht Frankfurt,de.1,1966-67,VfB Stuttgart,Eintracht Frankfurt,3,0
1967-02-25,1966-67:de.1:200:1. FC Kaiserslautern:TSV 1860 München,de.1,1966-67,1. FC Kaiserslautern,TSV 1860 München,0,3
1967-02-25,1966-67:de.1:201:Bayern München:Rot-Weiss Essen,de.1,1966-67,Bayern München,Rot-Weiss Essen,4,1
1967-02-25,1966-67:de.1:202:Hamburger SV:Werder Bremen,de.1,1966-67,Hamburger SV,Werder Bremen,1,1
1967-02-25,1966-67:de.1:203:Borussia Dortmund:1. FC Nürnberg,de.1,1966-67,Borussia Dortmund,1. FC Nürnberg,0,1
1967-02-25,1966-67:de.1:204:FC Schalke 04:1. FC Köln,de.1,1966-67,FC Schalke 04,1. FC Köln,1,0
1967-02-25,1966-67:de.1:205:Fortuna Düsseldorf:Bor. Mönchengladbach,de.1,1966-67,Fortuna Düsseldorf,Bor. Mönchengladbach,2,2
1967-02-25,1966-67:de.1:206:MSV Duisburg:Eintracht Braunschweig,de.1,1966-67,MSV Duisburg,Eintracht Braunschweig,0,0
1967-03-04,1966-67:de.1:207:Eintracht Frankfurt:Karlsruher SC,de.1,1966-67,Eintracht Frankfurt,Karlsruher SC,5,1
1967-03-04,1966-67:de.1:208:Werder Bremen:Borussia Dortmund,de.1,1966-67,Werder Bremen,Borussia Dortmund,2,1
1967-03-04,1966-67:de.1:209:TSV 1860 München:Hamburger SV,de.1,1966-67,TSV 1860 München,Hamburger SV,2,0
1967-03-04,1966-67:de.1:210:1. FC Nürnberg:Bayern München,de.1,1966-67,1. FC Nürnberg,Bayern München,0,1
1967-03-04,1966-67:de.1:211:VfB Stuttgart:MSV Duisburg,de.1,1966-67,VfB Stuttgart,MSV Duisburg,1,3
1967-03-04,1966-67:de.1:212:1. FC Köln:1. FC Kaiserslautern,de.1,1966-67,1. FC Köln,1. FC Kaiserslautern,2,1
1967-03-04,1966-67:de.1:213:Rot-Weiss Essen:Fortuna Düsseldorf,de.1,1966-67,Rot-Weiss Essen,Fortuna Düsseldorf,0,4
1967-03-04,1966-67:de.1:214:Eintracht Braunschweig:FC Schalke 04,de.1,1966-67,Eintracht Braunschweig,FC Schalke 04,1,0
1967-03-04,1966-67:de.1:215:Bor. Mönchengladbach:Hannover 96,de.1,1966-67,Bor. Mönchengladbach,Hannover 96,2,0
1967-03-11,1966-67:de.1:216:Karlsruher SC:Bor. Mönchengladbach,de.1,1966-67,Karlsruher SC,Bor. Mönchengladbach,3,3
1967-03-11,1966-67:de.1:217:MSV Duisburg:Eintracht Frankfurt,de.1,1966-67,MSV Duisburg,Eintracht Frankfurt,0,0
1967-03-11,1966-67:de.1:218:Borussia Dortmund:TSV 1860 München,de.1,1966-67,Borussia Dortmund,TSV 1860 München,1,1
1967-03-11,1966-67:de.1:219:Bayern München:Werder Bremen,de.1,1966-67,Bayern München,Werder Bremen,1,0
1967-03-11,1966-67:de.1:220:Hamburger SV:1. FC Köln,de.1,1966-67,Hamburger SV,1. FC Köln,1,3
1967-03-11,1966-67:de.1:221:Fortuna Düsseldorf:1. FC Nürnberg,de.1,1966-67,Fortuna Düsseldorf,1. FC Nürnberg,2,2
1967-03-11,1966-67:de.1:222:1. FC Kaiserslautern:Eintracht Braunschweig,de.1,1966-67,1. FC Kaiserslautern,Eintracht Braunschweig,2,0
1967-03-11,1966-67:de.1:223:Hannover 96:Rot-Weiss Essen,de.1,1966-67,Hannover 96,Rot-Weiss Essen,1,0
1967-03-11,1966-67:de.1:224:FC Schalke 04:VfB Stuttgart,de.1,1966-67,FC Schalke 04,VfB Stuttgart,2,0
1967-03-18,1966-67:de.1:225:Eintracht Frankfurt:Bor. Mönchengladbach,de.1,1966-67,Eintracht Frankfurt,Bor. Mönchengladbach,1,0
1967-03-18,1966-67:de.1:226:1. FC Köln:Borussia Dortmund,de.1,1966-67,1. FC Köln,Borussia Dortmund,1,1
1967-03-18,1966-67:de.1:227:TSV 1860 München:Bayern München,de.1,1966-67,TSV 1860 München,Bayern München,1,0
1967-03-18,1966-67:de.1:228:Werder Bremen:Fortuna Düsseldorf,de.1,1966-67,Werder Bremen,Fortuna Düsseldorf,1,0
1967-03-18,1966-67:de.1:229:Eintracht Braunschweig:Hamburger SV,de.1,1966-67,Eintracht Braunschweig,Hamburger SV,2,0
1967-03-18,1966-67:de.1:230:1. FC Nürnberg:Hannover 96,de.1,1966-67,1. FC Nürnberg,Hannover 96,1,1
1967-03-18,1966-67:de.1:231:VfB Stuttgart:1. FC Kaiserslautern,de.1,1966-67,VfB Stuttgart,1. FC Kaiserslautern,0,1
1967-03-18,1966-67:de.1:232:Rot-Weiss Essen:Karlsruher SC,de.1,1966-67,Rot-Weiss Essen,Karlsruher SC,3,1
1967-03-18,1966-67:de.1:233:MSV Duisburg:FC Schalke 04,de.1,1966-67,MSV Duisburg,FC Schalke 04,3,0
1967-03-25,1966-67:de.1:234:1. FC Köln:1. FC Nürnberg,de.1,1966-67,1. FC Köln,1. FC Nürnberg,2,0
1967-04-01,1966-67:de.1:235:Fortuna Düsseldorf:TSV 1860 München,de.1,1966-67,Fortuna Düsseldorf,TSV 1860 München,0,1
1967-04-01,1966-67:de.1:236:Bayern München:1. FC Köln,de.1,1966-67,Bayern München,1. FC Köln,2,0
1967-04-01,1966-67:de.1:237:Hannover 96:Werder Bremen,de.1,1966-67,Hannover 96,Werder Bremen,2,1
1967-04-01,1966-67:de.1:238:Hamburger SV:VfB Stuttgart,de.1,1966-67,Hamburger SV,VfB Stuttgart,1,1
1967-04-01,1966-67:de.1:239:Karlsruher SC:1. FC Nürnberg,de.1,1966-67,Karlsruher SC,1. FC Nürnberg,0,1
1967-04-01,1966-67:de.1:240:1. FC Kaiserslautern:MSV Duisburg,de.1,1966-67,1. FC Kaiserslautern,MSV Duisburg,0,0
1967-04-01,1966-67:de.1:241:Bor. Mönchengladbach:Rot-Weiss Essen,de.1,1966-67,Bor. Mönchengladbach,Rot-Weiss Essen,4,3
1967-04-01,1966-67:de.1:242:FC Schalke 04:Eintracht Frankfurt,de.1,1966-67,FC Schalke 04,Eintracht Frankfurt,1,1
1967-04-01,1966-67:de.1:243:Borussia Dortmund:Eintracht Braunschweig,de.1,1966-67,Borussia Dortmund,Eintracht Braunschweig,0,0
1967-04-15,1966-67:de.1:244:TSV 1860 München:Hannover 96,de.1,1966-67,TSV 1860 München,Hannover 96,3,0
1967-04-15,1966-67:de.1:245:Eintracht Braunschweig:Bayern München,de.1,1966-67,Eintracht Braunschweig,Bayern München,5,2
1967-04-15,1966-67:de.1:246:Werder Bremen:Karlsruher SC,de.1,1966-67,Werder Bremen,Karlsruher SC,0,3
1967-04-15,1966-67:de.1:247:MSV Duisburg:Hamburger SV,de.1,1966-67,MSV Duisburg,Hamburger SV,2,1
1967-04-15,1966-67:de.1:248:1. FC Nürnberg:Bor. Mönchengladbach,de.1,1966-67,1. FC Nürnberg,Bor. Mönchengladbach,1,0
1967-04-15,1966-67:de.1:249:FC Schalke 04:1. FC Kaiserslautern,de.1,1966-67,FC Schalke 04,1. FC Kaiserslautern,0,3
1967-04-15,1966-67:de.1:250:Eintracht Frankfurt:Rot-Weiss Essen,de.1,1966-67,Eintracht Frankfurt,Rot-Weiss Essen,5,0
1967-04-15,1966-67:de.1:251:VfB Stuttgart:Borussia Dortmund,de.1,1966-67,VfB Stuttgart,Borussia Dortmund,1,0
1967-04-15,1966-67:de.1:252:1. FC Köln:Fortuna Düsseldorf,de.1,1966-67,1. FC Köln,Fortuna Düsseldorf,2,0
1967-04-22,1966-67:de.1:253:Karlsruher SC:TSV 1860 München,de.1,1966-67,Karlsruher SC,TSV 1860 München,3,1
1967-04-22,1966-67:de.1:254:Bayern München:VfB Stuttgart,de.1,1966-67,Bayern München,VfB Stuttgart,1,1
1967-04-22,1966-67:de.1:255:Bor. Mönchengladbach:Werder Bremen,de.1,1966-67,Bor. Mönchengladbach,Werder Bremen,1,1
1967-04-22,1966-67:de.1:256:Hamburger SV:FC Schalke 04,de.1,1966-67,Hamburger SV,FC Schalke 04,1,1
1967-04-22,1966-67:de.1:257:Rot-Weiss Essen:1. FC Nürnberg,de.1,1966-67,Rot-Weiss Essen,1. FC Nürnberg,1,1
1967-04-22,1966-67:de.1:258:1. FC Kaiserslautern:Eintracht Frankfurt,de.1,1966-67,1. FC Kaiserslautern,Eintracht Frankfurt,1,1
1967-04-22,1966-67:de.1:259:Borussia Dortmund:MSV Duisburg,de.1,1966-67,Borussia Dortmund,MSV Duisburg,4,1
1967-04-22,1966-67:de.1:260:Hannover 96:1. FC Köln,de.1,1966-67,Hannover 96,1. FC Köln,0,1
1967-04-22,1966-67:de.1:261:Fortuna Düsseldorf:Eintracht Braunschweig,de.1,1966-67,Fortuna Düsseldorf,Eintracht Braunschweig,1,1
1967-04-29,1966-67:de.1:262:TSV 1860 München:Bor. Mönchengladbach,de.1,1966-67,TSV 1860 München,Bor. Mönchengladbach,4,3
1967-04-29,1966-67:de.1:263:MSV Duisburg:Bayern München,de.1,1966-67,MSV Duisburg,Bayern München,0,0
1967-04-29,1966-67:de.1:264:Werder Bremen:Rot-Weiss Essen,de.1,1966-67,Werder Bremen,Rot-Weiss Essen,0,0
1967-04-29,1966-67:de.1:265:1. FC Kaiserslautern:Hamburger SV,de.1,1966-67,1. FC Kaiserslautern,Hamburger SV,2,1
1967-04-29,1966-67:de.1:266:Eintracht Braunschweig:Hannover 96,de.1,1966-67,Eintracht Braunschweig,Hannover 96,0,1
1967-04-29,1966-67:de.1:267:FC Schalke 04:Borussia Dortmund,de.1,1966-67,FC Schalke 04,Borussia Dortmund,1,4
1967-04-29,1966-67:de.1:268:1. FC Köln:Karlsruher SC,de.1,1966-67,1. FC Köln,Karlsruher SC,2,2
1967-04-29,1966-67:de.1:269:VfB Stuttgart:Fortuna Düsseldorf,de.1,1966-67,VfB Stuttgart,Fortuna Düsseldorf,3,1
1967-04-29,1966-67:de.1:270:Eintracht Frankfurt:1. FC Nürnberg,de.1,1966-67,Eintracht Frankfurt,1. FC Nürnberg,1,4
1967-05-13,1966-67:de.1:271:Bor. Mönchengladbach:1. FC Köln,de.1,1966-67,Bor. Mönchengladbach,1. FC Köln,3,0
1967-05-13,1966-67:de.1:272:Rot-Weiss Essen:TSV 1860 München,de.1,1966-67,Rot-Weiss Essen,TSV 1860 München,2,2
1967-05-13,1966-67:de.1:273:1. FC Nürnberg:Werder Bremen,de.1,1966-67,1. FC Nürnberg,Werder Bremen,2,1
1967-05-13,1966-67:de.1:274:Hamburger SV:Eintracht Frankfurt,de.1,1966-67,Hamburger SV,Eintracht Frankfurt,0,2
1967-05-13,1966-67:de.1:275:Borussia Dortmund:1. FC Kaiserslautern,de.1,1966-67,Borussia Dortmund,1. FC Kaiserslautern,2,1
1967-05-13,1966-67:de.1:276:Bayern München:FC Schalke 04,de.1,1966-67,Bayern München,FC Schalke 04,5,0
1967-05-13,1966-67:de.1:277:Fortuna Düsseldorf:MSV Duisburg,de.1,1966-67,Fortuna Düsseldorf,MSV Duisburg,1,5
1967-05-13,1966-67:de.1:278:Karlsruher SC:Eintracht Braunschweig,de.1,1966-67,Karlsruher SC,Eintracht Braunschweig,3,0
1967-05-13,1966-67:de.1:279:Hannover 96:VfB Stuttgart,de.1,1966-67,Hannover 96,VfB Stuttgart,2,2
1967-05-20,1966-67:de.1:280:Eintracht Braunschweig:Bor. Mönchengladbach,de.1,1966-67,Eintracht Braunschweig,Bor. Mönchengladbach,2,1
1967-05-20,1966-67:de.1:281:TSV 1860 München:1. FC Nürnberg,de.1,1966-67,TSV 1860 München,1. FC Nürnberg,1,2
1967-05-20,1966-67:de.1:282:MSV Duisburg:Hannover 96,de.1,1966-67,MSV Duisburg,Hannover 96,3,0
1967-05-20,1966-67:de.1:283:Werder Bremen:Eintracht Frankfurt,de.1,1966-67,Werder Bremen,Eintracht Frankfurt,3,0
1967-05-20,1966-67:de.1:284:1. FC Köln:Rot-Weiss Essen,de.1,1966-67,1. FC Köln,Rot-Weiss Essen,2,1
1967-05-20,1966-67:de.1:285:FC Schalke 04:Fortuna Düsseldorf,de.1,1966-67,FC Schalke 04,Fortuna Düsseldorf,2,1
1967-05-20,1966-67:de.1:286:1. FC Kaiserslautern:Bayern München,de.1,1966-67,1. FC Kaiserslautern,Bayern München,1,0
1967-05-20,1966-67:de.1:287:Borussia Dortmund:Hamburger SV,de.1,1966-67,Borussia Dortmund,Hamburger SV,7,0
1967-05-20,1966-67:de.1:288:VfB Stuttgart:Karlsruher SC,de.1,1966-67,VfB Stuttgart,Karlsruher SC,2,0
1967-05-27,1966-67:de.1:289:Werder Bremen:TSV 1860 München,de.1,1966-67,Werder Bremen,TSV 1860 München,2,4
1967-05-27,1966-67:de.1:290:Bayern München:Hamburger SV,de.1,1966-67,Bayern München,Hamburger SV,3,1
1967-05-27,1966-67:de.1:291:1. FC Nürnberg:1. FC Köln,de.1,1966-67,1. FC Nürnberg,1. FC Köln,1,1
1967-05-27,1966-67:de.1:292:Fortuna Düsseldorf:1. FC Kaiserslautern,de.1,1966-67,Fortuna Düsseldorf,1. FC Kaiserslautern,3,1
1967-05-27,1966-67:de.1:293:Rot-Weiss Essen:Eintracht Braunschweig,de.1,1966-67,Rot-Weiss Essen,Eintracht Braunschweig,0,0
1967-05-27,1966-67:de.1:294:Hannover 96:FC Schalke 04,de.1,1966-67,Hannover 96,FC Schalke 04,1,2
1967-05-27,1966-67:de.1:295:Bor. Mönchengladbach:VfB Stuttgart,de.1,1966-67,Bor. Mönchengladbach,VfB Stuttgart,1,2
1967-05-27,1966-67:de.1:296:Karlsruher SC:MSV Duisburg,de.1,1966-67,Karlsruher SC,MSV Duisburg,3,0
1967-05-27,1966-67:de.1:297:Eintracht Frankfurt:Borussia Dortmund,de.1,1966-67,Eintracht Frankfurt,Borussia Dortmund,3,3
1967-06-03,1966-67:de.1:298:TSV 1860 München:Eintracht Frankfurt,de.1,1966-67,TSV 1860 München,Eintracht Frankfurt,2,1
1967-06-03,1966-67:de.1:299:Borussia Dortmund:Bayern München,de.1,1966-67,Borussia Dortmund,Bayern München,4,0
1967-06-03,1966-67:de.1:300:1. FC Köln:Werder Bremen,de.1,1966-67,1. FC Köln,Werder Bremen,4,1
1967-06-03,1966-67:de.1:301:Hamburger SV:Fortuna Düsseldorf,de.1,1966-67,Hamburger SV,Fortuna Düsseldorf,2,1
1967-06-03,1966-67:de.1:302:Eintracht Braunschweig:1. FC Nürnberg,de.1,1966-67,Eintracht Braunschweig,1. FC Nürnberg,4,1
1967-06-03,1966-67:de.1:303:1. FC Kaiserslautern:Hannover 96,de.1,1966-67,1. FC Kaiserslautern,Hannover 96,1,0
1967-06-03,1966-67:de.1:304:VfB Stuttgart:Rot-Weiss Essen,de.1,1966-67,VfB Stuttgart,Rot-Weiss Essen,1,0
1967-06-03,1966-67:de.1:305:FC Schalke 04:Karlsruher SC,de.1,1966-67,FC Schalke 04,Karlsruher SC,1,3
1967-06-03,1966-67:de.1:306:MSV Duisburg:Bor. Mönchengladbach,de.1,1966-67,MSV Duisburg,Bor. Mönchengladbach,1,3
1967-08-18,1967-68:de.1:1:MSV Duisburg:Borussia Dortmund,de.1,1967-68,MSV Duisburg,Borussia Dortmund,2,2
1967-08-19,1967-68:de.1:2:TSV 1860 München:Eintracht Braunschweig,de.1,1967-68,TSV 1860 München,Eintracht Braunschweig,1,0
1967-08-19,1967-68:de.1:3:FC Schalke 04:Bor. Mönchengladbach,de.1,1967-68,FC Schalke 04,Bor. Mönchengladbach,3,4
1967-08-19,1967-68:de.1:4:VfB Stuttgart:Eintracht Frankfurt,de.1,1967-68,VfB Stuttgart,Eintracht Frankfurt,4,0
1967-08-19,1967-68:de.1:5:Alemannia Aachen:Bayern München,de.1,1967-68,Alemannia Aachen,Bayern München,0,4
1967-08-19,1967-68:de.1:6:1. FC Nürnberg:Karlsruher SC,de.1,1967-68,1. FC Nürnberg,Karlsruher SC,2,0
1967-08-19,1967-68:de.1:7:Hannover 96:1. FC Köln,de.1,1967-68,Hannover 96,1. FC Köln,3,0
1967-08-19,1967-68:de.1:8:1. FC Kaiserslautern:VfB Borussia Neunkirchen,de.1,1967-68,1. FC Kaiserslautern,VfB Borussia Neunkirchen,2,1
1967-08-19,1967-68:de.1:9:Werder Bremen:Hamburger SV,de.1,1967-68,Werder Bremen,Hamburger SV,1,4
1967-08-26,1967-68:de.1:10:Eintracht Frankfurt:Werder Bremen,de.1,1967-68,Eintracht Frankfurt,Werder Bremen,5,3
1967-08-26,1967-68:de.1:11:Karlsruher SC:MSV Duisburg,de.1,1967-68,Karlsruher SC,MSV Duisburg,0,2
1967-08-26,1967-68:de.1:12:VfB Borussia Neunkirchen:1. FC Nürnberg,de.1,1967-68,VfB Borussia Neunkirchen,1. FC Nürnberg,2,2
1967-08-26,1967-68:de.1:13:Eintracht Braunschweig:FC Schalke 04,de.1,1967-68,Eintracht Braunschweig,FC Schalke 04,1,0
1967-08-26,1967-68:de.1:14:Hamburger SV:1. FC Kaiserslautern,de.1,1967-68,Hamburger SV,1. FC Kaiserslautern,1,1
1967-08-26,1967-68:de.1:15:1. FC Köln:TSV 1860 München,de.1,1967-68,1. FC Köln,TSV 1860 München,1,0
1967-08-26,1967-68:de.1:16:Bayern München:Hannover 96,de.1,1967-68,Bayern München,Hannover 96,1,0
1967-08-26,1967-68:de.1:17:Bor. Mönchengladbach:VfB Stuttgart,de.1,1967-68,Bor. Mönchengladbach,VfB Stuttgart,1,1
1967-08-26,1967-68:de.1:18:Borussia Dortmund:Alemannia Aachen,de.1,1967-68,Borussia Dortmund,Alemannia Aachen,1,0
1967-09-02,1967-68:de.1:19:MSV Duisburg:VfB Borussia Neunkirchen,de.1,1967-68,MSV Duisburg,VfB Borussia Neunkirchen,3,1
1967-09-02,1967-68:de.1:20:VfB Stuttgart:Eintracht Braunschweig,de.1,1967-68,VfB Stuttgart,Eintracht Braunschweig,0,0
1967-09-02,1967-68:de.1:21:Hannover 96:Borussia Dortmund,de.1,1967-68,Hannover 96,Borussia Dortmund,2,2
1967-09-02,1967-68:de.1:22:Werder Bremen:Bor. Mönchengladbach,de.1,1967-68,Werder Bremen,Bor. Mönchengladbach,0,4
1967-09-02,1967-68:de.1:23:1. FC Kaiserslautern:Eintracht Frankfurt,de.1,1967-68,1. FC Kaiserslautern,Eintracht Frankfurt,1,1
1967-09-02,1967-68:de.1:24:1. FC Nürnberg:Hamburger SV,de.1,1967-68,1. FC Nürnberg,Hamburger SV,4,0
1967-09-02,1967-68:de.1:25:Alemannia Aachen:Karlsruher SC,de.1,1967-68,Alemannia Aachen,Karlsruher SC,2,1
1967-09-02,1967-68:de.1:26:FC Schalke 04:TSV 1860 München,de.1,1967-68,FC Schalke 04,TSV 1860 München,0,0
1967-09-02,1967-68:de.1:27:Bayern München:1. FC Köln,de.1,1967-68,Bayern München,1. FC Köln,0,3
1967-09-09,1967-68:de.1:28:VfB Borussia Neunkirchen:Alemannia Aachen,de.1,1967-68,VfB Borussia Neunkirchen,Alemannia Aachen,0,1
1967-09-09,1967-68:de.1:29:Eintracht Braunschweig:Werder Bremen,de.1,1967-68,Eintracht Braunschweig,Werder Bremen,0,3
1967-09-09,1967-68:de.1:30:1. FC Köln:FC Schalke 04,de.1,1967-68,1. FC Köln,FC Schalke 04,7,0
1967-09-09,1967-68:de.1:31:TSV 1860 München:VfB Stuttgart,de.1,1967-68,TSV 1860 München,VfB Stuttgart,3,3
1967-09-09,1967-68:de.1:32:Eintracht Frankfurt:1. FC Nürnberg,de.1,1967-68,Eintracht Frankfurt,1. FC Nürnberg,1,2
1967-09-09,1967-68:de.1:33:Hamburger SV:MSV Duisburg,de.1,1967-68,Hamburger SV,MSV Duisburg,1,3
1967-09-09,1967-68:de.1:34:Bor. Mönchengladbach:1. FC Kaiserslautern,de.1,1967-68,Bor. Mönchengladbach,1. FC Kaiserslautern,8,2
1967-09-09,1967-68:de.1:35:Karlsruher SC:Hannover 96,de.1,1967-68,Karlsruher SC,Hannover 96,3,1
1967-09-09,1967-68:de.1:36:Borussia Dortmund:Bayern München,de.1,1967-68,Borussia Dortmund,Bayern München,6,3
1967-09-13,1967-68:de.1:37:Borussia Dortmund:1. FC Köln,de.1,1967-68,Borussia Dortmund,1. FC Köln,2,0
1967-09-13,1967-68:de.1:38:1. FC Kaiserslautern:Eintracht Braunschweig,de.1,1967-68,1. FC Kaiserslautern,Eintracht Braunschweig,2,2
1967-09-13,1967-68:de.1:39:Hannover 96:VfB Borussia Neunkirchen,de.1,1967-68,Hannover 96,VfB Borussia Neunkirchen,2,0
1967-09-13,1967-68:de.1:40:1. FC Nürnberg:Bor. Mönchengladbach,de.1,1967-68,1. FC Nürnberg,Bor. Mönchengladbach,1,0
1967-09-13,1967-68:de.1:41:MSV Duisburg:Eintracht Frankfurt,de.1,1967-68,MSV Duisburg,Eintracht Frankfurt,0,1
1967-09-13,1967-68:de.1:42:Alemannia Aachen:Hamburger SV,de.1,1967-68,Alemannia Aachen,Hamburger SV,2,0
1967-09-13,1967-68:de.1:43:Werder Bremen:TSV 1860 München,de.1,1967-68,Werder Bremen,TSV 1860 München,2,2
1967-09-13,1967-68:de.1:44:Bayern München:Karlsruher SC,de.1,1967-68,Bayern München,Karlsruher SC,3,0
1967-09-13,1967-68:de.1:45:VfB Stuttgart:FC Schalke 04,de.1,1967-68,VfB Stuttgart,FC Schalke 04,2,0
1967-09-16,1967-68:de.1:46:Bor. Mönchengladbach:MSV Duisburg,de.1,1967-68,Bor. Mönchengladbach,MSV Duisburg,1,1
1967-09-16,1967-68:de.1:47:1. FC Köln:VfB Stuttgart,de.1,1967-68,1. FC Köln,VfB Stuttgart,2,2
1967-09-16,1967-68:de.1:48:Karlsruher SC:Borussia Dortmund,de.1,1967-68,Karlsruher SC,Borussia Dortmund,2,0
1967-09-16,1967-68:de.1:49:FC Schalke 04:Werder Bremen,de.1,1967-68,FC Schalke 04,Werder Bremen,0,2
1967-09-16,1967-68:de.1:50:VfB Borussia Neunkirchen:Bayern München,de.1,1967-68,VfB Borussia Neunkirchen,Bayern München,1,1
1967-09-16,1967-68:de.1:51:TSV 1860 München:1. FC Kaiserslautern,de.1,1967-68,TSV 1860 München,1. FC Kaiserslautern,0,3
1967-09-16,1967-68:de.1:52:Eintracht Frankfurt:Alemannia Aachen,de.1,1967-68,Eintracht Frankfurt,Alemannia Aachen,1,1
1967-09-16,1967-68:de.1:53:Hamburger SV:Hannover 96,de.1,1967-68,Hamburger SV,Hannover 96,2,3
1967-09-16,1967-68:de.1:54:Eintracht Braunschweig:1. FC Nürnberg,de.1,1967-68,Eintracht Braunschweig,1. FC Nürnberg,0,3
1967-09-22,1967-68:de.1:55:MSV Duisburg:Eintracht Braunschweig,de.1,1967-68,MSV Duisburg,Eintracht Braunschweig,2,3
1967-09-23,1967-68:de.1:56:Borussia Dortmund:VfB Borussia Neunkirchen,de.1,1967-68,Borussia Dortmund,VfB Borussia Neunkirchen,6,0
1967-09-23,1967-68:de.1:57:Karlsruher SC:1. FC Köln,de.1,1967-68,Karlsruher SC,1. FC Köln,0,1
1967-09-23,1967-68:de.1:58:Werder Bremen:VfB Stuttgart,de.1,1967-68,Werder Bremen,VfB Stuttgart,3,1
1967-09-23,1967-68:de.1:59:1. FC Kaiserslautern:FC Schalke 04,de.1,1967-68,1. FC Kaiserslautern,FC Schalke 04,1,0
1967-09-23,1967-68:de.1:60:Bayern München:Hamburger SV,de.1,1967-68,Bayern München,Hamburger SV,1,0
1967-09-23,1967-68:de.1:61:1. FC Nürnberg:TSV 1860 München,de.1,1967-68,1. FC Nürnberg,TSV 1860 München,1,1
1967-09-23,1967-68:de.1:62:Alemannia Aachen:Bor. Mönchengladbach,de.1,1967-68,Alemannia Aachen,Bor. Mönchengladbach,0,0
1967-09-23,1967-68:de.1:63:Hannover 96:Eintracht Frankfurt,de.1,1967-68,Hannover 96,Eintracht Frankfurt,2,1
1967-09-30,1967-68:de.1:64:TSV 1860 München:MSV Duisburg,de.1,1967-68,TSV 1860 München,MSV Duisburg,0,1
1967-09-30,1967-68:de.1:65:1. FC Köln:Werder Bremen,de.1,1967-68,1. FC Köln,Werder Bremen,1,4
1967-09-30,1967-68:de.1:66:VfB Borussia Neunkirchen:Karlsruher SC,de.1,1967-68,VfB Borussia Neunkirchen,Karlsruher SC,3,2
1967-09-30,1967-68:de.1:67:Hamburger SV:Borussia Dortmund,de.1,1967-68,Hamburger SV,Borussia Dortmund,3,2
1967-09-30,1967-68:de.1:68:FC Schalke 04:1. FC Nürnberg,de.1,1967-68,FC Schalke 04,1. FC Nürnberg,0,0
1967-09-30,1967-68:de.1:69:Eintracht Frankfurt:Bayern München,de.1,1967-68,Eintracht Frankfurt,Bayern München,2,3
1967-09-30,1967-68:de.1:70:Bor. Mönchengladbach:Hannover 96,de.1,1967-68,Bor. Mönchengladbach,Hannover 96,5,1
1967-09-30,1967-68:de.1:71:Eintracht Braunschweig:Alemannia Aachen,de.1,1967-68,Eintracht Braunschweig,Alemannia Aachen,2,0
1967-10-06,1967-68:de.1:72:VfB Stuttgart:1. FC Kaiserslautern,de.1,1967-68,VfB Stuttgart,1. FC Kaiserslautern,0,1
1967-10-14,1967-68:de.1:73:Bayern München:Bor. Mönchengladbach,de.1,1967-68,Bayern München,Bor. Mönchengladbach,3,1
1967-10-14,1967-68:de.1:74:MSV Duisburg:FC Schalke 04,de.1,1967-68,MSV Duisburg,FC Schalke 04,1,1
1967-10-14,1967-68:de.1:75:Hannover 96:Eintracht Braunschweig,de.1,1967-68,Hannover 96,Eintracht Braunschweig,1,1
1967-10-14,1967-68:de.1:76:Borussia Dortmund:Eintracht Frankfurt,de.1,1967-68,Borussia Dortmund,Eintracht Frankfurt,2,1
1967-10-14,1967-68:de.1:77:1. FC Nürnberg:VfB Stuttgart,de.1,1967-68,1. FC Nürnberg,VfB Stuttgart,5,1
1967-10-14,1967-68:de.1:78:Karlsruher SC:Hamburger SV,de.1,1967-68,Karlsruher SC,Hamburger SV,2,1
1967-10-14,1967-68:de.1:79:1. FC Kaiserslautern:Werder Bremen,de.1,1967-68,1. FC Kaiserslautern,Werder Bremen,2,2
1967-10-14,1967-68:de.1:80:VfB Borussia Neunkirchen:1. FC Köln,de.1,1967-68,VfB Borussia Neunkirchen,1. FC Köln,2,1
1967-10-14,1967-68:de.1:81:Alemannia Aachen:TSV 1860 München,de.1,1967-68,Alemannia Aachen,TSV 1860 München,3,3
1967-10-21,1967-68:de.1:82:Werder Bremen:1. FC Nürnberg,de.1,1967-68,Werder Bremen,1. FC Nürnberg,0,4
1967-10-21,1967-68:de.1:83:TSV 1860 München:Hannover 96,de.1,1967-68,TSV 1860 München,Hannover 96,3,1
1967-10-21,1967-68:de.1:84:Eintracht Braunschweig:Bayern München,de.1,1967-68,Eintracht Braunschweig,Bayern München,1,0
1967-10-21,1967-68:de.1:85:1. FC Köln:1. FC Kaiserslautern,de.1,1967-68,1. FC Köln,1. FC Kaiserslautern,5,0
1967-10-21,1967-68:de.1:86:Hamburger SV:VfB Borussia Neunkirchen,de.1,1967-68,Hamburger SV,VfB Borussia Neunkirchen,0,0
1967-10-21,1967-68:de.1:87:Eintracht Frankfurt:Karlsruher SC,de.1,1967-68,Eintracht Frankfurt,Karlsruher SC,2,0
1967-10-21,1967-68:de.1:88:VfB Stuttgart:MSV Duisburg,de.1,1967-68,VfB Stuttgart,MSV Duisburg,3,0
1967-10-21,1967-68:de.1:89:Bor. Mönchengladbach:Borussia Dortmund,de.1,1967-68,Bor. Mönchengladbach,Borussia Dortmund,2,2
1967-10-21,1967-68:de.1:90:FC Schalke 04:Alemannia Aachen,de.1,1967-68,FC Schalke 04,Alemannia Aachen,2,1
1967-10-28,1967-68:de.1:91:Bayern München:TSV 1860 München,de.1,1967-68,Bayern München,TSV 1860 München,2,2
1967-10-28,1967-68:de.1:92:Borussia Dortmund:Eintracht Braunschweig,de.1,1967-68,Borussia Dortmund,Eintracht Braunschweig,0,1
1967-10-28,1967-68:de.1:93:Hannover 96:FC Schalke 04,de.1,1967-68,Hannover 96,FC Schalke 04,2,1
1967-10-28,1967-68:de.1:94:Karlsruher SC:Bor. Mönchengladbach,de.1,1967-68,Karlsruher SC,Bor. Mönchengladbach,3,2
1967-10-28,1967-68:de.1:95:MSV Duisburg:Werder Bremen,de.1,1967-68,MSV Duisburg,Werder Bremen,1,1
1967-10-28,1967-68:de.1:96:VfB Borussia Neunkirchen:Eintracht Frankfurt,de.1,1967-68,VfB Borussia Neunkirchen,Eintracht Frankfurt,2,2
1967-10-28,1967-68:de.1:97:1. FC Nürnberg:1. FC Kaiserslautern,de.1,1967-68,1. FC Nürnberg,1. FC Kaiserslautern,4,1
1967-10-28,1967-68:de.1:98:Hamburger SV:1. FC Köln,de.1,1967-68,Hamburger SV,1. FC Köln,3,1
1967-10-28,1967-68:de.1:99:Alemannia Aachen:VfB Stuttgart,de.1,1967-68,Alemannia Aachen,VfB Stuttgart,3,2
1967-11-04,1967-68:de.1:100:FC Schalke 04:Bayern München,de.1,1967-68,FC Schalke 04,Bayern München,0,1
1967-11-04,1967-68:de.1:101:Eintracht Frankfurt:Hamburger SV,de.1,1967-68,Eintracht Frankfurt,Hamburger SV,1,1
1967-11-04,1967-68:de.1:102:Eintracht Braunschweig:Karlsruher SC,de.1,1967-68,Eintracht Braunschweig,Karlsruher SC,1,0
1967-11-04,1967-68:de.1:103:Bor. Mönchengladbach:VfB Borussia Neunkirchen,de.1,1967-68,Bor. Mönchengladbach,VfB Borussia Neunkirchen,10,0
1967-11-04,1967-68:de.1:104:VfB Stuttgart:Hannover 96,de.1,1967-68,VfB Stuttgart,Hannover 96,2,0
1967-11-04,1967-68:de.1:105:1. FC Kaiserslautern:MSV Duisburg,de.1,1967-68,1. FC Kaiserslautern,MSV Duisburg,0,1
1967-11-04,1967-68:de.1:106:TSV 1860 München:Borussia Dortmund,de.1,1967-68,TSV 1860 München,Borussia Dortmund,3,0
1967-11-04,1967-68:de.1:107:Werder Bremen:Alemannia Aachen,de.1,1967-68,Werder Bremen,Alemannia Aachen,0,1
1967-11-04,1967-68:de.1:108:1. FC Köln:1. FC Nürnberg,de.1,1967-68,1. FC Köln,1. FC Nürnberg,3,3
1967-11-11,1967-68:de.1:109:VfB Borussia Neunkirchen:Eintracht Braunschweig,de.1,1967-68,VfB Borussia Neunkirchen,Eintracht Braunschweig,1,2
1967-11-11,1967-68:de.1:110:Hamburger SV:Bor. Mönchengladbach,de.1,1967-68,Hamburger SV,Bor. Mönchengladbach,2,3
1967-11-11,1967-68:de.1:111:Borussia Dortmund:FC Schalke 04,de.1,1967-68,Borussia Dortmund,FC Schalke 04,2,1
1967-11-11,1967-68:de.1:112:Bayern München:VfB Stuttgart,de.1,1967-68,Bayern München,VfB Stuttgart,3,1
1967-11-11,1967-68:de.1:113:Karlsruher SC:TSV 1860 München,de.1,1967-68,Karlsruher SC,TSV 1860 München,0,3
1967-11-11,1967-68:de.1:114:Alemannia Aachen:1. FC Kaiserslautern,de.1,1967-68,Alemannia Aachen,1. FC Kaiserslautern,1,1
1967-11-11,1967-68:de.1:115:MSV Duisburg:1. FC Nürnberg,de.1,1967-68,MSV Duisburg,1. FC Nürnberg,2,0
1967-11-11,1967-68:de.1:116:Hannover 96:Werder Bremen,de.1,1967-68,Hannover 96,Werder Bremen,4,2
1967-11-11,1967-68:de.1:117:Eintracht Frankfurt:1. FC Köln,de.1,1967-68,Eintracht Frankfurt,1. FC Köln,1,2
1967-11-18,1967-68:de.1:118:VfB Stuttgart:Borussia Dortmund,de.1,1967-68,VfB Stuttgart,Borussia Dortmund,4,1
1967-11-18,1967-68:de.1:119:Eintracht Braunschweig:Hamburger SV,de.1,1967-68,Eintracht Braunschweig,Hamburger SV,0,1
1967-11-18,1967-68:de.1:120:Bor. Mönchengladbach:Eintracht Frankfurt,de.1,1967-68,Bor. Mönchengladbach,Eintracht Frankfurt,1,1
1967-11-18,1967-68:de.1:121:1. FC Kaiserslautern:Hannover 96,de.1,1967-68,1. FC Kaiserslautern,Hannover 96,0,0
1967-11-18,1967-68:de.1:122:FC Schalke 04:Karlsruher SC,de.1,1967-68,FC Schalke 04,Karlsruher SC,2,0
1967-11-18,1967-68:de.1:123:1. FC Köln:MSV Duisburg,de.1,1967-68,1. FC Köln,MSV Duisburg,3,0
1967-11-18,1967-68:de.1:124:1. FC Nürnberg:Alemannia Aachen,de.1,1967-68,1. FC Nürnberg,Alemannia Aachen,4,1
1967-11-18,1967-68:de.1:125:TSV 1860 München:VfB Borussia Neunkirchen,de.1,1967-68,TSV 1860 München,VfB Borussia Neunkirchen,5,0
1967-11-18,1967-68:de.1:126:Werder Bremen:Bayern München,de.1,1967-68,Werder Bremen,Bayern München,4,1
1967-11-25,1967-68:de.1:127:Bayern München:1. FC Kaiserslautern,de.1,1967-68,Bayern München,1. FC Kaiserslautern,4,1
1967-11-25,1967-68:de.1:128:Karlsruher SC:VfB Stuttgart,de.1,1967-68,Karlsruher SC,VfB Stuttgart,1,4
1967-11-25,1967-68:de.1:129:Eintracht Frankfurt:Eintracht Braunschweig,de.1,1967-68,Eintracht Frankfurt,Eintracht Braunschweig,2,0
1967-11-25,1967-68:de.1:130:Hannover 96:1. FC Nürnberg,de.1,1967-68,Hannover 96,1. FC Nürnberg,1,1
1967-11-25,1967-68:de.1:131:MSV Duisburg:Alemannia Aachen,de.1,1967-68,MSV Duisburg,Alemannia Aachen,3,0
1967-11-25,1967-68:de.1:132:1. FC Köln:Bor. Mönchengladbach,de.1,1967-68,1. FC Köln,Bor. Mönchengladbach,2,5
1967-11-25,1967-68:de.1:133:Borussia Dortmund:Werder Bremen,de.1,1967-68,Borussia Dortmund,Werder Bremen,1,1
1967-11-25,1967-68:de.1:134:Hamburger SV:TSV 1860 München,de.1,1967-68,Hamburger SV,TSV 1860 München,2,2
1967-11-25,1967-68:de.1:135:VfB Borussia Neunkirchen:FC Schalke 04,de.1,1967-68,VfB Borussia Neunkirchen,FC Schalke 04,1,5
1967-12-02,1967-68:de.1:136:1. FC Kaiserslautern:Borussia Dortmund,de.1,1967-68,1. FC Kaiserslautern,Borussia Dortmund,2,2
1967-12-02,1967-68:de.1:137:FC Schalke 04:Hamburger SV,de.1,1967-68,FC Schalke 04,Hamburger SV,3,0
1967-12-02,1967-68:de.1:138:TSV 1860 München:Eintracht Frankfurt,de.1,1967-68,TSV 1860 München,Eintracht Frankfurt,5,0
1967-12-02,1967-68:de.1:139:MSV Duisburg:Hannover 96,de.1,1967-68,MSV Duisburg,Hannover 96,1,2
1967-12-02,1967-68:de.1:140:Eintracht Braunschweig:Bor. Mönchengladbach,de.1,1967-68,Eintracht Braunschweig,Bor. Mönchengladbach,2,1
1967-12-02,1967-68:de.1:141:1. FC Nürnberg:Bayern München,de.1,1967-68,1. FC Nürnberg,Bayern München,7,3
1967-12-02,1967-68:de.1:142:Werder Bremen:Karlsruher SC,de.1,1967-68,Werder Bremen,Karlsruher SC,6,1
1967-12-02,1967-68:de.1:143:Alemannia Aachen:1. FC Köln,de.1,1967-68,Alemannia Aachen,1. FC Köln,4,2
1967-12-09,1967-68:de.1:144:1. FC Köln:Eintracht Braunschweig,de.1,1967-68,1. FC Köln,Eintracht Braunschweig,1,0
1967-12-09,1967-68:de.1:145:Bor. Mönchengladbach:TSV 1860 München,de.1,1967-68,Bor. Mönchengladbach,TSV 1860 München,1,1
1967-12-09,1967-68:de.1:146:Borussia Dortmund:1. FC Nürnberg,de.1,1967-68,Borussia Dortmund,1. FC Nürnberg,1,2
1967-12-09,1967-68:de.1:147:VfB Borussia Neunkirchen:Werder Bremen,de.1,1967-68,VfB Borussia Neunkirchen,Werder Bremen,0,0
1967-12-09,1967-68:de.1:148:Eintracht Frankfurt:FC Schalke 04,de.1,1967-68,Eintracht Frankfurt,FC Schalke 04,2,2
1967-12-09,1967-68:de.1:149:Hamburger SV:VfB Stuttgart,de.1,1967-68,Hamburger SV,VfB Stuttgart,1,1
1967-12-09,1967-68:de.1:150:Hannover 96:Alemannia Aachen,de.1,1967-68,Hannover 96,Alemannia Aachen,1,1
1967-12-09,1967-68:de.1:151:Bayern München:MSV Duisburg,de.1,1967-68,Bayern München,MSV Duisburg,0,4
1967-12-09,1967-68:de.1:152:Karlsruher SC:1. FC Kaiserslautern,de.1,1967-68,Karlsruher SC,1. FC Kaiserslautern,2,2
1967-12-16,1967-68:de.1:153:VfB Stuttgart:VfB Borussia Neunkirchen,de.1,1967-68,VfB Stuttgart,VfB Borussia Neunkirchen,2,1
1968-01-06,1967-68:de.1:154:Hamburger SV:Werder Bremen,de.1,1967-68,Hamburger SV,Werder Bremen,2,1
1968-01-06,1967-68:de.1:155:VfB Borussia Neunkirchen:1. FC Kaiserslautern,de.1,1967-68,VfB Borussia Neunkirchen,1. FC Kaiserslautern,2,1
1968-01-06,1967-68:de.1:156:Karlsruher SC:1. FC Nürnberg,de.1,1967-68,Karlsruher SC,1. FC Nürnberg,1,1
1968-01-06,1967-68:de.1:157:1. FC Köln:Hannover 96,de.1,1967-68,1. FC Köln,Hannover 96,2,1
1968-01-06,1967-68:de.1:158:Bor. Mönchengladbach:FC Schalke 04,de.1,1967-68,Bor. Mönchengladbach,FC Schalke 04,1,6
1968-01-06,1967-68:de.1:159:Borussia Dortmund:MSV Duisburg,de.1,1967-68,Borussia Dortmund,MSV Duisburg,4,3
1968-01-06,1967-68:de.1:160:Bayern München:Alemannia Aachen,de.1,1967-68,Bayern München,Alemannia Aachen,4,1
1968-01-13,1967-68:de.1:161:VfB Stuttgart:Bor. Mönchengladbach,de.1,1967-68,VfB Stuttgart,Bor. Mönchengladbach,1,3
1968-01-13,1967-68:de.1:162:MSV Duisburg:Karlsruher SC,de.1,1967-68,MSV Duisburg,Karlsruher SC,2,1
1968-01-13,1967-68:de.1:163:Werder Bremen:Eintracht Frankfurt,de.1,1967-68,Werder Bremen,Eintracht Frankfurt,2,0
1968-01-13,1967-68:de.1:164:Alemannia Aachen:Borussia Dortmund,de.1,1967-68,Alemannia Aachen,Borussia Dortmund,3,0
1968-01-13,1967-68:de.1:165:TSV 1860 München:1. FC Köln,de.1,1967-68,TSV 1860 München,1. FC Köln,0,1
1968-01-13,1967-68:de.1:166:1. FC Nürnberg:VfB Borussia Neunkirchen,de.1,1967-68,1. FC Nürnberg,VfB Borussia Neunkirchen,3,0
1968-01-13,1967-68:de.1:167:FC Schalke 04:Eintracht Braunschweig,de.1,1967-68,FC Schalke 04,Eintracht Braunschweig,0,2
1968-01-13,1967-68:de.1:168:Hannover 96:Bayern München,de.1,1967-68,Hannover 96,Bayern München,2,1
1968-01-20,1967-68:de.1:169:Hamburger SV:1. FC Nürnberg,de.1,1967-68,Hamburger SV,1. FC Nürnberg,3,1
1968-01-20,1967-68:de.1:170:Bor. Mönchengladbach:Werder Bremen,de.1,1967-68,Bor. Mönchengladbach,Werder Bremen,3,1
1968-01-20,1967-68:de.1:171:VfB Borussia Neunkirchen:MSV Duisburg,de.1,1967-68,VfB Borussia Neunkirchen,MSV Duisburg,2,1
1968-01-20,1967-68:de.1:172:Eintracht Braunschweig:VfB Stuttgart,de.1,1967-68,Eintracht Braunschweig,VfB Stuttgart,2,1
1968-01-20,1967-68:de.1:173:Borussia Dortmund:Hannover 96,de.1,1967-68,Borussia Dortmund,Hannover 96,3,1
1968-01-20,1967-68:de.1:174:TSV 1860 München:FC Schalke 04,de.1,1967-68,TSV 1860 München,FC Schalke 04,1,2
1968-01-20,1967-68:de.1:175:Eintracht Frankfurt:1. FC Kaiserslautern,de.1,1967-68,Eintracht Frankfurt,1. FC Kaiserslautern,5,2
1968-01-20,1967-68:de.1:176:Karlsruher SC:Alemannia Aachen,de.1,1967-68,Karlsruher SC,Alemannia Aachen,2,4
1968-01-20,1967-68:de.1:177:1. FC Köln:Bayern München,de.1,1967-68,1. FC Köln,Bayern München,3,3
1968-02-03,1967-68:de.1:178:VfB Stuttgart:TSV 1860 München,de.1,1967-68,VfB Stuttgart,TSV 1860 München,2,1
1968-02-03,1967-68:de.1:179:Werder Bremen:Eintracht Braunschweig,de.1,1967-68,Werder Bremen,Eintracht Braunschweig,3,2
1968-02-03,1967-68:de.1:180:Hannover 96:Karlsruher SC,de.1,1967-68,Hannover 96,Karlsruher SC,2,0
1968-02-03,1967-68:de.1:181:1. FC Kaiserslautern:Bor. Mönchengladbach,de.1,1967-68,1. FC Kaiserslautern,Bor. Mönchengladbach,0,1
1968-02-03,1967-68:de.1:182:MSV Duisburg:Hamburger SV,de.1,1967-68,MSV Duisburg,Hamburger SV,1,2
1968-02-03,1967-68:de.1:183:1. FC Nürnberg:Eintracht Frankfurt,de.1,1967-68,1. FC Nürnberg,Eintracht Frankfurt,0,2
1968-02-03,1967-68:de.1:184:Alemannia Aachen:VfB Borussia Neunkirchen,de.1,1967-68,Alemannia Aachen,VfB Borussia Neunkirchen,5,1
1968-02-03,1967-68:de.1:185:FC Schalke 04:1. FC Köln,de.1,1967-68,FC Schalke 04,1. FC Köln,1,1
1968-02-10,1967-68:de.1:186:TSV 1860 München:Werder Bremen,de.1,1967-68,TSV 1860 München,Werder Bremen,1,3
1968-02-10,1967-68:de.1:187:Eintracht Braunschweig:1. FC Kaiserslautern,de.1,1967-68,Eintracht Braunschweig,1. FC Kaiserslautern,1,0
1968-02-10,1967-68:de.1:188:1. FC Köln:Borussia Dortmund,de.1,1967-68,1. FC Köln,Borussia Dortmund,3,0
1968-02-10,1967-68:de.1:189:FC Schalke 04:VfB Stuttgart,de.1,1967-68,FC Schalke 04,VfB Stuttgart,2,1
1968-02-10,1967-68:de.1:190:VfB Borussia Neunkirchen:Hannover 96,de.1,1967-68,VfB Borussia Neunkirchen,Hannover 96,3,1
1968-02-10,1967-68:de.1:191:Hamburger SV:Alemannia Aachen,de.1,1967-68,Hamburger SV,Alemannia Aachen,5,1
1968-02-10,1967-68:de.1:192:Eintracht Frankfurt:MSV Duisburg,de.1,1967-68,Eintracht Frankfurt,MSV Duisburg,3,2
1968-02-10,1967-68:de.1:193:Bor. Mönchengladbach:1. FC Nürnberg,de.1,1967-68,Bor. Mönchengladbach,1. FC Nürnberg,1,1
1968-02-10,1967-68:de.1:194:Karlsruher SC:Bayern München,de.1,1967-68,Karlsruher SC,Bayern München,0,2
1968-02-17,1967-68:de.1:195:Alemannia Aachen:Eintracht Frankfurt,de.1,1967-68,Alemannia Aachen,Eintracht Frankfurt,2,1
1968-02-17,1967-68:de.1:196:MSV Duisburg:Bor. Mönchengladbach,de.1,1967-68,MSV Duisburg,Bor. Mönchengladbach,2,2
1968-02-17,1967-68:de.1:197:1. FC Kaiserslautern:TSV 1860 München,de.1,1967-68,1. FC Kaiserslautern,TSV 1860 München,0,0
1968-02-17,1967-68:de.1:198:Hannover 96:Hamburger SV,de.1,1967-68,Hannover 96,Hamburger SV,2,2
1968-02-17,1967-68:de.1:199:Borussia Dortmund:Karlsruher SC,de.1,1967-68,Borussia Dortmund,Karlsruher SC,5,0
1968-02-17,1967-68:de.1:200:1. FC Nürnberg:Eintracht Braunschweig,de.1,1967-68,1. FC Nürnberg,Eintracht Braunschweig,3,1
1968-02-17,1967-68:de.1:201:Bayern München:VfB Borussia Neunkirchen,de.1,1967-68,Bayern München,VfB Borussia Neunkirchen,4,0
1968-02-17,1967-68:de.1:202:VfB Stuttgart:1. FC Köln,de.1,1967-68,VfB Stuttgart,1. FC Köln,2,0
1968-02-17,1967-68:de.1:203:Werder Bremen:FC Schalke 04,de.1,1967-68,Werder Bremen,FC Schalke 04,2,0
1968-02-24,1967-68:de.1:204:1. FC Kaiserslautern:Hamburger SV,de.1,1967-68,1. FC Kaiserslautern,Hamburger SV,3,3
1968-03-02,1967-68:de.1:205:VfB Stuttgart:Werder Bremen,de.1,1967-68,VfB Stuttgart,Werder Bremen,0,3
1968-03-02,1967-68:de.1:206:TSV 1860 München:1. FC Nürnberg,de.1,1967-68,TSV 1860 München,1. FC Nürnberg,1,2
1968-03-02,1967-68:de.1:207:Hamburger SV:Bayern München,de.1,1967-68,Hamburger SV,Bayern München,2,1
1968-03-02,1967-68:de.1:208:Eintracht Braunschweig:MSV Duisburg,de.1,1967-68,Eintracht Braunschweig,MSV Duisburg,3,0
1968-03-02,1967-68:de.1:209:Eintracht Frankfurt:Hannover 96,de.1,1967-68,Eintracht Frankfurt,Hannover 96,3,0
1968-03-02,1967-68:de.1:210:1. FC Köln:Karlsruher SC,de.1,1967-68,1. FC Köln,Karlsruher SC,4,0
1968-03-02,1967-68:de.1:211:FC Schalke 04:1. FC Kaiserslautern,de.1,1967-68,FC Schalke 04,1. FC Kaiserslautern,2,1
1968-03-02,1967-68:de.1:212:VfB Borussia Neunkirchen:Borussia Dortmund,de.1,1967-68,VfB Borussia Neunkirchen,Borussia Dortmund,3,2
1968-03-02,1967-68:de.1:213:Bor. Mönchengladbach:Alemannia Aachen,de.1,1967-68,Bor. Mönchengladbach,Alemannia Aachen,3,0
1968-03-09,1967-68:de.1:214:1. FC Nürnberg:FC Schalke 04,de.1,1967-68,1. FC Nürnberg,FC Schalke 04,2,3
1968-03-09,1967-68:de.1:215:Alemannia Aachen:Eintracht Braunschweig,de.1,1967-68,Alemannia Aachen,Eintracht Braunschweig,2,1
1968-03-09,1967-68:de.1:216:Borussia Dortmund:Hamburger SV,de.1,1967-68,Borussia Dortmund,Hamburger SV,2,2
1968-03-09,1967-68:de.1:217:Bayern München:Eintracht Frankfurt,de.1,1967-68,Bayern München,Eintracht Frankfurt,3,0
1968-03-09,1967-68:de.1:218:Hannover 96:Bor. Mönchengladbach,de.1,1967-68,Hannover 96,Bor. Mönchengladbach,1,1
1968-03-09,1967-68:de.1:219:MSV Duisburg:TSV 1860 München,de.1,1967-68,MSV Duisburg,TSV 1860 München,2,1
1968-03-09,1967-68:de.1:220:1. FC Kaiserslautern:VfB Stuttgart,de.1,1967-68,1. FC Kaiserslautern,VfB Stuttgart,2,0
1968-03-09,1967-68:de.1:221:Karlsruher SC:VfB Borussia Neunkirchen,de.1,1967-68,Karlsruher SC,VfB Borussia Neunkirchen,5,1
1968-03-09,1967-68:de.1:222:Werder Bremen:1. FC Köln,de.1,1967-68,Werder Bremen,1. FC Köln,3,1
1968-03-16,1967-68:de.1:223:VfB Stuttgart:1. FC Nürnberg,de.1,1967-68,VfB Stuttgart,1. FC Nürnberg,1,1
1968-03-16,1967-68:de.1:224:Werder Bremen:1. FC Kaiserslautern,de.1,1967-68,Werder Bremen,1. FC Kaiserslautern,2,1
1968-03-16,1967-68:de.1:225:Hamburger SV:Karlsruher SC,de.1,1967-68,Hamburger SV,Karlsruher SC,0,0
1968-03-16,1967-68:de.1:226:Bor. Mönchengladbach:Bayern München,de.1,1967-68,Bor. Mönchengladbach,Bayern München,1,1
1968-03-16,1967-68:de.1:227:Eintracht Frankfurt:Borussia Dortmund,de.1,1967-68,Eintracht Frankfurt,Borussia Dortmund,4,1
1968-03-16,1967-68:de.1:228:1. FC Köln:VfB Borussia Neunkirchen,de.1,1967-68,1. FC Köln,VfB Borussia Neunkirchen,2,1
1968-03-16,1967-68:de.1:229:TSV 1860 München:Alemannia Aachen,de.1,1967-68,TSV 1860 München,Alemannia Aachen,6,0
1968-03-16,1967-68:de.1:230:FC Schalke 04:MSV Duisburg,de.1,1967-68,FC Schalke 04,MSV Duisburg,0,3
1968-03-16,1967-68:de.1:231:Eintracht Braunschweig:Hannover 96,de.1,1967-68,Eintracht Braunschweig,Hannover 96,0,1
1968-03-23,1967-68:de.1:232:Alemannia Aachen:FC Schalke 04,de.1,1967-68,Alemannia Aachen,FC Schalke 04,2,1
1968-03-23,1967-68:de.1:233:1. FC Nürnberg:Werder Bremen,de.1,1967-68,1. FC Nürnberg,Werder Bremen,0,0
1968-03-23,1967-68:de.1:234:Borussia Dortmund:Bor. Mönchengladbach,de.1,1967-68,Borussia Dortmund,Bor. Mönchengladbach,3,1
1968-03-23,1967-68:de.1:235:Karlsruher SC:Eintracht Frankfurt,de.1,1967-68,Karlsruher SC,Eintracht Frankfurt,0,1
1968-03-23,1967-68:de.1:236:Bayern München:Eintracht Braunschweig,de.1,1967-68,Bayern München,Eintracht Braunschweig,3,0
1968-03-23,1967-68:de.1:237:VfB Borussia Neunkirchen:Hamburger SV,de.1,1967-68,VfB Borussia Neunkirchen,Hamburger SV,0,3
1968-03-23,1967-68:de.1:238:MSV Duisburg:VfB Stuttgart,de.1,1967-68,MSV Duisburg,VfB Stuttgart,3,3
1968-03-23,1967-68:de.1:239:Hannover 96:TSV 1860 München,de.1,1967-68,Hannover 96,TSV 1860 München,1,2
1968-03-23,1967-68:de.1:240:1. FC Kaiserslautern:1. FC Köln,de.1,1967-68,1. FC Kaiserslautern,1. FC Köln,2,1
1968-03-30,1967-68:de.1:241:Eintracht Braunschweig:Borussia Dortmund,de.1,1967-68,Eintracht Braunschweig,Borussia Dortmund,2,0
1968-03-30,1967-68:de.1:242:FC Schalke 04:Hannover 96,de.1,1967-68,FC Schalke 04,Hannover 96,1,1
1968-03-30,1967-68:de.1:243:1. FC Kaiserslautern:1. FC Nürnberg,de.1,1967-68,1. FC Kaiserslautern,1. FC Nürnberg,1,0
1968-03-30,1967-68:de.1:244:1. FC Köln:Hamburger SV,de.1,1967-68,1. FC Köln,Hamburger SV,2,1
1968-03-30,1967-68:de.1:245:TSV 1860 München:Bayern München,de.1,1967-68,TSV 1860 München,Bayern München,3,2
1968-03-30,1967-68:de.1:246:VfB Stuttgart:Alemannia Aachen,de.1,1967-68,VfB Stuttgart,Alemannia Aachen,4,1
1968-03-30,1967-68:de.1:247:Eintracht Frankfurt:VfB Borussia Neunkirchen,de.1,1967-68,Eintracht Frankfurt,VfB Borussia Neunkirchen,4,1
1968-03-30,1967-68:de.1:248:Werder Bremen:MSV Duisburg,de.1,1967-68,Werder Bremen,MSV Duisburg,3,3
1968-03-30,1967-68:de.1:249:Bor. Mönchengladbach:Karlsruher SC,de.1,1967-68,Bor. Mönchengladbach,Karlsruher SC,0,0
1968-04-02,1967-68:de.1:250:Bayern München:Borussia Dortmund,de.1,1967-68,Bayern München,Borussia Dortmund,2,0
1968-04-03,1967-68:de.1:251:Eintracht Frankfurt:VfB Stuttgart,de.1,1967-68,Eintracht Frankfurt,VfB Stuttgart,4,0
1968-04-03,1967-68:de.1:252:Eintracht Braunschweig:TSV 1860 München,de.1,1967-68,Eintracht Braunschweig,TSV 1860 München,0,1
1968-04-05,1967-68:de.1:253:Alemannia Aachen:Werder Bremen,de.1,1967-68,Alemannia Aachen,Werder Bremen,1,1
1968-04-06,1967-68:de.1:254:Borussia Dortmund:TSV 1860 München,de.1,1967-68,Borussia Dortmund,TSV 1860 München,0,0
1968-04-06,1967-68:de.1:255:Hamburger SV:Eintracht Frankfurt,de.1,1967-68,Hamburger SV,Eintracht Frankfurt,0,1
1968-04-06,1967-68:de.1:256:1. FC Nürnberg:1. FC Köln,de.1,1967-68,1. FC Nürnberg,1. FC Köln,2,1
1968-04-06,1967-68:de.1:257:Bayern München:FC Schalke 04,de.1,1967-68,Bayern München,FC Schalke 04,2,0
1968-04-06,1967-68:de.1:258:MSV Duisburg:1. FC Kaiserslautern,de.1,1967-68,MSV Duisburg,1. FC Kaiserslautern,7,0
1968-04-06,1967-68:de.1:259:Hannover 96:VfB Stuttgart,de.1,1967-68,Hannover 96,VfB Stuttgart,2,1
1968-04-06,1967-68:de.1:260:VfB Borussia Neunkirchen:Bor. Mönchengladbach,de.1,1967-68,VfB Borussia Neunkirchen,Bor. Mönchengladbach,0,3
1968-04-06,1967-68:de.1:261:Karlsruher SC:Eintracht Braunschweig,de.1,1967-68,Karlsruher SC,Eintracht Braunschweig,1,2
1968-04-20,1967-68:de.1:262:Werder Bremen:Hannover 96,de.1,1967-68,Werder Bremen,Hannover 96,1,0
1968-04-20,1967-68:de.1:263:Bor. Mönchengladbach:Hamburger SV,de.1,1967-68,Bor. Mönchengladbach,Hamburger SV,4,1
1968-04-20,1967-68:de.1:264:1. FC Nürnberg:MSV Duisburg,de.1,1967-68,1. FC Nürnberg,MSV Duisburg,4,1
1968-04-20,1967-68:de.1:265:Eintracht Braunschweig:VfB Borussia Neunkirchen,de.1,1967-68,Eintracht Braunschweig,VfB Borussia Neunkirchen,4,2
1968-04-20,1967-68:de.1:266:VfB Stuttgart:Bayern München,de.1,1967-68,VfB Stuttgart,Bayern München,3,0
1968-04-20,1967-68:de.1:267:1. FC Köln:Eintracht Frankfurt,de.1,1967-68,1. FC Köln,Eintracht Frankfurt,5,1
1968-04-20,1967-68:de.1:268:TSV 1860 München:Karlsruher SC,de.1,1967-68,TSV 1860 München,Karlsruher SC,3,0
1968-04-20,1967-68:de.1:269:FC Schalke 04:Borussia Dortmund,de.1,1967-68,FC Schalke 04,Borussia Dortmund,1,0
1968-04-20,1967-68:de.1:270:1. FC Kaiserslautern:Alemannia Aachen,de.1,1967-68,1. FC Kaiserslautern,Alemannia Aachen,1,0
1968-04-26,1967-68:de.1:271:MSV Duisburg:1. FC Köln,de.1,1967-68,MSV Duisburg,1. FC Köln,3,2
1968-04-27,1967-68:de.1:272:Borussia Dortmund:VfB Stuttgart,de.1,1967-68,Borussia Dortmund,VfB Stuttgart,2,1
1968-04-27,1967-68:de.1:273:Hannover 96:1. FC Kaiserslautern,de.1,1967-68,Hannover 96,1. FC Kaiserslautern,2,0
1968-04-27,1967-68:de.1:274:VfB Borussia Neunkirchen:TSV 1860 München,de.1,1967-68,VfB Borussia Neunkirchen,TSV 1860 München,1,0
1968-04-27,1967-68:de.1:275:Bayern München:Werder Bremen,de.1,1967-68,Bayern München,Werder Bremen,2,3
1968-04-27,1967-68:de.1:276:Karlsruher SC:FC Schalke 04,de.1,1967-68,Karlsruher SC,FC Schalke 04,1,0
1968-04-27,1967-68:de.1:277:Eintracht Frankfurt:Bor. Mönchengladbach,de.1,1967-68,Eintracht Frankfurt,Bor. Mönchengladbach,3,1
1968-04-27,1967-68:de.1:278:Alemannia Aachen:1. FC Nürnberg,de.1,1967-68,Alemannia Aachen,1. FC Nürnberg,2,0
1968-04-27,1967-68:de.1:279:Hamburger SV:Eintracht Braunschweig,de.1,1967-68,Hamburger SV,Eintracht Braunschweig,0,0
1968-05-11,1967-68:de.1:280:1. FC Kaiserslautern:Bayern München,de.1,1967-68,1. FC Kaiserslautern,Bayern München,2,2
1968-05-11,1967-68:de.1:281:Bor. Mönchengladbach:1. FC Köln,de.1,1967-68,Bor. Mönchengladbach,1. FC Köln,1,0
1968-05-11,1967-68:de.1:282:Alemannia Aachen:MSV Duisburg,de.1,1967-68,Alemannia Aachen,MSV Duisburg,4,4
1968-05-11,1967-68:de.1:283:Eintracht Braunschweig:Eintracht Frankfurt,de.1,1967-68,Eintracht Braunschweig,Eintracht Frankfurt,0,0
1968-05-11,1967-68:de.1:284:1. FC Nürnberg:Hannover 96,de.1,1967-68,1. FC Nürnberg,Hannover 96,2,1
1968-05-11,1967-68:de.1:285:VfB Stuttgart:Karlsruher SC,de.1,1967-68,VfB Stuttgart,Karlsruher SC,3,2
1968-05-11,1967-68:de.1:286:Werder Bremen:Borussia Dortmund,de.1,1967-68,Werder Bremen,Borussia Dortmund,2,1
1968-05-11,1967-68:de.1:287:FC Schalke 04:VfB Borussia Neunkirchen,de.1,1967-68,FC Schalke 04,VfB Borussia Neunkirchen,2,0
1968-05-11,1967-68:de.1:288:TSV 1860 München:Hamburger SV,de.1,1967-68,TSV 1860 München,Hamburger SV,0,1
1968-05-18,1967-68:de.1:289:Bor. Mönchengladbach:Eintracht Braunschweig,de.1,1967-68,Bor. Mönchengladbach,Eintracht Braunschweig,2,0
1968-05-18,1967-68:de.1:290:Eintracht Frankfurt:TSV 1860 München,de.1,1967-68,Eintracht Frankfurt,TSV 1860 München,2,1
1968-05-18,1967-68:de.1:291:Bayern München:1. FC Nürnberg,de.1,1967-68,Bayern München,1. FC Nürnberg,0,2
1968-05-18,1967-68:de.1:292:Hamburger SV:FC Schalke 04,de.1,1967-68,Hamburger SV,FC Schalke 04,1,1
1968-05-18,1967-68:de.1:293:Hannover 96:MSV Duisburg,de.1,1967-68,Hannover 96,MSV Duisburg,2,2
1968-05-18,1967-68:de.1:294:1. FC Köln:Alemannia Aachen,de.1,1967-68,1. FC Köln,Alemannia Aachen,3,1
1968-05-18,1967-68:de.1:295:Karlsruher SC:Werder Bremen,de.1,1967-68,Karlsruher SC,Werder Bremen,1,2
1968-05-18,1967-68:de.1:296:VfB Borussia Neunkirchen:VfB Stuttgart,de.1,1967-68,VfB Borussia Neunkirchen,VfB Stuttgart,0,5
1968-05-18,1967-68:de.1:297:Borussia Dortmund:1. FC Kaiserslautern,de.1,1967-68,Borussia Dortmund,1. FC Kaiserslautern,4,0
1968-05-25,1967-68:de.1:298:FC Schalke 04:Eintracht Frankfurt,de.1,1967-68,FC Schalke 04,Eintracht Frankfurt,0,0
1968-05-25,1967-68:de.1:299:MSV Duisburg:Bayern München,de.1,1967-68,MSV Duisburg,Bayern München,3,3
1968-05-25,1967-68:de.1:300:TSV 1860 München:Bor. Mönchengladbach,de.1,1967-68,TSV 1860 München,Bor. Mönchengladbach,0,0
1968-05-25,1967-68:de.1:301:1. FC Nürnberg:Borussia Dortmund,de.1,1967-68,1. FC Nürnberg,Borussia Dortmund,2,1
1968-05-25,1967-68:de.1:302:1. FC Kaiserslautern:Karlsruher SC,de.1,1967-68,1. FC Kaiserslautern,Karlsruher SC,1,1
1968-05-25,1967-68:de.1:303:Werder Bremen:VfB Borussia Neunkirchen,de.1,1967-68,Werder Bremen,VfB Borussia Neunkirchen,2,1
1968-05-25,1967-68:de.1:304:Alemannia Aachen:Hannover 96,de.1,1967-68,Alemannia Aachen,Hannover 96,2,2
1968-05-25,1967-68:de.1:305:Eintracht Braunschweig:1. FC Köln,de.1,1967-68,Eintracht Braunschweig,1. FC Köln,1,2
1968-05-28,1967-68:de.1:306:VfB Stuttgart:Hamburger SV,de.1,1967-68,VfB Stuttgart,Hamburger SV,4,1
1968-08-17,1968-69:de.1:1:1. FC Nürnberg:Alemannia Aachen,de.1,1968-69,1. FC Nürnberg,Alemannia Aachen,1,4
1968-08-17,1968-69:de.1:2:Bayern München:1. FC Kaiserslautern,de.1,1968-69,Bayern München,1. FC Kaiserslautern,2,0
1968-08-17,1968-69:de.1:3:Eintracht Frankfurt:Hertha BSC,de.1,1968-69,Eintracht Frankfurt,Hertha BSC,2,0
1968-08-17,1968-69:de.1:4:1. FC Köln:Kickers Offenbach,de.1,1968-69,1. FC Köln,Kickers Offenbach,2,1
1968-08-17,1968-69:de.1:5:MSV Duisburg:FC Schalke 04,de.1,1968-69,MSV Duisburg,FC Schalke 04,1,0
1968-08-17,1968-69:de.1:6:Borussia Dortmund:Bor. Mönchengladbach,de.1,1968-69,Borussia Dortmund,Bor. Mönchengladbach,1,3
1968-08-17,1968-69:de.1:7:Eintracht Braunschweig:Hamburger SV,de.1,1968-69,Eintracht Braunschweig,Hamburger SV,1,0
1968-08-17,1968-69:de.1:8:Werder Bremen:Hannover 96,de.1,1968-69,Werder Bremen,Hannover 96,3,2
1968-08-17,1968-69:de.1:9:VfB Stuttgart:TSV 1860 München,de.1,1968-69,VfB Stuttgart,TSV 1860 München,1,1
1968-08-24,1968-69:de.1:10:Hertha BSC:MSV Duisburg,de.1,1968-69,Hertha BSC,MSV Duisburg,1,1
1968-08-24,1968-69:de.1:11:Bor. Mönchengladbach:1. FC Köln,de.1,1968-69,Bor. Mönchengladbach,1. FC Köln,2,1
1968-08-24,1968-69:de.1:12:Kickers Offenbach:1. FC Nürnberg,de.1,1968-69,Kickers Offenbach,1. FC Nürnberg,2,1
1968-08-24,1968-69:de.1:13:FC Schalke 04:Eintracht Braunschweig,de.1,1968-69,FC Schalke 04,Eintracht Braunschweig,0,2
1968-08-24,1968-69:de.1:14:Hannover 96:Borussia Dortmund,de.1,1968-69,Hannover 96,Borussia Dortmund,1,1
1968-08-24,1968-69:de.1:15:Hamburger SV:VfB Stuttgart,de.1,1968-69,Hamburger SV,VfB Stuttgart,2,1
1968-08-24,1968-69:de.1:16:1. FC Kaiserslautern:Werder Bremen,de.1,1968-69,1. FC Kaiserslautern,Werder Bremen,1,0
1968-08-24,1968-69:de.1:17:TSV 1860 München:Bayern München,de.1,1968-69,TSV 1860 München,Bayern München,0,3
1968-08-24,1968-69:de.1:18:Alemannia Aachen:Eintracht Frankfurt,de.1,1968-69,Alemannia Aachen,Eintracht Frankfurt,4,2
1968-08-31,1968-69:de.1:19:MSV Duisburg:Eintracht Frankfurt,de.1,1968-69,MSV Duisburg,Eintracht Frankfurt,1,1
1968-08-31,1968-69:de.1:20:VfB Stuttgart:FC Schalke 04,de.1,1968-69,VfB Stuttgart,FC Schalke 04,1,1
1968-08-31,1968-69:de.1:21:1. FC Nürnberg:Bor. Mönchengladbach,de.1,1968-69,1. FC Nürnberg,Bor. Mönchengladbach,4,0
1968-08-31,1968-69:de.1:22:Bayern München:Hamburger SV,de.1,1968-69,Bayern München,Hamburger SV,5,1
1968-08-31,1968-69:de.1:23:1. FC Köln:Hannover 96,de.1,1968-69,1. FC Köln,Hannover 96,1,0
1968-08-31,1968-69:de.1:24:Eintracht Braunschweig:Hertha BSC,de.1,1968-69,Eintracht Braunschweig,Hertha BSC,3,3
1968-08-31,1968-69:de.1:25:Kickers Offenbach:Alemannia Aachen,de.1,1968-69,Kickers Offenbach,Alemannia Aachen,1,1
1968-09-04,1968-69:de.1:26:FC Schalke 04:Bayern München,de.1,1968-69,FC Schalke 04,Bayern München,1,2
1968-09-04,1968-69:de.1:27:1. FC Kaiserslautern:1. FC Köln,de.1,1968-69,1. FC Kaiserslautern,1. FC Köln,4,0
1968-09-04,1968-69:de.1:28:Hamburger SV:Werder Bremen,de.1,1968-69,Hamburger SV,Werder Bremen,5,2
1968-09-04,1968-69:de.1:29:Eintracht Frankfurt:Eintracht Braunschweig,de.1,1968-69,Eintracht Frankfurt,Eintracht Braunschweig,0,1
1968-09-04,1968-69:de.1:30:Hertha BSC:VfB Stuttgart,de.1,1968-69,Hertha BSC,VfB Stuttgart,0,1
1968-09-04,1968-69:de.1:31:Bor. Mönchengladbach:Kickers Offenbach,de.1,1968-69,Bor. Mönchengladbach,Kickers Offenbach,4,1
1968-09-04,1968-69:de.1:32:Alemannia Aachen:MSV Duisburg,de.1,1968-69,Alemannia Aachen,MSV Duisburg,4,0
1968-09-04,1968-69:de.1:33:Hannover 96:1. FC Nürnberg,de.1,1968-69,Hannover 96,1. FC Nürnberg,2,2
1968-09-04,1968-69:de.1:34:TSV 1860 München:Borussia Dortmund,de.1,1968-69,TSV 1860 München,Borussia Dortmund,2,1
1968-09-07,1968-69:de.1:35:Borussia Dortmund:Hamburger SV,de.1,1968-69,Borussia Dortmund,Hamburger SV,3,1
1968-09-07,1968-69:de.1:36:Bor. Mönchengladbach:Alemannia Aachen,de.1,1968-69,Bor. Mönchengladbach,Alemannia Aachen,2,2
1968-09-07,1968-69:de.1:37:Eintracht Braunschweig:MSV Duisburg,de.1,1968-69,Eintracht Braunschweig,MSV Duisburg,0,0
1968-09-07,1968-69:de.1:38:Kickers Offenbach:Hannover 96,de.1,1968-69,Kickers Offenbach,Hannover 96,1,1
1968-09-07,1968-69:de.1:39:1. FC Köln:TSV 1860 München,de.1,1968-69,1. FC Köln,TSV 1860 München,0,0
1968-09-07,1968-69:de.1:40:Bayern München:Hertha BSC,de.1,1968-69,Bayern München,Hertha BSC,3,0
1968-09-07,1968-69:de.1:41:VfB Stuttgart:Eintracht Frankfurt,de.1,1968-69,VfB Stuttgart,Eintracht Frankfurt,2,0
1968-09-07,1968-69:de.1:42:Werder Bremen:FC Schalke 04,de.1,1968-69,Werder Bremen,FC Schalke 04,1,3
1968-09-07,1968-69:de.1:43:1. FC Nürnberg:1. FC Kaiserslautern,de.1,1968-69,1. FC Nürnberg,1. FC Kaiserslautern,1,0
1968-09-13,1968-69:de.1:44:MSV Duisburg:VfB Stuttgart,de.1,1968-69,MSV Duisburg,VfB Stuttgart,2,0
1968-09-14,1968-69:de.1:45:1. FC Kaiserslautern:Kickers Offenbach,de.1,1968-69,1. FC Kaiserslautern,Kickers Offenbach,2,1
1968-09-14,1968-69:de.1:46:Hertha BSC:Werder Bremen,de.1,1968-69,Hertha BSC,Werder Bremen,1,0
1968-09-14,1968-69:de.1:47:Hannover 96:Bor. Mönchengladbach,de.1,1968-69,Hannover 96,Bor. Mönchengladbach,2,3
1968-09-14,1968-69:de.1:48:Eintracht Frankfurt:Bayern München,de.1,1968-69,Eintracht Frankfurt,Bayern München,1,1
1968-09-14,1968-69:de.1:49:FC Schalke 04:Borussia Dortmund,de.1,1968-69,FC Schalke 04,Borussia Dortmund,4,1
1968-09-14,1968-69:de.1:50:Hamburger SV:1. FC Köln,de.1,1968-69,Hamburger SV,1. FC Köln,3,1
1968-09-14,1968-69:de.1:51:Alemannia Aachen:Eintracht Braunschweig,de.1,1968-69,Alemannia Aachen,Eintracht Braunschweig,1,4
1968-09-14,1968-69:de.1:52:TSV 1860 München:1. FC Nürnberg,de.1,1968-69,TSV 1860 München,1. FC Nürnberg,2,0
1968-09-17,1968-69:de.1:53:Borussia Dortmund:1. FC Kaiserslautern,de.1,1968-69,Borussia Dortmund,1. FC Kaiserslautern,2,3
1968-09-17,1968-69:de.1:54:Werder Bremen:TSV 1860 München,de.1,1968-69,Werder Bremen,TSV 1860 München,4,1
1968-09-20,1968-69:de.1:55:Kickers Offenbach:TSV 1860 München,de.1,1968-69,Kickers Offenbach,TSV 1860 München,2,3
1968-09-21,1968-69:de.1:56:VfB Stuttgart:Eintracht Braunschweig,de.1,1968-69,VfB Stuttgart,Eintracht Braunschweig,2,2
1968-09-21,1968-69:de.1:57:Hannover 96:Alemannia Aachen,de.1,1968-69,Hannover 96,Alemannia Aachen,5,2
1968-09-21,1968-69:de.1:58:1. FC Nürnberg:Hamburger SV,de.1,1968-69,1. FC Nürnberg,Hamburger SV,0,0
1968-09-21,1968-69:de.1:59:1. FC Köln:FC Schalke 04,de.1,1968-69,1. FC Köln,FC Schalke 04,2,0
1968-09-21,1968-69:de.1:60:Werder Bremen:Eintracht Frankfurt,de.1,1968-69,Werder Bremen,Eintracht Frankfurt,0,1
1968-09-21,1968-69:de.1:61:Borussia Dortmund:Hertha BSC,de.1,1968-69,Borussia Dortmund,Hertha BSC,2,2
1968-09-21,1968-69:de.1:62:Bayern München:MSV Duisburg,de.1,1968-69,Bayern München,MSV Duisburg,2,2
1968-09-21,1968-69:de.1:63:Bor. Mönchengladbach:1. FC Kaiserslautern,de.1,1968-69,Bor. Mönchengladbach,1. FC Kaiserslautern,4,0
1968-09-28,1968-69:de.1:64:Eintracht Frankfurt:Borussia Dortmund,de.1,1968-69,Eintracht Frankfurt,Borussia Dortmund,1,1
1968-09-28,1968-69:de.1:65:Alemannia Aachen:VfB Stuttgart,de.1,1968-69,Alemannia Aachen,VfB Stuttgart,1,3
1968-09-28,1968-69:de.1:66:Hertha BSC:1. FC Köln,de.1,1968-69,Hertha BSC,1. FC Köln,2,1
1968-09-28,1968-69:de.1:67:FC Schalke 04:1. FC Nürnberg,de.1,1968-69,FC Schalke 04,1. FC Nürnberg,4,1
1968-09-28,1968-69:de.1:68:1. FC Kaiserslautern:Hannover 96,de.1,1968-69,1. FC Kaiserslautern,Hannover 96,0,0
1968-09-28,1968-69:de.1:69:Hamburger SV:Kickers Offenbach,de.1,1968-69,Hamburger SV,Kickers Offenbach,3,0
1968-09-28,1968-69:de.1:70:MSV Duisburg:Werder Bremen,de.1,1968-69,MSV Duisburg,Werder Bremen,2,0
1968-09-28,1968-69:de.1:71:TSV 1860 München:Bor. Mönchengladbach,de.1,1968-69,TSV 1860 München,Bor. Mönchengladbach,0,4
1968-09-28,1968-69:de.1:72:Eintracht Braunschweig:Bayern München,de.1,1968-69,Eintracht Braunschweig,Bayern München,2,3
1968-10-05,1968-69:de.1:73:1. FC Kaiserslautern:Alemannia Aachen,de.1,1968-69,1. FC Kaiserslautern,Alemannia Aachen,2,1
1968-10-05,1968-69:de.1:74:1. FC Köln:Eintracht Frankfurt,de.1,1968-69,1. FC Köln,Eintracht Frankfurt,2,1
1968-10-05,1968-69:de.1:75:1. FC Nürnberg:Hertha BSC,de.1,1968-69,1. FC Nürnberg,Hertha BSC,3,0
1968-10-05,1968-69:de.1:76:Kickers Offenbach:FC Schalke 04,de.1,1968-69,Kickers Offenbach,FC Schalke 04,1,0
1968-10-05,1968-69:de.1:77:Borussia Dortmund:MSV Duisburg,de.1,1968-69,Borussia Dortmund,MSV Duisburg,2,1
1968-10-05,1968-69:de.1:78:Bor. Mönchengladbach:Hamburger SV,de.1,1968-69,Bor. Mönchengladbach,Hamburger SV,1,2
1968-10-05,1968-69:de.1:79:Werder Bremen:Eintracht Braunschweig,de.1,1968-69,Werder Bremen,Eintracht Braunschweig,2,1
1968-10-05,1968-69:de.1:80:Hannover 96:TSV 1860 München,de.1,1968-69,Hannover 96,TSV 1860 München,3,2
1968-10-05,1968-69:de.1:81:Bayern München:VfB Stuttgart,de.1,1968-69,Bayern München,VfB Stuttgart,2,0
1968-10-19,1968-69:de.1:82:FC Schalke 04:Bor. Mönchengladbach,de.1,1968-69,FC Schalke 04,Bor. Mönchengladbach,1,1
1968-10-19,1968-69:de.1:83:Alemannia Aachen:Bayern München,de.1,1968-69,Alemannia Aachen,Bayern München,2,4
1968-10-19,1968-69:de.1:84:TSV 1860 München:1. FC Kaiserslautern,de.1,1968-69,TSV 1860 München,1. FC Kaiserslautern,1,0
1968-10-19,1968-69:de.1:85:Hertha BSC:Kickers Offenbach,de.1,1968-69,Hertha BSC,Kickers Offenbach,1,0
1968-10-19,1968-69:de.1:86:Eintracht Frankfurt:1. FC Nürnberg,de.1,1968-69,Eintracht Frankfurt,1. FC Nürnberg,3,0
1968-10-19,1968-69:de.1:87:MSV Duisburg:1. FC Köln,de.1,1968-69,MSV Duisburg,1. FC Köln,0,0
1968-10-19,1968-69:de.1:88:Eintracht Braunschweig:Borussia Dortmund,de.1,1968-69,Eintracht Braunschweig,Borussia Dortmund,4,3
1968-10-19,1968-69:de.1:89:VfB Stuttgart:Werder Bremen,de.1,1968-69,VfB Stuttgart,Werder Bremen,2,2
1968-10-19,1968-69:de.1:90:Hamburger SV:Hannover 96,de.1,1968-69,Hamburger SV,Hannover 96,1,4
1968-10-26,1968-69:de.1:91:TSV 1860 München:Alemannia Aachen,de.1,1968-69,TSV 1860 München,Alemannia Aachen,0,0
1968-10-26,1968-69:de.1:92:Werder Bremen:Bayern München,de.1,1968-69,Werder Bremen,Bayern München,1,0
1968-10-26,1968-69:de.1:93:Bor. Mönchengladbach:Hertha BSC,de.1,1968-69,Bor. Mönchengladbach,Hertha BSC,0,1
1968-10-26,1968-69:de.1:94:1. FC Nürnberg:MSV Duisburg,de.1,1968-69,1. FC Nürnberg,MSV Duisburg,1,1
1968-10-26,1968-69:de.1:95:Hannover 96:FC Schalke 04,de.1,1968-69,Hannover 96,FC Schalke 04,1,0
1968-10-26,1968-69:de.1:96:Borussia Dortmund:VfB Stuttgart,de.1,1968-69,Borussia Dortmund,VfB Stuttgart,1,0
1968-10-26,1968-69:de.1:97:1. FC Kaiserslautern:Hamburger SV,de.1,1968-69,1. FC Kaiserslautern,Hamburger SV,0,1
1968-10-26,1968-69:de.1:98:Kickers Offenbach:Eintracht Frankfurt,de.1,1968-69,Kickers Offenbach,Eintracht Frankfurt,4,2
1968-10-26,1968-69:de.1:99:1. FC Köln:Eintracht Braunschweig,de.1,1968-69,1. FC Köln,Eintracht Braunschweig,2,0
1968-10-30,1968-69:de.1:100:Eintracht Braunschweig:1. FC Nürnberg,de.1,1968-69,Eintracht Braunschweig,1. FC Nürnberg,0,2
1968-10-30,1968-69:de.1:101:FC Schalke 04:1. FC Kaiserslautern,de.1,1968-69,FC Schalke 04,1. FC Kaiserslautern,1,0
1968-10-30,1968-69:de.1:102:Bayern München:Borussia Dortmund,de.1,1968-69,Bayern München,Borussia Dortmund,4,1
1968-10-30,1968-69:de.1:103:Hamburger SV:TSV 1860 München,de.1,1968-69,Hamburger SV,TSV 1860 München,2,0
1968-10-30,1968-69:de.1:104:Alemannia Aachen:Werder Bremen,de.1,1968-69,Alemannia Aachen,Werder Bremen,2,1
1968-10-30,1968-69:de.1:105:VfB Stuttgart:1. FC Köln,de.1,1968-69,VfB Stuttgart,1. FC Köln,6,1
1968-10-30,1968-69:de.1:106:Eintracht Frankfurt:Bor. Mönchengladbach,de.1,1968-69,Eintracht Frankfurt,Bor. Mönchengladbach,1,1
1968-10-30,1968-69:de.1:107:MSV Duisburg:Kickers Offenbach,de.1,1968-69,MSV Duisburg,Kickers Offenbach,2,1
1968-10-30,1968-69:de.1:108:Hertha BSC:Hannover 96,de.1,1968-69,Hertha BSC,Hannover 96,2,1
1968-11-02,1968-69:de.1:109:Kickers Offenbach:Eintracht Braunschweig,de.1,1968-69,Kickers Offenbach,Eintracht Braunschweig,0,1
1968-11-02,1968-69:de.1:110:Hamburger SV:Alemannia Aachen,de.1,1968-69,Hamburger SV,Alemannia Aachen,3,0
1968-11-02,1968-69:de.1:111:Borussia Dortmund:Werder Bremen,de.1,1968-69,Borussia Dortmund,Werder Bremen,3,2
1968-11-02,1968-69:de.1:112:1. FC Kaiserslautern:Hertha BSC,de.1,1968-69,1. FC Kaiserslautern,Hertha BSC,1,0
1968-11-02,1968-69:de.1:113:1. FC Nürnberg:VfB Stuttgart,de.1,1968-69,1. FC Nürnberg,VfB Stuttgart,1,1
1968-11-02,1968-69:de.1:114:Bor. Mönchengladbach:MSV Duisburg,de.1,1968-69,Bor. Mönchengladbach,MSV Duisburg,1,0
1968-11-02,1968-69:de.1:115:TSV 1860 München:FC Schalke 04,de.1,1968-69,TSV 1860 München,FC Schalke 04,3,1
1968-11-02,1968-69:de.1:116:Hannover 96:Eintracht Frankfurt,de.1,1968-69,Hannover 96,Eintracht Frankfurt,1,2
1968-11-02,1968-69:de.1:117:1. FC Köln:Bayern München,de.1,1968-69,1. FC Köln,Bayern München,1,1
1968-11-09,1968-69:de.1:118:Hertha BSC:TSV 1860 München,de.1,1968-69,Hertha BSC,TSV 1860 München,1,2
1968-11-09,1968-69:de.1:119:Eintracht Frankfurt:1. FC Kaiserslautern,de.1,1968-69,Eintracht Frankfurt,1. FC Kaiserslautern,2,2
1968-11-09,1968-69:de.1:120:Alemannia Aachen:Borussia Dortmund,de.1,1968-69,Alemannia Aachen,Borussia Dortmund,0,1
1968-11-09,1968-69:de.1:121:MSV Duisburg:Hannover 96,de.1,1968-69,MSV Duisburg,Hannover 96,0,0
1968-11-09,1968-69:de.1:122:Werder Bremen:1. FC Köln,de.1,1968-69,Werder Bremen,1. FC Köln,3,1
1968-11-09,1968-69:de.1:123:Eintracht Braunschweig:Bor. Mönchengladbach,de.1,1968-69,Eintracht Braunschweig,Bor. Mönchengladbach,0,0
1968-11-09,1968-69:de.1:124:FC Schalke 04:Hamburger SV,de.1,1968-69,FC Schalke 04,Hamburger SV,2,3
1968-11-09,1968-69:de.1:125:VfB Stuttgart:Kickers Offenbach,de.1,1968-69,VfB Stuttgart,Kickers Offenbach,1,0
1968-11-12,1968-69:de.1:126:Bayern München:1. FC Nürnberg,de.1,1968-69,Bayern München,1. FC Nürnberg,3,0
1968-11-16,1968-69:de.1:127:Hannover 96:Eintracht Braunschweig,de.1,1968-69,Hannover 96,Eintracht Braunschweig,1,1
1968-11-16,1968-69:de.1:128:Kickers Offenbach:Bayern München,de.1,1968-69,Kickers Offenbach,Bayern München,0,0
1968-11-16,1968-69:de.1:129:Hamburger SV:Hertha BSC,de.1,1968-69,Hamburger SV,Hertha BSC,0,0
1968-11-16,1968-69:de.1:130:1. FC Nürnberg:Werder Bremen,de.1,1968-69,1. FC Nürnberg,Werder Bremen,1,1
1968-11-16,1968-69:de.1:131:Alemannia Aachen:FC Schalke 04,de.1,1968-69,Alemannia Aachen,FC Schalke 04,4,1
1968-11-16,1968-69:de.1:132:Borussia Dortmund:1. FC Köln,de.1,1968-69,Borussia Dortmund,1. FC Köln,1,1
1968-11-16,1968-69:de.1:133:TSV 1860 München:Eintracht Frankfurt,de.1,1968-69,TSV 1860 München,Eintracht Frankfurt,1,0
1968-11-16,1968-69:de.1:134:Bor. Mönchengladbach:VfB Stuttgart,de.1,1968-69,Bor. Mönchengladbach,VfB Stuttgart,4,4
1968-11-16,1968-69:de.1:135:1. FC Kaiserslautern:MSV Duisburg,de.1,1968-69,1. FC Kaiserslautern,MSV Duisburg,3,0
1968-11-29,1968-69:de.1:136:Werder Bremen:Kickers Offenbach,de.1,1968-69,Werder Bremen,Kickers Offenbach,2,0
1968-11-30,1968-69:de.1:137:Eintracht Braunschweig:1. FC Kaiserslautern,de.1,1968-69,Eintracht Braunschweig,1. FC Kaiserslautern,3,0
1968-11-30,1968-69:de.1:138:VfB Stuttgart:Hannover 96,de.1,1968-69,VfB Stuttgart,Hannover 96,1,0
1968-11-30,1968-69:de.1:139:1. FC Köln:Alemannia Aachen,de.1,1968-69,1. FC Köln,Alemannia Aachen,1,2
1968-11-30,1968-69:de.1:140:Borussia Dortmund:1. FC Nürnberg,de.1,1968-69,Borussia Dortmund,1. FC Nürnberg,3,1
1968-11-30,1968-69:de.1:141:Eintracht Frankfurt:Hamburger SV,de.1,1968-69,Eintracht Frankfurt,Hamburger SV,2,2
1968-11-30,1968-69:de.1:142:MSV Duisburg:TSV 1860 München,de.1,1968-69,MSV Duisburg,TSV 1860 München,3,4
1968-11-30,1968-69:de.1:143:Hertha BSC:FC Schalke 04,de.1,1968-69,Hertha BSC,FC Schalke 04,1,0
1968-11-30,1968-69:de.1:144:Bayern München:Bor. Mönchengladbach,de.1,1968-69,Bayern München,Bor. Mönchengladbach,0,0
1968-12-06,1968-69:de.1:145:Bor. Mönchengladbach:Werder Bremen,de.1,1968-69,Bor. Mönchengladbach,Werder Bremen,1,1
1968-12-07,1968-69:de.1:146:1. FC Nürnberg:1. FC Köln,de.1,1968-69,1. FC Nürnberg,1. FC Köln,0,1
1968-12-07,1968-69:de.1:147:Hamburger SV:MSV Duisburg,de.1,1968-69,Hamburger SV,MSV Duisburg,1,2
1968-12-07,1968-69:de.1:148:FC Schalke 04:Eintracht Frankfurt,de.1,1968-69,FC Schalke 04,Eintracht Frankfurt,2,0
1968-12-07,1968-69:de.1:149:Hannover 96:Bayern München,de.1,1968-69,Hannover 96,Bayern München,1,0
1968-12-07,1968-69:de.1:150:1. FC Kaiserslautern:VfB Stuttgart,de.1,1968-69,1. FC Kaiserslautern,VfB Stuttgart,1,3
1968-12-07,1968-69:de.1:151:Kickers Offenbach:Borussia Dortmund,de.1,1968-69,Kickers Offenbach,Borussia Dortmund,4,3
1968-12-07,1968-69:de.1:152:TSV 1860 München:Eintracht Braunschweig,de.1,1968-69,TSV 1860 München,Eintracht Braunschweig,0,1
1968-12-07,1968-69:de.1:153:Alemannia Aachen:Hertha BSC,de.1,1968-69,Alemannia Aachen,Hertha BSC,0,0
1969-01-11,1968-69:de.1:154:Alemannia Aachen:1. FC Nürnberg,de.1,1968-69,Alemannia Aachen,1. FC Nürnberg,4,2
1969-01-11,1968-69:de.1:155:1. FC Kaiserslautern:Bayern München,de.1,1968-69,1. FC Kaiserslautern,Bayern München,3,1
1969-01-11,1968-69:de.1:156:Kickers Offenbach:1. FC Köln,de.1,1968-69,Kickers Offenbach,1. FC Köln,3,1
1969-01-11,1968-69:de.1:157:FC Schalke 04:MSV Duisburg,de.1,1968-69,FC Schalke 04,MSV Duisburg,1,0
1969-01-11,1968-69:de.1:158:Bor. Mönchengladbach:Borussia Dortmund,de.1,1968-69,Bor. Mönchengladbach,Borussia Dortmund,1,0
1969-01-11,1968-69:de.1:159:Hamburger SV:Eintracht Braunschweig,de.1,1968-69,Hamburger SV,Eintracht Braunschweig,0,0
1969-01-11,1968-69:de.1:160:Hannover 96:Werder Bremen,de.1,1968-69,Hannover 96,Werder Bremen,1,0
1969-01-11,1968-69:de.1:161:TSV 1860 München:VfB Stuttgart,de.1,1968-69,TSV 1860 München,VfB Stuttgart,3,1
1969-01-18,1968-69:de.1:162:Bayern München:TSV 1860 München,de.1,1968-69,Bayern München,TSV 1860 München,0,2
1969-01-18,1968-69:de.1:163:Eintracht Frankfurt:Alemannia Aachen,de.1,1968-69,Eintracht Frankfurt,Alemannia Aachen,0,1
1969-01-18,1968-69:de.1:164:MSV Duisburg:Hertha BSC,de.1,1968-69,MSV Duisburg,Hertha BSC,2,1
1969-01-18,1968-69:de.1:165:1. FC Köln:Bor. Mönchengladbach,de.1,1968-69,1. FC Köln,Bor. Mönchengladbach,1,4
1969-01-18,1968-69:de.1:166:1. FC Nürnberg:Kickers Offenbach,de.1,1968-69,1. FC Nürnberg,Kickers Offenbach,2,2
1969-01-18,1968-69:de.1:167:Eintracht Braunschweig:FC Schalke 04,de.1,1968-69,Eintracht Braunschweig,FC Schalke 04,3,0
1969-01-18,1968-69:de.1:168:Borussia Dortmund:Hannover 96,de.1,1968-69,Borussia Dortmund,Hannover 96,1,1
1969-01-18,1968-69:de.1:169:VfB Stuttgart:Hamburger SV,de.1,1968-69,VfB Stuttgart,Hamburger SV,3,0
1969-01-18,1968-69:de.1:170:Werder Bremen:1. FC Kaiserslautern,de.1,1968-69,Werder Bremen,1. FC Kaiserslautern,2,1
1969-01-25,1968-69:de.1:171:Alemannia Aachen:Kickers Offenbach,de.1,1968-69,Alemannia Aachen,Kickers Offenbach,1,2
1969-01-25,1968-69:de.1:172:1. FC Kaiserslautern:Borussia Dortmund,de.1,1968-69,1. FC Kaiserslautern,Borussia Dortmund,1,2
1969-01-25,1968-69:de.1:173:Eintracht Frankfurt:MSV Duisburg,de.1,1968-69,Eintracht Frankfurt,MSV Duisburg,2,1
1969-01-25,1968-69:de.1:174:FC Schalke 04:VfB Stuttgart,de.1,1968-69,FC Schalke 04,VfB Stuttgart,1,1
1969-01-25,1968-69:de.1:175:Bor. Mönchengladbach:1. FC Nürnberg,de.1,1968-69,Bor. Mönchengladbach,1. FC Nürnberg,1,1
1969-01-25,1968-69:de.1:176:Hamburger SV:Bayern München,de.1,1968-69,Hamburger SV,Bayern München,2,2
1969-01-25,1968-69:de.1:177:Hannover 96:1. FC Köln,de.1,1968-69,Hannover 96,1. FC Köln,3,0
1969-01-25,1968-69:de.1:178:TSV 1860 München:Werder Bremen,de.1,1968-69,TSV 1860 München,Werder Bremen,4,3
1969-01-31,1968-69:de.1:179:Borussia Dortmund:TSV 1860 München,de.1,1968-69,Borussia Dortmund,TSV 1860 München,2,0
1969-02-01,1968-69:de.1:180:Werder Bremen:Hamburger SV,de.1,1968-69,Werder Bremen,Hamburger SV,1,1
1969-02-01,1968-69:de.1:181:Eintracht Braunschweig:Eintracht Frankfurt,de.1,1968-69,Eintracht Braunschweig,Eintracht Frankfurt,1,0
1969-02-01,1968-69:de.1:182:Bayern München:FC Schalke 04,de.1,1968-69,Bayern München,FC Schalke 04,0,0
1969-02-01,1968-69:de.1:183:VfB Stuttgart:Hertha BSC,de.1,1968-69,VfB Stuttgart,Hertha BSC,4,2
1969-02-01,1968-69:de.1:184:1. FC Köln:1. FC Kaiserslautern,de.1,1968-69,1. FC Köln,1. FC Kaiserslautern,2,1
1969-02-01,1968-69:de.1:185:Kickers Offenbach:Bor. Mönchengladbach,de.1,1968-69,Kickers Offenbach,Bor. Mönchengladbach,1,0
1969-02-01,1968-69:de.1:186:MSV Duisburg:Alemannia Aachen,de.1,1968-69,MSV Duisburg,Alemannia Aachen,1,1
1969-02-01,1968-69:de.1:187:1. FC Nürnberg:Hannover 96,de.1,1968-69,1. FC Nürnberg,Hannover 96,1,2
1969-02-08,1968-69:de.1:188:Eintracht Frankfurt:VfB Stuttgart,de.1,1968-69,Eintracht Frankfurt,VfB Stuttgart,3,0
1969-02-08,1968-69:de.1:189:MSV Duisburg:Eintracht Braunschweig,de.1,1968-69,MSV Duisburg,Eintracht Braunschweig,1,1
1969-02-08,1968-69:de.1:190:Alemannia Aachen:Bor. Mönchengladbach,de.1,1968-69,Alemannia Aachen,Bor. Mönchengladbach,2,1
1969-02-08,1968-69:de.1:191:TSV 1860 München:1. FC Köln,de.1,1968-69,TSV 1860 München,1. FC Köln,2,1
1969-02-08,1968-69:de.1:192:Hannover 96:Kickers Offenbach,de.1,1968-69,Hannover 96,Kickers Offenbach,2,2
1969-02-08,1968-69:de.1:193:Hertha BSC:Bayern München,de.1,1968-69,Hertha BSC,Bayern München,1,2
1969-02-08,1968-69:de.1:194:1. FC Kaiserslautern:1. FC Nürnberg,de.1,1968-69,1. FC Kaiserslautern,1. FC Nürnberg,1,1
1969-02-08,1968-69:de.1:195:FC Schalke 04:Werder Bremen,de.1,1968-69,FC Schalke 04,Werder Bremen,2,1
1969-02-08,1968-69:de.1:196:Hamburger SV:Borussia Dortmund,de.1,1968-69,Hamburger SV,Borussia Dortmund,2,0
1969-02-22,1968-69:de.1:197:VfB Stuttgart:MSV Duisburg,de.1,1968-69,VfB Stuttgart,MSV Duisburg,3,2
1969-02-22,1968-69:de.1:198:1. FC Nürnberg:TSV 1860 München,de.1,1968-69,1. FC Nürnberg,TSV 1860 München,3,0
1969-02-22,1968-69:de.1:199:Bayern München:Eintracht Frankfurt,de.1,1968-69,Bayern München,Eintracht Frankfurt,2,0
1969-03-01,1968-69:de.1:200:Eintracht Braunschweig:VfB Stuttgart,de.1,1968-69,Eintracht Braunschweig,VfB Stuttgart,1,2
1969-03-01,1968-69:de.1:201:1. FC Kaiserslautern:Bor. Mönchengladbach,de.1,1968-69,1. FC Kaiserslautern,Bor. Mönchengladbach,2,0
1969-03-01,1968-69:de.1:202:Alemannia Aachen:Hannover 96,de.1,1968-69,Alemannia Aachen,Hannover 96,2,0
1969-03-01,1968-69:de.1:203:FC Schalke 04:1. FC Köln,de.1,1968-69,FC Schalke 04,1. FC Köln,3,1
1969-03-01,1968-69:de.1:204:Eintracht Frankfurt:Werder Bremen,de.1,1968-69,Eintracht Frankfurt,Werder Bremen,2,1
1969-03-01,1968-69:de.1:205:MSV Duisburg:Bayern München,de.1,1968-69,MSV Duisburg,Bayern München,0,0
1969-03-01,1968-69:de.1:206:TSV 1860 München:Kickers Offenbach,de.1,1968-69,TSV 1860 München,Kickers Offenbach,2,0
1969-03-07,1968-69:de.1:207:Borussia Dortmund:Eintracht Frankfurt,de.1,1968-69,Borussia Dortmund,Eintracht Frankfurt,0,1
1969-03-08,1968-69:de.1:208:1. FC Nürnberg:FC Schalke 04,de.1,1968-69,1. FC Nürnberg,FC Schalke 04,1,1
1969-03-08,1968-69:de.1:209:Kickers Offenbach:Hamburger SV,de.1,1968-69,Kickers Offenbach,Hamburger SV,1,1
1969-03-08,1968-69:de.1:210:Werder Bremen:MSV Duisburg,de.1,1968-69,Werder Bremen,MSV Duisburg,2,1
1969-03-08,1968-69:de.1:211:VfB Stuttgart:Alemannia Aachen,de.1,1968-69,VfB Stuttgart,Alemannia Aachen,3,1
1969-03-08,1968-69:de.1:212:1. FC Köln:Hertha BSC,de.1,1968-69,1. FC Köln,Hertha BSC,1,0
1969-03-08,1968-69:de.1:213:Bor. Mönchengladbach:TSV 1860 München,de.1,1968-69,Bor. Mönchengladbach,TSV 1860 München,3,0
1969-03-08,1968-69:de.1:214:Bayern München:Eintracht Braunschweig,de.1,1968-69,Bayern München,Eintracht Braunschweig,2,1
1969-03-11,1968-69:de.1:215:Borussia Dortmund:FC Schalke 04,de.1,1968-69,Borussia Dortmund,FC Schalke 04,0,1
1969-03-12,1968-69:de.1:216:Hertha BSC:Eintracht Frankfurt,de.1,1968-69,Hertha BSC,Eintracht Frankfurt,2,0
1969-03-12,1968-69:de.1:217:Bor. Mönchengladbach:Hannover 96,de.1,1968-69,Bor. Mönchengladbach,Hannover 96,3,2
1969-03-12,1968-69:de.1:218:Kickers Offenbach:1. FC Kaiserslautern,de.1,1968-69,Kickers Offenbach,1. FC Kaiserslautern,4,1
1969-03-15,1968-69:de.1:219:Hertha BSC:1. FC Nürnberg,de.1,1968-69,Hertha BSC,1. FC Nürnberg,2,0
1969-03-15,1968-69:de.1:220:Eintracht Frankfurt:1. FC Köln,de.1,1968-69,Eintracht Frankfurt,1. FC Köln,1,2
1969-03-15,1968-69:de.1:221:VfB Stuttgart:Bayern München,de.1,1968-69,VfB Stuttgart,Bayern München,3,0
1969-03-15,1968-69:de.1:222:Alemannia Aachen:1. FC Kaiserslautern,de.1,1968-69,Alemannia Aachen,1. FC Kaiserslautern,1,0
1969-03-15,1968-69:de.1:223:MSV Duisburg:Borussia Dortmund,de.1,1968-69,MSV Duisburg,Borussia Dortmund,2,0
1969-03-15,1968-69:de.1:224:FC Schalke 04:Kickers Offenbach,de.1,1968-69,FC Schalke 04,Kickers Offenbach,3,0
1969-03-15,1968-69:de.1:225:TSV 1860 München:Hannover 96,de.1,1968-69,TSV 1860 München,Hannover 96,2,1
1969-03-21,1968-69:de.1:226:Bor. Mönchengladbach:FC Schalke 04,de.1,1968-69,Bor. Mönchengladbach,FC Schalke 04,3,0
1969-03-22,1968-69:de.1:227:Kickers Offenbach:Hertha BSC,de.1,1968-69,Kickers Offenbach,Hertha BSC,1,0
1969-03-22,1968-69:de.1:228:1. FC Kaiserslautern:TSV 1860 München,de.1,1968-69,1. FC Kaiserslautern,TSV 1860 München,3,1
1969-03-22,1968-69:de.1:229:1. FC Nürnberg:Eintracht Frankfurt,de.1,1968-69,1. FC Nürnberg,Eintracht Frankfurt,1,0
1969-03-22,1968-69:de.1:230:Bayern München:Alemannia Aachen,de.1,1968-69,Bayern München,Alemannia Aachen,1,1
1969-03-22,1968-69:de.1:231:Hannover 96:Hamburger SV,de.1,1968-69,Hannover 96,Hamburger SV,2,2
1969-03-22,1968-69:de.1:232:1. FC Köln:MSV Duisburg,de.1,1968-69,1. FC Köln,MSV Duisburg,1,1
1969-03-22,1968-69:de.1:233:Werder Bremen:VfB Stuttgart,de.1,1968-69,Werder Bremen,VfB Stuttgart,1,0
1969-03-22,1968-69:de.1:234:Borussia Dortmund:Eintracht Braunschweig,de.1,1968-69,Borussia Dortmund,Eintracht Braunschweig,2,1
1969-03-29,1968-69:de.1:235:Bayern München:Werder Bremen,de.1,1968-69,Bayern München,Werder Bremen,6,0
1969-03-29,1968-69:de.1:236:Hamburger SV:1. FC Kaiserslautern,de.1,1968-69,Hamburger SV,1. FC Kaiserslautern,3,1
1969-03-29,1968-69:de.1:237:VfB Stuttgart:Borussia Dortmund,de.1,1968-69,VfB Stuttgart,Borussia Dortmund,2,2
1969-03-29,1968-69:de.1:238:Hertha BSC:Bor. Mönchengladbach,de.1,1968-69,Hertha BSC,Bor. Mönchengladbach,2,1
1969-03-29,1968-69:de.1:239:Alemannia Aachen:TSV 1860 München,de.1,1968-69,Alemannia Aachen,TSV 1860 München,4,0
1969-03-29,1968-69:de.1:240:Eintracht Frankfurt:Kickers Offenbach,de.1,1968-69,Eintracht Frankfurt,Kickers Offenbach,3,2
1969-03-29,1968-69:de.1:241:FC Schalke 04:Hannover 96,de.1,1968-69,FC Schalke 04,Hannover 96,1,1
1969-03-29,1968-69:de.1:242:MSV Duisburg:1. FC Nürnberg,de.1,1968-69,MSV Duisburg,1. FC Nürnberg,1,0
1969-04-03,1968-69:de.1:243:Hertha BSC:Eintracht Braunschweig,de.1,1968-69,Hertha BSC,Eintracht Braunschweig,0,0
1969-04-08,1968-69:de.1:244:Eintracht Braunschweig:Alemannia Aachen,de.1,1968-69,Eintracht Braunschweig,Alemannia Aachen,2,0
1969-04-08,1968-69:de.1:245:Werder Bremen:Hertha BSC,de.1,1968-69,Werder Bremen,Hertha BSC,2,0
1969-04-09,1968-69:de.1:246:Hamburger SV:1. FC Nürnberg,de.1,1968-69,Hamburger SV,1. FC Nürnberg,4,2
1969-04-09,1968-69:de.1:247:1. FC Köln:VfB Stuttgart,de.1,1968-69,1. FC Köln,VfB Stuttgart,5,2
1969-04-09,1968-69:de.1:248:Hannover 96:1. FC Kaiserslautern,de.1,1968-69,Hannover 96,1. FC Kaiserslautern,0,2
1969-04-12,1968-69:de.1:249:Eintracht Braunschweig:Kickers Offenbach,de.1,1968-69,Eintracht Braunschweig,Kickers Offenbach,2,2
1969-04-19,1968-69:de.1:250:Kickers Offenbach:MSV Duisburg,de.1,1968-69,Kickers Offenbach,MSV Duisburg,0,0
1969-04-19,1968-69:de.1:251:1. FC Kaiserslautern:FC Schalke 04,de.1,1968-69,1. FC Kaiserslautern,FC Schalke 04,1,1
1969-04-19,1968-69:de.1:252:Bor. Mönchengladbach:Eintracht Frankfurt,de.1,1968-69,Bor. Mönchengladbach,Eintracht Frankfurt,2,3
1969-04-19,1968-69:de.1:253:1. FC Nürnberg:Eintracht Braunschweig,de.1,1968-69,1. FC Nürnberg,Eintracht Braunschweig,2,0
1969-04-19,1968-69:de.1:254:Borussia Dortmund:Bayern München,de.1,1968-69,Borussia Dortmund,Bayern München,0,1
1969-04-19,1968-69:de.1:255:Werder Bremen:Alemannia Aachen,de.1,1968-69,Werder Bremen,Alemannia Aachen,1,2
1969-04-19,1968-69:de.1:256:TSV 1860 München:Hamburger SV,de.1,1968-69,TSV 1860 München,Hamburger SV,3,3
1969-04-19,1968-69:de.1:257:Hannover 96:Hertha BSC,de.1,1968-69,Hannover 96,Hertha BSC,1,1
1969-04-22,1968-69:de.1:258:Eintracht Braunschweig:Werder Bremen,de.1,1968-69,Eintracht Braunschweig,Werder Bremen,0,3
1969-04-26,1968-69:de.1:259:Werder Bremen:Borussia Dortmund,de.1,1968-69,Werder Bremen,Borussia Dortmund,2,1
1969-04-26,1968-69:de.1:260:Alemannia Aachen:Hamburger SV,de.1,1968-69,Alemannia Aachen,Hamburger SV,2,0
1969-04-26,1968-69:de.1:261:Hertha BSC:1. FC Kaiserslautern,de.1,1968-69,Hertha BSC,1. FC Kaiserslautern,1,0
1969-04-26,1968-69:de.1:262:VfB Stuttgart:1. FC Nürnberg,de.1,1968-69,VfB Stuttgart,1. FC Nürnberg,2,3
1969-04-26,1968-69:de.1:263:FC Schalke 04:TSV 1860 München,de.1,1968-69,FC Schalke 04,TSV 1860 München,2,0
1969-04-26,1968-69:de.1:264:MSV Duisburg:Bor. Mönchengladbach,de.1,1968-69,MSV Duisburg,Bor. Mönchengladbach,1,1
1969-04-26,1968-69:de.1:265:Eintracht Frankfurt:Hannover 96,de.1,1968-69,Eintracht Frankfurt,Hannover 96,0,0
1969-04-26,1968-69:de.1:266:Bayern München:1. FC Köln,de.1,1968-69,Bayern München,1. FC Köln,1,0
1969-04-30,1968-69:de.1:267:1. FC Köln:Hamburger SV,de.1,1968-69,1. FC Köln,Hamburger SV,4,1
1969-05-03,1968-69:de.1:268:Hamburger SV:Bor. Mönchengladbach,de.1,1968-69,Hamburger SV,Bor. Mönchengladbach,2,0
1969-05-03,1968-69:de.1:269:Eintracht Braunschweig:1. FC Köln,de.1,1968-69,Eintracht Braunschweig,1. FC Köln,2,1
1969-05-03,1968-69:de.1:270:Hertha BSC:Borussia Dortmund,de.1,1968-69,Hertha BSC,Borussia Dortmund,0,0
1969-05-16,1968-69:de.1:271:Borussia Dortmund:Alemannia Aachen,de.1,1968-69,Borussia Dortmund,Alemannia Aachen,3,1
1969-05-17,1968-69:de.1:272:TSV 1860 München:Hertha BSC,de.1,1968-69,TSV 1860 München,Hertha BSC,0,1
1969-05-17,1968-69:de.1:273:1. FC Kaiserslautern:Eintracht Frankfurt,de.1,1968-69,1. FC Kaiserslautern,Eintracht Frankfurt,2,2
1969-05-17,1968-69:de.1:274:Hannover 96:MSV Duisburg,de.1,1968-69,Hannover 96,MSV Duisburg,1,1
1969-05-17,1968-69:de.1:275:1. FC Köln:Werder Bremen,de.1,1968-69,1. FC Köln,Werder Bremen,3,3
1969-05-17,1968-69:de.1:276:Bor. Mönchengladbach:Eintracht Braunschweig,de.1,1968-69,Bor. Mönchengladbach,Eintracht Braunschweig,1,1
1969-05-17,1968-69:de.1:277:Hamburger SV:FC Schalke 04,de.1,1968-69,Hamburger SV,FC Schalke 04,1,3
1969-05-17,1968-69:de.1:278:Kickers Offenbach:VfB Stuttgart,de.1,1968-69,Kickers Offenbach,VfB Stuttgart,2,1
1969-05-17,1968-69:de.1:279:1. FC Nürnberg:Bayern München,de.1,1968-69,1. FC Nürnberg,Bayern München,2,0
1969-05-23,1968-69:de.1:280:Eintracht Braunschweig:Hannover 96,de.1,1968-69,Eintracht Braunschweig,Hannover 96,3,3
1969-05-23,1968-69:de.1:281:Werder Bremen:1. FC Nürnberg,de.1,1968-69,Werder Bremen,1. FC Nürnberg,3,3
1969-05-23,1968-69:de.1:282:Eintracht Frankfurt:TSV 1860 München,de.1,1968-69,Eintracht Frankfurt,TSV 1860 München,3,0
1969-05-24,1968-69:de.1:283:Bayern München:Kickers Offenbach,de.1,1968-69,Bayern München,Kickers Offenbach,5,1
1969-05-24,1968-69:de.1:284:Hertha BSC:Hamburger SV,de.1,1968-69,Hertha BSC,Hamburger SV,3,2
1969-05-24,1968-69:de.1:285:FC Schalke 04:Alemannia Aachen,de.1,1968-69,FC Schalke 04,Alemannia Aachen,3,1
1969-05-24,1968-69:de.1:286:1. FC Köln:Borussia Dortmund,de.1,1968-69,1. FC Köln,Borussia Dortmund,2,1
1969-05-24,1968-69:de.1:287:VfB Stuttgart:Bor. Mönchengladbach,de.1,1968-69,VfB Stuttgart,Bor. Mönchengladbach,0,3
1969-05-24,1968-69:de.1:288:MSV Duisburg:1. FC Kaiserslautern,de.1,1968-69,MSV Duisburg,1. FC Kaiserslautern,0,0
1969-05-30,1968-69:de.1:289:1. FC Kaiserslautern:Eintracht Braunschweig,de.1,1968-69,1. FC Kaiserslautern,Eintracht Braunschweig,4,0
1969-05-31,1968-69:de.1:290:Kickers Offenbach:Werder Bremen,de.1,1968-69,Kickers Offenbach,Werder Bremen,0,3
1969-05-31,1968-69:de.1:291:Hannover 96:VfB Stuttgart,de.1,1968-69,Hannover 96,VfB Stuttgart,1,0
1969-05-31,1968-69:de.1:292:Alemannia Aachen:1. FC Köln,de.1,1968-69,Alemannia Aachen,1. FC Köln,2,1
1969-05-31,1968-69:de.1:293:Bor. Mönchengladbach:Bayern München,de.1,1968-69,Bor. Mönchengladbach,Bayern München,1,1
1969-05-31,1968-69:de.1:294:1. FC Nürnberg:Borussia Dortmund,de.1,1968-69,1. FC Nürnberg,Borussia Dortmund,2,2
1969-05-31,1968-69:de.1:295:Hamburger SV:Eintracht Frankfurt,de.1,1968-69,Hamburger SV,Eintracht Frankfurt,1,4
1969-05-31,1968-69:de.1:296:TSV 1860 München:MSV Duisburg,de.1,1968-69,TSV 1860 München,MSV Duisburg,2,1
1969-05-31,1968-69:de.1:297:FC Schalke 04:Hertha BSC,de.1,1968-69,FC Schalke 04,Hertha BSC,2,0
1969-06-07,1968-69:de.1:298:Werder Bremen:Bor. Mönchengladbach,de.1,1968-69,Werder Bremen,Bor. Mönchengladbach,6,5
1969-06-07,1968-69:de.1:299:1. FC Köln:1. FC Nürnberg,de.1,1968-69,1. FC Köln,1. FC Nürnberg,3,0
1969-06-07,1968-69:de.1:300:Hertha BSC:Alemannia Aachen,de.1,1968-69,Hertha BSC,Alemannia Aachen,0,1
1969-06-07,1968-69:de.1:301:MSV Duisburg:Hamburger SV,de.1,1968-69,MSV Duisburg,Hamburger SV,0,0
1969-06-07,1968-69:de.1:302:Eintracht Frankfurt:FC Schalke 04,de.1,1968-69,Eintracht Frankfurt,FC Schalke 04,1,0
1969-06-07,1968-69:de.1:303:Eintracht Braunschweig:TSV 1860 München,de.1,1968-69,Eintracht Braunschweig,TSV 1860 München,2,1
1969-06-07,1968-69:de.1:304:Bayern München:Hannover 96,de.1,1968-69,Bayern München,Hannover 96,2,1
1969-06-07,1968-69:de.1:305:VfB Stuttgart:1. FC Kaiserslautern,de.1,1968-69,VfB Stuttgart,1. FC Kaiserslautern,4,3
1969-06-07,1968-69:de.1:306:Borussia Dortmund:Kickers Offenbach,de.1,1968-69,Borussia Dortmund,Kickers Offenbach,3,0
1969-08-16,1969-70:de.1:1:Alemannia Aachen:TSV 1860 München,de.1,1969-70,Alemannia Aachen,TSV 1860 München,0,0
1969-08-16,1969-70:de.1:2:FC Schalke 04:Bor. Mönchengladbach,de.1,1969-70,FC Schalke 04,Bor. Mönchengladbach,2,0
1969-08-16,1969-70:de.1:3:Hertha BSC:MSV Duisburg,de.1,1969-70,Hertha BSC,MSV Duisburg,1,0
1969-08-16,1969-70:de.1:4:Rot-Weiß Oberhausen:Eintracht Frankfurt,de.1,1969-70,Rot-Weiß Oberhausen,Eintracht Frankfurt,3,1
1969-08-16,1969-70:de.1:5:VfB Stuttgart:Werder Bremen,de.1,1969-70,VfB Stuttgart,Werder Bremen,1,1
1969-08-16,1969-70:de.1:6:Hamburger SV:1. FC Kaiserslautern,de.1,1969-70,Hamburger SV,1. FC Kaiserslautern,2,1
1969-08-16,1969-70:de.1:7:1. FC Köln:Eintracht Braunschweig,de.1,1969-70,1. FC Köln,Eintracht Braunschweig,3,2
1969-08-16,1969-70:de.1:8:Hannover 96:Borussia Dortmund,de.1,1969-70,Hannover 96,Borussia Dortmund,4,2
1969-08-16,1969-70:de.1:9:Bayern München:Rot-Weiss Essen,de.1,1969-70,Bayern München,Rot-Weiss Essen,4,0
1969-08-22,1969-70:de.1:10:Eintracht Frankfurt:FC Schalke 04,de.1,1969-70,Eintracht Frankfurt,FC Schalke 04,2,1
1969-08-23,1969-70:de.1:11:1. FC Kaiserslautern:Rot-Weiß Oberhausen,de.1,1969-70,1. FC Kaiserslautern,Rot-Weiß Oberhausen,0,0
1969-08-23,1969-70:de.1:12:TSV 1860 München:Hertha BSC,de.1,1969-70,TSV 1860 München,Hertha BSC,2,0
1969-08-23,1969-70:de.1:13:Bor. Mönchengladbach:Bayern München,de.1,1969-70,Bor. Mönchengladbach,Bayern München,2,1
1969-08-23,1969-70:de.1:14:Werder Bremen:1. FC Köln,de.1,1969-70,Werder Bremen,1. FC Köln,2,1
1969-08-23,1969-70:de.1:15:MSV Duisburg:VfB Stuttgart,de.1,1969-70,MSV Duisburg,VfB Stuttgart,1,1
1969-08-23,1969-70:de.1:16:Eintracht Braunschweig:Hannover 96,de.1,1969-70,Eintracht Braunschweig,Hannover 96,1,1
1969-08-23,1969-70:de.1:17:Borussia Dortmund:Hamburger SV,de.1,1969-70,Borussia Dortmund,Hamburger SV,2,1
1969-08-23,1969-70:de.1:18:Rot-Weiss Essen:Alemannia Aachen,de.1,1969-70,Rot-Weiss Essen,Alemannia Aachen,2,0
1969-08-27,1969-70:de.1:19:Bayern München:Eintracht Frankfurt,de.1,1969-70,Bayern München,Eintracht Frankfurt,2,1
1969-08-29,1969-70:de.1:20:1. FC Köln:MSV Duisburg,de.1,1969-70,1. FC Köln,MSV Duisburg,6,2
1969-08-30,1969-70:de.1:21:Hertha BSC:Alemannia Aachen,de.1,1969-70,Hertha BSC,Alemannia Aachen,2,1
1969-08-30,1969-70:de.1:22:Rot-Weiß Oberhausen:Borussia Dortmund,de.1,1969-70,Rot-Weiß Oberhausen,Borussia Dortmund,2,1
1969-08-30,1969-70:de.1:23:Hannover 96:Werder Bremen,de.1,1969-70,Hannover 96,Werder Bremen,3,2
1969-08-30,1969-70:de.1:24:Hamburger SV:Eintracht Braunschweig,de.1,1969-70,Hamburger SV,Eintracht Braunschweig,3,3
1969-08-30,1969-70:de.1:25:Bor. Mönchengladbach:Rot-Weiss Essen,de.1,1969-70,Bor. Mönchengladbach,Rot-Weiss Essen,2,1
1969-08-30,1969-70:de.1:26:FC Schalke 04:1. FC Kaiserslautern,de.1,1969-70,FC Schalke 04,1. FC Kaiserslautern,4,2
1969-08-30,1969-70:de.1:27:VfB Stuttgart:TSV 1860 München,de.1,1969-70,VfB Stuttgart,TSV 1860 München,3,1
1969-09-05,1969-70:de.1:28:Eintracht Frankfurt:Bor. Mönchengladbach,de.1,1969-70,Eintracht Frankfurt,Bor. Mönchengladbach,1,2
1969-09-05,1969-70:de.1:29:MSV Duisburg:Hannover 96,de.1,1969-70,MSV Duisburg,Hannover 96,1,0
1969-09-06,1969-70:de.1:30:1. FC Kaiserslautern:Bayern München,de.1,1969-70,1. FC Kaiserslautern,Bayern München,0,0
1969-09-06,1969-70:de.1:31:TSV 1860 München:1. FC Köln,de.1,1969-70,TSV 1860 München,1. FC Köln,1,0
1969-09-06,1969-70:de.1:32:Rot-Weiss Essen:Hertha BSC,de.1,1969-70,Rot-Weiss Essen,Hertha BSC,5,2
1969-09-06,1969-70:de.1:33:Eintracht Braunschweig:Rot-Weiß Oberhausen,de.1,1969-70,Eintracht Braunschweig,Rot-Weiß Oberhausen,0,4
1969-09-06,1969-70:de.1:34:Werder Bremen:Hamburger SV,de.1,1969-70,Werder Bremen,Hamburger SV,1,1
1969-09-06,1969-70:de.1:35:Alemannia Aachen:VfB Stuttgart,de.1,1969-70,Alemannia Aachen,VfB Stuttgart,4,2
1969-09-06,1969-70:de.1:36:Borussia Dortmund:FC Schalke 04,de.1,1969-70,Borussia Dortmund,FC Schalke 04,1,1
1969-09-12,1969-70:de.1:37:Eintracht Frankfurt:Rot-Weiss Essen,de.1,1969-70,Eintracht Frankfurt,Rot-Weiss Essen,2,1
1969-09-12,1969-70:de.1:38:Bor. Mönchengladbach:1. FC Kaiserslautern,de.1,1969-70,Bor. Mönchengladbach,1. FC Kaiserslautern,1,1
1969-09-12,1969-70:de.1:39:Bayern München:Borussia Dortmund,de.1,1969-70,Bayern München,Borussia Dortmund,3,0
1969-09-13,1969-70:de.1:40:Hamburger SV:MSV Duisburg,de.1,1969-70,Hamburger SV,MSV Duisburg,4,1
1969-09-13,1969-70:de.1:41:Rot-Weiß Oberhausen:Werder Bremen,de.1,1969-70,Rot-Weiß Oberhausen,Werder Bremen,3,1
1969-09-13,1969-70:de.1:42:FC Schalke 04:Eintracht Braunschweig,de.1,1969-70,FC Schalke 04,Eintracht Braunschweig,1,1
1969-09-13,1969-70:de.1:43:1. FC Köln:Alemannia Aachen,de.1,1969-70,1. FC Köln,Alemannia Aachen,3,0
1969-09-13,1969-70:de.1:44:Hannover 96:TSV 1860 München,de.1,1969-70,Hannover 96,TSV 1860 München,3,1
1969-09-13,1969-70:de.1:45:VfB Stuttgart:Hertha BSC,de.1,1969-70,VfB Stuttgart,Hertha BSC,1,4
1969-09-26,1969-70:de.1:46:Hertha BSC:1. FC Köln,de.1,1969-70,Hertha BSC,1. FC Köln,1,0
1969-09-26,1969-70:de.1:47:MSV Duisburg:Rot-Weiß Oberhausen,de.1,1969-70,MSV Duisburg,Rot-Weiß Oberhausen,2,1
1969-09-27,1969-70:de.1:48:TSV 1860 München:Hamburger SV,de.1,1969-70,TSV 1860 München,Hamburger SV,0,2
1969-09-27,1969-70:de.1:49:Eintracht Braunschweig:Bayern München,de.1,1969-70,Eintracht Braunschweig,Bayern München,0,4
1969-09-27,1969-70:de.1:50:Werder Bremen:FC Schalke 04,de.1,1969-70,Werder Bremen,FC Schalke 04,0,1
1969-09-27,1969-70:de.1:51:Rot-Weiss Essen:VfB Stuttgart,de.1,1969-70,Rot-Weiss Essen,VfB Stuttgart,3,3
1969-09-27,1969-70:de.1:52:1. FC Kaiserslautern:Eintracht Frankfurt,de.1,1969-70,1. FC Kaiserslautern,Eintracht Frankfurt,2,0
1969-09-27,1969-70:de.1:53:Borussia Dortmund:Bor. Mönchengladbach,de.1,1969-70,Borussia Dortmund,Bor. Mönchengladbach,2,1
1969-09-27,1969-70:de.1:54:Alemannia Aachen:Hannover 96,de.1,1969-70,Alemannia Aachen,Hannover 96,1,1
1969-10-03,1969-70:de.1:55:Eintracht Frankfurt:Borussia Dortmund,de.1,1969-70,Eintracht Frankfurt,Borussia Dortmund,2,0
1969-10-04,1969-70:de.1:56:Hamburger SV:Alemannia Aachen,de.1,1969-70,Hamburger SV,Alemannia Aachen,4,1
1969-10-04,1969-70:de.1:57:Hannover 96:Hertha BSC,de.1,1969-70,Hannover 96,Hertha BSC,2,1
1969-10-04,1969-70:de.1:58:Bor. Mönchengladbach:Eintracht Braunschweig,de.1,1969-70,Bor. Mönchengladbach,Eintracht Braunschweig,1,0
1969-10-04,1969-70:de.1:59:1. FC Köln:VfB Stuttgart,de.1,1969-70,1. FC Köln,VfB Stuttgart,3,1
1969-10-04,1969-70:de.1:60:1. FC Kaiserslautern:Rot-Weiss Essen,de.1,1969-70,1. FC Kaiserslautern,Rot-Weiss Essen,0,0
1969-10-04,1969-70:de.1:61:Bayern München:Werder Bremen,de.1,1969-70,Bayern München,Werder Bremen,4,1
1969-10-04,1969-70:de.1:62:Rot-Weiß Oberhausen:TSV 1860 München,de.1,1969-70,Rot-Weiß Oberhausen,TSV 1860 München,3,0
1969-10-04,1969-70:de.1:63:FC Schalke 04:MSV Duisburg,de.1,1969-70,FC Schalke 04,MSV Duisburg,0,0
1969-10-10,1969-70:de.1:64:MSV Duisburg:Bayern München,de.1,1969-70,MSV Duisburg,Bayern München,4,2
1969-10-10,1969-70:de.1:65:TSV 1860 München:FC Schalke 04,de.1,1969-70,TSV 1860 München,FC Schalke 04,0,2
1969-10-11,1969-70:de.1:66:Borussia Dortmund:1. FC Kaiserslautern,de.1,1969-70,Borussia Dortmund,1. FC Kaiserslautern,5,1
1969-10-11,1969-70:de.1:67:Alemannia Aachen:Rot-Weiß Oberhausen,de.1,1969-70,Alemannia Aachen,Rot-Weiß Oberhausen,2,0
1969-10-11,1969-70:de.1:68:Werder Bremen:Bor. Mönchengladbach,de.1,1969-70,Werder Bremen,Bor. Mönchengladbach,0,0
1969-10-11,1969-70:de.1:69:Hertha BSC:Hamburger SV,de.1,1969-70,Hertha BSC,Hamburger SV,1,0
1969-10-11,1969-70:de.1:70:Eintracht Braunschweig:Eintracht Frankfurt,de.1,1969-70,Eintracht Braunschweig,Eintracht Frankfurt,3,1
1969-10-11,1969-70:de.1:71:VfB Stuttgart:Hannover 96,de.1,1969-70,VfB Stuttgart,Hannover 96,2,1
1969-10-11,1969-70:de.1:72:Rot-Weiss Essen:1. FC Köln,de.1,1969-70,Rot-Weiss Essen,1. FC Köln,0,0
1969-10-15,1969-70:de.1:73:Bor. Mönchengladbach:MSV Duisburg,de.1,1969-70,Bor. Mönchengladbach,MSV Duisburg,4,1
1969-10-15,1969-70:de.1:74:Eintracht Frankfurt:Werder Bremen,de.1,1969-70,Eintracht Frankfurt,Werder Bremen,2,1
1969-10-15,1969-70:de.1:75:Hamburger SV:VfB Stuttgart,de.1,1969-70,Hamburger SV,VfB Stuttgart,1,3
1969-10-15,1969-70:de.1:76:1. FC Kaiserslautern:Eintracht Braunschweig,de.1,1969-70,1. FC Kaiserslautern,Eintracht Braunschweig,2,0
1969-10-15,1969-70:de.1:77:Rot-Weiß Oberhausen:Hertha BSC,de.1,1969-70,Rot-Weiß Oberhausen,Hertha BSC,3,1
1969-10-15,1969-70:de.1:78:Borussia Dortmund:Rot-Weiss Essen,de.1,1969-70,Borussia Dortmund,Rot-Weiss Essen,4,1
1969-10-15,1969-70:de.1:79:FC Schalke 04:Alemannia Aachen,de.1,1969-70,FC Schalke 04,Alemannia Aachen,3,0
1969-10-15,1969-70:de.1:80:Hannover 96:1. FC Köln,de.1,1969-70,Hannover 96,1. FC Köln,3,4
1969-10-18,1969-70:de.1:81:Bayern München:TSV 1860 München,de.1,1969-70,Bayern München,TSV 1860 München,2,0
1969-10-24,1969-70:de.1:82:MSV Duisburg:Eintracht Frankfurt,de.1,1969-70,MSV Duisburg,Eintracht Frankfurt,1,1
1969-10-25,1969-70:de.1:83:VfB Stuttgart:Rot-Weiß Oberhausen,de.1,1969-70,VfB Stuttgart,Rot-Weiß Oberhausen,4,2
1969-10-25,1969-70:de.1:84:Werder Bremen:1. FC Kaiserslautern,de.1,1969-70,Werder Bremen,1. FC Kaiserslautern,3,2
1969-10-25,1969-70:de.1:85:1. FC Köln:Hamburger SV,de.1,1969-70,1. FC Köln,Hamburger SV,3,0
1969-10-25,1969-70:de.1:86:Eintracht Braunschweig:Borussia Dortmund,de.1,1969-70,Eintracht Braunschweig,Borussia Dortmund,1,1
1969-10-25,1969-70:de.1:87:Rot-Weiss Essen:Hannover 96,de.1,1969-70,Rot-Weiss Essen,Hannover 96,1,0
1969-10-25,1969-70:de.1:88:Hertha BSC:FC Schalke 04,de.1,1969-70,Hertha BSC,FC Schalke 04,3,0
1969-10-25,1969-70:de.1:89:TSV 1860 München:Bor. Mönchengladbach,de.1,1969-70,TSV 1860 München,Bor. Mönchengladbach,0,3
1969-10-25,1969-70:de.1:90:Alemannia Aachen:Bayern München,de.1,1969-70,Alemannia Aachen,Bayern München,1,3
1969-10-30,1969-70:de.1:91:Bayern München:Hertha BSC,de.1,1969-70,Bayern München,Hertha BSC,1,2
1969-10-31,1969-70:de.1:92:Borussia Dortmund:Werder Bremen,de.1,1969-70,Borussia Dortmund,Werder Bremen,2,1
1969-10-31,1969-70:de.1:93:FC Schalke 04:VfB Stuttgart,de.1,1969-70,FC Schalke 04,VfB Stuttgart,1,2
1969-10-31,1969-70:de.1:94:Bor. Mönchengladbach:Alemannia Aachen,de.1,1969-70,Bor. Mönchengladbach,Alemannia Aachen,5,1
1969-11-01,1969-70:de.1:95:Eintracht Frankfurt:TSV 1860 München,de.1,1969-70,Eintracht Frankfurt,TSV 1860 München,4,3
1969-11-01,1969-70:de.1:96:Hamburger SV:Hannover 96,de.1,1969-70,Hamburger SV,Hannover 96,2,0
1969-11-01,1969-70:de.1:97:Eintracht Braunschweig:Rot-Weiss Essen,de.1,1969-70,Eintracht Braunschweig,Rot-Weiss Essen,0,0
1969-11-01,1969-70:de.1:98:1. FC Kaiserslautern:MSV Duisburg,de.1,1969-70,1. FC Kaiserslautern,MSV Duisburg,0,2
1969-11-02,1969-70:de.1:99:Rot-Weiß Oberhausen:1. FC Köln,de.1,1969-70,Rot-Weiß Oberhausen,1. FC Köln,0,2
1969-11-07,1969-70:de.1:100:MSV Duisburg:Borussia Dortmund,de.1,1969-70,MSV Duisburg,Borussia Dortmund,0,1
1969-11-07,1969-70:de.1:101:TSV 1860 München:1. FC Kaiserslautern,de.1,1969-70,TSV 1860 München,1. FC Kaiserslautern,0,1
1969-11-08,1969-70:de.1:102:Hannover 96:Rot-Weiß Oberhausen,de.1,1969-70,Hannover 96,Rot-Weiß Oberhausen,2,1
1969-11-08,1969-70:de.1:103:Werder Bremen:Eintracht Braunschweig,de.1,1969-70,Werder Bremen,Eintracht Braunschweig,0,1
1969-11-08,1969-70:de.1:104:Rot-Weiss Essen:Hamburger SV,de.1,1969-70,Rot-Weiss Essen,Hamburger SV,2,2
1969-11-08,1969-70:de.1:105:1. FC Köln:FC Schalke 04,de.1,1969-70,1. FC Köln,FC Schalke 04,8,0
1969-11-08,1969-70:de.1:106:Alemannia Aachen:Eintracht Frankfurt,de.1,1969-70,Alemannia Aachen,Eintracht Frankfurt,2,1
1969-11-08,1969-70:de.1:107:Hertha BSC:Bor. Mönchengladbach,de.1,1969-70,Hertha BSC,Bor. Mönchengladbach,1,1
1969-11-08,1969-70:de.1:108:VfB Stuttgart:Bayern München,de.1,1969-70,VfB Stuttgart,Bayern München,2,3
1969-11-15,1969-70:de.1:109:Eintracht Braunschweig:MSV Duisburg,de.1,1969-70,Eintracht Braunschweig,MSV Duisburg,2,1
1969-11-15,1969-70:de.1:110:Eintracht Frankfurt:Hertha BSC,de.1,1969-70,Eintracht Frankfurt,Hertha BSC,1,1
1969-11-15,1969-70:de.1:111:Werder Bremen:Rot-Weiss Essen,de.1,1969-70,Werder Bremen,Rot-Weiss Essen,2,1
1969-11-15,1969-70:de.1:112:FC Schalke 04:Hannover 96,de.1,1969-70,FC Schalke 04,Hannover 96,2,0
1969-11-15,1969-70:de.1:113:1. FC Kaiserslautern:Alemannia Aachen,de.1,1969-70,1. FC Kaiserslautern,Alemannia Aachen,3,1
1969-11-15,1969-70:de.1:114:Bor. Mönchengladbach:VfB Stuttgart,de.1,1969-70,Bor. Mönchengladbach,VfB Stuttgart,3,0
1969-11-15,1969-70:de.1:115:Bayern München:1. FC Köln,de.1,1969-70,Bayern München,1. FC Köln,1,2
1969-11-15,1969-70:de.1:116:Borussia Dortmund:TSV 1860 München,de.1,1969-70,Borussia Dortmund,TSV 1860 München,3,1
1969-11-15,1969-70:de.1:117:Rot-Weiß Oberhausen:Hamburger SV,de.1,1969-70,Rot-Weiß Oberhausen,Hamburger SV,1,3
1969-11-28,1969-70:de.1:118:MSV Duisburg:Werder Bremen,de.1,1969-70,MSV Duisburg,Werder Bremen,1,1
1969-11-28,1969-70:de.1:119:Alemannia Aachen:Borussia Dortmund,de.1,1969-70,Alemannia Aachen,Borussia Dortmund,3,1
1969-11-29,1969-70:de.1:120:Rot-Weiss Essen:Rot-Weiß Oberhausen,de.1,1969-70,Rot-Weiss Essen,Rot-Weiß Oberhausen,1,0
1969-11-29,1969-70:de.1:121:Hannover 96:Bayern München,de.1,1969-70,Hannover 96,Bayern München,0,1
1969-11-29,1969-70:de.1:122:TSV 1860 München:Eintracht Braunschweig,de.1,1969-70,TSV 1860 München,Eintracht Braunschweig,1,0
1969-11-29,1969-70:de.1:123:VfB Stuttgart:Eintracht Frankfurt,de.1,1969-70,VfB Stuttgart,Eintracht Frankfurt,4,0
1969-11-29,1969-70:de.1:124:Hamburger SV:FC Schalke 04,de.1,1969-70,Hamburger SV,FC Schalke 04,1,1
1969-11-29,1969-70:de.1:125:Hertha BSC:1. FC Kaiserslautern,de.1,1969-70,Hertha BSC,1. FC Kaiserslautern,3,0
1969-11-29,1969-70:de.1:126:1. FC Köln:Bor. Mönchengladbach,de.1,1969-70,1. FC Köln,Bor. Mönchengladbach,0,1
1969-12-05,1969-70:de.1:127:Eintracht Braunschweig:Alemannia Aachen,de.1,1969-70,Eintracht Braunschweig,Alemannia Aachen,3,0
1969-12-05,1969-70:de.1:128:Bor. Mönchengladbach:Hannover 96,de.1,1969-70,Bor. Mönchengladbach,Hannover 96,5,0
1969-12-05,1969-70:de.1:129:Borussia Dortmund:Hertha BSC,de.1,1969-70,Borussia Dortmund,Hertha BSC,0,0
1969-12-06,1969-70:de.1:130:Rot-Weiss Essen:MSV Duisburg,de.1,1969-70,Rot-Weiss Essen,MSV Duisburg,0,0
1969-12-06,1969-70:de.1:131:Bayern München:Hamburger SV,de.1,1969-70,Bayern München,Hamburger SV,2,1
1969-12-06,1969-70:de.1:132:Eintracht Frankfurt:1. FC Köln,de.1,1969-70,Eintracht Frankfurt,1. FC Köln,0,0
1969-12-06,1969-70:de.1:133:1. FC Kaiserslautern:VfB Stuttgart,de.1,1969-70,1. FC Kaiserslautern,VfB Stuttgart,3,2
1969-12-06,1969-70:de.1:134:Werder Bremen:TSV 1860 München,de.1,1969-70,Werder Bremen,TSV 1860 München,1,1
1969-12-06,1969-70:de.1:135:Rot-Weiß Oberhausen:FC Schalke 04,de.1,1969-70,Rot-Weiß Oberhausen,FC Schalke 04,0,3
1969-12-12,1969-70:de.1:136:Alemannia Aachen:Werder Bremen,de.1,1969-70,Alemannia Aachen,Werder Bremen,0,0
1969-12-12,1969-70:de.1:137:Hertha BSC:Eintracht Braunschweig,de.1,1969-70,Hertha BSC,Eintracht Braunschweig,2,0
1969-12-13,1969-70:de.1:138:Hamburger SV:Bor. Mönchengladbach,de.1,1969-70,Hamburger SV,Bor. Mönchengladbach,1,3
1969-12-13,1969-70:de.1:139:Hannover 96:Eintracht Frankfurt,de.1,1969-70,Hannover 96,Eintracht Frankfurt,1,1
1969-12-13,1969-70:de.1:140:VfB Stuttgart:Borussia Dortmund,de.1,1969-70,VfB Stuttgart,Borussia Dortmund,2,1
1969-12-13,1969-70:de.1:141:FC Schalke 04:Rot-Weiss Essen,de.1,1969-70,FC Schalke 04,Rot-Weiss Essen,5,3
1969-12-13,1969-70:de.1:142:Rot-Weiß Oberhausen:Bayern München,de.1,1969-70,Rot-Weiß Oberhausen,Bayern München,3,3
1969-12-13,1969-70:de.1:143:TSV 1860 München:MSV Duisburg,de.1,1969-70,TSV 1860 München,MSV Duisburg,2,2
1969-12-13,1969-70:de.1:144:1. FC Köln:1. FC Kaiserslautern,de.1,1969-70,1. FC Köln,1. FC Kaiserslautern,6,1
1969-12-19,1969-70:de.1:145:Borussia Dortmund:1. FC Köln,de.1,1969-70,Borussia Dortmund,1. FC Köln,1,0
1969-12-19,1969-70:de.1:146:Bor. Mönchengladbach:Rot-Weiß Oberhausen,de.1,1969-70,Bor. Mönchengladbach,Rot-Weiß Oberhausen,6,1
1969-12-19,1969-70:de.1:147:1. FC Kaiserslautern:Hannover 96,de.1,1969-70,1. FC Kaiserslautern,Hannover 96,5,2
1969-12-20,1969-70:de.1:148:Eintracht Braunschweig:VfB Stuttgart,de.1,1969-70,Eintracht Braunschweig,VfB Stuttgart,1,0
1969-12-20,1969-70:de.1:149:Eintracht Frankfurt:Hamburger SV,de.1,1969-70,Eintracht Frankfurt,Hamburger SV,2,2
1969-12-20,1969-70:de.1:150:Werder Bremen:Hertha BSC,de.1,1969-70,Werder Bremen,Hertha BSC,1,0
1969-12-20,1969-70:de.1:151:Rot-Weiss Essen:TSV 1860 München,de.1,1969-70,Rot-Weiss Essen,TSV 1860 München,3,0
1969-12-20,1969-70:de.1:152:MSV Duisburg:Alemannia Aachen,de.1,1969-70,MSV Duisburg,Alemannia Aachen,2,1
1970-01-17,1969-70:de.1:153:Rot-Weiß Oberhausen:1. FC Kaiserslautern,de.1,1969-70,Rot-Weiß Oberhausen,1. FC Kaiserslautern,0,0
1970-01-17,1969-70:de.1:154:FC Schalke 04:Eintracht Frankfurt,de.1,1969-70,FC Schalke 04,Eintracht Frankfurt,0,0
1970-01-17,1969-70:de.1:155:Alemannia Aachen:Rot-Weiss Essen,de.1,1969-70,Alemannia Aachen,Rot-Weiss Essen,0,0
1970-01-24,1969-70:de.1:156:Alemannia Aachen:Hertha BSC,de.1,1969-70,Alemannia Aachen,Hertha BSC,2,4
1970-01-24,1969-70:de.1:157:TSV 1860 München:VfB Stuttgart,de.1,1969-70,TSV 1860 München,VfB Stuttgart,4,1
1970-01-24,1969-70:de.1:158:Borussia Dortmund:Rot-Weiß Oberhausen,de.1,1969-70,Borussia Dortmund,Rot-Weiß Oberhausen,3,2
1970-01-31,1969-70:de.1:159:1. FC Köln:TSV 1860 München,de.1,1969-70,1. FC Köln,TSV 1860 München,2,1
1970-01-31,1969-70:de.1:160:FC Schalke 04:Borussia Dortmund,de.1,1969-70,FC Schalke 04,Borussia Dortmund,1,1
1970-01-31,1969-70:de.1:161:Rot-Weiß Oberhausen:Eintracht Braunschweig,de.1,1969-70,Rot-Weiß Oberhausen,Eintracht Braunschweig,2,1
1970-01-31,1969-70:de.1:162:Hannover 96:MSV Duisburg,de.1,1969-70,Hannover 96,MSV Duisburg,0,0
1970-01-31,1969-70:de.1:163:VfB Stuttgart:Alemannia Aachen,de.1,1969-70,VfB Stuttgart,Alemannia Aachen,5,0
1970-01-31,1969-70:de.1:164:Bor. Mönchengladbach:Eintracht Frankfurt,de.1,1969-70,Bor. Mönchengladbach,Eintracht Frankfurt,1,2
1970-01-31,1969-70:de.1:165:Bayern München:1. FC Kaiserslautern,de.1,1969-70,Bayern München,1. FC Kaiserslautern,1,1
1970-02-07,1969-70:de.1:166:1. FC Kaiserslautern:Bor. Mönchengladbach,de.1,1969-70,1. FC Kaiserslautern,Bor. Mönchengladbach,1,4
1970-02-07,1969-70:de.1:167:TSV 1860 München:Hannover 96,de.1,1969-70,TSV 1860 München,Hannover 96,3,0
1970-02-07,1969-70:de.1:168:Alemannia Aachen:1. FC Köln,de.1,1969-70,Alemannia Aachen,1. FC Köln,1,3
1970-02-07,1969-70:de.1:169:Borussia Dortmund:Bayern München,de.1,1969-70,Borussia Dortmund,Bayern München,1,3
1970-02-07,1969-70:de.1:170:Rot-Weiss Essen:Eintracht Frankfurt,de.1,1969-70,Rot-Weiss Essen,Eintracht Frankfurt,1,1
1970-02-07,1969-70:de.1:171:MSV Duisburg:Hamburger SV,de.1,1969-70,MSV Duisburg,Hamburger SV,0,0
1970-02-07,1969-70:de.1:172:Werder Bremen:Rot-Weiß Oberhausen,de.1,1969-70,Werder Bremen,Rot-Weiß Oberhausen,1,1
1970-02-14,1969-70:de.1:173:Bayern München:Eintracht Braunschweig,de.1,1969-70,Bayern München,Eintracht Braunschweig,5,1
1970-02-14,1969-70:de.1:174:VfB Stuttgart:Rot-Weiss Essen,de.1,1969-70,VfB Stuttgart,Rot-Weiss Essen,4,1
1970-02-14,1969-70:de.1:175:1. FC Köln:Hertha BSC,de.1,1969-70,1. FC Köln,Hertha BSC,5,1
1970-02-14,1969-70:de.1:176:Eintracht Frankfurt:1. FC Kaiserslautern,de.1,1969-70,Eintracht Frankfurt,1. FC Kaiserslautern,2,1
1970-02-14,1969-70:de.1:177:Hamburger SV:TSV 1860 München,de.1,1969-70,Hamburger SV,TSV 1860 München,0,1
1970-02-14,1969-70:de.1:178:Bor. Mönchengladbach:Borussia Dortmund,de.1,1969-70,Bor. Mönchengladbach,Borussia Dortmund,4,2
1970-02-18,1969-70:de.1:179:Eintracht Braunschweig:FC Schalke 04,de.1,1969-70,Eintracht Braunschweig,FC Schalke 04,3,0
1970-02-21,1969-70:de.1:180:MSV Duisburg:FC Schalke 04,de.1,1969-70,MSV Duisburg,FC Schalke 04,2,0
1970-02-21,1969-70:de.1:181:TSV 1860 München:Rot-Weiß Oberhausen,de.1,1969-70,TSV 1860 München,Rot-Weiß Oberhausen,4,1
1970-02-21,1969-70:de.1:182:VfB Stuttgart:1. FC Köln,de.1,1969-70,VfB Stuttgart,1. FC Köln,0,3
1970-02-25,1969-70:de.1:183:Bayern München:FC Schalke 04,de.1,1969-70,Bayern München,FC Schalke 04,6,0
1970-02-25,1969-70:de.1:184:Hertha BSC:Rot-Weiss Essen,de.1,1969-70,Hertha BSC,Rot-Weiss Essen,4,0
1970-02-28,1969-70:de.1:185:Eintracht Frankfurt:Eintracht Braunschweig,de.1,1969-70,Eintracht Frankfurt,Eintracht Braunschweig,0,0
1970-02-28,1969-70:de.1:186:1. FC Kaiserslautern:Borussia Dortmund,de.1,1969-70,1. FC Kaiserslautern,Borussia Dortmund,2,2
1970-02-28,1969-70:de.1:187:1. FC Köln:Rot-Weiss Essen,de.1,1969-70,1. FC Köln,Rot-Weiss Essen,5,2
1970-02-28,1969-70:de.1:188:Bor. Mönchengladbach:Werder Bremen,de.1,1969-70,Bor. Mönchengladbach,Werder Bremen,1,0
1970-02-28,1969-70:de.1:189:Bayern München:MSV Duisburg,de.1,1969-70,Bayern München,MSV Duisburg,2,0
1970-02-28,1969-70:de.1:190:FC Schalke 04:TSV 1860 München,de.1,1969-70,FC Schalke 04,TSV 1860 München,3,1
1970-02-28,1969-70:de.1:191:Rot-Weiß Oberhausen:Alemannia Aachen,de.1,1969-70,Rot-Weiß Oberhausen,Alemannia Aachen,1,0
1970-02-28,1969-70:de.1:192:Hannover 96:VfB Stuttgart,de.1,1969-70,Hannover 96,VfB Stuttgart,2,0
1970-03-03,1969-70:de.1:193:Eintracht Frankfurt:Bayern München,de.1,1969-70,Eintracht Frankfurt,Bayern München,2,1
1970-03-03,1969-70:de.1:194:Hannover 96:Eintracht Braunschweig,de.1,1969-70,Hannover 96,Eintracht Braunschweig,0,2
1970-03-07,1969-70:de.1:195:VfB Stuttgart:Hamburger SV,de.1,1969-70,VfB Stuttgart,Hamburger SV,1,1
1970-03-07,1969-70:de.1:196:Alemannia Aachen:FC Schalke 04,de.1,1969-70,Alemannia Aachen,FC Schalke 04,1,2
1970-03-07,1969-70:de.1:197:Werder Bremen:Eintracht Frankfurt,de.1,1969-70,Werder Bremen,Eintracht Frankfurt,3,2
1970-03-07,1969-70:de.1:198:1. FC Köln:Hannover 96,de.1,1969-70,1. FC Köln,Hannover 96,5,0
1970-03-07,1969-70:de.1:199:TSV 1860 München:Bayern München,de.1,1969-70,TSV 1860 München,Bayern München,2,1
1970-03-07,1969-70:de.1:200:Eintracht Braunschweig:1. FC Kaiserslautern,de.1,1969-70,Eintracht Braunschweig,1. FC Kaiserslautern,1,0
1970-03-07,1969-70:de.1:201:MSV Duisburg:Bor. Mönchengladbach,de.1,1969-70,MSV Duisburg,Bor. Mönchengladbach,0,1
1970-03-07,1969-70:de.1:202:Rot-Weiss Essen:Borussia Dortmund,de.1,1969-70,Rot-Weiss Essen,Borussia Dortmund,3,3
1970-03-10,1969-70:de.1:203:MSV Duisburg:Hertha BSC,de.1,1969-70,MSV Duisburg,Hertha BSC,1,3
1970-03-10,1969-70:de.1:204:Werder Bremen:VfB Stuttgart,de.1,1969-70,Werder Bremen,VfB Stuttgart,1,1
1970-03-10,1969-70:de.1:205:Rot-Weiss Essen:Bayern München,de.1,1969-70,Rot-Weiss Essen,Bayern München,1,1
1970-03-10,1969-70:de.1:206:Eintracht Braunschweig:1. FC Köln,de.1,1969-70,Eintracht Braunschweig,1. FC Köln,1,2
1970-03-10,1969-70:de.1:207:TSV 1860 München:Alemannia Aachen,de.1,1969-70,TSV 1860 München,Alemannia Aachen,0,0
1970-03-10,1969-70:de.1:208:Borussia Dortmund:Hannover 96,de.1,1969-70,Borussia Dortmund,Hannover 96,2,1
1970-03-11,1969-70:de.1:209:Bor. Mönchengladbach:FC Schalke 04,de.1,1969-70,Bor. Mönchengladbach,FC Schalke 04,2,0
1970-03-14,1969-70:de.1:210:Eintracht Frankfurt:MSV Duisburg,de.1,1969-70,Eintracht Frankfurt,MSV Duisburg,0,1
1970-03-14,1969-70:de.1:211:Rot-Weiß Oberhausen:VfB Stuttgart,de.1,1969-70,Rot-Weiß Oberhausen,VfB Stuttgart,3,0
1970-03-14,1969-70:de.1:212:1. FC Kaiserslautern:Werder Bremen,de.1,1969-70,1. FC Kaiserslautern,Werder Bremen,1,0
1970-03-14,1969-70:de.1:213:Bayern München:Alemannia Aachen,de.1,1969-70,Bayern München,Alemannia Aachen,6,0
1970-03-14,1969-70:de.1:214:Bor. Mönchengladbach:TSV 1860 München,de.1,1969-70,Bor. Mönchengladbach,TSV 1860 München,3,1
1970-03-14,1969-70:de.1:215:Borussia Dortmund:Eintracht Braunschweig,de.1,1969-70,Borussia Dortmund,Eintracht Braunschweig,2,2
1970-03-14,1969-70:de.1:216:Hannover 96:Rot-Weiss Essen,de.1,1969-70,Hannover 96,Rot-Weiss Essen,3,0
1970-03-14,1969-70:de.1:217:Hamburger SV:1. FC Köln,de.1,1969-70,Hamburger SV,1. FC Köln,2,5
1970-03-14,1969-70:de.1:218:FC Schalke 04:Hertha BSC,de.1,1969-70,FC Schalke 04,Hertha BSC,1,3
1970-03-18,1969-70:de.1:219:Hamburger SV:Borussia Dortmund,de.1,1969-70,Hamburger SV,Borussia Dortmund,4,3
1970-03-18,1969-70:de.1:220:Eintracht Frankfurt:Rot-Weiß Oberhausen,de.1,1969-70,Eintracht Frankfurt,Rot-Weiß Oberhausen,5,1
1970-03-18,1969-70:de.1:221:1. FC Köln:Werder Bremen,de.1,1969-70,1. FC Köln,Werder Bremen,3,0
1970-03-18,1969-70:de.1:222:VfB Stuttgart:MSV Duisburg,de.1,1969-70,VfB Stuttgart,MSV Duisburg,4,3
1970-03-21,1969-70:de.1:223:1. FC Köln:Rot-Weiß Oberhausen,de.1,1969-70,1. FC Köln,Rot-Weiß Oberhausen,0,1
1970-03-21,1969-70:de.1:224:VfB Stuttgart:FC Schalke 04,de.1,1969-70,VfB Stuttgart,FC Schalke 04,2,0
1970-03-21,1969-70:de.1:225:Alemannia Aachen:Bor. Mönchengladbach,de.1,1969-70,Alemannia Aachen,Bor. Mönchengladbach,0,3
1970-03-21,1969-70:de.1:226:Werder Bremen:Borussia Dortmund,de.1,1969-70,Werder Bremen,Borussia Dortmund,1,3
1970-03-21,1969-70:de.1:227:Hertha BSC:Bayern München,de.1,1969-70,Hertha BSC,Bayern München,0,4
1970-03-21,1969-70:de.1:228:MSV Duisburg:1. FC Kaiserslautern,de.1,1969-70,MSV Duisburg,1. FC Kaiserslautern,0,0
1970-03-21,1969-70:de.1:229:Hannover 96:Hamburger SV,de.1,1969-70,Hannover 96,Hamburger SV,1,1
1970-03-24,1969-70:de.1:230:Eintracht Braunschweig:Bor. Mönchengladbach,de.1,1969-70,Eintracht Braunschweig,Bor. Mönchengladbach,0,1
1970-03-25,1969-70:de.1:231:Hertha BSC:TSV 1860 München,de.1,1969-70,Hertha BSC,TSV 1860 München,4,2
1970-03-25,1969-70:de.1:232:FC Schalke 04:Werder Bremen,de.1,1969-70,FC Schalke 04,Werder Bremen,0,0
1970-03-28,1969-70:de.1:233:Borussia Dortmund:MSV Duisburg,de.1,1969-70,Borussia Dortmund,MSV Duisburg,3,1
1970-03-28,1969-70:de.1:234:FC Schalke 04:1. FC Köln,de.1,1969-70,FC Schalke 04,1. FC Köln,1,0
1970-03-28,1969-70:de.1:235:1. FC Kaiserslautern:TSV 1860 München,de.1,1969-70,1. FC Kaiserslautern,TSV 1860 München,3,2
1970-03-28,1969-70:de.1:236:Bayern München:VfB Stuttgart,de.1,1969-70,Bayern München,VfB Stuttgart,1,2
1970-03-28,1969-70:de.1:237:Bor. Mönchengladbach:Hertha BSC,de.1,1969-70,Bor. Mönchengladbach,Hertha BSC,1,1
1970-03-28,1969-70:de.1:238:Eintracht Braunschweig:Werder Bremen,de.1,1969-70,Eintracht Braunschweig,Werder Bremen,1,2
1970-03-28,1969-70:de.1:239:Hamburger SV:Rot-Weiss Essen,de.1,1969-70,Hamburger SV,Rot-Weiss Essen,1,0
1970-03-28,1969-70:de.1:240:Rot-Weiß Oberhausen:Hannover 96,de.1,1969-70,Rot-Weiß Oberhausen,Hannover 96,0,0
1970-03-30,1969-70:de.1:241:Eintracht Frankfurt:Alemannia Aachen,de.1,1969-70,Eintracht Frankfurt,Alemannia Aachen,6,2
1970-04-01,1969-70:de.1:242:1. FC Kaiserslautern:Hamburger SV,de.1,1969-70,1. FC Kaiserslautern,Hamburger SV,1,1
1970-04-01,1969-70:de.1:243:Werder Bremen:Hannover 96,de.1,1969-70,Werder Bremen,Hannover 96,1,0
1970-04-01,1969-70:de.1:244:Hertha BSC:Rot-Weiß Oberhausen,de.1,1969-70,Hertha BSC,Rot-Weiß Oberhausen,1,0
1970-04-04,1969-70:de.1:245:1. FC Köln:Bayern München,de.1,1969-70,1. FC Köln,Bayern München,0,2
1970-04-04,1969-70:de.1:246:Hamburger SV:Rot-Weiß Oberhausen,de.1,1969-70,Hamburger SV,Rot-Weiß Oberhausen,2,1
1970-04-04,1969-70:de.1:247:MSV Duisburg:Eintracht Braunschweig,de.1,1969-70,MSV Duisburg,Eintracht Braunschweig,1,0
1970-04-04,1969-70:de.1:248:Hertha BSC:Eintracht Frankfurt,de.1,1969-70,Hertha BSC,Eintracht Frankfurt,2,0
1970-04-04,1969-70:de.1:249:VfB Stuttgart:Bor. Mönchengladbach,de.1,1969-70,VfB Stuttgart,Bor. Mönchengladbach,0,0
1970-04-04,1969-70:de.1:250:Hannover 96:FC Schalke 04,de.1,1969-70,Hannover 96,FC Schalke 04,3,1
1970-04-07,1969-70:de.1:251:Hertha BSC:Hannover 96,de.1,1969-70,Hertha BSC,Hannover 96,1,1
1970-04-07,1969-70:de.1:252:Alemannia Aachen:Hamburger SV,de.1,1969-70,Alemannia Aachen,Hamburger SV,0,2
1970-04-08,1969-70:de.1:253:TSV 1860 München:Borussia Dortmund,de.1,1969-70,TSV 1860 München,Borussia Dortmund,3,0
1970-04-11,1969-70:de.1:254:1. FC Kaiserslautern:Hertha BSC,de.1,1969-70,1. FC Kaiserslautern,Hertha BSC,1,0
1970-04-11,1969-70:de.1:255:Bor. Mönchengladbach:1. FC Köln,de.1,1969-70,Bor. Mönchengladbach,1. FC Köln,2,0
1970-04-11,1969-70:de.1:256:Eintracht Frankfurt:VfB Stuttgart,de.1,1969-70,Eintracht Frankfurt,VfB Stuttgart,4,0
1970-04-11,1969-70:de.1:257:FC Schalke 04:Hamburger SV,de.1,1969-70,FC Schalke 04,Hamburger SV,1,1
1970-04-11,1969-70:de.1:258:Borussia Dortmund:Alemannia Aachen,de.1,1969-70,Borussia Dortmund,Alemannia Aachen,3,1
1970-04-11,1969-70:de.1:259:Bayern München:Hannover 96,de.1,1969-70,Bayern München,Hannover 96,7,2
1970-04-11,1969-70:de.1:260:Werder Bremen:MSV Duisburg,de.1,1969-70,Werder Bremen,MSV Duisburg,0,0
1970-04-11,1969-70:de.1:261:Eintracht Braunschweig:TSV 1860 München,de.1,1969-70,Eintracht Braunschweig,TSV 1860 München,2,2
1970-04-11,1969-70:de.1:262:Rot-Weiß Oberhausen:Rot-Weiss Essen,de.1,1969-70,Rot-Weiß Oberhausen,Rot-Weiss Essen,1,1
1970-04-14,1969-70:de.1:263:Hamburger SV:Werder Bremen,de.1,1969-70,Hamburger SV,Werder Bremen,2,2
1970-04-14,1969-70:de.1:264:MSV Duisburg:1. FC Köln,de.1,1969-70,MSV Duisburg,1. FC Köln,1,1
1970-04-15,1969-70:de.1:265:Rot-Weiss Essen:Eintracht Braunschweig,de.1,1969-70,Rot-Weiss Essen,Eintracht Braunschweig,1,1
1970-04-15,1969-70:de.1:266:Borussia Dortmund:Eintracht Frankfurt,de.1,1969-70,Borussia Dortmund,Eintracht Frankfurt,2,1
1970-04-15,1969-70:de.1:267:Alemannia Aachen:1. FC Kaiserslautern,de.1,1969-70,Alemannia Aachen,1. FC Kaiserslautern,1,1
1970-04-15,1969-70:de.1:268:Bayern München:Bor. Mönchengladbach,de.1,1969-70,Bayern München,Bor. Mönchengladbach,1,0
1970-04-18,1969-70:de.1:269:TSV 1860 München:Werder Bremen,de.1,1969-70,TSV 1860 München,Werder Bremen,0,1
1970-04-18,1969-70:de.1:270:Hertha BSC:Borussia Dortmund,de.1,1969-70,Hertha BSC,Borussia Dortmund,9,1
1970-04-18,1969-70:de.1:271:Hamburger SV:Bayern München,de.1,1969-70,Hamburger SV,Bayern München,1,3
1970-04-18,1969-70:de.1:272:1. FC Köln:Eintracht Frankfurt,de.1,1969-70,1. FC Köln,Eintracht Frankfurt,1,2
1970-04-18,1969-70:de.1:273:Hannover 96:Bor. Mönchengladbach,de.1,1969-70,Hannover 96,Bor. Mönchengladbach,1,0
1970-04-18,1969-70:de.1:274:MSV Duisburg:Rot-Weiss Essen,de.1,1969-70,MSV Duisburg,Rot-Weiss Essen,0,1
1970-04-18,1969-70:de.1:275:Alemannia Aachen:Eintracht Braunschweig,de.1,1969-70,Alemannia Aachen,Eintracht Braunschweig,1,1
1970-04-18,1969-70:de.1:276:FC Schalke 04:Rot-Weiß Oberhausen,de.1,1969-70,FC Schalke 04,Rot-Weiß Oberhausen,2,2
1970-04-18,1969-70:de.1:277:VfB Stuttgart:1. FC Kaiserslautern,de.1,1969-70,VfB Stuttgart,1. FC Kaiserslautern,2,1
1970-04-21,1969-70:de.1:278:Werder Bremen:Bayern München,de.1,1969-70,Werder Bremen,Bayern München,1,0
1970-04-21,1969-70:de.1:279:TSV 1860 München:Eintracht Frankfurt,de.1,1969-70,TSV 1860 München,Eintracht Frankfurt,1,1
1970-04-21,1969-70:de.1:280:1. FC Kaiserslautern:FC Schalke 04,de.1,1969-70,1. FC Kaiserslautern,FC Schalke 04,1,1
1970-04-21,1969-70:de.1:281:Rot-Weiss Essen:Bor. Mönchengladbach,de.1,1969-70,Rot-Weiss Essen,Bor. Mönchengladbach,1,0
1970-04-21,1969-70:de.1:282:Eintracht Braunschweig:Hamburger SV,de.1,1969-70,Eintracht Braunschweig,Hamburger SV,3,0
1970-04-22,1969-70:de.1:283:Rot-Weiß Oberhausen:MSV Duisburg,de.1,1969-70,Rot-Weiß Oberhausen,MSV Duisburg,2,0
1970-04-22,1969-70:de.1:284:Hannover 96:Alemannia Aachen,de.1,1969-70,Hannover 96,Alemannia Aachen,5,0
1970-04-22,1969-70:de.1:285:Hertha BSC:VfB Stuttgart,de.1,1969-70,Hertha BSC,VfB Stuttgart,3,1
1970-04-24,1969-70:de.1:286:Rot-Weiss Essen:FC Schalke 04,de.1,1969-70,Rot-Weiss Essen,FC Schalke 04,1,1
1970-04-25,1969-70:de.1:287:Hamburger SV:Hertha BSC,de.1,1969-70,Hamburger SV,Hertha BSC,1,0
1970-04-25,1969-70:de.1:288:1. FC Kaiserslautern:1. FC Köln,de.1,1969-70,1. FC Kaiserslautern,1. FC Köln,3,2
1970-04-27,1969-70:de.1:289:Rot-Weiss Essen:Werder Bremen,de.1,1969-70,Rot-Weiss Essen,Werder Bremen,3,2
1970-04-30,1969-70:de.1:290:Rot-Weiss Essen:1. FC Kaiserslautern,de.1,1969-70,Rot-Weiss Essen,1. FC Kaiserslautern,1,1
1970-04-30,1969-70:de.1:291:Werder Bremen:Alemannia Aachen,de.1,1969-70,Werder Bremen,Alemannia Aachen,4,1
1970-04-30,1969-70:de.1:292:Eintracht Braunschweig:Hertha BSC,de.1,1969-70,Eintracht Braunschweig,Hertha BSC,1,2
1970-04-30,1969-70:de.1:293:Bor. Mönchengladbach:Hamburger SV,de.1,1969-70,Bor. Mönchengladbach,Hamburger SV,4,3
1970-04-30,1969-70:de.1:294:Eintracht Frankfurt:Hannover 96,de.1,1969-70,Eintracht Frankfurt,Hannover 96,3,3
1970-04-30,1969-70:de.1:295:MSV Duisburg:TSV 1860 München,de.1,1969-70,MSV Duisburg,TSV 1860 München,2,1
1970-04-30,1969-70:de.1:296:Bayern München:Rot-Weiß Oberhausen,de.1,1969-70,Bayern München,Rot-Weiß Oberhausen,6,2
1970-04-30,1969-70:de.1:297:Borussia Dortmund:VfB Stuttgart,de.1,1969-70,Borussia Dortmund,VfB Stuttgart,0,0
1970-05-03,1969-70:de.1:298:Hannover 96:1. FC Kaiserslautern,de.1,1969-70,Hannover 96,1. FC Kaiserslautern,4,2
1970-05-03,1969-70:de.1:299:1. FC Köln:Borussia Dortmund,de.1,1969-70,1. FC Köln,Borussia Dortmund,5,2
1970-05-03,1969-70:de.1:300:Rot-Weiß Oberhausen:Bor. Mönchengladbach,de.1,1969-70,Rot-Weiß Oberhausen,Bor. Mönchengladbach,3,4
1970-05-03,1969-70:de.1:301:VfB Stuttgart:Eintracht Braunschweig,de.1,1969-70,VfB Stuttgart,Eintracht Braunschweig,3,2
1970-05-03,1969-70:de.1:302:Hamburger SV:Eintracht Frankfurt,de.1,1969-70,Hamburger SV,Eintracht Frankfurt,5,1
1970-05-03,1969-70:de.1:303:Hertha BSC:Werder Bremen,de.1,1969-70,Hertha BSC,Werder Bremen,4,1
1970-05-03,1969-70:de.1:304:Alemannia Aachen:MSV Duisburg,de.1,1969-70,Alemannia Aachen,MSV Duisburg,3,2
1970-05-03,1969-70:de.1:305:TSV 1860 München:Rot-Weiss Essen,de.1,1969-70,TSV 1860 München,Rot-Weiss Essen,0,0
1970-05-03,1969-70:de.1:306:FC Schalke 04:Bayern München,de.1,1969-70,FC Schalke 04,Bayern München,2,2
1970-08-15,1970-71:de.1:1:Rot-Weiss Essen:Hannover 96,de.1,1970-71,Rot-Weiss Essen,Hannover 96,2,0
1970-08-15,1970-71:de.1:2:Werder Bremen:1. FC Köln,de.1,1970-71,Werder Bremen,1. FC Köln,1,1
1970-08-15,1970-71:de.1:3:VfB Stuttgart:Bayern München,de.1,1970-71,VfB Stuttgart,Bayern München,1,1
1970-08-15,1970-71:de.1:4:Hertha BSC:1. FC Kaiserslautern,de.1,1970-71,Hertha BSC,1. FC Kaiserslautern,5,3
1970-08-15,1970-71:de.1:5:Bor. Mönchengladbach:Kickers Offenbach,de.1,1970-71,Bor. Mönchengladbach,Kickers Offenbach,2,0
1970-08-15,1970-71:de.1:6:MSV Duisburg:Rot-Weiß Oberhausen,de.1,1970-71,MSV Duisburg,Rot-Weiß Oberhausen,2,2
1970-08-15,1970-71:de.1:7:Borussia Dortmund:Arminia Bielefeld,de.1,1970-71,Borussia Dortmund,Arminia Bielefeld,3,0
1970-08-15,1970-71:de.1:8:Eintracht Braunschweig:FC Schalke 04,de.1,1970-71,Eintracht Braunschweig,FC Schalke 04,3,3
1970-08-15,1970-71:de.1:9:Eintracht Frankfurt:Hamburger SV,de.1,1970-71,Eintracht Frankfurt,Hamburger SV,0,0
1970-08-22,1970-71:de.1:10:1. FC Köln:Eintracht Braunschweig,de.1,1970-71,1. FC Köln,Eintracht Braunschweig,3,1
1970-08-22,1970-71:de.1:11:FC Schalke 04:MSV Duisburg,de.1,1970-71,FC Schalke 04,MSV Duisburg,1,0
1970-08-22,1970-71:de.1:12:Arminia Bielefeld:Rot-Weiss Essen,de.1,1970-71,Arminia Bielefeld,Rot-Weiss Essen,0,0
1970-08-22,1970-71:de.1:13:Rot-Weiß Oberhausen:VfB Stuttgart,de.1,1970-71,Rot-Weiß Oberhausen,VfB Stuttgart,1,2
1970-08-22,1970-71:de.1:14:1. FC Kaiserslautern:Borussia Dortmund,de.1,1970-71,1. FC Kaiserslautern,Borussia Dortmund,1,0
1970-08-22,1970-71:de.1:15:Hamburger SV:Bor. Mönchengladbach,de.1,1970-71,Hamburger SV,Bor. Mönchengladbach,2,2
1970-08-22,1970-71:de.1:16:Kickers Offenbach:Werder Bremen,de.1,1970-71,Kickers Offenbach,Werder Bremen,2,1
1970-08-22,1970-71:de.1:17:Bayern München:Hertha BSC,de.1,1970-71,Bayern München,Hertha BSC,1,0
1970-08-22,1970-71:de.1:18:Hannover 96:Eintracht Frankfurt,de.1,1970-71,Hannover 96,Eintracht Frankfurt,1,2
1970-08-28,1970-71:de.1:19:Borussia Dortmund:Bayern München,de.1,1970-71,Borussia Dortmund,Bayern München,0,0
1970-08-28,1970-71:de.1:20:Eintracht Frankfurt:Arminia Bielefeld,de.1,1970-71,Eintracht Frankfurt,Arminia Bielefeld,1,1
1970-08-28,1970-71:de.1:21:Eintracht Braunschweig:Werder Bremen,de.1,1970-71,Eintracht Braunschweig,Werder Bremen,1,0
1970-08-28,1970-71:de.1:22:Bor. Mönchengladbach:Hannover 96,de.1,1970-71,Bor. Mönchengladbach,Hannover 96,0,0
1970-08-28,1970-71:de.1:23:Rot-Weiss Essen:1. FC Kaiserslautern,de.1,1970-71,Rot-Weiss Essen,1. FC Kaiserslautern,4,0
1970-08-28,1970-71:de.1:24:VfB Stuttgart:FC Schalke 04,de.1,1970-71,VfB Stuttgart,FC Schalke 04,1,1
1970-08-28,1970-71:de.1:25:Hertha BSC:Rot-Weiß Oberhausen,de.1,1970-71,Hertha BSC,Rot-Weiß Oberhausen,3,1
1970-09-05,1970-71:de.1:26:Bayern München:Rot-Weiss Essen,de.1,1970-71,Bayern München,Rot-Weiss Essen,2,2
1970-09-05,1970-71:de.1:27:Hannover 96:Hamburger SV,de.1,1970-71,Hannover 96,Hamburger SV,0,3
1970-09-05,1970-71:de.1:28:1. FC Köln:VfB Stuttgart,de.1,1970-71,1. FC Köln,VfB Stuttgart,2,1
1970-09-05,1970-71:de.1:29:Rot-Weiß Oberhausen:Borussia Dortmund,de.1,1970-71,Rot-Weiß Oberhausen,Borussia Dortmund,0,1
1970-09-05,1970-71:de.1:30:1. FC Kaiserslautern:Eintracht Frankfurt,de.1,1970-71,1. FC Kaiserslautern,Eintracht Frankfurt,2,0
1970-09-05,1970-71:de.1:31:Arminia Bielefeld:Bor. Mönchengladbach,de.1,1970-71,Arminia Bielefeld,Bor. Mönchengladbach,0,2
1970-09-05,1970-71:de.1:32:Werder Bremen:MSV Duisburg,de.1,1970-71,Werder Bremen,MSV Duisburg,0,2
1970-09-05,1970-71:de.1:33:FC Schalke 04:Hertha BSC,de.1,1970-71,FC Schalke 04,Hertha BSC,0,1
1970-09-05,1970-71:de.1:34:Kickers Offenbach:Eintracht Braunschweig,de.1,1970-71,Kickers Offenbach,Eintracht Braunschweig,0,2
1970-09-11,1970-71:de.1:35:VfB Stuttgart:Werder Bremen,de.1,1970-71,VfB Stuttgart,Werder Bremen,3,0
1970-09-11,1970-71:de.1:36:MSV Duisburg:Eintracht Braunschweig,de.1,1970-71,MSV Duisburg,Eintracht Braunschweig,0,0
1970-09-12,1970-71:de.1:37:Hannover 96:Kickers Offenbach,de.1,1970-71,Hannover 96,Kickers Offenbach,1,1
1970-09-12,1970-71:de.1:38:Eintracht Frankfurt:Bayern München,de.1,1970-71,Eintracht Frankfurt,Bayern München,0,1
1970-09-12,1970-71:de.1:39:Hertha BSC:1. FC Köln,de.1,1970-71,Hertha BSC,1. FC Köln,3,2
1970-09-12,1970-71:de.1:40:Borussia Dortmund:FC Schalke 04,de.1,1970-71,Borussia Dortmund,FC Schalke 04,1,2
1970-09-12,1970-71:de.1:41:Rot-Weiss Essen:Rot-Weiß Oberhausen,de.1,1970-71,Rot-Weiss Essen,Rot-Weiß Oberhausen,3,3
1970-09-12,1970-71:de.1:42:Hamburger SV:Arminia Bielefeld,de.1,1970-71,Hamburger SV,Arminia Bielefeld,3,2
1970-09-12,1970-71:de.1:43:Bor. Mönchengladbach:1. FC Kaiserslautern,de.1,1970-71,Bor. Mönchengladbach,1. FC Kaiserslautern,5,0
1970-09-19,1970-71:de.1:44:Rot-Weiß Oberhausen:Eintracht Frankfurt,de.1,1970-71,Rot-Weiß Oberhausen,Eintracht Frankfurt,0,0
1970-09-19,1970-71:de.1:45:1. FC Kaiserslautern:Hamburger SV,de.1,1970-71,1. FC Kaiserslautern,Hamburger SV,2,0
1970-09-19,1970-71:de.1:46:Kickers Offenbach:MSV Duisburg,de.1,1970-71,Kickers Offenbach,MSV Duisburg,2,0
1970-09-19,1970-71:de.1:47:Arminia Bielefeld:Hannover 96,de.1,1970-71,Arminia Bielefeld,Hannover 96,3,1
1970-09-19,1970-71:de.1:48:1. FC Köln:Borussia Dortmund,de.1,1970-71,1. FC Köln,Borussia Dortmund,2,2
1970-09-19,1970-71:de.1:49:Bayern München:Bor. Mönchengladbach,de.1,1970-71,Bayern München,Bor. Mönchengladbach,2,2
1970-09-19,1970-71:de.1:50:FC Schalke 04:Rot-Weiss Essen,de.1,1970-71,FC Schalke 04,Rot-Weiss Essen,4,1
1970-09-19,1970-71:de.1:51:Eintracht Braunschweig:VfB Stuttgart,de.1,1970-71,Eintracht Braunschweig,VfB Stuttgart,4,0
1970-09-19,1970-71:de.1:52:Werder Bremen:Hertha BSC,de.1,1970-71,Werder Bremen,Hertha BSC,0,0
1970-09-23,1970-71:de.1:53:Hamburger SV:Bayern München,de.1,1970-71,Hamburger SV,Bayern München,1,5
1970-09-23,1970-71:de.1:54:Hertha BSC:Eintracht Braunschweig,de.1,1970-71,Hertha BSC,Eintracht Braunschweig,1,0
1970-09-23,1970-71:de.1:55:Arminia Bielefeld:Kickers Offenbach,de.1,1970-71,Arminia Bielefeld,Kickers Offenbach,2,0
1970-09-23,1970-71:de.1:56:VfB Stuttgart:MSV Duisburg,de.1,1970-71,VfB Stuttgart,MSV Duisburg,1,0
1970-09-23,1970-71:de.1:57:Hannover 96:1. FC Kaiserslautern,de.1,1970-71,Hannover 96,1. FC Kaiserslautern,2,1
1970-09-23,1970-71:de.1:58:Rot-Weiss Essen:1. FC Köln,de.1,1970-71,Rot-Weiss Essen,1. FC Köln,2,0
1970-09-23,1970-71:de.1:59:Eintracht Frankfurt:FC Schalke 04,de.1,1970-71,Eintracht Frankfurt,FC Schalke 04,1,0
1970-09-26,1970-71:de.1:60:1. FC Köln:Eintracht Frankfurt,de.1,1970-71,1. FC Köln,Eintracht Frankfurt,0,0
1970-09-26,1970-71:de.1:61:Eintracht Braunschweig:Borussia Dortmund,de.1,1970-71,Eintracht Braunschweig,Borussia Dortmund,3,0
1970-09-26,1970-71:de.1:62:Bayern München:Hannover 96,de.1,1970-71,Bayern München,Hannover 96,4,1
1970-09-26,1970-71:de.1:63:Rot-Weiß Oberhausen:Hamburger SV,de.1,1970-71,Rot-Weiß Oberhausen,Hamburger SV,8,1
1970-09-26,1970-71:de.1:64:Werder Bremen:Rot-Weiss Essen,de.1,1970-71,Werder Bremen,Rot-Weiss Essen,1,1
1970-09-26,1970-71:de.1:65:FC Schalke 04:Bor. Mönchengladbach,de.1,1970-71,FC Schalke 04,Bor. Mönchengladbach,0,0
1970-09-26,1970-71:de.1:66:MSV Duisburg:Hertha BSC,de.1,1970-71,MSV Duisburg,Hertha BSC,1,0
1970-09-26,1970-71:de.1:67:1. FC Kaiserslautern:Arminia Bielefeld,de.1,1970-71,1. FC Kaiserslautern,Arminia Bielefeld,3,0
1970-09-26,1970-71:de.1:68:Kickers Offenbach:VfB Stuttgart,de.1,1970-71,Kickers Offenbach,VfB Stuttgart,3,3
1970-09-30,1970-71:de.1:69:Bor. Mönchengladbach:Rot-Weiß Oberhausen,de.1,1970-71,Bor. Mönchengladbach,Rot-Weiß Oberhausen,6,0
1970-10-03,1970-71:de.1:70:Hannover 96:Rot-Weiß Oberhausen,de.1,1970-71,Hannover 96,Rot-Weiß Oberhausen,1,2
1970-10-03,1970-71:de.1:71:Bor. Mönchengladbach:1. FC Köln,de.1,1970-71,Bor. Mönchengladbach,1. FC Köln,1,1
1970-10-03,1970-71:de.1:72:Rot-Weiss Essen:Eintracht Braunschweig,de.1,1970-71,Rot-Weiss Essen,Eintracht Braunschweig,0,1
1970-10-03,1970-71:de.1:73:Hertha BSC:VfB Stuttgart,de.1,1970-71,Hertha BSC,VfB Stuttgart,2,0
1970-10-03,1970-71:de.1:74:Arminia Bielefeld:Bayern München,de.1,1970-71,Arminia Bielefeld,Bayern München,1,0
1970-10-03,1970-71:de.1:75:Borussia Dortmund:MSV Duisburg,de.1,1970-71,Borussia Dortmund,MSV Duisburg,5,1
1970-10-03,1970-71:de.1:76:Eintracht Frankfurt:Werder Bremen,de.1,1970-71,Eintracht Frankfurt,Werder Bremen,0,2
1970-10-03,1970-71:de.1:77:Hamburger SV:FC Schalke 04,de.1,1970-71,Hamburger SV,FC Schalke 04,1,2
1970-10-03,1970-71:de.1:78:1. FC Kaiserslautern:Kickers Offenbach,de.1,1970-71,1. FC Kaiserslautern,Kickers Offenbach,4,0
1970-10-06,1970-71:de.1:79:Rot-Weiß Oberhausen:Arminia Bielefeld,de.1,1970-71,Rot-Weiß Oberhausen,Arminia Bielefeld,4,2
1970-10-07,1970-71:de.1:80:MSV Duisburg:Rot-Weiss Essen,de.1,1970-71,MSV Duisburg,Rot-Weiss Essen,1,0
1970-10-07,1970-71:de.1:81:FC Schalke 04:Hannover 96,de.1,1970-71,FC Schalke 04,Hannover 96,3,0
1970-10-07,1970-71:de.1:82:Werder Bremen:Bor. Mönchengladbach,de.1,1970-71,Werder Bremen,Bor. Mönchengladbach,1,1
1970-10-07,1970-71:de.1:83:1. FC Köln:Hamburger SV,de.1,1970-71,1. FC Köln,Hamburger SV,3,0
1970-10-07,1970-71:de.1:84:Eintracht Braunschweig:Eintracht Frankfurt,de.1,1970-71,Eintracht Braunschweig,Eintracht Frankfurt,2,0
1970-10-07,1970-71:de.1:85:Bayern München:1. FC Kaiserslautern,de.1,1970-71,Bayern München,1. FC Kaiserslautern,3,1
1970-10-07,1970-71:de.1:86:Kickers Offenbach:Hertha BSC,de.1,1970-71,Kickers Offenbach,Hertha BSC,1,0
1970-10-07,1970-71:de.1:87:VfB Stuttgart:Borussia Dortmund,de.1,1970-71,VfB Stuttgart,Borussia Dortmund,6,1
1970-10-10,1970-71:de.1:88:Arminia Bielefeld:FC Schalke 04,de.1,1970-71,Arminia Bielefeld,FC Schalke 04,0,3
1970-10-10,1970-71:de.1:89:Borussia Dortmund:Hertha BSC,de.1,1970-71,Borussia Dortmund,Hertha BSC,3,1
1970-10-10,1970-71:de.1:90:Bayern München:Kickers Offenbach,de.1,1970-71,Bayern München,Kickers Offenbach,0,0
1970-10-10,1970-71:de.1:91:Hamburger SV:Werder Bremen,de.1,1970-71,Hamburger SV,Werder Bremen,1,1
1970-10-10,1970-71:de.1:92:1. FC Kaiserslautern:Rot-Weiß Oberhausen,de.1,1970-71,1. FC Kaiserslautern,Rot-Weiß Oberhausen,4,1
1970-10-10,1970-71:de.1:93:Rot-Weiss Essen:VfB Stuttgart,de.1,1970-71,Rot-Weiss Essen,VfB Stuttgart,1,1
1970-10-10,1970-71:de.1:94:Eintracht Frankfurt:MSV Duisburg,de.1,1970-71,Eintracht Frankfurt,MSV Duisburg,0,0
1970-10-10,1970-71:de.1:95:Hannover 96:1. FC Köln,de.1,1970-71,Hannover 96,1. FC Köln,2,0
1970-10-10,1970-71:de.1:96:Bor. Mönchengladbach:Eintracht Braunschweig,de.1,1970-71,Bor. Mönchengladbach,Eintracht Braunschweig,3,1
1970-10-24,1970-71:de.1:100:1. FC Köln:Arminia Bielefeld,de.1,1970-71,1. FC Köln,Arminia Bielefeld,2,0
1970-10-24,1970-71:de.1:101:FC Schalke 04:1. FC Kaiserslautern,de.1,1970-71,FC Schalke 04,1. FC Kaiserslautern,2,0
1970-10-24,1970-71:de.1:102:Kickers Offenbach:Borussia Dortmund,de.1,1970-71,Kickers Offenbach,Borussia Dortmund,3,0
1970-10-24,1970-71:de.1:103:Rot-Weiß Oberhausen:Bayern München,de.1,1970-71,Rot-Weiß Oberhausen,Bayern München,0,4
1970-10-24,1970-71:de.1:104:MSV Duisburg:Bor. Mönchengladbach,de.1,1970-71,MSV Duisburg,Bor. Mönchengladbach,1,1
1970-10-24,1970-71:de.1:105:Eintracht Braunschweig:Hamburger SV,de.1,1970-71,Eintracht Braunschweig,Hamburger SV,4,1
1970-10-24,1970-71:de.1:97:Hertha BSC:Rot-Weiss Essen,de.1,1970-71,Hertha BSC,Rot-Weiss Essen,1,1
1970-10-24,1970-71:de.1:98:VfB Stuttgart:Eintracht Frankfurt,de.1,1970-71,VfB Stuttgart,Eintracht Frankfurt,2,1
1970-10-24,1970-71:de.1:99:Werder Bremen:Hannover 96,de.1,1970-71,Werder Bremen,Hannover 96,0,0
1970-10-27,1970-71:de.1:106:Borussia Dortmund:Werder Bremen,de.1,1970-71,Borussia Dortmund,Werder Bremen,0,1
1970-10-28,1970-71:de.1:107:Hamburger SV:Kickers Offenbach,de.1,1970-71,Hamburger SV,Kickers Offenbach,3,2
1970-10-28,1970-71:de.1:108:MSV Duisburg:1. FC Köln,de.1,1970-71,MSV Duisburg,1. FC Köln,0,0
1970-10-29,1970-71:de.1:109:Bayern München:FC Schalke 04,de.1,1970-71,Bayern München,FC Schalke 04,3,0
1970-10-31,1970-71:de.1:110:Bor. Mönchengladbach:VfB Stuttgart,de.1,1970-71,Bor. Mönchengladbach,VfB Stuttgart,4,1
1970-10-31,1970-71:de.1:111:Rot-Weiss Essen:Borussia Dortmund,de.1,1970-71,Rot-Weiss Essen,Borussia Dortmund,0,1
1970-10-31,1970-71:de.1:112:Rot-Weiß Oberhausen:Kickers Offenbach,de.1,1970-71,Rot-Weiß Oberhausen,Kickers Offenbach,2,2
1970-10-31,1970-71:de.1:113:Eintracht Frankfurt:Hertha BSC,de.1,1970-71,Eintracht Frankfurt,Hertha BSC,1,3
1970-10-31,1970-71:de.1:114:Arminia Bielefeld:Werder Bremen,de.1,1970-71,Arminia Bielefeld,Werder Bremen,3,0
1970-10-31,1970-71:de.1:115:Hamburger SV:MSV Duisburg,de.1,1970-71,Hamburger SV,MSV Duisburg,2,0
1970-10-31,1970-71:de.1:116:Hannover 96:Eintracht Braunschweig,de.1,1970-71,Hannover 96,Eintracht Braunschweig,1,0
1970-10-31,1970-71:de.1:117:1. FC Kaiserslautern:1. FC Köln,de.1,1970-71,1. FC Kaiserslautern,1. FC Köln,0,0
1970-11-06,1970-71:de.1:118:MSV Duisburg:Hannover 96,de.1,1970-71,MSV Duisburg,Hannover 96,3,2
1970-11-07,1970-71:de.1:119:Hertha BSC:Bor. Mönchengladbach,de.1,1970-71,Hertha BSC,Bor. Mönchengladbach,4,2
1970-11-07,1970-71:de.1:120:FC Schalke 04:Rot-Weiß Oberhausen,de.1,1970-71,FC Schalke 04,Rot-Weiß Oberhausen,2,0
1970-11-07,1970-71:de.1:121:Kickers Offenbach:Rot-Weiss Essen,de.1,1970-71,Kickers Offenbach,Rot-Weiss Essen,1,2
1970-11-07,1970-71:de.1:122:Werder Bremen:1. FC Kaiserslautern,de.1,1970-71,Werder Bremen,1. FC Kaiserslautern,1,1
1970-11-07,1970-71:de.1:123:VfB Stuttgart:Hamburger SV,de.1,1970-71,VfB Stuttgart,Hamburger SV,3,3
1970-11-07,1970-71:de.1:124:Eintracht Braunschweig:Arminia Bielefeld,de.1,1970-71,Eintracht Braunschweig,Arminia Bielefeld,3,2
1970-11-07,1970-71:de.1:125:1. FC Köln:Bayern München,de.1,1970-71,1. FC Köln,Bayern München,0,3
1970-11-07,1970-71:de.1:126:Borussia Dortmund:Eintracht Frankfurt,de.1,1970-71,Borussia Dortmund,Eintracht Frankfurt,3,0
1970-11-14,1970-71:de.1:127:Bor. Mönchengladbach:Borussia Dortmund,de.1,1970-71,Bor. Mönchengladbach,Borussia Dortmund,3,2
1970-11-14,1970-71:de.1:128:Bayern München:Werder Bremen,de.1,1970-71,Bayern München,Werder Bremen,2,1
1970-11-14,1970-71:de.1:129:Kickers Offenbach:FC Schalke 04,de.1,1970-71,Kickers Offenbach,FC Schalke 04,0,1
1970-11-14,1970-71:de.1:130:Hamburger SV:Hertha BSC,de.1,1970-71,Hamburger SV,Hertha BSC,0,0
1970-11-14,1970-71:de.1:131:1. FC Kaiserslautern:Eintracht Braunschweig,de.1,1970-71,1. FC Kaiserslautern,Eintracht Braunschweig,0,1
1970-11-14,1970-71:de.1:132:Hannover 96:VfB Stuttgart,de.1,1970-71,Hannover 96,VfB Stuttgart,3,0
1970-11-14,1970-71:de.1:133:Arminia Bielefeld:MSV Duisburg,de.1,1970-71,Arminia Bielefeld,MSV Duisburg,0,0
1970-11-14,1970-71:de.1:134:Rot-Weiss Essen:Eintracht Frankfurt,de.1,1970-71,Rot-Weiss Essen,Eintracht Frankfurt,2,0
1970-11-14,1970-71:de.1:135:Rot-Weiß Oberhausen:1. FC Köln,de.1,1970-71,Rot-Weiß Oberhausen,1. FC Köln,2,2
1970-11-28,1970-71:de.1:136:Borussia Dortmund:Hamburger SV,de.1,1970-71,Borussia Dortmund,Hamburger SV,1,1
1970-11-28,1970-71:de.1:137:Werder Bremen:Rot-Weiß Oberhausen,de.1,1970-71,Werder Bremen,Rot-Weiß Oberhausen,2,0
1970-11-28,1970-71:de.1:138:1. FC Köln:FC Schalke 04,de.1,1970-71,1. FC Köln,FC Schalke 04,2,0
1970-11-28,1970-71:de.1:139:Eintracht Braunschweig:Bayern München,de.1,1970-71,Eintracht Braunschweig,Bayern München,1,1
1970-11-28,1970-71:de.1:140:Hertha BSC:Hannover 96,de.1,1970-71,Hertha BSC,Hannover 96,0,0
1970-11-28,1970-71:de.1:141:MSV Duisburg:1. FC Kaiserslautern,de.1,1970-71,MSV Duisburg,1. FC Kaiserslautern,1,1
1970-11-28,1970-71:de.1:142:VfB Stuttgart:Arminia Bielefeld,de.1,1970-71,VfB Stuttgart,Arminia Bielefeld,1,0
1970-11-28,1970-71:de.1:143:Eintracht Frankfurt:Kickers Offenbach,de.1,1970-71,Eintracht Frankfurt,Kickers Offenbach,3,0
1970-11-28,1970-71:de.1:144:Rot-Weiss Essen:Bor. Mönchengladbach,de.1,1970-71,Rot-Weiss Essen,Bor. Mönchengladbach,1,2
1970-12-04,1970-71:de.1:145:Arminia Bielefeld:Hertha BSC,de.1,1970-71,Arminia Bielefeld,Hertha BSC,1,1
1970-12-04,1970-71:de.1:146:Bor. Mönchengladbach:Eintracht Frankfurt,de.1,1970-71,Bor. Mönchengladbach,Eintracht Frankfurt,5,0
1970-12-04,1970-71:de.1:147:Hannover 96:Borussia Dortmund,de.1,1970-71,Hannover 96,Borussia Dortmund,4,1
1970-12-04,1970-71:de.1:148:Bayern München:MSV Duisburg,de.1,1970-71,Bayern München,MSV Duisburg,2,1
1970-12-05,1970-71:de.1:149:FC Schalke 04:Werder Bremen,de.1,1970-71,FC Schalke 04,Werder Bremen,0,0
1970-12-05,1970-71:de.1:150:Hamburger SV:Rot-Weiss Essen,de.1,1970-71,Hamburger SV,Rot-Weiss Essen,2,1
1970-12-05,1970-71:de.1:151:Rot-Weiß Oberhausen:Eintracht Braunschweig,de.1,1970-71,Rot-Weiß Oberhausen,Eintracht Braunschweig,1,0
1970-12-05,1970-71:de.1:152:1. FC Kaiserslautern:VfB Stuttgart,de.1,1970-71,1. FC Kaiserslautern,VfB Stuttgart,0,5
1970-12-05,1970-71:de.1:153:Kickers Offenbach:1. FC Köln,de.1,1970-71,Kickers Offenbach,1. FC Köln,4,1
1971-01-23,1970-71:de.1:154:Hannover 96:Rot-Weiss Essen,de.1,1970-71,Hannover 96,Rot-Weiss Essen,3,1
1971-01-23,1970-71:de.1:155:1. FC Köln:Werder Bremen,de.1,1970-71,1. FC Köln,Werder Bremen,1,1
1971-01-23,1970-71:de.1:156:Bayern München:VfB Stuttgart,de.1,1970-71,Bayern München,VfB Stuttgart,1,0
1971-01-23,1970-71:de.1:157:1. FC Kaiserslautern:Hertha BSC,de.1,1970-71,1. FC Kaiserslautern,Hertha BSC,2,0
1971-01-23,1970-71:de.1:158:Kickers Offenbach:Bor. Mönchengladbach,de.1,1970-71,Kickers Offenbach,Bor. Mönchengladbach,1,3
1971-01-23,1970-71:de.1:159:Rot-Weiß Oberhausen:MSV Duisburg,de.1,1970-71,Rot-Weiß Oberhausen,MSV Duisburg,0,2
1971-01-23,1970-71:de.1:160:Arminia Bielefeld:Borussia Dortmund,de.1,1970-71,Arminia Bielefeld,Borussia Dortmund,2,3
1971-01-23,1970-71:de.1:161:FC Schalke 04:Eintracht Braunschweig,de.1,1970-71,FC Schalke 04,Eintracht Braunschweig,1,0
1971-01-23,1970-71:de.1:162:Hamburger SV:Eintracht Frankfurt,de.1,1970-71,Hamburger SV,Eintracht Frankfurt,3,0
1971-01-30,1970-71:de.1:163:Eintracht Braunschweig:1. FC Köln,de.1,1970-71,Eintracht Braunschweig,1. FC Köln,3,1
1971-01-30,1970-71:de.1:164:MSV Duisburg:FC Schalke 04,de.1,1970-71,MSV Duisburg,FC Schalke 04,1,0
1971-01-30,1970-71:de.1:165:Rot-Weiss Essen:Arminia Bielefeld,de.1,1970-71,Rot-Weiss Essen,Arminia Bielefeld,2,1
1971-01-30,1970-71:de.1:166:VfB Stuttgart:Rot-Weiß Oberhausen,de.1,1970-71,VfB Stuttgart,Rot-Weiß Oberhausen,2,1
1971-01-30,1970-71:de.1:167:Borussia Dortmund:1. FC Kaiserslautern,de.1,1970-71,Borussia Dortmund,1. FC Kaiserslautern,0,2
1971-01-30,1970-71:de.1:168:Bor. Mönchengladbach:Hamburger SV,de.1,1970-71,Bor. Mönchengladbach,Hamburger SV,3,0
1971-01-30,1970-71:de.1:169:Werder Bremen:Kickers Offenbach,de.1,1970-71,Werder Bremen,Kickers Offenbach,3,1
1971-01-30,1970-71:de.1:170:Hertha BSC:Bayern München,de.1,1970-71,Hertha BSC,Bayern München,3,3
1971-01-30,1970-71:de.1:171:Eintracht Frankfurt:Hannover 96,de.1,1970-71,Eintracht Frankfurt,Hannover 96,2,1
1971-02-06,1970-71:de.1:172:Arminia Bielefeld:Eintracht Frankfurt,de.1,1970-71,Arminia Bielefeld,Eintracht Frankfurt,1,0
1971-02-06,1970-71:de.1:173:Werder Bremen:Eintracht Braunschweig,de.1,1970-71,Werder Bremen,Eintracht Braunschweig,2,0
1971-02-06,1970-71:de.1:174:Hannover 96:Bor. Mönchengladbach,de.1,1970-71,Hannover 96,Bor. Mönchengladbach,1,1
1971-02-06,1970-71:de.1:175:1. FC Kaiserslautern:Rot-Weiss Essen,de.1,1970-71,1. FC Kaiserslautern,Rot-Weiss Essen,5,2
1971-02-06,1970-71:de.1:176:FC Schalke 04:VfB Stuttgart,de.1,1970-71,FC Schalke 04,VfB Stuttgart,2,1
1971-02-06,1970-71:de.1:177:Kickers Offenbach:Hamburger SV,de.1,1970-71,Kickers Offenbach,Hamburger SV,3,3
1971-02-06,1970-71:de.1:178:1. FC Köln:MSV Duisburg,de.1,1970-71,1. FC Köln,MSV Duisburg,2,1
1971-02-13,1970-71:de.1:179:VfB Stuttgart:1. FC Köln,de.1,1970-71,VfB Stuttgart,1. FC Köln,1,2
1971-02-13,1970-71:de.1:180:Bor. Mönchengladbach:Arminia Bielefeld,de.1,1970-71,Bor. Mönchengladbach,Arminia Bielefeld,0,2
1971-02-13,1970-71:de.1:181:Borussia Dortmund:Rot-Weiß Oberhausen,de.1,1970-71,Borussia Dortmund,Rot-Weiß Oberhausen,2,0
1971-02-13,1970-71:de.1:182:Hertha BSC:FC Schalke 04,de.1,1970-71,Hertha BSC,FC Schalke 04,2,1
1971-02-13,1970-71:de.1:183:Eintracht Frankfurt:1. FC Kaiserslautern,de.1,1970-71,Eintracht Frankfurt,1. FC Kaiserslautern,3,2
1971-02-13,1970-71:de.1:184:Eintracht Braunschweig:Kickers Offenbach,de.1,1970-71,Eintracht Braunschweig,Kickers Offenbach,3,0
1971-02-13,1970-71:de.1:185:MSV Duisburg:Werder Bremen,de.1,1970-71,MSV Duisburg,Werder Bremen,3,1
1971-02-13,1970-71:de.1:186:Hamburger SV:Hannover 96,de.1,1970-71,Hamburger SV,Hannover 96,1,0
1971-02-27,1970-71:de.1:187:Kickers Offenbach:Hannover 96,de.1,1970-71,Kickers Offenbach,Hannover 96,1,5
1971-02-27,1970-71:de.1:188:1. FC Köln:Hertha BSC,de.1,1970-71,1. FC Köln,Hertha BSC,3,2
1971-02-27,1970-71:de.1:189:Arminia Bielefeld:Hamburger SV,de.1,1970-71,Arminia Bielefeld,Hamburger SV,1,1
1971-02-27,1970-71:de.1:190:Rot-Weiß Oberhausen:Rot-Weiss Essen,de.1,1970-71,Rot-Weiß Oberhausen,Rot-Weiss Essen,0,0
1971-02-27,1970-71:de.1:191:1. FC Kaiserslautern:Bor. Mönchengladbach,de.1,1970-71,1. FC Kaiserslautern,Bor. Mönchengladbach,0,1
1971-02-27,1970-71:de.1:192:FC Schalke 04:Borussia Dortmund,de.1,1970-71,FC Schalke 04,Borussia Dortmund,0,0
1971-02-27,1970-71:de.1:193:Werder Bremen:VfB Stuttgart,de.1,1970-71,Werder Bremen,VfB Stuttgart,3,1
1971-02-27,1970-71:de.1:194:Eintracht Braunschweig:MSV Duisburg,de.1,1970-71,Eintracht Braunschweig,MSV Duisburg,5,0
1971-03-03,1970-71:de.1:195:Rot-Weiß Oberhausen:Hertha BSC,de.1,1970-71,Rot-Weiß Oberhausen,Hertha BSC,1,1
1971-03-05,1970-71:de.1:196:Hamburger SV:1. FC Kaiserslautern,de.1,1970-71,Hamburger SV,1. FC Kaiserslautern,5,2
1971-03-05,1970-71:de.1:197:Borussia Dortmund:1. FC Köln,de.1,1970-71,Borussia Dortmund,1. FC Köln,0,0
1971-03-05,1970-71:de.1:198:Rot-Weiss Essen:FC Schalke 04,de.1,1970-71,Rot-Weiss Essen,FC Schalke 04,1,3
1971-03-06,1970-71:de.1:199:Eintracht Frankfurt:Rot-Weiß Oberhausen,de.1,1970-71,Eintracht Frankfurt,Rot-Weiß Oberhausen,5,0
1971-03-06,1970-71:de.1:200:MSV Duisburg:Kickers Offenbach,de.1,1970-71,MSV Duisburg,Kickers Offenbach,2,2
1971-03-06,1970-71:de.1:201:Hertha BSC:Werder Bremen,de.1,1970-71,Hertha BSC,Werder Bremen,3,1
1971-03-06,1970-71:de.1:202:Hannover 96:Arminia Bielefeld,de.1,1970-71,Hannover 96,Arminia Bielefeld,2,0
1971-03-06,1970-71:de.1:203:VfB Stuttgart:Eintracht Braunschweig,de.1,1970-71,VfB Stuttgart,Eintracht Braunschweig,1,1
1971-03-13,1970-71:de.1:204:Rot-Weiss Essen:Bayern München,de.1,1970-71,Rot-Weiss Essen,Bayern München,3,1
1971-03-13,1970-71:de.1:205:FC Schalke 04:Eintracht Frankfurt,de.1,1970-71,FC Schalke 04,Eintracht Frankfurt,4,1
1971-03-13,1970-71:de.1:206:Bayern München:Hamburger SV,de.1,1970-71,Bayern München,Hamburger SV,6,2
1971-03-13,1970-71:de.1:207:Eintracht Braunschweig:Hertha BSC,de.1,1970-71,Eintracht Braunschweig,Hertha BSC,2,1
1971-03-13,1970-71:de.1:208:Kickers Offenbach:Arminia Bielefeld,de.1,1970-71,Kickers Offenbach,Arminia Bielefeld,5,0
1971-03-13,1970-71:de.1:209:Werder Bremen:Borussia Dortmund,de.1,1970-71,Werder Bremen,Borussia Dortmund,3,1
1971-03-20,1970-71:de.1:210:Rot-Weiss Essen:Werder Bremen,de.1,1970-71,Rot-Weiss Essen,Werder Bremen,2,2
1971-03-20,1970-71:de.1:211:VfB Stuttgart:Kickers Offenbach,de.1,1970-71,VfB Stuttgart,Kickers Offenbach,1,0
1971-03-20,1970-71:de.1:212:Hertha BSC:MSV Duisburg,de.1,1970-71,Hertha BSC,MSV Duisburg,3,1
1971-03-20,1970-71:de.1:213:Bor. Mönchengladbach:FC Schalke 04,de.1,1970-71,Bor. Mönchengladbach,FC Schalke 04,2,0
1971-03-20,1970-71:de.1:214:Hannover 96:Bayern München,de.1,1970-71,Hannover 96,Bayern München,2,2
1971-03-20,1970-71:de.1:215:Borussia Dortmund:Eintracht Braunschweig,de.1,1970-71,Borussia Dortmund,Eintracht Braunschweig,1,1
1971-03-20,1970-71:de.1:216:Arminia Bielefeld:1. FC Kaiserslautern,de.1,1970-71,Arminia Bielefeld,1. FC Kaiserslautern,2,1
1971-03-20,1970-71:de.1:217:Hamburger SV:Rot-Weiß Oberhausen,de.1,1970-71,Hamburger SV,Rot-Weiß Oberhausen,0,0
1971-03-20,1970-71:de.1:218:Eintracht Frankfurt:1. FC Köln,de.1,1970-71,Eintracht Frankfurt,1. FC Köln,1,1
1971-03-26,1970-71:de.1:219:Rot-Weiß Oberhausen:Hannover 96,de.1,1970-71,Rot-Weiß Oberhausen,Hannover 96,4,3
1971-03-27,1970-71:de.1:220:FC Schalke 04:Hamburger SV,de.1,1970-71,FC Schalke 04,Hamburger SV,3,1
1971-03-27,1970-71:de.1:221:Bayern München:Arminia Bielefeld,de.1,1970-71,Bayern München,Arminia Bielefeld,2,0
1971-03-27,1970-71:de.1:222:VfB Stuttgart:Hertha BSC,de.1,1970-71,VfB Stuttgart,Hertha BSC,1,1
1971-03-27,1970-71:de.1:223:Werder Bremen:Eintracht Frankfurt,de.1,1970-71,Werder Bremen,Eintracht Frankfurt,1,0
1971-03-27,1970-71:de.1:224:Eintracht Braunschweig:Rot-Weiss Essen,de.1,1970-71,Eintracht Braunschweig,Rot-Weiss Essen,1,0
1971-03-27,1970-71:de.1:225:Kickers Offenbach:1. FC Kaiserslautern,de.1,1970-71,Kickers Offenbach,1. FC Kaiserslautern,2,2
1971-03-27,1970-71:de.1:226:MSV Duisburg:Borussia Dortmund,de.1,1970-71,MSV Duisburg,Borussia Dortmund,4,3
1971-03-27,1970-71:de.1:227:1. FC Köln:Bor. Mönchengladbach,de.1,1970-71,1. FC Köln,Bor. Mönchengladbach,3,2
1971-04-02,1970-71:de.1:228:Arminia Bielefeld:Rot-Weiß Oberhausen,de.1,1970-71,Arminia Bielefeld,Rot-Weiß Oberhausen,2,1
1971-04-02,1970-71:de.1:229:Hamburger SV:1. FC Köln,de.1,1970-71,Hamburger SV,1. FC Köln,2,0
1971-04-03,1970-71:de.1:230:Hannover 96:FC Schalke 04,de.1,1970-71,Hannover 96,FC Schalke 04,3,0
1971-04-03,1970-71:de.1:231:Eintracht Frankfurt:Eintracht Braunschweig,de.1,1970-71,Eintracht Frankfurt,Eintracht Braunschweig,5,2
1971-04-03,1970-71:de.1:232:Borussia Dortmund:VfB Stuttgart,de.1,1970-71,Borussia Dortmund,VfB Stuttgart,3,1
1971-04-03,1970-71:de.1:233:Hertha BSC:Kickers Offenbach,de.1,1970-71,Hertha BSC,Kickers Offenbach,3,1
1971-04-03,1970-71:de.1:234:Bor. Mönchengladbach:Werder Bremen,de.1,1970-71,Bor. Mönchengladbach,Werder Bremen,0,2
1971-04-03,1970-71:de.1:235:Rot-Weiss Essen:MSV Duisburg,de.1,1970-71,Rot-Weiss Essen,MSV Duisburg,1,1
1971-04-03,1970-71:de.1:236:1. FC Kaiserslautern:Bayern München,de.1,1970-71,1. FC Kaiserslautern,Bayern München,2,1
1971-04-08,1970-71:de.1:237:1. FC Kaiserslautern:Hannover 96,de.1,1970-71,1. FC Kaiserslautern,Hannover 96,2,1
1971-04-13,1970-71:de.1:238:MSV Duisburg:VfB Stuttgart,de.1,1970-71,MSV Duisburg,VfB Stuttgart,1,0
1971-04-14,1970-71:de.1:239:Bor. Mönchengladbach:Bayern München,de.1,1970-71,Bor. Mönchengladbach,Bayern München,3,1
1971-04-17,1970-71:de.1:240:Hertha BSC:Borussia Dortmund,de.1,1970-71,Hertha BSC,Borussia Dortmund,5,2
1971-04-17,1970-71:de.1:241:Eintracht Braunschweig:Bor. Mönchengladbach,de.1,1970-71,Eintracht Braunschweig,Bor. Mönchengladbach,1,1
1971-04-17,1970-71:de.1:242:Rot-Weiß Oberhausen:1. FC Kaiserslautern,de.1,1970-71,Rot-Weiß Oberhausen,1. FC Kaiserslautern,4,2
1971-04-17,1970-71:de.1:243:Werder Bremen:Hamburger SV,de.1,1970-71,Werder Bremen,Hamburger SV,2,2
1971-04-17,1970-71:de.1:244:Kickers Offenbach:Bayern München,de.1,1970-71,Kickers Offenbach,Bayern München,1,1
1971-04-17,1970-71:de.1:245:MSV Duisburg:Eintracht Frankfurt,de.1,1970-71,MSV Duisburg,Eintracht Frankfurt,3,1
1971-04-17,1970-71:de.1:246:FC Schalke 04:Arminia Bielefeld,de.1,1970-71,FC Schalke 04,Arminia Bielefeld,0,1
1971-04-17,1970-71:de.1:247:VfB Stuttgart:Rot-Weiss Essen,de.1,1970-71,VfB Stuttgart,Rot-Weiss Essen,5,1
1971-04-17,1970-71:de.1:248:1. FC Köln:Hannover 96,de.1,1970-71,1. FC Köln,Hannover 96,0,1
1971-04-28,1970-71:de.1:249:Rot-Weiß Oberhausen:Bor. Mönchengladbach,de.1,1970-71,Rot-Weiß Oberhausen,Bor. Mönchengladbach,0,2
1971-04-30,1970-71:de.1:250:Hannover 96:Werder Bremen,de.1,1970-71,Hannover 96,Werder Bremen,0,3
1971-04-30,1970-71:de.1:251:1. FC Kaiserslautern:FC Schalke 04,de.1,1970-71,1. FC Kaiserslautern,FC Schalke 04,2,0
1971-05-01,1970-71:de.1:252:Arminia Bielefeld:1. FC Köln,de.1,1970-71,Arminia Bielefeld,1. FC Köln,1,0
1971-05-01,1970-71:de.1:253:Borussia Dortmund:Kickers Offenbach,de.1,1970-71,Borussia Dortmund,Kickers Offenbach,1,1
1971-05-01,1970-71:de.1:254:Bor. Mönchengladbach:MSV Duisburg,de.1,1970-71,Bor. Mönchengladbach,MSV Duisburg,1,0
1971-05-01,1970-71:de.1:255:Hamburger SV:Eintracht Braunschweig,de.1,1970-71,Hamburger SV,Eintracht Braunschweig,2,1
1971-05-01,1970-71:de.1:256:Bayern München:Rot-Weiß Oberhausen,de.1,1970-71,Bayern München,Rot-Weiß Oberhausen,4,2
1971-05-01,1970-71:de.1:257:Rot-Weiss Essen:Hertha BSC,de.1,1970-71,Rot-Weiss Essen,Hertha BSC,0,3
1971-05-01,1970-71:de.1:258:Eintracht Frankfurt:VfB Stuttgart,de.1,1970-71,Eintracht Frankfurt,VfB Stuttgart,1,0
1971-05-04,1970-71:de.1:259:Bayern München:Borussia Dortmund,de.1,1970-71,Bayern München,Borussia Dortmund,1,1
1971-05-05,1970-71:de.1:260:1. FC Köln:Rot-Weiss Essen,de.1,1970-71,1. FC Köln,Rot-Weiss Essen,3,2
1971-05-07,1970-71:de.1:261:MSV Duisburg:Hamburger SV,de.1,1970-71,MSV Duisburg,Hamburger SV,2,2
1971-05-08,1970-71:de.1:262:VfB Stuttgart:Bor. Mönchengladbach,de.1,1970-71,VfB Stuttgart,Bor. Mönchengladbach,1,1
1971-05-08,1970-71:de.1:263:Borussia Dortmund:Rot-Weiss Essen,de.1,1970-71,Borussia Dortmund,Rot-Weiss Essen,7,2
1971-05-08,1970-71:de.1:264:FC Schalke 04:Bayern München,de.1,1970-71,FC Schalke 04,Bayern München,1,3
1971-05-08,1970-71:de.1:265:Werder Bremen:Arminia Bielefeld,de.1,1970-71,Werder Bremen,Arminia Bielefeld,4,1
1971-05-08,1970-71:de.1:266:1. FC Köln:1. FC Kaiserslautern,de.1,1970-71,1. FC Köln,1. FC Kaiserslautern,1,2
1971-05-08,1970-71:de.1:267:Kickers Offenbach:Rot-Weiß Oberhausen,de.1,1970-71,Kickers Offenbach,Rot-Weiß Oberhausen,3,2
1971-05-08,1970-71:de.1:268:Eintracht Braunschweig:Hannover 96,de.1,1970-71,Eintracht Braunschweig,Hannover 96,0,4
1971-05-08,1970-71:de.1:269:Hertha BSC:Eintracht Frankfurt,de.1,1970-71,Hertha BSC,Eintracht Frankfurt,6,2
1971-05-14,1970-71:de.1:270:Hannover 96:MSV Duisburg,de.1,1970-71,Hannover 96,MSV Duisburg,3,3
1971-05-14,1970-71:de.1:271:Bor. Mönchengladbach:Hertha BSC,de.1,1970-71,Bor. Mönchengladbach,Hertha BSC,4,0
1971-05-14,1970-71:de.1:272:1. FC Kaiserslautern:Werder Bremen,de.1,1970-71,1. FC Kaiserslautern,Werder Bremen,2,1
1971-05-15,1970-71:de.1:273:Rot-Weiß Oberhausen:FC Schalke 04,de.1,1970-71,Rot-Weiß Oberhausen,FC Schalke 04,4,1
1971-05-15,1970-71:de.1:274:Bayern München:1. FC Köln,de.1,1970-71,Bayern München,1. FC Köln,7,0
1971-05-15,1970-71:de.1:275:Eintracht Frankfurt:Borussia Dortmund,de.1,1970-71,Eintracht Frankfurt,Borussia Dortmund,2,0
1971-05-15,1970-71:de.1:276:Rot-Weiss Essen:Kickers Offenbach,de.1,1970-71,Rot-Weiss Essen,Kickers Offenbach,2,3
1971-05-15,1970-71:de.1:277:Hamburger SV:VfB Stuttgart,de.1,1970-71,Hamburger SV,VfB Stuttgart,1,0
1971-05-15,1970-71:de.1:278:Arminia Bielefeld:Eintracht Braunschweig,de.1,1970-71,Arminia Bielefeld,Eintracht Braunschweig,0,1
1971-05-19,1970-71:de.1:279:Bayern München:Eintracht Frankfurt,de.1,1970-71,Bayern München,Eintracht Frankfurt,2,1
1971-05-22,1970-71:de.1:280:Borussia Dortmund:Bor. Mönchengladbach,de.1,1970-71,Borussia Dortmund,Bor. Mönchengladbach,3,4
1971-05-22,1970-71:de.1:281:Werder Bremen:Bayern München,de.1,1970-71,Werder Bremen,Bayern München,0,1
1971-05-22,1970-71:de.1:282:FC Schalke 04:Kickers Offenbach,de.1,1970-71,FC Schalke 04,Kickers Offenbach,1,2
1971-05-22,1970-71:de.1:283:Hertha BSC:Hamburger SV,de.1,1970-71,Hertha BSC,Hamburger SV,2,0
1971-05-22,1970-71:de.1:284:Eintracht Braunschweig:1. FC Kaiserslautern,de.1,1970-71,Eintracht Braunschweig,1. FC Kaiserslautern,2,0
1971-05-22,1970-71:de.1:285:VfB Stuttgart:Hannover 96,de.1,1970-71,VfB Stuttgart,Hannover 96,1,2
1971-05-22,1970-71:de.1:286:MSV Duisburg:Arminia Bielefeld,de.1,1970-71,MSV Duisburg,Arminia Bielefeld,4,1
1971-05-22,1970-71:de.1:287:Eintracht Frankfurt:Rot-Weiss Essen,de.1,1970-71,Eintracht Frankfurt,Rot-Weiss Essen,3,2
1971-05-22,1970-71:de.1:288:1. FC Köln:Rot-Weiß Oberhausen,de.1,1970-71,1. FC Köln,Rot-Weiß Oberhausen,2,4
1971-05-29,1970-71:de.1:289:Hamburger SV:Borussia Dortmund,de.1,1970-71,Hamburger SV,Borussia Dortmund,2,1
1971-05-29,1970-71:de.1:290:Rot-Weiß Oberhausen:Werder Bremen,de.1,1970-71,Rot-Weiß Oberhausen,Werder Bremen,3,0
1971-05-29,1970-71:de.1:291:FC Schalke 04:1. FC Köln,de.1,1970-71,FC Schalke 04,1. FC Köln,2,2
1971-05-29,1970-71:de.1:292:Bayern München:Eintracht Braunschweig,de.1,1970-71,Bayern München,Eintracht Braunschweig,4,1
1971-05-29,1970-71:de.1:293:Hannover 96:Hertha BSC,de.1,1970-71,Hannover 96,Hertha BSC,1,1
1971-05-29,1970-71:de.1:294:1. FC Kaiserslautern:MSV Duisburg,de.1,1970-71,1. FC Kaiserslautern,MSV Duisburg,3,0
1971-05-29,1970-71:de.1:295:Arminia Bielefeld:VfB Stuttgart,de.1,1970-71,Arminia Bielefeld,VfB Stuttgart,1,0
1971-05-29,1970-71:de.1:296:Kickers Offenbach:Eintracht Frankfurt,de.1,1970-71,Kickers Offenbach,Eintracht Frankfurt,0,2
1971-05-29,1970-71:de.1:297:Bor. Mönchengladbach:Rot-Weiss Essen,de.1,1970-71,Bor. Mönchengladbach,Rot-Weiss Essen,4,3
1971-06-05,1970-71:de.1:298:Hertha BSC:Arminia Bielefeld,de.1,1970-71,Hertha BSC,Arminia Bielefeld,0,1
1971-06-05,1970-71:de.1:299:Eintracht Frankfurt:Bor. Mönchengladbach,de.1,1970-71,Eintracht Frankfurt,Bor. Mönchengladbach,1,4
1971-06-05,1970-71:de.1:300:Borussia Dortmund:Hannover 96,de.1,1970-71,Borussia Dortmund,Hannover 96,2,2
1971-06-05,1970-71:de.1:301:MSV Duisburg:Bayern München,de.1,1970-71,MSV Duisburg,Bayern München,2,0
1971-06-05,1970-71:de.1:302:Werder Bremen:FC Schalke 04,de.1,1970-71,Werder Bremen,FC Schalke 04,0,1
1971-06-05,1970-71:de.1:303:Rot-Weiss Essen:Hamburger SV,de.1,1970-71,Rot-Weiss Essen,Hamburger SV,1,3
1971-06-05,1970-71:de.1:304:Eintracht Braunschweig:Rot-Weiß Oberhausen,de.1,1970-71,Eintracht Braunschweig,Rot-Weiß Oberhausen,1,1
1971-06-05,1970-71:de.1:305:VfB Stuttgart:1. FC Kaiserslautern,de.1,1970-71,VfB Stuttgart,1. FC Kaiserslautern,2,0
1971-06-05,1970-71:de.1:306:1. FC Köln:Kickers Offenbach,de.1,1970-71,1. FC Köln,Kickers Offenbach,4,2
1971-08-14,1971-72:de.1:1:Bayern München:Fortuna Düsseldorf,de.1,1971-72,Bayern München,Fortuna Düsseldorf,3,1
1971-08-14,1971-72:de.1:2:1. FC Köln:Werder Bremen,de.1,1971-72,1. FC Köln,Werder Bremen,0,0
1971-08-14,1971-72:de.1:3:MSV Duisburg:Borussia Dortmund,de.1,1971-72,MSV Duisburg,Borussia Dortmund,2,1
1971-08-14,1971-72:de.1:4:VfL Bochum:Eintracht Braunschweig,de.1,1971-72,VfL Bochum,Eintracht Braunschweig,1,0
1971-08-14,1971-72:de.1:5:Arminia Bielefeld:Rot-Weiß Oberhausen,de.1,1971-72,Arminia Bielefeld,Rot-Weiß Oberhausen,0,1
1971-08-14,1971-72:de.1:6:Hamburger SV:Eintracht Frankfurt,de.1,1971-72,Hamburger SV,Eintracht Frankfurt,5,1
1971-08-14,1971-72:de.1:7:VfB Stuttgart:Hertha BSC,de.1,1971-72,VfB Stuttgart,Hertha BSC,3,0
1971-08-14,1971-72:de.1:8:Hannover 96:FC Schalke 04,de.1,1971-72,Hannover 96,FC Schalke 04,1,5
1971-08-14,1971-72:de.1:9:1. FC Kaiserslautern:Bor. Mönchengladbach,de.1,1971-72,1. FC Kaiserslautern,Bor. Mönchengladbach,1,0
1971-08-21,1971-72:de.1:10:Borussia Dortmund:Hamburger SV,de.1,1971-72,Borussia Dortmund,Hamburger SV,1,1
1971-08-21,1971-72:de.1:11:Werder Bremen:1. FC Kaiserslautern,de.1,1971-72,Werder Bremen,1. FC Kaiserslautern,2,2
1971-08-21,1971-72:de.1:12:Fortuna Düsseldorf:Hannover 96,de.1,1971-72,Fortuna Düsseldorf,Hannover 96,2,0
1971-08-21,1971-72:de.1:13:Hertha BSC:Bayern München,de.1,1971-72,Hertha BSC,Bayern München,2,2
1971-08-21,1971-72:de.1:14:Eintracht Braunschweig:VfB Stuttgart,de.1,1971-72,Eintracht Braunschweig,VfB Stuttgart,1,1
1971-08-21,1971-72:de.1:15:Rot-Weiß Oberhausen:VfL Bochum,de.1,1971-72,Rot-Weiß Oberhausen,VfL Bochum,2,3
1971-08-21,1971-72:de.1:16:FC Schalke 04:MSV Duisburg,de.1,1971-72,FC Schalke 04,MSV Duisburg,2,0
1971-08-21,1971-72:de.1:17:Eintracht Frankfurt:1. FC Köln,de.1,1971-72,Eintracht Frankfurt,1. FC Köln,2,2
1971-08-21,1971-72:de.1:18:Bor. Mönchengladbach:Arminia Bielefeld,de.1,1971-72,Bor. Mönchengladbach,Arminia Bielefeld,5,1
1971-08-28,1971-72:de.1:19:Eintracht Frankfurt:Werder Bremen,de.1,1971-72,Eintracht Frankfurt,Werder Bremen,4,0
1971-08-28,1971-72:de.1:20:VfL Bochum:Bor. Mönchengladbach,de.1,1971-72,VfL Bochum,Bor. Mönchengladbach,0,2
1971-08-28,1971-72:de.1:21:Hannover 96:Hertha BSC,de.1,1971-72,Hannover 96,Hertha BSC,1,1
1971-08-28,1971-72:de.1:22:Arminia Bielefeld:1. FC Kaiserslautern,de.1,1971-72,Arminia Bielefeld,1. FC Kaiserslautern,1,1
1971-08-28,1971-72:de.1:23:MSV Duisburg:Fortuna Düsseldorf,de.1,1971-72,MSV Duisburg,Fortuna Düsseldorf,0,0
1971-08-28,1971-72:de.1:24:VfB Stuttgart:Rot-Weiß Oberhausen,de.1,1971-72,VfB Stuttgart,Rot-Weiß Oberhausen,1,1
1971-08-28,1971-72:de.1:25:Bayern München:Eintracht Braunschweig,de.1,1971-72,Bayern München,Eintracht Braunschweig,4,1
1971-08-28,1971-72:de.1:26:Hamburger SV:FC Schalke 04,de.1,1971-72,Hamburger SV,FC Schalke 04,0,1
1971-08-28,1971-72:de.1:27:1. FC Köln:Borussia Dortmund,de.1,1971-72,1. FC Köln,Borussia Dortmund,2,1
1971-09-01,1971-72:de.1:28:Rot-Weiß Oberhausen:Bayern München,de.1,1971-72,Rot-Weiß Oberhausen,Bayern München,1,1
1971-09-01,1971-72:de.1:29:Borussia Dortmund:Eintracht Frankfurt,de.1,1971-72,Borussia Dortmund,Eintracht Frankfurt,3,1
1971-09-01,1971-72:de.1:30:Bor. Mönchengladbach:VfB Stuttgart,de.1,1971-72,Bor. Mönchengladbach,VfB Stuttgart,0,0
1971-09-01,1971-72:de.1:31:Eintracht Braunschweig:Hannover 96,de.1,1971-72,Eintracht Braunschweig,Hannover 96,3,0
1971-09-01,1971-72:de.1:32:Werder Bremen:Arminia Bielefeld,de.1,1971-72,Werder Bremen,Arminia Bielefeld,4,0
1971-09-01,1971-72:de.1:33:1. FC Kaiserslautern:VfL Bochum,de.1,1971-72,1. FC Kaiserslautern,VfL Bochum,4,1
1971-09-01,1971-72:de.1:34:Hertha BSC:MSV Duisburg,de.1,1971-72,Hertha BSC,MSV Duisburg,1,0
1971-09-01,1971-72:de.1:35:Fortuna Düsseldorf:Hamburger SV,de.1,1971-72,Fortuna Düsseldorf,Hamburger SV,0,0
1971-09-01,1971-72:de.1:36:FC Schalke 04:1. FC Köln,de.1,1971-72,FC Schalke 04,1. FC Köln,6,2
1971-09-04,1971-72:de.1:37:Bayern München:Bor. Mönchengladbach,de.1,1971-72,Bayern München,Bor. Mönchengladbach,2,0
1971-09-04,1971-72:de.1:38:1. FC Köln:Fortuna Düsseldorf,de.1,1971-72,1. FC Köln,Fortuna Düsseldorf,1,2
1971-09-04,1971-72:de.1:39:MSV Duisburg:Eintracht Braunschweig,de.1,1971-72,MSV Duisburg,Eintracht Braunschweig,0,0
1971-09-04,1971-72:de.1:40:VfB Stuttgart:1. FC Kaiserslautern,de.1,1971-72,VfB Stuttgart,1. FC Kaiserslautern,3,1
1971-09-04,1971-72:de.1:41:Eintracht Frankfurt:FC Schalke 04,de.1,1971-72,Eintracht Frankfurt,FC Schalke 04,2,0
1971-09-04,1971-72:de.1:42:VfL Bochum:Arminia Bielefeld,de.1,1971-72,VfL Bochum,Arminia Bielefeld,2,1
1971-09-04,1971-72:de.1:43:Borussia Dortmund:Werder Bremen,de.1,1971-72,Borussia Dortmund,Werder Bremen,1,5
1971-09-04,1971-72:de.1:44:Hamburger SV:Hertha BSC,de.1,1971-72,Hamburger SV,Hertha BSC,1,2
1971-09-04,1971-72:de.1:45:Hannover 96:Rot-Weiß Oberhausen,de.1,1971-72,Hannover 96,Rot-Weiß Oberhausen,1,0
1971-09-11,1971-72:de.1:46:Bor. Mönchengladbach:Hannover 96,de.1,1971-72,Bor. Mönchengladbach,Hannover 96,3,0
1971-09-11,1971-72:de.1:47:Eintracht Braunschweig:Hamburger SV,de.1,1971-72,Eintracht Braunschweig,Hamburger SV,1,1
1971-09-11,1971-72:de.1:48:Rot-Weiß Oberhausen:MSV Duisburg,de.1,1971-72,Rot-Weiß Oberhausen,MSV Duisburg,0,1
1971-09-11,1971-72:de.1:49:Hertha BSC:1. FC Köln,de.1,1971-72,Hertha BSC,1. FC Köln,1,1
1971-09-11,1971-72:de.1:50:Werder Bremen:VfL Bochum,de.1,1971-72,Werder Bremen,VfL Bochum,2,0
1971-09-11,1971-72:de.1:51:Arminia Bielefeld:VfB Stuttgart,de.1,1971-72,Arminia Bielefeld,VfB Stuttgart,1,0
1971-09-11,1971-72:de.1:52:FC Schalke 04:Borussia Dortmund,de.1,1971-72,FC Schalke 04,Borussia Dortmund,1,0
1971-09-11,1971-72:de.1:53:1. FC Kaiserslautern:Bayern München,de.1,1971-72,1. FC Kaiserslautern,Bayern München,0,2
1971-09-11,1971-72:de.1:54:Fortuna Düsseldorf:Eintracht Frankfurt,de.1,1971-72,Fortuna Düsseldorf,Eintracht Frankfurt,1,0
1971-09-18,1971-72:de.1:55:Hamburger SV:Rot-Weiß Oberhausen,de.1,1971-72,Hamburger SV,Rot-Weiß Oberhausen,3,0
1971-09-18,1971-72:de.1:56:MSV Duisburg:Bor. Mönchengladbach,de.1,1971-72,MSV Duisburg,Bor. Mönchengladbach,1,5
1971-09-18,1971-72:de.1:57:1. FC Köln:Eintracht Braunschweig,de.1,1971-72,1. FC Köln,Eintracht Braunschweig,2,0
1971-09-18,1971-72:de.1:58:Hannover 96:1. FC Kaiserslautern,de.1,1971-72,Hannover 96,1. FC Kaiserslautern,1,2
1971-09-18,1971-72:de.1:59:Eintracht Frankfurt:Hertha BSC,de.1,1971-72,Eintracht Frankfurt,Hertha BSC,1,1
1971-09-18,1971-72:de.1:60:FC Schalke 04:Werder Bremen,de.1,1971-72,FC Schalke 04,Werder Bremen,2,0
1971-09-18,1971-72:de.1:61:VfB Stuttgart:VfL Bochum,de.1,1971-72,VfB Stuttgart,VfL Bochum,3,2
1971-09-18,1971-72:de.1:62:Borussia Dortmund:Fortuna Düsseldorf,de.1,1971-72,Borussia Dortmund,Fortuna Düsseldorf,1,0
1971-09-18,1971-72:de.1:63:Bayern München:Arminia Bielefeld,de.1,1971-72,Bayern München,Arminia Bielefeld,1,1
1971-09-25,1971-72:de.1:64:1. FC Kaiserslautern:MSV Duisburg,de.1,1971-72,1. FC Kaiserslautern,MSV Duisburg,1,0
1971-09-25,1971-72:de.1:65:Bor. Mönchengladbach:Hamburger SV,de.1,1971-72,Bor. Mönchengladbach,Hamburger SV,1,0
1971-09-25,1971-72:de.1:66:VfL Bochum:Bayern München,de.1,1971-72,VfL Bochum,Bayern München,0,2
1971-09-25,1971-72:de.1:67:Rot-Weiß Oberhausen:1. FC Köln,de.1,1971-72,Rot-Weiß Oberhausen,1. FC Köln,1,1
1971-09-25,1971-72:de.1:68:Eintracht Braunschweig:Eintracht Frankfurt,de.1,1971-72,Eintracht Braunschweig,Eintracht Frankfurt,2,0
1971-09-25,1971-72:de.1:69:Arminia Bielefeld:Hannover 96,de.1,1971-72,Arminia Bielefeld,Hannover 96,1,0
1971-09-25,1971-72:de.1:70:Hertha BSC:Borussia Dortmund,de.1,1971-72,Hertha BSC,Borussia Dortmund,2,1
1971-09-25,1971-72:de.1:71:Werder Bremen:VfB Stuttgart,de.1,1971-72,Werder Bremen,VfB Stuttgart,2,3
1971-09-25,1971-72:de.1:72:Fortuna Düsseldorf:FC Schalke 04,de.1,1971-72,Fortuna Düsseldorf,FC Schalke 04,0,2
1971-10-02,1971-72:de.1:73:FC Schalke 04:Hertha BSC,de.1,1971-72,FC Schalke 04,Hertha BSC,4,0
1971-10-02,1971-72:de.1:74:1. FC Köln:Bor. Mönchengladbach,de.1,1971-72,1. FC Köln,Bor. Mönchengladbach,4,3
1971-10-02,1971-72:de.1:75:MSV Duisburg:Arminia Bielefeld,de.1,1971-72,MSV Duisburg,Arminia Bielefeld,4,0
1971-10-02,1971-72:de.1:76:Fortuna Düsseldorf:Werder Bremen,de.1,1971-72,Fortuna Düsseldorf,Werder Bremen,1,3
1971-10-02,1971-72:de.1:77:Bayern München:VfB Stuttgart,de.1,1971-72,Bayern München,VfB Stuttgart,2,2
1971-10-02,1971-72:de.1:78:Eintracht Frankfurt:Rot-Weiß Oberhausen,de.1,1971-72,Eintracht Frankfurt,Rot-Weiß Oberhausen,3,0
1971-10-02,1971-72:de.1:79:Hannover 96:VfL Bochum,de.1,1971-72,Hannover 96,VfL Bochum,4,0
1971-10-02,1971-72:de.1:80:Borussia Dortmund:Eintracht Braunschweig,de.1,1971-72,Borussia Dortmund,Eintracht Braunschweig,2,2
1971-10-02,1971-72:de.1:81:Hamburger SV:1. FC Kaiserslautern,de.1,1971-72,Hamburger SV,1. FC Kaiserslautern,4,0
1971-10-13,1971-72:de.1:82:Rot-Weiß Oberhausen:Borussia Dortmund,de.1,1971-72,Rot-Weiß Oberhausen,Borussia Dortmund,1,1
1971-10-13,1971-72:de.1:83:Hertha BSC:Fortuna Düsseldorf,de.1,1971-72,Hertha BSC,Fortuna Düsseldorf,1,1
1971-10-13,1971-72:de.1:84:VfL Bochum:MSV Duisburg,de.1,1971-72,VfL Bochum,MSV Duisburg,3,1
1971-10-13,1971-72:de.1:85:1. FC Kaiserslautern:1. FC Köln,de.1,1971-72,1. FC Kaiserslautern,1. FC Köln,2,0
1971-10-13,1971-72:de.1:86:Bor. Mönchengladbach:Eintracht Frankfurt,de.1,1971-72,Bor. Mönchengladbach,Eintracht Frankfurt,6,2
1971-10-13,1971-72:de.1:87:Eintracht Braunschweig:FC Schalke 04,de.1,1971-72,Eintracht Braunschweig,FC Schalke 04,0,0
1971-10-13,1971-72:de.1:88:VfB Stuttgart:Hannover 96,de.1,1971-72,VfB Stuttgart,Hannover 96,3,2
1971-10-13,1971-72:de.1:89:Arminia Bielefeld:Hamburger SV,de.1,1971-72,Arminia Bielefeld,Hamburger SV,2,2
1971-10-13,1971-72:de.1:90:Werder Bremen:Bayern München,de.1,1971-72,Werder Bremen,Bayern München,1,2
1971-10-16,1971-72:de.1:91:Borussia Dortmund:Bor. Mönchengladbach,de.1,1971-72,Borussia Dortmund,Bor. Mönchengladbach,0,0
1971-10-16,1971-72:de.1:92:1. FC Köln:Arminia Bielefeld,de.1,1971-72,1. FC Köln,Arminia Bielefeld,1,0
1971-10-16,1971-72:de.1:93:Eintracht Frankfurt:1. FC Kaiserslautern,de.1,1971-72,Eintracht Frankfurt,1. FC Kaiserslautern,1,0
1971-10-16,1971-72:de.1:94:Hamburger SV:VfL Bochum,de.1,1971-72,Hamburger SV,VfL Bochum,3,2
1971-10-16,1971-72:de.1:95:Hannover 96:Bayern München,de.1,1971-72,Hannover 96,Bayern München,1,3
1971-10-16,1971-72:de.1:96:Hertha BSC:Werder Bremen,de.1,1971-72,Hertha BSC,Werder Bremen,2,1
1971-10-16,1971-72:de.1:97:FC Schalke 04:Rot-Weiß Oberhausen,de.1,1971-72,FC Schalke 04,Rot-Weiß Oberhausen,4,0
1971-10-16,1971-72:de.1:98:MSV Duisburg:VfB Stuttgart,de.1,1971-72,MSV Duisburg,VfB Stuttgart,1,2
1971-10-16,1971-72:de.1:99:Fortuna Düsseldorf:Eintracht Braunschweig,de.1,1971-72,Fortuna Düsseldorf,Eintracht Braunschweig,0,0
1971-10-23,1971-72:de.1:100:1. FC Kaiserslautern:Borussia Dortmund,de.1,1971-72,1. FC Kaiserslautern,Borussia Dortmund,6,0
1971-10-23,1971-72:de.1:101:Bor. Mönchengladbach:FC Schalke 04,de.1,1971-72,Bor. Mönchengladbach,FC Schalke 04,7,0
1971-10-23,1971-72:de.1:102:VfL Bochum:1. FC Köln,de.1,1971-72,VfL Bochum,1. FC Köln,1,5
1971-10-23,1971-72:de.1:103:Rot-Weiß Oberhausen:Fortuna Düsseldorf,de.1,1971-72,Rot-Weiß Oberhausen,Fortuna Düsseldorf,2,0
1971-10-23,1971-72:de.1:104:Bayern München:MSV Duisburg,de.1,1971-72,Bayern München,MSV Duisburg,5,1
1971-10-23,1971-72:de.1:105:Werder Bremen:Hannover 96,de.1,1971-72,Werder Bremen,Hannover 96,2,1
1971-10-23,1971-72:de.1:106:VfB Stuttgart:Hamburger SV,de.1,1971-72,VfB Stuttgart,Hamburger SV,0,3
1971-10-23,1971-72:de.1:107:Arminia Bielefeld:Eintracht Frankfurt,de.1,1971-72,Arminia Bielefeld,Eintracht Frankfurt,3,4
1971-10-23,1971-72:de.1:108:Eintracht Braunschweig:Hertha BSC,de.1,1971-72,Eintracht Braunschweig,Hertha BSC,1,1
1971-10-30,1971-72:de.1:109:MSV Duisburg:Hannover 96,de.1,1971-72,MSV Duisburg,Hannover 96,2,1
1971-10-30,1971-72:de.1:110:Borussia Dortmund:Arminia Bielefeld,de.1,1971-72,Borussia Dortmund,Arminia Bielefeld,1,0
1971-10-30,1971-72:de.1:111:Fortuna Düsseldorf:Bor. Mönchengladbach,de.1,1971-72,Fortuna Düsseldorf,Bor. Mönchengladbach,0,2
1971-10-30,1971-72:de.1:112:Eintracht Frankfurt:VfL Bochum,de.1,1971-72,Eintracht Frankfurt,VfL Bochum,3,2
1971-10-30,1971-72:de.1:113:FC Schalke 04:1. FC Kaiserslautern,de.1,1971-72,FC Schalke 04,1. FC Kaiserslautern,3,0
1971-10-30,1971-72:de.1:114:Hamburger SV:Bayern München,de.1,1971-72,Hamburger SV,Bayern München,1,4
1971-10-30,1971-72:de.1:115:Eintracht Braunschweig:Werder Bremen,de.1,1971-72,Eintracht Braunschweig,Werder Bremen,1,1
1971-10-30,1971-72:de.1:116:Hertha BSC:Rot-Weiß Oberhausen,de.1,1971-72,Hertha BSC,Rot-Weiß Oberhausen,2,0
1971-10-30,1971-72:de.1:117:1. FC Köln:VfB Stuttgart,de.1,1971-72,1. FC Köln,VfB Stuttgart,4,1
1971-11-06,1971-72:de.1:118:Arminia Bielefeld:FC Schalke 04,de.1,1971-72,Arminia Bielefeld,FC Schalke 04,1,1
1971-11-06,1971-72:de.1:119:Rot-Weiß Oberhausen:Eintracht Braunschweig,de.1,1971-72,Rot-Weiß Oberhausen,Eintracht Braunschweig,1,1
1971-11-06,1971-72:de.1:120:Bayern München:1. FC Köln,de.1,1971-72,Bayern München,1. FC Köln,1,1
1971-11-06,1971-72:de.1:121:VfB Stuttgart:Eintracht Frankfurt,de.1,1971-72,VfB Stuttgart,Eintracht Frankfurt,4,4
1971-11-06,1971-72:de.1:122:1. FC Kaiserslautern:Fortuna Düsseldorf,de.1,1971-72,1. FC Kaiserslautern,Fortuna Düsseldorf,3,1
1971-11-06,1971-72:de.1:123:Hannover 96:Hamburger SV,de.1,1971-72,Hannover 96,Hamburger SV,2,3
1971-11-06,1971-72:de.1:124:Werder Bremen:MSV Duisburg,de.1,1971-72,Werder Bremen,MSV Duisburg,1,1
1971-11-06,1971-72:de.1:125:VfL Bochum:Borussia Dortmund,de.1,1971-72,VfL Bochum,Borussia Dortmund,4,2
1971-11-06,1971-72:de.1:126:Bor. Mönchengladbach:Hertha BSC,de.1,1971-72,Bor. Mönchengladbach,Hertha BSC,5,2
1971-11-13,1971-72:de.1:127:Borussia Dortmund:VfB Stuttgart,de.1,1971-72,Borussia Dortmund,VfB Stuttgart,0,4
1971-11-13,1971-72:de.1:128:MSV Duisburg:Hamburger SV,de.1,1971-72,MSV Duisburg,Hamburger SV,2,4
1971-11-13,1971-72:de.1:129:FC Schalke 04:VfL Bochum,de.1,1971-72,FC Schalke 04,VfL Bochum,4,1
1971-11-13,1971-72:de.1:130:Fortuna Düsseldorf:Arminia Bielefeld,de.1,1971-72,Fortuna Düsseldorf,Arminia Bielefeld,3,2
1971-11-13,1971-72:de.1:131:Eintracht Frankfurt:Bayern München,de.1,1971-72,Eintracht Frankfurt,Bayern München,3,2
1971-11-13,1971-72:de.1:132:Hertha BSC:1. FC Kaiserslautern,de.1,1971-72,Hertha BSC,1. FC Kaiserslautern,2,1
1971-11-13,1971-72:de.1:133:1. FC Köln:Hannover 96,de.1,1971-72,1. FC Köln,Hannover 96,3,1
1971-11-13,1971-72:de.1:134:Werder Bremen:Rot-Weiß Oberhausen,de.1,1971-72,Werder Bremen,Rot-Weiß Oberhausen,4,0
1971-11-13,1971-72:de.1:135:Eintracht Braunschweig:Bor. Mönchengladbach,de.1,1971-72,Eintracht Braunschweig,Bor. Mönchengladbach,2,1
1971-11-27,1971-72:de.1:136:MSV Duisburg:1. FC Köln,de.1,1971-72,MSV Duisburg,1. FC Köln,1,1
1971-11-27,1971-72:de.1:137:Bor. Mönchengladbach:Rot-Weiß Oberhausen,de.1,1971-72,Bor. Mönchengladbach,Rot-Weiß Oberhausen,5,2
1971-11-27,1971-72:de.1:138:Bayern München:Borussia Dortmund,de.1,1971-72,Bayern München,Borussia Dortmund,11,1
1971-11-27,1971-72:de.1:139:VfL Bochum:Fortuna Düsseldorf,de.1,1971-72,VfL Bochum,Fortuna Düsseldorf,3,1
1971-11-27,1971-72:de.1:140:VfB Stuttgart:FC Schalke 04,de.1,1971-72,VfB Stuttgart,FC Schalke 04,0,1
1971-11-27,1971-72:de.1:141:Arminia Bielefeld:Hertha BSC,de.1,1971-72,Arminia Bielefeld,Hertha BSC,1,1
1971-11-27,1971-72:de.1:142:Hamburger SV:Werder Bremen,de.1,1971-72,Hamburger SV,Werder Bremen,2,1
1971-11-27,1971-72:de.1:143:1. FC Kaiserslautern:Eintracht Braunschweig,de.1,1971-72,1. FC Kaiserslautern,Eintracht Braunschweig,2,2
1971-11-27,1971-72:de.1:144:Hannover 96:Eintracht Frankfurt,de.1,1971-72,Hannover 96,Eintracht Frankfurt,3,1
1971-12-11,1971-72:de.1:145:Rot-Weiß Oberhausen:1. FC Kaiserslautern,de.1,1971-72,Rot-Weiß Oberhausen,1. FC Kaiserslautern,2,5
1971-12-11,1971-72:de.1:146:Hertha BSC:VfL Bochum,de.1,1971-72,Hertha BSC,VfL Bochum,1,2
1971-12-11,1971-72:de.1:147:Borussia Dortmund:Hannover 96,de.1,1971-72,Borussia Dortmund,Hannover 96,1,1
1971-12-11,1971-72:de.1:148:Eintracht Frankfurt:MSV Duisburg,de.1,1971-72,Eintracht Frankfurt,MSV Duisburg,2,1
1971-12-11,1971-72:de.1:149:Eintracht Braunschweig:Arminia Bielefeld,de.1,1971-72,Eintracht Braunschweig,Arminia Bielefeld,3,2
1971-12-11,1971-72:de.1:150:1. FC Köln:Hamburger SV,de.1,1971-72,1. FC Köln,Hamburger SV,3,0
1971-12-11,1971-72:de.1:151:Werder Bremen:Bor. Mönchengladbach,de.1,1971-72,Werder Bremen,Bor. Mönchengladbach,2,2
1971-12-11,1971-72:de.1:152:FC Schalke 04:Bayern München,de.1,1971-72,FC Schalke 04,Bayern München,1,0
1971-12-11,1971-72:de.1:153:Fortuna Düsseldorf:VfB Stuttgart,de.1,1971-72,Fortuna Düsseldorf,VfB Stuttgart,4,0
1972-01-21,1971-72:de.1:154:Rot-Weiß Oberhausen:Arminia Bielefeld,de.1,1971-72,Rot-Weiß Oberhausen,Arminia Bielefeld,2,0
1972-01-22,1971-72:de.1:155:Eintracht Frankfurt:Hamburger SV,de.1,1971-72,Eintracht Frankfurt,Hamburger SV,4,0
1972-01-22,1971-72:de.1:156:Fortuna Düsseldorf:Bayern München,de.1,1971-72,Fortuna Düsseldorf,Bayern München,0,1
1972-01-22,1971-72:de.1:157:Werder Bremen:1. FC Köln,de.1,1971-72,Werder Bremen,1. FC Köln,2,2
1972-01-22,1971-72:de.1:158:Borussia Dortmund:MSV Duisburg,de.1,1971-72,Borussia Dortmund,MSV Duisburg,2,3
1972-01-22,1971-72:de.1:159:Eintracht Braunschweig:VfL Bochum,de.1,1971-72,Eintracht Braunschweig,VfL Bochum,0,2
1972-01-22,1971-72:de.1:160:Hertha BSC:VfB Stuttgart,de.1,1971-72,Hertha BSC,VfB Stuttgart,2,1
1972-01-22,1971-72:de.1:161:FC Schalke 04:Hannover 96,de.1,1971-72,FC Schalke 04,Hannover 96,5,0
1972-01-22,1971-72:de.1:162:Bor. Mönchengladbach:1. FC Kaiserslautern,de.1,1971-72,Bor. Mönchengladbach,1. FC Kaiserslautern,2,1
1972-01-29,1971-72:de.1:163:VfB Stuttgart:Eintracht Braunschweig,de.1,1971-72,VfB Stuttgart,Eintracht Braunschweig,3,1
1972-01-29,1971-72:de.1:164:VfL Bochum:Rot-Weiß Oberhausen,de.1,1971-72,VfL Bochum,Rot-Weiß Oberhausen,2,0
1972-01-29,1971-72:de.1:165:Hamburger SV:Borussia Dortmund,de.1,1971-72,Hamburger SV,Borussia Dortmund,0,0
1972-01-29,1971-72:de.1:166:Hannover 96:Fortuna Düsseldorf,de.1,1971-72,Hannover 96,Fortuna Düsseldorf,5,0
1972-01-29,1971-72:de.1:167:Bayern München:Hertha BSC,de.1,1971-72,Bayern München,Hertha BSC,1,0
1972-01-29,1971-72:de.1:168:MSV Duisburg:FC Schalke 04,de.1,1971-72,MSV Duisburg,FC Schalke 04,2,0
1972-01-29,1971-72:de.1:169:Arminia Bielefeld:Bor. Mönchengladbach,de.1,1971-72,Arminia Bielefeld,Bor. Mönchengladbach,2,3
1972-02-05,1971-72:de.1:170:1. FC Kaiserslautern:Arminia Bielefeld,de.1,1971-72,1. FC Kaiserslautern,Arminia Bielefeld,2,1
1972-02-05,1971-72:de.1:171:Eintracht Braunschweig:Bayern München,de.1,1971-72,Eintracht Braunschweig,Bayern München,1,1
1972-02-05,1971-72:de.1:172:Hertha BSC:Hannover 96,de.1,1971-72,Hertha BSC,Hannover 96,3,1
1972-02-05,1971-72:de.1:173:FC Schalke 04:Hamburger SV,de.1,1971-72,FC Schalke 04,Hamburger SV,3,0
1972-02-05,1971-72:de.1:174:Werder Bremen:Eintracht Frankfurt,de.1,1971-72,Werder Bremen,Eintracht Frankfurt,3,1
1972-02-05,1971-72:de.1:175:Fortuna Düsseldorf:MSV Duisburg,de.1,1971-72,Fortuna Düsseldorf,MSV Duisburg,0,0
1972-02-08,1971-72:de.1:176:Bor. Mönchengladbach:VfL Bochum,de.1,1971-72,Bor. Mönchengladbach,VfL Bochum,1,1
1972-02-19,1971-72:de.1:177:VfB Stuttgart:Bor. Mönchengladbach,de.1,1971-72,VfB Stuttgart,Bor. Mönchengladbach,0,1
1972-02-19,1971-72:de.1:178:1. FC Köln:FC Schalke 04,de.1,1971-72,1. FC Köln,FC Schalke 04,0,1
1972-02-19,1971-72:de.1:179:Eintracht Frankfurt:Borussia Dortmund,de.1,1971-72,Eintracht Frankfurt,Borussia Dortmund,5,2
1972-02-19,1971-72:de.1:180:Bayern München:Rot-Weiß Oberhausen,de.1,1971-72,Bayern München,Rot-Weiß Oberhausen,7,0
1972-02-19,1971-72:de.1:181:Arminia Bielefeld:Werder Bremen,de.1,1971-72,Arminia Bielefeld,Werder Bremen,1,0
1972-02-19,1971-72:de.1:182:Hannover 96:Eintracht Braunschweig,de.1,1971-72,Hannover 96,Eintracht Braunschweig,3,0
1972-02-19,1971-72:de.1:183:Hamburger SV:Fortuna Düsseldorf,de.1,1971-72,Hamburger SV,Fortuna Düsseldorf,3,3
1972-02-19,1971-72:de.1:184:MSV Duisburg:Hertha BSC,de.1,1971-72,MSV Duisburg,Hertha BSC,2,0
1972-02-19,1971-72:de.1:185:VfL Bochum:1. FC Kaiserslautern,de.1,1971-72,VfL Bochum,1. FC Kaiserslautern,4,2
1972-02-26,1971-72:de.1:186:1. FC Kaiserslautern:VfB Stuttgart,de.1,1971-72,1. FC Kaiserslautern,VfB Stuttgart,3,1
1972-02-26,1971-72:de.1:187:Fortuna Düsseldorf:1. FC Köln,de.1,1971-72,Fortuna Düsseldorf,1. FC Köln,1,1
1972-02-26,1971-72:de.1:188:Eintracht Braunschweig:MSV Duisburg,de.1,1971-72,Eintracht Braunschweig,MSV Duisburg,2,0
1972-02-26,1971-72:de.1:189:FC Schalke 04:Eintracht Frankfurt,de.1,1971-72,FC Schalke 04,Eintracht Frankfurt,2,0
1972-02-26,1971-72:de.1:190:Hertha BSC:Hamburger SV,de.1,1971-72,Hertha BSC,Hamburger SV,2,0
1972-02-26,1971-72:de.1:191:Arminia Bielefeld:VfL Bochum,de.1,1971-72,Arminia Bielefeld,VfL Bochum,3,1
1972-02-26,1971-72:de.1:192:Werder Bremen:Borussia Dortmund,de.1,1971-72,Werder Bremen,Borussia Dortmund,3,1
1972-02-26,1971-72:de.1:193:Rot-Weiß Oberhausen:Hannover 96,de.1,1971-72,Rot-Weiß Oberhausen,Hannover 96,3,2
1972-02-26,1971-72:de.1:194:Bor. Mönchengladbach:Bayern München,de.1,1971-72,Bor. Mönchengladbach,Bayern München,2,2
1972-03-04,1971-72:de.1:195:VfL Bochum:Werder Bremen,de.1,1971-72,VfL Bochum,Werder Bremen,4,2
1972-03-04,1971-72:de.1:196:MSV Duisburg:Rot-Weiß Oberhausen,de.1,1971-72,MSV Duisburg,Rot-Weiß Oberhausen,0,0
1972-03-04,1971-72:de.1:197:1. FC Köln:Hertha BSC,de.1,1971-72,1. FC Köln,Hertha BSC,3,0
1972-03-04,1971-72:de.1:198:Hamburger SV:Eintracht Braunschweig,de.1,1971-72,Hamburger SV,Eintracht Braunschweig,3,1
1972-03-04,1971-72:de.1:199:Borussia Dortmund:FC Schalke 04,de.1,1971-72,Borussia Dortmund,FC Schalke 04,0,3
1972-03-04,1971-72:de.1:200:Eintracht Frankfurt:Fortuna Düsseldorf,de.1,1971-72,Eintracht Frankfurt,Fortuna Düsseldorf,4,2
1972-03-04,1971-72:de.1:201:Hannover 96:Bor. Mönchengladbach,de.1,1971-72,Hannover 96,Bor. Mönchengladbach,2,0
1972-03-04,1971-72:de.1:202:VfB Stuttgart:Arminia Bielefeld,de.1,1971-72,VfB Stuttgart,Arminia Bielefeld,2,2
1972-03-04,1971-72:de.1:203:Bayern München:1. FC Kaiserslautern,de.1,1971-72,Bayern München,1. FC Kaiserslautern,3,1
1972-03-07,1971-72:de.1:204:1. FC Kaiserslautern:Werder Bremen,de.1,1971-72,1. FC Kaiserslautern,Werder Bremen,2,1
1972-03-07,1971-72:de.1:205:Rot-Weiß Oberhausen:VfB Stuttgart,de.1,1971-72,Rot-Weiß Oberhausen,VfB Stuttgart,1,1
1972-03-07,1971-72:de.1:206:1. FC Köln:Eintracht Frankfurt,de.1,1971-72,1. FC Köln,Eintracht Frankfurt,1,1
1972-03-10,1971-72:de.1:207:1. FC Kaiserslautern:Hannover 96,de.1,1971-72,1. FC Kaiserslautern,Hannover 96,2,0
1972-03-11,1971-72:de.1:208:Werder Bremen:FC Schalke 04,de.1,1971-72,Werder Bremen,FC Schalke 04,2,0
1972-03-11,1971-72:de.1:209:VfL Bochum:VfB Stuttgart,de.1,1971-72,VfL Bochum,VfB Stuttgart,1,1
1972-03-11,1971-72:de.1:210:Arminia Bielefeld:Bayern München,de.1,1971-72,Arminia Bielefeld,Bayern München,0,1
1972-03-11,1971-72:de.1:211:Fortuna Düsseldorf:Borussia Dortmund,de.1,1971-72,Fortuna Düsseldorf,Borussia Dortmund,4,1
1972-03-11,1971-72:de.1:212:Eintracht Braunschweig:1. FC Köln,de.1,1971-72,Eintracht Braunschweig,1. FC Köln,0,1
1972-03-11,1971-72:de.1:213:Hertha BSC:Eintracht Frankfurt,de.1,1971-72,Hertha BSC,Eintracht Frankfurt,0,0
1972-03-11,1971-72:de.1:214:Bor. Mönchengladbach:MSV Duisburg,de.1,1971-72,Bor. Mönchengladbach,MSV Duisburg,3,0
1972-03-11,1971-72:de.1:215:Rot-Weiß Oberhausen:Hamburger SV,de.1,1971-72,Rot-Weiß Oberhausen,Hamburger SV,1,0
1972-03-18,1971-72:de.1:216:VfB Stuttgart:Werder Bremen,de.1,1971-72,VfB Stuttgart,Werder Bremen,1,0
1972-03-18,1971-72:de.1:217:FC Schalke 04:Fortuna Düsseldorf,de.1,1971-72,FC Schalke 04,Fortuna Düsseldorf,3,0
1972-03-18,1971-72:de.1:218:MSV Duisburg:1. FC Kaiserslautern,de.1,1971-72,MSV Duisburg,1. FC Kaiserslautern,1,0
1972-03-18,1971-72:de.1:219:Hamburger SV:Bor. Mönchengladbach,de.1,1971-72,Hamburger SV,Bor. Mönchengladbach,1,0
1972-03-18,1971-72:de.1:220:Bayern München:VfL Bochum,de.1,1971-72,Bayern München,VfL Bochum,5,1
1972-03-18,1971-72:de.1:221:1. FC Köln:Rot-Weiß Oberhausen,de.1,1971-72,1. FC Köln,Rot-Weiß Oberhausen,4,0
1972-03-18,1971-72:de.1:222:Eintracht Frankfurt:Eintracht Braunschweig,de.1,1971-72,Eintracht Frankfurt,Eintracht Braunschweig,1,1
1972-03-18,1971-72:de.1:223:Hannover 96:Arminia Bielefeld,de.1,1971-72,Hannover 96,Arminia Bielefeld,3,1
1972-03-18,1971-72:de.1:224:Borussia Dortmund:Hertha BSC,de.1,1971-72,Borussia Dortmund,Hertha BSC,1,2
1972-03-21,1971-72:de.1:225:Borussia Dortmund:1. FC Köln,de.1,1971-72,Borussia Dortmund,1. FC Köln,0,0
1972-03-24,1971-72:de.1:226:1. FC Kaiserslautern:Hamburger SV,de.1,1971-72,1. FC Kaiserslautern,Hamburger SV,2,1
1972-03-25,1971-72:de.1:227:Hertha BSC:FC Schalke 04,de.1,1971-72,Hertha BSC,FC Schalke 04,3,0
1972-03-25,1971-72:de.1:228:Bor. Mönchengladbach:1. FC Köln,de.1,1971-72,Bor. Mönchengladbach,1. FC Köln,3,0
1972-03-25,1971-72:de.1:229:Arminia Bielefeld:MSV Duisburg,de.1,1971-72,Arminia Bielefeld,MSV Duisburg,2,0
1972-03-25,1971-72:de.1:230:Werder Bremen:Fortuna Düsseldorf,de.1,1971-72,Werder Bremen,Fortuna Düsseldorf,1,1
1972-03-25,1971-72:de.1:231:VfB Stuttgart:Bayern München,de.1,1971-72,VfB Stuttgart,Bayern München,1,4
1972-03-25,1971-72:de.1:232:Rot-Weiß Oberhausen:Eintracht Frankfurt,de.1,1971-72,Rot-Weiß Oberhausen,Eintracht Frankfurt,1,0
1972-03-25,1971-72:de.1:233:VfL Bochum:Hannover 96,de.1,1971-72,VfL Bochum,Hannover 96,2,2
1972-03-25,1971-72:de.1:234:Eintracht Braunschweig:Borussia Dortmund,de.1,1971-72,Eintracht Braunschweig,Borussia Dortmund,2,0
1972-04-08,1971-72:de.1:235:Borussia Dortmund:Rot-Weiß Oberhausen,de.1,1971-72,Borussia Dortmund,Rot-Weiß Oberhausen,2,1
1972-04-08,1971-72:de.1:236:Fortuna Düsseldorf:Hertha BSC,de.1,1971-72,Fortuna Düsseldorf,Hertha BSC,1,0
1972-04-08,1971-72:de.1:237:MSV Duisburg:VfL Bochum,de.1,1971-72,MSV Duisburg,VfL Bochum,2,2
1972-04-08,1971-72:de.1:238:1. FC Köln:1. FC Kaiserslautern,de.1,1971-72,1. FC Köln,1. FC Kaiserslautern,4,2
1972-04-08,1971-72:de.1:239:Eintracht Frankfurt:Bor. Mönchengladbach,de.1,1971-72,Eintracht Frankfurt,Bor. Mönchengladbach,3,0
1972-04-08,1971-72:de.1:240:FC Schalke 04:Eintracht Braunschweig,de.1,1971-72,FC Schalke 04,Eintracht Braunschweig,5,1
1972-04-08,1971-72:de.1:241:Hannover 96:VfB Stuttgart,de.1,1971-72,Hannover 96,VfB Stuttgart,3,0
1972-04-08,1971-72:de.1:242:Hamburger SV:Arminia Bielefeld,de.1,1971-72,Hamburger SV,Arminia Bielefeld,1,0
1972-04-08,1971-72:de.1:243:Bayern München:Werder Bremen,de.1,1971-72,Bayern München,Werder Bremen,6,2
1972-04-15,1971-72:de.1:244:Bor. Mönchengladbach:Borussia Dortmund,de.1,1971-72,Bor. Mönchengladbach,Borussia Dortmund,7,1
1972-04-15,1971-72:de.1:245:Arminia Bielefeld:1. FC Köln,de.1,1971-72,Arminia Bielefeld,1. FC Köln,2,3
1972-04-15,1971-72:de.1:246:1. FC Kaiserslautern:Eintracht Frankfurt,de.1,1971-72,1. FC Kaiserslautern,Eintracht Frankfurt,1,1
1972-04-15,1971-72:de.1:247:VfL Bochum:Hamburger SV,de.1,1971-72,VfL Bochum,Hamburger SV,2,1
1972-04-15,1971-72:de.1:248:Bayern München:Hannover 96,de.1,1971-72,Bayern München,Hannover 96,3,1
1972-04-15,1971-72:de.1:249:Werder Bremen:Hertha BSC,de.1,1971-72,Werder Bremen,Hertha BSC,5,0
1972-04-15,1971-72:de.1:250:Rot-Weiß Oberhausen:FC Schalke 04,de.1,1971-72,Rot-Weiß Oberhausen,FC Schalke 04,2,3
1972-04-15,1971-72:de.1:251:VfB Stuttgart:MSV Duisburg,de.1,1971-72,VfB Stuttgart,MSV Duisburg,1,0
1972-04-15,1971-72:de.1:252:Eintracht Braunschweig:Fortuna Düsseldorf,de.1,1971-72,Eintracht Braunschweig,Fortuna Düsseldorf,1,1
1972-04-21,1971-72:de.1:253:Borussia Dortmund:1. FC Kaiserslautern,de.1,1971-72,Borussia Dortmund,1. FC Kaiserslautern,2,1
1972-04-22,1971-72:de.1:254:FC Schalke 04:Bor. Mönchengladbach,de.1,1971-72,FC Schalke 04,Bor. Mönchengladbach,1,1
1972-04-22,1971-72:de.1:255:1. FC Köln:VfL Bochum,de.1,1971-72,1. FC Köln,VfL Bochum,1,1
1972-04-22,1971-72:de.1:256:Fortuna Düsseldorf:Rot-Weiß Oberhausen,de.1,1971-72,Fortuna Düsseldorf,Rot-Weiß Oberhausen,1,1
1972-04-22,1971-72:de.1:257:MSV Duisburg:Bayern München,de.1,1971-72,MSV Duisburg,Bayern München,3,0
1972-04-22,1971-72:de.1:258:Hannover 96:Werder Bremen,de.1,1971-72,Hannover 96,Werder Bremen,5,1
1972-04-22,1971-72:de.1:259:Hamburger SV:VfB Stuttgart,de.1,1971-72,Hamburger SV,VfB Stuttgart,1,2
1972-04-22,1971-72:de.1:260:Eintracht Frankfurt:Arminia Bielefeld,de.1,1971-72,Eintracht Frankfurt,Arminia Bielefeld,5,2
1972-04-22,1971-72:de.1:261:Hertha BSC:Eintracht Braunschweig,de.1,1971-72,Hertha BSC,Eintracht Braunschweig,1,0
1972-05-05,1971-72:de.1:262:1. FC Kaiserslautern:FC Schalke 04,de.1,1971-72,1. FC Kaiserslautern,FC Schalke 04,2,2
1972-05-06,1971-72:de.1:263:Hannover 96:MSV Duisburg,de.1,1971-72,Hannover 96,MSV Duisburg,3,2
1972-05-06,1971-72:de.1:264:Arminia Bielefeld:Borussia Dortmund,de.1,1971-72,Arminia Bielefeld,Borussia Dortmund,3,1
1972-05-06,1971-72:de.1:265:Bor. Mönchengladbach:Fortuna Düsseldorf,de.1,1971-72,Bor. Mönchengladbach,Fortuna Düsseldorf,1,2
1972-05-06,1971-72:de.1:266:VfL Bochum:Eintracht Frankfurt,de.1,1971-72,VfL Bochum,Eintracht Frankfurt,3,1
1972-05-06,1971-72:de.1:267:Bayern München:Hamburger SV,de.1,1971-72,Bayern München,Hamburger SV,4,3
1972-05-06,1971-72:de.1:268:Werder Bremen:Eintracht Braunschweig,de.1,1971-72,Werder Bremen,Eintracht Braunschweig,2,4
1972-05-06,1971-72:de.1:269:Rot-Weiß Oberhausen:Hertha BSC,de.1,1971-72,Rot-Weiß Oberhausen,Hertha BSC,5,2
1972-05-06,1971-72:de.1:270:VfB Stuttgart:1. FC Köln,de.1,1971-72,VfB Stuttgart,1. FC Köln,1,1
1972-05-19,1971-72:de.1:271:Eintracht Braunschweig:Rot-Weiß Oberhausen,de.1,1971-72,Eintracht Braunschweig,Rot-Weiß Oberhausen,0,0
1972-05-19,1971-72:de.1:272:Borussia Dortmund:VfL Bochum,de.1,1971-72,Borussia Dortmund,VfL Bochum,1,1
1972-05-20,1971-72:de.1:273:FC Schalke 04:Arminia Bielefeld,de.1,1971-72,FC Schalke 04,Arminia Bielefeld,6,2
1972-05-20,1971-72:de.1:274:1. FC Köln:Bayern München,de.1,1971-72,1. FC Köln,Bayern München,1,4
1972-05-20,1971-72:de.1:275:Eintracht Frankfurt:VfB Stuttgart,de.1,1971-72,Eintracht Frankfurt,VfB Stuttgart,4,1
1972-05-20,1971-72:de.1:276:Fortuna Düsseldorf:1. FC Kaiserslautern,de.1,1971-72,Fortuna Düsseldorf,1. FC Kaiserslautern,0,3
1972-05-20,1971-72:de.1:277:Hamburger SV:Hannover 96,de.1,1971-72,Hamburger SV,Hannover 96,2,0
1972-05-20,1971-72:de.1:278:MSV Duisburg:Werder Bremen,de.1,1971-72,MSV Duisburg,Werder Bremen,2,0
1972-05-27,1971-72:de.1:279:Hertha BSC:Bor. Mönchengladbach,de.1,1971-72,Hertha BSC,Bor. Mönchengladbach,2,1
1972-06-03,1971-72:de.1:280:VfB Stuttgart:Borussia Dortmund,de.1,1971-72,VfB Stuttgart,Borussia Dortmund,2,0
1972-06-03,1971-72:de.1:281:Hamburger SV:MSV Duisburg,de.1,1971-72,Hamburger SV,MSV Duisburg,2,0
1972-06-03,1971-72:de.1:282:VfL Bochum:FC Schalke 04,de.1,1971-72,VfL Bochum,FC Schalke 04,0,2
1972-06-03,1971-72:de.1:283:Arminia Bielefeld:Fortuna Düsseldorf,de.1,1971-72,Arminia Bielefeld,Fortuna Düsseldorf,1,3
1972-06-03,1971-72:de.1:284:Bayern München:Eintracht Frankfurt,de.1,1971-72,Bayern München,Eintracht Frankfurt,6,3
1972-06-03,1971-72:de.1:285:1. FC Kaiserslautern:Hertha BSC,de.1,1971-72,1. FC Kaiserslautern,Hertha BSC,3,4
1972-06-03,1971-72:de.1:286:Hannover 96:1. FC Köln,de.1,1971-72,Hannover 96,1. FC Köln,1,4
1972-06-03,1971-72:de.1:287:Rot-Weiß Oberhausen:Werder Bremen,de.1,1971-72,Rot-Weiß Oberhausen,Werder Bremen,2,2
1972-06-03,1971-72:de.1:288:Bor. Mönchengladbach:Eintracht Braunschweig,de.1,1971-72,Bor. Mönchengladbach,Eintracht Braunschweig,4,1
1972-06-23,1971-72:de.1:289:1. FC Köln:MSV Duisburg,de.1,1971-72,1. FC Köln,MSV Duisburg,4,1
1972-06-23,1971-72:de.1:290:Rot-Weiß Oberhausen:Bor. Mönchengladbach,de.1,1971-72,Rot-Weiß Oberhausen,Bor. Mönchengladbach,0,4
1972-06-24,1971-72:de.1:291:Borussia Dortmund:Bayern München,de.1,1971-72,Borussia Dortmund,Bayern München,0,1
1972-06-24,1971-72:de.1:292:Fortuna Düsseldorf:VfL Bochum,de.1,1971-72,Fortuna Düsseldorf,VfL Bochum,3,1
1972-06-24,1971-72:de.1:293:FC Schalke 04:VfB Stuttgart,de.1,1971-72,FC Schalke 04,VfB Stuttgart,2,1
1972-06-24,1971-72:de.1:294:Hertha BSC:Arminia Bielefeld,de.1,1971-72,Hertha BSC,Arminia Bielefeld,1,1
1972-06-24,1971-72:de.1:295:Werder Bremen:Hamburger SV,de.1,1971-72,Werder Bremen,Hamburger SV,4,0
1972-06-24,1971-72:de.1:296:Eintracht Braunschweig:1. FC Kaiserslautern,de.1,1971-72,Eintracht Braunschweig,1. FC Kaiserslautern,1,1
1972-06-24,1971-72:de.1:297:Eintracht Frankfurt:Hannover 96,de.1,1971-72,Eintracht Frankfurt,Hannover 96,3,1
1972-06-28,1971-72:de.1:298:1. FC Kaiserslautern:Rot-Weiß Oberhausen,de.1,1971-72,1. FC Kaiserslautern,Rot-Weiß Oberhausen,0,0
1972-06-28,1971-72:de.1:299:VfL Bochum:Hertha BSC,de.1,1971-72,VfL Bochum,Hertha BSC,4,2
1972-06-28,1971-72:de.1:300:Hannover 96:Borussia Dortmund,de.1,1971-72,Hannover 96,Borussia Dortmund,2,3
1972-06-28,1971-72:de.1:301:MSV Duisburg:Eintracht Frankfurt,de.1,1971-72,MSV Duisburg,Eintracht Frankfurt,0,1
1972-06-28,1971-72:de.1:302:Arminia Bielefeld:Eintracht Braunschweig,de.1,1971-72,Arminia Bielefeld,Eintracht Braunschweig,1,7
1972-06-28,1971-72:de.1:303:Hamburger SV:1. FC Köln,de.1,1971-72,Hamburger SV,1. FC Köln,1,1
1972-06-28,1971-72:de.1:304:Bor. Mönchengladbach:Werder Bremen,de.1,1971-72,Bor. Mönchengladbach,Werder Bremen,2,2
1972-06-28,1971-72:de.1:305:Bayern München:FC Schalke 04,de.1,1971-72,Bayern München,FC Schalke 04,5,1
1972-06-28,1971-72:de.1:306:VfB Stuttgart:Fortuna Düsseldorf,de.1,1971-72,VfB Stuttgart,Fortuna Düsseldorf,3,1
1972-09-16,1972-73:de.1:1:Bor. Mönchengladbach:MSV Duisburg,de.1,1972-73,Bor. Mönchengladbach,MSV Duisburg,4,3
1972-09-16,1972-73:de.1:2:Rot-Weiß Oberhausen:Bayern München,de.1,1972-73,Rot-Weiß Oberhausen,Bayern München,0,5
1972-09-16,1972-73:de.1:3:Eintracht Frankfurt:Hamburger SV,de.1,1972-73,Eintracht Frankfurt,Hamburger SV,2,1
1972-09-16,1972-73:de.1:4:Eintracht Braunschweig:VfL Bochum,de.1,1972-73,Eintracht Braunschweig,VfL Bochum,0,2
1972-09-16,1972-73:de.1:5:FC Schalke 04:Hannover 96,de.1,1972-73,FC Schalke 04,Hannover 96,3,1
1972-09-16,1972-73:de.1:6:Hertha BSC:Fortuna Düsseldorf,de.1,1972-73,Hertha BSC,Fortuna Düsseldorf,2,3
1972-09-16,1972-73:de.1:7:Wuppertaler SV:1. FC Kaiserslautern,de.1,1972-73,Wuppertaler SV,1. FC Kaiserslautern,2,0
1972-09-16,1972-73:de.1:8:VfB Stuttgart:1. FC Köln,de.1,1972-73,VfB Stuttgart,1. FC Köln,3,1
1972-09-16,1972-73:de.1:9:Werder Bremen:Kickers Offenbach,de.1,1972-73,Werder Bremen,Kickers Offenbach,0,0
1972-09-20,1972-73:de.1:10:VfL Bochum:Hertha BSC,de.1,1972-73,VfL Bochum,Hertha BSC,2,1
1972-09-20,1972-73:de.1:11:1. FC Köln:Rot-Weiß Oberhausen,de.1,1972-73,1. FC Köln,Rot-Weiß Oberhausen,3,1
1972-09-20,1972-73:de.1:12:Bayern München:Werder Bremen,de.1,1972-73,Bayern München,Werder Bremen,2,1
1972-09-20,1972-73:de.1:13:1. FC Kaiserslautern:FC Schalke 04,de.1,1972-73,1. FC Kaiserslautern,FC Schalke 04,2,0
1972-09-20,1972-73:de.1:14:Hamburger SV:Bor. Mönchengladbach,de.1,1972-73,Hamburger SV,Bor. Mönchengladbach,1,3
1972-09-20,1972-73:de.1:15:Kickers Offenbach:Eintracht Braunschweig,de.1,1972-73,Kickers Offenbach,Eintracht Braunschweig,1,0
1972-09-20,1972-73:de.1:16:Hannover 96:Eintracht Frankfurt,de.1,1972-73,Hannover 96,Eintracht Frankfurt,2,1
1972-09-20,1972-73:de.1:17:Fortuna Düsseldorf:Wuppertaler SV,de.1,1972-73,Fortuna Düsseldorf,Wuppertaler SV,2,1
1972-09-20,1972-73:de.1:18:MSV Duisburg:VfB Stuttgart,de.1,1972-73,MSV Duisburg,VfB Stuttgart,0,1
1972-09-23,1972-73:de.1:19:Eintracht Frankfurt:1. FC Kaiserslautern,de.1,1972-73,Eintracht Frankfurt,1. FC Kaiserslautern,3,1
1972-09-23,1972-73:de.1:20:Wuppertaler SV:VfL Bochum,de.1,1972-73,Wuppertaler SV,VfL Bochum,3,0
1972-09-23,1972-73:de.1:21:FC Schalke 04:Fortuna Düsseldorf,de.1,1972-73,FC Schalke 04,Fortuna Düsseldorf,3,1
1972-09-23,1972-73:de.1:22:Bor. Mönchengladbach:Hannover 96,de.1,1972-73,Bor. Mönchengladbach,Hannover 96,3,1
1972-09-23,1972-73:de.1:23:Werder Bremen:Rot-Weiß Oberhausen,de.1,1972-73,Werder Bremen,Rot-Weiß Oberhausen,1,0
1972-09-23,1972-73:de.1:24:Hertha BSC:Kickers Offenbach,de.1,1972-73,Hertha BSC,Kickers Offenbach,2,5
1972-09-23,1972-73:de.1:25:Eintracht Braunschweig:Bayern München,de.1,1972-73,Eintracht Braunschweig,Bayern München,0,2
1972-09-23,1972-73:de.1:26:VfB Stuttgart:Hamburger SV,de.1,1972-73,VfB Stuttgart,Hamburger SV,2,1
1972-09-23,1972-73:de.1:27:MSV Duisburg:1. FC Köln,de.1,1972-73,MSV Duisburg,1. FC Köln,1,1
1972-09-29,1972-73:de.1:28:Rot-Weiß Oberhausen:Eintracht Braunschweig,de.1,1972-73,Rot-Weiß Oberhausen,Eintracht Braunschweig,0,1
1972-09-30,1972-73:de.1:29:Fortuna Düsseldorf:Eintracht Frankfurt,de.1,1972-73,Fortuna Düsseldorf,Eintracht Frankfurt,2,2
1972-09-30,1972-73:de.1:30:1. FC Köln:Werder Bremen,de.1,1972-73,1. FC Köln,Werder Bremen,1,0
1972-09-30,1972-73:de.1:31:VfL Bochum:FC Schalke 04,de.1,1972-73,VfL Bochum,FC Schalke 04,2,0
1972-09-30,1972-73:de.1:32:Kickers Offenbach:Wuppertaler SV,de.1,1972-73,Kickers Offenbach,Wuppertaler SV,3,1
1972-09-30,1972-73:de.1:33:1. FC Kaiserslautern:Bor. Mönchengladbach,de.1,1972-73,1. FC Kaiserslautern,Bor. Mönchengladbach,3,1
1972-09-30,1972-73:de.1:34:Hannover 96:VfB Stuttgart,de.1,1972-73,Hannover 96,VfB Stuttgart,3,1
1972-09-30,1972-73:de.1:35:Bayern München:Hertha BSC,de.1,1972-73,Bayern München,Hertha BSC,4,0
1972-09-30,1972-73:de.1:36:Hamburger SV:MSV Duisburg,de.1,1972-73,Hamburger SV,MSV Duisburg,1,2
1972-10-03,1972-73:de.1:37:Eintracht Frankfurt:VfL Bochum,de.1,1972-73,Eintracht Frankfurt,VfL Bochum,4,1
1972-10-04,1972-73:de.1:38:Hertha BSC:Rot-Weiß Oberhausen,de.1,1972-73,Hertha BSC,Rot-Weiß Oberhausen,3,1
1972-10-04,1972-73:de.1:39:Wuppertaler SV:Bayern München,de.1,1972-73,Wuppertaler SV,Bayern München,1,1
1972-10-04,1972-73:de.1:40:Bor. Mönchengladbach:Fortuna Düsseldorf,de.1,1972-73,Bor. Mönchengladbach,Fortuna Düsseldorf,2,3
1972-10-04,1972-73:de.1:41:VfB Stuttgart:1. FC Kaiserslautern,de.1,1972-73,VfB Stuttgart,1. FC Kaiserslautern,3,1
1972-10-04,1972-73:de.1:42:MSV Duisburg:Hannover 96,de.1,1972-73,MSV Duisburg,Hannover 96,3,1
1972-10-04,1972-73:de.1:43:Eintracht Braunschweig:Werder Bremen,de.1,1972-73,Eintracht Braunschweig,Werder Bremen,1,0
1972-10-04,1972-73:de.1:44:FC Schalke 04:Kickers Offenbach,de.1,1972-73,FC Schalke 04,Kickers Offenbach,6,1
1972-10-04,1972-73:de.1:45:Hamburger SV:1. FC Köln,de.1,1972-73,Hamburger SV,1. FC Köln,0,0
1972-10-07,1972-73:de.1:46:1. FC Köln:Eintracht Braunschweig,de.1,1972-73,1. FC Köln,Eintracht Braunschweig,4,3
1972-10-07,1972-73:de.1:47:Werder Bremen:Hertha BSC,de.1,1972-73,Werder Bremen,Hertha BSC,1,1
1972-10-07,1972-73:de.1:48:1. FC Kaiserslautern:MSV Duisburg,de.1,1972-73,1. FC Kaiserslautern,MSV Duisburg,0,0
1972-10-07,1972-73:de.1:49:Rot-Weiß Oberhausen:Wuppertaler SV,de.1,1972-73,Rot-Weiß Oberhausen,Wuppertaler SV,2,1
1972-10-07,1972-73:de.1:50:VfL Bochum:Bor. Mönchengladbach,de.1,1972-73,VfL Bochum,Bor. Mönchengladbach,3,0
1972-10-07,1972-73:de.1:51:Kickers Offenbach:Eintracht Frankfurt,de.1,1972-73,Kickers Offenbach,Eintracht Frankfurt,3,2
1972-10-07,1972-73:de.1:52:Fortuna Düsseldorf:VfB Stuttgart,de.1,1972-73,Fortuna Düsseldorf,VfB Stuttgart,6,1
1972-10-07,1972-73:de.1:53:Bayern München:FC Schalke 04,de.1,1972-73,Bayern München,FC Schalke 04,5,0
1972-10-07,1972-73:de.1:54:Hannover 96:Hamburger SV,de.1,1972-73,Hannover 96,Hamburger SV,3,2
1972-10-14,1972-73:de.1:55:Eintracht Frankfurt:Bayern München,de.1,1972-73,Eintracht Frankfurt,Bayern München,2,1
1972-10-14,1972-73:de.1:56:MSV Duisburg:Fortuna Düsseldorf,de.1,1972-73,MSV Duisburg,Fortuna Düsseldorf,0,0
1972-10-14,1972-73:de.1:57:VfB Stuttgart:VfL Bochum,de.1,1972-73,VfB Stuttgart,VfL Bochum,4,0
1972-10-14,1972-73:de.1:58:Bor. Mönchengladbach:Kickers Offenbach,de.1,1972-73,Bor. Mönchengladbach,Kickers Offenbach,3,2
1972-10-14,1972-73:de.1:59:FC Schalke 04:Rot-Weiß Oberhausen,de.1,1972-73,FC Schalke 04,Rot-Weiß Oberhausen,3,0
1972-10-14,1972-73:de.1:60:Wuppertaler SV:Werder Bremen,de.1,1972-73,Wuppertaler SV,Werder Bremen,1,1
1972-10-14,1972-73:de.1:61:Hamburger SV:1. FC Kaiserslautern,de.1,1972-73,Hamburger SV,1. FC Kaiserslautern,2,2
1972-10-14,1972-73:de.1:62:Hertha BSC:Eintracht Braunschweig,de.1,1972-73,Hertha BSC,Eintracht Braunschweig,3,0
1972-10-14,1972-73:de.1:63:Hannover 96:1. FC Köln,de.1,1972-73,Hannover 96,1. FC Köln,0,0
1972-10-21,1972-73:de.1:64:Kickers Offenbach:VfB Stuttgart,de.1,1972-73,Kickers Offenbach,VfB Stuttgart,1,3
1972-10-21,1972-73:de.1:65:Rot-Weiß Oberhausen:Eintracht Frankfurt,de.1,1972-73,Rot-Weiß Oberhausen,Eintracht Frankfurt,1,0
1972-10-21,1972-73:de.1:66:Bayern München:Bor. Mönchengladbach,de.1,1972-73,Bayern München,Bor. Mönchengladbach,3,0
1972-10-21,1972-73:de.1:67:VfL Bochum:MSV Duisburg,de.1,1972-73,VfL Bochum,MSV Duisburg,2,1
1972-10-21,1972-73:de.1:68:Werder Bremen:FC Schalke 04,de.1,1972-73,Werder Bremen,FC Schalke 04,2,0
1972-10-21,1972-73:de.1:69:1. FC Kaiserslautern:Hannover 96,de.1,1972-73,1. FC Kaiserslautern,Hannover 96,2,1
1972-10-21,1972-73:de.1:70:1. FC Köln:Hertha BSC,de.1,1972-73,1. FC Köln,Hertha BSC,4,0
1972-10-21,1972-73:de.1:71:Fortuna Düsseldorf:Hamburger SV,de.1,1972-73,Fortuna Düsseldorf,Hamburger SV,2,2
1972-10-21,1972-73:de.1:72:Eintracht Braunschweig:Wuppertaler SV,de.1,1972-73,Eintracht Braunschweig,Wuppertaler SV,0,1
1972-10-27,1972-73:de.1:73:MSV Duisburg:Kickers Offenbach,de.1,1972-73,MSV Duisburg,Kickers Offenbach,4,0
1972-10-28,1972-73:de.1:74:1. FC Kaiserslautern:1. FC Köln,de.1,1972-73,1. FC Kaiserslautern,1. FC Köln,2,1
1972-10-28,1972-73:de.1:75:Bor. Mönchengladbach:Rot-Weiß Oberhausen,de.1,1972-73,Bor. Mönchengladbach,Rot-Weiß Oberhausen,4,1
1972-10-28,1972-73:de.1:76:Hannover 96:Fortuna Düsseldorf,de.1,1972-73,Hannover 96,Fortuna Düsseldorf,2,2
1972-10-28,1972-73:de.1:77:FC Schalke 04:Eintracht Braunschweig,de.1,1972-73,FC Schalke 04,Eintracht Braunschweig,0,1
1972-10-28,1972-73:de.1:78:Hamburger SV:VfL Bochum,de.1,1972-73,Hamburger SV,VfL Bochum,2,1
1972-10-28,1972-73:de.1:79:Eintracht Frankfurt:Werder Bremen,de.1,1972-73,Eintracht Frankfurt,Werder Bremen,2,2
1972-10-28,1972-73:de.1:80:Wuppertaler SV:Hertha BSC,de.1,1972-73,Wuppertaler SV,Hertha BSC,4,1
1972-10-28,1972-73:de.1:81:VfB Stuttgart:Bayern München,de.1,1972-73,VfB Stuttgart,Bayern München,0,1
1972-10-31,1972-73:de.1:82:1. FC Köln:Wuppertaler SV,de.1,1972-73,1. FC Köln,Wuppertaler SV,1,1
1972-10-31,1972-73:de.1:83:Rot-Weiß Oberhausen:VfB Stuttgart,de.1,1972-73,Rot-Weiß Oberhausen,VfB Stuttgart,2,2
1972-10-31,1972-73:de.1:84:Kickers Offenbach:Hamburger SV,de.1,1972-73,Kickers Offenbach,Hamburger SV,2,1
1972-10-31,1972-73:de.1:85:Fortuna Düsseldorf:1. FC Kaiserslautern,de.1,1972-73,Fortuna Düsseldorf,1. FC Kaiserslautern,2,1
1972-10-31,1972-73:de.1:86:Bayern München:MSV Duisburg,de.1,1972-73,Bayern München,MSV Duisburg,2,0
1972-10-31,1972-73:de.1:87:VfL Bochum:Hannover 96,de.1,1972-73,VfL Bochum,Hannover 96,2,0
1972-11-01,1972-73:de.1:88:Hertha BSC:FC Schalke 04,de.1,1972-73,Hertha BSC,FC Schalke 04,3,0
1972-11-04,1972-73:de.1:89:1. FC Kaiserslautern:VfL Bochum,de.1,1972-73,1. FC Kaiserslautern,VfL Bochum,2,2
1972-11-04,1972-73:de.1:90:Hannover 96:Kickers Offenbach,de.1,1972-73,Hannover 96,Kickers Offenbach,1,1
1972-11-04,1972-73:de.1:91:MSV Duisburg:Rot-Weiß Oberhausen,de.1,1972-73,MSV Duisburg,Rot-Weiß Oberhausen,4,1
1972-11-04,1972-73:de.1:92:Hamburger SV:Bayern München,de.1,1972-73,Hamburger SV,Bayern München,0,2
1972-11-04,1972-73:de.1:93:Bor. Mönchengladbach:Eintracht Braunschweig,de.1,1972-73,Bor. Mönchengladbach,Eintracht Braunschweig,4,0
1972-11-04,1972-73:de.1:94:Eintracht Frankfurt:Hertha BSC,de.1,1972-73,Eintracht Frankfurt,Hertha BSC,2,2
1972-11-04,1972-73:de.1:95:FC Schalke 04:Wuppertaler SV,de.1,1972-73,FC Schalke 04,Wuppertaler SV,1,2
1972-11-04,1972-73:de.1:96:VfB Stuttgart:Werder Bremen,de.1,1972-73,VfB Stuttgart,Werder Bremen,2,1
1972-11-04,1972-73:de.1:97:Fortuna Düsseldorf:1. FC Köln,de.1,1972-73,Fortuna Düsseldorf,1. FC Köln,3,2
1972-11-11,1972-73:de.1:100:1. FC Köln:FC Schalke 04,de.1,1972-73,1. FC Köln,FC Schalke 04,3,0
1972-11-11,1972-73:de.1:101:Wuppertaler SV:Eintracht Frankfurt,de.1,1972-73,Wuppertaler SV,Eintracht Frankfurt,1,0
1972-11-11,1972-73:de.1:102:Werder Bremen:MSV Duisburg,de.1,1972-73,Werder Bremen,MSV Duisburg,0,2
1972-11-11,1972-73:de.1:103:Hertha BSC:Bor. Mönchengladbach,de.1,1972-73,Hertha BSC,Bor. Mönchengladbach,3,1
1972-11-11,1972-73:de.1:104:Kickers Offenbach:1. FC Kaiserslautern,de.1,1972-73,Kickers Offenbach,1. FC Kaiserslautern,2,2
1972-11-11,1972-73:de.1:105:Bayern München:Hannover 96,de.1,1972-73,Bayern München,Hannover 96,7,2
1972-11-11,1972-73:de.1:106:VfL Bochum:Fortuna Düsseldorf,de.1,1972-73,VfL Bochum,Fortuna Düsseldorf,2,2
1972-11-11,1972-73:de.1:98:Rot-Weiß Oberhausen:Hamburger SV,de.1,1972-73,Rot-Weiß Oberhausen,Hamburger SV,3,1
1972-11-11,1972-73:de.1:99:Eintracht Braunschweig:VfB Stuttgart,de.1,1972-73,Eintracht Braunschweig,VfB Stuttgart,1,0
1972-11-17,1972-73:de.1:107:VfL Bochum:1. FC Köln,de.1,1972-73,VfL Bochum,1. FC Köln,2,4
1972-11-18,1972-73:de.1:108:Bor. Mönchengladbach:Wuppertaler SV,de.1,1972-73,Bor. Mönchengladbach,Wuppertaler SV,2,1
1972-11-18,1972-73:de.1:109:Eintracht Frankfurt:FC Schalke 04,de.1,1972-73,Eintracht Frankfurt,FC Schalke 04,4,2
1972-11-18,1972-73:de.1:110:VfB Stuttgart:Hertha BSC,de.1,1972-73,VfB Stuttgart,Hertha BSC,4,0
1972-11-18,1972-73:de.1:111:MSV Duisburg:Eintracht Braunschweig,de.1,1972-73,MSV Duisburg,Eintracht Braunschweig,3,2
1972-11-18,1972-73:de.1:112:Fortuna Düsseldorf:Kickers Offenbach,de.1,1972-73,Fortuna Düsseldorf,Kickers Offenbach,2,0
1972-11-18,1972-73:de.1:113:1. FC Kaiserslautern:Bayern München,de.1,1972-73,1. FC Kaiserslautern,Bayern München,3,1
1972-11-18,1972-73:de.1:114:Hannover 96:Rot-Weiß Oberhausen,de.1,1972-73,Hannover 96,Rot-Weiß Oberhausen,3,2
1972-11-18,1972-73:de.1:115:Hamburger SV:Werder Bremen,de.1,1972-73,Hamburger SV,Werder Bremen,2,2
1972-11-21,1972-73:de.1:116:Hertha BSC:MSV Duisburg,de.1,1972-73,Hertha BSC,MSV Duisburg,0,0
1972-11-21,1972-73:de.1:117:Wuppertaler SV:VfB Stuttgart,de.1,1972-73,Wuppertaler SV,VfB Stuttgart,4,0
1972-11-21,1972-73:de.1:118:1. FC Köln:Eintracht Frankfurt,de.1,1972-73,1. FC Köln,Eintracht Frankfurt,3,1
1972-11-21,1972-73:de.1:119:Bayern München:Fortuna Düsseldorf,de.1,1972-73,Bayern München,Fortuna Düsseldorf,3,2
1972-11-21,1972-73:de.1:120:FC Schalke 04:Bor. Mönchengladbach,de.1,1972-73,FC Schalke 04,Bor. Mönchengladbach,2,2
1972-11-22,1972-73:de.1:121:Eintracht Braunschweig:Hamburger SV,de.1,1972-73,Eintracht Braunschweig,Hamburger SV,1,1
1972-11-22,1972-73:de.1:122:Werder Bremen:Hannover 96,de.1,1972-73,Werder Bremen,Hannover 96,3,1
1972-11-22,1972-73:de.1:123:Kickers Offenbach:VfL Bochum,de.1,1972-73,Kickers Offenbach,VfL Bochum,4,0
1972-11-25,1972-73:de.1:124:Hannover 96:Eintracht Braunschweig,de.1,1972-73,Hannover 96,Eintracht Braunschweig,2,1
1972-11-25,1972-73:de.1:125:Eintracht Frankfurt:Bor. Mönchengladbach,de.1,1972-73,Eintracht Frankfurt,Bor. Mönchengladbach,3,0
1972-11-25,1972-73:de.1:126:MSV Duisburg:Wuppertaler SV,de.1,1972-73,MSV Duisburg,Wuppertaler SV,0,0
1972-11-25,1972-73:de.1:127:VfB Stuttgart:FC Schalke 04,de.1,1972-73,VfB Stuttgart,FC Schalke 04,6,2
1972-11-25,1972-73:de.1:128:1. FC Kaiserslautern:Werder Bremen,de.1,1972-73,1. FC Kaiserslautern,Werder Bremen,3,1
1972-11-25,1972-73:de.1:129:1. FC Köln:Kickers Offenbach,de.1,1972-73,1. FC Köln,Kickers Offenbach,1,1
1972-11-25,1972-73:de.1:130:Hamburger SV:Hertha BSC,de.1,1972-73,Hamburger SV,Hertha BSC,4,0
1972-11-25,1972-73:de.1:131:Fortuna Düsseldorf:Rot-Weiß Oberhausen,de.1,1972-73,Fortuna Düsseldorf,Rot-Weiß Oberhausen,3,1
1972-11-25,1972-73:de.1:132:VfL Bochum:Bayern München,de.1,1972-73,VfL Bochum,Bayern München,0,2
1972-11-28,1972-73:de.1:133:Eintracht Braunschweig:Eintracht Frankfurt,de.1,1972-73,Eintracht Braunschweig,Eintracht Frankfurt,2,1
1972-12-01,1972-73:de.1:134:Rot-Weiß Oberhausen:VfL Bochum,de.1,1972-73,Rot-Weiß Oberhausen,VfL Bochum,1,1
1972-12-02,1972-73:de.1:135:Eintracht Frankfurt:VfB Stuttgart,de.1,1972-73,Eintracht Frankfurt,VfB Stuttgart,2,1
1972-12-02,1972-73:de.1:136:Eintracht Braunschweig:1. FC Kaiserslautern,de.1,1972-73,Eintracht Braunschweig,1. FC Kaiserslautern,0,0
1972-12-02,1972-73:de.1:137:Wuppertaler SV:Hamburger SV,de.1,1972-73,Wuppertaler SV,Hamburger SV,5,1
1972-12-02,1972-73:de.1:138:FC Schalke 04:MSV Duisburg,de.1,1972-73,FC Schalke 04,MSV Duisburg,1,1
1972-12-02,1972-73:de.1:139:Bor. Mönchengladbach:1. FC Köln,de.1,1972-73,Bor. Mönchengladbach,1. FC Köln,5,2
1972-12-02,1972-73:de.1:140:Bayern München:Kickers Offenbach,de.1,1972-73,Bayern München,Kickers Offenbach,3,1
1972-12-02,1972-73:de.1:141:Hertha BSC:Hannover 96,de.1,1972-73,Hertha BSC,Hannover 96,2,1
1972-12-02,1972-73:de.1:142:Werder Bremen:Fortuna Düsseldorf,de.1,1972-73,Werder Bremen,Fortuna Düsseldorf,1,3
1972-12-06,1972-73:de.1:143:Werder Bremen:Bor. Mönchengladbach,de.1,1972-73,Werder Bremen,Bor. Mönchengladbach,1,1
1972-12-15,1972-73:de.1:144:VfL Bochum:Werder Bremen,de.1,1972-73,VfL Bochum,Werder Bremen,2,0
1972-12-16,1972-73:de.1:145:Kickers Offenbach:Rot-Weiß Oberhausen,de.1,1972-73,Kickers Offenbach,Rot-Weiß Oberhausen,4,0
1972-12-16,1972-73:de.1:146:MSV Duisburg:Eintracht Frankfurt,de.1,1972-73,MSV Duisburg,Eintracht Frankfurt,2,1
1972-12-16,1972-73:de.1:147:VfB Stuttgart:Bor. Mönchengladbach,de.1,1972-73,VfB Stuttgart,Bor. Mönchengladbach,3,0
1972-12-16,1972-73:de.1:148:Hannover 96:Wuppertaler SV,de.1,1972-73,Hannover 96,Wuppertaler SV,1,1
1972-12-16,1972-73:de.1:149:1. FC Köln:Bayern München,de.1,1972-73,1. FC Köln,Bayern München,2,1
1972-12-16,1972-73:de.1:150:1. FC Kaiserslautern:Hertha BSC,de.1,1972-73,1. FC Kaiserslautern,Hertha BSC,2,2
1972-12-16,1972-73:de.1:151:Hamburger SV:FC Schalke 04,de.1,1972-73,Hamburger SV,FC Schalke 04,0,1
1972-12-16,1972-73:de.1:152:Fortuna Düsseldorf:Eintracht Braunschweig,de.1,1972-73,Fortuna Düsseldorf,Eintracht Braunschweig,2,0
1972-12-23,1972-73:de.1:153:Rot-Weiß Oberhausen:1. FC Kaiserslautern,de.1,1972-73,Rot-Weiß Oberhausen,1. FC Kaiserslautern,3,1
1973-01-20,1972-73:de.1:154:MSV Duisburg:Bor. Mönchengladbach,de.1,1972-73,MSV Duisburg,Bor. Mönchengladbach,2,2
1973-01-20,1972-73:de.1:155:Bayern München:Rot-Weiß Oberhausen,de.1,1972-73,Bayern München,Rot-Weiß Oberhausen,5,3
1973-01-20,1972-73:de.1:156:Hamburger SV:Eintracht Frankfurt,de.1,1972-73,Hamburger SV,Eintracht Frankfurt,3,1
1973-01-20,1972-73:de.1:157:VfL Bochum:Eintracht Braunschweig,de.1,1972-73,VfL Bochum,Eintracht Braunschweig,2,2
1973-01-20,1972-73:de.1:158:Hannover 96:FC Schalke 04,de.1,1972-73,Hannover 96,FC Schalke 04,1,0
1973-01-20,1972-73:de.1:159:Fortuna Düsseldorf:Hertha BSC,de.1,1972-73,Fortuna Düsseldorf,Hertha BSC,3,1
1973-01-20,1972-73:de.1:160:1. FC Kaiserslautern:Wuppertaler SV,de.1,1972-73,1. FC Kaiserslautern,Wuppertaler SV,1,1
1973-01-20,1972-73:de.1:161:1. FC Köln:VfB Stuttgart,de.1,1972-73,1. FC Köln,VfB Stuttgart,5,1
1973-01-20,1972-73:de.1:162:Kickers Offenbach:Werder Bremen,de.1,1972-73,Kickers Offenbach,Werder Bremen,2,1
1973-01-27,1972-73:de.1:163:Werder Bremen:Bayern München,de.1,1972-73,Werder Bremen,Bayern München,1,0
1973-01-27,1972-73:de.1:164:Rot-Weiß Oberhausen:1. FC Köln,de.1,1972-73,Rot-Weiß Oberhausen,1. FC Köln,2,2
1973-01-27,1972-73:de.1:165:FC Schalke 04:1. FC Kaiserslautern,de.1,1972-73,FC Schalke 04,1. FC Kaiserslautern,2,2
1973-01-27,1972-73:de.1:166:Bor. Mönchengladbach:Hamburger SV,de.1,1972-73,Bor. Mönchengladbach,Hamburger SV,6,1
1973-01-27,1972-73:de.1:167:Eintracht Braunschweig:Kickers Offenbach,de.1,1972-73,Eintracht Braunschweig,Kickers Offenbach,2,2
1973-01-27,1972-73:de.1:168:VfB Stuttgart:MSV Duisburg,de.1,1972-73,VfB Stuttgart,MSV Duisburg,3,4
1973-02-02,1972-73:de.1:169:1. FC Köln:MSV Duisburg,de.1,1972-73,1. FC Köln,MSV Duisburg,3,1
1973-02-03,1972-73:de.1:170:Hannover 96:Bor. Mönchengladbach,de.1,1972-73,Hannover 96,Bor. Mönchengladbach,1,2
1973-02-03,1972-73:de.1:171:Fortuna Düsseldorf:FC Schalke 04,de.1,1972-73,Fortuna Düsseldorf,FC Schalke 04,1,1
1973-02-03,1972-73:de.1:172:VfL Bochum:Wuppertaler SV,de.1,1972-73,VfL Bochum,Wuppertaler SV,2,2
1973-02-03,1972-73:de.1:173:Bayern München:Eintracht Braunschweig,de.1,1972-73,Bayern München,Eintracht Braunschweig,3,0
1973-02-03,1972-73:de.1:174:Rot-Weiß Oberhausen:Werder Bremen,de.1,1972-73,Rot-Weiß Oberhausen,Werder Bremen,2,3
1973-02-03,1972-73:de.1:175:Hamburger SV:VfB Stuttgart,de.1,1972-73,Hamburger SV,VfB Stuttgart,2,0
1973-02-03,1972-73:de.1:176:1. FC Kaiserslautern:Eintracht Frankfurt,de.1,1972-73,1. FC Kaiserslautern,Eintracht Frankfurt,0,1
1973-02-03,1972-73:de.1:177:Kickers Offenbach:Hertha BSC,de.1,1972-73,Kickers Offenbach,Hertha BSC,0,0
1973-02-10,1972-73:de.1:178:Bor. Mönchengladbach:1. FC Kaiserslautern,de.1,1972-73,Bor. Mönchengladbach,1. FC Kaiserslautern,6,2
1973-02-10,1972-73:de.1:179:Wuppertaler SV:Kickers Offenbach,de.1,1972-73,Wuppertaler SV,Kickers Offenbach,4,3
1973-02-10,1972-73:de.1:180:FC Schalke 04:VfL Bochum,de.1,1972-73,FC Schalke 04,VfL Bochum,2,0
1973-02-10,1972-73:de.1:181:VfB Stuttgart:Hannover 96,de.1,1972-73,VfB Stuttgart,Hannover 96,2,0
1973-02-10,1972-73:de.1:182:Hertha BSC:Bayern München,de.1,1972-73,Hertha BSC,Bayern München,2,5
1973-02-10,1972-73:de.1:183:Eintracht Frankfurt:Fortuna Düsseldorf,de.1,1972-73,Eintracht Frankfurt,Fortuna Düsseldorf,2,1
1973-02-10,1972-73:de.1:184:Eintracht Braunschweig:Rot-Weiß Oberhausen,de.1,1972-73,Eintracht Braunschweig,Rot-Weiß Oberhausen,3,1
1973-02-10,1972-73:de.1:185:MSV Duisburg:Hamburger SV,de.1,1972-73,MSV Duisburg,Hamburger SV,3,0
1973-02-17,1972-73:de.1:186:VfL Bochum:Eintracht Frankfurt,de.1,1972-73,VfL Bochum,Eintracht Frankfurt,2,1
1973-02-17,1972-73:de.1:187:Bayern München:Wuppertaler SV,de.1,1972-73,Bayern München,Wuppertaler SV,4,1
1973-02-17,1972-73:de.1:188:Kickers Offenbach:FC Schalke 04,de.1,1972-73,Kickers Offenbach,FC Schalke 04,2,0
1973-02-17,1972-73:de.1:189:1. FC Köln:Hamburger SV,de.1,1972-73,1. FC Köln,Hamburger SV,2,1
1973-02-17,1972-73:de.1:190:Rot-Weiß Oberhausen:Hertha BSC,de.1,1972-73,Rot-Weiß Oberhausen,Hertha BSC,2,1
1973-02-17,1972-73:de.1:191:Fortuna Düsseldorf:Bor. Mönchengladbach,de.1,1972-73,Fortuna Düsseldorf,Bor. Mönchengladbach,1,3
1973-02-17,1972-73:de.1:192:Hannover 96:MSV Duisburg,de.1,1972-73,Hannover 96,MSV Duisburg,3,3
1973-02-17,1972-73:de.1:193:1. FC Kaiserslautern:VfB Stuttgart,de.1,1972-73,1. FC Kaiserslautern,VfB Stuttgart,2,1
1973-02-17,1972-73:de.1:194:Werder Bremen:Eintracht Braunschweig,de.1,1972-73,Werder Bremen,Eintracht Braunschweig,4,2
1973-02-23,1972-73:de.1:195:MSV Duisburg:1. FC Kaiserslautern,de.1,1972-73,MSV Duisburg,1. FC Kaiserslautern,3,4
1973-02-23,1972-73:de.1:196:Bor. Mönchengladbach:VfL Bochum,de.1,1972-73,Bor. Mönchengladbach,VfL Bochum,6,0
1973-02-24,1972-73:de.1:197:Wuppertaler SV:Rot-Weiß Oberhausen,de.1,1972-73,Wuppertaler SV,Rot-Weiß Oberhausen,3,1
1973-02-24,1972-73:de.1:198:FC Schalke 04:Bayern München,de.1,1972-73,FC Schalke 04,Bayern München,1,1
1973-02-24,1972-73:de.1:199:Eintracht Braunschweig:1. FC Köln,de.1,1972-73,Eintracht Braunschweig,1. FC Köln,2,0
1973-02-24,1972-73:de.1:200:Hertha BSC:Werder Bremen,de.1,1972-73,Hertha BSC,Werder Bremen,2,1
1973-02-24,1972-73:de.1:201:Hamburger SV:Hannover 96,de.1,1972-73,Hamburger SV,Hannover 96,2,0
1973-02-24,1972-73:de.1:202:Eintracht Frankfurt:Kickers Offenbach,de.1,1972-73,Eintracht Frankfurt,Kickers Offenbach,0,3
1973-02-24,1972-73:de.1:203:VfB Stuttgart:Fortuna Düsseldorf,de.1,1972-73,VfB Stuttgart,Fortuna Düsseldorf,2,2
1973-03-09,1972-73:de.1:204:1. FC Kaiserslautern:Hamburger SV,de.1,1972-73,1. FC Kaiserslautern,Hamburger SV,2,2
1973-03-10,1972-73:de.1:205:Bayern München:Eintracht Frankfurt,de.1,1972-73,Bayern München,Eintracht Frankfurt,3,1
1973-03-10,1972-73:de.1:206:VfL Bochum:VfB Stuttgart,de.1,1972-73,VfL Bochum,VfB Stuttgart,3,1
1973-03-10,1972-73:de.1:207:Fortuna Düsseldorf:MSV Duisburg,de.1,1972-73,Fortuna Düsseldorf,MSV Duisburg,2,1
1973-03-10,1972-73:de.1:208:Kickers Offenbach:Bor. Mönchengladbach,de.1,1972-73,Kickers Offenbach,Bor. Mönchengladbach,2,1
1973-03-10,1972-73:de.1:209:Rot-Weiß Oberhausen:FC Schalke 04,de.1,1972-73,Rot-Weiß Oberhausen,FC Schalke 04,2,1
1973-03-10,1972-73:de.1:210:Eintracht Braunschweig:Hertha BSC,de.1,1972-73,Eintracht Braunschweig,Hertha BSC,2,1
1973-03-10,1972-73:de.1:211:Werder Bremen:Wuppertaler SV,de.1,1972-73,Werder Bremen,Wuppertaler SV,0,1
1973-03-10,1972-73:de.1:212:1. FC Köln:Hannover 96,de.1,1972-73,1. FC Köln,Hannover 96,3,3
1973-03-17,1972-73:de.1:213:Eintracht Frankfurt:Rot-Weiß Oberhausen,de.1,1972-73,Eintracht Frankfurt,Rot-Weiß Oberhausen,2,1
1973-03-17,1972-73:de.1:214:Bor. Mönchengladbach:Bayern München,de.1,1972-73,Bor. Mönchengladbach,Bayern München,0,3
1973-03-17,1972-73:de.1:215:MSV Duisburg:VfL Bochum,de.1,1972-73,MSV Duisburg,VfL Bochum,0,1
1973-03-17,1972-73:de.1:216:FC Schalke 04:Werder Bremen,de.1,1972-73,FC Schalke 04,Werder Bremen,1,2
1973-03-17,1972-73:de.1:217:Hannover 96:1. FC Kaiserslautern,de.1,1972-73,Hannover 96,1. FC Kaiserslautern,2,3
1973-03-17,1972-73:de.1:218:Hertha BSC:1. FC Köln,de.1,1972-73,Hertha BSC,1. FC Köln,1,1
1973-03-17,1972-73:de.1:219:Hamburger SV:Fortuna Düsseldorf,de.1,1972-73,Hamburger SV,Fortuna Düsseldorf,2,1
1973-03-17,1972-73:de.1:220:Wuppertaler SV:Eintracht Braunschweig,de.1,1972-73,Wuppertaler SV,Eintracht Braunschweig,2,1
1973-03-17,1972-73:de.1:221:VfB Stuttgart:Kickers Offenbach,de.1,1972-73,VfB Stuttgart,Kickers Offenbach,4,2
1973-03-20,1972-73:de.1:222:Werder Bremen:1. FC Köln,de.1,1972-73,Werder Bremen,1. FC Köln,2,1
1973-03-24,1972-73:de.1:223:Rot-Weiß Oberhausen:Bor. Mönchengladbach,de.1,1972-73,Rot-Weiß Oberhausen,Bor. Mönchengladbach,1,3
1973-03-24,1972-73:de.1:224:Werder Bremen:Eintracht Frankfurt,de.1,1972-73,Werder Bremen,Eintracht Frankfurt,2,0
1973-03-24,1972-73:de.1:225:Eintracht Braunschweig:FC Schalke 04,de.1,1972-73,Eintracht Braunschweig,FC Schalke 04,1,1
1973-03-24,1972-73:de.1:226:VfL Bochum:Hamburger SV,de.1,1972-73,VfL Bochum,Hamburger SV,3,3
1973-03-24,1972-73:de.1:227:Bayern München:VfB Stuttgart,de.1,1972-73,Bayern München,VfB Stuttgart,5,1
1973-03-24,1972-73:de.1:228:Hertha BSC:Wuppertaler SV,de.1,1972-73,Hertha BSC,Wuppertaler SV,0,1
1973-03-24,1972-73:de.1:229:Kickers Offenbach:MSV Duisburg,de.1,1972-73,Kickers Offenbach,MSV Duisburg,4,1
1973-03-24,1972-73:de.1:230:1. FC Köln:1. FC Kaiserslautern,de.1,1972-73,1. FC Köln,1. FC Kaiserslautern,2,0
1973-03-24,1972-73:de.1:231:Fortuna Düsseldorf:Hannover 96,de.1,1972-73,Fortuna Düsseldorf,Hannover 96,0,1
1973-03-31,1972-73:de.1:232:Wuppertaler SV:1. FC Köln,de.1,1972-73,Wuppertaler SV,1. FC Köln,2,2
1973-03-31,1972-73:de.1:233:1. FC Kaiserslautern:Fortuna Düsseldorf,de.1,1972-73,1. FC Kaiserslautern,Fortuna Düsseldorf,1,1
1973-03-31,1972-73:de.1:234:MSV Duisburg:Bayern München,de.1,1972-73,MSV Duisburg,Bayern München,2,0
1973-03-31,1972-73:de.1:235:Hamburger SV:Kickers Offenbach,de.1,1972-73,Hamburger SV,Kickers Offenbach,1,0
1973-03-31,1972-73:de.1:236:FC Schalke 04:Hertha BSC,de.1,1972-73,FC Schalke 04,Hertha BSC,1,1
1973-03-31,1972-73:de.1:237:Eintracht Frankfurt:Eintracht Braunschweig,de.1,1972-73,Eintracht Frankfurt,Eintracht Braunschweig,1,0
1973-03-31,1972-73:de.1:238:Hannover 96:VfL Bochum,de.1,1972-73,Hannover 96,VfL Bochum,1,1
1973-03-31,1972-73:de.1:239:VfB Stuttgart:Rot-Weiß Oberhausen,de.1,1972-73,VfB Stuttgart,Rot-Weiß Oberhausen,3,0
1973-03-31,1972-73:de.1:240:Bor. Mönchengladbach:Werder Bremen,de.1,1972-73,Bor. Mönchengladbach,Werder Bremen,3,1
1973-04-06,1972-73:de.1:241:Eintracht Braunschweig:Bor. Mönchengladbach,de.1,1972-73,Eintracht Braunschweig,Bor. Mönchengladbach,0,0
1973-04-06,1972-73:de.1:242:VfL Bochum:1. FC Kaiserslautern,de.1,1972-73,VfL Bochum,1. FC Kaiserslautern,3,0
1973-04-06,1972-73:de.1:243:Kickers Offenbach:Hannover 96,de.1,1972-73,Kickers Offenbach,Hannover 96,2,1
1973-04-07,1972-73:de.1:244:1. FC Köln:Fortuna Düsseldorf,de.1,1972-73,1. FC Köln,Fortuna Düsseldorf,1,0
1973-04-07,1972-73:de.1:245:Hertha BSC:Eintracht Frankfurt,de.1,1972-73,Hertha BSC,Eintracht Frankfurt,3,1
1973-04-07,1972-73:de.1:246:Wuppertaler SV:FC Schalke 04,de.1,1972-73,Wuppertaler SV,FC Schalke 04,4,1
1973-04-07,1972-73:de.1:247:Werder Bremen:VfB Stuttgart,de.1,1972-73,Werder Bremen,VfB Stuttgart,0,2
1973-04-07,1972-73:de.1:248:Rot-Weiß Oberhausen:MSV Duisburg,de.1,1972-73,Rot-Weiß Oberhausen,MSV Duisburg,4,0
1973-04-07,1972-73:de.1:249:Bayern München:Hamburger SV,de.1,1972-73,Bayern München,Hamburger SV,1,0
1973-04-13,1972-73:de.1:250:Eintracht Frankfurt:Hannover 96,de.1,1972-73,Eintracht Frankfurt,Hannover 96,2,0
1973-04-14,1972-73:de.1:251:Wuppertaler SV:Fortuna Düsseldorf,de.1,1972-73,Wuppertaler SV,Fortuna Düsseldorf,1,1
1973-04-21,1972-73:de.1:252:Hertha BSC:VfL Bochum,de.1,1972-73,Hertha BSC,VfL Bochum,2,0
1973-04-27,1972-73:de.1:253:MSV Duisburg:Werder Bremen,de.1,1972-73,MSV Duisburg,Werder Bremen,1,2
1973-04-27,1972-73:de.1:254:VfB Stuttgart:Eintracht Braunschweig,de.1,1972-73,VfB Stuttgart,Eintracht Braunschweig,4,0
1973-04-27,1972-73:de.1:255:1. FC Kaiserslautern:Kickers Offenbach,de.1,1972-73,1. FC Kaiserslautern,Kickers Offenbach,3,1
1973-04-28,1972-73:de.1:256:Hannover 96:Bayern München,de.1,1972-73,Hannover 96,Bayern München,1,3
1973-04-28,1972-73:de.1:257:Eintracht Frankfurt:Wuppertaler SV,de.1,1972-73,Eintracht Frankfurt,Wuppertaler SV,2,1
1973-04-28,1972-73:de.1:258:Hamburger SV:Rot-Weiß Oberhausen,de.1,1972-73,Hamburger SV,Rot-Weiß Oberhausen,6,0
1973-04-28,1972-73:de.1:259:Bor. Mönchengladbach:Hertha BSC,de.1,1972-73,Bor. Mönchengladbach,Hertha BSC,2,2
1973-04-28,1972-73:de.1:260:Fortuna Düsseldorf:VfL Bochum,de.1,1972-73,Fortuna Düsseldorf,VfL Bochum,1,1
1973-05-04,1972-73:de.1:261:1. FC Köln:VfL Bochum,de.1,1972-73,1. FC Köln,VfL Bochum,2,1
1973-05-04,1972-73:de.1:262:Eintracht Braunschweig:MSV Duisburg,de.1,1972-73,Eintracht Braunschweig,MSV Duisburg,1,1
1973-05-05,1972-73:de.1:263:Kickers Offenbach:Fortuna Düsseldorf,de.1,1972-73,Kickers Offenbach,Fortuna Düsseldorf,1,1
1973-05-05,1972-73:de.1:264:Hertha BSC:VfB Stuttgart,de.1,1972-73,Hertha BSC,VfB Stuttgart,5,1
1973-05-05,1972-73:de.1:265:Bayern München:1. FC Kaiserslautern,de.1,1972-73,Bayern München,1. FC Kaiserslautern,6,0
1973-05-05,1972-73:de.1:266:Werder Bremen:Hamburger SV,de.1,1972-73,Werder Bremen,Hamburger SV,1,4
1973-05-05,1972-73:de.1:267:Rot-Weiß Oberhausen:Hannover 96,de.1,1972-73,Rot-Weiß Oberhausen,Hannover 96,1,0
1973-05-05,1972-73:de.1:268:Wuppertaler SV:Bor. Mönchengladbach,de.1,1972-73,Wuppertaler SV,Bor. Mönchengladbach,0,5
1973-05-05,1972-73:de.1:269:FC Schalke 04:Eintracht Frankfurt,de.1,1972-73,FC Schalke 04,Eintracht Frankfurt,3,2
1973-05-19,1972-73:de.1:270:VfL Bochum:Kickers Offenbach,de.1,1972-73,VfL Bochum,Kickers Offenbach,2,3
1973-05-19,1972-73:de.1:271:1. FC Kaiserslautern:Rot-Weiß Oberhausen,de.1,1972-73,1. FC Kaiserslautern,Rot-Weiß Oberhausen,6,2
1973-05-19,1972-73:de.1:272:Fortuna Düsseldorf:Bayern München,de.1,1972-73,Fortuna Düsseldorf,Bayern München,0,0
1973-05-19,1972-73:de.1:273:Eintracht Frankfurt:1. FC Köln,de.1,1972-73,Eintracht Frankfurt,1. FC Köln,5,0
1973-05-19,1972-73:de.1:274:MSV Duisburg:Hertha BSC,de.1,1972-73,MSV Duisburg,Hertha BSC,2,1
1973-05-19,1972-73:de.1:275:Hannover 96:Werder Bremen,de.1,1972-73,Hannover 96,Werder Bremen,2,2
1973-05-19,1972-73:de.1:276:Bor. Mönchengladbach:FC Schalke 04,de.1,1972-73,Bor. Mönchengladbach,FC Schalke 04,4,1
1973-05-19,1972-73:de.1:277:Hamburger SV:Eintracht Braunschweig,de.1,1972-73,Hamburger SV,Eintracht Braunschweig,1,0
1973-05-19,1972-73:de.1:278:VfB Stuttgart:Wuppertaler SV,de.1,1972-73,VfB Stuttgart,Wuppertaler SV,4,2
1973-05-26,1972-73:de.1:279:Bayern München:VfL Bochum,de.1,1972-73,Bayern München,VfL Bochum,5,1
1973-05-26,1972-73:de.1:280:Rot-Weiß Oberhausen:Fortuna Düsseldorf,de.1,1972-73,Rot-Weiß Oberhausen,Fortuna Düsseldorf,0,3
1973-05-26,1972-73:de.1:281:Hertha BSC:Hamburger SV,de.1,1972-73,Hertha BSC,Hamburger SV,2,1
1973-05-26,1972-73:de.1:282:Werder Bremen:1. FC Kaiserslautern,de.1,1972-73,Werder Bremen,1. FC Kaiserslautern,5,1
1973-05-26,1972-73:de.1:283:Wuppertaler SV:MSV Duisburg,de.1,1972-73,Wuppertaler SV,MSV Duisburg,5,0
1973-05-26,1972-73:de.1:284:Eintracht Braunschweig:Hannover 96,de.1,1972-73,Eintracht Braunschweig,Hannover 96,3,2
1973-05-26,1972-73:de.1:285:Bor. Mönchengladbach:Eintracht Frankfurt,de.1,1972-73,Bor. Mönchengladbach,Eintracht Frankfurt,0,2
1973-05-26,1972-73:de.1:286:Kickers Offenbach:1. FC Köln,de.1,1972-73,Kickers Offenbach,1. FC Köln,2,3
1973-05-26,1972-73:de.1:287:FC Schalke 04:VfB Stuttgart,de.1,1972-73,FC Schalke 04,VfB Stuttgart,2,0
1973-05-28,1972-73:de.1:288:FC Schalke 04:1. FC Köln,de.1,1972-73,FC Schalke 04,1. FC Köln,2,2
1973-06-02,1972-73:de.1:289:VfL Bochum:Rot-Weiß Oberhausen,de.1,1972-73,VfL Bochum,Rot-Weiß Oberhausen,2,2
1973-06-02,1972-73:de.1:290:1. FC Köln:Bor. Mönchengladbach,de.1,1972-73,1. FC Köln,Bor. Mönchengladbach,3,1
1973-06-02,1972-73:de.1:291:Kickers Offenbach:Bayern München,de.1,1972-73,Kickers Offenbach,Bayern München,0,3
1973-06-02,1972-73:de.1:292:VfB Stuttgart:Eintracht Frankfurt,de.1,1972-73,VfB Stuttgart,Eintracht Frankfurt,2,2
1973-06-02,1972-73:de.1:293:Fortuna Düsseldorf:Werder Bremen,de.1,1972-73,Fortuna Düsseldorf,Werder Bremen,2,1
1973-06-02,1972-73:de.1:294:Hamburger SV:Wuppertaler SV,de.1,1972-73,Hamburger SV,Wuppertaler SV,2,2
1973-06-02,1972-73:de.1:295:1. FC Kaiserslautern:Eintracht Braunschweig,de.1,1972-73,1. FC Kaiserslautern,Eintracht Braunschweig,3,0
1973-06-02,1972-73:de.1:296:Hannover 96:Hertha BSC,de.1,1972-73,Hannover 96,Hertha BSC,2,0
1973-06-02,1972-73:de.1:297:MSV Duisburg:FC Schalke 04,de.1,1972-73,MSV Duisburg,FC Schalke 04,0,1
1973-06-09,1972-73:de.1:298:Werder Bremen:VfL Bochum,de.1,1972-73,Werder Bremen,VfL Bochum,5,2
1973-06-09,1972-73:de.1:299:Bor. Mönchengladbach:VfB Stuttgart,de.1,1972-73,Bor. Mönchengladbach,VfB Stuttgart,3,4
1973-06-09,1972-73:de.1:300:Rot-Weiß Oberhausen:Kickers Offenbach,de.1,1972-73,Rot-Weiß Oberhausen,Kickers Offenbach,2,1
1973-06-09,1972-73:de.1:301:Eintracht Frankfurt:MSV Duisburg,de.1,1972-73,Eintracht Frankfurt,MSV Duisburg,1,3
1973-06-09,1972-73:de.1:302:Hertha BSC:1. FC Kaiserslautern,de.1,1972-73,Hertha BSC,1. FC Kaiserslautern,4,1
1973-06-09,1972-73:de.1:303:FC Schalke 04:Hamburger SV,de.1,1972-73,FC Schalke 04,Hamburger SV,2,0
1973-06-09,1972-73:de.1:304:Eintracht Braunschweig:Fortuna Düsseldorf,de.1,1972-73,Eintracht Braunschweig,Fortuna Düsseldorf,1,2
1973-06-09,1972-73:de.1:305:Wuppertaler SV:Hannover 96,de.1,1972-73,Wuppertaler SV,Hannover 96,0,4
1973-06-09,1972-73:de.1:306:Bayern München:1. FC Köln,de.1,1972-73,Bayern München,1. FC Köln,1,1
1973-08-11,1973-74:de.1:1:Bor. Mönchengladbach:Fortuna Köln,de.1,1973-74,Bor. Mönchengladbach,Fortuna Köln,3,1
1973-08-11,1973-74:de.1:2:1. FC Köln:Eintracht Frankfurt,de.1,1973-74,1. FC Köln,Eintracht Frankfurt,1,1
1973-08-11,1973-74:de.1:3:Kickers Offenbach:Rot-Weiss Essen,de.1,1973-74,Kickers Offenbach,Rot-Weiss Essen,1,1
1973-08-11,1973-74:de.1:4:1. FC Kaiserslautern:Werder Bremen,de.1,1973-74,1. FC Kaiserslautern,Werder Bremen,2,2
1973-08-11,1973-74:de.1:5:Hamburger SV:Hertha BSC,de.1,1973-74,Hamburger SV,Hertha BSC,0,2
1973-08-11,1973-74:de.1:6:VfB Stuttgart:FC Schalke 04,de.1,1973-74,VfB Stuttgart,FC Schalke 04,3,0
1973-08-11,1973-74:de.1:7:VfL Bochum:Wuppertaler SV,de.1,1973-74,VfL Bochum,Wuppertaler SV,2,1
1973-08-11,1973-74:de.1:8:MSV Duisburg:Hannover 96,de.1,1973-74,MSV Duisburg,Hannover 96,1,1
1973-08-11,1973-74:de.1:9:Bayern München:Fortuna Düsseldorf,de.1,1973-74,Bayern München,Fortuna Düsseldorf,3,1
1973-08-17,1973-74:de.1:10:Werder Bremen:VfB Stuttgart,de.1,1973-74,Werder Bremen,VfB Stuttgart,1,1
1973-08-17,1973-74:de.1:11:FC Schalke 04:VfL Bochum,de.1,1973-74,FC Schalke 04,VfL Bochum,3,1
1973-08-18,1973-74:de.1:12:Fortuna Köln:Bayern München,de.1,1973-74,Fortuna Köln,Bayern München,0,3
1973-08-18,1973-74:de.1:13:Rot-Weiss Essen:Bor. Mönchengladbach,de.1,1973-74,Rot-Weiss Essen,Bor. Mönchengladbach,2,6
1973-08-18,1973-74:de.1:14:Hertha BSC:Kickers Offenbach,de.1,1973-74,Hertha BSC,Kickers Offenbach,2,2
1973-08-18,1973-74:de.1:15:Wuppertaler SV:Hamburger SV,de.1,1973-74,Wuppertaler SV,Hamburger SV,3,0
1973-08-18,1973-74:de.1:16:Fortuna Düsseldorf:1. FC Köln,de.1,1973-74,Fortuna Düsseldorf,1. FC Köln,3,0
1973-08-18,1973-74:de.1:17:Hannover 96:1. FC Kaiserslautern,de.1,1973-74,Hannover 96,1. FC Kaiserslautern,4,2
1973-08-18,1973-74:de.1:18:Eintracht Frankfurt:MSV Duisburg,de.1,1973-74,Eintracht Frankfurt,MSV Duisburg,3,0
1973-08-21,1973-74:de.1:19:1. FC Kaiserslautern:Eintracht Frankfurt,de.1,1973-74,1. FC Kaiserslautern,Eintracht Frankfurt,1,4
1973-08-21,1973-74:de.1:20:MSV Duisburg:1. FC Köln,de.1,1973-74,MSV Duisburg,1. FC Köln,5,1
1973-08-21,1973-74:de.1:21:Kickers Offenbach:Wuppertaler SV,de.1,1973-74,Kickers Offenbach,Wuppertaler SV,0,1
1973-08-21,1973-74:de.1:22:VfB Stuttgart:Hannover 96,de.1,1973-74,VfB Stuttgart,Hannover 96,5,1
1973-08-21,1973-74:de.1:23:Fortuna Köln:Fortuna Düsseldorf,de.1,1973-74,Fortuna Köln,Fortuna Düsseldorf,1,1
1973-08-21,1973-74:de.1:24:Hamburger SV:FC Schalke 04,de.1,1973-74,Hamburger SV,FC Schalke 04,5,2
1973-08-21,1973-74:de.1:25:VfL Bochum:Werder Bremen,de.1,1973-74,VfL Bochum,Werder Bremen,0,0
1973-08-21,1973-74:de.1:26:Bayern München:Rot-Weiss Essen,de.1,1973-74,Bayern München,Rot-Weiss Essen,2,0
1973-08-25,1973-74:de.1:27:Fortuna Düsseldorf:MSV Duisburg,de.1,1973-74,Fortuna Düsseldorf,MSV Duisburg,2,1
1973-08-25,1973-74:de.1:28:1. FC Köln:1. FC Kaiserslautern,de.1,1973-74,1. FC Köln,1. FC Kaiserslautern,3,1
1973-08-25,1973-74:de.1:29:Eintracht Frankfurt:VfB Stuttgart,de.1,1973-74,Eintracht Frankfurt,VfB Stuttgart,4,3
1973-08-25,1973-74:de.1:30:Hannover 96:VfL Bochum,de.1,1973-74,Hannover 96,VfL Bochum,1,2
1973-08-25,1973-74:de.1:31:FC Schalke 04:Kickers Offenbach,de.1,1973-74,FC Schalke 04,Kickers Offenbach,0,2
1973-08-25,1973-74:de.1:32:Hertha BSC:Bayern München,de.1,1973-74,Hertha BSC,Bayern München,2,2
1973-08-25,1973-74:de.1:33:Wuppertaler SV:Bor. Mönchengladbach,de.1,1973-74,Wuppertaler SV,Bor. Mönchengladbach,2,4
1973-08-25,1973-74:de.1:34:Rot-Weiss Essen:Fortuna Köln,de.1,1973-74,Rot-Weiss Essen,Fortuna Köln,0,2
1973-08-25,1973-74:de.1:35:Werder Bremen:Hamburger SV,de.1,1973-74,Werder Bremen,Hamburger SV,1,1
1973-08-29,1973-74:de.1:36:Bor. Mönchengladbach:Hertha BSC,de.1,1973-74,Bor. Mönchengladbach,Hertha BSC,1,1
1973-08-31,1973-74:de.1:37:VfL Bochum:Eintracht Frankfurt,de.1,1973-74,VfL Bochum,Eintracht Frankfurt,1,1
1973-08-31,1973-74:de.1:38:Kickers Offenbach:Werder Bremen,de.1,1973-74,Kickers Offenbach,Werder Bremen,4,0
1973-08-31,1973-74:de.1:39:1. FC Kaiserslautern:MSV Duisburg,de.1,1973-74,1. FC Kaiserslautern,MSV Duisburg,2,1
1973-09-01,1973-74:de.1:40:Bayern München:Wuppertaler SV,de.1,1973-74,Bayern München,Wuppertaler SV,3,0
1973-09-01,1973-74:de.1:41:Bor. Mönchengladbach:FC Schalke 04,de.1,1973-74,Bor. Mönchengladbach,FC Schalke 04,6,0
1973-09-01,1973-74:de.1:42:Fortuna Köln:Hertha BSC,de.1,1973-74,Fortuna Köln,Hertha BSC,3,3
1973-09-01,1973-74:de.1:43:Rot-Weiss Essen:Fortuna Düsseldorf,de.1,1973-74,Rot-Weiss Essen,Fortuna Düsseldorf,1,4
1973-09-01,1973-74:de.1:44:Hamburger SV:Hannover 96,de.1,1973-74,Hamburger SV,Hannover 96,1,4
1973-09-01,1973-74:de.1:45:VfB Stuttgart:1. FC Köln,de.1,1973-74,VfB Stuttgart,1. FC Köln,2,1
1973-09-07,1973-74:de.1:46:MSV Duisburg:VfB Stuttgart,de.1,1973-74,MSV Duisburg,VfB Stuttgart,1,0
1973-09-07,1973-74:de.1:47:Hannover 96:Kickers Offenbach,de.1,1973-74,Hannover 96,Kickers Offenbach,2,3
1973-09-08,1973-74:de.1:48:Werder Bremen:Bor. Mönchengladbach,de.1,1973-74,Werder Bremen,Bor. Mönchengladbach,2,3
1973-09-08,1973-74:de.1:49:Fortuna Düsseldorf:1. FC Kaiserslautern,de.1,1973-74,Fortuna Düsseldorf,1. FC Kaiserslautern,2,5
1973-09-08,1973-74:de.1:50:Eintracht Frankfurt:Hamburger SV,de.1,1973-74,Eintracht Frankfurt,Hamburger SV,1,0
1973-09-08,1973-74:de.1:51:FC Schalke 04:Bayern München,de.1,1973-74,FC Schalke 04,Bayern München,5,5
1973-09-08,1973-74:de.1:52:Hertha BSC:Rot-Weiss Essen,de.1,1973-74,Hertha BSC,Rot-Weiss Essen,1,1
1973-09-08,1973-74:de.1:53:1. FC Köln:VfL Bochum,de.1,1973-74,1. FC Köln,VfL Bochum,2,2
1973-09-08,1973-74:de.1:54:Wuppertaler SV:Fortuna Köln,de.1,1973-74,Wuppertaler SV,Fortuna Köln,0,0
1973-09-14,1973-74:de.1:55:Fortuna Köln:FC Schalke 04,de.1,1973-74,Fortuna Köln,FC Schalke 04,1,1
1973-09-14,1973-74:de.1:56:Bor. Mönchengladbach:Hannover 96,de.1,1973-74,Bor. Mönchengladbach,Hannover 96,4,3
1973-09-15,1973-74:de.1:57:VfL Bochum:MSV Duisburg,de.1,1973-74,VfL Bochum,MSV Duisburg,3,0
1973-09-15,1973-74:de.1:58:VfB Stuttgart:1. FC Kaiserslautern,de.1,1973-74,VfB Stuttgart,1. FC Kaiserslautern,3,4
1973-09-15,1973-74:de.1:59:Hertha BSC:Fortuna Düsseldorf,de.1,1973-74,Hertha BSC,Fortuna Düsseldorf,2,0
1973-09-15,1973-74:de.1:60:Hamburger SV:1. FC Köln,de.1,1973-74,Hamburger SV,1. FC Köln,3,1
1973-09-15,1973-74:de.1:61:Bayern München:Werder Bremen,de.1,1973-74,Bayern München,Werder Bremen,2,2
1973-09-15,1973-74:de.1:62:Rot-Weiss Essen:Wuppertaler SV,de.1,1973-74,Rot-Weiss Essen,Wuppertaler SV,2,1
1973-09-21,1973-74:de.1:63:1. FC Kaiserslautern:VfL Bochum,de.1,1973-74,1. FC Kaiserslautern,VfL Bochum,0,2
1973-09-21,1973-74:de.1:64:MSV Duisburg:Hamburger SV,de.1,1973-74,MSV Duisburg,Hamburger SV,0,0
1973-09-22,1973-74:de.1:65:FC Schalke 04:Rot-Weiss Essen,de.1,1973-74,FC Schalke 04,Rot-Weiss Essen,3,1
1973-09-22,1973-74:de.1:66:Wuppertaler SV:Hertha BSC,de.1,1973-74,Wuppertaler SV,Hertha BSC,2,1
1973-09-22,1973-74:de.1:67:1. FC Köln:Kickers Offenbach,de.1,1973-74,1. FC Köln,Kickers Offenbach,2,0
1973-09-22,1973-74:de.1:68:Werder Bremen:Fortuna Köln,de.1,1973-74,Werder Bremen,Fortuna Köln,2,0
1973-09-22,1973-74:de.1:69:Fortuna Düsseldorf:VfB Stuttgart,de.1,1973-74,Fortuna Düsseldorf,VfB Stuttgart,2,0
1973-09-22,1973-74:de.1:70:Hannover 96:Bayern München,de.1,1973-74,Hannover 96,Bayern München,3,1
1973-09-22,1973-74:de.1:71:Eintracht Frankfurt:Bor. Mönchengladbach,de.1,1973-74,Eintracht Frankfurt,Bor. Mönchengladbach,1,0
1973-09-28,1973-74:de.1:72:Rot-Weiss Essen:Werder Bremen,de.1,1973-74,Rot-Weiss Essen,Werder Bremen,3,1
1973-09-28,1973-74:de.1:73:Wuppertaler SV:Fortuna Düsseldorf,de.1,1973-74,Wuppertaler SV,Fortuna Düsseldorf,2,2
1973-09-29,1973-74:de.1:74:Fortuna Köln:Hannover 96,de.1,1973-74,Fortuna Köln,Hannover 96,2,2
1973-09-29,1973-74:de.1:75:Bayern München:Eintracht Frankfurt,de.1,1973-74,Bayern München,Eintracht Frankfurt,2,2
1973-09-29,1973-74:de.1:76:Bor. Mönchengladbach:1. FC Köln,de.1,1973-74,Bor. Mönchengladbach,1. FC Köln,1,1
1973-09-29,1973-74:de.1:77:VfL Bochum:VfB Stuttgart,de.1,1973-74,VfL Bochum,VfB Stuttgart,0,0
1973-09-29,1973-74:de.1:78:Hertha BSC:FC Schalke 04,de.1,1973-74,Hertha BSC,FC Schalke 04,1,0
1973-09-29,1973-74:de.1:79:Kickers Offenbach:MSV Duisburg,de.1,1973-74,Kickers Offenbach,MSV Duisburg,2,0
1973-09-29,1973-74:de.1:80:Hamburger SV:1. FC Kaiserslautern,de.1,1973-74,Hamburger SV,1. FC Kaiserslautern,0,2
1973-10-05,1973-74:de.1:81:Werder Bremen:Hertha BSC,de.1,1973-74,Werder Bremen,Hertha BSC,4,1
1973-10-06,1973-74:de.1:82:Hannover 96:Rot-Weiss Essen,de.1,1973-74,Hannover 96,Rot-Weiss Essen,1,2
1973-10-06,1973-74:de.1:83:1. FC Kaiserslautern:Kickers Offenbach,de.1,1973-74,1. FC Kaiserslautern,Kickers Offenbach,3,0
1973-10-06,1973-74:de.1:84:1. FC Köln:Bayern München,de.1,1973-74,1. FC Köln,Bayern München,4,3
1973-10-06,1973-74:de.1:85:FC Schalke 04:Wuppertaler SV,de.1,1973-74,FC Schalke 04,Wuppertaler SV,4,2
1973-10-06,1973-74:de.1:86:VfB Stuttgart:Hamburger SV,de.1,1973-74,VfB Stuttgart,Hamburger SV,3,0
1973-10-06,1973-74:de.1:87:Eintracht Frankfurt:Fortuna Köln,de.1,1973-74,Eintracht Frankfurt,Fortuna Köln,4,2
1973-10-06,1973-74:de.1:88:MSV Duisburg:Bor. Mönchengladbach,de.1,1973-74,MSV Duisburg,Bor. Mönchengladbach,1,2
1973-10-12,1973-74:de.1:89:Fortuna Düsseldorf:VfL Bochum,de.1,1973-74,Fortuna Düsseldorf,VfL Bochum,1,1
1973-10-16,1973-74:de.1:90:Rot-Weiss Essen:Eintracht Frankfurt,de.1,1973-74,Rot-Weiss Essen,Eintracht Frankfurt,6,3
1973-10-17,1973-74:de.1:91:Wuppertaler SV:Werder Bremen,de.1,1973-74,Wuppertaler SV,Werder Bremen,4,1
1973-10-17,1973-74:de.1:92:FC Schalke 04:Fortuna Düsseldorf,de.1,1973-74,FC Schalke 04,Fortuna Düsseldorf,4,2
1973-10-17,1973-74:de.1:93:Hamburger SV:VfL Bochum,de.1,1973-74,Hamburger SV,VfL Bochum,5,0
1973-10-17,1973-74:de.1:94:Hertha BSC:Hannover 96,de.1,1973-74,Hertha BSC,Hannover 96,4,2
1973-10-17,1973-74:de.1:95:Bor. Mönchengladbach:1. FC Kaiserslautern,de.1,1973-74,Bor. Mönchengladbach,1. FC Kaiserslautern,2,2
1973-10-17,1973-74:de.1:96:Fortuna Köln:1. FC Köln,de.1,1973-74,Fortuna Köln,1. FC Köln,0,2
1973-10-17,1973-74:de.1:97:Bayern München:MSV Duisburg,de.1,1973-74,Bayern München,MSV Duisburg,4,2
1973-10-17,1973-74:de.1:98:Kickers Offenbach:VfB Stuttgart,de.1,1973-74,Kickers Offenbach,VfB Stuttgart,2,1
1973-10-19,1973-74:de.1:100:Werder Bremen:FC Schalke 04,de.1,1973-74,Werder Bremen,FC Schalke 04,2,1
1973-10-19,1973-74:de.1:99:MSV Duisburg:Fortuna Köln,de.1,1973-74,MSV Duisburg,Fortuna Köln,1,3
1973-10-20,1973-74:de.1:101:Hannover 96:Wuppertaler SV,de.1,1973-74,Hannover 96,Wuppertaler SV,1,1
1973-10-20,1973-74:de.1:102:Eintracht Frankfurt:Hertha BSC,de.1,1973-74,Eintracht Frankfurt,Hertha BSC,2,0
1973-10-20,1973-74:de.1:103:1. FC Kaiserslautern:Bayern München,de.1,1973-74,1. FC Kaiserslautern,Bayern München,7,4
1973-10-20,1973-74:de.1:104:1. FC Köln:Rot-Weiss Essen,de.1,1973-74,1. FC Köln,Rot-Weiss Essen,3,2
1973-10-20,1973-74:de.1:105:VfB Stuttgart:Bor. Mönchengladbach,de.1,1973-74,VfB Stuttgart,Bor. Mönchengladbach,6,1
1973-10-23,1973-74:de.1:106:Kickers Offenbach:Eintracht Frankfurt,de.1,1973-74,Kickers Offenbach,Eintracht Frankfurt,5,2
1973-10-27,1973-74:de.1:107:Werder Bremen:Fortuna Düsseldorf,de.1,1973-74,Werder Bremen,Fortuna Düsseldorf,0,0
1973-10-27,1973-74:de.1:108:Kickers Offenbach:Hamburger SV,de.1,1973-74,Kickers Offenbach,Hamburger SV,2,5
1973-10-27,1973-74:de.1:109:Hertha BSC:1. FC Köln,de.1,1973-74,Hertha BSC,1. FC Köln,2,2
1973-10-27,1973-74:de.1:110:Rot-Weiss Essen:MSV Duisburg,de.1,1973-74,Rot-Weiss Essen,MSV Duisburg,4,2
1973-10-27,1973-74:de.1:111:Wuppertaler SV:Eintracht Frankfurt,de.1,1973-74,Wuppertaler SV,Eintracht Frankfurt,1,1
1973-10-27,1973-74:de.1:112:Bor. Mönchengladbach:VfL Bochum,de.1,1973-74,Bor. Mönchengladbach,VfL Bochum,2,0
1973-10-27,1973-74:de.1:113:FC Schalke 04:Hannover 96,de.1,1973-74,FC Schalke 04,Hannover 96,3,1
1973-10-27,1973-74:de.1:114:Fortuna Köln:1. FC Kaiserslautern,de.1,1973-74,Fortuna Köln,1. FC Kaiserslautern,3,3
1973-10-27,1973-74:de.1:115:Bayern München:VfB Stuttgart,de.1,1973-74,Bayern München,VfB Stuttgart,3,0
1973-11-02,1973-74:de.1:116:1. FC Köln:Wuppertaler SV,de.1,1973-74,1. FC Köln,Wuppertaler SV,0,0
1973-11-02,1973-74:de.1:117:MSV Duisburg:Hertha BSC,de.1,1973-74,MSV Duisburg,Hertha BSC,1,1
1973-11-03,1973-74:de.1:118:Hannover 96:Werder Bremen,de.1,1973-74,Hannover 96,Werder Bremen,0,1
1973-11-03,1973-74:de.1:119:Hamburger SV:Bor. Mönchengladbach,de.1,1973-74,Hamburger SV,Bor. Mönchengladbach,1,0
1973-11-03,1973-74:de.1:120:1. FC Kaiserslautern:Rot-Weiss Essen,de.1,1973-74,1. FC Kaiserslautern,Rot-Weiss Essen,0,0
1973-11-03,1973-74:de.1:121:Fortuna Düsseldorf:Kickers Offenbach,de.1,1973-74,Fortuna Düsseldorf,Kickers Offenbach,3,3
1973-11-03,1973-74:de.1:122:VfL Bochum:Bayern München,de.1,1973-74,VfL Bochum,Bayern München,0,1
1973-11-03,1973-74:de.1:123:Eintracht Frankfurt:FC Schalke 04,de.1,1973-74,Eintracht Frankfurt,FC Schalke 04,2,1
1973-11-03,1973-74:de.1:124:VfB Stuttgart:Fortuna Köln,de.1,1973-74,VfB Stuttgart,Fortuna Köln,2,1
1973-11-10,1973-74:de.1:125:Fortuna Köln:VfL Bochum,de.1,1973-74,Fortuna Köln,VfL Bochum,2,2
1973-11-10,1973-74:de.1:126:Kickers Offenbach:Bor. Mönchengladbach,de.1,1973-74,Kickers Offenbach,Bor. Mönchengladbach,2,3
1973-11-10,1973-74:de.1:127:Rot-Weiss Essen:VfB Stuttgart,de.1,1973-74,Rot-Weiss Essen,VfB Stuttgart,3,3
1973-11-10,1973-74:de.1:128:Hertha BSC:1. FC Kaiserslautern,de.1,1973-74,Hertha BSC,1. FC Kaiserslautern,3,1
1973-11-10,1973-74:de.1:129:Werder Bremen:Eintracht Frankfurt,de.1,1973-74,Werder Bremen,Eintracht Frankfurt,1,2
1973-11-10,1973-74:de.1:130:FC Schalke 04:1. FC Köln,de.1,1973-74,FC Schalke 04,1. FC Köln,2,2
1973-11-10,1973-74:de.1:131:Fortuna Düsseldorf:Hannover 96,de.1,1973-74,Fortuna Düsseldorf,Hannover 96,2,0
1973-11-10,1973-74:de.1:132:Wuppertaler SV:MSV Duisburg,de.1,1973-74,Wuppertaler SV,MSV Duisburg,2,0
1973-11-10,1973-74:de.1:133:Bayern München:Hamburger SV,de.1,1973-74,Bayern München,Hamburger SV,4,1
1973-11-16,1973-74:de.1:134:Eintracht Frankfurt:Hannover 96,de.1,1973-74,Eintracht Frankfurt,Hannover 96,1,1
1973-11-16,1973-74:de.1:135:MSV Duisburg:FC Schalke 04,de.1,1973-74,MSV Duisburg,FC Schalke 04,2,0
1973-11-17,1973-74:de.1:136:VfL Bochum:Rot-Weiss Essen,de.1,1973-74,VfL Bochum,Rot-Weiss Essen,1,2
1973-11-17,1973-74:de.1:137:1. FC Kaiserslautern:Wuppertaler SV,de.1,1973-74,1. FC Kaiserslautern,Wuppertaler SV,4,0
1973-11-17,1973-74:de.1:138:VfB Stuttgart:Hertha BSC,de.1,1973-74,VfB Stuttgart,Hertha BSC,2,0
1973-11-17,1973-74:de.1:139:Bor. Mönchengladbach:Fortuna Düsseldorf,de.1,1973-74,Bor. Mönchengladbach,Fortuna Düsseldorf,1,2
1973-11-17,1973-74:de.1:140:Kickers Offenbach:Bayern München,de.1,1973-74,Kickers Offenbach,Bayern München,2,2
1973-11-17,1973-74:de.1:141:1. FC Köln:Werder Bremen,de.1,1973-74,1. FC Köln,Werder Bremen,2,0
1973-11-17,1973-74:de.1:142:Hamburger SV:Fortuna Köln,de.1,1973-74,Hamburger SV,Fortuna Köln,4,0
1973-11-24,1973-74:de.1:143:Fortuna Düsseldorf:Hamburger SV,de.1,1973-74,Fortuna Düsseldorf,Hamburger SV,2,0
1973-11-24,1973-74:de.1:144:VfL Bochum:Kickers Offenbach,de.1,1973-74,VfL Bochum,Kickers Offenbach,4,1
1973-12-08,1973-74:de.1:145:Wuppertaler SV:VfB Stuttgart,de.1,1973-74,Wuppertaler SV,VfB Stuttgart,3,4
1973-12-08,1973-74:de.1:146:FC Schalke 04:1. FC Kaiserslautern,de.1,1973-74,FC Schalke 04,1. FC Kaiserslautern,3,3
1973-12-08,1973-74:de.1:147:Rot-Weiss Essen:Hamburger SV,de.1,1973-74,Rot-Weiss Essen,Hamburger SV,1,1
1973-12-08,1973-74:de.1:148:Hannover 96:1. FC Köln,de.1,1973-74,Hannover 96,1. FC Köln,1,0
1973-12-08,1973-74:de.1:149:Fortuna Köln:Kickers Offenbach,de.1,1973-74,Fortuna Köln,Kickers Offenbach,2,1
1973-12-08,1973-74:de.1:150:Bayern München:Bor. Mönchengladbach,de.1,1973-74,Bayern München,Bor. Mönchengladbach,4,3
1973-12-08,1973-74:de.1:151:Fortuna Düsseldorf:Eintracht Frankfurt,de.1,1973-74,Fortuna Düsseldorf,Eintracht Frankfurt,1,0
1973-12-11,1973-74:de.1:152:Hertha BSC:VfL Bochum,de.1,1973-74,Hertha BSC,VfL Bochum,4,2
1973-12-29,1973-74:de.1:153:Werder Bremen:MSV Duisburg,de.1,1973-74,Werder Bremen,MSV Duisburg,1,2
1974-01-05,1973-74:de.1:154:Fortuna Köln:Bor. Mönchengladbach,de.1,1973-74,Fortuna Köln,Bor. Mönchengladbach,3,5
1974-01-05,1973-74:de.1:155:Eintracht Frankfurt:1. FC Köln,de.1,1973-74,Eintracht Frankfurt,1. FC Köln,2,1
1974-01-05,1973-74:de.1:156:Rot-Weiss Essen:Kickers Offenbach,de.1,1973-74,Rot-Weiss Essen,Kickers Offenbach,1,2
1974-01-05,1973-74:de.1:157:Werder Bremen:1. FC Kaiserslautern,de.1,1973-74,Werder Bremen,1. FC Kaiserslautern,3,1
1974-01-05,1973-74:de.1:158:Hertha BSC:Hamburger SV,de.1,1973-74,Hertha BSC,Hamburger SV,2,1
1974-01-05,1973-74:de.1:159:FC Schalke 04:VfB Stuttgart,de.1,1973-74,FC Schalke 04,VfB Stuttgart,2,3
1974-01-05,1973-74:de.1:160:Wuppertaler SV:VfL Bochum,de.1,1973-74,Wuppertaler SV,VfL Bochum,2,0
1974-01-05,1973-74:de.1:161:Hannover 96:MSV Duisburg,de.1,1973-74,Hannover 96,MSV Duisburg,2,2
1974-01-05,1973-74:de.1:162:Fortuna Düsseldorf:Bayern München,de.1,1973-74,Fortuna Düsseldorf,Bayern München,4,2
1974-01-12,1973-74:de.1:163:VfB Stuttgart:Werder Bremen,de.1,1973-74,VfB Stuttgart,Werder Bremen,2,2
1974-01-12,1973-74:de.1:164:VfL Bochum:FC Schalke 04,de.1,1973-74,VfL Bochum,FC Schalke 04,2,5
1974-01-12,1973-74:de.1:165:Bayern München:Fortuna Köln,de.1,1973-74,Bayern München,Fortuna Köln,5,1
1974-01-12,1973-74:de.1:166:Bor. Mönchengladbach:Rot-Weiss Essen,de.1,1973-74,Bor. Mönchengladbach,Rot-Weiss Essen,2,2
1974-01-12,1973-74:de.1:167:Kickers Offenbach:Hertha BSC,de.1,1973-74,Kickers Offenbach,Hertha BSC,1,1
1974-01-12,1973-74:de.1:168:Hamburger SV:Wuppertaler SV,de.1,1973-74,Hamburger SV,Wuppertaler SV,2,1
1974-01-12,1973-74:de.1:169:1. FC Köln:Fortuna Düsseldorf,de.1,1973-74,1. FC Köln,Fortuna Düsseldorf,4,2
1974-01-12,1973-74:de.1:170:1. FC Kaiserslautern:Hannover 96,de.1,1973-74,1. FC Kaiserslautern,Hannover 96,2,1
1974-01-12,1973-74:de.1:171:MSV Duisburg:Eintracht Frankfurt,de.1,1973-74,MSV Duisburg,Eintracht Frankfurt,1,1
1974-01-19,1973-74:de.1:172:Eintracht Frankfurt:1. FC Kaiserslautern,de.1,1973-74,Eintracht Frankfurt,1. FC Kaiserslautern,3,1
1974-01-19,1973-74:de.1:173:1. FC Köln:MSV Duisburg,de.1,1973-74,1. FC Köln,MSV Duisburg,5,1
1974-01-19,1973-74:de.1:174:Hannover 96:VfB Stuttgart,de.1,1973-74,Hannover 96,VfB Stuttgart,3,0
1974-01-19,1973-74:de.1:175:Fortuna Düsseldorf:Fortuna Köln,de.1,1973-74,Fortuna Düsseldorf,Fortuna Köln,5,1
1974-01-19,1973-74:de.1:176:Hertha BSC:Bor. Mönchengladbach,de.1,1973-74,Hertha BSC,Bor. Mönchengladbach,3,4
1974-01-19,1973-74:de.1:177:FC Schalke 04:Hamburger SV,de.1,1973-74,FC Schalke 04,Hamburger SV,3,1
1974-01-19,1973-74:de.1:178:Werder Bremen:VfL Bochum,de.1,1973-74,Werder Bremen,VfL Bochum,1,0
1974-01-19,1973-74:de.1:179:Rot-Weiss Essen:Bayern München,de.1,1973-74,Rot-Weiss Essen,Bayern München,0,1
1974-01-26,1973-74:de.1:180:Bayern München:Hertha BSC,de.1,1973-74,Bayern München,Hertha BSC,3,1
1974-01-26,1973-74:de.1:181:1. FC Kaiserslautern:1. FC Köln,de.1,1973-74,1. FC Kaiserslautern,1. FC Köln,1,2
1974-01-26,1973-74:de.1:182:VfB Stuttgart:Eintracht Frankfurt,de.1,1973-74,VfB Stuttgart,Eintracht Frankfurt,3,1
1974-01-26,1973-74:de.1:183:VfL Bochum:Hannover 96,de.1,1973-74,VfL Bochum,Hannover 96,3,1
1974-01-26,1973-74:de.1:184:Hamburger SV:Werder Bremen,de.1,1973-74,Hamburger SV,Werder Bremen,3,0
1974-01-26,1973-74:de.1:185:MSV Duisburg:Fortuna Düsseldorf,de.1,1973-74,MSV Duisburg,Fortuna Düsseldorf,0,1
1974-01-26,1973-74:de.1:186:Bor. Mönchengladbach:Wuppertaler SV,de.1,1973-74,Bor. Mönchengladbach,Wuppertaler SV,7,1
1974-01-26,1973-74:de.1:187:Fortuna Köln:Rot-Weiss Essen,de.1,1973-74,Fortuna Köln,Rot-Weiss Essen,1,3
1974-01-26,1973-74:de.1:188:Kickers Offenbach:FC Schalke 04,de.1,1973-74,Kickers Offenbach,FC Schalke 04,1,2
1974-01-30,1973-74:de.1:189:Wuppertaler SV:Kickers Offenbach,de.1,1973-74,Wuppertaler SV,Kickers Offenbach,1,1
1974-02-02,1973-74:de.1:190:Eintracht Frankfurt:VfL Bochum,de.1,1973-74,Eintracht Frankfurt,VfL Bochum,3,1
1974-02-02,1973-74:de.1:191:Werder Bremen:Kickers Offenbach,de.1,1973-74,Werder Bremen,Kickers Offenbach,0,2
1974-02-02,1973-74:de.1:192:MSV Duisburg:1. FC Kaiserslautern,de.1,1973-74,MSV Duisburg,1. FC Kaiserslautern,2,1
1974-02-02,1973-74:de.1:193:FC Schalke 04:Bor. Mönchengladbach,de.1,1973-74,FC Schalke 04,Bor. Mönchengladbach,2,0
1974-02-02,1973-74:de.1:194:1. FC Köln:VfB Stuttgart,de.1,1973-74,1. FC Köln,VfB Stuttgart,5,2
1974-02-02,1973-74:de.1:195:Hertha BSC:Fortuna Köln,de.1,1973-74,Hertha BSC,Fortuna Köln,1,1
1974-02-02,1973-74:de.1:196:Fortuna Düsseldorf:Rot-Weiss Essen,de.1,1973-74,Fortuna Düsseldorf,Rot-Weiss Essen,3,0
1974-02-02,1973-74:de.1:197:Hannover 96:Hamburger SV,de.1,1973-74,Hannover 96,Hamburger SV,2,2
1974-02-02,1973-74:de.1:198:Wuppertaler SV:Bayern München,de.1,1973-74,Wuppertaler SV,Bayern München,1,4
1974-02-09,1973-74:de.1:199:1. FC Kaiserslautern:Fortuna Düsseldorf,de.1,1973-74,1. FC Kaiserslautern,Fortuna Düsseldorf,3,2
1974-02-09,1973-74:de.1:200:VfB Stuttgart:MSV Duisburg,de.1,1973-74,VfB Stuttgart,MSV Duisburg,0,1
1974-02-09,1973-74:de.1:201:Kickers Offenbach:Hannover 96,de.1,1973-74,Kickers Offenbach,Hannover 96,2,1
1974-02-09,1973-74:de.1:202:Bor. Mönchengladbach:Werder Bremen,de.1,1973-74,Bor. Mönchengladbach,Werder Bremen,3,1
1974-02-09,1973-74:de.1:203:Hamburger SV:Eintracht Frankfurt,de.1,1973-74,Hamburger SV,Eintracht Frankfurt,4,2
1974-02-09,1973-74:de.1:204:Bayern München:FC Schalke 04,de.1,1973-74,Bayern München,FC Schalke 04,5,1
1974-02-09,1973-74:de.1:205:VfL Bochum:1. FC Köln,de.1,1973-74,VfL Bochum,1. FC Köln,0,2
1974-02-09,1973-74:de.1:206:Fortuna Köln:Wuppertaler SV,de.1,1973-74,Fortuna Köln,Wuppertaler SV,2,1
1974-02-23,1973-74:de.1:207:Rot-Weiss Essen:Hertha BSC,de.1,1973-74,Rot-Weiss Essen,Hertha BSC,3,2
1974-03-01,1973-74:de.1:208:Wuppertaler SV:Rot-Weiss Essen,de.1,1973-74,Wuppertaler SV,Rot-Weiss Essen,2,0
1974-03-02,1973-74:de.1:209:FC Schalke 04:Fortuna Köln,de.1,1973-74,FC Schalke 04,Fortuna Köln,6,1
1974-03-02,1973-74:de.1:210:Hannover 96:Bor. Mönchengladbach,de.1,1973-74,Hannover 96,Bor. Mönchengladbach,0,2
1974-03-02,1973-74:de.1:211:MSV Duisburg:VfL Bochum,de.1,1973-74,MSV Duisburg,VfL Bochum,0,0
1974-03-02,1973-74:de.1:212:1. FC Kaiserslautern:VfB Stuttgart,de.1,1973-74,1. FC Kaiserslautern,VfB Stuttgart,4,0
1974-03-02,1973-74:de.1:213:Fortuna Düsseldorf:Hertha BSC,de.1,1973-74,Fortuna Düsseldorf,Hertha BSC,1,1
1974-03-02,1973-74:de.1:214:1. FC Köln:Hamburger SV,de.1,1973-74,1. FC Köln,Hamburger SV,1,2
1974-03-02,1973-74:de.1:215:Werder Bremen:Bayern München,de.1,1973-74,Werder Bremen,Bayern München,1,1
1974-03-02,1973-74:de.1:216:Eintracht Frankfurt:Kickers Offenbach,de.1,1973-74,Eintracht Frankfurt,Kickers Offenbach,2,2
1974-03-09,1973-74:de.1:217:VfL Bochum:1. FC Kaiserslautern,de.1,1973-74,VfL Bochum,1. FC Kaiserslautern,2,2
1974-03-09,1973-74:de.1:218:Hamburger SV:MSV Duisburg,de.1,1973-74,Hamburger SV,MSV Duisburg,2,0
1974-03-09,1973-74:de.1:219:Rot-Weiss Essen:FC Schalke 04,de.1,1973-74,Rot-Weiss Essen,FC Schalke 04,2,5
1974-03-09,1973-74:de.1:220:Hertha BSC:Wuppertaler SV,de.1,1973-74,Hertha BSC,Wuppertaler SV,3,0
1974-03-09,1973-74:de.1:221:Kickers Offenbach:1. FC Köln,de.1,1973-74,Kickers Offenbach,1. FC Köln,1,2
1974-03-09,1973-74:de.1:222:Bayern München:Hannover 96,de.1,1973-74,Bayern München,Hannover 96,5,1
1974-03-09,1973-74:de.1:223:Bor. Mönchengladbach:Eintracht Frankfurt,de.1,1973-74,Bor. Mönchengladbach,Eintracht Frankfurt,0,0
1974-03-09,1973-74:de.1:224:Fortuna Köln:Werder Bremen,de.1,1973-74,Fortuna Köln,Werder Bremen,1,3
1974-03-09,1973-74:de.1:225:VfB Stuttgart:Fortuna Düsseldorf,de.1,1973-74,VfB Stuttgart,Fortuna Düsseldorf,0,0
1974-03-15,1973-74:de.1:226:Fortuna Düsseldorf:Wuppertaler SV,de.1,1973-74,Fortuna Düsseldorf,Wuppertaler SV,2,0
1974-03-16,1973-74:de.1:227:Werder Bremen:Rot-Weiss Essen,de.1,1973-74,Werder Bremen,Rot-Weiss Essen,1,1
1974-03-16,1973-74:de.1:228:1. FC Köln:Bor. Mönchengladbach,de.1,1973-74,1. FC Köln,Bor. Mönchengladbach,0,1
1974-03-16,1973-74:de.1:229:VfB Stuttgart:VfL Bochum,de.1,1973-74,VfB Stuttgart,VfL Bochum,2,0
1974-03-16,1973-74:de.1:230:FC Schalke 04:Hertha BSC,de.1,1973-74,FC Schalke 04,Hertha BSC,3,0
1974-03-16,1973-74:de.1:231:MSV Duisburg:Kickers Offenbach,de.1,1973-74,MSV Duisburg,Kickers Offenbach,4,0
1974-03-16,1973-74:de.1:232:Hannover 96:Fortuna Köln,de.1,1973-74,Hannover 96,Fortuna Köln,1,1
1974-03-16,1973-74:de.1:233:Eintracht Frankfurt:Bayern München,de.1,1973-74,Eintracht Frankfurt,Bayern München,1,1
1974-03-16,1973-74:de.1:234:1. FC Kaiserslautern:Hamburger SV,de.1,1973-74,1. FC Kaiserslautern,Hamburger SV,1,4
1974-03-23,1973-74:de.1:235:Hertha BSC:Werder Bremen,de.1,1973-74,Hertha BSC,Werder Bremen,0,0
1974-03-23,1973-74:de.1:236:Bayern München:1. FC Köln,de.1,1973-74,Bayern München,1. FC Köln,4,1
1974-03-23,1973-74:de.1:237:Rot-Weiss Essen:Hannover 96,de.1,1973-74,Rot-Weiss Essen,Hannover 96,1,1
1974-03-23,1973-74:de.1:238:Kickers Offenbach:1. FC Kaiserslautern,de.1,1973-74,Kickers Offenbach,1. FC Kaiserslautern,2,3
1974-03-23,1973-74:de.1:239:Wuppertaler SV:FC Schalke 04,de.1,1973-74,Wuppertaler SV,FC Schalke 04,1,1
1974-03-23,1973-74:de.1:240:Bor. Mönchengladbach:MSV Duisburg,de.1,1973-74,Bor. Mönchengladbach,MSV Duisburg,3,2
1974-03-23,1973-74:de.1:241:VfL Bochum:Fortuna Düsseldorf,de.1,1973-74,VfL Bochum,Fortuna Düsseldorf,3,3
1974-03-23,1973-74:de.1:242:Hamburger SV:VfB Stuttgart,de.1,1973-74,Hamburger SV,VfB Stuttgart,1,0
1974-03-23,1973-74:de.1:243:Fortuna Köln:Eintracht Frankfurt,de.1,1973-74,Fortuna Köln,Eintracht Frankfurt,3,2
1974-03-30,1973-74:de.1:244:Eintracht Frankfurt:Rot-Weiss Essen,de.1,1973-74,Eintracht Frankfurt,Rot-Weiss Essen,6,0
1974-03-30,1973-74:de.1:245:Werder Bremen:Wuppertaler SV,de.1,1973-74,Werder Bremen,Wuppertaler SV,3,0
1974-03-30,1973-74:de.1:246:Fortuna Düsseldorf:FC Schalke 04,de.1,1973-74,Fortuna Düsseldorf,FC Schalke 04,0,1
1974-03-30,1973-74:de.1:247:1. FC Kaiserslautern:Bor. Mönchengladbach,de.1,1973-74,1. FC Kaiserslautern,Bor. Mönchengladbach,2,4
1974-03-30,1973-74:de.1:248:VfB Stuttgart:Kickers Offenbach,de.1,1973-74,VfB Stuttgart,Kickers Offenbach,4,0
1974-03-30,1973-74:de.1:249:VfL Bochum:Hamburger SV,de.1,1973-74,VfL Bochum,Hamburger SV,2,0
1974-03-30,1973-74:de.1:250:1. FC Köln:Fortuna Köln,de.1,1973-74,1. FC Köln,Fortuna Köln,5,0
1974-03-30,1973-74:de.1:251:MSV Duisburg:Bayern München,de.1,1973-74,MSV Duisburg,Bayern München,0,4
1974-03-30,1973-74:de.1:252:Hannover 96:Hertha BSC,de.1,1973-74,Hannover 96,Hertha BSC,3,1
1974-04-06,1973-74:de.1:253:Fortuna Köln:MSV Duisburg,de.1,1973-74,Fortuna Köln,MSV Duisburg,3,0
1974-04-06,1973-74:de.1:254:Wuppertaler SV:Hannover 96,de.1,1973-74,Wuppertaler SV,Hannover 96,2,1
1974-04-06,1973-74:de.1:255:Rot-Weiss Essen:1. FC Köln,de.1,1973-74,Rot-Weiss Essen,1. FC Köln,1,1
1974-04-06,1973-74:de.1:256:Bor. Mönchengladbach:VfB Stuttgart,de.1,1973-74,Bor. Mönchengladbach,VfB Stuttgart,3,1
1974-04-06,1973-74:de.1:257:FC Schalke 04:Werder Bremen,de.1,1973-74,FC Schalke 04,Werder Bremen,4,2
1974-04-06,1973-74:de.1:258:Hertha BSC:Eintracht Frankfurt,de.1,1973-74,Hertha BSC,Eintracht Frankfurt,2,1
1974-04-06,1973-74:de.1:259:Bayern München:1. FC Kaiserslautern,de.1,1973-74,Bayern München,1. FC Kaiserslautern,1,1
1974-04-06,1973-74:de.1:260:Hamburger SV:Fortuna Düsseldorf,de.1,1973-74,Hamburger SV,Fortuna Düsseldorf,1,3
1974-04-06,1973-74:de.1:261:Kickers Offenbach:VfL Bochum,de.1,1973-74,Kickers Offenbach,VfL Bochum,2,2
1974-04-19,1973-74:de.1:262:MSV Duisburg:Rot-Weiss Essen,de.1,1973-74,MSV Duisburg,Rot-Weiss Essen,1,0
1974-04-20,1973-74:de.1:263:Eintracht Frankfurt:Wuppertaler SV,de.1,1973-74,Eintracht Frankfurt,Wuppertaler SV,1,0
1974-04-20,1973-74:de.1:264:VfB Stuttgart:Bayern München,de.1,1973-74,VfB Stuttgart,Bayern München,1,1
1974-04-20,1973-74:de.1:265:Hannover 96:FC Schalke 04,de.1,1973-74,Hannover 96,FC Schalke 04,0,1
1974-04-20,1973-74:de.1:266:Hamburger SV:Kickers Offenbach,de.1,1973-74,Hamburger SV,Kickers Offenbach,0,0
1974-04-20,1973-74:de.1:267:Fortuna Düsseldorf:Werder Bremen,de.1,1973-74,Fortuna Düsseldorf,Werder Bremen,1,1
1974-04-20,1973-74:de.1:268:VfL Bochum:Bor. Mönchengladbach,de.1,1973-74,VfL Bochum,Bor. Mönchengladbach,1,1
1974-04-20,1973-74:de.1:269:1. FC Köln:Hertha BSC,de.1,1973-74,1. FC Köln,Hertha BSC,3,4
1974-04-20,1973-74:de.1:270:1. FC Kaiserslautern:Fortuna Köln,de.1,1973-74,1. FC Kaiserslautern,Fortuna Köln,2,1
1974-04-23,1973-74:de.1:271:Hertha BSC:MSV Duisburg,de.1,1973-74,Hertha BSC,MSV Duisburg,2,4
1974-04-23,1973-74:de.1:272:FC Schalke 04:Eintracht Frankfurt,de.1,1973-74,FC Schalke 04,Eintracht Frankfurt,3,1
1974-04-27,1973-74:de.1:273:Werder Bremen:Hannover 96,de.1,1973-74,Werder Bremen,Hannover 96,3,3
1974-04-27,1973-74:de.1:274:Bayern München:VfL Bochum,de.1,1973-74,Bayern München,VfL Bochum,4,0
1974-04-27,1973-74:de.1:275:Rot-Weiss Essen:1. FC Kaiserslautern,de.1,1973-74,Rot-Weiss Essen,1. FC Kaiserslautern,3,3
1974-04-27,1973-74:de.1:276:Kickers Offenbach:Fortuna Düsseldorf,de.1,1973-74,Kickers Offenbach,Fortuna Düsseldorf,3,0
1974-04-27,1973-74:de.1:277:Bor. Mönchengladbach:Hamburger SV,de.1,1973-74,Bor. Mönchengladbach,Hamburger SV,6,1
1974-04-27,1973-74:de.1:278:Fortuna Köln:VfB Stuttgart,de.1,1973-74,Fortuna Köln,VfB Stuttgart,1,0
1974-04-27,1973-74:de.1:279:Wuppertaler SV:1. FC Köln,de.1,1973-74,Wuppertaler SV,1. FC Köln,1,3
1974-05-04,1973-74:de.1:280:Eintracht Frankfurt:Werder Bremen,de.1,1973-74,Eintracht Frankfurt,Werder Bremen,1,1
1974-05-04,1973-74:de.1:281:Hamburger SV:Bayern München,de.1,1973-74,Hamburger SV,Bayern München,0,5
1974-05-04,1973-74:de.1:282:Hannover 96:Fortuna Düsseldorf,de.1,1973-74,Hannover 96,Fortuna Düsseldorf,1,2
1974-05-04,1973-74:de.1:283:Bor. Mönchengladbach:Kickers Offenbach,de.1,1973-74,Bor. Mönchengladbach,Kickers Offenbach,5,1
1974-05-04,1973-74:de.1:284:1. FC Köln:FC Schalke 04,de.1,1973-74,1. FC Köln,FC Schalke 04,3,1
1974-05-04,1973-74:de.1:285:VfL Bochum:Fortuna Köln,de.1,1973-74,VfL Bochum,Fortuna Köln,2,0
1974-05-04,1973-74:de.1:286:MSV Duisburg:Wuppertaler SV,de.1,1973-74,MSV Duisburg,Wuppertaler SV,0,0
1974-05-04,1973-74:de.1:287:VfB Stuttgart:Rot-Weiss Essen,de.1,1973-74,VfB Stuttgart,Rot-Weiss Essen,0,3
1974-05-04,1973-74:de.1:288:1. FC Kaiserslautern:Hertha BSC,de.1,1973-74,1. FC Kaiserslautern,Hertha BSC,3,1
1974-05-11,1973-74:de.1:289:Hannover 96:Eintracht Frankfurt,de.1,1973-74,Hannover 96,Eintracht Frankfurt,0,0
1974-05-11,1973-74:de.1:290:FC Schalke 04:MSV Duisburg,de.1,1973-74,FC Schalke 04,MSV Duisburg,0,1
1974-05-11,1973-74:de.1:291:Bayern München:Kickers Offenbach,de.1,1973-74,Bayern München,Kickers Offenbach,1,0
1974-05-11,1973-74:de.1:292:Werder Bremen:1. FC Köln,de.1,1973-74,Werder Bremen,1. FC Köln,4,2
1974-05-11,1973-74:de.1:293:Fortuna Köln:Hamburger SV,de.1,1973-74,Fortuna Köln,Hamburger SV,3,0
1974-05-11,1973-74:de.1:294:Rot-Weiss Essen:VfL Bochum,de.1,1973-74,Rot-Weiss Essen,VfL Bochum,2,2
1974-05-11,1973-74:de.1:295:Wuppertaler SV:1. FC Kaiserslautern,de.1,1973-74,Wuppertaler SV,1. FC Kaiserslautern,2,4
1974-05-11,1973-74:de.1:296:Hertha BSC:VfB Stuttgart,de.1,1973-74,Hertha BSC,VfB Stuttgart,1,0
1974-05-11,1973-74:de.1:297:Fortuna Düsseldorf:Bor. Mönchengladbach,de.1,1973-74,Fortuna Düsseldorf,Bor. Mönchengladbach,1,0
1974-05-18,1973-74:de.1:298:VfB Stuttgart:Wuppertaler SV,de.1,1973-74,VfB Stuttgart,Wuppertaler SV,2,2
1974-05-18,1973-74:de.1:299:1. FC Kaiserslautern:FC Schalke 04,de.1,1973-74,1. FC Kaiserslautern,FC Schalke 04,4,0
1974-05-18,1973-74:de.1:300:Hamburger SV:Rot-Weiss Essen,de.1,1973-74,Hamburger SV,Rot-Weiss Essen,2,3
1974-05-18,1973-74:de.1:301:1. FC Köln:Hannover 96,de.1,1973-74,1. FC Köln,Hannover 96,2,1
1974-05-18,1973-74:de.1:302:Kickers Offenbach:Fortuna Köln,de.1,1973-74,Kickers Offenbach,Fortuna Köln,4,0
1974-05-18,1973-74:de.1:303:Bor. Mönchengladbach:Bayern München,de.1,1973-74,Bor. Mönchengladbach,Bayern München,5,0
1974-05-18,1973-74:de.1:304:Eintracht Frankfurt:Fortuna Düsseldorf,de.1,1973-74,Eintracht Frankfurt,Fortuna Düsseldorf,2,1
1974-05-18,1973-74:de.1:305:VfL Bochum:Hertha BSC,de.1,1973-74,VfL Bochum,Hertha BSC,2,1
1974-05-18,1973-74:de.1:306:MSV Duisburg:Werder Bremen,de.1,1973-74,MSV Duisburg,Werder Bremen,3,1
1974-08-24,1974-75:de.1:1:FC Schalke 04:1. FC Kaiserslautern,de.1,1974-75,FC Schalke 04,1. FC Kaiserslautern,2,1
1974-08-24,1974-75:de.1:2:Wuppertaler SV:MSV Duisburg,de.1,1974-75,Wuppertaler SV,MSV Duisburg,1,4
1974-08-24,1974-75:de.1:3:1. FC Köln:Rot-Weiss Essen,de.1,1974-75,1. FC Köln,Rot-Weiss Essen,0,1
1974-08-24,1974-75:de.1:4:Bor. Mönchengladbach:Hamburger SV,de.1,1974-75,Bor. Mönchengladbach,Hamburger SV,1,3
1974-08-24,1974-75:de.1:5:Kickers Offenbach:Bayern München,de.1,1974-75,Kickers Offenbach,Bayern München,6,0
1974-08-24,1974-75:de.1:6:Werder Bremen:Eintracht Frankfurt,de.1,1974-75,Werder Bremen,Eintracht Frankfurt,0,3
1974-08-24,1974-75:de.1:7:Hertha BSC:Fortuna Düsseldorf,de.1,1974-75,Hertha BSC,Fortuna Düsseldorf,3,3
1974-08-24,1974-75:de.1:8:Eintracht Braunschweig:Tennis Borussia Berlin,de.1,1974-75,Eintracht Braunschweig,Tennis Borussia Berlin,5,0
1974-08-24,1974-75:de.1:9:VfB Stuttgart:VfL Bochum,de.1,1974-75,VfB Stuttgart,VfL Bochum,1,0
1974-08-30,1974-75:de.1:10:Hamburger SV:Kickers Offenbach,de.1,1974-75,Hamburger SV,Kickers Offenbach,1,0
1974-08-30,1974-75:de.1:11:1. FC Kaiserslautern:Eintracht Braunschweig,de.1,1974-75,1. FC Kaiserslautern,Eintracht Braunschweig,2,0
1974-08-30,1974-75:de.1:12:Fortuna Düsseldorf:VfB Stuttgart,de.1,1974-75,Fortuna Düsseldorf,VfB Stuttgart,4,0
1974-08-31,1974-75:de.1:13:Tennis Borussia Berlin:Werder Bremen,de.1,1974-75,Tennis Borussia Berlin,Werder Bremen,4,0
1974-08-31,1974-75:de.1:14:Bayern München:Hertha BSC,de.1,1974-75,Bayern München,Hertha BSC,2,1
1974-08-31,1974-75:de.1:15:Eintracht Frankfurt:Bor. Mönchengladbach,de.1,1974-75,Eintracht Frankfurt,Bor. Mönchengladbach,1,1
1974-08-31,1974-75:de.1:16:VfL Bochum:1. FC Köln,de.1,1974-75,VfL Bochum,1. FC Köln,3,2
1974-08-31,1974-75:de.1:17:MSV Duisburg:FC Schalke 04,de.1,1974-75,MSV Duisburg,FC Schalke 04,2,0
1974-08-31,1974-75:de.1:18:Rot-Weiss Essen:Wuppertaler SV,de.1,1974-75,Rot-Weiss Essen,Wuppertaler SV,2,0
1974-09-10,1974-75:de.1:19:Bor. Mönchengladbach:Tennis Borussia Berlin,de.1,1974-75,Bor. Mönchengladbach,Tennis Borussia Berlin,3,1
1974-09-11,1974-75:de.1:20:VfB Stuttgart:Bayern München,de.1,1974-75,VfB Stuttgart,Bayern München,1,2
1974-09-11,1974-75:de.1:21:Hertha BSC:Kickers Offenbach,de.1,1974-75,Hertha BSC,Kickers Offenbach,4,1
1974-09-11,1974-75:de.1:22:Eintracht Frankfurt:Hamburger SV,de.1,1974-75,Eintracht Frankfurt,Hamburger SV,1,3
1974-09-11,1974-75:de.1:23:FC Schalke 04:Rot-Weiss Essen,de.1,1974-75,FC Schalke 04,Rot-Weiss Essen,3,0
1974-09-11,1974-75:de.1:24:Wuppertaler SV:VfL Bochum,de.1,1974-75,Wuppertaler SV,VfL Bochum,1,1
1974-09-11,1974-75:de.1:25:Eintracht Braunschweig:MSV Duisburg,de.1,1974-75,Eintracht Braunschweig,MSV Duisburg,4,1
1974-09-11,1974-75:de.1:26:1. FC Köln:Fortuna Düsseldorf,de.1,1974-75,1. FC Köln,Fortuna Düsseldorf,2,2
1974-09-11,1974-75:de.1:27:Werder Bremen:1. FC Kaiserslautern,de.1,1974-75,Werder Bremen,1. FC Kaiserslautern,3,1
1974-09-14,1974-75:de.1:28:Fortuna Düsseldorf:Wuppertaler SV,de.1,1974-75,Fortuna Düsseldorf,Wuppertaler SV,2,0
1974-09-14,1974-75:de.1:29:Rot-Weiss Essen:Eintracht Braunschweig,de.1,1974-75,Rot-Weiss Essen,Eintracht Braunschweig,1,2
1974-09-14,1974-75:de.1:30:Bayern München:1. FC Köln,de.1,1974-75,Bayern München,1. FC Köln,6,3
1974-09-14,1974-75:de.1:31:Tennis Borussia Berlin:Eintracht Frankfurt,de.1,1974-75,Tennis Borussia Berlin,Eintracht Frankfurt,1,4
1974-09-14,1974-75:de.1:32:Hamburger SV:Hertha BSC,de.1,1974-75,Hamburger SV,Hertha BSC,1,1
1974-09-14,1974-75:de.1:33:MSV Duisburg:Werder Bremen,de.1,1974-75,MSV Duisburg,Werder Bremen,4,0
1974-09-14,1974-75:de.1:34:1. FC Kaiserslautern:Bor. Mönchengladbach,de.1,1974-75,1. FC Kaiserslautern,Bor. Mönchengladbach,1,3
1974-09-14,1974-75:de.1:35:Kickers Offenbach:VfB Stuttgart,de.1,1974-75,Kickers Offenbach,VfB Stuttgart,3,1
1974-09-14,1974-75:de.1:36:VfL Bochum:FC Schalke 04,de.1,1974-75,VfL Bochum,FC Schalke 04,2,1
1974-09-21,1974-75:de.1:37:Wuppertaler SV:Bayern München,de.1,1974-75,Wuppertaler SV,Bayern München,3,1
1974-09-21,1974-75:de.1:38:Eintracht Frankfurt:1. FC Kaiserslautern,de.1,1974-75,Eintracht Frankfurt,1. FC Kaiserslautern,5,1
1974-09-21,1974-75:de.1:39:Tennis Borussia Berlin:Hamburger SV,de.1,1974-75,Tennis Borussia Berlin,Hamburger SV,0,3
1974-09-21,1974-75:de.1:40:VfB Stuttgart:Hertha BSC,de.1,1974-75,VfB Stuttgart,Hertha BSC,1,2
1974-09-21,1974-75:de.1:41:1. FC Köln:Kickers Offenbach,de.1,1974-75,1. FC Köln,Kickers Offenbach,0,1
1974-09-21,1974-75:de.1:42:Werder Bremen:Rot-Weiss Essen,de.1,1974-75,Werder Bremen,Rot-Weiss Essen,0,0
1974-09-21,1974-75:de.1:43:Eintracht Braunschweig:VfL Bochum,de.1,1974-75,Eintracht Braunschweig,VfL Bochum,2,0
1974-09-21,1974-75:de.1:44:FC Schalke 04:Fortuna Düsseldorf,de.1,1974-75,FC Schalke 04,Fortuna Düsseldorf,3,0
1974-09-21,1974-75:de.1:45:Bor. Mönchengladbach:MSV Duisburg,de.1,1974-75,Bor. Mönchengladbach,MSV Duisburg,4,1
1974-09-27,1974-75:de.1:46:Kickers Offenbach:Wuppertaler SV,de.1,1974-75,Kickers Offenbach,Wuppertaler SV,3,1
1974-09-27,1974-75:de.1:47:1. FC Kaiserslautern:Tennis Borussia Berlin,de.1,1974-75,1. FC Kaiserslautern,Tennis Borussia Berlin,4,0
1974-09-28,1974-75:de.1:48:Rot-Weiss Essen:Bor. Mönchengladbach,de.1,1974-75,Rot-Weiss Essen,Bor. Mönchengladbach,1,3
1974-09-28,1974-75:de.1:49:Hertha BSC:1. FC Köln,de.1,1974-75,Hertha BSC,1. FC Köln,1,1
1974-09-28,1974-75:de.1:50:MSV Duisburg:Eintracht Frankfurt,de.1,1974-75,MSV Duisburg,Eintracht Frankfurt,1,3
1974-09-28,1974-75:de.1:51:Fortuna Düsseldorf:Eintracht Braunschweig,de.1,1974-75,Fortuna Düsseldorf,Eintracht Braunschweig,2,2
1974-09-28,1974-75:de.1:52:VfL Bochum:Werder Bremen,de.1,1974-75,VfL Bochum,Werder Bremen,3,1
1974-09-28,1974-75:de.1:53:Hamburger SV:VfB Stuttgart,de.1,1974-75,Hamburger SV,VfB Stuttgart,1,0
1974-09-28,1974-75:de.1:54:Bayern München:FC Schalke 04,de.1,1974-75,Bayern München,FC Schalke 04,0,2
1974-10-04,1974-75:de.1:55:Werder Bremen:Fortuna Düsseldorf,de.1,1974-75,Werder Bremen,Fortuna Düsseldorf,0,0
1974-10-05,1974-75:de.1:56:Bor. Mönchengladbach:VfL Bochum,de.1,1974-75,Bor. Mönchengladbach,VfL Bochum,3,0
1974-10-05,1974-75:de.1:57:Eintracht Braunschweig:Bayern München,de.1,1974-75,Eintracht Braunschweig,Bayern München,3,1
1974-10-05,1974-75:de.1:58:FC Schalke 04:Kickers Offenbach,de.1,1974-75,FC Schalke 04,Kickers Offenbach,2,0
1974-10-05,1974-75:de.1:59:Eintracht Frankfurt:Rot-Weiss Essen,de.1,1974-75,Eintracht Frankfurt,Rot-Weiss Essen,9,1
1974-10-05,1974-75:de.1:60:Wuppertaler SV:Hertha BSC,de.1,1974-75,Wuppertaler SV,Hertha BSC,0,0
1974-10-05,1974-75:de.1:61:Tennis Borussia Berlin:MSV Duisburg,de.1,1974-75,Tennis Borussia Berlin,MSV Duisburg,2,3
1974-10-05,1974-75:de.1:62:1. FC Köln:VfB Stuttgart,de.1,1974-75,1. FC Köln,VfB Stuttgart,4,2
1974-10-05,1974-75:de.1:63:1. FC Kaiserslautern:Hamburger SV,de.1,1974-75,1. FC Kaiserslautern,Hamburger SV,1,0
1974-10-09,1974-75:de.1:64:Kickers Offenbach:Eintracht Braunschweig,de.1,1974-75,Kickers Offenbach,Eintracht Braunschweig,2,1
1974-10-09,1974-75:de.1:65:Hamburger SV:1. FC Köln,de.1,1974-75,Hamburger SV,1. FC Köln,3,1
1974-10-09,1974-75:de.1:66:MSV Duisburg:1. FC Kaiserslautern,de.1,1974-75,MSV Duisburg,1. FC Kaiserslautern,3,2
1974-10-09,1974-75:de.1:67:VfB Stuttgart:Wuppertaler SV,de.1,1974-75,VfB Stuttgart,Wuppertaler SV,5,1
1974-10-09,1974-75:de.1:68:Rot-Weiss Essen:Tennis Borussia Berlin,de.1,1974-75,Rot-Weiss Essen,Tennis Borussia Berlin,3,2
1974-10-09,1974-75:de.1:69:Hertha BSC:FC Schalke 04,de.1,1974-75,Hertha BSC,FC Schalke 04,1,0
1974-10-09,1974-75:de.1:70:VfL Bochum:Eintracht Frankfurt,de.1,1974-75,VfL Bochum,Eintracht Frankfurt,3,1
1974-10-09,1974-75:de.1:71:Bayern München:Werder Bremen,de.1,1974-75,Bayern München,Werder Bremen,2,0
1974-10-09,1974-75:de.1:72:Fortuna Düsseldorf:Bor. Mönchengladbach,de.1,1974-75,Fortuna Düsseldorf,Bor. Mönchengladbach,3,2
1974-10-12,1974-75:de.1:73:Tennis Borussia Berlin:VfL Bochum,de.1,1974-75,Tennis Borussia Berlin,VfL Bochum,2,0
1974-10-12,1974-75:de.1:74:Wuppertaler SV:1. FC Köln,de.1,1974-75,Wuppertaler SV,1. FC Köln,1,4
1974-10-12,1974-75:de.1:75:MSV Duisburg:Hamburger SV,de.1,1974-75,MSV Duisburg,Hamburger SV,2,0
1974-10-12,1974-75:de.1:76:Eintracht Frankfurt:Fortuna Düsseldorf,de.1,1974-75,Eintracht Frankfurt,Fortuna Düsseldorf,4,0
1974-10-12,1974-75:de.1:77:Bor. Mönchengladbach:Bayern München,de.1,1974-75,Bor. Mönchengladbach,Bayern München,1,2
1974-10-12,1974-75:de.1:78:Werder Bremen:Kickers Offenbach,de.1,1974-75,Werder Bremen,Kickers Offenbach,3,6
1974-10-12,1974-75:de.1:79:1. FC Kaiserslautern:Rot-Weiss Essen,de.1,1974-75,1. FC Kaiserslautern,Rot-Weiss Essen,2,0
1974-10-12,1974-75:de.1:80:Eintracht Braunschweig:Hertha BSC,de.1,1974-75,Eintracht Braunschweig,Hertha BSC,2,1
1974-10-12,1974-75:de.1:81:FC Schalke 04:VfB Stuttgart,de.1,1974-75,FC Schalke 04,VfB Stuttgart,2,0
1974-10-18,1974-75:de.1:82:Kickers Offenbach:Bor. Mönchengladbach,de.1,1974-75,Kickers Offenbach,Bor. Mönchengladbach,4,3
1974-10-19,1974-75:de.1:83:Hamburger SV:Wuppertaler SV,de.1,1974-75,Hamburger SV,Wuppertaler SV,4,1
1974-10-19,1974-75:de.1:84:Rot-Weiss Essen:MSV Duisburg,de.1,1974-75,Rot-Weiss Essen,MSV Duisburg,3,0
1974-10-19,1974-75:de.1:85:1. FC Köln:FC Schalke 04,de.1,1974-75,1. FC Köln,FC Schalke 04,4,2
1974-10-19,1974-75:de.1:86:VfB Stuttgart:Eintracht Braunschweig,de.1,1974-75,VfB Stuttgart,Eintracht Braunschweig,0,0
1974-10-19,1974-75:de.1:87:Bayern München:Eintracht Frankfurt,de.1,1974-75,Bayern München,Eintracht Frankfurt,2,1
1974-10-19,1974-75:de.1:88:Hertha BSC:Werder Bremen,de.1,1974-75,Hertha BSC,Werder Bremen,2,0
1974-10-19,1974-75:de.1:89:Fortuna Düsseldorf:Tennis Borussia Berlin,de.1,1974-75,Fortuna Düsseldorf,Tennis Borussia Berlin,3,2
1974-10-19,1974-75:de.1:90:VfL Bochum:1. FC Kaiserslautern,de.1,1974-75,VfL Bochum,1. FC Kaiserslautern,4,0
1974-10-31,1974-75:de.1:91:1. FC Kaiserslautern:Fortuna Düsseldorf,de.1,1974-75,1. FC Kaiserslautern,Fortuna Düsseldorf,1,0
1974-11-02,1974-75:de.1:92:Eintracht Braunschweig:1. FC Köln,de.1,1974-75,Eintracht Braunschweig,1. FC Köln,1,4
1974-11-02,1974-75:de.1:93:FC Schalke 04:Wuppertaler SV,de.1,1974-75,FC Schalke 04,Wuppertaler SV,1,0
1974-11-02,1974-75:de.1:94:Rot-Weiss Essen:Hamburger SV,de.1,1974-75,Rot-Weiss Essen,Hamburger SV,0,0
1974-11-02,1974-75:de.1:95:Tennis Borussia Berlin:Bayern München,de.1,1974-75,Tennis Borussia Berlin,Bayern München,2,2
1974-11-02,1974-75:de.1:96:MSV Duisburg:VfL Bochum,de.1,1974-75,MSV Duisburg,VfL Bochum,3,1
1974-11-02,1974-75:de.1:97:Bor. Mönchengladbach:Hertha BSC,de.1,1974-75,Bor. Mönchengladbach,Hertha BSC,1,1
1974-11-02,1974-75:de.1:98:Eintracht Frankfurt:Kickers Offenbach,de.1,1974-75,Eintracht Frankfurt,Kickers Offenbach,0,0
1974-11-08,1974-75:de.1:99:Kickers Offenbach:Tennis Borussia Berlin,de.1,1974-75,Kickers Offenbach,Tennis Borussia Berlin,3,2
1974-11-09,1974-75:de.1:100:Wuppertaler SV:Eintracht Braunschweig,de.1,1974-75,Wuppertaler SV,Eintracht Braunschweig,0,1
1974-11-09,1974-75:de.1:101:1. FC Köln:Werder Bremen,de.1,1974-75,1. FC Köln,Werder Bremen,3,1
1974-11-09,1974-75:de.1:102:VfL Bochum:Rot-Weiss Essen,de.1,1974-75,VfL Bochum,Rot-Weiss Essen,2,2
1974-11-09,1974-75:de.1:103:Bayern München:1. FC Kaiserslautern,de.1,1974-75,Bayern München,1. FC Kaiserslautern,2,5
1974-11-09,1974-75:de.1:104:Hamburger SV:FC Schalke 04,de.1,1974-75,Hamburger SV,FC Schalke 04,1,1
1974-11-09,1974-75:de.1:105:VfB Stuttgart:Bor. Mönchengladbach,de.1,1974-75,VfB Stuttgart,Bor. Mönchengladbach,1,2
1974-11-09,1974-75:de.1:106:Fortuna Düsseldorf:MSV Duisburg,de.1,1974-75,Fortuna Düsseldorf,MSV Duisburg,1,1
1974-11-09,1974-75:de.1:107:Hertha BSC:Eintracht Frankfurt,de.1,1974-75,Hertha BSC,Eintracht Frankfurt,2,1
1974-11-16,1974-75:de.1:108:Rot-Weiss Essen:Fortuna Düsseldorf,de.1,1974-75,Rot-Weiss Essen,Fortuna Düsseldorf,1,2
1974-11-16,1974-75:de.1:109:Eintracht Frankfurt:VfB Stuttgart,de.1,1974-75,Eintracht Frankfurt,VfB Stuttgart,5,5
1974-11-16,1974-75:de.1:110:MSV Duisburg:Bayern München,de.1,1974-75,MSV Duisburg,Bayern München,2,1
1974-11-16,1974-75:de.1:111:Werder Bremen:Wuppertaler SV,de.1,1974-75,Werder Bremen,Wuppertaler SV,2,1
1974-11-16,1974-75:de.1:112:Tennis Borussia Berlin:Hertha BSC,de.1,1974-75,Tennis Borussia Berlin,Hertha BSC,0,3
1974-11-16,1974-75:de.1:113:Eintracht Braunschweig:FC Schalke 04,de.1,1974-75,Eintracht Braunschweig,FC Schalke 04,1,0
1974-11-16,1974-75:de.1:114:VfL Bochum:Hamburger SV,de.1,1974-75,VfL Bochum,Hamburger SV,4,2
1974-11-16,1974-75:de.1:115:Bor. Mönchengladbach:1. FC Köln,de.1,1974-75,Bor. Mönchengladbach,1. FC Köln,1,1
1974-11-17,1974-75:de.1:116:1. FC Kaiserslautern:Kickers Offenbach,de.1,1974-75,1. FC Kaiserslautern,Kickers Offenbach,1,2
1974-11-22,1974-75:de.1:117:Hamburger SV:Eintracht Braunschweig,de.1,1974-75,Hamburger SV,Eintracht Braunschweig,0,0
1974-11-23,1974-75:de.1:118:Bayern München:Rot-Weiss Essen,de.1,1974-75,Bayern München,Rot-Weiss Essen,2,2
1974-11-23,1974-75:de.1:119:Hertha BSC:1. FC Kaiserslautern,de.1,1974-75,Hertha BSC,1. FC Kaiserslautern,2,1
1974-11-23,1974-75:de.1:120:VfB Stuttgart:Tennis Borussia Berlin,de.1,1974-75,VfB Stuttgart,Tennis Borussia Berlin,2,1
1974-11-23,1974-75:de.1:121:FC Schalke 04:Werder Bremen,de.1,1974-75,FC Schalke 04,Werder Bremen,2,0
1974-11-23,1974-75:de.1:122:Fortuna Düsseldorf:VfL Bochum,de.1,1974-75,Fortuna Düsseldorf,VfL Bochum,0,1
1974-11-23,1974-75:de.1:123:1. FC Köln:Eintracht Frankfurt,de.1,1974-75,1. FC Köln,Eintracht Frankfurt,0,0
1974-11-23,1974-75:de.1:124:Wuppertaler SV:Bor. Mönchengladbach,de.1,1974-75,Wuppertaler SV,Bor. Mönchengladbach,1,5
1974-11-23,1974-75:de.1:125:Kickers Offenbach:MSV Duisburg,de.1,1974-75,Kickers Offenbach,MSV Duisburg,3,3
1974-11-26,1974-75:de.1:126:Werder Bremen:VfB Stuttgart,de.1,1974-75,Werder Bremen,VfB Stuttgart,5,2
1974-11-29,1974-75:de.1:127:VfL Bochum:Bayern München,de.1,1974-75,VfL Bochum,Bayern München,3,0
1974-11-30,1974-75:de.1:128:Tennis Borussia Berlin:1. FC Köln,de.1,1974-75,Tennis Borussia Berlin,1. FC Köln,2,3
1974-11-30,1974-75:de.1:129:MSV Duisburg:Hertha BSC,de.1,1974-75,MSV Duisburg,Hertha BSC,1,3
1974-11-30,1974-75:de.1:130:Eintracht Frankfurt:Wuppertaler SV,de.1,1974-75,Eintracht Frankfurt,Wuppertaler SV,5,0
1974-11-30,1974-75:de.1:131:Rot-Weiss Essen:Kickers Offenbach,de.1,1974-75,Rot-Weiss Essen,Kickers Offenbach,5,1
1974-11-30,1974-75:de.1:132:Eintracht Braunschweig:Werder Bremen,de.1,1974-75,Eintracht Braunschweig,Werder Bremen,0,0
1974-11-30,1974-75:de.1:133:Hamburger SV:Fortuna Düsseldorf,de.1,1974-75,Hamburger SV,Fortuna Düsseldorf,2,1
1974-11-30,1974-75:de.1:134:1. FC Kaiserslautern:VfB Stuttgart,de.1,1974-75,1. FC Kaiserslautern,VfB Stuttgart,6,0
1974-12-06,1974-75:de.1:135:Kickers Offenbach:VfL Bochum,de.1,1974-75,Kickers Offenbach,VfL Bochum,2,0
1974-12-07,1974-75:de.1:136:VfB Stuttgart:MSV Duisburg,de.1,1974-75,VfB Stuttgart,MSV Duisburg,2,1
1974-12-07,1974-75:de.1:137:Bayern München:Fortuna Düsseldorf,de.1,1974-75,Bayern München,Fortuna Düsseldorf,4,0
1974-12-10,1974-75:de.1:138:FC Schalke 04:Eintracht Frankfurt,de.1,1974-75,FC Schalke 04,Eintracht Frankfurt,1,1
1974-12-14,1974-75:de.1:139:Eintracht Frankfurt:Eintracht Braunschweig,de.1,1974-75,Eintracht Frankfurt,Eintracht Braunschweig,2,0
1974-12-14,1974-75:de.1:140:Bor. Mönchengladbach:Werder Bremen,de.1,1974-75,Bor. Mönchengladbach,Werder Bremen,4,2
1974-12-14,1974-75:de.1:141:Hamburger SV:Bayern München,de.1,1974-75,Hamburger SV,Bayern München,1,0
1974-12-14,1974-75:de.1:142:Rot-Weiss Essen:VfB Stuttgart,de.1,1974-75,Rot-Weiss Essen,VfB Stuttgart,3,1
1974-12-14,1974-75:de.1:143:Tennis Borussia Berlin:FC Schalke 04,de.1,1974-75,Tennis Borussia Berlin,FC Schalke 04,0,2
1974-12-14,1974-75:de.1:144:VfL Bochum:Hertha BSC,de.1,1974-75,VfL Bochum,Hertha BSC,4,0
1974-12-14,1974-75:de.1:145:1. FC Kaiserslautern:Wuppertaler SV,de.1,1974-75,1. FC Kaiserslautern,Wuppertaler SV,2,0
1974-12-21,1974-75:de.1:146:Werder Bremen:Hamburger SV,de.1,1974-75,Werder Bremen,Hamburger SV,1,0
1974-12-21,1974-75:de.1:147:Hertha BSC:Rot-Weiss Essen,de.1,1974-75,Hertha BSC,Rot-Weiss Essen,4,2
1974-12-21,1974-75:de.1:148:Wuppertaler SV:Tennis Borussia Berlin,de.1,1974-75,Wuppertaler SV,Tennis Borussia Berlin,2,0
1975-01-18,1974-75:de.1:149:1. FC Köln:1. FC Kaiserslautern,de.1,1974-75,1. FC Köln,1. FC Kaiserslautern,2,0
1975-01-18,1974-75:de.1:150:Fortuna Düsseldorf:Kickers Offenbach,de.1,1974-75,Fortuna Düsseldorf,Kickers Offenbach,3,2
1975-01-18,1974-75:de.1:151:Eintracht Braunschweig:Bor. Mönchengladbach,de.1,1974-75,Eintracht Braunschweig,Bor. Mönchengladbach,1,3
1975-01-22,1974-75:de.1:152:Bor. Mönchengladbach:FC Schalke 04,de.1,1974-75,Bor. Mönchengladbach,FC Schalke 04,1,0
1975-01-22,1974-75:de.1:153:MSV Duisburg:1. FC Köln,de.1,1974-75,MSV Duisburg,1. FC Köln,1,3
1975-01-25,1974-75:de.1:154:VfL Bochum:VfB Stuttgart,de.1,1974-75,VfL Bochum,VfB Stuttgart,1,0
1975-01-25,1974-75:de.1:155:MSV Duisburg:Wuppertaler SV,de.1,1974-75,MSV Duisburg,Wuppertaler SV,2,2
1975-01-25,1974-75:de.1:156:Rot-Weiss Essen:1. FC Köln,de.1,1974-75,Rot-Weiss Essen,1. FC Köln,1,1
1975-01-25,1974-75:de.1:157:1. FC Kaiserslautern:FC Schalke 04,de.1,1974-75,1. FC Kaiserslautern,FC Schalke 04,1,1
1975-01-25,1974-75:de.1:158:Bayern München:Kickers Offenbach,de.1,1974-75,Bayern München,Kickers Offenbach,2,3
1975-01-25,1974-75:de.1:159:Eintracht Frankfurt:Werder Bremen,de.1,1974-75,Eintracht Frankfurt,Werder Bremen,2,1
1975-01-25,1974-75:de.1:160:Fortuna Düsseldorf:Hertha BSC,de.1,1974-75,Fortuna Düsseldorf,Hertha BSC,0,0
1975-01-25,1974-75:de.1:161:Tennis Borussia Berlin:Eintracht Braunschweig,de.1,1974-75,Tennis Borussia Berlin,Eintracht Braunschweig,2,2
1975-01-25,1974-75:de.1:162:Hamburger SV:Bor. Mönchengladbach,de.1,1974-75,Hamburger SV,Bor. Mönchengladbach,1,1
1975-02-01,1974-75:de.1:163:Kickers Offenbach:Hamburger SV,de.1,1974-75,Kickers Offenbach,Hamburger SV,4,1
1975-02-01,1974-75:de.1:164:Eintracht Braunschweig:1. FC Kaiserslautern,de.1,1974-75,Eintracht Braunschweig,1. FC Kaiserslautern,3,2
1975-02-01,1974-75:de.1:165:VfB Stuttgart:Fortuna Düsseldorf,de.1,1974-75,VfB Stuttgart,Fortuna Düsseldorf,1,1
1975-02-01,1974-75:de.1:166:Wuppertaler SV:Rot-Weiss Essen,de.1,1974-75,Wuppertaler SV,Rot-Weiss Essen,0,2
1975-02-01,1974-75:de.1:167:Werder Bremen:Tennis Borussia Berlin,de.1,1974-75,Werder Bremen,Tennis Borussia Berlin,1,1
1975-02-01,1974-75:de.1:168:Bor. Mönchengladbach:Eintracht Frankfurt,de.1,1974-75,Bor. Mönchengladbach,Eintracht Frankfurt,3,0
1975-02-01,1974-75:de.1:169:1. FC Köln:VfL Bochum,de.1,1974-75,1. FC Köln,VfL Bochum,4,1
1975-02-01,1974-75:de.1:170:FC Schalke 04:MSV Duisburg,de.1,1974-75,FC Schalke 04,MSV Duisburg,5,0
1975-02-01,1974-75:de.1:171:Hertha BSC:Bayern München,de.1,1974-75,Hertha BSC,Bayern München,4,1
1975-02-01,1974-75:de.1:172:VfL Bochum:Eintracht Braunschweig,de.1,1974-75,VfL Bochum,Eintracht Braunschweig,1,0
1975-02-01,1974-75:de.1:173:Rot-Weiss Essen:Werder Bremen,de.1,1974-75,Rot-Weiss Essen,Werder Bremen,1,1
1975-02-01,1974-75:de.1:174:Kickers Offenbach:1. FC Köln,de.1,1974-75,Kickers Offenbach,1. FC Köln,1,4
1975-02-01,1974-75:de.1:175:Fortuna Düsseldorf:FC Schalke 04,de.1,1974-75,Fortuna Düsseldorf,FC Schalke 04,2,1
1975-02-01,1974-75:de.1:176:1. FC Kaiserslautern:Eintracht Frankfurt,de.1,1974-75,1. FC Kaiserslautern,Eintracht Frankfurt,2,2
1975-02-01,1974-75:de.1:177:MSV Duisburg:Bor. Mönchengladbach,de.1,1974-75,MSV Duisburg,Bor. Mönchengladbach,1,1
1975-02-01,1974-75:de.1:178:Hertha BSC:VfB Stuttgart,de.1,1974-75,Hertha BSC,VfB Stuttgart,4,0
1975-02-15,1974-75:de.1:179:Fortuna Düsseldorf:1. FC Köln,de.1,1974-75,Fortuna Düsseldorf,1. FC Köln,3,0
1975-02-15,1974-75:de.1:180:Bayern München:VfB Stuttgart,de.1,1974-75,Bayern München,VfB Stuttgart,1,1
1975-02-15,1974-75:de.1:181:Hamburger SV:Eintracht Frankfurt,de.1,1974-75,Hamburger SV,Eintracht Frankfurt,3,1
1975-02-15,1974-75:de.1:182:Rot-Weiss Essen:FC Schalke 04,de.1,1974-75,Rot-Weiss Essen,FC Schalke 04,4,4
1975-02-15,1974-75:de.1:183:VfL Bochum:Wuppertaler SV,de.1,1974-75,VfL Bochum,Wuppertaler SV,4,2
1975-02-15,1974-75:de.1:184:Tennis Borussia Berlin:Bor. Mönchengladbach,de.1,1974-75,Tennis Borussia Berlin,Bor. Mönchengladbach,1,4
1975-02-15,1974-75:de.1:185:1. FC Kaiserslautern:Werder Bremen,de.1,1974-75,1. FC Kaiserslautern,Werder Bremen,4,1
1975-02-15,1974-75:de.1:186:Kickers Offenbach:Hertha BSC,de.1,1974-75,Kickers Offenbach,Hertha BSC,3,1
1975-02-15,1974-75:de.1:187:MSV Duisburg:Eintracht Braunschweig,de.1,1974-75,MSV Duisburg,Eintracht Braunschweig,3,2
1975-02-22,1974-75:de.1:188:Eintracht Frankfurt:Tennis Borussia Berlin,de.1,1974-75,Eintracht Frankfurt,Tennis Borussia Berlin,7,1
1975-02-22,1974-75:de.1:189:Bor. Mönchengladbach:1. FC Kaiserslautern,de.1,1974-75,Bor. Mönchengladbach,1. FC Kaiserslautern,3,0
1975-02-22,1974-75:de.1:190:VfB Stuttgart:Kickers Offenbach,de.1,1974-75,VfB Stuttgart,Kickers Offenbach,3,1
1975-02-22,1974-75:de.1:191:FC Schalke 04:VfL Bochum,de.1,1974-75,FC Schalke 04,VfL Bochum,1,0
1975-02-22,1974-75:de.1:192:Werder Bremen:MSV Duisburg,de.1,1974-75,Werder Bremen,MSV Duisburg,3,1
1975-02-22,1974-75:de.1:193:Eintracht Braunschweig:Rot-Weiss Essen,de.1,1974-75,Eintracht Braunschweig,Rot-Weiss Essen,4,2
1975-02-22,1974-75:de.1:194:Wuppertaler SV:Fortuna Düsseldorf,de.1,1974-75,Wuppertaler SV,Fortuna Düsseldorf,2,3
1975-02-22,1974-75:de.1:195:1. FC Köln:Bayern München,de.1,1974-75,1. FC Köln,Bayern München,1,0
1975-02-22,1974-75:de.1:196:Hertha BSC:Hamburger SV,de.1,1974-75,Hertha BSC,Hamburger SV,1,0
1975-02-28,1974-75:de.1:197:Hamburger SV:Tennis Borussia Berlin,de.1,1974-75,Hamburger SV,Tennis Borussia Berlin,4,0
1975-03-01,1974-75:de.1:198:Bayern München:Wuppertaler SV,de.1,1974-75,Bayern München,Wuppertaler SV,3,1
1975-03-07,1974-75:de.1:199:Wuppertaler SV:Kickers Offenbach,de.1,1974-75,Wuppertaler SV,Kickers Offenbach,0,0
1975-03-07,1974-75:de.1:200:Eintracht Frankfurt:MSV Duisburg,de.1,1974-75,Eintracht Frankfurt,MSV Duisburg,4,1
1975-03-08,1974-75:de.1:201:Tennis Borussia Berlin:1. FC Kaiserslautern,de.1,1974-75,Tennis Borussia Berlin,1. FC Kaiserslautern,3,2
1975-03-08,1974-75:de.1:202:Bor. Mönchengladbach:Rot-Weiss Essen,de.1,1974-75,Bor. Mönchengladbach,Rot-Weiss Essen,1,1
1975-03-08,1974-75:de.1:203:1. FC Köln:Hertha BSC,de.1,1974-75,1. FC Köln,Hertha BSC,2,1
1975-03-08,1974-75:de.1:204:Eintracht Braunschweig:Fortuna Düsseldorf,de.1,1974-75,Eintracht Braunschweig,Fortuna Düsseldorf,3,0
1975-03-08,1974-75:de.1:205:Werder Bremen:VfL Bochum,de.1,1974-75,Werder Bremen,VfL Bochum,3,0
1975-03-08,1974-75:de.1:206:VfB Stuttgart:Hamburger SV,de.1,1974-75,VfB Stuttgart,Hamburger SV,1,2
1975-03-08,1974-75:de.1:207:FC Schalke 04:Bayern München,de.1,1974-75,FC Schalke 04,Bayern München,2,2
1975-03-21,1974-75:de.1:208:MSV Duisburg:Tennis Borussia Berlin,de.1,1974-75,MSV Duisburg,Tennis Borussia Berlin,2,3
1975-03-22,1974-75:de.1:209:Fortuna Düsseldorf:Werder Bremen,de.1,1974-75,Fortuna Düsseldorf,Werder Bremen,4,1
1975-03-22,1974-75:de.1:210:VfL Bochum:Bor. Mönchengladbach,de.1,1974-75,VfL Bochum,Bor. Mönchengladbach,0,0
1975-03-22,1974-75:de.1:211:Bayern München:Eintracht Braunschweig,de.1,1974-75,Bayern München,Eintracht Braunschweig,1,0
1975-03-22,1974-75:de.1:212:Kickers Offenbach:FC Schalke 04,de.1,1974-75,Kickers Offenbach,FC Schalke 04,3,0
1975-03-22,1974-75:de.1:213:Rot-Weiss Essen:Eintracht Frankfurt,de.1,1974-75,Rot-Weiss Essen,Eintracht Frankfurt,0,5
1975-03-22,1974-75:de.1:214:Hertha BSC:Wuppertaler SV,de.1,1974-75,Hertha BSC,Wuppertaler SV,2,0
1975-03-22,1974-75:de.1:215:VfB Stuttgart:1. FC Köln,de.1,1974-75,VfB Stuttgart,1. FC Köln,2,0
1975-03-22,1974-75:de.1:216:Hamburger SV:1. FC Kaiserslautern,de.1,1974-75,Hamburger SV,1. FC Kaiserslautern,2,0
1975-03-26,1974-75:de.1:217:1. FC Köln:Hamburger SV,de.1,1974-75,1. FC Köln,Hamburger SV,4,0
1975-03-26,1974-75:de.1:218:Bor. Mönchengladbach:Fortuna Düsseldorf,de.1,1974-75,Bor. Mönchengladbach,Fortuna Düsseldorf,3,1
1975-03-27,1974-75:de.1:219:Tennis Borussia Berlin:Rot-Weiss Essen,de.1,1974-75,Tennis Borussia Berlin,Rot-Weiss Essen,1,0
1975-03-27,1974-75:de.1:220:1. FC Kaiserslautern:MSV Duisburg,de.1,1974-75,1. FC Kaiserslautern,MSV Duisburg,2,0
1975-03-27,1974-75:de.1:221:FC Schalke 04:Hertha BSC,de.1,1974-75,FC Schalke 04,Hertha BSC,1,0
1975-03-27,1974-75:de.1:222:Werder Bremen:Bayern München,de.1,1974-75,Werder Bremen,Bayern München,0,2
1975-04-01,1974-75:de.1:223:1. FC Köln:Wuppertaler SV,de.1,1974-75,1. FC Köln,Wuppertaler SV,4,0
1975-04-01,1974-75:de.1:224:Rot-Weiss Essen:1. FC Kaiserslautern,de.1,1974-75,Rot-Weiss Essen,1. FC Kaiserslautern,3,1
1975-04-01,1974-75:de.1:225:Fortuna Düsseldorf:Eintracht Frankfurt,de.1,1974-75,Fortuna Düsseldorf,Eintracht Frankfurt,2,2
1975-04-01,1974-75:de.1:226:Kickers Offenbach:Werder Bremen,de.1,1974-75,Kickers Offenbach,Werder Bremen,5,1
1975-04-01,1974-75:de.1:227:VfB Stuttgart:FC Schalke 04,de.1,1974-75,VfB Stuttgart,FC Schalke 04,3,1
1975-04-01,1974-75:de.1:228:Hertha BSC:Eintracht Braunschweig,de.1,1974-75,Hertha BSC,Eintracht Braunschweig,3,1
1975-04-01,1974-75:de.1:229:VfL Bochum:Tennis Borussia Berlin,de.1,1974-75,VfL Bochum,Tennis Borussia Berlin,0,0
1975-04-01,1974-75:de.1:230:Hamburger SV:MSV Duisburg,de.1,1974-75,Hamburger SV,MSV Duisburg,2,3
1975-04-05,1974-75:de.1:231:Bor. Mönchengladbach:Kickers Offenbach,de.1,1974-75,Bor. Mönchengladbach,Kickers Offenbach,5,2
1975-04-05,1974-75:de.1:232:Wuppertaler SV:Hamburger SV,de.1,1974-75,Wuppertaler SV,Hamburger SV,0,4
1975-04-05,1974-75:de.1:233:MSV Duisburg:Rot-Weiss Essen,de.1,1974-75,MSV Duisburg,Rot-Weiss Essen,3,3
1975-04-05,1974-75:de.1:234:Eintracht Braunschweig:VfB Stuttgart,de.1,1974-75,Eintracht Braunschweig,VfB Stuttgart,6,0
1975-04-05,1974-75:de.1:235:Eintracht Frankfurt:Bayern München,de.1,1974-75,Eintracht Frankfurt,Bayern München,2,0
1975-04-05,1974-75:de.1:236:Werder Bremen:Hertha BSC,de.1,1974-75,Werder Bremen,Hertha BSC,4,0
1975-04-05,1974-75:de.1:237:Tennis Borussia Berlin:Fortuna Düsseldorf,de.1,1974-75,Tennis Borussia Berlin,Fortuna Düsseldorf,1,4
1975-04-05,1974-75:de.1:238:1. FC Kaiserslautern:VfL Bochum,de.1,1974-75,1. FC Kaiserslautern,VfL Bochum,1,0
1975-04-12,1974-75:de.1:239:Eintracht Braunschweig:Kickers Offenbach,de.1,1974-75,Eintracht Braunschweig,Kickers Offenbach,1,0
1975-04-12,1974-75:de.1:240:Wuppertaler SV:VfB Stuttgart,de.1,1974-75,Wuppertaler SV,VfB Stuttgart,2,2
1975-04-13,1974-75:de.1:241:Bayern München:Bor. Mönchengladbach,de.1,1974-75,Bayern München,Bor. Mönchengladbach,1,1
1975-04-15,1974-75:de.1:242:FC Schalke 04:1. FC Köln,de.1,1974-75,FC Schalke 04,1. FC Köln,1,1
1975-04-18,1974-75:de.1:243:Fortuna Düsseldorf:1. FC Kaiserslautern,de.1,1974-75,Fortuna Düsseldorf,1. FC Kaiserslautern,2,0
1975-04-19,1974-75:de.1:244:Kickers Offenbach:Eintracht Frankfurt,de.1,1974-75,Kickers Offenbach,Eintracht Frankfurt,2,1
1975-04-19,1974-75:de.1:245:Hertha BSC:Bor. Mönchengladbach,de.1,1974-75,Hertha BSC,Bor. Mönchengladbach,2,1
1975-04-19,1974-75:de.1:246:VfB Stuttgart:Werder Bremen,de.1,1974-75,VfB Stuttgart,Werder Bremen,2,2
1975-04-19,1974-75:de.1:247:Wuppertaler SV:FC Schalke 04,de.1,1974-75,Wuppertaler SV,FC Schalke 04,0,1
1975-04-19,1974-75:de.1:248:1. FC Köln:Eintracht Braunschweig,de.1,1974-75,1. FC Köln,Eintracht Braunschweig,3,0
1975-04-19,1974-75:de.1:249:Bayern München:Tennis Borussia Berlin,de.1,1974-75,Bayern München,Tennis Borussia Berlin,3,1
1975-04-19,1974-75:de.1:250:Hamburger SV:Rot-Weiss Essen,de.1,1974-75,Hamburger SV,Rot-Weiss Essen,2,2
1975-04-19,1974-75:de.1:251:VfL Bochum:MSV Duisburg,de.1,1974-75,VfL Bochum,MSV Duisburg,1,2
1975-04-22,1974-75:de.1:252:Eintracht Frankfurt:VfL Bochum,de.1,1974-75,Eintracht Frankfurt,VfL Bochum,4,1
1975-05-03,1974-75:de.1:253:1. FC Kaiserslautern:Bayern München,de.1,1974-75,1. FC Kaiserslautern,Bayern München,0,1
1975-05-03,1974-75:de.1:254:Rot-Weiss Essen:VfL Bochum,de.1,1974-75,Rot-Weiss Essen,VfL Bochum,1,1
1975-05-03,1974-75:de.1:255:Eintracht Frankfurt:Hertha BSC,de.1,1974-75,Eintracht Frankfurt,Hertha BSC,1,2
1975-05-03,1974-75:de.1:256:FC Schalke 04:Hamburger SV,de.1,1974-75,FC Schalke 04,Hamburger SV,3,1
1975-05-03,1974-75:de.1:257:Bor. Mönchengladbach:VfB Stuttgart,de.1,1974-75,Bor. Mönchengladbach,VfB Stuttgart,5,1
1975-05-03,1974-75:de.1:258:MSV Duisburg:Fortuna Düsseldorf,de.1,1974-75,MSV Duisburg,Fortuna Düsseldorf,0,3
1975-05-03,1974-75:de.1:259:Eintracht Braunschweig:Wuppertaler SV,de.1,1974-75,Eintracht Braunschweig,Wuppertaler SV,1,1
1975-05-03,1974-75:de.1:260:Werder Bremen:1. FC Köln,de.1,1974-75,Werder Bremen,1. FC Köln,4,1
1975-05-03,1974-75:de.1:261:Tennis Borussia Berlin:Kickers Offenbach,de.1,1974-75,Tennis Borussia Berlin,Kickers Offenbach,0,2
1975-05-09,1974-75:de.1:262:Kickers Offenbach:1. FC Kaiserslautern,de.1,1974-75,Kickers Offenbach,1. FC Kaiserslautern,2,2
1975-05-10,1974-75:de.1:263:Bayern München:MSV Duisburg,de.1,1974-75,Bayern München,MSV Duisburg,2,1
1975-05-10,1974-75:de.1:264:Wuppertaler SV:Werder Bremen,de.1,1974-75,Wuppertaler SV,Werder Bremen,2,4
1975-05-10,1974-75:de.1:265:Hertha BSC:Tennis Borussia Berlin,de.1,1974-75,Hertha BSC,Tennis Borussia Berlin,2,1
1975-05-10,1974-75:de.1:266:1. FC Köln:Bor. Mönchengladbach,de.1,1974-75,1. FC Köln,Bor. Mönchengladbach,1,2
1975-05-10,1974-75:de.1:267:Fortuna Düsseldorf:Rot-Weiss Essen,de.1,1974-75,Fortuna Düsseldorf,Rot-Weiss Essen,4,0
1975-05-10,1974-75:de.1:268:FC Schalke 04:Eintracht Braunschweig,de.1,1974-75,FC Schalke 04,Eintracht Braunschweig,1,1
1975-05-10,1974-75:de.1:269:Hamburger SV:VfL Bochum,de.1,1974-75,Hamburger SV,VfL Bochum,3,2
1975-05-10,1974-75:de.1:270:VfB Stuttgart:Eintracht Frankfurt,de.1,1974-75,VfB Stuttgart,Eintracht Frankfurt,3,4
1975-05-23,1974-75:de.1:271:MSV Duisburg:Kickers Offenbach,de.1,1974-75,MSV Duisburg,Kickers Offenbach,2,1
1975-05-23,1974-75:de.1:272:Eintracht Frankfurt:1. FC Köln,de.1,1974-75,Eintracht Frankfurt,1. FC Köln,3,2
1975-05-23,1974-75:de.1:273:1. FC Kaiserslautern:Hertha BSC,de.1,1974-75,1. FC Kaiserslautern,Hertha BSC,3,0
1975-05-24,1974-75:de.1:274:Eintracht Braunschweig:Hamburger SV,de.1,1974-75,Eintracht Braunschweig,Hamburger SV,1,2
1975-05-24,1974-75:de.1:275:Tennis Borussia Berlin:VfB Stuttgart,de.1,1974-75,Tennis Borussia Berlin,VfB Stuttgart,1,1
1975-05-24,1974-75:de.1:276:Werder Bremen:FC Schalke 04,de.1,1974-75,Werder Bremen,FC Schalke 04,0,1
1975-05-24,1974-75:de.1:277:Rot-Weiss Essen:Bayern München,de.1,1974-75,Rot-Weiss Essen,Bayern München,2,2
1975-05-24,1974-75:de.1:278:Bor. Mönchengladbach:Wuppertaler SV,de.1,1974-75,Bor. Mönchengladbach,Wuppertaler SV,6,2
1975-05-24,1974-75:de.1:279:VfL Bochum:Fortuna Düsseldorf,de.1,1974-75,VfL Bochum,Fortuna Düsseldorf,4,2
1975-05-29,1974-75:de.1:280:Kickers Offenbach:Rot-Weiss Essen,de.1,1974-75,Kickers Offenbach,Rot-Weiss Essen,1,3
1975-05-30,1974-75:de.1:281:Hertha BSC:MSV Duisburg,de.1,1974-75,Hertha BSC,MSV Duisburg,3,0
1975-05-31,1974-75:de.1:282:Bayern München:VfL Bochum,de.1,1974-75,Bayern München,VfL Bochum,2,1
1975-05-31,1974-75:de.1:283:1. FC Köln:Tennis Borussia Berlin,de.1,1974-75,1. FC Köln,Tennis Borussia Berlin,7,1
1975-05-31,1974-75:de.1:284:Wuppertaler SV:Eintracht Frankfurt,de.1,1974-75,Wuppertaler SV,Eintracht Frankfurt,2,3
1975-05-31,1974-75:de.1:285:Werder Bremen:Eintracht Braunschweig,de.1,1974-75,Werder Bremen,Eintracht Braunschweig,0,0
1975-05-31,1974-75:de.1:286:Fortuna Düsseldorf:Hamburger SV,de.1,1974-75,Fortuna Düsseldorf,Hamburger SV,0,0
1975-05-31,1974-75:de.1:287:VfB Stuttgart:1. FC Kaiserslautern,de.1,1974-75,VfB Stuttgart,1. FC Kaiserslautern,0,1
1975-05-31,1974-75:de.1:288:FC Schalke 04:Bor. Mönchengladbach,de.1,1974-75,FC Schalke 04,Bor. Mönchengladbach,1,3
1975-06-07,1974-75:de.1:289:VfL Bochum:Kickers Offenbach,de.1,1974-75,VfL Bochum,Kickers Offenbach,3,1
1975-06-07,1974-75:de.1:290:Eintracht Frankfurt:FC Schalke 04,de.1,1974-75,Eintracht Frankfurt,FC Schalke 04,2,1
1975-06-07,1974-75:de.1:291:MSV Duisburg:VfB Stuttgart,de.1,1974-75,MSV Duisburg,VfB Stuttgart,3,3
1975-06-07,1974-75:de.1:292:Fortuna Düsseldorf:Bayern München,de.1,1974-75,Fortuna Düsseldorf,Bayern München,6,5
1975-06-07,1974-75:de.1:293:Rot-Weiss Essen:Hertha BSC,de.1,1974-75,Rot-Weiss Essen,Hertha BSC,2,1
1975-06-07,1974-75:de.1:294:Tennis Borussia Berlin:Wuppertaler SV,de.1,1974-75,Tennis Borussia Berlin,Wuppertaler SV,0,0
1975-06-07,1974-75:de.1:295:Hamburger SV:Werder Bremen,de.1,1974-75,Hamburger SV,Werder Bremen,2,0
1975-06-07,1974-75:de.1:296:1. FC Kaiserslautern:1. FC Köln,de.1,1974-75,1. FC Kaiserslautern,1. FC Köln,1,1
1975-06-07,1974-75:de.1:297:Bor. Mönchengladbach:Eintracht Braunschweig,de.1,1974-75,Bor. Mönchengladbach,Eintracht Braunschweig,2,0
1975-06-14,1974-75:de.1:298:Bayern München:Hamburger SV,de.1,1974-75,Bayern München,Hamburger SV,0,1
1975-06-14,1974-75:de.1:299:Werder Bremen:Bor. Mönchengladbach,de.1,1974-75,Werder Bremen,Bor. Mönchengladbach,1,4
1975-06-14,1974-75:de.1:300:Eintracht Braunschweig:Eintracht Frankfurt,de.1,1974-75,Eintracht Braunschweig,Eintracht Frankfurt,2,0
1975-06-14,1974-75:de.1:301:Hertha BSC:VfL Bochum,de.1,1974-75,Hertha BSC,VfL Bochum,4,2
1975-06-14,1974-75:de.1:302:FC Schalke 04:Tennis Borussia Berlin,de.1,1974-75,FC Schalke 04,Tennis Borussia Berlin,3,0
1975-06-14,1974-75:de.1:303:VfB Stuttgart:Rot-Weiss Essen,de.1,1974-75,VfB Stuttgart,Rot-Weiss Essen,3,2
1975-06-14,1974-75:de.1:304:Wuppertaler SV:1. FC Kaiserslautern,de.1,1974-75,Wuppertaler SV,1. FC Kaiserslautern,3,3
1975-06-14,1974-75:de.1:305:1. FC Köln:MSV Duisburg,de.1,1974-75,1. FC Köln,MSV Duisburg,4,2
1975-06-14,1974-75:de.1:306:Kickers Offenbach:Fortuna Düsseldorf,de.1,1974-75,Kickers Offenbach,Fortuna Düsseldorf,2,3
1975-08-09,1975-76:de.1:1:Hannover 96:Bor. Mönchengladbach,de.1,1975-76,Hannover 96,Bor. Mönchengladbach,3,3
1975-08-09,1975-76:de.1:2:Bayern München:Eintracht Braunschweig,de.1,1975-76,Bayern München,Eintracht Braunschweig,1,1
1975-08-09,1975-76:de.1:3:1. FC Kaiserslautern:Kickers Offenbach,de.1,1975-76,1. FC Kaiserslautern,Kickers Offenbach,2,2
1975-08-09,1975-76:de.1:4:Hamburger SV:FC Schalke 04,de.1,1975-76,Hamburger SV,FC Schalke 04,4,1
1975-08-09,1975-76:de.1:5:VfL Bochum:Werder Bremen,de.1,1975-76,VfL Bochum,Werder Bremen,0,3
1975-08-09,1975-76:de.1:6:MSV Duisburg:Fortuna Düsseldorf,de.1,1975-76,MSV Duisburg,Fortuna Düsseldorf,2,2
1975-08-09,1975-76:de.1:7:Rot-Weiss Essen:KFC Uerdingen,de.1,1975-76,Rot-Weiss Essen,KFC Uerdingen,2,1
1975-08-09,1975-76:de.1:8:Hertha BSC:1. FC Köln,de.1,1975-76,Hertha BSC,1. FC Köln,2,1
1975-08-09,1975-76:de.1:9:Eintracht Frankfurt:Karlsruher SC,de.1,1975-76,Eintracht Frankfurt,Karlsruher SC,0,2
1975-08-15,1975-76:de.1:10:Werder Bremen:Eintracht Frankfurt,de.1,1975-76,Werder Bremen,Eintracht Frankfurt,1,2
1975-08-15,1975-76:de.1:11:Kickers Offenbach:Hamburger SV,de.1,1975-76,Kickers Offenbach,Hamburger SV,3,2
1975-08-16,1975-76:de.1:12:FC Schalke 04:MSV Duisburg,de.1,1975-76,FC Schalke 04,MSV Duisburg,5,1
1975-08-16,1975-76:de.1:13:Bor. Mönchengladbach:1. FC Kaiserslautern,de.1,1975-76,Bor. Mönchengladbach,1. FC Kaiserslautern,3,0
1975-08-16,1975-76:de.1:14:Karlsruher SC:Bayern München,de.1,1975-76,Karlsruher SC,Bayern München,1,2
1975-08-16,1975-76:de.1:15:KFC Uerdingen:VfL Bochum,de.1,1975-76,KFC Uerdingen,VfL Bochum,0,0
1975-08-16,1975-76:de.1:16:Fortuna Düsseldorf:Rot-Weiss Essen,de.1,1975-76,Fortuna Düsseldorf,Rot-Weiss Essen,5,2
1975-08-16,1975-76:de.1:17:1. FC Köln:Hannover 96,de.1,1975-76,1. FC Köln,Hannover 96,2,1
1975-08-16,1975-76:de.1:18:Eintracht Braunschweig:Hertha BSC,de.1,1975-76,Eintracht Braunschweig,Hertha BSC,5,2
1975-08-22,1975-76:de.1:19:1. FC Kaiserslautern:Hannover 96,de.1,1975-76,1. FC Kaiserslautern,Hannover 96,2,2
1975-08-22,1975-76:de.1:20:Bayern München:Werder Bremen,de.1,1975-76,Bayern München,Werder Bremen,4,0
1975-08-23,1975-76:de.1:21:MSV Duisburg:Kickers Offenbach,de.1,1975-76,MSV Duisburg,Kickers Offenbach,6,2
1975-08-23,1975-76:de.1:22:Hertha BSC:Karlsruher SC,de.1,1975-76,Hertha BSC,Karlsruher SC,1,1
1975-08-23,1975-76:de.1:23:Eintracht Braunschweig:1. FC Köln,de.1,1975-76,Eintracht Braunschweig,1. FC Köln,0,0
1975-08-23,1975-76:de.1:24:Eintracht Frankfurt:KFC Uerdingen,de.1,1975-76,Eintracht Frankfurt,KFC Uerdingen,3,1
1975-08-23,1975-76:de.1:25:Rot-Weiss Essen:FC Schalke 04,de.1,1975-76,Rot-Weiss Essen,FC Schalke 04,0,0
1975-08-23,1975-76:de.1:26:VfL Bochum:Fortuna Düsseldorf,de.1,1975-76,VfL Bochum,Fortuna Düsseldorf,0,1
1975-08-23,1975-76:de.1:27:Hamburger SV:Bor. Mönchengladbach,de.1,1975-76,Hamburger SV,Bor. Mönchengladbach,0,0
1975-08-26,1975-76:de.1:28:Bor. Mönchengladbach:MSV Duisburg,de.1,1975-76,Bor. Mönchengladbach,MSV Duisburg,3,0
1975-08-27,1975-76:de.1:29:Werder Bremen:Hertha BSC,de.1,1975-76,Werder Bremen,Hertha BSC,3,2
1975-08-27,1975-76:de.1:30:Kickers Offenbach:Rot-Weiss Essen,de.1,1975-76,Kickers Offenbach,Rot-Weiss Essen,0,4
1975-08-27,1975-76:de.1:31:Fortuna Düsseldorf:Eintracht Frankfurt,de.1,1975-76,Fortuna Düsseldorf,Eintracht Frankfurt,1,1
1975-08-27,1975-76:de.1:32:FC Schalke 04:VfL Bochum,de.1,1975-76,FC Schalke 04,VfL Bochum,1,1
1975-08-27,1975-76:de.1:33:KFC Uerdingen:Bayern München,de.1,1975-76,KFC Uerdingen,Bayern München,2,1
1975-08-27,1975-76:de.1:34:Hannover 96:Hamburger SV,de.1,1975-76,Hannover 96,Hamburger SV,1,0
1975-08-27,1975-76:de.1:35:Karlsruher SC:Eintracht Braunschweig,de.1,1975-76,Karlsruher SC,Eintracht Braunschweig,0,2
1975-08-27,1975-76:de.1:36:1. FC Köln:1. FC Kaiserslautern,de.1,1975-76,1. FC Köln,1. FC Kaiserslautern,1,1
1975-08-30,1975-76:de.1:37:Rot-Weiss Essen:Bor. Mönchengladbach,de.1,1975-76,Rot-Weiss Essen,Bor. Mönchengladbach,1,3
1975-08-30,1975-76:de.1:38:Hertha BSC:KFC Uerdingen,de.1,1975-76,Hertha BSC,KFC Uerdingen,5,0
1975-08-30,1975-76:de.1:39:VfL Bochum:Kickers Offenbach,de.1,1975-76,VfL Bochum,Kickers Offenbach,5,1
1975-08-30,1975-76:de.1:40:Eintracht Frankfurt:FC Schalke 04,de.1,1975-76,Eintracht Frankfurt,FC Schalke 04,2,1
1975-08-30,1975-76:de.1:41:Bayern München:Fortuna Düsseldorf,de.1,1975-76,Bayern München,Fortuna Düsseldorf,5,0
1975-08-30,1975-76:de.1:42:MSV Duisburg:Hannover 96,de.1,1975-76,MSV Duisburg,Hannover 96,4,3
1975-08-30,1975-76:de.1:43:Eintracht Braunschweig:Werder Bremen,de.1,1975-76,Eintracht Braunschweig,Werder Bremen,3,2
1975-08-30,1975-76:de.1:44:Hamburger SV:1. FC Kaiserslautern,de.1,1975-76,Hamburger SV,1. FC Kaiserslautern,2,0
1975-08-30,1975-76:de.1:45:Karlsruher SC:1. FC Köln,de.1,1975-76,Karlsruher SC,1. FC Köln,3,1
1975-09-06,1975-76:de.1:46:Bor. Mönchengladbach:VfL Bochum,de.1,1975-76,Bor. Mönchengladbach,VfL Bochum,1,1
1975-09-06,1975-76:de.1:47:1. FC Köln:Hamburger SV,de.1,1975-76,1. FC Köln,Hamburger SV,1,1
1975-09-06,1975-76:de.1:48:Fortuna Düsseldorf:Hertha BSC,de.1,1975-76,Fortuna Düsseldorf,Hertha BSC,2,1
1975-09-06,1975-76:de.1:49:Werder Bremen:Karlsruher SC,de.1,1975-76,Werder Bremen,Karlsruher SC,1,0
1975-09-06,1975-76:de.1:50:Hannover 96:Rot-Weiss Essen,de.1,1975-76,Hannover 96,Rot-Weiss Essen,0,0
1975-09-06,1975-76:de.1:51:KFC Uerdingen:Eintracht Braunschweig,de.1,1975-76,KFC Uerdingen,Eintracht Braunschweig,0,0
1975-09-06,1975-76:de.1:52:1. FC Kaiserslautern:MSV Duisburg,de.1,1975-76,1. FC Kaiserslautern,MSV Duisburg,3,0
1975-09-06,1975-76:de.1:53:Kickers Offenbach:Eintracht Frankfurt,de.1,1975-76,Kickers Offenbach,Eintracht Frankfurt,2,1
1975-09-06,1975-76:de.1:54:FC Schalke 04:Bayern München,de.1,1975-76,FC Schalke 04,Bayern München,2,2
1975-09-12,1975-76:de.1:55:MSV Duisburg:Hamburger SV,de.1,1975-76,MSV Duisburg,Hamburger SV,1,1
1975-09-13,1975-76:de.1:56:Hertha BSC:FC Schalke 04,de.1,1975-76,Hertha BSC,FC Schalke 04,2,1
1975-09-13,1975-76:de.1:57:Bayern München:Kickers Offenbach,de.1,1975-76,Bayern München,Kickers Offenbach,3,1
1975-09-13,1975-76:de.1:58:VfL Bochum:Hannover 96,de.1,1975-76,VfL Bochum,Hannover 96,2,0
1975-09-13,1975-76:de.1:59:Eintracht Frankfurt:Bor. Mönchengladbach,de.1,1975-76,Eintracht Frankfurt,Bor. Mönchengladbach,1,1
1975-09-13,1975-76:de.1:60:Rot-Weiss Essen:1. FC Kaiserslautern,de.1,1975-76,Rot-Weiss Essen,1. FC Kaiserslautern,5,1
1975-09-13,1975-76:de.1:61:Karlsruher SC:KFC Uerdingen,de.1,1975-76,Karlsruher SC,KFC Uerdingen,1,0
1975-09-13,1975-76:de.1:62:Eintracht Braunschweig:Fortuna Düsseldorf,de.1,1975-76,Eintracht Braunschweig,Fortuna Düsseldorf,3,1
1975-09-13,1975-76:de.1:63:Werder Bremen:1. FC Köln,de.1,1975-76,Werder Bremen,1. FC Köln,3,2
1975-09-19,1975-76:de.1:64:1. FC Kaiserslautern:VfL Bochum,de.1,1975-76,1. FC Kaiserslautern,VfL Bochum,2,1
1975-09-20,1975-76:de.1:65:Kickers Offenbach:Hertha BSC,de.1,1975-76,Kickers Offenbach,Hertha BSC,2,1
1975-09-20,1975-76:de.1:66:Hannover 96:Eintracht Frankfurt,de.1,1975-76,Hannover 96,Eintracht Frankfurt,3,2
1975-09-20,1975-76:de.1:67:FC Schalke 04:Eintracht Braunschweig,de.1,1975-76,FC Schalke 04,Eintracht Braunschweig,5,1
1975-09-20,1975-76:de.1:68:Bor. Mönchengladbach:Bayern München,de.1,1975-76,Bor. Mönchengladbach,Bayern München,4,1
1975-09-20,1975-76:de.1:69:Fortuna Düsseldorf:Karlsruher SC,de.1,1975-76,Fortuna Düsseldorf,Karlsruher SC,0,2
1975-09-20,1975-76:de.1:70:Hamburger SV:Rot-Weiss Essen,de.1,1975-76,Hamburger SV,Rot-Weiss Essen,4,1
1975-09-20,1975-76:de.1:71:KFC Uerdingen:Werder Bremen,de.1,1975-76,KFC Uerdingen,Werder Bremen,2,1
1975-09-20,1975-76:de.1:72:1. FC Köln:MSV Duisburg,de.1,1975-76,1. FC Köln,MSV Duisburg,3,2
1975-09-27,1975-76:de.1:73:Eintracht Braunschweig:Kickers Offenbach,de.1,1975-76,Eintracht Braunschweig,Kickers Offenbach,5,1
1975-09-27,1975-76:de.1:74:KFC Uerdingen:1. FC Köln,de.1,1975-76,KFC Uerdingen,1. FC Köln,1,1
1975-09-27,1975-76:de.1:75:Bayern München:Hannover 96,de.1,1975-76,Bayern München,Hannover 96,3,1
1975-09-27,1975-76:de.1:76:Karlsruher SC:FC Schalke 04,de.1,1975-76,Karlsruher SC,FC Schalke 04,2,2
1975-09-27,1975-76:de.1:77:Werder Bremen:Fortuna Düsseldorf,de.1,1975-76,Werder Bremen,Fortuna Düsseldorf,3,0
1975-09-27,1975-76:de.1:78:Rot-Weiss Essen:MSV Duisburg,de.1,1975-76,Rot-Weiss Essen,MSV Duisburg,5,2
1975-09-27,1975-76:de.1:79:Eintracht Frankfurt:1. FC Kaiserslautern,de.1,1975-76,Eintracht Frankfurt,1. FC Kaiserslautern,1,1
1975-09-27,1975-76:de.1:80:VfL Bochum:Hamburger SV,de.1,1975-76,VfL Bochum,Hamburger SV,0,3
1975-09-27,1975-76:de.1:81:Hertha BSC:Bor. Mönchengladbach,de.1,1975-76,Hertha BSC,Bor. Mönchengladbach,3,0
1975-10-04,1975-76:de.1:82:Bor. Mönchengladbach:Eintracht Braunschweig,de.1,1975-76,Bor. Mönchengladbach,Eintracht Braunschweig,0,0
1975-10-04,1975-76:de.1:83:Hannover 96:Hertha BSC,de.1,1975-76,Hannover 96,Hertha BSC,2,6
1975-10-04,1975-76:de.1:84:Kickers Offenbach:Karlsruher SC,de.1,1975-76,Kickers Offenbach,Karlsruher SC,0,0
1975-10-04,1975-76:de.1:85:Hamburger SV:Eintracht Frankfurt,de.1,1975-76,Hamburger SV,Eintracht Frankfurt,4,2
1975-10-04,1975-76:de.1:86:FC Schalke 04:Werder Bremen,de.1,1975-76,FC Schalke 04,Werder Bremen,4,2
1975-10-04,1975-76:de.1:87:MSV Duisburg:VfL Bochum,de.1,1975-76,MSV Duisburg,VfL Bochum,1,1
1975-10-04,1975-76:de.1:88:Fortuna Düsseldorf:KFC Uerdingen,de.1,1975-76,Fortuna Düsseldorf,KFC Uerdingen,2,0
1975-10-04,1975-76:de.1:89:1. FC Köln:Rot-Weiss Essen,de.1,1975-76,1. FC Köln,Rot-Weiss Essen,3,0
1975-10-04,1975-76:de.1:90:1. FC Kaiserslautern:Bayern München,de.1,1975-76,1. FC Kaiserslautern,Bayern München,2,1
1975-10-24,1975-76:de.1:91:VfL Bochum:Rot-Weiss Essen,de.1,1975-76,VfL Bochum,Rot-Weiss Essen,2,1
1975-10-25,1975-76:de.1:92:KFC Uerdingen:FC Schalke 04,de.1,1975-76,KFC Uerdingen,FC Schalke 04,3,2
1975-10-25,1975-76:de.1:93:Bayern München:Hamburger SV,de.1,1975-76,Bayern München,Hamburger SV,1,0
1975-10-25,1975-76:de.1:94:Eintracht Braunschweig:Hannover 96,de.1,1975-76,Eintracht Braunschweig,Hannover 96,3,2
1975-10-25,1975-76:de.1:95:Werder Bremen:Kickers Offenbach,de.1,1975-76,Werder Bremen,Kickers Offenbach,3,1
1975-10-25,1975-76:de.1:96:Fortuna Düsseldorf:1. FC Köln,de.1,1975-76,Fortuna Düsseldorf,1. FC Köln,0,0
1975-10-25,1975-76:de.1:97:Hertha BSC:1. FC Kaiserslautern,de.1,1975-76,Hertha BSC,1. FC Kaiserslautern,3,0
1975-10-25,1975-76:de.1:98:Eintracht Frankfurt:MSV Duisburg,de.1,1975-76,Eintracht Frankfurt,MSV Duisburg,1,1
1975-10-26,1975-76:de.1:99:Karlsruher SC:Bor. Mönchengladbach,de.1,1975-76,Karlsruher SC,Bor. Mönchengladbach,2,4
1975-10-31,1975-76:de.1:100:1. FC Köln:VfL Bochum,de.1,1975-76,1. FC Köln,VfL Bochum,1,0
1975-10-31,1975-76:de.1:101:MSV Duisburg:Bayern München,de.1,1975-76,MSV Duisburg,Bayern München,1,1
1975-10-31,1975-76:de.1:102:Rot-Weiss Essen:Eintracht Frankfurt,de.1,1975-76,Rot-Weiss Essen,Eintracht Frankfurt,4,3
1975-10-31,1975-76:de.1:103:FC Schalke 04:Fortuna Düsseldorf,de.1,1975-76,FC Schalke 04,Fortuna Düsseldorf,2,0
1975-10-31,1975-76:de.1:104:Bor. Mönchengladbach:Werder Bremen,de.1,1975-76,Bor. Mönchengladbach,Werder Bremen,3,0
1975-11-01,1975-76:de.1:105:Kickers Offenbach:KFC Uerdingen,de.1,1975-76,Kickers Offenbach,KFC Uerdingen,2,3
1975-11-01,1975-76:de.1:106:Hamburger SV:Hertha BSC,de.1,1975-76,Hamburger SV,Hertha BSC,2,1
1975-11-01,1975-76:de.1:107:Hannover 96:Karlsruher SC,de.1,1975-76,Hannover 96,Karlsruher SC,2,0
1975-11-01,1975-76:de.1:108:1. FC Kaiserslautern:Eintracht Braunschweig,de.1,1975-76,1. FC Kaiserslautern,Eintracht Braunschweig,3,1
1975-11-08,1975-76:de.1:109:KFC Uerdingen:Bor. Mönchengladbach,de.1,1975-76,KFC Uerdingen,Bor. Mönchengladbach,1,1
1975-11-08,1975-76:de.1:110:Hertha BSC:MSV Duisburg,de.1,1975-76,Hertha BSC,MSV Duisburg,1,2
1975-11-08,1975-76:de.1:111:Fortuna Düsseldorf:Kickers Offenbach,de.1,1975-76,Fortuna Düsseldorf,Kickers Offenbach,0,0
1975-11-08,1975-76:de.1:112:Eintracht Frankfurt:VfL Bochum,de.1,1975-76,Eintracht Frankfurt,VfL Bochum,6,0
1975-11-08,1975-76:de.1:113:FC Schalke 04:1. FC Köln,de.1,1975-76,FC Schalke 04,1. FC Köln,3,1
1975-11-08,1975-76:de.1:114:Bayern München:Rot-Weiss Essen,de.1,1975-76,Bayern München,Rot-Weiss Essen,5,1
1975-11-08,1975-76:de.1:115:Werder Bremen:Hannover 96,de.1,1975-76,Werder Bremen,Hannover 96,0,0
1975-11-08,1975-76:de.1:116:Eintracht Braunschweig:Hamburger SV,de.1,1975-76,Eintracht Braunschweig,Hamburger SV,1,0
1975-11-08,1975-76:de.1:117:Karlsruher SC:1. FC Kaiserslautern,de.1,1975-76,Karlsruher SC,1. FC Kaiserslautern,3,5
1975-11-14,1975-76:de.1:118:Kickers Offenbach:FC Schalke 04,de.1,1975-76,Kickers Offenbach,FC Schalke 04,1,1
1975-11-15,1975-76:de.1:119:Bor. Mönchengladbach:Fortuna Düsseldorf,de.1,1975-76,Bor. Mönchengladbach,Fortuna Düsseldorf,1,0
1975-11-15,1975-76:de.1:120:Rot-Weiss Essen:Hertha BSC,de.1,1975-76,Rot-Weiss Essen,Hertha BSC,3,1
1975-11-15,1975-76:de.1:121:1. FC Köln:Eintracht Frankfurt,de.1,1975-76,1. FC Köln,Eintracht Frankfurt,3,3
1975-11-15,1975-76:de.1:122:VfL Bochum:Bayern München,de.1,1975-76,VfL Bochum,Bayern München,3,1
1975-11-15,1975-76:de.1:123:Hannover 96:KFC Uerdingen,de.1,1975-76,Hannover 96,KFC Uerdingen,3,1
1975-11-15,1975-76:de.1:124:MSV Duisburg:Eintracht Braunschweig,de.1,1975-76,MSV Duisburg,Eintracht Braunschweig,1,0
1975-11-15,1975-76:de.1:125:1. FC Kaiserslautern:Werder Bremen,de.1,1975-76,1. FC Kaiserslautern,Werder Bremen,4,0
1975-11-15,1975-76:de.1:126:Hamburger SV:Karlsruher SC,de.1,1975-76,Hamburger SV,Karlsruher SC,3,0
1975-11-22,1975-76:de.1:127:KFC Uerdingen:1. FC Kaiserslautern,de.1,1975-76,KFC Uerdingen,1. FC Kaiserslautern,2,2
1975-11-22,1975-76:de.1:128:Eintracht Braunschweig:Rot-Weiss Essen,de.1,1975-76,Eintracht Braunschweig,Rot-Weiss Essen,1,1
1975-11-22,1975-76:de.1:129:FC Schalke 04:Bor. Mönchengladbach,de.1,1975-76,FC Schalke 04,Bor. Mönchengladbach,2,2
1975-11-22,1975-76:de.1:130:Hertha BSC:VfL Bochum,de.1,1975-76,Hertha BSC,VfL Bochum,4,1
1975-11-22,1975-76:de.1:131:1. FC Köln:Kickers Offenbach,de.1,1975-76,1. FC Köln,Kickers Offenbach,4,0
1975-11-22,1975-76:de.1:132:Eintracht Frankfurt:Bayern München,de.1,1975-76,Eintracht Frankfurt,Bayern München,6,0
1975-11-22,1975-76:de.1:133:Fortuna Düsseldorf:Hannover 96,de.1,1975-76,Fortuna Düsseldorf,Hannover 96,3,0
1975-11-22,1975-76:de.1:134:Karlsruher SC:MSV Duisburg,de.1,1975-76,Karlsruher SC,MSV Duisburg,2,2
1975-11-22,1975-76:de.1:135:Werder Bremen:Hamburger SV,de.1,1975-76,Werder Bremen,Hamburger SV,1,3
1975-11-28,1975-76:de.1:136:Bor. Mönchengladbach:Kickers Offenbach,de.1,1975-76,Bor. Mönchengladbach,Kickers Offenbach,2,0
1975-11-28,1975-76:de.1:137:VfL Bochum:Eintracht Braunschweig,de.1,1975-76,VfL Bochum,Eintracht Braunschweig,2,0
1975-11-29,1975-76:de.1:138:Eintracht Frankfurt:Hertha BSC,de.1,1975-76,Eintracht Frankfurt,Hertha BSC,1,1
1975-11-29,1975-76:de.1:139:Hannover 96:FC Schalke 04,de.1,1975-76,Hannover 96,FC Schalke 04,1,1
1975-11-29,1975-76:de.1:140:1. FC Kaiserslautern:Fortuna Düsseldorf,de.1,1975-76,1. FC Kaiserslautern,Fortuna Düsseldorf,2,1
1975-11-29,1975-76:de.1:141:Rot-Weiss Essen:Karlsruher SC,de.1,1975-76,Rot-Weiss Essen,Karlsruher SC,1,0
1975-11-29,1975-76:de.1:142:Hamburger SV:KFC Uerdingen,de.1,1975-76,Hamburger SV,KFC Uerdingen,0,0
1975-11-29,1975-76:de.1:143:MSV Duisburg:Werder Bremen,de.1,1975-76,MSV Duisburg,Werder Bremen,2,0
1975-11-29,1975-76:de.1:144:Bayern München:1. FC Köln,de.1,1975-76,Bayern München,1. FC Köln,1,2
1975-12-06,1975-76:de.1:145:KFC Uerdingen:MSV Duisburg,de.1,1975-76,KFC Uerdingen,MSV Duisburg,0,4
1975-12-06,1975-76:de.1:146:1. FC Köln:Bor. Mönchengladbach,de.1,1975-76,1. FC Köln,Bor. Mönchengladbach,0,4
1975-12-06,1975-76:de.1:147:Hertha BSC:Bayern München,de.1,1975-76,Hertha BSC,Bayern München,2,1
1975-12-06,1975-76:de.1:148:Kickers Offenbach:Hannover 96,de.1,1975-76,Kickers Offenbach,Hannover 96,1,0
1975-12-06,1975-76:de.1:149:Eintracht Braunschweig:Eintracht Frankfurt,de.1,1975-76,Eintracht Braunschweig,Eintracht Frankfurt,2,0
1975-12-06,1975-76:de.1:150:FC Schalke 04:1. FC Kaiserslautern,de.1,1975-76,FC Schalke 04,1. FC Kaiserslautern,2,2
1975-12-06,1975-76:de.1:151:Karlsruher SC:VfL Bochum,de.1,1975-76,Karlsruher SC,VfL Bochum,2,2
1975-12-06,1975-76:de.1:152:Fortuna Düsseldorf:Hamburger SV,de.1,1975-76,Fortuna Düsseldorf,Hamburger SV,1,0
1975-12-06,1975-76:de.1:153:Werder Bremen:Rot-Weiss Essen,de.1,1975-76,Werder Bremen,Rot-Weiss Essen,3,3
1976-01-16,1975-76:de.1:154:Fortuna Düsseldorf:MSV Duisburg,de.1,1975-76,Fortuna Düsseldorf,MSV Duisburg,1,3
1976-01-17,1975-76:de.1:155:KFC Uerdingen:Rot-Weiss Essen,de.1,1975-76,KFC Uerdingen,Rot-Weiss Essen,1,1
1976-01-17,1975-76:de.1:156:Bor. Mönchengladbach:Hannover 96,de.1,1975-76,Bor. Mönchengladbach,Hannover 96,2,0
1976-01-17,1975-76:de.1:157:Eintracht Braunschweig:Bayern München,de.1,1975-76,Eintracht Braunschweig,Bayern München,1,1
1976-01-17,1975-76:de.1:158:Kickers Offenbach:1. FC Kaiserslautern,de.1,1975-76,Kickers Offenbach,1. FC Kaiserslautern,1,4
1976-01-17,1975-76:de.1:159:FC Schalke 04:Hamburger SV,de.1,1975-76,FC Schalke 04,Hamburger SV,0,1
1976-01-17,1975-76:de.1:160:Werder Bremen:VfL Bochum,de.1,1975-76,Werder Bremen,VfL Bochum,4,1
1976-01-17,1975-76:de.1:161:1. FC Köln:Hertha BSC,de.1,1975-76,1. FC Köln,Hertha BSC,2,0
1976-01-17,1975-76:de.1:162:Karlsruher SC:Eintracht Frankfurt,de.1,1975-76,Karlsruher SC,Eintracht Frankfurt,1,0
1976-01-24,1975-76:de.1:163:Eintracht Frankfurt:Werder Bremen,de.1,1975-76,Eintracht Frankfurt,Werder Bremen,2,0
1976-01-24,1975-76:de.1:164:Hamburger SV:Kickers Offenbach,de.1,1975-76,Hamburger SV,Kickers Offenbach,2,0
1976-01-24,1975-76:de.1:165:Hertha BSC:Eintracht Braunschweig,de.1,1975-76,Hertha BSC,Eintracht Braunschweig,1,0
1976-01-24,1975-76:de.1:166:1. FC Kaiserslautern:Bor. Mönchengladbach,de.1,1975-76,1. FC Kaiserslautern,Bor. Mönchengladbach,0,3
1976-01-24,1975-76:de.1:167:MSV Duisburg:FC Schalke 04,de.1,1975-76,MSV Duisburg,FC Schalke 04,1,3
1976-01-24,1975-76:de.1:168:VfL Bochum:KFC Uerdingen,de.1,1975-76,VfL Bochum,KFC Uerdingen,3,0
1976-01-24,1975-76:de.1:169:Rot-Weiss Essen:Fortuna Düsseldorf,de.1,1975-76,Rot-Weiss Essen,Fortuna Düsseldorf,2,2
1976-01-24,1975-76:de.1:170:Hannover 96:1. FC Köln,de.1,1975-76,Hannover 96,1. FC Köln,3,3
1976-01-24,1975-76:de.1:171:Bayern München:Karlsruher SC,de.1,1975-76,Bayern München,Karlsruher SC,2,0
1976-02-07,1975-76:de.1:172:Hannover 96:1. FC Kaiserslautern,de.1,1975-76,Hannover 96,1. FC Kaiserslautern,2,0
1976-02-07,1975-76:de.1:173:Werder Bremen:Bayern München,de.1,1975-76,Werder Bremen,Bayern München,0,0
1976-02-07,1975-76:de.1:174:Bor. Mönchengladbach:Hamburger SV,de.1,1975-76,Bor. Mönchengladbach,Hamburger SV,1,1
1976-02-07,1975-76:de.1:175:Karlsruher SC:Hertha BSC,de.1,1975-76,Karlsruher SC,Hertha BSC,3,0
1976-02-07,1975-76:de.1:176:Kickers Offenbach:MSV Duisburg,de.1,1975-76,Kickers Offenbach,MSV Duisburg,2,1
1976-02-07,1975-76:de.1:177:KFC Uerdingen:Eintracht Frankfurt,de.1,1975-76,KFC Uerdingen,Eintracht Frankfurt,0,5
1976-02-07,1975-76:de.1:178:FC Schalke 04:Rot-Weiss Essen,de.1,1975-76,FC Schalke 04,Rot-Weiss Essen,5,1
1976-02-07,1975-76:de.1:179:Fortuna Düsseldorf:VfL Bochum,de.1,1975-76,Fortuna Düsseldorf,VfL Bochum,3,1
1976-02-07,1975-76:de.1:180:1. FC Köln:Eintracht Braunschweig,de.1,1975-76,1. FC Köln,Eintracht Braunschweig,1,1
1976-02-14,1975-76:de.1:181:MSV Duisburg:Bor. Mönchengladbach,de.1,1975-76,MSV Duisburg,Bor. Mönchengladbach,2,3
1976-02-14,1975-76:de.1:182:Eintracht Frankfurt:Fortuna Düsseldorf,de.1,1975-76,Eintracht Frankfurt,Fortuna Düsseldorf,5,2
1976-02-14,1975-76:de.1:183:Bayern München:KFC Uerdingen,de.1,1975-76,Bayern München,KFC Uerdingen,2,0
1976-02-17,1975-76:de.1:184:Rot-Weiss Essen:Kickers Offenbach,de.1,1975-76,Rot-Weiss Essen,Kickers Offenbach,2,2
1976-02-17,1975-76:de.1:185:Hamburger SV:Hannover 96,de.1,1975-76,Hamburger SV,Hannover 96,3,0
1976-02-21,1975-76:de.1:186:Fortuna Düsseldorf:Bayern München,de.1,1975-76,Fortuna Düsseldorf,Bayern München,1,1
1976-02-21,1975-76:de.1:187:FC Schalke 04:Eintracht Frankfurt,de.1,1975-76,FC Schalke 04,Eintracht Frankfurt,2,4
1976-02-21,1975-76:de.1:188:Kickers Offenbach:VfL Bochum,de.1,1975-76,Kickers Offenbach,VfL Bochum,1,0
1976-02-21,1975-76:de.1:189:KFC Uerdingen:Hertha BSC,de.1,1975-76,KFC Uerdingen,Hertha BSC,1,1
1976-02-21,1975-76:de.1:190:1. FC Kaiserslautern:Hamburger SV,de.1,1975-76,1. FC Kaiserslautern,Hamburger SV,2,0
1976-02-21,1975-76:de.1:191:1. FC Köln:Karlsruher SC,de.1,1975-76,1. FC Köln,Karlsruher SC,1,3
1976-02-21,1975-76:de.1:192:Werder Bremen:Eintracht Braunschweig,de.1,1975-76,Werder Bremen,Eintracht Braunschweig,0,1
1976-02-21,1975-76:de.1:193:Bor. Mönchengladbach:Rot-Weiss Essen,de.1,1975-76,Bor. Mönchengladbach,Rot-Weiss Essen,1,2
1976-02-21,1975-76:de.1:194:Hannover 96:MSV Duisburg,de.1,1975-76,Hannover 96,MSV Duisburg,0,2
1976-03-06,1975-76:de.1:195:Rot-Weiss Essen:Hannover 96,de.1,1975-76,Rot-Weiss Essen,Hannover 96,1,0
1976-03-06,1975-76:de.1:196:Hertha BSC:Fortuna Düsseldorf,de.1,1975-76,Hertha BSC,Fortuna Düsseldorf,2,2
1976-03-06,1975-76:de.1:197:Hamburger SV:1. FC Köln,de.1,1975-76,Hamburger SV,1. FC Köln,2,1
1976-03-06,1975-76:de.1:198:Karlsruher SC:Werder Bremen,de.1,1975-76,Karlsruher SC,Werder Bremen,2,0
1976-03-06,1975-76:de.1:199:Eintracht Braunschweig:KFC Uerdingen,de.1,1975-76,Eintracht Braunschweig,KFC Uerdingen,1,0
1976-03-06,1975-76:de.1:200:VfL Bochum:Bor. Mönchengladbach,de.1,1975-76,VfL Bochum,Bor. Mönchengladbach,2,0
1976-03-06,1975-76:de.1:201:Bayern München:FC Schalke 04,de.1,1975-76,Bayern München,FC Schalke 04,3,2
1976-03-06,1975-76:de.1:202:Eintracht Frankfurt:Kickers Offenbach,de.1,1975-76,Eintracht Frankfurt,Kickers Offenbach,1,0
1976-03-06,1975-76:de.1:203:MSV Duisburg:1. FC Kaiserslautern,de.1,1975-76,MSV Duisburg,1. FC Kaiserslautern,1,2
1976-03-09,1975-76:de.1:204:1. FC Kaiserslautern:1. FC Köln,de.1,1975-76,1. FC Kaiserslautern,1. FC Köln,1,1
1976-03-12,1975-76:de.1:205:Hamburger SV:MSV Duisburg,de.1,1975-76,Hamburger SV,MSV Duisburg,3,0
1976-03-13,1975-76:de.1:206:KFC Uerdingen:Karlsruher SC,de.1,1975-76,KFC Uerdingen,Karlsruher SC,1,1
1976-03-13,1975-76:de.1:207:Bor. Mönchengladbach:Eintracht Frankfurt,de.1,1975-76,Bor. Mönchengladbach,Eintracht Frankfurt,4,2
1976-03-13,1975-76:de.1:208:Kickers Offenbach:Bayern München,de.1,1975-76,Kickers Offenbach,Bayern München,2,2
1976-03-13,1975-76:de.1:209:1. FC Kaiserslautern:Rot-Weiss Essen,de.1,1975-76,1. FC Kaiserslautern,Rot-Weiss Essen,5,0
1976-03-13,1975-76:de.1:210:Hannover 96:VfL Bochum,de.1,1975-76,Hannover 96,VfL Bochum,4,1
1976-03-13,1975-76:de.1:211:1. FC Köln:Werder Bremen,de.1,1975-76,1. FC Köln,Werder Bremen,1,1
1976-03-13,1975-76:de.1:212:FC Schalke 04:Hertha BSC,de.1,1975-76,FC Schalke 04,Hertha BSC,2,2
1976-03-13,1975-76:de.1:213:Fortuna Düsseldorf:Eintracht Braunschweig,de.1,1975-76,Fortuna Düsseldorf,Eintracht Braunschweig,3,3
1976-03-20,1975-76:de.1:214:Eintracht Braunschweig:FC Schalke 04,de.1,1975-76,Eintracht Braunschweig,FC Schalke 04,4,1
1976-03-20,1975-76:de.1:215:Bayern München:Bor. Mönchengladbach,de.1,1975-76,Bayern München,Bor. Mönchengladbach,4,0
1976-03-20,1975-76:de.1:216:Karlsruher SC:Fortuna Düsseldorf,de.1,1975-76,Karlsruher SC,Fortuna Düsseldorf,1,0
1976-03-20,1975-76:de.1:217:MSV Duisburg:1. FC Köln,de.1,1975-76,MSV Duisburg,1. FC Köln,0,4
1976-03-20,1975-76:de.1:218:Werder Bremen:KFC Uerdingen,de.1,1975-76,Werder Bremen,KFC Uerdingen,3,0
1976-03-20,1975-76:de.1:219:Rot-Weiss Essen:Hamburger SV,de.1,1975-76,Rot-Weiss Essen,Hamburger SV,1,1
1976-03-20,1975-76:de.1:220:Eintracht Frankfurt:Hannover 96,de.1,1975-76,Eintracht Frankfurt,Hannover 96,5,1
1976-03-20,1975-76:de.1:221:Hertha BSC:Kickers Offenbach,de.1,1975-76,Hertha BSC,Kickers Offenbach,1,0
1976-03-20,1975-76:de.1:222:VfL Bochum:1. FC Kaiserslautern,de.1,1975-76,VfL Bochum,1. FC Kaiserslautern,2,0
1976-03-23,1975-76:de.1:223:Hertha BSC:Werder Bremen,de.1,1975-76,Hertha BSC,Werder Bremen,0,0
1976-03-26,1975-76:de.1:224:MSV Duisburg:Rot-Weiss Essen,de.1,1975-76,MSV Duisburg,Rot-Weiss Essen,4,0
1976-03-26,1975-76:de.1:225:1. FC Kaiserslautern:Eintracht Frankfurt,de.1,1975-76,1. FC Kaiserslautern,Eintracht Frankfurt,3,1
1976-03-27,1975-76:de.1:226:FC Schalke 04:Karlsruher SC,de.1,1975-76,FC Schalke 04,Karlsruher SC,6,2
1976-03-27,1975-76:de.1:227:Hannover 96:Bayern München,de.1,1975-76,Hannover 96,Bayern München,2,2
1976-03-27,1975-76:de.1:228:Fortuna Düsseldorf:Werder Bremen,de.1,1975-76,Fortuna Düsseldorf,Werder Bremen,3,0
1976-03-27,1975-76:de.1:229:Hamburger SV:VfL Bochum,de.1,1975-76,Hamburger SV,VfL Bochum,5,3
1976-03-27,1975-76:de.1:230:Bor. Mönchengladbach:Hertha BSC,de.1,1975-76,Bor. Mönchengladbach,Hertha BSC,1,1
1976-03-27,1975-76:de.1:231:1. FC Köln:KFC Uerdingen,de.1,1975-76,1. FC Köln,KFC Uerdingen,4,0
1976-03-27,1975-76:de.1:232:Kickers Offenbach:Eintracht Braunschweig,de.1,1975-76,Kickers Offenbach,Eintracht Braunschweig,4,2
1976-04-02,1975-76:de.1:233:VfL Bochum:FC Schalke 04,de.1,1975-76,VfL Bochum,FC Schalke 04,1,4
1976-04-03,1975-76:de.1:234:Eintracht Braunschweig:Karlsruher SC,de.1,1975-76,Eintracht Braunschweig,Karlsruher SC,2,0
1976-04-10,1975-76:de.1:235:Eintracht Braunschweig:Bor. Mönchengladbach,de.1,1975-76,Eintracht Braunschweig,Bor. Mönchengladbach,0,0
1976-04-10,1975-76:de.1:236:Hertha BSC:Hannover 96,de.1,1975-76,Hertha BSC,Hannover 96,1,0
1976-04-10,1975-76:de.1:237:Karlsruher SC:Kickers Offenbach,de.1,1975-76,Karlsruher SC,Kickers Offenbach,2,1
1976-04-10,1975-76:de.1:238:Eintracht Frankfurt:Hamburger SV,de.1,1975-76,Eintracht Frankfurt,Hamburger SV,1,0
1976-04-10,1975-76:de.1:239:Werder Bremen:FC Schalke 04,de.1,1975-76,Werder Bremen,FC Schalke 04,1,1
1976-04-10,1975-76:de.1:240:VfL Bochum:MSV Duisburg,de.1,1975-76,VfL Bochum,MSV Duisburg,1,2
1976-04-10,1975-76:de.1:241:KFC Uerdingen:Fortuna Düsseldorf,de.1,1975-76,KFC Uerdingen,Fortuna Düsseldorf,2,0
1976-04-10,1975-76:de.1:242:Rot-Weiss Essen:1. FC Köln,de.1,1975-76,Rot-Weiss Essen,1. FC Köln,2,3
1976-04-10,1975-76:de.1:243:Bayern München:1. FC Kaiserslautern,de.1,1975-76,Bayern München,1. FC Kaiserslautern,3,4
1976-04-15,1975-76:de.1:244:1. FC Kaiserslautern:Hertha BSC,de.1,1975-76,1. FC Kaiserslautern,Hertha BSC,5,0
1976-04-15,1975-76:de.1:245:FC Schalke 04:KFC Uerdingen,de.1,1975-76,FC Schalke 04,KFC Uerdingen,5,1
1976-04-17,1975-76:de.1:246:Rot-Weiss Essen:VfL Bochum,de.1,1975-76,Rot-Weiss Essen,VfL Bochum,1,0
1976-04-17,1975-76:de.1:247:Hamburger SV:Bayern München,de.1,1975-76,Hamburger SV,Bayern München,0,1
1976-04-17,1975-76:de.1:248:Hannover 96:Eintracht Braunschweig,de.1,1975-76,Hannover 96,Eintracht Braunschweig,2,0
1976-04-17,1975-76:de.1:249:Kickers Offenbach:Werder Bremen,de.1,1975-76,Kickers Offenbach,Werder Bremen,2,0
1976-04-17,1975-76:de.1:250:1. FC Köln:Fortuna Düsseldorf,de.1,1975-76,1. FC Köln,Fortuna Düsseldorf,4,0
1976-04-17,1975-76:de.1:251:MSV Duisburg:Eintracht Frankfurt,de.1,1975-76,MSV Duisburg,Eintracht Frankfurt,1,1
1976-04-17,1975-76:de.1:252:Bor. Mönchengladbach:Karlsruher SC,de.1,1975-76,Bor. Mönchengladbach,Karlsruher SC,4,0
1976-04-23,1975-76:de.1:253:Karlsruher SC:Hannover 96,de.1,1975-76,Karlsruher SC,Hannover 96,3,2
1976-04-30,1975-76:de.1:254:Eintracht Frankfurt:Rot-Weiss Essen,de.1,1975-76,Eintracht Frankfurt,Rot-Weiss Essen,1,3
1976-04-30,1975-76:de.1:255:Fortuna Düsseldorf:FC Schalke 04,de.1,1975-76,Fortuna Düsseldorf,FC Schalke 04,1,2
1976-04-30,1975-76:de.1:256:Eintracht Braunschweig:1. FC Kaiserslautern,de.1,1975-76,Eintracht Braunschweig,1. FC Kaiserslautern,2,0
1976-05-01,1975-76:de.1:257:Bayern München:MSV Duisburg,de.1,1975-76,Bayern München,MSV Duisburg,3,0
1976-05-01,1975-76:de.1:258:Werder Bremen:Bor. Mönchengladbach,de.1,1975-76,Werder Bremen,Bor. Mönchengladbach,2,2
1976-05-01,1975-76:de.1:259:VfL Bochum:1. FC Köln,de.1,1975-76,VfL Bochum,1. FC Köln,1,0
1976-05-01,1975-76:de.1:260:KFC Uerdingen:Kickers Offenbach,de.1,1975-76,KFC Uerdingen,Kickers Offenbach,1,2
1976-05-01,1975-76:de.1:261:Hertha BSC:Hamburger SV,de.1,1975-76,Hertha BSC,Hamburger SV,1,1
1976-05-07,1975-76:de.1:262:Kickers Offenbach:Fortuna Düsseldorf,de.1,1975-76,Kickers Offenbach,Fortuna Düsseldorf,1,1
1976-05-08,1975-76:de.1:263:Bor. Mönchengladbach:KFC Uerdingen,de.1,1975-76,Bor. Mönchengladbach,KFC Uerdingen,6,1
1976-05-08,1975-76:de.1:264:MSV Duisburg:Hertha BSC,de.1,1975-76,MSV Duisburg,Hertha BSC,2,1
1976-05-08,1975-76:de.1:265:VfL Bochum:Eintracht Frankfurt,de.1,1975-76,VfL Bochum,Eintracht Frankfurt,5,3
1976-05-08,1975-76:de.1:266:Rot-Weiss Essen:Bayern München,de.1,1975-76,Rot-Weiss Essen,Bayern München,3,3
1976-05-08,1975-76:de.1:267:Hannover 96:Werder Bremen,de.1,1975-76,Hannover 96,Werder Bremen,0,0
1976-05-08,1975-76:de.1:268:Hamburger SV:Eintracht Braunschweig,de.1,1975-76,Hamburger SV,Eintracht Braunschweig,4,0
1976-05-08,1975-76:de.1:269:1. FC Kaiserslautern:Karlsruher SC,de.1,1975-76,1. FC Kaiserslautern,Karlsruher SC,3,1
1976-05-15,1975-76:de.1:270:Werder Bremen:1. FC Kaiserslautern,de.1,1975-76,Werder Bremen,1. FC Kaiserslautern,3,2
1976-05-15,1975-76:de.1:271:Karlsruher SC:Hamburger SV,de.1,1975-76,Karlsruher SC,Hamburger SV,3,2
1976-05-15,1975-76:de.1:272:FC Schalke 04:Kickers Offenbach,de.1,1975-76,FC Schalke 04,Kickers Offenbach,1,1
1976-05-15,1975-76:de.1:273:Fortuna Düsseldorf:Bor. Mönchengladbach,de.1,1975-76,Fortuna Düsseldorf,Bor. Mönchengladbach,1,1
1976-05-15,1975-76:de.1:274:Hertha BSC:Rot-Weiss Essen,de.1,1975-76,Hertha BSC,Rot-Weiss Essen,2,2
1976-05-15,1975-76:de.1:275:Eintracht Frankfurt:1. FC Köln,de.1,1975-76,Eintracht Frankfurt,1. FC Köln,2,2
1976-05-15,1975-76:de.1:276:Bayern München:VfL Bochum,de.1,1975-76,Bayern München,VfL Bochum,4,0
1976-05-15,1975-76:de.1:277:KFC Uerdingen:Hannover 96,de.1,1975-76,KFC Uerdingen,Hannover 96,1,1
1976-05-15,1975-76:de.1:278:Eintracht Braunschweig:MSV Duisburg,de.1,1975-76,Eintracht Braunschweig,MSV Duisburg,3,1
1976-05-25,1975-76:de.1:279:1. FC Köln:FC Schalke 04,de.1,1975-76,1. FC Köln,FC Schalke 04,2,1
1976-05-28,1975-76:de.1:280:Rot-Weiss Essen:Eintracht Braunschweig,de.1,1975-76,Rot-Weiss Essen,Eintracht Braunschweig,2,2
1976-05-29,1975-76:de.1:281:Bor. Mönchengladbach:FC Schalke 04,de.1,1975-76,Bor. Mönchengladbach,FC Schalke 04,0,2
1976-05-29,1975-76:de.1:282:VfL Bochum:Hertha BSC,de.1,1975-76,VfL Bochum,Hertha BSC,2,0
1976-05-29,1975-76:de.1:283:Kickers Offenbach:1. FC Köln,de.1,1975-76,Kickers Offenbach,1. FC Köln,1,5
1976-05-29,1975-76:de.1:284:Bayern München:Eintracht Frankfurt,de.1,1975-76,Bayern München,Eintracht Frankfurt,1,1
1976-05-29,1975-76:de.1:285:Hannover 96:Fortuna Düsseldorf,de.1,1975-76,Hannover 96,Fortuna Düsseldorf,1,2
1976-05-29,1975-76:de.1:286:1. FC Kaiserslautern:KFC Uerdingen,de.1,1975-76,1. FC Kaiserslautern,KFC Uerdingen,1,2
1976-05-29,1975-76:de.1:287:MSV Duisburg:Karlsruher SC,de.1,1975-76,MSV Duisburg,Karlsruher SC,1,0
1976-05-29,1975-76:de.1:288:Hamburger SV:Werder Bremen,de.1,1975-76,Hamburger SV,Werder Bremen,1,2
1976-06-04,1975-76:de.1:289:Kickers Offenbach:Bor. Mönchengladbach,de.1,1975-76,Kickers Offenbach,Bor. Mönchengladbach,1,1
1976-06-04,1975-76:de.1:290:Eintracht Braunschweig:VfL Bochum,de.1,1975-76,Eintracht Braunschweig,VfL Bochum,1,1
1976-06-04,1975-76:de.1:291:Hertha BSC:Eintracht Frankfurt,de.1,1975-76,Hertha BSC,Eintracht Frankfurt,4,4
1976-06-04,1975-76:de.1:292:FC Schalke 04:Hannover 96,de.1,1975-76,FC Schalke 04,Hannover 96,1,2
1976-06-04,1975-76:de.1:293:Fortuna Düsseldorf:1. FC Kaiserslautern,de.1,1975-76,Fortuna Düsseldorf,1. FC Kaiserslautern,5,1
1976-06-04,1975-76:de.1:294:Karlsruher SC:Rot-Weiss Essen,de.1,1975-76,Karlsruher SC,Rot-Weiss Essen,1,2
1976-06-04,1975-76:de.1:295:KFC Uerdingen:Hamburger SV,de.1,1975-76,KFC Uerdingen,Hamburger SV,0,1
1976-06-04,1975-76:de.1:296:Werder Bremen:MSV Duisburg,de.1,1975-76,Werder Bremen,MSV Duisburg,2,0
1976-06-04,1975-76:de.1:297:1. FC Köln:Bayern München,de.1,1975-76,1. FC Köln,Bayern München,1,0
1976-06-12,1975-76:de.1:298:Bor. Mönchengladbach:1. FC Köln,de.1,1975-76,Bor. Mönchengladbach,1. FC Köln,2,1
1976-06-12,1975-76:de.1:299:Bayern München:Hertha BSC,de.1,1975-76,Bayern München,Hertha BSC,7,4
1976-06-12,1975-76:de.1:300:Hannover 96:Kickers Offenbach,de.1,1975-76,Hannover 96,Kickers Offenbach,4,0
1976-06-12,1975-76:de.1:301:Eintracht Frankfurt:Eintracht Braunschweig,de.1,1975-76,Eintracht Frankfurt,Eintracht Braunschweig,6,1
1976-06-12,1975-76:de.1:302:1. FC Kaiserslautern:FC Schalke 04,de.1,1975-76,1. FC Kaiserslautern,FC Schalke 04,1,3
1976-06-12,1975-76:de.1:303:VfL Bochum:Karlsruher SC,de.1,1975-76,VfL Bochum,Karlsruher SC,4,2
1976-06-12,1975-76:de.1:304:Hamburger SV:Fortuna Düsseldorf,de.1,1975-76,Hamburger SV,Fortuna Düsseldorf,3,1
1976-06-12,1975-76:de.1:305:Rot-Weiss Essen:Werder Bremen,de.1,1975-76,Rot-Weiss Essen,Werder Bremen,2,0
1976-06-12,1975-76:de.1:306:MSV Duisburg:KFC Uerdingen,de.1,1975-76,MSV Duisburg,KFC Uerdingen,2,0
1976-08-14,1976-77:de.1:1:Bor. Mönchengladbach:MSV Duisburg,de.1,1976-77,Bor. Mönchengladbach,MSV Duisburg,1,1
1976-08-14,1976-77:de.1:2:Karlsruher SC:Hertha BSC,de.1,1976-77,Karlsruher SC,Hertha BSC,0,3
1976-08-14,1976-77:de.1:3:1. FC Saarbrücken:VfL Bochum,de.1,1976-77,1. FC Saarbrücken,VfL Bochum,0,1
1976-08-14,1976-77:de.1:4:Hamburger SV:Borussia Dortmund,de.1,1976-77,Hamburger SV,Borussia Dortmund,3,4
1976-08-14,1976-77:de.1:5:FC Schalke 04:Werder Bremen,de.1,1976-77,FC Schalke 04,Werder Bremen,3,2
1976-08-14,1976-77:de.1:6:1. FC Köln:1. FC Kaiserslautern,de.1,1976-77,1. FC Köln,1. FC Kaiserslautern,3,1
1976-08-14,1976-77:de.1:7:Tennis Borussia Berlin:Rot-Weiss Essen,de.1,1976-77,Tennis Borussia Berlin,Rot-Weiss Essen,2,2
1976-08-14,1976-77:de.1:8:Eintracht Braunschweig:Eintracht Frankfurt,de.1,1976-77,Eintracht Braunschweig,Eintracht Frankfurt,3,1
1976-08-14,1976-77:de.1:9:Bayern München:Fortuna Düsseldorf,de.1,1976-77,Bayern München,Fortuna Düsseldorf,2,1
1976-08-20,1976-77:de.1:10:1. FC Kaiserslautern:FC Schalke 04,de.1,1976-77,1. FC Kaiserslautern,FC Schalke 04,2,0
1976-08-21,1976-77:de.1:11:Werder Bremen:Hamburger SV,de.1,1976-77,Werder Bremen,Hamburger SV,2,2
1976-08-21,1976-77:de.1:12:Rot-Weiss Essen:1. FC Köln,de.1,1976-77,Rot-Weiss Essen,1. FC Köln,0,3
1976-08-21,1976-77:de.1:13:Eintracht Frankfurt:Tennis Borussia Berlin,de.1,1976-77,Eintracht Frankfurt,Tennis Borussia Berlin,7,1
1976-08-21,1976-77:de.1:14:Borussia Dortmund:1. FC Saarbrücken,de.1,1976-77,Borussia Dortmund,1. FC Saarbrücken,2,1
1976-08-21,1976-77:de.1:15:MSV Duisburg:Bayern München,de.1,1976-77,MSV Duisburg,Bayern München,5,2
1976-08-21,1976-77:de.1:16:Hertha BSC:Bor. Mönchengladbach,de.1,1976-77,Hertha BSC,Bor. Mönchengladbach,0,1
1976-08-21,1976-77:de.1:17:Fortuna Düsseldorf:Eintracht Braunschweig,de.1,1976-77,Fortuna Düsseldorf,Eintracht Braunschweig,1,3
1976-08-27,1976-77:de.1:18:Bayern München:Eintracht Braunschweig,de.1,1976-77,Bayern München,Eintracht Braunschweig,2,2
1976-08-27,1976-77:de.1:19:Hamburger SV:1. FC Kaiserslautern,de.1,1976-77,Hamburger SV,1. FC Kaiserslautern,1,0
1976-08-28,1976-77:de.1:20:MSV Duisburg:Hertha BSC,de.1,1976-77,MSV Duisburg,Hertha BSC,1,1
1976-08-28,1976-77:de.1:21:Tennis Borussia Berlin:Fortuna Düsseldorf,de.1,1976-77,Tennis Borussia Berlin,Fortuna Düsseldorf,4,2
1976-08-28,1976-77:de.1:22:Bor. Mönchengladbach:VfL Bochum,de.1,1976-77,Bor. Mönchengladbach,VfL Bochum,4,2
1976-08-28,1976-77:de.1:23:1. FC Saarbrücken:Werder Bremen,de.1,1976-77,1. FC Saarbrücken,Werder Bremen,2,0
1976-08-28,1976-77:de.1:24:FC Schalke 04:Rot-Weiss Essen,de.1,1976-77,FC Schalke 04,Rot-Weiss Essen,3,0
1976-08-28,1976-77:de.1:25:1. FC Köln:Eintracht Frankfurt,de.1,1976-77,1. FC Köln,Eintracht Frankfurt,2,0
1976-08-28,1976-77:de.1:26:Karlsruher SC:Borussia Dortmund,de.1,1976-77,Karlsruher SC,Borussia Dortmund,2,1
1976-09-03,1976-77:de.1:27:Eintracht Frankfurt:FC Schalke 04,de.1,1976-77,Eintracht Frankfurt,FC Schalke 04,6,3
1976-09-03,1976-77:de.1:28:VfL Bochum:MSV Duisburg,de.1,1976-77,VfL Bochum,MSV Duisburg,2,1
1976-09-03,1976-77:de.1:29:Eintracht Braunschweig:Tennis Borussia Berlin,de.1,1976-77,Eintracht Braunschweig,Tennis Borussia Berlin,3,1
1976-09-04,1976-77:de.1:30:Fortuna Düsseldorf:1. FC Köln,de.1,1976-77,Fortuna Düsseldorf,1. FC Köln,1,3
1976-09-04,1976-77:de.1:31:Borussia Dortmund:Bor. Mönchengladbach,de.1,1976-77,Borussia Dortmund,Bor. Mönchengladbach,0,0
1976-09-04,1976-77:de.1:32:Rot-Weiss Essen:Hamburger SV,de.1,1976-77,Rot-Weiss Essen,Hamburger SV,1,2
1976-09-04,1976-77:de.1:33:Werder Bremen:Karlsruher SC,de.1,1976-77,Werder Bremen,Karlsruher SC,1,1
1976-09-04,1976-77:de.1:34:1. FC Kaiserslautern:1. FC Saarbrücken,de.1,1976-77,1. FC Kaiserslautern,1. FC Saarbrücken,1,0
1976-09-04,1976-77:de.1:35:Hertha BSC:Bayern München,de.1,1976-77,Hertha BSC,Bayern München,1,1
1976-09-10,1976-77:de.1:36:Bayern München:Tennis Borussia Berlin,de.1,1976-77,Bayern München,Tennis Borussia Berlin,9,0
1976-09-10,1976-77:de.1:37:MSV Duisburg:Borussia Dortmund,de.1,1976-77,MSV Duisburg,Borussia Dortmund,0,0
1976-09-11,1976-77:de.1:38:Hamburger SV:Eintracht Frankfurt,de.1,1976-77,Hamburger SV,Eintracht Frankfurt,3,1
1976-09-11,1976-77:de.1:39:Bor. Mönchengladbach:Werder Bremen,de.1,1976-77,Bor. Mönchengladbach,Werder Bremen,3,1
1976-09-11,1976-77:de.1:40:Karlsruher SC:1. FC Kaiserslautern,de.1,1976-77,Karlsruher SC,1. FC Kaiserslautern,1,1
1976-09-11,1976-77:de.1:41:1. FC Köln:Eintracht Braunschweig,de.1,1976-77,1. FC Köln,Eintracht Braunschweig,3,0
1976-09-11,1976-77:de.1:42:Hertha BSC:VfL Bochum,de.1,1976-77,Hertha BSC,VfL Bochum,2,0
1976-09-11,1976-77:de.1:43:FC Schalke 04:Fortuna Düsseldorf,de.1,1976-77,FC Schalke 04,Fortuna Düsseldorf,2,1
1976-09-11,1976-77:de.1:44:1. FC Saarbrücken:Rot-Weiss Essen,de.1,1976-77,1. FC Saarbrücken,Rot-Weiss Essen,2,1
1976-09-17,1976-77:de.1:45:Borussia Dortmund:Hertha BSC,de.1,1976-77,Borussia Dortmund,Hertha BSC,2,1
1976-09-17,1976-77:de.1:46:Werder Bremen:MSV Duisburg,de.1,1976-77,Werder Bremen,MSV Duisburg,2,2
1976-09-18,1976-77:de.1:47:1. FC Kaiserslautern:Bor. Mönchengladbach,de.1,1976-77,1. FC Kaiserslautern,Bor. Mönchengladbach,1,2
1976-09-18,1976-77:de.1:48:Fortuna Düsseldorf:Hamburger SV,de.1,1976-77,Fortuna Düsseldorf,Hamburger SV,2,0
1976-09-18,1976-77:de.1:49:Rot-Weiss Essen:Karlsruher SC,de.1,1976-77,Rot-Weiss Essen,Karlsruher SC,3,2
1976-09-18,1976-77:de.1:50:VfL Bochum:Bayern München,de.1,1976-77,VfL Bochum,Bayern München,5,6
1976-09-18,1976-77:de.1:51:Tennis Borussia Berlin:1. FC Köln,de.1,1976-77,Tennis Borussia Berlin,1. FC Köln,3,2
1976-09-18,1976-77:de.1:52:Eintracht Braunschweig:FC Schalke 04,de.1,1976-77,Eintracht Braunschweig,FC Schalke 04,1,0
1976-09-18,1976-77:de.1:53:Eintracht Frankfurt:1. FC Saarbrücken,de.1,1976-77,Eintracht Frankfurt,1. FC Saarbrücken,2,1
1976-09-21,1976-77:de.1:54:Hertha BSC:Werder Bremen,de.1,1976-77,Hertha BSC,Werder Bremen,2,1
1976-09-24,1976-77:de.1:55:MSV Duisburg:1. FC Kaiserslautern,de.1,1976-77,MSV Duisburg,1. FC Kaiserslautern,1,0
1976-09-24,1976-77:de.1:56:Hamburger SV:Eintracht Braunschweig,de.1,1976-77,Hamburger SV,Eintracht Braunschweig,0,2
1976-09-24,1976-77:de.1:57:Bor. Mönchengladbach:Rot-Weiss Essen,de.1,1976-77,Bor. Mönchengladbach,Rot-Weiss Essen,6,0
1976-09-25,1976-77:de.1:58:Bayern München:1. FC Köln,de.1,1976-77,Bayern München,1. FC Köln,4,1
1976-09-25,1976-77:de.1:59:1. FC Saarbrücken:Fortuna Düsseldorf,de.1,1976-77,1. FC Saarbrücken,Fortuna Düsseldorf,0,0
1976-09-25,1976-77:de.1:60:FC Schalke 04:Tennis Borussia Berlin,de.1,1976-77,FC Schalke 04,Tennis Borussia Berlin,5,4
1976-09-25,1976-77:de.1:61:Karlsruher SC:Eintracht Frankfurt,de.1,1976-77,Karlsruher SC,Eintracht Frankfurt,2,0
1976-09-25,1976-77:de.1:62:VfL Bochum:Borussia Dortmund,de.1,1976-77,VfL Bochum,Borussia Dortmund,2,1
1976-10-01,1976-77:de.1:63:Werder Bremen:VfL Bochum,de.1,1976-77,Werder Bremen,VfL Bochum,2,0
1976-10-01,1976-77:de.1:64:1. FC Kaiserslautern:Hertha BSC,de.1,1976-77,1. FC Kaiserslautern,Hertha BSC,0,2
1976-10-02,1976-77:de.1:65:Eintracht Braunschweig:1. FC Saarbrücken,de.1,1976-77,Eintracht Braunschweig,1. FC Saarbrücken,1,0
1976-10-02,1976-77:de.1:66:Eintracht Frankfurt:Bor. Mönchengladbach,de.1,1976-77,Eintracht Frankfurt,Bor. Mönchengladbach,1,3
1976-10-02,1976-77:de.1:67:Rot-Weiss Essen:MSV Duisburg,de.1,1976-77,Rot-Weiss Essen,MSV Duisburg,1,5
1976-10-02,1976-77:de.1:68:Fortuna Düsseldorf:Karlsruher SC,de.1,1976-77,Fortuna Düsseldorf,Karlsruher SC,3,0
1976-10-02,1976-77:de.1:69:Borussia Dortmund:Bayern München,de.1,1976-77,Borussia Dortmund,Bayern München,3,3
1976-10-02,1976-77:de.1:70:1. FC Köln:FC Schalke 04,de.1,1976-77,1. FC Köln,FC Schalke 04,2,0
1976-10-02,1976-77:de.1:71:Tennis Borussia Berlin:Hamburger SV,de.1,1976-77,Tennis Borussia Berlin,Hamburger SV,1,1
1976-10-05,1976-77:de.1:72:VfL Bochum:Karlsruher SC,de.1,1976-77,VfL Bochum,Karlsruher SC,1,0
1976-10-08,1976-77:de.1:73:Borussia Dortmund:Werder Bremen,de.1,1976-77,Borussia Dortmund,Werder Bremen,2,4
1976-10-09,1976-77:de.1:74:Karlsruher SC:Eintracht Braunschweig,de.1,1976-77,Karlsruher SC,Eintracht Braunschweig,1,1
1976-10-09,1976-77:de.1:75:1. FC Saarbrücken:Tennis Borussia Berlin,de.1,1976-77,1. FC Saarbrücken,Tennis Borussia Berlin,0,0
1976-10-09,1976-77:de.1:76:Hamburger SV:1. FC Köln,de.1,1976-77,Hamburger SV,1. FC Köln,2,1
1976-10-09,1976-77:de.1:77:MSV Duisburg:Eintracht Frankfurt,de.1,1976-77,MSV Duisburg,Eintracht Frankfurt,4,3
1976-10-09,1976-77:de.1:78:VfL Bochum:1. FC Kaiserslautern,de.1,1976-77,VfL Bochum,1. FC Kaiserslautern,1,0
1976-10-09,1976-77:de.1:79:Hertha BSC:Rot-Weiss Essen,de.1,1976-77,Hertha BSC,Rot-Weiss Essen,2,1
1976-10-09,1976-77:de.1:80:Bor. Mönchengladbach:Fortuna Düsseldorf,de.1,1976-77,Bor. Mönchengladbach,Fortuna Düsseldorf,3,1
1976-10-09,1976-77:de.1:81:Bayern München:FC Schalke 04,de.1,1976-77,Bayern München,FC Schalke 04,0,7
1976-10-23,1976-77:de.1:82:Fortuna Düsseldorf:MSV Duisburg,de.1,1976-77,Fortuna Düsseldorf,MSV Duisburg,2,0
1976-10-23,1976-77:de.1:83:Rot-Weiss Essen:VfL Bochum,de.1,1976-77,Rot-Weiss Essen,VfL Bochum,3,3
1976-10-23,1976-77:de.1:84:1. FC Kaiserslautern:Borussia Dortmund,de.1,1976-77,1. FC Kaiserslautern,Borussia Dortmund,2,1
1976-10-23,1976-77:de.1:85:Werder Bremen:Bayern München,de.1,1976-77,Werder Bremen,Bayern München,2,3
1976-10-23,1976-77:de.1:86:FC Schalke 04:Hamburger SV,de.1,1976-77,FC Schalke 04,Hamburger SV,1,0
1976-10-23,1976-77:de.1:87:1. FC Köln:1. FC Saarbrücken,de.1,1976-77,1. FC Köln,1. FC Saarbrücken,5,1
1976-10-23,1976-77:de.1:88:Tennis Borussia Berlin:Karlsruher SC,de.1,1976-77,Tennis Borussia Berlin,Karlsruher SC,4,2
1976-10-23,1976-77:de.1:89:Eintracht Braunschweig:Bor. Mönchengladbach,de.1,1976-77,Eintracht Braunschweig,Bor. Mönchengladbach,1,1
1976-10-23,1976-77:de.1:90:Eintracht Frankfurt:Hertha BSC,de.1,1976-77,Eintracht Frankfurt,Hertha BSC,3,3
1976-10-29,1976-77:de.1:91:Bor. Mönchengladbach:Tennis Borussia Berlin,de.1,1976-77,Bor. Mönchengladbach,Tennis Borussia Berlin,3,0
1976-10-29,1976-77:de.1:92:Borussia Dortmund:Rot-Weiss Essen,de.1,1976-77,Borussia Dortmund,Rot-Weiss Essen,4,2
1976-10-29,1976-77:de.1:93:Werder Bremen:1. FC Kaiserslautern,de.1,1976-77,Werder Bremen,1. FC Kaiserslautern,2,0
1976-10-30,1976-77:de.1:94:VfL Bochum:Eintracht Frankfurt,de.1,1976-77,VfL Bochum,Eintracht Frankfurt,3,1
1976-10-30,1976-77:de.1:95:1. FC Saarbrücken:FC Schalke 04,de.1,1976-77,1. FC Saarbrücken,FC Schalke 04,2,3
1976-10-30,1976-77:de.1:96:MSV Duisburg:Eintracht Braunschweig,de.1,1976-77,MSV Duisburg,Eintracht Braunschweig,1,1
1976-10-30,1976-77:de.1:97:Bayern München:Hamburger SV,de.1,1976-77,Bayern München,Hamburger SV,6,2
1976-10-30,1976-77:de.1:98:Hertha BSC:Fortuna Düsseldorf,de.1,1976-77,Hertha BSC,Fortuna Düsseldorf,4,0
1976-10-30,1976-77:de.1:99:Karlsruher SC:1. FC Köln,de.1,1976-77,Karlsruher SC,1. FC Köln,2,1
1976-11-06,1976-77:de.1:100:Fortuna Düsseldorf:VfL Bochum,de.1,1976-77,Fortuna Düsseldorf,VfL Bochum,1,0
1976-11-06,1976-77:de.1:101:Rot-Weiss Essen:Werder Bremen,de.1,1976-77,Rot-Weiss Essen,Werder Bremen,0,0
1976-11-06,1976-77:de.1:102:1. FC Kaiserslautern:Bayern München,de.1,1976-77,1. FC Kaiserslautern,Bayern München,1,1
1976-11-06,1976-77:de.1:103:Hamburger SV:1. FC Saarbrücken,de.1,1976-77,Hamburger SV,1. FC Saarbrücken,0,0
1976-11-06,1976-77:de.1:104:FC Schalke 04:Karlsruher SC,de.1,1976-77,FC Schalke 04,Karlsruher SC,2,2
1976-11-06,1976-77:de.1:105:1. FC Köln:Bor. Mönchengladbach,de.1,1976-77,1. FC Köln,Bor. Mönchengladbach,0,3
1976-11-06,1976-77:de.1:106:Tennis Borussia Berlin:MSV Duisburg,de.1,1976-77,Tennis Borussia Berlin,MSV Duisburg,1,5
1976-11-06,1976-77:de.1:107:Eintracht Frankfurt:Borussia Dortmund,de.1,1976-77,Eintracht Frankfurt,Borussia Dortmund,1,4
1976-11-06,1976-77:de.1:108:Eintracht Braunschweig:Hertha BSC,de.1,1976-77,Eintracht Braunschweig,Hertha BSC,2,2
1976-11-12,1976-77:de.1:109:Borussia Dortmund:Fortuna Düsseldorf,de.1,1976-77,Borussia Dortmund,Fortuna Düsseldorf,1,2
1976-11-13,1976-77:de.1:110:Bor. Mönchengladbach:FC Schalke 04,de.1,1976-77,Bor. Mönchengladbach,FC Schalke 04,2,0
1976-11-13,1976-77:de.1:111:Karlsruher SC:Hamburger SV,de.1,1976-77,Karlsruher SC,Hamburger SV,2,2
1976-11-13,1976-77:de.1:112:1. FC Kaiserslautern:Rot-Weiss Essen,de.1,1976-77,1. FC Kaiserslautern,Rot-Weiss Essen,7,1
1976-11-13,1976-77:de.1:113:Werder Bremen:Eintracht Frankfurt,de.1,1976-77,Werder Bremen,Eintracht Frankfurt,2,1
1976-11-13,1976-77:de.1:114:VfL Bochum:Eintracht Braunschweig,de.1,1976-77,VfL Bochum,Eintracht Braunschweig,1,1
1976-11-13,1976-77:de.1:115:Hertha BSC:Tennis Borussia Berlin,de.1,1976-77,Hertha BSC,Tennis Borussia Berlin,2,0
1976-11-13,1976-77:de.1:116:MSV Duisburg:1. FC Köln,de.1,1976-77,MSV Duisburg,1. FC Köln,1,1
1976-11-13,1976-77:de.1:117:Bayern München:1. FC Saarbrücken,de.1,1976-77,Bayern München,1. FC Saarbrücken,5,1
1976-11-20,1976-77:de.1:118:Fortuna Düsseldorf:Werder Bremen,de.1,1976-77,Fortuna Düsseldorf,Werder Bremen,3,2
1976-11-20,1976-77:de.1:119:Rot-Weiss Essen:Bayern München,de.1,1976-77,Rot-Weiss Essen,Bayern München,1,4
1976-11-20,1976-77:de.1:120:1. FC Saarbrücken:Karlsruher SC,de.1,1976-77,1. FC Saarbrücken,Karlsruher SC,1,1
1976-11-20,1976-77:de.1:121:Eintracht Frankfurt:1. FC Kaiserslautern,de.1,1976-77,Eintracht Frankfurt,1. FC Kaiserslautern,2,0
1976-11-20,1976-77:de.1:122:Hamburger SV:Bor. Mönchengladbach,de.1,1976-77,Hamburger SV,Bor. Mönchengladbach,4,1
1976-11-20,1976-77:de.1:123:1. FC Köln:Hertha BSC,de.1,1976-77,1. FC Köln,Hertha BSC,3,2
1976-11-20,1976-77:de.1:124:Tennis Borussia Berlin:VfL Bochum,de.1,1976-77,Tennis Borussia Berlin,VfL Bochum,1,1
1976-11-20,1976-77:de.1:125:Eintracht Braunschweig:Borussia Dortmund,de.1,1976-77,Eintracht Braunschweig,Borussia Dortmund,3,1
1976-11-20,1976-77:de.1:126:FC Schalke 04:MSV Duisburg,de.1,1976-77,FC Schalke 04,MSV Duisburg,3,2
1976-11-27,1976-77:de.1:127:Bor. Mönchengladbach:1. FC Saarbrücken,de.1,1976-77,Bor. Mönchengladbach,1. FC Saarbrücken,3,0
1976-11-27,1976-77:de.1:128:Karlsruher SC:Bayern München,de.1,1976-77,Karlsruher SC,Bayern München,1,2
1976-11-27,1976-77:de.1:129:1. FC Kaiserslautern:Fortuna Düsseldorf,de.1,1976-77,1. FC Kaiserslautern,Fortuna Düsseldorf,0,2
1976-11-27,1976-77:de.1:130:Werder Bremen:Eintracht Braunschweig,de.1,1976-77,Werder Bremen,Eintracht Braunschweig,2,2
1976-11-27,1976-77:de.1:131:Borussia Dortmund:Tennis Borussia Berlin,de.1,1976-77,Borussia Dortmund,Tennis Borussia Berlin,4,0
1976-11-27,1976-77:de.1:132:VfL Bochum:1. FC Köln,de.1,1976-77,VfL Bochum,1. FC Köln,1,2
1976-11-27,1976-77:de.1:133:Hertha BSC:FC Schalke 04,de.1,1976-77,Hertha BSC,FC Schalke 04,2,1
1976-11-27,1976-77:de.1:134:Eintracht Frankfurt:Rot-Weiss Essen,de.1,1976-77,Eintracht Frankfurt,Rot-Weiss Essen,3,1
1976-11-27,1976-77:de.1:135:MSV Duisburg:Hamburger SV,de.1,1976-77,MSV Duisburg,Hamburger SV,0,0
1976-12-03,1976-77:de.1:136:1. FC Köln:Borussia Dortmund,de.1,1976-77,1. FC Köln,Borussia Dortmund,1,1
1976-12-04,1976-77:de.1:137:Fortuna Düsseldorf:Rot-Weiss Essen,de.1,1976-77,Fortuna Düsseldorf,Rot-Weiss Essen,4,4
1976-12-04,1976-77:de.1:138:Karlsruher SC:Bor. Mönchengladbach,de.1,1976-77,Karlsruher SC,Bor. Mönchengladbach,4,0
1976-12-04,1976-77:de.1:139:Hamburger SV:Hertha BSC,de.1,1976-77,Hamburger SV,Hertha BSC,2,0
1976-12-04,1976-77:de.1:140:FC Schalke 04:VfL Bochum,de.1,1976-77,FC Schalke 04,VfL Bochum,3,1
1976-12-04,1976-77:de.1:141:Bayern München:Eintracht Frankfurt,de.1,1976-77,Bayern München,Eintracht Frankfurt,0,3
1976-12-04,1976-77:de.1:142:Tennis Borussia Berlin:Werder Bremen,de.1,1976-77,Tennis Borussia Berlin,Werder Bremen,2,4
1976-12-04,1976-77:de.1:143:Eintracht Braunschweig:1. FC Kaiserslautern,de.1,1976-77,Eintracht Braunschweig,1. FC Kaiserslautern,2,1
1976-12-10,1976-77:de.1:144:VfL Bochum:Hamburger SV,de.1,1976-77,VfL Bochum,Hamburger SV,4,2
1976-12-10,1976-77:de.1:145:MSV Duisburg:Karlsruher SC,de.1,1976-77,MSV Duisburg,Karlsruher SC,3,1
1976-12-11,1976-77:de.1:146:Bor. Mönchengladbach:Bayern München,de.1,1976-77,Bor. Mönchengladbach,Bayern München,1,0
1976-12-11,1976-77:de.1:147:1. FC Kaiserslautern:Tennis Borussia Berlin,de.1,1976-77,1. FC Kaiserslautern,Tennis Borussia Berlin,3,1
1976-12-11,1976-77:de.1:148:Rot-Weiss Essen:Eintracht Braunschweig,de.1,1976-77,Rot-Weiss Essen,Eintracht Braunschweig,2,1
1976-12-11,1976-77:de.1:149:Hertha BSC:1. FC Saarbrücken,de.1,1976-77,Hertha BSC,1. FC Saarbrücken,1,1
1976-12-11,1976-77:de.1:150:Werder Bremen:1. FC Köln,de.1,1976-77,Werder Bremen,1. FC Köln,2,1
1976-12-11,1976-77:de.1:151:Borussia Dortmund:FC Schalke 04,de.1,1976-77,Borussia Dortmund,FC Schalke 04,2,2
1976-12-11,1976-77:de.1:152:Eintracht Frankfurt:Fortuna Düsseldorf,de.1,1976-77,Eintracht Frankfurt,Fortuna Düsseldorf,1,1
1976-12-15,1976-77:de.1:153:1. FC Saarbrücken:MSV Duisburg,de.1,1976-77,1. FC Saarbrücken,MSV Duisburg,1,0
1977-01-15,1976-77:de.1:154:MSV Duisburg:Bor. Mönchengladbach,de.1,1976-77,MSV Duisburg,Bor. Mönchengladbach,3,2
1977-01-15,1976-77:de.1:155:VfL Bochum:1. FC Saarbrücken,de.1,1976-77,VfL Bochum,1. FC Saarbrücken,1,2
1977-01-15,1976-77:de.1:156:Borussia Dortmund:Hamburger SV,de.1,1976-77,Borussia Dortmund,Hamburger SV,4,4
1977-01-15,1976-77:de.1:157:Werder Bremen:FC Schalke 04,de.1,1976-77,Werder Bremen,FC Schalke 04,1,1
1977-01-15,1976-77:de.1:158:1. FC Kaiserslautern:1. FC Köln,de.1,1976-77,1. FC Kaiserslautern,1. FC Köln,4,2
1977-01-15,1976-77:de.1:159:Rot-Weiss Essen:Tennis Borussia Berlin,de.1,1976-77,Rot-Weiss Essen,Tennis Borussia Berlin,1,0
1977-01-15,1976-77:de.1:160:Fortuna Düsseldorf:Bayern München,de.1,1976-77,Fortuna Düsseldorf,Bayern München,0,0
1977-01-22,1976-77:de.1:161:Bayern München:MSV Duisburg,de.1,1976-77,Bayern München,MSV Duisburg,2,2
1977-01-22,1976-77:de.1:162:Hamburger SV:Werder Bremen,de.1,1976-77,Hamburger SV,Werder Bremen,5,3
1977-01-22,1976-77:de.1:163:Karlsruher SC:VfL Bochum,de.1,1976-77,Karlsruher SC,VfL Bochum,2,1
1977-01-22,1976-77:de.1:164:Bor. Mönchengladbach:Hertha BSC,de.1,1976-77,Bor. Mönchengladbach,Hertha BSC,2,1
1977-01-22,1976-77:de.1:165:FC Schalke 04:1. FC Kaiserslautern,de.1,1976-77,FC Schalke 04,1. FC Kaiserslautern,5,2
1977-01-22,1976-77:de.1:166:1. FC Köln:Rot-Weiss Essen,de.1,1976-77,1. FC Köln,Rot-Weiss Essen,2,2
1977-01-29,1976-77:de.1:167:VfL Bochum:Bor. Mönchengladbach,de.1,1976-77,VfL Bochum,Bor. Mönchengladbach,0,0
1977-01-29,1976-77:de.1:168:Borussia Dortmund:Karlsruher SC,de.1,1976-77,Borussia Dortmund,Karlsruher SC,7,2
1977-01-29,1976-77:de.1:169:1. FC Kaiserslautern:Hamburger SV,de.1,1976-77,1. FC Kaiserslautern,Hamburger SV,2,0
1977-01-29,1976-77:de.1:170:Eintracht Braunschweig:Bayern München,de.1,1976-77,Eintracht Braunschweig,Bayern München,1,0
1977-01-29,1976-77:de.1:171:Hertha BSC:MSV Duisburg,de.1,1976-77,Hertha BSC,MSV Duisburg,2,4
1977-01-29,1976-77:de.1:172:Eintracht Frankfurt:1. FC Köln,de.1,1976-77,Eintracht Frankfurt,1. FC Köln,4,0
1977-01-29,1976-77:de.1:173:Werder Bremen:1. FC Saarbrücken,de.1,1976-77,Werder Bremen,1. FC Saarbrücken,1,0
1977-01-29,1976-77:de.1:174:Fortuna Düsseldorf:Tennis Borussia Berlin,de.1,1976-77,Fortuna Düsseldorf,Tennis Borussia Berlin,0,0
1977-02-01,1976-77:de.1:175:Hertha BSC:Karlsruher SC,de.1,1976-77,Hertha BSC,Karlsruher SC,1,1
1977-02-05,1976-77:de.1:176:1. FC Saarbrücken:1. FC Kaiserslautern,de.1,1976-77,1. FC Saarbrücken,1. FC Kaiserslautern,2,2
1977-02-05,1976-77:de.1:177:Tennis Borussia Berlin:Eintracht Braunschweig,de.1,1976-77,Tennis Borussia Berlin,Eintracht Braunschweig,0,0
1977-02-05,1976-77:de.1:178:MSV Duisburg:VfL Bochum,de.1,1976-77,MSV Duisburg,VfL Bochum,0,0
1977-02-05,1976-77:de.1:179:FC Schalke 04:Eintracht Frankfurt,de.1,1976-77,FC Schalke 04,Eintracht Frankfurt,1,1
1977-02-05,1976-77:de.1:180:Hamburger SV:Rot-Weiss Essen,de.1,1976-77,Hamburger SV,Rot-Weiss Essen,5,3
1977-02-05,1976-77:de.1:181:1. FC Köln:Fortuna Düsseldorf,de.1,1976-77,1. FC Köln,Fortuna Düsseldorf,2,2
1977-02-05,1976-77:de.1:182:Karlsruher SC:Werder Bremen,de.1,1976-77,Karlsruher SC,Werder Bremen,3,1
1977-02-05,1976-77:de.1:183:Bayern München:Hertha BSC,de.1,1976-77,Bayern München,Hertha BSC,1,0
1977-02-12,1976-77:de.1:184:Rot-Weiss Essen:1. FC Saarbrücken,de.1,1976-77,Rot-Weiss Essen,1. FC Saarbrücken,1,0
1977-02-12,1976-77:de.1:185:Eintracht Braunschweig:1. FC Köln,de.1,1976-77,Eintracht Braunschweig,1. FC Köln,4,2
1977-02-12,1976-77:de.1:186:VfL Bochum:Hertha BSC,de.1,1976-77,VfL Bochum,Hertha BSC,4,2
1977-02-12,1976-77:de.1:187:Werder Bremen:Bor. Mönchengladbach,de.1,1976-77,Werder Bremen,Bor. Mönchengladbach,1,0
1977-02-12,1976-77:de.1:188:Tennis Borussia Berlin:Bayern München,de.1,1976-77,Tennis Borussia Berlin,Bayern München,3,1
1977-02-12,1976-77:de.1:189:1. FC Kaiserslautern:Karlsruher SC,de.1,1976-77,1. FC Kaiserslautern,Karlsruher SC,3,1
1977-02-12,1976-77:de.1:190:Fortuna Düsseldorf:FC Schalke 04,de.1,1976-77,Fortuna Düsseldorf,FC Schalke 04,1,2
1977-02-12,1976-77:de.1:191:Eintracht Frankfurt:Hamburger SV,de.1,1976-77,Eintracht Frankfurt,Hamburger SV,2,1
1977-02-12,1976-77:de.1:192:Borussia Dortmund:MSV Duisburg,de.1,1976-77,Borussia Dortmund,MSV Duisburg,2,1
1977-02-16,1976-77:de.1:193:1. FC Saarbrücken:Borussia Dortmund,de.1,1976-77,1. FC Saarbrücken,Borussia Dortmund,2,2
1977-02-18,1976-77:de.1:194:Eintracht Braunschweig:Fortuna Düsseldorf,de.1,1976-77,Eintracht Braunschweig,Fortuna Düsseldorf,0,0
1977-02-26,1976-77:de.1:195:MSV Duisburg:Werder Bremen,de.1,1976-77,MSV Duisburg,Werder Bremen,3,0
1977-02-26,1976-77:de.1:196:FC Schalke 04:Eintracht Braunschweig,de.1,1976-77,FC Schalke 04,Eintracht Braunschweig,2,3
1977-02-26,1976-77:de.1:197:Karlsruher SC:Rot-Weiss Essen,de.1,1976-77,Karlsruher SC,Rot-Weiss Essen,1,1
1977-02-26,1976-77:de.1:198:Hertha BSC:Borussia Dortmund,de.1,1976-77,Hertha BSC,Borussia Dortmund,3,2
1977-02-26,1976-77:de.1:199:Bor. Mönchengladbach:1. FC Kaiserslautern,de.1,1976-77,Bor. Mönchengladbach,1. FC Kaiserslautern,0,0
1977-02-26,1976-77:de.1:200:Hamburger SV:Fortuna Düsseldorf,de.1,1976-77,Hamburger SV,Fortuna Düsseldorf,1,1
1977-02-26,1976-77:de.1:201:1. FC Köln:Tennis Borussia Berlin,de.1,1976-77,1. FC Köln,Tennis Borussia Berlin,8,4
1977-02-26,1976-77:de.1:202:1. FC Saarbrücken:Eintracht Frankfurt,de.1,1976-77,1. FC Saarbrücken,Eintracht Frankfurt,2,2
1977-02-26,1976-77:de.1:203:Bayern München:VfL Bochum,de.1,1976-77,Bayern München,VfL Bochum,1,1
1977-03-01,1976-77:de.1:204:Eintracht Frankfurt:Eintracht Braunschweig,de.1,1976-77,Eintracht Frankfurt,Eintracht Braunschweig,3,0
1977-03-01,1976-77:de.1:205:Rot-Weiss Essen:FC Schalke 04,de.1,1976-77,Rot-Weiss Essen,FC Schalke 04,2,2
1977-03-05,1976-77:de.1:206:Eintracht Braunschweig:Hamburger SV,de.1,1976-77,Eintracht Braunschweig,Hamburger SV,0,1
1977-03-05,1976-77:de.1:207:1. FC Kaiserslautern:MSV Duisburg,de.1,1976-77,1. FC Kaiserslautern,MSV Duisburg,2,0
1977-03-05,1976-77:de.1:208:Borussia Dortmund:VfL Bochum,de.1,1976-77,Borussia Dortmund,VfL Bochum,0,2
1977-03-05,1976-77:de.1:209:Fortuna Düsseldorf:1. FC Saarbrücken,de.1,1976-77,Fortuna Düsseldorf,1. FC Saarbrücken,5,1
1977-03-05,1976-77:de.1:210:Tennis Borussia Berlin:FC Schalke 04,de.1,1976-77,Tennis Borussia Berlin,FC Schalke 04,1,3
1977-03-05,1976-77:de.1:211:Werder Bremen:Hertha BSC,de.1,1976-77,Werder Bremen,Hertha BSC,1,0
1977-03-05,1976-77:de.1:212:1. FC Köln:Bayern München,de.1,1976-77,1. FC Köln,Bayern München,3,0
1977-03-05,1976-77:de.1:213:Eintracht Frankfurt:Karlsruher SC,de.1,1976-77,Eintracht Frankfurt,Karlsruher SC,3,2
1977-03-05,1976-77:de.1:214:Rot-Weiss Essen:Bor. Mönchengladbach,de.1,1976-77,Rot-Weiss Essen,Bor. Mönchengladbach,1,0
1977-03-12,1976-77:de.1:215:MSV Duisburg:Rot-Weiss Essen,de.1,1976-77,MSV Duisburg,Rot-Weiss Essen,4,0
1977-03-12,1976-77:de.1:216:FC Schalke 04:1. FC Köln,de.1,1976-77,FC Schalke 04,1. FC Köln,1,1
1977-03-12,1976-77:de.1:217:Bayern München:Borussia Dortmund,de.1,1976-77,Bayern München,Borussia Dortmund,1,2
1977-03-12,1976-77:de.1:218:1. FC Saarbrücken:Eintracht Braunschweig,de.1,1976-77,1. FC Saarbrücken,Eintracht Braunschweig,1,2
1977-03-12,1976-77:de.1:219:VfL Bochum:Werder Bremen,de.1,1976-77,VfL Bochum,Werder Bremen,0,2
1977-03-12,1976-77:de.1:220:Bor. Mönchengladbach:Eintracht Frankfurt,de.1,1976-77,Bor. Mönchengladbach,Eintracht Frankfurt,1,3
1977-03-12,1976-77:de.1:221:Karlsruher SC:Fortuna Düsseldorf,de.1,1976-77,Karlsruher SC,Fortuna Düsseldorf,1,1
1977-03-12,1976-77:de.1:222:Hamburger SV:Tennis Borussia Berlin,de.1,1976-77,Hamburger SV,Tennis Borussia Berlin,2,1
1977-03-12,1976-77:de.1:223:Hertha BSC:1. FC Kaiserslautern,de.1,1976-77,Hertha BSC,1. FC Kaiserslautern,2,0
1977-03-15,1976-77:de.1:224:Tennis Borussia Berlin:Eintracht Frankfurt,de.1,1976-77,Tennis Borussia Berlin,Eintracht Frankfurt,1,1
1977-03-18,1976-77:de.1:225:Werder Bremen:Borussia Dortmund,de.1,1976-77,Werder Bremen,Borussia Dortmund,3,0
1977-03-18,1976-77:de.1:226:1. FC Kaiserslautern:VfL Bochum,de.1,1976-77,1. FC Kaiserslautern,VfL Bochum,2,0
1977-03-19,1976-77:de.1:227:Rot-Weiss Essen:Hertha BSC,de.1,1976-77,Rot-Weiss Essen,Hertha BSC,2,2
1977-03-19,1976-77:de.1:228:Fortuna Düsseldorf:Bor. Mönchengladbach,de.1,1976-77,Fortuna Düsseldorf,Bor. Mönchengladbach,0,1
1977-03-19,1976-77:de.1:229:Eintracht Braunschweig:Karlsruher SC,de.1,1976-77,Eintracht Braunschweig,Karlsruher SC,3,3
1977-03-19,1976-77:de.1:230:Tennis Borussia Berlin:1. FC Saarbrücken,de.1,1976-77,Tennis Borussia Berlin,1. FC Saarbrücken,1,1
1977-03-19,1976-77:de.1:231:1. FC Köln:Hamburger SV,de.1,1976-77,1. FC Köln,Hamburger SV,3,3
1977-03-19,1976-77:de.1:232:Eintracht Frankfurt:MSV Duisburg,de.1,1976-77,Eintracht Frankfurt,MSV Duisburg,3,1
1977-03-19,1976-77:de.1:233:FC Schalke 04:Bayern München,de.1,1976-77,FC Schalke 04,Bayern München,0,0
1977-03-26,1976-77:de.1:234:Bor. Mönchengladbach:Eintracht Braunschweig,de.1,1976-77,Bor. Mönchengladbach,Eintracht Braunschweig,1,1
1977-03-26,1976-77:de.1:235:Hertha BSC:Eintracht Frankfurt,de.1,1976-77,Hertha BSC,Eintracht Frankfurt,2,3
1977-03-26,1976-77:de.1:236:MSV Duisburg:Fortuna Düsseldorf,de.1,1976-77,MSV Duisburg,Fortuna Düsseldorf,1,0
1977-03-26,1976-77:de.1:237:VfL Bochum:Rot-Weiss Essen,de.1,1976-77,VfL Bochum,Rot-Weiss Essen,2,1
1977-03-26,1976-77:de.1:238:Borussia Dortmund:1. FC Kaiserslautern,de.1,1976-77,Borussia Dortmund,1. FC Kaiserslautern,5,2
1977-03-26,1976-77:de.1:239:Bayern München:Werder Bremen,de.1,1976-77,Bayern München,Werder Bremen,1,0
1977-03-26,1976-77:de.1:240:Hamburger SV:FC Schalke 04,de.1,1976-77,Hamburger SV,FC Schalke 04,2,2
1977-03-26,1976-77:de.1:241:1. FC Saarbrücken:1. FC Köln,de.1,1976-77,1. FC Saarbrücken,1. FC Köln,3,1
1977-03-26,1976-77:de.1:242:Karlsruher SC:Tennis Borussia Berlin,de.1,1976-77,Karlsruher SC,Tennis Borussia Berlin,4,1
1977-03-30,1976-77:de.1:243:Bor. Mönchengladbach:Borussia Dortmund,de.1,1976-77,Bor. Mönchengladbach,Borussia Dortmund,1,1
1977-04-01,1976-77:de.1:244:1. FC Kaiserslautern:Werder Bremen,de.1,1976-77,1. FC Kaiserslautern,Werder Bremen,4,2
1977-04-01,1976-77:de.1:245:1. FC Köln:Karlsruher SC,de.1,1976-77,1. FC Köln,Karlsruher SC,4,1
1977-04-01,1976-77:de.1:246:Hamburger SV:Bayern München,de.1,1976-77,Hamburger SV,Bayern München,5,0
1977-04-02,1976-77:de.1:247:Tennis Borussia Berlin:Bor. Mönchengladbach,de.1,1976-77,Tennis Borussia Berlin,Bor. Mönchengladbach,0,1
1977-04-02,1976-77:de.1:248:Rot-Weiss Essen:Borussia Dortmund,de.1,1976-77,Rot-Weiss Essen,Borussia Dortmund,1,5
1977-04-02,1976-77:de.1:249:Eintracht Frankfurt:VfL Bochum,de.1,1976-77,Eintracht Frankfurt,VfL Bochum,2,2
1977-04-02,1976-77:de.1:250:FC Schalke 04:1. FC Saarbrücken,de.1,1976-77,FC Schalke 04,1. FC Saarbrücken,0,1
1977-04-02,1976-77:de.1:251:Eintracht Braunschweig:MSV Duisburg,de.1,1976-77,Eintracht Braunschweig,MSV Duisburg,1,1
1977-04-02,1976-77:de.1:252:Fortuna Düsseldorf:Hertha BSC,de.1,1976-77,Fortuna Düsseldorf,Hertha BSC,2,3
1977-04-07,1976-77:de.1:253:Bayern München:1. FC Kaiserslautern,de.1,1976-77,Bayern München,1. FC Kaiserslautern,3,0
1977-04-07,1976-77:de.1:254:MSV Duisburg:Tennis Borussia Berlin,de.1,1976-77,MSV Duisburg,Tennis Borussia Berlin,1,1
1977-04-09,1976-77:de.1:255:Karlsruher SC:FC Schalke 04,de.1,1976-77,Karlsruher SC,FC Schalke 04,1,7
1977-04-12,1976-77:de.1:256:VfL Bochum:Fortuna Düsseldorf,de.1,1976-77,VfL Bochum,Fortuna Düsseldorf,1,2
1977-04-12,1976-77:de.1:257:Werder Bremen:Rot-Weiss Essen,de.1,1976-77,Werder Bremen,Rot-Weiss Essen,3,1
1977-04-12,1976-77:de.1:258:1. FC Saarbrücken:Hamburger SV,de.1,1976-77,1. FC Saarbrücken,Hamburger SV,3,2
1977-04-12,1976-77:de.1:259:Bor. Mönchengladbach:1. FC Köln,de.1,1976-77,Bor. Mönchengladbach,1. FC Köln,3,1
1977-04-12,1976-77:de.1:260:Borussia Dortmund:Eintracht Frankfurt,de.1,1976-77,Borussia Dortmund,Eintracht Frankfurt,2,2
1977-04-12,1976-77:de.1:261:Hertha BSC:Eintracht Braunschweig,de.1,1976-77,Hertha BSC,Eintracht Braunschweig,2,1
1977-04-15,1976-77:de.1:262:Rot-Weiss Essen:1. FC Kaiserslautern,de.1,1976-77,Rot-Weiss Essen,1. FC Kaiserslautern,3,2
1977-04-15,1976-77:de.1:263:Fortuna Düsseldorf:Borussia Dortmund,de.1,1976-77,Fortuna Düsseldorf,Borussia Dortmund,3,2
1977-04-16,1976-77:de.1:264:FC Schalke 04:Bor. Mönchengladbach,de.1,1976-77,FC Schalke 04,Bor. Mönchengladbach,1,0
1977-04-16,1976-77:de.1:265:Hamburger SV:Karlsruher SC,de.1,1976-77,Hamburger SV,Karlsruher SC,2,1
1977-04-16,1976-77:de.1:266:Eintracht Frankfurt:Werder Bremen,de.1,1976-77,Eintracht Frankfurt,Werder Bremen,7,1
1977-04-16,1976-77:de.1:267:Eintracht Braunschweig:VfL Bochum,de.1,1976-77,Eintracht Braunschweig,VfL Bochum,2,0
1977-04-16,1976-77:de.1:268:Tennis Borussia Berlin:Hertha BSC,de.1,1976-77,Tennis Borussia Berlin,Hertha BSC,2,0
1977-04-16,1976-77:de.1:269:1. FC Köln:MSV Duisburg,de.1,1976-77,1. FC Köln,MSV Duisburg,5,2
1977-04-16,1976-77:de.1:270:1. FC Saarbrücken:Bayern München,de.1,1976-77,1. FC Saarbrücken,Bayern München,6,1
1977-04-22,1976-77:de.1:271:Werder Bremen:Fortuna Düsseldorf,de.1,1976-77,Werder Bremen,Fortuna Düsseldorf,0,2
1977-04-22,1976-77:de.1:272:1. FC Kaiserslautern:Eintracht Frankfurt,de.1,1976-77,1. FC Kaiserslautern,Eintracht Frankfurt,2,2
1977-04-22,1976-77:de.1:273:VfL Bochum:Tennis Borussia Berlin,de.1,1976-77,VfL Bochum,Tennis Borussia Berlin,2,1
1977-04-23,1976-77:de.1:274:Bayern München:Rot-Weiss Essen,de.1,1976-77,Bayern München,Rot-Weiss Essen,5,1
1977-04-23,1976-77:de.1:275:Karlsruher SC:1. FC Saarbrücken,de.1,1976-77,Karlsruher SC,1. FC Saarbrücken,3,0
1977-04-23,1976-77:de.1:276:Bor. Mönchengladbach:Hamburger SV,de.1,1976-77,Bor. Mönchengladbach,Hamburger SV,0,0
1977-04-23,1976-77:de.1:277:Hertha BSC:1. FC Köln,de.1,1976-77,Hertha BSC,1. FC Köln,2,4
1977-04-23,1976-77:de.1:278:Borussia Dortmund:Eintracht Braunschweig,de.1,1976-77,Borussia Dortmund,Eintracht Braunschweig,0,0
1977-04-23,1976-77:de.1:279:MSV Duisburg:FC Schalke 04,de.1,1976-77,MSV Duisburg,FC Schalke 04,2,2
1977-05-06,1976-77:de.1:280:1. FC Köln:VfL Bochum,de.1,1976-77,1. FC Köln,VfL Bochum,6,1
1977-05-06,1976-77:de.1:281:Hamburger SV:MSV Duisburg,de.1,1976-77,Hamburger SV,MSV Duisburg,2,0
1977-05-07,1976-77:de.1:282:1. FC Saarbrücken:Bor. Mönchengladbach,de.1,1976-77,1. FC Saarbrücken,Bor. Mönchengladbach,2,2
1977-05-07,1976-77:de.1:283:Bayern München:Karlsruher SC,de.1,1976-77,Bayern München,Karlsruher SC,5,0
1977-05-07,1976-77:de.1:284:Fortuna Düsseldorf:1. FC Kaiserslautern,de.1,1976-77,Fortuna Düsseldorf,1. FC Kaiserslautern,2,3
1977-05-07,1976-77:de.1:285:Eintracht Braunschweig:Werder Bremen,de.1,1976-77,Eintracht Braunschweig,Werder Bremen,0,1
1977-05-07,1976-77:de.1:286:Tennis Borussia Berlin:Borussia Dortmund,de.1,1976-77,Tennis Borussia Berlin,Borussia Dortmund,2,3
1977-05-07,1976-77:de.1:287:FC Schalke 04:Hertha BSC,de.1,1976-77,FC Schalke 04,Hertha BSC,4,0
1977-05-07,1976-77:de.1:288:Rot-Weiss Essen:Eintracht Frankfurt,de.1,1976-77,Rot-Weiss Essen,Eintracht Frankfurt,1,8
1977-05-13,1976-77:de.1:289:Borussia Dortmund:1. FC Köln,de.1,1976-77,Borussia Dortmund,1. FC Köln,1,2
1977-05-14,1976-77:de.1:290:Rot-Weiss Essen:Fortuna Düsseldorf,de.1,1976-77,Rot-Weiss Essen,Fortuna Düsseldorf,5,3
1977-05-14,1976-77:de.1:291:Bor. Mönchengladbach:Karlsruher SC,de.1,1976-77,Bor. Mönchengladbach,Karlsruher SC,5,1
1977-05-14,1976-77:de.1:292:Hertha BSC:Hamburger SV,de.1,1976-77,Hertha BSC,Hamburger SV,2,1
1977-05-14,1976-77:de.1:293:VfL Bochum:FC Schalke 04,de.1,1976-77,VfL Bochum,FC Schalke 04,1,2
1977-05-14,1976-77:de.1:294:Eintracht Frankfurt:Bayern München,de.1,1976-77,Eintracht Frankfurt,Bayern München,2,1
1977-05-14,1976-77:de.1:295:Werder Bremen:Tennis Borussia Berlin,de.1,1976-77,Werder Bremen,Tennis Borussia Berlin,0,0
1977-05-14,1976-77:de.1:296:1. FC Kaiserslautern:Eintracht Braunschweig,de.1,1976-77,1. FC Kaiserslautern,Eintracht Braunschweig,1,3
1977-05-14,1976-77:de.1:297:MSV Duisburg:1. FC Saarbrücken,de.1,1976-77,MSV Duisburg,1. FC Saarbrücken,2,3
1977-05-21,1976-77:de.1:298:Hamburger SV:VfL Bochum,de.1,1976-77,Hamburger SV,VfL Bochum,5,1
1977-05-21,1976-77:de.1:299:Karlsruher SC:MSV Duisburg,de.1,1976-77,Karlsruher SC,MSV Duisburg,2,1
1977-05-21,1976-77:de.1:300:Bayern München:Bor. Mönchengladbach,de.1,1976-77,Bayern München,Bor. Mönchengladbach,2,2
1977-05-21,1976-77:de.1:301:Tennis Borussia Berlin:1. FC Kaiserslautern,de.1,1976-77,Tennis Borussia Berlin,1. FC Kaiserslautern,4,2
1977-05-21,1976-77:de.1:302:1. FC Köln:Werder Bremen,de.1,1976-77,1. FC Köln,Werder Bremen,3,0
1977-05-21,1976-77:de.1:303:FC Schalke 04:Borussia Dortmund,de.1,1976-77,FC Schalke 04,Borussia Dortmund,4,2
1977-05-21,1976-77:de.1:304:Eintracht Braunschweig:Rot-Weiss Essen,de.1,1976-77,Eintracht Braunschweig,Rot-Weiss Essen,6,0
1977-05-21,1976-77:de.1:305:1. FC Saarbrücken:Hertha BSC,de.1,1976-77,1. FC Saarbrücken,Hertha BSC,1,1
1977-05-21,1976-77:de.1:306:Fortuna Düsseldorf:Eintracht Frankfurt,de.1,1976-77,Fortuna Düsseldorf,Eintracht Frankfurt,1,2
1977-08-06,1977-78:de.1:1:Fortuna Düsseldorf:1. FC Köln,de.1,1977-78,Fortuna Düsseldorf,1. FC Köln,5,1
1977-08-06,1977-78:de.1:2:FC St. Pauli:Werder Bremen,de.1,1977-78,FC St. Pauli,Werder Bremen,3,1
1977-08-06,1977-78:de.1:3:VfB Stuttgart:Bayern München,de.1,1977-78,VfB Stuttgart,Bayern München,3,3
1977-08-06,1977-78:de.1:4:1. FC Kaiserslautern:Eintracht Braunschweig,de.1,1977-78,1. FC Kaiserslautern,Eintracht Braunschweig,2,1
1977-08-06,1977-78:de.1:5:Eintracht Frankfurt:1. FC Saarbrücken,de.1,1977-78,Eintracht Frankfurt,1. FC Saarbrücken,4,0
1977-08-06,1977-78:de.1:6:TSV 1860 München:FC Schalke 04,de.1,1977-78,TSV 1860 München,FC Schalke 04,0,0
1977-08-06,1977-78:de.1:7:MSV Duisburg:Hamburger SV,de.1,1977-78,MSV Duisburg,Hamburger SV,5,2
1977-08-06,1977-78:de.1:8:Hertha BSC:Borussia Dortmund,de.1,1977-78,Hertha BSC,Borussia Dortmund,3,1
1977-08-06,1977-78:de.1:9:VfL Bochum:Bor. Mönchengladbach,de.1,1977-78,VfL Bochum,Bor. Mönchengladbach,0,0
1977-08-12,1977-78:de.1:10:Werder Bremen:Fortuna Düsseldorf,de.1,1977-78,Werder Bremen,Fortuna Düsseldorf,2,1
1977-08-12,1977-78:de.1:11:FC Schalke 04:Eintracht Frankfurt,de.1,1977-78,FC Schalke 04,Eintracht Frankfurt,3,2
1977-08-13,1977-78:de.1:12:Hamburger SV:TSV 1860 München,de.1,1977-78,Hamburger SV,TSV 1860 München,3,0
1977-08-13,1977-78:de.1:13:1. FC Köln:VfL Bochum,de.1,1977-78,1. FC Köln,VfL Bochum,2,1
1977-08-13,1977-78:de.1:14:1. FC Saarbrücken:1. FC Kaiserslautern,de.1,1977-78,1. FC Saarbrücken,1. FC Kaiserslautern,3,3
1977-08-13,1977-78:de.1:15:Bayern München:FC St. Pauli,de.1,1977-78,Bayern München,FC St. Pauli,4,2
1977-08-13,1977-78:de.1:16:Bor. Mönchengladbach:Hertha BSC,de.1,1977-78,Bor. Mönchengladbach,Hertha BSC,2,1
1977-08-13,1977-78:de.1:17:Eintracht Braunschweig:VfB Stuttgart,de.1,1977-78,Eintracht Braunschweig,VfB Stuttgart,3,1
1977-08-16,1977-78:de.1:18:1. FC Kaiserslautern:FC Schalke 04,de.1,1977-78,1. FC Kaiserslautern,FC Schalke 04,0,0
1977-08-17,1977-78:de.1:19:FC St. Pauli:Eintracht Braunschweig,de.1,1977-78,FC St. Pauli,Eintracht Braunschweig,0,1
1977-08-17,1977-78:de.1:20:1. FC Köln:Werder Bremen,de.1,1977-78,1. FC Köln,Werder Bremen,7,2
1977-08-17,1977-78:de.1:21:Fortuna Düsseldorf:Bayern München,de.1,1977-78,Fortuna Düsseldorf,Bayern München,4,2
1977-08-17,1977-78:de.1:22:VfB Stuttgart:1. FC Saarbrücken,de.1,1977-78,VfB Stuttgart,1. FC Saarbrücken,1,0
1977-08-17,1977-78:de.1:23:MSV Duisburg:Bor. Mönchengladbach,de.1,1977-78,MSV Duisburg,Bor. Mönchengladbach,1,1
1977-08-17,1977-78:de.1:24:Eintracht Frankfurt:Hamburger SV,de.1,1977-78,Eintracht Frankfurt,Hamburger SV,0,2
1977-08-17,1977-78:de.1:25:TSV 1860 München:Borussia Dortmund,de.1,1977-78,TSV 1860 München,Borussia Dortmund,0,2
1977-08-17,1977-78:de.1:26:VfL Bochum:Hertha BSC,de.1,1977-78,VfL Bochum,Hertha BSC,5,0
1977-08-26,1977-78:de.1:27:Werder Bremen:VfL Bochum,de.1,1977-78,Werder Bremen,VfL Bochum,1,0
1977-08-27,1977-78:de.1:28:Bor. Mönchengladbach:TSV 1860 München,de.1,1977-78,Bor. Mönchengladbach,TSV 1860 München,2,1
1977-08-27,1977-78:de.1:29:Eintracht Braunschweig:Fortuna Düsseldorf,de.1,1977-78,Eintracht Braunschweig,Fortuna Düsseldorf,2,0
1977-08-27,1977-78:de.1:30:Hamburger SV:1. FC Kaiserslautern,de.1,1977-78,Hamburger SV,1. FC Kaiserslautern,3,1
1977-08-27,1977-78:de.1:31:FC Schalke 04:VfB Stuttgart,de.1,1977-78,FC Schalke 04,VfB Stuttgart,3,1
1977-08-27,1977-78:de.1:32:1. FC Saarbrücken:FC St. Pauli,de.1,1977-78,1. FC Saarbrücken,FC St. Pauli,4,0
1977-08-27,1977-78:de.1:33:Hertha BSC:MSV Duisburg,de.1,1977-78,Hertha BSC,MSV Duisburg,2,2
1977-08-27,1977-78:de.1:34:Borussia Dortmund:Eintracht Frankfurt,de.1,1977-78,Borussia Dortmund,Eintracht Frankfurt,0,2
1977-08-27,1977-78:de.1:35:Bayern München:1. FC Köln,de.1,1977-78,Bayern München,1. FC Köln,0,3
1977-08-30,1977-78:de.1:36:1. FC Kaiserslautern:Borussia Dortmund,de.1,1977-78,1. FC Kaiserslautern,Borussia Dortmund,4,0
1977-08-31,1977-78:de.1:37:TSV 1860 München:Hertha BSC,de.1,1977-78,TSV 1860 München,Hertha BSC,2,3
1977-08-31,1977-78:de.1:38:VfL Bochum:MSV Duisburg,de.1,1977-78,VfL Bochum,MSV Duisburg,1,2
1977-08-31,1977-78:de.1:39:FC St. Pauli:FC Schalke 04,de.1,1977-78,FC St. Pauli,FC Schalke 04,1,1
1977-08-31,1977-78:de.1:40:VfB Stuttgart:Hamburger SV,de.1,1977-78,VfB Stuttgart,Hamburger SV,1,2
1977-08-31,1977-78:de.1:41:Eintracht Frankfurt:Bor. Mönchengladbach,de.1,1977-78,Eintracht Frankfurt,Bor. Mönchengladbach,4,2
1977-08-31,1977-78:de.1:42:Werder Bremen:Bayern München,de.1,1977-78,Werder Bremen,Bayern München,1,1
1977-08-31,1977-78:de.1:43:1. FC Köln:Eintracht Braunschweig,de.1,1977-78,1. FC Köln,Eintracht Braunschweig,6,0
1977-09-01,1977-78:de.1:44:Eintracht Frankfurt:1. FC Kaiserslautern,de.1,1977-78,Eintracht Frankfurt,1. FC Kaiserslautern,1,3
1977-09-01,1977-78:de.1:45:Hamburger SV:Bayern München,de.1,1977-78,Hamburger SV,Bayern München,2,2
1977-09-01,1977-78:de.1:46:Bor. Mönchengladbach:1. FC Köln,de.1,1977-78,Bor. Mönchengladbach,1. FC Köln,2,5
1977-09-01,1977-78:de.1:47:Hertha BSC:Fortuna Düsseldorf,de.1,1977-78,Hertha BSC,Fortuna Düsseldorf,0,0
1977-09-03,1977-78:de.1:48:FC Schalke 04:Fortuna Düsseldorf,de.1,1977-78,FC Schalke 04,Fortuna Düsseldorf,1,0
1977-09-03,1977-78:de.1:49:Eintracht Braunschweig:Werder Bremen,de.1,1977-78,Eintracht Braunschweig,Werder Bremen,2,0
1977-09-03,1977-78:de.1:50:Bor. Mönchengladbach:1. FC Kaiserslautern,de.1,1977-78,Bor. Mönchengladbach,1. FC Kaiserslautern,2,2
1977-09-03,1977-78:de.1:51:Bayern München:VfL Bochum,de.1,1977-78,Bayern München,VfL Bochum,1,1
1977-09-03,1977-78:de.1:52:Hamburger SV:FC St. Pauli,de.1,1977-78,Hamburger SV,FC St. Pauli,0,2
1977-09-03,1977-78:de.1:53:1. FC Saarbrücken:1. FC Köln,de.1,1977-78,1. FC Saarbrücken,1. FC Köln,1,0
1977-09-03,1977-78:de.1:54:Hertha BSC:Eintracht Frankfurt,de.1,1977-78,Hertha BSC,Eintracht Frankfurt,2,0
1977-09-03,1977-78:de.1:55:MSV Duisburg:TSV 1860 München,de.1,1977-78,MSV Duisburg,TSV 1860 München,1,1
1977-09-03,1977-78:de.1:56:Borussia Dortmund:VfB Stuttgart,de.1,1977-78,Borussia Dortmund,VfB Stuttgart,4,1
1977-09-09,1977-78:de.1:57:Eintracht Frankfurt:MSV Duisburg,de.1,1977-78,Eintracht Frankfurt,MSV Duisburg,3,1
1977-09-09,1977-78:de.1:58:Werder Bremen:1. FC Saarbrücken,de.1,1977-78,Werder Bremen,1. FC Saarbrücken,1,1
1977-09-10,1977-78:de.1:59:Bayern München:Eintracht Braunschweig,de.1,1977-78,Bayern München,Eintracht Braunschweig,3,2
1977-09-10,1977-78:de.1:60:1. FC Kaiserslautern:Hertha BSC,de.1,1977-78,1. FC Kaiserslautern,Hertha BSC,2,0
1977-09-10,1977-78:de.1:61:VfB Stuttgart:Bor. Mönchengladbach,de.1,1977-78,VfB Stuttgart,Bor. Mönchengladbach,2,0
1977-09-10,1977-78:de.1:62:1. FC Köln:FC Schalke 04,de.1,1977-78,1. FC Köln,FC Schalke 04,2,4
1977-09-10,1977-78:de.1:63:FC St. Pauli:Borussia Dortmund,de.1,1977-78,FC St. Pauli,Borussia Dortmund,3,6
1977-09-10,1977-78:de.1:64:Fortuna Düsseldorf:Hamburger SV,de.1,1977-78,Fortuna Düsseldorf,Hamburger SV,3,1
1977-09-10,1977-78:de.1:65:VfL Bochum:TSV 1860 München,de.1,1977-78,VfL Bochum,TSV 1860 München,2,0
1977-09-16,1977-78:de.1:66:MSV Duisburg:1. FC Kaiserslautern,de.1,1977-78,MSV Duisburg,1. FC Kaiserslautern,3,2
1977-09-17,1977-78:de.1:67:Eintracht Braunschweig:VfL Bochum,de.1,1977-78,Eintracht Braunschweig,VfL Bochum,3,1
1977-09-17,1977-78:de.1:68:TSV 1860 München:Eintracht Frankfurt,de.1,1977-78,TSV 1860 München,Eintracht Frankfurt,2,4
1977-09-17,1977-78:de.1:69:FC Schalke 04:Werder Bremen,de.1,1977-78,FC Schalke 04,Werder Bremen,1,0
1977-09-17,1977-78:de.1:70:Borussia Dortmund:Fortuna Düsseldorf,de.1,1977-78,Borussia Dortmund,Fortuna Düsseldorf,1,2
1977-09-17,1977-78:de.1:71:1. FC Saarbrücken:Bayern München,de.1,1977-78,1. FC Saarbrücken,Bayern München,2,1
1977-09-17,1977-78:de.1:72:Bor. Mönchengladbach:FC St. Pauli,de.1,1977-78,Bor. Mönchengladbach,FC St. Pauli,2,1
1977-09-17,1977-78:de.1:73:Hamburger SV:1. FC Köln,de.1,1977-78,Hamburger SV,1. FC Köln,1,0
1977-09-17,1977-78:de.1:74:Hertha BSC:VfB Stuttgart,de.1,1977-78,Hertha BSC,VfB Stuttgart,1,1
1977-09-20,1977-78:de.1:75:Fortuna Düsseldorf:1. FC Saarbrücken,de.1,1977-78,Fortuna Düsseldorf,1. FC Saarbrücken,2,1
1977-09-23,1977-78:de.1:76:VfB Stuttgart:MSV Duisburg,de.1,1977-78,VfB Stuttgart,MSV Duisburg,1,0
1977-09-24,1977-78:de.1:77:VfL Bochum:Eintracht Frankfurt,de.1,1977-78,VfL Bochum,Eintracht Frankfurt,0,1
1977-09-24,1977-78:de.1:78:1. FC Kaiserslautern:TSV 1860 München,de.1,1977-78,1. FC Kaiserslautern,TSV 1860 München,1,0
1977-09-24,1977-78:de.1:79:FC St. Pauli:Hertha BSC,de.1,1977-78,FC St. Pauli,Hertha BSC,3,0
1977-09-24,1977-78:de.1:80:Eintracht Braunschweig:1. FC Saarbrücken,de.1,1977-78,Eintracht Braunschweig,1. FC Saarbrücken,3,0
1977-09-24,1977-78:de.1:81:1. FC Köln:Borussia Dortmund,de.1,1977-78,1. FC Köln,Borussia Dortmund,4,1
1977-09-24,1977-78:de.1:82:Fortuna Düsseldorf:Bor. Mönchengladbach,de.1,1977-78,Fortuna Düsseldorf,Bor. Mönchengladbach,1,3
1977-09-24,1977-78:de.1:83:Bayern München:FC Schalke 04,de.1,1977-78,Bayern München,FC Schalke 04,7,1
1977-09-24,1977-78:de.1:84:Werder Bremen:Hamburger SV,de.1,1977-78,Werder Bremen,Hamburger SV,1,2
1977-09-27,1977-78:de.1:85:Borussia Dortmund:MSV Duisburg,de.1,1977-78,Borussia Dortmund,MSV Duisburg,2,1
1977-09-30,1977-78:de.1:86:MSV Duisburg:FC St. Pauli,de.1,1977-78,MSV Duisburg,FC St. Pauli,4,3
1977-09-30,1977-78:de.1:87:1. FC Saarbrücken:VfL Bochum,de.1,1977-78,1. FC Saarbrücken,VfL Bochum,0,1
1977-09-30,1977-78:de.1:88:Borussia Dortmund:Werder Bremen,de.1,1977-78,Borussia Dortmund,Werder Bremen,4,1
1977-10-01,1977-78:de.1:89:TSV 1860 München:VfB Stuttgart,de.1,1977-78,TSV 1860 München,VfB Stuttgart,1,2
1977-10-01,1977-78:de.1:90:FC Schalke 04:Eintracht Braunschweig,de.1,1977-78,FC Schalke 04,Eintracht Braunschweig,1,0
1977-10-12,1977-78:de.1:91:1. FC Saarbrücken:FC Schalke 04,de.1,1977-78,1. FC Saarbrücken,FC Schalke 04,2,1
1977-10-12,1977-78:de.1:92:Fortuna Düsseldorf:MSV Duisburg,de.1,1977-78,Fortuna Düsseldorf,MSV Duisburg,0,0
1977-10-12,1977-78:de.1:93:VfB Stuttgart:Eintracht Frankfurt,de.1,1977-78,VfB Stuttgart,Eintracht Frankfurt,2,1
1977-10-12,1977-78:de.1:94:FC St. Pauli:TSV 1860 München,de.1,1977-78,FC St. Pauli,TSV 1860 München,4,1
1977-10-12,1977-78:de.1:95:Eintracht Braunschweig:Hamburger SV,de.1,1977-78,Eintracht Braunschweig,Hamburger SV,4,0
1977-10-12,1977-78:de.1:96:Bayern München:Borussia Dortmund,de.1,1977-78,Bayern München,Borussia Dortmund,3,0
1977-10-12,1977-78:de.1:97:Werder Bremen:Bor. Mönchengladbach,de.1,1977-78,Werder Bremen,Bor. Mönchengladbach,3,2
1977-10-12,1977-78:de.1:98:1. FC Köln:Hertha BSC,de.1,1977-78,1. FC Köln,Hertha BSC,3,1
1977-10-12,1977-78:de.1:99:VfL Bochum:1. FC Kaiserslautern,de.1,1977-78,VfL Bochum,1. FC Kaiserslautern,0,1
1977-10-22,1977-78:de.1:100:Bor. Mönchengladbach:Bayern München,de.1,1977-78,Bor. Mönchengladbach,Bayern München,2,0
1977-10-22,1977-78:de.1:101:Hamburger SV:1. FC Saarbrücken,de.1,1977-78,Hamburger SV,1. FC Saarbrücken,1,2
1977-10-22,1977-78:de.1:102:FC Schalke 04:VfL Bochum,de.1,1977-78,FC Schalke 04,VfL Bochum,3,1
1977-10-22,1977-78:de.1:103:1. FC Kaiserslautern:VfB Stuttgart,de.1,1977-78,1. FC Kaiserslautern,VfB Stuttgart,0,4
1977-10-22,1977-78:de.1:104:Eintracht Frankfurt:FC St. Pauli,de.1,1977-78,Eintracht Frankfurt,FC St. Pauli,5,2
1977-10-22,1977-78:de.1:105:Borussia Dortmund:Eintracht Braunschweig,de.1,1977-78,Borussia Dortmund,Eintracht Braunschweig,2,0
1977-10-22,1977-78:de.1:106:MSV Duisburg:1. FC Köln,de.1,1977-78,MSV Duisburg,1. FC Köln,1,2
1977-10-22,1977-78:de.1:107:Hertha BSC:Werder Bremen,de.1,1977-78,Hertha BSC,Werder Bremen,2,0
1977-10-22,1977-78:de.1:108:TSV 1860 München:Fortuna Düsseldorf,de.1,1977-78,TSV 1860 München,Fortuna Düsseldorf,0,1
1977-10-29,1977-78:de.1:109:Fortuna Düsseldorf:Eintracht Frankfurt,de.1,1977-78,Fortuna Düsseldorf,Eintracht Frankfurt,2,1
1977-10-29,1977-78:de.1:110:FC Schalke 04:Hamburger SV,de.1,1977-78,FC Schalke 04,Hamburger SV,2,2
1977-10-29,1977-78:de.1:111:FC St. Pauli:1. FC Kaiserslautern,de.1,1977-78,FC St. Pauli,1. FC Kaiserslautern,0,3
1977-10-29,1977-78:de.1:112:Bayern München:Hertha BSC,de.1,1977-78,Bayern München,Hertha BSC,0,2
1977-10-29,1977-78:de.1:113:1. FC Köln:TSV 1860 München,de.1,1977-78,1. FC Köln,TSV 1860 München,6,2
1977-10-29,1977-78:de.1:114:1. FC Saarbrücken:Borussia Dortmund,de.1,1977-78,1. FC Saarbrücken,Borussia Dortmund,2,2
1977-10-29,1977-78:de.1:115:Eintracht Braunschweig:Bor. Mönchengladbach,de.1,1977-78,Eintracht Braunschweig,Bor. Mönchengladbach,0,6
1977-10-29,1977-78:de.1:116:Werder Bremen:MSV Duisburg,de.1,1977-78,Werder Bremen,MSV Duisburg,4,2
1977-10-29,1977-78:de.1:117:VfL Bochum:VfB Stuttgart,de.1,1977-78,VfL Bochum,VfB Stuttgart,1,0
1977-11-04,1977-78:de.1:118:1. FC Kaiserslautern:Fortuna Düsseldorf,de.1,1977-78,1. FC Kaiserslautern,Fortuna Düsseldorf,3,2
1977-11-05,1977-78:de.1:119:Eintracht Frankfurt:1. FC Köln,de.1,1977-78,Eintracht Frankfurt,1. FC Köln,2,2
1977-11-05,1977-78:de.1:120:Hamburger SV:VfL Bochum,de.1,1977-78,Hamburger SV,VfL Bochum,3,1
1977-11-05,1977-78:de.1:121:VfB Stuttgart:FC St. Pauli,de.1,1977-78,VfB Stuttgart,FC St. Pauli,1,0
1977-11-05,1977-78:de.1:122:Borussia Dortmund:FC Schalke 04,de.1,1977-78,Borussia Dortmund,FC Schalke 04,2,1
1977-11-05,1977-78:de.1:123:TSV 1860 München:Werder Bremen,de.1,1977-78,TSV 1860 München,Werder Bremen,0,0
1977-11-05,1977-78:de.1:124:MSV Duisburg:Bayern München,de.1,1977-78,MSV Duisburg,Bayern München,6,3
1977-11-05,1977-78:de.1:125:Hertha BSC:Eintracht Braunschweig,de.1,1977-78,Hertha BSC,Eintracht Braunschweig,1,0
1977-11-05,1977-78:de.1:126:Bor. Mönchengladbach:1. FC Saarbrücken,de.1,1977-78,Bor. Mönchengladbach,1. FC Saarbrücken,6,1
1977-11-12,1977-78:de.1:127:Borussia Dortmund:Hamburger SV,de.1,1977-78,Borussia Dortmund,Hamburger SV,2,1
1977-11-12,1977-78:de.1:128:FC St. Pauli:VfL Bochum,de.1,1977-78,FC St. Pauli,VfL Bochum,1,1
1977-11-12,1977-78:de.1:129:FC Schalke 04:Bor. Mönchengladbach,de.1,1977-78,FC Schalke 04,Bor. Mönchengladbach,1,2
1977-11-12,1977-78:de.1:130:1. FC Saarbrücken:Hertha BSC,de.1,1977-78,1. FC Saarbrücken,Hertha BSC,2,2
1977-11-12,1977-78:de.1:131:Eintracht Braunschweig:MSV Duisburg,de.1,1977-78,Eintracht Braunschweig,MSV Duisburg,1,0
1977-11-12,1977-78:de.1:132:Bayern München:TSV 1860 München,de.1,1977-78,Bayern München,TSV 1860 München,1,3
1977-11-12,1977-78:de.1:133:Werder Bremen:Eintracht Frankfurt,de.1,1977-78,Werder Bremen,Eintracht Frankfurt,3,0
1977-11-12,1977-78:de.1:134:1. FC Köln:1. FC Kaiserslautern,de.1,1977-78,1. FC Köln,1. FC Kaiserslautern,4,1
1977-11-12,1977-78:de.1:135:Fortuna Düsseldorf:VfB Stuttgart,de.1,1977-78,Fortuna Düsseldorf,VfB Stuttgart,1,0
1977-11-25,1977-78:de.1:136:1. FC Kaiserslautern:Werder Bremen,de.1,1977-78,1. FC Kaiserslautern,Werder Bremen,2,1
1977-11-25,1977-78:de.1:137:MSV Duisburg:1. FC Saarbrücken,de.1,1977-78,MSV Duisburg,1. FC Saarbrücken,5,0
1977-11-26,1977-78:de.1:138:VfL Bochum:Borussia Dortmund,de.1,1977-78,VfL Bochum,Borussia Dortmund,1,0
1977-11-26,1977-78:de.1:139:VfB Stuttgart:1. FC Köln,de.1,1977-78,VfB Stuttgart,1. FC Köln,3,0
1977-11-26,1977-78:de.1:140:Bor. Mönchengladbach:Hamburger SV,de.1,1977-78,Bor. Mönchengladbach,Hamburger SV,2,1
1977-11-26,1977-78:de.1:141:TSV 1860 München:Eintracht Braunschweig,de.1,1977-78,TSV 1860 München,Eintracht Braunschweig,1,0
1977-11-26,1977-78:de.1:142:FC St. Pauli:Fortuna Düsseldorf,de.1,1977-78,FC St. Pauli,Fortuna Düsseldorf,2,1
1977-11-26,1977-78:de.1:143:Hertha BSC:FC Schalke 04,de.1,1977-78,Hertha BSC,FC Schalke 04,2,1
1977-11-26,1977-78:de.1:144:Eintracht Frankfurt:Bayern München,de.1,1977-78,Eintracht Frankfurt,Bayern München,4,0
1977-12-03,1977-78:de.1:145:Hamburger SV:Hertha BSC,de.1,1977-78,Hamburger SV,Hertha BSC,2,2
1977-12-03,1977-78:de.1:146:Fortuna Düsseldorf:VfL Bochum,de.1,1977-78,Fortuna Düsseldorf,VfL Bochum,1,1
1977-12-03,1977-78:de.1:147:FC Schalke 04:MSV Duisburg,de.1,1977-78,FC Schalke 04,MSV Duisburg,0,1
1977-12-03,1977-78:de.1:148:1. FC Saarbrücken:TSV 1860 München,de.1,1977-78,1. FC Saarbrücken,TSV 1860 München,1,1
1977-12-03,1977-78:de.1:149:Eintracht Braunschweig:Eintracht Frankfurt,de.1,1977-78,Eintracht Braunschweig,Eintracht Frankfurt,1,1
1977-12-03,1977-78:de.1:150:Bayern München:1. FC Kaiserslautern,de.1,1977-78,Bayern München,1. FC Kaiserslautern,4,2
1977-12-03,1977-78:de.1:151:Werder Bremen:VfB Stuttgart,de.1,1977-78,Werder Bremen,VfB Stuttgart,0,1
1977-12-03,1977-78:de.1:152:1. FC Köln:FC St. Pauli,de.1,1977-78,1. FC Köln,FC St. Pauli,4,1
1977-12-03,1977-78:de.1:153:Borussia Dortmund:Bor. Mönchengladbach,de.1,1977-78,Borussia Dortmund,Bor. Mönchengladbach,3,3
1977-12-09,1977-78:de.1:154:Bor. Mönchengladbach:VfL Bochum,de.1,1977-78,Bor. Mönchengladbach,VfL Bochum,2,2
1977-12-10,1977-78:de.1:155:1. FC Köln:Fortuna Düsseldorf,de.1,1977-78,1. FC Köln,Fortuna Düsseldorf,1,0
1977-12-10,1977-78:de.1:156:Werder Bremen:FC St. Pauli,de.1,1977-78,Werder Bremen,FC St. Pauli,4,0
1977-12-10,1977-78:de.1:157:Bayern München:VfB Stuttgart,de.1,1977-78,Bayern München,VfB Stuttgart,2,0
1977-12-10,1977-78:de.1:158:Eintracht Braunschweig:1. FC Kaiserslautern,de.1,1977-78,Eintracht Braunschweig,1. FC Kaiserslautern,3,1
1977-12-10,1977-78:de.1:159:1. FC Saarbrücken:Eintracht Frankfurt,de.1,1977-78,1. FC Saarbrücken,Eintracht Frankfurt,0,0
1977-12-10,1977-78:de.1:160:FC Schalke 04:TSV 1860 München,de.1,1977-78,FC Schalke 04,TSV 1860 München,2,1
1977-12-10,1977-78:de.1:161:Hamburger SV:MSV Duisburg,de.1,1977-78,Hamburger SV,MSV Duisburg,4,1
1977-12-10,1977-78:de.1:162:Borussia Dortmund:Hertha BSC,de.1,1977-78,Borussia Dortmund,Hertha BSC,1,1
1977-12-17,1977-78:de.1:163:Fortuna Düsseldorf:Werder Bremen,de.1,1977-78,Fortuna Düsseldorf,Werder Bremen,2,0
1977-12-17,1977-78:de.1:164:Eintracht Frankfurt:FC Schalke 04,de.1,1977-78,Eintracht Frankfurt,FC Schalke 04,3,0
1977-12-17,1977-78:de.1:165:TSV 1860 München:Hamburger SV,de.1,1977-78,TSV 1860 München,Hamburger SV,2,2
1977-12-17,1977-78:de.1:166:1. FC Kaiserslautern:1. FC Saarbrücken,de.1,1977-78,1. FC Kaiserslautern,1. FC Saarbrücken,2,1
1977-12-17,1977-78:de.1:167:VfB Stuttgart:Eintracht Braunschweig,de.1,1977-78,VfB Stuttgart,Eintracht Braunschweig,5,0
1977-12-17,1977-78:de.1:168:FC St. Pauli:Bayern München,de.1,1977-78,FC St. Pauli,Bayern München,0,0
1977-12-17,1977-78:de.1:169:Hertha BSC:Bor. Mönchengladbach,de.1,1977-78,Hertha BSC,Bor. Mönchengladbach,2,1
1977-12-17,1977-78:de.1:170:VfL Bochum:1. FC Köln,de.1,1977-78,VfL Bochum,1. FC Köln,0,0
1977-12-17,1977-78:de.1:171:MSV Duisburg:Borussia Dortmund,de.1,1977-78,MSV Duisburg,Borussia Dortmund,1,2
1978-01-07,1977-78:de.1:172:FC Schalke 04:1. FC Kaiserslautern,de.1,1977-78,FC Schalke 04,1. FC Kaiserslautern,3,0
1978-01-07,1977-78:de.1:173:Bayern München:Fortuna Düsseldorf,de.1,1977-78,Bayern München,Fortuna Düsseldorf,0,0
1978-01-07,1977-78:de.1:174:Eintracht Braunschweig:FC St. Pauli,de.1,1977-78,Eintracht Braunschweig,FC St. Pauli,2,0
1978-01-07,1977-78:de.1:175:1. FC Saarbrücken:VfB Stuttgart,de.1,1977-78,1. FC Saarbrücken,VfB Stuttgart,1,1
1978-01-07,1977-78:de.1:176:Hamburger SV:Eintracht Frankfurt,de.1,1977-78,Hamburger SV,Eintracht Frankfurt,0,0
1978-01-07,1977-78:de.1:177:Borussia Dortmund:TSV 1860 München,de.1,1977-78,Borussia Dortmund,TSV 1860 München,1,3
1978-01-07,1977-78:de.1:178:Bor. Mönchengladbach:MSV Duisburg,de.1,1977-78,Bor. Mönchengladbach,MSV Duisburg,1,3
1978-01-07,1977-78:de.1:179:Werder Bremen:1. FC Köln,de.1,1977-78,Werder Bremen,1. FC Köln,0,2
1978-01-07,1977-78:de.1:180:Hertha BSC:VfL Bochum,de.1,1977-78,Hertha BSC,VfL Bochum,4,3
1978-01-14,1977-78:de.1:181:VfL Bochum:Werder Bremen,de.1,1977-78,VfL Bochum,Werder Bremen,2,0
1978-01-14,1977-78:de.1:182:1. FC Kaiserslautern:Hamburger SV,de.1,1977-78,1. FC Kaiserslautern,Hamburger SV,3,0
1978-01-14,1977-78:de.1:183:VfB Stuttgart:FC Schalke 04,de.1,1977-78,VfB Stuttgart,FC Schalke 04,6,1
1978-01-14,1977-78:de.1:184:FC St. Pauli:1. FC Saarbrücken,de.1,1977-78,FC St. Pauli,1. FC Saarbrücken,1,3
1978-01-14,1977-78:de.1:185:Fortuna Düsseldorf:Eintracht Braunschweig,de.1,1977-78,Fortuna Düsseldorf,Eintracht Braunschweig,2,0
1978-01-14,1977-78:de.1:186:TSV 1860 München:Bor. Mönchengladbach,de.1,1977-78,TSV 1860 München,Bor. Mönchengladbach,1,1
1978-01-14,1977-78:de.1:187:1. FC Köln:Bayern München,de.1,1977-78,1. FC Köln,Bayern München,2,0
1978-01-14,1977-78:de.1:188:MSV Duisburg:Hertha BSC,de.1,1977-78,MSV Duisburg,Hertha BSC,2,1
1978-01-14,1977-78:de.1:189:Eintracht Frankfurt:Borussia Dortmund,de.1,1977-78,Eintracht Frankfurt,Borussia Dortmund,2,1
1978-01-21,1977-78:de.1:190:Borussia Dortmund:1. FC Kaiserslautern,de.1,1977-78,Borussia Dortmund,1. FC Kaiserslautern,4,0
1978-01-21,1977-78:de.1:191:FC Schalke 04:FC St. Pauli,de.1,1977-78,FC Schalke 04,FC St. Pauli,4,1
1978-01-21,1977-78:de.1:192:Hamburger SV:VfB Stuttgart,de.1,1977-78,Hamburger SV,VfB Stuttgart,2,0
1978-01-21,1977-78:de.1:193:Bor. Mönchengladbach:Eintracht Frankfurt,de.1,1977-78,Bor. Mönchengladbach,Eintracht Frankfurt,2,0
1978-01-21,1977-78:de.1:194:Hertha BSC:TSV 1860 München,de.1,1977-78,Hertha BSC,TSV 1860 München,4,1
1978-01-21,1977-78:de.1:195:Bayern München:Werder Bremen,de.1,1977-78,Bayern München,Werder Bremen,3,1
1978-01-21,1977-78:de.1:196:Eintracht Braunschweig:1. FC Köln,de.1,1977-78,Eintracht Braunschweig,1. FC Köln,1,0
1978-01-21,1977-78:de.1:197:MSV Duisburg:VfL Bochum,de.1,1977-78,MSV Duisburg,VfL Bochum,0,0
1978-01-21,1977-78:de.1:198:1. FC Saarbrücken:Fortuna Düsseldorf,de.1,1977-78,1. FC Saarbrücken,Fortuna Düsseldorf,1,1
1978-01-28,1977-78:de.1:199:1. FC Kaiserslautern:Bor. Mönchengladbach,de.1,1977-78,1. FC Kaiserslautern,Bor. Mönchengladbach,0,3
1978-01-28,1977-78:de.1:200:FC St. Pauli:Hamburger SV,de.1,1977-78,FC St. Pauli,Hamburger SV,2,3
1978-01-28,1977-78:de.1:201:Fortuna Düsseldorf:FC Schalke 04,de.1,1977-78,Fortuna Düsseldorf,FC Schalke 04,1,1
1978-01-28,1977-78:de.1:202:1. FC Köln:1. FC Saarbrücken,de.1,1977-78,1. FC Köln,1. FC Saarbrücken,3,1
1978-01-28,1977-78:de.1:203:Werder Bremen:Eintracht Braunschweig,de.1,1977-78,Werder Bremen,Eintracht Braunschweig,2,1
1978-01-28,1977-78:de.1:204:VfL Bochum:Bayern München,de.1,1977-78,VfL Bochum,Bayern München,2,1
1978-01-28,1977-78:de.1:205:TSV 1860 München:MSV Duisburg,de.1,1977-78,TSV 1860 München,MSV Duisburg,4,0
1978-01-28,1977-78:de.1:206:Eintracht Frankfurt:Hertha BSC,de.1,1977-78,Eintracht Frankfurt,Hertha BSC,0,5
1978-01-28,1977-78:de.1:207:VfB Stuttgart:Borussia Dortmund,de.1,1977-78,VfB Stuttgart,Borussia Dortmund,4,1
1978-02-04,1977-78:de.1:208:1. FC Saarbrücken:Werder Bremen,de.1,1977-78,1. FC Saarbrücken,Werder Bremen,1,1
1978-02-04,1977-78:de.1:209:MSV Duisburg:Eintracht Frankfurt,de.1,1977-78,MSV Duisburg,Eintracht Frankfurt,3,0
1978-02-04,1977-78:de.1:210:Hamburger SV:Fortuna Düsseldorf,de.1,1977-78,Hamburger SV,Fortuna Düsseldorf,0,3
1978-02-04,1977-78:de.1:211:Borussia Dortmund:FC St. Pauli,de.1,1977-78,Borussia Dortmund,FC St. Pauli,1,1
1978-02-04,1977-78:de.1:212:Bor. Mönchengladbach:VfB Stuttgart,de.1,1977-78,Bor. Mönchengladbach,VfB Stuttgart,3,1
1978-02-04,1977-78:de.1:213:Hertha BSC:1. FC Kaiserslautern,de.1,1977-78,Hertha BSC,1. FC Kaiserslautern,2,1
1978-02-04,1977-78:de.1:214:Eintracht Braunschweig:Bayern München,de.1,1977-78,Eintracht Braunschweig,Bayern München,1,1
1978-02-04,1977-78:de.1:215:FC Schalke 04:1. FC Köln,de.1,1977-78,FC Schalke 04,1. FC Köln,2,0
1978-02-04,1977-78:de.1:216:TSV 1860 München:VfL Bochum,de.1,1977-78,TSV 1860 München,VfL Bochum,2,0
1978-02-11,1977-78:de.1:217:1. FC Kaiserslautern:MSV Duisburg,de.1,1977-78,1. FC Kaiserslautern,MSV Duisburg,6,1
1978-02-11,1977-78:de.1:218:FC St. Pauli:Bor. Mönchengladbach,de.1,1977-78,FC St. Pauli,Bor. Mönchengladbach,0,1
1978-02-11,1977-78:de.1:219:1. FC Köln:Hamburger SV,de.1,1977-78,1. FC Köln,Hamburger SV,6,1
1978-02-11,1977-78:de.1:220:Werder Bremen:FC Schalke 04,de.1,1977-78,Werder Bremen,FC Schalke 04,2,0
1978-02-11,1977-78:de.1:221:Bayern München:1. FC Saarbrücken,de.1,1977-78,Bayern München,1. FC Saarbrücken,7,1
1978-02-11,1977-78:de.1:222:VfL Bochum:Eintracht Braunschweig,de.1,1977-78,VfL Bochum,Eintracht Braunschweig,1,1
1978-02-11,1977-78:de.1:223:Eintracht Frankfurt:TSV 1860 München,de.1,1977-78,Eintracht Frankfurt,TSV 1860 München,1,0
1978-02-11,1977-78:de.1:224:VfB Stuttgart:Hertha BSC,de.1,1977-78,VfB Stuttgart,Hertha BSC,1,0
1978-02-11,1977-78:de.1:225:Fortuna Düsseldorf:Borussia Dortmund,de.1,1977-78,Fortuna Düsseldorf,Borussia Dortmund,1,0
1978-02-18,1977-78:de.1:226:Hertha BSC:FC St. Pauli,de.1,1977-78,Hertha BSC,FC St. Pauli,5,0
1978-02-18,1977-78:de.1:227:TSV 1860 München:1. FC Kaiserslautern,de.1,1977-78,TSV 1860 München,1. FC Kaiserslautern,2,2
1978-02-18,1977-78:de.1:228:FC Schalke 04:Bayern München,de.1,1977-78,FC Schalke 04,Bayern München,3,2
1978-02-18,1977-78:de.1:229:Hamburger SV:Werder Bremen,de.1,1977-78,Hamburger SV,Werder Bremen,1,1
1978-02-18,1977-78:de.1:230:Borussia Dortmund:1. FC Köln,de.1,1977-78,Borussia Dortmund,1. FC Köln,1,2
1978-02-18,1977-78:de.1:231:Eintracht Frankfurt:VfL Bochum,de.1,1977-78,Eintracht Frankfurt,VfL Bochum,5,3
1978-02-25,1977-78:de.1:232:Werder Bremen:Borussia Dortmund,de.1,1977-78,Werder Bremen,Borussia Dortmund,3,1
1978-02-25,1977-78:de.1:233:Fortuna Düsseldorf:Hertha BSC,de.1,1977-78,Fortuna Düsseldorf,Hertha BSC,0,0
1978-02-25,1977-78:de.1:234:VfB Stuttgart:TSV 1860 München,de.1,1977-78,VfB Stuttgart,TSV 1860 München,3,1
1978-02-25,1977-78:de.1:235:Bayern München:Hamburger SV,de.1,1977-78,Bayern München,Hamburger SV,2,0
1978-02-25,1977-78:de.1:236:1. FC Köln:Bor. Mönchengladbach,de.1,1977-78,1. FC Köln,Bor. Mönchengladbach,1,1
1978-03-03,1977-78:de.1:237:1. FC Kaiserslautern:VfL Bochum,de.1,1977-78,1. FC Kaiserslautern,VfL Bochum,4,1
1978-03-04,1977-78:de.1:238:Borussia Dortmund:Bayern München,de.1,1977-78,Borussia Dortmund,Bayern München,1,1
1978-03-04,1977-78:de.1:239:Eintracht Frankfurt:VfB Stuttgart,de.1,1977-78,Eintracht Frankfurt,VfB Stuttgart,2,0
1978-03-04,1977-78:de.1:240:TSV 1860 München:FC St. Pauli,de.1,1977-78,TSV 1860 München,FC St. Pauli,4,1
1978-03-04,1977-78:de.1:241:MSV Duisburg:Fortuna Düsseldorf,de.1,1977-78,MSV Duisburg,Fortuna Düsseldorf,0,0
1978-03-04,1977-78:de.1:242:Hamburger SV:Eintracht Braunschweig,de.1,1977-78,Hamburger SV,Eintracht Braunschweig,4,2
1978-03-04,1977-78:de.1:243:FC Schalke 04:1. FC Saarbrücken,de.1,1977-78,FC Schalke 04,1. FC Saarbrücken,2,0
1978-03-04,1977-78:de.1:244:Hertha BSC:1. FC Köln,de.1,1977-78,Hertha BSC,1. FC Köln,1,1
1978-03-04,1977-78:de.1:245:Bor. Mönchengladbach:Werder Bremen,de.1,1977-78,Bor. Mönchengladbach,Werder Bremen,4,0
1978-03-10,1977-78:de.1:246:Werder Bremen:Hertha BSC,de.1,1977-78,Werder Bremen,Hertha BSC,4,2
1978-03-11,1977-78:de.1:247:VfB Stuttgart:1. FC Kaiserslautern,de.1,1977-78,VfB Stuttgart,1. FC Kaiserslautern,3,0
1978-03-11,1977-78:de.1:248:1. FC Saarbrücken:Hamburger SV,de.1,1977-78,1. FC Saarbrücken,Hamburger SV,3,5
1978-03-11,1977-78:de.1:249:FC St. Pauli:Eintracht Frankfurt,de.1,1977-78,FC St. Pauli,Eintracht Frankfurt,5,3
1978-03-11,1977-78:de.1:250:Fortuna Düsseldorf:TSV 1860 München,de.1,1977-78,Fortuna Düsseldorf,TSV 1860 München,2,0
1978-03-11,1977-78:de.1:251:1. FC Köln:MSV Duisburg,de.1,1977-78,1. FC Köln,MSV Duisburg,5,2
1978-03-11,1977-78:de.1:252:Eintracht Braunschweig:Borussia Dortmund,de.1,1977-78,Eintracht Braunschweig,Borussia Dortmund,0,1
1978-03-11,1977-78:de.1:253:Bayern München:Bor. Mönchengladbach,de.1,1977-78,Bayern München,Bor. Mönchengladbach,1,1
1978-03-11,1977-78:de.1:254:VfL Bochum:FC Schalke 04,de.1,1977-78,VfL Bochum,FC Schalke 04,1,1
1978-03-14,1977-78:de.1:255:1. FC Saarbrücken:Eintracht Braunschweig,de.1,1977-78,1. FC Saarbrücken,Eintracht Braunschweig,0,1
1978-03-17,1977-78:de.1:256:1. FC Kaiserslautern:FC St. Pauli,de.1,1977-78,1. FC Kaiserslautern,FC St. Pauli,2,1
1978-03-17,1977-78:de.1:257:VfB Stuttgart:VfL Bochum,de.1,1977-78,VfB Stuttgart,VfL Bochum,3,1
1978-03-18,1977-78:de.1:258:Eintracht Frankfurt:Fortuna Düsseldorf,de.1,1977-78,Eintracht Frankfurt,Fortuna Düsseldorf,4,0
1978-03-18,1977-78:de.1:259:Borussia Dortmund:1. FC Saarbrücken,de.1,1977-78,Borussia Dortmund,1. FC Saarbrücken,2,1
1978-03-18,1977-78:de.1:260:MSV Duisburg:Werder Bremen,de.1,1977-78,MSV Duisburg,Werder Bremen,2,0
1978-03-18,1977-78:de.1:261:Bor. Mönchengladbach:Eintracht Braunschweig,de.1,1977-78,Bor. Mönchengladbach,Eintracht Braunschweig,3,1
1978-03-18,1977-78:de.1:262:Hertha BSC:Bayern München,de.1,1977-78,Hertha BSC,Bayern München,3,1
1978-03-18,1977-78:de.1:263:TSV 1860 München:1. FC Köln,de.1,1977-78,TSV 1860 München,1. FC Köln,1,3
1978-03-18,1977-78:de.1:264:Hamburger SV:FC Schalke 04,de.1,1977-78,Hamburger SV,FC Schalke 04,2,0
1978-03-22,1977-78:de.1:265:Eintracht Braunschweig:FC Schalke 04,de.1,1977-78,Eintracht Braunschweig,FC Schalke 04,3,1
1978-03-25,1977-78:de.1:266:VfL Bochum:1. FC Saarbrücken,de.1,1977-78,VfL Bochum,1. FC Saarbrücken,4,2
1978-03-25,1977-78:de.1:267:1. FC Kaiserslautern:Eintracht Frankfurt,de.1,1977-78,1. FC Kaiserslautern,Eintracht Frankfurt,2,0
1978-03-25,1977-78:de.1:268:FC St. Pauli:MSV Duisburg,de.1,1977-78,FC St. Pauli,MSV Duisburg,2,2
1978-03-25,1977-78:de.1:269:Bor. Mönchengladbach:Fortuna Düsseldorf,de.1,1977-78,Bor. Mönchengladbach,Fortuna Düsseldorf,3,2
1978-03-28,1977-78:de.1:270:MSV Duisburg:VfB Stuttgart,de.1,1977-78,MSV Duisburg,VfB Stuttgart,2,1
1978-03-31,1977-78:de.1:271:VfL Bochum:Hamburger SV,de.1,1977-78,VfL Bochum,Hamburger SV,2,1
1978-04-01,1977-78:de.1:272:1. FC Saarbrücken:Bor. Mönchengladbach,de.1,1977-78,1. FC Saarbrücken,Bor. Mönchengladbach,0,1
1978-04-01,1977-78:de.1:273:FC St. Pauli:VfB Stuttgart,de.1,1977-78,FC St. Pauli,VfB Stuttgart,1,1
1978-04-01,1977-78:de.1:274:Fortuna Düsseldorf:1. FC Kaiserslautern,de.1,1977-78,Fortuna Düsseldorf,1. FC Kaiserslautern,4,1
1978-04-01,1977-78:de.1:275:1. FC Köln:Eintracht Frankfurt,de.1,1977-78,1. FC Köln,Eintracht Frankfurt,0,1
1978-04-01,1977-78:de.1:276:Werder Bremen:TSV 1860 München,de.1,1977-78,Werder Bremen,TSV 1860 München,2,0
1978-04-01,1977-78:de.1:277:Bayern München:MSV Duisburg,de.1,1977-78,Bayern München,MSV Duisburg,3,2
1978-04-01,1977-78:de.1:278:Eintracht Braunschweig:Hertha BSC,de.1,1977-78,Eintracht Braunschweig,Hertha BSC,1,1
1978-04-01,1977-78:de.1:279:FC Schalke 04:Borussia Dortmund,de.1,1977-78,FC Schalke 04,Borussia Dortmund,0,2
1978-04-08,1977-78:de.1:280:VfB Stuttgart:Fortuna Düsseldorf,de.1,1977-78,VfB Stuttgart,Fortuna Düsseldorf,1,1
1978-04-08,1977-78:de.1:281:VfL Bochum:FC St. Pauli,de.1,1977-78,VfL Bochum,FC St. Pauli,4,0
1978-04-08,1977-78:de.1:282:Bor. Mönchengladbach:FC Schalke 04,de.1,1977-78,Bor. Mönchengladbach,FC Schalke 04,2,1
1978-04-08,1977-78:de.1:283:Hertha BSC:1. FC Saarbrücken,de.1,1977-78,Hertha BSC,1. FC Saarbrücken,1,1
1978-04-08,1977-78:de.1:284:MSV Duisburg:Eintracht Braunschweig,de.1,1977-78,MSV Duisburg,Eintracht Braunschweig,3,1
1978-04-08,1977-78:de.1:285:TSV 1860 München:Bayern München,de.1,1977-78,TSV 1860 München,Bayern München,1,1
1978-04-08,1977-78:de.1:286:Eintracht Frankfurt:Werder Bremen,de.1,1977-78,Eintracht Frankfurt,Werder Bremen,0,2
1978-04-08,1977-78:de.1:287:1. FC Kaiserslautern:1. FC Köln,de.1,1977-78,1. FC Kaiserslautern,1. FC Köln,0,2
1978-04-08,1977-78:de.1:288:Hamburger SV:Borussia Dortmund,de.1,1977-78,Hamburger SV,Borussia Dortmund,4,1
1978-04-22,1977-78:de.1:289:1. FC Saarbrücken:MSV Duisburg,de.1,1977-78,1. FC Saarbrücken,MSV Duisburg,1,2
1978-04-22,1977-78:de.1:290:Werder Bremen:1. FC Kaiserslautern,de.1,1977-78,Werder Bremen,1. FC Kaiserslautern,5,3
1978-04-22,1977-78:de.1:291:Hamburger SV:Bor. Mönchengladbach,de.1,1977-78,Hamburger SV,Bor. Mönchengladbach,2,6
1978-04-22,1977-78:de.1:292:1. FC Köln:VfB Stuttgart,de.1,1977-78,1. FC Köln,VfB Stuttgart,2,1
1978-04-22,1977-78:de.1:293:Bayern München:Eintracht Frankfurt,de.1,1977-78,Bayern München,Eintracht Frankfurt,2,1
1978-04-22,1977-78:de.1:294:Eintracht Braunschweig:TSV 1860 München,de.1,1977-78,Eintracht Braunschweig,TSV 1860 München,2,1
1978-04-22,1977-78:de.1:295:Fortuna Düsseldorf:FC St. Pauli,de.1,1977-78,Fortuna Düsseldorf,FC St. Pauli,3,1
1978-04-22,1977-78:de.1:296:FC Schalke 04:Hertha BSC,de.1,1977-78,FC Schalke 04,Hertha BSC,2,0
1978-04-22,1977-78:de.1:297:Borussia Dortmund:VfL Bochum,de.1,1977-78,Borussia Dortmund,VfL Bochum,5,3
1978-04-29,1977-78:de.1:298:VfL Bochum:Fortuna Düsseldorf,de.1,1977-78,VfL Bochum,Fortuna Düsseldorf,2,1
1978-04-29,1977-78:de.1:299:Hertha BSC:Hamburger SV,de.1,1977-78,Hertha BSC,Hamburger SV,3,2
1978-04-29,1977-78:de.1:300:MSV Duisburg:FC Schalke 04,de.1,1977-78,MSV Duisburg,FC Schalke 04,1,0
1978-04-29,1977-78:de.1:301:TSV 1860 München:1. FC Saarbrücken,de.1,1977-78,TSV 1860 München,1. FC Saarbrücken,2,0
1978-04-29,1977-78:de.1:302:Eintracht Frankfurt:Eintracht Braunschweig,de.1,1977-78,Eintracht Frankfurt,Eintracht Braunschweig,2,0
1978-04-29,1977-78:de.1:303:1. FC Kaiserslautern:Bayern München,de.1,1977-78,1. FC Kaiserslautern,Bayern München,5,0
1978-04-29,1977-78:de.1:304:VfB Stuttgart:Werder Bremen,de.1,1977-78,VfB Stuttgart,Werder Bremen,2,0
1978-04-29,1977-78:de.1:305:FC St. Pauli:1. FC Köln,de.1,1977-78,FC St. Pauli,1. FC Köln,0,5
1978-04-29,1977-78:de.1:306:Bor. Mönchengladbach:Borussia Dortmund,de.1,1977-78,Bor. Mönchengladbach,Borussia Dortmund,12,0
1978-08-11,1978-79:de.1:1:MSV Duisburg:Arminia Bielefeld,de.1,1978-79,MSV Duisburg,Arminia Bielefeld,1,1
1978-08-12,1978-79:de.1:2:FC Schalke 04:Eintracht Frankfurt,de.1,1978-79,FC Schalke 04,Eintracht Frankfurt,4,0
1978-08-12,1978-79:de.1:3:Borussia Dortmund:Bayern München,de.1,1978-79,Borussia Dortmund,Bayern München,1,0
1978-08-12,1978-79:de.1:4:Hamburger SV:Bor. Mönchengladbach,de.1,1978-79,Hamburger SV,Bor. Mönchengladbach,3,0
1978-08-12,1978-79:de.1:5:Fortuna Düsseldorf:Werder Bremen,de.1,1978-79,Fortuna Düsseldorf,Werder Bremen,3,1
1978-08-12,1978-79:de.1:6:1. FC Nürnberg:VfL Bochum,de.1,1978-79,1. FC Nürnberg,VfL Bochum,0,2
1978-08-12,1978-79:de.1:7:1. FC Kaiserslautern:VfB Stuttgart,de.1,1978-79,1. FC Kaiserslautern,VfB Stuttgart,5,1
1978-08-12,1978-79:de.1:8:SV Darmstadt 98:Hertha BSC,de.1,1978-79,SV Darmstadt 98,Hertha BSC,0,0
1978-08-12,1978-79:de.1:9:Eintracht Braunschweig:1. FC Köln,de.1,1978-79,Eintracht Braunschweig,1. FC Köln,1,0
1978-08-17,1978-79:de.1:10:Hertha BSC:1. FC Kaiserslautern,de.1,1978-79,Hertha BSC,1. FC Kaiserslautern,0,3
1978-08-19,1978-79:de.1:11:Werder Bremen:Hamburger SV,de.1,1978-79,Werder Bremen,Hamburger SV,1,1
1978-08-19,1978-79:de.1:12:VfB Stuttgart:1. FC Nürnberg,de.1,1978-79,VfB Stuttgart,1. FC Nürnberg,4,0
1978-08-19,1978-79:de.1:13:VfL Bochum:Fortuna Düsseldorf,de.1,1978-79,VfL Bochum,Fortuna Düsseldorf,2,2
1978-08-19,1978-79:de.1:14:Eintracht Frankfurt:Eintracht Braunschweig,de.1,1978-79,Eintracht Frankfurt,Eintracht Braunschweig,3,1
1978-08-19,1978-79:de.1:15:Bor. Mönchengladbach:Borussia Dortmund,de.1,1978-79,Bor. Mönchengladbach,Borussia Dortmund,2,2
1978-08-19,1978-79:de.1:16:Bayern München:MSV Duisburg,de.1,1978-79,Bayern München,MSV Duisburg,6,2
1978-08-19,1978-79:de.1:17:Arminia Bielefeld:FC Schalke 04,de.1,1978-79,Arminia Bielefeld,FC Schalke 04,3,2
1978-08-19,1978-79:de.1:18:1. FC Köln:SV Darmstadt 98,de.1,1978-79,1. FC Köln,SV Darmstadt 98,2,1
1978-08-25,1978-79:de.1:19:Borussia Dortmund:Werder Bremen,de.1,1978-79,Borussia Dortmund,Werder Bremen,1,0
1978-08-25,1978-79:de.1:20:Fortuna Düsseldorf:VfB Stuttgart,de.1,1978-79,Fortuna Düsseldorf,VfB Stuttgart,2,0
1978-08-26,1978-79:de.1:21:Hamburger SV:VfL Bochum,de.1,1978-79,Hamburger SV,VfL Bochum,1,1
1978-08-26,1978-79:de.1:22:MSV Duisburg:Bor. Mönchengladbach,de.1,1978-79,MSV Duisburg,Bor. Mönchengladbach,0,3
1978-08-26,1978-79:de.1:23:Eintracht Braunschweig:SV Darmstadt 98,de.1,1978-79,Eintracht Braunschweig,SV Darmstadt 98,4,1
1978-08-26,1978-79:de.1:24:1. FC Nürnberg:Hertha BSC,de.1,1978-79,1. FC Nürnberg,Hertha BSC,2,1
1978-08-26,1978-79:de.1:25:1. FC Kaiserslautern:1. FC Köln,de.1,1978-79,1. FC Kaiserslautern,1. FC Köln,1,1
1978-08-26,1978-79:de.1:26:Eintracht Frankfurt:Arminia Bielefeld,de.1,1978-79,Eintracht Frankfurt,Arminia Bielefeld,1,0
1978-08-26,1978-79:de.1:27:FC Schalke 04:Bayern München,de.1,1978-79,FC Schalke 04,Bayern München,2,1
1978-09-02,1978-79:de.1:28:1. FC Köln:1. FC Nürnberg,de.1,1978-79,1. FC Köln,1. FC Nürnberg,2,0
1978-09-02,1978-79:de.1:29:VfB Stuttgart:Hamburger SV,de.1,1978-79,VfB Stuttgart,Hamburger SV,1,0
1978-09-02,1978-79:de.1:30:VfL Bochum:Borussia Dortmund,de.1,1978-79,VfL Bochum,Borussia Dortmund,4,1
1978-09-02,1978-79:de.1:31:Werder Bremen:MSV Duisburg,de.1,1978-79,Werder Bremen,MSV Duisburg,3,2
1978-09-02,1978-79:de.1:32:Bor. Mönchengladbach:FC Schalke 04,de.1,1978-79,Bor. Mönchengladbach,FC Schalke 04,0,0
1978-09-02,1978-79:de.1:33:Bayern München:Eintracht Frankfurt,de.1,1978-79,Bayern München,Eintracht Frankfurt,3,1
1978-09-02,1978-79:de.1:34:Arminia Bielefeld:Eintracht Braunschweig,de.1,1978-79,Arminia Bielefeld,Eintracht Braunschweig,2,2
1978-09-02,1978-79:de.1:35:SV Darmstadt 98:1. FC Kaiserslautern,de.1,1978-79,SV Darmstadt 98,1. FC Kaiserslautern,2,2
1978-09-02,1978-79:de.1:36:Hertha BSC:Fortuna Düsseldorf,de.1,1978-79,Hertha BSC,Fortuna Düsseldorf,4,1
1978-09-08,1978-79:de.1:37:FC Schalke 04:Werder Bremen,de.1,1978-79,FC Schalke 04,Werder Bremen,2,1
1978-09-08,1978-79:de.1:38:MSV Duisburg:VfL Bochum,de.1,1978-79,MSV Duisburg,VfL Bochum,1,0
1978-09-09,1978-79:de.1:39:Fortuna Düsseldorf:1. FC Köln,de.1,1978-79,Fortuna Düsseldorf,1. FC Köln,1,1
1978-09-09,1978-79:de.1:40:Hamburger SV:Hertha BSC,de.1,1978-79,Hamburger SV,Hertha BSC,4,1
1978-09-09,1978-79:de.1:41:Eintracht Braunschweig:1. FC Kaiserslautern,de.1,1978-79,Eintracht Braunschweig,1. FC Kaiserslautern,0,0
1978-09-09,1978-79:de.1:42:1. FC Nürnberg:SV Darmstadt 98,de.1,1978-79,1. FC Nürnberg,SV Darmstadt 98,3,2
1978-09-09,1978-79:de.1:43:Arminia Bielefeld:Bayern München,de.1,1978-79,Arminia Bielefeld,Bayern München,0,2
1978-09-09,1978-79:de.1:44:Eintracht Frankfurt:Bor. Mönchengladbach,de.1,1978-79,Eintracht Frankfurt,Bor. Mönchengladbach,2,0
1978-09-09,1978-79:de.1:45:Borussia Dortmund:VfB Stuttgart,de.1,1978-79,Borussia Dortmund,VfB Stuttgart,4,3
1978-09-16,1978-79:de.1:46:1. FC Köln:Hamburger SV,de.1,1978-79,1. FC Köln,Hamburger SV,1,3
1978-09-16,1978-79:de.1:47:VfB Stuttgart:MSV Duisburg,de.1,1978-79,VfB Stuttgart,MSV Duisburg,2,0
1978-09-16,1978-79:de.1:48:VfL Bochum:FC Schalke 04,de.1,1978-79,VfL Bochum,FC Schalke 04,2,2
1978-09-16,1978-79:de.1:49:Werder Bremen:Eintracht Frankfurt,de.1,1978-79,Werder Bremen,Eintracht Frankfurt,0,2
1978-09-16,1978-79:de.1:50:Bor. Mönchengladbach:Arminia Bielefeld,de.1,1978-79,Bor. Mönchengladbach,Arminia Bielefeld,4,1
1978-09-16,1978-79:de.1:51:Bayern München:Eintracht Braunschweig,de.1,1978-79,Bayern München,Eintracht Braunschweig,6,1
1978-09-16,1978-79:de.1:52:1. FC Kaiserslautern:1. FC Nürnberg,de.1,1978-79,1. FC Kaiserslautern,1. FC Nürnberg,3,0
1978-09-16,1978-79:de.1:53:SV Darmstadt 98:Fortuna Düsseldorf,de.1,1978-79,SV Darmstadt 98,Fortuna Düsseldorf,1,6
1978-09-16,1978-79:de.1:54:Hertha BSC:Borussia Dortmund,de.1,1978-79,Hertha BSC,Borussia Dortmund,4,0
1978-09-30,1978-79:de.1:55:FC Schalke 04:VfB Stuttgart,de.1,1978-79,FC Schalke 04,VfB Stuttgart,2,3
1978-09-30,1978-79:de.1:56:MSV Duisburg:Hertha BSC,de.1,1978-79,MSV Duisburg,Hertha BSC,3,2
1978-09-30,1978-79:de.1:57:Borussia Dortmund:1. FC Köln,de.1,1978-79,Borussia Dortmund,1. FC Köln,0,0
1978-09-30,1978-79:de.1:58:Hamburger SV:SV Darmstadt 98,de.1,1978-79,Hamburger SV,SV Darmstadt 98,2,1
1978-09-30,1978-79:de.1:59:Fortuna Düsseldorf:1. FC Kaiserslautern,de.1,1978-79,Fortuna Düsseldorf,1. FC Kaiserslautern,2,2
1978-09-30,1978-79:de.1:60:Bayern München:Bor. Mönchengladbach,de.1,1978-79,Bayern München,Bor. Mönchengladbach,3,1
1978-09-30,1978-79:de.1:61:Arminia Bielefeld:Werder Bremen,de.1,1978-79,Arminia Bielefeld,Werder Bremen,1,3
1978-09-30,1978-79:de.1:62:Eintracht Frankfurt:VfL Bochum,de.1,1978-79,Eintracht Frankfurt,VfL Bochum,4,2
1978-09-30,1978-79:de.1:63:Eintracht Braunschweig:1. FC Nürnberg,de.1,1978-79,Eintracht Braunschweig,1. FC Nürnberg,3,1
1978-10-06,1978-79:de.1:64:VfL Bochum:Arminia Bielefeld,de.1,1978-79,VfL Bochum,Arminia Bielefeld,1,0
1978-10-06,1978-79:de.1:65:1. FC Nürnberg:Fortuna Düsseldorf,de.1,1978-79,1. FC Nürnberg,Fortuna Düsseldorf,3,2
1978-10-06,1978-79:de.1:66:1. FC Kaiserslautern:Hamburger SV,de.1,1978-79,1. FC Kaiserslautern,Hamburger SV,2,1
1978-10-07,1978-79:de.1:67:1. FC Köln:MSV Duisburg,de.1,1978-79,1. FC Köln,MSV Duisburg,3,3
1978-10-07,1978-79:de.1:68:VfB Stuttgart:Eintracht Frankfurt,de.1,1978-79,VfB Stuttgart,Eintracht Frankfurt,3,1
1978-10-07,1978-79:de.1:69:Werder Bremen:Bayern München,de.1,1978-79,Werder Bremen,Bayern München,1,1
1978-10-07,1978-79:de.1:70:Bor. Mönchengladbach:Eintracht Braunschweig,de.1,1978-79,Bor. Mönchengladbach,Eintracht Braunschweig,2,3
1978-10-07,1978-79:de.1:71:SV Darmstadt 98:Borussia Dortmund,de.1,1978-79,SV Darmstadt 98,Borussia Dortmund,3,2
1978-10-07,1978-79:de.1:72:Hertha BSC:FC Schalke 04,de.1,1978-79,Hertha BSC,FC Schalke 04,1,1
1978-10-14,1978-79:de.1:73:FC Schalke 04:1. FC Köln,de.1,1978-79,FC Schalke 04,1. FC Köln,1,1
1978-10-14,1978-79:de.1:74:MSV Duisburg:SV Darmstadt 98,de.1,1978-79,MSV Duisburg,SV Darmstadt 98,4,4
1978-10-14,1978-79:de.1:75:Borussia Dortmund:1. FC Kaiserslautern,de.1,1978-79,Borussia Dortmund,1. FC Kaiserslautern,2,3
1978-10-14,1978-79:de.1:76:Hamburger SV:1. FC Nürnberg,de.1,1978-79,Hamburger SV,1. FC Nürnberg,4,1
1978-10-14,1978-79:de.1:77:Bor. Mönchengladbach:Werder Bremen,de.1,1978-79,Bor. Mönchengladbach,Werder Bremen,4,0
1978-10-14,1978-79:de.1:78:Bayern München:VfL Bochum,de.1,1978-79,Bayern München,VfL Bochum,2,1
1978-10-14,1978-79:de.1:79:Arminia Bielefeld:VfB Stuttgart,de.1,1978-79,Arminia Bielefeld,VfB Stuttgart,1,1
1978-10-14,1978-79:de.1:80:Eintracht Frankfurt:Hertha BSC,de.1,1978-79,Eintracht Frankfurt,Hertha BSC,2,2
1978-10-14,1978-79:de.1:81:Eintracht Braunschweig:Fortuna Düsseldorf,de.1,1978-79,Eintracht Braunschweig,Fortuna Düsseldorf,1,1
1978-10-20,1978-79:de.1:82:Werder Bremen:Eintracht Braunschweig,de.1,1978-79,Werder Bremen,Eintracht Braunschweig,3,1
1978-10-21,1978-79:de.1:83:1. FC Köln:Eintracht Frankfurt,de.1,1978-79,1. FC Köln,Eintracht Frankfurt,0,2
1978-10-21,1978-79:de.1:84:VfB Stuttgart:Bayern München,de.1,1978-79,VfB Stuttgart,Bayern München,2,0
1978-10-21,1978-79:de.1:85:VfL Bochum:Bor. Mönchengladbach,de.1,1978-79,VfL Bochum,Bor. Mönchengladbach,0,0
1978-10-21,1978-79:de.1:86:Fortuna Düsseldorf:Hamburger SV,de.1,1978-79,Fortuna Düsseldorf,Hamburger SV,0,2
1978-10-21,1978-79:de.1:87:1. FC Nürnberg:Borussia Dortmund,de.1,1978-79,1. FC Nürnberg,Borussia Dortmund,2,2
1978-10-21,1978-79:de.1:88:1. FC Kaiserslautern:MSV Duisburg,de.1,1978-79,1. FC Kaiserslautern,MSV Duisburg,2,1
1978-10-21,1978-79:de.1:89:SV Darmstadt 98:FC Schalke 04,de.1,1978-79,SV Darmstadt 98,FC Schalke 04,1,2
1978-10-21,1978-79:de.1:90:Hertha BSC:Arminia Bielefeld,de.1,1978-79,Hertha BSC,Arminia Bielefeld,1,2
1978-10-27,1978-79:de.1:91:Werder Bremen:VfL Bochum,de.1,1978-79,Werder Bremen,VfL Bochum,3,3
1978-10-28,1978-79:de.1:92:Bor. Mönchengladbach:VfB Stuttgart,de.1,1978-79,Bor. Mönchengladbach,VfB Stuttgart,0,0
1978-10-28,1978-79:de.1:93:MSV Duisburg:1. FC Nürnberg,de.1,1978-79,MSV Duisburg,1. FC Nürnberg,1,0
1978-10-28,1978-79:de.1:94:Borussia Dortmund:Fortuna Düsseldorf,de.1,1978-79,Borussia Dortmund,Fortuna Düsseldorf,3,0
1978-10-28,1978-79:de.1:95:Eintracht Braunschweig:Hamburger SV,de.1,1978-79,Eintracht Braunschweig,Hamburger SV,1,0
1978-10-28,1978-79:de.1:96:Bayern München:Hertha BSC,de.1,1978-79,Bayern München,Hertha BSC,1,1
1978-10-28,1978-79:de.1:97:Arminia Bielefeld:1. FC Köln,de.1,1978-79,Arminia Bielefeld,1. FC Köln,1,0
1978-10-28,1978-79:de.1:98:Eintracht Frankfurt:SV Darmstadt 98,de.1,1978-79,Eintracht Frankfurt,SV Darmstadt 98,2,0
1978-10-28,1978-79:de.1:99:FC Schalke 04:1. FC Kaiserslautern,de.1,1978-79,FC Schalke 04,1. FC Kaiserslautern,1,1
1978-11-03,1978-79:de.1:100:1. FC Kaiserslautern:Eintracht Frankfurt,de.1,1978-79,1. FC Kaiserslautern,Eintracht Frankfurt,2,1
1978-11-03,1978-79:de.1:101:VfL Bochum:Eintracht Braunschweig,de.1,1978-79,VfL Bochum,Eintracht Braunschweig,3,0
1978-11-04,1978-79:de.1:102:VfB Stuttgart:Werder Bremen,de.1,1978-79,VfB Stuttgart,Werder Bremen,1,1
1978-11-04,1978-79:de.1:103:1. FC Köln:Bayern München,de.1,1978-79,1. FC Köln,Bayern München,1,1
1978-11-04,1978-79:de.1:104:SV Darmstadt 98:Arminia Bielefeld,de.1,1978-79,SV Darmstadt 98,Arminia Bielefeld,1,1
1978-11-04,1978-79:de.1:105:Hamburger SV:Borussia Dortmund,de.1,1978-79,Hamburger SV,Borussia Dortmund,5,0
1978-11-04,1978-79:de.1:106:Fortuna Düsseldorf:MSV Duisburg,de.1,1978-79,Fortuna Düsseldorf,MSV Duisburg,3,0
1978-11-04,1978-79:de.1:107:1. FC Nürnberg:FC Schalke 04,de.1,1978-79,1. FC Nürnberg,FC Schalke 04,0,2
1978-11-04,1978-79:de.1:108:Hertha BSC:Bor. Mönchengladbach,de.1,1978-79,Hertha BSC,Bor. Mönchengladbach,1,0
1978-11-10,1978-79:de.1:109:MSV Duisburg:Hamburger SV,de.1,1978-79,MSV Duisburg,Hamburger SV,0,2
1978-11-11,1978-79:de.1:110:FC Schalke 04:Fortuna Düsseldorf,de.1,1978-79,FC Schalke 04,Fortuna Düsseldorf,1,2
1978-11-11,1978-79:de.1:111:VfL Bochum:VfB Stuttgart,de.1,1978-79,VfL Bochum,VfB Stuttgart,1,2
1978-11-11,1978-79:de.1:112:Werder Bremen:Hertha BSC,de.1,1978-79,Werder Bremen,Hertha BSC,1,1
1978-11-11,1978-79:de.1:113:Bor. Mönchengladbach:1. FC Köln,de.1,1978-79,Bor. Mönchengladbach,1. FC Köln,2,0
1978-11-11,1978-79:de.1:114:Bayern München:SV Darmstadt 98,de.1,1978-79,Bayern München,SV Darmstadt 98,1,1
1978-11-11,1978-79:de.1:115:Arminia Bielefeld:1. FC Kaiserslautern,de.1,1978-79,Arminia Bielefeld,1. FC Kaiserslautern,0,1
1978-11-11,1978-79:de.1:116:Eintracht Frankfurt:1. FC Nürnberg,de.1,1978-79,Eintracht Frankfurt,1. FC Nürnberg,2,0
1978-11-11,1978-79:de.1:117:Eintracht Braunschweig:Borussia Dortmund,de.1,1978-79,Eintracht Braunschweig,Borussia Dortmund,2,2
1978-11-17,1978-79:de.1:118:1. FC Nürnberg:Arminia Bielefeld,de.1,1978-79,1. FC Nürnberg,Arminia Bielefeld,0,1
1978-11-18,1978-79:de.1:119:Hertha BSC:VfL Bochum,de.1,1978-79,Hertha BSC,VfL Bochum,1,1
1978-11-18,1978-79:de.1:120:VfB Stuttgart:Eintracht Braunschweig,de.1,1978-79,VfB Stuttgart,Eintracht Braunschweig,3,0
1978-11-18,1978-79:de.1:121:Borussia Dortmund:MSV Duisburg,de.1,1978-79,Borussia Dortmund,MSV Duisburg,4,1
1978-11-18,1978-79:de.1:122:1. FC Köln:Werder Bremen,de.1,1978-79,1. FC Köln,Werder Bremen,2,0
1978-11-18,1978-79:de.1:123:Fortuna Düsseldorf:Eintracht Frankfurt,de.1,1978-79,Fortuna Düsseldorf,Eintracht Frankfurt,4,2
1978-11-18,1978-79:de.1:124:1. FC Kaiserslautern:Bayern München,de.1,1978-79,1. FC Kaiserslautern,Bayern München,2,1
1978-11-18,1978-79:de.1:125:SV Darmstadt 98:Bor. Mönchengladbach,de.1,1978-79,SV Darmstadt 98,Bor. Mönchengladbach,2,0
1978-11-18,1978-79:de.1:126:Hamburger SV:FC Schalke 04,de.1,1978-79,Hamburger SV,FC Schalke 04,4,2
1978-11-24,1978-79:de.1:127:VfL Bochum:1. FC Köln,de.1,1978-79,VfL Bochum,1. FC Köln,2,5
1978-11-25,1978-79:de.1:128:FC Schalke 04:Borussia Dortmund,de.1,1978-79,FC Schalke 04,Borussia Dortmund,5,1
1978-11-25,1978-79:de.1:129:MSV Duisburg:Eintracht Braunschweig,de.1,1978-79,MSV Duisburg,Eintracht Braunschweig,1,0
1978-11-25,1978-79:de.1:130:Werder Bremen:SV Darmstadt 98,de.1,1978-79,Werder Bremen,SV Darmstadt 98,3,0
1978-11-25,1978-79:de.1:131:Bor. Mönchengladbach:1. FC Kaiserslautern,de.1,1978-79,Bor. Mönchengladbach,1. FC Kaiserslautern,5,1
1978-11-25,1978-79:de.1:132:Bayern München:1. FC Nürnberg,de.1,1978-79,Bayern München,1. FC Nürnberg,4,0
1978-11-25,1978-79:de.1:133:Arminia Bielefeld:Fortuna Düsseldorf,de.1,1978-79,Arminia Bielefeld,Fortuna Düsseldorf,2,0
1978-11-25,1978-79:de.1:134:Eintracht Frankfurt:Hamburger SV,de.1,1978-79,Eintracht Frankfurt,Hamburger SV,0,0
1978-11-25,1978-79:de.1:135:Hertha BSC:VfB Stuttgart,de.1,1978-79,Hertha BSC,VfB Stuttgart,0,0
1978-12-08,1978-79:de.1:136:1. FC Kaiserslautern:Werder Bremen,de.1,1978-79,1. FC Kaiserslautern,Werder Bremen,4,0
1978-12-09,1978-79:de.1:137:MSV Duisburg:FC Schalke 04,de.1,1978-79,MSV Duisburg,FC Schalke 04,2,1
1978-12-09,1978-79:de.1:138:Borussia Dortmund:Eintracht Frankfurt,de.1,1978-79,Borussia Dortmund,Eintracht Frankfurt,3,1
1978-12-09,1978-79:de.1:139:Fortuna Düsseldorf:Bayern München,de.1,1978-79,Fortuna Düsseldorf,Bayern München,7,1
1978-12-09,1978-79:de.1:140:Eintracht Braunschweig:Hertha BSC,de.1,1978-79,Eintracht Braunschweig,Hertha BSC,0,1
1978-12-15,1978-79:de.1:141:Bor. Mönchengladbach:Fortuna Düsseldorf,de.1,1978-79,Bor. Mönchengladbach,Fortuna Düsseldorf,1,0
1978-12-15,1978-79:de.1:142:VfB Stuttgart:SV Darmstadt 98,de.1,1978-79,VfB Stuttgart,SV Darmstadt 98,3,0
1978-12-15,1978-79:de.1:143:VfL Bochum:1. FC Kaiserslautern,de.1,1978-79,VfL Bochum,1. FC Kaiserslautern,2,2
1978-12-16,1978-79:de.1:144:Werder Bremen:1. FC Nürnberg,de.1,1978-79,Werder Bremen,1. FC Nürnberg,3,1
1978-12-16,1978-79:de.1:145:Hertha BSC:1. FC Köln,de.1,1978-79,Hertha BSC,1. FC Köln,0,2
1978-12-16,1978-79:de.1:146:FC Schalke 04:Eintracht Braunschweig,de.1,1978-79,FC Schalke 04,Eintracht Braunschweig,4,4
1978-12-16,1978-79:de.1:147:Bayern München:Hamburger SV,de.1,1978-79,Bayern München,Hamburger SV,0,1
1978-12-16,1978-79:de.1:148:Eintracht Frankfurt:MSV Duisburg,de.1,1978-79,Eintracht Frankfurt,MSV Duisburg,1,0
1978-12-23,1978-79:de.1:149:1. FC Nürnberg:Bor. Mönchengladbach,de.1,1978-79,1. FC Nürnberg,Bor. Mönchengladbach,1,0
1978-12-23,1978-79:de.1:150:1. FC Köln:VfB Stuttgart,de.1,1978-79,1. FC Köln,VfB Stuttgart,1,2
1978-12-23,1978-79:de.1:151:Hamburger SV:Arminia Bielefeld,de.1,1978-79,Hamburger SV,Arminia Bielefeld,3,1
1978-12-29,1978-79:de.1:152:Arminia Bielefeld:Borussia Dortmund,de.1,1978-79,Arminia Bielefeld,Borussia Dortmund,4,3
1978-12-30,1978-79:de.1:153:SV Darmstadt 98:VfL Bochum,de.1,1978-79,SV Darmstadt 98,VfL Bochum,3,1
1979-01-13,1978-79:de.1:154:Eintracht Frankfurt:FC Schalke 04,de.1,1978-79,Eintracht Frankfurt,FC Schalke 04,3,1
1979-01-13,1978-79:de.1:155:VfB Stuttgart:1. FC Kaiserslautern,de.1,1978-79,VfB Stuttgart,1. FC Kaiserslautern,3,0
1979-01-13,1978-79:de.1:156:Hertha BSC:SV Darmstadt 98,de.1,1978-79,Hertha BSC,SV Darmstadt 98,1,0
1979-01-20,1978-79:de.1:157:1. FC Nürnberg:VfB Stuttgart,de.1,1978-79,1. FC Nürnberg,VfB Stuttgart,1,0
1979-01-20,1978-79:de.1:158:Fortuna Düsseldorf:VfL Bochum,de.1,1978-79,Fortuna Düsseldorf,VfL Bochum,1,1
1979-01-27,1978-79:de.1:159:Hertha BSC:1. FC Nürnberg,de.1,1978-79,Hertha BSC,1. FC Nürnberg,4,1
1979-01-27,1978-79:de.1:160:Arminia Bielefeld:Eintracht Frankfurt,de.1,1978-79,Arminia Bielefeld,Eintracht Frankfurt,0,0
1979-01-27,1978-79:de.1:161:Bayern München:FC Schalke 04,de.1,1978-79,Bayern München,FC Schalke 04,2,1
1979-02-03,1978-79:de.1:162:Hamburger SV:VfB Stuttgart,de.1,1978-79,Hamburger SV,VfB Stuttgart,1,1
1979-02-03,1978-79:de.1:163:Borussia Dortmund:VfL Bochum,de.1,1978-79,Borussia Dortmund,VfL Bochum,2,2
1979-02-03,1978-79:de.1:164:Eintracht Frankfurt:Bayern München,de.1,1978-79,Eintracht Frankfurt,Bayern München,2,1
1979-02-09,1978-79:de.1:165:Bor. Mönchengladbach:Hamburger SV,de.1,1978-79,Bor. Mönchengladbach,Hamburger SV,4,3
1979-02-09,1978-79:de.1:166:1. FC Köln:Eintracht Braunschweig,de.1,1978-79,1. FC Köln,Eintracht Braunschweig,3,1
1979-02-10,1978-79:de.1:167:1. FC Kaiserslautern:SV Darmstadt 98,de.1,1978-79,1. FC Kaiserslautern,SV Darmstadt 98,2,0
1979-02-10,1978-79:de.1:168:Bayern München:Borussia Dortmund,de.1,1978-79,Bayern München,Borussia Dortmund,4,0
1979-02-17,1978-79:de.1:169:SV Darmstadt 98:1. FC Köln,de.1,1978-79,SV Darmstadt 98,1. FC Köln,0,1
1979-02-17,1978-79:de.1:170:1. FC Kaiserslautern:Hertha BSC,de.1,1978-79,1. FC Kaiserslautern,Hertha BSC,3,0
1979-02-24,1978-79:de.1:171:SV Darmstadt 98:Eintracht Braunschweig,de.1,1978-79,SV Darmstadt 98,Eintracht Braunschweig,1,1
1979-03-02,1978-79:de.1:172:1. FC Köln:1. FC Kaiserslautern,de.1,1978-79,1. FC Köln,1. FC Kaiserslautern,2,2
1979-03-03,1978-79:de.1:173:VfL Bochum:Hamburger SV,de.1,1978-79,VfL Bochum,Hamburger SV,2,1
1979-03-03,1978-79:de.1:174:VfB Stuttgart:Fortuna Düsseldorf,de.1,1978-79,VfB Stuttgart,Fortuna Düsseldorf,5,0
1979-03-10,1978-79:de.1:175:VfB Stuttgart:Borussia Dortmund,de.1,1978-79,VfB Stuttgart,Borussia Dortmund,1,1
1979-03-10,1978-79:de.1:176:VfL Bochum:MSV Duisburg,de.1,1978-79,VfL Bochum,MSV Duisburg,0,0
1979-03-10,1978-79:de.1:177:Werder Bremen:FC Schalke 04,de.1,1978-79,Werder Bremen,FC Schalke 04,3,1
1979-03-10,1978-79:de.1:178:Hertha BSC:Hamburger SV,de.1,1978-79,Hertha BSC,Hamburger SV,1,3
1979-03-10,1978-79:de.1:179:1. FC Kaiserslautern:Eintracht Braunschweig,de.1,1978-79,1. FC Kaiserslautern,Eintracht Braunschweig,2,1
1979-03-10,1978-79:de.1:180:SV Darmstadt 98:1. FC Nürnberg,de.1,1978-79,SV Darmstadt 98,1. FC Nürnberg,1,3
1979-03-10,1978-79:de.1:181:Bayern München:Arminia Bielefeld,de.1,1978-79,Bayern München,Arminia Bielefeld,0,4
1979-03-10,1978-79:de.1:182:Bor. Mönchengladbach:Eintracht Frankfurt,de.1,1978-79,Bor. Mönchengladbach,Eintracht Frankfurt,1,3
1979-03-10,1978-79:de.1:183:1. FC Köln:Fortuna Düsseldorf,de.1,1978-79,1. FC Köln,Fortuna Düsseldorf,2,2
1979-03-13,1978-79:de.1:184:Eintracht Braunschweig:Eintracht Frankfurt,de.1,1978-79,Eintracht Braunschweig,Eintracht Frankfurt,0,0
1979-03-14,1978-79:de.1:185:Fortuna Düsseldorf:Hertha BSC,de.1,1978-79,Fortuna Düsseldorf,Hertha BSC,3,1
1979-03-14,1978-79:de.1:186:Hamburger SV:Werder Bremen,de.1,1978-79,Hamburger SV,Werder Bremen,2,2
1979-03-16,1978-79:de.1:187:MSV Duisburg:VfB Stuttgart,de.1,1978-79,MSV Duisburg,VfB Stuttgart,3,1
1979-03-17,1978-79:de.1:188:1. FC Nürnberg:1. FC Kaiserslautern,de.1,1978-79,1. FC Nürnberg,1. FC Kaiserslautern,0,0
1979-03-17,1978-79:de.1:189:FC Schalke 04:VfL Bochum,de.1,1978-79,FC Schalke 04,VfL Bochum,1,3
1979-03-17,1978-79:de.1:190:Borussia Dortmund:Hertha BSC,de.1,1978-79,Borussia Dortmund,Hertha BSC,3,0
1979-03-17,1978-79:de.1:191:Arminia Bielefeld:Bor. Mönchengladbach,de.1,1978-79,Arminia Bielefeld,Bor. Mönchengladbach,0,2
1979-03-17,1978-79:de.1:192:Eintracht Frankfurt:Werder Bremen,de.1,1978-79,Eintracht Frankfurt,Werder Bremen,2,1
1979-03-17,1978-79:de.1:193:Fortuna Düsseldorf:SV Darmstadt 98,de.1,1978-79,Fortuna Düsseldorf,SV Darmstadt 98,4,0
1979-03-17,1978-79:de.1:194:Eintracht Braunschweig:Bayern München,de.1,1978-79,Eintracht Braunschweig,Bayern München,0,0
1979-03-20,1978-79:de.1:195:VfL Bochum:1. FC Nürnberg,de.1,1978-79,VfL Bochum,1. FC Nürnberg,2,1
1979-03-24,1978-79:de.1:196:Bor. Mönchengladbach:Bayern München,de.1,1978-79,Bor. Mönchengladbach,Bayern München,1,7
1979-03-24,1978-79:de.1:197:1. FC Nürnberg:Eintracht Braunschweig,de.1,1978-79,1. FC Nürnberg,Eintracht Braunschweig,0,3
1979-03-24,1978-79:de.1:198:1. FC Köln:Borussia Dortmund,de.1,1978-79,1. FC Köln,Borussia Dortmund,5,0
1979-03-24,1978-79:de.1:199:VfB Stuttgart:FC Schalke 04,de.1,1978-79,VfB Stuttgart,FC Schalke 04,4,0
1979-03-24,1978-79:de.1:200:1. FC Kaiserslautern:Fortuna Düsseldorf,de.1,1978-79,1. FC Kaiserslautern,Fortuna Düsseldorf,3,0
1979-03-24,1978-79:de.1:201:Hertha BSC:MSV Duisburg,de.1,1978-79,Hertha BSC,MSV Duisburg,1,0
1979-03-24,1978-79:de.1:202:Werder Bremen:Arminia Bielefeld,de.1,1978-79,Werder Bremen,Arminia Bielefeld,1,0
1979-03-24,1978-79:de.1:203:VfL Bochum:Eintracht Frankfurt,de.1,1978-79,VfL Bochum,Eintracht Frankfurt,0,0
1979-03-24,1978-79:de.1:204:SV Darmstadt 98:Hamburger SV,de.1,1978-79,SV Darmstadt 98,Hamburger SV,1,2
1979-03-27,1978-79:de.1:205:Arminia Bielefeld:MSV Duisburg,de.1,1978-79,Arminia Bielefeld,MSV Duisburg,1,1
1979-03-27,1978-79:de.1:206:1. FC Nürnberg:1. FC Köln,de.1,1978-79,1. FC Nürnberg,1. FC Köln,1,1
1979-03-27,1978-79:de.1:207:Werder Bremen:Borussia Dortmund,de.1,1978-79,Werder Bremen,Borussia Dortmund,4,4
1979-03-31,1978-79:de.1:208:Eintracht Braunschweig:Arminia Bielefeld,de.1,1978-79,Eintracht Braunschweig,Arminia Bielefeld,5,2
1979-03-31,1978-79:de.1:209:Borussia Dortmund:Bor. Mönchengladbach,de.1,1978-79,Borussia Dortmund,Bor. Mönchengladbach,1,1
1979-04-03,1978-79:de.1:210:Eintracht Braunschweig:Bor. Mönchengladbach,de.1,1978-79,Eintracht Braunschweig,Bor. Mönchengladbach,3,0
1979-04-04,1978-79:de.1:211:Arminia Bielefeld:VfL Bochum,de.1,1978-79,Arminia Bielefeld,VfL Bochum,1,2
1979-04-04,1978-79:de.1:212:FC Schalke 04:Hertha BSC,de.1,1978-79,FC Schalke 04,Hertha BSC,1,1
1979-04-04,1978-79:de.1:213:MSV Duisburg:1. FC Köln,de.1,1978-79,MSV Duisburg,1. FC Köln,2,1
1979-04-04,1978-79:de.1:214:Bayern München:Werder Bremen,de.1,1978-79,Bayern München,Werder Bremen,4,0
1979-04-04,1978-79:de.1:215:Fortuna Düsseldorf:1. FC Nürnberg,de.1,1978-79,Fortuna Düsseldorf,1. FC Nürnberg,3,3
1979-04-04,1978-79:de.1:216:Hamburger SV:1. FC Kaiserslautern,de.1,1978-79,Hamburger SV,1. FC Kaiserslautern,3,0
1979-04-04,1978-79:de.1:217:Borussia Dortmund:SV Darmstadt 98,de.1,1978-79,Borussia Dortmund,SV Darmstadt 98,0,0
1979-04-04,1978-79:de.1:218:Eintracht Frankfurt:VfB Stuttgart,de.1,1978-79,Eintracht Frankfurt,VfB Stuttgart,1,2
1979-04-07,1978-79:de.1:219:1. FC Nürnberg:Hamburger SV,de.1,1978-79,1. FC Nürnberg,Hamburger SV,3,3
1979-04-07,1978-79:de.1:220:Fortuna Düsseldorf:Eintracht Braunschweig,de.1,1978-79,Fortuna Düsseldorf,Eintracht Braunschweig,2,2
1979-04-07,1978-79:de.1:221:VfB Stuttgart:Arminia Bielefeld,de.1,1978-79,VfB Stuttgart,Arminia Bielefeld,5,1
1979-04-07,1978-79:de.1:222:1. FC Köln:FC Schalke 04,de.1,1978-79,1. FC Köln,FC Schalke 04,1,0
1979-04-07,1978-79:de.1:223:1. FC Kaiserslautern:Borussia Dortmund,de.1,1978-79,1. FC Kaiserslautern,Borussia Dortmund,3,1
1979-04-07,1978-79:de.1:224:Hertha BSC:Eintracht Frankfurt,de.1,1978-79,Hertha BSC,Eintracht Frankfurt,4,1
1979-04-07,1978-79:de.1:225:SV Darmstadt 98:MSV Duisburg,de.1,1978-79,SV Darmstadt 98,MSV Duisburg,2,0
1979-04-07,1978-79:de.1:226:VfL Bochum:Bayern München,de.1,1978-79,VfL Bochum,Bayern München,0,1
1979-04-07,1978-79:de.1:227:Werder Bremen:Bor. Mönchengladbach,de.1,1978-79,Werder Bremen,Bor. Mönchengladbach,3,1
1979-04-12,1978-79:de.1:228:Bayern München:VfB Stuttgart,de.1,1978-79,Bayern München,VfB Stuttgart,1,1
1979-04-12,1978-79:de.1:229:Eintracht Braunschweig:Werder Bremen,de.1,1978-79,Eintracht Braunschweig,Werder Bremen,1,1
1979-04-12,1978-79:de.1:230:Borussia Dortmund:1. FC Nürnberg,de.1,1978-79,Borussia Dortmund,1. FC Nürnberg,2,0
1979-04-12,1978-79:de.1:231:FC Schalke 04:SV Darmstadt 98,de.1,1978-79,FC Schalke 04,SV Darmstadt 98,4,2
1979-04-14,1978-79:de.1:232:Eintracht Frankfurt:1. FC Köln,de.1,1978-79,Eintracht Frankfurt,1. FC Köln,1,4
1979-04-14,1978-79:de.1:233:Bor. Mönchengladbach:VfL Bochum,de.1,1978-79,Bor. Mönchengladbach,VfL Bochum,2,0
1979-04-14,1978-79:de.1:234:Hamburger SV:Fortuna Düsseldorf,de.1,1978-79,Hamburger SV,Fortuna Düsseldorf,2,1
1979-04-14,1978-79:de.1:235:MSV Duisburg:1. FC Kaiserslautern,de.1,1978-79,MSV Duisburg,1. FC Kaiserslautern,3,1
1979-04-14,1978-79:de.1:236:Arminia Bielefeld:Hertha BSC,de.1,1978-79,Arminia Bielefeld,Hertha BSC,0,0
1979-04-18,1978-79:de.1:237:Hamburger SV:Eintracht Braunschweig,de.1,1978-79,Hamburger SV,Eintracht Braunschweig,2,0
1979-04-18,1978-79:de.1:238:SV Darmstadt 98:Eintracht Frankfurt,de.1,1978-79,SV Darmstadt 98,Eintracht Frankfurt,2,0
1979-04-18,1978-79:de.1:239:1. FC Nürnberg:MSV Duisburg,de.1,1978-79,1. FC Nürnberg,MSV Duisburg,2,1
1979-04-18,1978-79:de.1:240:1. FC Kaiserslautern:FC Schalke 04,de.1,1978-79,1. FC Kaiserslautern,FC Schalke 04,2,2
1979-04-18,1978-79:de.1:241:VfB Stuttgart:Bor. Mönchengladbach,de.1,1978-79,VfB Stuttgart,Bor. Mönchengladbach,2,0
1979-04-18,1978-79:de.1:242:Hertha BSC:Bayern München,de.1,1978-79,Hertha BSC,Bayern München,1,1
1979-04-18,1978-79:de.1:243:1. FC Köln:Arminia Bielefeld,de.1,1978-79,1. FC Köln,Arminia Bielefeld,2,1
1979-04-18,1978-79:de.1:244:Fortuna Düsseldorf:Borussia Dortmund,de.1,1978-79,Fortuna Düsseldorf,Borussia Dortmund,3,1
1979-04-18,1978-79:de.1:245:VfL Bochum:Werder Bremen,de.1,1978-79,VfL Bochum,Werder Bremen,3,0
1979-04-21,1978-79:de.1:246:Werder Bremen:VfB Stuttgart,de.1,1978-79,Werder Bremen,VfB Stuttgart,0,2
1979-04-21,1978-79:de.1:247:Eintracht Braunschweig:VfL Bochum,de.1,1978-79,Eintracht Braunschweig,VfL Bochum,1,0
1979-04-21,1978-79:de.1:248:FC Schalke 04:1. FC Nürnberg,de.1,1978-79,FC Schalke 04,1. FC Nürnberg,0,0
1979-04-21,1978-79:de.1:249:Bor. Mönchengladbach:Hertha BSC,de.1,1978-79,Bor. Mönchengladbach,Hertha BSC,0,2
1979-04-21,1978-79:de.1:250:Borussia Dortmund:Hamburger SV,de.1,1978-79,Borussia Dortmund,Hamburger SV,1,3
1979-04-21,1978-79:de.1:251:Arminia Bielefeld:SV Darmstadt 98,de.1,1978-79,Arminia Bielefeld,SV Darmstadt 98,5,0
1979-04-21,1978-79:de.1:252:MSV Duisburg:Fortuna Düsseldorf,de.1,1978-79,MSV Duisburg,Fortuna Düsseldorf,1,2
1979-04-21,1978-79:de.1:253:Eintracht Frankfurt:1. FC Kaiserslautern,de.1,1978-79,Eintracht Frankfurt,1. FC Kaiserslautern,2,2
1979-04-21,1978-79:de.1:254:Bayern München:1. FC Köln,de.1,1978-79,Bayern München,1. FC Köln,5,1
1979-04-28,1978-79:de.1:255:FC Schalke 04:Bor. Mönchengladbach,de.1,1978-79,FC Schalke 04,Bor. Mönchengladbach,1,1
1979-05-04,1978-79:de.1:256:1. FC Kaiserslautern:Arminia Bielefeld,de.1,1978-79,1. FC Kaiserslautern,Arminia Bielefeld,3,2
1979-05-05,1978-79:de.1:257:1. FC Nürnberg:Eintracht Frankfurt,de.1,1978-79,1. FC Nürnberg,Eintracht Frankfurt,0,0
1979-05-05,1978-79:de.1:258:Hertha BSC:Werder Bremen,de.1,1978-79,Hertha BSC,Werder Bremen,0,2
1979-05-05,1978-79:de.1:259:SV Darmstadt 98:Bayern München,de.1,1978-79,SV Darmstadt 98,Bayern München,1,3
1979-05-05,1978-79:de.1:260:Borussia Dortmund:Eintracht Braunschweig,de.1,1978-79,Borussia Dortmund,Eintracht Braunschweig,2,2
1979-05-05,1978-79:de.1:261:Fortuna Düsseldorf:FC Schalke 04,de.1,1978-79,Fortuna Düsseldorf,FC Schalke 04,3,1
1979-05-05,1978-79:de.1:262:Hamburger SV:MSV Duisburg,de.1,1978-79,Hamburger SV,MSV Duisburg,3,0
1979-05-05,1978-79:de.1:263:1. FC Köln:Bor. Mönchengladbach,de.1,1978-79,1. FC Köln,Bor. Mönchengladbach,1,1
1979-05-05,1978-79:de.1:264:VfB Stuttgart:VfL Bochum,de.1,1978-79,VfB Stuttgart,VfL Bochum,2,0
1979-05-08,1978-79:de.1:265:Hamburger SV:1. FC Köln,de.1,1978-79,Hamburger SV,1. FC Köln,6,0
1979-05-08,1978-79:de.1:266:MSV Duisburg:Bayern München,de.1,1978-79,MSV Duisburg,Bayern München,3,1
1979-05-08,1978-79:de.1:267:Werder Bremen:Fortuna Düsseldorf,de.1,1978-79,Werder Bremen,Fortuna Düsseldorf,1,1
1979-05-12,1978-79:de.1:268:Werder Bremen:1. FC Köln,de.1,1978-79,Werder Bremen,1. FC Köln,1,1
1979-05-12,1978-79:de.1:269:Arminia Bielefeld:1. FC Nürnberg,de.1,1978-79,Arminia Bielefeld,1. FC Nürnberg,2,0
1979-05-12,1978-79:de.1:270:FC Schalke 04:Hamburger SV,de.1,1978-79,FC Schalke 04,Hamburger SV,1,3
1979-05-12,1978-79:de.1:271:Eintracht Frankfurt:Fortuna Düsseldorf,de.1,1978-79,Eintracht Frankfurt,Fortuna Düsseldorf,3,2
1979-05-12,1978-79:de.1:272:Bor. Mönchengladbach:SV Darmstadt 98,de.1,1978-79,Bor. Mönchengladbach,SV Darmstadt 98,3,1
1979-05-12,1978-79:de.1:273:Bayern München:1. FC Kaiserslautern,de.1,1978-79,Bayern München,1. FC Kaiserslautern,1,0
1979-05-12,1978-79:de.1:274:VfL Bochum:Hertha BSC,de.1,1978-79,VfL Bochum,Hertha BSC,1,0
1979-05-12,1978-79:de.1:275:MSV Duisburg:Borussia Dortmund,de.1,1978-79,MSV Duisburg,Borussia Dortmund,0,0
1979-05-12,1978-79:de.1:276:Eintracht Braunschweig:VfB Stuttgart,de.1,1978-79,Eintracht Braunschweig,VfB Stuttgart,2,2
1979-05-19,1978-79:de.1:277:MSV Duisburg:Werder Bremen,de.1,1978-79,MSV Duisburg,Werder Bremen,2,0
1979-05-19,1978-79:de.1:278:1. FC Nürnberg:Bayern München,de.1,1978-79,1. FC Nürnberg,Bayern München,4,2
1979-05-19,1978-79:de.1:279:1. FC Kaiserslautern:Bor. Mönchengladbach,de.1,1978-79,1. FC Kaiserslautern,Bor. Mönchengladbach,1,3
1979-05-19,1978-79:de.1:280:Hamburger SV:Eintracht Frankfurt,de.1,1978-79,Hamburger SV,Eintracht Frankfurt,4,0
1979-05-19,1978-79:de.1:281:Fortuna Düsseldorf:Arminia Bielefeld,de.1,1978-79,Fortuna Düsseldorf,Arminia Bielefeld,3,2
1979-05-19,1978-79:de.1:282:Borussia Dortmund:FC Schalke 04,de.1,1978-79,Borussia Dortmund,FC Schalke 04,2,0
1979-05-19,1978-79:de.1:283:1. FC Köln:VfL Bochum,de.1,1978-79,1. FC Köln,VfL Bochum,1,1
1979-05-19,1978-79:de.1:284:VfB Stuttgart:Hertha BSC,de.1,1978-79,VfB Stuttgart,Hertha BSC,3,0
1979-05-26,1978-79:de.1:285:Eintracht Braunschweig:MSV Duisburg,de.1,1978-79,Eintracht Braunschweig,MSV Duisburg,0,2
1979-05-26,1978-79:de.1:286:FC Schalke 04:Arminia Bielefeld,de.1,1978-79,FC Schalke 04,Arminia Bielefeld,4,1
1979-05-26,1978-79:de.1:287:SV Darmstadt 98:Werder Bremen,de.1,1978-79,SV Darmstadt 98,Werder Bremen,3,0
1979-05-29,1978-79:de.1:288:Bor. Mönchengladbach:MSV Duisburg,de.1,1978-79,Bor. Mönchengladbach,MSV Duisburg,0,2
1979-06-02,1978-79:de.1:289:VfB Stuttgart:1. FC Köln,de.1,1978-79,VfB Stuttgart,1. FC Köln,1,4
1979-06-02,1978-79:de.1:290:FC Schalke 04:MSV Duisburg,de.1,1978-79,FC Schalke 04,MSV Duisburg,2,1
1979-06-02,1978-79:de.1:291:Eintracht Frankfurt:Borussia Dortmund,de.1,1978-79,Eintracht Frankfurt,Borussia Dortmund,3,1
1979-06-02,1978-79:de.1:292:Arminia Bielefeld:Hamburger SV,de.1,1978-79,Arminia Bielefeld,Hamburger SV,0,0
1979-06-02,1978-79:de.1:293:Bayern München:Fortuna Düsseldorf,de.1,1978-79,Bayern München,Fortuna Düsseldorf,1,1
1979-06-02,1978-79:de.1:294:Bor. Mönchengladbach:1. FC Nürnberg,de.1,1978-79,Bor. Mönchengladbach,1. FC Nürnberg,3,1
1979-06-02,1978-79:de.1:295:Werder Bremen:1. FC Kaiserslautern,de.1,1978-79,Werder Bremen,1. FC Kaiserslautern,3,1
1979-06-02,1978-79:de.1:296:VfL Bochum:SV Darmstadt 98,de.1,1978-79,VfL Bochum,SV Darmstadt 98,1,2
1979-06-02,1978-79:de.1:297:Hertha BSC:Eintracht Braunschweig,de.1,1978-79,Hertha BSC,Eintracht Braunschweig,2,2
1979-06-09,1978-79:de.1:298:Eintracht Braunschweig:FC Schalke 04,de.1,1978-79,Eintracht Braunschweig,FC Schalke 04,2,1
1979-06-09,1978-79:de.1:299:SV Darmstadt 98:VfB Stuttgart,de.1,1978-79,SV Darmstadt 98,VfB Stuttgart,1,7
1979-06-09,1978-79:de.1:300:1. FC Kaiserslautern:VfL Bochum,de.1,1978-79,1. FC Kaiserslautern,VfL Bochum,1,1
1979-06-09,1978-79:de.1:301:1. FC Nürnberg:Werder Bremen,de.1,1978-79,1. FC Nürnberg,Werder Bremen,2,2
1979-06-09,1978-79:de.1:302:Fortuna Düsseldorf:Bor. Mönchengladbach,de.1,1978-79,Fortuna Düsseldorf,Bor. Mönchengladbach,3,3
1979-06-09,1978-79:de.1:303:Hamburger SV:Bayern München,de.1,1978-79,Hamburger SV,Bayern München,1,2
1979-06-09,1978-79:de.1:304:Borussia Dortmund:Arminia Bielefeld,de.1,1978-79,Borussia Dortmund,Arminia Bielefeld,2,0
1979-06-09,1978-79:de.1:305:MSV Duisburg:Eintracht Frankfurt,de.1,1978-79,MSV Duisburg,Eintracht Frankfurt,0,2
1979-06-09,1978-79:de.1:306:1. FC Köln:Hertha BSC,de.1,1978-79,1. FC Köln,Hertha BSC,3,1
1979-08-11,1979-80:de.1:1:Werder Bremen:KFC Uerdingen,de.1,1979-80,Werder Bremen,KFC Uerdingen,1,0
1979-08-11,1979-80:de.1:2:1. FC Köln:TSV 1860 München,de.1,1979-80,1. FC Köln,TSV 1860 München,2,1
1979-08-11,1979-80:de.1:3:Eintracht Frankfurt:Borussia Dortmund,de.1,1979-80,Eintracht Frankfurt,Borussia Dortmund,0,1
1979-08-11,1979-80:de.1:4:1. FC Kaiserslautern:Fortuna Düsseldorf,de.1,1979-80,1. FC Kaiserslautern,Fortuna Düsseldorf,4,0
1979-08-11,1979-80:de.1:5:MSV Duisburg:VfB Stuttgart,de.1,1979-80,MSV Duisburg,VfB Stuttgart,1,1
1979-08-11,1979-80:de.1:6:Hertha BSC:Eintracht Braunschweig,de.1,1979-80,Hertha BSC,Eintracht Braunschweig,0,0
1979-08-11,1979-80:de.1:7:Bayern München:Bayer 04 Leverkusen,de.1,1979-80,Bayern München,Bayer 04 Leverkusen,3,1
1979-08-11,1979-80:de.1:8:Bor. Mönchengladbach:FC Schalke 04,de.1,1979-80,Bor. Mönchengladbach,FC Schalke 04,1,1
1979-08-11,1979-80:de.1:9:VfL Bochum:Hamburger SV,de.1,1979-80,VfL Bochum,Hamburger SV,0,3
1979-08-18,1979-80:de.1:10:Hamburger SV:Bor. Mönchengladbach,de.1,1979-80,Hamburger SV,Bor. Mönchengladbach,3,0
1979-08-18,1979-80:de.1:11:Bayer 04 Leverkusen:Hertha BSC,de.1,1979-80,Bayer 04 Leverkusen,Hertha BSC,2,1
1979-08-18,1979-80:de.1:12:Eintracht Braunschweig:MSV Duisburg,de.1,1979-80,Eintracht Braunschweig,MSV Duisburg,2,0
1979-08-18,1979-80:de.1:13:VfB Stuttgart:1. FC Kaiserslautern,de.1,1979-80,VfB Stuttgart,1. FC Kaiserslautern,3,1
1979-08-18,1979-80:de.1:14:Fortuna Düsseldorf:Eintracht Frankfurt,de.1,1979-80,Fortuna Düsseldorf,Eintracht Frankfurt,1,3
1979-08-18,1979-80:de.1:15:Borussia Dortmund:1. FC Köln,de.1,1979-80,Borussia Dortmund,1. FC Köln,3,1
1979-08-18,1979-80:de.1:16:TSV 1860 München:Werder Bremen,de.1,1979-80,TSV 1860 München,Werder Bremen,4,1
1979-08-18,1979-80:de.1:17:KFC Uerdingen:VfL Bochum,de.1,1979-80,KFC Uerdingen,VfL Bochum,1,0
1979-08-18,1979-80:de.1:18:FC Schalke 04:Bayern München,de.1,1979-80,FC Schalke 04,Bayern München,1,1
1979-08-28,1979-80:de.1:19:Werder Bremen:Borussia Dortmund,de.1,1979-80,Werder Bremen,Borussia Dortmund,2,1
1979-08-28,1979-80:de.1:20:Eintracht Frankfurt:VfB Stuttgart,de.1,1979-80,Eintracht Frankfurt,VfB Stuttgart,2,0
1979-08-28,1979-80:de.1:21:1. FC Kaiserslautern:Eintracht Braunschweig,de.1,1979-80,1. FC Kaiserslautern,Eintracht Braunschweig,2,0
1979-08-28,1979-80:de.1:22:MSV Duisburg:Bayer 04 Leverkusen,de.1,1979-80,MSV Duisburg,Bayer 04 Leverkusen,5,0
1979-08-28,1979-80:de.1:23:Hertha BSC:FC Schalke 04,de.1,1979-80,Hertha BSC,FC Schalke 04,0,2
1979-08-28,1979-80:de.1:24:Bayern München:Hamburger SV,de.1,1979-80,Bayern München,Hamburger SV,1,1
1979-08-28,1979-80:de.1:25:VfL Bochum:Bor. Mönchengladbach,de.1,1979-80,VfL Bochum,Bor. Mönchengladbach,0,0
1979-08-29,1979-80:de.1:26:1. FC Köln:Fortuna Düsseldorf,de.1,1979-80,1. FC Köln,Fortuna Düsseldorf,1,1
1979-08-29,1979-80:de.1:27:KFC Uerdingen:TSV 1860 München,de.1,1979-80,KFC Uerdingen,TSV 1860 München,1,0
1979-09-01,1979-80:de.1:28:Hamburger SV:Hertha BSC,de.1,1979-80,Hamburger SV,Hertha BSC,5,1
1979-09-01,1979-80:de.1:29:Bayer 04 Leverkusen:1. FC Kaiserslautern,de.1,1979-80,Bayer 04 Leverkusen,1. FC Kaiserslautern,3,1
1979-09-01,1979-80:de.1:30:Eintracht Braunschweig:Eintracht Frankfurt,de.1,1979-80,Eintracht Braunschweig,Eintracht Frankfurt,2,3
1979-09-01,1979-80:de.1:31:VfB Stuttgart:1. FC Köln,de.1,1979-80,VfB Stuttgart,1. FC Köln,3,0
1979-09-01,1979-80:de.1:32:Fortuna Düsseldorf:Werder Bremen,de.1,1979-80,Fortuna Düsseldorf,Werder Bremen,4,1
1979-09-01,1979-80:de.1:33:Borussia Dortmund:KFC Uerdingen,de.1,1979-80,Borussia Dortmund,KFC Uerdingen,3,1
1979-09-01,1979-80:de.1:34:TSV 1860 München:VfL Bochum,de.1,1979-80,TSV 1860 München,VfL Bochum,1,0
1979-09-01,1979-80:de.1:35:FC Schalke 04:MSV Duisburg,de.1,1979-80,FC Schalke 04,MSV Duisburg,1,2
1979-09-05,1979-80:de.1:36:Bor. Mönchengladbach:Bayern München,de.1,1979-80,Bor. Mönchengladbach,Bayern München,2,1
1979-09-07,1979-80:de.1:37:MSV Duisburg:Hamburger SV,de.1,1979-80,MSV Duisburg,Hamburger SV,3,0
1979-09-08,1979-80:de.1:38:Werder Bremen:VfB Stuttgart,de.1,1979-80,Werder Bremen,VfB Stuttgart,2,3
1979-09-08,1979-80:de.1:39:1. FC Köln:Eintracht Braunschweig,de.1,1979-80,1. FC Köln,Eintracht Braunschweig,8,0
1979-09-08,1979-80:de.1:40:Eintracht Frankfurt:Bayer 04 Leverkusen,de.1,1979-80,Eintracht Frankfurt,Bayer 04 Leverkusen,3,0
1979-09-08,1979-80:de.1:41:1. FC Kaiserslautern:FC Schalke 04,de.1,1979-80,1. FC Kaiserslautern,FC Schalke 04,2,2
1979-09-08,1979-80:de.1:42:Hertha BSC:Bor. Mönchengladbach,de.1,1979-80,Hertha BSC,Bor. Mönchengladbach,3,1
1979-09-08,1979-80:de.1:43:TSV 1860 München:Borussia Dortmund,de.1,1979-80,TSV 1860 München,Borussia Dortmund,0,2
1979-09-08,1979-80:de.1:44:KFC Uerdingen:Fortuna Düsseldorf,de.1,1979-80,KFC Uerdingen,Fortuna Düsseldorf,3,1
1979-09-08,1979-80:de.1:45:VfL Bochum:Bayern München,de.1,1979-80,VfL Bochum,Bayern München,0,1
1979-09-15,1979-80:de.1:46:Hamburger SV:1. FC Kaiserslautern,de.1,1979-80,Hamburger SV,1. FC Kaiserslautern,1,0
1979-09-15,1979-80:de.1:47:Bayer 04 Leverkusen:1. FC Köln,de.1,1979-80,Bayer 04 Leverkusen,1. FC Köln,1,1
1979-09-15,1979-80:de.1:48:Eintracht Braunschweig:Werder Bremen,de.1,1979-80,Eintracht Braunschweig,Werder Bremen,1,2
1979-09-15,1979-80:de.1:49:VfB Stuttgart:KFC Uerdingen,de.1,1979-80,VfB Stuttgart,KFC Uerdingen,2,0
1979-09-15,1979-80:de.1:50:Fortuna Düsseldorf:TSV 1860 München,de.1,1979-80,Fortuna Düsseldorf,TSV 1860 München,4,0
1979-09-15,1979-80:de.1:51:Borussia Dortmund:VfL Bochum,de.1,1979-80,Borussia Dortmund,VfL Bochum,2,2
1979-09-15,1979-80:de.1:52:Bayern München:Hertha BSC,de.1,1979-80,Bayern München,Hertha BSC,1,1
1979-09-15,1979-80:de.1:53:Bor. Mönchengladbach:MSV Duisburg,de.1,1979-80,Bor. Mönchengladbach,MSV Duisburg,6,0
1979-09-15,1979-80:de.1:54:FC Schalke 04:Eintracht Frankfurt,de.1,1979-80,FC Schalke 04,Eintracht Frankfurt,1,0
1979-09-21,1979-80:de.1:55:Werder Bremen:Bayer 04 Leverkusen,de.1,1979-80,Werder Bremen,Bayer 04 Leverkusen,1,1
1979-09-22,1979-80:de.1:56:1. FC Köln:FC Schalke 04,de.1,1979-80,1. FC Köln,FC Schalke 04,3,1
1979-09-22,1979-80:de.1:57:Eintracht Frankfurt:Hamburger SV,de.1,1979-80,Eintracht Frankfurt,Hamburger SV,3,2
1979-09-22,1979-80:de.1:58:1. FC Kaiserslautern:Bor. Mönchengladbach,de.1,1979-80,1. FC Kaiserslautern,Bor. Mönchengladbach,4,2
1979-09-22,1979-80:de.1:59:MSV Duisburg:Bayern München,de.1,1979-80,MSV Duisburg,Bayern München,1,2
1979-09-22,1979-80:de.1:60:Borussia Dortmund:Fortuna Düsseldorf,de.1,1979-80,Borussia Dortmund,Fortuna Düsseldorf,5,3
1979-09-22,1979-80:de.1:61:TSV 1860 München:VfB Stuttgart,de.1,1979-80,TSV 1860 München,VfB Stuttgart,1,1
1979-09-22,1979-80:de.1:62:KFC Uerdingen:Eintracht Braunschweig,de.1,1979-80,KFC Uerdingen,Eintracht Braunschweig,2,1
1979-09-22,1979-80:de.1:63:VfL Bochum:Hertha BSC,de.1,1979-80,VfL Bochum,Hertha BSC,2,1
1979-10-05,1979-80:de.1:64:Bayer 04 Leverkusen:KFC Uerdingen,de.1,1979-80,Bayer 04 Leverkusen,KFC Uerdingen,1,1
1979-10-05,1979-80:de.1:65:Hertha BSC:MSV Duisburg,de.1,1979-80,Hertha BSC,MSV Duisburg,0,1
1979-10-06,1979-80:de.1:66:Hamburger SV:1. FC Köln,de.1,1979-80,Hamburger SV,1. FC Köln,3,0
1979-10-06,1979-80:de.1:67:Eintracht Braunschweig:TSV 1860 München,de.1,1979-80,Eintracht Braunschweig,TSV 1860 München,0,0
1979-10-06,1979-80:de.1:68:VfB Stuttgart:Borussia Dortmund,de.1,1979-80,VfB Stuttgart,Borussia Dortmund,1,2
1979-10-06,1979-80:de.1:69:Fortuna Düsseldorf:VfL Bochum,de.1,1979-80,Fortuna Düsseldorf,VfL Bochum,1,4
1979-10-06,1979-80:de.1:70:Bayern München:1. FC Kaiserslautern,de.1,1979-80,Bayern München,1. FC Kaiserslautern,2,0
1979-10-06,1979-80:de.1:71:Bor. Mönchengladbach:Eintracht Frankfurt,de.1,1979-80,Bor. Mönchengladbach,Eintracht Frankfurt,4,1
1979-10-06,1979-80:de.1:72:FC Schalke 04:Werder Bremen,de.1,1979-80,FC Schalke 04,Werder Bremen,3,0
1979-10-19,1979-80:de.1:73:Borussia Dortmund:Eintracht Braunschweig,de.1,1979-80,Borussia Dortmund,Eintracht Braunschweig,2,0
1979-10-20,1979-80:de.1:74:Werder Bremen:Hamburger SV,de.1,1979-80,Werder Bremen,Hamburger SV,1,1
1979-10-20,1979-80:de.1:75:1. FC Köln:Bor. Mönchengladbach,de.1,1979-80,1. FC Köln,Bor. Mönchengladbach,4,4
1979-10-20,1979-80:de.1:76:Eintracht Frankfurt:Bayern München,de.1,1979-80,Eintracht Frankfurt,Bayern München,3,2
1979-10-20,1979-80:de.1:77:1. FC Kaiserslautern:Hertha BSC,de.1,1979-80,1. FC Kaiserslautern,Hertha BSC,4,0
1979-10-20,1979-80:de.1:78:Fortuna Düsseldorf:VfB Stuttgart,de.1,1979-80,Fortuna Düsseldorf,VfB Stuttgart,6,2
1979-10-20,1979-80:de.1:79:TSV 1860 München:Bayer 04 Leverkusen,de.1,1979-80,TSV 1860 München,Bayer 04 Leverkusen,2,2
1979-10-20,1979-80:de.1:80:KFC Uerdingen:FC Schalke 04,de.1,1979-80,KFC Uerdingen,FC Schalke 04,1,4
1979-10-20,1979-80:de.1:81:VfL Bochum:MSV Duisburg,de.1,1979-80,VfL Bochum,MSV Duisburg,3,0
1979-10-26,1979-80:de.1:82:Bayer 04 Leverkusen:Borussia Dortmund,de.1,1979-80,Bayer 04 Leverkusen,Borussia Dortmund,2,1
1979-10-27,1979-80:de.1:83:Hamburger SV:KFC Uerdingen,de.1,1979-80,Hamburger SV,KFC Uerdingen,2,2
1979-10-27,1979-80:de.1:84:Eintracht Braunschweig:Fortuna Düsseldorf,de.1,1979-80,Eintracht Braunschweig,Fortuna Düsseldorf,2,3
1979-10-27,1979-80:de.1:85:VfB Stuttgart:VfL Bochum,de.1,1979-80,VfB Stuttgart,VfL Bochum,1,3
1979-10-27,1979-80:de.1:86:MSV Duisburg:1. FC Kaiserslautern,de.1,1979-80,MSV Duisburg,1. FC Kaiserslautern,1,1
1979-10-27,1979-80:de.1:87:Hertha BSC:Eintracht Frankfurt,de.1,1979-80,Hertha BSC,Eintracht Frankfurt,1,0
1979-10-27,1979-80:de.1:88:Bayern München:1. FC Köln,de.1,1979-80,Bayern München,1. FC Köln,1,2
1979-10-27,1979-80:de.1:89:Bor. Mönchengladbach:Werder Bremen,de.1,1979-80,Bor. Mönchengladbach,Werder Bremen,2,1
1979-10-27,1979-80:de.1:90:FC Schalke 04:TSV 1860 München,de.1,1979-80,FC Schalke 04,TSV 1860 München,3,0
1979-11-02,1979-80:de.1:91:VfL Bochum:1. FC Kaiserslautern,de.1,1979-80,VfL Bochum,1. FC Kaiserslautern,0,0
1979-11-03,1979-80:de.1:92:VfB Stuttgart:Eintracht Braunschweig,de.1,1979-80,VfB Stuttgart,Eintracht Braunschweig,2,0
1979-11-03,1979-80:de.1:93:1. FC Köln:Hertha BSC,de.1,1979-80,1. FC Köln,Hertha BSC,2,2
1979-11-03,1979-80:de.1:94:Eintracht Frankfurt:MSV Duisburg,de.1,1979-80,Eintracht Frankfurt,MSV Duisburg,6,0
1979-11-03,1979-80:de.1:95:KFC Uerdingen:Bor. Mönchengladbach,de.1,1979-80,KFC Uerdingen,Bor. Mönchengladbach,0,1
1979-11-03,1979-80:de.1:96:Fortuna Düsseldorf:Bayer 04 Leverkusen,de.1,1979-80,Fortuna Düsseldorf,Bayer 04 Leverkusen,1,1
1979-11-03,1979-80:de.1:97:Borussia Dortmund:FC Schalke 04,de.1,1979-80,Borussia Dortmund,FC Schalke 04,2,1
1979-11-03,1979-80:de.1:98:TSV 1860 München:Hamburger SV,de.1,1979-80,TSV 1860 München,Hamburger SV,0,2
1979-11-03,1979-80:de.1:99:Werder Bremen:Bayern München,de.1,1979-80,Werder Bremen,Bayern München,1,4
1979-11-10,1979-80:de.1:100:Bayer 04 Leverkusen:VfB Stuttgart,de.1,1979-80,Bayer 04 Leverkusen,VfB Stuttgart,1,3
1979-11-10,1979-80:de.1:101:Hamburger SV:Borussia Dortmund,de.1,1979-80,Hamburger SV,Borussia Dortmund,4,0
1979-11-10,1979-80:de.1:102:Eintracht Braunschweig:VfL Bochum,de.1,1979-80,Eintracht Braunschweig,VfL Bochum,3,0
1979-11-10,1979-80:de.1:103:1. FC Kaiserslautern:Eintracht Frankfurt,de.1,1979-80,1. FC Kaiserslautern,Eintracht Frankfurt,0,1
1979-11-10,1979-80:de.1:104:MSV Duisburg:1. FC Köln,de.1,1979-80,MSV Duisburg,1. FC Köln,0,2
1979-11-10,1979-80:de.1:105:Hertha BSC:Werder Bremen,de.1,1979-80,Hertha BSC,Werder Bremen,0,0
1979-11-10,1979-80:de.1:106:Bayern München:KFC Uerdingen,de.1,1979-80,Bayern München,KFC Uerdingen,3,0
1979-11-10,1979-80:de.1:107:Bor. Mönchengladbach:TSV 1860 München,de.1,1979-80,Bor. Mönchengladbach,TSV 1860 München,1,1
1979-11-10,1979-80:de.1:108:FC Schalke 04:Fortuna Düsseldorf,de.1,1979-80,FC Schalke 04,Fortuna Düsseldorf,2,2
1979-11-16,1979-80:de.1:109:Werder Bremen:MSV Duisburg,de.1,1979-80,Werder Bremen,MSV Duisburg,2,1
1979-11-16,1979-80:de.1:110:Borussia Dortmund:Bor. Mönchengladbach,de.1,1979-80,Borussia Dortmund,Bor. Mönchengladbach,1,1
1979-11-17,1979-80:de.1:111:1. FC Köln:1. FC Kaiserslautern,de.1,1979-80,1. FC Köln,1. FC Kaiserslautern,2,0
1979-11-17,1979-80:de.1:112:Eintracht Braunschweig:Bayer 04 Leverkusen,de.1,1979-80,Eintracht Braunschweig,Bayer 04 Leverkusen,3,1
1979-11-17,1979-80:de.1:113:VfB Stuttgart:FC Schalke 04,de.1,1979-80,VfB Stuttgart,FC Schalke 04,0,0
1979-11-17,1979-80:de.1:114:Fortuna Düsseldorf:Hamburger SV,de.1,1979-80,Fortuna Düsseldorf,Hamburger SV,1,1
1979-11-17,1979-80:de.1:115:TSV 1860 München:Bayern München,de.1,1979-80,TSV 1860 München,Bayern München,1,2
1979-11-17,1979-80:de.1:116:KFC Uerdingen:Hertha BSC,de.1,1979-80,KFC Uerdingen,Hertha BSC,3,1
1979-11-17,1979-80:de.1:117:VfL Bochum:Eintracht Frankfurt,de.1,1979-80,VfL Bochum,Eintracht Frankfurt,1,0
1979-11-23,1979-80:de.1:118:Bayer 04 Leverkusen:VfL Bochum,de.1,1979-80,Bayer 04 Leverkusen,VfL Bochum,3,1
1979-11-23,1979-80:de.1:119:1. FC Kaiserslautern:Werder Bremen,de.1,1979-80,1. FC Kaiserslautern,Werder Bremen,3,1
1979-11-24,1979-80:de.1:120:MSV Duisburg:KFC Uerdingen,de.1,1979-80,MSV Duisburg,KFC Uerdingen,2,2
1979-11-24,1979-80:de.1:121:Eintracht Frankfurt:1. FC Köln,de.1,1979-80,Eintracht Frankfurt,1. FC Köln,3,0
1979-11-24,1979-80:de.1:122:FC Schalke 04:Eintracht Braunschweig,de.1,1979-80,FC Schalke 04,Eintracht Braunschweig,1,0
1979-11-24,1979-80:de.1:123:Hertha BSC:TSV 1860 München,de.1,1979-80,Hertha BSC,TSV 1860 München,1,1
1979-11-24,1979-80:de.1:124:Bayern München:Borussia Dortmund,de.1,1979-80,Bayern München,Borussia Dortmund,4,2
1979-11-24,1979-80:de.1:125:Bor. Mönchengladbach:Fortuna Düsseldorf,de.1,1979-80,Bor. Mönchengladbach,Fortuna Düsseldorf,2,1
1979-11-24,1979-80:de.1:126:Hamburger SV:VfB Stuttgart,de.1,1979-80,Hamburger SV,VfB Stuttgart,3,2
1979-11-30,1979-80:de.1:127:1. FC Köln:VfL Bochum,de.1,1979-80,1. FC Köln,VfL Bochum,2,1
1979-12-01,1979-80:de.1:128:Werder Bremen:Eintracht Frankfurt,de.1,1979-80,Werder Bremen,Eintracht Frankfurt,4,3
1979-12-01,1979-80:de.1:129:Eintracht Braunschweig:Hamburger SV,de.1,1979-80,Eintracht Braunschweig,Hamburger SV,1,1
1979-12-01,1979-80:de.1:130:VfB Stuttgart:Bor. Mönchengladbach,de.1,1979-80,VfB Stuttgart,Bor. Mönchengladbach,4,0
1979-12-01,1979-80:de.1:131:Fortuna Düsseldorf:Bayern München,de.1,1979-80,Fortuna Düsseldorf,Bayern München,0,3
1979-12-01,1979-80:de.1:132:Borussia Dortmund:Hertha BSC,de.1,1979-80,Borussia Dortmund,Hertha BSC,4,1
1979-12-01,1979-80:de.1:133:TSV 1860 München:MSV Duisburg,de.1,1979-80,TSV 1860 München,MSV Duisburg,2,1
1979-12-01,1979-80:de.1:134:KFC Uerdingen:1. FC Kaiserslautern,de.1,1979-80,KFC Uerdingen,1. FC Kaiserslautern,3,2
1979-12-01,1979-80:de.1:135:FC Schalke 04:Bayer 04 Leverkusen,de.1,1979-80,FC Schalke 04,Bayer 04 Leverkusen,0,2
1979-12-08,1979-80:de.1:136:Hamburger SV:Bayer 04 Leverkusen,de.1,1979-80,Hamburger SV,Bayer 04 Leverkusen,3,0
1979-12-08,1979-80:de.1:137:1. FC Köln:Werder Bremen,de.1,1979-80,1. FC Köln,Werder Bremen,4,1
1979-12-08,1979-80:de.1:138:Eintracht Frankfurt:KFC Uerdingen,de.1,1979-80,Eintracht Frankfurt,KFC Uerdingen,2,0
1979-12-08,1979-80:de.1:139:1. FC Kaiserslautern:TSV 1860 München,de.1,1979-80,1. FC Kaiserslautern,TSV 1860 München,3,1
1979-12-08,1979-80:de.1:140:MSV Duisburg:Borussia Dortmund,de.1,1979-80,MSV Duisburg,Borussia Dortmund,1,0
1979-12-08,1979-80:de.1:141:Hertha BSC:Fortuna Düsseldorf,de.1,1979-80,Hertha BSC,Fortuna Düsseldorf,3,0
1979-12-08,1979-80:de.1:142:Bayern München:VfB Stuttgart,de.1,1979-80,Bayern München,VfB Stuttgart,4,0
1979-12-08,1979-80:de.1:143:Bor. Mönchengladbach:Eintracht Braunschweig,de.1,1979-80,Bor. Mönchengladbach,Eintracht Braunschweig,1,1
1979-12-08,1979-80:de.1:144:VfL Bochum:FC Schalke 04,de.1,1979-80,VfL Bochum,FC Schalke 04,0,0
1979-12-14,1979-80:de.1:145:Werder Bremen:VfL Bochum,de.1,1979-80,Werder Bremen,VfL Bochum,2,0
1979-12-15,1979-80:de.1:146:Bayer 04 Leverkusen:Bor. Mönchengladbach,de.1,1979-80,Bayer 04 Leverkusen,Bor. Mönchengladbach,0,0
1979-12-15,1979-80:de.1:147:Eintracht Braunschweig:Bayern München,de.1,1979-80,Eintracht Braunschweig,Bayern München,1,1
1979-12-15,1979-80:de.1:148:VfB Stuttgart:Hertha BSC,de.1,1979-80,VfB Stuttgart,Hertha BSC,5,0
1979-12-15,1979-80:de.1:149:Fortuna Düsseldorf:MSV Duisburg,de.1,1979-80,Fortuna Düsseldorf,MSV Duisburg,1,0
1979-12-15,1979-80:de.1:150:Borussia Dortmund:1. FC Kaiserslautern,de.1,1979-80,Borussia Dortmund,1. FC Kaiserslautern,6,2
1979-12-15,1979-80:de.1:151:TSV 1860 München:Eintracht Frankfurt,de.1,1979-80,TSV 1860 München,Eintracht Frankfurt,2,1
1979-12-15,1979-80:de.1:152:KFC Uerdingen:1. FC Köln,de.1,1979-80,KFC Uerdingen,1. FC Köln,1,3
1979-12-15,1979-80:de.1:153:FC Schalke 04:Hamburger SV,de.1,1979-80,FC Schalke 04,Hamburger SV,1,0
1980-01-19,1979-80:de.1:154:Fortuna Düsseldorf:1. FC Kaiserslautern,de.1,1979-80,Fortuna Düsseldorf,1. FC Kaiserslautern,6,1
1980-01-19,1979-80:de.1:155:KFC Uerdingen:Werder Bremen,de.1,1979-80,KFC Uerdingen,Werder Bremen,2,0
1980-01-19,1979-80:de.1:156:TSV 1860 München:1. FC Köln,de.1,1979-80,TSV 1860 München,1. FC Köln,1,1
1980-01-19,1979-80:de.1:157:Borussia Dortmund:Eintracht Frankfurt,de.1,1979-80,Borussia Dortmund,Eintracht Frankfurt,0,1
1980-01-19,1979-80:de.1:158:VfB Stuttgart:MSV Duisburg,de.1,1979-80,VfB Stuttgart,MSV Duisburg,2,0
1980-01-19,1979-80:de.1:159:Eintracht Braunschweig:Hertha BSC,de.1,1979-80,Eintracht Braunschweig,Hertha BSC,3,1
1980-01-19,1979-80:de.1:160:Bayer 04 Leverkusen:Bayern München,de.1,1979-80,Bayer 04 Leverkusen,Bayern München,1,0
1980-01-19,1979-80:de.1:161:FC Schalke 04:Bor. Mönchengladbach,de.1,1979-80,FC Schalke 04,Bor. Mönchengladbach,1,0
1980-01-19,1979-80:de.1:162:Hamburger SV:VfL Bochum,de.1,1979-80,Hamburger SV,VfL Bochum,3,1
1980-01-26,1979-80:de.1:163:Bor. Mönchengladbach:Hamburger SV,de.1,1979-80,Bor. Mönchengladbach,Hamburger SV,2,2
1980-01-26,1979-80:de.1:164:Hertha BSC:Bayer 04 Leverkusen,de.1,1979-80,Hertha BSC,Bayer 04 Leverkusen,3,0
1980-01-26,1979-80:de.1:165:MSV Duisburg:Eintracht Braunschweig,de.1,1979-80,MSV Duisburg,Eintracht Braunschweig,0,0
1980-01-26,1979-80:de.1:166:1. FC Kaiserslautern:VfB Stuttgart,de.1,1979-80,1. FC Kaiserslautern,VfB Stuttgart,2,1
1980-01-26,1979-80:de.1:167:Eintracht Frankfurt:Fortuna Düsseldorf,de.1,1979-80,Eintracht Frankfurt,Fortuna Düsseldorf,1,2
1980-01-26,1979-80:de.1:168:1. FC Köln:Borussia Dortmund,de.1,1979-80,1. FC Köln,Borussia Dortmund,4,1
1980-01-26,1979-80:de.1:169:Werder Bremen:TSV 1860 München,de.1,1979-80,Werder Bremen,TSV 1860 München,4,6
1980-01-26,1979-80:de.1:170:VfL Bochum:KFC Uerdingen,de.1,1979-80,VfL Bochum,KFC Uerdingen,1,0
1980-01-26,1979-80:de.1:171:Bayern München:FC Schalke 04,de.1,1979-80,Bayern München,FC Schalke 04,3,1
1980-02-02,1979-80:de.1:172:Borussia Dortmund:Werder Bremen,de.1,1979-80,Borussia Dortmund,Werder Bremen,5,0
1980-02-02,1979-80:de.1:173:Fortuna Düsseldorf:1. FC Köln,de.1,1979-80,Fortuna Düsseldorf,1. FC Köln,3,6
1980-02-02,1979-80:de.1:174:VfB Stuttgart:Eintracht Frankfurt,de.1,1979-80,VfB Stuttgart,Eintracht Frankfurt,4,2
1980-02-02,1979-80:de.1:175:Eintracht Braunschweig:1. FC Kaiserslautern,de.1,1979-80,Eintracht Braunschweig,1. FC Kaiserslautern,0,1
1980-02-02,1979-80:de.1:176:Bayer 04 Leverkusen:MSV Duisburg,de.1,1979-80,Bayer 04 Leverkusen,MSV Duisburg,2,2
1980-02-02,1979-80:de.1:177:FC Schalke 04:Hertha BSC,de.1,1979-80,FC Schalke 04,Hertha BSC,1,0
1980-02-02,1979-80:de.1:178:Hamburger SV:Bayern München,de.1,1979-80,Hamburger SV,Bayern München,3,1
1980-02-02,1979-80:de.1:179:TSV 1860 München:KFC Uerdingen,de.1,1979-80,TSV 1860 München,KFC Uerdingen,4,0
1980-02-02,1979-80:de.1:180:Bor. Mönchengladbach:VfL Bochum,de.1,1979-80,Bor. Mönchengladbach,VfL Bochum,3,2
1980-02-09,1979-80:de.1:181:1. FC Kaiserslautern:Bayer 04 Leverkusen,de.1,1979-80,1. FC Kaiserslautern,Bayer 04 Leverkusen,4,0
1980-02-09,1979-80:de.1:182:Eintracht Frankfurt:Eintracht Braunschweig,de.1,1979-80,Eintracht Frankfurt,Eintracht Braunschweig,7,2
1980-02-09,1979-80:de.1:183:1. FC Köln:VfB Stuttgart,de.1,1979-80,1. FC Köln,VfB Stuttgart,2,2
1980-02-09,1979-80:de.1:184:KFC Uerdingen:Borussia Dortmund,de.1,1979-80,KFC Uerdingen,Borussia Dortmund,3,0
1980-02-09,1979-80:de.1:185:VfL Bochum:TSV 1860 München,de.1,1979-80,VfL Bochum,TSV 1860 München,2,0
1980-02-09,1979-80:de.1:186:Bayern München:Bor. Mönchengladbach,de.1,1979-80,Bayern München,Bor. Mönchengladbach,3,1
1980-02-09,1979-80:de.1:187:MSV Duisburg:FC Schalke 04,de.1,1979-80,MSV Duisburg,FC Schalke 04,1,2
1980-02-22,1979-80:de.1:188:Bayer 04 Leverkusen:Eintracht Frankfurt,de.1,1979-80,Bayer 04 Leverkusen,Eintracht Frankfurt,2,1
1980-02-23,1979-80:de.1:189:Borussia Dortmund:TSV 1860 München,de.1,1979-80,Borussia Dortmund,TSV 1860 München,0,0
1980-02-23,1979-80:de.1:190:Hamburger SV:MSV Duisburg,de.1,1979-80,Hamburger SV,MSV Duisburg,1,2
1980-02-23,1979-80:de.1:191:Eintracht Braunschweig:1. FC Köln,de.1,1979-80,Eintracht Braunschweig,1. FC Köln,2,1
1980-02-23,1979-80:de.1:192:Fortuna Düsseldorf:KFC Uerdingen,de.1,1979-80,Fortuna Düsseldorf,KFC Uerdingen,3,1
1980-02-23,1979-80:de.1:193:VfB Stuttgart:Werder Bremen,de.1,1979-80,VfB Stuttgart,Werder Bremen,5,1
1980-02-23,1979-80:de.1:194:Bayern München:VfL Bochum,de.1,1979-80,Bayern München,VfL Bochum,3,0
1980-02-23,1979-80:de.1:195:FC Schalke 04:1. FC Kaiserslautern,de.1,1979-80,FC Schalke 04,1. FC Kaiserslautern,2,1
1980-02-23,1979-80:de.1:196:Bor. Mönchengladbach:Hertha BSC,de.1,1979-80,Bor. Mönchengladbach,Hertha BSC,4,1
1980-03-01,1979-80:de.1:197:1. FC Kaiserslautern:Hamburger SV,de.1,1979-80,1. FC Kaiserslautern,Hamburger SV,4,2
1980-03-01,1979-80:de.1:198:VfL Bochum:Borussia Dortmund,de.1,1979-80,VfL Bochum,Borussia Dortmund,2,2
1980-03-01,1979-80:de.1:199:TSV 1860 München:Fortuna Düsseldorf,de.1,1979-80,TSV 1860 München,Fortuna Düsseldorf,2,0
1980-03-01,1979-80:de.1:200:MSV Duisburg:Bor. Mönchengladbach,de.1,1979-80,MSV Duisburg,Bor. Mönchengladbach,3,0
1980-03-01,1979-80:de.1:201:Hertha BSC:Bayern München,de.1,1979-80,Hertha BSC,Bayern München,1,1
1980-03-01,1979-80:de.1:202:1. FC Köln:Bayer 04 Leverkusen,de.1,1979-80,1. FC Köln,Bayer 04 Leverkusen,4,0
1980-03-01,1979-80:de.1:203:Werder Bremen:Eintracht Braunschweig,de.1,1979-80,Werder Bremen,Eintracht Braunschweig,4,0
1980-03-01,1979-80:de.1:204:KFC Uerdingen:VfB Stuttgart,de.1,1979-80,KFC Uerdingen,VfB Stuttgart,4,2
1980-03-01,1979-80:de.1:205:Eintracht Frankfurt:FC Schalke 04,de.1,1979-80,Eintracht Frankfurt,FC Schalke 04,3,2
1980-03-04,1979-80:de.1:206:Werder Bremen:Fortuna Düsseldorf,de.1,1979-80,Werder Bremen,Fortuna Düsseldorf,4,1
1980-03-07,1979-80:de.1:207:Bayer 04 Leverkusen:Werder Bremen,de.1,1979-80,Bayer 04 Leverkusen,Werder Bremen,4,0
1980-03-08,1979-80:de.1:208:FC Schalke 04:1. FC Köln,de.1,1979-80,FC Schalke 04,1. FC Köln,1,1
1980-03-08,1979-80:de.1:209:Hamburger SV:Eintracht Frankfurt,de.1,1979-80,Hamburger SV,Eintracht Frankfurt,5,0
1980-03-08,1979-80:de.1:210:VfB Stuttgart:TSV 1860 München,de.1,1979-80,VfB Stuttgart,TSV 1860 München,1,1
1980-03-08,1979-80:de.1:211:Eintracht Braunschweig:KFC Uerdingen,de.1,1979-80,Eintracht Braunschweig,KFC Uerdingen,1,1
1980-03-08,1979-80:de.1:212:Bayern München:MSV Duisburg,de.1,1979-80,Bayern München,MSV Duisburg,3,1
1980-03-08,1979-80:de.1:213:Hertha BSC:VfL Bochum,de.1,1979-80,Hertha BSC,VfL Bochum,1,0
1980-03-08,1979-80:de.1:214:Fortuna Düsseldorf:Borussia Dortmund,de.1,1979-80,Fortuna Düsseldorf,Borussia Dortmund,2,1
1980-03-08,1979-80:de.1:215:Bor. Mönchengladbach:1. FC Kaiserslautern,de.1,1979-80,Bor. Mönchengladbach,1. FC Kaiserslautern,0,3
1980-03-14,1979-80:de.1:216:VfL Bochum:Fortuna Düsseldorf,de.1,1979-80,VfL Bochum,Fortuna Düsseldorf,0,0
1980-03-14,1979-80:de.1:217:Werder Bremen:FC Schalke 04,de.1,1979-80,Werder Bremen,FC Schalke 04,4,0
1980-03-15,1979-80:de.1:218:1. FC Kaiserslautern:Bayern München,de.1,1979-80,1. FC Kaiserslautern,Bayern München,1,1
1980-03-15,1979-80:de.1:219:TSV 1860 München:Eintracht Braunschweig,de.1,1979-80,TSV 1860 München,Eintracht Braunschweig,2,0
1980-03-15,1979-80:de.1:220:MSV Duisburg:Hertha BSC,de.1,1979-80,MSV Duisburg,Hertha BSC,2,2
1980-03-15,1979-80:de.1:221:KFC Uerdingen:Bayer 04 Leverkusen,de.1,1979-80,KFC Uerdingen,Bayer 04 Leverkusen,2,0
1980-03-15,1979-80:de.1:222:Eintracht Frankfurt:Bor. Mönchengladbach,de.1,1979-80,Eintracht Frankfurt,Bor. Mönchengladbach,5,2
1980-03-15,1979-80:de.1:223:Borussia Dortmund:VfB Stuttgart,de.1,1979-80,Borussia Dortmund,VfB Stuttgart,2,4
1980-03-15,1979-80:de.1:224:1. FC Köln:Hamburger SV,de.1,1979-80,1. FC Köln,Hamburger SV,2,3
1980-03-21,1979-80:de.1:225:MSV Duisburg:VfL Bochum,de.1,1979-80,MSV Duisburg,VfL Bochum,0,1
1980-03-22,1979-80:de.1:226:Bor. Mönchengladbach:1. FC Köln,de.1,1979-80,Bor. Mönchengladbach,1. FC Köln,2,2
1980-03-22,1979-80:de.1:227:Bayern München:Eintracht Frankfurt,de.1,1979-80,Bayern München,Eintracht Frankfurt,2,0
1980-03-22,1979-80:de.1:228:Hamburger SV:Werder Bremen,de.1,1979-80,Hamburger SV,Werder Bremen,5,0
1980-03-22,1979-80:de.1:229:Bayer 04 Leverkusen:TSV 1860 München,de.1,1979-80,Bayer 04 Leverkusen,TSV 1860 München,1,0
1980-03-22,1979-80:de.1:230:FC Schalke 04:KFC Uerdingen,de.1,1979-80,FC Schalke 04,KFC Uerdingen,1,2
1980-03-22,1979-80:de.1:231:Hertha BSC:1. FC Kaiserslautern,de.1,1979-80,Hertha BSC,1. FC Kaiserslautern,0,2
1980-03-22,1979-80:de.1:232:VfB Stuttgart:Fortuna Düsseldorf,de.1,1979-80,VfB Stuttgart,Fortuna Düsseldorf,5,1
1980-03-22,1979-80:de.1:233:Eintracht Braunschweig:Borussia Dortmund,de.1,1979-80,Eintracht Braunschweig,Borussia Dortmund,1,0
1980-03-28,1979-80:de.1:234:Borussia Dortmund:Bayer 04 Leverkusen,de.1,1979-80,Borussia Dortmund,Bayer 04 Leverkusen,2,1
1980-03-28,1979-80:de.1:235:1. FC Kaiserslautern:MSV Duisburg,de.1,1979-80,1. FC Kaiserslautern,MSV Duisburg,4,2
1980-03-28,1979-80:de.1:236:Werder Bremen:Bor. Mönchengladbach,de.1,1979-80,Werder Bremen,Bor. Mönchengladbach,4,2
1980-03-29,1979-80:de.1:237:VfL Bochum:VfB Stuttgart,de.1,1979-80,VfL Bochum,VfB Stuttgart,0,1
1980-03-29,1979-80:de.1:238:Eintracht Frankfurt:Hertha BSC,de.1,1979-80,Eintracht Frankfurt,Hertha BSC,0,4
1980-03-29,1979-80:de.1:239:KFC Uerdingen:Hamburger SV,de.1,1979-80,KFC Uerdingen,Hamburger SV,0,3
1980-03-29,1979-80:de.1:240:Fortuna Düsseldorf:Eintracht Braunschweig,de.1,1979-80,Fortuna Düsseldorf,Eintracht Braunschweig,3,2
1980-03-29,1979-80:de.1:241:1. FC Köln:Bayern München,de.1,1979-80,1. FC Köln,Bayern München,2,4
1980-03-29,1979-80:de.1:242:TSV 1860 München:FC Schalke 04,de.1,1979-80,TSV 1860 München,FC Schalke 04,3,0
1980-04-05,1979-80:de.1:243:Hertha BSC:Hamburger SV,de.1,1979-80,Hertha BSC,Hamburger SV,0,6
1980-04-11,1979-80:de.1:244:Bayer 04 Leverkusen:Fortuna Düsseldorf,de.1,1979-80,Bayer 04 Leverkusen,Fortuna Düsseldorf,0,0
1980-04-11,1979-80:de.1:245:1. FC Kaiserslautern:VfL Bochum,de.1,1979-80,1. FC Kaiserslautern,VfL Bochum,4,1
1980-04-12,1979-80:de.1:246:Bayern München:Werder Bremen,de.1,1979-80,Bayern München,Werder Bremen,7,0
1980-04-12,1979-80:de.1:247:Hertha BSC:1. FC Köln,de.1,1979-80,Hertha BSC,1. FC Köln,1,0
1980-04-12,1979-80:de.1:248:MSV Duisburg:Eintracht Frankfurt,de.1,1979-80,MSV Duisburg,Eintracht Frankfurt,1,0
1980-04-12,1979-80:de.1:249:Eintracht Braunschweig:VfB Stuttgart,de.1,1979-80,Eintracht Braunschweig,VfB Stuttgart,0,2
1980-04-12,1979-80:de.1:250:FC Schalke 04:Borussia Dortmund,de.1,1979-80,FC Schalke 04,Borussia Dortmund,2,2
1980-04-12,1979-80:de.1:251:Hamburger SV:TSV 1860 München,de.1,1979-80,Hamburger SV,TSV 1860 München,6,1
1980-04-12,1979-80:de.1:252:Bor. Mönchengladbach:KFC Uerdingen,de.1,1979-80,Bor. Mönchengladbach,KFC Uerdingen,3,2
1980-04-18,1979-80:de.1:253:VfL Bochum:Eintracht Braunschweig,de.1,1979-80,VfL Bochum,Eintracht Braunschweig,2,1
1980-04-18,1979-80:de.1:254:Werder Bremen:Hertha BSC,de.1,1979-80,Werder Bremen,Hertha BSC,1,0
1980-04-19,1979-80:de.1:255:Borussia Dortmund:Hamburger SV,de.1,1979-80,Borussia Dortmund,Hamburger SV,2,2
1980-04-19,1979-80:de.1:256:VfB Stuttgart:Bayer 04 Leverkusen,de.1,1979-80,VfB Stuttgart,Bayer 04 Leverkusen,3,2
1980-04-19,1979-80:de.1:257:Eintracht Frankfurt:1. FC Kaiserslautern,de.1,1979-80,Eintracht Frankfurt,1. FC Kaiserslautern,3,5
1980-04-19,1979-80:de.1:258:1. FC Köln:MSV Duisburg,de.1,1979-80,1. FC Köln,MSV Duisburg,2,3
1980-04-19,1979-80:de.1:259:KFC Uerdingen:Bayern München,de.1,1979-80,KFC Uerdingen,Bayern München,1,3
1980-04-19,1979-80:de.1:260:TSV 1860 München:Bor. Mönchengladbach,de.1,1979-80,TSV 1860 München,Bor. Mönchengladbach,0,0
1980-04-19,1979-80:de.1:261:Fortuna Düsseldorf:FC Schalke 04,de.1,1979-80,Fortuna Düsseldorf,FC Schalke 04,4,1
1980-04-25,1979-80:de.1:262:MSV Duisburg:Werder Bremen,de.1,1979-80,MSV Duisburg,Werder Bremen,4,1
1980-04-26,1979-80:de.1:263:1. FC Kaiserslautern:1. FC Köln,de.1,1979-80,1. FC Kaiserslautern,1. FC Köln,2,0
1980-04-26,1979-80:de.1:264:Bayer 04 Leverkusen:Eintracht Braunschweig,de.1,1979-80,Bayer 04 Leverkusen,Eintracht Braunschweig,3,1
1980-04-26,1979-80:de.1:265:FC Schalke 04:VfB Stuttgart,de.1,1979-80,FC Schalke 04,VfB Stuttgart,0,4
1980-04-26,1979-80:de.1:266:Hamburger SV:Fortuna Düsseldorf,de.1,1979-80,Hamburger SV,Fortuna Düsseldorf,1,0
1980-04-26,1979-80:de.1:267:Bor. Mönchengladbach:Borussia Dortmund,de.1,1979-80,Bor. Mönchengladbach,Borussia Dortmund,2,2
1980-04-26,1979-80:de.1:268:Hertha BSC:KFC Uerdingen,de.1,1979-80,Hertha BSC,KFC Uerdingen,3,0
1980-04-26,1979-80:de.1:269:Eintracht Frankfurt:VfL Bochum,de.1,1979-80,Eintracht Frankfurt,VfL Bochum,0,1
1980-05-02,1979-80:de.1:270:KFC Uerdingen:MSV Duisburg,de.1,1979-80,KFC Uerdingen,MSV Duisburg,1,1
1980-05-02,1979-80:de.1:271:Fortuna Düsseldorf:Bor. Mönchengladbach,de.1,1979-80,Fortuna Düsseldorf,Bor. Mönchengladbach,1,4
1980-05-02,1979-80:de.1:272:VfL Bochum:Bayer 04 Leverkusen,de.1,1979-80,VfL Bochum,Bayer 04 Leverkusen,4,2
1980-05-03,1979-80:de.1:273:Werder Bremen:1. FC Kaiserslautern,de.1,1979-80,Werder Bremen,1. FC Kaiserslautern,2,4
1980-05-03,1979-80:de.1:274:TSV 1860 München:Hertha BSC,de.1,1979-80,TSV 1860 München,Hertha BSC,0,1
1980-05-03,1979-80:de.1:275:VfB Stuttgart:Hamburger SV,de.1,1979-80,VfB Stuttgart,Hamburger SV,2,2
1980-05-03,1979-80:de.1:276:1. FC Köln:Eintracht Frankfurt,de.1,1979-80,1. FC Köln,Eintracht Frankfurt,2,2
1980-05-03,1979-80:de.1:277:Borussia Dortmund:Bayern München,de.1,1979-80,Borussia Dortmund,Bayern München,1,0
1980-05-03,1979-80:de.1:278:Eintracht Braunschweig:FC Schalke 04,de.1,1979-80,Eintracht Braunschweig,FC Schalke 04,1,1
1980-05-10,1979-80:de.1:279:Bayern München:TSV 1860 München,de.1,1979-80,Bayern München,TSV 1860 München,6,1
1980-05-16,1979-80:de.1:280:Hamburger SV:Eintracht Braunschweig,de.1,1979-80,Hamburger SV,Eintracht Braunschweig,2,0
1980-05-16,1979-80:de.1:281:Hertha BSC:Borussia Dortmund,de.1,1979-80,Hertha BSC,Borussia Dortmund,3,2
1980-05-16,1979-80:de.1:282:1. FC Kaiserslautern:KFC Uerdingen,de.1,1979-80,1. FC Kaiserslautern,KFC Uerdingen,4,0
1980-05-17,1979-80:de.1:283:Eintracht Frankfurt:Werder Bremen,de.1,1979-80,Eintracht Frankfurt,Werder Bremen,3,2
1980-05-17,1979-80:de.1:284:VfL Bochum:1. FC Köln,de.1,1979-80,VfL Bochum,1. FC Köln,2,0
1980-05-17,1979-80:de.1:285:Bor. Mönchengladbach:VfB Stuttgart,de.1,1979-80,Bor. Mönchengladbach,VfB Stuttgart,1,1
1980-05-17,1979-80:de.1:286:Bayern München:Fortuna Düsseldorf,de.1,1979-80,Bayern München,Fortuna Düsseldorf,6,0
1980-05-17,1979-80:de.1:287:MSV Duisburg:TSV 1860 München,de.1,1979-80,MSV Duisburg,TSV 1860 München,1,0
1980-05-17,1979-80:de.1:288:Bayer 04 Leverkusen:FC Schalke 04,de.1,1979-80,Bayer 04 Leverkusen,FC Schalke 04,2,0
1980-05-24,1979-80:de.1:289:Bayer 04 Leverkusen:Hamburger SV,de.1,1979-80,Bayer 04 Leverkusen,Hamburger SV,2,1
1980-05-24,1979-80:de.1:290:Werder Bremen:1. FC Köln,de.1,1979-80,Werder Bremen,1. FC Köln,0,5
1980-05-24,1979-80:de.1:291:KFC Uerdingen:Eintracht Frankfurt,de.1,1979-80,KFC Uerdingen,Eintracht Frankfurt,3,2
1980-05-24,1979-80:de.1:292:TSV 1860 München:1. FC Kaiserslautern,de.1,1979-80,TSV 1860 München,1. FC Kaiserslautern,3,2
1980-05-24,1979-80:de.1:293:Borussia Dortmund:MSV Duisburg,de.1,1979-80,Borussia Dortmund,MSV Duisburg,3,1
1980-05-24,1979-80:de.1:294:Fortuna Düsseldorf:Hertha BSC,de.1,1979-80,Fortuna Düsseldorf,Hertha BSC,4,0
1980-05-24,1979-80:de.1:295:VfB Stuttgart:Bayern München,de.1,1979-80,VfB Stuttgart,Bayern München,1,3
1980-05-24,1979-80:de.1:296:Eintracht Braunschweig:Bor. Mönchengladbach,de.1,1979-80,Eintracht Braunschweig,Bor. Mönchengladbach,0,3
1980-05-24,1979-80:de.1:297:FC Schalke 04:VfL Bochum,de.1,1979-80,FC Schalke 04,VfL Bochum,1,0
1980-05-31,1979-80:de.1:298:VfL Bochum:Werder Bremen,de.1,1979-80,VfL Bochum,Werder Bremen,5,2
1980-05-31,1979-80:de.1:299:Bor. Mönchengladbach:Bayer 04 Leverkusen,de.1,1979-80,Bor. Mönchengladbach,Bayer 04 Leverkusen,4,2
1980-05-31,1979-80:de.1:300:Bayern München:Eintracht Braunschweig,de.1,1979-80,Bayern München,Eintracht Braunschweig,2,1
1980-05-31,1979-80:de.1:301:Hertha BSC:VfB Stuttgart,de.1,1979-80,Hertha BSC,VfB Stuttgart,4,2
1980-05-31,1979-80:de.1:302:MSV Duisburg:Fortuna Düsseldorf,de.1,1979-80,MSV Duisburg,Fortuna Düsseldorf,0,2
1980-05-31,1979-80:de.1:303:1. FC Kaiserslautern:Borussia Dortmund,de.1,1979-80,1. FC Kaiserslautern,Borussia Dortmund,2,2
1980-05-31,1979-80:de.1:304:Eintracht Frankfurt:TSV 1860 München,de.1,1979-80,Eintracht Frankfurt,TSV 1860 München,1,1
1980-05-31,1979-80:de.1:305:1. FC Köln:KFC Uerdingen,de.1,1979-80,1. FC Köln,KFC Uerdingen,1,0
1980-05-31,1979-80:de.1:306:Hamburger SV:FC Schalke 04,de.1,1979-80,Hamburger SV,FC Schalke 04,4,0
1980-08-15,1980-81:de.1:1:Bayer 04 Leverkusen:1. FC Kaiserslautern,de.1,1980-81,Bayer 04 Leverkusen,1. FC Kaiserslautern,0,1
1980-08-15,1980-81:de.1:2:Borussia Dortmund:KFC Uerdingen,de.1,1980-81,Borussia Dortmund,KFC Uerdingen,2,1
1980-08-16,1980-81:de.1:3:TSV 1860 München:VfL Bochum,de.1,1980-81,TSV 1860 München,VfL Bochum,2,2
1980-08-16,1980-81:de.1:4:Hamburger SV:MSV Duisburg,de.1,1980-81,Hamburger SV,MSV Duisburg,0,0
1980-08-16,1980-81:de.1:5:VfB Stuttgart:1. FC Nürnberg,de.1,1980-81,VfB Stuttgart,1. FC Nürnberg,2,1
1980-08-16,1980-81:de.1:6:Arminia Bielefeld:1. FC Köln,de.1,1980-81,Arminia Bielefeld,1. FC Köln,2,5
1980-08-16,1980-81:de.1:7:FC Schalke 04:Eintracht Frankfurt,de.1,1980-81,FC Schalke 04,Eintracht Frankfurt,1,4
1980-08-16,1980-81:de.1:8:Fortuna Düsseldorf:Bor. Mönchengladbach,de.1,1980-81,Fortuna Düsseldorf,Bor. Mönchengladbach,2,1
1980-08-16,1980-81:de.1:9:Karlsruher SC:Bayern München,de.1,1980-81,Karlsruher SC,Bayern München,0,3
1980-08-19,1980-81:de.1:10:Bor. Mönchengladbach:FC Schalke 04,de.1,1980-81,Bor. Mönchengladbach,FC Schalke 04,3,1
1980-08-19,1980-81:de.1:11:MSV Duisburg:TSV 1860 München,de.1,1980-81,MSV Duisburg,TSV 1860 München,1,0
1980-08-19,1980-81:de.1:12:Bayern München:Borussia Dortmund,de.1,1980-81,Bayern München,Borussia Dortmund,5,3
1980-08-19,1980-81:de.1:13:Eintracht Frankfurt:Arminia Bielefeld,de.1,1980-81,Eintracht Frankfurt,Arminia Bielefeld,2,0
1980-08-19,1980-81:de.1:14:KFC Uerdingen:Fortuna Düsseldorf,de.1,1980-81,KFC Uerdingen,Fortuna Düsseldorf,0,1
1980-08-20,1980-81:de.1:15:VfL Bochum:Karlsruher SC,de.1,1980-81,VfL Bochum,Karlsruher SC,0,0
1980-08-20,1980-81:de.1:16:1. FC Köln:Bayer 04 Leverkusen,de.1,1980-81,1. FC Köln,Bayer 04 Leverkusen,1,1
1980-08-20,1980-81:de.1:17:1. FC Kaiserslautern:VfB Stuttgart,de.1,1980-81,1. FC Kaiserslautern,VfB Stuttgart,1,0
1980-08-20,1980-81:de.1:18:1. FC Nürnberg:Hamburger SV,de.1,1980-81,1. FC Nürnberg,Hamburger SV,2,3
1980-08-23,1980-81:de.1:19:TSV 1860 München:1. FC Nürnberg,de.1,1980-81,TSV 1860 München,1. FC Nürnberg,2,4
1980-08-23,1980-81:de.1:20:Hamburger SV:1. FC Kaiserslautern,de.1,1980-81,Hamburger SV,1. FC Kaiserslautern,3,2
1980-08-23,1980-81:de.1:21:VfB Stuttgart:1. FC Köln,de.1,1980-81,VfB Stuttgart,1. FC Köln,3,0
1980-08-23,1980-81:de.1:22:Bayer 04 Leverkusen:Eintracht Frankfurt,de.1,1980-81,Bayer 04 Leverkusen,Eintracht Frankfurt,3,2
1980-08-23,1980-81:de.1:23:Arminia Bielefeld:Bor. Mönchengladbach,de.1,1980-81,Arminia Bielefeld,Bor. Mönchengladbach,2,3
1980-08-23,1980-81:de.1:24:FC Schalke 04:KFC Uerdingen,de.1,1980-81,FC Schalke 04,KFC Uerdingen,3,1
1980-08-23,1980-81:de.1:25:Fortuna Düsseldorf:Bayern München,de.1,1980-81,Fortuna Düsseldorf,Bayern München,3,0
1980-08-23,1980-81:de.1:26:VfL Bochum:MSV Duisburg,de.1,1980-81,VfL Bochum,MSV Duisburg,1,1
1980-08-23,1980-81:de.1:27:Karlsruher SC:Borussia Dortmund,de.1,1980-81,Karlsruher SC,Borussia Dortmund,1,1
1980-09-02,1980-81:de.1:28:Bor. Mönchengladbach:Bayer 04 Leverkusen,de.1,1980-81,Bor. Mönchengladbach,Bayer 04 Leverkusen,1,0
1980-09-02,1980-81:de.1:29:1. FC Kaiserslautern:TSV 1860 München,de.1,1980-81,1. FC Kaiserslautern,TSV 1860 München,3,2
1980-09-02,1980-81:de.1:30:MSV Duisburg:Karlsruher SC,de.1,1980-81,MSV Duisburg,Karlsruher SC,2,2
1980-09-02,1980-81:de.1:31:Borussia Dortmund:Fortuna Düsseldorf,de.1,1980-81,Borussia Dortmund,Fortuna Düsseldorf,2,1
1980-09-03,1980-81:de.1:32:Bayern München:FC Schalke 04,de.1,1980-81,Bayern München,FC Schalke 04,5,1
1980-09-03,1980-81:de.1:33:Eintracht Frankfurt:VfB Stuttgart,de.1,1980-81,Eintracht Frankfurt,VfB Stuttgart,2,1
1980-09-03,1980-81:de.1:34:1. FC Köln:Hamburger SV,de.1,1980-81,1. FC Köln,Hamburger SV,0,3
1980-09-03,1980-81:de.1:35:1. FC Nürnberg:VfL Bochum,de.1,1980-81,1. FC Nürnberg,VfL Bochum,0,2
1980-09-03,1980-81:de.1:36:KFC Uerdingen:Arminia Bielefeld,de.1,1980-81,KFC Uerdingen,Arminia Bielefeld,2,2
1980-09-05,1980-81:de.1:37:VfL Bochum:1. FC Kaiserslautern,de.1,1980-81,VfL Bochum,1. FC Kaiserslautern,0,0
1980-09-06,1980-81:de.1:38:Bayer 04 Leverkusen:KFC Uerdingen,de.1,1980-81,Bayer 04 Leverkusen,KFC Uerdingen,4,1
1980-09-06,1980-81:de.1:39:Hamburger SV:Eintracht Frankfurt,de.1,1980-81,Hamburger SV,Eintracht Frankfurt,3,1
1980-09-06,1980-81:de.1:40:VfB Stuttgart:Bor. Mönchengladbach,de.1,1980-81,VfB Stuttgart,Bor. Mönchengladbach,4,2
1980-09-06,1980-81:de.1:41:Karlsruher SC:Fortuna Düsseldorf,de.1,1980-81,Karlsruher SC,Fortuna Düsseldorf,3,0
1980-09-06,1980-81:de.1:42:Arminia Bielefeld:Bayern München,de.1,1980-81,Arminia Bielefeld,Bayern München,1,2
1980-09-06,1980-81:de.1:43:FC Schalke 04:Borussia Dortmund,de.1,1980-81,FC Schalke 04,Borussia Dortmund,1,2
1980-09-06,1980-81:de.1:44:MSV Duisburg:1. FC Nürnberg,de.1,1980-81,MSV Duisburg,1. FC Nürnberg,2,0
1980-09-06,1980-81:de.1:45:TSV 1860 München:1. FC Köln,de.1,1980-81,TSV 1860 München,1. FC Köln,2,1
1980-09-12,1980-81:de.1:46:1. FC Kaiserslautern:MSV Duisburg,de.1,1980-81,1. FC Kaiserslautern,MSV Duisburg,1,1
1980-09-12,1980-81:de.1:47:Fortuna Düsseldorf:FC Schalke 04,de.1,1980-81,Fortuna Düsseldorf,FC Schalke 04,3,3
1980-09-13,1980-81:de.1:48:Bayern München:Bayer 04 Leverkusen,de.1,1980-81,Bayern München,Bayer 04 Leverkusen,3,0
1980-09-13,1980-81:de.1:49:Bor. Mönchengladbach:Hamburger SV,de.1,1980-81,Bor. Mönchengladbach,Hamburger SV,2,2
1980-09-13,1980-81:de.1:50:Eintracht Frankfurt:TSV 1860 München,de.1,1980-81,Eintracht Frankfurt,TSV 1860 München,2,1
1980-09-13,1980-81:de.1:51:1. FC Köln:VfL Bochum,de.1,1980-81,1. FC Köln,VfL Bochum,2,2
1980-09-13,1980-81:de.1:52:1. FC Nürnberg:Karlsruher SC,de.1,1980-81,1. FC Nürnberg,Karlsruher SC,5,0
1980-09-13,1980-81:de.1:53:Borussia Dortmund:Arminia Bielefeld,de.1,1980-81,Borussia Dortmund,Arminia Bielefeld,5,0
1980-09-13,1980-81:de.1:54:KFC Uerdingen:VfB Stuttgart,de.1,1980-81,KFC Uerdingen,VfB Stuttgart,3,3
1980-09-20,1980-81:de.1:55:TSV 1860 München:Bor. Mönchengladbach,de.1,1980-81,TSV 1860 München,Bor. Mönchengladbach,0,0
1980-09-20,1980-81:de.1:56:Hamburger SV:KFC Uerdingen,de.1,1980-81,Hamburger SV,KFC Uerdingen,2,1
1980-09-20,1980-81:de.1:57:VfB Stuttgart:Bayern München,de.1,1980-81,VfB Stuttgart,Bayern München,1,2
1980-09-20,1980-81:de.1:58:Bayer 04 Leverkusen:Borussia Dortmund,de.1,1980-81,Bayer 04 Leverkusen,Borussia Dortmund,4,1
1980-09-20,1980-81:de.1:59:Arminia Bielefeld:Fortuna Düsseldorf,de.1,1980-81,Arminia Bielefeld,Fortuna Düsseldorf,3,0
1980-09-20,1980-81:de.1:60:1. FC Nürnberg:1. FC Kaiserslautern,de.1,1980-81,1. FC Nürnberg,1. FC Kaiserslautern,0,4
1980-09-20,1980-81:de.1:61:MSV Duisburg:1. FC Köln,de.1,1980-81,MSV Duisburg,1. FC Köln,3,4
1980-09-20,1980-81:de.1:62:VfL Bochum:Eintracht Frankfurt,de.1,1980-81,VfL Bochum,Eintracht Frankfurt,2,0
1980-09-20,1980-81:de.1:63:Karlsruher SC:FC Schalke 04,de.1,1980-81,Karlsruher SC,FC Schalke 04,3,2
1980-09-26,1980-81:de.1:64:Bor. Mönchengladbach:VfL Bochum,de.1,1980-81,Bor. Mönchengladbach,VfL Bochum,2,1
1980-09-26,1980-81:de.1:65:FC Schalke 04:Arminia Bielefeld,de.1,1980-81,FC Schalke 04,Arminia Bielefeld,2,2
1980-09-27,1980-81:de.1:66:Bayern München:Hamburger SV,de.1,1980-81,Bayern München,Hamburger SV,2,1
1980-09-27,1980-81:de.1:67:Eintracht Frankfurt:MSV Duisburg,de.1,1980-81,Eintracht Frankfurt,MSV Duisburg,2,1
1980-09-27,1980-81:de.1:68:1. FC Köln:1. FC Nürnberg,de.1,1980-81,1. FC Köln,1. FC Nürnberg,2,2
1980-09-27,1980-81:de.1:69:1. FC Kaiserslautern:Karlsruher SC,de.1,1980-81,1. FC Kaiserslautern,Karlsruher SC,1,0
1980-09-27,1980-81:de.1:70:Fortuna Düsseldorf:Bayer 04 Leverkusen,de.1,1980-81,Fortuna Düsseldorf,Bayer 04 Leverkusen,4,3
1980-09-27,1980-81:de.1:71:Borussia Dortmund:VfB Stuttgart,de.1,1980-81,Borussia Dortmund,VfB Stuttgart,3,3
1980-09-27,1980-81:de.1:72:KFC Uerdingen:TSV 1860 München,de.1,1980-81,KFC Uerdingen,TSV 1860 München,0,3
1980-10-14,1980-81:de.1:73:TSV 1860 München:Bayern München,de.1,1980-81,TSV 1860 München,Bayern München,1,3
1980-10-14,1980-81:de.1:74:Hamburger SV:Borussia Dortmund,de.1,1980-81,Hamburger SV,Borussia Dortmund,2,1
1980-10-14,1980-81:de.1:75:Karlsruher SC:Arminia Bielefeld,de.1,1980-81,Karlsruher SC,Arminia Bielefeld,2,1
1980-10-15,1980-81:de.1:76:VfB Stuttgart:Fortuna Düsseldorf,de.1,1980-81,VfB Stuttgart,Fortuna Düsseldorf,4,2
1980-10-15,1980-81:de.1:77:Bayer 04 Leverkusen:FC Schalke 04,de.1,1980-81,Bayer 04 Leverkusen,FC Schalke 04,4,0
1980-10-15,1980-81:de.1:78:1. FC Kaiserslautern:1. FC Köln,de.1,1980-81,1. FC Kaiserslautern,1. FC Köln,5,1
1980-10-15,1980-81:de.1:79:1. FC Nürnberg:Eintracht Frankfurt,de.1,1980-81,1. FC Nürnberg,Eintracht Frankfurt,1,4
1980-10-15,1980-81:de.1:80:MSV Duisburg:Bor. Mönchengladbach,de.1,1980-81,MSV Duisburg,Bor. Mönchengladbach,4,0
1980-10-15,1980-81:de.1:81:VfL Bochum:KFC Uerdingen,de.1,1980-81,VfL Bochum,KFC Uerdingen,2,2
1980-10-18,1980-81:de.1:82:Bayern München:VfL Bochum,de.1,1980-81,Bayern München,VfL Bochum,3,1
1980-10-18,1980-81:de.1:83:Bor. Mönchengladbach:1. FC Nürnberg,de.1,1980-81,Bor. Mönchengladbach,1. FC Nürnberg,1,4
1980-10-18,1980-81:de.1:84:Eintracht Frankfurt:1. FC Kaiserslautern,de.1,1980-81,Eintracht Frankfurt,1. FC Kaiserslautern,3,2
1980-10-18,1980-81:de.1:85:1. FC Köln:Karlsruher SC,de.1,1980-81,1. FC Köln,Karlsruher SC,4,0
1980-10-18,1980-81:de.1:86:Arminia Bielefeld:Bayer 04 Leverkusen,de.1,1980-81,Arminia Bielefeld,Bayer 04 Leverkusen,1,1
1980-10-18,1980-81:de.1:87:FC Schalke 04:VfB Stuttgart,de.1,1980-81,FC Schalke 04,VfB Stuttgart,3,2
1980-10-18,1980-81:de.1:88:Fortuna Düsseldorf:Hamburger SV,de.1,1980-81,Fortuna Düsseldorf,Hamburger SV,2,3
1980-10-18,1980-81:de.1:89:Borussia Dortmund:TSV 1860 München,de.1,1980-81,Borussia Dortmund,TSV 1860 München,4,1
1980-10-18,1980-81:de.1:90:KFC Uerdingen:MSV Duisburg,de.1,1980-81,KFC Uerdingen,MSV Duisburg,4,1
1980-10-24,1980-81:de.1:91:1. FC Nürnberg:KFC Uerdingen,de.1,1980-81,1. FC Nürnberg,KFC Uerdingen,0,0
1980-10-25,1980-81:de.1:92:TSV 1860 München:Fortuna Düsseldorf,de.1,1980-81,TSV 1860 München,Fortuna Düsseldorf,4,3
1980-10-25,1980-81:de.1:93:Hamburger SV:FC Schalke 04,de.1,1980-81,Hamburger SV,FC Schalke 04,7,1
1980-10-25,1980-81:de.1:94:VfB Stuttgart:Arminia Bielefeld,de.1,1980-81,VfB Stuttgart,Arminia Bielefeld,2,1
1980-10-25,1980-81:de.1:95:1. FC Köln:Eintracht Frankfurt,de.1,1980-81,1. FC Köln,Eintracht Frankfurt,5,0
1980-10-25,1980-81:de.1:96:1. FC Kaiserslautern:Bor. Mönchengladbach,de.1,1980-81,1. FC Kaiserslautern,Bor. Mönchengladbach,3,2
1980-10-25,1980-81:de.1:97:MSV Duisburg:Bayern München,de.1,1980-81,MSV Duisburg,Bayern München,0,1
1980-10-25,1980-81:de.1:98:VfL Bochum:Borussia Dortmund,de.1,1980-81,VfL Bochum,Borussia Dortmund,0,2
1980-10-25,1980-81:de.1:99:Karlsruher SC:Bayer 04 Leverkusen,de.1,1980-81,Karlsruher SC,Bayer 04 Leverkusen,1,1
1980-10-29,1980-81:de.1:100:Fortuna Düsseldorf:VfL Bochum,de.1,1980-81,Fortuna Düsseldorf,VfL Bochum,1,1
1980-10-31,1980-81:de.1:101:FC Schalke 04:TSV 1860 München,de.1,1980-81,FC Schalke 04,TSV 1860 München,1,0
1980-10-31,1980-81:de.1:102:Arminia Bielefeld:Hamburger SV,de.1,1980-81,Arminia Bielefeld,Hamburger SV,0,2
1980-10-31,1980-81:de.1:103:KFC Uerdingen:1. FC Kaiserslautern,de.1,1980-81,KFC Uerdingen,1. FC Kaiserslautern,1,0
1980-10-31,1980-81:de.1:104:Borussia Dortmund:MSV Duisburg,de.1,1980-81,Borussia Dortmund,MSV Duisburg,5,1
1980-10-31,1980-81:de.1:105:Bayern München:1. FC Nürnberg,de.1,1980-81,Bayern München,1. FC Nürnberg,4,2
1980-10-31,1980-81:de.1:106:Bor. Mönchengladbach:1. FC Köln,de.1,1980-81,Bor. Mönchengladbach,1. FC Köln,2,0
1980-10-31,1980-81:de.1:107:Bayer 04 Leverkusen:VfB Stuttgart,de.1,1980-81,Bayer 04 Leverkusen,VfB Stuttgart,1,1
1980-11-01,1980-81:de.1:108:Eintracht Frankfurt:Karlsruher SC,de.1,1980-81,Eintracht Frankfurt,Karlsruher SC,3,3
1980-11-08,1980-81:de.1:109:TSV 1860 München:Arminia Bielefeld,de.1,1980-81,TSV 1860 München,Arminia Bielefeld,2,1
1980-11-08,1980-81:de.1:110:Hamburger SV:Bayer 04 Leverkusen,de.1,1980-81,Hamburger SV,Bayer 04 Leverkusen,2,0
1980-11-08,1980-81:de.1:111:Eintracht Frankfurt:Bor. Mönchengladbach,de.1,1980-81,Eintracht Frankfurt,Bor. Mönchengladbach,2,1
1980-11-08,1980-81:de.1:112:1. FC Köln:KFC Uerdingen,de.1,1980-81,1. FC Köln,KFC Uerdingen,3,0
1980-11-08,1980-81:de.1:113:1. FC Kaiserslautern:Bayern München,de.1,1980-81,1. FC Kaiserslautern,Bayern München,4,2
1980-11-08,1980-81:de.1:114:1. FC Nürnberg:Borussia Dortmund,de.1,1980-81,1. FC Nürnberg,Borussia Dortmund,2,0
1980-11-08,1980-81:de.1:115:Karlsruher SC:VfB Stuttgart,de.1,1980-81,Karlsruher SC,VfB Stuttgart,0,0
1980-11-11,1980-81:de.1:116:VfL Bochum:FC Schalke 04,de.1,1980-81,VfL Bochum,FC Schalke 04,5,1
1980-11-15,1980-81:de.1:117:Bayern München:1. FC Köln,de.1,1980-81,Bayern München,1. FC Köln,1,1
1980-11-15,1980-81:de.1:118:Fortuna Düsseldorf:1. FC Nürnberg,de.1,1980-81,Fortuna Düsseldorf,1. FC Nürnberg,2,2
1980-11-15,1980-81:de.1:119:Borussia Dortmund:1. FC Kaiserslautern,de.1,1980-81,Borussia Dortmund,1. FC Kaiserslautern,2,2
1980-11-15,1980-81:de.1:120:Bor. Mönchengladbach:Karlsruher SC,de.1,1980-81,Bor. Mönchengladbach,Karlsruher SC,3,3
1980-11-15,1980-81:de.1:121:VfB Stuttgart:Hamburger SV,de.1,1980-81,VfB Stuttgart,Hamburger SV,3,2
1980-11-15,1980-81:de.1:122:Bayer 04 Leverkusen:TSV 1860 München,de.1,1980-81,Bayer 04 Leverkusen,TSV 1860 München,1,1
1980-11-15,1980-81:de.1:123:Arminia Bielefeld:VfL Bochum,de.1,1980-81,Arminia Bielefeld,VfL Bochum,3,3
1980-11-15,1980-81:de.1:124:FC Schalke 04:MSV Duisburg,de.1,1980-81,FC Schalke 04,MSV Duisburg,2,2
1980-11-15,1980-81:de.1:125:KFC Uerdingen:Eintracht Frankfurt,de.1,1980-81,KFC Uerdingen,Eintracht Frankfurt,4,1
1980-11-25,1980-81:de.1:126:MSV Duisburg:Fortuna Düsseldorf,de.1,1980-81,MSV Duisburg,Fortuna Düsseldorf,2,1
1980-11-28,1980-81:de.1:127:VfL Bochum:Bayer 04 Leverkusen,de.1,1980-81,VfL Bochum,Bayer 04 Leverkusen,1,1
1980-11-29,1980-81:de.1:128:TSV 1860 München:VfB Stuttgart,de.1,1980-81,TSV 1860 München,VfB Stuttgart,0,0
1980-11-29,1980-81:de.1:129:Hamburger SV:Karlsruher SC,de.1,1980-81,Hamburger SV,Karlsruher SC,3,1
1980-11-29,1980-81:de.1:130:Eintracht Frankfurt:Bayern München,de.1,1980-81,Eintracht Frankfurt,Bayern München,0,0
1980-11-29,1980-81:de.1:131:1. FC Köln:Borussia Dortmund,de.1,1980-81,1. FC Köln,Borussia Dortmund,2,1
1980-11-29,1980-81:de.1:132:1. FC Kaiserslautern:Fortuna Düsseldorf,de.1,1980-81,1. FC Kaiserslautern,Fortuna Düsseldorf,3,0
1980-11-29,1980-81:de.1:133:1. FC Nürnberg:FC Schalke 04,de.1,1980-81,1. FC Nürnberg,FC Schalke 04,2,0
1980-11-29,1980-81:de.1:134:MSV Duisburg:Arminia Bielefeld,de.1,1980-81,MSV Duisburg,Arminia Bielefeld,1,1
1980-11-29,1980-81:de.1:135:KFC Uerdingen:Bor. Mönchengladbach,de.1,1980-81,KFC Uerdingen,Bor. Mönchengladbach,2,0
1980-12-06,1980-81:de.1:136:Bayern München:Bor. Mönchengladbach,de.1,1980-81,Bayern München,Bor. Mönchengladbach,4,0
1980-12-06,1980-81:de.1:137:VfB Stuttgart:VfL Bochum,de.1,1980-81,VfB Stuttgart,VfL Bochum,4,1
1980-12-06,1980-81:de.1:138:Bayer 04 Leverkusen:MSV Duisburg,de.1,1980-81,Bayer 04 Leverkusen,MSV Duisburg,1,1
1980-12-06,1980-81:de.1:139:Arminia Bielefeld:1. FC Nürnberg,de.1,1980-81,Arminia Bielefeld,1. FC Nürnberg,0,2
1980-12-06,1980-81:de.1:140:Fortuna Düsseldorf:1. FC Köln,de.1,1980-81,Fortuna Düsseldorf,1. FC Köln,0,0
1980-12-06,1980-81:de.1:141:Borussia Dortmund:Eintracht Frankfurt,de.1,1980-81,Borussia Dortmund,Eintracht Frankfurt,2,1
1980-12-09,1980-81:de.1:142:FC Schalke 04:1. FC Kaiserslautern,de.1,1980-81,FC Schalke 04,1. FC Kaiserslautern,0,2
1980-12-12,1980-81:de.1:143:Bor. Mönchengladbach:Borussia Dortmund,de.1,1980-81,Bor. Mönchengladbach,Borussia Dortmund,1,0
1980-12-13,1980-81:de.1:144:TSV 1860 München:Karlsruher SC,de.1,1980-81,TSV 1860 München,Karlsruher SC,4,2
1980-12-13,1980-81:de.1:145:1. FC Köln:FC Schalke 04,de.1,1980-81,1. FC Köln,FC Schalke 04,0,2
1980-12-13,1980-81:de.1:146:1. FC Nürnberg:Bayer 04 Leverkusen,de.1,1980-81,1. FC Nürnberg,Bayer 04 Leverkusen,1,1
1980-12-13,1980-81:de.1:147:KFC Uerdingen:Bayern München,de.1,1980-81,KFC Uerdingen,Bayern München,2,2
1980-12-13,1980-81:de.1:148:1. FC Kaiserslautern:Arminia Bielefeld,de.1,1980-81,1. FC Kaiserslautern,Arminia Bielefeld,1,3
1980-12-13,1980-81:de.1:149:Eintracht Frankfurt:Fortuna Düsseldorf,de.1,1980-81,Eintracht Frankfurt,Fortuna Düsseldorf,2,2
1980-12-13,1980-81:de.1:150:MSV Duisburg:VfB Stuttgart,de.1,1980-81,MSV Duisburg,VfB Stuttgart,0,3
1980-12-13,1980-81:de.1:151:VfL Bochum:Hamburger SV,de.1,1980-81,VfL Bochum,Hamburger SV,0,3
1980-12-16,1980-81:de.1:152:Hamburger SV:TSV 1860 München,de.1,1980-81,Hamburger SV,TSV 1860 München,4,1
1980-12-16,1980-81:de.1:153:Karlsruher SC:KFC Uerdingen,de.1,1980-81,Karlsruher SC,KFC Uerdingen,3,1
1981-01-17,1980-81:de.1:154:1. FC Nürnberg:VfB Stuttgart,de.1,1980-81,1. FC Nürnberg,VfB Stuttgart,1,2
1981-01-17,1980-81:de.1:155:Bayern München:Karlsruher SC,de.1,1980-81,Bayern München,Karlsruher SC,1,1
1981-01-24,1980-81:de.1:156:VfB Stuttgart:1. FC Kaiserslautern,de.1,1980-81,VfB Stuttgart,1. FC Kaiserslautern,1,0
1981-01-24,1980-81:de.1:157:FC Schalke 04:Bor. Mönchengladbach,de.1,1980-81,FC Schalke 04,Bor. Mönchengladbach,2,2
1981-01-24,1980-81:de.1:158:Arminia Bielefeld:Eintracht Frankfurt,de.1,1980-81,Arminia Bielefeld,Eintracht Frankfurt,1,1
1981-01-24,1980-81:de.1:159:Bayer 04 Leverkusen:1. FC Köln,de.1,1980-81,Bayer 04 Leverkusen,1. FC Köln,1,1
1981-01-24,1980-81:de.1:160:TSV 1860 München:MSV Duisburg,de.1,1980-81,TSV 1860 München,MSV Duisburg,1,3
1981-01-24,1980-81:de.1:161:Karlsruher SC:VfL Bochum,de.1,1980-81,Karlsruher SC,VfL Bochum,0,0
1981-01-24,1980-81:de.1:162:Fortuna Düsseldorf:KFC Uerdingen,de.1,1980-81,Fortuna Düsseldorf,KFC Uerdingen,4,2
1981-01-24,1980-81:de.1:163:Hamburger SV:1. FC Nürnberg,de.1,1980-81,Hamburger SV,1. FC Nürnberg,1,0
1981-01-27,1980-81:de.1:164:VfL Bochum:TSV 1860 München,de.1,1980-81,VfL Bochum,TSV 1860 München,4,1
1981-01-27,1980-81:de.1:165:Bor. Mönchengladbach:Fortuna Düsseldorf,de.1,1980-81,Bor. Mönchengladbach,Fortuna Düsseldorf,2,2
1981-01-27,1980-81:de.1:166:MSV Duisburg:Hamburger SV,de.1,1980-81,MSV Duisburg,Hamburger SV,2,0
1981-01-27,1980-81:de.1:167:Eintracht Frankfurt:FC Schalke 04,de.1,1980-81,Eintracht Frankfurt,FC Schalke 04,5,0
1981-01-28,1980-81:de.1:168:KFC Uerdingen:Borussia Dortmund,de.1,1980-81,KFC Uerdingen,Borussia Dortmund,2,1
1981-01-31,1980-81:de.1:169:1. FC Köln:Arminia Bielefeld,de.1,1980-81,1. FC Köln,Arminia Bielefeld,1,0
1981-02-03,1980-81:de.1:170:Borussia Dortmund:Bayern München,de.1,1980-81,Borussia Dortmund,Bayern München,2,2
1981-02-07,1980-81:de.1:171:Bor. Mönchengladbach:Arminia Bielefeld,de.1,1980-81,Bor. Mönchengladbach,Arminia Bielefeld,4,2
1981-02-07,1980-81:de.1:172:Borussia Dortmund:Karlsruher SC,de.1,1980-81,Borussia Dortmund,Karlsruher SC,3,3
1981-02-07,1980-81:de.1:173:1. FC Kaiserslautern:Hamburger SV,de.1,1980-81,1. FC Kaiserslautern,Hamburger SV,2,2
1981-02-07,1980-81:de.1:174:1. FC Köln:VfB Stuttgart,de.1,1980-81,1. FC Köln,VfB Stuttgart,3,1
1981-02-07,1980-81:de.1:175:Bayern München:Fortuna Düsseldorf,de.1,1980-81,Bayern München,Fortuna Düsseldorf,3,2
1981-02-07,1980-81:de.1:176:MSV Duisburg:VfL Bochum,de.1,1980-81,MSV Duisburg,VfL Bochum,0,3
1981-02-07,1980-81:de.1:177:KFC Uerdingen:FC Schalke 04,de.1,1980-81,KFC Uerdingen,FC Schalke 04,1,3
1981-02-07,1980-81:de.1:178:Eintracht Frankfurt:Bayer 04 Leverkusen,de.1,1980-81,Eintracht Frankfurt,Bayer 04 Leverkusen,2,0
1981-02-14,1980-81:de.1:179:Hamburger SV:1. FC Köln,de.1,1980-81,Hamburger SV,1. FC Köln,2,0
1981-02-14,1980-81:de.1:180:Karlsruher SC:MSV Duisburg,de.1,1980-81,Karlsruher SC,MSV Duisburg,2,0
1981-02-14,1980-81:de.1:181:VfL Bochum:1. FC Nürnberg,de.1,1980-81,VfL Bochum,1. FC Nürnberg,4,0
1981-02-14,1980-81:de.1:182:Arminia Bielefeld:KFC Uerdingen,de.1,1980-81,Arminia Bielefeld,KFC Uerdingen,3,1
1981-02-14,1980-81:de.1:183:FC Schalke 04:Bayern München,de.1,1980-81,FC Schalke 04,Bayern München,2,2
1981-02-14,1980-81:de.1:184:Bayer 04 Leverkusen:Bor. Mönchengladbach,de.1,1980-81,Bayer 04 Leverkusen,Bor. Mönchengladbach,1,5
1981-02-14,1980-81:de.1:185:VfB Stuttgart:Eintracht Frankfurt,de.1,1980-81,VfB Stuttgart,Eintracht Frankfurt,1,1
1981-02-14,1980-81:de.1:186:Fortuna Düsseldorf:Borussia Dortmund,de.1,1980-81,Fortuna Düsseldorf,Borussia Dortmund,2,2
1981-02-14,1980-81:de.1:187:TSV 1860 München:1. FC Kaiserslautern,de.1,1980-81,TSV 1860 München,1. FC Kaiserslautern,1,1
1981-02-21,1980-81:de.1:188:Borussia Dortmund:FC Schalke 04,de.1,1980-81,Borussia Dortmund,FC Schalke 04,2,2
1981-02-21,1980-81:de.1:189:Bayern München:Arminia Bielefeld,de.1,1980-81,Bayern München,Arminia Bielefeld,5,1
1981-02-21,1980-81:de.1:190:Fortuna Düsseldorf:Karlsruher SC,de.1,1980-81,Fortuna Düsseldorf,Karlsruher SC,1,2
1981-02-21,1980-81:de.1:191:1. FC Nürnberg:MSV Duisburg,de.1,1980-81,1. FC Nürnberg,MSV Duisburg,1,0
1981-02-21,1980-81:de.1:192:1. FC Köln:TSV 1860 München,de.1,1980-81,1. FC Köln,TSV 1860 München,4,1
1981-02-21,1980-81:de.1:193:Eintracht Frankfurt:Hamburger SV,de.1,1980-81,Eintracht Frankfurt,Hamburger SV,1,1
1981-02-21,1980-81:de.1:194:KFC Uerdingen:Bayer 04 Leverkusen,de.1,1980-81,KFC Uerdingen,Bayer 04 Leverkusen,3,0
1981-02-28,1980-81:de.1:195:1. FC Nürnberg:TSV 1860 München,de.1,1980-81,1. FC Nürnberg,TSV 1860 München,1,2
1981-03-07,1980-81:de.1:196:MSV Duisburg:1. FC Kaiserslautern,de.1,1980-81,MSV Duisburg,1. FC Kaiserslautern,1,1
1981-03-07,1980-81:de.1:197:VfL Bochum:1. FC Köln,de.1,1980-81,VfL Bochum,1. FC Köln,1,1
1981-03-07,1980-81:de.1:198:TSV 1860 München:Eintracht Frankfurt,de.1,1980-81,TSV 1860 München,Eintracht Frankfurt,0,2
1981-03-07,1980-81:de.1:199:VfB Stuttgart:KFC Uerdingen,de.1,1980-81,VfB Stuttgart,KFC Uerdingen,3,2
1981-03-07,1980-81:de.1:200:Arminia Bielefeld:Borussia Dortmund,de.1,1980-81,Arminia Bielefeld,Borussia Dortmund,1,0
1981-03-07,1980-81:de.1:201:Karlsruher SC:1. FC Nürnberg,de.1,1980-81,Karlsruher SC,1. FC Nürnberg,4,1
1981-03-07,1980-81:de.1:202:Bayer 04 Leverkusen:Bayern München,de.1,1980-81,Bayer 04 Leverkusen,Bayern München,3,0
1981-03-07,1980-81:de.1:203:Hamburger SV:Bor. Mönchengladbach,de.1,1980-81,Hamburger SV,Bor. Mönchengladbach,2,1
1981-03-14,1980-81:de.1:204:Bayern München:VfB Stuttgart,de.1,1980-81,Bayern München,VfB Stuttgart,1,1
1981-03-14,1980-81:de.1:205:Borussia Dortmund:Bayer 04 Leverkusen,de.1,1980-81,Borussia Dortmund,Bayer 04 Leverkusen,5,3
1981-03-14,1980-81:de.1:206:1. FC Kaiserslautern:1. FC Nürnberg,de.1,1980-81,1. FC Kaiserslautern,1. FC Nürnberg,3,1
1981-03-14,1980-81:de.1:207:Bor. Mönchengladbach:TSV 1860 München,de.1,1980-81,Bor. Mönchengladbach,TSV 1860 München,3,2
1981-03-14,1980-81:de.1:208:1. FC Köln:MSV Duisburg,de.1,1980-81,1. FC Köln,MSV Duisburg,1,0
1981-03-14,1980-81:de.1:209:Eintracht Frankfurt:VfL Bochum,de.1,1980-81,Eintracht Frankfurt,VfL Bochum,2,2
1981-03-14,1980-81:de.1:210:FC Schalke 04:Karlsruher SC,de.1,1980-81,FC Schalke 04,Karlsruher SC,1,0
1981-03-14,1980-81:de.1:211:Fortuna Düsseldorf:Arminia Bielefeld,de.1,1980-81,Fortuna Düsseldorf,Arminia Bielefeld,3,1
1981-03-14,1980-81:de.1:212:KFC Uerdingen:Hamburger SV,de.1,1980-81,KFC Uerdingen,Hamburger SV,0,3
1981-03-17,1980-81:de.1:213:1. FC Kaiserslautern:Bayer 04 Leverkusen,de.1,1980-81,1. FC Kaiserslautern,Bayer 04 Leverkusen,3,1
1981-03-21,1980-81:de.1:214:Hamburger SV:Bayern München,de.1,1980-81,Hamburger SV,Bayern München,2,2
1981-03-21,1980-81:de.1:215:Karlsruher SC:1. FC Kaiserslautern,de.1,1980-81,Karlsruher SC,1. FC Kaiserslautern,1,1
1981-03-21,1980-81:de.1:216:Bayer 04 Leverkusen:Fortuna Düsseldorf,de.1,1980-81,Bayer 04 Leverkusen,Fortuna Düsseldorf,2,0
1981-03-21,1980-81:de.1:217:MSV Duisburg:Eintracht Frankfurt,de.1,1980-81,MSV Duisburg,Eintracht Frankfurt,0,0
1981-03-21,1980-81:de.1:218:VfB Stuttgart:Borussia Dortmund,de.1,1980-81,VfB Stuttgart,Borussia Dortmund,3,1
1981-03-21,1980-81:de.1:219:1. FC Nürnberg:1. FC Köln,de.1,1980-81,1. FC Nürnberg,1. FC Köln,2,1
1981-03-21,1980-81:de.1:220:TSV 1860 München:KFC Uerdingen,de.1,1980-81,TSV 1860 München,KFC Uerdingen,4,0
1981-03-21,1980-81:de.1:221:VfL Bochum:Bor. Mönchengladbach,de.1,1980-81,VfL Bochum,Bor. Mönchengladbach,1,1
1981-03-21,1980-81:de.1:222:Arminia Bielefeld:FC Schalke 04,de.1,1980-81,Arminia Bielefeld,FC Schalke 04,1,0
1981-03-24,1980-81:de.1:223:1. FC Kaiserslautern:VfL Bochum,de.1,1980-81,1. FC Kaiserslautern,VfL Bochum,0,0
1981-03-27,1980-81:de.1:224:FC Schalke 04:Bayer 04 Leverkusen,de.1,1980-81,FC Schalke 04,Bayer 04 Leverkusen,3,1
1981-03-27,1980-81:de.1:225:KFC Uerdingen:VfL Bochum,de.1,1980-81,KFC Uerdingen,VfL Bochum,1,0
1981-03-28,1980-81:de.1:226:Eintracht Frankfurt:1. FC Nürnberg,de.1,1980-81,Eintracht Frankfurt,1. FC Nürnberg,3,0
1981-03-28,1980-81:de.1:227:1. FC Köln:1. FC Kaiserslautern,de.1,1980-81,1. FC Köln,1. FC Kaiserslautern,2,2
1981-03-28,1980-81:de.1:228:Bor. Mönchengladbach:MSV Duisburg,de.1,1980-81,Bor. Mönchengladbach,MSV Duisburg,4,1
1981-03-28,1980-81:de.1:229:Arminia Bielefeld:Karlsruher SC,de.1,1980-81,Arminia Bielefeld,Karlsruher SC,4,1
1981-03-28,1980-81:de.1:230:Bayern München:TSV 1860 München,de.1,1980-81,Bayern München,TSV 1860 München,1,1
1981-03-28,1980-81:de.1:231:Fortuna Düsseldorf:VfB Stuttgart,de.1,1980-81,Fortuna Düsseldorf,VfB Stuttgart,3,1
1981-03-28,1980-81:de.1:232:Borussia Dortmund:Hamburger SV,de.1,1980-81,Borussia Dortmund,Hamburger SV,6,2
1981-04-03,1980-81:de.1:233:MSV Duisburg:KFC Uerdingen,de.1,1980-81,MSV Duisburg,KFC Uerdingen,3,2
1981-04-04,1980-81:de.1:234:VfL Bochum:Bayern München,de.1,1980-81,VfL Bochum,Bayern München,1,3
1981-04-04,1980-81:de.1:235:Bayer 04 Leverkusen:Arminia Bielefeld,de.1,1980-81,Bayer 04 Leverkusen,Arminia Bielefeld,2,0
1981-04-04,1980-81:de.1:236:1. FC Nürnberg:Bor. Mönchengladbach,de.1,1980-81,1. FC Nürnberg,Bor. Mönchengladbach,2,0
1981-04-04,1980-81:de.1:237:Karlsruher SC:1. FC Köln,de.1,1980-81,Karlsruher SC,1. FC Köln,1,1
1981-04-04,1980-81:de.1:238:TSV 1860 München:Borussia Dortmund,de.1,1980-81,TSV 1860 München,Borussia Dortmund,0,1
1981-04-04,1980-81:de.1:239:VfB Stuttgart:FC Schalke 04,de.1,1980-81,VfB Stuttgart,FC Schalke 04,3,0
1981-04-04,1980-81:de.1:240:Hamburger SV:Fortuna Düsseldorf,de.1,1980-81,Hamburger SV,Fortuna Düsseldorf,2,1
1981-04-10,1980-81:de.1:241:Borussia Dortmund:VfL Bochum,de.1,1980-81,Borussia Dortmund,VfL Bochum,1,3
1981-04-11,1980-81:de.1:242:Bor. Mönchengladbach:1. FC Kaiserslautern,de.1,1980-81,Bor. Mönchengladbach,1. FC Kaiserslautern,1,0
1981-04-11,1980-81:de.1:243:Arminia Bielefeld:VfB Stuttgart,de.1,1980-81,Arminia Bielefeld,VfB Stuttgart,1,0
1981-04-11,1980-81:de.1:244:Eintracht Frankfurt:1. FC Köln,de.1,1980-81,Eintracht Frankfurt,1. FC Köln,4,0
1981-04-11,1980-81:de.1:245:Bayern München:MSV Duisburg,de.1,1980-81,Bayern München,MSV Duisburg,5,1
1981-04-11,1980-81:de.1:246:KFC Uerdingen:1. FC Nürnberg,de.1,1980-81,KFC Uerdingen,1. FC Nürnberg,3,2
1981-04-11,1980-81:de.1:247:Bayer 04 Leverkusen:Karlsruher SC,de.1,1980-81,Bayer 04 Leverkusen,Karlsruher SC,3,0
1981-04-11,1980-81:de.1:248:FC Schalke 04:Hamburger SV,de.1,1980-81,FC Schalke 04,Hamburger SV,2,1
1981-04-11,1980-81:de.1:249:Fortuna Düsseldorf:TSV 1860 München,de.1,1980-81,Fortuna Düsseldorf,TSV 1860 München,2,1
1981-04-14,1980-81:de.1:250:1. FC Kaiserslautern:Eintracht Frankfurt,de.1,1980-81,1. FC Kaiserslautern,Eintracht Frankfurt,2,0
1981-04-16,1980-81:de.1:251:VfL Bochum:Fortuna Düsseldorf,de.1,1980-81,VfL Bochum,Fortuna Düsseldorf,2,1
1981-04-16,1980-81:de.1:252:1. FC Nürnberg:Bayern München,de.1,1980-81,1. FC Nürnberg,Bayern München,0,1
1981-04-16,1980-81:de.1:253:Hamburger SV:Arminia Bielefeld,de.1,1980-81,Hamburger SV,Arminia Bielefeld,4,1
1981-04-16,1980-81:de.1:254:MSV Duisburg:Borussia Dortmund,de.1,1980-81,MSV Duisburg,Borussia Dortmund,2,1
1981-04-18,1980-81:de.1:255:1. FC Köln:Bor. Mönchengladbach,de.1,1980-81,1. FC Köln,Bor. Mönchengladbach,2,3
1981-04-18,1980-81:de.1:256:TSV 1860 München:FC Schalke 04,de.1,1980-81,TSV 1860 München,FC Schalke 04,3,1
1981-04-18,1980-81:de.1:257:VfB Stuttgart:Bayer 04 Leverkusen,de.1,1980-81,VfB Stuttgart,Bayer 04 Leverkusen,2,1
1981-04-18,1980-81:de.1:258:1. FC Kaiserslautern:KFC Uerdingen,de.1,1980-81,1. FC Kaiserslautern,KFC Uerdingen,4,2
1981-04-18,1980-81:de.1:259:Karlsruher SC:Eintracht Frankfurt,de.1,1980-81,Karlsruher SC,Eintracht Frankfurt,1,1
1981-04-24,1980-81:de.1:260:Bor. Mönchengladbach:VfB Stuttgart,de.1,1980-81,Bor. Mönchengladbach,VfB Stuttgart,1,3
1981-05-08,1980-81:de.1:261:Bor. Mönchengladbach:Eintracht Frankfurt,de.1,1980-81,Bor. Mönchengladbach,Eintracht Frankfurt,2,2
1981-05-08,1980-81:de.1:262:Fortuna Düsseldorf:MSV Duisburg,de.1,1980-81,Fortuna Düsseldorf,MSV Duisburg,0,1
1981-05-09,1980-81:de.1:263:FC Schalke 04:Fortuna Düsseldorf,de.1,1980-81,FC Schalke 04,Fortuna Düsseldorf,0,4
1981-05-09,1980-81:de.1:264:Arminia Bielefeld:TSV 1860 München,de.1,1980-81,Arminia Bielefeld,TSV 1860 München,3,2
1981-05-09,1980-81:de.1:265:Bayer 04 Leverkusen:Hamburger SV,de.1,1980-81,Bayer 04 Leverkusen,Hamburger SV,1,2
1981-05-09,1980-81:de.1:266:KFC Uerdingen:1. FC Köln,de.1,1980-81,KFC Uerdingen,1. FC Köln,0,1
1981-05-09,1980-81:de.1:267:Bayern München:1. FC Kaiserslautern,de.1,1980-81,Bayern München,1. FC Kaiserslautern,3,0
1981-05-09,1980-81:de.1:268:Borussia Dortmund:1. FC Nürnberg,de.1,1980-81,Borussia Dortmund,1. FC Nürnberg,1,0
1981-05-09,1980-81:de.1:269:FC Schalke 04:VfL Bochum,de.1,1980-81,FC Schalke 04,VfL Bochum,0,6
1981-05-09,1980-81:de.1:270:VfB Stuttgart:Karlsruher SC,de.1,1980-81,VfB Stuttgart,Karlsruher SC,5,2
1981-05-15,1980-81:de.1:271:Karlsruher SC:Bor. Mönchengladbach,de.1,1980-81,Karlsruher SC,Bor. Mönchengladbach,3,4
1981-05-15,1980-81:de.1:272:MSV Duisburg:FC Schalke 04,de.1,1980-81,MSV Duisburg,FC Schalke 04,5,1
1981-05-15,1980-81:de.1:273:1. FC Kaiserslautern:Borussia Dortmund,de.1,1980-81,1. FC Kaiserslautern,Borussia Dortmund,1,1
1981-05-16,1980-81:de.1:274:1. FC Köln:Bayern München,de.1,1980-81,1. FC Köln,Bayern München,0,3
1981-05-16,1980-81:de.1:275:Hamburger SV:VfB Stuttgart,de.1,1980-81,Hamburger SV,VfB Stuttgart,1,3
1981-05-16,1980-81:de.1:276:TSV 1860 München:Bayer 04 Leverkusen,de.1,1980-81,TSV 1860 München,Bayer 04 Leverkusen,1,0
1981-05-16,1980-81:de.1:277:VfL Bochum:Arminia Bielefeld,de.1,1980-81,VfL Bochum,Arminia Bielefeld,0,2
1981-05-16,1980-81:de.1:278:1. FC Nürnberg:Fortuna Düsseldorf,de.1,1980-81,1. FC Nürnberg,Fortuna Düsseldorf,2,1
1981-05-16,1980-81:de.1:279:Eintracht Frankfurt:KFC Uerdingen,de.1,1980-81,Eintracht Frankfurt,KFC Uerdingen,2,2
1981-05-29,1980-81:de.1:280:Fortuna Düsseldorf:1. FC Kaiserslautern,de.1,1980-81,Fortuna Düsseldorf,1. FC Kaiserslautern,0,2
1981-05-29,1980-81:de.1:281:Bayer 04 Leverkusen:VfL Bochum,de.1,1980-81,Bayer 04 Leverkusen,VfL Bochum,2,0
1981-05-30,1980-81:de.1:282:Bayern München:Eintracht Frankfurt,de.1,1980-81,Bayern München,Eintracht Frankfurt,7,2
1981-05-30,1980-81:de.1:283:Karlsruher SC:Hamburger SV,de.1,1980-81,Karlsruher SC,Hamburger SV,1,1
1981-05-30,1980-81:de.1:284:Bor. Mönchengladbach:KFC Uerdingen,de.1,1980-81,Bor. Mönchengladbach,KFC Uerdingen,7,1
1981-05-30,1980-81:de.1:285:Borussia Dortmund:1. FC Köln,de.1,1980-81,Borussia Dortmund,1. FC Köln,2,2
1981-05-30,1980-81:de.1:286:FC Schalke 04:1. FC Nürnberg,de.1,1980-81,FC Schalke 04,1. FC Nürnberg,1,1
1981-05-30,1980-81:de.1:287:Arminia Bielefeld:MSV Duisburg,de.1,1980-81,Arminia Bielefeld,MSV Duisburg,2,1
1981-05-30,1980-81:de.1:288:VfB Stuttgart:TSV 1860 München,de.1,1980-81,VfB Stuttgart,TSV 1860 München,2,1
1981-06-06,1980-81:de.1:289:Bor. Mönchengladbach:Bayern München,de.1,1980-81,Bor. Mönchengladbach,Bayern München,1,4
1981-06-06,1980-81:de.1:290:TSV 1860 München:Hamburger SV,de.1,1980-81,TSV 1860 München,Hamburger SV,0,0
1981-06-06,1980-81:de.1:291:VfL Bochum:VfB Stuttgart,de.1,1980-81,VfL Bochum,VfB Stuttgart,1,1
1981-06-06,1980-81:de.1:292:MSV Duisburg:Bayer 04 Leverkusen,de.1,1980-81,MSV Duisburg,Bayer 04 Leverkusen,2,4
1981-06-06,1980-81:de.1:293:1. FC Nürnberg:Arminia Bielefeld,de.1,1980-81,1. FC Nürnberg,Arminia Bielefeld,2,0
1981-06-06,1980-81:de.1:294:1. FC Kaiserslautern:FC Schalke 04,de.1,1980-81,1. FC Kaiserslautern,FC Schalke 04,2,0
1981-06-06,1980-81:de.1:295:1. FC Köln:Fortuna Düsseldorf,de.1,1980-81,1. FC Köln,Fortuna Düsseldorf,1,2
1981-06-06,1980-81:de.1:296:Eintracht Frankfurt:Borussia Dortmund,de.1,1980-81,Eintracht Frankfurt,Borussia Dortmund,0,4
1981-06-06,1980-81:de.1:297:KFC Uerdingen:Karlsruher SC,de.1,1980-81,KFC Uerdingen,Karlsruher SC,0,3
1981-06-13,1980-81:de.1:298:Karlsruher SC:TSV 1860 München,de.1,1980-81,Karlsruher SC,TSV 1860 München,7,2
1981-06-13,1980-81:de.1:299:Borussia Dortmund:Bor. Mönchengladbach,de.1,1980-81,Borussia Dortmund,Bor. Mönchengladbach,0,3
1981-06-13,1980-81:de.1:300:Fortuna Düsseldorf:Eintracht Frankfurt,de.1,1980-81,Fortuna Düsseldorf,Eintracht Frankfurt,2,2
1981-06-13,1980-81:de.1:301:FC Schalke 04:1. FC Köln,de.1,1980-81,FC Schalke 04,1. FC Köln,1,2
1981-06-13,1980-81:de.1:302:Arminia Bielefeld:1. FC Kaiserslautern,de.1,1980-81,Arminia Bielefeld,1. FC Kaiserslautern,0,1
1981-06-13,1980-81:de.1:303:Bayer 04 Leverkusen:1. FC Nürnberg,de.1,1980-81,Bayer 04 Leverkusen,1. FC Nürnberg,1,1
1981-06-13,1980-81:de.1:304:VfB Stuttgart:MSV Duisburg,de.1,1980-81,VfB Stuttgart,MSV Duisburg,2,0
1981-06-13,1980-81:de.1:305:Hamburger SV:VfL Bochum,de.1,1980-81,Hamburger SV,VfL Bochum,2,1
1981-06-13,1980-81:de.1:306:Bayern München:KFC Uerdingen,de.1,1980-81,Bayern München,KFC Uerdingen,4,0
1981-08-08,1981-82:de.1:1:Bayern München:Bayer 04 Leverkusen,de.1,1981-82,Bayern München,Bayer 04 Leverkusen,6,2
1981-08-08,1981-82:de.1:2:Arminia Bielefeld:SV Darmstadt 98,de.1,1981-82,Arminia Bielefeld,SV Darmstadt 98,1,1
1981-08-08,1981-82:de.1:3:Bor. Mönchengladbach:Werder Bremen,de.1,1981-82,Bor. Mönchengladbach,Werder Bremen,2,4
1981-08-08,1981-82:de.1:4:VfB Stuttgart:Fortuna Düsseldorf,de.1,1981-82,VfB Stuttgart,Fortuna Düsseldorf,3,2
1981-08-08,1981-82:de.1:5:MSV Duisburg:Karlsruher SC,de.1,1981-82,MSV Duisburg,Karlsruher SC,1,1
1981-08-08,1981-82:de.1:6:Hamburger SV:Eintracht Braunschweig,de.1,1981-82,Hamburger SV,Eintracht Braunschweig,4,2
1981-08-08,1981-82:de.1:7:Eintracht Frankfurt:1. FC Kaiserslautern,de.1,1981-82,Eintracht Frankfurt,1. FC Kaiserslautern,2,2
1981-08-08,1981-82:de.1:8:1. FC Köln:Borussia Dortmund,de.1,1981-82,1. FC Köln,Borussia Dortmund,1,0
1981-08-08,1981-82:de.1:9:VfL Bochum:1. FC Nürnberg,de.1,1981-82,VfL Bochum,1. FC Nürnberg,2,0
1981-08-14,1981-82:de.1:10:1. FC Nürnberg:1. FC Köln,de.1,1981-82,1. FC Nürnberg,1. FC Köln,1,3
1981-08-14,1981-82:de.1:11:Werder Bremen:Arminia Bielefeld,de.1,1981-82,Werder Bremen,Arminia Bielefeld,1,0
1981-08-14,1981-82:de.1:12:Bayer 04 Leverkusen:VfL Bochum,de.1,1981-82,Bayer 04 Leverkusen,VfL Bochum,0,3
1981-08-15,1981-82:de.1:13:Eintracht Braunschweig:MSV Duisburg,de.1,1981-82,Eintracht Braunschweig,MSV Duisburg,2,1
1981-08-15,1981-82:de.1:14:Borussia Dortmund:Eintracht Frankfurt,de.1,1981-82,Borussia Dortmund,Eintracht Frankfurt,0,2
1981-08-15,1981-82:de.1:15:Karlsruher SC:VfB Stuttgart,de.1,1981-82,Karlsruher SC,VfB Stuttgart,0,2
1981-08-15,1981-82:de.1:16:Fortuna Düsseldorf:Bor. Mönchengladbach,de.1,1981-82,Fortuna Düsseldorf,Bor. Mönchengladbach,0,2
1981-08-15,1981-82:de.1:17:SV Darmstadt 98:Bayern München,de.1,1981-82,SV Darmstadt 98,Bayern München,1,2
1981-08-15,1981-82:de.1:18:1. FC Kaiserslautern:Hamburger SV,de.1,1981-82,1. FC Kaiserslautern,Hamburger SV,1,1
1981-08-21,1981-82:de.1:19:Bor. Mönchengladbach:Karlsruher SC,de.1,1981-82,Bor. Mönchengladbach,Karlsruher SC,2,2
1981-08-21,1981-82:de.1:20:MSV Duisburg:1. FC Kaiserslautern,de.1,1981-82,MSV Duisburg,1. FC Kaiserslautern,3,1
1981-08-21,1981-82:de.1:21:Bayer 04 Leverkusen:SV Darmstadt 98,de.1,1981-82,Bayer 04 Leverkusen,SV Darmstadt 98,3,2
1981-08-22,1981-82:de.1:22:VfL Bochum:1. FC Köln,de.1,1981-82,VfL Bochum,1. FC Köln,3,1
1981-08-22,1981-82:de.1:23:Bayern München:Werder Bremen,de.1,1981-82,Bayern München,Werder Bremen,3,1
1981-08-22,1981-82:de.1:24:VfB Stuttgart:Eintracht Braunschweig,de.1,1981-82,VfB Stuttgart,Eintracht Braunschweig,2,0
1981-08-22,1981-82:de.1:25:Hamburger SV:Borussia Dortmund,de.1,1981-82,Hamburger SV,Borussia Dortmund,2,2
1981-08-22,1981-82:de.1:26:Eintracht Frankfurt:1. FC Nürnberg,de.1,1981-82,Eintracht Frankfurt,1. FC Nürnberg,3,1
1981-08-22,1981-82:de.1:27:Arminia Bielefeld:Fortuna Düsseldorf,de.1,1981-82,Arminia Bielefeld,Fortuna Düsseldorf,1,1
1981-08-25,1981-82:de.1:28:1. FC Kaiserslautern:VfB Stuttgart,de.1,1981-82,1. FC Kaiserslautern,VfB Stuttgart,3,2
1981-08-25,1981-82:de.1:29:Eintracht Braunschweig:Bor. Mönchengladbach,de.1,1981-82,Eintracht Braunschweig,Bor. Mönchengladbach,0,1
1981-08-25,1981-82:de.1:30:Werder Bremen:Bayer 04 Leverkusen,de.1,1981-82,Werder Bremen,Bayer 04 Leverkusen,0,0
1981-08-26,1981-82:de.1:31:1. FC Nürnberg:Hamburger SV,de.1,1981-82,1. FC Nürnberg,Hamburger SV,0,3
1981-08-26,1981-82:de.1:32:Karlsruher SC:Arminia Bielefeld,de.1,1981-82,Karlsruher SC,Arminia Bielefeld,2,1
1981-08-26,1981-82:de.1:33:Fortuna Düsseldorf:Bayern München,de.1,1981-82,Fortuna Düsseldorf,Bayern München,1,2
1981-08-26,1981-82:de.1:34:SV Darmstadt 98:VfL Bochum,de.1,1981-82,SV Darmstadt 98,VfL Bochum,2,0
1981-08-26,1981-82:de.1:35:1. FC Köln:Eintracht Frankfurt,de.1,1981-82,1. FC Köln,Eintracht Frankfurt,2,0
1981-08-26,1981-82:de.1:36:Borussia Dortmund:MSV Duisburg,de.1,1981-82,Borussia Dortmund,MSV Duisburg,2,1
1981-09-05,1981-82:de.1:37:Arminia Bielefeld:Eintracht Braunschweig,de.1,1981-82,Arminia Bielefeld,Eintracht Braunschweig,2,1
1981-09-05,1981-82:de.1:38:Bor. Mönchengladbach:1. FC Kaiserslautern,de.1,1981-82,Bor. Mönchengladbach,1. FC Kaiserslautern,2,2
1981-09-05,1981-82:de.1:39:VfB Stuttgart:Borussia Dortmund,de.1,1981-82,VfB Stuttgart,Borussia Dortmund,0,2
1981-09-05,1981-82:de.1:40:MSV Duisburg:1. FC Nürnberg,de.1,1981-82,MSV Duisburg,1. FC Nürnberg,3,2
1981-09-05,1981-82:de.1:41:Hamburger SV:1. FC Köln,de.1,1981-82,Hamburger SV,1. FC Köln,3,1
1981-09-05,1981-82:de.1:42:SV Darmstadt 98:Werder Bremen,de.1,1981-82,SV Darmstadt 98,Werder Bremen,1,1
1981-09-05,1981-82:de.1:43:Bayer 04 Leverkusen:Fortuna Düsseldorf,de.1,1981-82,Bayer 04 Leverkusen,Fortuna Düsseldorf,1,1
1981-09-05,1981-82:de.1:44:VfL Bochum:Eintracht Frankfurt,de.1,1981-82,VfL Bochum,Eintracht Frankfurt,3,2
1981-09-08,1981-82:de.1:45:Bayern München:Karlsruher SC,de.1,1981-82,Bayern München,Karlsruher SC,4,1
1981-09-11,1981-82:de.1:46:1. FC Kaiserslautern:Arminia Bielefeld,de.1,1981-82,1. FC Kaiserslautern,Arminia Bielefeld,4,0
1981-09-11,1981-82:de.1:47:Werder Bremen:VfL Bochum,de.1,1981-82,Werder Bremen,VfL Bochum,3,1
1981-09-11,1981-82:de.1:48:1. FC Köln:MSV Duisburg,de.1,1981-82,1. FC Köln,MSV Duisburg,3,0
1981-09-12,1981-82:de.1:49:1. FC Nürnberg:VfB Stuttgart,de.1,1981-82,1. FC Nürnberg,VfB Stuttgart,0,0
1981-09-12,1981-82:de.1:50:Eintracht Braunschweig:Bayern München,de.1,1981-82,Eintracht Braunschweig,Bayern München,3,1
1981-09-12,1981-82:de.1:51:Karlsruher SC:Bayer 04 Leverkusen,de.1,1981-82,Karlsruher SC,Bayer 04 Leverkusen,1,2
1981-09-12,1981-82:de.1:52:Fortuna Düsseldorf:SV Darmstadt 98,de.1,1981-82,Fortuna Düsseldorf,SV Darmstadt 98,2,2
1981-09-12,1981-82:de.1:53:Eintracht Frankfurt:Hamburger SV,de.1,1981-82,Eintracht Frankfurt,Hamburger SV,3,2
1981-09-12,1981-82:de.1:54:Borussia Dortmund:Bor. Mönchengladbach,de.1,1981-82,Borussia Dortmund,Bor. Mönchengladbach,2,3
1981-09-18,1981-82:de.1:55:Werder Bremen:Fortuna Düsseldorf,de.1,1981-82,Werder Bremen,Fortuna Düsseldorf,4,1
1981-09-18,1981-82:de.1:56:Bayer 04 Leverkusen:Eintracht Braunschweig,de.1,1981-82,Bayer 04 Leverkusen,Eintracht Braunschweig,1,0
1981-09-19,1981-82:de.1:57:Bayern München:1. FC Kaiserslautern,de.1,1981-82,Bayern München,1. FC Kaiserslautern,4,2
1981-09-19,1981-82:de.1:58:Arminia Bielefeld:Borussia Dortmund,de.1,1981-82,Arminia Bielefeld,Borussia Dortmund,1,1
1981-09-19,1981-82:de.1:59:Bor. Mönchengladbach:1. FC Nürnberg,de.1,1981-82,Bor. Mönchengladbach,1. FC Nürnberg,4,2
1981-09-19,1981-82:de.1:60:VfB Stuttgart:1. FC Köln,de.1,1981-82,VfB Stuttgart,1. FC Köln,1,1
1981-09-19,1981-82:de.1:61:MSV Duisburg:Eintracht Frankfurt,de.1,1981-82,MSV Duisburg,Eintracht Frankfurt,4,2
1981-09-19,1981-82:de.1:62:SV Darmstadt 98:Karlsruher SC,de.1,1981-82,SV Darmstadt 98,Karlsruher SC,2,6
1981-09-19,1981-82:de.1:63:VfL Bochum:Hamburger SV,de.1,1981-82,VfL Bochum,Hamburger SV,2,1
1981-09-25,1981-82:de.1:64:1. FC Kaiserslautern:Bayer 04 Leverkusen,de.1,1981-82,1. FC Kaiserslautern,Bayer 04 Leverkusen,5,2
1981-09-25,1981-82:de.1:65:Karlsruher SC:Werder Bremen,de.1,1981-82,Karlsruher SC,Werder Bremen,3,0
1981-09-26,1981-82:de.1:66:1. FC Nürnberg:Arminia Bielefeld,de.1,1981-82,1. FC Nürnberg,Arminia Bielefeld,1,0
1981-09-26,1981-82:de.1:67:Eintracht Braunschweig:SV Darmstadt 98,de.1,1981-82,Eintracht Braunschweig,SV Darmstadt 98,3,0
1981-09-26,1981-82:de.1:68:Fortuna Düsseldorf:VfL Bochum,de.1,1981-82,Fortuna Düsseldorf,VfL Bochum,2,1
1981-09-26,1981-82:de.1:69:Hamburger SV:MSV Duisburg,de.1,1981-82,Hamburger SV,MSV Duisburg,7,0
1981-09-26,1981-82:de.1:70:Eintracht Frankfurt:VfB Stuttgart,de.1,1981-82,Eintracht Frankfurt,VfB Stuttgart,4,1
1981-09-26,1981-82:de.1:71:1. FC Köln:Bor. Mönchengladbach,de.1,1981-82,1. FC Köln,Bor. Mönchengladbach,3,0
1981-09-26,1981-82:de.1:72:Borussia Dortmund:Bayern München,de.1,1981-82,Borussia Dortmund,Bayern München,2,0
1981-10-02,1981-82:de.1:73:Fortuna Düsseldorf:Karlsruher SC,de.1,1981-82,Fortuna Düsseldorf,Karlsruher SC,2,0
1981-10-02,1981-82:de.1:74:VfL Bochum:MSV Duisburg,de.1,1981-82,VfL Bochum,MSV Duisburg,2,2
1981-10-03,1981-82:de.1:75:Bayern München:1. FC Nürnberg,de.1,1981-82,Bayern München,1. FC Nürnberg,1,1
1981-10-03,1981-82:de.1:76:Arminia Bielefeld:1. FC Köln,de.1,1981-82,Arminia Bielefeld,1. FC Köln,0,2
1981-10-03,1981-82:de.1:77:Bor. Mönchengladbach:Eintracht Frankfurt,de.1,1981-82,Bor. Mönchengladbach,Eintracht Frankfurt,1,0
1981-10-03,1981-82:de.1:78:VfB Stuttgart:Hamburger SV,de.1,1981-82,VfB Stuttgart,Hamburger SV,1,2
1981-10-03,1981-82:de.1:79:Werder Bremen:Eintracht Braunschweig,de.1,1981-82,Werder Bremen,Eintracht Braunschweig,2,0
1981-10-03,1981-82:de.1:80:SV Darmstadt 98:1. FC Kaiserslautern,de.1,1981-82,SV Darmstadt 98,1. FC Kaiserslautern,0,0
1981-10-03,1981-82:de.1:81:Bayer 04 Leverkusen:Borussia Dortmund,de.1,1981-82,Bayer 04 Leverkusen,Borussia Dortmund,2,1
1981-10-16,1981-82:de.1:82:Karlsruher SC:VfL Bochum,de.1,1981-82,Karlsruher SC,VfL Bochum,2,2
1981-10-17,1981-82:de.1:83:MSV Duisburg:VfB Stuttgart,de.1,1981-82,MSV Duisburg,VfB Stuttgart,1,2
1981-10-17,1981-82:de.1:84:1. FC Nürnberg:Bayer 04 Leverkusen,de.1,1981-82,1. FC Nürnberg,Bayer 04 Leverkusen,3,2
1981-10-17,1981-82:de.1:85:1. FC Kaiserslautern:Werder Bremen,de.1,1981-82,1. FC Kaiserslautern,Werder Bremen,1,1
1981-10-17,1981-82:de.1:86:Eintracht Braunschweig:Fortuna Düsseldorf,de.1,1981-82,Eintracht Braunschweig,Fortuna Düsseldorf,4,2
1981-10-17,1981-82:de.1:87:Hamburger SV:Bor. Mönchengladbach,de.1,1981-82,Hamburger SV,Bor. Mönchengladbach,1,1
1981-10-17,1981-82:de.1:88:Eintracht Frankfurt:Arminia Bielefeld,de.1,1981-82,Eintracht Frankfurt,Arminia Bielefeld,2,1
1981-10-17,1981-82:de.1:89:1. FC Köln:Bayern München,de.1,1981-82,1. FC Köln,Bayern München,4,0
1981-10-17,1981-82:de.1:90:Borussia Dortmund:SV Darmstadt 98,de.1,1981-82,Borussia Dortmund,SV Darmstadt 98,4,0
1981-10-23,1981-82:de.1:91:Karlsruher SC:Eintracht Braunschweig,de.1,1981-82,Karlsruher SC,Eintracht Braunschweig,2,1
1981-10-24,1981-82:de.1:92:SV Darmstadt 98:1. FC Nürnberg,de.1,1981-82,SV Darmstadt 98,1. FC Nürnberg,2,1
1981-10-24,1981-82:de.1:93:Arminia Bielefeld:Hamburger SV,de.1,1981-82,Arminia Bielefeld,Hamburger SV,1,1
1981-10-24,1981-82:de.1:94:Bor. Mönchengladbach:MSV Duisburg,de.1,1981-82,Bor. Mönchengladbach,MSV Duisburg,4,2
1981-10-24,1981-82:de.1:95:Fortuna Düsseldorf:1. FC Kaiserslautern,de.1,1981-82,Fortuna Düsseldorf,1. FC Kaiserslautern,4,2
1981-10-24,1981-82:de.1:96:Werder Bremen:Borussia Dortmund,de.1,1981-82,Werder Bremen,Borussia Dortmund,2,0
1981-10-24,1981-82:de.1:97:Bayer 04 Leverkusen:1. FC Köln,de.1,1981-82,Bayer 04 Leverkusen,1. FC Köln,1,1
1981-10-24,1981-82:de.1:98:VfL Bochum:VfB Stuttgart,de.1,1981-82,VfL Bochum,VfB Stuttgart,3,3
1981-10-24,1981-82:de.1:99:Bayern München:Eintracht Frankfurt,de.1,1981-82,Bayern München,Eintracht Frankfurt,3,2
1981-10-30,1981-82:de.1:100:Eintracht Frankfurt:Bayer 04 Leverkusen,de.1,1981-82,Eintracht Frankfurt,Bayer 04 Leverkusen,3,2
1981-10-30,1981-82:de.1:101:Borussia Dortmund:Fortuna Düsseldorf,de.1,1981-82,Borussia Dortmund,Fortuna Düsseldorf,4,2
1981-10-31,1981-82:de.1:102:1. FC Nürnberg:Werder Bremen,de.1,1981-82,1. FC Nürnberg,Werder Bremen,2,1
1981-10-31,1981-82:de.1:103:1. FC Kaiserslautern:Karlsruher SC,de.1,1981-82,1. FC Kaiserslautern,Karlsruher SC,2,1
1981-10-31,1981-82:de.1:104:Eintracht Braunschweig:VfL Bochum,de.1,1981-82,Eintracht Braunschweig,VfL Bochum,2,1
1981-10-31,1981-82:de.1:105:VfB Stuttgart:Bor. Mönchengladbach,de.1,1981-82,VfB Stuttgart,Bor. Mönchengladbach,2,2
1981-10-31,1981-82:de.1:106:MSV Duisburg:Arminia Bielefeld,de.1,1981-82,MSV Duisburg,Arminia Bielefeld,1,3
1981-10-31,1981-82:de.1:107:Hamburger SV:Bayern München,de.1,1981-82,Hamburger SV,Bayern München,4,1
1981-10-31,1981-82:de.1:108:1. FC Köln:SV Darmstadt 98,de.1,1981-82,1. FC Köln,SV Darmstadt 98,1,1
1981-11-07,1981-82:de.1:109:SV Darmstadt 98:Eintracht Frankfurt,de.1,1981-82,SV Darmstadt 98,Eintracht Frankfurt,1,4
1981-11-07,1981-82:de.1:110:Bayern München:MSV Duisburg,de.1,1981-82,Bayern München,MSV Duisburg,4,0
1981-11-07,1981-82:de.1:111:Arminia Bielefeld:VfB Stuttgart,de.1,1981-82,Arminia Bielefeld,VfB Stuttgart,1,0
1981-11-07,1981-82:de.1:112:Eintracht Braunschweig:1. FC Kaiserslautern,de.1,1981-82,Eintracht Braunschweig,1. FC Kaiserslautern,2,1
1981-11-07,1981-82:de.1:113:Karlsruher SC:Borussia Dortmund,de.1,1981-82,Karlsruher SC,Borussia Dortmund,0,2
1981-11-07,1981-82:de.1:114:Fortuna Düsseldorf:1. FC Nürnberg,de.1,1981-82,Fortuna Düsseldorf,1. FC Nürnberg,1,1
1981-11-07,1981-82:de.1:115:Werder Bremen:1. FC Köln,de.1,1981-82,Werder Bremen,1. FC Köln,1,1
1981-11-07,1981-82:de.1:116:Bayer 04 Leverkusen:Hamburger SV,de.1,1981-82,Bayer 04 Leverkusen,Hamburger SV,0,3
1981-11-07,1981-82:de.1:117:VfL Bochum:Bor. Mönchengladbach,de.1,1981-82,VfL Bochum,Bor. Mönchengladbach,1,1
1981-11-13,1981-82:de.1:118:1. FC Kaiserslautern:VfL Bochum,de.1,1981-82,1. FC Kaiserslautern,VfL Bochum,3,3
1981-11-13,1981-82:de.1:119:Bor. Mönchengladbach:Arminia Bielefeld,de.1,1981-82,Bor. Mönchengladbach,Arminia Bielefeld,3,1
1981-11-14,1981-82:de.1:120:1. FC Nürnberg:Karlsruher SC,de.1,1981-82,1. FC Nürnberg,Karlsruher SC,3,1
1981-11-14,1981-82:de.1:121:VfB Stuttgart:Bayern München,de.1,1981-82,VfB Stuttgart,Bayern München,0,3
1981-11-14,1981-82:de.1:122:MSV Duisburg:Bayer 04 Leverkusen,de.1,1981-82,MSV Duisburg,Bayer 04 Leverkusen,2,1
1981-11-14,1981-82:de.1:123:Hamburger SV:SV Darmstadt 98,de.1,1981-82,Hamburger SV,SV Darmstadt 98,6,1
1981-11-14,1981-82:de.1:124:Eintracht Frankfurt:Werder Bremen,de.1,1981-82,Eintracht Frankfurt,Werder Bremen,9,2
1981-11-14,1981-82:de.1:125:1. FC Köln:Fortuna Düsseldorf,de.1,1981-82,1. FC Köln,Fortuna Düsseldorf,3,0
1981-11-14,1981-82:de.1:126:Borussia Dortmund:Eintracht Braunschweig,de.1,1981-82,Borussia Dortmund,Eintracht Braunschweig,1,2
1981-11-28,1981-82:de.1:127:SV Darmstadt 98:MSV Duisburg,de.1,1981-82,SV Darmstadt 98,MSV Duisburg,3,2
1981-11-28,1981-82:de.1:128:Bayern München:Bor. Mönchengladbach,de.1,1981-82,Bayern München,Bor. Mönchengladbach,1,1
1981-11-28,1981-82:de.1:129:Eintracht Braunschweig:1. FC Nürnberg,de.1,1981-82,Eintracht Braunschweig,1. FC Nürnberg,4,2
1981-11-28,1981-82:de.1:130:Karlsruher SC:1. FC Köln,de.1,1981-82,Karlsruher SC,1. FC Köln,1,4
1981-11-28,1981-82:de.1:131:Fortuna Düsseldorf:Eintracht Frankfurt,de.1,1981-82,Fortuna Düsseldorf,Eintracht Frankfurt,2,2
1981-11-28,1981-82:de.1:132:Werder Bremen:Hamburger SV,de.1,1981-82,Werder Bremen,Hamburger SV,3,2
1981-11-28,1981-82:de.1:133:Bayer 04 Leverkusen:VfB Stuttgart,de.1,1981-82,Bayer 04 Leverkusen,VfB Stuttgart,0,0
1981-11-28,1981-82:de.1:134:Borussia Dortmund:1. FC Kaiserslautern,de.1,1981-82,Borussia Dortmund,1. FC Kaiserslautern,2,2
1981-12-12,1981-82:de.1:135:VfB Stuttgart:SV Darmstadt 98,de.1,1981-82,VfB Stuttgart,SV Darmstadt 98,1,0
1981-12-12,1981-82:de.1:136:VfL Bochum:Borussia Dortmund,de.1,1981-82,VfL Bochum,Borussia Dortmund,0,0
1981-12-12,1981-82:de.1:137:1. FC Nürnberg:1. FC Kaiserslautern,de.1,1981-82,1. FC Nürnberg,1. FC Kaiserslautern,4,2
1981-12-12,1981-82:de.1:138:Eintracht Frankfurt:Karlsruher SC,de.1,1981-82,Eintracht Frankfurt,Karlsruher SC,4,1
1981-12-12,1981-82:de.1:139:1. FC Köln:Eintracht Braunschweig,de.1,1981-82,1. FC Köln,Eintracht Braunschweig,3,0
1981-12-12,1981-82:de.1:140:Arminia Bielefeld:Bayern München,de.1,1981-82,Arminia Bielefeld,Bayern München,1,2
1981-12-15,1981-82:de.1:141:MSV Duisburg:Werder Bremen,de.1,1981-82,MSV Duisburg,Werder Bremen,0,1
1981-12-16,1981-82:de.1:142:Eintracht Braunschweig:Eintracht Frankfurt,de.1,1981-82,Eintracht Braunschweig,Eintracht Frankfurt,4,1
1981-12-19,1981-82:de.1:143:SV Darmstadt 98:Bor. Mönchengladbach,de.1,1981-82,SV Darmstadt 98,Bor. Mönchengladbach,1,1
1981-12-19,1981-82:de.1:144:Bayern München:VfL Bochum,de.1,1981-82,Bayern München,VfL Bochum,1,0
1981-12-19,1981-82:de.1:145:Fortuna Düsseldorf:MSV Duisburg,de.1,1981-82,Fortuna Düsseldorf,MSV Duisburg,2,0
1981-12-19,1981-82:de.1:146:Werder Bremen:VfB Stuttgart,de.1,1981-82,Werder Bremen,VfB Stuttgart,2,2
1981-12-19,1981-82:de.1:147:Bayer 04 Leverkusen:Arminia Bielefeld,de.1,1981-82,Bayer 04 Leverkusen,Arminia Bielefeld,2,2
1981-12-19,1981-82:de.1:148:Borussia Dortmund:1. FC Nürnberg,de.1,1981-82,Borussia Dortmund,1. FC Nürnberg,3,1
1981-12-22,1981-82:de.1:149:Bor. Mönchengladbach:Bayer 04 Leverkusen,de.1,1981-82,Bor. Mönchengladbach,Bayer 04 Leverkusen,3,1
1982-01-12,1981-82:de.1:150:Arminia Bielefeld:VfL Bochum,de.1,1981-82,Arminia Bielefeld,VfL Bochum,2,0
1982-01-16,1981-82:de.1:151:Bayer 04 Leverkusen:Bayern München,de.1,1981-82,Bayer 04 Leverkusen,Bayern München,0,2
1982-01-16,1981-82:de.1:152:Werder Bremen:Bor. Mönchengladbach,de.1,1981-82,Werder Bremen,Bor. Mönchengladbach,0,1
1982-01-16,1981-82:de.1:153:SV Darmstadt 98:Arminia Bielefeld,de.1,1981-82,SV Darmstadt 98,Arminia Bielefeld,1,0
1982-01-16,1981-82:de.1:154:Fortuna Düsseldorf:VfB Stuttgart,de.1,1981-82,Fortuna Düsseldorf,VfB Stuttgart,2,3
1982-01-16,1981-82:de.1:155:Borussia Dortmund:1. FC Köln,de.1,1981-82,Borussia Dortmund,1. FC Köln,1,0
1982-01-16,1981-82:de.1:156:Eintracht Braunschweig:Hamburger SV,de.1,1981-82,Eintracht Braunschweig,Hamburger SV,2,1
1982-01-16,1981-82:de.1:157:1. FC Nürnberg:VfL Bochum,de.1,1981-82,1. FC Nürnberg,VfL Bochum,2,1
1982-01-23,1981-82:de.1:158:Bayern München:SV Darmstadt 98,de.1,1981-82,Bayern München,SV Darmstadt 98,4,1
1982-01-23,1981-82:de.1:159:Bor. Mönchengladbach:Fortuna Düsseldorf,de.1,1981-82,Bor. Mönchengladbach,Fortuna Düsseldorf,3,0
1982-01-23,1981-82:de.1:160:Arminia Bielefeld:Werder Bremen,de.1,1981-82,Arminia Bielefeld,Werder Bremen,0,2
1982-01-23,1981-82:de.1:161:Eintracht Frankfurt:Borussia Dortmund,de.1,1981-82,Eintracht Frankfurt,Borussia Dortmund,1,4
1982-01-23,1981-82:de.1:162:1. FC Köln:1. FC Nürnberg,de.1,1981-82,1. FC Köln,1. FC Nürnberg,4,1
1982-01-30,1981-82:de.1:163:Fortuna Düsseldorf:Arminia Bielefeld,de.1,1981-82,Fortuna Düsseldorf,Arminia Bielefeld,4,1
1982-01-30,1981-82:de.1:164:Karlsruher SC:Bor. Mönchengladbach,de.1,1981-82,Karlsruher SC,Bor. Mönchengladbach,1,1
1982-01-30,1981-82:de.1:165:1. FC Kaiserslautern:MSV Duisburg,de.1,1981-82,1. FC Kaiserslautern,MSV Duisburg,3,0
1982-01-30,1981-82:de.1:166:Borussia Dortmund:Hamburger SV,de.1,1981-82,Borussia Dortmund,Hamburger SV,2,3
1982-01-30,1981-82:de.1:167:1. FC Köln:VfL Bochum,de.1,1981-82,1. FC Köln,VfL Bochum,1,0
1982-02-02,1981-82:de.1:168:Hamburger SV:Fortuna Düsseldorf,de.1,1981-82,Hamburger SV,Fortuna Düsseldorf,6,1
1982-02-06,1981-82:de.1:169:MSV Duisburg:Borussia Dortmund,de.1,1981-82,MSV Duisburg,Borussia Dortmund,1,2
1982-02-06,1981-82:de.1:170:Eintracht Frankfurt:1. FC Köln,de.1,1981-82,Eintracht Frankfurt,1. FC Köln,4,2
1982-02-06,1981-82:de.1:171:Bayern München:Fortuna Düsseldorf,de.1,1981-82,Bayern München,Fortuna Düsseldorf,7,0
1982-02-06,1981-82:de.1:172:VfL Bochum:SV Darmstadt 98,de.1,1981-82,VfL Bochum,SV Darmstadt 98,1,0
1982-02-06,1981-82:de.1:173:Bor. Mönchengladbach:Eintracht Braunschweig,de.1,1981-82,Bor. Mönchengladbach,Eintracht Braunschweig,4,2
1982-02-06,1981-82:de.1:174:VfB Stuttgart:1. FC Kaiserslautern,de.1,1981-82,VfB Stuttgart,1. FC Kaiserslautern,4,0
1982-02-06,1981-82:de.1:175:Hamburger SV:1. FC Nürnberg,de.1,1981-82,Hamburger SV,1. FC Nürnberg,6,1
1982-02-13,1981-82:de.1:176:Fortuna Düsseldorf:Bayer 04 Leverkusen,de.1,1981-82,Fortuna Düsseldorf,Bayer 04 Leverkusen,5,1
1982-02-13,1981-82:de.1:177:Eintracht Frankfurt:VfL Bochum,de.1,1981-82,Eintracht Frankfurt,VfL Bochum,0,1
1982-02-13,1981-82:de.1:178:Karlsruher SC:Bayern München,de.1,1981-82,Karlsruher SC,Bayern München,4,1
1982-02-13,1981-82:de.1:179:Eintracht Braunschweig:Arminia Bielefeld,de.1,1981-82,Eintracht Braunschweig,Arminia Bielefeld,3,1
1982-02-13,1981-82:de.1:180:1. FC Nürnberg:MSV Duisburg,de.1,1981-82,1. FC Nürnberg,MSV Duisburg,0,0
1982-02-13,1981-82:de.1:181:1. FC Köln:Hamburger SV,de.1,1981-82,1. FC Köln,Hamburger SV,1,1
1982-02-13,1981-82:de.1:182:Werder Bremen:SV Darmstadt 98,de.1,1981-82,Werder Bremen,SV Darmstadt 98,4,4
1982-02-13,1981-82:de.1:183:1. FC Kaiserslautern:Bor. Mönchengladbach,de.1,1981-82,1. FC Kaiserslautern,Bor. Mönchengladbach,3,2
1982-02-13,1981-82:de.1:184:Borussia Dortmund:VfB Stuttgart,de.1,1981-82,Borussia Dortmund,VfB Stuttgart,2,3
1982-02-18,1981-82:de.1:185:SV Darmstadt 98:Bayer 04 Leverkusen,de.1,1981-82,SV Darmstadt 98,Bayer 04 Leverkusen,1,3
1982-02-20,1981-82:de.1:186:Karlsruher SC:MSV Duisburg,de.1,1981-82,Karlsruher SC,MSV Duisburg,2,0
1982-02-20,1981-82:de.1:187:1. FC Kaiserslautern:Eintracht Frankfurt,de.1,1981-82,1. FC Kaiserslautern,Eintracht Frankfurt,6,2
1982-02-27,1981-82:de.1:188:Bayer 04 Leverkusen:Karlsruher SC,de.1,1981-82,Bayer 04 Leverkusen,Karlsruher SC,2,1
1982-02-27,1981-82:de.1:189:Hamburger SV:Eintracht Frankfurt,de.1,1981-82,Hamburger SV,Eintracht Frankfurt,2,0
1982-02-27,1981-82:de.1:190:VfL Bochum:Werder Bremen,de.1,1981-82,VfL Bochum,Werder Bremen,0,2
1982-02-27,1981-82:de.1:191:Bor. Mönchengladbach:Borussia Dortmund,de.1,1981-82,Bor. Mönchengladbach,Borussia Dortmund,0,1
1982-02-27,1981-82:de.1:192:Arminia Bielefeld:1. FC Kaiserslautern,de.1,1981-82,Arminia Bielefeld,1. FC Kaiserslautern,2,0
1982-02-27,1981-82:de.1:193:MSV Duisburg:1. FC Köln,de.1,1981-82,MSV Duisburg,1. FC Köln,1,0
1982-02-27,1981-82:de.1:194:SV Darmstadt 98:Fortuna Düsseldorf,de.1,1981-82,SV Darmstadt 98,Fortuna Düsseldorf,2,2
1982-02-27,1981-82:de.1:195:Bayern München:Eintracht Braunschweig,de.1,1981-82,Bayern München,Eintracht Braunschweig,3,1
1982-02-27,1981-82:de.1:196:VfB Stuttgart:1. FC Nürnberg,de.1,1981-82,VfB Stuttgart,1. FC Nürnberg,1,2
1982-03-02,1981-82:de.1:197:MSV Duisburg:Eintracht Braunschweig,de.1,1981-82,MSV Duisburg,Eintracht Braunschweig,5,2
1982-03-06,1981-82:de.1:198:Eintracht Braunschweig:Bayer 04 Leverkusen,de.1,1981-82,Eintracht Braunschweig,Bayer 04 Leverkusen,5,1
1982-03-06,1981-82:de.1:199:Borussia Dortmund:Arminia Bielefeld,de.1,1981-82,Borussia Dortmund,Arminia Bielefeld,3,0
1982-03-06,1981-82:de.1:200:1. FC Kaiserslautern:Bayern München,de.1,1981-82,1. FC Kaiserslautern,Bayern München,2,1
1982-03-06,1981-82:de.1:201:Hamburger SV:VfL Bochum,de.1,1981-82,Hamburger SV,VfL Bochum,2,2
1982-03-06,1981-82:de.1:202:Eintracht Frankfurt:MSV Duisburg,de.1,1981-82,Eintracht Frankfurt,MSV Duisburg,4,1
1982-03-06,1981-82:de.1:203:1. FC Köln:VfB Stuttgart,de.1,1981-82,1. FC Köln,VfB Stuttgart,3,0
1982-03-06,1981-82:de.1:204:Karlsruher SC:SV Darmstadt 98,de.1,1981-82,Karlsruher SC,SV Darmstadt 98,3,1
1982-03-06,1981-82:de.1:205:1. FC Nürnberg:Bor. Mönchengladbach,de.1,1981-82,1. FC Nürnberg,Bor. Mönchengladbach,3,2
1982-03-06,1981-82:de.1:206:Fortuna Düsseldorf:Werder Bremen,de.1,1981-82,Fortuna Düsseldorf,Werder Bremen,0,0
1982-03-09,1981-82:de.1:207:1. FC Kaiserslautern:1. FC Köln,de.1,1981-82,1. FC Kaiserslautern,1. FC Köln,1,1
1982-03-09,1981-82:de.1:208:1. FC Nürnberg:Eintracht Frankfurt,de.1,1981-82,1. FC Nürnberg,Eintracht Frankfurt,5,3
1982-03-09,1981-82:de.1:209:Karlsruher SC:Hamburger SV,de.1,1981-82,Karlsruher SC,Hamburger SV,2,2
1982-03-13,1981-82:de.1:210:Arminia Bielefeld:1. FC Nürnberg,de.1,1981-82,Arminia Bielefeld,1. FC Nürnberg,2,0
1982-03-13,1981-82:de.1:211:MSV Duisburg:Hamburger SV,de.1,1981-82,MSV Duisburg,Hamburger SV,1,2
1982-03-13,1981-82:de.1:212:Bayern München:Borussia Dortmund,de.1,1981-82,Bayern München,Borussia Dortmund,3,1
1982-03-13,1981-82:de.1:213:Werder Bremen:Karlsruher SC,de.1,1981-82,Werder Bremen,Karlsruher SC,2,1
1982-03-13,1981-82:de.1:214:Bayer 04 Leverkusen:1. FC Kaiserslautern,de.1,1981-82,Bayer 04 Leverkusen,1. FC Kaiserslautern,0,1
1982-03-13,1981-82:de.1:215:VfL Bochum:Fortuna Düsseldorf,de.1,1981-82,VfL Bochum,Fortuna Düsseldorf,3,0
1982-03-13,1981-82:de.1:216:SV Darmstadt 98:Eintracht Braunschweig,de.1,1981-82,SV Darmstadt 98,Eintracht Braunschweig,2,3
1982-03-13,1981-82:de.1:217:Bor. Mönchengladbach:1. FC Köln,de.1,1981-82,Bor. Mönchengladbach,1. FC Köln,0,2
1982-03-13,1981-82:de.1:218:VfB Stuttgart:Eintracht Frankfurt,de.1,1981-82,VfB Stuttgart,Eintracht Frankfurt,5,2
1982-03-16,1981-82:de.1:219:VfB Stuttgart:Karlsruher SC,de.1,1981-82,VfB Stuttgart,Karlsruher SC,5,1
1982-03-20,1981-82:de.1:220:Arminia Bielefeld:Karlsruher SC,de.1,1981-82,Arminia Bielefeld,Karlsruher SC,3,0
1982-03-20,1981-82:de.1:221:VfL Bochum:Bayer 04 Leverkusen,de.1,1981-82,VfL Bochum,Bayer 04 Leverkusen,3,1
1982-03-27,1981-82:de.1:222:Karlsruher SC:Fortuna Düsseldorf,de.1,1981-82,Karlsruher SC,Fortuna Düsseldorf,1,0
1982-03-27,1981-82:de.1:223:MSV Duisburg:VfL Bochum,de.1,1981-82,MSV Duisburg,VfL Bochum,1,0
1982-03-30,1981-82:de.1:224:1. FC Nürnberg:Bayern München,de.1,1981-82,1. FC Nürnberg,Bayern München,0,3
1982-03-30,1981-82:de.1:225:1. FC Köln:Arminia Bielefeld,de.1,1981-82,1. FC Köln,Arminia Bielefeld,0,1
1982-03-30,1981-82:de.1:226:Eintracht Frankfurt:Bor. Mönchengladbach,de.1,1981-82,Eintracht Frankfurt,Bor. Mönchengladbach,3,0
1982-03-30,1981-82:de.1:227:Eintracht Braunschweig:Werder Bremen,de.1,1981-82,Eintracht Braunschweig,Werder Bremen,1,1
1982-03-30,1981-82:de.1:228:1. FC Kaiserslautern:SV Darmstadt 98,de.1,1981-82,1. FC Kaiserslautern,SV Darmstadt 98,3,1
1982-03-31,1981-82:de.1:229:Hamburger SV:VfB Stuttgart,de.1,1981-82,Hamburger SV,VfB Stuttgart,1,1
1982-03-31,1981-82:de.1:230:Borussia Dortmund:Bayer 04 Leverkusen,de.1,1981-82,Borussia Dortmund,Bayer 04 Leverkusen,2,0
1982-04-02,1981-82:de.1:231:VfL Bochum:Karlsruher SC,de.1,1981-82,VfL Bochum,Karlsruher SC,3,1
1982-04-03,1981-82:de.1:232:Bayern München:1. FC Köln,de.1,1981-82,Bayern München,1. FC Köln,1,1
1982-04-03,1981-82:de.1:233:Bayer 04 Leverkusen:1. FC Nürnberg,de.1,1981-82,Bayer 04 Leverkusen,1. FC Nürnberg,4,0
1982-04-03,1981-82:de.1:234:Werder Bremen:1. FC Kaiserslautern,de.1,1981-82,Werder Bremen,1. FC Kaiserslautern,0,1
1982-04-03,1981-82:de.1:235:Fortuna Düsseldorf:Eintracht Braunschweig,de.1,1981-82,Fortuna Düsseldorf,Eintracht Braunschweig,1,1
1982-04-03,1981-82:de.1:236:VfB Stuttgart:MSV Duisburg,de.1,1981-82,VfB Stuttgart,MSV Duisburg,4,1
1982-04-03,1981-82:de.1:237:Arminia Bielefeld:Eintracht Frankfurt,de.1,1981-82,Arminia Bielefeld,Eintracht Frankfurt,3,0
1982-04-03,1981-82:de.1:238:SV Darmstadt 98:Borussia Dortmund,de.1,1981-82,SV Darmstadt 98,Borussia Dortmund,1,3
1982-04-03,1981-82:de.1:239:Bor. Mönchengladbach:Hamburger SV,de.1,1981-82,Bor. Mönchengladbach,Hamburger SV,1,3
1982-04-08,1981-82:de.1:240:Eintracht Braunschweig:VfB Stuttgart,de.1,1981-82,Eintracht Braunschweig,VfB Stuttgart,2,0
1982-04-10,1981-82:de.1:241:Bayer 04 Leverkusen:Werder Bremen,de.1,1981-82,Bayer 04 Leverkusen,Werder Bremen,1,3
1982-04-16,1981-82:de.1:242:Borussia Dortmund:Werder Bremen,de.1,1981-82,Borussia Dortmund,Werder Bremen,1,0
1982-04-17,1981-82:de.1:243:1. FC Köln:Bayer 04 Leverkusen,de.1,1981-82,1. FC Köln,Bayer 04 Leverkusen,5,2
1982-04-17,1981-82:de.1:244:1. FC Kaiserslautern:Fortuna Düsseldorf,de.1,1981-82,1. FC Kaiserslautern,Fortuna Düsseldorf,1,1
1982-04-17,1981-82:de.1:245:Hamburger SV:Arminia Bielefeld,de.1,1981-82,Hamburger SV,Arminia Bielefeld,3,1
1982-04-17,1981-82:de.1:246:Eintracht Braunschweig:Karlsruher SC,de.1,1981-82,Eintracht Braunschweig,Karlsruher SC,0,0
1982-04-17,1981-82:de.1:247:Eintracht Frankfurt:Bayern München,de.1,1981-82,Eintracht Frankfurt,Bayern München,4,3
1982-04-17,1981-82:de.1:248:1. FC Nürnberg:SV Darmstadt 98,de.1,1981-82,1. FC Nürnberg,SV Darmstadt 98,1,1
1982-04-17,1981-82:de.1:249:MSV Duisburg:Bor. Mönchengladbach,de.1,1981-82,MSV Duisburg,Bor. Mönchengladbach,0,1
1982-04-17,1981-82:de.1:250:VfB Stuttgart:VfL Bochum,de.1,1981-82,VfB Stuttgart,VfL Bochum,3,0
1982-04-23,1981-82:de.1:251:Werder Bremen:1. FC Nürnberg,de.1,1981-82,Werder Bremen,1. FC Nürnberg,3,1
1982-04-23,1981-82:de.1:252:Fortuna Düsseldorf:Borussia Dortmund,de.1,1981-82,Fortuna Düsseldorf,Borussia Dortmund,0,0
1982-04-24,1981-82:de.1:253:Karlsruher SC:1. FC Kaiserslautern,de.1,1981-82,Karlsruher SC,1. FC Kaiserslautern,1,1
1982-04-24,1981-82:de.1:254:Bor. Mönchengladbach:VfB Stuttgart,de.1,1981-82,Bor. Mönchengladbach,VfB Stuttgart,0,0
1982-04-24,1981-82:de.1:255:Bayer 04 Leverkusen:Eintracht Frankfurt,de.1,1981-82,Bayer 04 Leverkusen,Eintracht Frankfurt,1,2
1982-04-24,1981-82:de.1:256:SV Darmstadt 98:1. FC Köln,de.1,1981-82,SV Darmstadt 98,1. FC Köln,2,4
1982-04-24,1981-82:de.1:257:Arminia Bielefeld:MSV Duisburg,de.1,1981-82,Arminia Bielefeld,MSV Duisburg,2,0
1982-04-24,1981-82:de.1:258:VfL Bochum:Eintracht Braunschweig,de.1,1981-82,VfL Bochum,Eintracht Braunschweig,2,0
1982-04-24,1981-82:de.1:259:Bayern München:Hamburger SV,de.1,1981-82,Bayern München,Hamburger SV,3,4
1982-04-27,1981-82:de.1:260:Hamburger SV:Bayer 04 Leverkusen,de.1,1981-82,Hamburger SV,Bayer 04 Leverkusen,0,0
1982-04-27,1981-82:de.1:261:1. FC Kaiserslautern:Eintracht Braunschweig,de.1,1981-82,1. FC Kaiserslautern,Eintracht Braunschweig,5,3
1982-04-27,1981-82:de.1:262:1. FC Nürnberg:Fortuna Düsseldorf,de.1,1981-82,1. FC Nürnberg,Fortuna Düsseldorf,2,2
1982-04-28,1981-82:de.1:263:VfB Stuttgart:Arminia Bielefeld,de.1,1981-82,VfB Stuttgart,Arminia Bielefeld,2,3
1982-04-28,1981-82:de.1:264:Borussia Dortmund:Karlsruher SC,de.1,1981-82,Borussia Dortmund,Karlsruher SC,4,0
1982-04-28,1981-82:de.1:265:Eintracht Frankfurt:SV Darmstadt 98,de.1,1981-82,Eintracht Frankfurt,SV Darmstadt 98,2,1
1982-04-28,1981-82:de.1:266:Bor. Mönchengladbach:VfL Bochum,de.1,1981-82,Bor. Mönchengladbach,VfL Bochum,4,2
1982-04-28,1981-82:de.1:267:1. FC Köln:Werder Bremen,de.1,1981-82,1. FC Köln,Werder Bremen,4,2
1982-04-28,1981-82:de.1:268:MSV Duisburg:Bayern München,de.1,1981-82,MSV Duisburg,Bayern München,2,3
1982-04-30,1981-82:de.1:269:Hamburger SV:1. FC Kaiserslautern,de.1,1981-82,Hamburger SV,1. FC Kaiserslautern,4,0
1982-05-08,1981-82:de.1:270:Fortuna Düsseldorf:1. FC Köln,de.1,1981-82,Fortuna Düsseldorf,1. FC Köln,1,1
1982-05-08,1981-82:de.1:271:Eintracht Braunschweig:Borussia Dortmund,de.1,1981-82,Eintracht Braunschweig,Borussia Dortmund,0,1
1982-05-08,1981-82:de.1:272:Karlsruher SC:1. FC Nürnberg,de.1,1981-82,Karlsruher SC,1. FC Nürnberg,3,2
1982-05-08,1981-82:de.1:273:VfL Bochum:1. FC Kaiserslautern,de.1,1981-82,VfL Bochum,1. FC Kaiserslautern,1,2
1982-05-08,1981-82:de.1:274:Arminia Bielefeld:Bor. Mönchengladbach,de.1,1981-82,Arminia Bielefeld,Bor. Mönchengladbach,5,0
1982-05-08,1981-82:de.1:275:Bayern München:VfB Stuttgart,de.1,1981-82,Bayern München,VfB Stuttgart,1,0
1982-05-08,1981-82:de.1:276:Bayer 04 Leverkusen:MSV Duisburg,de.1,1981-82,Bayer 04 Leverkusen,MSV Duisburg,2,1
1982-05-08,1981-82:de.1:277:SV Darmstadt 98:Hamburger SV,de.1,1981-82,SV Darmstadt 98,Hamburger SV,2,2
1982-05-08,1981-82:de.1:278:Werder Bremen:Eintracht Frankfurt,de.1,1981-82,Werder Bremen,Eintracht Frankfurt,2,1
1982-05-14,1981-82:de.1:279:1. FC Kaiserslautern:Borussia Dortmund,de.1,1981-82,1. FC Kaiserslautern,Borussia Dortmund,2,1
1982-05-15,1981-82:de.1:280:VfL Bochum:Arminia Bielefeld,de.1,1981-82,VfL Bochum,Arminia Bielefeld,1,1
1982-05-15,1981-82:de.1:281:1. FC Nürnberg:Eintracht Braunschweig,de.1,1981-82,1. FC Nürnberg,Eintracht Braunschweig,4,0
1982-05-15,1981-82:de.1:282:Bor. Mönchengladbach:Bayern München,de.1,1981-82,Bor. Mönchengladbach,Bayern München,3,0
1982-05-15,1981-82:de.1:283:Hamburger SV:Werder Bremen,de.1,1981-82,Hamburger SV,Werder Bremen,5,0
1982-05-15,1981-82:de.1:284:MSV Duisburg:SV Darmstadt 98,de.1,1981-82,MSV Duisburg,SV Darmstadt 98,0,2
1982-05-15,1981-82:de.1:285:1. FC Köln:Karlsruher SC,de.1,1981-82,1. FC Köln,Karlsruher SC,2,0
1982-05-15,1981-82:de.1:286:Eintracht Frankfurt:Fortuna Düsseldorf,de.1,1981-82,Eintracht Frankfurt,Fortuna Düsseldorf,4,0
1982-05-15,1981-82:de.1:287:VfB Stuttgart:Bayer 04 Leverkusen,de.1,1981-82,VfB Stuttgart,Bayer 04 Leverkusen,4,2
1982-05-18,1981-82:de.1:288:Werder Bremen:Bayern München,de.1,1981-82,Werder Bremen,Bayern München,2,0
1982-05-21,1981-82:de.1:289:Bayern München:Arminia Bielefeld,de.1,1981-82,Bayern München,Arminia Bielefeld,3,2
1982-05-22,1981-82:de.1:290:1. FC Kaiserslautern:1. FC Nürnberg,de.1,1981-82,1. FC Kaiserslautern,1. FC Nürnberg,2,1
1982-05-22,1981-82:de.1:291:Bayer 04 Leverkusen:Bor. Mönchengladbach,de.1,1981-82,Bayer 04 Leverkusen,Bor. Mönchengladbach,0,0
1982-05-22,1981-82:de.1:292:SV Darmstadt 98:VfB Stuttgart,de.1,1981-82,SV Darmstadt 98,VfB Stuttgart,3,3
1982-05-22,1981-82:de.1:293:Werder Bremen:MSV Duisburg,de.1,1981-82,Werder Bremen,MSV Duisburg,5,1
1982-05-22,1981-82:de.1:294:Fortuna Düsseldorf:Hamburger SV,de.1,1981-82,Fortuna Düsseldorf,Hamburger SV,3,3
1982-05-22,1981-82:de.1:295:Karlsruher SC:Eintracht Frankfurt,de.1,1981-82,Karlsruher SC,Eintracht Frankfurt,2,2
1982-05-22,1981-82:de.1:296:Eintracht Braunschweig:1. FC Köln,de.1,1981-82,Eintracht Braunschweig,1. FC Köln,4,4
1982-05-22,1981-82:de.1:297:Borussia Dortmund:VfL Bochum,de.1,1981-82,Borussia Dortmund,VfL Bochum,3,2
1982-05-29,1981-82:de.1:298:VfL Bochum:Bayern München,de.1,1981-82,VfL Bochum,Bayern München,3,1
1982-05-29,1981-82:de.1:299:1. FC Köln:1. FC Kaiserslautern,de.1,1981-82,1. FC Köln,1. FC Kaiserslautern,3,4
1982-05-29,1981-82:de.1:300:Eintracht Frankfurt:Eintracht Braunschweig,de.1,1981-82,Eintracht Frankfurt,Eintracht Braunschweig,4,2
1982-05-29,1981-82:de.1:301:Hamburger SV:Karlsruher SC,de.1,1981-82,Hamburger SV,Karlsruher SC,3,3
1982-05-29,1981-82:de.1:302:MSV Duisburg:Fortuna Düsseldorf,de.1,1981-82,MSV Duisburg,Fortuna Düsseldorf,2,1
1982-05-29,1981-82:de.1:303:VfB Stuttgart:Werder Bremen,de.1,1981-82,VfB Stuttgart,Werder Bremen,2,4
1982-05-29,1981-82:de.1:304:Bor. Mönchengladbach:SV Darmstadt 98,de.1,1981-82,Bor. Mönchengladbach,SV Darmstadt 98,6,1
1982-05-29,1981-82:de.1:305:Arminia Bielefeld:Bayer 04 Leverkusen,de.1,1981-82,Arminia Bielefeld,Bayer 04 Leverkusen,1,3
1982-05-29,1981-82:de.1:306:1. FC Nürnberg:Borussia Dortmund,de.1,1981-82,1. FC Nürnberg,Borussia Dortmund,3,0
1982-08-17,1982-83:de.1:1:Hertha BSC:Borussia Dortmund,de.1,1982-83,Hertha BSC,Borussia Dortmund,1,3
1982-08-20,1982-83:de.1:2:Borussia Dortmund:VfB Stuttgart,de.1,1982-83,Borussia Dortmund,VfB Stuttgart,1,1
1982-08-20,1982-83:de.1:3:1. FC Kaiserslautern:Hertha BSC,de.1,1982-83,1. FC Kaiserslautern,Hertha BSC,2,2
1982-08-21,1982-83:de.1:10:FC Schalke 04:Bor. Mönchengladbach,de.1,1982-83,FC Schalke 04,Bor. Mönchengladbach,2,4
1982-08-21,1982-83:de.1:4:Bayer 04 Leverkusen:Arminia Bielefeld,de.1,1982-83,Bayer 04 Leverkusen,Arminia Bielefeld,0,1
1982-08-21,1982-83:de.1:5:Eintracht Braunschweig:1. FC Köln,de.1,1982-83,Eintracht Braunschweig,1. FC Köln,2,2
1982-08-21,1982-83:de.1:6:Karlsruher SC:Eintracht Frankfurt,de.1,1982-83,Karlsruher SC,Eintracht Frankfurt,1,0
1982-08-21,1982-83:de.1:7:Fortuna Düsseldorf:VfL Bochum,de.1,1982-83,Fortuna Düsseldorf,VfL Bochum,2,0
1982-08-21,1982-83:de.1:8:Werder Bremen:Bayern München,de.1,1982-83,Werder Bremen,Bayern München,1,0
1982-08-21,1982-83:de.1:9:1. FC Nürnberg:Hamburger SV,de.1,1982-83,1. FC Nürnberg,Hamburger SV,2,2
1982-08-24,1982-83:de.1:11:VfB Stuttgart:FC Schalke 04,de.1,1982-83,VfB Stuttgart,FC Schalke 04,2,1
1982-08-24,1982-83:de.1:12:VfL Bochum:Karlsruher SC,de.1,1982-83,VfL Bochum,Karlsruher SC,0,1
1982-08-24,1982-83:de.1:13:Eintracht Frankfurt:Bayer 04 Leverkusen,de.1,1982-83,Eintracht Frankfurt,Bayer 04 Leverkusen,5,0
1982-08-24,1982-83:de.1:14:Bayern München:Fortuna Düsseldorf,de.1,1982-83,Bayern München,Fortuna Düsseldorf,1,0
1982-08-25,1982-83:de.1:15:Hamburger SV:Werder Bremen,de.1,1982-83,Hamburger SV,Werder Bremen,1,1
1982-08-25,1982-83:de.1:16:Arminia Bielefeld:Eintracht Braunschweig,de.1,1982-83,Arminia Bielefeld,Eintracht Braunschweig,2,0
1982-08-25,1982-83:de.1:17:Bor. Mönchengladbach:1. FC Nürnberg,de.1,1982-83,Bor. Mönchengladbach,1. FC Nürnberg,1,2
1982-08-31,1982-83:de.1:18:FC Schalke 04:Hertha BSC,de.1,1982-83,FC Schalke 04,Hertha BSC,2,0
1982-08-31,1982-83:de.1:19:Werder Bremen:Bor. Mönchengladbach,de.1,1982-83,Werder Bremen,Bor. Mönchengladbach,2,0
1982-09-01,1982-83:de.1:20:Borussia Dortmund:1. FC Köln,de.1,1982-83,Borussia Dortmund,1. FC Köln,2,0
1982-09-01,1982-83:de.1:21:Karlsruher SC:Bayern München,de.1,1982-83,Karlsruher SC,Bayern München,0,4
1982-09-01,1982-83:de.1:22:Bayer 04 Leverkusen:VfL Bochum,de.1,1982-83,Bayer 04 Leverkusen,VfL Bochum,1,0
1982-09-01,1982-83:de.1:23:FC Schalke 04:1. FC Nürnberg,de.1,1982-83,FC Schalke 04,1. FC Nürnberg,0,1
1982-09-01,1982-83:de.1:24:Arminia Bielefeld:Eintracht Frankfurt,de.1,1982-83,Arminia Bielefeld,Eintracht Frankfurt,2,1
1982-09-01,1982-83:de.1:25:1. FC Nürnberg:VfB Stuttgart,de.1,1982-83,1. FC Nürnberg,VfB Stuttgart,0,5
1982-09-01,1982-83:de.1:26:Hertha BSC:Bayer 04 Leverkusen,de.1,1982-83,Hertha BSC,Bayer 04 Leverkusen,3,3
1982-09-01,1982-83:de.1:27:Bor. Mönchengladbach:Eintracht Frankfurt,de.1,1982-83,Bor. Mönchengladbach,Eintracht Frankfurt,3,1
1982-09-04,1982-83:de.1:28:Eintracht Frankfurt:Eintracht Braunschweig,de.1,1982-83,Eintracht Frankfurt,Eintracht Braunschweig,0,1
1982-09-04,1982-83:de.1:29:1. FC Kaiserslautern:Borussia Dortmund,de.1,1982-83,1. FC Kaiserslautern,Borussia Dortmund,0,2
1982-09-04,1982-83:de.1:30:Hertha BSC:1. FC Nürnberg,de.1,1982-83,Hertha BSC,1. FC Nürnberg,5,1
1982-09-04,1982-83:de.1:31:VfL Bochum:Arminia Bielefeld,de.1,1982-83,VfL Bochum,Arminia Bielefeld,1,1
1982-09-04,1982-83:de.1:32:Bayern München:Bayer 04 Leverkusen,de.1,1982-83,Bayern München,Bayer 04 Leverkusen,5,0
1982-09-04,1982-83:de.1:33:1. FC Köln:FC Schalke 04,de.1,1982-83,1. FC Köln,FC Schalke 04,2,1
1982-09-04,1982-83:de.1:34:Bor. Mönchengladbach:Fortuna Düsseldorf,de.1,1982-83,Bor. Mönchengladbach,Fortuna Düsseldorf,5,0
1982-09-04,1982-83:de.1:35:VfB Stuttgart:Werder Bremen,de.1,1982-83,VfB Stuttgart,Werder Bremen,4,1
1982-09-04,1982-83:de.1:36:Hamburger SV:Karlsruher SC,de.1,1982-83,Hamburger SV,Karlsruher SC,4,0
1982-09-07,1982-83:de.1:37:Fortuna Düsseldorf:Hamburger SV,de.1,1982-83,Fortuna Düsseldorf,Hamburger SV,0,6
1982-09-07,1982-83:de.1:38:1. FC Köln:1. FC Kaiserslautern,de.1,1982-83,1. FC Köln,1. FC Kaiserslautern,3,0
1982-09-10,1982-83:de.1:39:Karlsruher SC:Bor. Mönchengladbach,de.1,1982-83,Karlsruher SC,Bor. Mönchengladbach,2,0
1982-09-10,1982-83:de.1:40:Bayer 04 Leverkusen:Hamburger SV,de.1,1982-83,Bayer 04 Leverkusen,Hamburger SV,0,1
1982-09-11,1982-83:de.1:41:Eintracht Braunschweig:Borussia Dortmund,de.1,1982-83,Eintracht Braunschweig,Borussia Dortmund,0,0
1982-09-11,1982-83:de.1:42:FC Schalke 04:1. FC Kaiserslautern,de.1,1982-83,FC Schalke 04,1. FC Kaiserslautern,0,0
1982-09-11,1982-83:de.1:43:Werder Bremen:Hertha BSC,de.1,1982-83,Werder Bremen,Hertha BSC,3,1
1982-09-11,1982-83:de.1:44:1. FC Nürnberg:1. FC Köln,de.1,1982-83,1. FC Nürnberg,1. FC Köln,2,1
1982-09-11,1982-83:de.1:45:Fortuna Düsseldorf:VfB Stuttgart,de.1,1982-83,Fortuna Düsseldorf,VfB Stuttgart,1,1
1982-09-11,1982-83:de.1:46:Arminia Bielefeld:Bayern München,de.1,1982-83,Arminia Bielefeld,Bayern München,2,4
1982-09-11,1982-83:de.1:47:Eintracht Frankfurt:VfL Bochum,de.1,1982-83,Eintracht Frankfurt,VfL Bochum,0,1
1982-09-17,1982-83:de.1:48:VfL Bochum:Eintracht Braunschweig,de.1,1982-83,VfL Bochum,Eintracht Braunschweig,0,2
1982-09-17,1982-83:de.1:49:Bor. Mönchengladbach:Bayer 04 Leverkusen,de.1,1982-83,Bor. Mönchengladbach,Bayer 04 Leverkusen,3,1
1982-09-18,1982-83:de.1:50:Bayern München:Eintracht Frankfurt,de.1,1982-83,Bayern München,Eintracht Frankfurt,4,0
1982-09-18,1982-83:de.1:51:1. FC Köln:Werder Bremen,de.1,1982-83,1. FC Köln,Werder Bremen,2,1
1982-09-18,1982-83:de.1:52:Borussia Dortmund:FC Schalke 04,de.1,1982-83,Borussia Dortmund,FC Schalke 04,2,0
1982-09-18,1982-83:de.1:53:VfB Stuttgart:Karlsruher SC,de.1,1982-83,VfB Stuttgart,Karlsruher SC,4,1
1982-09-18,1982-83:de.1:54:1. FC Kaiserslautern:1. FC Nürnberg,de.1,1982-83,1. FC Kaiserslautern,1. FC Nürnberg,2,1
1982-09-18,1982-83:de.1:55:Hertha BSC:Fortuna Düsseldorf,de.1,1982-83,Hertha BSC,Fortuna Düsseldorf,1,1
1982-09-18,1982-83:de.1:56:Hamburger SV:Arminia Bielefeld,de.1,1982-83,Hamburger SV,Arminia Bielefeld,3,1
1982-09-24,1982-83:de.1:57:1. FC Nürnberg:Borussia Dortmund,de.1,1982-83,1. FC Nürnberg,Borussia Dortmund,3,2
1982-09-25,1982-83:de.1:58:Werder Bremen:1. FC Kaiserslautern,de.1,1982-83,Werder Bremen,1. FC Kaiserslautern,3,0
1982-09-25,1982-83:de.1:59:VfL Bochum:Bayern München,de.1,1982-83,VfL Bochum,Bayern München,0,0
1982-09-25,1982-83:de.1:60:Bayer 04 Leverkusen:VfB Stuttgart,de.1,1982-83,Bayer 04 Leverkusen,VfB Stuttgart,0,3
1982-09-25,1982-83:de.1:61:Karlsruher SC:Hertha BSC,de.1,1982-83,Karlsruher SC,Hertha BSC,1,1
1982-09-25,1982-83:de.1:62:Eintracht Braunschweig:FC Schalke 04,de.1,1982-83,Eintracht Braunschweig,FC Schalke 04,1,1
1982-09-25,1982-83:de.1:63:Arminia Bielefeld:Bor. Mönchengladbach,de.1,1982-83,Arminia Bielefeld,Bor. Mönchengladbach,4,2
1982-09-25,1982-83:de.1:64:Fortuna Düsseldorf:1. FC Köln,de.1,1982-83,Fortuna Düsseldorf,1. FC Köln,2,6
1982-09-25,1982-83:de.1:65:Eintracht Frankfurt:Hamburger SV,de.1,1982-83,Eintracht Frankfurt,Hamburger SV,1,1
1982-10-02,1982-83:de.1:66:VfB Stuttgart:Arminia Bielefeld,de.1,1982-83,VfB Stuttgart,Arminia Bielefeld,2,2
1982-10-02,1982-83:de.1:67:Bayern München:Eintracht Braunschweig,de.1,1982-83,Bayern München,Eintracht Braunschweig,1,1
1982-10-02,1982-83:de.1:68:1. FC Kaiserslautern:Fortuna Düsseldorf,de.1,1982-83,1. FC Kaiserslautern,Fortuna Düsseldorf,3,1
1982-10-02,1982-83:de.1:69:1. FC Köln:Karlsruher SC,de.1,1982-83,1. FC Köln,Karlsruher SC,4,1
1982-10-02,1982-83:de.1:70:Hamburger SV:VfL Bochum,de.1,1982-83,Hamburger SV,VfL Bochum,0,0
1982-10-02,1982-83:de.1:71:Borussia Dortmund:Werder Bremen,de.1,1982-83,Borussia Dortmund,Werder Bremen,0,0
1982-10-08,1982-83:de.1:72:Werder Bremen:FC Schalke 04,de.1,1982-83,Werder Bremen,FC Schalke 04,4,0
1982-10-09,1982-83:de.1:73:Eintracht Frankfurt:VfB Stuttgart,de.1,1982-83,Eintracht Frankfurt,VfB Stuttgart,3,0
1982-10-09,1982-83:de.1:74:Fortuna Düsseldorf:Borussia Dortmund,de.1,1982-83,Fortuna Düsseldorf,Borussia Dortmund,2,3
1982-10-09,1982-83:de.1:75:Bayer 04 Leverkusen:1. FC Köln,de.1,1982-83,Bayer 04 Leverkusen,1. FC Köln,0,0
1982-10-09,1982-83:de.1:76:Karlsruher SC:1. FC Kaiserslautern,de.1,1982-83,Karlsruher SC,1. FC Kaiserslautern,1,1
1982-10-09,1982-83:de.1:77:Arminia Bielefeld:Hertha BSC,de.1,1982-83,Arminia Bielefeld,Hertha BSC,2,1
1982-10-09,1982-83:de.1:78:Bayern München:Hamburger SV,de.1,1982-83,Bayern München,Hamburger SV,2,2
1982-10-09,1982-83:de.1:79:VfL Bochum:Bor. Mönchengladbach,de.1,1982-83,VfL Bochum,Bor. Mönchengladbach,3,1
1982-10-09,1982-83:de.1:80:Eintracht Braunschweig:1. FC Nürnberg,de.1,1982-83,Eintracht Braunschweig,1. FC Nürnberg,2,2
1982-10-22,1982-83:de.1:81:FC Schalke 04:Fortuna Düsseldorf,de.1,1982-83,FC Schalke 04,Fortuna Düsseldorf,3,3
1982-10-23,1982-83:de.1:82:VfB Stuttgart:VfL Bochum,de.1,1982-83,VfB Stuttgart,VfL Bochum,5,2
1982-10-23,1982-83:de.1:83:Bor. Mönchengladbach:Bayern München,de.1,1982-83,Bor. Mönchengladbach,Bayern München,0,0
1982-10-23,1982-83:de.1:84:1. FC Köln:Arminia Bielefeld,de.1,1982-83,1. FC Köln,Arminia Bielefeld,1,0
1982-10-23,1982-83:de.1:85:Borussia Dortmund:Karlsruher SC,de.1,1982-83,Borussia Dortmund,Karlsruher SC,4,3
1982-10-23,1982-83:de.1:86:1. FC Kaiserslautern:Bayer 04 Leverkusen,de.1,1982-83,1. FC Kaiserslautern,Bayer 04 Leverkusen,2,0
1982-10-23,1982-83:de.1:87:Hamburger SV:Eintracht Braunschweig,de.1,1982-83,Hamburger SV,Eintracht Braunschweig,4,0
1982-10-23,1982-83:de.1:88:1. FC Nürnberg:Werder Bremen,de.1,1982-83,1. FC Nürnberg,Werder Bremen,2,0
1982-10-23,1982-83:de.1:89:Hertha BSC:Eintracht Frankfurt,de.1,1982-83,Hertha BSC,Eintracht Frankfurt,1,0
1982-10-30,1982-83:de.1:90:Fortuna Düsseldorf:1. FC Nürnberg,de.1,1982-83,Fortuna Düsseldorf,1. FC Nürnberg,3,1
1982-10-30,1982-83:de.1:91:Eintracht Frankfurt:1. FC Köln,de.1,1982-83,Eintracht Frankfurt,1. FC Köln,3,0
1982-10-30,1982-83:de.1:92:Arminia Bielefeld:1. FC Kaiserslautern,de.1,1982-83,Arminia Bielefeld,1. FC Kaiserslautern,2,2
1982-10-30,1982-83:de.1:93:Karlsruher SC:FC Schalke 04,de.1,1982-83,Karlsruher SC,FC Schalke 04,2,2
1982-10-30,1982-83:de.1:94:Bayer 04 Leverkusen:Borussia Dortmund,de.1,1982-83,Bayer 04 Leverkusen,Borussia Dortmund,1,2
1982-10-30,1982-83:de.1:95:Eintracht Braunschweig:Werder Bremen,de.1,1982-83,Eintracht Braunschweig,Werder Bremen,3,1
1982-10-30,1982-83:de.1:96:Bayern München:VfB Stuttgart,de.1,1982-83,Bayern München,VfB Stuttgart,4,0
1982-10-30,1982-83:de.1:97:VfL Bochum:Hertha BSC,de.1,1982-83,VfL Bochum,Hertha BSC,4,0
1982-10-30,1982-83:de.1:98:Hamburger SV:Bor. Mönchengladbach,de.1,1982-83,Hamburger SV,Bor. Mönchengladbach,4,3
1982-11-05,1982-83:de.1:100:FC Schalke 04:Bayer 04 Leverkusen,de.1,1982-83,FC Schalke 04,Bayer 04 Leverkusen,2,0
1982-11-05,1982-83:de.1:99:Bor. Mönchengladbach:Eintracht Braunschweig,de.1,1982-83,Bor. Mönchengladbach,Eintracht Braunschweig,3,0
1982-11-06,1982-83:de.1:101:1. FC Köln:VfL Bochum,de.1,1982-83,1. FC Köln,VfL Bochum,4,1
1982-11-06,1982-83:de.1:102:VfB Stuttgart:Hamburger SV,de.1,1982-83,VfB Stuttgart,Hamburger SV,1,2
1982-11-06,1982-83:de.1:103:1. FC Kaiserslautern:Eintracht Frankfurt,de.1,1982-83,1. FC Kaiserslautern,Eintracht Frankfurt,3,0
1982-11-06,1982-83:de.1:104:Hertha BSC:Bayern München,de.1,1982-83,Hertha BSC,Bayern München,1,3
1982-11-06,1982-83:de.1:105:Werder Bremen:Fortuna Düsseldorf,de.1,1982-83,Werder Bremen,Fortuna Düsseldorf,2,2
1982-11-06,1982-83:de.1:106:1. FC Nürnberg:Karlsruher SC,de.1,1982-83,1. FC Nürnberg,Karlsruher SC,3,1
1982-11-06,1982-83:de.1:107:Borussia Dortmund:Arminia Bielefeld,de.1,1982-83,Borussia Dortmund,Arminia Bielefeld,11,1
1982-11-09,1982-83:de.1:108:Eintracht Braunschweig:1. FC Kaiserslautern,de.1,1982-83,Eintracht Braunschweig,1. FC Kaiserslautern,1,1
1982-11-13,1982-83:de.1:109:Bayer 04 Leverkusen:1. FC Nürnberg,de.1,1982-83,Bayer 04 Leverkusen,1. FC Nürnberg,1,0
1982-11-13,1982-83:de.1:110:Karlsruher SC:Werder Bremen,de.1,1982-83,Karlsruher SC,Werder Bremen,1,2
1982-11-13,1982-83:de.1:111:Bor. Mönchengladbach:VfB Stuttgart,de.1,1982-83,Bor. Mönchengladbach,VfB Stuttgart,1,4
1982-11-13,1982-83:de.1:112:Hamburger SV:Hertha BSC,de.1,1982-83,Hamburger SV,Hertha BSC,1,1
1982-11-13,1982-83:de.1:113:Bayern München:1. FC Köln,de.1,1982-83,Bayern München,1. FC Köln,0,1
1982-11-13,1982-83:de.1:114:VfL Bochum:1. FC Kaiserslautern,de.1,1982-83,VfL Bochum,1. FC Kaiserslautern,1,1
1982-11-13,1982-83:de.1:115:Eintracht Frankfurt:Borussia Dortmund,de.1,1982-83,Eintracht Frankfurt,Borussia Dortmund,3,1
1982-11-13,1982-83:de.1:116:Arminia Bielefeld:FC Schalke 04,de.1,1982-83,Arminia Bielefeld,FC Schalke 04,3,2
1982-11-13,1982-83:de.1:117:Eintracht Braunschweig:Fortuna Düsseldorf,de.1,1982-83,Eintracht Braunschweig,Fortuna Düsseldorf,2,1
1982-11-19,1982-83:de.1:118:Borussia Dortmund:VfL Bochum,de.1,1982-83,Borussia Dortmund,VfL Bochum,3,1
1982-11-20,1982-83:de.1:119:1. FC Köln:Hamburger SV,de.1,1982-83,1. FC Köln,Hamburger SV,1,1
1982-11-20,1982-83:de.1:120:VfB Stuttgart:Eintracht Braunschweig,de.1,1982-83,VfB Stuttgart,Eintracht Braunschweig,4,0
1982-11-20,1982-83:de.1:121:Fortuna Düsseldorf:Karlsruher SC,de.1,1982-83,Fortuna Düsseldorf,Karlsruher SC,4,3
1982-11-20,1982-83:de.1:122:Werder Bremen:Bayer 04 Leverkusen,de.1,1982-83,Werder Bremen,Bayer 04 Leverkusen,3,1
1982-11-20,1982-83:de.1:123:1. FC Nürnberg:Arminia Bielefeld,de.1,1982-83,1. FC Nürnberg,Arminia Bielefeld,1,1
1982-11-20,1982-83:de.1:124:FC Schalke 04:Eintracht Frankfurt,de.1,1982-83,FC Schalke 04,Eintracht Frankfurt,3,2
1982-11-20,1982-83:de.1:125:1. FC Kaiserslautern:Bayern München,de.1,1982-83,1. FC Kaiserslautern,Bayern München,3,2
1982-11-20,1982-83:de.1:126:Hertha BSC:Bor. Mönchengladbach,de.1,1982-83,Hertha BSC,Bor. Mönchengladbach,0,2
1982-11-27,1982-83:de.1:127:Bayer 04 Leverkusen:Fortuna Düsseldorf,de.1,1982-83,Bayer 04 Leverkusen,Fortuna Düsseldorf,3,3
1982-11-27,1982-83:de.1:128:Karlsruher SC:Eintracht Braunschweig,de.1,1982-83,Karlsruher SC,Eintracht Braunschweig,3,1
1982-11-27,1982-83:de.1:129:Bor. Mönchengladbach:1. FC Köln,de.1,1982-83,Bor. Mönchengladbach,1. FC Köln,1,4
1982-11-27,1982-83:de.1:130:Hamburger SV:1. FC Kaiserslautern,de.1,1982-83,Hamburger SV,1. FC Kaiserslautern,1,1
1982-11-27,1982-83:de.1:131:Bayern München:Borussia Dortmund,de.1,1982-83,Bayern München,Borussia Dortmund,3,0
1982-11-27,1982-83:de.1:132:VfL Bochum:FC Schalke 04,de.1,1982-83,VfL Bochum,FC Schalke 04,2,1
1982-11-27,1982-83:de.1:133:Eintracht Frankfurt:1. FC Nürnberg,de.1,1982-83,Eintracht Frankfurt,1. FC Nürnberg,3,0
1982-11-27,1982-83:de.1:134:Arminia Bielefeld:Werder Bremen,de.1,1982-83,Arminia Bielefeld,Werder Bremen,1,2
1982-11-27,1982-83:de.1:135:Hertha BSC:VfB Stuttgart,de.1,1982-83,Hertha BSC,VfB Stuttgart,1,0
1982-12-03,1982-83:de.1:136:Eintracht Braunschweig:Hertha BSC,de.1,1982-83,Eintracht Braunschweig,Hertha BSC,1,0
1982-12-04,1982-83:de.1:137:1. FC Köln:VfB Stuttgart,de.1,1982-83,1. FC Köln,VfB Stuttgart,1,2
1982-12-04,1982-83:de.1:138:Karlsruher SC:Bayer 04 Leverkusen,de.1,1982-83,Karlsruher SC,Bayer 04 Leverkusen,2,2
1982-12-04,1982-83:de.1:139:Fortuna Düsseldorf:Arminia Bielefeld,de.1,1982-83,Fortuna Düsseldorf,Arminia Bielefeld,2,0
1982-12-04,1982-83:de.1:140:Werder Bremen:Eintracht Frankfurt,de.1,1982-83,Werder Bremen,Eintracht Frankfurt,3,0
1982-12-04,1982-83:de.1:141:1. FC Nürnberg:VfL Bochum,de.1,1982-83,1. FC Nürnberg,VfL Bochum,1,1
1982-12-04,1982-83:de.1:142:Borussia Dortmund:Hamburger SV,de.1,1982-83,Borussia Dortmund,Hamburger SV,1,3
1982-12-04,1982-83:de.1:143:1. FC Kaiserslautern:Bor. Mönchengladbach,de.1,1982-83,1. FC Kaiserslautern,Bor. Mönchengladbach,3,0
1982-12-04,1982-83:de.1:144:FC Schalke 04:Bayern München,de.1,1982-83,FC Schalke 04,Bayern München,1,2
1982-12-10,1982-83:de.1:145:Bor. Mönchengladbach:Borussia Dortmund,de.1,1982-83,Bor. Mönchengladbach,Borussia Dortmund,2,3
1982-12-11,1982-83:de.1:146:Bayer 04 Leverkusen:Eintracht Braunschweig,de.1,1982-83,Bayer 04 Leverkusen,Eintracht Braunschweig,1,0
1982-12-11,1982-83:de.1:147:VfB Stuttgart:1. FC Kaiserslautern,de.1,1982-83,VfB Stuttgart,1. FC Kaiserslautern,1,1
1982-12-11,1982-83:de.1:148:Hamburger SV:FC Schalke 04,de.1,1982-83,Hamburger SV,FC Schalke 04,6,2
1982-12-11,1982-83:de.1:149:Bayern München:1. FC Nürnberg,de.1,1982-83,Bayern München,1. FC Nürnberg,1,0
1982-12-11,1982-83:de.1:150:VfL Bochum:Werder Bremen,de.1,1982-83,VfL Bochum,Werder Bremen,1,2
1982-12-11,1982-83:de.1:151:Eintracht Frankfurt:Fortuna Düsseldorf,de.1,1982-83,Eintracht Frankfurt,Fortuna Düsseldorf,2,2
1982-12-11,1982-83:de.1:152:Arminia Bielefeld:Karlsruher SC,de.1,1982-83,Arminia Bielefeld,Karlsruher SC,5,1
1982-12-11,1982-83:de.1:153:Hertha BSC:1. FC Köln,de.1,1982-83,Hertha BSC,1. FC Köln,0,0
1983-01-22,1982-83:de.1:154:Arminia Bielefeld:Bayer 04 Leverkusen,de.1,1982-83,Arminia Bielefeld,Bayer 04 Leverkusen,0,2
1983-01-22,1982-83:de.1:155:Eintracht Frankfurt:Karlsruher SC,de.1,1982-83,Eintracht Frankfurt,Karlsruher SC,2,0
1983-01-22,1982-83:de.1:156:VfL Bochum:Fortuna Düsseldorf,de.1,1982-83,VfL Bochum,Fortuna Düsseldorf,3,1
1983-01-22,1982-83:de.1:157:Bayern München:Werder Bremen,de.1,1982-83,Bayern München,Werder Bremen,1,1
1983-01-22,1982-83:de.1:158:Hamburger SV:1. FC Nürnberg,de.1,1982-83,Hamburger SV,1. FC Nürnberg,3,0
1983-01-22,1982-83:de.1:159:Bor. Mönchengladbach:FC Schalke 04,de.1,1982-83,Bor. Mönchengladbach,FC Schalke 04,0,0
1983-01-22,1982-83:de.1:160:VfB Stuttgart:Borussia Dortmund,de.1,1982-83,VfB Stuttgart,Borussia Dortmund,2,1
1983-01-22,1982-83:de.1:161:Hertha BSC:1. FC Kaiserslautern,de.1,1982-83,Hertha BSC,1. FC Kaiserslautern,0,0
1983-01-22,1982-83:de.1:162:1. FC Köln:Eintracht Braunschweig,de.1,1982-83,1. FC Köln,Eintracht Braunschweig,3,1
1983-01-29,1982-83:de.1:163:1. FC Kaiserslautern:1. FC Köln,de.1,1982-83,1. FC Kaiserslautern,1. FC Köln,3,2
1983-01-29,1982-83:de.1:164:FC Schalke 04:VfB Stuttgart,de.1,1982-83,FC Schalke 04,VfB Stuttgart,1,3
1983-01-29,1982-83:de.1:165:1. FC Nürnberg:Bor. Mönchengladbach,de.1,1982-83,1. FC Nürnberg,Bor. Mönchengladbach,1,0
1983-01-29,1982-83:de.1:166:Werder Bremen:Hamburger SV,de.1,1982-83,Werder Bremen,Hamburger SV,3,2
1983-01-29,1982-83:de.1:167:Fortuna Düsseldorf:Bayern München,de.1,1982-83,Fortuna Düsseldorf,Bayern München,3,5
1983-01-29,1982-83:de.1:168:Karlsruher SC:VfL Bochum,de.1,1982-83,Karlsruher SC,VfL Bochum,0,0
1983-01-29,1982-83:de.1:169:Bayer 04 Leverkusen:Eintracht Frankfurt,de.1,1982-83,Bayer 04 Leverkusen,Eintracht Frankfurt,1,1
1983-01-29,1982-83:de.1:170:Eintracht Braunschweig:Arminia Bielefeld,de.1,1982-83,Eintracht Braunschweig,Arminia Bielefeld,3,0
1983-01-29,1982-83:de.1:171:Borussia Dortmund:Hertha BSC,de.1,1982-83,Borussia Dortmund,Hertha BSC,2,1
1983-02-05,1982-83:de.1:172:Bayern München:Karlsruher SC,de.1,1982-83,Bayern München,Karlsruher SC,6,1
1983-02-05,1982-83:de.1:173:VfB Stuttgart:1. FC Nürnberg,de.1,1982-83,VfB Stuttgart,1. FC Nürnberg,3,0
1983-02-05,1982-83:de.1:174:Hertha BSC:FC Schalke 04,de.1,1982-83,Hertha BSC,FC Schalke 04,2,3
1983-02-05,1982-83:de.1:175:1. FC Köln:Borussia Dortmund,de.1,1982-83,1. FC Köln,Borussia Dortmund,2,2
1983-02-05,1982-83:de.1:176:1. FC Kaiserslautern:Eintracht Braunschweig,de.1,1982-83,1. FC Kaiserslautern,Eintracht Braunschweig,3,2
1983-02-12,1982-83:de.1:177:Eintracht Frankfurt:Arminia Bielefeld,de.1,1982-83,Eintracht Frankfurt,Arminia Bielefeld,2,1
1983-02-19,1982-83:de.1:178:FC Schalke 04:1. FC Köln,de.1,1982-83,FC Schalke 04,1. FC Köln,1,4
1983-02-19,1982-83:de.1:179:Bayer 04 Leverkusen:Bayern München,de.1,1982-83,Bayer 04 Leverkusen,Bayern München,1,1
1983-02-19,1982-83:de.1:180:Fortuna Düsseldorf:Bor. Mönchengladbach,de.1,1982-83,Fortuna Düsseldorf,Bor. Mönchengladbach,2,1
1983-02-19,1982-83:de.1:181:Eintracht Braunschweig:Eintracht Frankfurt,de.1,1982-83,Eintracht Braunschweig,Eintracht Frankfurt,1,0
1983-02-19,1982-83:de.1:182:Borussia Dortmund:1. FC Kaiserslautern,de.1,1982-83,Borussia Dortmund,1. FC Kaiserslautern,4,0
1983-02-19,1982-83:de.1:183:Arminia Bielefeld:VfL Bochum,de.1,1982-83,Arminia Bielefeld,VfL Bochum,1,1
1983-02-19,1982-83:de.1:184:1. FC Nürnberg:Hertha BSC,de.1,1982-83,1. FC Nürnberg,Hertha BSC,4,2
1983-02-19,1982-83:de.1:185:Karlsruher SC:Hamburger SV,de.1,1982-83,Karlsruher SC,Hamburger SV,1,2
1983-02-26,1982-83:de.1:186:Bayern München:Arminia Bielefeld,de.1,1982-83,Bayern München,Arminia Bielefeld,5,0
1983-02-26,1982-83:de.1:187:Borussia Dortmund:Eintracht Braunschweig,de.1,1982-83,Borussia Dortmund,Eintracht Braunschweig,3,2
1983-02-26,1982-83:de.1:188:VfL Bochum:Eintracht Frankfurt,de.1,1982-83,VfL Bochum,Eintracht Frankfurt,1,2
1983-02-26,1982-83:de.1:189:Hamburger SV:Bayer 04 Leverkusen,de.1,1982-83,Hamburger SV,Bayer 04 Leverkusen,3,0
1983-02-26,1982-83:de.1:190:VfB Stuttgart:Fortuna Düsseldorf,de.1,1982-83,VfB Stuttgart,Fortuna Düsseldorf,1,1
1983-03-01,1982-83:de.1:191:Bor. Mönchengladbach:Werder Bremen,de.1,1982-83,Bor. Mönchengladbach,Werder Bremen,1,2
1983-03-05,1982-83:de.1:192:Werder Bremen:1. FC Köln,de.1,1982-83,Werder Bremen,1. FC Köln,1,1
1983-03-05,1982-83:de.1:193:Karlsruher SC:VfB Stuttgart,de.1,1982-83,Karlsruher SC,VfB Stuttgart,1,2
1983-03-05,1982-83:de.1:194:Bayer 04 Leverkusen:Bor. Mönchengladbach,de.1,1982-83,Bayer 04 Leverkusen,Bor. Mönchengladbach,3,2
1983-03-05,1982-83:de.1:195:Arminia Bielefeld:Hamburger SV,de.1,1982-83,Arminia Bielefeld,Hamburger SV,2,0
1983-03-05,1982-83:de.1:196:Eintracht Frankfurt:Bayern München,de.1,1982-83,Eintracht Frankfurt,Bayern München,1,0
1983-03-05,1982-83:de.1:197:Eintracht Braunschweig:VfL Bochum,de.1,1982-83,Eintracht Braunschweig,VfL Bochum,0,2
1983-03-05,1982-83:de.1:198:FC Schalke 04:Borussia Dortmund,de.1,1982-83,FC Schalke 04,Borussia Dortmund,1,2
1983-03-05,1982-83:de.1:199:1. FC Nürnberg:1. FC Kaiserslautern,de.1,1982-83,1. FC Nürnberg,1. FC Kaiserslautern,1,1
1983-03-05,1982-83:de.1:200:Fortuna Düsseldorf:Hertha BSC,de.1,1982-83,Fortuna Düsseldorf,Hertha BSC,1,1
1983-03-08,1982-83:de.1:201:Hamburger SV:Fortuna Düsseldorf,de.1,1982-83,Hamburger SV,Fortuna Düsseldorf,2,0
1983-03-11,1982-83:de.1:202:Borussia Dortmund:1. FC Nürnberg,de.1,1982-83,Borussia Dortmund,1. FC Nürnberg,4,0
1983-03-12,1982-83:de.1:203:VfB Stuttgart:Bayer 04 Leverkusen,de.1,1982-83,VfB Stuttgart,Bayer 04 Leverkusen,5,3
1983-03-12,1982-83:de.1:204:Hertha BSC:Karlsruher SC,de.1,1982-83,Hertha BSC,Karlsruher SC,5,2
1983-03-12,1982-83:de.1:205:Bayern München:VfL Bochum,de.1,1982-83,Bayern München,VfL Bochum,3,0
1983-03-12,1982-83:de.1:206:Hamburger SV:Eintracht Frankfurt,de.1,1982-83,Hamburger SV,Eintracht Frankfurt,3,0
1983-03-12,1982-83:de.1:207:Bor. Mönchengladbach:Arminia Bielefeld,de.1,1982-83,Bor. Mönchengladbach,Arminia Bielefeld,3,0
1983-03-12,1982-83:de.1:208:1. FC Köln:Fortuna Düsseldorf,de.1,1982-83,1. FC Köln,Fortuna Düsseldorf,4,0
1983-03-12,1982-83:de.1:209:1. FC Kaiserslautern:Werder Bremen,de.1,1982-83,1. FC Kaiserslautern,Werder Bremen,2,1
1983-03-18,1982-83:de.1:210:1. FC Nürnberg:FC Schalke 04,de.1,1982-83,1. FC Nürnberg,FC Schalke 04,3,2
1983-03-18,1982-83:de.1:211:Werder Bremen:Borussia Dortmund,de.1,1982-83,Werder Bremen,Borussia Dortmund,4,2
1983-03-19,1982-83:de.1:212:Fortuna Düsseldorf:1. FC Kaiserslautern,de.1,1982-83,Fortuna Düsseldorf,1. FC Kaiserslautern,2,1
1983-03-19,1982-83:de.1:213:VfL Bochum:Hamburger SV,de.1,1982-83,VfL Bochum,Hamburger SV,1,1
1983-03-19,1982-83:de.1:214:Bayer 04 Leverkusen:Hertha BSC,de.1,1982-83,Bayer 04 Leverkusen,Hertha BSC,2,1
1983-03-19,1982-83:de.1:215:Karlsruher SC:1. FC Köln,de.1,1982-83,Karlsruher SC,1. FC Köln,1,1
1983-03-19,1982-83:de.1:216:Eintracht Braunschweig:Bayern München,de.1,1982-83,Eintracht Braunschweig,Bayern München,1,1
1983-03-19,1982-83:de.1:217:Eintracht Frankfurt:Bor. Mönchengladbach,de.1,1982-83,Eintracht Frankfurt,Bor. Mönchengladbach,3,0
1983-03-22,1982-83:de.1:218:Werder Bremen:VfB Stuttgart,de.1,1982-83,Werder Bremen,VfB Stuttgart,3,2
1983-03-22,1982-83:de.1:219:1. FC Köln:1. FC Nürnberg,de.1,1982-83,1. FC Köln,1. FC Nürnberg,5,2
1983-03-22,1982-83:de.1:220:FC Schalke 04:Eintracht Braunschweig,de.1,1982-83,FC Schalke 04,Eintracht Braunschweig,3,3
1983-03-25,1982-83:de.1:221:Borussia Dortmund:Fortuna Düsseldorf,de.1,1982-83,Borussia Dortmund,Fortuna Düsseldorf,1,2
1983-03-25,1982-83:de.1:222:Hertha BSC:Arminia Bielefeld,de.1,1982-83,Hertha BSC,Arminia Bielefeld,2,0
1983-03-26,1982-83:de.1:223:1. FC Kaiserslautern:Karlsruher SC,de.1,1982-83,1. FC Kaiserslautern,Karlsruher SC,7,0
1983-03-26,1982-83:de.1:224:Hamburger SV:Bayern München,de.1,1982-83,Hamburger SV,Bayern München,1,1
1983-03-26,1982-83:de.1:225:Bor. Mönchengladbach:VfL Bochum,de.1,1982-83,Bor. Mönchengladbach,VfL Bochum,3,1
1983-03-26,1982-83:de.1:226:FC Schalke 04:Werder Bremen,de.1,1982-83,FC Schalke 04,Werder Bremen,0,2
1983-03-26,1982-83:de.1:227:VfB Stuttgart:Eintracht Frankfurt,de.1,1982-83,VfB Stuttgart,Eintracht Frankfurt,4,1
1983-03-26,1982-83:de.1:228:1. FC Nürnberg:Eintracht Braunschweig,de.1,1982-83,1. FC Nürnberg,Eintracht Braunschweig,0,0
1983-04-02,1982-83:de.1:229:Bor. Mönchengladbach:Karlsruher SC,de.1,1982-83,Bor. Mönchengladbach,Karlsruher SC,5,0
1983-04-02,1982-83:de.1:230:Hertha BSC:Werder Bremen,de.1,1982-83,Hertha BSC,Werder Bremen,0,1
1983-04-02,1982-83:de.1:231:VfL Bochum:Bayer 04 Leverkusen,de.1,1982-83,VfL Bochum,Bayer 04 Leverkusen,3,2
1983-04-02,1982-83:de.1:232:1. FC Kaiserslautern:FC Schalke 04,de.1,1982-83,1. FC Kaiserslautern,FC Schalke 04,2,0
1983-04-08,1982-83:de.1:233:Werder Bremen:1. FC Nürnberg,de.1,1982-83,Werder Bremen,1. FC Nürnberg,3,2
1983-04-08,1982-83:de.1:234:Bayer 04 Leverkusen:1. FC Kaiserslautern,de.1,1982-83,Bayer 04 Leverkusen,1. FC Kaiserslautern,0,0
1983-04-09,1982-83:de.1:235:Eintracht Braunschweig:Hamburger SV,de.1,1982-83,Eintracht Braunschweig,Hamburger SV,2,4
1983-04-09,1982-83:de.1:236:Bayern München:Bor. Mönchengladbach,de.1,1982-83,Bayern München,Bor. Mönchengladbach,3,1
1983-04-09,1982-83:de.1:237:Eintracht Frankfurt:Hertha BSC,de.1,1982-83,Eintracht Frankfurt,Hertha BSC,3,1
1983-04-09,1982-83:de.1:238:Fortuna Düsseldorf:FC Schalke 04,de.1,1982-83,Fortuna Düsseldorf,FC Schalke 04,3,1
1983-04-09,1982-83:de.1:239:Arminia Bielefeld:1. FC Köln,de.1,1982-83,Arminia Bielefeld,1. FC Köln,2,0
1983-04-09,1982-83:de.1:240:VfL Bochum:VfB Stuttgart,de.1,1982-83,VfL Bochum,VfB Stuttgart,2,2
1983-04-15,1982-83:de.1:241:Borussia Dortmund:Bayer 04 Leverkusen,de.1,1982-83,Borussia Dortmund,Bayer 04 Leverkusen,3,3
1983-04-15,1982-83:de.1:242:1. FC Nürnberg:Fortuna Düsseldorf,de.1,1982-83,1. FC Nürnberg,Fortuna Düsseldorf,3,1
1983-04-15,1982-83:de.1:243:1. FC Kaiserslautern:Arminia Bielefeld,de.1,1982-83,1. FC Kaiserslautern,Arminia Bielefeld,3,0
1983-04-16,1982-83:de.1:244:Bor. Mönchengladbach:Hamburger SV,de.1,1982-83,Bor. Mönchengladbach,Hamburger SV,1,1
1983-04-16,1982-83:de.1:245:Hertha BSC:VfL Bochum,de.1,1982-83,Hertha BSC,VfL Bochum,1,1
1983-04-16,1982-83:de.1:246:FC Schalke 04:Karlsruher SC,de.1,1982-83,FC Schalke 04,Karlsruher SC,1,0
1983-04-16,1982-83:de.1:247:1. FC Köln:Eintracht Frankfurt,de.1,1982-83,1. FC Köln,Eintracht Frankfurt,2,2
1983-04-16,1982-83:de.1:248:VfB Stuttgart:Bayern München,de.1,1982-83,VfB Stuttgart,Bayern München,1,1
1983-04-16,1982-83:de.1:249:Werder Bremen:Eintracht Braunschweig,de.1,1982-83,Werder Bremen,Eintracht Braunschweig,6,0
1983-04-19,1982-83:de.1:250:Karlsruher SC:Borussia Dortmund,de.1,1982-83,Karlsruher SC,Borussia Dortmund,2,0
1983-04-19,1982-83:de.1:251:1. FC Köln:Bayer 04 Leverkusen,de.1,1982-83,1. FC Köln,Bayer 04 Leverkusen,4,1
1983-04-29,1982-83:de.1:252:Karlsruher SC:1. FC Nürnberg,de.1,1982-83,Karlsruher SC,1. FC Nürnberg,2,1
1983-04-29,1982-83:de.1:253:Arminia Bielefeld:Borussia Dortmund,de.1,1982-83,Arminia Bielefeld,Borussia Dortmund,1,0
1983-04-30,1982-83:de.1:254:Eintracht Braunschweig:Bor. Mönchengladbach,de.1,1982-83,Eintracht Braunschweig,Bor. Mönchengladbach,0,0
1983-04-30,1982-83:de.1:255:Fortuna Düsseldorf:Werder Bremen,de.1,1982-83,Fortuna Düsseldorf,Werder Bremen,2,5
1983-04-30,1982-83:de.1:256:Bayern München:Hertha BSC,de.1,1982-83,Bayern München,Hertha BSC,4,0
1983-04-30,1982-83:de.1:257:VfL Bochum:1. FC Köln,de.1,1982-83,VfL Bochum,1. FC Köln,0,0
1983-04-30,1982-83:de.1:258:Hamburger SV:VfB Stuttgart,de.1,1982-83,Hamburger SV,VfB Stuttgart,2,0
1983-04-30,1982-83:de.1:259:Bayer 04 Leverkusen:FC Schalke 04,de.1,1982-83,Bayer 04 Leverkusen,FC Schalke 04,3,1
1983-04-30,1982-83:de.1:260:Eintracht Frankfurt:1. FC Kaiserslautern,de.1,1982-83,Eintracht Frankfurt,1. FC Kaiserslautern,2,2
1983-05-03,1982-83:de.1:261:Arminia Bielefeld:VfB Stuttgart,de.1,1982-83,Arminia Bielefeld,VfB Stuttgart,2,2
1983-05-06,1982-83:de.1:262:VfB Stuttgart:Bor. Mönchengladbach,de.1,1982-83,VfB Stuttgart,Bor. Mönchengladbach,3,2
1983-05-06,1982-83:de.1:263:Hertha BSC:Hamburger SV,de.1,1982-83,Hertha BSC,Hamburger SV,1,2
1983-05-06,1982-83:de.1:264:Fortuna Düsseldorf:Eintracht Braunschweig,de.1,1982-83,Fortuna Düsseldorf,Eintracht Braunschweig,5,0
1983-05-07,1982-83:de.1:265:1. FC Nürnberg:Bayer 04 Leverkusen,de.1,1982-83,1. FC Nürnberg,Bayer 04 Leverkusen,0,1
1983-05-07,1982-83:de.1:266:Werder Bremen:Karlsruher SC,de.1,1982-83,Werder Bremen,Karlsruher SC,3,0
1983-05-07,1982-83:de.1:267:1. FC Köln:Bayern München,de.1,1982-83,1. FC Köln,Bayern München,2,0
1983-05-07,1982-83:de.1:268:1. FC Kaiserslautern:VfL Bochum,de.1,1982-83,1. FC Kaiserslautern,VfL Bochum,1,0
1983-05-07,1982-83:de.1:269:Borussia Dortmund:Eintracht Frankfurt,de.1,1982-83,Borussia Dortmund,Eintracht Frankfurt,4,1
1983-05-07,1982-83:de.1:270:FC Schalke 04:Arminia Bielefeld,de.1,1982-83,FC Schalke 04,Arminia Bielefeld,5,0
1983-05-13,1982-83:de.1:271:Arminia Bielefeld:1. FC Nürnberg,de.1,1982-83,Arminia Bielefeld,1. FC Nürnberg,3,0
1983-05-13,1982-83:de.1:272:Karlsruher SC:Fortuna Düsseldorf,de.1,1982-83,Karlsruher SC,Fortuna Düsseldorf,2,1
1983-05-13,1982-83:de.1:273:Bayer 04 Leverkusen:Werder Bremen,de.1,1982-83,Bayer 04 Leverkusen,Werder Bremen,1,1
1983-05-14,1982-83:de.1:274:Hamburger SV:1. FC Köln,de.1,1982-83,Hamburger SV,1. FC Köln,2,1
1983-05-14,1982-83:de.1:275:Eintracht Braunschweig:VfB Stuttgart,de.1,1982-83,Eintracht Braunschweig,VfB Stuttgart,1,2
1983-05-14,1982-83:de.1:276:Eintracht Frankfurt:FC Schalke 04,de.1,1982-83,Eintracht Frankfurt,FC Schalke 04,3,2
1983-05-14,1982-83:de.1:277:VfL Bochum:Borussia Dortmund,de.1,1982-83,VfL Bochum,Borussia Dortmund,2,2
1983-05-14,1982-83:de.1:278:Bayern München:1. FC Kaiserslautern,de.1,1982-83,Bayern München,1. FC Kaiserslautern,0,1
1983-05-14,1982-83:de.1:279:Bor. Mönchengladbach:Hertha BSC,de.1,1982-83,Bor. Mönchengladbach,Hertha BSC,3,1
1983-05-20,1982-83:de.1:280:1. FC Köln:Bor. Mönchengladbach,de.1,1982-83,1. FC Köln,Bor. Mönchengladbach,2,1
1983-05-20,1982-83:de.1:281:FC Schalke 04:VfL Bochum,de.1,1982-83,FC Schalke 04,VfL Bochum,2,0
1983-05-20,1982-83:de.1:282:VfB Stuttgart:Hertha BSC,de.1,1982-83,VfB Stuttgart,Hertha BSC,4,1
1983-05-21,1982-83:de.1:283:Fortuna Düsseldorf:Bayer 04 Leverkusen,de.1,1982-83,Fortuna Düsseldorf,Bayer 04 Leverkusen,4,0
1983-05-21,1982-83:de.1:284:Eintracht Braunschweig:Karlsruher SC,de.1,1982-83,Eintracht Braunschweig,Karlsruher SC,5,1
1983-05-21,1982-83:de.1:285:1. FC Kaiserslautern:Hamburger SV,de.1,1982-83,1. FC Kaiserslautern,Hamburger SV,2,2
1983-05-21,1982-83:de.1:286:Borussia Dortmund:Bayern München,de.1,1982-83,Borussia Dortmund,Bayern München,4,4
1983-05-21,1982-83:de.1:287:1. FC Nürnberg:Eintracht Frankfurt,de.1,1982-83,1. FC Nürnberg,Eintracht Frankfurt,3,0
1983-05-21,1982-83:de.1:288:Werder Bremen:Arminia Bielefeld,de.1,1982-83,Werder Bremen,Arminia Bielefeld,5,1
1983-05-28,1982-83:de.1:289:VfB Stuttgart:1. FC Köln,de.1,1982-83,VfB Stuttgart,1. FC Köln,2,1
1983-05-28,1982-83:de.1:290:Bayer 04 Leverkusen:Karlsruher SC,de.1,1982-83,Bayer 04 Leverkusen,Karlsruher SC,3,1
1983-05-28,1982-83:de.1:291:Arminia Bielefeld:Fortuna Düsseldorf,de.1,1982-83,Arminia Bielefeld,Fortuna Düsseldorf,2,1
1983-05-28,1982-83:de.1:292:Eintracht Frankfurt:Werder Bremen,de.1,1982-83,Eintracht Frankfurt,Werder Bremen,0,1
1983-05-28,1982-83:de.1:293:VfL Bochum:1. FC Nürnberg,de.1,1982-83,VfL Bochum,1. FC Nürnberg,6,0
1983-05-28,1982-83:de.1:294:Bayern München:FC Schalke 04,de.1,1982-83,Bayern München,FC Schalke 04,0,1
1983-05-28,1982-83:de.1:295:Hamburger SV:Borussia Dortmund,de.1,1982-83,Hamburger SV,Borussia Dortmund,5,0
1983-05-28,1982-83:de.1:296:Bor. Mönchengladbach:1. FC Kaiserslautern,de.1,1982-83,Bor. Mönchengladbach,1. FC Kaiserslautern,4,2
1983-05-28,1982-83:de.1:297:Hertha BSC:Eintracht Braunschweig,de.1,1982-83,Hertha BSC,Eintracht Braunschweig,3,3
1983-06-04,1982-83:de.1:298:Eintracht Braunschweig:Bayer 04 Leverkusen,de.1,1982-83,Eintracht Braunschweig,Bayer 04 Leverkusen,1,3
1983-06-04,1982-83:de.1:299:1. FC Kaiserslautern:VfB Stuttgart,de.1,1982-83,1. FC Kaiserslautern,VfB Stuttgart,2,3
1983-06-04,1982-83:de.1:300:Borussia Dortmund:Bor. Mönchengladbach,de.1,1982-83,Borussia Dortmund,Bor. Mönchengladbach,4,6
1983-06-04,1982-83:de.1:301:FC Schalke 04:Hamburger SV,de.1,1982-83,FC Schalke 04,Hamburger SV,1,2
1983-06-04,1982-83:de.1:302:1. FC Nürnberg:Bayern München,de.1,1982-83,1. FC Nürnberg,Bayern München,2,3
1983-06-04,1982-83:de.1:303:Werder Bremen:VfL Bochum,de.1,1982-83,Werder Bremen,VfL Bochum,3,2
1983-06-04,1982-83:de.1:304:Fortuna Düsseldorf:Eintracht Frankfurt,de.1,1982-83,Fortuna Düsseldorf,Eintracht Frankfurt,5,1
1983-06-04,1982-83:de.1:305:Karlsruher SC:Arminia Bielefeld,de.1,1982-83,Karlsruher SC,Arminia Bielefeld,1,1
1983-06-04,1982-83:de.1:306:1. FC Köln:Hertha BSC,de.1,1982-83,1. FC Köln,Hertha BSC,3,2
1983-08-12,1983-84:de.1:1:Eintracht Frankfurt:Borussia Dortmund,de.1,1983-84,Eintracht Frankfurt,Borussia Dortmund,2,2
1983-08-13,1983-84:de.1:2:1. FC Köln:Arminia Bielefeld,de.1,1983-84,1. FC Köln,Arminia Bielefeld,2,3
1983-08-13,1983-84:de.1:3:1. FC Nürnberg:KFC Uerdingen,de.1,1983-84,1. FC Nürnberg,KFC Uerdingen,2,4
1983-08-13,1983-84:de.1:4:Bayern München:Bayer 04 Leverkusen,de.1,1983-84,Bayern München,Bayer 04 Leverkusen,2,1
1983-08-13,1983-84:de.1:5:Hamburger SV:1. FC Kaiserslautern,de.1,1983-84,Hamburger SV,1. FC Kaiserslautern,3,2
1983-08-13,1983-84:de.1:6:Bor. Mönchengladbach:Fortuna Düsseldorf,de.1,1983-84,Bor. Mönchengladbach,Fortuna Düsseldorf,1,1
1983-08-13,1983-84:de.1:7:VfB Stuttgart:Eintracht Braunschweig,de.1,1983-84,VfB Stuttgart,Eintracht Braunschweig,3,0
1983-08-13,1983-84:de.1:8:SV Waldhof Mannheim:Werder Bremen,de.1,1983-84,SV Waldhof Mannheim,Werder Bremen,2,0
1983-08-13,1983-84:de.1:9:VfL Bochum:Kickers Offenbach,de.1,1983-84,VfL Bochum,Kickers Offenbach,1,0
1983-08-16,1983-84:de.1:10:1. FC Kaiserslautern:Borussia Dortmund,de.1,1983-84,1. FC Kaiserslautern,Borussia Dortmund,2,2
1983-08-17,1983-84:de.1:11:Fortuna Düsseldorf:1. FC Köln,de.1,1983-84,Fortuna Düsseldorf,1. FC Köln,2,0
1983-08-19,1983-84:de.1:12:1. FC Kaiserslautern:VfB Stuttgart,de.1,1983-84,1. FC Kaiserslautern,VfB Stuttgart,2,2
1983-08-19,1983-84:de.1:13:KFC Uerdingen:Eintracht Frankfurt,de.1,1983-84,KFC Uerdingen,Eintracht Frankfurt,5,2
1983-08-20,1983-84:de.1:14:Arminia Bielefeld:Bayern München,de.1,1983-84,Arminia Bielefeld,Bayern München,1,3
1983-08-20,1983-84:de.1:15:Bayer 04 Leverkusen:1. FC Nürnberg,de.1,1983-84,Bayer 04 Leverkusen,1. FC Nürnberg,3,0
1983-08-20,1983-84:de.1:16:Borussia Dortmund:Hamburger SV,de.1,1983-84,Borussia Dortmund,Hamburger SV,1,2
1983-08-20,1983-84:de.1:17:Eintracht Braunschweig:SV Waldhof Mannheim,de.1,1983-84,Eintracht Braunschweig,SV Waldhof Mannheim,3,2
1983-08-20,1983-84:de.1:18:Werder Bremen:VfL Bochum,de.1,1983-84,Werder Bremen,VfL Bochum,5,2
1983-08-20,1983-84:de.1:19:Kickers Offenbach:Bor. Mönchengladbach,de.1,1983-84,Kickers Offenbach,Bor. Mönchengladbach,4,3
1983-08-23,1983-84:de.1:20:1. FC Nürnberg:Arminia Bielefeld,de.1,1983-84,1. FC Nürnberg,Arminia Bielefeld,2,0
1983-08-23,1983-84:de.1:21:Bayern München:Fortuna Düsseldorf,de.1,1983-84,Bayern München,Fortuna Düsseldorf,1,1
1983-08-23,1983-84:de.1:22:VfB Stuttgart:SV Waldhof Mannheim,de.1,1983-84,VfB Stuttgart,SV Waldhof Mannheim,0,0
1983-08-23,1983-84:de.1:23:VfL Bochum:Eintracht Braunschweig,de.1,1983-84,VfL Bochum,Eintracht Braunschweig,3,1
1983-08-24,1983-84:de.1:24:1. FC Köln:Kickers Offenbach,de.1,1983-84,1. FC Köln,Kickers Offenbach,1,0
1983-08-24,1983-84:de.1:25:Eintracht Frankfurt:Bayer 04 Leverkusen,de.1,1983-84,Eintracht Frankfurt,Bayer 04 Leverkusen,2,2
1983-08-24,1983-84:de.1:26:Bor. Mönchengladbach:Werder Bremen,de.1,1983-84,Bor. Mönchengladbach,Werder Bremen,3,1
1983-08-24,1983-84:de.1:27:Hamburger SV:KFC Uerdingen,de.1,1983-84,Hamburger SV,KFC Uerdingen,2,2
1983-08-30,1983-84:de.1:28:KFC Uerdingen:1. FC Kaiserslautern,de.1,1983-84,KFC Uerdingen,1. FC Kaiserslautern,3,1
1983-08-30,1983-84:de.1:29:Werder Bremen:1. FC Köln,de.1,1983-84,Werder Bremen,1. FC Köln,1,0
1983-08-31,1983-84:de.1:30:SV Waldhof Mannheim:VfL Bochum,de.1,1983-84,SV Waldhof Mannheim,VfL Bochum,3,3
1983-08-31,1983-84:de.1:31:Arminia Bielefeld:Eintracht Frankfurt,de.1,1983-84,Arminia Bielefeld,Eintracht Frankfurt,2,1
1983-08-31,1983-84:de.1:32:Fortuna Düsseldorf:1. FC Nürnberg,de.1,1983-84,Fortuna Düsseldorf,1. FC Nürnberg,2,1
1983-08-31,1983-84:de.1:33:Kickers Offenbach:Bayern München,de.1,1983-84,Kickers Offenbach,Bayern München,2,3
1983-08-31,1983-84:de.1:34:Borussia Dortmund:VfB Stuttgart,de.1,1983-84,Borussia Dortmund,VfB Stuttgart,0,3
1983-08-31,1983-84:de.1:35:Eintracht Braunschweig:Bor. Mönchengladbach,de.1,1983-84,Eintracht Braunschweig,Bor. Mönchengladbach,3,1
1983-09-02,1983-84:de.1:36:1. FC Kaiserslautern:Bayer 04 Leverkusen,de.1,1983-84,1. FC Kaiserslautern,Bayer 04 Leverkusen,3,0
1983-09-03,1983-84:de.1:37:Eintracht Frankfurt:Fortuna Düsseldorf,de.1,1983-84,Eintracht Frankfurt,Fortuna Düsseldorf,3,0
1983-09-03,1983-84:de.1:38:1. FC Nürnberg:Kickers Offenbach,de.1,1983-84,1. FC Nürnberg,Kickers Offenbach,4,0
1983-09-03,1983-84:de.1:39:Hamburger SV:Arminia Bielefeld,de.1,1983-84,Hamburger SV,Arminia Bielefeld,2,0
1983-09-03,1983-84:de.1:40:Bayern München:Werder Bremen,de.1,1983-84,Bayern München,Werder Bremen,0,0
1983-09-03,1983-84:de.1:41:Borussia Dortmund:KFC Uerdingen,de.1,1983-84,Borussia Dortmund,KFC Uerdingen,2,1
1983-09-03,1983-84:de.1:42:VfB Stuttgart:VfL Bochum,de.1,1983-84,VfB Stuttgart,VfL Bochum,4,2
1983-09-03,1983-84:de.1:43:1. FC Köln:Eintracht Braunschweig,de.1,1983-84,1. FC Köln,Eintracht Braunschweig,2,1
1983-09-03,1983-84:de.1:44:Bor. Mönchengladbach:SV Waldhof Mannheim,de.1,1983-84,Bor. Mönchengladbach,SV Waldhof Mannheim,3,0
1983-09-09,1983-84:de.1:45:Bayer 04 Leverkusen:Borussia Dortmund,de.1,1983-84,Bayer 04 Leverkusen,Borussia Dortmund,4,2
1983-09-10,1983-84:de.1:46:Kickers Offenbach:Eintracht Frankfurt,de.1,1983-84,Kickers Offenbach,Eintracht Frankfurt,2,1
1983-09-10,1983-84:de.1:47:Fortuna Düsseldorf:Hamburger SV,de.1,1983-84,Fortuna Düsseldorf,Hamburger SV,2,3
1983-09-10,1983-84:de.1:48:Eintracht Braunschweig:Bayern München,de.1,1983-84,Eintracht Braunschweig,Bayern München,1,2
1983-09-10,1983-84:de.1:49:SV Waldhof Mannheim:1. FC Köln,de.1,1983-84,SV Waldhof Mannheim,1. FC Köln,2,2
1983-09-10,1983-84:de.1:50:Werder Bremen:1. FC Nürnberg,de.1,1983-84,Werder Bremen,1. FC Nürnberg,2,0
1983-09-10,1983-84:de.1:51:Arminia Bielefeld:1. FC Kaiserslautern,de.1,1983-84,Arminia Bielefeld,1. FC Kaiserslautern,3,2
1983-09-10,1983-84:de.1:52:KFC Uerdingen:VfB Stuttgart,de.1,1983-84,KFC Uerdingen,VfB Stuttgart,3,2
1983-09-10,1983-84:de.1:53:VfL Bochum:Bor. Mönchengladbach,de.1,1983-84,VfL Bochum,Bor. Mönchengladbach,0,4
1983-09-13,1983-84:de.1:54:Bayer 04 Leverkusen:Hamburger SV,de.1,1983-84,Bayer 04 Leverkusen,Hamburger SV,2,0
1983-09-16,1983-84:de.1:55:1. FC Nürnberg:Eintracht Braunschweig,de.1,1983-84,1. FC Nürnberg,Eintracht Braunschweig,4,2
1983-09-17,1983-84:de.1:56:Hamburger SV:Kickers Offenbach,de.1,1983-84,Hamburger SV,Kickers Offenbach,6,0
1983-09-17,1983-84:de.1:57:Eintracht Frankfurt:Werder Bremen,de.1,1983-84,Eintracht Frankfurt,Werder Bremen,0,0
1983-09-17,1983-84:de.1:58:Bayern München:SV Waldhof Mannheim,de.1,1983-84,Bayern München,SV Waldhof Mannheim,6,0
1983-09-17,1983-84:de.1:59:1. FC Köln:VfL Bochum,de.1,1983-84,1. FC Köln,VfL Bochum,3,0
1983-09-17,1983-84:de.1:60:KFC Uerdingen:Bayer 04 Leverkusen,de.1,1983-84,KFC Uerdingen,Bayer 04 Leverkusen,2,1
1983-09-17,1983-84:de.1:61:Borussia Dortmund:Arminia Bielefeld,de.1,1983-84,Borussia Dortmund,Arminia Bielefeld,1,0
1983-09-17,1983-84:de.1:62:1. FC Kaiserslautern:Fortuna Düsseldorf,de.1,1983-84,1. FC Kaiserslautern,Fortuna Düsseldorf,5,2
1983-09-17,1983-84:de.1:63:VfB Stuttgart:Bor. Mönchengladbach,de.1,1983-84,VfB Stuttgart,Bor. Mönchengladbach,0,0
1983-09-23,1983-84:de.1:64:Kickers Offenbach:1. FC Kaiserslautern,de.1,1983-84,Kickers Offenbach,1. FC Kaiserslautern,3,2
1983-09-23,1983-84:de.1:65:Fortuna Düsseldorf:Borussia Dortmund,de.1,1983-84,Fortuna Düsseldorf,Borussia Dortmund,7,0
1983-09-23,1983-84:de.1:66:Werder Bremen:Hamburger SV,de.1,1983-84,Werder Bremen,Hamburger SV,0,0
1983-09-24,1983-84:de.1:67:Eintracht Braunschweig:Eintracht Frankfurt,de.1,1983-84,Eintracht Braunschweig,Eintracht Frankfurt,4,3
1983-09-24,1983-84:de.1:68:Arminia Bielefeld:KFC Uerdingen,de.1,1983-84,Arminia Bielefeld,KFC Uerdingen,3,1
1983-09-24,1983-84:de.1:69:Bayer 04 Leverkusen:VfB Stuttgart,de.1,1983-84,Bayer 04 Leverkusen,VfB Stuttgart,1,1
1983-09-24,1983-84:de.1:70:Bor. Mönchengladbach:1. FC Köln,de.1,1983-84,Bor. Mönchengladbach,1. FC Köln,4,2
1983-09-24,1983-84:de.1:71:VfL Bochum:Bayern München,de.1,1983-84,VfL Bochum,Bayern München,3,1
1983-09-24,1983-84:de.1:72:SV Waldhof Mannheim:1. FC Nürnberg,de.1,1983-84,SV Waldhof Mannheim,1. FC Nürnberg,1,0
1983-09-30,1983-84:de.1:73:1. FC Nürnberg:VfL Bochum,de.1,1983-84,1. FC Nürnberg,VfL Bochum,3,1
1983-10-01,1983-84:de.1:74:Bayer 04 Leverkusen:Arminia Bielefeld,de.1,1983-84,Bayer 04 Leverkusen,Arminia Bielefeld,0,0
1983-10-01,1983-84:de.1:75:Eintracht Frankfurt:SV Waldhof Mannheim,de.1,1983-84,Eintracht Frankfurt,SV Waldhof Mannheim,1,3
1983-10-01,1983-84:de.1:76:Bayern München:Bor. Mönchengladbach,de.1,1983-84,Bayern München,Bor. Mönchengladbach,4,0
1983-10-01,1983-84:de.1:77:VfB Stuttgart:1. FC Köln,de.1,1983-84,VfB Stuttgart,1. FC Köln,3,2
1983-10-01,1983-84:de.1:78:KFC Uerdingen:Fortuna Düsseldorf,de.1,1983-84,KFC Uerdingen,Fortuna Düsseldorf,1,3
1983-10-01,1983-84:de.1:79:Borussia Dortmund:Kickers Offenbach,de.1,1983-84,Borussia Dortmund,Kickers Offenbach,4,1
1983-10-01,1983-84:de.1:80:1. FC Kaiserslautern:Werder Bremen,de.1,1983-84,1. FC Kaiserslautern,Werder Bremen,3,3
1983-10-01,1983-84:de.1:81:Hamburger SV:Eintracht Braunschweig,de.1,1983-84,Hamburger SV,Eintracht Braunschweig,3,0
1983-10-14,1983-84:de.1:82:Kickers Offenbach:KFC Uerdingen,de.1,1983-84,Kickers Offenbach,KFC Uerdingen,3,2
1983-10-14,1983-84:de.1:83:Werder Bremen:Borussia Dortmund,de.1,1983-84,Werder Bremen,Borussia Dortmund,2,1
1983-10-15,1983-84:de.1:84:Eintracht Braunschweig:1. FC Kaiserslautern,de.1,1983-84,Eintracht Braunschweig,1. FC Kaiserslautern,4,0
1983-10-15,1983-84:de.1:85:Fortuna Düsseldorf:Bayer 04 Leverkusen,de.1,1983-84,Fortuna Düsseldorf,Bayer 04 Leverkusen,2,2
1983-10-15,1983-84:de.1:86:Arminia Bielefeld:VfB Stuttgart,de.1,1983-84,Arminia Bielefeld,VfB Stuttgart,0,0
1983-10-15,1983-84:de.1:87:1. FC Köln:Bayern München,de.1,1983-84,1. FC Köln,Bayern München,2,0
1983-10-15,1983-84:de.1:88:Bor. Mönchengladbach:1. FC Nürnberg,de.1,1983-84,Bor. Mönchengladbach,1. FC Nürnberg,2,0
1983-10-15,1983-84:de.1:89:VfL Bochum:Eintracht Frankfurt,de.1,1983-84,VfL Bochum,Eintracht Frankfurt,4,1
1983-10-15,1983-84:de.1:90:SV Waldhof Mannheim:Hamburger SV,de.1,1983-84,SV Waldhof Mannheim,Hamburger SV,0,1
1983-10-22,1983-84:de.1:91:Hamburger SV:VfL Bochum,de.1,1983-84,Hamburger SV,VfL Bochum,2,1
1983-10-22,1983-84:de.1:92:Eintracht Frankfurt:Bor. Mönchengladbach,de.1,1983-84,Eintracht Frankfurt,Bor. Mönchengladbach,1,1
1983-10-22,1983-84:de.1:93:1. FC Nürnberg:1. FC Köln,de.1,1983-84,1. FC Nürnberg,1. FC Köln,1,3
1983-10-22,1983-84:de.1:94:Arminia Bielefeld:Fortuna Düsseldorf,de.1,1983-84,Arminia Bielefeld,Fortuna Düsseldorf,1,3
1983-10-22,1983-84:de.1:95:Bayer 04 Leverkusen:Kickers Offenbach,de.1,1983-84,Bayer 04 Leverkusen,Kickers Offenbach,3,1
1983-10-22,1983-84:de.1:96:KFC Uerdingen:Werder Bremen,de.1,1983-84,KFC Uerdingen,Werder Bremen,0,3
1983-10-22,1983-84:de.1:97:Borussia Dortmund:Eintracht Braunschweig,de.1,1983-84,Borussia Dortmund,Eintracht Braunschweig,0,2
1983-10-22,1983-84:de.1:98:1. FC Kaiserslautern:SV Waldhof Mannheim,de.1,1983-84,1. FC Kaiserslautern,SV Waldhof Mannheim,2,0
1983-10-22,1983-84:de.1:99:VfB Stuttgart:Bayern München,de.1,1983-84,VfB Stuttgart,Bayern München,1,0
1983-10-29,1983-84:de.1:100:SV Waldhof Mannheim:Borussia Dortmund,de.1,1983-84,SV Waldhof Mannheim,Borussia Dortmund,4,1
1983-10-29,1983-84:de.1:101:Eintracht Braunschweig:KFC Uerdingen,de.1,1983-84,Eintracht Braunschweig,KFC Uerdingen,1,2
1983-10-29,1983-84:de.1:102:Kickers Offenbach:Arminia Bielefeld,de.1,1983-84,Kickers Offenbach,Arminia Bielefeld,2,2
1983-10-29,1983-84:de.1:103:Fortuna Düsseldorf:VfB Stuttgart,de.1,1983-84,Fortuna Düsseldorf,VfB Stuttgart,3,0
1983-10-29,1983-84:de.1:104:Bayern München:1. FC Nürnberg,de.1,1983-84,Bayern München,1. FC Nürnberg,4,2
1983-10-29,1983-84:de.1:105:1. FC Köln:Eintracht Frankfurt,de.1,1983-84,1. FC Köln,Eintracht Frankfurt,7,0
1983-10-29,1983-84:de.1:106:Bor. Mönchengladbach:Hamburger SV,de.1,1983-84,Bor. Mönchengladbach,Hamburger SV,4,0
1983-10-29,1983-84:de.1:107:VfL Bochum:1. FC Kaiserslautern,de.1,1983-84,VfL Bochum,1. FC Kaiserslautern,4,1
1983-10-29,1983-84:de.1:108:Werder Bremen:Bayer 04 Leverkusen,de.1,1983-84,Werder Bremen,Bayer 04 Leverkusen,3,0
1983-11-04,1983-84:de.1:109:KFC Uerdingen:SV Waldhof Mannheim,de.1,1983-84,KFC Uerdingen,SV Waldhof Mannheim,1,1
1983-11-04,1983-84:de.1:110:Borussia Dortmund:VfL Bochum,de.1,1983-84,Borussia Dortmund,VfL Bochum,1,1
1983-11-05,1983-84:de.1:111:Hamburger SV:1. FC Köln,de.1,1983-84,Hamburger SV,1. FC Köln,2,2
1983-11-05,1983-84:de.1:112:Eintracht Frankfurt:Bayern München,de.1,1983-84,Eintracht Frankfurt,Bayern München,0,0
1983-11-05,1983-84:de.1:113:Fortuna Düsseldorf:Kickers Offenbach,de.1,1983-84,Fortuna Düsseldorf,Kickers Offenbach,5,0
1983-11-05,1983-84:de.1:114:Arminia Bielefeld:Werder Bremen,de.1,1983-84,Arminia Bielefeld,Werder Bremen,2,0
1983-11-05,1983-84:de.1:115:Bayer 04 Leverkusen:Eintracht Braunschweig,de.1,1983-84,Bayer 04 Leverkusen,Eintracht Braunschweig,3,0
1983-11-05,1983-84:de.1:116:1. FC Kaiserslautern:Bor. Mönchengladbach,de.1,1983-84,1. FC Kaiserslautern,Bor. Mönchengladbach,0,2
1983-11-05,1983-84:de.1:117:VfB Stuttgart:1. FC Nürnberg,de.1,1983-84,VfB Stuttgart,1. FC Nürnberg,7,0
1983-11-11,1983-84:de.1:118:Werder Bremen:Fortuna Düsseldorf,de.1,1983-84,Werder Bremen,Fortuna Düsseldorf,2,0
1983-11-12,1983-84:de.1:119:SV Waldhof Mannheim:Bayer 04 Leverkusen,de.1,1983-84,SV Waldhof Mannheim,Bayer 04 Leverkusen,0,3
1983-11-12,1983-84:de.1:120:Eintracht Braunschweig:Arminia Bielefeld,de.1,1983-84,Eintracht Braunschweig,Arminia Bielefeld,2,0
1983-11-12,1983-84:de.1:121:Kickers Offenbach:VfB Stuttgart,de.1,1983-84,Kickers Offenbach,VfB Stuttgart,1,2
1983-11-12,1983-84:de.1:122:1. FC Nürnberg:Eintracht Frankfurt,de.1,1983-84,1. FC Nürnberg,Eintracht Frankfurt,0,0
1983-11-12,1983-84:de.1:123:Bayern München:Hamburger SV,de.1,1983-84,Bayern München,Hamburger SV,1,0
1983-11-12,1983-84:de.1:124:1. FC Köln:1. FC Kaiserslautern,de.1,1983-84,1. FC Köln,1. FC Kaiserslautern,1,4
1983-11-12,1983-84:de.1:125:Bor. Mönchengladbach:Borussia Dortmund,de.1,1983-84,Bor. Mönchengladbach,Borussia Dortmund,2,1
1983-11-12,1983-84:de.1:126:VfL Bochum:KFC Uerdingen,de.1,1983-84,VfL Bochum,KFC Uerdingen,2,2
1983-11-25,1983-84:de.1:127:KFC Uerdingen:Bor. Mönchengladbach,de.1,1983-84,KFC Uerdingen,Bor. Mönchengladbach,1,1
1983-11-26,1983-84:de.1:128:Werder Bremen:Kickers Offenbach,de.1,1983-84,Werder Bremen,Kickers Offenbach,8,1
1983-11-26,1983-84:de.1:129:Eintracht Frankfurt:VfB Stuttgart,de.1,1983-84,Eintracht Frankfurt,VfB Stuttgart,1,3
1983-11-26,1983-84:de.1:130:Hamburger SV:1. FC Nürnberg,de.1,1983-84,Hamburger SV,1. FC Nürnberg,4,0
1983-11-26,1983-84:de.1:131:Bayer 04 Leverkusen:VfL Bochum,de.1,1983-84,Bayer 04 Leverkusen,VfL Bochum,3,0
1983-11-26,1983-84:de.1:132:Borussia Dortmund:1. FC Köln,de.1,1983-84,Borussia Dortmund,1. FC Köln,0,0
1983-11-26,1983-84:de.1:133:1. FC Kaiserslautern:Bayern München,de.1,1983-84,1. FC Kaiserslautern,Bayern München,0,1
1983-11-26,1983-84:de.1:134:Fortuna Düsseldorf:Eintracht Braunschweig,de.1,1983-84,Fortuna Düsseldorf,Eintracht Braunschweig,4,0
1983-12-02,1983-84:de.1:135:1. FC Köln:KFC Uerdingen,de.1,1983-84,1. FC Köln,KFC Uerdingen,3,0
1983-12-02,1983-84:de.1:136:Bor. Mönchengladbach:Bayer 04 Leverkusen,de.1,1983-84,Bor. Mönchengladbach,Bayer 04 Leverkusen,3,1
1983-12-02,1983-84:de.1:137:VfL Bochum:Arminia Bielefeld,de.1,1983-84,VfL Bochum,Arminia Bielefeld,2,3
1983-12-03,1983-84:de.1:138:Eintracht Frankfurt:Hamburger SV,de.1,1983-84,Eintracht Frankfurt,Hamburger SV,0,0
1983-12-03,1983-84:de.1:139:VfB Stuttgart:Werder Bremen,de.1,1983-84,VfB Stuttgart,Werder Bremen,3,0
1983-12-03,1983-84:de.1:140:SV Waldhof Mannheim:Fortuna Düsseldorf,de.1,1983-84,SV Waldhof Mannheim,Fortuna Düsseldorf,1,1
1983-12-03,1983-84:de.1:141:1. FC Nürnberg:1. FC Kaiserslautern,de.1,1983-84,1. FC Nürnberg,1. FC Kaiserslautern,3,4
1983-12-03,1983-84:de.1:142:Bayern München:Borussia Dortmund,de.1,1983-84,Bayern München,Borussia Dortmund,1,0
1983-12-03,1983-84:de.1:143:Eintracht Braunschweig:Kickers Offenbach,de.1,1983-84,Eintracht Braunschweig,Kickers Offenbach,4,4
1983-12-07,1983-84:de.1:144:Hamburger SV:VfB Stuttgart,de.1,1983-84,Hamburger SV,VfB Stuttgart,0,2
1983-12-09,1983-84:de.1:145:Bayer 04 Leverkusen:1. FC Köln,de.1,1983-84,Bayer 04 Leverkusen,1. FC Köln,2,1
1983-12-10,1983-84:de.1:146:Borussia Dortmund:1. FC Nürnberg,de.1,1983-84,Borussia Dortmund,1. FC Nürnberg,3,1
1983-12-10,1983-84:de.1:147:1. FC Kaiserslautern:Eintracht Frankfurt,de.1,1983-84,1. FC Kaiserslautern,Eintracht Frankfurt,1,0
1983-12-10,1983-84:de.1:148:Kickers Offenbach:SV Waldhof Mannheim,de.1,1983-84,Kickers Offenbach,SV Waldhof Mannheim,0,2
1983-12-10,1983-84:de.1:149:Fortuna Düsseldorf:VfL Bochum,de.1,1983-84,Fortuna Düsseldorf,VfL Bochum,1,1
1983-12-10,1983-84:de.1:150:Arminia Bielefeld:Bor. Mönchengladbach,de.1,1983-84,Arminia Bielefeld,Bor. Mönchengladbach,2,2
1983-12-10,1983-84:de.1:151:KFC Uerdingen:Bayern München,de.1,1983-84,KFC Uerdingen,Bayern München,1,1
1983-12-10,1983-84:de.1:152:Werder Bremen:Eintracht Braunschweig,de.1,1983-84,Werder Bremen,Eintracht Braunschweig,4,0
1983-12-17,1983-84:de.1:153:Arminia Bielefeld:SV Waldhof Mannheim,de.1,1983-84,Arminia Bielefeld,SV Waldhof Mannheim,1,1
1984-01-20,1983-84:de.1:154:Fortuna Düsseldorf:Bor. Mönchengladbach,de.1,1983-84,Fortuna Düsseldorf,Bor. Mönchengladbach,4,1
1984-01-21,1983-84:de.1:155:1. FC Kaiserslautern:Hamburger SV,de.1,1983-84,1. FC Kaiserslautern,Hamburger SV,0,2
1984-01-21,1983-84:de.1:156:Borussia Dortmund:Eintracht Frankfurt,de.1,1983-84,Borussia Dortmund,Eintracht Frankfurt,2,0
1984-01-21,1983-84:de.1:157:KFC Uerdingen:1. FC Nürnberg,de.1,1983-84,KFC Uerdingen,1. FC Nürnberg,1,0
1984-01-21,1983-84:de.1:158:Bayer 04 Leverkusen:Bayern München,de.1,1983-84,Bayer 04 Leverkusen,Bayern München,1,5
1984-01-21,1983-84:de.1:159:Arminia Bielefeld:1. FC Köln,de.1,1983-84,Arminia Bielefeld,1. FC Köln,1,2
1984-01-21,1983-84:de.1:160:Kickers Offenbach:VfL Bochum,de.1,1983-84,Kickers Offenbach,VfL Bochum,2,2
1984-01-21,1983-84:de.1:161:Werder Bremen:SV Waldhof Mannheim,de.1,1983-84,Werder Bremen,SV Waldhof Mannheim,5,0
1984-01-21,1983-84:de.1:162:Eintracht Braunschweig:VfB Stuttgart,de.1,1983-84,Eintracht Braunschweig,VfB Stuttgart,1,0
1984-01-28,1983-84:de.1:163:SV Waldhof Mannheim:Eintracht Braunschweig,de.1,1983-84,SV Waldhof Mannheim,Eintracht Braunschweig,2,2
1984-01-28,1983-84:de.1:164:Bor. Mönchengladbach:Kickers Offenbach,de.1,1983-84,Bor. Mönchengladbach,Kickers Offenbach,3,2
1984-01-28,1983-84:de.1:165:Bayern München:Arminia Bielefeld,de.1,1983-84,Bayern München,Arminia Bielefeld,3,1
1984-01-28,1983-84:de.1:166:1. FC Nürnberg:Bayer 04 Leverkusen,de.1,1983-84,1. FC Nürnberg,Bayer 04 Leverkusen,2,3
1984-01-28,1983-84:de.1:167:Eintracht Frankfurt:KFC Uerdingen,de.1,1983-84,Eintracht Frankfurt,KFC Uerdingen,2,2
1984-01-28,1983-84:de.1:168:Hamburger SV:Borussia Dortmund,de.1,1983-84,Hamburger SV,Borussia Dortmund,7,2
1984-01-28,1983-84:de.1:169:VfB Stuttgart:1. FC Kaiserslautern,de.1,1983-84,VfB Stuttgart,1. FC Kaiserslautern,5,1
1984-01-28,1983-84:de.1:170:VfL Bochum:Werder Bremen,de.1,1983-84,VfL Bochum,Werder Bremen,3,3
1984-02-03,1983-84:de.1:171:Fortuna Düsseldorf:Bayern München,de.1,1983-84,Fortuna Düsseldorf,Bayern München,4,1
1984-02-04,1983-84:de.1:172:Werder Bremen:Bor. Mönchengladbach,de.1,1983-84,Werder Bremen,Bor. Mönchengladbach,2,0
1984-02-04,1983-84:de.1:173:Bayer 04 Leverkusen:Eintracht Frankfurt,de.1,1983-84,Bayer 04 Leverkusen,Eintracht Frankfurt,2,2
1984-02-04,1983-84:de.1:174:SV Waldhof Mannheim:VfB Stuttgart,de.1,1983-84,SV Waldhof Mannheim,VfB Stuttgart,2,2
1984-02-04,1983-84:de.1:175:Arminia Bielefeld:1. FC Nürnberg,de.1,1983-84,Arminia Bielefeld,1. FC Nürnberg,1,0
1984-02-04,1983-84:de.1:176:Borussia Dortmund:1. FC Kaiserslautern,de.1,1983-84,Borussia Dortmund,1. FC Kaiserslautern,1,0
1984-02-04,1983-84:de.1:177:Eintracht Braunschweig:VfL Bochum,de.1,1983-84,Eintracht Braunschweig,VfL Bochum,3,1
1984-02-04,1983-84:de.1:178:Kickers Offenbach:1. FC Köln,de.1,1983-84,Kickers Offenbach,1. FC Köln,2,0
1984-02-04,1983-84:de.1:179:KFC Uerdingen:Hamburger SV,de.1,1983-84,KFC Uerdingen,Hamburger SV,3,1
1984-02-07,1983-84:de.1:180:1. FC Köln:Fortuna Düsseldorf,de.1,1983-84,1. FC Köln,Fortuna Düsseldorf,1,0
1984-02-11,1983-84:de.1:181:Bor. Mönchengladbach:Eintracht Braunschweig,de.1,1983-84,Bor. Mönchengladbach,Eintracht Braunschweig,6,2
1984-02-11,1983-84:de.1:182:1. FC Nürnberg:Fortuna Düsseldorf,de.1,1983-84,1. FC Nürnberg,Fortuna Düsseldorf,2,1
1984-02-11,1983-84:de.1:183:Eintracht Frankfurt:Arminia Bielefeld,de.1,1983-84,Eintracht Frankfurt,Arminia Bielefeld,1,1
1984-02-11,1983-84:de.1:184:Hamburger SV:Bayer 04 Leverkusen,de.1,1983-84,Hamburger SV,Bayer 04 Leverkusen,3,0
1984-02-11,1983-84:de.1:185:1. FC Kaiserslautern:KFC Uerdingen,de.1,1983-84,1. FC Kaiserslautern,KFC Uerdingen,5,2
1984-02-11,1983-84:de.1:186:VfB Stuttgart:Borussia Dortmund,de.1,1983-84,VfB Stuttgart,Borussia Dortmund,3,1
1984-02-11,1983-84:de.1:187:VfL Bochum:SV Waldhof Mannheim,de.1,1983-84,VfL Bochum,SV Waldhof Mannheim,1,0
1984-02-11,1983-84:de.1:188:1. FC Köln:Werder Bremen,de.1,1983-84,1. FC Köln,Werder Bremen,1,4
1984-02-25,1983-84:de.1:189:Eintracht Frankfurt:Kickers Offenbach,de.1,1983-84,Eintracht Frankfurt,Kickers Offenbach,3,0
1984-02-25,1983-84:de.1:190:Hamburger SV:Fortuna Düsseldorf,de.1,1983-84,Hamburger SV,Fortuna Düsseldorf,5,2
1984-02-25,1983-84:de.1:191:Bayern München:Eintracht Braunschweig,de.1,1983-84,Bayern München,Eintracht Braunschweig,6,0
1984-02-25,1983-84:de.1:192:1. FC Nürnberg:Werder Bremen,de.1,1983-84,1. FC Nürnberg,Werder Bremen,2,0
1984-02-25,1983-84:de.1:193:1. FC Köln:SV Waldhof Mannheim,de.1,1983-84,1. FC Köln,SV Waldhof Mannheim,2,0
1984-02-25,1983-84:de.1:194:1. FC Kaiserslautern:Arminia Bielefeld,de.1,1983-84,1. FC Kaiserslautern,Arminia Bielefeld,6,0
1984-02-25,1983-84:de.1:195:Borussia Dortmund:Bayer 04 Leverkusen,de.1,1983-84,Borussia Dortmund,Bayer 04 Leverkusen,3,0
1984-02-25,1983-84:de.1:196:Bor. Mönchengladbach:VfL Bochum,de.1,1983-84,Bor. Mönchengladbach,VfL Bochum,4,2
1984-03-09,1983-84:de.1:197:Werder Bremen:Eintracht Frankfurt,de.1,1983-84,Werder Bremen,Eintracht Frankfurt,2,3
1984-03-09,1983-84:de.1:198:Kickers Offenbach:Hamburger SV,de.1,1983-84,Kickers Offenbach,Hamburger SV,0,4
1984-03-10,1983-84:de.1:199:Eintracht Braunschweig:1. FC Nürnberg,de.1,1983-84,Eintracht Braunschweig,1. FC Nürnberg,1,0
1984-03-10,1983-84:de.1:200:Arminia Bielefeld:Borussia Dortmund,de.1,1983-84,Arminia Bielefeld,Borussia Dortmund,0,0
1984-03-10,1983-84:de.1:201:Bayer 04 Leverkusen:KFC Uerdingen,de.1,1983-84,Bayer 04 Leverkusen,KFC Uerdingen,3,1
1984-03-10,1983-84:de.1:202:SV Waldhof Mannheim:Bayern München,de.1,1983-84,SV Waldhof Mannheim,Bayern München,0,0
1984-03-10,1983-84:de.1:203:VfL Bochum:1. FC Köln,de.1,1983-84,VfL Bochum,1. FC Köln,2,3
1984-03-10,1983-84:de.1:204:Bor. Mönchengladbach:VfB Stuttgart,de.1,1983-84,Bor. Mönchengladbach,VfB Stuttgart,2,0
1984-03-10,1983-84:de.1:205:Fortuna Düsseldorf:1. FC Kaiserslautern,de.1,1983-84,Fortuna Düsseldorf,1. FC Kaiserslautern,1,5
1984-03-13,1983-84:de.1:206:Bayern München:Kickers Offenbach,de.1,1983-84,Bayern München,Kickers Offenbach,9,0
1984-03-16,1983-84:de.1:207:KFC Uerdingen:Arminia Bielefeld,de.1,1983-84,KFC Uerdingen,Arminia Bielefeld,1,3
1984-03-16,1983-84:de.1:208:VfB Stuttgart:Bayer 04 Leverkusen,de.1,1983-84,VfB Stuttgart,Bayer 04 Leverkusen,2,2
1984-03-16,1983-84:de.1:209:1. FC Kaiserslautern:Kickers Offenbach,de.1,1983-84,1. FC Kaiserslautern,Kickers Offenbach,1,1
1984-03-17,1983-84:de.1:210:Eintracht Frankfurt:Eintracht Braunschweig,de.1,1983-84,Eintracht Frankfurt,Eintracht Braunschweig,1,2
1984-03-17,1983-84:de.1:211:1. FC Nürnberg:SV Waldhof Mannheim,de.1,1983-84,1. FC Nürnberg,SV Waldhof Mannheim,0,0
1984-03-17,1983-84:de.1:212:Hamburger SV:Werder Bremen,de.1,1983-84,Hamburger SV,Werder Bremen,4,0
1984-03-17,1983-84:de.1:213:Borussia Dortmund:Fortuna Düsseldorf,de.1,1983-84,Borussia Dortmund,Fortuna Düsseldorf,6,0
1984-03-17,1983-84:de.1:214:1. FC Köln:Bor. Mönchengladbach,de.1,1983-84,1. FC Köln,Bor. Mönchengladbach,1,2
1984-03-17,1983-84:de.1:215:Bayern München:VfL Bochum,de.1,1983-84,Bayern München,VfL Bochum,5,1
1984-03-20,1983-84:de.1:216:VfB Stuttgart:KFC Uerdingen,de.1,1983-84,VfB Stuttgart,KFC Uerdingen,4,0
1984-03-23,1983-84:de.1:217:Kickers Offenbach:Borussia Dortmund,de.1,1983-84,Kickers Offenbach,Borussia Dortmund,0,0
1984-03-23,1983-84:de.1:218:Werder Bremen:1. FC Kaiserslautern,de.1,1983-84,Werder Bremen,1. FC Kaiserslautern,1,1
1984-03-23,1983-84:de.1:219:Fortuna Düsseldorf:KFC Uerdingen,de.1,1983-84,Fortuna Düsseldorf,KFC Uerdingen,1,1
1984-03-24,1983-84:de.1:220:SV Waldhof Mannheim:Eintracht Frankfurt,de.1,1983-84,SV Waldhof Mannheim,Eintracht Frankfurt,1,1
1984-03-24,1983-84:de.1:221:Bor. Mönchengladbach:Bayern München,de.1,1983-84,Bor. Mönchengladbach,Bayern München,3,0
1984-03-24,1983-84:de.1:222:Eintracht Braunschweig:Hamburger SV,de.1,1983-84,Eintracht Braunschweig,Hamburger SV,0,0
1984-03-24,1983-84:de.1:223:1. FC Köln:VfB Stuttgart,de.1,1983-84,1. FC Köln,VfB Stuttgart,2,2
1984-03-24,1983-84:de.1:224:VfL Bochum:1. FC Nürnberg,de.1,1983-84,VfL Bochum,1. FC Nürnberg,2,0
1984-03-24,1983-84:de.1:225:Arminia Bielefeld:Bayer 04 Leverkusen,de.1,1983-84,Arminia Bielefeld,Bayer 04 Leverkusen,3,0
1984-03-30,1983-84:de.1:226:KFC Uerdingen:Kickers Offenbach,de.1,1983-84,KFC Uerdingen,Kickers Offenbach,4,2
1984-03-31,1983-84:de.1:227:Eintracht Frankfurt:VfL Bochum,de.1,1983-84,Eintracht Frankfurt,VfL Bochum,1,0
1984-03-31,1983-84:de.1:228:Hamburger SV:SV Waldhof Mannheim,de.1,1983-84,Hamburger SV,SV Waldhof Mannheim,2,3
1984-03-31,1983-84:de.1:229:1. FC Kaiserslautern:Eintracht Braunschweig,de.1,1983-84,1. FC Kaiserslautern,Eintracht Braunschweig,3,1
1984-03-31,1983-84:de.1:230:Bayer 04 Leverkusen:Fortuna Düsseldorf,de.1,1983-84,Bayer 04 Leverkusen,Fortuna Düsseldorf,2,0
1984-03-31,1983-84:de.1:231:Borussia Dortmund:Werder Bremen,de.1,1983-84,Borussia Dortmund,Werder Bremen,2,3
1984-03-31,1983-84:de.1:232:VfB Stuttgart:Arminia Bielefeld,de.1,1983-84,VfB Stuttgart,Arminia Bielefeld,1,0
1984-03-31,1983-84:de.1:233:Bayern München:1. FC Köln,de.1,1983-84,Bayern München,1. FC Köln,4,2
1984-03-31,1983-84:de.1:234:1. FC Nürnberg:Bor. Mönchengladbach,de.1,1983-84,1. FC Nürnberg,Bor. Mönchengladbach,1,3
1984-04-06,1983-84:de.1:235:Eintracht Braunschweig:Borussia Dortmund,de.1,1983-84,Eintracht Braunschweig,Borussia Dortmund,5,0
1984-04-06,1983-84:de.1:236:Fortuna Düsseldorf:Arminia Bielefeld,de.1,1983-84,Fortuna Düsseldorf,Arminia Bielefeld,0,0
1984-04-06,1983-84:de.1:237:VfL Bochum:Hamburger SV,de.1,1983-84,VfL Bochum,Hamburger SV,1,1
1984-04-07,1983-84:de.1:238:1. FC Köln:1. FC Nürnberg,de.1,1983-84,1. FC Köln,1. FC Nürnberg,3,1
1984-04-07,1983-84:de.1:239:Kickers Offenbach:Bayer 04 Leverkusen,de.1,1983-84,Kickers Offenbach,Bayer 04 Leverkusen,0,2
1984-04-07,1983-84:de.1:240:Bor. Mönchengladbach:Eintracht Frankfurt,de.1,1983-84,Bor. Mönchengladbach,Eintracht Frankfurt,1,1
1984-04-07,1983-84:de.1:241:Bayern München:VfB Stuttgart,de.1,1983-84,Bayern München,VfB Stuttgart,2,2
1984-04-07,1983-84:de.1:242:Werder Bremen:KFC Uerdingen,de.1,1983-84,Werder Bremen,KFC Uerdingen,5,2
1984-04-07,1983-84:de.1:243:SV Waldhof Mannheim:1. FC Kaiserslautern,de.1,1983-84,SV Waldhof Mannheim,1. FC Kaiserslautern,2,0
1984-04-13,1983-84:de.1:244:VfB Stuttgart:Fortuna Düsseldorf,de.1,1983-84,VfB Stuttgart,Fortuna Düsseldorf,6,0
1984-04-13,1983-84:de.1:245:1. FC Kaiserslautern:VfL Bochum,de.1,1983-84,1. FC Kaiserslautern,VfL Bochum,2,0
1984-04-13,1983-84:de.1:246:KFC Uerdingen:Eintracht Braunschweig,de.1,1983-84,KFC Uerdingen,Eintracht Braunschweig,4,0
1984-04-14,1983-84:de.1:247:Borussia Dortmund:SV Waldhof Mannheim,de.1,1983-84,Borussia Dortmund,SV Waldhof Mannheim,4,1
1984-04-14,1983-84:de.1:248:Arminia Bielefeld:Kickers Offenbach,de.1,1983-84,Arminia Bielefeld,Kickers Offenbach,3,1
1984-04-14,1983-84:de.1:249:Bayer 04 Leverkusen:Werder Bremen,de.1,1983-84,Bayer 04 Leverkusen,Werder Bremen,0,0
1984-04-14,1983-84:de.1:250:Eintracht Frankfurt:1. FC Köln,de.1,1983-84,Eintracht Frankfurt,1. FC Köln,0,2
1984-04-14,1983-84:de.1:251:Hamburger SV:Bor. Mönchengladbach,de.1,1983-84,Hamburger SV,Bor. Mönchengladbach,2,1
1984-04-14,1983-84:de.1:252:1. FC Nürnberg:Bayern München,de.1,1983-84,1. FC Nürnberg,Bayern München,2,4
1984-04-19,1983-84:de.1:253:Kickers Offenbach:1. FC Nürnberg,de.1,1983-84,Kickers Offenbach,1. FC Nürnberg,3,1
1984-04-21,1983-84:de.1:254:Arminia Bielefeld:Hamburger SV,de.1,1983-84,Arminia Bielefeld,Hamburger SV,0,1
1984-04-21,1983-84:de.1:255:Fortuna Düsseldorf:Eintracht Frankfurt,de.1,1983-84,Fortuna Düsseldorf,Eintracht Frankfurt,4,2
1984-04-21,1983-84:de.1:256:Eintracht Braunschweig:1. FC Köln,de.1,1983-84,Eintracht Braunschweig,1. FC Köln,2,2
1984-04-21,1983-84:de.1:257:Werder Bremen:Bayern München,de.1,1983-84,Werder Bremen,Bayern München,3,2
1984-04-21,1983-84:de.1:258:KFC Uerdingen:Borussia Dortmund,de.1,1983-84,KFC Uerdingen,Borussia Dortmund,2,1
1984-04-21,1983-84:de.1:259:Bayer 04 Leverkusen:1. FC Kaiserslautern,de.1,1983-84,Bayer 04 Leverkusen,1. FC Kaiserslautern,2,0
1984-04-21,1983-84:de.1:260:VfL Bochum:VfB Stuttgart,de.1,1983-84,VfL Bochum,VfB Stuttgart,0,1
1984-04-21,1983-84:de.1:261:SV Waldhof Mannheim:Bor. Mönchengladbach,de.1,1983-84,SV Waldhof Mannheim,Bor. Mönchengladbach,2,3
1984-04-27,1983-84:de.1:262:Kickers Offenbach:Fortuna Düsseldorf,de.1,1983-84,Kickers Offenbach,Fortuna Düsseldorf,5,1
1984-04-27,1983-84:de.1:263:Werder Bremen:Arminia Bielefeld,de.1,1983-84,Werder Bremen,Arminia Bielefeld,3,0
1984-04-27,1983-84:de.1:264:1. FC Nürnberg:VfB Stuttgart,de.1,1983-84,1. FC Nürnberg,VfB Stuttgart,0,6
1984-04-28,1983-84:de.1:265:1. FC Köln:Hamburger SV,de.1,1983-84,1. FC Köln,Hamburger SV,1,4
1984-04-28,1983-84:de.1:266:Bayern München:Eintracht Frankfurt,de.1,1983-84,Bayern München,Eintracht Frankfurt,3,0
1984-04-28,1983-84:de.1:267:Bor. Mönchengladbach:1. FC Kaiserslautern,de.1,1983-84,Bor. Mönchengladbach,1. FC Kaiserslautern,3,2
1984-04-28,1983-84:de.1:268:SV Waldhof Mannheim:KFC Uerdingen,de.1,1983-84,SV Waldhof Mannheim,KFC Uerdingen,1,4
1984-04-28,1983-84:de.1:269:VfL Bochum:Borussia Dortmund,de.1,1983-84,VfL Bochum,Borussia Dortmund,2,2
1984-04-28,1983-84:de.1:270:Eintracht Braunschweig:Bayer 04 Leverkusen,de.1,1983-84,Eintracht Braunschweig,Bayer 04 Leverkusen,0,0
1984-05-04,1983-84:de.1:271:KFC Uerdingen:VfL Bochum,de.1,1983-84,KFC Uerdingen,VfL Bochum,1,2
1984-05-04,1983-84:de.1:272:1. FC Kaiserslautern:1. FC Köln,de.1,1983-84,1. FC Kaiserslautern,1. FC Köln,2,2
1984-05-04,1983-84:de.1:273:VfB Stuttgart:Kickers Offenbach,de.1,1983-84,VfB Stuttgart,Kickers Offenbach,5,1
1984-05-05,1983-84:de.1:274:Fortuna Düsseldorf:Werder Bremen,de.1,1983-84,Fortuna Düsseldorf,Werder Bremen,3,4
1984-05-05,1983-84:de.1:275:Arminia Bielefeld:Eintracht Braunschweig,de.1,1983-84,Arminia Bielefeld,Eintracht Braunschweig,0,0
1984-05-05,1983-84:de.1:276:Hamburger SV:Bayern München,de.1,1983-84,Hamburger SV,Bayern München,2,1
1984-05-05,1983-84:de.1:277:Eintracht Frankfurt:1. FC Nürnberg,de.1,1983-84,Eintracht Frankfurt,1. FC Nürnberg,3,1
1984-05-05,1983-84:de.1:278:Bayer 04 Leverkusen:SV Waldhof Mannheim,de.1,1983-84,Bayer 04 Leverkusen,SV Waldhof Mannheim,0,1
1984-05-05,1983-84:de.1:279:Borussia Dortmund:Bor. Mönchengladbach,de.1,1983-84,Borussia Dortmund,Bor. Mönchengladbach,4,1
1984-05-11,1983-84:de.1:280:Kickers Offenbach:Werder Bremen,de.1,1983-84,Kickers Offenbach,Werder Bremen,3,7
1984-05-12,1983-84:de.1:281:Bayern München:1. FC Kaiserslautern,de.1,1983-84,Bayern München,1. FC Kaiserslautern,5,2
1984-05-12,1983-84:de.1:282:VfB Stuttgart:Eintracht Frankfurt,de.1,1983-84,VfB Stuttgart,Eintracht Frankfurt,2,2
1984-05-12,1983-84:de.1:283:Eintracht Braunschweig:Fortuna Düsseldorf,de.1,1983-84,Eintracht Braunschweig,Fortuna Düsseldorf,4,1
1984-05-12,1983-84:de.1:284:1. FC Nürnberg:Hamburger SV,de.1,1983-84,1. FC Nürnberg,Hamburger SV,1,6
1984-05-12,1983-84:de.1:285:SV Waldhof Mannheim:Arminia Bielefeld,de.1,1983-84,SV Waldhof Mannheim,Arminia Bielefeld,0,2
1984-05-12,1983-84:de.1:286:Bor. Mönchengladbach:KFC Uerdingen,de.1,1983-84,Bor. Mönchengladbach,KFC Uerdingen,7,1
1984-05-12,1983-84:de.1:287:1. FC Köln:Borussia Dortmund,de.1,1983-84,1. FC Köln,Borussia Dortmund,5,2
1984-05-12,1983-84:de.1:288:VfL Bochum:Bayer 04 Leverkusen,de.1,1983-84,VfL Bochum,Bayer 04 Leverkusen,2,1
1984-05-19,1983-84:de.1:289:Kickers Offenbach:Eintracht Braunschweig,de.1,1983-84,Kickers Offenbach,Eintracht Braunschweig,1,2
1984-05-19,1983-84:de.1:290:Werder Bremen:VfB Stuttgart,de.1,1983-84,Werder Bremen,VfB Stuttgart,1,2
1984-05-19,1983-84:de.1:291:1. FC Kaiserslautern:1. FC Nürnberg,de.1,1983-84,1. FC Kaiserslautern,1. FC Nürnberg,4,2
1984-05-19,1983-84:de.1:292:Borussia Dortmund:Bayern München,de.1,1983-84,Borussia Dortmund,Bayern München,1,1
1984-05-19,1983-84:de.1:293:KFC Uerdingen:1. FC Köln,de.1,1983-84,KFC Uerdingen,1. FC Köln,4,6
1984-05-19,1983-84:de.1:294:Bayer 04 Leverkusen:Bor. Mönchengladbach,de.1,1983-84,Bayer 04 Leverkusen,Bor. Mönchengladbach,1,2
1984-05-19,1983-84:de.1:295:Arminia Bielefeld:VfL Bochum,de.1,1983-84,Arminia Bielefeld,VfL Bochum,2,1
1984-05-19,1983-84:de.1:296:Fortuna Düsseldorf:SV Waldhof Mannheim,de.1,1983-84,Fortuna Düsseldorf,SV Waldhof Mannheim,1,2
1984-05-19,1983-84:de.1:297:Hamburger SV:Eintracht Frankfurt,de.1,1983-84,Hamburger SV,Eintracht Frankfurt,0,2
1984-05-26,1983-84:de.1:298:VfB Stuttgart:Hamburger SV,de.1,1983-84,VfB Stuttgart,Hamburger SV,0,1
1984-05-26,1983-84:de.1:299:SV Waldhof Mannheim:Kickers Offenbach,de.1,1983-84,SV Waldhof Mannheim,Kickers Offenbach,6,1
1984-05-26,1983-84:de.1:300:VfL Bochum:Fortuna Düsseldorf,de.1,1983-84,VfL Bochum,Fortuna Düsseldorf,6,1
1984-05-26,1983-84:de.1:301:Bor. Mönchengladbach:Arminia Bielefeld,de.1,1983-84,Bor. Mönchengladbach,Arminia Bielefeld,3,0
1984-05-26,1983-84:de.1:302:1. FC Köln:Bayer 04 Leverkusen,de.1,1983-84,1. FC Köln,Bayer 04 Leverkusen,2,0
1984-05-26,1983-84:de.1:303:Bayern München:KFC Uerdingen,de.1,1983-84,Bayern München,KFC Uerdingen,3,2
1984-05-26,1983-84:de.1:304:1. FC Nürnberg:Borussia Dortmund,de.1,1983-84,1. FC Nürnberg,Borussia Dortmund,0,2
1984-05-26,1983-84:de.1:305:Eintracht Frankfurt:1. FC Kaiserslautern,de.1,1983-84,Eintracht Frankfurt,1. FC Kaiserslautern,3,0
1984-05-26,1983-84:de.1:306:Eintracht Braunschweig:Werder Bremen,de.1,1983-84,Eintracht Braunschweig,Werder Bremen,1,2
1984-08-24,1984-85:de.1:1:Werder Bremen:KFC Uerdingen,de.1,1984-85,Werder Bremen,KFC Uerdingen,1,0
1984-08-24,1984-85:de.1:2:VfL Bochum:Eintracht Frankfurt,de.1,1984-85,VfL Bochum,Eintracht Frankfurt,3,3
1984-08-24,1984-85:de.1:3:Bor. Mönchengladbach:FC Schalke 04,de.1,1984-85,Bor. Mönchengladbach,FC Schalke 04,3,1
1984-08-25,1984-85:de.1:4:Arminia Bielefeld:Bayern München,de.1,1984-85,Arminia Bielefeld,Bayern München,1,3
1984-08-25,1984-85:de.1:5:Eintracht Braunschweig:1. FC Köln,de.1,1984-85,Eintracht Braunschweig,1. FC Köln,1,3
1984-08-25,1984-85:de.1:6:Borussia Dortmund:Hamburger SV,de.1,1984-85,Borussia Dortmund,Hamburger SV,1,2
1984-08-25,1984-85:de.1:7:Karlsruher SC:SV Waldhof Mannheim,de.1,1984-85,Karlsruher SC,SV Waldhof Mannheim,3,2
1984-08-25,1984-85:de.1:8:Bayer 04 Leverkusen:Fortuna Düsseldorf,de.1,1984-85,Bayer 04 Leverkusen,Fortuna Düsseldorf,4,3
1984-08-25,1984-85:de.1:9:1. FC Kaiserslautern:VfB Stuttgart,de.1,1984-85,1. FC Kaiserslautern,VfB Stuttgart,2,1
1984-08-28,1984-85:de.1:10:KFC Uerdingen:Borussia Dortmund,de.1,1984-85,KFC Uerdingen,Borussia Dortmund,2,1
1984-08-28,1984-85:de.1:11:VfB Stuttgart:Eintracht Braunschweig,de.1,1984-85,VfB Stuttgart,Eintracht Braunschweig,6,1
1984-08-28,1984-85:de.1:12:Eintracht Frankfurt:Bayer 04 Leverkusen,de.1,1984-85,Eintracht Frankfurt,Bayer 04 Leverkusen,2,0
1984-08-29,1984-85:de.1:13:SV Waldhof Mannheim:1. FC Kaiserslautern,de.1,1984-85,SV Waldhof Mannheim,1. FC Kaiserslautern,1,1
1984-08-29,1984-85:de.1:14:FC Schalke 04:VfL Bochum,de.1,1984-85,FC Schalke 04,VfL Bochum,2,3
1984-08-29,1984-85:de.1:15:Fortuna Düsseldorf:Karlsruher SC,de.1,1984-85,Fortuna Düsseldorf,Karlsruher SC,2,2
1984-08-29,1984-85:de.1:16:Hamburger SV:Bor. Mönchengladbach,de.1,1984-85,Hamburger SV,Bor. Mönchengladbach,1,1
1984-08-29,1984-85:de.1:17:Bayern München:Werder Bremen,de.1,1984-85,Bayern München,Werder Bremen,4,2
1984-09-04,1984-85:de.1:18:1. FC Köln:Arminia Bielefeld,de.1,1984-85,1. FC Köln,Arminia Bielefeld,1,1
1984-09-05,1984-85:de.1:19:VfB Stuttgart:Bayern München,de.1,1984-85,VfB Stuttgart,Bayern München,1,3
1984-09-07,1984-85:de.1:20:Bayer 04 Leverkusen:FC Schalke 04,de.1,1984-85,Bayer 04 Leverkusen,FC Schalke 04,2,2
1984-09-07,1984-85:de.1:21:Karlsruher SC:Eintracht Frankfurt,de.1,1984-85,Karlsruher SC,Eintracht Frankfurt,2,2
1984-09-07,1984-85:de.1:22:Borussia Dortmund:Bor. Mönchengladbach,de.1,1984-85,Borussia Dortmund,Bor. Mönchengladbach,2,3
1984-09-08,1984-85:de.1:23:1. FC Kaiserslautern:Fortuna Düsseldorf,de.1,1984-85,1. FC Kaiserslautern,Fortuna Düsseldorf,3,1
1984-09-08,1984-85:de.1:24:VfL Bochum:Hamburger SV,de.1,1984-85,VfL Bochum,Hamburger SV,0,0
1984-09-08,1984-85:de.1:25:Eintracht Braunschweig:SV Waldhof Mannheim,de.1,1984-85,Eintracht Braunschweig,SV Waldhof Mannheim,0,1
1984-09-08,1984-85:de.1:26:KFC Uerdingen:Bayern München,de.1,1984-85,KFC Uerdingen,Bayern München,1,3
1984-09-08,1984-85:de.1:27:Werder Bremen:1. FC Köln,de.1,1984-85,Werder Bremen,1. FC Köln,6,2
1984-09-08,1984-85:de.1:28:Arminia Bielefeld:VfB Stuttgart,de.1,1984-85,Arminia Bielefeld,VfB Stuttgart,2,7
1984-09-15,1984-85:de.1:29:1. FC Köln:KFC Uerdingen,de.1,1984-85,1. FC Köln,KFC Uerdingen,1,5
1984-09-15,1984-85:de.1:30:Hamburger SV:Bayer 04 Leverkusen,de.1,1984-85,Hamburger SV,Bayer 04 Leverkusen,1,1
1984-09-15,1984-85:de.1:31:Bor. Mönchengladbach:VfL Bochum,de.1,1984-85,Bor. Mönchengladbach,VfL Bochum,4,3
1984-09-15,1984-85:de.1:32:VfB Stuttgart:Werder Bremen,de.1,1984-85,VfB Stuttgart,Werder Bremen,1,3
1984-09-15,1984-85:de.1:33:FC Schalke 04:Karlsruher SC,de.1,1984-85,FC Schalke 04,Karlsruher SC,3,1
1984-09-15,1984-85:de.1:34:Bayern München:Borussia Dortmund,de.1,1984-85,Bayern München,Borussia Dortmund,1,0
1984-09-15,1984-85:de.1:35:Fortuna Düsseldorf:Eintracht Braunschweig,de.1,1984-85,Fortuna Düsseldorf,Eintracht Braunschweig,4,1
1984-09-15,1984-85:de.1:36:Eintracht Frankfurt:1. FC Kaiserslautern,de.1,1984-85,Eintracht Frankfurt,1. FC Kaiserslautern,1,1
1984-09-15,1984-85:de.1:37:SV Waldhof Mannheim:Arminia Bielefeld,de.1,1984-85,SV Waldhof Mannheim,Arminia Bielefeld,0,0
1984-09-21,1984-85:de.1:38:1. FC Kaiserslautern:FC Schalke 04,de.1,1984-85,1. FC Kaiserslautern,FC Schalke 04,2,2
1984-09-21,1984-85:de.1:39:Eintracht Braunschweig:Eintracht Frankfurt,de.1,1984-85,Eintracht Braunschweig,Eintracht Frankfurt,5,0
1984-09-21,1984-85:de.1:40:Borussia Dortmund:VfL Bochum,de.1,1984-85,Borussia Dortmund,VfL Bochum,3,0
1984-09-22,1984-85:de.1:41:Arminia Bielefeld:Fortuna Düsseldorf,de.1,1984-85,Arminia Bielefeld,Fortuna Düsseldorf,1,1
1984-09-22,1984-85:de.1:42:Karlsruher SC:Hamburger SV,de.1,1984-85,Karlsruher SC,Hamburger SV,1,1
1984-09-22,1984-85:de.1:43:Bayer 04 Leverkusen:Bor. Mönchengladbach,de.1,1984-85,Bayer 04 Leverkusen,Bor. Mönchengladbach,3,2
1984-09-22,1984-85:de.1:44:Bayern München:1. FC Köln,de.1,1984-85,Bayern München,1. FC Köln,2,0
1984-09-22,1984-85:de.1:45:Werder Bremen:SV Waldhof Mannheim,de.1,1984-85,Werder Bremen,SV Waldhof Mannheim,1,1
1984-09-22,1984-85:de.1:46:KFC Uerdingen:VfB Stuttgart,de.1,1984-85,KFC Uerdingen,VfB Stuttgart,3,2
1984-09-28,1984-85:de.1:47:FC Schalke 04:Eintracht Braunschweig,de.1,1984-85,FC Schalke 04,Eintracht Braunschweig,3,2
1984-09-28,1984-85:de.1:48:Eintracht Frankfurt:Arminia Bielefeld,de.1,1984-85,Eintracht Frankfurt,Arminia Bielefeld,3,0
1984-09-29,1984-85:de.1:49:1. FC Köln:Borussia Dortmund,de.1,1984-85,1. FC Köln,Borussia Dortmund,6,1
1984-09-29,1984-85:de.1:50:VfL Bochum:Bayer 04 Leverkusen,de.1,1984-85,VfL Bochum,Bayer 04 Leverkusen,0,0
1984-09-29,1984-85:de.1:51:Bor. Mönchengladbach:Karlsruher SC,de.1,1984-85,Bor. Mönchengladbach,Karlsruher SC,3,3
1984-09-29,1984-85:de.1:52:SV Waldhof Mannheim:KFC Uerdingen,de.1,1984-85,SV Waldhof Mannheim,KFC Uerdingen,2,1
1984-09-29,1984-85:de.1:53:Fortuna Düsseldorf:Werder Bremen,de.1,1984-85,Fortuna Düsseldorf,Werder Bremen,3,2
1984-09-29,1984-85:de.1:54:Hamburger SV:1. FC Kaiserslautern,de.1,1984-85,Hamburger SV,1. FC Kaiserslautern,3,2
1984-10-05,1984-85:de.1:55:Borussia Dortmund:Bayer 04 Leverkusen,de.1,1984-85,Borussia Dortmund,Bayer 04 Leverkusen,2,1
1984-10-05,1984-85:de.1:56:Karlsruher SC:VfL Bochum,de.1,1984-85,Karlsruher SC,VfL Bochum,1,1
1984-10-05,1984-85:de.1:57:KFC Uerdingen:Fortuna Düsseldorf,de.1,1984-85,KFC Uerdingen,Fortuna Düsseldorf,5,2
1984-10-06,1984-85:de.1:58:Werder Bremen:Eintracht Frankfurt,de.1,1984-85,Werder Bremen,Eintracht Frankfurt,3,3
1984-10-06,1984-85:de.1:59:Bayern München:SV Waldhof Mannheim,de.1,1984-85,Bayern München,SV Waldhof Mannheim,1,2
1984-10-06,1984-85:de.1:60:Eintracht Braunschweig:Hamburger SV,de.1,1984-85,Eintracht Braunschweig,Hamburger SV,3,1
1984-10-06,1984-85:de.1:61:1. FC Kaiserslautern:Bor. Mönchengladbach,de.1,1984-85,1. FC Kaiserslautern,Bor. Mönchengladbach,2,0
1984-10-06,1984-85:de.1:62:1. FC Köln:VfB Stuttgart,de.1,1984-85,1. FC Köln,VfB Stuttgart,1,1
1984-10-06,1984-85:de.1:63:Arminia Bielefeld:FC Schalke 04,de.1,1984-85,Arminia Bielefeld,FC Schalke 04,2,1
1984-10-10,1984-85:de.1:64:FC Schalke 04:Werder Bremen,de.1,1984-85,FC Schalke 04,Werder Bremen,2,2
1984-10-10,1984-85:de.1:65:Eintracht Frankfurt:KFC Uerdingen,de.1,1984-85,Eintracht Frankfurt,KFC Uerdingen,3,2
1984-10-10,1984-85:de.1:66:Fortuna Düsseldorf:Bayern München,de.1,1984-85,Fortuna Düsseldorf,Bayern München,0,2
1984-10-10,1984-85:de.1:67:VfB Stuttgart:Borussia Dortmund,de.1,1984-85,VfB Stuttgart,Borussia Dortmund,2,0
1984-10-10,1984-85:de.1:68:Bayer 04 Leverkusen:Karlsruher SC,de.1,1984-85,Bayer 04 Leverkusen,Karlsruher SC,4,1
1984-10-10,1984-85:de.1:69:Hamburger SV:Arminia Bielefeld,de.1,1984-85,Hamburger SV,Arminia Bielefeld,4,0
1984-10-11,1984-85:de.1:70:Bor. Mönchengladbach:Eintracht Braunschweig,de.1,1984-85,Bor. Mönchengladbach,Eintracht Braunschweig,10,0
1984-10-19,1984-85:de.1:71:Eintracht Braunschweig:VfL Bochum,de.1,1984-85,Eintracht Braunschweig,VfL Bochum,1,3
1984-10-19,1984-85:de.1:72:1. FC Kaiserslautern:Bayer 04 Leverkusen,de.1,1984-85,1. FC Kaiserslautern,Bayer 04 Leverkusen,3,3
1984-10-19,1984-85:de.1:73:KFC Uerdingen:FC Schalke 04,de.1,1984-85,KFC Uerdingen,FC Schalke 04,1,1
1984-10-20,1984-85:de.1:74:1. FC Köln:Fortuna Düsseldorf,de.1,1984-85,1. FC Köln,Fortuna Düsseldorf,4,2
1984-10-20,1984-85:de.1:75:Arminia Bielefeld:Bor. Mönchengladbach,de.1,1984-85,Arminia Bielefeld,Bor. Mönchengladbach,3,3
1984-10-20,1984-85:de.1:76:VfB Stuttgart:SV Waldhof Mannheim,de.1,1984-85,VfB Stuttgart,SV Waldhof Mannheim,3,0
1984-10-20,1984-85:de.1:77:Bayern München:Eintracht Frankfurt,de.1,1984-85,Bayern München,Eintracht Frankfurt,4,2
1984-10-20,1984-85:de.1:78:Werder Bremen:Hamburger SV,de.1,1984-85,Werder Bremen,Hamburger SV,5,2
1984-10-20,1984-85:de.1:79:Borussia Dortmund:Karlsruher SC,de.1,1984-85,Borussia Dortmund,Karlsruher SC,0,2
1984-10-23,1984-85:de.1:80:VfL Bochum:1. FC Kaiserslautern,de.1,1984-85,VfL Bochum,1. FC Kaiserslautern,3,0
1984-10-26,1984-85:de.1:81:Karlsruher SC:1. FC Kaiserslautern,de.1,1984-85,Karlsruher SC,1. FC Kaiserslautern,0,0
1984-10-26,1984-85:de.1:82:VfL Bochum:Arminia Bielefeld,de.1,1984-85,VfL Bochum,Arminia Bielefeld,1,1
1984-10-27,1984-85:de.1:83:SV Waldhof Mannheim:Borussia Dortmund,de.1,1984-85,SV Waldhof Mannheim,Borussia Dortmund,1,2
1984-10-27,1984-85:de.1:84:Hamburger SV:KFC Uerdingen,de.1,1984-85,Hamburger SV,KFC Uerdingen,1,1
1984-10-27,1984-85:de.1:85:Eintracht Frankfurt:1. FC Köln,de.1,1984-85,Eintracht Frankfurt,1. FC Köln,1,4
1984-10-27,1984-85:de.1:86:Bor. Mönchengladbach:Werder Bremen,de.1,1984-85,Bor. Mönchengladbach,Werder Bremen,1,1
1984-10-27,1984-85:de.1:87:FC Schalke 04:Bayern München,de.1,1984-85,FC Schalke 04,Bayern München,1,1
1984-10-27,1984-85:de.1:88:Fortuna Düsseldorf:VfB Stuttgart,de.1,1984-85,Fortuna Düsseldorf,VfB Stuttgart,2,2
1984-10-27,1984-85:de.1:89:Bayer 04 Leverkusen:Eintracht Braunschweig,de.1,1984-85,Bayer 04 Leverkusen,Eintracht Braunschweig,0,3
1984-11-02,1984-85:de.1:90:VfB Stuttgart:Eintracht Frankfurt,de.1,1984-85,VfB Stuttgart,Eintracht Frankfurt,4,2
1984-11-02,1984-85:de.1:91:KFC Uerdingen:Bor. Mönchengladbach,de.1,1984-85,KFC Uerdingen,Bor. Mönchengladbach,3,2
1984-11-02,1984-85:de.1:92:Werder Bremen:VfL Bochum,de.1,1984-85,Werder Bremen,VfL Bochum,2,2
1984-11-03,1984-85:de.1:93:Eintracht Braunschweig:Karlsruher SC,de.1,1984-85,Eintracht Braunschweig,Karlsruher SC,3,1
1984-11-03,1984-85:de.1:94:1. FC Köln:FC Schalke 04,de.1,1984-85,1. FC Köln,FC Schalke 04,4,1
1984-11-03,1984-85:de.1:95:SV Waldhof Mannheim:Fortuna Düsseldorf,de.1,1984-85,SV Waldhof Mannheim,Fortuna Düsseldorf,2,1
1984-11-03,1984-85:de.1:96:Arminia Bielefeld:Bayer 04 Leverkusen,de.1,1984-85,Arminia Bielefeld,Bayer 04 Leverkusen,1,1
1984-11-03,1984-85:de.1:97:Bayern München:Hamburger SV,de.1,1984-85,Bayern München,Hamburger SV,1,1
1984-11-03,1984-85:de.1:98:Borussia Dortmund:1. FC Kaiserslautern,de.1,1984-85,Borussia Dortmund,1. FC Kaiserslautern,0,3
1984-11-09,1984-85:de.1:100:1. FC Kaiserslautern:Eintracht Braunschweig,de.1,1984-85,1. FC Kaiserslautern,Eintracht Braunschweig,1,0
1984-11-09,1984-85:de.1:101:VfL Bochum:KFC Uerdingen,de.1,1984-85,VfL Bochum,KFC Uerdingen,1,0
1984-11-09,1984-85:de.1:99:Fortuna Düsseldorf:Borussia Dortmund,de.1,1984-85,Fortuna Düsseldorf,Borussia Dortmund,0,0
1984-11-10,1984-85:de.1:102:Bayer 04 Leverkusen:Werder Bremen,de.1,1984-85,Bayer 04 Leverkusen,Werder Bremen,0,0
1984-11-10,1984-85:de.1:103:FC Schalke 04:VfB Stuttgart,de.1,1984-85,FC Schalke 04,VfB Stuttgart,4,3
1984-11-10,1984-85:de.1:104:Hamburger SV:1. FC Köln,de.1,1984-85,Hamburger SV,1. FC Köln,3,1
1984-11-10,1984-85:de.1:105:Eintracht Frankfurt:SV Waldhof Mannheim,de.1,1984-85,Eintracht Frankfurt,SV Waldhof Mannheim,7,2
1984-11-10,1984-85:de.1:106:Karlsruher SC:Arminia Bielefeld,de.1,1984-85,Karlsruher SC,Arminia Bielefeld,4,0
1984-11-13,1984-85:de.1:107:Arminia Bielefeld:1. FC Kaiserslautern,de.1,1984-85,Arminia Bielefeld,1. FC Kaiserslautern,1,1
1984-11-13,1984-85:de.1:108:Fortuna Düsseldorf:Eintracht Frankfurt,de.1,1984-85,Fortuna Düsseldorf,Eintracht Frankfurt,3,1
1984-11-13,1984-85:de.1:109:1. FC Köln:Bor. Mönchengladbach,de.1,1984-85,1. FC Köln,Bor. Mönchengladbach,1,5
1984-11-13,1984-85:de.1:110:Bayern München:VfL Bochum,de.1,1984-85,Bayern München,VfL Bochum,2,2
1984-11-13,1984-85:de.1:111:VfB Stuttgart:Hamburger SV,de.1,1984-85,VfB Stuttgart,Hamburger SV,1,1
1984-11-13,1984-85:de.1:112:KFC Uerdingen:Bayer 04 Leverkusen,de.1,1984-85,KFC Uerdingen,Bayer 04 Leverkusen,2,1
1984-11-13,1984-85:de.1:113:Borussia Dortmund:Eintracht Braunschweig,de.1,1984-85,Borussia Dortmund,Eintracht Braunschweig,3,1
1984-11-14,1984-85:de.1:114:Werder Bremen:Karlsruher SC,de.1,1984-85,Werder Bremen,Karlsruher SC,7,1
1984-11-17,1984-85:de.1:115:Eintracht Frankfurt:Borussia Dortmund,de.1,1984-85,Eintracht Frankfurt,Borussia Dortmund,2,1
1984-11-17,1984-85:de.1:116:Bayer 04 Leverkusen:Bayern München,de.1,1984-85,Bayer 04 Leverkusen,Bayern München,3,0
1984-11-17,1984-85:de.1:117:VfL Bochum:1. FC Köln,de.1,1984-85,VfL Bochum,1. FC Köln,1,3
1984-11-17,1984-85:de.1:118:Karlsruher SC:KFC Uerdingen,de.1,1984-85,Karlsruher SC,KFC Uerdingen,0,4
1984-11-17,1984-85:de.1:119:FC Schalke 04:Fortuna Düsseldorf,de.1,1984-85,FC Schalke 04,Fortuna Düsseldorf,1,0
1984-11-17,1984-85:de.1:120:Bor. Mönchengladbach:VfB Stuttgart,de.1,1984-85,Bor. Mönchengladbach,VfB Stuttgart,2,1
1984-11-17,1984-85:de.1:121:Hamburger SV:SV Waldhof Mannheim,de.1,1984-85,Hamburger SV,SV Waldhof Mannheim,5,2
1984-11-17,1984-85:de.1:122:1. FC Kaiserslautern:Werder Bremen,de.1,1984-85,1. FC Kaiserslautern,Werder Bremen,2,2
1984-11-17,1984-85:de.1:123:Eintracht Braunschweig:Arminia Bielefeld,de.1,1984-85,Eintracht Braunschweig,Arminia Bielefeld,0,0
1984-11-24,1984-85:de.1:124:Werder Bremen:Eintracht Braunschweig,de.1,1984-85,Werder Bremen,Eintracht Braunschweig,4,1
1984-11-24,1984-85:de.1:125:SV Waldhof Mannheim:Bor. Mönchengladbach,de.1,1984-85,SV Waldhof Mannheim,Bor. Mönchengladbach,1,3
1984-11-24,1984-85:de.1:126:Fortuna Düsseldorf:Hamburger SV,de.1,1984-85,Fortuna Düsseldorf,Hamburger SV,4,2
1984-11-24,1984-85:de.1:127:FC Schalke 04:Eintracht Frankfurt,de.1,1984-85,FC Schalke 04,Eintracht Frankfurt,1,3
1984-11-24,1984-85:de.1:128:Bayern München:Karlsruher SC,de.1,1984-85,Bayern München,Karlsruher SC,6,2
1984-11-24,1984-85:de.1:129:VfB Stuttgart:VfL Bochum,de.1,1984-85,VfB Stuttgart,VfL Bochum,1,2
1984-11-27,1984-85:de.1:130:KFC Uerdingen:1. FC Kaiserslautern,de.1,1984-85,KFC Uerdingen,1. FC Kaiserslautern,3,0
1984-11-30,1984-85:de.1:131:Bor. Mönchengladbach:Fortuna Düsseldorf,de.1,1984-85,Bor. Mönchengladbach,Fortuna Düsseldorf,0,2
1984-11-30,1984-85:de.1:132:Bayer 04 Leverkusen:VfB Stuttgart,de.1,1984-85,Bayer 04 Leverkusen,VfB Stuttgart,0,2
1984-11-30,1984-85:de.1:133:VfL Bochum:SV Waldhof Mannheim,de.1,1984-85,VfL Bochum,SV Waldhof Mannheim,0,1
1984-12-01,1984-85:de.1:134:Eintracht Braunschweig:KFC Uerdingen,de.1,1984-85,Eintracht Braunschweig,KFC Uerdingen,0,0
1984-12-01,1984-85:de.1:135:Karlsruher SC:1. FC Köln,de.1,1984-85,Karlsruher SC,1. FC Köln,1,4
1984-12-01,1984-85:de.1:136:1. FC Kaiserslautern:Bayern München,de.1,1984-85,1. FC Kaiserslautern,Bayern München,0,1
1984-12-01,1984-85:de.1:137:Hamburger SV:Eintracht Frankfurt,de.1,1984-85,Hamburger SV,Eintracht Frankfurt,2,0
1984-12-01,1984-85:de.1:138:Borussia Dortmund:FC Schalke 04,de.1,1984-85,Borussia Dortmund,FC Schalke 04,4,1
1984-12-01,1984-85:de.1:139:Arminia Bielefeld:Werder Bremen,de.1,1984-85,Arminia Bielefeld,Werder Bremen,3,4
1984-12-04,1984-85:de.1:140:1. FC Köln:Bayer 04 Leverkusen,de.1,1984-85,1. FC Köln,Bayer 04 Leverkusen,3,1
1984-12-07,1984-85:de.1:141:Werder Bremen:Borussia Dortmund,de.1,1984-85,Werder Bremen,Borussia Dortmund,6,0
1984-12-08,1984-85:de.1:142:Eintracht Frankfurt:Bor. Mönchengladbach,de.1,1984-85,Eintracht Frankfurt,Bor. Mönchengladbach,1,1
1984-12-08,1984-85:de.1:143:KFC Uerdingen:Arminia Bielefeld,de.1,1984-85,KFC Uerdingen,Arminia Bielefeld,1,0
1984-12-08,1984-85:de.1:144:SV Waldhof Mannheim:Bayer 04 Leverkusen,de.1,1984-85,SV Waldhof Mannheim,Bayer 04 Leverkusen,2,1
1984-12-08,1984-85:de.1:145:VfB Stuttgart:Karlsruher SC,de.1,1984-85,VfB Stuttgart,Karlsruher SC,5,0
1984-12-08,1984-85:de.1:146:Bayern München:Eintracht Braunschweig,de.1,1984-85,Bayern München,Eintracht Braunschweig,3,0
1984-12-08,1984-85:de.1:147:FC Schalke 04:Hamburger SV,de.1,1984-85,FC Schalke 04,Hamburger SV,3,0
1984-12-08,1984-85:de.1:148:1. FC Köln:1. FC Kaiserslautern,de.1,1984-85,1. FC Köln,1. FC Kaiserslautern,2,0
1984-12-08,1984-85:de.1:149:Fortuna Düsseldorf:VfL Bochum,de.1,1984-85,Fortuna Düsseldorf,VfL Bochum,0,2
1984-12-11,1984-85:de.1:150:Bor. Mönchengladbach:Bayern München,de.1,1984-85,Bor. Mönchengladbach,Bayern München,3,2
1984-12-22,1984-85:de.1:151:SV Waldhof Mannheim:1. FC Köln,de.1,1984-85,SV Waldhof Mannheim,1. FC Köln,1,2
1985-01-26,1984-85:de.1:152:SV Waldhof Mannheim:FC Schalke 04,de.1,1984-85,SV Waldhof Mannheim,FC Schalke 04,5,2
1985-02-01,1984-85:de.1:153:1. FC Köln:Eintracht Braunschweig,de.1,1984-85,1. FC Köln,Eintracht Braunschweig,1,0
1985-02-02,1984-85:de.1:154:FC Schalke 04:Bor. Mönchengladbach,de.1,1984-85,FC Schalke 04,Bor. Mönchengladbach,4,1
1985-02-02,1984-85:de.1:155:Eintracht Frankfurt:VfL Bochum,de.1,1984-85,Eintracht Frankfurt,VfL Bochum,1,1
1985-02-02,1984-85:de.1:156:SV Waldhof Mannheim:Karlsruher SC,de.1,1984-85,SV Waldhof Mannheim,Karlsruher SC,3,0
1985-02-02,1984-85:de.1:157:KFC Uerdingen:Werder Bremen,de.1,1984-85,KFC Uerdingen,Werder Bremen,3,1
1985-02-02,1984-85:de.1:158:Bayern München:Arminia Bielefeld,de.1,1984-85,Bayern München,Arminia Bielefeld,3,3
1985-02-02,1984-85:de.1:159:Hamburger SV:Borussia Dortmund,de.1,1984-85,Hamburger SV,Borussia Dortmund,4,2
1985-02-02,1984-85:de.1:160:Fortuna Düsseldorf:Bayer 04 Leverkusen,de.1,1984-85,Fortuna Düsseldorf,Bayer 04 Leverkusen,3,2
1985-02-02,1984-85:de.1:161:VfB Stuttgart:1. FC Kaiserslautern,de.1,1984-85,VfB Stuttgart,1. FC Kaiserslautern,5,0
1985-02-09,1984-85:de.1:162:Eintracht Braunschweig:VfB Stuttgart,de.1,1984-85,Eintracht Braunschweig,VfB Stuttgart,3,1
1985-02-09,1984-85:de.1:163:Werder Bremen:Bayern München,de.1,1984-85,Werder Bremen,Bayern München,4,2
1985-02-09,1984-85:de.1:164:Karlsruher SC:Fortuna Düsseldorf,de.1,1984-85,Karlsruher SC,Fortuna Düsseldorf,2,2
1985-02-16,1984-85:de.1:165:Arminia Bielefeld:Borussia Dortmund,de.1,1984-85,Arminia Bielefeld,Borussia Dortmund,3,0
1985-02-16,1984-85:de.1:166:VfL Bochum:FC Schalke 04,de.1,1984-85,VfL Bochum,FC Schalke 04,0,1
1985-02-16,1984-85:de.1:167:Eintracht Frankfurt:Karlsruher SC,de.1,1984-85,Eintracht Frankfurt,Karlsruher SC,4,2
1985-02-26,1984-85:de.1:168:Bayern München:KFC Uerdingen,de.1,1984-85,Bayern München,KFC Uerdingen,2,1
1985-02-27,1984-85:de.1:169:VfB Stuttgart:Arminia Bielefeld,de.1,1984-85,VfB Stuttgart,Arminia Bielefeld,2,0
1985-03-02,1984-85:de.1:170:Eintracht Braunschweig:Fortuna Düsseldorf,de.1,1984-85,Eintracht Braunschweig,Fortuna Düsseldorf,1,0
1985-03-02,1984-85:de.1:171:Bayer 04 Leverkusen:Hamburger SV,de.1,1984-85,Bayer 04 Leverkusen,Hamburger SV,2,0
1985-03-02,1984-85:de.1:172:Arminia Bielefeld:SV Waldhof Mannheim,de.1,1984-85,Arminia Bielefeld,SV Waldhof Mannheim,0,1
1985-03-02,1984-85:de.1:173:KFC Uerdingen:1. FC Köln,de.1,1984-85,KFC Uerdingen,1. FC Köln,2,1
1985-03-02,1984-85:de.1:174:Werder Bremen:VfB Stuttgart,de.1,1984-85,Werder Bremen,VfB Stuttgart,3,1
1985-03-02,1984-85:de.1:175:1. FC Kaiserslautern:Eintracht Frankfurt,de.1,1984-85,1. FC Kaiserslautern,Eintracht Frankfurt,2,1
1985-03-02,1984-85:de.1:176:Borussia Dortmund:Bayern München,de.1,1984-85,Borussia Dortmund,Bayern München,1,1
1985-03-05,1984-85:de.1:177:VfL Bochum:Bor. Mönchengladbach,de.1,1984-85,VfL Bochum,Bor. Mönchengladbach,0,2
1985-03-05,1984-85:de.1:178:Bayer 04 Leverkusen:Eintracht Frankfurt,de.1,1984-85,Bayer 04 Leverkusen,Eintracht Frankfurt,3,1
1985-03-08,1984-85:de.1:179:FC Schalke 04:1. FC Kaiserslautern,de.1,1984-85,FC Schalke 04,1. FC Kaiserslautern,1,1
1985-03-08,1984-85:de.1:180:VfB Stuttgart:KFC Uerdingen,de.1,1984-85,VfB Stuttgart,KFC Uerdingen,5,2
1985-03-09,1984-85:de.1:181:SV Waldhof Mannheim:Werder Bremen,de.1,1984-85,SV Waldhof Mannheim,Werder Bremen,1,1
1985-03-09,1984-85:de.1:182:Bor. Mönchengladbach:Bayer 04 Leverkusen,de.1,1984-85,Bor. Mönchengladbach,Bayer 04 Leverkusen,1,1
1985-03-09,1984-85:de.1:183:VfL Bochum:Borussia Dortmund,de.1,1984-85,VfL Bochum,Borussia Dortmund,4,1
1985-03-09,1984-85:de.1:184:Hamburger SV:Karlsruher SC,de.1,1984-85,Hamburger SV,Karlsruher SC,0,0
1985-03-09,1984-85:de.1:185:Fortuna Düsseldorf:Arminia Bielefeld,de.1,1984-85,Fortuna Düsseldorf,Arminia Bielefeld,1,1
1985-03-09,1984-85:de.1:186:1. FC Köln:Bayern München,de.1,1984-85,1. FC Köln,Bayern München,0,2
1985-03-09,1984-85:de.1:187:Eintracht Frankfurt:Eintracht Braunschweig,de.1,1984-85,Eintracht Frankfurt,Eintracht Braunschweig,2,0
1985-03-12,1984-85:de.1:188:FC Schalke 04:Bayer 04 Leverkusen,de.1,1984-85,FC Schalke 04,Bayer 04 Leverkusen,4,2
1985-03-12,1984-85:de.1:189:1. FC Kaiserslautern:SV Waldhof Mannheim,de.1,1984-85,1. FC Kaiserslautern,SV Waldhof Mannheim,1,1
1985-03-13,1984-85:de.1:190:Arminia Bielefeld:1. FC Köln,de.1,1984-85,Arminia Bielefeld,1. FC Köln,1,0
1985-03-16,1984-85:de.1:191:Bayer 04 Leverkusen:VfL Bochum,de.1,1984-85,Bayer 04 Leverkusen,VfL Bochum,1,1
1985-03-16,1984-85:de.1:192:Werder Bremen:Fortuna Düsseldorf,de.1,1984-85,Werder Bremen,Fortuna Düsseldorf,2,1
1985-03-16,1984-85:de.1:193:Bayern München:VfB Stuttgart,de.1,1984-85,Bayern München,VfB Stuttgart,3,2
1985-03-16,1984-85:de.1:194:KFC Uerdingen:SV Waldhof Mannheim,de.1,1984-85,KFC Uerdingen,SV Waldhof Mannheim,2,2
1985-03-16,1984-85:de.1:195:Arminia Bielefeld:Eintracht Frankfurt,de.1,1984-85,Arminia Bielefeld,Eintracht Frankfurt,2,2
1985-03-16,1984-85:de.1:196:Borussia Dortmund:1. FC Köln,de.1,1984-85,Borussia Dortmund,1. FC Köln,2,0
1985-03-16,1984-85:de.1:197:Eintracht Braunschweig:FC Schalke 04,de.1,1984-85,Eintracht Braunschweig,FC Schalke 04,4,2
1985-03-16,1984-85:de.1:198:Karlsruher SC:Bor. Mönchengladbach,de.1,1984-85,Karlsruher SC,Bor. Mönchengladbach,0,1
1985-03-19,1984-85:de.1:199:Bor. Mönchengladbach:Hamburger SV,de.1,1984-85,Bor. Mönchengladbach,Hamburger SV,0,1
1985-03-22,1984-85:de.1:200:VfL Bochum:Karlsruher SC,de.1,1984-85,VfL Bochum,Karlsruher SC,5,2
1985-03-23,1984-85:de.1:201:Eintracht Frankfurt:Werder Bremen,de.1,1984-85,Eintracht Frankfurt,Werder Bremen,1,3
1985-03-23,1984-85:de.1:202:FC Schalke 04:Arminia Bielefeld,de.1,1984-85,FC Schalke 04,Arminia Bielefeld,3,0
1985-03-23,1984-85:de.1:203:Hamburger SV:Eintracht Braunschweig,de.1,1984-85,Hamburger SV,Eintracht Braunschweig,5,0
1985-03-23,1984-85:de.1:204:Bor. Mönchengladbach:1. FC Kaiserslautern,de.1,1984-85,Bor. Mönchengladbach,1. FC Kaiserslautern,7,0
1985-03-23,1984-85:de.1:205:VfB Stuttgart:1. FC Köln,de.1,1984-85,VfB Stuttgart,1. FC Köln,3,1
1985-03-23,1984-85:de.1:206:SV Waldhof Mannheim:Bayern München,de.1,1984-85,SV Waldhof Mannheim,Bayern München,0,0
1985-03-23,1984-85:de.1:207:Fortuna Düsseldorf:KFC Uerdingen,de.1,1984-85,Fortuna Düsseldorf,KFC Uerdingen,2,2
1985-03-23,1984-85:de.1:208:Bayer 04 Leverkusen:Borussia Dortmund,de.1,1984-85,Bayer 04 Leverkusen,Borussia Dortmund,0,1
1985-03-30,1984-85:de.1:209:Arminia Bielefeld:Hamburger SV,de.1,1984-85,Arminia Bielefeld,Hamburger SV,4,1
1985-03-30,1984-85:de.1:210:KFC Uerdingen:Eintracht Frankfurt,de.1,1984-85,KFC Uerdingen,Eintracht Frankfurt,1,1
1985-03-30,1984-85:de.1:211:Bayern München:Fortuna Düsseldorf,de.1,1984-85,Bayern München,Fortuna Düsseldorf,6,0
1985-03-30,1984-85:de.1:212:1. FC Köln:SV Waldhof Mannheim,de.1,1984-85,1. FC Köln,SV Waldhof Mannheim,0,0
1985-03-30,1984-85:de.1:213:Borussia Dortmund:VfB Stuttgart,de.1,1984-85,Borussia Dortmund,VfB Stuttgart,4,1
1985-03-30,1984-85:de.1:214:Karlsruher SC:Bayer 04 Leverkusen,de.1,1984-85,Karlsruher SC,Bayer 04 Leverkusen,0,0
1985-03-30,1984-85:de.1:215:Eintracht Braunschweig:Bor. Mönchengladbach,de.1,1984-85,Eintracht Braunschweig,Bor. Mönchengladbach,0,4
1985-03-30,1984-85:de.1:216:Werder Bremen:FC Schalke 04,de.1,1984-85,Werder Bremen,FC Schalke 04,2,1
1985-04-03,1984-85:de.1:217:Bayer 04 Leverkusen:1. FC Kaiserslautern,de.1,1984-85,Bayer 04 Leverkusen,1. FC Kaiserslautern,3,0
1985-04-03,1984-85:de.1:218:Fortuna Düsseldorf:1. FC Köln,de.1,1984-85,Fortuna Düsseldorf,1. FC Köln,1,2
1985-04-03,1984-85:de.1:219:Bor. Mönchengladbach:Arminia Bielefeld,de.1,1984-85,Bor. Mönchengladbach,Arminia Bielefeld,2,0
1985-04-03,1984-85:de.1:220:FC Schalke 04:KFC Uerdingen,de.1,1984-85,FC Schalke 04,KFC Uerdingen,2,0
1985-04-03,1984-85:de.1:221:Karlsruher SC:Borussia Dortmund,de.1,1984-85,Karlsruher SC,Borussia Dortmund,2,4
1985-04-03,1984-85:de.1:222:VfL Bochum:Eintracht Braunschweig,de.1,1984-85,VfL Bochum,Eintracht Braunschweig,1,0
1985-04-03,1984-85:de.1:223:SV Waldhof Mannheim:VfB Stuttgart,de.1,1984-85,SV Waldhof Mannheim,VfB Stuttgart,1,1
1985-04-03,1984-85:de.1:224:Hamburger SV:Werder Bremen,de.1,1984-85,Hamburger SV,Werder Bremen,2,0
1985-04-03,1984-85:de.1:225:Eintracht Frankfurt:Bayern München,de.1,1984-85,Eintracht Frankfurt,Bayern München,2,2
1985-04-09,1984-85:de.1:226:Hamburger SV:VfL Bochum,de.1,1984-85,Hamburger SV,VfL Bochum,3,1
1985-04-09,1984-85:de.1:227:Borussia Dortmund:KFC Uerdingen,de.1,1984-85,Borussia Dortmund,KFC Uerdingen,4,0
1985-04-12,1984-85:de.1:228:VfB Stuttgart:Fortuna Düsseldorf,de.1,1984-85,VfB Stuttgart,Fortuna Düsseldorf,5,2
1985-04-12,1984-85:de.1:229:1. FC Kaiserslautern:Karlsruher SC,de.1,1984-85,1. FC Kaiserslautern,Karlsruher SC,3,1
1985-04-12,1984-85:de.1:230:Werder Bremen:Bor. Mönchengladbach,de.1,1984-85,Werder Bremen,Bor. Mönchengladbach,2,0
1985-04-13,1984-85:de.1:231:Eintracht Braunschweig:Bayer 04 Leverkusen,de.1,1984-85,Eintracht Braunschweig,Bayer 04 Leverkusen,0,2
1985-04-13,1984-85:de.1:232:1. FC Köln:Eintracht Frankfurt,de.1,1984-85,1. FC Köln,Eintracht Frankfurt,2,0
1985-04-13,1984-85:de.1:233:Bayern München:FC Schalke 04,de.1,1984-85,Bayern München,FC Schalke 04,3,0
1985-04-13,1984-85:de.1:234:Arminia Bielefeld:VfL Bochum,de.1,1984-85,Arminia Bielefeld,VfL Bochum,2,3
1985-04-15,1984-85:de.1:235:Borussia Dortmund:SV Waldhof Mannheim,de.1,1984-85,Borussia Dortmund,SV Waldhof Mannheim,0,0
1985-04-19,1984-85:de.1:236:Fortuna Düsseldorf:SV Waldhof Mannheim,de.1,1984-85,Fortuna Düsseldorf,SV Waldhof Mannheim,1,1
1985-04-20,1984-85:de.1:237:VfL Bochum:Werder Bremen,de.1,1984-85,VfL Bochum,Werder Bremen,1,3
1985-04-20,1984-85:de.1:238:Karlsruher SC:Eintracht Braunschweig,de.1,1984-85,Karlsruher SC,Eintracht Braunschweig,4,1
1985-04-20,1984-85:de.1:239:Bayer 04 Leverkusen:Arminia Bielefeld,de.1,1984-85,Bayer 04 Leverkusen,Arminia Bielefeld,1,1
1985-04-20,1984-85:de.1:240:Eintracht Frankfurt:VfB Stuttgart,de.1,1984-85,Eintracht Frankfurt,VfB Stuttgart,2,0
1985-04-20,1984-85:de.1:241:FC Schalke 04:1. FC Köln,de.1,1984-85,FC Schalke 04,1. FC Köln,2,3
1985-04-20,1984-85:de.1:242:Bor. Mönchengladbach:KFC Uerdingen,de.1,1984-85,Bor. Mönchengladbach,KFC Uerdingen,0,0
1985-04-20,1984-85:de.1:243:Hamburger SV:Bayern München,de.1,1984-85,Hamburger SV,Bayern München,2,1
1985-04-20,1984-85:de.1:244:1. FC Kaiserslautern:Borussia Dortmund,de.1,1984-85,1. FC Kaiserslautern,Borussia Dortmund,5,0
1985-04-25,1984-85:de.1:245:SV Waldhof Mannheim:Eintracht Braunschweig,de.1,1984-85,SV Waldhof Mannheim,Eintracht Braunschweig,2,0
1985-04-25,1984-85:de.1:246:1. FC Köln:Werder Bremen,de.1,1984-85,1. FC Köln,Werder Bremen,3,2
1985-04-25,1984-85:de.1:247:Fortuna Düsseldorf:1. FC Kaiserslautern,de.1,1984-85,Fortuna Düsseldorf,1. FC Kaiserslautern,1,0
1985-04-25,1984-85:de.1:248:Bor. Mönchengladbach:Borussia Dortmund,de.1,1984-85,Bor. Mönchengladbach,Borussia Dortmund,1,1
1985-04-25,1984-85:de.1:249:Karlsruher SC:FC Schalke 04,de.1,1984-85,Karlsruher SC,FC Schalke 04,2,2
1985-05-03,1984-85:de.1:250:Eintracht Braunschweig:1. FC Kaiserslautern,de.1,1984-85,Eintracht Braunschweig,1. FC Kaiserslautern,2,1
1985-05-03,1984-85:de.1:251:KFC Uerdingen:VfL Bochum,de.1,1984-85,KFC Uerdingen,VfL Bochum,3,1
1985-05-04,1984-85:de.1:252:SV Waldhof Mannheim:Eintracht Frankfurt,de.1,1984-85,SV Waldhof Mannheim,Eintracht Frankfurt,3,1
1985-05-04,1984-85:de.1:253:Arminia Bielefeld:Karlsruher SC,de.1,1984-85,Arminia Bielefeld,Karlsruher SC,4,1
1985-05-04,1984-85:de.1:254:Borussia Dortmund:Fortuna Düsseldorf,de.1,1984-85,Borussia Dortmund,Fortuna Düsseldorf,1,2
1985-05-04,1984-85:de.1:255:VfB Stuttgart:FC Schalke 04,de.1,1984-85,VfB Stuttgart,FC Schalke 04,1,0
1985-05-04,1984-85:de.1:256:1. FC Köln:Hamburger SV,de.1,1984-85,1. FC Köln,Hamburger SV,2,1
1985-05-04,1984-85:de.1:257:Bayern München:Bor. Mönchengladbach,de.1,1984-85,Bayern München,Bor. Mönchengladbach,4,0
1985-05-04,1984-85:de.1:258:Werder Bremen:Bayer 04 Leverkusen,de.1,1984-85,Werder Bremen,Bayer 04 Leverkusen,2,2
1985-05-07,1984-85:de.1:259:1. FC Kaiserslautern:Hamburger SV,de.1,1984-85,1. FC Kaiserslautern,Hamburger SV,1,1
1985-05-10,1984-85:de.1:260:1. FC Kaiserslautern:Arminia Bielefeld,de.1,1984-85,1. FC Kaiserslautern,Arminia Bielefeld,1,1
1985-05-10,1984-85:de.1:261:Eintracht Frankfurt:Fortuna Düsseldorf,de.1,1984-85,Eintracht Frankfurt,Fortuna Düsseldorf,2,2
1985-05-10,1984-85:de.1:262:FC Schalke 04:SV Waldhof Mannheim,de.1,1984-85,FC Schalke 04,SV Waldhof Mannheim,4,0
1985-05-11,1984-85:de.1:263:VfL Bochum:Bayern München,de.1,1984-85,VfL Bochum,Bayern München,1,1
1985-05-11,1984-85:de.1:264:Eintracht Braunschweig:Borussia Dortmund,de.1,1984-85,Eintracht Braunschweig,Borussia Dortmund,2,4
1985-05-11,1984-85:de.1:265:Hamburger SV:VfB Stuttgart,de.1,1984-85,Hamburger SV,VfB Stuttgart,3,1
1985-05-11,1984-85:de.1:266:Bayer 04 Leverkusen:KFC Uerdingen,de.1,1984-85,Bayer 04 Leverkusen,KFC Uerdingen,0,0
1985-05-11,1984-85:de.1:267:Karlsruher SC:Werder Bremen,de.1,1984-85,Karlsruher SC,Werder Bremen,1,1
1985-05-11,1984-85:de.1:268:Bor. Mönchengladbach:1. FC Köln,de.1,1984-85,Bor. Mönchengladbach,1. FC Köln,2,3
1985-05-14,1984-85:de.1:269:KFC Uerdingen:Hamburger SV,de.1,1984-85,KFC Uerdingen,Hamburger SV,2,1
1985-05-17,1984-85:de.1:270:Werder Bremen:1. FC Kaiserslautern,de.1,1984-85,Werder Bremen,1. FC Kaiserslautern,6,1
1985-05-17,1984-85:de.1:271:1. FC Köln:VfL Bochum,de.1,1984-85,1. FC Köln,VfL Bochum,2,1
1985-05-17,1984-85:de.1:272:Fortuna Düsseldorf:FC Schalke 04,de.1,1984-85,Fortuna Düsseldorf,FC Schalke 04,1,2
1985-05-18,1984-85:de.1:273:Bayern München:Bayer 04 Leverkusen,de.1,1984-85,Bayern München,Bayer 04 Leverkusen,2,1
1985-05-18,1984-85:de.1:274:VfB Stuttgart:Bor. Mönchengladbach,de.1,1984-85,VfB Stuttgart,Bor. Mönchengladbach,2,3
1985-05-18,1984-85:de.1:275:SV Waldhof Mannheim:Hamburger SV,de.1,1984-85,SV Waldhof Mannheim,Hamburger SV,3,1
1985-05-18,1984-85:de.1:276:Borussia Dortmund:Eintracht Frankfurt,de.1,1984-85,Borussia Dortmund,Eintracht Frankfurt,2,1
1985-05-18,1984-85:de.1:277:Arminia Bielefeld:Eintracht Braunschweig,de.1,1984-85,Arminia Bielefeld,Eintracht Braunschweig,3,2
1985-05-18,1984-85:de.1:278:KFC Uerdingen:Karlsruher SC,de.1,1984-85,KFC Uerdingen,Karlsruher SC,3,0
1985-05-21,1984-85:de.1:279:1. FC Kaiserslautern:VfL Bochum,de.1,1984-85,1. FC Kaiserslautern,VfL Bochum,5,2
1985-05-21,1984-85:de.1:280:Karlsruher SC:Bayern München,de.1,1984-85,Karlsruher SC,Bayern München,0,4
1985-05-24,1984-85:de.1:281:Borussia Dortmund:Arminia Bielefeld,de.1,1984-85,Borussia Dortmund,Arminia Bielefeld,1,3
1985-05-24,1984-85:de.1:282:Eintracht Frankfurt:FC Schalke 04,de.1,1984-85,Eintracht Frankfurt,FC Schalke 04,1,1
1985-05-25,1984-85:de.1:283:Eintracht Braunschweig:Werder Bremen,de.1,1984-85,Eintracht Braunschweig,Werder Bremen,0,2
1985-05-25,1984-85:de.1:284:Hamburger SV:Fortuna Düsseldorf,de.1,1984-85,Hamburger SV,Fortuna Düsseldorf,1,2
1985-05-25,1984-85:de.1:285:Bor. Mönchengladbach:SV Waldhof Mannheim,de.1,1984-85,Bor. Mönchengladbach,SV Waldhof Mannheim,3,0
1985-05-25,1984-85:de.1:286:VfL Bochum:VfB Stuttgart,de.1,1984-85,VfL Bochum,VfB Stuttgart,2,1
1985-05-25,1984-85:de.1:287:Bayer 04 Leverkusen:1. FC Köln,de.1,1984-85,Bayer 04 Leverkusen,1. FC Köln,4,4
1985-05-29,1984-85:de.1:288:1. FC Kaiserslautern:KFC Uerdingen,de.1,1984-85,1. FC Kaiserslautern,KFC Uerdingen,6,1
1985-06-01,1984-85:de.1:289:Bayern München:1. FC Kaiserslautern,de.1,1984-85,Bayern München,1. FC Kaiserslautern,3,0
1985-06-01,1984-85:de.1:290:Eintracht Frankfurt:Hamburger SV,de.1,1984-85,Eintracht Frankfurt,Hamburger SV,1,0
1985-06-01,1984-85:de.1:291:Werder Bremen:Arminia Bielefeld,de.1,1984-85,Werder Bremen,Arminia Bielefeld,2,1
1985-06-01,1984-85:de.1:292:KFC Uerdingen:Eintracht Braunschweig,de.1,1984-85,KFC Uerdingen,Eintracht Braunschweig,1,2
1985-06-01,1984-85:de.1:293:1. FC Köln:Karlsruher SC,de.1,1984-85,1. FC Köln,Karlsruher SC,3,4
1985-06-01,1984-85:de.1:294:VfB Stuttgart:Bayer 04 Leverkusen,de.1,1984-85,VfB Stuttgart,Bayer 04 Leverkusen,4,1
1985-06-01,1984-85:de.1:295:SV Waldhof Mannheim:VfL Bochum,de.1,1984-85,SV Waldhof Mannheim,VfL Bochum,2,0
1985-06-01,1984-85:de.1:296:Fortuna Düsseldorf:Bor. Mönchengladbach,de.1,1984-85,Fortuna Düsseldorf,Bor. Mönchengladbach,2,1
1985-06-01,1984-85:de.1:297:FC Schalke 04:Borussia Dortmund,de.1,1984-85,FC Schalke 04,Borussia Dortmund,3,1
1985-06-08,1984-85:de.1:298:Borussia Dortmund:Werder Bremen,de.1,1984-85,Borussia Dortmund,Werder Bremen,2,0
1985-06-08,1984-85:de.1:299:Bor. Mönchengladbach:Eintracht Frankfurt,de.1,1984-85,Bor. Mönchengladbach,Eintracht Frankfurt,3,3
1985-06-08,1984-85:de.1:300:VfL Bochum:Fortuna Düsseldorf,de.1,1984-85,VfL Bochum,Fortuna Düsseldorf,1,0
1985-06-08,1984-85:de.1:301:Bayer 04 Leverkusen:SV Waldhof Mannheim,de.1,1984-85,Bayer 04 Leverkusen,SV Waldhof Mannheim,2,1
1985-06-08,1984-85:de.1:302:Karlsruher SC:VfB Stuttgart,de.1,1984-85,Karlsruher SC,VfB Stuttgart,1,1
1985-06-08,1984-85:de.1:303:1. FC Kaiserslautern:1. FC Köln,de.1,1984-85,1. FC Kaiserslautern,1. FC Köln,6,0
1985-06-08,1984-85:de.1:304:Eintracht Braunschweig:Bayern München,de.1,1984-85,Eintracht Braunschweig,Bayern München,0,1
1985-06-08,1984-85:de.1:305:Arminia Bielefeld:KFC Uerdingen,de.1,1984-85,Arminia Bielefeld,KFC Uerdingen,1,0
1985-06-08,1984-85:de.1:306:Hamburger SV:FC Schalke 04,de.1,1984-85,Hamburger SV,FC Schalke 04,2,0
1985-08-09,1985-86:de.1:1:FC Schalke 04:Werder Bremen,de.1,1985-86,FC Schalke 04,Werder Bremen,0,1
1985-08-10,1985-86:de.1:2:Fortuna Düsseldorf:SV Waldhof Mannheim,de.1,1985-86,Fortuna Düsseldorf,SV Waldhof Mannheim,4,1
1985-08-10,1985-86:de.1:3:1. FC Nürnberg:VfL Bochum,de.1,1985-86,1. FC Nürnberg,VfL Bochum,0,1
1985-08-10,1985-86:de.1:4:1. FC Köln:Eintracht Frankfurt,de.1,1985-86,1. FC Köln,Eintracht Frankfurt,1,1
1985-08-10,1985-86:de.1:5:Hamburger SV:1. FC Kaiserslautern,de.1,1985-86,Hamburger SV,1. FC Kaiserslautern,4,1
1985-08-10,1985-86:de.1:6:1. FC Saarbrücken:Borussia Dortmund,de.1,1985-86,1. FC Saarbrücken,Borussia Dortmund,1,1
1985-08-10,1985-86:de.1:7:Hannover 96:Bayer 04 Leverkusen,de.1,1985-86,Hannover 96,Bayer 04 Leverkusen,1,1
1985-08-10,1985-86:de.1:8:VfB Stuttgart:Bor. Mönchengladbach,de.1,1985-86,VfB Stuttgart,Bor. Mönchengladbach,0,0
1985-08-10,1985-86:de.1:9:KFC Uerdingen:Bayern München,de.1,1985-86,KFC Uerdingen,Bayern München,1,0
1985-08-16,1985-86:de.1:10:Werder Bremen:Hannover 96,de.1,1985-86,Werder Bremen,Hannover 96,8,2
1985-08-16,1985-86:de.1:11:Borussia Dortmund:Hamburger SV,de.1,1985-86,Borussia Dortmund,Hamburger SV,1,1
1985-08-16,1985-86:de.1:12:SV Waldhof Mannheim:KFC Uerdingen,de.1,1985-86,SV Waldhof Mannheim,KFC Uerdingen,2,0
1985-08-17,1985-86:de.1:13:Bayern München:VfB Stuttgart,de.1,1985-86,Bayern München,VfB Stuttgart,4,1
1985-08-17,1985-86:de.1:14:Bayer 04 Leverkusen:1. FC Saarbrücken,de.1,1985-86,Bayer 04 Leverkusen,1. FC Saarbrücken,2,0
1985-08-17,1985-86:de.1:15:1. FC Kaiserslautern:1. FC Köln,de.1,1985-86,1. FC Kaiserslautern,1. FC Köln,1,0
1985-08-17,1985-86:de.1:16:Eintracht Frankfurt:1. FC Nürnberg,de.1,1985-86,Eintracht Frankfurt,1. FC Nürnberg,1,1
1985-08-17,1985-86:de.1:17:VfL Bochum:Fortuna Düsseldorf,de.1,1985-86,VfL Bochum,Fortuna Düsseldorf,5,3
1985-08-17,1985-86:de.1:18:Bor. Mönchengladbach:FC Schalke 04,de.1,1985-86,Bor. Mönchengladbach,FC Schalke 04,4,0
1985-08-20,1985-86:de.1:19:Fortuna Düsseldorf:Eintracht Frankfurt,de.1,1985-86,Fortuna Düsseldorf,Eintracht Frankfurt,0,1
1985-08-20,1985-86:de.1:20:SV Waldhof Mannheim:VfL Bochum,de.1,1985-86,SV Waldhof Mannheim,VfL Bochum,4,1
1985-08-21,1985-86:de.1:21:1. FC Nürnberg:1. FC Kaiserslautern,de.1,1985-86,1. FC Nürnberg,1. FC Kaiserslautern,3,1
1985-08-21,1985-86:de.1:22:1. FC Köln:Borussia Dortmund,de.1,1985-86,1. FC Köln,Borussia Dortmund,2,0
1985-08-21,1985-86:de.1:23:1. FC Saarbrücken:Werder Bremen,de.1,1985-86,1. FC Saarbrücken,Werder Bremen,1,1
1985-08-21,1985-86:de.1:24:Hannover 96:Bor. Mönchengladbach,de.1,1985-86,Hannover 96,Bor. Mönchengladbach,2,3
1985-08-21,1985-86:de.1:25:FC Schalke 04:Bayern München,de.1,1985-86,FC Schalke 04,Bayern München,0,1
1985-08-21,1985-86:de.1:26:KFC Uerdingen:VfB Stuttgart,de.1,1985-86,KFC Uerdingen,VfB Stuttgart,1,4
1985-08-31,1985-86:de.1:27:Bayer 04 Leverkusen:1. FC Köln,de.1,1985-86,Bayer 04 Leverkusen,1. FC Köln,1,1
1985-08-31,1985-86:de.1:28:Bor. Mönchengladbach:1. FC Saarbrücken,de.1,1985-86,Bor. Mönchengladbach,1. FC Saarbrücken,2,0
1985-08-31,1985-86:de.1:29:VfL Bochum:KFC Uerdingen,de.1,1985-86,VfL Bochum,KFC Uerdingen,1,2
1985-08-31,1985-86:de.1:30:VfB Stuttgart:FC Schalke 04,de.1,1985-86,VfB Stuttgart,FC Schalke 04,0,1
1985-08-31,1985-86:de.1:31:Borussia Dortmund:1. FC Nürnberg,de.1,1985-86,Borussia Dortmund,1. FC Nürnberg,1,4
1985-08-31,1985-86:de.1:32:1. FC Kaiserslautern:Fortuna Düsseldorf,de.1,1985-86,1. FC Kaiserslautern,Fortuna Düsseldorf,2,0
1985-08-31,1985-86:de.1:33:Eintracht Frankfurt:SV Waldhof Mannheim,de.1,1985-86,Eintracht Frankfurt,SV Waldhof Mannheim,0,0
1985-08-31,1985-86:de.1:34:Werder Bremen:Hamburger SV,de.1,1985-86,Werder Bremen,Hamburger SV,2,0
1985-09-03,1985-86:de.1:35:SV Waldhof Mannheim:1. FC Kaiserslautern,de.1,1985-86,SV Waldhof Mannheim,1. FC Kaiserslautern,1,1
1985-09-03,1985-86:de.1:36:1. FC Saarbrücken:Bayern München,de.1,1985-86,1. FC Saarbrücken,Bayern München,1,1
1985-09-03,1985-86:de.1:37:VfL Bochum:Eintracht Frankfurt,de.1,1985-86,VfL Bochum,Eintracht Frankfurt,2,1
1985-09-03,1985-86:de.1:38:KFC Uerdingen:FC Schalke 04,de.1,1985-86,KFC Uerdingen,FC Schalke 04,3,2
1985-09-04,1985-86:de.1:39:1. FC Köln:Werder Bremen,de.1,1985-86,1. FC Köln,Werder Bremen,3,3
1985-09-04,1985-86:de.1:40:1. FC Nürnberg:Bayer 04 Leverkusen,de.1,1985-86,1. FC Nürnberg,Bayer 04 Leverkusen,3,2
1985-09-04,1985-86:de.1:41:Hamburger SV:Bor. Mönchengladbach,de.1,1985-86,Hamburger SV,Bor. Mönchengladbach,4,1
1985-09-04,1985-86:de.1:42:Fortuna Düsseldorf:Borussia Dortmund,de.1,1985-86,Fortuna Düsseldorf,Borussia Dortmund,4,2
1985-09-04,1985-86:de.1:43:Hannover 96:VfB Stuttgart,de.1,1985-86,Hannover 96,VfB Stuttgart,1,3
1985-09-06,1985-86:de.1:44:1. FC Kaiserslautern:VfL Bochum,de.1,1985-86,1. FC Kaiserslautern,VfL Bochum,2,0
1985-09-07,1985-86:de.1:45:Bayern München:Hamburger SV,de.1,1985-86,Bayern München,Hamburger SV,2,0
1985-09-07,1985-86:de.1:46:FC Schalke 04:Hannover 96,de.1,1985-86,FC Schalke 04,Hannover 96,2,2
1985-09-07,1985-86:de.1:47:Eintracht Frankfurt:KFC Uerdingen,de.1,1985-86,Eintracht Frankfurt,KFC Uerdingen,1,1
1985-09-07,1985-86:de.1:48:Bor. Mönchengladbach:1. FC Köln,de.1,1985-86,Bor. Mönchengladbach,1. FC Köln,1,1
1985-09-07,1985-86:de.1:49:VfB Stuttgart:1. FC Saarbrücken,de.1,1985-86,VfB Stuttgart,1. FC Saarbrücken,3,1
1985-09-07,1985-86:de.1:50:Werder Bremen:1. FC Nürnberg,de.1,1985-86,Werder Bremen,1. FC Nürnberg,2,1
1985-09-07,1985-86:de.1:51:Bayer 04 Leverkusen:Fortuna Düsseldorf,de.1,1985-86,Bayer 04 Leverkusen,Fortuna Düsseldorf,3,1
1985-09-07,1985-86:de.1:52:Borussia Dortmund:SV Waldhof Mannheim,de.1,1985-86,Borussia Dortmund,SV Waldhof Mannheim,0,0
1985-09-13,1985-86:de.1:53:1. FC Saarbrücken:FC Schalke 04,de.1,1985-86,1. FC Saarbrücken,FC Schalke 04,3,2
1985-09-13,1985-86:de.1:54:Fortuna Düsseldorf:Werder Bremen,de.1,1985-86,Fortuna Düsseldorf,Werder Bremen,1,4
1985-09-13,1985-86:de.1:55:Eintracht Frankfurt:1. FC Kaiserslautern,de.1,1985-86,Eintracht Frankfurt,1. FC Kaiserslautern,1,1
1985-09-14,1985-86:de.1:56:KFC Uerdingen:Hannover 96,de.1,1985-86,KFC Uerdingen,Hannover 96,3,3
1985-09-14,1985-86:de.1:57:VfL Bochum:Borussia Dortmund,de.1,1985-86,VfL Bochum,Borussia Dortmund,6,1
1985-09-14,1985-86:de.1:58:1. FC Köln:Bayern München,de.1,1985-86,1. FC Köln,Bayern München,1,1
1985-09-14,1985-86:de.1:59:Hamburger SV:VfB Stuttgart,de.1,1985-86,Hamburger SV,VfB Stuttgart,2,0
1985-09-14,1985-86:de.1:60:1. FC Nürnberg:Bor. Mönchengladbach,de.1,1985-86,1. FC Nürnberg,Bor. Mönchengladbach,2,4
1985-09-14,1985-86:de.1:61:SV Waldhof Mannheim:Bayer 04 Leverkusen,de.1,1985-86,SV Waldhof Mannheim,Bayer 04 Leverkusen,1,0
1985-09-20,1985-86:de.1:62:Bayer 04 Leverkusen:VfL Bochum,de.1,1985-86,Bayer 04 Leverkusen,VfL Bochum,4,2
1985-09-20,1985-86:de.1:63:Borussia Dortmund:Eintracht Frankfurt,de.1,1985-86,Borussia Dortmund,Eintracht Frankfurt,4,2
1985-09-21,1985-86:de.1:64:Bayern München:1. FC Nürnberg,de.1,1985-86,Bayern München,1. FC Nürnberg,2,1
1985-09-21,1985-86:de.1:65:VfB Stuttgart:1. FC Köln,de.1,1985-86,VfB Stuttgart,1. FC Köln,5,0
1985-09-21,1985-86:de.1:66:1. FC Kaiserslautern:KFC Uerdingen,de.1,1985-86,1. FC Kaiserslautern,KFC Uerdingen,5,1
1985-09-21,1985-86:de.1:67:Bor. Mönchengladbach:Fortuna Düsseldorf,de.1,1985-86,Bor. Mönchengladbach,Fortuna Düsseldorf,5,1
1985-09-21,1985-86:de.1:68:FC Schalke 04:Hamburger SV,de.1,1985-86,FC Schalke 04,Hamburger SV,1,0
1985-09-21,1985-86:de.1:69:Werder Bremen:SV Waldhof Mannheim,de.1,1985-86,Werder Bremen,SV Waldhof Mannheim,2,2
1985-09-21,1985-86:de.1:70:Hannover 96:1. FC Saarbrücken,de.1,1985-86,Hannover 96,1. FC Saarbrücken,2,0
1985-09-27,1985-86:de.1:71:KFC Uerdingen:1. FC Saarbrücken,de.1,1985-86,KFC Uerdingen,1. FC Saarbrücken,2,1
1985-09-28,1985-86:de.1:72:1. FC Kaiserslautern:Borussia Dortmund,de.1,1985-86,1. FC Kaiserslautern,Borussia Dortmund,2,0
1985-09-28,1985-86:de.1:73:1. FC Köln:FC Schalke 04,de.1,1985-86,1. FC Köln,FC Schalke 04,4,2
1985-09-28,1985-86:de.1:74:VfL Bochum:Werder Bremen,de.1,1985-86,VfL Bochum,Werder Bremen,2,3
1985-09-28,1985-86:de.1:75:SV Waldhof Mannheim:Bor. Mönchengladbach,de.1,1985-86,SV Waldhof Mannheim,Bor. Mönchengladbach,3,1
1985-09-28,1985-86:de.1:76:Hamburger SV:Hannover 96,de.1,1985-86,Hamburger SV,Hannover 96,3,0
1985-09-28,1985-86:de.1:77:1. FC Nürnberg:VfB Stuttgart,de.1,1985-86,1. FC Nürnberg,VfB Stuttgart,0,1
1985-09-28,1985-86:de.1:78:Eintracht Frankfurt:Bayer 04 Leverkusen,de.1,1985-86,Eintracht Frankfurt,Bayer 04 Leverkusen,1,0
1985-09-28,1985-86:de.1:79:Fortuna Düsseldorf:Bayern München,de.1,1985-86,Fortuna Düsseldorf,Bayern München,4,0
1985-10-04,1985-86:de.1:80:Bayer 04 Leverkusen:1. FC Kaiserslautern,de.1,1985-86,Bayer 04 Leverkusen,1. FC Kaiserslautern,3,2
1985-10-05,1985-86:de.1:81:VfB Stuttgart:Fortuna Düsseldorf,de.1,1985-86,VfB Stuttgart,Fortuna Düsseldorf,5,0
1985-10-05,1985-86:de.1:82:Hannover 96:1. FC Köln,de.1,1985-86,Hannover 96,1. FC Köln,3,1
1985-10-05,1985-86:de.1:83:Werder Bremen:Eintracht Frankfurt,de.1,1985-86,Werder Bremen,Eintracht Frankfurt,4,0
1985-10-05,1985-86:de.1:84:FC Schalke 04:1. FC Nürnberg,de.1,1985-86,FC Schalke 04,1. FC Nürnberg,2,0
1985-10-05,1985-86:de.1:85:Bayern München:SV Waldhof Mannheim,de.1,1985-86,Bayern München,SV Waldhof Mannheim,3,1
1985-10-05,1985-86:de.1:86:Bor. Mönchengladbach:VfL Bochum,de.1,1985-86,Bor. Mönchengladbach,VfL Bochum,2,0
1985-10-05,1985-86:de.1:87:Borussia Dortmund:KFC Uerdingen,de.1,1985-86,Borussia Dortmund,KFC Uerdingen,5,2
1985-10-05,1985-86:de.1:88:1. FC Saarbrücken:Hamburger SV,de.1,1985-86,1. FC Saarbrücken,Hamburger SV,2,2
1985-10-08,1985-86:de.1:89:Bayern München:Hannover 96,de.1,1985-86,Bayern München,Hannover 96,6,0
1985-10-08,1985-86:de.1:90:Hamburger SV:Bayer 04 Leverkusen,de.1,1985-86,Hamburger SV,Bayer 04 Leverkusen,1,3
1985-10-09,1985-86:de.1:91:SV Waldhof Mannheim:VfB Stuttgart,de.1,1985-86,SV Waldhof Mannheim,VfB Stuttgart,5,3
1985-10-10,1985-86:de.1:92:Fortuna Düsseldorf:FC Schalke 04,de.1,1985-86,Fortuna Düsseldorf,FC Schalke 04,1,1
1985-10-11,1985-86:de.1:93:1. FC Nürnberg:Hannover 96,de.1,1985-86,1. FC Nürnberg,Hannover 96,3,3
1985-10-11,1985-86:de.1:94:1. FC Köln:1. FC Saarbrücken,de.1,1985-86,1. FC Köln,1. FC Saarbrücken,3,1
1985-10-11,1985-86:de.1:95:1. FC Kaiserslautern:Werder Bremen,de.1,1985-86,1. FC Kaiserslautern,Werder Bremen,3,0
1985-10-11,1985-86:de.1:96:Eintracht Frankfurt:Bor. Mönchengladbach,de.1,1985-86,Eintracht Frankfurt,Bor. Mönchengladbach,1,1
1985-10-11,1985-86:de.1:97:VfL Bochum:Bayern München,de.1,1985-86,VfL Bochum,Bayern München,3,0
1985-10-11,1985-86:de.1:98:KFC Uerdingen:Hamburger SV,de.1,1985-86,KFC Uerdingen,Hamburger SV,0,3
1985-10-12,1985-86:de.1:99:Borussia Dortmund:Bayer 04 Leverkusen,de.1,1985-86,Borussia Dortmund,Bayer 04 Leverkusen,1,1
1985-10-25,1985-86:de.1:100:1. FC Saarbrücken:1. FC Nürnberg,de.1,1985-86,1. FC Saarbrücken,1. FC Nürnberg,3,0
1985-10-26,1985-86:de.1:101:Bayer 04 Leverkusen:KFC Uerdingen,de.1,1985-86,Bayer 04 Leverkusen,KFC Uerdingen,2,2
1985-10-26,1985-86:de.1:102:Bayern München:Eintracht Frankfurt,de.1,1985-86,Bayern München,Eintracht Frankfurt,3,0
1985-10-26,1985-86:de.1:103:Werder Bremen:Borussia Dortmund,de.1,1985-86,Werder Bremen,Borussia Dortmund,4,2
1985-10-26,1985-86:de.1:104:Hamburger SV:1. FC Köln,de.1,1985-86,Hamburger SV,1. FC Köln,0,0
1985-10-26,1985-86:de.1:105:Hannover 96:Fortuna Düsseldorf,de.1,1985-86,Hannover 96,Fortuna Düsseldorf,1,0
1985-10-26,1985-86:de.1:106:FC Schalke 04:SV Waldhof Mannheim,de.1,1985-86,FC Schalke 04,SV Waldhof Mannheim,3,1
1985-10-26,1985-86:de.1:107:VfB Stuttgart:VfL Bochum,de.1,1985-86,VfB Stuttgart,VfL Bochum,0,4
1985-10-26,1985-86:de.1:108:Bor. Mönchengladbach:1. FC Kaiserslautern,de.1,1985-86,Bor. Mönchengladbach,1. FC Kaiserslautern,3,0
1985-11-01,1985-86:de.1:109:Bayer 04 Leverkusen:Werder Bremen,de.1,1985-86,Bayer 04 Leverkusen,Werder Bremen,5,1
1985-11-01,1985-86:de.1:110:Borussia Dortmund:Bor. Mönchengladbach,de.1,1985-86,Borussia Dortmund,Bor. Mönchengladbach,2,3
1985-11-01,1985-86:de.1:111:1. FC Kaiserslautern:Bayern München,de.1,1985-86,1. FC Kaiserslautern,Bayern München,0,2
1985-11-02,1985-86:de.1:112:Fortuna Düsseldorf:1. FC Saarbrücken,de.1,1985-86,Fortuna Düsseldorf,1. FC Saarbrücken,2,2
1985-11-02,1985-86:de.1:113:1. FC Nürnberg:Hamburger SV,de.1,1985-86,1. FC Nürnberg,Hamburger SV,0,1
1985-11-02,1985-86:de.1:114:Eintracht Frankfurt:VfB Stuttgart,de.1,1985-86,Eintracht Frankfurt,VfB Stuttgart,1,1
1985-11-02,1985-86:de.1:115:VfL Bochum:FC Schalke 04,de.1,1985-86,VfL Bochum,FC Schalke 04,1,1
1985-11-02,1985-86:de.1:116:SV Waldhof Mannheim:Hannover 96,de.1,1985-86,SV Waldhof Mannheim,Hannover 96,5,1
1985-11-02,1985-86:de.1:117:KFC Uerdingen:1. FC Köln,de.1,1985-86,KFC Uerdingen,1. FC Köln,3,2
1985-11-09,1985-86:de.1:118:Bayern München:Borussia Dortmund,de.1,1985-86,Bayern München,Borussia Dortmund,0,1
1985-11-09,1985-86:de.1:119:Werder Bremen:KFC Uerdingen,de.1,1985-86,Werder Bremen,KFC Uerdingen,6,1
1985-11-09,1985-86:de.1:120:1. FC Köln:1. FC Nürnberg,de.1,1985-86,1. FC Köln,1. FC Nürnberg,3,1
1985-11-09,1985-86:de.1:121:Hamburger SV:Fortuna Düsseldorf,de.1,1985-86,Hamburger SV,Fortuna Düsseldorf,4,0
1985-11-09,1985-86:de.1:122:1. FC Saarbrücken:SV Waldhof Mannheim,de.1,1985-86,1. FC Saarbrücken,SV Waldhof Mannheim,2,1
1985-11-09,1985-86:de.1:123:Hannover 96:VfL Bochum,de.1,1985-86,Hannover 96,VfL Bochum,1,2
1985-11-09,1985-86:de.1:124:FC Schalke 04:Eintracht Frankfurt,de.1,1985-86,FC Schalke 04,Eintracht Frankfurt,3,1
1985-11-09,1985-86:de.1:125:VfB Stuttgart:1. FC Kaiserslautern,de.1,1985-86,VfB Stuttgart,1. FC Kaiserslautern,2,0
1985-11-09,1985-86:de.1:126:Bor. Mönchengladbach:Bayer 04 Leverkusen,de.1,1985-86,Bor. Mönchengladbach,Bayer 04 Leverkusen,2,2
1985-11-19,1985-86:de.1:127:Fortuna Düsseldorf:1. FC Köln,de.1,1985-86,Fortuna Düsseldorf,1. FC Köln,1,3
1985-11-19,1985-86:de.1:128:1. FC Nürnberg:KFC Uerdingen,de.1,1985-86,1. FC Nürnberg,KFC Uerdingen,1,2
1985-11-19,1985-86:de.1:129:Eintracht Frankfurt:Hannover 96,de.1,1985-86,Eintracht Frankfurt,Hannover 96,1,3
1985-11-19,1985-86:de.1:130:VfL Bochum:1. FC Saarbrücken,de.1,1985-86,VfL Bochum,1. FC Saarbrücken,3,1
1985-11-19,1985-86:de.1:131:SV Waldhof Mannheim:Hamburger SV,de.1,1985-86,SV Waldhof Mannheim,Hamburger SV,0,1
1985-11-20,1985-86:de.1:132:Bayer 04 Leverkusen:Bayern München,de.1,1985-86,Bayer 04 Leverkusen,Bayern München,1,2
1985-11-20,1985-86:de.1:133:Borussia Dortmund:VfB Stuttgart,de.1,1985-86,Borussia Dortmund,VfB Stuttgart,2,0
1985-11-20,1985-86:de.1:134:1. FC Kaiserslautern:FC Schalke 04,de.1,1985-86,1. FC Kaiserslautern,FC Schalke 04,0,0
1985-11-20,1985-86:de.1:135:Bor. Mönchengladbach:Werder Bremen,de.1,1985-86,Bor. Mönchengladbach,Werder Bremen,1,2
1985-11-23,1985-86:de.1:136:Bayern München:Werder Bremen,de.1,1985-86,Bayern München,Werder Bremen,3,1
1985-11-23,1985-86:de.1:137:1. FC Nürnberg:Fortuna Düsseldorf,de.1,1985-86,1. FC Nürnberg,Fortuna Düsseldorf,3,2
1985-11-23,1985-86:de.1:138:Hamburger SV:VfL Bochum,de.1,1985-86,Hamburger SV,VfL Bochum,1,0
1985-11-23,1985-86:de.1:139:1. FC Saarbrücken:Eintracht Frankfurt,de.1,1985-86,1. FC Saarbrücken,Eintracht Frankfurt,2,2
1985-11-29,1985-86:de.1:140:Werder Bremen:VfB Stuttgart,de.1,1985-86,Werder Bremen,VfB Stuttgart,6,0
1985-11-30,1985-86:de.1:141:Fortuna Düsseldorf:KFC Uerdingen,de.1,1985-86,Fortuna Düsseldorf,KFC Uerdingen,1,1
1985-11-30,1985-86:de.1:142:Bayer 04 Leverkusen:FC Schalke 04,de.1,1985-86,Bayer 04 Leverkusen,FC Schalke 04,2,0
1985-11-30,1985-86:de.1:143:Borussia Dortmund:Hannover 96,de.1,1985-86,Borussia Dortmund,Hannover 96,2,0
1985-11-30,1985-86:de.1:144:1. FC Kaiserslautern:1. FC Saarbrücken,de.1,1985-86,1. FC Kaiserslautern,1. FC Saarbrücken,1,1
1985-11-30,1985-86:de.1:145:Bor. Mönchengladbach:Bayern München,de.1,1985-86,Bor. Mönchengladbach,Bayern München,4,2
1985-12-03,1985-86:de.1:146:1. FC Köln:SV Waldhof Mannheim,de.1,1985-86,1. FC Köln,SV Waldhof Mannheim,0,1
1985-12-03,1985-86:de.1:147:Hannover 96:1. FC Kaiserslautern,de.1,1985-86,Hannover 96,1. FC Kaiserslautern,3,2
1985-12-03,1985-86:de.1:148:VfB Stuttgart:Bayer 04 Leverkusen,de.1,1985-86,VfB Stuttgart,Bayer 04 Leverkusen,2,2
1985-12-03,1985-86:de.1:149:Eintracht Frankfurt:Hamburger SV,de.1,1985-86,Eintracht Frankfurt,Hamburger SV,3,0
1985-12-06,1985-86:de.1:150:Bayer 04 Leverkusen:Hannover 96,de.1,1985-86,Bayer 04 Leverkusen,Hannover 96,4,1
1985-12-06,1985-86:de.1:151:SV Waldhof Mannheim:Fortuna Düsseldorf,de.1,1985-86,SV Waldhof Mannheim,Fortuna Düsseldorf,2,1
1985-12-06,1985-86:de.1:152:Borussia Dortmund:1. FC Saarbrücken,de.1,1985-86,Borussia Dortmund,1. FC Saarbrücken,3,1
1985-12-07,1985-86:de.1:153:Eintracht Frankfurt:1. FC Köln,de.1,1985-86,Eintracht Frankfurt,1. FC Köln,2,2
1985-12-07,1985-86:de.1:154:1. FC Kaiserslautern:Hamburger SV,de.1,1985-86,1. FC Kaiserslautern,Hamburger SV,1,2
1985-12-07,1985-86:de.1:155:VfL Bochum:1. FC Nürnberg,de.1,1985-86,VfL Bochum,1. FC Nürnberg,2,1
1985-12-07,1985-86:de.1:156:Bayern München:KFC Uerdingen,de.1,1985-86,Bayern München,KFC Uerdingen,5,1
1985-12-07,1985-86:de.1:157:Werder Bremen:FC Schalke 04,de.1,1985-86,Werder Bremen,FC Schalke 04,3,1
1985-12-07,1985-86:de.1:158:Bor. Mönchengladbach:VfB Stuttgart,de.1,1985-86,Bor. Mönchengladbach,VfB Stuttgart,1,1
1985-12-10,1985-86:de.1:159:FC Schalke 04:Borussia Dortmund,de.1,1985-86,FC Schalke 04,Borussia Dortmund,6,1
1985-12-14,1985-86:de.1:160:1. FC Köln:1. FC Kaiserslautern,de.1,1985-86,1. FC Köln,1. FC Kaiserslautern,1,1
1985-12-14,1985-86:de.1:161:1. FC Nürnberg:Eintracht Frankfurt,de.1,1985-86,1. FC Nürnberg,Eintracht Frankfurt,4,1
1985-12-14,1985-86:de.1:162:Hamburger SV:Borussia Dortmund,de.1,1985-86,Hamburger SV,Borussia Dortmund,3,0
1985-12-14,1985-86:de.1:163:KFC Uerdingen:SV Waldhof Mannheim,de.1,1985-86,KFC Uerdingen,SV Waldhof Mannheim,1,0
1985-12-14,1985-86:de.1:164:Fortuna Düsseldorf:VfL Bochum,de.1,1985-86,Fortuna Düsseldorf,VfL Bochum,2,1
1985-12-14,1985-86:de.1:165:FC Schalke 04:Bor. Mönchengladbach,de.1,1985-86,FC Schalke 04,Bor. Mönchengladbach,2,2
1985-12-14,1985-86:de.1:166:1. FC Saarbrücken:Bayer 04 Leverkusen,de.1,1985-86,1. FC Saarbrücken,Bayer 04 Leverkusen,3,1
1985-12-14,1985-86:de.1:167:Hannover 96:Werder Bremen,de.1,1985-86,Hannover 96,Werder Bremen,2,4
1985-12-14,1985-86:de.1:168:VfB Stuttgart:Bayern München,de.1,1985-86,VfB Stuttgart,Bayern München,0,0
1985-12-18,1985-86:de.1:169:KFC Uerdingen:Bor. Mönchengladbach,de.1,1985-86,KFC Uerdingen,Bor. Mönchengladbach,1,1
1986-01-18,1985-86:de.1:170:SV Waldhof Mannheim:1. FC Nürnberg,de.1,1985-86,SV Waldhof Mannheim,1. FC Nürnberg,0,1
1986-01-25,1985-86:de.1:171:1. FC Kaiserslautern:1. FC Nürnberg,de.1,1985-86,1. FC Kaiserslautern,1. FC Nürnberg,0,3
1986-01-25,1985-86:de.1:172:Borussia Dortmund:1. FC Köln,de.1,1985-86,Borussia Dortmund,1. FC Köln,5,1
1986-01-25,1985-86:de.1:173:Eintracht Frankfurt:Fortuna Düsseldorf,de.1,1985-86,Eintracht Frankfurt,Fortuna Düsseldorf,2,0
1986-01-25,1985-86:de.1:174:Werder Bremen:1. FC Saarbrücken,de.1,1985-86,Werder Bremen,1. FC Saarbrücken,1,0
1986-01-25,1985-86:de.1:175:VfB Stuttgart:KFC Uerdingen,de.1,1985-86,VfB Stuttgart,KFC Uerdingen,0,2
1986-01-25,1985-86:de.1:176:Bor. Mönchengladbach:Hannover 96,de.1,1985-86,Bor. Mönchengladbach,Hannover 96,4,3
1986-01-25,1985-86:de.1:177:Bayern München:FC Schalke 04,de.1,1985-86,Bayern München,FC Schalke 04,3,2
1986-01-25,1985-86:de.1:178:Bayer 04 Leverkusen:Hamburger SV,de.1,1985-86,Bayer 04 Leverkusen,Hamburger SV,3,2
1986-01-31,1985-86:de.1:179:1. FC Köln:Bayer 04 Leverkusen,de.1,1985-86,1. FC Köln,Bayer 04 Leverkusen,2,3
1986-02-01,1985-86:de.1:180:1. FC Saarbrücken:Bor. Mönchengladbach,de.1,1985-86,1. FC Saarbrücken,Bor. Mönchengladbach,1,3
1986-02-01,1985-86:de.1:181:KFC Uerdingen:VfL Bochum,de.1,1985-86,KFC Uerdingen,VfL Bochum,3,2
1986-02-01,1985-86:de.1:182:Hamburger SV:Werder Bremen,de.1,1985-86,Hamburger SV,Werder Bremen,0,1
1986-02-01,1985-86:de.1:183:SV Waldhof Mannheim:Eintracht Frankfurt,de.1,1985-86,SV Waldhof Mannheim,Eintracht Frankfurt,0,0
1986-02-01,1985-86:de.1:184:Hannover 96:Bayern München,de.1,1985-86,Hannover 96,Bayern München,0,5
1986-02-01,1985-86:de.1:185:FC Schalke 04:VfB Stuttgart,de.1,1985-86,FC Schalke 04,VfB Stuttgart,1,2
1986-02-01,1985-86:de.1:186:1. FC Nürnberg:Borussia Dortmund,de.1,1985-86,1. FC Nürnberg,Borussia Dortmund,0,0
1986-02-01,1985-86:de.1:187:Fortuna Düsseldorf:1. FC Kaiserslautern,de.1,1985-86,Fortuna Düsseldorf,1. FC Kaiserslautern,0,0
1986-02-08,1985-86:de.1:188:FC Schalke 04:KFC Uerdingen,de.1,1985-86,FC Schalke 04,KFC Uerdingen,2,0
1986-02-08,1985-86:de.1:189:Bayer 04 Leverkusen:1. FC Nürnberg,de.1,1985-86,Bayer 04 Leverkusen,1. FC Nürnberg,0,0
1986-02-08,1985-86:de.1:190:Eintracht Frankfurt:VfL Bochum,de.1,1985-86,Eintracht Frankfurt,VfL Bochum,1,0
1986-02-08,1985-86:de.1:191:Bor. Mönchengladbach:Hamburger SV,de.1,1985-86,Bor. Mönchengladbach,Hamburger SV,2,1
1986-02-08,1985-86:de.1:192:VfB Stuttgart:Hannover 96,de.1,1985-86,VfB Stuttgart,Hannover 96,7,0
1986-02-08,1985-86:de.1:193:Borussia Dortmund:Fortuna Düsseldorf,de.1,1985-86,Borussia Dortmund,Fortuna Düsseldorf,1,2
1986-02-08,1985-86:de.1:194:Bayern München:1. FC Saarbrücken,de.1,1985-86,Bayern München,1. FC Saarbrücken,5,1
1986-02-08,1985-86:de.1:195:Werder Bremen:1. FC Köln,de.1,1985-86,Werder Bremen,1. FC Köln,2,0
1986-02-15,1985-86:de.1:196:Hamburger SV:Bayern München,de.1,1985-86,Hamburger SV,Bayern München,0,0
1986-02-15,1985-86:de.1:197:1. FC Nürnberg:Werder Bremen,de.1,1985-86,1. FC Nürnberg,Werder Bremen,2,2
1986-02-15,1985-86:de.1:198:Fortuna Düsseldorf:Bayer 04 Leverkusen,de.1,1985-86,Fortuna Düsseldorf,Bayer 04 Leverkusen,2,1
1986-02-15,1985-86:de.1:199:VfL Bochum:1. FC Kaiserslautern,de.1,1985-86,VfL Bochum,1. FC Kaiserslautern,3,2
1986-02-22,1985-86:de.1:200:Werder Bremen:Fortuna Düsseldorf,de.1,1985-86,Werder Bremen,Fortuna Düsseldorf,7,3
1986-02-22,1985-86:de.1:201:Bor. Mönchengladbach:1. FC Nürnberg,de.1,1985-86,Bor. Mönchengladbach,1. FC Nürnberg,3,0
1986-02-22,1985-86:de.1:202:Bayern München:1. FC Köln,de.1,1985-86,Bayern München,1. FC Köln,3,1
1986-02-22,1985-86:de.1:203:1. FC Kaiserslautern:Eintracht Frankfurt,de.1,1985-86,1. FC Kaiserslautern,Eintracht Frankfurt,1,1
1986-02-25,1985-86:de.1:204:SV Waldhof Mannheim:Borussia Dortmund,de.1,1985-86,SV Waldhof Mannheim,Borussia Dortmund,0,0
1986-02-25,1985-86:de.1:205:1. FC Saarbrücken:VfB Stuttgart,de.1,1985-86,1. FC Saarbrücken,VfB Stuttgart,1,1
1986-03-01,1985-86:de.1:206:Fortuna Düsseldorf:Bor. Mönchengladbach,de.1,1985-86,Fortuna Düsseldorf,Bor. Mönchengladbach,2,0
1986-03-01,1985-86:de.1:207:1. FC Saarbrücken:Hannover 96,de.1,1985-86,1. FC Saarbrücken,Hannover 96,2,1
1986-03-01,1985-86:de.1:208:SV Waldhof Mannheim:Werder Bremen,de.1,1985-86,SV Waldhof Mannheim,Werder Bremen,1,1
1986-03-01,1985-86:de.1:209:1. FC Nürnberg:Bayern München,de.1,1985-86,1. FC Nürnberg,Bayern München,0,1
1986-03-01,1985-86:de.1:210:VfL Bochum:Bayer 04 Leverkusen,de.1,1985-86,VfL Bochum,Bayer 04 Leverkusen,1,1
1986-03-01,1985-86:de.1:211:1. FC Köln:VfB Stuttgart,de.1,1985-86,1. FC Köln,VfB Stuttgart,2,1
1986-03-01,1985-86:de.1:212:Eintracht Frankfurt:Borussia Dortmund,de.1,1985-86,Eintracht Frankfurt,Borussia Dortmund,2,1
1986-03-07,1985-86:de.1:213:Borussia Dortmund:1. FC Kaiserslautern,de.1,1985-86,Borussia Dortmund,1. FC Kaiserslautern,4,2
1986-03-08,1985-86:de.1:214:FC Schalke 04:1. FC Köln,de.1,1985-86,FC Schalke 04,1. FC Köln,3,0
1986-03-08,1985-86:de.1:215:Werder Bremen:VfL Bochum,de.1,1985-86,Werder Bremen,VfL Bochum,0,0
1986-03-08,1985-86:de.1:216:Bayern München:Fortuna Düsseldorf,de.1,1985-86,Bayern München,Fortuna Düsseldorf,2,3
1986-03-08,1985-86:de.1:217:VfB Stuttgart:1. FC Nürnberg,de.1,1985-86,VfB Stuttgart,1. FC Nürnberg,3,1
1986-03-11,1985-86:de.1:218:VfL Bochum:SV Waldhof Mannheim,de.1,1985-86,VfL Bochum,SV Waldhof Mannheim,0,1
1986-03-14,1985-86:de.1:219:1. FC Kaiserslautern:Bayer 04 Leverkusen,de.1,1985-86,1. FC Kaiserslautern,Bayer 04 Leverkusen,4,1
1986-03-15,1985-86:de.1:220:SV Waldhof Mannheim:Bayern München,de.1,1985-86,SV Waldhof Mannheim,Bayern München,0,4
1986-03-15,1985-86:de.1:221:Eintracht Frankfurt:Werder Bremen,de.1,1985-86,Eintracht Frankfurt,Werder Bremen,0,2
1986-03-15,1985-86:de.1:222:1. FC Nürnberg:FC Schalke 04,de.1,1985-86,1. FC Nürnberg,FC Schalke 04,3,1
1986-03-15,1985-86:de.1:223:KFC Uerdingen:Borussia Dortmund,de.1,1985-86,KFC Uerdingen,Borussia Dortmund,2,0
1986-03-15,1985-86:de.1:224:Fortuna Düsseldorf:VfB Stuttgart,de.1,1985-86,Fortuna Düsseldorf,VfB Stuttgart,0,7
1986-03-15,1985-86:de.1:225:Hamburger SV:1. FC Saarbrücken,de.1,1985-86,Hamburger SV,1. FC Saarbrücken,4,0
1986-03-15,1985-86:de.1:226:VfL Bochum:Bor. Mönchengladbach,de.1,1985-86,VfL Bochum,Bor. Mönchengladbach,2,2
1986-03-15,1985-86:de.1:227:1. FC Köln:Hannover 96,de.1,1985-86,1. FC Köln,Hannover 96,3,0
1986-03-18,1985-86:de.1:228:Hannover 96:Hamburger SV,de.1,1985-86,Hannover 96,Hamburger SV,0,2
1986-03-18,1985-86:de.1:229:Bor. Mönchengladbach:SV Waldhof Mannheim,de.1,1985-86,Bor. Mönchengladbach,SV Waldhof Mannheim,1,1
1986-03-18,1985-86:de.1:230:FC Schalke 04:1. FC Saarbrücken,de.1,1985-86,FC Schalke 04,1. FC Saarbrücken,3,2
1986-03-21,1985-86:de.1:231:Bayer 04 Leverkusen:Borussia Dortmund,de.1,1985-86,Bayer 04 Leverkusen,Borussia Dortmund,2,1
1986-03-21,1985-86:de.1:232:Werder Bremen:1. FC Kaiserslautern,de.1,1985-86,Werder Bremen,1. FC Kaiserslautern,2,0
1986-03-22,1985-86:de.1:233:1. FC Saarbrücken:1. FC Köln,de.1,1985-86,1. FC Saarbrücken,1. FC Köln,1,2
1986-03-22,1985-86:de.1:234:Hannover 96:1. FC Nürnberg,de.1,1985-86,Hannover 96,1. FC Nürnberg,0,2
1986-03-22,1985-86:de.1:235:Hamburger SV:KFC Uerdingen,de.1,1985-86,Hamburger SV,KFC Uerdingen,1,4
1986-03-22,1985-86:de.1:236:FC Schalke 04:Fortuna Düsseldorf,de.1,1985-86,FC Schalke 04,Fortuna Düsseldorf,1,1
1986-03-22,1985-86:de.1:237:Bor. Mönchengladbach:Eintracht Frankfurt,de.1,1985-86,Bor. Mönchengladbach,Eintracht Frankfurt,1,1
1986-03-22,1985-86:de.1:238:VfB Stuttgart:SV Waldhof Mannheim,de.1,1985-86,VfB Stuttgart,SV Waldhof Mannheim,3,1
1986-03-22,1985-86:de.1:239:Bayern München:VfL Bochum,de.1,1985-86,Bayern München,VfL Bochum,6,1
1986-03-25,1985-86:de.1:240:VfL Bochum:1. FC Köln,de.1,1985-86,VfL Bochum,1. FC Köln,2,0
1986-03-25,1985-86:de.1:241:Bayer 04 Leverkusen:Eintracht Frankfurt,de.1,1985-86,Bayer 04 Leverkusen,Eintracht Frankfurt,2,0
1986-03-25,1985-86:de.1:242:KFC Uerdingen:1. FC Kaiserslautern,de.1,1985-86,KFC Uerdingen,1. FC Kaiserslautern,3,1
1986-03-27,1985-86:de.1:243:Fortuna Düsseldorf:Hannover 96,de.1,1985-86,Fortuna Düsseldorf,Hannover 96,2,2
1986-03-29,1985-86:de.1:244:Eintracht Frankfurt:Bayern München,de.1,1985-86,Eintracht Frankfurt,Bayern München,2,2
1986-03-29,1985-86:de.1:245:SV Waldhof Mannheim:FC Schalke 04,de.1,1985-86,SV Waldhof Mannheim,FC Schalke 04,3,0
1986-03-29,1985-86:de.1:246:1. FC Köln:Hamburger SV,de.1,1985-86,1. FC Köln,Hamburger SV,1,1
1986-03-29,1985-86:de.1:247:1. FC Nürnberg:1. FC Saarbrücken,de.1,1985-86,1. FC Nürnberg,1. FC Saarbrücken,2,0
1986-03-29,1985-86:de.1:248:1. FC Kaiserslautern:Bor. Mönchengladbach,de.1,1985-86,1. FC Kaiserslautern,Bor. Mönchengladbach,1,1
1986-03-29,1985-86:de.1:249:VfL Bochum:VfB Stuttgart,de.1,1985-86,VfL Bochum,VfB Stuttgart,0,2
1986-03-29,1985-86:de.1:250:KFC Uerdingen:Bayer 04 Leverkusen,de.1,1985-86,KFC Uerdingen,Bayer 04 Leverkusen,2,1
1986-03-31,1985-86:de.1:251:Borussia Dortmund:Werder Bremen,de.1,1985-86,Borussia Dortmund,Werder Bremen,1,1
1986-04-01,1985-86:de.1:252:Hannover 96:FC Schalke 04,de.1,1985-86,Hannover 96,FC Schalke 04,1,2
1986-04-01,1985-86:de.1:253:1. FC Kaiserslautern:SV Waldhof Mannheim,de.1,1985-86,1. FC Kaiserslautern,SV Waldhof Mannheim,0,0
1986-04-01,1985-86:de.1:254:VfB Stuttgart:Hamburger SV,de.1,1985-86,VfB Stuttgart,Hamburger SV,1,0
1986-04-04,1985-86:de.1:255:Werder Bremen:Bayer 04 Leverkusen,de.1,1985-86,Werder Bremen,Bayer 04 Leverkusen,5,0
1986-04-05,1985-86:de.1:256:1. FC Köln:KFC Uerdingen,de.1,1985-86,1. FC Köln,KFC Uerdingen,1,1
1986-04-05,1985-86:de.1:257:VfB Stuttgart:Eintracht Frankfurt,de.1,1985-86,VfB Stuttgart,Eintracht Frankfurt,2,1
1986-04-05,1985-86:de.1:258:Bor. Mönchengladbach:Borussia Dortmund,de.1,1985-86,Bor. Mönchengladbach,Borussia Dortmund,2,1
1986-04-05,1985-86:de.1:259:Bayern München:1. FC Kaiserslautern,de.1,1985-86,Bayern München,1. FC Kaiserslautern,5,0
1986-04-05,1985-86:de.1:260:Hannover 96:SV Waldhof Mannheim,de.1,1985-86,Hannover 96,SV Waldhof Mannheim,1,1
1986-04-05,1985-86:de.1:261:1. FC Saarbrücken:Fortuna Düsseldorf,de.1,1985-86,1. FC Saarbrücken,Fortuna Düsseldorf,1,1
1986-04-05,1985-86:de.1:262:Hamburger SV:1. FC Nürnberg,de.1,1985-86,Hamburger SV,1. FC Nürnberg,2,1
1986-04-05,1985-86:de.1:263:FC Schalke 04:VfL Bochum,de.1,1985-86,FC Schalke 04,VfL Bochum,4,2
1986-04-08,1985-86:de.1:264:1. FC Saarbrücken:KFC Uerdingen,de.1,1985-86,1. FC Saarbrücken,KFC Uerdingen,1,2
1986-04-08,1985-86:de.1:265:Bayer 04 Leverkusen:SV Waldhof Mannheim,de.1,1985-86,Bayer 04 Leverkusen,SV Waldhof Mannheim,3,1
1986-04-08,1985-86:de.1:266:1. FC Köln:Bor. Mönchengladbach,de.1,1985-86,1. FC Köln,Bor. Mönchengladbach,0,2
1986-04-11,1985-86:de.1:267:1. FC Kaiserslautern:VfB Stuttgart,de.1,1985-86,1. FC Kaiserslautern,VfB Stuttgart,2,2
1986-04-11,1985-86:de.1:268:KFC Uerdingen:Werder Bremen,de.1,1985-86,KFC Uerdingen,Werder Bremen,1,0
1986-04-11,1985-86:de.1:269:VfL Bochum:Hannover 96,de.1,1985-86,VfL Bochum,Hannover 96,3,2
1986-04-12,1985-86:de.1:270:Eintracht Frankfurt:FC Schalke 04,de.1,1985-86,Eintracht Frankfurt,FC Schalke 04,3,0
1986-04-12,1985-86:de.1:271:Bayer 04 Leverkusen:Bor. Mönchengladbach,de.1,1985-86,Bayer 04 Leverkusen,Bor. Mönchengladbach,3,1
1986-04-12,1985-86:de.1:272:1. FC Nürnberg:1. FC Köln,de.1,1985-86,1. FC Nürnberg,1. FC Köln,3,0
1986-04-12,1985-86:de.1:273:Borussia Dortmund:Bayern München,de.1,1985-86,Borussia Dortmund,Bayern München,0,3
1986-04-12,1985-86:de.1:274:SV Waldhof Mannheim:1. FC Saarbrücken,de.1,1985-86,SV Waldhof Mannheim,1. FC Saarbrücken,1,0
1986-04-12,1985-86:de.1:275:Fortuna Düsseldorf:Hamburger SV,de.1,1985-86,Fortuna Düsseldorf,Hamburger SV,3,1
1986-04-15,1985-86:de.1:276:Hamburger SV:FC Schalke 04,de.1,1985-86,Hamburger SV,FC Schalke 04,2,0
1986-04-15,1985-86:de.1:277:Borussia Dortmund:VfL Bochum,de.1,1985-86,Borussia Dortmund,VfL Bochum,1,0
1986-04-17,1985-86:de.1:278:Hannover 96:Eintracht Frankfurt,de.1,1985-86,Hannover 96,Eintracht Frankfurt,0,0
1986-04-17,1985-86:de.1:279:Werder Bremen:Bor. Mönchengladbach,de.1,1985-86,Werder Bremen,Bor. Mönchengladbach,1,1
1986-04-18,1985-86:de.1:280:KFC Uerdingen:1. FC Nürnberg,de.1,1985-86,KFC Uerdingen,1. FC Nürnberg,6,2
1986-04-19,1985-86:de.1:281:Bayern München:Bayer 04 Leverkusen,de.1,1985-86,Bayern München,Bayer 04 Leverkusen,0,0
1986-04-19,1985-86:de.1:282:Hamburger SV:SV Waldhof Mannheim,de.1,1985-86,Hamburger SV,SV Waldhof Mannheim,3,0
1986-04-19,1985-86:de.1:283:FC Schalke 04:1. FC Kaiserslautern,de.1,1985-86,FC Schalke 04,1. FC Kaiserslautern,2,3
1986-04-19,1985-86:de.1:284:1. FC Saarbrücken:VfL Bochum,de.1,1985-86,1. FC Saarbrücken,VfL Bochum,0,1
1986-04-19,1985-86:de.1:285:VfB Stuttgart:Borussia Dortmund,de.1,1985-86,VfB Stuttgart,Borussia Dortmund,4,0
1986-04-19,1985-86:de.1:286:1. FC Köln:Fortuna Düsseldorf,de.1,1985-86,1. FC Köln,Fortuna Düsseldorf,1,3
1986-04-20,1985-86:de.1:287:Hannover 96:KFC Uerdingen,de.1,1985-86,Hannover 96,KFC Uerdingen,1,1
1986-04-22,1985-86:de.1:288:Fortuna Düsseldorf:1. FC Nürnberg,de.1,1985-86,Fortuna Düsseldorf,1. FC Nürnberg,2,1
1986-04-22,1985-86:de.1:289:SV Waldhof Mannheim:1. FC Köln,de.1,1985-86,SV Waldhof Mannheim,1. FC Köln,1,1
1986-04-22,1985-86:de.1:290:Werder Bremen:Bayern München,de.1,1985-86,Werder Bremen,Bayern München,0,0
1986-04-22,1985-86:de.1:291:Bayer 04 Leverkusen:VfB Stuttgart,de.1,1985-86,Bayer 04 Leverkusen,VfB Stuttgart,2,1
1986-04-22,1985-86:de.1:292:Bor. Mönchengladbach:KFC Uerdingen,de.1,1985-86,Bor. Mönchengladbach,KFC Uerdingen,1,2
1986-04-22,1985-86:de.1:293:VfL Bochum:Hamburger SV,de.1,1985-86,VfL Bochum,Hamburger SV,2,0
1986-04-22,1985-86:de.1:294:Eintracht Frankfurt:1. FC Saarbrücken,de.1,1985-86,Eintracht Frankfurt,1. FC Saarbrücken,1,3
1986-04-22,1985-86:de.1:295:1. FC Kaiserslautern:Hannover 96,de.1,1985-86,1. FC Kaiserslautern,Hannover 96,1,0
1986-04-22,1985-86:de.1:296:Borussia Dortmund:FC Schalke 04,de.1,1985-86,Borussia Dortmund,FC Schalke 04,1,1
1986-04-24,1985-86:de.1:297:KFC Uerdingen:Eintracht Frankfurt,de.1,1985-86,KFC Uerdingen,Eintracht Frankfurt,1,0
1986-04-26,1985-86:de.1:298:KFC Uerdingen:Fortuna Düsseldorf,de.1,1985-86,KFC Uerdingen,Fortuna Düsseldorf,5,2
1986-04-26,1985-86:de.1:299:VfB Stuttgart:Werder Bremen,de.1,1985-86,VfB Stuttgart,Werder Bremen,2,1
1986-04-26,1985-86:de.1:300:FC Schalke 04:Bayer 04 Leverkusen,de.1,1985-86,FC Schalke 04,Bayer 04 Leverkusen,2,2
1986-04-26,1985-86:de.1:301:Hannover 96:Borussia Dortmund,de.1,1985-86,Hannover 96,Borussia Dortmund,1,4
1986-04-26,1985-86:de.1:302:1. FC Saarbrücken:1. FC Kaiserslautern,de.1,1985-86,1. FC Saarbrücken,1. FC Kaiserslautern,0,6
1986-04-26,1985-86:de.1:303:Hamburger SV:Eintracht Frankfurt,de.1,1985-86,Hamburger SV,Eintracht Frankfurt,1,0
1986-04-26,1985-86:de.1:304:1. FC Köln:VfL Bochum,de.1,1985-86,1. FC Köln,VfL Bochum,3,0
1986-04-26,1985-86:de.1:305:1. FC Nürnberg:SV Waldhof Mannheim,de.1,1985-86,1. FC Nürnberg,SV Waldhof Mannheim,2,0
1986-04-26,1985-86:de.1:306:Bayern München:Bor. Mönchengladbach,de.1,1985-86,Bayern München,Bor. Mönchengladbach,6,0
1986-08-08,1986-87:de.1:1:FC 08 Homburg:KFC Uerdingen,de.1,1986-87,FC 08 Homburg,KFC Uerdingen,0,2
1986-08-08,1986-87:de.1:2:SV Waldhof Mannheim:VfB Stuttgart,de.1,1986-87,SV Waldhof Mannheim,VfB Stuttgart,3,2
1986-08-09,1986-87:de.1:3:Bayer 04 Leverkusen:FC Schalke 04,de.1,1986-87,Bayer 04 Leverkusen,FC Schalke 04,4,2
1986-08-09,1986-87:de.1:4:Bayern München:Borussia Dortmund,de.1,1986-87,Bayern München,Borussia Dortmund,2,2
1986-08-09,1986-87:de.1:5:Eintracht Frankfurt:Fortuna Düsseldorf,de.1,1986-87,Eintracht Frankfurt,Fortuna Düsseldorf,5,0
1986-08-09,1986-87:de.1:6:VfL Bochum:1. FC Köln,de.1,1986-87,VfL Bochum,1. FC Köln,3,1
1986-08-09,1986-87:de.1:7:Werder Bremen:1. FC Nürnberg,de.1,1986-87,Werder Bremen,1. FC Nürnberg,5,3
1986-08-09,1986-87:de.1:8:Blau-Weiß 90 Berlin (-1992):1. FC Kaiserslautern,de.1,1986-87,Blau-Weiß 90 Berlin (-1992),1. FC Kaiserslautern,1,4
1986-08-12,1986-87:de.1:9:VfB Stuttgart:FC 08 Homburg,de.1,1986-87,VfB Stuttgart,FC 08 Homburg,4,0
1986-08-15,1986-87:de.1:10:1. FC Köln:Eintracht Frankfurt,de.1,1986-87,1. FC Köln,Eintracht Frankfurt,0,0
1986-08-15,1986-87:de.1:11:Borussia Dortmund:Bayer 04 Leverkusen,de.1,1986-87,Borussia Dortmund,Bayer 04 Leverkusen,0,0
1986-08-16,1986-87:de.1:12:1. FC Nürnberg:VfL Bochum,de.1,1986-87,1. FC Nürnberg,VfL Bochum,3,3
1986-08-16,1986-87:de.1:13:Hamburger SV:Werder Bremen,de.1,1986-87,Hamburger SV,Werder Bremen,3,0
1986-08-16,1986-87:de.1:14:FC Schalke 04:SV Waldhof Mannheim,de.1,1986-87,FC Schalke 04,SV Waldhof Mannheim,3,1
1986-08-16,1986-87:de.1:15:KFC Uerdingen:Blau-Weiß 90 Berlin (-1992),de.1,1986-87,KFC Uerdingen,Blau-Weiß 90 Berlin (-1992),2,1
1986-08-16,1986-87:de.1:16:Fortuna Düsseldorf:Bayern München,de.1,1986-87,Fortuna Düsseldorf,Bayern München,0,3
1986-08-16,1986-87:de.1:17:1. FC Kaiserslautern:Bor. Mönchengladbach,de.1,1986-87,1. FC Kaiserslautern,Bor. Mönchengladbach,1,1
1986-08-19,1986-87:de.1:18:Bor. Mönchengladbach:Hamburger SV,de.1,1986-87,Bor. Mönchengladbach,Hamburger SV,0,3
1986-08-22,1986-87:de.1:19:FC 08 Homburg:FC Schalke 04,de.1,1986-87,FC 08 Homburg,FC Schalke 04,1,1
1986-08-22,1986-87:de.1:20:Eintracht Frankfurt:1. FC Nürnberg,de.1,1986-87,Eintracht Frankfurt,1. FC Nürnberg,1,0
1986-08-22,1986-87:de.1:21:Werder Bremen:1. FC Kaiserslautern,de.1,1986-87,Werder Bremen,1. FC Kaiserslautern,1,0
1986-08-23,1986-87:de.1:22:SV Waldhof Mannheim:Borussia Dortmund,de.1,1986-87,SV Waldhof Mannheim,Borussia Dortmund,2,1
1986-08-23,1986-87:de.1:23:Bayer 04 Leverkusen:Fortuna Düsseldorf,de.1,1986-87,Bayer 04 Leverkusen,Fortuna Düsseldorf,5,0
1986-08-23,1986-87:de.1:24:Bayern München:1. FC Köln,de.1,1986-87,Bayern München,1. FC Köln,3,0
1986-08-23,1986-87:de.1:25:VfL Bochum:Hamburger SV,de.1,1986-87,VfL Bochum,Hamburger SV,1,1
1986-08-23,1986-87:de.1:26:KFC Uerdingen:VfB Stuttgart,de.1,1986-87,KFC Uerdingen,VfB Stuttgart,2,2
1986-08-23,1986-87:de.1:27:Blau-Weiß 90 Berlin (-1992):Bor. Mönchengladbach,de.1,1986-87,Blau-Weiß 90 Berlin (-1992),Bor. Mönchengladbach,3,2
1986-09-02,1986-87:de.1:28:1. FC Köln:Bayer 04 Leverkusen,de.1,1986-87,1. FC Köln,Bayer 04 Leverkusen,1,4
1986-09-02,1986-87:de.1:29:Fortuna Düsseldorf:SV Waldhof Mannheim,de.1,1986-87,Fortuna Düsseldorf,SV Waldhof Mannheim,2,0
1986-09-02,1986-87:de.1:30:Borussia Dortmund:FC 08 Homburg,de.1,1986-87,Borussia Dortmund,FC 08 Homburg,3,0
1986-09-02,1986-87:de.1:31:FC Schalke 04:KFC Uerdingen,de.1,1986-87,FC Schalke 04,KFC Uerdingen,2,1
1986-09-02,1986-87:de.1:32:Bor. Mönchengladbach:Werder Bremen,de.1,1986-87,Bor. Mönchengladbach,Werder Bremen,1,2
1986-09-02,1986-87:de.1:33:Hamburger SV:Eintracht Frankfurt,de.1,1986-87,Hamburger SV,Eintracht Frankfurt,2,0
1986-09-03,1986-87:de.1:34:1. FC Kaiserslautern:VfL Bochum,de.1,1986-87,1. FC Kaiserslautern,VfL Bochum,4,1
1986-09-03,1986-87:de.1:35:1. FC Nürnberg:Bayern München,de.1,1986-87,1. FC Nürnberg,Bayern München,1,2
1986-09-03,1986-87:de.1:36:VfB Stuttgart:Blau-Weiß 90 Berlin (-1992),de.1,1986-87,VfB Stuttgart,Blau-Weiß 90 Berlin (-1992),1,1
1986-09-06,1986-87:de.1:37:FC 08 Homburg:Fortuna Düsseldorf,de.1,1986-87,FC 08 Homburg,Fortuna Düsseldorf,3,1
1986-09-06,1986-87:de.1:38:SV Waldhof Mannheim:1. FC Köln,de.1,1986-87,SV Waldhof Mannheim,1. FC Köln,2,0
1986-09-06,1986-87:de.1:39:Bayer 04 Leverkusen:1. FC Nürnberg,de.1,1986-87,Bayer 04 Leverkusen,1. FC Nürnberg,2,0
1986-09-06,1986-87:de.1:40:Bayern München:Hamburger SV,de.1,1986-87,Bayern München,Hamburger SV,3,1
1986-09-06,1986-87:de.1:41:Eintracht Frankfurt:1. FC Kaiserslautern,de.1,1986-87,Eintracht Frankfurt,1. FC Kaiserslautern,2,2
1986-09-06,1986-87:de.1:42:VfL Bochum:Bor. Mönchengladbach,de.1,1986-87,VfL Bochum,Bor. Mönchengladbach,1,1
1986-09-06,1986-87:de.1:43:VfB Stuttgart:FC Schalke 04,de.1,1986-87,VfB Stuttgart,FC Schalke 04,4,0
1986-09-06,1986-87:de.1:44:KFC Uerdingen:Borussia Dortmund,de.1,1986-87,KFC Uerdingen,Borussia Dortmund,2,4
1986-09-06,1986-87:de.1:45:Blau-Weiß 90 Berlin (-1992):Werder Bremen,de.1,1986-87,Blau-Weiß 90 Berlin (-1992),Werder Bremen,1,4
1986-09-12,1986-87:de.1:46:1. FC Nürnberg:SV Waldhof Mannheim,de.1,1986-87,1. FC Nürnberg,SV Waldhof Mannheim,1,1
1986-09-12,1986-87:de.1:47:FC Schalke 04:Blau-Weiß 90 Berlin (-1992),de.1,1986-87,FC Schalke 04,Blau-Weiß 90 Berlin (-1992),3,0
1986-09-12,1986-87:de.1:48:Werder Bremen:VfL Bochum,de.1,1986-87,Werder Bremen,VfL Bochum,0,0
1986-09-13,1986-87:de.1:49:1. FC Kaiserslautern:Bayern München,de.1,1986-87,1. FC Kaiserslautern,Bayern München,1,1
1986-09-13,1986-87:de.1:50:1. FC Köln:FC 08 Homburg,de.1,1986-87,1. FC Köln,FC 08 Homburg,3,0
1986-09-13,1986-87:de.1:51:Fortuna Düsseldorf:KFC Uerdingen,de.1,1986-87,Fortuna Düsseldorf,KFC Uerdingen,1,1
1986-09-13,1986-87:de.1:52:Borussia Dortmund:VfB Stuttgart,de.1,1986-87,Borussia Dortmund,VfB Stuttgart,1,2
1986-09-13,1986-87:de.1:53:Bor. Mönchengladbach:Eintracht Frankfurt,de.1,1986-87,Bor. Mönchengladbach,Eintracht Frankfurt,1,1
1986-09-13,1986-87:de.1:54:Hamburger SV:Bayer 04 Leverkusen,de.1,1986-87,Hamburger SV,Bayer 04 Leverkusen,2,1
1986-09-20,1986-87:de.1:55:FC 08 Homburg:1. FC Nürnberg,de.1,1986-87,FC 08 Homburg,1. FC Nürnberg,2,0
1986-09-20,1986-87:de.1:56:SV Waldhof Mannheim:Hamburger SV,de.1,1986-87,SV Waldhof Mannheim,Hamburger SV,2,2
1986-09-20,1986-87:de.1:57:Bayer 04 Leverkusen:1. FC Kaiserslautern,de.1,1986-87,Bayer 04 Leverkusen,1. FC Kaiserslautern,1,0
1986-09-20,1986-87:de.1:58:Bayern München:Bor. Mönchengladbach,de.1,1986-87,Bayern München,Bor. Mönchengladbach,3,1
1986-09-20,1986-87:de.1:59:Eintracht Frankfurt:Werder Bremen,de.1,1986-87,Eintracht Frankfurt,Werder Bremen,2,2
1986-09-20,1986-87:de.1:60:FC Schalke 04:Borussia Dortmund,de.1,1986-87,FC Schalke 04,Borussia Dortmund,2,1
1986-09-20,1986-87:de.1:61:VfB Stuttgart:Fortuna Düsseldorf,de.1,1986-87,VfB Stuttgart,Fortuna Düsseldorf,3,0
1986-09-20,1986-87:de.1:62:KFC Uerdingen:1. FC Köln,de.1,1986-87,KFC Uerdingen,1. FC Köln,3,1
1986-09-20,1986-87:de.1:63:Blau-Weiß 90 Berlin (-1992):VfL Bochum,de.1,1986-87,Blau-Weiß 90 Berlin (-1992),VfL Bochum,0,0
1986-09-26,1986-87:de.1:64:Borussia Dortmund:Blau-Weiß 90 Berlin (-1992),de.1,1986-87,Borussia Dortmund,Blau-Weiß 90 Berlin (-1992),7,0
1986-09-27,1986-87:de.1:65:1. FC Kaiserslautern:SV Waldhof Mannheim,de.1,1986-87,1. FC Kaiserslautern,SV Waldhof Mannheim,3,2
1986-09-27,1986-87:de.1:66:1. FC Nürnberg:KFC Uerdingen,de.1,1986-87,1. FC Nürnberg,KFC Uerdingen,1,1
1986-09-27,1986-87:de.1:67:1. FC Köln:VfB Stuttgart,de.1,1986-87,1. FC Köln,VfB Stuttgart,0,0
1986-09-27,1986-87:de.1:68:Fortuna Düsseldorf:FC Schalke 04,de.1,1986-87,Fortuna Düsseldorf,FC Schalke 04,3,4
1986-09-27,1986-87:de.1:69:VfL Bochum:Eintracht Frankfurt,de.1,1986-87,VfL Bochum,Eintracht Frankfurt,2,0
1986-09-27,1986-87:de.1:70:Werder Bremen:Bayern München,de.1,1986-87,Werder Bremen,Bayern München,1,1
1986-09-27,1986-87:de.1:71:Bor. Mönchengladbach:Bayer 04 Leverkusen,de.1,1986-87,Bor. Mönchengladbach,Bayer 04 Leverkusen,2,1
1986-09-27,1986-87:de.1:72:Hamburger SV:FC 08 Homburg,de.1,1986-87,Hamburger SV,FC 08 Homburg,3,1
1986-10-03,1986-87:de.1:73:Borussia Dortmund:Fortuna Düsseldorf,de.1,1986-87,Borussia Dortmund,Fortuna Düsseldorf,4,1
1986-10-04,1986-87:de.1:74:FC 08 Homburg:1. FC Kaiserslautern,de.1,1986-87,FC 08 Homburg,1. FC Kaiserslautern,1,1
1986-10-04,1986-87:de.1:75:SV Waldhof Mannheim:Bor. Mönchengladbach,de.1,1986-87,SV Waldhof Mannheim,Bor. Mönchengladbach,1,1
1986-10-04,1986-87:de.1:76:Bayern München:VfL Bochum,de.1,1986-87,Bayern München,VfL Bochum,3,2
1986-10-04,1986-87:de.1:77:FC Schalke 04:1. FC Köln,de.1,1986-87,FC Schalke 04,1. FC Köln,2,4
1986-10-04,1986-87:de.1:78:VfB Stuttgart:1. FC Nürnberg,de.1,1986-87,VfB Stuttgart,1. FC Nürnberg,1,1
1986-10-04,1986-87:de.1:79:KFC Uerdingen:Hamburger SV,de.1,1986-87,KFC Uerdingen,Hamburger SV,1,0
1986-10-04,1986-87:de.1:80:Blau-Weiß 90 Berlin (-1992):Eintracht Frankfurt,de.1,1986-87,Blau-Weiß 90 Berlin (-1992),Eintracht Frankfurt,2,2
1986-10-04,1986-87:de.1:81:Bayer 04 Leverkusen:Werder Bremen,de.1,1986-87,Bayer 04 Leverkusen,Werder Bremen,4,1
1986-10-10,1986-87:de.1:82:1. FC Kaiserslautern:KFC Uerdingen,de.1,1986-87,1. FC Kaiserslautern,KFC Uerdingen,1,0
1986-10-10,1986-87:de.1:83:Werder Bremen:SV Waldhof Mannheim,de.1,1986-87,Werder Bremen,SV Waldhof Mannheim,4,2
1986-10-10,1986-87:de.1:84:Hamburger SV:VfB Stuttgart,de.1,1986-87,Hamburger SV,VfB Stuttgart,2,0
1986-10-11,1986-87:de.1:85:1. FC Nürnberg:FC Schalke 04,de.1,1986-87,1. FC Nürnberg,FC Schalke 04,2,1
1986-10-11,1986-87:de.1:86:1. FC Köln:Borussia Dortmund,de.1,1986-87,1. FC Köln,Borussia Dortmund,2,0
1986-10-11,1986-87:de.1:87:Fortuna Düsseldorf:Blau-Weiß 90 Berlin (-1992),de.1,1986-87,Fortuna Düsseldorf,Blau-Weiß 90 Berlin (-1992),3,1
1986-10-11,1986-87:de.1:88:Eintracht Frankfurt:Bayern München,de.1,1986-87,Eintracht Frankfurt,Bayern München,0,0
1986-10-11,1986-87:de.1:89:VfL Bochum:Bayer 04 Leverkusen,de.1,1986-87,VfL Bochum,Bayer 04 Leverkusen,2,1
1986-10-11,1986-87:de.1:90:Bor. Mönchengladbach:FC 08 Homburg,de.1,1986-87,Bor. Mönchengladbach,FC 08 Homburg,5,0
1986-10-17,1986-87:de.1:91:Bayer 04 Leverkusen:Eintracht Frankfurt,de.1,1986-87,Bayer 04 Leverkusen,Eintracht Frankfurt,2,0
1986-10-17,1986-87:de.1:92:Borussia Dortmund:1. FC Nürnberg,de.1,1986-87,Borussia Dortmund,1. FC Nürnberg,2,2
1986-10-18,1986-87:de.1:93:Fortuna Düsseldorf:1. FC Köln,de.1,1986-87,Fortuna Düsseldorf,1. FC Köln,0,4
1986-10-18,1986-87:de.1:94:SV Waldhof Mannheim:VfL Bochum,de.1,1986-87,SV Waldhof Mannheim,VfL Bochum,0,0
1986-10-18,1986-87:de.1:95:Blau-Weiß 90 Berlin (-1992):Bayern München,de.1,1986-87,Blau-Weiß 90 Berlin (-1992),Bayern München,1,1
1986-10-18,1986-87:de.1:96:FC Schalke 04:Hamburger SV,de.1,1986-87,FC Schalke 04,Hamburger SV,1,1
1986-10-18,1986-87:de.1:97:VfB Stuttgart:1. FC Kaiserslautern,de.1,1986-87,VfB Stuttgart,1. FC Kaiserslautern,1,1
1986-10-18,1986-87:de.1:98:KFC Uerdingen:Bor. Mönchengladbach,de.1,1986-87,KFC Uerdingen,Bor. Mönchengladbach,1,1
1986-10-18,1986-87:de.1:99:FC 08 Homburg:Werder Bremen,de.1,1986-87,FC 08 Homburg,Werder Bremen,0,1
1986-11-01,1986-87:de.1:100:1. FC Nürnberg:Fortuna Düsseldorf,de.1,1986-87,1. FC Nürnberg,Fortuna Düsseldorf,4,3
1986-11-01,1986-87:de.1:101:Eintracht Frankfurt:SV Waldhof Mannheim,de.1,1986-87,Eintracht Frankfurt,SV Waldhof Mannheim,2,1
1986-11-01,1986-87:de.1:102:Werder Bremen:KFC Uerdingen,de.1,1986-87,Werder Bremen,KFC Uerdingen,5,1
1986-11-01,1986-87:de.1:103:Hamburger SV:Borussia Dortmund,de.1,1986-87,Hamburger SV,Borussia Dortmund,4,2
1986-11-01,1986-87:de.1:104:Bayern München:Bayer 04 Leverkusen,de.1,1986-87,Bayern München,Bayer 04 Leverkusen,0,3
1986-11-01,1986-87:de.1:105:1. FC Kaiserslautern:FC Schalke 04,de.1,1986-87,1. FC Kaiserslautern,FC Schalke 04,5,1
1986-11-01,1986-87:de.1:106:1. FC Köln:Blau-Weiß 90 Berlin (-1992),de.1,1986-87,1. FC Köln,Blau-Weiß 90 Berlin (-1992),1,1
1986-11-01,1986-87:de.1:107:VfL Bochum:FC 08 Homburg,de.1,1986-87,VfL Bochum,FC 08 Homburg,0,0
1986-11-01,1986-87:de.1:108:Bor. Mönchengladbach:VfB Stuttgart,de.1,1986-87,Bor. Mönchengladbach,VfB Stuttgart,4,0
1986-11-07,1986-87:de.1:109:Borussia Dortmund:1. FC Kaiserslautern,de.1,1986-87,Borussia Dortmund,1. FC Kaiserslautern,2,0
1986-11-08,1986-87:de.1:110:FC 08 Homburg:Eintracht Frankfurt,de.1,1986-87,FC 08 Homburg,Eintracht Frankfurt,1,1
1986-11-08,1986-87:de.1:111:SV Waldhof Mannheim:Bayern München,de.1,1986-87,SV Waldhof Mannheim,Bayern München,3,3
1986-11-08,1986-87:de.1:112:1. FC Köln:1. FC Nürnberg,de.1,1986-87,1. FC Köln,1. FC Nürnberg,3,1
1986-11-08,1986-87:de.1:113:Fortuna Düsseldorf:Hamburger SV,de.1,1986-87,Fortuna Düsseldorf,Hamburger SV,3,2
1986-11-08,1986-87:de.1:114:FC Schalke 04:Bor. Mönchengladbach,de.1,1986-87,FC Schalke 04,Bor. Mönchengladbach,1,2
1986-11-08,1986-87:de.1:115:VfB Stuttgart:Werder Bremen,de.1,1986-87,VfB Stuttgart,Werder Bremen,4,0
1986-11-08,1986-87:de.1:116:KFC Uerdingen:VfL Bochum,de.1,1986-87,KFC Uerdingen,VfL Bochum,3,1
1986-11-08,1986-87:de.1:117:Blau-Weiß 90 Berlin (-1992):Bayer 04 Leverkusen,de.1,1986-87,Blau-Weiß 90 Berlin (-1992),Bayer 04 Leverkusen,0,1
1986-11-14,1986-87:de.1:118:Bayer 04 Leverkusen:SV Waldhof Mannheim,de.1,1986-87,Bayer 04 Leverkusen,SV Waldhof Mannheim,0,0
1986-11-14,1986-87:de.1:119:Werder Bremen:FC Schalke 04,de.1,1986-87,Werder Bremen,FC Schalke 04,0,0
1986-11-15,1986-87:de.1:120:Hamburger SV:1. FC Köln,de.1,1986-87,Hamburger SV,1. FC Köln,1,0
1986-11-15,1986-87:de.1:121:1. FC Nürnberg:Blau-Weiß 90 Berlin (-1992),de.1,1986-87,1. FC Nürnberg,Blau-Weiß 90 Berlin (-1992),7,2
1986-11-15,1986-87:de.1:122:1. FC Kaiserslautern:Fortuna Düsseldorf,de.1,1986-87,1. FC Kaiserslautern,Fortuna Düsseldorf,3,1
1986-11-15,1986-87:de.1:123:Eintracht Frankfurt:KFC Uerdingen,de.1,1986-87,Eintracht Frankfurt,KFC Uerdingen,1,0
1986-11-15,1986-87:de.1:124:VfL Bochum:VfB Stuttgart,de.1,1986-87,VfL Bochum,VfB Stuttgart,0,1
1986-11-15,1986-87:de.1:125:Bor. Mönchengladbach:Borussia Dortmund,de.1,1986-87,Bor. Mönchengladbach,Borussia Dortmund,2,2
1986-11-15,1986-87:de.1:126:Bayern München:FC 08 Homburg,de.1,1986-87,Bayern München,FC 08 Homburg,3,0
1986-11-22,1986-87:de.1:127:FC 08 Homburg:Bayer 04 Leverkusen,de.1,1986-87,FC 08 Homburg,Bayer 04 Leverkusen,1,2
1986-11-22,1986-87:de.1:128:SV Waldhof Mannheim:Blau-Weiß 90 Berlin (-1992),de.1,1986-87,SV Waldhof Mannheim,Blau-Weiß 90 Berlin (-1992),1,1
1986-11-22,1986-87:de.1:129:1. FC Köln:1. FC Kaiserslautern,de.1,1986-87,1. FC Köln,1. FC Kaiserslautern,2,2
1986-11-22,1986-87:de.1:130:Fortuna Düsseldorf:Bor. Mönchengladbach,de.1,1986-87,Fortuna Düsseldorf,Bor. Mönchengladbach,1,1
1986-11-22,1986-87:de.1:131:Borussia Dortmund:Werder Bremen,de.1,1986-87,Borussia Dortmund,Werder Bremen,2,1
1986-11-22,1986-87:de.1:132:FC Schalke 04:VfL Bochum,de.1,1986-87,FC Schalke 04,VfL Bochum,0,0
1986-11-22,1986-87:de.1:133:VfB Stuttgart:Eintracht Frankfurt,de.1,1986-87,VfB Stuttgart,Eintracht Frankfurt,4,1
1986-11-22,1986-87:de.1:134:KFC Uerdingen:Bayern München,de.1,1986-87,KFC Uerdingen,Bayern München,0,0
1986-11-22,1986-87:de.1:135:Hamburger SV:1. FC Nürnberg,de.1,1986-87,Hamburger SV,1. FC Nürnberg,1,1
1986-11-28,1986-87:de.1:136:1. FC Kaiserslautern:1. FC Nürnberg,de.1,1986-87,1. FC Kaiserslautern,1. FC Nürnberg,2,1
1986-11-28,1986-87:de.1:137:VfL Bochum:Borussia Dortmund,de.1,1986-87,VfL Bochum,Borussia Dortmund,0,0
1986-11-28,1986-87:de.1:138:Werder Bremen:Fortuna Düsseldorf,de.1,1986-87,Werder Bremen,Fortuna Düsseldorf,5,2
1986-11-29,1986-87:de.1:139:SV Waldhof Mannheim:FC 08 Homburg,de.1,1986-87,SV Waldhof Mannheim,FC 08 Homburg,5,1
1986-11-29,1986-87:de.1:140:Bayer 04 Leverkusen:KFC Uerdingen,de.1,1986-87,Bayer 04 Leverkusen,KFC Uerdingen,1,4
1986-11-29,1986-87:de.1:141:Bayern München:VfB Stuttgart,de.1,1986-87,Bayern München,VfB Stuttgart,1,0
1986-11-29,1986-87:de.1:142:Eintracht Frankfurt:FC Schalke 04,de.1,1986-87,Eintracht Frankfurt,FC Schalke 04,0,1
1986-11-29,1986-87:de.1:143:Bor. Mönchengladbach:1. FC Köln,de.1,1986-87,Bor. Mönchengladbach,1. FC Köln,3,1
1986-11-29,1986-87:de.1:144:Blau-Weiß 90 Berlin (-1992):Hamburger SV,de.1,1986-87,Blau-Weiß 90 Berlin (-1992),Hamburger SV,1,3
1986-12-05,1986-87:de.1:145:1. FC Köln:Werder Bremen,de.1,1986-87,1. FC Köln,Werder Bremen,3,0
1986-12-05,1986-87:de.1:146:Borussia Dortmund:Eintracht Frankfurt,de.1,1986-87,Borussia Dortmund,Eintracht Frankfurt,1,0
1986-12-06,1986-87:de.1:147:FC 08 Homburg:Blau-Weiß 90 Berlin (-1992),de.1,1986-87,FC 08 Homburg,Blau-Weiß 90 Berlin (-1992),2,1
1986-12-06,1986-87:de.1:148:1. FC Nürnberg:Bor. Mönchengladbach,de.1,1986-87,1. FC Nürnberg,Bor. Mönchengladbach,2,0
1986-12-06,1986-87:de.1:149:Fortuna Düsseldorf:VfL Bochum,de.1,1986-87,Fortuna Düsseldorf,VfL Bochum,0,4
1986-12-06,1986-87:de.1:150:FC Schalke 04:Bayern München,de.1,1986-87,FC Schalke 04,Bayern München,2,2
1986-12-06,1986-87:de.1:151:VfB Stuttgart:Bayer 04 Leverkusen,de.1,1986-87,VfB Stuttgart,Bayer 04 Leverkusen,1,0
1986-12-06,1986-87:de.1:152:KFC Uerdingen:SV Waldhof Mannheim,de.1,1986-87,KFC Uerdingen,SV Waldhof Mannheim,3,2
1986-12-06,1986-87:de.1:153:Hamburger SV:1. FC Kaiserslautern,de.1,1986-87,Hamburger SV,1. FC Kaiserslautern,2,0
1987-02-21,1986-87:de.1:154:Borussia Dortmund:Bayern München,de.1,1986-87,Borussia Dortmund,Bayern München,2,2
1987-02-21,1986-87:de.1:155:Fortuna Düsseldorf:Eintracht Frankfurt,de.1,1986-87,Fortuna Düsseldorf,Eintracht Frankfurt,3,3
1987-02-21,1986-87:de.1:156:1. FC Köln:VfL Bochum,de.1,1986-87,1. FC Köln,VfL Bochum,1,0
1987-02-21,1986-87:de.1:157:1. FC Nürnberg:Werder Bremen,de.1,1986-87,1. FC Nürnberg,Werder Bremen,5,1
1987-02-21,1986-87:de.1:158:Hamburger SV:Bor. Mönchengladbach,de.1,1986-87,Hamburger SV,Bor. Mönchengladbach,3,1
1987-02-21,1986-87:de.1:159:1. FC Kaiserslautern:Blau-Weiß 90 Berlin (-1992),de.1,1986-87,1. FC Kaiserslautern,Blau-Weiß 90 Berlin (-1992),2,0
1987-02-28,1986-87:de.1:160:VfL Bochum:1. FC Nürnberg,de.1,1986-87,VfL Bochum,1. FC Nürnberg,0,1
1987-02-28,1986-87:de.1:161:Eintracht Frankfurt:1. FC Köln,de.1,1986-87,Eintracht Frankfurt,1. FC Köln,1,2
1987-02-28,1986-87:de.1:162:Bor. Mönchengladbach:1. FC Kaiserslautern,de.1,1986-87,Bor. Mönchengladbach,1. FC Kaiserslautern,0,1
1987-02-28,1986-87:de.1:163:Werder Bremen:Hamburger SV,de.1,1986-87,Werder Bremen,Hamburger SV,2,1
1987-02-28,1986-87:de.1:164:FC 08 Homburg:VfB Stuttgart,de.1,1986-87,FC 08 Homburg,VfB Stuttgart,2,1
1987-02-28,1986-87:de.1:165:Bayern München:Fortuna Düsseldorf,de.1,1986-87,Bayern München,Fortuna Düsseldorf,3,0
1987-02-28,1986-87:de.1:166:SV Waldhof Mannheim:FC Schalke 04,de.1,1986-87,SV Waldhof Mannheim,FC Schalke 04,2,0
1987-03-07,1986-87:de.1:167:Bayer 04 Leverkusen:Borussia Dortmund,de.1,1986-87,Bayer 04 Leverkusen,Borussia Dortmund,3,2
1987-03-07,1986-87:de.1:168:FC Schalke 04:1. FC Nürnberg,de.1,1986-87,FC Schalke 04,1. FC Nürnberg,2,4
1987-03-08,1986-87:de.1:169:VfB Stuttgart:SV Waldhof Mannheim,de.1,1986-87,VfB Stuttgart,SV Waldhof Mannheim,2,1
1987-03-13,1986-87:de.1:170:1. FC Kaiserslautern:Werder Bremen,de.1,1986-87,1. FC Kaiserslautern,Werder Bremen,1,3
1987-03-14,1986-87:de.1:171:1. FC Nürnberg:Eintracht Frankfurt,de.1,1986-87,1. FC Nürnberg,Eintracht Frankfurt,1,0
1987-03-14,1986-87:de.1:172:Borussia Dortmund:SV Waldhof Mannheim,de.1,1986-87,Borussia Dortmund,SV Waldhof Mannheim,6,0
1987-03-14,1986-87:de.1:173:FC Schalke 04:FC 08 Homburg,de.1,1986-87,FC Schalke 04,FC 08 Homburg,4,0
1987-03-14,1986-87:de.1:174:Bor. Mönchengladbach:Blau-Weiß 90 Berlin (-1992),de.1,1986-87,Bor. Mönchengladbach,Blau-Weiß 90 Berlin (-1992),2,1
1987-03-14,1986-87:de.1:175:Hamburger SV:VfL Bochum,de.1,1986-87,Hamburger SV,VfL Bochum,1,1
1987-03-14,1986-87:de.1:176:1. FC Köln:Bayern München,de.1,1986-87,1. FC Köln,Bayern München,1,1
1987-03-14,1986-87:de.1:177:Fortuna Düsseldorf:Bayer 04 Leverkusen,de.1,1986-87,Fortuna Düsseldorf,Bayer 04 Leverkusen,2,3
1987-03-14,1986-87:de.1:178:VfB Stuttgart:KFC Uerdingen,de.1,1986-87,VfB Stuttgart,KFC Uerdingen,2,0
1987-03-20,1986-87:de.1:179:Eintracht Frankfurt:Hamburger SV,de.1,1986-87,Eintracht Frankfurt,Hamburger SV,1,3
1987-03-21,1986-87:de.1:180:SV Waldhof Mannheim:Fortuna Düsseldorf,de.1,1986-87,SV Waldhof Mannheim,Fortuna Düsseldorf,1,1
1987-03-21,1986-87:de.1:181:Bayern München:1. FC Nürnberg,de.1,1986-87,Bayern München,1. FC Nürnberg,4,0
1987-03-21,1986-87:de.1:182:Bayer 04 Leverkusen:1. FC Köln,de.1,1986-87,Bayer 04 Leverkusen,1. FC Köln,0,1
1987-03-21,1986-87:de.1:183:VfL Bochum:1. FC Kaiserslautern,de.1,1986-87,VfL Bochum,1. FC Kaiserslautern,3,1
1987-03-21,1986-87:de.1:184:KFC Uerdingen:FC Schalke 04,de.1,1986-87,KFC Uerdingen,FC Schalke 04,0,0
1987-03-21,1986-87:de.1:185:Werder Bremen:Bor. Mönchengladbach,de.1,1986-87,Werder Bremen,Bor. Mönchengladbach,1,7
1987-03-27,1986-87:de.1:186:Werder Bremen:Blau-Weiß 90 Berlin (-1992),de.1,1986-87,Werder Bremen,Blau-Weiß 90 Berlin (-1992),2,0
1987-03-28,1986-87:de.1:187:Fortuna Düsseldorf:FC 08 Homburg,de.1,1986-87,Fortuna Düsseldorf,FC 08 Homburg,1,0
1987-03-28,1986-87:de.1:188:Borussia Dortmund:KFC Uerdingen,de.1,1986-87,Borussia Dortmund,KFC Uerdingen,1,1
1987-03-28,1986-87:de.1:189:Hamburger SV:Bayern München,de.1,1986-87,Hamburger SV,Bayern München,1,2
1987-03-28,1986-87:de.1:190:1. FC Kaiserslautern:Eintracht Frankfurt,de.1,1986-87,1. FC Kaiserslautern,Eintracht Frankfurt,2,1
1987-03-28,1986-87:de.1:191:1. FC Köln:SV Waldhof Mannheim,de.1,1986-87,1. FC Köln,SV Waldhof Mannheim,2,1
1987-03-28,1986-87:de.1:192:FC Schalke 04:VfB Stuttgart,de.1,1986-87,FC Schalke 04,VfB Stuttgart,2,1
1987-03-28,1986-87:de.1:193:Bor. Mönchengladbach:VfL Bochum,de.1,1986-87,Bor. Mönchengladbach,VfL Bochum,2,1
1987-03-28,1986-87:de.1:194:1. FC Nürnberg:Bayer 04 Leverkusen,de.1,1986-87,1. FC Nürnberg,Bayer 04 Leverkusen,1,1
1987-04-01,1986-87:de.1:195:KFC Uerdingen:FC 08 Homburg,de.1,1986-87,KFC Uerdingen,FC 08 Homburg,2,1
1987-04-03,1986-87:de.1:196:SV Waldhof Mannheim:1. FC Nürnberg,de.1,1986-87,SV Waldhof Mannheim,1. FC Nürnberg,3,0
1987-04-04,1986-87:de.1:197:KFC Uerdingen:Fortuna Düsseldorf,de.1,1986-87,KFC Uerdingen,Fortuna Düsseldorf,4,1
1987-04-04,1986-87:de.1:198:Bayern München:1. FC Kaiserslautern,de.1,1986-87,Bayern München,1. FC Kaiserslautern,3,0
1987-04-04,1986-87:de.1:199:Blau-Weiß 90 Berlin (-1992):FC Schalke 04,de.1,1986-87,Blau-Weiß 90 Berlin (-1992),FC Schalke 04,0,0
1987-04-04,1986-87:de.1:200:VfL Bochum:Werder Bremen,de.1,1986-87,VfL Bochum,Werder Bremen,1,1
1987-04-04,1986-87:de.1:201:VfB Stuttgart:Borussia Dortmund,de.1,1986-87,VfB Stuttgart,Borussia Dortmund,3,0
1987-04-04,1986-87:de.1:202:Bayer 04 Leverkusen:Hamburger SV,de.1,1986-87,Bayer 04 Leverkusen,Hamburger SV,0,1
1987-04-04,1986-87:de.1:203:Eintracht Frankfurt:Bor. Mönchengladbach,de.1,1986-87,Eintracht Frankfurt,Bor. Mönchengladbach,4,0
1987-04-04,1986-87:de.1:204:FC 08 Homburg:1. FC Köln,de.1,1986-87,FC 08 Homburg,1. FC Köln,1,3
1987-04-07,1986-87:de.1:205:FC 08 Homburg:Borussia Dortmund,de.1,1986-87,FC 08 Homburg,Borussia Dortmund,2,2
1987-04-10,1986-87:de.1:206:1. FC Nürnberg:FC 08 Homburg,de.1,1986-87,1. FC Nürnberg,FC 08 Homburg,2,2
1987-04-10,1986-87:de.1:207:VfL Bochum:Blau-Weiß 90 Berlin (-1992),de.1,1986-87,VfL Bochum,Blau-Weiß 90 Berlin (-1992),5,1
1987-04-10,1986-87:de.1:208:Werder Bremen:Eintracht Frankfurt,de.1,1986-87,Werder Bremen,Eintracht Frankfurt,4,1
1987-04-11,1986-87:de.1:209:Borussia Dortmund:FC Schalke 04,de.1,1986-87,Borussia Dortmund,FC Schalke 04,1,0
1987-04-11,1986-87:de.1:210:Hamburger SV:SV Waldhof Mannheim,de.1,1986-87,Hamburger SV,SV Waldhof Mannheim,1,0
1987-04-11,1986-87:de.1:211:1. FC Kaiserslautern:Bayer 04 Leverkusen,de.1,1986-87,1. FC Kaiserslautern,Bayer 04 Leverkusen,1,1
1987-04-11,1986-87:de.1:212:1. FC Köln:KFC Uerdingen,de.1,1986-87,1. FC Köln,KFC Uerdingen,1,2
1987-04-11,1986-87:de.1:213:Fortuna Düsseldorf:VfB Stuttgart,de.1,1986-87,Fortuna Düsseldorf,VfB Stuttgart,1,0
1987-04-11,1986-87:de.1:214:Bor. Mönchengladbach:Bayern München,de.1,1986-87,Bor. Mönchengladbach,Bayern München,0,1
1987-04-14,1986-87:de.1:215:FC Schalke 04:Fortuna Düsseldorf,de.1,1986-87,FC Schalke 04,Fortuna Düsseldorf,4,2
1987-04-14,1986-87:de.1:216:Bayer 04 Leverkusen:Bor. Mönchengladbach,de.1,1986-87,Bayer 04 Leverkusen,Bor. Mönchengladbach,0,2
1987-04-14,1986-87:de.1:217:Blau-Weiß 90 Berlin (-1992):Borussia Dortmund,de.1,1986-87,Blau-Weiß 90 Berlin (-1992),Borussia Dortmund,1,1
1987-04-14,1986-87:de.1:218:FC 08 Homburg:Hamburger SV,de.1,1986-87,FC 08 Homburg,Hamburger SV,1,1
1987-04-15,1986-87:de.1:219:Eintracht Frankfurt:VfL Bochum,de.1,1986-87,Eintracht Frankfurt,VfL Bochum,1,1
1987-04-15,1986-87:de.1:220:Bayern München:Werder Bremen,de.1,1986-87,Bayern München,Werder Bremen,3,2
1987-04-15,1986-87:de.1:221:SV Waldhof Mannheim:1. FC Kaiserslautern,de.1,1986-87,SV Waldhof Mannheim,1. FC Kaiserslautern,4,3
1987-04-15,1986-87:de.1:222:VfB Stuttgart:1. FC Köln,de.1,1986-87,VfB Stuttgart,1. FC Köln,5,1
1987-04-15,1986-87:de.1:223:KFC Uerdingen:1. FC Nürnberg,de.1,1986-87,KFC Uerdingen,1. FC Nürnberg,3,4
1987-04-21,1986-87:de.1:224:Blau-Weiß 90 Berlin (-1992):KFC Uerdingen,de.1,1986-87,Blau-Weiß 90 Berlin (-1992),KFC Uerdingen,1,1
1987-04-21,1986-87:de.1:225:FC Schalke 04:Bayer 04 Leverkusen,de.1,1986-87,FC Schalke 04,Bayer 04 Leverkusen,1,2
1987-04-24,1986-87:de.1:226:Eintracht Frankfurt:Blau-Weiß 90 Berlin (-1992),de.1,1986-87,Eintracht Frankfurt,Blau-Weiß 90 Berlin (-1992),1,3
1987-04-24,1986-87:de.1:227:Fortuna Düsseldorf:Borussia Dortmund,de.1,1986-87,Fortuna Düsseldorf,Borussia Dortmund,0,4
1987-04-24,1986-87:de.1:228:1. FC Kaiserslautern:FC 08 Homburg,de.1,1986-87,1. FC Kaiserslautern,FC 08 Homburg,5,0
1987-04-25,1986-87:de.1:229:Bor. Mönchengladbach:SV Waldhof Mannheim,de.1,1986-87,Bor. Mönchengladbach,SV Waldhof Mannheim,7,2
1987-04-25,1986-87:de.1:230:Werder Bremen:Bayer 04 Leverkusen,de.1,1986-87,Werder Bremen,Bayer 04 Leverkusen,1,0
1987-04-25,1986-87:de.1:231:Hamburger SV:KFC Uerdingen,de.1,1986-87,Hamburger SV,KFC Uerdingen,2,1
1987-04-25,1986-87:de.1:232:VfL Bochum:Bayern München,de.1,1986-87,VfL Bochum,Bayern München,1,2
1987-04-25,1986-87:de.1:233:1. FC Köln:FC Schalke 04,de.1,1986-87,1. FC Köln,FC Schalke 04,3,2
1987-04-25,1986-87:de.1:234:1. FC Nürnberg:VfB Stuttgart,de.1,1986-87,1. FC Nürnberg,VfB Stuttgart,2,1
1987-05-01,1986-87:de.1:235:Borussia Dortmund:1. FC Köln,de.1,1986-87,Borussia Dortmund,1. FC Köln,1,1
1987-05-01,1986-87:de.1:236:Blau-Weiß 90 Berlin (-1992):Fortuna Düsseldorf,de.1,1986-87,Blau-Weiß 90 Berlin (-1992),Fortuna Düsseldorf,1,2
1987-05-02,1986-87:de.1:237:KFC Uerdingen:1. FC Kaiserslautern,de.1,1986-87,KFC Uerdingen,1. FC Kaiserslautern,1,2
1987-05-02,1986-87:de.1:238:FC 08 Homburg:Bor. Mönchengladbach,de.1,1986-87,FC 08 Homburg,Bor. Mönchengladbach,0,2
1987-05-02,1986-87:de.1:239:SV Waldhof Mannheim:Werder Bremen,de.1,1986-87,SV Waldhof Mannheim,Werder Bremen,1,0
1987-05-02,1986-87:de.1:240:Bayer 04 Leverkusen:VfL Bochum,de.1,1986-87,Bayer 04 Leverkusen,VfL Bochum,2,1
1987-05-02,1986-87:de.1:241:VfB Stuttgart:Hamburger SV,de.1,1986-87,VfB Stuttgart,Hamburger SV,1,1
1987-05-05,1986-87:de.1:242:Blau-Weiß 90 Berlin (-1992):VfB Stuttgart,de.1,1986-87,Blau-Weiß 90 Berlin (-1992),VfB Stuttgart,0,2
1987-05-08,1986-87:de.1:243:Hamburger SV:FC Schalke 04,de.1,1986-87,Hamburger SV,FC Schalke 04,4,0
1987-05-08,1986-87:de.1:244:1. FC Köln:Fortuna Düsseldorf,de.1,1986-87,1. FC Köln,Fortuna Düsseldorf,1,0
1987-05-08,1986-87:de.1:245:Werder Bremen:FC 08 Homburg,de.1,1986-87,Werder Bremen,FC 08 Homburg,6,0
1987-05-09,1986-87:de.1:246:Bayern München:Blau-Weiß 90 Berlin (-1992),de.1,1986-87,Bayern München,Blau-Weiß 90 Berlin (-1992),2,0
1987-05-09,1986-87:de.1:247:Bor. Mönchengladbach:KFC Uerdingen,de.1,1986-87,Bor. Mönchengladbach,KFC Uerdingen,2,0
1987-05-09,1986-87:de.1:248:VfL Bochum:SV Waldhof Mannheim,de.1,1986-87,VfL Bochum,SV Waldhof Mannheim,6,1
1987-05-09,1986-87:de.1:249:Eintracht Frankfurt:Bayer 04 Leverkusen,de.1,1986-87,Eintracht Frankfurt,Bayer 04 Leverkusen,1,0
1987-05-09,1986-87:de.1:250:1. FC Nürnberg:Borussia Dortmund,de.1,1986-87,1. FC Nürnberg,Borussia Dortmund,1,2
1987-05-09,1986-87:de.1:251:1. FC Kaiserslautern:VfB Stuttgart,de.1,1986-87,1. FC Kaiserslautern,VfB Stuttgart,3,0
1987-05-12,1986-87:de.1:252:Bayern München:Eintracht Frankfurt,de.1,1986-87,Bayern München,Eintracht Frankfurt,2,1
1987-05-15,1986-87:de.1:253:VfB Stuttgart:Bor. Mönchengladbach,de.1,1986-87,VfB Stuttgart,Bor. Mönchengladbach,2,4
1987-05-15,1986-87:de.1:254:Borussia Dortmund:Hamburger SV,de.1,1986-87,Borussia Dortmund,Hamburger SV,4,3
1987-05-15,1986-87:de.1:255:KFC Uerdingen:Werder Bremen,de.1,1986-87,KFC Uerdingen,Werder Bremen,1,1
1987-05-16,1986-87:de.1:256:FC Schalke 04:1. FC Kaiserslautern,de.1,1986-87,FC Schalke 04,1. FC Kaiserslautern,3,2
1987-05-16,1986-87:de.1:257:Fortuna Düsseldorf:1. FC Nürnberg,de.1,1986-87,Fortuna Düsseldorf,1. FC Nürnberg,1,1
1987-05-16,1986-87:de.1:258:Blau-Weiß 90 Berlin (-1992):1. FC Köln,de.1,1986-87,Blau-Weiß 90 Berlin (-1992),1. FC Köln,1,1
1987-05-16,1986-87:de.1:259:Bayer 04 Leverkusen:Bayern München,de.1,1986-87,Bayer 04 Leverkusen,Bayern München,0,0
1987-05-16,1986-87:de.1:260:FC 08 Homburg:VfL Bochum,de.1,1986-87,FC 08 Homburg,VfL Bochum,3,1
1987-05-16,1986-87:de.1:261:SV Waldhof Mannheim:Eintracht Frankfurt,de.1,1986-87,SV Waldhof Mannheim,Eintracht Frankfurt,2,1
1987-05-22,1986-87:de.1:262:Bayer 04 Leverkusen:Blau-Weiß 90 Berlin (-1992),de.1,1986-87,Bayer 04 Leverkusen,Blau-Weiß 90 Berlin (-1992),2,2
1987-05-22,1986-87:de.1:263:Werder Bremen:VfB Stuttgart,de.1,1986-87,Werder Bremen,VfB Stuttgart,1,0
1987-05-22,1986-87:de.1:264:1. FC Kaiserslautern:Borussia Dortmund,de.1,1986-87,1. FC Kaiserslautern,Borussia Dortmund,2,3
1987-05-23,1986-87:de.1:265:Bayern München:SV Waldhof Mannheim,de.1,1986-87,Bayern München,SV Waldhof Mannheim,3,0
1987-05-23,1986-87:de.1:266:VfL Bochum:KFC Uerdingen,de.1,1986-87,VfL Bochum,KFC Uerdingen,2,1
1987-05-23,1986-87:de.1:267:1. FC Nürnberg:1. FC Köln,de.1,1986-87,1. FC Nürnberg,1. FC Köln,1,1
1987-05-23,1986-87:de.1:268:Hamburger SV:Fortuna Düsseldorf,de.1,1986-87,Hamburger SV,Fortuna Düsseldorf,4,1
1987-05-23,1986-87:de.1:269:Bor. Mönchengladbach:FC Schalke 04,de.1,1986-87,Bor. Mönchengladbach,FC Schalke 04,3,1
1987-05-23,1986-87:de.1:270:Eintracht Frankfurt:FC 08 Homburg,de.1,1986-87,Eintracht Frankfurt,FC 08 Homburg,4,0
1987-05-28,1986-87:de.1:271:Blau-Weiß 90 Berlin (-1992):1. FC Nürnberg,de.1,1986-87,Blau-Weiß 90 Berlin (-1992),1. FC Nürnberg,1,4
1987-05-29,1986-87:de.1:272:VfB Stuttgart:VfL Bochum,de.1,1986-87,VfB Stuttgart,VfL Bochum,2,4
1987-05-29,1986-87:de.1:273:FC Schalke 04:Werder Bremen,de.1,1986-87,FC Schalke 04,Werder Bremen,1,0
1987-05-30,1986-87:de.1:274:Fortuna Düsseldorf:1. FC Kaiserslautern,de.1,1986-87,Fortuna Düsseldorf,1. FC Kaiserslautern,1,3
1987-05-30,1986-87:de.1:275:SV Waldhof Mannheim:Bayer 04 Leverkusen,de.1,1986-87,SV Waldhof Mannheim,Bayer 04 Leverkusen,2,1
1987-05-30,1986-87:de.1:276:FC 08 Homburg:Bayern München,de.1,1986-87,FC 08 Homburg,Bayern München,2,2
1987-05-30,1986-87:de.1:277:KFC Uerdingen:Eintracht Frankfurt,de.1,1986-87,KFC Uerdingen,Eintracht Frankfurt,1,0
1987-05-30,1986-87:de.1:278:Borussia Dortmund:Bor. Mönchengladbach,de.1,1986-87,Borussia Dortmund,Bor. Mönchengladbach,0,2
1987-05-30,1986-87:de.1:279:1. FC Köln:Hamburger SV,de.1,1986-87,1. FC Köln,Hamburger SV,1,1
1987-06-04,1986-87:de.1:280:Bayer 04 Leverkusen:FC 08 Homburg,de.1,1986-87,Bayer 04 Leverkusen,FC 08 Homburg,4,2
1987-06-05,1986-87:de.1:281:Eintracht Frankfurt:VfB Stuttgart,de.1,1986-87,Eintracht Frankfurt,VfB Stuttgart,3,1
1987-06-05,1986-87:de.1:282:VfL Bochum:FC Schalke 04,de.1,1986-87,VfL Bochum,FC Schalke 04,1,1
1987-06-06,1986-87:de.1:283:1. FC Kaiserslautern:1. FC Köln,de.1,1986-87,1. FC Kaiserslautern,1. FC Köln,5,1
1987-06-06,1986-87:de.1:284:Bor. Mönchengladbach:Fortuna Düsseldorf,de.1,1986-87,Bor. Mönchengladbach,Fortuna Düsseldorf,4,1
1987-06-06,1986-87:de.1:285:Werder Bremen:Borussia Dortmund,de.1,1986-87,Werder Bremen,Borussia Dortmund,5,0
1987-06-06,1986-87:de.1:286:Bayern München:KFC Uerdingen,de.1,1986-87,Bayern München,KFC Uerdingen,2,2
1987-06-06,1986-87:de.1:287:1. FC Nürnberg:Hamburger SV,de.1,1986-87,1. FC Nürnberg,Hamburger SV,3,3
1987-06-10,1986-87:de.1:288:Blau-Weiß 90 Berlin (-1992):SV Waldhof Mannheim,de.1,1986-87,Blau-Weiß 90 Berlin (-1992),SV Waldhof Mannheim,4,1
1987-06-13,1986-87:de.1:289:Hamburger SV:Blau-Weiß 90 Berlin (-1992),de.1,1986-87,Hamburger SV,Blau-Weiß 90 Berlin (-1992),2,1
1987-06-13,1986-87:de.1:290:FC 08 Homburg:SV Waldhof Mannheim,de.1,1986-87,FC 08 Homburg,SV Waldhof Mannheim,2,1
1987-06-13,1986-87:de.1:291:KFC Uerdingen:Bayer 04 Leverkusen,de.1,1986-87,KFC Uerdingen,Bayer 04 Leverkusen,1,1
1987-06-13,1986-87:de.1:292:1. FC Nürnberg:1. FC Kaiserslautern,de.1,1986-87,1. FC Nürnberg,1. FC Kaiserslautern,2,1
1987-06-13,1986-87:de.1:293:FC Schalke 04:Eintracht Frankfurt,de.1,1986-87,FC Schalke 04,Eintracht Frankfurt,3,1
1987-06-13,1986-87:de.1:294:Borussia Dortmund:VfL Bochum,de.1,1986-87,Borussia Dortmund,VfL Bochum,3,2
1987-06-13,1986-87:de.1:295:Fortuna Düsseldorf:Werder Bremen,de.1,1986-87,Fortuna Düsseldorf,Werder Bremen,2,1
1987-06-13,1986-87:de.1:296:1. FC Köln:Bor. Mönchengladbach,de.1,1986-87,1. FC Köln,Bor. Mönchengladbach,2,4
1987-06-13,1986-87:de.1:297:VfB Stuttgart:Bayern München,de.1,1986-87,VfB Stuttgart,Bayern München,1,3
1987-06-17,1986-87:de.1:298:Blau-Weiß 90 Berlin (-1992):FC 08 Homburg,de.1,1986-87,Blau-Weiß 90 Berlin (-1992),FC 08 Homburg,2,2
1987-06-17,1986-87:de.1:299:Bor. Mönchengladbach:1. FC Nürnberg,de.1,1986-87,Bor. Mönchengladbach,1. FC Nürnberg,4,0
1987-06-17,1986-87:de.1:300:Werder Bremen:1. FC Köln,de.1,1986-87,Werder Bremen,1. FC Köln,2,1
1987-06-17,1986-87:de.1:301:VfL Bochum:Fortuna Düsseldorf,de.1,1986-87,VfL Bochum,Fortuna Düsseldorf,2,2
1987-06-17,1986-87:de.1:302:Bayern München:FC Schalke 04,de.1,1986-87,Bayern München,FC Schalke 04,1,0
1987-06-17,1986-87:de.1:303:Bayer 04 Leverkusen:VfB Stuttgart,de.1,1986-87,Bayer 04 Leverkusen,VfB Stuttgart,4,1
1987-06-17,1986-87:de.1:304:SV Waldhof Mannheim:KFC Uerdingen,de.1,1986-87,SV Waldhof Mannheim,KFC Uerdingen,2,3
1987-06-17,1986-87:de.1:305:1. FC Kaiserslautern:Hamburger SV,de.1,1986-87,1. FC Kaiserslautern,Hamburger SV,0,4
1987-06-23,1986-87:de.1:306:Eintracht Frankfurt:Borussia Dortmund,de.1,1986-87,Eintracht Frankfurt,Borussia Dortmund,0,4
1987-07-31,1987-88:de.1:1:Bayer 04 Leverkusen:SV Waldhof Mannheim,de.1,1987-88,Bayer 04 Leverkusen,SV Waldhof Mannheim,1,0
1987-07-31,1987-88:de.1:2:KFC Uerdingen:1. FC Nürnberg,de.1,1987-88,KFC Uerdingen,1. FC Nürnberg,0,2
1987-07-31,1987-88:de.1:3:VfL Bochum:Bor. Mönchengladbach,de.1,1987-88,VfL Bochum,Bor. Mönchengladbach,1,2
1987-08-01,1987-88:de.1:4:Borussia Dortmund:Bayern München,de.1,1987-88,Borussia Dortmund,Bayern München,1,3
1987-08-01,1987-88:de.1:5:VfB Stuttgart:FC 08 Homburg,de.1,1987-88,VfB Stuttgart,FC 08 Homburg,2,1
1987-08-01,1987-88:de.1:6:1. FC Kaiserslautern:Eintracht Frankfurt,de.1,1987-88,1. FC Kaiserslautern,Eintracht Frankfurt,2,2
1987-08-01,1987-88:de.1:7:Karlsruher SC:1. FC Köln,de.1,1987-88,Karlsruher SC,1. FC Köln,1,1
1987-08-01,1987-88:de.1:8:Hannover 96:Werder Bremen,de.1,1987-88,Hannover 96,Werder Bremen,0,1
1987-08-01,1987-88:de.1:9:Hamburger SV:FC Schalke 04,de.1,1987-88,Hamburger SV,FC Schalke 04,5,2
1987-08-06,1987-88:de.1:10:SV Waldhof Mannheim:Borussia Dortmund,de.1,1987-88,SV Waldhof Mannheim,Borussia Dortmund,1,0
1987-08-07,1987-88:de.1:11:1. FC Köln:1. FC Kaiserslautern,de.1,1987-88,1. FC Köln,1. FC Kaiserslautern,2,1
1987-08-07,1987-88:de.1:12:Eintracht Frankfurt:VfL Bochum,de.1,1987-88,Eintracht Frankfurt,VfL Bochum,0,1
1987-08-08,1987-88:de.1:13:Werder Bremen:Karlsruher SC,de.1,1987-88,Werder Bremen,Karlsruher SC,2,0
1987-08-08,1987-88:de.1:14:FC Schalke 04:Hannover 96,de.1,1987-88,FC Schalke 04,Hannover 96,0,2
1987-08-08,1987-88:de.1:15:1. FC Nürnberg:VfB Stuttgart,de.1,1987-88,1. FC Nürnberg,VfB Stuttgart,0,0
1987-08-08,1987-88:de.1:16:FC 08 Homburg:Bayer 04 Leverkusen,de.1,1987-88,FC 08 Homburg,Bayer 04 Leverkusen,1,1
1987-08-08,1987-88:de.1:17:Bayern München:Hamburger SV,de.1,1987-88,Bayern München,Hamburger SV,6,0
1987-08-08,1987-88:de.1:18:Bor. Mönchengladbach:KFC Uerdingen,de.1,1987-88,Bor. Mönchengladbach,KFC Uerdingen,2,1
1987-08-14,1987-88:de.1:19:Borussia Dortmund:FC 08 Homburg,de.1,1987-88,Borussia Dortmund,FC 08 Homburg,2,0
1987-08-14,1987-88:de.1:20:KFC Uerdingen:Eintracht Frankfurt,de.1,1987-88,KFC Uerdingen,Eintracht Frankfurt,3,0
1987-08-15,1987-88:de.1:21:Bayern München:SV Waldhof Mannheim,de.1,1987-88,Bayern München,SV Waldhof Mannheim,2,1
1987-08-15,1987-88:de.1:22:Bayer 04 Leverkusen:1. FC Nürnberg,de.1,1987-88,Bayer 04 Leverkusen,1. FC Nürnberg,1,1
1987-08-15,1987-88:de.1:23:VfL Bochum:1. FC Köln,de.1,1987-88,VfL Bochum,1. FC Köln,0,0
1987-08-15,1987-88:de.1:24:1. FC Kaiserslautern:Werder Bremen,de.1,1987-88,1. FC Kaiserslautern,Werder Bremen,0,0
1987-08-15,1987-88:de.1:25:Karlsruher SC:FC Schalke 04,de.1,1987-88,Karlsruher SC,FC Schalke 04,4,1
1987-08-15,1987-88:de.1:26:VfB Stuttgart:Bor. Mönchengladbach,de.1,1987-88,VfB Stuttgart,Bor. Mönchengladbach,6,0
1987-08-18,1987-88:de.1:27:Hamburger SV:Hannover 96,de.1,1987-88,Hamburger SV,Hannover 96,3,3
1987-08-19,1987-88:de.1:28:Eintracht Frankfurt:VfB Stuttgart,de.1,1987-88,Eintracht Frankfurt,VfB Stuttgart,0,2
1987-08-21,1987-88:de.1:29:Bor. Mönchengladbach:Bayer 04 Leverkusen,de.1,1987-88,Bor. Mönchengladbach,Bayer 04 Leverkusen,2,1
1987-08-21,1987-88:de.1:30:1. FC Nürnberg:Borussia Dortmund,de.1,1987-88,1. FC Nürnberg,Borussia Dortmund,0,0
1987-08-22,1987-88:de.1:31:FC Schalke 04:1. FC Kaiserslautern,de.1,1987-88,FC Schalke 04,1. FC Kaiserslautern,5,0
1987-08-22,1987-88:de.1:32:1. FC Köln:KFC Uerdingen,de.1,1987-88,1. FC Köln,KFC Uerdingen,2,0
1987-08-22,1987-88:de.1:33:FC 08 Homburg:Bayern München,de.1,1987-88,FC 08 Homburg,Bayern München,3,2
1987-08-22,1987-88:de.1:34:SV Waldhof Mannheim:Hamburger SV,de.1,1987-88,SV Waldhof Mannheim,Hamburger SV,2,2
1987-08-22,1987-88:de.1:35:Hannover 96:Karlsruher SC,de.1,1987-88,Hannover 96,Karlsruher SC,3,2
1987-08-22,1987-88:de.1:36:Werder Bremen:VfL Bochum,de.1,1987-88,Werder Bremen,VfL Bochum,0,0
1987-08-25,1987-88:de.1:37:Bayer 04 Leverkusen:Eintracht Frankfurt,de.1,1987-88,Bayer 04 Leverkusen,Eintracht Frankfurt,1,3
1987-08-25,1987-88:de.1:38:VfB Stuttgart:1. FC Köln,de.1,1987-88,VfB Stuttgart,1. FC Köln,0,2
1987-08-25,1987-88:de.1:39:KFC Uerdingen:Werder Bremen,de.1,1987-88,KFC Uerdingen,Werder Bremen,1,2
1987-08-25,1987-88:de.1:40:VfL Bochum:FC Schalke 04,de.1,1987-88,VfL Bochum,FC Schalke 04,1,3
1987-08-25,1987-88:de.1:41:SV Waldhof Mannheim:FC 08 Homburg,de.1,1987-88,SV Waldhof Mannheim,FC 08 Homburg,0,0
1987-08-26,1987-88:de.1:42:Borussia Dortmund:Bor. Mönchengladbach,de.1,1987-88,Borussia Dortmund,Bor. Mönchengladbach,1,1
1987-08-26,1987-88:de.1:43:1. FC Kaiserslautern:Hannover 96,de.1,1987-88,1. FC Kaiserslautern,Hannover 96,4,1
1987-08-26,1987-88:de.1:44:Bayern München:1. FC Nürnberg,de.1,1987-88,Bayern München,1. FC Nürnberg,1,0
1987-08-26,1987-88:de.1:45:Hamburger SV:Karlsruher SC,de.1,1987-88,Hamburger SV,Karlsruher SC,0,4
1987-09-01,1987-88:de.1:46:FC 08 Homburg:Hamburger SV,de.1,1987-88,FC 08 Homburg,Hamburger SV,0,2
1987-09-01,1987-88:de.1:47:FC Schalke 04:KFC Uerdingen,de.1,1987-88,FC Schalke 04,KFC Uerdingen,2,1
1987-09-01,1987-88:de.1:48:Eintracht Frankfurt:Borussia Dortmund,de.1,1987-88,Eintracht Frankfurt,Borussia Dortmund,0,0
1987-09-01,1987-88:de.1:49:Karlsruher SC:1. FC Kaiserslautern,de.1,1987-88,Karlsruher SC,1. FC Kaiserslautern,1,0
1987-09-01,1987-88:de.1:50:Hannover 96:VfL Bochum,de.1,1987-88,Hannover 96,VfL Bochum,1,0
1987-09-02,1987-88:de.1:51:1. FC Köln:Bayer 04 Leverkusen,de.1,1987-88,1. FC Köln,Bayer 04 Leverkusen,0,0
1987-09-02,1987-88:de.1:52:Bor. Mönchengladbach:Bayern München,de.1,1987-88,Bor. Mönchengladbach,Bayern München,2,0
1987-09-02,1987-88:de.1:53:1. FC Nürnberg:SV Waldhof Mannheim,de.1,1987-88,1. FC Nürnberg,SV Waldhof Mannheim,1,1
1987-09-02,1987-88:de.1:54:Werder Bremen:VfB Stuttgart,de.1,1987-88,Werder Bremen,VfB Stuttgart,5,1
1987-09-04,1987-88:de.1:55:VfL Bochum:Karlsruher SC,de.1,1987-88,VfL Bochum,Karlsruher SC,5,0
1987-09-04,1987-88:de.1:56:Hamburger SV:1. FC Kaiserslautern,de.1,1987-88,Hamburger SV,1. FC Kaiserslautern,5,1
1987-09-05,1987-88:de.1:57:Borussia Dortmund:1. FC Köln,de.1,1987-88,Borussia Dortmund,1. FC Köln,1,2
1987-09-05,1987-88:de.1:58:Bayer 04 Leverkusen:Werder Bremen,de.1,1987-88,Bayer 04 Leverkusen,Werder Bremen,1,3
1987-09-05,1987-88:de.1:59:VfB Stuttgart:FC Schalke 04,de.1,1987-88,VfB Stuttgart,FC Schalke 04,4,0
1987-09-05,1987-88:de.1:60:KFC Uerdingen:Hannover 96,de.1,1987-88,KFC Uerdingen,Hannover 96,1,0
1987-09-05,1987-88:de.1:61:FC 08 Homburg:1. FC Nürnberg,de.1,1987-88,FC 08 Homburg,1. FC Nürnberg,0,4
1987-09-05,1987-88:de.1:62:SV Waldhof Mannheim:Bor. Mönchengladbach,de.1,1987-88,SV Waldhof Mannheim,Bor. Mönchengladbach,0,3
1987-09-05,1987-88:de.1:63:Bayern München:Eintracht Frankfurt,de.1,1987-88,Bayern München,Eintracht Frankfurt,3,2
1987-09-11,1987-88:de.1:64:Eintracht Frankfurt:SV Waldhof Mannheim,de.1,1987-88,Eintracht Frankfurt,SV Waldhof Mannheim,5,1
1987-09-11,1987-88:de.1:65:1. FC Kaiserslautern:VfL Bochum,de.1,1987-88,1. FC Kaiserslautern,VfL Bochum,4,2
1987-09-11,1987-88:de.1:66:Werder Bremen:Borussia Dortmund,de.1,1987-88,Werder Bremen,Borussia Dortmund,4,0
1987-09-12,1987-88:de.1:67:FC Schalke 04:Bayer 04 Leverkusen,de.1,1987-88,FC Schalke 04,Bayer 04 Leverkusen,2,2
1987-09-12,1987-88:de.1:68:1. FC Köln:Bayern München,de.1,1987-88,1. FC Köln,Bayern München,3,1
1987-09-12,1987-88:de.1:69:Bor. Mönchengladbach:FC 08 Homburg,de.1,1987-88,Bor. Mönchengladbach,FC 08 Homburg,2,0
1987-09-12,1987-88:de.1:70:1. FC Nürnberg:Hamburger SV,de.1,1987-88,1. FC Nürnberg,Hamburger SV,2,2
1987-09-12,1987-88:de.1:71:Karlsruher SC:KFC Uerdingen,de.1,1987-88,Karlsruher SC,KFC Uerdingen,1,0
1987-09-12,1987-88:de.1:72:Hannover 96:VfB Stuttgart,de.1,1987-88,Hannover 96,VfB Stuttgart,3,3
1987-09-17,1987-88:de.1:73:FC 08 Homburg:Eintracht Frankfurt,de.1,1987-88,FC 08 Homburg,Eintracht Frankfurt,5,2
1987-09-18,1987-88:de.1:74:KFC Uerdingen:1. FC Kaiserslautern,de.1,1987-88,KFC Uerdingen,1. FC Kaiserslautern,3,1
1987-09-18,1987-88:de.1:75:SV Waldhof Mannheim:1. FC Köln,de.1,1987-88,SV Waldhof Mannheim,1. FC Köln,0,0
1987-09-19,1987-88:de.1:76:Hamburger SV:VfL Bochum,de.1,1987-88,Hamburger SV,VfL Bochum,2,2
1987-09-19,1987-88:de.1:77:Borussia Dortmund:FC Schalke 04,de.1,1987-88,Borussia Dortmund,FC Schalke 04,4,1
1987-09-19,1987-88:de.1:78:VfB Stuttgart:Karlsruher SC,de.1,1987-88,VfB Stuttgart,Karlsruher SC,2,2
1987-09-19,1987-88:de.1:79:1. FC Nürnberg:Bor. Mönchengladbach,de.1,1987-88,1. FC Nürnberg,Bor. Mönchengladbach,3,0
1987-09-19,1987-88:de.1:80:Bayern München:Werder Bremen,de.1,1987-88,Bayern München,Werder Bremen,2,1
1987-09-19,1987-88:de.1:81:Bayer 04 Leverkusen:Hannover 96,de.1,1987-88,Bayer 04 Leverkusen,Hannover 96,2,0
1987-09-25,1987-88:de.1:82:Hannover 96:Borussia Dortmund,de.1,1987-88,Hannover 96,Borussia Dortmund,2,3
1987-09-25,1987-88:de.1:83:Werder Bremen:SV Waldhof Mannheim,de.1,1987-88,Werder Bremen,SV Waldhof Mannheim,3,1
1987-09-26,1987-88:de.1:84:FC Schalke 04:Bayern München,de.1,1987-88,FC Schalke 04,Bayern München,1,4
1987-09-26,1987-88:de.1:85:1. FC Köln:FC 08 Homburg,de.1,1987-88,1. FC Köln,FC 08 Homburg,3,0
1987-09-26,1987-88:de.1:86:Eintracht Frankfurt:1. FC Nürnberg,de.1,1987-88,Eintracht Frankfurt,1. FC Nürnberg,3,1
1987-09-26,1987-88:de.1:87:Bor. Mönchengladbach:Hamburger SV,de.1,1987-88,Bor. Mönchengladbach,Hamburger SV,8,2
1987-09-26,1987-88:de.1:88:1. FC Kaiserslautern:VfB Stuttgart,de.1,1987-88,1. FC Kaiserslautern,VfB Stuttgart,2,1
1987-09-26,1987-88:de.1:89:Karlsruher SC:Bayer 04 Leverkusen,de.1,1987-88,Karlsruher SC,Bayer 04 Leverkusen,1,1
1987-09-28,1987-88:de.1:90:VfL Bochum:KFC Uerdingen,de.1,1987-88,VfL Bochum,KFC Uerdingen,1,4
1987-10-03,1987-88:de.1:91:Borussia Dortmund:Karlsruher SC,de.1,1987-88,Borussia Dortmund,Karlsruher SC,0,2
1987-10-03,1987-88:de.1:92:Bayer 04 Leverkusen:1. FC Kaiserslautern,de.1,1987-88,Bayer 04 Leverkusen,1. FC Kaiserslautern,2,0
1987-10-03,1987-88:de.1:93:VfB Stuttgart:VfL Bochum,de.1,1987-88,VfB Stuttgart,VfL Bochum,3,0
1987-10-03,1987-88:de.1:94:Bor. Mönchengladbach:Eintracht Frankfurt,de.1,1987-88,Bor. Mönchengladbach,Eintracht Frankfurt,3,1
1987-10-03,1987-88:de.1:95:1. FC Nürnberg:1. FC Köln,de.1,1987-88,1. FC Nürnberg,1. FC Köln,1,2
1987-10-03,1987-88:de.1:96:FC 08 Homburg:Werder Bremen,de.1,1987-88,FC 08 Homburg,Werder Bremen,1,1
1987-10-03,1987-88:de.1:97:SV Waldhof Mannheim:FC Schalke 04,de.1,1987-88,SV Waldhof Mannheim,FC Schalke 04,2,0
1987-10-03,1987-88:de.1:98:Bayern München:Hannover 96,de.1,1987-88,Bayern München,Hannover 96,4,1
1987-10-03,1987-88:de.1:99:Hamburger SV:KFC Uerdingen,de.1,1987-88,Hamburger SV,KFC Uerdingen,3,1
1987-10-09,1987-88:de.1:100:KFC Uerdingen:VfB Stuttgart,de.1,1987-88,KFC Uerdingen,VfB Stuttgart,2,5
1987-10-09,1987-88:de.1:101:VfL Bochum:Bayer 04 Leverkusen,de.1,1987-88,VfL Bochum,Bayer 04 Leverkusen,3,1
1987-10-09,1987-88:de.1:102:1. FC Kaiserslautern:Borussia Dortmund,de.1,1987-88,1. FC Kaiserslautern,Borussia Dortmund,3,1
1987-10-10,1987-88:de.1:103:FC Schalke 04:FC 08 Homburg,de.1,1987-88,FC Schalke 04,FC 08 Homburg,3,0
1987-10-10,1987-88:de.1:104:1. FC Köln:Bor. Mönchengladbach,de.1,1987-88,1. FC Köln,Bor. Mönchengladbach,4,1
1987-10-10,1987-88:de.1:105:Eintracht Frankfurt:Hamburger SV,de.1,1987-88,Eintracht Frankfurt,Hamburger SV,3,0
1987-10-10,1987-88:de.1:106:Karlsruher SC:Bayern München,de.1,1987-88,Karlsruher SC,Bayern München,0,1
1987-10-10,1987-88:de.1:107:Hannover 96:SV Waldhof Mannheim,de.1,1987-88,Hannover 96,SV Waldhof Mannheim,3,1
1987-10-10,1987-88:de.1:108:Werder Bremen:1. FC Nürnberg,de.1,1987-88,Werder Bremen,1. FC Nürnberg,1,0
1987-10-17,1987-88:de.1:109:Bayer 04 Leverkusen:KFC Uerdingen,de.1,1987-88,Bayer 04 Leverkusen,KFC Uerdingen,0,0
1987-10-17,1987-88:de.1:110:Eintracht Frankfurt:1. FC Köln,de.1,1987-88,Eintracht Frankfurt,1. FC Köln,1,1
1987-10-17,1987-88:de.1:111:Bor. Mönchengladbach:Werder Bremen,de.1,1987-88,Bor. Mönchengladbach,Werder Bremen,1,2
1987-10-17,1987-88:de.1:112:1. FC Nürnberg:FC Schalke 04,de.1,1987-88,1. FC Nürnberg,FC Schalke 04,1,1
1987-10-17,1987-88:de.1:113:FC 08 Homburg:Hannover 96,de.1,1987-88,FC 08 Homburg,Hannover 96,1,1
1987-10-17,1987-88:de.1:114:SV Waldhof Mannheim:Karlsruher SC,de.1,1987-88,SV Waldhof Mannheim,Karlsruher SC,4,1
1987-10-17,1987-88:de.1:115:Bayern München:1. FC Kaiserslautern,de.1,1987-88,Bayern München,1. FC Kaiserslautern,4,2
1987-10-17,1987-88:de.1:116:Hamburger SV:VfB Stuttgart,de.1,1987-88,Hamburger SV,VfB Stuttgart,3,0
1987-10-30,1987-88:de.1:117:Werder Bremen:Eintracht Frankfurt,de.1,1987-88,Werder Bremen,Eintracht Frankfurt,2,0
1987-10-31,1987-88:de.1:118:VfB Stuttgart:Bayer 04 Leverkusen,de.1,1987-88,VfB Stuttgart,Bayer 04 Leverkusen,4,1
1987-10-31,1987-88:de.1:119:Hannover 96:1. FC Nürnberg,de.1,1987-88,Hannover 96,1. FC Nürnberg,1,2
1987-10-31,1987-88:de.1:120:FC Schalke 04:Bor. Mönchengladbach,de.1,1987-88,FC Schalke 04,Bor. Mönchengladbach,0,3
1987-10-31,1987-88:de.1:121:1. FC Kaiserslautern:SV Waldhof Mannheim,de.1,1987-88,1. FC Kaiserslautern,SV Waldhof Mannheim,2,2
1987-10-31,1987-88:de.1:122:Karlsruher SC:FC 08 Homburg,de.1,1987-88,Karlsruher SC,FC 08 Homburg,2,1
1987-10-31,1987-88:de.1:123:KFC Uerdingen:Borussia Dortmund,de.1,1987-88,KFC Uerdingen,Borussia Dortmund,2,1
1987-10-31,1987-88:de.1:124:VfL Bochum:Bayern München,de.1,1987-88,VfL Bochum,Bayern München,0,2
1987-10-31,1987-88:de.1:125:1. FC Köln:Hamburger SV,de.1,1987-88,1. FC Köln,Hamburger SV,1,0
1987-11-06,1987-88:de.1:126:SV Waldhof Mannheim:VfL Bochum,de.1,1987-88,SV Waldhof Mannheim,VfL Bochum,1,1
1987-11-07,1987-88:de.1:127:Borussia Dortmund:VfB Stuttgart,de.1,1987-88,Borussia Dortmund,VfB Stuttgart,2,2
1987-11-07,1987-88:de.1:128:Bayer 04 Leverkusen:Hamburger SV,de.1,1987-88,Bayer 04 Leverkusen,Hamburger SV,2,0
1987-11-07,1987-88:de.1:129:FC 08 Homburg:1. FC Kaiserslautern,de.1,1987-88,FC 08 Homburg,1. FC Kaiserslautern,3,2
1987-11-07,1987-88:de.1:130:Bayern München:KFC Uerdingen,de.1,1987-88,Bayern München,KFC Uerdingen,3,0
1987-11-07,1987-88:de.1:131:Werder Bremen:1. FC Köln,de.1,1987-88,Werder Bremen,1. FC Köln,2,1
1987-11-07,1987-88:de.1:132:Eintracht Frankfurt:FC Schalke 04,de.1,1987-88,Eintracht Frankfurt,FC Schalke 04,2,0
1987-11-07,1987-88:de.1:133:Bor. Mönchengladbach:Hannover 96,de.1,1987-88,Bor. Mönchengladbach,Hannover 96,1,2
1987-11-07,1987-88:de.1:134:1. FC Nürnberg:Karlsruher SC,de.1,1987-88,1. FC Nürnberg,Karlsruher SC,4,0
1987-11-13,1987-88:de.1:135:Bayer 04 Leverkusen:Borussia Dortmund,de.1,1987-88,Bayer 04 Leverkusen,Borussia Dortmund,2,2
1987-11-14,1987-88:de.1:136:FC Schalke 04:1. FC Köln,de.1,1987-88,FC Schalke 04,1. FC Köln,2,2
1987-11-14,1987-88:de.1:137:VfB Stuttgart:Bayern München,de.1,1987-88,VfB Stuttgart,Bayern München,3,0
1987-11-14,1987-88:de.1:138:KFC Uerdingen:SV Waldhof Mannheim,de.1,1987-88,KFC Uerdingen,SV Waldhof Mannheim,1,1
1987-11-14,1987-88:de.1:139:Karlsruher SC:Bor. Mönchengladbach,de.1,1987-88,Karlsruher SC,Bor. Mönchengladbach,2,2
1987-11-14,1987-88:de.1:140:Hannover 96:Eintracht Frankfurt,de.1,1987-88,Hannover 96,Eintracht Frankfurt,1,2
1987-11-14,1987-88:de.1:141:1. FC Kaiserslautern:1. FC Nürnberg,de.1,1987-88,1. FC Kaiserslautern,1. FC Nürnberg,1,2
1987-11-14,1987-88:de.1:142:Hamburger SV:Werder Bremen,de.1,1987-88,Hamburger SV,Werder Bremen,0,0
1987-11-17,1987-88:de.1:143:VfL Bochum:FC 08 Homburg,de.1,1987-88,VfL Bochum,FC 08 Homburg,4,4
1987-11-21,1987-88:de.1:144:SV Waldhof Mannheim:VfB Stuttgart,de.1,1987-88,SV Waldhof Mannheim,VfB Stuttgart,2,1
1987-11-21,1987-88:de.1:145:Bayern München:Bayer 04 Leverkusen,de.1,1987-88,Bayern München,Bayer 04 Leverkusen,3,2
1987-11-21,1987-88:de.1:146:FC 08 Homburg:KFC Uerdingen,de.1,1987-88,FC 08 Homburg,KFC Uerdingen,2,2
1987-11-21,1987-88:de.1:147:Borussia Dortmund:Hamburger SV,de.1,1987-88,Borussia Dortmund,Hamburger SV,2,3
1987-11-21,1987-88:de.1:148:1. FC Köln:Hannover 96,de.1,1987-88,1. FC Köln,Hannover 96,2,0
1987-11-21,1987-88:de.1:149:Eintracht Frankfurt:Karlsruher SC,de.1,1987-88,Eintracht Frankfurt,Karlsruher SC,4,0
1987-11-21,1987-88:de.1:150:Bor. Mönchengladbach:1. FC Kaiserslautern,de.1,1987-88,Bor. Mönchengladbach,1. FC Kaiserslautern,1,0
1987-11-21,1987-88:de.1:151:1. FC Nürnberg:VfL Bochum,de.1,1987-88,1. FC Nürnberg,VfL Bochum,2,1
1987-11-27,1987-88:de.1:152:1. FC Köln:Karlsruher SC,de.1,1987-88,1. FC Köln,Karlsruher SC,4,0
1987-11-28,1987-88:de.1:153:Bor. Mönchengladbach:VfL Bochum,de.1,1987-88,Bor. Mönchengladbach,VfL Bochum,3,0
1987-11-28,1987-88:de.1:154:1. FC Nürnberg:KFC Uerdingen,de.1,1987-88,1. FC Nürnberg,KFC Uerdingen,3,1
1987-11-28,1987-88:de.1:155:Werder Bremen:Hannover 96,de.1,1987-88,Werder Bremen,Hannover 96,1,0
1987-11-28,1987-88:de.1:156:FC Schalke 04:Hamburger SV,de.1,1987-88,FC Schalke 04,Hamburger SV,1,0
1987-11-28,1987-88:de.1:157:FC 08 Homburg:VfB Stuttgart,de.1,1987-88,FC 08 Homburg,VfB Stuttgart,2,2
1987-11-28,1987-88:de.1:158:Eintracht Frankfurt:1. FC Kaiserslautern,de.1,1987-88,Eintracht Frankfurt,1. FC Kaiserslautern,0,2
1987-11-28,1987-88:de.1:159:SV Waldhof Mannheim:Bayer 04 Leverkusen,de.1,1987-88,SV Waldhof Mannheim,Bayer 04 Leverkusen,1,4
1987-11-28,1987-88:de.1:160:Bayern München:Borussia Dortmund,de.1,1987-88,Bayern München,Borussia Dortmund,1,3
1987-12-04,1987-88:de.1:161:Bayer 04 Leverkusen:FC 08 Homburg,de.1,1987-88,Bayer 04 Leverkusen,FC 08 Homburg,2,1
1987-12-04,1987-88:de.1:162:Hannover 96:FC Schalke 04,de.1,1987-88,Hannover 96,FC Schalke 04,3,1
1987-12-05,1987-88:de.1:163:Karlsruher SC:Werder Bremen,de.1,1987-88,Karlsruher SC,Werder Bremen,0,2
1987-12-05,1987-88:de.1:164:Borussia Dortmund:SV Waldhof Mannheim,de.1,1987-88,Borussia Dortmund,SV Waldhof Mannheim,0,1
1987-12-05,1987-88:de.1:165:VfL Bochum:Eintracht Frankfurt,de.1,1987-88,VfL Bochum,Eintracht Frankfurt,1,0
1987-12-05,1987-88:de.1:166:VfB Stuttgart:1. FC Nürnberg,de.1,1987-88,VfB Stuttgart,1. FC Nürnberg,0,1
1987-12-05,1987-88:de.1:167:1. FC Kaiserslautern:1. FC Köln,de.1,1987-88,1. FC Kaiserslautern,1. FC Köln,3,0
1987-12-05,1987-88:de.1:168:Hamburger SV:Bayern München,de.1,1987-88,Hamburger SV,Bayern München,2,2
1987-12-05,1987-88:de.1:169:KFC Uerdingen:Bor. Mönchengladbach,de.1,1987-88,KFC Uerdingen,Bor. Mönchengladbach,2,4
1988-02-17,1987-88:de.1:170:Werder Bremen:FC Schalke 04,de.1,1987-88,Werder Bremen,FC Schalke 04,5,0
1988-02-17,1987-88:de.1:171:Borussia Dortmund:VfL Bochum,de.1,1987-88,Borussia Dortmund,VfL Bochum,1,2
1988-02-20,1987-88:de.1:172:FC 08 Homburg:Borussia Dortmund,de.1,1987-88,FC 08 Homburg,Borussia Dortmund,0,3
1988-02-20,1987-88:de.1:173:1. FC Nürnberg:Bayer 04 Leverkusen,de.1,1987-88,1. FC Nürnberg,Bayer 04 Leverkusen,2,1
1988-02-20,1987-88:de.1:174:Bor. Mönchengladbach:VfB Stuttgart,de.1,1987-88,Bor. Mönchengladbach,VfB Stuttgart,0,1
1988-02-20,1987-88:de.1:175:Eintracht Frankfurt:KFC Uerdingen,de.1,1987-88,Eintracht Frankfurt,KFC Uerdingen,3,1
1988-02-20,1987-88:de.1:176:1. FC Köln:VfL Bochum,de.1,1987-88,1. FC Köln,VfL Bochum,2,2
1988-02-20,1987-88:de.1:177:Werder Bremen:1. FC Kaiserslautern,de.1,1987-88,Werder Bremen,1. FC Kaiserslautern,0,0
1988-02-20,1987-88:de.1:178:FC Schalke 04:Karlsruher SC,de.1,1987-88,FC Schalke 04,Karlsruher SC,3,1
1988-02-20,1987-88:de.1:179:SV Waldhof Mannheim:Bayern München,de.1,1987-88,SV Waldhof Mannheim,Bayern München,1,2
1988-02-20,1987-88:de.1:180:Hannover 96:Hamburger SV,de.1,1987-88,Hannover 96,Hamburger SV,3,1
1988-02-27,1987-88:de.1:181:1. FC Kaiserslautern:FC Schalke 04,de.1,1987-88,1. FC Kaiserslautern,FC Schalke 04,5,2
1988-02-27,1987-88:de.1:182:KFC Uerdingen:1. FC Köln,de.1,1987-88,KFC Uerdingen,1. FC Köln,1,1
1988-02-27,1987-88:de.1:183:Bayern München:FC 08 Homburg,de.1,1987-88,Bayern München,FC 08 Homburg,6,0
1988-02-27,1987-88:de.1:184:VfL Bochum:Werder Bremen,de.1,1987-88,VfL Bochum,Werder Bremen,0,1
1988-03-05,1987-88:de.1:185:Werder Bremen:KFC Uerdingen,de.1,1987-88,Werder Bremen,KFC Uerdingen,5,1
1988-03-05,1987-88:de.1:186:1. FC Köln:VfB Stuttgart,de.1,1987-88,1. FC Köln,VfB Stuttgart,1,1
1988-03-05,1987-88:de.1:187:Eintracht Frankfurt:Bayer 04 Leverkusen,de.1,1987-88,Eintracht Frankfurt,Bayer 04 Leverkusen,3,2
1988-03-05,1987-88:de.1:188:Bor. Mönchengladbach:Borussia Dortmund,de.1,1987-88,Bor. Mönchengladbach,Borussia Dortmund,0,3
1988-03-05,1987-88:de.1:189:FC Schalke 04:VfL Bochum,de.1,1987-88,FC Schalke 04,VfL Bochum,2,1
1988-03-05,1987-88:de.1:190:FC 08 Homburg:SV Waldhof Mannheim,de.1,1987-88,FC 08 Homburg,SV Waldhof Mannheim,1,1
1988-03-05,1987-88:de.1:191:Hannover 96:1. FC Kaiserslautern,de.1,1987-88,Hannover 96,1. FC Kaiserslautern,1,0
1988-03-05,1987-88:de.1:192:Karlsruher SC:Hamburger SV,de.1,1987-88,Karlsruher SC,Hamburger SV,0,0
1988-03-05,1987-88:de.1:193:1. FC Nürnberg:Bayern München,de.1,1987-88,1. FC Nürnberg,Bayern München,0,3
1988-03-08,1987-88:de.1:194:Bayer 04 Leverkusen:Bor. Mönchengladbach,de.1,1987-88,Bayer 04 Leverkusen,Bor. Mönchengladbach,2,1
1988-03-11,1987-88:de.1:195:Bayer 04 Leverkusen:1. FC Köln,de.1,1987-88,Bayer 04 Leverkusen,1. FC Köln,1,1
1988-03-11,1987-88:de.1:196:1. FC Kaiserslautern:Karlsruher SC,de.1,1987-88,1. FC Kaiserslautern,Karlsruher SC,1,1
1988-03-12,1987-88:de.1:197:Borussia Dortmund:Eintracht Frankfurt,de.1,1987-88,Borussia Dortmund,Eintracht Frankfurt,3,1
1988-03-12,1987-88:de.1:198:Hamburger SV:FC 08 Homburg,de.1,1987-88,Hamburger SV,FC 08 Homburg,2,1
1988-03-12,1987-88:de.1:199:SV Waldhof Mannheim:1. FC Nürnberg,de.1,1987-88,SV Waldhof Mannheim,1. FC Nürnberg,0,1
1988-03-12,1987-88:de.1:200:VfB Stuttgart:Werder Bremen,de.1,1987-88,VfB Stuttgart,Werder Bremen,1,0
1988-03-12,1987-88:de.1:201:Bayern München:Bor. Mönchengladbach,de.1,1987-88,Bayern München,Bor. Mönchengladbach,1,0
1988-03-15,1987-88:de.1:202:VfB Stuttgart:Eintracht Frankfurt,de.1,1987-88,VfB Stuttgart,Eintracht Frankfurt,1,0
1988-03-15,1987-88:de.1:203:Karlsruher SC:Hannover 96,de.1,1987-88,Karlsruher SC,Hannover 96,2,1
1988-03-18,1987-88:de.1:204:Bor. Mönchengladbach:SV Waldhof Mannheim,de.1,1987-88,Bor. Mönchengladbach,SV Waldhof Mannheim,0,1
1988-03-19,1987-88:de.1:205:Eintracht Frankfurt:Bayern München,de.1,1987-88,Eintracht Frankfurt,Bayern München,1,1
1988-03-19,1987-88:de.1:206:Werder Bremen:Bayer 04 Leverkusen,de.1,1987-88,Werder Bremen,Bayer 04 Leverkusen,3,3
1988-03-19,1987-88:de.1:207:FC Schalke 04:VfB Stuttgart,de.1,1987-88,FC Schalke 04,VfB Stuttgart,3,4
1988-03-19,1987-88:de.1:208:Karlsruher SC:VfL Bochum,de.1,1987-88,Karlsruher SC,VfL Bochum,1,0
1988-03-19,1987-88:de.1:209:Hannover 96:KFC Uerdingen,de.1,1987-88,Hannover 96,KFC Uerdingen,0,0
1988-03-19,1987-88:de.1:210:1. FC Nürnberg:FC 08 Homburg,de.1,1987-88,1. FC Nürnberg,FC 08 Homburg,2,0
1988-03-19,1987-88:de.1:211:1. FC Köln:Borussia Dortmund,de.1,1987-88,1. FC Köln,Borussia Dortmund,2,0
1988-03-19,1987-88:de.1:212:1. FC Kaiserslautern:Hamburger SV,de.1,1987-88,1. FC Kaiserslautern,Hamburger SV,0,3
1988-03-22,1987-88:de.1:213:FC 08 Homburg:Bor. Mönchengladbach,de.1,1987-88,FC 08 Homburg,Bor. Mönchengladbach,0,0
1988-03-22,1987-88:de.1:214:Bayer 04 Leverkusen:FC Schalke 04,de.1,1987-88,Bayer 04 Leverkusen,FC Schalke 04,3,2
1988-03-22,1987-88:de.1:215:VfL Bochum:1. FC Kaiserslautern,de.1,1987-88,VfL Bochum,1. FC Kaiserslautern,1,1
1988-03-22,1987-88:de.1:216:VfB Stuttgart:Hannover 96,de.1,1987-88,VfB Stuttgart,Hannover 96,3,1
1988-03-23,1987-88:de.1:217:Hamburger SV:1. FC Nürnberg,de.1,1987-88,Hamburger SV,1. FC Nürnberg,2,2
1988-03-23,1987-88:de.1:218:SV Waldhof Mannheim:Eintracht Frankfurt,de.1,1987-88,SV Waldhof Mannheim,Eintracht Frankfurt,2,2
1988-03-23,1987-88:de.1:219:Bayern München:1. FC Köln,de.1,1987-88,Bayern München,1. FC Köln,2,2
1988-03-23,1987-88:de.1:220:Borussia Dortmund:Werder Bremen,de.1,1987-88,Borussia Dortmund,Werder Bremen,0,0
1988-03-23,1987-88:de.1:221:KFC Uerdingen:Karlsruher SC,de.1,1987-88,KFC Uerdingen,Karlsruher SC,4,2
1988-03-26,1987-88:de.1:222:1. FC Kaiserslautern:KFC Uerdingen,de.1,1987-88,1. FC Kaiserslautern,KFC Uerdingen,2,2
1988-03-26,1987-88:de.1:223:Hannover 96:Bayer 04 Leverkusen,de.1,1987-88,Hannover 96,Bayer 04 Leverkusen,6,1
1988-03-26,1987-88:de.1:224:Karlsruher SC:VfB Stuttgart,de.1,1987-88,Karlsruher SC,VfB Stuttgart,0,2
1988-03-26,1987-88:de.1:225:Bor. Mönchengladbach:1. FC Nürnberg,de.1,1987-88,Bor. Mönchengladbach,1. FC Nürnberg,3,0
1988-03-26,1987-88:de.1:226:Werder Bremen:Bayern München,de.1,1987-88,Werder Bremen,Bayern München,3,1
1988-03-26,1987-88:de.1:227:Eintracht Frankfurt:FC 08 Homburg,de.1,1987-88,Eintracht Frankfurt,FC 08 Homburg,1,2
1988-03-26,1987-88:de.1:228:1. FC Köln:SV Waldhof Mannheim,de.1,1987-88,1. FC Köln,SV Waldhof Mannheim,3,0
1988-03-26,1987-88:de.1:229:VfL Bochum:Hamburger SV,de.1,1987-88,VfL Bochum,Hamburger SV,4,0
1988-03-26,1987-88:de.1:230:FC Schalke 04:Borussia Dortmund,de.1,1987-88,FC Schalke 04,Borussia Dortmund,3,0
1988-03-29,1987-88:de.1:231:Hamburger SV:SV Waldhof Mannheim,de.1,1987-88,Hamburger SV,SV Waldhof Mannheim,1,1
1988-04-05,1987-88:de.1:232:Borussia Dortmund:1. FC Nürnberg,de.1,1987-88,Borussia Dortmund,1. FC Nürnberg,1,1
1988-04-08,1987-88:de.1:233:Hamburger SV:Bor. Mönchengladbach,de.1,1987-88,Hamburger SV,Bor. Mönchengladbach,2,1
1988-04-09,1987-88:de.1:234:Bayern München:FC Schalke 04,de.1,1987-88,Bayern München,FC Schalke 04,8,1
1988-04-09,1987-88:de.1:235:VfB Stuttgart:1. FC Kaiserslautern,de.1,1987-88,VfB Stuttgart,1. FC Kaiserslautern,3,0
1988-04-09,1987-88:de.1:236:KFC Uerdingen:VfL Bochum,de.1,1987-88,KFC Uerdingen,VfL Bochum,3,1
1988-04-09,1987-88:de.1:237:FC 08 Homburg:1. FC Köln,de.1,1987-88,FC 08 Homburg,1. FC Köln,1,0
1988-04-09,1987-88:de.1:238:Bayer 04 Leverkusen:Karlsruher SC,de.1,1987-88,Bayer 04 Leverkusen,Karlsruher SC,0,0
1988-04-09,1987-88:de.1:239:SV Waldhof Mannheim:Werder Bremen,de.1,1987-88,SV Waldhof Mannheim,Werder Bremen,0,1
1988-04-09,1987-88:de.1:240:1. FC Nürnberg:Eintracht Frankfurt,de.1,1987-88,1. FC Nürnberg,Eintracht Frankfurt,1,1
1988-04-09,1987-88:de.1:241:Borussia Dortmund:Hannover 96,de.1,1987-88,Borussia Dortmund,Hannover 96,3,3
1988-04-15,1987-88:de.1:242:1. FC Kaiserslautern:Bayer 04 Leverkusen,de.1,1987-88,1. FC Kaiserslautern,Bayer 04 Leverkusen,1,3
1988-04-16,1987-88:de.1:243:1. FC Köln:1. FC Nürnberg,de.1,1987-88,1. FC Köln,1. FC Nürnberg,3,1
1988-04-16,1987-88:de.1:244:Hannover 96:Bayern München,de.1,1987-88,Hannover 96,Bayern München,2,1
1988-04-16,1987-88:de.1:245:FC Schalke 04:SV Waldhof Mannheim,de.1,1987-88,FC Schalke 04,SV Waldhof Mannheim,1,1
1988-04-16,1987-88:de.1:246:KFC Uerdingen:Hamburger SV,de.1,1987-88,KFC Uerdingen,Hamburger SV,1,1
1988-04-16,1987-88:de.1:247:Karlsruher SC:Borussia Dortmund,de.1,1987-88,Karlsruher SC,Borussia Dortmund,0,0
1988-04-16,1987-88:de.1:248:VfL Bochum:VfB Stuttgart,de.1,1987-88,VfL Bochum,VfB Stuttgart,5,1
1988-04-16,1987-88:de.1:249:Eintracht Frankfurt:Bor. Mönchengladbach,de.1,1987-88,Eintracht Frankfurt,Bor. Mönchengladbach,2,0
1988-04-16,1987-88:de.1:250:Werder Bremen:FC 08 Homburg,de.1,1987-88,Werder Bremen,FC 08 Homburg,3,0
1988-04-19,1987-88:de.1:251:KFC Uerdingen:FC Schalke 04,de.1,1987-88,KFC Uerdingen,FC Schalke 04,5,2
1988-04-19,1987-88:de.1:252:VfL Bochum:Hannover 96,de.1,1987-88,VfL Bochum,Hannover 96,1,1
1988-04-22,1987-88:de.1:253:Borussia Dortmund:1. FC Kaiserslautern,de.1,1987-88,Borussia Dortmund,1. FC Kaiserslautern,3,0
1988-04-23,1987-88:de.1:254:FC 08 Homburg:FC Schalke 04,de.1,1987-88,FC 08 Homburg,FC Schalke 04,3,1
1988-04-23,1987-88:de.1:255:Bor. Mönchengladbach:1. FC Köln,de.1,1987-88,Bor. Mönchengladbach,1. FC Köln,0,1
1988-04-23,1987-88:de.1:256:Hamburger SV:Eintracht Frankfurt,de.1,1987-88,Hamburger SV,Eintracht Frankfurt,2,2
1988-04-23,1987-88:de.1:257:VfB Stuttgart:KFC Uerdingen,de.1,1987-88,VfB Stuttgart,KFC Uerdingen,1,3
1988-04-23,1987-88:de.1:258:Bayer 04 Leverkusen:VfL Bochum,de.1,1987-88,Bayer 04 Leverkusen,VfL Bochum,0,0
1988-04-23,1987-88:de.1:259:Bayern München:Karlsruher SC,de.1,1987-88,Bayern München,Karlsruher SC,2,1
1988-04-23,1987-88:de.1:260:SV Waldhof Mannheim:Hannover 96,de.1,1987-88,SV Waldhof Mannheim,Hannover 96,2,1
1988-04-23,1987-88:de.1:261:1. FC Nürnberg:Werder Bremen,de.1,1987-88,1. FC Nürnberg,Werder Bremen,0,0
1988-04-29,1987-88:de.1:262:Karlsruher SC:SV Waldhof Mannheim,de.1,1987-88,Karlsruher SC,SV Waldhof Mannheim,1,1
1988-04-30,1987-88:de.1:263:VfL Bochum:Borussia Dortmund,de.1,1987-88,VfL Bochum,Borussia Dortmund,2,0
1988-04-30,1987-88:de.1:264:KFC Uerdingen:Bayer 04 Leverkusen,de.1,1987-88,KFC Uerdingen,Bayer 04 Leverkusen,4,1
1988-04-30,1987-88:de.1:265:1. FC Köln:Eintracht Frankfurt,de.1,1987-88,1. FC Köln,Eintracht Frankfurt,1,1
1988-04-30,1987-88:de.1:266:Werder Bremen:Bor. Mönchengladbach,de.1,1987-88,Werder Bremen,Bor. Mönchengladbach,2,0
1988-04-30,1987-88:de.1:267:FC Schalke 04:1. FC Nürnberg,de.1,1987-88,FC Schalke 04,1. FC Nürnberg,0,0
1988-04-30,1987-88:de.1:268:Hannover 96:FC 08 Homburg,de.1,1987-88,Hannover 96,FC 08 Homburg,5,1
1988-04-30,1987-88:de.1:269:1. FC Kaiserslautern:Bayern München,de.1,1987-88,1. FC Kaiserslautern,Bayern München,3,1
1988-04-30,1987-88:de.1:270:VfB Stuttgart:Hamburger SV,de.1,1987-88,VfB Stuttgart,Hamburger SV,5,1
1988-05-03,1987-88:de.1:271:FC 08 Homburg:Karlsruher SC,de.1,1987-88,FC 08 Homburg,Karlsruher SC,1,0
1988-05-03,1987-88:de.1:272:Bor. Mönchengladbach:FC Schalke 04,de.1,1987-88,Bor. Mönchengladbach,FC Schalke 04,1,1
1988-05-03,1987-88:de.1:273:Hamburger SV:1. FC Köln,de.1,1987-88,Hamburger SV,1. FC Köln,3,0
1988-05-03,1987-88:de.1:274:Borussia Dortmund:KFC Uerdingen,de.1,1987-88,Borussia Dortmund,KFC Uerdingen,4,2
1988-05-03,1987-88:de.1:275:Bayern München:VfL Bochum,de.1,1987-88,Bayern München,VfL Bochum,5,0
1988-05-03,1987-88:de.1:276:SV Waldhof Mannheim:1. FC Kaiserslautern,de.1,1987-88,SV Waldhof Mannheim,1. FC Kaiserslautern,0,2
1988-05-03,1987-88:de.1:277:1. FC Nürnberg:Hannover 96,de.1,1987-88,1. FC Nürnberg,Hannover 96,1,3
1988-05-03,1987-88:de.1:278:Eintracht Frankfurt:Werder Bremen,de.1,1987-88,Eintracht Frankfurt,Werder Bremen,0,1
1988-05-06,1987-88:de.1:279:1. FC Kaiserslautern:FC 08 Homburg,de.1,1987-88,1. FC Kaiserslautern,FC 08 Homburg,1,0
1988-05-06,1987-88:de.1:280:VfL Bochum:SV Waldhof Mannheim,de.1,1987-88,VfL Bochum,SV Waldhof Mannheim,1,0
1988-05-07,1987-88:de.1:281:FC Schalke 04:Eintracht Frankfurt,de.1,1987-88,FC Schalke 04,Eintracht Frankfurt,0,0
1988-05-07,1987-88:de.1:282:1. FC Köln:Werder Bremen,de.1,1987-88,1. FC Köln,Werder Bremen,2,0
1988-05-07,1987-88:de.1:283:VfB Stuttgart:Borussia Dortmund,de.1,1987-88,VfB Stuttgart,Borussia Dortmund,2,2
1988-05-07,1987-88:de.1:284:Karlsruher SC:1. FC Nürnberg,de.1,1987-88,Karlsruher SC,1. FC Nürnberg,2,0
1988-05-07,1987-88:de.1:285:KFC Uerdingen:Bayern München,de.1,1987-88,KFC Uerdingen,Bayern München,0,0
1988-05-07,1987-88:de.1:286:Hannover 96:Bor. Mönchengladbach,de.1,1987-88,Hannover 96,Bor. Mönchengladbach,2,4
1988-05-07,1987-88:de.1:287:Hamburger SV:Bayer 04 Leverkusen,de.1,1987-88,Hamburger SV,Bayer 04 Leverkusen,3,2
1988-05-10,1987-88:de.1:288:Bayer 04 Leverkusen:VfB Stuttgart,de.1,1987-88,Bayer 04 Leverkusen,VfB Stuttgart,2,1
1988-05-14,1987-88:de.1:289:Werder Bremen:Hamburger SV,de.1,1987-88,Werder Bremen,Hamburger SV,1,4
1988-05-14,1987-88:de.1:290:Borussia Dortmund:Bayer 04 Leverkusen,de.1,1987-88,Borussia Dortmund,Bayer 04 Leverkusen,2,2
1988-05-14,1987-88:de.1:291:Bayern München:VfB Stuttgart,de.1,1987-88,Bayern München,VfB Stuttgart,2,1
1988-05-14,1987-88:de.1:292:1. FC Köln:FC Schalke 04,de.1,1987-88,1. FC Köln,FC Schalke 04,3,1
1988-05-14,1987-88:de.1:293:FC 08 Homburg:VfL Bochum,de.1,1987-88,FC 08 Homburg,VfL Bochum,1,1
1988-05-14,1987-88:de.1:294:1. FC Nürnberg:1. FC Kaiserslautern,de.1,1987-88,1. FC Nürnberg,1. FC Kaiserslautern,3,2
1988-05-14,1987-88:de.1:295:Bor. Mönchengladbach:Karlsruher SC,de.1,1987-88,Bor. Mönchengladbach,Karlsruher SC,2,2
1988-05-14,1987-88:de.1:296:Eintracht Frankfurt:Hannover 96,de.1,1987-88,Eintracht Frankfurt,Hannover 96,3,3
1988-05-14,1987-88:de.1:297:SV Waldhof Mannheim:KFC Uerdingen,de.1,1987-88,SV Waldhof Mannheim,KFC Uerdingen,2,2
1988-05-21,1987-88:de.1:298:Hamburger SV:Borussia Dortmund,de.1,1987-88,Hamburger SV,Borussia Dortmund,4,3
1988-05-21,1987-88:de.1:299:Hannover 96:1. FC Köln,de.1,1987-88,Hannover 96,1. FC Köln,0,3
1988-05-21,1987-88:de.1:300:Karlsruher SC:Eintracht Frankfurt,de.1,1987-88,Karlsruher SC,Eintracht Frankfurt,1,1
1988-05-21,1987-88:de.1:301:1. FC Kaiserslautern:Bor. Mönchengladbach,de.1,1987-88,1. FC Kaiserslautern,Bor. Mönchengladbach,5,2
1988-05-21,1987-88:de.1:302:VfL Bochum:1. FC Nürnberg,de.1,1987-88,VfL Bochum,1. FC Nürnberg,3,0
1988-05-21,1987-88:de.1:303:KFC Uerdingen:FC 08 Homburg,de.1,1987-88,KFC Uerdingen,FC 08 Homburg,5,1
1988-05-21,1987-88:de.1:304:VfB Stuttgart:SV Waldhof Mannheim,de.1,1987-88,VfB Stuttgart,SV Waldhof Mannheim,1,1
1988-05-21,1987-88:de.1:305:Bayer 04 Leverkusen:Bayern München,de.1,1987-88,Bayer 04 Leverkusen,Bayern München,3,4
1988-05-21,1987-88:de.1:306:FC Schalke 04:Werder Bremen,de.1,1987-88,FC Schalke 04,Werder Bremen,1,4
1988-07-22,1988-89:de.1:1:Borussia Dortmund:VfB Stuttgart,de.1,1988-89,Borussia Dortmund,VfB Stuttgart,1,2
1988-07-22,1988-89:de.1:2:SV Waldhof Mannheim:Bayer 04 Leverkusen,de.1,1988-89,SV Waldhof Mannheim,Bayer 04 Leverkusen,1,1
1988-07-23,1988-89:de.1:3:1. FC Köln:KFC Uerdingen,de.1,1988-89,1. FC Köln,KFC Uerdingen,1,1
1988-07-23,1988-89:de.1:4:FC St. Pauli:1. FC Nürnberg,de.1,1988-89,FC St. Pauli,1. FC Nürnberg,0,1
1988-07-23,1988-89:de.1:5:Stuttgarter Kickers:VfL Bochum,de.1,1988-89,Stuttgarter Kickers,VfL Bochum,1,2
1988-07-23,1988-89:de.1:6:Bayern München:Eintracht Frankfurt,de.1,1988-89,Bayern München,Eintracht Frankfurt,3,0
1988-07-23,1988-89:de.1:7:Hannover 96:Karlsruher SC,de.1,1988-89,Hannover 96,Karlsruher SC,2,3
1988-07-23,1988-89:de.1:8:Werder Bremen:Hamburger SV,de.1,1988-89,Werder Bremen,Hamburger SV,2,1
1988-07-23,1988-89:de.1:9:Bor. Mönchengladbach:1. FC Kaiserslautern,de.1,1988-89,Bor. Mönchengladbach,1. FC Kaiserslautern,4,1
1988-07-29,1988-89:de.1:10:Hamburger SV:Borussia Dortmund,de.1,1988-89,Hamburger SV,Borussia Dortmund,0,0
1988-07-29,1988-89:de.1:11:VfB Stuttgart:Hannover 96,de.1,1988-89,VfB Stuttgart,Hannover 96,2,1
1988-07-30,1988-89:de.1:12:Bayer 04 Leverkusen:Bor. Mönchengladbach,de.1,1988-89,Bayer 04 Leverkusen,Bor. Mönchengladbach,3,1
1988-07-30,1988-89:de.1:13:Karlsruher SC:Bayern München,de.1,1988-89,Karlsruher SC,Bayern München,2,2
1988-07-30,1988-89:de.1:14:Eintracht Frankfurt:Stuttgarter Kickers,de.1,1988-89,Eintracht Frankfurt,Stuttgarter Kickers,1,2
1988-07-30,1988-89:de.1:15:VfL Bochum:FC St. Pauli,de.1,1988-89,VfL Bochum,FC St. Pauli,0,0
1988-07-30,1988-89:de.1:16:1. FC Nürnberg:1. FC Köln,de.1,1988-89,1. FC Nürnberg,1. FC Köln,0,2
1988-07-30,1988-89:de.1:17:KFC Uerdingen:SV Waldhof Mannheim,de.1,1988-89,KFC Uerdingen,SV Waldhof Mannheim,0,0
1988-07-30,1988-89:de.1:18:1. FC Kaiserslautern:Werder Bremen,de.1,1988-89,1. FC Kaiserslautern,Werder Bremen,0,0
1988-08-12,1988-89:de.1:19:Borussia Dortmund:1. FC Kaiserslautern,de.1,1988-89,Borussia Dortmund,1. FC Kaiserslautern,1,1
1988-08-13,1988-89:de.1:20:FC St. Pauli:Eintracht Frankfurt,de.1,1988-89,FC St. Pauli,Eintracht Frankfurt,2,0
1988-08-13,1988-89:de.1:21:Stuttgarter Kickers:Karlsruher SC,de.1,1988-89,Stuttgarter Kickers,Karlsruher SC,1,3
1988-08-13,1988-89:de.1:22:Hannover 96:Hamburger SV,de.1,1988-89,Hannover 96,Hamburger SV,2,3
1988-08-13,1988-89:de.1:23:Werder Bremen:Bayer 04 Leverkusen,de.1,1988-89,Werder Bremen,Bayer 04 Leverkusen,3,1
1988-08-13,1988-89:de.1:24:KFC Uerdingen:1. FC Nürnberg,de.1,1988-89,KFC Uerdingen,1. FC Nürnberg,3,2
1988-08-13,1988-89:de.1:25:SV Waldhof Mannheim:Bor. Mönchengladbach,de.1,1988-89,SV Waldhof Mannheim,Bor. Mönchengladbach,4,1
1988-08-16,1988-89:de.1:26:1. FC Köln:VfL Bochum,de.1,1988-89,1. FC Köln,VfL Bochum,1,0
1988-08-19,1988-89:de.1:27:Karlsruher SC:FC St. Pauli,de.1,1988-89,Karlsruher SC,FC St. Pauli,3,1
1988-08-19,1988-89:de.1:28:Eintracht Frankfurt:1. FC Köln,de.1,1988-89,Eintracht Frankfurt,1. FC Köln,1,0
1988-08-20,1988-89:de.1:29:Hamburger SV:Bayern München,de.1,1988-89,Hamburger SV,Bayern München,0,1
1988-08-20,1988-89:de.1:30:1. FC Kaiserslautern:Hannover 96,de.1,1988-89,1. FC Kaiserslautern,Hannover 96,0,0
1988-08-20,1988-89:de.1:31:1. FC Nürnberg:SV Waldhof Mannheim,de.1,1988-89,1. FC Nürnberg,SV Waldhof Mannheim,1,0
1988-08-20,1988-89:de.1:32:Bor. Mönchengladbach:Werder Bremen,de.1,1988-89,Bor. Mönchengladbach,Werder Bremen,4,1
1988-08-20,1988-89:de.1:33:VfB Stuttgart:Stuttgarter Kickers,de.1,1988-89,VfB Stuttgart,Stuttgarter Kickers,4,0
1988-08-20,1988-89:de.1:34:VfL Bochum:KFC Uerdingen,de.1,1988-89,VfL Bochum,KFC Uerdingen,1,1
1988-08-20,1988-89:de.1:35:Bayer 04 Leverkusen:Borussia Dortmund,de.1,1988-89,Bayer 04 Leverkusen,Borussia Dortmund,2,0
1988-08-26,1988-89:de.1:36:FC St. Pauli:VfB Stuttgart,de.1,1988-89,FC St. Pauli,VfB Stuttgart,2,1
1988-08-26,1988-89:de.1:37:KFC Uerdingen:Eintracht Frankfurt,de.1,1988-89,KFC Uerdingen,Eintracht Frankfurt,4,1
1988-08-27,1988-89:de.1:38:1. FC Köln:Karlsruher SC,de.1,1988-89,1. FC Köln,Karlsruher SC,6,1
1988-08-27,1988-89:de.1:39:Stuttgarter Kickers:Hamburger SV,de.1,1988-89,Stuttgarter Kickers,Hamburger SV,2,0
1988-08-27,1988-89:de.1:40:Bayern München:1. FC Kaiserslautern,de.1,1988-89,Bayern München,1. FC Kaiserslautern,5,1
1988-08-27,1988-89:de.1:41:Borussia Dortmund:Bor. Mönchengladbach,de.1,1988-89,Borussia Dortmund,Bor. Mönchengladbach,0,0
1988-08-27,1988-89:de.1:42:1. FC Nürnberg:VfL Bochum,de.1,1988-89,1. FC Nürnberg,VfL Bochum,3,1
1988-08-27,1988-89:de.1:43:Hannover 96:Bayer 04 Leverkusen,de.1,1988-89,Hannover 96,Bayer 04 Leverkusen,2,2
1988-08-27,1988-89:de.1:44:SV Waldhof Mannheim:Werder Bremen,de.1,1988-89,SV Waldhof Mannheim,Werder Bremen,1,1
1988-09-02,1988-89:de.1:45:Bor. Mönchengladbach:Hannover 96,de.1,1988-89,Bor. Mönchengladbach,Hannover 96,2,0
1988-09-03,1988-89:de.1:46:Bayer 04 Leverkusen:Bayern München,de.1,1988-89,Bayer 04 Leverkusen,Bayern München,1,1
1988-09-03,1988-89:de.1:47:Hamburger SV:FC St. Pauli,de.1,1988-89,Hamburger SV,FC St. Pauli,1,1
1988-09-03,1988-89:de.1:48:Karlsruher SC:KFC Uerdingen,de.1,1988-89,Karlsruher SC,KFC Uerdingen,0,1
1988-09-03,1988-89:de.1:49:1. FC Kaiserslautern:Stuttgarter Kickers,de.1,1988-89,1. FC Kaiserslautern,Stuttgarter Kickers,6,0
1988-09-03,1988-89:de.1:50:Eintracht Frankfurt:1. FC Nürnberg,de.1,1988-89,Eintracht Frankfurt,1. FC Nürnberg,1,0
1988-09-03,1988-89:de.1:51:VfL Bochum:SV Waldhof Mannheim,de.1,1988-89,VfL Bochum,SV Waldhof Mannheim,2,2
1988-09-03,1988-89:de.1:52:VfB Stuttgart:1. FC Köln,de.1,1988-89,VfB Stuttgart,1. FC Köln,2,0
1988-09-09,1988-89:de.1:53:FC St. Pauli:1. FC Kaiserslautern,de.1,1988-89,FC St. Pauli,1. FC Kaiserslautern,1,1
1988-09-10,1988-89:de.1:54:VfL Bochum:Eintracht Frankfurt,de.1,1988-89,VfL Bochum,Eintracht Frankfurt,1,0
1988-09-10,1988-89:de.1:55:1. FC Nürnberg:Karlsruher SC,de.1,1988-89,1. FC Nürnberg,Karlsruher SC,1,3
1988-09-10,1988-89:de.1:56:SV Waldhof Mannheim:Borussia Dortmund,de.1,1988-89,SV Waldhof Mannheim,Borussia Dortmund,0,3
1988-09-10,1988-89:de.1:57:KFC Uerdingen:VfB Stuttgart,de.1,1988-89,KFC Uerdingen,VfB Stuttgart,0,0
1988-09-10,1988-89:de.1:58:1. FC Köln:Hamburger SV,de.1,1988-89,1. FC Köln,Hamburger SV,1,2
1988-09-10,1988-89:de.1:59:Stuttgarter Kickers:Bayer 04 Leverkusen,de.1,1988-89,Stuttgarter Kickers,Bayer 04 Leverkusen,1,3
1988-09-10,1988-89:de.1:60:Hannover 96:Werder Bremen,de.1,1988-89,Hannover 96,Werder Bremen,2,2
1988-09-10,1988-89:de.1:61:Bayern München:Bor. Mönchengladbach,de.1,1988-89,Bayern München,Bor. Mönchengladbach,3,0
1988-09-13,1988-89:de.1:62:Werder Bremen:Bayern München,de.1,1988-89,Werder Bremen,Bayern München,2,2
1988-09-13,1988-89:de.1:63:Eintracht Frankfurt:SV Waldhof Mannheim,de.1,1988-89,Eintracht Frankfurt,SV Waldhof Mannheim,0,0
1988-09-13,1988-89:de.1:64:1. FC Kaiserslautern:1. FC Köln,de.1,1988-89,1. FC Kaiserslautern,1. FC Köln,1,1
1988-09-13,1988-89:de.1:65:Bayer 04 Leverkusen:FC St. Pauli,de.1,1988-89,Bayer 04 Leverkusen,FC St. Pauli,2,2
1988-09-13,1988-89:de.1:66:Hamburger SV:KFC Uerdingen,de.1,1988-89,Hamburger SV,KFC Uerdingen,3,0
1988-09-13,1988-89:de.1:67:Borussia Dortmund:Hannover 96,de.1,1988-89,Borussia Dortmund,Hannover 96,4,0
1988-09-13,1988-89:de.1:68:Karlsruher SC:VfL Bochum,de.1,1988-89,Karlsruher SC,VfL Bochum,1,3
1988-09-13,1988-89:de.1:69:Bor. Mönchengladbach:Stuttgarter Kickers,de.1,1988-89,Bor. Mönchengladbach,Stuttgarter Kickers,1,1
1988-09-13,1988-89:de.1:70:VfB Stuttgart:1. FC Nürnberg,de.1,1988-89,VfB Stuttgart,1. FC Nürnberg,4,0
1988-10-03,1988-89:de.1:71:1. FC Nürnberg:Hamburger SV,de.1,1988-89,1. FC Nürnberg,Hamburger SV,1,4
1988-10-07,1988-89:de.1:72:Borussia Dortmund:Stuttgarter Kickers,de.1,1988-89,Borussia Dortmund,Stuttgarter Kickers,1,1
1988-10-08,1988-89:de.1:73:Karlsruher SC:SV Waldhof Mannheim,de.1,1988-89,Karlsruher SC,SV Waldhof Mannheim,2,1
1988-10-08,1988-89:de.1:74:Hamburger SV:VfL Bochum,de.1,1988-89,Hamburger SV,VfL Bochum,3,1
1988-10-08,1988-89:de.1:75:VfB Stuttgart:Eintracht Frankfurt,de.1,1988-89,VfB Stuttgart,Eintracht Frankfurt,2,0
1988-10-08,1988-89:de.1:76:Bayer 04 Leverkusen:KFC Uerdingen,de.1,1988-89,Bayer 04 Leverkusen,KFC Uerdingen,2,2
1988-10-08,1988-89:de.1:77:Hannover 96:Bayern München,de.1,1988-89,Hannover 96,Bayern München,0,0
1988-10-08,1988-89:de.1:78:Werder Bremen:FC St. Pauli,de.1,1988-89,Werder Bremen,FC St. Pauli,0,0
1988-10-08,1988-89:de.1:79:1. FC Kaiserslautern:1. FC Nürnberg,de.1,1988-89,1. FC Kaiserslautern,1. FC Nürnberg,2,1
1988-10-08,1988-89:de.1:80:Bor. Mönchengladbach:1. FC Köln,de.1,1988-89,Bor. Mönchengladbach,1. FC Köln,1,0
1988-10-12,1988-89:de.1:81:Bayern München:Borussia Dortmund,de.1,1988-89,Bayern München,Borussia Dortmund,1,1
1988-10-15,1988-89:de.1:82:FC St. Pauli:Bor. Mönchengladbach,de.1,1988-89,FC St. Pauli,Bor. Mönchengladbach,1,1
1988-10-21,1988-89:de.1:83:Stuttgarter Kickers:Hannover 96,de.1,1988-89,Stuttgarter Kickers,Hannover 96,0,1
1988-10-22,1988-89:de.1:84:1. FC Nürnberg:Bayer 04 Leverkusen,de.1,1988-89,1. FC Nürnberg,Bayer 04 Leverkusen,1,1
1988-10-22,1988-89:de.1:85:KFC Uerdingen:Bor. Mönchengladbach,de.1,1988-89,KFC Uerdingen,Bor. Mönchengladbach,0,0
1988-10-22,1988-89:de.1:86:FC St. Pauli:Borussia Dortmund,de.1,1988-89,FC St. Pauli,Borussia Dortmund,1,0
1988-10-22,1988-89:de.1:87:VfL Bochum:1. FC Kaiserslautern,de.1,1988-89,VfL Bochum,1. FC Kaiserslautern,2,0
1988-10-22,1988-89:de.1:88:1. FC Köln:Werder Bremen,de.1,1988-89,1. FC Köln,Werder Bremen,2,0
1988-10-22,1988-89:de.1:89:Eintracht Frankfurt:Hamburger SV,de.1,1988-89,Eintracht Frankfurt,Hamburger SV,0,1
1988-10-22,1988-89:de.1:90:SV Waldhof Mannheim:Bayern München,de.1,1988-89,SV Waldhof Mannheim,Bayern München,0,3
1988-10-22,1988-89:de.1:91:Karlsruher SC:VfB Stuttgart,de.1,1988-89,Karlsruher SC,VfB Stuttgart,2,0
1988-10-27,1988-89:de.1:92:Bayer 04 Leverkusen:VfL Bochum,de.1,1988-89,Bayer 04 Leverkusen,VfL Bochum,1,1
1988-10-29,1988-89:de.1:100:Hamburger SV:Karlsruher SC,de.1,1988-89,Hamburger SV,Karlsruher SC,1,1
1988-10-29,1988-89:de.1:93:Werder Bremen:KFC Uerdingen,de.1,1988-89,Werder Bremen,KFC Uerdingen,3,1
1988-10-29,1988-89:de.1:94:VfB Stuttgart:SV Waldhof Mannheim,de.1,1988-89,VfB Stuttgart,SV Waldhof Mannheim,2,0
1988-10-29,1988-89:de.1:95:1. FC Kaiserslautern:Eintracht Frankfurt,de.1,1988-89,1. FC Kaiserslautern,Eintracht Frankfurt,3,0
1988-10-29,1988-89:de.1:96:Hannover 96:FC St. Pauli,de.1,1988-89,Hannover 96,FC St. Pauli,2,2
1988-10-29,1988-89:de.1:97:Borussia Dortmund:1. FC Köln,de.1,1988-89,Borussia Dortmund,1. FC Köln,0,4
1988-10-29,1988-89:de.1:98:Bor. Mönchengladbach:1. FC Nürnberg,de.1,1988-89,Bor. Mönchengladbach,1. FC Nürnberg,1,1
1988-10-29,1988-89:de.1:99:Bayern München:Stuttgarter Kickers,de.1,1988-89,Bayern München,Stuttgarter Kickers,3,0
1988-11-01,1988-89:de.1:101:VfL Bochum:VfB Stuttgart,de.1,1988-89,VfL Bochum,VfB Stuttgart,1,0
1988-11-04,1988-89:de.1:102:VfL Bochum:Bor. Mönchengladbach,de.1,1988-89,VfL Bochum,Bor. Mönchengladbach,1,2
1988-11-05,1988-89:de.1:103:SV Waldhof Mannheim:Stuttgarter Kickers,de.1,1988-89,SV Waldhof Mannheim,Stuttgarter Kickers,2,2
1988-11-05,1988-89:de.1:104:1. FC Köln:Hannover 96,de.1,1988-89,1. FC Köln,Hannover 96,1,0
1988-11-05,1988-89:de.1:105:FC St. Pauli:Bayern München,de.1,1988-89,FC St. Pauli,Bayern München,0,0
1988-11-05,1988-89:de.1:106:Karlsruher SC:1. FC Kaiserslautern,de.1,1988-89,Karlsruher SC,1. FC Kaiserslautern,4,1
1988-11-05,1988-89:de.1:107:Eintracht Frankfurt:Bayer 04 Leverkusen,de.1,1988-89,Eintracht Frankfurt,Bayer 04 Leverkusen,1,1
1988-11-05,1988-89:de.1:108:1. FC Nürnberg:Werder Bremen,de.1,1988-89,1. FC Nürnberg,Werder Bremen,0,1
1988-11-05,1988-89:de.1:109:KFC Uerdingen:Borussia Dortmund,de.1,1988-89,KFC Uerdingen,Borussia Dortmund,0,0
1988-11-05,1988-89:de.1:110:VfB Stuttgart:Hamburger SV,de.1,1988-89,VfB Stuttgart,Hamburger SV,4,2
1988-11-12,1988-89:de.1:111:Bayer 04 Leverkusen:Karlsruher SC,de.1,1988-89,Bayer 04 Leverkusen,Karlsruher SC,1,0
1988-11-12,1988-89:de.1:112:Bayern München:1. FC Köln,de.1,1988-89,Bayern München,1. FC Köln,2,0
1988-11-12,1988-89:de.1:113:Hannover 96:KFC Uerdingen,de.1,1988-89,Hannover 96,KFC Uerdingen,0,5
1988-11-12,1988-89:de.1:114:Borussia Dortmund:1. FC Nürnberg,de.1,1988-89,Borussia Dortmund,1. FC Nürnberg,4,0
1988-11-12,1988-89:de.1:115:Werder Bremen:VfL Bochum,de.1,1988-89,Werder Bremen,VfL Bochum,2,0
1988-11-12,1988-89:de.1:116:1. FC Kaiserslautern:VfB Stuttgart,de.1,1988-89,1. FC Kaiserslautern,VfB Stuttgart,6,1
1988-11-12,1988-89:de.1:117:Hamburger SV:SV Waldhof Mannheim,de.1,1988-89,Hamburger SV,SV Waldhof Mannheim,5,1
1988-11-12,1988-89:de.1:118:Bor. Mönchengladbach:Eintracht Frankfurt,de.1,1988-89,Bor. Mönchengladbach,Eintracht Frankfurt,2,1
1988-11-12,1988-89:de.1:119:Stuttgarter Kickers:FC St. Pauli,de.1,1988-89,Stuttgarter Kickers,FC St. Pauli,2,2
1988-11-15,1988-89:de.1:120:Bayern München:VfB Stuttgart,de.1,1988-89,Bayern München,VfB Stuttgart,3,3
1988-11-16,1988-89:de.1:121:KFC Uerdingen:1. FC Kaiserslautern,de.1,1988-89,KFC Uerdingen,1. FC Kaiserslautern,3,1
1988-11-16,1988-89:de.1:122:Stuttgarter Kickers:Werder Bremen,de.1,1988-89,Stuttgarter Kickers,Werder Bremen,0,6
1988-11-16,1988-89:de.1:123:Eintracht Frankfurt:Karlsruher SC,de.1,1988-89,Eintracht Frankfurt,Karlsruher SC,1,0
1988-11-16,1988-89:de.1:124:SV Waldhof Mannheim:Hannover 96,de.1,1988-89,SV Waldhof Mannheim,Hannover 96,1,1
1988-11-16,1988-89:de.1:125:1. FC Köln:Bayer 04 Leverkusen,de.1,1988-89,1. FC Köln,Bayer 04 Leverkusen,3,0
1988-11-19,1988-89:de.1:126:FC St. Pauli:SV Waldhof Mannheim,de.1,1988-89,FC St. Pauli,SV Waldhof Mannheim,2,1
1988-11-19,1988-89:de.1:127:VfL Bochum:Borussia Dortmund,de.1,1988-89,VfL Bochum,Borussia Dortmund,2,2
1988-11-19,1988-89:de.1:128:1. FC Köln:Stuttgarter Kickers,de.1,1988-89,1. FC Köln,Stuttgarter Kickers,5,1
1988-11-19,1988-89:de.1:129:VfB Stuttgart:Bayer 04 Leverkusen,de.1,1988-89,VfB Stuttgart,Bayer 04 Leverkusen,0,0
1988-11-19,1988-89:de.1:130:KFC Uerdingen:Bayern München,de.1,1988-89,KFC Uerdingen,Bayern München,1,3
1988-11-19,1988-89:de.1:131:1. FC Kaiserslautern:Hamburger SV,de.1,1988-89,1. FC Kaiserslautern,Hamburger SV,0,0
1988-11-19,1988-89:de.1:132:1. FC Nürnberg:Hannover 96,de.1,1988-89,1. FC Nürnberg,Hannover 96,1,0
1988-11-19,1988-89:de.1:133:Eintracht Frankfurt:Werder Bremen,de.1,1988-89,Eintracht Frankfurt,Werder Bremen,0,0
1988-11-25,1988-89:de.1:134:Werder Bremen:Karlsruher SC,de.1,1988-89,Werder Bremen,Karlsruher SC,3,1
1988-11-26,1988-89:de.1:135:FC St. Pauli:1. FC Köln,de.1,1988-89,FC St. Pauli,1. FC Köln,0,1
1988-11-26,1988-89:de.1:136:Stuttgarter Kickers:KFC Uerdingen,de.1,1988-89,Stuttgarter Kickers,KFC Uerdingen,3,1
1988-11-26,1988-89:de.1:137:Bayern München:1. FC Nürnberg,de.1,1988-89,Bayern München,1. FC Nürnberg,1,0
1988-11-26,1988-89:de.1:138:Bor. Mönchengladbach:VfB Stuttgart,de.1,1988-89,Bor. Mönchengladbach,VfB Stuttgart,2,2
1988-11-26,1988-89:de.1:139:Hannover 96:VfL Bochum,de.1,1988-89,Hannover 96,VfL Bochum,3,2
1988-11-26,1988-89:de.1:140:Bayer 04 Leverkusen:Hamburger SV,de.1,1988-89,Bayer 04 Leverkusen,Hamburger SV,1,2
1988-11-26,1988-89:de.1:141:Borussia Dortmund:Eintracht Frankfurt,de.1,1988-89,Borussia Dortmund,Eintracht Frankfurt,6,0
1988-11-27,1988-89:de.1:142:SV Waldhof Mannheim:1. FC Kaiserslautern,de.1,1988-89,SV Waldhof Mannheim,1. FC Kaiserslautern,0,4
1988-11-29,1988-89:de.1:143:Werder Bremen:Borussia Dortmund,de.1,1988-89,Werder Bremen,Borussia Dortmund,2,0
1988-12-02,1988-89:de.1:144:1. FC Köln:SV Waldhof Mannheim,de.1,1988-89,1. FC Köln,SV Waldhof Mannheim,1,0
1988-12-02,1988-89:de.1:145:1. FC Kaiserslautern:Bayer 04 Leverkusen,de.1,1988-89,1. FC Kaiserslautern,Bayer 04 Leverkusen,0,0
1988-12-03,1988-89:de.1:146:VfB Stuttgart:Werder Bremen,de.1,1988-89,VfB Stuttgart,Werder Bremen,3,3
1988-12-03,1988-89:de.1:147:Eintracht Frankfurt:Hannover 96,de.1,1988-89,Eintracht Frankfurt,Hannover 96,1,0
1988-12-03,1988-89:de.1:148:VfL Bochum:Bayern München,de.1,1988-89,VfL Bochum,Bayern München,0,0
1988-12-03,1988-89:de.1:149:Karlsruher SC:Borussia Dortmund,de.1,1988-89,Karlsruher SC,Borussia Dortmund,0,0
1988-12-03,1988-89:de.1:150:1. FC Nürnberg:Stuttgarter Kickers,de.1,1988-89,1. FC Nürnberg,Stuttgarter Kickers,3,3
1988-12-03,1988-89:de.1:151:KFC Uerdingen:FC St. Pauli,de.1,1988-89,KFC Uerdingen,FC St. Pauli,0,0
1989-02-18,1988-89:de.1:152:Karlsruher SC:Hannover 96,de.1,1988-89,Karlsruher SC,Hannover 96,2,0
1989-02-18,1988-89:de.1:153:VfB Stuttgart:Borussia Dortmund,de.1,1988-89,VfB Stuttgart,Borussia Dortmund,1,3
1989-02-18,1988-89:de.1:154:Eintracht Frankfurt:Bayern München,de.1,1988-89,Eintracht Frankfurt,Bayern München,2,2
1989-02-18,1988-89:de.1:155:1. FC Kaiserslautern:Bor. Mönchengladbach,de.1,1988-89,1. FC Kaiserslautern,Bor. Mönchengladbach,0,0
1989-02-18,1988-89:de.1:156:Hamburger SV:Werder Bremen,de.1,1988-89,Hamburger SV,Werder Bremen,2,0
1989-02-18,1988-89:de.1:157:KFC Uerdingen:1. FC Köln,de.1,1988-89,KFC Uerdingen,1. FC Köln,1,1
1989-02-18,1988-89:de.1:158:1. FC Nürnberg:FC St. Pauli,de.1,1988-89,1. FC Nürnberg,FC St. Pauli,5,3
1989-02-18,1988-89:de.1:159:Bayer 04 Leverkusen:SV Waldhof Mannheim,de.1,1988-89,Bayer 04 Leverkusen,SV Waldhof Mannheim,3,0
1989-02-22,1988-89:de.1:160:Karlsruher SC:Bor. Mönchengladbach,de.1,1988-89,Karlsruher SC,Bor. Mönchengladbach,2,2
1989-02-25,1988-89:de.1:161:Bor. Mönchengladbach:Bayer 04 Leverkusen,de.1,1988-89,Bor. Mönchengladbach,Bayer 04 Leverkusen,2,0
1989-02-25,1988-89:de.1:162:SV Waldhof Mannheim:KFC Uerdingen,de.1,1988-89,SV Waldhof Mannheim,KFC Uerdingen,3,3
1989-02-25,1988-89:de.1:163:Hannover 96:VfB Stuttgart,de.1,1988-89,Hannover 96,VfB Stuttgart,2,0
1989-02-25,1988-89:de.1:164:Werder Bremen:1. FC Kaiserslautern,de.1,1988-89,Werder Bremen,1. FC Kaiserslautern,1,0
1989-02-25,1988-89:de.1:165:Stuttgarter Kickers:Eintracht Frankfurt,de.1,1988-89,Stuttgarter Kickers,Eintracht Frankfurt,0,1
1989-02-25,1988-89:de.1:166:Borussia Dortmund:Hamburger SV,de.1,1988-89,Borussia Dortmund,Hamburger SV,2,2
1989-02-25,1988-89:de.1:167:1. FC Köln:1. FC Nürnberg,de.1,1988-89,1. FC Köln,1. FC Nürnberg,1,1
1989-02-25,1988-89:de.1:168:Bayern München:Karlsruher SC,de.1,1988-89,Bayern München,Karlsruher SC,3,2
1989-02-25,1988-89:de.1:169:FC St. Pauli:VfL Bochum,de.1,1988-89,FC St. Pauli,VfL Bochum,1,0
1989-03-04,1988-89:de.1:170:VfB Stuttgart:Bayern München,de.1,1988-89,VfB Stuttgart,Bayern München,1,2
1989-03-04,1988-89:de.1:171:Karlsruher SC:Stuttgarter Kickers,de.1,1988-89,Karlsruher SC,Stuttgarter Kickers,1,0
1989-03-04,1988-89:de.1:172:1. FC Kaiserslautern:Borussia Dortmund,de.1,1988-89,1. FC Kaiserslautern,Borussia Dortmund,3,2
1989-03-04,1988-89:de.1:173:Bor. Mönchengladbach:SV Waldhof Mannheim,de.1,1988-89,Bor. Mönchengladbach,SV Waldhof Mannheim,1,1
1989-03-04,1988-89:de.1:174:Hamburger SV:Hannover 96,de.1,1988-89,Hamburger SV,Hannover 96,4,1
1989-03-04,1988-89:de.1:175:Eintracht Frankfurt:FC St. Pauli,de.1,1988-89,Eintracht Frankfurt,FC St. Pauli,1,1
1989-03-04,1988-89:de.1:176:Bayer 04 Leverkusen:Werder Bremen,de.1,1988-89,Bayer 04 Leverkusen,Werder Bremen,1,0
1989-03-04,1988-89:de.1:177:1. FC Nürnberg:KFC Uerdingen,de.1,1988-89,1. FC Nürnberg,KFC Uerdingen,1,0
1989-03-04,1988-89:de.1:178:VfL Bochum:1. FC Köln,de.1,1988-89,VfL Bochum,1. FC Köln,1,3
1989-03-10,1988-89:de.1:179:Werder Bremen:Bor. Mönchengladbach,de.1,1988-89,Werder Bremen,Bor. Mönchengladbach,2,0
1989-03-10,1988-89:de.1:180:Hannover 96:1. FC Kaiserslautern,de.1,1988-89,Hannover 96,1. FC Kaiserslautern,0,0
1989-03-11,1988-89:de.1:181:Borussia Dortmund:Bayer 04 Leverkusen,de.1,1988-89,Borussia Dortmund,Bayer 04 Leverkusen,2,1
1989-03-11,1988-89:de.1:182:FC St. Pauli:Karlsruher SC,de.1,1988-89,FC St. Pauli,Karlsruher SC,1,0
1989-03-11,1988-89:de.1:183:Bayern München:Hamburger SV,de.1,1988-89,Bayern München,Hamburger SV,1,0
1989-03-11,1988-89:de.1:184:Stuttgarter Kickers:VfB Stuttgart,de.1,1988-89,Stuttgarter Kickers,VfB Stuttgart,0,2
1989-03-11,1988-89:de.1:185:SV Waldhof Mannheim:1. FC Nürnberg,de.1,1988-89,SV Waldhof Mannheim,1. FC Nürnberg,2,1
1989-03-11,1988-89:de.1:186:1. FC Köln:Eintracht Frankfurt,de.1,1988-89,1. FC Köln,Eintracht Frankfurt,3,2
1989-03-11,1988-89:de.1:187:KFC Uerdingen:VfL Bochum,de.1,1988-89,KFC Uerdingen,VfL Bochum,3,1
1989-03-17,1988-89:de.1:188:Hamburger SV:Stuttgarter Kickers,de.1,1988-89,Hamburger SV,Stuttgarter Kickers,3,0
1989-03-18,1988-89:de.1:189:Bor. Mönchengladbach:Borussia Dortmund,de.1,1988-89,Bor. Mönchengladbach,Borussia Dortmund,1,1
1989-03-18,1988-89:de.1:190:VfL Bochum:1. FC Nürnberg,de.1,1988-89,VfL Bochum,1. FC Nürnberg,1,0
1989-03-18,1988-89:de.1:191:Werder Bremen:SV Waldhof Mannheim,de.1,1988-89,Werder Bremen,SV Waldhof Mannheim,2,1
1989-03-18,1988-89:de.1:192:Eintracht Frankfurt:KFC Uerdingen,de.1,1988-89,Eintracht Frankfurt,KFC Uerdingen,0,2
1989-03-18,1988-89:de.1:193:Karlsruher SC:1. FC Köln,de.1,1988-89,Karlsruher SC,1. FC Köln,0,0
1989-03-18,1988-89:de.1:194:Bayer 04 Leverkusen:Hannover 96,de.1,1988-89,Bayer 04 Leverkusen,Hannover 96,3,1
1989-03-18,1988-89:de.1:195:1. FC Kaiserslautern:Bayern München,de.1,1988-89,1. FC Kaiserslautern,Bayern München,1,1
1989-03-19,1988-89:de.1:196:VfB Stuttgart:FC St. Pauli,de.1,1988-89,VfB Stuttgart,FC St. Pauli,2,1
1989-03-21,1988-89:de.1:197:VfL Bochum:Stuttgarter Kickers,de.1,1988-89,VfL Bochum,Stuttgarter Kickers,2,1
1989-03-23,1988-89:de.1:198:FC St. Pauli:Hamburger SV,de.1,1988-89,FC St. Pauli,Hamburger SV,1,2
1989-03-25,1988-89:de.1:199:Bayern München:Bayer 04 Leverkusen,de.1,1988-89,Bayern München,Bayer 04 Leverkusen,2,0
1989-03-25,1988-89:de.1:200:1. FC Köln:VfB Stuttgart,de.1,1988-89,1. FC Köln,VfB Stuttgart,3,0
1989-03-25,1988-89:de.1:201:Borussia Dortmund:Werder Bremen,de.1,1988-89,Borussia Dortmund,Werder Bremen,3,1
1989-03-25,1988-89:de.1:202:Stuttgarter Kickers:1. FC Kaiserslautern,de.1,1988-89,Stuttgarter Kickers,1. FC Kaiserslautern,2,0
1989-03-25,1988-89:de.1:203:KFC Uerdingen:Karlsruher SC,de.1,1988-89,KFC Uerdingen,Karlsruher SC,0,3
1989-03-25,1988-89:de.1:204:1. FC Nürnberg:Eintracht Frankfurt,de.1,1988-89,1. FC Nürnberg,Eintracht Frankfurt,1,1
1989-03-25,1988-89:de.1:205:Hannover 96:Bor. Mönchengladbach,de.1,1988-89,Hannover 96,Bor. Mönchengladbach,0,1
1989-03-25,1988-89:de.1:206:SV Waldhof Mannheim:VfL Bochum,de.1,1988-89,SV Waldhof Mannheim,VfL Bochum,2,2
1989-03-31,1988-89:de.1:207:Eintracht Frankfurt:VfL Bochum,de.1,1988-89,Eintracht Frankfurt,VfL Bochum,1,1
1989-04-01,1988-89:de.1:208:1. FC Kaiserslautern:FC St. Pauli,de.1,1988-89,1. FC Kaiserslautern,FC St. Pauli,1,0
1989-04-01,1988-89:de.1:209:Bayer 04 Leverkusen:Stuttgarter Kickers,de.1,1988-89,Bayer 04 Leverkusen,Stuttgarter Kickers,1,3
1989-04-01,1988-89:de.1:210:Hamburger SV:1. FC Köln,de.1,1988-89,Hamburger SV,1. FC Köln,0,1
1989-04-01,1988-89:de.1:211:Bor. Mönchengladbach:Bayern München,de.1,1988-89,Bor. Mönchengladbach,Bayern München,2,1
1989-04-01,1988-89:de.1:212:Karlsruher SC:1. FC Nürnberg,de.1,1988-89,Karlsruher SC,1. FC Nürnberg,1,1
1989-04-01,1988-89:de.1:213:VfB Stuttgart:KFC Uerdingen,de.1,1988-89,VfB Stuttgart,KFC Uerdingen,2,2
1989-04-01,1988-89:de.1:214:Werder Bremen:Hannover 96,de.1,1988-89,Werder Bremen,Hannover 96,1,0
1989-04-01,1988-89:de.1:215:Borussia Dortmund:SV Waldhof Mannheim,de.1,1988-89,Borussia Dortmund,SV Waldhof Mannheim,1,2
1989-04-07,1988-89:de.1:216:FC St. Pauli:Bayer 04 Leverkusen,de.1,1988-89,FC St. Pauli,Bayer 04 Leverkusen,2,0
1989-04-07,1988-89:de.1:217:Hannover 96:Borussia Dortmund,de.1,1988-89,Hannover 96,Borussia Dortmund,1,5
1989-04-08,1988-89:de.1:218:1. FC Nürnberg:VfB Stuttgart,de.1,1988-89,1. FC Nürnberg,VfB Stuttgart,1,0
1989-04-08,1988-89:de.1:219:VfL Bochum:Karlsruher SC,de.1,1988-89,VfL Bochum,Karlsruher SC,2,0
1989-04-08,1988-89:de.1:220:KFC Uerdingen:Hamburger SV,de.1,1988-89,KFC Uerdingen,Hamburger SV,0,2
1989-04-08,1988-89:de.1:221:SV Waldhof Mannheim:Eintracht Frankfurt,de.1,1988-89,SV Waldhof Mannheim,Eintracht Frankfurt,1,0
1989-04-08,1988-89:de.1:222:Bayern München:Werder Bremen,de.1,1988-89,Bayern München,Werder Bremen,0,0
1989-04-08,1988-89:de.1:223:Stuttgarter Kickers:Bor. Mönchengladbach,de.1,1988-89,Stuttgarter Kickers,Bor. Mönchengladbach,3,0
1989-04-08,1988-89:de.1:224:1. FC Köln:1. FC Kaiserslautern,de.1,1988-89,1. FC Köln,1. FC Kaiserslautern,2,2
1989-04-13,1988-89:de.1:225:Hannover 96:SV Waldhof Mannheim,de.1,1988-89,Hannover 96,SV Waldhof Mannheim,0,2
1989-04-14,1988-89:de.1:226:VfB Stuttgart:VfL Bochum,de.1,1988-89,VfB Stuttgart,VfL Bochum,3,1
1989-04-14,1988-89:de.1:227:1. FC Kaiserslautern:KFC Uerdingen,de.1,1988-89,1. FC Kaiserslautern,KFC Uerdingen,2,0
1989-04-15,1988-89:de.1:228:Borussia Dortmund:Bayern München,de.1,1988-89,Borussia Dortmund,Bayern München,1,1
1989-04-15,1988-89:de.1:229:Karlsruher SC:Eintracht Frankfurt,de.1,1988-89,Karlsruher SC,Eintracht Frankfurt,1,3
1989-04-15,1988-89:de.1:230:Bayer 04 Leverkusen:1. FC Köln,de.1,1988-89,Bayer 04 Leverkusen,1. FC Köln,0,0
1989-04-15,1988-89:de.1:231:Bor. Mönchengladbach:FC St. Pauli,de.1,1988-89,Bor. Mönchengladbach,FC St. Pauli,2,2
1989-04-15,1988-89:de.1:232:Werder Bremen:Stuttgarter Kickers,de.1,1988-89,Werder Bremen,Stuttgarter Kickers,4,0
1989-04-15,1988-89:de.1:233:Hamburger SV:1. FC Nürnberg,de.1,1988-89,Hamburger SV,1. FC Nürnberg,3,2
1989-04-20,1988-89:de.1:234:Hamburger SV:Bor. Mönchengladbach,de.1,1988-89,Hamburger SV,Bor. Mönchengladbach,1,2
1989-04-29,1988-89:de.1:235:KFC Uerdingen:Bayer 04 Leverkusen,de.1,1988-89,KFC Uerdingen,Bayer 04 Leverkusen,3,1
1989-04-29,1988-89:de.1:236:VfL Bochum:Hamburger SV,de.1,1988-89,VfL Bochum,Hamburger SV,2,1
1989-04-29,1988-89:de.1:237:Eintracht Frankfurt:VfB Stuttgart,de.1,1988-89,Eintracht Frankfurt,VfB Stuttgart,1,3
1989-04-29,1988-89:de.1:238:SV Waldhof Mannheim:Karlsruher SC,de.1,1988-89,SV Waldhof Mannheim,Karlsruher SC,2,0
1989-04-29,1988-89:de.1:239:Bayern München:Hannover 96,de.1,1988-89,Bayern München,Hannover 96,4,0
1989-04-29,1988-89:de.1:240:Stuttgarter Kickers:Borussia Dortmund,de.1,1988-89,Stuttgarter Kickers,Borussia Dortmund,1,2
1989-04-29,1988-89:de.1:241:FC St. Pauli:Werder Bremen,de.1,1988-89,FC St. Pauli,Werder Bremen,1,3
1989-04-29,1988-89:de.1:242:1. FC Köln:Bor. Mönchengladbach,de.1,1988-89,1. FC Köln,Bor. Mönchengladbach,3,1
1989-04-29,1988-89:de.1:243:1. FC Nürnberg:1. FC Kaiserslautern,de.1,1988-89,1. FC Nürnberg,1. FC Kaiserslautern,1,1
1989-05-05,1988-89:de.1:244:1. FC Kaiserslautern:VfL Bochum,de.1,1988-89,1. FC Kaiserslautern,VfL Bochum,3,0
1989-05-05,1988-89:de.1:245:Bayer 04 Leverkusen:1. FC Nürnberg,de.1,1988-89,Bayer 04 Leverkusen,1. FC Nürnberg,3,0
1989-05-06,1988-89:de.1:246:Werder Bremen:1. FC Köln,de.1,1988-89,Werder Bremen,1. FC Köln,1,2
1989-05-06,1988-89:de.1:247:Borussia Dortmund:FC St. Pauli,de.1,1988-89,Borussia Dortmund,FC St. Pauli,0,0
1989-05-06,1988-89:de.1:248:Hannover 96:Stuttgarter Kickers,de.1,1988-89,Hannover 96,Stuttgarter Kickers,3,4
1989-05-06,1988-89:de.1:249:VfB Stuttgart:Karlsruher SC,de.1,1988-89,VfB Stuttgart,Karlsruher SC,2,0
1989-05-06,1988-89:de.1:250:Hamburger SV:Eintracht Frankfurt,de.1,1988-89,Hamburger SV,Eintracht Frankfurt,2,1
1989-05-06,1988-89:de.1:251:Bor. Mönchengladbach:KFC Uerdingen,de.1,1988-89,Bor. Mönchengladbach,KFC Uerdingen,3,0
1989-05-06,1988-89:de.1:252:Bayern München:SV Waldhof Mannheim,de.1,1988-89,Bayern München,SV Waldhof Mannheim,1,0
1989-05-12,1988-89:de.1:253:SV Waldhof Mannheim:VfB Stuttgart,de.1,1988-89,SV Waldhof Mannheim,VfB Stuttgart,3,4
1989-05-12,1988-89:de.1:254:Eintracht Frankfurt:1. FC Kaiserslautern,de.1,1988-89,Eintracht Frankfurt,1. FC Kaiserslautern,3,2
1989-05-13,1988-89:de.1:255:Karlsruher SC:Hamburger SV,de.1,1988-89,Karlsruher SC,Hamburger SV,2,2
1989-05-13,1988-89:de.1:256:Stuttgarter Kickers:Bayern München,de.1,1988-89,Stuttgarter Kickers,Bayern München,2,0
1989-05-13,1988-89:de.1:257:FC St. Pauli:Hannover 96,de.1,1988-89,FC St. Pauli,Hannover 96,1,1
1989-05-13,1988-89:de.1:258:1. FC Köln:Borussia Dortmund,de.1,1988-89,1. FC Köln,Borussia Dortmund,2,0
1989-05-13,1988-89:de.1:259:KFC Uerdingen:Werder Bremen,de.1,1988-89,KFC Uerdingen,Werder Bremen,2,1
1989-05-13,1988-89:de.1:260:1. FC Nürnberg:Bor. Mönchengladbach,de.1,1988-89,1. FC Nürnberg,Bor. Mönchengladbach,0,0
1989-05-16,1988-89:de.1:261:VfL Bochum:Bayer 04 Leverkusen,de.1,1988-89,VfL Bochum,Bayer 04 Leverkusen,2,4
1989-05-19,1988-89:de.1:262:Werder Bremen:1. FC Nürnberg,de.1,1988-89,Werder Bremen,1. FC Nürnberg,2,1
1989-05-19,1988-89:de.1:263:Stuttgarter Kickers:SV Waldhof Mannheim,de.1,1988-89,Stuttgarter Kickers,SV Waldhof Mannheim,1,3
1989-05-20,1988-89:de.1:264:Hannover 96:1. FC Köln,de.1,1988-89,Hannover 96,1. FC Köln,2,2
1989-05-20,1988-89:de.1:265:Bayern München:FC St. Pauli,de.1,1988-89,Bayern München,FC St. Pauli,2,1
1989-05-20,1988-89:de.1:266:Hamburger SV:VfB Stuttgart,de.1,1988-89,Hamburger SV,VfB Stuttgart,2,1
1989-05-20,1988-89:de.1:267:1. FC Kaiserslautern:Karlsruher SC,de.1,1988-89,1. FC Kaiserslautern,Karlsruher SC,1,2
1989-05-20,1988-89:de.1:268:Bayer 04 Leverkusen:Eintracht Frankfurt,de.1,1988-89,Bayer 04 Leverkusen,Eintracht Frankfurt,2,2
1989-05-20,1988-89:de.1:269:Bor. Mönchengladbach:VfL Bochum,de.1,1988-89,Bor. Mönchengladbach,VfL Bochum,2,0
1989-05-20,1988-89:de.1:270:Borussia Dortmund:KFC Uerdingen,de.1,1988-89,Borussia Dortmund,KFC Uerdingen,4,2
1989-05-23,1988-89:de.1:271:VfB Stuttgart:1. FC Kaiserslautern,de.1,1988-89,VfB Stuttgart,1. FC Kaiserslautern,3,1
1989-05-25,1988-89:de.1:272:1. FC Nürnberg:Borussia Dortmund,de.1,1988-89,1. FC Nürnberg,Borussia Dortmund,1,1
1989-05-25,1988-89:de.1:273:Eintracht Frankfurt:Bor. Mönchengladbach,de.1,1988-89,Eintracht Frankfurt,Bor. Mönchengladbach,1,1
1989-05-25,1988-89:de.1:274:FC St. Pauli:Stuttgarter Kickers,de.1,1988-89,FC St. Pauli,Stuttgarter Kickers,1,0
1989-05-25,1988-89:de.1:275:Karlsruher SC:Bayer 04 Leverkusen,de.1,1988-89,Karlsruher SC,Bayer 04 Leverkusen,2,3
1989-05-25,1988-89:de.1:276:SV Waldhof Mannheim:Hamburger SV,de.1,1988-89,SV Waldhof Mannheim,Hamburger SV,0,0
1989-05-25,1988-89:de.1:277:1. FC Köln:Bayern München,de.1,1988-89,1. FC Köln,Bayern München,1,3
1989-05-25,1988-89:de.1:278:KFC Uerdingen:Hannover 96,de.1,1988-89,KFC Uerdingen,Hannover 96,7,3
1989-05-25,1988-89:de.1:279:VfL Bochum:Werder Bremen,de.1,1988-89,VfL Bochum,Werder Bremen,0,1
1989-06-02,1988-89:de.1:280:SV Waldhof Mannheim:FC St. Pauli,de.1,1988-89,SV Waldhof Mannheim,FC St. Pauli,2,1
1989-06-03,1988-89:de.1:281:Bayer 04 Leverkusen:VfB Stuttgart,de.1,1988-89,Bayer 04 Leverkusen,VfB Stuttgart,0,0
1989-06-03,1988-89:de.1:282:Bor. Mönchengladbach:Karlsruher SC,de.1,1988-89,Bor. Mönchengladbach,Karlsruher SC,1,1
1989-06-03,1988-89:de.1:283:Werder Bremen:Eintracht Frankfurt,de.1,1988-89,Werder Bremen,Eintracht Frankfurt,2,0
1989-06-03,1988-89:de.1:284:Borussia Dortmund:VfL Bochum,de.1,1988-89,Borussia Dortmund,VfL Bochum,2,1
1989-06-03,1988-89:de.1:285:Hannover 96:1. FC Nürnberg,de.1,1988-89,Hannover 96,1. FC Nürnberg,2,2
1989-06-03,1988-89:de.1:286:Bayern München:KFC Uerdingen,de.1,1988-89,Bayern München,KFC Uerdingen,5,0
1989-06-03,1988-89:de.1:287:Hamburger SV:1. FC Kaiserslautern,de.1,1988-89,Hamburger SV,1. FC Kaiserslautern,1,1
1989-06-06,1988-89:de.1:288:Stuttgarter Kickers:1. FC Köln,de.1,1988-89,Stuttgarter Kickers,1. FC Köln,0,0
1989-06-10,1988-89:de.1:289:1. FC Kaiserslautern:SV Waldhof Mannheim,de.1,1988-89,1. FC Kaiserslautern,SV Waldhof Mannheim,0,3
1989-06-10,1988-89:de.1:290:1. FC Köln:FC St. Pauli,de.1,1988-89,1. FC Köln,FC St. Pauli,4,2
1989-06-10,1988-89:de.1:291:KFC Uerdingen:Stuttgarter Kickers,de.1,1988-89,KFC Uerdingen,Stuttgarter Kickers,1,3
1989-06-10,1988-89:de.1:292:Hamburger SV:Bayer 04 Leverkusen,de.1,1988-89,Hamburger SV,Bayer 04 Leverkusen,1,1
1989-06-10,1988-89:de.1:293:VfL Bochum:Hannover 96,de.1,1988-89,VfL Bochum,Hannover 96,1,3
1989-06-10,1988-89:de.1:294:Eintracht Frankfurt:Borussia Dortmund,de.1,1988-89,Eintracht Frankfurt,Borussia Dortmund,2,1
1989-06-10,1988-89:de.1:295:Karlsruher SC:Werder Bremen,de.1,1988-89,Karlsruher SC,Werder Bremen,1,0
1989-06-10,1988-89:de.1:296:VfB Stuttgart:Bor. Mönchengladbach,de.1,1988-89,VfB Stuttgart,Bor. Mönchengladbach,2,1
1989-06-10,1988-89:de.1:297:1. FC Nürnberg:Bayern München,de.1,1988-89,1. FC Nürnberg,Bayern München,2,1
1989-06-17,1988-89:de.1:298:SV Waldhof Mannheim:1. FC Köln,de.1,1988-89,SV Waldhof Mannheim,1. FC Köln,2,1
1989-06-17,1988-89:de.1:299:Bor. Mönchengladbach:Hamburger SV,de.1,1988-89,Bor. Mönchengladbach,Hamburger SV,0,4
1989-06-17,1988-89:de.1:300:Werder Bremen:VfB Stuttgart,de.1,1988-89,Werder Bremen,VfB Stuttgart,3,0
1989-06-17,1988-89:de.1:301:Borussia Dortmund:Karlsruher SC,de.1,1988-89,Borussia Dortmund,Karlsruher SC,3,2
1989-06-17,1988-89:de.1:302:Hannover 96:Eintracht Frankfurt,de.1,1988-89,Hannover 96,Eintracht Frankfurt,1,1
1989-06-17,1988-89:de.1:303:Bayern München:VfL Bochum,de.1,1988-89,Bayern München,VfL Bochum,5,0
1989-06-17,1988-89:de.1:304:Stuttgarter Kickers:1. FC Nürnberg,de.1,1988-89,Stuttgarter Kickers,1. FC Nürnberg,1,0
1989-06-17,1988-89:de.1:305:FC St. Pauli:KFC Uerdingen,de.1,1988-89,FC St. Pauli,KFC Uerdingen,5,1
1989-06-17,1988-89:de.1:306:Bayer 04 Leverkusen:1. FC Kaiserslautern,de.1,1988-89,Bayer 04 Leverkusen,1. FC Kaiserslautern,0,1
1989-07-28,1989-90:de.1:1:1. FC Kaiserslautern:Bor. Mönchengladbach,de.1,1989-90,1. FC Kaiserslautern,Bor. Mönchengladbach,2,1
1989-07-28,1989-90:de.1:2:KFC Uerdingen:FC 08 Homburg,de.1,1989-90,KFC Uerdingen,FC 08 Homburg,3,0
1989-07-29,1989-90:de.1:3:FC St. Pauli:Werder Bremen,de.1,1989-90,FC St. Pauli,Werder Bremen,0,0
1989-07-29,1989-90:de.1:4:Bayer 04 Leverkusen:Borussia Dortmund,de.1,1989-90,Bayer 04 Leverkusen,Borussia Dortmund,1,0
1989-07-29,1989-90:de.1:5:Bayern München:1. FC Nürnberg,de.1,1989-90,Bayern München,1. FC Nürnberg,3,2
1989-07-29,1989-90:de.1:6:VfB Stuttgart:Karlsruher SC,de.1,1989-90,VfB Stuttgart,Karlsruher SC,2,0
1989-07-29,1989-90:de.1:7:VfL Bochum:1. FC Köln,de.1,1989-90,VfL Bochum,1. FC Köln,0,1
1989-07-29,1989-90:de.1:8:Eintracht Frankfurt:SV Waldhof Mannheim,de.1,1989-90,Eintracht Frankfurt,SV Waldhof Mannheim,3,1
1989-07-29,1989-90:de.1:9:Fortuna Düsseldorf:Hamburger SV,de.1,1989-90,Fortuna Düsseldorf,Hamburger SV,1,1
1989-08-04,1989-90:de.1:10:Borussia Dortmund:FC St. Pauli,de.1,1989-90,Borussia Dortmund,FC St. Pauli,3,1
1989-08-04,1989-90:de.1:11:Hamburger SV:Eintracht Frankfurt,de.1,1989-90,Hamburger SV,Eintracht Frankfurt,1,1
1989-08-05,1989-90:de.1:12:Karlsruher SC:KFC Uerdingen,de.1,1989-90,Karlsruher SC,KFC Uerdingen,0,0
1989-08-05,1989-90:de.1:13:FC 08 Homburg:1. FC Kaiserslautern,de.1,1989-90,FC 08 Homburg,1. FC Kaiserslautern,2,2
1989-08-05,1989-90:de.1:14:Bor. Mönchengladbach:Bayern München,de.1,1989-90,Bor. Mönchengladbach,Bayern München,0,0
1989-08-05,1989-90:de.1:15:1. FC Nürnberg:Bayer 04 Leverkusen,de.1,1989-90,1. FC Nürnberg,Bayer 04 Leverkusen,2,2
1989-08-05,1989-90:de.1:16:Werder Bremen:Fortuna Düsseldorf,de.1,1989-90,Werder Bremen,Fortuna Düsseldorf,2,2
1989-08-05,1989-90:de.1:17:SV Waldhof Mannheim:VfL Bochum,de.1,1989-90,SV Waldhof Mannheim,VfL Bochum,3,2
1989-08-08,1989-90:de.1:18:Fortuna Düsseldorf:Eintracht Frankfurt,de.1,1989-90,Fortuna Düsseldorf,Eintracht Frankfurt,1,2
1989-08-09,1989-90:de.1:19:1. FC Köln:VfB Stuttgart,de.1,1989-90,1. FC Köln,VfB Stuttgart,0,0
1989-08-09,1989-90:de.1:20:Bayern München:FC 08 Homburg,de.1,1989-90,Bayern München,FC 08 Homburg,1,0
1989-08-11,1989-90:de.1:21:1. FC Kaiserslautern:Karlsruher SC,de.1,1989-90,1. FC Kaiserslautern,Karlsruher SC,5,1
1989-08-12,1989-90:de.1:22:FC St. Pauli:1. FC Nürnberg,de.1,1989-90,FC St. Pauli,1. FC Nürnberg,0,1
1989-08-12,1989-90:de.1:23:Bayer 04 Leverkusen:Bor. Mönchengladbach,de.1,1989-90,Bayer 04 Leverkusen,Bor. Mönchengladbach,0,0
1989-08-12,1989-90:de.1:24:KFC Uerdingen:1. FC Köln,de.1,1989-90,KFC Uerdingen,1. FC Köln,2,3
1989-08-12,1989-90:de.1:25:VfB Stuttgart:SV Waldhof Mannheim,de.1,1989-90,VfB Stuttgart,SV Waldhof Mannheim,1,0
1989-08-12,1989-90:de.1:26:VfL Bochum:Hamburger SV,de.1,1989-90,VfL Bochum,Hamburger SV,3,1
1989-08-12,1989-90:de.1:27:Werder Bremen:Borussia Dortmund,de.1,1989-90,Werder Bremen,Borussia Dortmund,2,0
1989-08-15,1989-90:de.1:28:FC 08 Homburg:Bayer 04 Leverkusen,de.1,1989-90,FC 08 Homburg,Bayer 04 Leverkusen,2,1
1989-08-15,1989-90:de.1:29:Bor. Mönchengladbach:FC St. Pauli,de.1,1989-90,Bor. Mönchengladbach,FC St. Pauli,4,1
1989-08-15,1989-90:de.1:30:1. FC Nürnberg:Werder Bremen,de.1,1989-90,1. FC Nürnberg,Werder Bremen,1,1
1989-08-15,1989-90:de.1:31:SV Waldhof Mannheim:KFC Uerdingen,de.1,1989-90,SV Waldhof Mannheim,KFC Uerdingen,1,1
1989-08-16,1989-90:de.1:32:Hamburger SV:VfB Stuttgart,de.1,1989-90,Hamburger SV,VfB Stuttgart,1,0
1989-08-16,1989-90:de.1:33:1. FC Köln:1. FC Kaiserslautern,de.1,1989-90,1. FC Köln,1. FC Kaiserslautern,4,1
1989-08-16,1989-90:de.1:34:Karlsruher SC:Bayern München,de.1,1989-90,Karlsruher SC,Bayern München,3,3
1989-08-16,1989-90:de.1:35:Borussia Dortmund:Fortuna Düsseldorf,de.1,1989-90,Borussia Dortmund,Fortuna Düsseldorf,1,0
1989-08-16,1989-90:de.1:36:Eintracht Frankfurt:VfL Bochum,de.1,1989-90,Eintracht Frankfurt,VfL Bochum,4,0
1989-08-22,1989-90:de.1:37:FC St. Pauli:FC 08 Homburg,de.1,1989-90,FC St. Pauli,FC 08 Homburg,1,1
1989-08-22,1989-90:de.1:38:Borussia Dortmund:1. FC Nürnberg,de.1,1989-90,Borussia Dortmund,1. FC Nürnberg,2,1
1989-08-22,1989-90:de.1:39:Werder Bremen:Bor. Mönchengladbach,de.1,1989-90,Werder Bremen,Bor. Mönchengladbach,0,0
1989-08-23,1989-90:de.1:40:Bayern München:1. FC Köln,de.1,1989-90,Bayern München,1. FC Köln,5,1
1989-08-23,1989-90:de.1:41:Fortuna Düsseldorf:VfL Bochum,de.1,1989-90,Fortuna Düsseldorf,VfL Bochum,2,2
1989-08-23,1989-90:de.1:42:1. FC Kaiserslautern:SV Waldhof Mannheim,de.1,1989-90,1. FC Kaiserslautern,SV Waldhof Mannheim,2,3
1989-08-23,1989-90:de.1:43:KFC Uerdingen:Hamburger SV,de.1,1989-90,KFC Uerdingen,Hamburger SV,5,2
1989-08-23,1989-90:de.1:44:VfB Stuttgart:Eintracht Frankfurt,de.1,1989-90,VfB Stuttgart,Eintracht Frankfurt,1,1
1989-08-23,1989-90:de.1:45:Bayer 04 Leverkusen:Karlsruher SC,de.1,1989-90,Bayer 04 Leverkusen,Karlsruher SC,1,1
1989-08-26,1989-90:de.1:46:Hamburger SV:1. FC Kaiserslautern,de.1,1989-90,Hamburger SV,1. FC Kaiserslautern,3,0
1989-08-26,1989-90:de.1:47:1. FC Köln:Bayer 04 Leverkusen,de.1,1989-90,1. FC Köln,Bayer 04 Leverkusen,1,1
1989-08-26,1989-90:de.1:48:Karlsruher SC:FC St. Pauli,de.1,1989-90,Karlsruher SC,FC St. Pauli,0,0
1989-08-26,1989-90:de.1:49:FC 08 Homburg:Werder Bremen,de.1,1989-90,FC 08 Homburg,Werder Bremen,1,1
1989-08-26,1989-90:de.1:50:Bor. Mönchengladbach:Borussia Dortmund,de.1,1989-90,Bor. Mönchengladbach,Borussia Dortmund,0,0
1989-08-26,1989-90:de.1:51:1. FC Nürnberg:Fortuna Düsseldorf,de.1,1989-90,1. FC Nürnberg,Fortuna Düsseldorf,3,0
1989-08-26,1989-90:de.1:52:VfL Bochum:VfB Stuttgart,de.1,1989-90,VfL Bochum,VfB Stuttgart,2,0
1989-08-26,1989-90:de.1:53:Eintracht Frankfurt:KFC Uerdingen,de.1,1989-90,Eintracht Frankfurt,KFC Uerdingen,2,1
1989-08-26,1989-90:de.1:54:SV Waldhof Mannheim:Bayern München,de.1,1989-90,SV Waldhof Mannheim,Bayern München,1,0
1989-08-31,1989-90:de.1:55:Bayern München:Hamburger SV,de.1,1989-90,Bayern München,Hamburger SV,4,0
1989-09-01,1989-90:de.1:56:KFC Uerdingen:VfL Bochum,de.1,1989-90,KFC Uerdingen,VfL Bochum,3,1
1989-09-01,1989-90:de.1:57:Werder Bremen:Karlsruher SC,de.1,1989-90,Werder Bremen,Karlsruher SC,4,0
1989-09-02,1989-90:de.1:58:FC St. Pauli:1. FC Köln,de.1,1989-90,FC St. Pauli,1. FC Köln,1,1
1989-09-02,1989-90:de.1:59:Bayer 04 Leverkusen:SV Waldhof Mannheim,de.1,1989-90,Bayer 04 Leverkusen,SV Waldhof Mannheim,3,0
1989-09-02,1989-90:de.1:60:1. FC Kaiserslautern:Eintracht Frankfurt,de.1,1989-90,1. FC Kaiserslautern,Eintracht Frankfurt,2,1
1989-09-02,1989-90:de.1:61:1. FC Nürnberg:Bor. Mönchengladbach,de.1,1989-90,1. FC Nürnberg,Bor. Mönchengladbach,2,0
1989-09-02,1989-90:de.1:62:Borussia Dortmund:FC 08 Homburg,de.1,1989-90,Borussia Dortmund,FC 08 Homburg,3,0
1989-09-02,1989-90:de.1:63:Fortuna Düsseldorf:VfB Stuttgart,de.1,1989-90,Fortuna Düsseldorf,VfB Stuttgart,4,2
1989-09-08,1989-90:de.1:64:Bor. Mönchengladbach:Fortuna Düsseldorf,de.1,1989-90,Bor. Mönchengladbach,Fortuna Düsseldorf,3,1
1989-09-09,1989-90:de.1:65:Hamburger SV:Bayer 04 Leverkusen,de.1,1989-90,Hamburger SV,Bayer 04 Leverkusen,0,1
1989-09-09,1989-90:de.1:66:1. FC Köln:Werder Bremen,de.1,1989-90,1. FC Köln,Werder Bremen,4,2
1989-09-09,1989-90:de.1:67:Karlsruher SC:Borussia Dortmund,de.1,1989-90,Karlsruher SC,Borussia Dortmund,2,1
1989-09-09,1989-90:de.1:68:FC 08 Homburg:1. FC Nürnberg,de.1,1989-90,FC 08 Homburg,1. FC Nürnberg,0,1
1989-09-09,1989-90:de.1:69:VfB Stuttgart:KFC Uerdingen,de.1,1989-90,VfB Stuttgart,KFC Uerdingen,1,0
1989-09-09,1989-90:de.1:70:VfL Bochum:1. FC Kaiserslautern,de.1,1989-90,VfL Bochum,1. FC Kaiserslautern,2,0
1989-09-09,1989-90:de.1:71:Eintracht Frankfurt:Bayern München,de.1,1989-90,Eintracht Frankfurt,Bayern München,1,2
1989-09-09,1989-90:de.1:72:SV Waldhof Mannheim:FC St. Pauli,de.1,1989-90,SV Waldhof Mannheim,FC St. Pauli,0,1
1989-09-15,1989-90:de.1:73:Bor. Mönchengladbach:FC 08 Homburg,de.1,1989-90,Bor. Mönchengladbach,FC 08 Homburg,0,0
1989-09-15,1989-90:de.1:74:Bayer 04 Leverkusen:Eintracht Frankfurt,de.1,1989-90,Bayer 04 Leverkusen,Eintracht Frankfurt,2,0
1989-09-16,1989-90:de.1:75:1. FC Kaiserslautern:VfB Stuttgart,de.1,1989-90,1. FC Kaiserslautern,VfB Stuttgart,1,2
1989-09-16,1989-90:de.1:76:Bayern München:VfL Bochum,de.1,1989-90,Bayern München,VfL Bochum,5,1
1989-09-16,1989-90:de.1:77:Fortuna Düsseldorf:KFC Uerdingen,de.1,1989-90,Fortuna Düsseldorf,KFC Uerdingen,2,1
1989-09-16,1989-90:de.1:78:1. FC Nürnberg:Karlsruher SC,de.1,1989-90,1. FC Nürnberg,Karlsruher SC,2,0
1989-09-16,1989-90:de.1:79:Borussia Dortmund:1. FC Köln,de.1,1989-90,Borussia Dortmund,1. FC Köln,0,0
1989-09-16,1989-90:de.1:80:Werder Bremen:SV Waldhof Mannheim,de.1,1989-90,Werder Bremen,SV Waldhof Mannheim,0,1
1989-09-16,1989-90:de.1:81:FC St. Pauli:Hamburger SV,de.1,1989-90,FC St. Pauli,Hamburger SV,0,0
1989-09-19,1989-90:de.1:82:FC 08 Homburg:Fortuna Düsseldorf,de.1,1989-90,FC 08 Homburg,Fortuna Düsseldorf,1,0
1989-09-19,1989-90:de.1:83:Karlsruher SC:Bor. Mönchengladbach,de.1,1989-90,Karlsruher SC,Bor. Mönchengladbach,0,1
1989-09-19,1989-90:de.1:84:KFC Uerdingen:1. FC Kaiserslautern,de.1,1989-90,KFC Uerdingen,1. FC Kaiserslautern,3,2
1989-09-19,1989-90:de.1:85:Eintracht Frankfurt:FC St. Pauli,de.1,1989-90,Eintracht Frankfurt,FC St. Pauli,4,1
1989-09-20,1989-90:de.1:86:SV Waldhof Mannheim:Borussia Dortmund,de.1,1989-90,SV Waldhof Mannheim,Borussia Dortmund,2,1
1989-09-20,1989-90:de.1:87:Hamburger SV:Werder Bremen,de.1,1989-90,Hamburger SV,Werder Bremen,4,0
1989-09-20,1989-90:de.1:88:1. FC Köln:1. FC Nürnberg,de.1,1989-90,1. FC Köln,1. FC Nürnberg,2,1
1989-09-20,1989-90:de.1:89:VfB Stuttgart:Bayern München,de.1,1989-90,VfB Stuttgart,Bayern München,2,1
1989-09-20,1989-90:de.1:90:VfL Bochum:Bayer 04 Leverkusen,de.1,1989-90,VfL Bochum,Bayer 04 Leverkusen,0,2
1989-09-29,1989-90:de.1:91:FC St. Pauli:VfL Bochum,de.1,1989-90,FC St. Pauli,VfL Bochum,2,0
1989-09-30,1989-90:de.1:92:Bor. Mönchengladbach:1. FC Köln,de.1,1989-90,Bor. Mönchengladbach,1. FC Köln,0,2
1989-09-30,1989-90:de.1:93:Bayern München:KFC Uerdingen,de.1,1989-90,Bayern München,KFC Uerdingen,3,0
1989-09-30,1989-90:de.1:94:FC 08 Homburg:Karlsruher SC,de.1,1989-90,FC 08 Homburg,Karlsruher SC,2,0
1989-09-30,1989-90:de.1:95:Fortuna Düsseldorf:1. FC Kaiserslautern,de.1,1989-90,Fortuna Düsseldorf,1. FC Kaiserslautern,1,1
1989-09-30,1989-90:de.1:96:1. FC Nürnberg:SV Waldhof Mannheim,de.1,1989-90,1. FC Nürnberg,SV Waldhof Mannheim,2,0
1989-09-30,1989-90:de.1:97:Borussia Dortmund:Hamburger SV,de.1,1989-90,Borussia Dortmund,Hamburger SV,1,0
1989-09-30,1989-90:de.1:98:Werder Bremen:Eintracht Frankfurt,de.1,1989-90,Werder Bremen,Eintracht Frankfurt,1,2
1989-09-30,1989-90:de.1:99:Bayer 04 Leverkusen:VfB Stuttgart,de.1,1989-90,Bayer 04 Leverkusen,VfB Stuttgart,1,1
1989-10-07,1989-90:de.1:100:SV Waldhof Mannheim:Bor. Mönchengladbach,de.1,1989-90,SV Waldhof Mannheim,Bor. Mönchengladbach,4,2
1989-10-07,1989-90:de.1:101:Hamburger SV:1. FC Nürnberg,de.1,1989-90,Hamburger SV,1. FC Nürnberg,1,0
1989-10-07,1989-90:de.1:102:1. FC Köln:FC 08 Homburg,de.1,1989-90,1. FC Köln,FC 08 Homburg,1,0
1989-10-07,1989-90:de.1:103:Karlsruher SC:Fortuna Düsseldorf,de.1,1989-90,Karlsruher SC,Fortuna Düsseldorf,2,2
1989-10-07,1989-90:de.1:104:1. FC Kaiserslautern:Bayern München,de.1,1989-90,1. FC Kaiserslautern,Bayern München,0,0
1989-10-07,1989-90:de.1:105:KFC Uerdingen:Bayer 04 Leverkusen,de.1,1989-90,KFC Uerdingen,Bayer 04 Leverkusen,0,2
1989-10-07,1989-90:de.1:106:VfB Stuttgart:FC St. Pauli,de.1,1989-90,VfB Stuttgart,FC St. Pauli,4,0
1989-10-07,1989-90:de.1:107:VfL Bochum:Werder Bremen,de.1,1989-90,VfL Bochum,Werder Bremen,0,0
1989-10-07,1989-90:de.1:108:Eintracht Frankfurt:Borussia Dortmund,de.1,1989-90,Eintracht Frankfurt,Borussia Dortmund,0,2
1989-10-13,1989-90:de.1:109:Bor. Mönchengladbach:Hamburger SV,de.1,1989-90,Bor. Mönchengladbach,Hamburger SV,1,3
1989-10-13,1989-90:de.1:110:Borussia Dortmund:VfL Bochum,de.1,1989-90,Borussia Dortmund,VfL Bochum,0,1
1989-10-13,1989-90:de.1:111:Werder Bremen:VfB Stuttgart,de.1,1989-90,Werder Bremen,VfB Stuttgart,6,1
1989-10-14,1989-90:de.1:112:FC 08 Homburg:SV Waldhof Mannheim,de.1,1989-90,FC 08 Homburg,SV Waldhof Mannheim,2,1
1989-10-14,1989-90:de.1:113:FC St. Pauli:KFC Uerdingen,de.1,1989-90,FC St. Pauli,KFC Uerdingen,1,1
1989-10-14,1989-90:de.1:114:Bayer 04 Leverkusen:1. FC Kaiserslautern,de.1,1989-90,Bayer 04 Leverkusen,1. FC Kaiserslautern,1,1
1989-10-14,1989-90:de.1:115:Karlsruher SC:1. FC Köln,de.1,1989-90,Karlsruher SC,1. FC Köln,0,0
1989-10-14,1989-90:de.1:116:1. FC Nürnberg:Eintracht Frankfurt,de.1,1989-90,1. FC Nürnberg,Eintracht Frankfurt,1,1
1989-10-14,1989-90:de.1:117:Fortuna Düsseldorf:Bayern München,de.1,1989-90,Fortuna Düsseldorf,Bayern München,1,2
1989-10-20,1989-90:de.1:118:1. FC Kaiserslautern:FC St. Pauli,de.1,1989-90,1. FC Kaiserslautern,FC St. Pauli,1,1
1989-10-21,1989-90:de.1:119:SV Waldhof Mannheim:Karlsruher SC,de.1,1989-90,SV Waldhof Mannheim,Karlsruher SC,0,1
1989-10-21,1989-90:de.1:120:Hamburger SV:FC 08 Homburg,de.1,1989-90,Hamburger SV,FC 08 Homburg,2,0
1989-10-21,1989-90:de.1:121:1. FC Köln:Fortuna Düsseldorf,de.1,1989-90,1. FC Köln,Fortuna Düsseldorf,1,3
1989-10-21,1989-90:de.1:122:Bayern München:Bayer 04 Leverkusen,de.1,1989-90,Bayern München,Bayer 04 Leverkusen,0,1
1989-10-21,1989-90:de.1:123:KFC Uerdingen:Werder Bremen,de.1,1989-90,KFC Uerdingen,Werder Bremen,0,1
1989-10-21,1989-90:de.1:124:VfB Stuttgart:Borussia Dortmund,de.1,1989-90,VfB Stuttgart,Borussia Dortmund,3,1
1989-10-21,1989-90:de.1:125:VfL Bochum:1. FC Nürnberg,de.1,1989-90,VfL Bochum,1. FC Nürnberg,3,3
1989-10-21,1989-90:de.1:126:Eintracht Frankfurt:Bor. Mönchengladbach,de.1,1989-90,Eintracht Frankfurt,Bor. Mönchengladbach,3,0
1989-10-27,1989-90:de.1:127:FC St. Pauli:Bayern München,de.1,1989-90,FC St. Pauli,Bayern München,0,2
1989-10-27,1989-90:de.1:128:Werder Bremen:1. FC Kaiserslautern,de.1,1989-90,Werder Bremen,1. FC Kaiserslautern,4,0
1989-10-28,1989-90:de.1:129:FC 08 Homburg:Eintracht Frankfurt,de.1,1989-90,FC 08 Homburg,Eintracht Frankfurt,2,3
1989-10-28,1989-90:de.1:130:Bayer 04 Leverkusen:Fortuna Düsseldorf,de.1,1989-90,Bayer 04 Leverkusen,Fortuna Düsseldorf,3,3
1989-10-28,1989-90:de.1:131:Karlsruher SC:Hamburger SV,de.1,1989-90,Karlsruher SC,Hamburger SV,2,0
1989-10-28,1989-90:de.1:132:Bor. Mönchengladbach:VfL Bochum,de.1,1989-90,Bor. Mönchengladbach,VfL Bochum,1,2
1989-10-28,1989-90:de.1:133:1. FC Nürnberg:VfB Stuttgart,de.1,1989-90,1. FC Nürnberg,VfB Stuttgart,0,2
1989-10-28,1989-90:de.1:134:Borussia Dortmund:KFC Uerdingen,de.1,1989-90,Borussia Dortmund,KFC Uerdingen,1,0
1989-10-28,1989-90:de.1:135:SV Waldhof Mannheim:1. FC Köln,de.1,1989-90,SV Waldhof Mannheim,1. FC Köln,2,3
1989-11-03,1989-90:de.1:136:VfL Bochum:FC 08 Homburg,de.1,1989-90,VfL Bochum,FC 08 Homburg,1,0
1989-11-03,1989-90:de.1:137:Fortuna Düsseldorf:SV Waldhof Mannheim,de.1,1989-90,Fortuna Düsseldorf,SV Waldhof Mannheim,0,0
1989-11-03,1989-90:de.1:138:Bayer 04 Leverkusen:FC St. Pauli,de.1,1989-90,Bayer 04 Leverkusen,FC St. Pauli,1,1
1989-11-04,1989-90:de.1:139:Bayern München:Werder Bremen,de.1,1989-90,Bayern München,Werder Bremen,1,1
1989-11-04,1989-90:de.1:140:1. FC Kaiserslautern:Borussia Dortmund,de.1,1989-90,1. FC Kaiserslautern,Borussia Dortmund,2,2
1989-11-04,1989-90:de.1:141:KFC Uerdingen:1. FC Nürnberg,de.1,1989-90,KFC Uerdingen,1. FC Nürnberg,3,3
1989-11-04,1989-90:de.1:142:VfB Stuttgart:Bor. Mönchengladbach,de.1,1989-90,VfB Stuttgart,Bor. Mönchengladbach,4,0
1989-11-04,1989-90:de.1:143:Eintracht Frankfurt:Karlsruher SC,de.1,1989-90,Eintracht Frankfurt,Karlsruher SC,1,1
1989-11-04,1989-90:de.1:144:Hamburger SV:1. FC Köln,de.1,1989-90,Hamburger SV,1. FC Köln,0,2
1989-11-17,1989-90:de.1:145:FC St. Pauli:Fortuna Düsseldorf,de.1,1989-90,FC St. Pauli,Fortuna Düsseldorf,1,0
1989-11-17,1989-90:de.1:146:1. FC Nürnberg:1. FC Kaiserslautern,de.1,1989-90,1. FC Nürnberg,1. FC Kaiserslautern,0,0
1989-11-18,1989-90:de.1:147:FC 08 Homburg:VfB Stuttgart,de.1,1989-90,FC 08 Homburg,VfB Stuttgart,4,2
1989-11-18,1989-90:de.1:148:SV Waldhof Mannheim:Hamburger SV,de.1,1989-90,SV Waldhof Mannheim,Hamburger SV,4,1
1989-11-18,1989-90:de.1:149:1. FC Köln:Eintracht Frankfurt,de.1,1989-90,1. FC Köln,Eintracht Frankfurt,3,5
1989-11-18,1989-90:de.1:150:Karlsruher SC:VfL Bochum,de.1,1989-90,Karlsruher SC,VfL Bochum,2,0
1989-11-18,1989-90:de.1:151:Bor. Mönchengladbach:KFC Uerdingen,de.1,1989-90,Bor. Mönchengladbach,KFC Uerdingen,0,1
1989-11-18,1989-90:de.1:152:Borussia Dortmund:Bayern München,de.1,1989-90,Borussia Dortmund,Bayern München,2,2
1989-11-18,1989-90:de.1:153:Werder Bremen:Bayer 04 Leverkusen,de.1,1989-90,Werder Bremen,Bayer 04 Leverkusen,0,0
1989-11-23,1989-90:de.1:154:Borussia Dortmund:Bayer 04 Leverkusen,de.1,1989-90,Borussia Dortmund,Bayer 04 Leverkusen,1,1
1989-11-25,1989-90:de.1:155:FC 08 Homburg:KFC Uerdingen,de.1,1989-90,FC 08 Homburg,KFC Uerdingen,1,2
1989-11-25,1989-90:de.1:156:SV Waldhof Mannheim:Eintracht Frankfurt,de.1,1989-90,SV Waldhof Mannheim,Eintracht Frankfurt,1,1
1989-11-25,1989-90:de.1:157:Werder Bremen:FC St. Pauli,de.1,1989-90,Werder Bremen,FC St. Pauli,2,1
1989-11-25,1989-90:de.1:158:1. FC Nürnberg:Bayern München,de.1,1989-90,1. FC Nürnberg,Bayern München,4,0
1989-11-25,1989-90:de.1:159:Bor. Mönchengladbach:1. FC Kaiserslautern,de.1,1989-90,Bor. Mönchengladbach,1. FC Kaiserslautern,3,1
1989-11-25,1989-90:de.1:160:Karlsruher SC:VfB Stuttgart,de.1,1989-90,Karlsruher SC,VfB Stuttgart,1,0
1989-11-25,1989-90:de.1:161:1. FC Köln:VfL Bochum,de.1,1989-90,1. FC Köln,VfL Bochum,2,0
1989-11-25,1989-90:de.1:162:Hamburger SV:Fortuna Düsseldorf,de.1,1989-90,Hamburger SV,Fortuna Düsseldorf,1,0
1989-11-30,1989-90:de.1:163:FC St. Pauli:Borussia Dortmund,de.1,1989-90,FC St. Pauli,Borussia Dortmund,2,1
1989-12-01,1989-90:de.1:164:Bayer 04 Leverkusen:1. FC Nürnberg,de.1,1989-90,Bayer 04 Leverkusen,1. FC Nürnberg,2,0
1989-12-01,1989-90:de.1:165:VfL Bochum:SV Waldhof Mannheim,de.1,1989-90,VfL Bochum,SV Waldhof Mannheim,2,0
1989-12-02,1989-90:de.1:166:VfB Stuttgart:1. FC Köln,de.1,1989-90,VfB Stuttgart,1. FC Köln,3,1
1989-12-02,1989-90:de.1:167:Fortuna Düsseldorf:Werder Bremen,de.1,1989-90,Fortuna Düsseldorf,Werder Bremen,2,1
1989-12-02,1989-90:de.1:168:KFC Uerdingen:Karlsruher SC,de.1,1989-90,KFC Uerdingen,Karlsruher SC,1,0
1989-12-02,1989-90:de.1:169:1. FC Kaiserslautern:FC 08 Homburg,de.1,1989-90,1. FC Kaiserslautern,FC 08 Homburg,3,1
1989-12-02,1989-90:de.1:170:Bayern München:Bor. Mönchengladbach,de.1,1989-90,Bayern München,Bor. Mönchengladbach,2,0
1989-12-02,1989-90:de.1:171:Eintracht Frankfurt:Hamburger SV,de.1,1989-90,Eintracht Frankfurt,Hamburger SV,2,0
1989-12-08,1989-90:de.1:172:Bor. Mönchengladbach:Bayer 04 Leverkusen,de.1,1989-90,Bor. Mönchengladbach,Bayer 04 Leverkusen,1,1
1989-12-09,1989-90:de.1:173:Karlsruher SC:1. FC Kaiserslautern,de.1,1989-90,Karlsruher SC,1. FC Kaiserslautern,0,0
1989-12-09,1989-90:de.1:174:SV Waldhof Mannheim:VfB Stuttgart,de.1,1989-90,SV Waldhof Mannheim,VfB Stuttgart,2,1
1989-12-09,1989-90:de.1:175:1. FC Nürnberg:FC St. Pauli,de.1,1989-90,1. FC Nürnberg,FC St. Pauli,0,1
1989-12-09,1989-90:de.1:176:Eintracht Frankfurt:Fortuna Düsseldorf,de.1,1989-90,Eintracht Frankfurt,Fortuna Düsseldorf,2,0
1989-12-09,1989-90:de.1:177:1. FC Köln:KFC Uerdingen,de.1,1989-90,1. FC Köln,KFC Uerdingen,0,1
1989-12-09,1989-90:de.1:178:Hamburger SV:VfL Bochum,de.1,1989-90,Hamburger SV,VfL Bochum,1,4
1989-12-09,1989-90:de.1:179:Borussia Dortmund:Werder Bremen,de.1,1989-90,Borussia Dortmund,Werder Bremen,4,1
1989-12-09,1989-90:de.1:180:FC 08 Homburg:Bayern München,de.1,1989-90,FC 08 Homburg,Bayern München,1,3
1989-12-14,1989-90:de.1:181:VfL Bochum:Eintracht Frankfurt,de.1,1989-90,VfL Bochum,Eintracht Frankfurt,2,2
1989-12-15,1989-90:de.1:182:Fortuna Düsseldorf:Borussia Dortmund,de.1,1989-90,Fortuna Düsseldorf,Borussia Dortmund,1,1
1989-12-16,1989-90:de.1:183:Bayern München:Karlsruher SC,de.1,1989-90,Bayern München,Karlsruher SC,4,1
1989-12-16,1989-90:de.1:184:VfB Stuttgart:Hamburger SV,de.1,1989-90,VfB Stuttgart,Hamburger SV,3,0
1989-12-16,1989-90:de.1:185:1. FC Kaiserslautern:1. FC Köln,de.1,1989-90,1. FC Kaiserslautern,1. FC Köln,1,2
1989-12-16,1989-90:de.1:186:FC St. Pauli:Bor. Mönchengladbach,de.1,1989-90,FC St. Pauli,Bor. Mönchengladbach,2,1
1989-12-16,1989-90:de.1:187:Werder Bremen:1. FC Nürnberg,de.1,1989-90,Werder Bremen,1. FC Nürnberg,4,0
1989-12-16,1989-90:de.1:188:KFC Uerdingen:SV Waldhof Mannheim,de.1,1989-90,KFC Uerdingen,SV Waldhof Mannheim,0,2
1990-02-17,1989-90:de.1:189:Bayer 04 Leverkusen:FC 08 Homburg,de.1,1989-90,Bayer 04 Leverkusen,FC 08 Homburg,3,1
1990-02-23,1989-90:de.1:190:FC 08 Homburg:FC St. Pauli,de.1,1989-90,FC 08 Homburg,FC St. Pauli,0,2
1990-02-23,1989-90:de.1:191:1. FC Köln:Bayern München,de.1,1989-90,1. FC Köln,Bayern München,1,1
1990-02-24,1989-90:de.1:192:SV Waldhof Mannheim:1. FC Kaiserslautern,de.1,1989-90,SV Waldhof Mannheim,1. FC Kaiserslautern,4,0
1990-02-24,1989-90:de.1:193:Karlsruher SC:Bayer 04 Leverkusen,de.1,1989-90,Karlsruher SC,Bayer 04 Leverkusen,2,1
1990-02-24,1989-90:de.1:194:Hamburger SV:KFC Uerdingen,de.1,1989-90,Hamburger SV,KFC Uerdingen,6,0
1990-02-24,1989-90:de.1:195:Eintracht Frankfurt:VfB Stuttgart,de.1,1989-90,Eintracht Frankfurt,VfB Stuttgart,5,1
1990-02-24,1989-90:de.1:196:Bor. Mönchengladbach:Werder Bremen,de.1,1989-90,Bor. Mönchengladbach,Werder Bremen,4,0
1990-02-24,1989-90:de.1:197:VfL Bochum:Fortuna Düsseldorf,de.1,1989-90,VfL Bochum,Fortuna Düsseldorf,1,2
1990-03-02,1989-90:de.1:198:FC St. Pauli:Karlsruher SC,de.1,1989-90,FC St. Pauli,Karlsruher SC,1,1
1990-03-02,1989-90:de.1:199:Werder Bremen:FC 08 Homburg,de.1,1989-90,Werder Bremen,FC 08 Homburg,0,0
1990-03-03,1989-90:de.1:200:1. FC Kaiserslautern:Hamburger SV,de.1,1989-90,1. FC Kaiserslautern,Hamburger SV,1,3
1990-03-03,1989-90:de.1:201:Bayer 04 Leverkusen:1. FC Köln,de.1,1989-90,Bayer 04 Leverkusen,1. FC Köln,0,2
1990-03-03,1989-90:de.1:202:VfB Stuttgart:VfL Bochum,de.1,1989-90,VfB Stuttgart,VfL Bochum,1,0
1990-03-03,1989-90:de.1:203:Borussia Dortmund:Bor. Mönchengladbach,de.1,1989-90,Borussia Dortmund,Bor. Mönchengladbach,3,0
1990-03-03,1989-90:de.1:204:Bayern München:SV Waldhof Mannheim,de.1,1989-90,Bayern München,SV Waldhof Mannheim,2,0
1990-03-03,1989-90:de.1:205:Fortuna Düsseldorf:1. FC Nürnberg,de.1,1989-90,Fortuna Düsseldorf,1. FC Nürnberg,0,0
1990-03-03,1989-90:de.1:206:KFC Uerdingen:Eintracht Frankfurt,de.1,1989-90,KFC Uerdingen,Eintracht Frankfurt,1,1
1990-03-09,1989-90:de.1:207:FC 08 Homburg:Borussia Dortmund,de.1,1989-90,FC 08 Homburg,Borussia Dortmund,3,3
1990-03-09,1989-90:de.1:208:Bor. Mönchengladbach:1. FC Nürnberg,de.1,1989-90,Bor. Mönchengladbach,1. FC Nürnberg,3,0
1990-03-10,1989-90:de.1:209:VfL Bochum:KFC Uerdingen,de.1,1989-90,VfL Bochum,KFC Uerdingen,2,1
1990-03-10,1989-90:de.1:210:Karlsruher SC:Werder Bremen,de.1,1989-90,Karlsruher SC,Werder Bremen,2,1
1990-03-10,1989-90:de.1:211:1. FC Köln:FC St. Pauli,de.1,1989-90,1. FC Köln,FC St. Pauli,1,0
1990-03-10,1989-90:de.1:212:Hamburger SV:Bayern München,de.1,1989-90,Hamburger SV,Bayern München,0,3
1990-03-10,1989-90:de.1:213:VfB Stuttgart:Fortuna Düsseldorf,de.1,1989-90,VfB Stuttgart,Fortuna Düsseldorf,4,0
1990-03-10,1989-90:de.1:214:Eintracht Frankfurt:1. FC Kaiserslautern,de.1,1989-90,Eintracht Frankfurt,1. FC Kaiserslautern,1,1
1990-03-10,1989-90:de.1:215:SV Waldhof Mannheim:Bayer 04 Leverkusen,de.1,1989-90,SV Waldhof Mannheim,Bayer 04 Leverkusen,1,1
1990-03-15,1989-90:de.1:216:FC St. Pauli:SV Waldhof Mannheim,de.1,1989-90,FC St. Pauli,SV Waldhof Mannheim,2,1
1990-03-16,1989-90:de.1:217:Werder Bremen:1. FC Köln,de.1,1989-90,Werder Bremen,1. FC Köln,4,0
1990-03-17,1989-90:de.1:218:Bayer 04 Leverkusen:Hamburger SV,de.1,1989-90,Bayer 04 Leverkusen,Hamburger SV,1,0
1990-03-17,1989-90:de.1:219:Borussia Dortmund:Karlsruher SC,de.1,1989-90,Borussia Dortmund,Karlsruher SC,2,0
1990-03-17,1989-90:de.1:220:1. FC Nürnberg:FC 08 Homburg,de.1,1989-90,1. FC Nürnberg,FC 08 Homburg,2,0
1990-03-17,1989-90:de.1:221:Bayern München:Eintracht Frankfurt,de.1,1989-90,Bayern München,Eintracht Frankfurt,1,0
1990-03-17,1989-90:de.1:222:1. FC Kaiserslautern:VfL Bochum,de.1,1989-90,1. FC Kaiserslautern,VfL Bochum,2,1
1990-03-17,1989-90:de.1:223:Fortuna Düsseldorf:Bor. Mönchengladbach,de.1,1989-90,Fortuna Düsseldorf,Bor. Mönchengladbach,0,1
1990-03-17,1989-90:de.1:224:KFC Uerdingen:VfB Stuttgart,de.1,1989-90,KFC Uerdingen,VfB Stuttgart,4,1
1990-03-23,1989-90:de.1:225:Eintracht Frankfurt:Bayer 04 Leverkusen,de.1,1989-90,Eintracht Frankfurt,Bayer 04 Leverkusen,0,3
1990-03-23,1989-90:de.1:226:FC 08 Homburg:Bor. Mönchengladbach,de.1,1989-90,FC 08 Homburg,Bor. Mönchengladbach,1,3
1990-03-24,1989-90:de.1:227:Karlsruher SC:1. FC Nürnberg,de.1,1989-90,Karlsruher SC,1. FC Nürnberg,0,0
1990-03-24,1989-90:de.1:228:KFC Uerdingen:Fortuna Düsseldorf,de.1,1989-90,KFC Uerdingen,Fortuna Düsseldorf,0,1
1990-03-24,1989-90:de.1:229:Hamburger SV:FC St. Pauli,de.1,1989-90,Hamburger SV,FC St. Pauli,0,0
1990-03-24,1989-90:de.1:230:VfL Bochum:Bayern München,de.1,1989-90,VfL Bochum,Bayern München,0,0
1990-03-24,1989-90:de.1:231:1. FC Köln:Borussia Dortmund,de.1,1989-90,1. FC Köln,Borussia Dortmund,1,1
1990-03-24,1989-90:de.1:232:SV Waldhof Mannheim:Werder Bremen,de.1,1989-90,SV Waldhof Mannheim,Werder Bremen,0,0
1990-03-24,1989-90:de.1:233:VfB Stuttgart:1. FC Kaiserslautern,de.1,1989-90,VfB Stuttgart,1. FC Kaiserslautern,0,1
1990-03-30,1989-90:de.1:234:Fortuna Düsseldorf:FC 08 Homburg,de.1,1989-90,Fortuna Düsseldorf,FC 08 Homburg,1,0
1990-03-30,1989-90:de.1:235:Borussia Dortmund:SV Waldhof Mannheim,de.1,1989-90,Borussia Dortmund,SV Waldhof Mannheim,2,0
1990-03-31,1989-90:de.1:236:Werder Bremen:Hamburger SV,de.1,1989-90,Werder Bremen,Hamburger SV,2,1
1990-03-31,1989-90:de.1:237:1. FC Nürnberg:1. FC Köln,de.1,1989-90,1. FC Nürnberg,1. FC Köln,1,1
1990-03-31,1989-90:de.1:238:Bayern München:VfB Stuttgart,de.1,1989-90,Bayern München,VfB Stuttgart,3,1
1990-03-31,1989-90:de.1:239:Bor. Mönchengladbach:Karlsruher SC,de.1,1989-90,Bor. Mönchengladbach,Karlsruher SC,0,0
1990-03-31,1989-90:de.1:240:FC St. Pauli:Eintracht Frankfurt,de.1,1989-90,FC St. Pauli,Eintracht Frankfurt,2,2
1990-03-31,1989-90:de.1:241:1. FC Kaiserslautern:KFC Uerdingen,de.1,1989-90,1. FC Kaiserslautern,KFC Uerdingen,2,1
1990-03-31,1989-90:de.1:242:Bayer 04 Leverkusen:VfL Bochum,de.1,1989-90,Bayer 04 Leverkusen,VfL Bochum,2,1
1990-04-06,1989-90:de.1:243:VfL Bochum:FC St. Pauli,de.1,1989-90,VfL Bochum,FC St. Pauli,3,3
1990-04-06,1989-90:de.1:244:1. FC Kaiserslautern:Fortuna Düsseldorf,de.1,1989-90,1. FC Kaiserslautern,Fortuna Düsseldorf,1,0
1990-04-07,1989-90:de.1:245:KFC Uerdingen:Bayern München,de.1,1989-90,KFC Uerdingen,Bayern München,2,2
1990-04-07,1989-90:de.1:246:Eintracht Frankfurt:Werder Bremen,de.1,1989-90,Eintracht Frankfurt,Werder Bremen,1,0
1990-04-07,1989-90:de.1:247:SV Waldhof Mannheim:1. FC Nürnberg,de.1,1989-90,SV Waldhof Mannheim,1. FC Nürnberg,1,1
1990-04-07,1989-90:de.1:248:Hamburger SV:Borussia Dortmund,de.1,1989-90,Hamburger SV,Borussia Dortmund,1,1
1990-04-07,1989-90:de.1:249:Karlsruher SC:FC 08 Homburg,de.1,1989-90,Karlsruher SC,FC 08 Homburg,0,2
1990-04-07,1989-90:de.1:250:1. FC Köln:Bor. Mönchengladbach,de.1,1989-90,1. FC Köln,Bor. Mönchengladbach,3,0
1990-04-07,1989-90:de.1:251:VfB Stuttgart:Bayer 04 Leverkusen,de.1,1989-90,VfB Stuttgart,Bayer 04 Leverkusen,0,0
1990-04-11,1989-90:de.1:252:Borussia Dortmund:Eintracht Frankfurt,de.1,1989-90,Borussia Dortmund,Eintracht Frankfurt,0,0
1990-04-12,1989-90:de.1:253:1. FC Nürnberg:Hamburger SV,de.1,1989-90,1. FC Nürnberg,Hamburger SV,2,0
1990-04-12,1989-90:de.1:254:FC 08 Homburg:1. FC Köln,de.1,1989-90,FC 08 Homburg,1. FC Köln,0,1
1990-04-12,1989-90:de.1:255:FC St. Pauli:VfB Stuttgart,de.1,1989-90,FC St. Pauli,VfB Stuttgart,0,0
1990-04-12,1989-90:de.1:256:Werder Bremen:VfL Bochum,de.1,1989-90,Werder Bremen,VfL Bochum,1,1
1990-04-12,1989-90:de.1:257:Bor. Mönchengladbach:SV Waldhof Mannheim,de.1,1989-90,Bor. Mönchengladbach,SV Waldhof Mannheim,2,0
1990-04-12,1989-90:de.1:258:Fortuna Düsseldorf:Karlsruher SC,de.1,1989-90,Fortuna Düsseldorf,Karlsruher SC,0,0
1990-04-12,1989-90:de.1:259:Bayern München:1. FC Kaiserslautern,de.1,1989-90,Bayern München,1. FC Kaiserslautern,3,0
1990-04-12,1989-90:de.1:260:Bayer 04 Leverkusen:KFC Uerdingen,de.1,1989-90,Bayer 04 Leverkusen,KFC Uerdingen,1,1
1990-04-16,1989-90:de.1:261:1. FC Nürnberg:Borussia Dortmund,de.1,1989-90,1. FC Nürnberg,Borussia Dortmund,1,3
1990-04-20,1989-90:de.1:262:KFC Uerdingen:FC St. Pauli,de.1,1989-90,KFC Uerdingen,FC St. Pauli,1,0
1990-04-20,1989-90:de.1:263:1. FC Kaiserslautern:Bayer 04 Leverkusen,de.1,1989-90,1. FC Kaiserslautern,Bayer 04 Leverkusen,2,0
1990-04-21,1989-90:de.1:264:1. FC Köln:Karlsruher SC,de.1,1989-90,1. FC Köln,Karlsruher SC,0,5
1990-04-21,1989-90:de.1:265:SV Waldhof Mannheim:FC 08 Homburg,de.1,1989-90,SV Waldhof Mannheim,FC 08 Homburg,1,2
1990-04-21,1989-90:de.1:266:Hamburger SV:Bor. Mönchengladbach,de.1,1989-90,Hamburger SV,Bor. Mönchengladbach,3,0
1990-04-21,1989-90:de.1:267:Eintracht Frankfurt:1. FC Nürnberg,de.1,1989-90,Eintracht Frankfurt,1. FC Nürnberg,5,1
1990-04-21,1989-90:de.1:268:VfL Bochum:Borussia Dortmund,de.1,1989-90,VfL Bochum,Borussia Dortmund,2,3
1990-04-21,1989-90:de.1:269:VfB Stuttgart:Werder Bremen,de.1,1989-90,VfB Stuttgart,Werder Bremen,3,1
1990-04-21,1989-90:de.1:270:Bayern München:Fortuna Düsseldorf,de.1,1989-90,Bayern München,Fortuna Düsseldorf,0,0
1990-04-27,1989-90:de.1:271:FC St. Pauli:1. FC Kaiserslautern,de.1,1989-90,FC St. Pauli,1. FC Kaiserslautern,0,2
1990-04-27,1989-90:de.1:272:FC 08 Homburg:Hamburger SV,de.1,1989-90,FC 08 Homburg,Hamburger SV,0,1
1990-04-28,1989-90:de.1:273:Bayer 04 Leverkusen:Bayern München,de.1,1989-90,Bayer 04 Leverkusen,Bayern München,0,0
1990-04-28,1989-90:de.1:274:Werder Bremen:KFC Uerdingen,de.1,1989-90,Werder Bremen,KFC Uerdingen,0,0
1990-04-28,1989-90:de.1:275:Borussia Dortmund:VfB Stuttgart,de.1,1989-90,Borussia Dortmund,VfB Stuttgart,2,0
1990-04-28,1989-90:de.1:276:1. FC Nürnberg:VfL Bochum,de.1,1989-90,1. FC Nürnberg,VfL Bochum,2,1
1990-04-28,1989-90:de.1:277:Bor. Mönchengladbach:Eintracht Frankfurt,de.1,1989-90,Bor. Mönchengladbach,Eintracht Frankfurt,2,1
1990-04-28,1989-90:de.1:278:Karlsruher SC:SV Waldhof Mannheim,de.1,1989-90,Karlsruher SC,SV Waldhof Mannheim,4,0
1990-04-28,1989-90:de.1:279:Fortuna Düsseldorf:1. FC Köln,de.1,1989-90,Fortuna Düsseldorf,1. FC Köln,1,1
1990-05-01,1989-90:de.1:280:Eintracht Frankfurt:FC 08 Homburg,de.1,1989-90,Eintracht Frankfurt,FC 08 Homburg,1,1
1990-05-01,1989-90:de.1:281:VfL Bochum:Bor. Mönchengladbach,de.1,1989-90,VfL Bochum,Bor. Mönchengladbach,2,1
1990-05-01,1989-90:de.1:282:VfB Stuttgart:1. FC Nürnberg,de.1,1989-90,VfB Stuttgart,1. FC Nürnberg,4,0
1990-05-01,1989-90:de.1:283:1. FC Kaiserslautern:Werder Bremen,de.1,1989-90,1. FC Kaiserslautern,Werder Bremen,2,2
1990-05-01,1989-90:de.1:284:1. FC Köln:SV Waldhof Mannheim,de.1,1989-90,1. FC Köln,SV Waldhof Mannheim,6,0
1990-05-02,1989-90:de.1:285:Bayern München:FC St. Pauli,de.1,1989-90,Bayern München,FC St. Pauli,1,0
1990-05-02,1989-90:de.1:286:Fortuna Düsseldorf:Bayer 04 Leverkusen,de.1,1989-90,Fortuna Düsseldorf,Bayer 04 Leverkusen,2,0
1990-05-02,1989-90:de.1:287:Hamburger SV:Karlsruher SC,de.1,1989-90,Hamburger SV,Karlsruher SC,1,0
1990-05-02,1989-90:de.1:288:KFC Uerdingen:Borussia Dortmund,de.1,1989-90,KFC Uerdingen,Borussia Dortmund,1,3
1990-05-05,1989-90:de.1:289:SV Waldhof Mannheim:Fortuna Düsseldorf,de.1,1989-90,SV Waldhof Mannheim,Fortuna Düsseldorf,0,1
1990-05-05,1989-90:de.1:290:FC St. Pauli:Bayer 04 Leverkusen,de.1,1989-90,FC St. Pauli,Bayer 04 Leverkusen,3,0
1990-05-05,1989-90:de.1:291:1. FC Köln:Hamburger SV,de.1,1989-90,1. FC Köln,Hamburger SV,2,0
1990-05-05,1989-90:de.1:292:Borussia Dortmund:1. FC Kaiserslautern,de.1,1989-90,Borussia Dortmund,1. FC Kaiserslautern,1,1
1990-05-05,1989-90:de.1:293:1. FC Nürnberg:KFC Uerdingen,de.1,1989-90,1. FC Nürnberg,KFC Uerdingen,1,1
1990-05-05,1989-90:de.1:294:Bor. Mönchengladbach:VfB Stuttgart,de.1,1989-90,Bor. Mönchengladbach,VfB Stuttgart,3,1
1990-05-05,1989-90:de.1:295:FC 08 Homburg:VfL Bochum,de.1,1989-90,FC 08 Homburg,VfL Bochum,1,0
1990-05-05,1989-90:de.1:296:Karlsruher SC:Eintracht Frankfurt,de.1,1989-90,Karlsruher SC,Eintracht Frankfurt,1,0
1990-05-05,1989-90:de.1:297:Werder Bremen:Bayern München,de.1,1989-90,Werder Bremen,Bayern München,2,2
1990-05-12,1989-90:de.1:298:Fortuna Düsseldorf:FC St. Pauli,de.1,1989-90,Fortuna Düsseldorf,FC St. Pauli,7,0
1990-05-12,1989-90:de.1:299:Eintracht Frankfurt:1. FC Köln,de.1,1989-90,Eintracht Frankfurt,1. FC Köln,3,1
1990-05-12,1989-90:de.1:300:VfL Bochum:Karlsruher SC,de.1,1989-90,VfL Bochum,Karlsruher SC,2,0
1990-05-12,1989-90:de.1:301:VfB Stuttgart:FC 08 Homburg,de.1,1989-90,VfB Stuttgart,FC 08 Homburg,2,2
1990-05-12,1989-90:de.1:302:KFC Uerdingen:Bor. Mönchengladbach,de.1,1989-90,KFC Uerdingen,Bor. Mönchengladbach,0,0
1990-05-12,1989-90:de.1:303:1. FC Kaiserslautern:1. FC Nürnberg,de.1,1989-90,1. FC Kaiserslautern,1. FC Nürnberg,0,2
1990-05-12,1989-90:de.1:304:Bayern München:Borussia Dortmund,de.1,1989-90,Bayern München,Borussia Dortmund,3,0
1990-05-12,1989-90:de.1:305:Bayer 04 Leverkusen:Werder Bremen,de.1,1989-90,Bayer 04 Leverkusen,Werder Bremen,1,3
1990-05-12,1989-90:de.1:306:Hamburger SV:SV Waldhof Mannheim,de.1,1989-90,Hamburger SV,SV Waldhof Mannheim,1,0
