{
  "schema_version": "V4.7.0-remaining-single-domain-training-r1",
  "generated_at_utc": "2026-07-20T10:26:41.260136+00:00",
  "status": "PASS",
  "competition_id": "ARG_Primera",
  "target_live_season": "2026",
  "outer_predictions": 1592,
  "outer_folds": 5,
  "conditional_allocation": {
    "parameters": {
      "btts": 0.3,
      "home_zero": 0.0,
      "away_zero": 0.0,
      "margin2plus": 0.0
    },
    "outer_primary_ci": {
      "count": 1592,
      "blocks": 81,
      "mean_difference": -0.0007297643509059213,
      "ci95_lower": -0.005776787820914733,
      "ci95_upper": 0.0046025175354090925
    },
    "structural_brier_differences": {
      "btts": -0.0007476367224083306,
      "home_zero": 6.629878820953544e-05,
      "away_zero": 0.0004941576723385507,
      "margin2plus": -9.931308706296466e-05
    },
    "status": "KEEP_FORMAL_WEIGHT_0",
    "max_total_marginal_residual": 1.1102230246251565e-16
  },
  "total_tail_research_only": {
    "parameters": {
      "tail4plus": 0.0,
      "tail5plus": 0.0,
      "tail7plus": 0.0
    },
    "outer_primary_ci": {
      "count": 1592,
      "blocks": 81,
      "mean_difference": 0.0003622543251452988,
      "ci95_lower": -0.00011170012310907245,
      "ci95_upper": 0.0008855366188167061
    },
    "tail_brier_differences": {
      "tail4plus": 0.0011219828709285212,
      "tail5plus": 0.0007710603791327131,
      "tail7plus": 1.7681774881791127e-05
    },
    "status": "KEEP_FORMAL_WEIGHT_0",
    "max_total_vector_residual": 1.1102230246251565e-16,
    "max_conditional_score_residual": 2.220446049250313e-16
  },
  "artifact_path": "models/challengers_v470/ARG_Primera/priority_v470.json",
  "formal_weight": 0,
  "automatic_promotion": false,
  "policy": "competition-specific nested chronological OOF; total-tail remains research-only; no automatic promotion"
}
