{
  "schema_version": "V4.7.0-remaining-single-domain-training-r1",
  "generated_at_utc": "2026-07-20T10:26:28.337406+00:00",
  "status": "PASS",
  "competition_id": "BRA_SerieA",
  "target_live_season": "2026",
  "outer_predictions": 1492,
  "outer_folds": 5,
  "conditional_allocation": {
    "parameters": {
      "btts": 0.0,
      "home_zero": 0.0,
      "away_zero": 0.0,
      "margin2plus": -0.3
    },
    "outer_primary_ci": {
      "count": 1492,
      "blocks": 75,
      "mean_difference": -0.00481618384313526,
      "ci95_lower": -0.012404423090382182,
      "ci95_upper": 0.00324781467547087
    },
    "structural_brier_differences": {
      "btts": -0.0018094481627230422,
      "home_zero": -0.0003503139181359024,
      "away_zero": -0.0010705078680340301,
      "margin2plus": -0.001864261014084749
    },
    "status": "KEEP_FORMAL_WEIGHT_0",
    "max_total_marginal_residual": 1.1102230246251565e-16
  },
  "total_tail_research_only": {
    "parameters": {
      "tail4plus": 0.0,
      "tail5plus": 0.0,
      "tail7plus": 0.0
    },
    "outer_primary_ci": {
      "count": 1492,
      "blocks": 75,
      "mean_difference": 3.0694838985112406e-19,
      "ci95_lower": -9.786808915270222e-19,
      "ci95_upper": 1.7891870720829593e-18
    },
    "tail_brier_differences": {
      "tail4plus": -2.999722900817803e-19,
      "tail5plus": -3.345621181047763e-19,
      "tail7plus": 8.536184581042667e-21
    },
    "status": "KEEP_FORMAL_WEIGHT_0",
    "max_total_vector_residual": 8.326672684688674e-17,
    "max_conditional_score_residual": 1.1102230246251565e-16
  },
  "artifact_path": "models/challengers_v470/BRA_SerieA/priority_v470.json",
  "formal_weight": 0,
  "automatic_promotion": false,
  "policy": "competition-specific nested chronological OOF; total-tail remains research-only; no automatic promotion"
}
