{
  "schema_version": "V4.7.0-remaining-single-domain-training-r1",
  "generated_at_utc": "2026-07-20T10:23:28.658097+00:00",
  "status": "PASS",
  "competition_id": "ENG_PremierLeague",
  "target_live_season": "2025/26",
  "outer_predictions": 1351,
  "outer_folds": 4,
  "conditional_allocation": {
    "parameters": {
      "btts": 0.0,
      "home_zero": 0.0,
      "away_zero": 0.0,
      "margin2plus": 0.0
    },
    "outer_primary_ci": {
      "count": 1351,
      "blocks": 68,
      "mean_difference": 0.0015117804749087461,
      "ci95_lower": -0.00024372945464430702,
      "ci95_upper": 0.0034321629827010086
    },
    "structural_brier_differences": {
      "btts": 9.438972205136747e-05,
      "home_zero": 8.97353277241367e-06,
      "away_zero": 5.915061625633634e-05,
      "margin2plus": 0.000117344306551349
    },
    "status": "KEEP_FORMAL_WEIGHT_0",
    "max_total_marginal_residual": 8.326672684688674e-17
  },
  "total_tail_research_only": {
    "parameters": {
      "tail4plus": 0.0,
      "tail5plus": 0.0,
      "tail7plus": 0.0
    },
    "outer_primary_ci": {
      "count": 1351,
      "blocks": 68,
      "mean_difference": 9.193649213911132e-19,
      "ci95_lower": -7.39808541225403e-19,
      "ci95_upper": 2.4345194007787017e-18
    },
    "tail_brier_differences": {
      "tail4plus": -1.068312310890232e-18,
      "tail5plus": -4.6225051913519657e-20,
      "tail7plus": 3.208066753894007e-20
    },
    "status": "KEEP_FORMAL_WEIGHT_0",
    "max_total_vector_residual": 5.551115123125783e-17,
    "max_conditional_score_residual": 2.220446049250313e-16
  },
  "artifact_path": "models/challengers_v470/ENG_PremierLeague/priority_v470.json",
  "formal_weight": 0,
  "automatic_promotion": false,
  "policy": "competition-specific nested chronological OOF; total-tail remains research-only; no automatic promotion"
}
