{
  "schema_version": "V4.7.0-remaining-single-domain-training-r1",
  "generated_at_utc": "2026-07-20T10:24:32.438565+00:00",
  "status": "PASS",
  "competition_id": "ESP_LaLiga",
  "target_live_season": "2025/26",
  "outer_predictions": 1339,
  "outer_folds": 4,
  "conditional_allocation": {
    "parameters": {
      "btts": 0.0,
      "home_zero": 0.0,
      "away_zero": 0.0,
      "margin2plus": -0.3
    },
    "outer_primary_ci": {
      "count": 1339,
      "blocks": 68,
      "mean_difference": -0.008812423336632996,
      "ci95_lower": -0.01465382622497088,
      "ci95_upper": -0.0026872215879511644
    },
    "structural_brier_differences": {
      "btts": -0.0018798355524688641,
      "home_zero": -0.0006075690558912052,
      "away_zero": -0.00086797468358358,
      "margin2plus": -0.0028152325888107883
    },
    "status": "REVIEW_CANDIDATE",
    "max_total_marginal_residual": 1.1102230246251565e-16
  },
  "total_tail_research_only": {
    "parameters": {
      "tail4plus": 0.0,
      "tail5plus": 0.0,
      "tail7plus": 0.0
    },
    "outer_primary_ci": {
      "count": 1339,
      "blocks": 68,
      "mean_difference": -2.1298621318191717e-18,
      "ci95_lower": -3.4331448164324254e-18,
      "ci95_upper": -7.980505311439232e-19
    },
    "tail_brier_differences": {
      "tail4plus": 1.7282457930941454e-18,
      "tail5plus": 6.995897513274651e-19,
      "tail7plus": 2.238849146319955e-20
    },
    "status": "KEEP_FORMAL_WEIGHT_0",
    "max_total_vector_residual": 8.326672684688674e-17,
    "max_conditional_score_residual": 1.1102230246251565e-16
  },
  "artifact_path": "models/challengers_v470/ESP_LaLiga/priority_v470.json",
  "formal_weight": 0,
  "automatic_promotion": false,
  "policy": "competition-specific nested chronological OOF; total-tail remains research-only; no automatic promotion"
}
