{
  "schema_version": "V4.7.0-remaining-single-domain-training-r1",
  "generated_at_utc": "2026-07-20T10:22:57.157377+00:00",
  "status": "PASS",
  "competition_id": "FRA_Ligue1",
  "target_live_season": "2025/26",
  "outer_predictions": 1142,
  "outer_folds": 4,
  "conditional_allocation": {
    "parameters": {
      "btts": 0.0,
      "home_zero": 0.0,
      "away_zero": 0.0,
      "margin2plus": 0.0
    },
    "outer_primary_ci": {
      "count": 1142,
      "blocks": 59,
      "mean_difference": 0.0010832851743879934,
      "ci95_lower": -0.005174903845173179,
      "ci95_upper": 0.007107173620433909
    },
    "structural_brier_differences": {
      "btts": -0.0001805297206292177,
      "home_zero": 0.0007122571504660355,
      "away_zero": -0.0002333982656783135,
      "margin2plus": 0.0005924377941146675
    },
    "status": "KEEP_FORMAL_WEIGHT_0",
    "max_total_marginal_residual": 1.1102230246251565e-16
  },
  "total_tail_research_only": {
    "parameters": {
      "tail4plus": 0.0,
      "tail5plus": 0.0,
      "tail7plus": 0.0
    },
    "outer_primary_ci": {
      "count": 1142,
      "blocks": 59,
      "mean_difference": 9.357177418578925e-19,
      "ci95_lower": -6.865336724713865e-19,
      "ci95_upper": 2.581076452145422e-18
    },
    "tail_brier_differences": {
      "tail4plus": 1.1909134896373176e-18,
      "tail5plus": -2.0202996699204497e-19,
      "tail7plus": -1.6278460157600333e-19
    },
    "status": "KEEP_FORMAL_WEIGHT_0",
    "max_total_vector_residual": 5.551115123125783e-17,
    "max_conditional_score_residual": 1.1102230246251565e-16
  },
  "artifact_path": "models/challengers_v470/FRA_Ligue1/priority_v470.json",
  "formal_weight": 0,
  "automatic_promotion": false,
  "policy": "competition-specific nested chronological OOF; total-tail remains research-only; no automatic promotion"
}
