{
  "schema_version": "V4.7.0-remaining-single-domain-training-r1",
  "generated_at_utc": "2026-07-20T10:23:10.401426+00:00",
  "status": "PASS",
  "competition_id": "GER_Bundesliga",
  "target_live_season": "2025/26",
  "outer_predictions": 1076,
  "outer_folds": 4,
  "conditional_allocation": {
    "parameters": {
      "btts": 0.0,
      "home_zero": 0.0,
      "away_zero": 0.0,
      "margin2plus": 0.0
    },
    "outer_primary_ci": {
      "count": 1076,
      "blocks": 56,
      "mean_difference": 0.0021458528913853065,
      "ci95_lower": -0.0015008306254946937,
      "ci95_upper": 0.006778109397372326
    },
    "structural_brier_differences": {
      "btts": 1.1933141192072152e-05,
      "home_zero": -0.00016905038177410025,
      "away_zero": 2.2598868509110353e-05,
      "margin2plus": 0.0008299245368838345
    },
    "status": "KEEP_FORMAL_WEIGHT_0",
    "max_total_marginal_residual": 8.326672684688674e-17
  },
  "total_tail_research_only": {
    "parameters": {
      "tail4plus": 0.0,
      "tail5plus": 0.0,
      "tail7plus": 0.0
    },
    "outer_primary_ci": {
      "count": 1076,
      "blocks": 56,
      "mean_difference": -1.0189082126555224e-18,
      "ci95_lower": -3.2174759442698322e-18,
      "ci95_upper": 1.0434426923168764e-18
    },
    "tail_brier_differences": {
      "tail4plus": 2.2441775823045682e-18,
      "tail5plus": 1.8411284475515925e-18,
      "tail7plus": -1.6212651445438443e-19
    },
    "status": "KEEP_FORMAL_WEIGHT_0",
    "max_total_vector_residual": 8.326672684688674e-17,
    "max_conditional_score_residual": 1.1102230246251565e-16
  },
  "artifact_path": "models/challengers_v470/GER_Bundesliga/priority_v470.json",
  "formal_weight": 0,
  "automatic_promotion": false,
  "policy": "competition-specific nested chronological OOF; total-tail remains research-only; no automatic promotion"
}
