{
  "schema_version": "V4.7.0-remaining-single-domain-training-r1",
  "generated_at_utc": "2026-07-20T10:23:29.266132+00:00",
  "status": "PASS",
  "competition_id": "ITA_SerieA",
  "target_live_season": "2025/26",
  "outer_predictions": 1343,
  "outer_folds": 4,
  "conditional_allocation": {
    "parameters": {
      "btts": 0.0,
      "home_zero": 0.0,
      "away_zero": 0.0,
      "margin2plus": -0.3
    },
    "outer_primary_ci": {
      "count": 1343,
      "blocks": 68,
      "mean_difference": -0.005788165692684972,
      "ci95_lower": -0.013550141036576573,
      "ci95_upper": 0.0006681683255897701
    },
    "structural_brier_differences": {
      "btts": -0.000587168300996415,
      "home_zero": 0.0005098116945739447,
      "away_zero": -0.0004652801714075451,
      "margin2plus": -0.0012962321803016575
    },
    "status": "KEEP_FORMAL_WEIGHT_0",
    "max_total_marginal_residual": 1.1102230246251565e-16
  },
  "total_tail_research_only": {
    "parameters": {
      "tail4plus": 0.0,
      "tail5plus": 0.0,
      "tail7plus": 0.0
    },
    "outer_primary_ci": {
      "count": 1343,
      "blocks": 68,
      "mean_difference": 4.030585402532336e-05,
      "ci95_lower": -0.00011908751553199428,
      "ci95_upper": 0.00021455372293822882
    },
    "tail_brier_differences": {
      "tail4plus": 9.821902908653815e-06,
      "tail5plus": -5.701069635112299e-05,
      "tail7plus": 1.0076030220158603e-05
    },
    "status": "KEEP_FORMAL_WEIGHT_0",
    "max_total_vector_residual": 8.326672684688674e-17,
    "max_conditional_score_residual": 1.1102230246251565e-16
  },
  "artifact_path": "models/challengers_v470/ITA_SerieA/priority_v470.json",
  "formal_weight": 0,
  "automatic_promotion": false,
  "policy": "competition-specific nested chronological OOF; total-tail remains research-only; no automatic promotion"
}
