{
  "schema_version": "V4.7.0-remaining-single-domain-training-r1",
  "generated_at_utc": "2026-07-20T10:25:56.235896+00:00",
  "status": "PASS",
  "competition_id": "JPN_J1",
  "target_live_season": "2025",
  "outer_predictions": 1200,
  "outer_folds": 4,
  "conditional_allocation": {
    "parameters": {
      "btts": 0.0,
      "home_zero": 0.0,
      "away_zero": 0.0,
      "margin2plus": 0.0
    },
    "outer_primary_ci": {
      "count": 1200,
      "blocks": 62,
      "mean_difference": -2.201942332173227e-17,
      "ci95_lower": -3.2373883914110826e-17,
      "ci95_upper": -1.2896530084029596e-17
    },
    "structural_brier_differences": {
      "btts": -2.7755575615628915e-18,
      "home_zero": -9.020562075079397e-19,
      "away_zero": 1.8561541192951837e-18,
      "margin2plus": 3.2265856653168614e-18
    },
    "status": "KEEP_FORMAL_WEIGHT_0",
    "max_total_marginal_residual": 1.1102230246251565e-16
  },
  "total_tail_research_only": {
    "parameters": {
      "tail4plus": 0.0,
      "tail5plus": 0.0,
      "tail7plus": 0.0
    },
    "outer_primary_ci": {
      "count": 1200,
      "blocks": 62,
      "mean_difference": 4.221160458210231e-19,
      "ci95_lower": -1.2562802837869263e-18,
      "ci95_upper": 2.0707089871177846e-18
    },
    "tail_brier_differences": {
      "tail4plus": -1.8503717077085944e-19,
      "tail5plus": -3.361026734705064e-20,
      "tail7plus": 1.4478616511733507e-20
    },
    "status": "KEEP_FORMAL_WEIGHT_0",
    "max_total_vector_residual": 5.551115123125783e-17,
    "max_conditional_score_residual": 1.1102230246251565e-16
  },
  "artifact_path": "models/challengers_v470/JPN_J1/priority_v470.json",
  "formal_weight": 0,
  "automatic_promotion": false,
  "policy": "competition-specific nested chronological OOF; total-tail remains research-only; no automatic promotion"
}
