{
  "schema_version": "V4.7.0-remaining-single-domain-training-r1",
  "generated_at_utc": "2026-07-20T10:24:47.034108+00:00",
  "status": "PASS",
  "competition_id": "NED_Eredivisie",
  "target_live_season": "2025/26",
  "outer_predictions": 1065,
  "outer_folds": 4,
  "conditional_allocation": {
    "parameters": {
      "btts": 0.0,
      "home_zero": 0.0,
      "away_zero": 0.0,
      "margin2plus": 0.0
    },
    "outer_primary_ci": {
      "count": 1065,
      "blocks": 56,
      "mean_difference": 0.004144793964734538,
      "ci95_lower": 0.00011089400427175425,
      "ci95_upper": 0.008702988019422068
    },
    "structural_brier_differences": {
      "btts": 0.0006459590833229843,
      "home_zero": 0.0003098152609298778,
      "away_zero": 0.0005737477442670543,
      "margin2plus": 0.0011353747244668417
    },
    "status": "KEEP_FORMAL_WEIGHT_0",
    "max_total_marginal_residual": 8.326672684688674e-17
  },
  "total_tail_research_only": {
    "parameters": {
      "tail4plus": 0.0,
      "tail5plus": 0.0,
      "tail7plus": 0.0
    },
    "outer_primary_ci": {
      "count": 1065,
      "blocks": 56,
      "mean_difference": 6.7108551371121555e-19,
      "ci95_lower": -1.4075102326408976e-18,
      "ci95_upper": 2.2936362393602354e-18
    },
    "tail_brier_differences": {
      "tail4plus": -9.251858538542971e-19,
      "tail5plus": -1.6565387559327819e-18,
      "tail7plus": -1.2964614710425257e-19
    },
    "status": "KEEP_FORMAL_WEIGHT_0",
    "max_total_vector_residual": 5.551115123125783e-17,
    "max_conditional_score_residual": 2.220446049250313e-16
  },
  "artifact_path": "models/challengers_v470/NED_Eredivisie/priority_v470.json",
  "formal_weight": 0,
  "automatic_promotion": false,
  "policy": "competition-specific nested chronological OOF; total-tail remains research-only; no automatic promotion"
}
