{
  "schema_version": "V4.7.0-remaining-single-domain-training-r1",
  "generated_at_utc": "2026-07-20T10:24:28.228246+00:00",
  "status": "PASS",
  "competition_id": "POR_PrimeiraLiga",
  "target_live_season": "2025/26",
  "outer_predictions": 1079,
  "outer_folds": 4,
  "conditional_allocation": {
    "parameters": {
      "btts": 0.0,
      "home_zero": 0.0,
      "away_zero": 0.0,
      "margin2plus": 0.0
    },
    "outer_primary_ci": {
      "count": 1079,
      "blocks": 56,
      "mean_difference": 0.0027612414097798518,
      "ci95_lower": -0.0007434886160623184,
      "ci95_upper": 0.006618507754072935
    },
    "structural_brier_differences": {
      "btts": 0.00037649474333832525,
      "home_zero": 3.37148218454552e-05,
      "away_zero": 0.0002734360192727909,
      "margin2plus": 0.0005318688991291691
    },
    "status": "KEEP_FORMAL_WEIGHT_0",
    "max_total_marginal_residual": 1.1102230246251565e-16
  },
  "total_tail_research_only": {
    "parameters": {
      "tail4plus": 0.0,
      "tail5plus": 0.0,
      "tail7plus": 0.0
    },
    "outer_primary_ci": {
      "count": 1079,
      "blocks": 56,
      "mean_difference": -1.4147883770709826e-18,
      "ci95_lower": -3.141650747886902e-18,
      "ci95_upper": 2.661315716185186e-19
    },
    "tail_brier_differences": {
      "tail4plus": 6.430856259413557e-20,
      "tail5plus": 3.762050911756931e-19,
      "tail7plus": 2.3217651944386643e-20
    },
    "status": "KEEP_FORMAL_WEIGHT_0",
    "max_total_vector_residual": 5.551115123125783e-17,
    "max_conditional_score_residual": 1.1102230246251565e-16
  },
  "artifact_path": "models/challengers_v470/POR_PrimeiraLiga/priority_v470.json",
  "formal_weight": 0,
  "automatic_promotion": false,
  "policy": "competition-specific nested chronological OOF; total-tail remains research-only; no automatic promotion"
}
