{
  "schema_version": "V4.7.0-remaining-single-domain-training-r1",
  "generated_at_utc": "2026-07-20T10:25:26.119189+00:00",
  "status": "PASS",
  "competition_id": "SCO_Premiership",
  "target_live_season": "2025/26",
  "outer_predictions": 791,
  "outer_folds": 4,
  "conditional_allocation": {
    "parameters": {
      "btts": 0.0,
      "home_zero": 0.0,
      "away_zero": 0.0,
      "margin2plus": 0.0
    },
    "outer_primary_ci": {
      "count": 791,
      "blocks": 40,
      "mean_difference": 0.005226514024623989,
      "ci95_lower": -0.0012114428166348711,
      "ci95_upper": 0.012868600566943897
    },
    "structural_brier_differences": {
      "btts": 0.0006738630736271814,
      "home_zero": -4.4554790817758684e-05,
      "away_zero": 0.00033431014222698024,
      "margin2plus": 0.002206053310436144
    },
    "status": "KEEP_FORMAL_WEIGHT_0",
    "max_total_marginal_residual": 1.1102230246251565e-16
  },
  "total_tail_research_only": {
    "parameters": {
      "tail4plus": 0.0,
      "tail5plus": 0.0,
      "tail7plus": 0.0
    },
    "outer_primary_ci": {
      "count": 791,
      "blocks": 40,
      "mean_difference": -2.1316703143482383e-18,
      "ci95_lower": -4.8581074219223415e-18,
      "ci95_upper": -1.734723475976807e-20
    },
    "tail_brier_differences": {
      "tail4plus": 3.772091502756142e-19,
      "tail5plus": 1.0735109247669369e-18,
      "tail7plus": -1.0674114308762157e-19
    },
    "status": "KEEP_FORMAL_WEIGHT_0",
    "max_total_vector_residual": 1.1102230246251565e-16,
    "max_conditional_score_residual": 2.220446049250313e-16
  },
  "artifact_path": "models/challengers_v470/SCO_Premiership/priority_v470.json",
  "formal_weight": 0,
  "automatic_promotion": false,
  "policy": "competition-specific nested chronological OOF; total-tail remains research-only; no automatic promotion"
}
