{
  "schema_version": "V4.7.0-remaining-single-domain-training-r1",
  "generated_at_utc": "2026-07-20T10:24:23.834159+00:00",
  "status": "PASS",
  "competition_id": "SUI_SuperLeague",
  "target_live_season": "2025/26",
  "outer_predictions": 737,
  "outer_folds": 4,
  "conditional_allocation": {
    "parameters": {
      "btts": 0.3,
      "home_zero": 0.0,
      "away_zero": 0.0,
      "margin2plus": 0.0
    },
    "outer_primary_ci": {
      "count": 737,
      "blocks": 38,
      "mean_difference": -0.0017024108483237148,
      "ci95_lower": -0.010770157792656533,
      "ci95_upper": 0.007245525135274636
    },
    "structural_brier_differences": {
      "btts": -0.0007030780953176454,
      "home_zero": -0.000145206247720832,
      "away_zero": -0.0005279633053771997,
      "margin2plus": -0.0009636754943302361
    },
    "status": "KEEP_FORMAL_WEIGHT_0",
    "max_total_marginal_residual": 8.326672684688674e-17
  },
  "total_tail_research_only": {
    "parameters": {
      "tail4plus": 0.0,
      "tail5plus": 0.0,
      "tail7plus": 0.0
    },
    "outer_primary_ci": {
      "count": 737,
      "blocks": 38,
      "mean_difference": -1.835935293435427e-18,
      "ci95_lower": -3.664573598085436e-18,
      "ci95_upper": 1.9036745964080186e-20
    },
    "tail_brier_differences": {
      "tail4plus": 1.788860029501185e-18,
      "tail5plus": 8.75599909176896e-19,
      "tail7plus": 3.5291736930701835e-19
    },
    "status": "KEEP_FORMAL_WEIGHT_0",
    "max_total_vector_residual": 5.551115123125783e-17,
    "max_conditional_score_residual": 2.220446049250313e-16
  },
  "artifact_path": "models/challengers_v470/SUI_SuperLeague/priority_v470.json",
  "formal_weight": 0,
  "automatic_promotion": false,
  "policy": "competition-specific nested chronological OOF; total-tail remains research-only; no automatic promotion"
}
