{
  "schema_version": "V4.7.0-remaining-single-domain-training-r1",
  "generated_at_utc": "2026-07-20T10:25:57.252413+00:00",
  "status": "PASS",
  "competition_id": "UEFA_ChampionsLeague",
  "target_live_season": "2025/26",
  "outer_predictions": 342,
  "outer_folds": 4,
  "conditional_allocation": {
    "parameters": {
      "btts": 0.0,
      "home_zero": 0.0,
      "away_zero": 0.0,
      "margin2plus": 0.0
    },
    "outer_primary_ci": {
      "count": 342,
      "blocks": 19,
      "mean_difference": 0.013137827342611966,
      "ci95_lower": 0.00010662671462068063,
      "ci95_upper": 0.027106506924434684
    },
    "structural_brier_differences": {
      "btts": 0.0031913825984355732,
      "home_zero": -0.0002463236167453908,
      "away_zero": 0.0020905657571569074,
      "margin2plus": 0.002912566078340237
    },
    "status": "KEEP_FORMAL_WEIGHT_0",
    "max_total_marginal_residual": 8.326672684688674e-17
  },
  "total_tail_research_only": {
    "parameters": {
      "tail4plus": 0.0,
      "tail5plus": 0.0,
      "tail7plus": 0.0
    },
    "outer_primary_ci": {
      "count": 342,
      "blocks": 19,
      "mean_difference": 0.00015177025864191257,
      "ci95_lower": -0.0007939317245983725,
      "ci95_upper": 0.0009552637289918332
    },
    "tail_brier_differences": {
      "tail4plus": 0.0005777977487635249,
      "tail5plus": 0.0003108482215569136,
      "tail7plus": 2.8606148748785215e-05
    },
    "status": "KEEP_FORMAL_WEIGHT_0",
    "max_total_vector_residual": 1.3183898417423734e-16,
    "max_conditional_score_residual": 1.1102230246251565e-16
  },
  "artifact_path": "models/challengers_v470/UEFA_ChampionsLeague/priority_v470.json",
  "formal_weight": 0,
  "automatic_promotion": false,
  "policy": "competition-specific nested chronological OOF; total-tail remains research-only; no automatic promotion"
}
