{
  "schema_version": "V4.8.0-direct-categorical-total-research-r1",
  "generated_at_utc": "2026-07-20T10:35:52.534510+00:00",
  "competition_id": "ENG_PremierLeague",
  "formal_weight": 0,
  "automatic_promotion": false,
  "status": "KEEP_RESEARCH_WEIGHT_0",
  "target_live_season": "2025/26",
  "live_candidate": {
    "id": "D0_identity",
    "half_life_days": 120.0,
    "league_prior": 8.0,
    "team_prior": 8.0,
    "venue_weight": 0.5,
    "signal_weight": 0.0
  },
  "live_selection_predictions": 1351,
  "outer_predictions": 1011,
  "outer_folds": 3,
  "confidence_intervals": {
    "total_rps": {
      "count": 1011,
      "blocks": 51,
      "mean_difference": -7.549736196140407e-19,
      "ci95_lower": -2.731631823694438e-18,
      "ci95_upper": 1.5374411983166996e-18
    },
    "joint_log": {
      "count": 1011,
      "blocks": 51,
      "mean_difference": -2.3719898448964768e-17,
      "ci95_lower": -3.657205257588751e-17,
      "ci95_upper": -1.0884539457109378e-17
    },
    "one_x_two_brier": {
      "count": 1011,
      "blocks": 51,
      "mean_difference": -3.82977527040577e-18,
      "ci95_lower": -1.0326706809932523e-17,
      "ci95_upper": 2.6667121669917977e-18
    },
    "one_x_two_rps": {
      "count": 1011,
      "blocks": 51,
      "mean_difference": -1.2971819464277607e-18,
      "ci95_lower": -5.197367590769728e-18,
      "ci95_upper": 1.9011608421189932e-18
    }
  },
  "tail_brier_differences": {
    "tail4plus_brier_diff": 2.264920858842122e-18,
    "tail5plus_brier_diff": -1.1616298647243307e-18,
    "tail7plus_brier_diff": -4.2357344518047686e-19
  },
  "score_coverage": {
    "current_top1": 0.11078140454995054,
    "candidate_top1": 0.11078140454995054,
    "current_top3": 0.27695351137487634,
    "candidate_top3": 0.27695351137487634,
    "current_top5": 0.4401582591493571,
    "candidate_top5": 0.4401582591493571,
    "current_score80": 0.8269040553907022,
    "candidate_score80": 0.8269040553907022,
    "current_score90": 0.9198813056379822,
    "candidate_score90": 0.9198813056379822
  },
  "peak_diagnostics": {
    "current_mode3_rate": 0.35113748763600394,
    "candidate_mode3_rate": 0.35113748763600394,
    "current_unique_peak_buckets": [
      2,
      3
    ],
    "candidate_unique_peak_buckets": [
      2,
      3
    ],
    "current_weak_peak_rate": 0.7250247279920871,
    "candidate_weak_peak_rate": 0.7250247279920871,
    "current_total_top1_accuracy": 0.22551928783382788,
    "candidate_total_top1_accuracy": 0.22551928783382788,
    "note": "diagnostic only; no candidate is selected or promoted for reducing mode-3 frequency or increasing visual diversity"
  },
  "checks": {
    "minimum_outer_predictions": true,
    "minimum_outer_folds": true,
    "total_rps_ci_improves_champion": false,
    "joint_log_noninferior": true,
    "one_x_two_brier_noninferior": true,
    "one_x_two_rps_noninferior": true,
    "tail4_nonworse": false,
    "tail5_nonworse": true,
    "top1_nonworse": true,
    "top3_nonworse": true,
    "top5_nonworse": true,
    "score80_calibrated": true,
    "score90_calibrated": true,
    "point_in_time_calibration_safe": true,
    "probability_conservation": true
  },
  "folds": [
    {
      "outer_season": "2023/24",
      "prior_seasons": [
        "2022/23"
      ],
      "selected_candidate": {
        "id": "D0_identity",
        "half_life_days": 120.0,
        "league_prior": 8.0,
        "team_prior": 8.0,
        "venue_weight": 0.5,
        "signal_weight": 0.0
      },
      "selection_predictions": 340,
      "outer_predictions": 331,
      "mean_total_rps_diff": 3.9830508813968985e-19,
      "mean_joint_log_diff": -1.207493319834007e-17
    },
    {
      "outer_season": "2024/25",
      "prior_seasons": [
        "2022/23",
        "2023/24"
      ],
      "selected_candidate": {
        "id": "D0_identity",
        "half_life_days": 120.0,
        "league_prior": 8.0,
        "team_prior": 8.0,
        "venue_weight": 0.5,
        "signal_weight": 0.0
      },
      "selection_predictions": 671,
      "outer_predictions": 340,
      "mean_total_rps_diff": -3.877617181595216e-19,
      "mean_joint_log_diff": -2.3510605227356256e-17
    },
    {
      "outer_season": "2025/26",
      "prior_seasons": [
        "2022/23",
        "2023/24",
        "2024/25"
      ],
      "selected_candidate": {
        "id": "D0_identity",
        "half_life_days": 120.0,
        "league_prior": 8.0,
        "team_prior": 8.0,
        "venue_weight": 0.5,
        "signal_weight": 0.0
      },
      "selection_predictions": 1011,
      "outer_predictions": 340,
      "mean_total_rps_diff": -2.2449362630288093e-18,
      "mean_joint_log_diff": -3.526590784103438e-17
    }
  ],
  "policy": "Research only. This is not a registered V4.7 formal module. Passing only permits a second-stage candidate-specific OOF recalibration review and a future complete CURRENT upgrade; it never auto-promotes."
}
