{
  "schema_version": "V4.8.0-direct-categorical-total-research-r1",
  "generated_at_utc": "2026-07-20T10:35:56.313999+00:00",
  "competition_id": "ITA_SerieA",
  "formal_weight": 0,
  "automatic_promotion": false,
  "status": "KEEP_RESEARCH_WEIGHT_0",
  "target_live_season": "2025/26",
  "live_candidate": {
    "id": "D0_identity",
    "half_life_days": 120.0,
    "league_prior": 8.0,
    "team_prior": 8.0,
    "venue_weight": 0.5,
    "signal_weight": 0.0
  },
  "live_selection_predictions": 1343,
  "outer_predictions": 1007,
  "outer_folds": 3,
  "confidence_intervals": {
    "total_rps": {
      "count": 1007,
      "blocks": 51,
      "mean_difference": -2.061685259234402e-17,
      "ci95_lower": -4.834165964474341e-17,
      "ci95_upper": 1.2698175844150228e-18
    },
    "joint_log": {
      "count": 1007,
      "blocks": 51,
      "mean_difference": -6.787023773180203e-16,
      "ci95_lower": -8.877374175056366e-16,
      "ci95_upper": -4.846018346768629e-16
    },
    "one_x_two_brier": {
      "count": 1007,
      "blocks": 51,
      "mean_difference": -2.2325736095987506e-17,
      "ci95_lower": -6.107888645954267e-17,
      "ci95_upper": 9.729610915905667e-18
    },
    "one_x_two_rps": {
      "count": 1007,
      "blocks": 51,
      "mean_difference": -6.821752695996183e-18,
      "ci95_lower": -1.860478007998959e-17,
      "ci95_upper": 4.873011544781535e-18
    }
  },
  "tail_brier_differences": {
    "tail4plus_brier_diff": -3.027066625607195e-17,
    "tail5plus_brier_diff": -4.0905968202260446e-17,
    "tail7plus_brier_diff": -1.1013359583071442e-17
  },
  "score_coverage": {
    "current_top1": 0.13406156901688182,
    "candidate_top1": 0.13406156901688182,
    "current_top3": 0.35253227408143,
    "candidate_top3": 0.35253227408143,
    "current_top5": 0.5263157894736842,
    "candidate_top5": 0.5263157894736842,
    "current_score80": 0.8182720953326713,
    "candidate_score80": 0.8182720953326713,
    "current_score90": 0.9116186693147964,
    "candidate_score90": 0.9116186693147964
  },
  "peak_diagnostics": {
    "current_mode3_rate": 0.007944389275074478,
    "candidate_mode3_rate": 0.007944389275074478,
    "current_unique_peak_buckets": [
      1,
      2,
      3
    ],
    "candidate_unique_peak_buckets": [
      1,
      2,
      3
    ],
    "current_weak_peak_rate": 0.18570009930486595,
    "candidate_weak_peak_rate": 0.18570009930486595,
    "current_total_top1_accuracy": 0.2502482621648461,
    "candidate_total_top1_accuracy": 0.2502482621648461,
    "note": "diagnostic only; no candidate is selected or promoted for reducing mode-3 frequency or increasing visual diversity"
  },
  "checks": {
    "minimum_outer_predictions": true,
    "minimum_outer_folds": true,
    "total_rps_ci_improves_champion": false,
    "joint_log_noninferior": true,
    "one_x_two_brier_noninferior": true,
    "one_x_two_rps_noninferior": true,
    "tail4_nonworse": true,
    "tail5_nonworse": true,
    "top1_nonworse": true,
    "top3_nonworse": true,
    "top5_nonworse": true,
    "score80_calibrated": true,
    "score90_calibrated": true,
    "point_in_time_calibration_safe": true,
    "probability_conservation": true
  },
  "folds": [
    {
      "outer_season": "2023/24",
      "prior_seasons": [
        "2022/23"
      ],
      "selected_candidate": {
        "id": "D0_identity",
        "half_life_days": 120.0,
        "league_prior": 8.0,
        "team_prior": 8.0,
        "venue_weight": 0.5,
        "signal_weight": 0.0
      },
      "selection_predictions": 336,
      "outer_predictions": 335,
      "mean_total_rps_diff": 2.112737845368768e-18,
      "mean_joint_log_diff": -2.187305063440607e-17
    },
    {
      "outer_season": "2024/25",
      "prior_seasons": [
        "2022/23",
        "2023/24"
      ],
      "selected_candidate": {
        "id": "D0_identity",
        "half_life_days": 120.0,
        "league_prior": 8.0,
        "team_prior": 8.0,
        "venue_weight": 0.5,
        "signal_weight": 0.0
      },
      "selection_predictions": 671,
      "outer_predictions": 334,
      "mean_total_rps_diff": -8.066983541578374e-17,
      "mean_joint_log_diff": -1.3495525389156095e-15
    },
    {
      "outer_season": "2025/26",
      "prior_seasons": [
        "2022/23",
        "2023/24",
        "2024/25"
      ],
      "selected_candidate": {
        "id": "D0_identity",
        "half_life_days": 120.0,
        "league_prior": 8.0,
        "team_prior": 8.0,
        "venue_weight": 0.5,
        "signal_weight": 0.0
      },
      "selection_predictions": 1005,
      "outer_predictions": 338,
      "mean_total_rps_diff": 1.6197595533085217e-17,
      "mean_joint_log_diff": -6.667907514760556e-16
    }
  ],
  "policy": "Research only. This is not a registered V4.7 formal module. Passing only permits a second-stage candidate-specific OOF recalibration review and a future complete CURRENT upgrade; it never auto-promotes."
}
