{
  "schema_version": "V5.0.1-ah-constrained-dynamic-blend-aggregate-r2",
  "generated_at_utc": "2026-07-21T06:05:58+00:00",
  "status": "PASS",
  "requested_domains": [
    "ESP_LaLiga",
    "GER_Bundesliga"
  ],
  "completed_domains": [
    "ESP_LaLiga",
    "GER_Bundesliga"
  ],
  "research_candidates_formal_pit_blocked": [],
  "rejected_keep_formal_weight_0": [
    "ESP_LaLiga",
    "GER_Bundesliga"
  ],
  "failures": {},
  "reports": {
    "ESP_LaLiga": {
      "status": "REJECT_KEEP_FORMAL_WEIGHT_0",
      "reason": null,
      "selected_weights": [
        0.0,
        0.3
      ],
      "outer_prediction_count": 670,
      "pooled_metrics": {
        "one_x_two_accuracy": {
          "baseline": 0.5,
          "candidate": 0.4955223880597015,
          "candidate_minus_baseline": -0.004477611940298498
        },
        "one_x_two_brier": {
          "baseline": 0.6037378233171548,
          "candidate": 0.603026627117293,
          "candidate_minus_baseline": -0.0007111961998617078
        },
        "one_x_two_rps": {
          "baseline": 0.21083456183501695,
          "candidate": 0.21050754580622574,
          "candidate_minus_baseline": -0.00032701602879120495
        },
        "joint_log": {
          "baseline": 2.835802340071065,
          "candidate": 2.8338460580241382,
          "candidate_minus_baseline": -0.0019562820469265496
        },
        "score_top1": {
          "baseline": 0.13880597014925372,
          "candidate": 0.14029850746268657,
          "candidate_minus_baseline": 0.0014925373134328512
        },
        "score_top3": {
          "baseline": 0.373134328358209,
          "candidate": 0.373134328358209,
          "candidate_minus_baseline": 0.0
        },
        "total_top1": {
          "baseline": 0.24776119402985075,
          "candidate": 0.2462686567164179,
          "candidate_minus_baseline": -0.0014925373134328512
        },
        "total_top2": {
          "baseline": 0.4955223880597015,
          "candidate": 0.491044776119403,
          "candidate_minus_baseline": -0.004477611940298498
        },
        "total_rps": {
          "baseline": 0.12166054554692107,
          "candidate": 0.12158521231390404,
          "candidate_minus_baseline": -7.53332330170331e-05
        },
        "ah": {
          "baseline": {
            "wins": 296,
            "pushes": 45,
            "losses": 329,
            "decided": 625,
            "hit_rate_excluding_pushes": 0.4736,
            "mean_settlement_payoff": -0.04253731343283582
          },
          "candidate": {
            "wins": 297,
            "pushes": 45,
            "losses": 328,
            "decided": 625,
            "hit_rate_excluding_pushes": 0.4752,
            "mean_settlement_payoff": -0.03805970149253731
          },
          "hit_rate_difference": 0.0015999999999999903,
          "mean_settlement_payoff_difference": 0.004477611940298512
        }
      },
      "checks": {
        "two_forward_outer_seasons": true,
        "minimum_outer_predictions_500": true,
        "nonzero_weight_selected_in_both_folds": false,
        "one_x_two_brier_ci_improves": false,
        "one_x_two_rps_ci_improves": false,
        "joint_log_ci_noninferior": true,
        "total_rps_ci_noninferior": true,
        "one_x_two_accuracy_nonworse": false,
        "score_top1_nonworse": true,
        "score_top3_nonworse": true,
        "total_top1_nonworse": false,
        "total_top2_nonworse": false,
        "ah_hit_rate_nonworse_each_outer_season": true,
        "ah_payoff_nonworse_each_outer_season": true,
        "ah_hit_rate_nonworse_pooled": true,
        "ah_payoff_nonworse_pooled": true,
        "probability_conservation": true,
        "same_day_outcomes_withheld": true,
        "formal_pit_handicap_evidence_available": false
      }
    },
    "GER_Bundesliga": {
      "status": "REJECT_KEEP_FORMAL_WEIGHT_0",
      "reason": null,
      "selected_weights": [
        0.0,
        0.65
      ],
      "outer_prediction_count": 536,
      "pooled_metrics": {
        "one_x_two_accuracy": {
          "baseline": 0.4925373134328358,
          "candidate": 0.4925373134328358,
          "candidate_minus_baseline": 0.0
        },
        "one_x_two_brier": {
          "baseline": 0.6247926401692303,
          "candidate": 0.6197731664191823,
          "candidate_minus_baseline": -0.005019473750047965
        },
        "one_x_two_rps": {
          "baseline": 0.21612619445305967,
          "candidate": 0.21362981239124745,
          "candidate_minus_baseline": -0.0024963820618122134
        },
        "joint_log": {
          "baseline": 3.137317019807073,
          "candidate": 3.1302890746877474,
          "candidate_minus_baseline": -0.007027945119325363
        },
        "score_top1": {
          "baseline": 0.0914179104477612,
          "candidate": 0.0914179104477612,
          "candidate_minus_baseline": 0.0
        },
        "score_top3": {
          "baseline": 0.251865671641791,
          "candidate": 0.2537313432835821,
          "candidate_minus_baseline": 0.001865671641791078
        },
        "total_top1": {
          "baseline": 0.21455223880597016,
          "candidate": 0.21641791044776118,
          "candidate_minus_baseline": 0.0018656716417910224
        },
        "total_top2": {
          "baseline": 0.39552238805970147,
          "candidate": 0.40111940298507465,
          "candidate_minus_baseline": 0.005597014925373178
        },
        "total_rps": {
          "baseline": 0.13835588682384753,
          "candidate": 0.13835564802070255,
          "candidate_minus_baseline": -2.3880314498070376e-07
        },
        "ah": {
          "baseline": {
            "wins": 251,
            "pushes": 35,
            "losses": 250,
            "decided": 501,
            "hit_rate_excluding_pushes": 0.500998003992016,
            "mean_settlement_payoff": -0.0009328358208955224
          },
          "candidate": {
            "wins": 250,
            "pushes": 35,
            "losses": 251,
            "decided": 501,
            "hit_rate_excluding_pushes": 0.499001996007984,
            "mean_settlement_payoff": -0.0046641791044776115
          },
          "hit_rate_difference": -0.001996007984031989,
          "mean_settlement_payoff_difference": -0.003731343283582089
        }
      },
      "checks": {
        "two_forward_outer_seasons": true,
        "minimum_outer_predictions_500": true,
        "nonzero_weight_selected_in_both_folds": false,
        "one_x_two_brier_ci_improves": true,
        "one_x_two_rps_ci_improves": true,
        "joint_log_ci_noninferior": true,
        "total_rps_ci_noninferior": true,
        "one_x_two_accuracy_nonworse": true,
        "score_top1_nonworse": true,
        "score_top3_nonworse": true,
        "total_top1_nonworse": true,
        "total_top2_nonworse": true,
        "ah_hit_rate_nonworse_each_outer_season": false,
        "ah_payoff_nonworse_each_outer_season": false,
        "ah_hit_rate_nonworse_pooled": false,
        "ah_payoff_nonworse_pooled": false,
        "probability_conservation": true,
        "same_day_outcomes_withheld": true,
        "formal_pit_handicap_evidence_available": false
      }
    }
  },
  "formal_weight_change": false,
  "probability_change": false,
  "automatic_promotion": false,
  "formal_promotion_authorized": false,
  "policy": "AH-constrained research only. No result alters the formal V5 matrix without timestamped PIT handicap evidence and a new CURRENT-compliant promotion receipt."
}