{
  "schema_version": "V5.0.0-bayesian-dynamic-state-second-stage-aggregate-r1",
  "generated_at_utc": "2026-07-21T05:06:21+00:00",
  "status": "PASS",
  "requested_domains": [
    "ESP_LaLiga",
    "GER_Bundesliga",
    "JPN_J1"
  ],
  "completed_domains": [
    "ESP_LaLiga",
    "GER_Bundesliga",
    "JPN_J1"
  ],
  "second_stage_shadow_pass_ah_blocked": [
    "ESP_LaLiga",
    "GER_Bundesliga",
    "JPN_J1"
  ],
  "second_stage_rejected": [],
  "failures": {},
  "reports": {
    "ESP_LaLiga": {
      "status": "SECOND_STAGE_SHADOW_PASS_AH_BLOCKED",
      "frozen_profile": "slow_share",
      "outer_prediction_count": 670,
      "pooled_metrics": {
        "one_x_two_accuracy": {
          "baseline": 0.5,
          "candidate": 0.5119402985074627,
          "candidate_minus_baseline": 0.011940298507462699
        },
        "one_x_two_brier": {
          "baseline": 0.6037378233171548,
          "candidate": 0.597012815745929,
          "candidate_minus_baseline": -0.0067250075712257384
        },
        "one_x_two_rps": {
          "baseline": 0.21083456183501695,
          "candidate": 0.20779530345449634,
          "candidate_minus_baseline": -0.003039258380520604
        },
        "joint_log": {
          "baseline": 2.835802340071065,
          "candidate": 2.82204102592258,
          "candidate_minus_baseline": -0.013761314148484693
        },
        "score_top1": {
          "baseline": 0.13880597014925372,
          "candidate": 0.14626865671641792,
          "candidate_minus_baseline": 0.007462686567164201
        },
        "score_top3": {
          "baseline": 0.373134328358209,
          "candidate": 0.3850746268656716,
          "candidate_minus_baseline": 0.011940298507462643
        },
        "total_top1": {
          "baseline": 0.24776119402985075,
          "candidate": 0.24925373134328357,
          "candidate_minus_baseline": 0.0014925373134328235
        },
        "total_top2": {
          "baseline": 0.4955223880597015,
          "candidate": 0.5,
          "candidate_minus_baseline": 0.004477611940298498
        },
        "total_rps": {
          "baseline": 0.12166054554692107,
          "candidate": 0.12108129311907109,
          "candidate_minus_baseline": -0.00057925242784998
        }
      },
      "minimum_season_one_x_two_accuracy_difference": 0.0029940119760478723,
      "minimum_window_one_x_two_accuracy_difference": -0.023809523809523836,
      "windows_worse_than_minus_5pp": 0,
      "checks": {
        "profile_frozen_before_second_stage": true,
        "profile_matches_first_stage_stable_selection": true,
        "two_outer_seasons": true,
        "minimum_pooled_predictions_500": true,
        "eight_chronological_windows": true,
        "minimum_window_rows_50": true,
        "all_seasons_one_x_two_accuracy_nonworse": true,
        "bad_windows_below_minus_5pp_at_most_2": true,
        "worst_window_one_x_two_accuracy_above_minus_10pp": true,
        "one_x_two_brier_ci_improves": true,
        "one_x_two_rps_ci_improves": true,
        "joint_log_ci_noninferior": true,
        "total_rps_ci_noninferior": true,
        "score_top1_nonworse": true,
        "score_top3_nonworse": true,
        "total_top1_nonworse": true,
        "total_top2_nonworse": true,
        "probability_conservation": true,
        "total_projection_conservation": true,
        "handicap_fourth_target_available": false
      }
    },
    "GER_Bundesliga": {
      "status": "SECOND_STAGE_SHADOW_PASS_AH_BLOCKED",
      "frozen_profile": "slow_share",
      "outer_prediction_count": 536,
      "pooled_metrics": {
        "one_x_two_accuracy": {
          "baseline": 0.4925373134328358,
          "candidate": 0.5018656716417911,
          "candidate_minus_baseline": 0.009328358208955279
        },
        "one_x_two_brier": {
          "baseline": 0.6247926401692303,
          "candidate": 0.614962026063473,
          "candidate_minus_baseline": -0.009830614105757252
        },
        "one_x_two_rps": {
          "baseline": 0.21612619445305967,
          "candidate": 0.21103667289661163,
          "candidate_minus_baseline": -0.00508952155644804
        },
        "joint_log": {
          "baseline": 3.137317019807073,
          "candidate": 3.121994460978151,
          "candidate_minus_baseline": -0.01532255882892164
        },
        "score_top1": {
          "baseline": 0.0914179104477612,
          "candidate": 0.09514925373134328,
          "candidate_minus_baseline": 0.0037313432835820864
        },
        "score_top3": {
          "baseline": 0.251865671641791,
          "candidate": 0.251865671641791,
          "candidate_minus_baseline": 0.0
        },
        "total_top1": {
          "baseline": 0.21455223880597016,
          "candidate": 0.22014925373134328,
          "candidate_minus_baseline": 0.005597014925373123
        },
        "total_top2": {
          "baseline": 0.39552238805970147,
          "candidate": 0.4141791044776119,
          "candidate_minus_baseline": 0.018656716417910446
        },
        "total_rps": {
          "baseline": 0.13835588682384753,
          "candidate": 0.13798049091532671,
          "candidate_minus_baseline": -0.0003753959085208147
        }
      },
      "minimum_season_one_x_two_accuracy_difference": 0.00746268656716409,
      "minimum_window_one_x_two_accuracy_difference": -0.07462686567164184,
      "windows_worse_than_minus_5pp": 1,
      "checks": {
        "profile_frozen_before_second_stage": true,
        "profile_matches_first_stage_stable_selection": true,
        "two_outer_seasons": true,
        "minimum_pooled_predictions_500": true,
        "eight_chronological_windows": true,
        "minimum_window_rows_50": true,
        "all_seasons_one_x_two_accuracy_nonworse": true,
        "bad_windows_below_minus_5pp_at_most_2": true,
        "worst_window_one_x_two_accuracy_above_minus_10pp": true,
        "one_x_two_brier_ci_improves": true,
        "one_x_two_rps_ci_improves": true,
        "joint_log_ci_noninferior": true,
        "total_rps_ci_noninferior": true,
        "score_top1_nonworse": true,
        "score_top3_nonworse": true,
        "total_top1_nonworse": true,
        "total_top2_nonworse": true,
        "probability_conservation": true,
        "total_projection_conservation": true,
        "handicap_fourth_target_available": false
      }
    },
    "JPN_J1": {
      "status": "SECOND_STAGE_SHADOW_PASS_AH_BLOCKED",
      "frozen_profile": "conservative",
      "outer_prediction_count": 669,
      "pooled_metrics": {
        "one_x_two_accuracy": {
          "baseline": 0.4349775784753363,
          "candidate": 0.43946188340807174,
          "candidate_minus_baseline": 0.004484304932735439
        },
        "one_x_two_brier": {
          "baseline": 0.6508172191096749,
          "candidate": 0.6467250630827092,
          "candidate_minus_baseline": -0.004092156026965776
        },
        "one_x_two_rps": {
          "baseline": 0.2291688777881927,
          "candidate": 0.22708066103409702,
          "candidate_minus_baseline": -0.0020882167540956786
        },
        "joint_log": {
          "baseline": 2.9262590121984973,
          "candidate": 2.9168336390216743,
          "candidate_minus_baseline": -0.009425373176823015
        },
        "score_top1": {
          "baseline": 0.11958146487294469,
          "candidate": 0.12556053811659193,
          "candidate_minus_baseline": 0.005979073243647243
        },
        "score_top3": {
          "baseline": 0.30792227204783257,
          "candidate": 0.31689088191330345,
          "candidate_minus_baseline": 0.008968609865470878
        },
        "total_top1": {
          "baseline": 0.21524663677130046,
          "candidate": 0.21823617339312407,
          "candidate_minus_baseline": 0.0029895366218236075
        },
        "total_top2": {
          "baseline": 0.4588938714499253,
          "candidate": 0.4693572496263079,
          "candidate_minus_baseline": 0.010463378176382654
        },