{
  "schema_version": "V4.7.0-mls-d-conditional-final-chain-review-r1",
  "generated_at_utc": "2026-07-20T10:03:51.922443+00:00",
  "competition_id": "USA_MLS",
  "status": "FORMAL_PROMOTION_REVIEW_READY",
  "formal_weight": 0,
  "automatic_promotion": false,
  "deployment_order_under_test": "base_unified_matrix -> replay_safe_oof_temperature_if_available -> USA_MLS_D_given_T_tilt -> final_unified_matrix",
  "outer_predictions": 1954,
  "outer_folds": 5,
  "confidence_intervals": {
    "joint_log": {
      "count": 1954,
      "blocks": 100,
      "mean_difference": -0.009886497558039636,
      "ci95_lower": -0.016987183357039016,
      "ci95_upper": -0.0028062528253547155
    },
    "one_x_two_brier": {
      "count": 1954,
      "blocks": 100,
      "mean_difference": -0.00037191720809197105,
      "ci95_lower": -0.0012068824404653001,
      "ci95_upper": 0.00033857405577247227
    },
    "one_x_two_rps": {
      "count": 1954,
      "blocks": 100,
      "mean_difference": -0.0003745915268166558,
      "ci95_lower": -0.0009638008420175943,
      "ci95_upper": 0.00019151364875585715
    },
    "total_rps": {
      "count": 1954,
      "blocks": 100,
      "mean_difference": 7.670425195721399e-19,
      "ci95_lower": -9.159776132973397e-19,
      "ci95_upper": 2.3879923774723814e-18
    }
  },
  "current_final_chain_calibration": {
    "one_x_two_ece": {
      "home": 0.0260249088418986,
      "draw": 0.024801011992834097,
      "away": 0.020985758152044117
    },
    "one_x_two_max_ece": 0.0260249088418986,
    "structural": {
      "btts": {
        "predicted": 0.5299595624214444,
        "actual": 0.609007164790174,
        "absolute_error": 0.07904760236872965
      },
      "home_zero": {
        "predicted": 0.20818558489948155,
        "actual": 0.17604912998976457,
        "absolute_error": 0.03213645490971698
      },
      "away_zero": {
        "predicted": 0.3272378872467517,
        "actual": 0.2773797338792221,
        "absolute_error": 0.04985815336752958
      },
      "margin2plus": {
        "predicted": 0.39789318231818566,
        "actual": 0.3490276356192426,
        "absolute_error": 0.04886554669894305
      }
    },
    "tail": {
      "tail4plus": {
        "predicted": 0.32980390493874967,
        "actual": 0.3556806550665302,
        "absolute_error": 0.025876750127780512
      },
      "tail5plus": {
        "predicted": 0.17671774416980912,
        "actual": 0.195496417604913,
        "absolute_error": 0.018778673435103865
      },
      "tail7plus": {
        "predicted": 0.036763123609163735,
        "actual": 0.038894575230296824,
        "absolute_error": 0.002131451621133089
      }
    },
    "top1_hit_rate": 0.0992835209825998,
    "top3_hit_rate": 0.2789150460593654,
    "top5_hit_rate": 0.42835209825997955,
    "score_set_80_coverage": 0.8039918116683725,
    "score_set_90_coverage": 0.9089048106448311
  },
  "candidate_final_chain_calibration": {
    "one_x_two_ece": {
      "home": 0.020049101386239544,
      "draw": 0.010403556398391406,
      "away": 0.014592576638712105
    },
    "one_x_two_max_ece": 0.020049101386239544,
    "structural": {
      "btts": {
        "predicted": 0.5728623632091187,
        "actual": 0.609007164790174,
        "absolute_error": 0.036144801581055375
      },
      "home_zero": {
        "predicted": 0.19493378267184275,
        "actual": 0.17604912998976457,
        "absolute_error": 0.018884652682078173
      },
      "away_zero": {
        "predicted": 0.2975868886867157,
        "actual": 0.2773797338792221,
        "absolute_error": 0.020207154807493577
      },
      "margin2plus": {
        "predicted": 0.3387120986762909,
        "actual": 0.3490276356192426,
        "absolute_error": 0.01031553694295173
      }
    },
    "tail": {
      "tail4plus": {
        "predicted": 0.32980390493874967,
        "actual": 0.3556806550665302,
        "absolute_error": 0.025876750127780512
      },
      "tail5plus": {
        "predicted": 0.17671774416980912,
        "actual": 0.195496417604913,
        "absolute_error": 0.018778673435103865
      },
      "tail7plus": {
        "predicted": 0.03676312360916374,
        "actual": 0.038894575230296824,
        "absolute_error": 0.002131451621133082
      }
    },
    "top1_hit_rate": 0.10491299897645855,
    "top3_hit_rate": 0.28300921187308087,
    "top5_hit_rate": 0.4344933469805527,
    "score_set_80_coverage": 0.7906857727737974,
    "score_set_90_coverage": 0.9037871033776868
  },
  "structural_absolute_error_nonworse": {
    "btts": true,
    "home_zero": true,
    "away_zero": true,
    "margin2plus": true
  },
  "folds": [
    {
      "outer_season": "2022",
      "predictions": 425,
      "oof_calibration_mode": "runtime_calibration_unavailable_identity_fallback",
      "oof_temperature": 1.0,
      "oof_training_max_date": null,
      "conditional_parameters": {
        "btts": 0.3,
        "home_zero": 0.0,
        "away_zero": 0.0,
        "margin2plus": -0.3
      },
      "mean_joint_log_diff": -0.01303798626810123,
      "mean_one_x_two_brier_diff": 0.00025120690632051795,
      "mean_one_x_two_rps_diff": -0.00014513252952577768,
      "mean_total_rps_diff": 1.3387983532244534e-18
    },
    {
      "outer_season": "2023",
      "predictions": 456,
      "oof_calibration_mode": "identity_guardrail",
      "oof_temperature": 1.0,
      "oof_training_max_date": "2022-11-05",
      "conditional_parameters": {
        "btts": 0.0,
        "home_zero": 0.0,
        "away_zero": 0.0,
        "margin2plus": -0.3
      },
      "mean_joint_log_diff": -0.009727677013938393,
      "mean_one_x_two_brier_diff": -0.0017537709660196375,
      "mean_one_x_two_rps_diff": -0.0012446587855180116,
      "mean_total_rps_diff": -1.460819769243627e-18
    },
    {
      "outer_season": "2024",
      "predictions": 456,
      "oof_calibration_mode": "temperature",
      "oof_temperature": 1.035782408469117,
      "oof_training_max_date": "2023-12-09",
      "conditional_parameters": {
        "btts": 0.0,
        "home_zero": 0.0,
        "away_zero": 0.0,
        "margin2plus": -0.3
      },
      "mean_joint_log_diff": -0.009198437400573757,
      "mean_one_x_two_brier_diff": -9.565650896515394e-05,
      "mean_one_x_two_rps_diff": -0.00010397018349512125,
      "mean_total_rps_diff": 5.021567956774968e-19
    },
    {
      "outer_season": "2025",
      "predictions": 471,
      "oof_calibration_mode": "temperature",
      "oof_temperature": 1.0331096037120218,
      "oof_training_max_date": "2024-12-07",
      "conditional_parameters": {
        "btts": 0.0,
        "home_zero": 0.0,
        "away_zero": 0.0,
        "margin2plus": -0.3
      },
      "mean_joint_log_diff": -0.00401128475520095,
      "mean_one_x_two_brier_diff": 0.0003774074096320951,
      "mean_one_x_two_rps_diff": 0.0003823722436734009,
      "mean_total_rps_diff": 2.0772484935263677e-18
    },
    {
      "outer_season": "2026",
      "predictions": 146,
      "oof_calibration_mode": "temperature",
      "oof_temperature": 1.032026850496126,
      "oof_training_max_date": "2025-12-06",
      "conditional_parameters": {
        "btts": 0.0,
        "home_zero": 0.0,
        "away_zero": 0.0,
        "margin2plus": -0.3
      },
      "mean_joint_log_diff": -0.022311292957186576,
      "mean_one_x_two_brier_diff": -0.0011500624735724888,
      "mean_one_x_two_rps_diff": -0.0016122810633662546,
      "mean_total_rps_diff": 2.6614935521835943e-18
    }
  ],
  "audits": {
    "primary_ci_pass": true,
    "calibration_pass": true,
    "probability_conservation_pass": true,
    "point_in_time_calibration_safe": true,
    "max_probability_sum_residual": 4.107825191113079e-15,
    "max_final_total_marginal_residual": 4.0939474033052647e-16
  },
  "promotion_policy": "D|T-only promotion review. Total-tail challenger is intentionally excluded because it is not a promoted V4.7 formal module. No automatic promotion or weight change occurs here."
}
