{
  "schema_version": "V5.0.4-player-xi-matrix-projection-ita-r1",
  "generated_at_utc": "2026-07-21T08:30:28.926196+00:00",
  "competition_id": "ITA_SerieA",
  "status": "MATRIX_PROJECTION_REJECT_KEEP_FORMAL_WEIGHT_0",
  "frozen_binding": {
    "gate_receipt_sha256": "41a0a4fea05e171f69c194ccd1e14b3429fda25b2c115cbbe1355d1bafc270ac",
    "replication_receipt_sha256": "29e4fee2b5b95b558d690cd6ed431d7328beb17ff0b36bccb818dd00956e3e7b",
    "player_script_sha256": "b0809caab7789b82ac9b9891384f4a1e63fe11dea7d10cb6ec0256f7d0c60a86",
    "projection_helper_sha256": "9226baf16638e8b458705003756587b7451b46ae08812b0b43f5dcf2d9e61fd5",
    "profile_sha256": "9aee048a016f78349e56a9590fa8f0f08ac34239825a24b0c4e3e5b0ba265045",
    "replication_outer_prediction_count": 607,
    "selected_profiles": [
      "player_margin_p10_s100",
      "player_margin_p10_s100"
    ]
  },
  "frozen_profile": {
    "id": "player_margin_p10_s100",
    "prior_strength": 10.0,
    "margin_scale": 1.0,
    "total_scale": 0.0
  },
  "outer_seasons": [
    "2024/25",
    "2025/26"
  ],
  "simulation_counts": {
    "2024/25": 301,
    "2025/26": 306
  },
  "data_audit": {
    "base_record_count": 1343,
    "base_records_by_season": {
      "2022/23": 336,
      "2023/24": 335,
      "2024/25": 334,
      "2025/26": 338
    },
    "linked_base_records_by_season": {
      "2022/23": 336,
      "2023/24": 335,
      "2024/25": 334,
      "2025/26": 337
    },
    "skip_reasons": {
      "formal_sample_gate": 177
    }
  },
  "outer_prediction_count": 607,
  "folds": [
    {
      "target_season": "2024/25",
      "selected_profile": "player_margin_p10_s100",
      "outer_predictions": 301,
      "metrics": {
        "one_x_two_accuracy": {
          "baseline": 0.53156146179402,
          "candidate": 0.5448504983388704,
          "candidate_minus_baseline": 0.013289036544850474
        },
        "one_x_two_brier": {
          "baseline": 0.6044488815307059,
          "candidate": 0.5925331140699726,
          "candidate_minus_baseline": -0.011915767460733306
        },
        "one_x_two_rps": {
          "baseline": 0.20322361088547702,
          "candidate": 0.19734548082968062,
          "candidate_minus_baseline": -0.0058781300557964045
        },
        "joint_log": {
          "baseline": 2.7894497480710148,
          "candidate": 2.770309923160364,
          "candidate_minus_baseline": -0.019139824910650916
        },
        "score_top1": {
          "baseline": 0.17275747508305647,
          "candidate": 0.1760797342192691,
          "candidate_minus_baseline": 0.0033222591362126186
        },
        "score_top3": {
          "baseline": 0.3787375415282392,
          "candidate": 0.3654485049833887,
          "candidate_minus_baseline": -0.013289036544850474
        },
        "total_top1": {
          "baseline": 0.2724252491694352,
          "candidate": 0.2724252491694352,
          "candidate_minus_baseline": 0.0
        },
        "total_top2": {
          "baseline": 0.47840531561461797,
          "candidate": 0.47840531561461797,
          "candidate_minus_baseline": 0.0
        },
        "total_rps": {
          "baseline": 0.11872220943741402,
          "candidate": 0.11872220943741402,
          "candidate_minus_baseline": 0.0
        },
        "margin_rps": {
          "baseline": 0.016006950764873965,
          "candidate": 0.0157485303201171,
          "candidate_minus_baseline": -0.00025842044475686554
        },
        "margin_mean_squared_error": {
          "baseline": 2.391287480501951,
          "candidate": 2.307986685062128,
          "candidate_minus_baseline": -0.08330079543982283
        },
        "margin_mean_absolute_error": {
          "baseline": 1.1537363053740681,
          "candidate": 1.1401987496226635,
          "candidate_minus_baseline": -0.013537555751404584
        }
      }
    },
    {
      "target_season": "2025/26",
      "selected_profile": "player_margin_p10_s100",
      "outer_predictions": 306,
      "metrics": {
        "one_x_two_accuracy": {
          "baseline": 0.49673202614379086,
          "candidate": 0.5163398692810458,
          "candidate_minus_baseline": 0.019607843137254943
        },
        "one_x_two_brier": {
          "baseline": 0.6139234889854693,
          "candidate": 0.6094645009219612,
          "candidate_minus_baseline": -0.004458988063508085
        },
        "one_x_two_rps": {
          "baseline": 0.21468431043289807,
          "candidate": 0.21254990375644786,
          "candidate_minus_baseline": -0.0021344066764502068
        },
        "joint_log": {
          "baseline": 2.8228212029256685,
          "candidate": 2.814744298598996,
          "candidate_minus_baseline": -0.00807690432667263
        },
        "score_top1": {
          "baseline": 0.0915032679738562,
          "candidate": 0.10130718954248366,
          "candidate_minus_baseline": 0.009803921568627458
        },
        "score_top3": {
          "baseline": 0.2875816993464052,
          "candidate": 0.28104575163398693,
          "candidate_minus_baseline": -0.006535947712418277
        },
        "total_top1": {
          "baseline": 0.23202614379084968,
          "candidate": 0.23202614379084968,
          "candidate_minus_baseline": 0.0
        },
        "total_top2": {
          "baseline": 0.45098039215686275,
          "candidate": 0.45098039215686275,
          "candidate_minus_baseline": 0.0
        },
        "total_rps": {
          "baseline": 0.1215541460164555,
          "candidate": 0.12155414601645542,
          "candidate_minus_baseline": -8.326672684688674e-17
        },
        "margin_rps": {
          "baseline": 0.01667079888947294,
          "candidate": 0.0164964895656866,
          "candidate_minus_baseline": -0.00017430932378633898
        },
        "margin_mean_squared_error": {
          "baseline": 2.474634767560588,
          "candidate": 2.415585792188587,
          "candidate_minus_baseline": -0.059048975372001156
        },
        "margin_mean_absolute_error": {
          "baseline": 1.2334028620416002,
          "candidate": 1.2269678511004478,
          "candidate_minus_baseline": -0.006435010941152397
        }
      }
    }
  ],
  "pooled_metrics": {
    "one_x_two_accuracy": {
      "baseline": 0.514003294892916,
      "candidate": 0.5304777594728172,
      "candidate_minus_baseline": 0.016474464579901205
    },
    "one_x_two_brier": {
      "baseline": 0.6092252075293181,
      "candidate": 0.6010685413792124,
      "candidate_minus_baseline": -0.008156666150105685
    },
    "one_x_two_rps": {
      "baseline": 0.20900116288137627,
      "candidate": 0.20501031347480544,
      "candidate_minus_baseline": -0.003990849406570823
    },
    "joint_log": {
      "baseline": 2.8062729197110876,
      "candidate": 2.7927101190157533,
      "candidate_minus_baseline": -0.013562800695334332
    },
    "score_top1": {
      "baseline": 0.13179571663920922,
      "candidate": 0.13838550247116968,
      "candidate_minus_baseline": 0.00658978583196046
    },
    "score_top3": {
      "baseline": 0.33278418451400327,
      "candidate": 0.3228995057660626,
      "candidate_minus_baseline": -0.00988467874794069
    },
    "total_top1": {
      "baseline": 0.25205930807248766,
      "candidate": 0.25205930807248766,
      "candidate_minus_baseline": 0.0
    },
    "total_top2": {
      "baseline": 0.4645799011532125,
      "candidate": 0.4645799011532125,
      "candidate_minus_baseline": 0.0
    },
    "total_rps": {
      "baseline": 0.12014984138665075,
      "candidate": 0.1201498413866507,
      "candidate_minus_baseline": -4.163336342344337e-17
    },
    "margin_rps": {
      "baseline": 0.016341608962777237,
      "candidate": 0.01612559049992644,
      "candidate_minus_baseline": -0.00021601846285079773
    },
    "margin_mean_squared_error": {
      "baseline": 2.4333043995133887,
      "candidate": 2.3622293980451534,
      "candidate_minus_baseline": -0.07107500146823531
    },