{
  "schema_version": "V4.7.0-priority-challenger-topk-review-r1",
  "generated_at_utc": "2026-07-20T09:59:41.579701+00:00",
  "status": "PASS",
  "competition_id": "USA_MLS",
  "formal_weight_change": false,
  "automatic_promotion": false,
  "outer_predictions": 1954,
  "outer_folds": 5,
  "topk": {
    "top1": {
      "base_hit_rate": 0.0992835209825998,
      "candidate_hit_rate": 0.10542476970317298,
      "difference_ci": {
        "count": 1954,
        "blocks": 100,
        "mean_difference": 0.006141248720573183,
        "ci95_lower": -0.003564154786150713,
        "ci95_upper": 0.01539250897896357
      }
    },
    "top3": {
      "base_hit_rate": 0.2789150460593654,
      "candidate_hit_rate": 0.2835209825997953,
      "difference_ci": {
        "count": 1954,
        "blocks": 100,
        "mean_difference": 0.004605936540429887,
        "ci95_lower": -0.010378827192527244,
        "ci95_upper": 0.01728520589730554
      }
    },
    "top5": {
      "base_hit_rate": 0.42835209825997955,
      "candidate_hit_rate": 0.4314227226202661,
      "difference_ci": {
        "count": 1954,
        "blocks": 100,
        "mean_difference": 0.0030706243602865915,
        "ci95_lower": -0.01065989847715736,
        "ci95_upper": 0.017623363544813697
      }
    }
  },
  "folds": [
    {
      "outer_season": "2022",
      "predictions": 425,
      "base_top1": 0.08705882352941176,
      "candidate_top1": 0.0988235294117647,
      "base_top3": 0.27294117647058824,
      "candidate_top3": 0.3058823529411765,
      "base_top5": 0.4376470588235294,
      "candidate_top5": 0.4423529411764706
    },
    {
      "outer_season": "2023",
      "predictions": 456,
      "base_top1": 0.11403508771929824,
      "candidate_top1": 0.125,
      "base_top3": 0.2741228070175439,
      "candidate_top3": 0.28289473684210525,
      "base_top5": 0.4605263157894737,
      "candidate_top5": 0.44956140350877194
    },
    {
      "outer_season": "2024",
      "predictions": 456,
      "base_top1": 0.09429824561403509,
      "candidate_top1": 0.09210526315789473,
      "base_top3": 0.28289473684210525,
      "candidate_top3": 0.2565789473684211,
      "base_top5": 0.3991228070175439,
      "candidate_top5": 0.4100877192982456
    },
    {
      "outer_season": "2025",
      "predictions": 471,
      "base_top1": 0.09978768577494693,
      "candidate_top1": 0.11040339702760085,
      "base_top3": 0.28874734607218683,
      "candidate_top3": 0.3078556263269639,
      "base_top5": 0.4288747346072187,
      "candidate_top5": 0.4416135881104034
    },
    {
      "outer_season": "2026",
      "predictions": 146,
      "base_top1": 0.10273972602739725,
      "candidate_top1": 0.08904109589041095,
      "base_top3": 0.2671232876712329,
      "candidate_top3": 0.22602739726027396,
      "base_top5": 0.3904109589041096,
      "candidate_top5": 0.3767123287671233
    }
  ],
  "audit": {
    "probability_conservation_pass": true,
    "max_probability_sum_residual": 2.220446049250313e-16
  },
  "promotion_policy": "Reporting-only CURRENT-required Top-k audit. No automatic promotion; formal_weight remains 0 pending independent governance receipt."
}
