{
  "schema_version": "V4.7.0-priority-challenger-promotion-review-r1",
  "generated_at_utc": "2026-07-20T09:57:44.801823+00:00",
  "status": "PASS",
  "formal_weight_change": false,
  "automatic_promotion": false,
  "target_competitions": [
    "USA_MLS"
  ],
  "method": "frozen competition-specific outer-fold replay; combined challenger matrix; block-bootstrap CIs; calibration/coverage/conservation audit",
  "reports": {
    "USA_MLS": {
      "competition_id": "USA_MLS",
      "status": "FORMAL_PROMOTION_REVIEW_READY",
      "formal_weight": 0,
      "automatic_promotion": false,
      "combined_chain": "base_matrix -> conditional_allocation_v470 -> total_tail_v470",
      "outer_predictions": 1954,
      "outer_folds": 5,
      "confidence_intervals": {
        "joint_log": {
          "count": 1954,
          "blocks": 100,
          "mean_difference": -0.010767408995890347,
          "ci95_lower": -0.019427025470320602,
          "ci95_upper": -0.0010563840262513332
        },
        "one_x_two_brier": {
          "count": 1954,
          "blocks": 100,
          "mean_difference": -0.00030761714582848556,
          "ci95_lower": -0.0009700397642401503,
          "ci95_upper": 0.0003431999233851169
        },
        "one_x_two_rps": {
          "count": 1954,
          "blocks": 100,
          "mean_difference": -0.0003184520680587947,
          "ci95_lower": -0.0008154107002389323,
          "ci95_upper": 0.00023269422541201255
        },
        "total_rps": {
          "count": 1954,
          "blocks": 100,
          "mean_difference": -0.000648782298167249,
          "ci95_lower": -0.0012710660070566393,
          "ci95_upper": -0.00010989500398999868
        }
      },
      "base_calibration": {
        "one_x_two_ece": {
          "home": 0.026145615698750145,
          "draw": 0.02322544140107454,
          "away": 0.01924159939747102
        },
        "one_x_two_max_ece": 0.026145615698750145,
        "structural": {
          "btts": {
            "predicted": 0.5285271526696786,
            "actual": 0.609007164790174,
            "absolute_error": 0.08048001212049538
          },
          "home_zero": {
            "predicted": 0.20847161219001203,
            "actual": 0.17604912998976457,
            "absolute_error": 0.03242248220024746
          },
          "away_zero": {
            "predicted": 0.3287464895963518,
            "actual": 0.2773797338792221,
            "absolute_error": 0.051366755717129675
          },
          "margin2plus": {
            "predicted": 0.39421854034927933,
            "actual": 0.3490276356192426,
            "absolute_error": 0.04519090473003673
          }
        },
        "tail": {
          "tail4plus": {
            "predicted": 0.32428768930453905,
            "actual": 0.3556806550665302,
            "absolute_error": 0.03139296576199113
          },
          "tail5plus": {
            "predicted": 0.17162464074801212,
            "actual": 0.195496417604913,
            "absolute_error": 0.023871776856900867
          },
          "tail7plus": {
            "predicted": 0.034457255217219644,
            "actual": 0.038894575230296824,
            "absolute_error": 0.00443732001307718
          }
        },
        "score_set_80_coverage": 0.7993858751279427,
        "score_set_90_coverage": 0.9042988741044012
      },
      "candidate_calibration": {
        "one_x_two_ece": {
          "home": 0.023030422872446978,
          "draw": 0.00996524828367064,
          "away": 0.01503852607643711
        },
        "one_x_two_max_ece": 0.023030422872446978,
        "structural": {
          "btts": {
            "predicted": 0.5915482608440971,
            "actual": 0.609007164790174,
            "absolute_error": 0.017458903946076965
          },
          "home_zero": {
            "predicted": 0.18430813166139864,
            "actual": 0.17604912998976457,
            "absolute_error": 0.00825900167163407
          },
          "away_zero": {
            "predicted": 0.2857246681949672,
            "actual": 0.2773797338792221,
            "absolute_error": 0.008344934315745123
          },
          "margin2plus": {
            "predicted": 0.34936914999928637,
            "actual": 0.3490276356192426,
            "absolute_error": 0.00034151438004376145
          }
        },
        "tail": {
          "tail4plus": {
            "predicted": 0.36830576466446013,
            "actual": 0.3556806550665302,
            "absolute_error": 0.012625109597929951
          },
          "tail5plus": {
            "predicted": 0.19483716323714337,
            "actual": 0.195496417604913,
            "absolute_error": 0.0006592543677696183
          },
          "tail7plus": {
            "predicted": 0.03909602386071001,
            "actual": 0.038894575230296824,
            "absolute_error": 0.00020144863041318684
          }
        },
        "score_set_80_coverage": 0.8065506653019447,
        "score_set_90_coverage": 0.9119754350051177
      },
      "fold_stability": {
        "joint_log_improved_folds": 5,
        "total_rps_nonworse_folds": 5,
        "fold_count": 5
      },
      "folds": [
        {
          "outer_season": "2022",
          "predictions": 425,
          "mean_joint_log_diff": -0.013037986268101239,
          "mean_one_x_two_brier_diff": 0.00025120690632051746,
          "mean_one_x_two_rps_diff": -0.00014513252952577768,
          "mean_total_rps_diff": -1.746968582866055e-18
        },
        {
          "outer_season": "2023",
          "predictions": 456,
          "mean_joint_log_diff": -0.012713587393848218,
          "mean_one_x_two_brier_diff": -0.0015851642542534109,
          "mean_one_x_two_rps_diff": -0.0010662700815717852,
          "mean_total_rps_diff": -0.0008464753995768327
        },
        {
          "outer_season": "2024",
          "predictions": 456,
          "mean_joint_log_diff": -0.00957590389120234,
          "mean_one_x_two_brier_diff": -3.183283933755355e-05,
          "mean_one_x_two_rps_diff": -7.900442657762175e-05,
          "mean_total_rps_diff": -0.0005909453670295988
        },
        {
          "outer_season": "2025",
          "predictions": 471,
          "mean_joint_log_diff": -0.004851956225934085,
          "mean_one_x_two_brier_diff": 0.00033181617863583895,
          "mean_one_x_two_rps_diff": 0.0002896688966424492,
          "mean_total_rps_diff": -0.0010048619827552718
        },
        {
          "outer_season": "2026",
          "predictions": 146,
          "mean_joint_log_diff": -0.02088420277827878,
          "mean_one_x_two_brier_diff": -0.0008683670109252131,
          "mean_one_x_two_rps_diff": -0.0011970060995951598,
          "mean_total_rps_diff": -0.0009518270354009451
        }
      ],
      "audits": {
        "max_structural_or_total_residual": 2.498001805406602e-16,
        "max_probability_sum_residual": 2.220446049250313e-16,
        "primary_ci_pass": true,
        "calibration_non_degradation": true,
        "coverage_auditable": true,
        "probability_conservation_pass": true
      },
      "promotion_policy": "No automatic promotion. CURRENT-compliant competition-specific governance decision is still required; formal_weight remains 0 until that decision is recorded."
    }
  },
  "failures": {}
}
