{
  "schema_version": "V5.1.3-recent-xg-forward-shadow-aggregate-r3",
  "generated_at_utc": "2026-07-21T09:39:06+00:00",
  "season": "2025/26",
  "requested_domains": [
    "ENG_PremierLeague",
    "ESP_LaLiga",
    "GER_Bundesliga",
    "ITA_SerieA",
    "FRA_Ligue1"
  ],
  "completed_domains": [
    "ENG_PremierLeague",
    "ESP_LaLiga",
    "GER_Bundesliga",
    "ITA_SerieA",
    "FRA_Ligue1"
  ],
  "missing_domains": [],
  "execution_failure_domains": [],
  "signal_pass_domains": [],
  "signal_pass_count": 0,
  "reports": {
    "ENG_PremierLeague": {
      "status": "REJECT_KEEP_FORMAL_WEIGHT_0",
      "selected_profile": "xg_total_050",
      "forward_prediction_count": 209,
      "pooled_metrics": {
        "one_x_two_accuracy": {
          "baseline": 0.41626794258373206,
          "candidate": 0.41626794258373206,
          "candidate_minus_baseline": 0.0
        },
        "one_x_two_brier": {
          "baseline": 0.6572764887981065,
          "candidate": 0.6595124195075251,
          "candidate_minus_baseline": 0.002235930709418632
        },
        "one_x_two_rps": {
          "baseline": 0.21609553018085373,
          "candidate": 0.21657525497613142,
          "candidate_minus_baseline": 0.00047972479527769174
        },
        "joint_log": {
          "baseline": 2.887445465264856,
          "candidate": 2.894945906777553,
          "candidate_minus_baseline": 0.007500441512696909
        },
        "score_top1": {
          "baseline": 0.12440191387559808,
          "candidate": 0.11961722488038277,
          "candidate_minus_baseline": -0.004784688995215308
        },
        "score_top3": {
          "baseline": 0.291866028708134,
          "candidate": 0.3014354066985646,
          "candidate_minus_baseline": 0.009569377990430616
        },
        "total_top1": {
          "baseline": 0.22966507177033493,
          "candidate": 0.22009569377990432,
          "candidate_minus_baseline": -0.009569377990430616
        },
        "total_top2": {
          "baseline": 0.49282296650717705,
          "candidate": 0.49282296650717705,
          "candidate_minus_baseline": 0.0
        },
        "total_rps": {
          "baseline": 0.12496664580342075,
          "candidate": 0.125845716819635,
          "candidate_minus_baseline": 0.0008790710162142473
        }
      },
      "paired_block_bootstrap": {
        "one_x_two_brier": {
          "mean_difference": 0.0022359307094186333,
          "ci95_lower": -7.060508140475313e-05,
          "ci95_upper": 0.004491895083362982,
          "blocks": 11,
          "draws": 2000
        },
        "one_x_two_rps": {
          "mean_difference": 0.0004797247952776871,
          "ci95_lower": -0.00012920586440089837,
          "ci95_upper": 0.0010443880530211327,
          "blocks": 11,
          "draws": 2000
        },
        "joint_log": {
          "mean_difference": 0.007500441512696819,
          "ci95_lower": -0.006879995683772999,
          "ci95_upper": 0.023074125373522086,
          "blocks": 11,
          "draws": 2000
        },
        "total_rps": {
          "mean_difference": 0.0008790710162142542,
          "ci95_lower": -0.0013021767112278225,
          "ci95_upper": 0.0031898044706284816,
          "blocks": 11,
          "draws": 2000
        }
      },
      "checks": {
        "selected_profile_nonbaseline": true,
        "minimum_forward_rows": true,
        "at_least_one_1x2_proper_score_ci_improves": false,
        "other_1x2_proper_score_ci_noninferior": false,
        "joint_log_ci_noninferior": false,
        "total_rps_ci_noninferior": false,
        "one_x_two_accuracy_nonworse": true,
        "score_top1_nonworse": false,
        "score_top3_nonworse": true,
        "total_top1_nonworse": false,
        "total_top2_nonworse": true,
        "probability_conservation": true,
        "chronology_no_same_day_or_future_xg": true
      },
      "baseline_skipped_count": 40,
      "xg_skipped_count": 20,
      "chronology_violation_count": 0,
      "error": null
    },
    "ESP_LaLiga": {
      "status": "REJECT_KEEP_FORMAL_WEIGHT_0",
      "selected_profile": "xg_share_050",
      "forward_prediction_count": 209,
      "pooled_metrics": {
        "one_x_two_accuracy": {
          "baseline": 0.49760765550239233,
          "candidate": 0.49760765550239233,
          "candidate_minus_baseline": 0.0
        },
        "one_x_two_brier": {
          "baseline": 0.6039448723359168,
          "candidate": 0.5991367325217959,
          "candidate_minus_baseline": -0.004808139814120871
        },
        "one_x_two_rps": {
          "baseline": 0.2123383824123363,
          "candidate": 0.20990791642196524,
          "candidate_minus_baseline": -0.0024304659903710557
        },
        "joint_log": {
          "baseline": 2.848009950536821,
          "candidate": 2.8373569061485746,
          "candidate_minus_baseline": -0.010653044388246435
        },
        "score_top1": {
          "baseline": 0.13875598086124402,
          "candidate": 0.1674641148325359,
          "candidate_minus_baseline": 0.028708133971291877
        },
        "score_top3": {
          "baseline": 0.36363636363636365,
          "candidate": 0.3492822966507177,
          "candidate_minus_baseline": -0.014354066985645952
        },
        "total_top1": {
          "baseline": 0.2679425837320574,
          "candidate": 0.2679425837320574,
          "candidate_minus_baseline": 0.0
        },
        "total_top2": {
          "baseline": 0.5358851674641149,
          "candidate": 0.5358851674641149,
          "candidate_minus_baseline": 0.0
        },
        "total_rps": {
          "baseline": 0.12239849045895397,
          "candidate": 0.12239849045897742,
          "candidate_minus_baseline": 2.3453461395206432e-14
        }
      },
      "paired_block_bootstrap": {
        "one_x_two_brier": {
          "mean_difference": -0.004808139814120823,
          "ci95_lower": -0.009869817468043024,
          "ci95_upper": -0.00048630907895364336,
          "blocks": 11,
          "draws": 2000
        },
        "one_x_two_rps": {
          "mean_difference": -0.002430465990371055,
          "ci95_lower": -0.00510067614808548,
          "ci95_upper": -0.00013461542000331263,
          "blocks": 11,
          "draws": 2000
        },
        "joint_log": {
          "mean_difference": -0.010653044388246755,
          "ci95_lower": -0.01785940519145226,
          "ci95_upper": -0.0032556108034344513,
          "blocks": 11,
          "draws": 2000
        },
        "total_rps": {
          "mean_difference": 2.346308952550372e-14,
          "ci95_lower": 6.432260027641493e-15,
          "ci95_upper": 4.37141169222373e-14,
          "blocks": 11,
          "draws": 2000
        }
      },
      "checks": {
        "selected_profile_nonbaseline": true,
        "minimum_forward_rows": true,
        "at_least_one_1x2_proper_score_ci_improves": true,
        "other_1x2_proper_score_ci_noninferior": true,
        "joint_log_ci_noninferior": true,
        "total_rps_ci_noninferior": true,
        "one_x_two_accuracy_nonworse": true,
        "score_top1_nonworse": true,
        "score_top3_nonworse": false,
        "total_top1_nonworse": true,
        "total_top2_nonworse": true,
        "probability_conservation": true,
        "chronology_no_same_day_or_future_xg": true
      },
      "baseline_skipped_count": 46,
      "xg_skipped_count": 20,
      "chronology_violation_count": 0,
      "error": null
    },
    "GER_Bundesliga": {
      "status": "REJECT_KEEP_FORMAL_WEIGHT_0",
      "selected_profile": "xg_share_050",
      "forward_prediction_count": 169,
      "pooled_metrics": {
        "one_x_two_accuracy": {
          "baseline": 0.5384615384615384,
          "candidate": 0.5443786982248521,
          "candidate_minus_baseline": 0.00591715976331364
        },
        "one_x_two_brier": {
          "baseline": 0.602981451279248,
          "candidate": 0.6040845161412575,