{
  "schema_version": "V5.4.4-retrospective-ah-ou-por-sco-aggregate-r1",
  "generated_at_utc": "2026-07-21T15:12:08+00:00",
  "season": "2025/26",
  "reports": {
    "POR_PrimeiraLiga": {
      "competition_id": "POR_PrimeiraLiga",
      "season": "2025/26",
      "target_match_count": 306,
      "baseline_failure_count": 37,
      "missing_ou_count": 0,
      "missing_ah_count": 0,
      "invalid_ah_line_count": 0,
      "over_under_2_5": {
        "n": 269,
        "coverage": 0.8790849673202614,
        "formal_accuracy": 0.49070631970260226,
        "market_accuracy": 0.5687732342007435,
        "accuracy_gain_pp": 7.80669144981413,
        "formal_brier": 0.2520533417344399,
        "market_brier": 0.24385139654706767,
        "formal_log": 0.6972754653949289,
        "market_log": 0.6805816938667969,
        "bootstrap_market_minus_formal": {
          "brier": {
            "candidate_minus_baseline": -0.008201945187372224,
            "ci95_lower": -0.016024941384823015,
            "ci95_upper": -0.0001439125288974444,
            "blocks": 14,
            "draws": 1600
          },
          "log": {
            "candidate_minus_baseline": -0.016693771528132027,
            "ci95_lower": -0.03236544842685522,
            "ci95_upper": -0.00026927604527014455,
            "blocks": 14,
            "draws": 1600
          },
          "accuracy": {
            "candidate_minus_baseline": 0.07806691449814127,
            "ci95_lower": 0.01694915254237288,
            "ci95_upper": 0.14642857142857144,
            "blocks": 14,
            "draws": 1600
          }
        }
      },
      "asian_handicap_closing_line": {
        "n": 269,
        "coverage": 0.8790849673202614,
        "formal_settlement_mse": 0.908374684497013,
        "market_settlement_proxy_mse": 0.8115410049892633,
        "formal_selected_mean_settlement_net": -0.10037174721189591,
        "market_selected_mean_settlement_net": -0.01486988847583643,
        "formal_selected_mean_settlement_score": 0.44981412639405205,
        "market_selected_mean_settlement_score": 0.49256505576208176,
        "formal_positive_settlement_rate": 0.39776951672862454,
        "market_positive_settlement_rate": 0.4349442379182156,
        "formal_nonnegative_settlement_rate": 0.5204460966542751,
        "market_nonnegative_settlement_rate": 0.5576208178438662,
        "formal_selected_closing_profit_mean": -0.15315985130111523,
        "market_selected_closing_profit_mean": -0.09723048327137544,
        "bootstrap_market_minus_formal": {
          "settlement_proxy_mse": {
            "candidate_minus_baseline": -0.09683367950774964,
            "ci95_lower": -0.1400316601134485,
            "ci95_upper": -0.04956643558096031,
            "blocks": 14,
            "draws": 1600
          },
          "settlement_score": {
            "candidate_minus_baseline": 0.04275092936802974,
            "ci95_lower": -0.01417004048582996,
            "ci95_upper": 0.10037174721189591,
            "blocks": 14,
            "draws": 1600
          },
          "positive_settlement_rate": {
            "candidate_minus_baseline": 0.03717472118959108,
            "ci95_lower": -0.023255813953488372,
            "ci95_upper": 0.10037174721189591,
            "blocks": 14,
            "draws": 1600
          },
          "closing_profit": {
            "candidate_minus_baseline": 0.055929368029739794,
            "ci95_lower": -0.05702429149797569,
            "ci95_upper": 0.17660714285714288,
            "blocks": 14,
            "draws": 1600
          }
        },
        "metric_note": "Asian quarter-lines are not forced into a binary Brier score. Actual settlement net is win_fraction-loss_fraction in [-1,1]. Formal expectation is the same quantity integrated over the score matrix. Market signed lean is 2*de-vigged-home-share-1 and is a proxy, not an exact quarter-line fair-settlement expectation."
      },
      "oof_temperature": 0.9350342442326255,
      "oof_calibration_mode": "temperature",
      "formal_pit_market_eligible": false,
      "usage": "RETROSPECTIVE_MARKET_REFERENCE_ONLY"
    },
    "SCO_Premiership": {
      "competition_id": "SCO_Premiership",
      "season": "2025/26",
      "target_match_count": 228,
      "baseline_failure_count": 31,
      "missing_ou_count": 0,
      "missing_ah_count": 0,
      "invalid_ah_line_count": 0,
      "over_under_2_5": {
        "n": 197,
        "coverage": 0.8640350877192983,
        "formal_accuracy": 0.5126903553299492,
        "market_accuracy": 0.5482233502538071,
        "accuracy_gain_pp": 3.5532994923857864,
        "formal_brier": 0.24972552377388274,
        "market_brier": 0.24183610260882457,
        "formal_log": 0.6926084426796922,
        "market_log": 0.6764966377307929,
        "bootstrap_market_minus_formal": {
          "brier": {
            "candidate_minus_baseline": -0.007889421165058164,
            "ci95_lower": -0.01778465454799125,
            "ci95_upper": 0.0024736073808471733,
            "blocks": 10,
            "draws": 1600
          },
          "log": {
            "candidate_minus_baseline": -0.016111804948899335,
            "ci95_lower": -0.03560627822520614,
            "ci95_upper": 0.0049129198264417605,
            "blocks": 10,
            "draws": 1600
          },
          "accuracy": {
            "candidate_minus_baseline": 0.03553299492385787,
            "ci95_lower": -0.105,
            "ci95_upper": 0.175,
            "blocks": 10,
            "draws": 1600
          }
        }
      },
      "asian_handicap_closing_line": {
        "n": 197,
        "coverage": 0.8640350877192983,
        "formal_settlement_mse": 0.8946744235188405,
        "market_settlement_proxy_mse": 0.8189757001431842,
        "formal_selected_mean_settlement_net": -0.027918781725888325,
        "market_selected_mean_settlement_net": 0.20050761421319796,
        "formal_selected_mean_settlement_score": 0.4860406091370558,
        "market_selected_mean_settlement_score": 0.600253807106599,
        "formal_positive_settlement_rate": 0.4720812182741117,
        "market_positive_settlement_rate": 0.5786802030456852,
        "formal_nonnegative_settlement_rate": 0.5279187817258884,
        "market_nonnegative_settlement_rate": 0.6345177664974619,
        "formal_selected_closing_profit_mean": -0.09423857868020305,
        "market_selected_closing_profit_mean": 0.08954314720812184,
        "bootstrap_market_minus_formal": {
          "settlement_proxy_mse": {
            "candidate_minus_baseline": -0.07569872337565636,
            "ci95_lower": -0.17143804126526085,
            "ci95_upper": -0.003198084154965754,
            "blocks": 10,
            "draws": 1600
          },
          "settlement_score": {
            "candidate_minus_baseline": 0.11421319796954314,
            "ci95_lower": 0.015228426395939087,
            "ci95_upper": 0.23,
            "blocks": 10,
            "draws": 1600
          },
          "positive_settlement_rate": {
            "candidate_minus_baseline": 0.1065989847715736,
            "ci95_lower": 0.0,
            "ci95_upper": 0.23195876288659795,
            "blocks": 10,
            "draws": 1600
          },
          "closing_profit": {
            "candidate_minus_baseline": 0.1837817258883249,
            "ci95_lower": -0.011749999999999977,
            "ci95_upper": 0.407775,
            "blocks": 10,
            "draws": 1600
          }
        },
        "metric_note": "Asian quarter-lines are not forced into a binary Brier score. Actual settlement net is win_fraction-loss_fraction in [-1,1]. Formal expectation is the same quantity integrated over the score matrix. Market signed lean is 2*de-vigged-home-share-1 and is a proxy, not an exact quarter-line fair-settlement expectation."
      },
      "oof_temperature": 1.0,
      "oof_calibration_mode": "identity_guardrail",
      "formal_pit_market_eligible": false,
      "usage": "RETROSPECTIVE_MARKET_REFERENCE_ONLY"
    }
  },