{
  "schema_version": "V5.3.0-retrospective-market-matrix-projection-r1",
  "generated_at_utc": "2026-07-21T15:15:26+00:00",
  "season": "2025/26",
  "reports": {
    "POR_PrimeiraLiga": {
      "competition_id": "POR_PrimeiraLiga",
      "season": "2025/26",
      "target_match_count": 306,
      "baseline_skipped_count": 37,
      "market_skipped_count": 0,
      "market_1x2_prediction_count": 269,
      "market_1x2": {
        "n": 269,
        "mean_KL_from_formal_matrix": 0.042678013152756794,
        "metrics": {
          "one_x_two_accuracy": {
            "baseline": 0.5315985130111525,
            "candidate": 0.5799256505576208,
            "candidate_minus_baseline": 0.048327137546468335
          },
          "one_x_two_brier": {
            "baseline": 0.5938738774869938,
            "candidate": 0.5338715317157682,
            "candidate_minus_baseline": -0.06000234577122565
          },
          "one_x_two_rps": {
            "baseline": 0.1993259270204589,
            "candidate": 0.17214460371454654,
            "candidate_minus_baseline": -0.027181323305912358
          },
          "joint_log": {
            "baseline": 2.886996780123749,
            "candidate": 2.795590040697705,
            "candidate_minus_baseline": -0.09140673942604405
          },
          "score_top1": {
            "baseline": 0.137546468401487,
            "candidate": 0.1524163568773234,
            "candidate_minus_baseline": 0.014869888475836424
          },
          "score_top3": {
            "baseline": 0.31226765799256506,
            "candidate": 0.3754646840148699,
            "candidate_minus_baseline": 0.06319702602230481
          },
          "total_top1": {
            "baseline": 0.20446096654275092,
            "candidate": 0.21561338289962825,
            "candidate_minus_baseline": 0.011152416356877332
          },
          "total_top2": {
            "baseline": 0.40892193308550184,
            "candidate": 0.41263940520446096,
            "candidate_minus_baseline": 0.0037174721189591198
          },
          "total_rps": {
            "baseline": 0.12343014955932513,
            "candidate": 0.12276917037190434,
            "candidate_minus_baseline": -0.0006609791874207932
          },
          "ou_accuracy": {
            "baseline": 0.49070631970260226,
            "candidate": 0.5241635687732342,
            "candidate_minus_baseline": 0.03345724907063197
          },
          "ou_brier": {
            "baseline": 0.2520533417344399,
            "candidate": 0.24914695291853345,
            "candidate_minus_baseline": -0.0029063888159064355
          },
          "ou_log": {
            "baseline": 0.6972754653949289,
            "candidate": 0.6914197499086582,
            "candidate_minus_baseline": -0.0058557154862707295
          }
        },
        "bootstrap": {
          "one_x_two_brier": {
            "candidate_minus_baseline": -0.0600023457712256,
            "ci95_lower": -0.08439610870044258,
            "ci95_upper": -0.036433359643693354,
            "blocks": 14,
            "draws": 1400
          },
          "one_x_two_rps": {
            "candidate_minus_baseline": -0.027181323305912348,
            "ci95_lower": -0.03757404367490681,
            "ci95_upper": -0.016767368115632786,
            "blocks": 14,
            "draws": 1400
          },
          "joint_log": {
            "candidate_minus_baseline": -0.09140673942604383,
            "ci95_lower": -0.12169237776561129,
            "ci95_upper": -0.05690002324079447,
            "blocks": 14,
            "draws": 1400
          },
          "score_top1": {
            "candidate_minus_baseline": 0.01486988847583643,
            "ci95_lower": -0.017857142857142856,
            "ci95_upper": 0.04642857142857143,
            "blocks": 14,
            "draws": 1400
          },
          "score_top3": {
            "candidate_minus_baseline": 0.06319702602230483,
            "ci95_lower": 0.026022304832713755,
            "ci95_upper": 0.09689922480620156,
            "blocks": 14,
            "draws": 1400
          },
          "total_rps": {
            "candidate_minus_baseline": -0.0006609791874207976,
            "ci95_lower": -0.0011385354100321798,
            "ci95_upper": -0.0002042323530411082,
            "blocks": 14,
            "draws": 1400
          },
          "ou_brier": {
            "candidate_minus_baseline": -0.002906388815906434,
            "ci95_lower": -0.004876618659922225,
            "ci95_upper": -0.0007386886118356795,
            "blocks": 14,
            "draws": 1400
          }
        }
      },
      "market_1x2_plus_ou25": {
        "n": 269,
        "mean_KL_from_formal_matrix": 0.05231669145876846,
        "max_ipf_iterations": 12,
        "metrics": {
          "one_x_two_accuracy": {
            "baseline": 0.5315985130111525,
            "candidate": 0.5799256505576208,
            "candidate_minus_baseline": 0.048327137546468335
          },
          "one_x_two_brier": {
            "baseline": 0.5938738774869938,
            "candidate": 0.5338715317157287,
            "candidate_minus_baseline": -0.060002345771265175
          },
          "one_x_two_rps": {
            "baseline": 0.1993259270204589,
            "candidate": 0.17214460371453455,
            "candidate_minus_baseline": -0.02718132330592435
          },
          "joint_log": {
            "baseline": 2.886996780123749,
            "candidate": 2.784185217228534,
            "candidate_minus_baseline": -0.10281156289521487
          },
          "score_top1": {
            "baseline": 0.137546468401487,
            "candidate": 0.137546468401487,
            "candidate_minus_baseline": 0.0
          },
          "score_top3": {
            "baseline": 0.31226765799256506,
            "candidate": 0.35315985130111527,
            "candidate_minus_baseline": 0.040892193308550207
          },
          "total_top1": {
            "baseline": 0.20446096654275092,
            "candidate": 0.241635687732342,
            "candidate_minus_baseline": 0.03717472118959109
          },
          "total_top2": {
            "baseline": 0.40892193308550184,
            "candidate": 0.4312267657992565,
            "candidate_minus_baseline": 0.022304832713754663
          },
          "total_rps": {
            "baseline": 0.12343014955932513,
            "candidate": 0.1213317046931207,
            "candidate_minus_baseline": -0.0020984448662044325
          },
          "ou_accuracy": {
            "baseline": 0.49070631970260226,
            "candidate": 0.5724907063197026,
            "candidate_minus_baseline": 0.0817843866171003
          },
          "ou_brier": {
            "baseline": 0.2520533417344399,
            "candidate": 0.24385139654706764,
            "candidate_minus_baseline": -0.008201945187372245
          },
          "ou_log": {
            "baseline": 0.6972754653949289,
            "candidate": 0.6805816938667968,
            "candidate_minus_baseline": -0.016693771528132118
          }
        },
        "checks": {
          "one_x_two_brier_better": true,
          "one_x_two_rps_better": true,
          "ou_brier_better": true,
          "joint_log_nonworse": true,
          "score_top1_nonworse": true,
          "score_top3_nonworse": true,
          "total_top1_nonworse": true,
          "total_top2_nonworse": true,
          "total_rps_nonworse": true,
          "probability_conservation": true,
          "market_constraint_fit": true
        },
        "all_point_checks_pass": true,
        "bootstrap": {
          "one_x_two_brier": {
            "candidate_minus_baseline": -0.06000234577126512,
            "ci95_lower": -0.08225082015342547,
            "ci95_upper": -0.03675201674836122,
            "blocks": 14,
            "draws": 1400
          },
          "one_x_two_rps": {
            "candidate_minus_baseline": -0.027181323305924324,
            "ci95_lower": -0.0376133063998446,