{
  "schema_version": "V5.3.0-retrospective-market-matrix-projection-r1",
  "generated_at_utc": "2026-07-21T15:03:05+00:00",
  "season": "2025/26",
  "reports": {
    "POR_PrimeiraLiga": {
      "competition_id": "POR_PrimeiraLiga",
      "season": "2025/26",
      "target_match_count": 306,
      "baseline_skipped_count": 37,
      "market_skipped_count": 0,
      "market_1x2_prediction_count": 269,
      "market_1x2": {
        "n": 269,
        "mean_KL_from_formal_matrix": 0.042678013152756794,
        "metrics": {
          "one_x_two_accuracy": {
            "baseline": 0.5315985130111525,
            "candidate": 0.5799256505576208,
            "candidate_minus_baseline": 0.048327137546468335
          },
          "one_x_two_brier": {
            "baseline": 0.5938738774869938,
            "candidate": 0.5338715317157682,
            "candidate_minus_baseline": -0.06000234577122565
          },
          "one_x_two_rps": {
            "baseline": 0.1993259270204589,
            "candidate": 0.17214460371454654,
            "candidate_minus_baseline": -0.027181323305912358
          },
          "joint_log": {
            "baseline": 2.886996780123749,
            "candidate": 2.795590040697705,
            "candidate_minus_baseline": -0.09140673942604405
          },
          "score_top1": {
            "baseline": 0.137546468401487,
            "candidate": 0.1524163568773234,
            "candidate_minus_baseline": 0.014869888475836424
          },
          "score_top3": {
            "baseline": 0.31226765799256506,
            "candidate": 0.3754646840148699,
            "candidate_minus_baseline": 0.06319702602230481
          },
          "total_top1": {
            "baseline": 0.20446096654275092,
            "candidate": 0.21561338289962825,
            "candidate_minus_baseline": 0.011152416356877332
          },
          "total_top2": {
            "baseline": 0.40892193308550184,
            "candidate": 0.41263940520446096,
            "candidate_minus_baseline": 0.0037174721189591198
          },
          "total_rps": {
            "baseline": 0.12343014955932513,
            "candidate": 0.12276917037190434,
            "candidate_minus_baseline": -0.0006609791874207932
          },
          "ou_accuracy": {
            "baseline": 0.49070631970260226,
            "candidate": 0.5241635687732342,
            "candidate_minus_baseline": 0.03345724907063197
          },
          "ou_brier": {
            "baseline": 0.2520533417344399,
            "candidate": 0.24914695291853345,
            "candidate_minus_baseline": -0.0029063888159064355
          },
          "ou_log": {
            "baseline": 0.6972754653949289,
            "candidate": 0.6914197499086582,
            "candidate_minus_baseline": -0.0058557154862707295
          }
        },
        "bootstrap": {
          "one_x_two_brier": {
            "candidate_minus_baseline": -0.0600023457712256,
            "ci95_lower": -0.08310192811449878,
            "ci95_upper": -0.03622674132743789,
            "blocks": 14,
            "draws": 1400
          },
          "one_x_two_rps": {
            "candidate_minus_baseline": -0.027181323305912348,
            "ci95_lower": -0.03812943950766761,
            "ci95_upper": -0.016005360532964884,
            "blocks": 14,
            "draws": 1400
          },
          "joint_log": {
            "candidate_minus_baseline": -0.09140673942604383,
            "ci95_lower": -0.12374075070582397,
            "ci95_upper": -0.058970085455605295,
            "blocks": 14,
            "draws": 1400
          },
          "score_top1": {
            "candidate_minus_baseline": 0.01486988847583643,
            "ci95_lower": -0.015503875968992248,
            "ci95_upper": 0.046511627906976744,
            "blocks": 14,
            "draws": 1400
          },
          "score_top3": {
            "candidate_minus_baseline": 0.06319702602230483,
            "ci95_lower": 0.025,
            "ci95_upper": 0.10037174721189591,
            "blocks": 14,
            "draws": 1400
          },
          "total_rps": {
            "candidate_minus_baseline": -0.0006609791874207976,
            "ci95_lower": -0.0011764829447305316,
            "ci95_upper": -0.00019054910675386978,
            "blocks": 14,
            "draws": 1400
          },
          "ou_brier": {
            "candidate_minus_baseline": -0.002906388815906434,
            "ci95_lower": -0.004960801643828629,
            "ci95_upper": -0.0007658588639119928,
            "blocks": 14,
            "draws": 1400
          }
        }
      },
      "market_1x2_plus_ou25": null,
      "max_probability_sum_residual": 1.7763568394002505e-15,
      "max_market_constraint_residual": 3.6637359812630166e-15,
      "max_ipf_iterations": 0,
      "oof_temperature": 0.9350342442326255,
      "oof_calibration_mode": "temperature",
      "formal_pit_market_eligible": false,
      "usage": "RETROSPECTIVE_MARKET_REFERENCE_ONLY"
    },
    "SCO_Premiership": {
      "competition_id": "SCO_Premiership",
      "season": "2025/26",
      "target_match_count": 228,
      "baseline_skipped_count": 31,
      "market_skipped_count": 0,
      "market_1x2_prediction_count": 197,
      "market_1x2": {
        "n": 197,
        "mean_KL_from_formal_matrix": 0.04355097456578678,
        "metrics": {
          "one_x_two_accuracy": {
            "baseline": 0.5025380710659898,
            "candidate": 0.5482233502538071,
            "candidate_minus_baseline": 0.045685279187817285
          },
          "one_x_two_brier": {
            "baseline": 0.6023844229191543,
            "candidate": 0.5578619590605407,
            "candidate_minus_baseline": -0.04452246385861358
          },
          "one_x_two_rps": {
            "baseline": 0.213111107042306,
            "candidate": 0.19273179519653333,
            "candidate_minus_baseline": -0.020379311845772685
          },
          "joint_log": {
            "baseline": 2.9577677445084674,
            "candidate": 2.894664529344312,
            "candidate_minus_baseline": -0.06310321516415529
          },
          "score_top1": {
            "baseline": 0.116751269035533,
            "candidate": 0.14213197969543148,
            "candidate_minus_baseline": 0.025380710659898484
          },
          "score_top3": {
            "baseline": 0.28426395939086296,
            "candidate": 0.29949238578680204,
            "candidate_minus_baseline": 0.015228426395939076
          },
          "total_top1": {
            "baseline": 0.233502538071066,
            "candidate": 0.2436548223350254,
            "candidate_minus_baseline": 0.010152284263959394
          },
          "total_top2": {
            "baseline": 0.4619289340101523,
            "candidate": 0.4517766497461929,
            "candidate_minus_baseline": -0.010152284263959366
          },
          "total_rps": {
            "baseline": 0.1276834040891116,
            "candidate": 0.12728614172484792,
            "candidate_minus_baseline": -0.0003972623642636841
          },
          "ou_accuracy": {
            "baseline": 0.5126903553299492,
            "candidate": 0.5177664974619289,
            "candidate_minus_baseline": 0.005076142131979711
          },
          "ou_brier": {
            "baseline": 0.24972552377388274,
            "candidate": 0.24791050839516732,
            "candidate_minus_baseline": -0.0018150153787154233
          },
          "ou_log": {
            "baseline": 0.6926084426796922,
            "candidate": 0.6889450404787721,
            "candidate_minus_baseline": -0.003663402200920096
          }
        },
        "bootstrap": {
          "one_x_two_brier": {
            "candidate_minus_baseline": -0.044522463858613553,
            "ci95_lower": -0.06618764464060306,
            "ci95_upper": -0.025957684762643894,
            "blocks": 10,
            "draws": 1400
          },