{
  "schema_version": "V5.4.7-retrospective-market-matrix-partial5-r1",
  "generated_at_utc": "2026-07-21T15:21:21+00:00",
  "domains": {
    "SUI_SuperLeague": "2025/26",
    "SWE_Allsvenskan": "2025",
    "NOR_Eliteserien": "2025",
    "JPN_J1": "2025",
    "USA_MLS": "2025"
  },
  "reports": {
    "SUI_SuperLeague": {
      "competition_id": "SUI_SuperLeague",
      "season": "2025/26",
      "target_match_count": 228,
      "comparable_prediction_count": 196,
      "coverage": 0.8596491228070176,
      "baseline_failure_count": 32,
      "no_market_count": 0,
      "baseline": {
        "one_x_two_accuracy": 0.4387755102040816,
        "one_x_two_brier": 0.641310979460707,
        "one_x_two_rps": 0.22705168097915687,
        "joint_log": 3.2011331019340887,
        "score_top1": 0.11224489795918367,
        "score_top3": 0.30612244897959184,
        "total_top1": 0.29081632653061223,
        "total_top2": 0.4642857142857143,
        "total_rps": 0.13688682529521584
      },
      "candidate_1x2_matrix": {
        "one_x_two_accuracy": 0.5051020408163265,
        "one_x_two_brier": 0.6038627745619685,
        "one_x_two_rps": 0.20985875373675505,
        "joint_log": 3.1477553301399177,
        "score_top1": 0.12244897959183673,
        "score_top3": 0.30612244897959184,
        "total_top1": 0.29081632653061223,
        "total_top2": 0.4642857142857143,
        "total_rps": 0.137008055861225
      },
      "candidate_minus_baseline": {
        "one_x_two_accuracy": 0.06632653061224486,
        "one_x_two_brier": -0.03744820489873857,
        "one_x_two_rps": -0.017192927242401818,
        "joint_log": -0.053377771794171025,
        "score_top1": 0.010204081632653059,
        "score_top3": 0.0,
        "total_top1": 0.0,
        "total_top2": 0.0,
        "total_rps": 0.00012123056600915616
      },
      "bootstrap": {
        "one_x_two_brier": {
          "candidate_minus_baseline": -0.03744820489873856,
          "ci95_lower": -0.058450473102508886,
          "ci95_upper": -0.017216741986861107,
          "blocks": 10,
          "draws": 1400
        },
        "one_x_two_rps": {
          "candidate_minus_baseline": -0.01719292724240183,
          "ci95_lower": -0.027820183504792605,
          "ci95_upper": -0.006757810876020565,
          "blocks": 10,
          "draws": 1400
        },
        "joint_log": {
          "candidate_minus_baseline": -0.05337777179417102,
          "ci95_lower": -0.08215489235498424,
          "ci95_upper": -0.02364027435909681,
          "blocks": 10,
          "draws": 1400
        },
        "score_top1": {
          "candidate_minus_baseline": 0.01020408163265306,
          "ci95_lower": -0.026041666666666668,
          "ci95_upper": 0.05,
          "blocks": 10,
          "draws": 1400
        },
        "score_top3": {
          "candidate_minus_baseline": 0.0,
          "ci95_lower": -0.04591836734693878,
          "ci95_upper": 0.04591836734693878,
          "blocks": 10,
          "draws": 1400
        },
        "total_rps": {
          "candidate_minus_baseline": 0.00012123056600914158,
          "ci95_lower": -0.00035350747729543443,
          "ci95_upper": 0.0005953338485472632,
          "blocks": 10,
          "draws": 1400
        }
      },
      "frozen_point_checks": {
        "one_x_two_brier_better": true,
        "one_x_two_rps_better": true,
        "joint_log_nonworse": true,
        "score_top1_nonworse": true,
        "score_top3_nonworse": true,
        "total_top1_nonworse": true,
        "total_top2_nonworse": true,
        "total_rps_nonworse": false,
        "probability_conservation": true,
        "market_constraint_fit": true
      },
      "all_frozen_point_checks_pass": false,
      "max_probability_sum_residual": 5.551115123125783e-16,
      "max_market_constraint_residual": 1.9984014443252818e-15,
      "oof_temperature": 0.9085621868806689,
      "oof_calibration_mode": "temperature",
      "formal_pit_market_eligible": false
    },
    "SWE_Allsvenskan": {
      "competition_id": "SWE_Allsvenskan",
      "season": "2025",
      "target_match_count": 240,
      "comparable_prediction_count": 208,
      "coverage": 0.8666666666666667,
      "baseline_failure_count": 32,
      "no_market_count": 0,
      "baseline": {
        "one_x_two_accuracy": 0.47596153846153844,
        "one_x_two_brier": 0.6193014605724806,
        "one_x_two_rps": 0.22079595160097365,
        "joint_log": 3.062219399653936,
        "score_top1": 0.11538461538461539,
        "score_top3": 0.30288461538461536,
        "total_top1": 0.2644230769230769,
        "total_top2": 0.4855769230769231,
        "total_rps": 0.1332104503149852
      },
      "candidate_1x2_matrix": {
        "one_x_two_accuracy": 0.5336538461538461,
        "one_x_two_brier": 0.5956271893689652,
        "one_x_two_rps": 0.21021074343153978,
        "joint_log": 3.032150078303318,
        "score_top1": 0.1346153846153846,
        "score_top3": 0.28846153846153844,
        "total_top1": 0.25,
        "total_top2": 0.49038461538461536,
        "total_rps": 0.13303810678198397
      },
      "candidate_minus_baseline": {
        "one_x_two_accuracy": 0.05769230769230771,
        "one_x_two_brier": -0.023674271203515396,
        "one_x_two_rps": -0.010585208169433868,
        "joint_log": -0.030069321350617795,
        "score_top1": 0.019230769230769218,
        "score_top3": -0.014423076923076927,
        "total_top1": -0.014423076923076927,
        "total_top2": 0.004807692307692291,
        "total_rps": -0.00017234353300124572
      },
      "bootstrap": {
        "one_x_two_brier": {
          "candidate_minus_baseline": -0.023674271203515396,
          "ci95_lower": -0.04274760482641682,
          "ci95_upper": -0.006662401103677778,
          "blocks": 11,
          "draws": 1400
        },
        "one_x_two_rps": {
          "candidate_minus_baseline": -0.010585208169433875,
          "ci95_lower": -0.020484498246851907,
          "ci95_upper": -0.0015917934028083002,
          "blocks": 11,
          "draws": 1400
        },
        "joint_log": {
          "candidate_minus_baseline": -0.0300693213506174,
          "ci95_lower": -0.05461710112593663,
          "ci95_upper": -0.0023700424295825208,
          "blocks": 11,
          "draws": 1400
        },
        "score_top1": {
          "candidate_minus_baseline": 0.019230769230769232,
          "ci95_lower": -0.005434782608695652,
          "ci95_upper": 0.04591836734693878,
          "blocks": 11,
          "draws": 1400
        },
        "score_top3": {
          "candidate_minus_baseline": -0.014423076923076924,
          "ci95_lower": -0.06363636363636363,
          "ci95_upper": 0.029069767441860465,
          "blocks": 11,
          "draws": 1400
        },
        "total_rps": {
          "candidate_minus_baseline": -0.0001723435330012519,
          "ci95_lower": -0.0006353657602620963,
          "ci95_upper": 0.0003329375264496199,
          "blocks": 11,
          "draws": 1400
        }
      },
      "frozen_point_checks": {
        "one_x_two_brier_better": true,
        "one_x_two_rps_better": true,
        "joint_log_nonworse": true,
        "score_top1_nonworse": true,
        "score_top3_nonworse": false,
        "total_top1_nonworse": false,
        "total_top2_nonworse": true,
        "total_rps_nonworse": true,
        "probability_conservation": true,
        "market_constraint_fit": true
      },
      "all_frozen_point_checks_pass": false,
      "max_probability_sum_residual": 5.551115123125783e-16,
      "max_market_constraint_residual": 1.1102230246251565e-15,
      "oof_temperature": 1.0,
      "oof_calibration_mode": "identity_guardrail",
      "formal_pit_market_eligible": false
    },
    "NOR_Eliteserien": {
      "competition_id": "NOR_Eliteserien",
      "season": "2025",
      "target_match_count": 240,
      "comparable_prediction_count": 205,
      "coverage": 0.8541666666666666,
      "baseline_failure_count": 35,