{
  "schema_version": "1.0",
  "revision": "V4.6.4",
  "status": "PASS",
  "formal_weight": 0,
  "purpose": "diagnose total-goal over-shrinkage and BTTS/clean-sheet/two-plus-margin calibration; challenger is not auto-promoted",
  "method": "chronological same-season rolling evaluation; target-season team strength only; default frozen parameters; no future match in history",
  "challenger": "ESS-adaptive direct-total prior release; still a direct venue-total model, not mu_home+mu_away substitution",
  "global": {
    "n": 23781,
    "base_total_rps": 0.12882465098298976,
    "challenger_total_rps": 0.12911688019401765,
    "challenger_minus_base_rps": 0.00029222921102789456,
    "btts_predicted_mean": 0.4865163029631698,
    "btts_actual_rate": 0.53656280223708,
    "home_zero_predicted_mean": 0.2516828648327463,
    "home_zero_actual_rate": 0.22366595181026871,
    "away_zero_predicted_mean": 0.34042764637721795,
    "away_zero_actual_rate": 0.30944871956604014,
    "margin2plus_predicted_mean": 0.3870377185324872,
    "margin2plus_actual_rate": 0.35204575080946976
  },
  "competitions": {
    "ENG_PremierLeague": {
      "status": "通过",
      "n": 1691,
      "base_total_rps": 0.13080485971777878,
      "challenger_total_rps": 0.13121950331858465,
      "challenger_minus_base_rps": 0.0004146436008058696,
      "base_mean_total_average": 2.884246744028643,
      "challenger_mean_total_average": 2.878266914520124,
      "btts_predicted_mean": 0.5188633859186254,
      "btts_actual_rate": 0.5600236546422236,
      "home_zero_predicted_mean": 0.23727212298749722,
      "home_zero_actual_rate": 0.21584861028976937,
      "away_zero_predicted_mean": 0.3067460754041848,
      "away_zero_actual_rate": 0.2761679479597871,
      "margin2plus_predicted_mean": 0.41068120000143815,
      "margin2plus_actual_rate": 0.3985807214665878
    },
    "GER_Bundesliga": {
      "status": "通过",
      "n": 1344,
      "base_total_rps": 0.13712244132216952,
      "challenger_total_rps": 0.1373087080615612,
      "challenger_minus_base_rps": 0.00018626673939167726,
      "base_mean_total_average": 3.179742963455814,
      "challenger_mean_total_average": 3.1742499500688734,
      "btts_predicted_mean": 0.5650380773895588,
      "btts_actual_rate": 0.5967261904761905,
      "home_zero_predicted_mean": 0.2012985112398454,
      "home_zero_actual_rate": 0.19196428571428573,
      "away_zero_predicted_mean": 0.28132012387649086,
      "away_zero_actual_rate": 0.2619047619047619,
      "margin2plus_predicted_mean": 0.44097052167298095,
      "margin2plus_actual_rate": 0.4211309523809524
    },
    "ITA_SerieA": {
      "status": "通过",
      "n": 1677,
      "base_total_rps": 0.12275133396615179,
      "challenger_total_rps": 0.12306182842218166,
      "challenger_minus_base_rps": 0.000310494456029875,
      "base_mean_total_average": 2.6143022557333415,
      "challenger_mean_total_average": 2.608885263189779,
      "btts_predicted_mean": 0.47529055347330784,
      "btts_actual_rate": 0.5140131186642815,
      "home_zero_predicted_mean": 0.2713254455207337,
      "home_zero_actual_rate": 0.24925462134764462,
      "away_zero_predicted_mean": 0.33333587963539396,
      "away_zero_actual_rate": 0.3041144901610018,
      "margin2plus_predicted_mean": 0.3791027779382918,
      "margin2plus_actual_rate": 0.3261776982707215
    },
    "FRA_Ligue1": {
      "status": "通过",
      "n": 1478,
      "base_total_rps": 0.1329377413288183,
      "challenger_total_rps": 0.13334048198596557,
      "challenger_minus_base_rps": 0.0004027406571472658,
      "base_mean_total_average": 2.8147619738472693,
      "challenger_mean_total_average": 2.8096168080575468,
      "btts_predicted_mean": 0.5066856761549272,
      "btts_actual_rate": 0.5446549391069012,
      "home_zero_predicted_mean": 0.24373414378171337,
      "home_zero_actual_rate": 0.2354533152909337,
      "away_zero_predicted_mean": 0.32012248547396976,
      "away_zero_actual_rate": 0.2922868741542625,
      "margin2plus_predicted_mean": 0.39921392922655075,
      "margin2plus_actual_rate": 0.37415426251691475
    },
    "ESP_LaLiga": {
      "status": "通过",
      "n": 1673,
      "base_total_rps": 0.12627704869382814,
      "challenger_total_rps": 0.12625486235144132,
      "challenger_minus_base_rps": -2.2186342386820712e-05,
      "base_mean_total_average": 2.575277116743845,
      "challenger_mean_total_average": 2.5686271500813107,
      "btts_predicted_mean": 0.4643368133038082,
      "btts_actual_rate": 0.5224148236700538,
      "home_zero_predicted_mean": 0.2623114107157084,
      "home_zero_actual_rate": 0.2217573221757322,
      "away_zero_predicted_mean": 0.36186591843420146,
      "away_zero_actual_rate": 0.3251643753735804,
      "margin2plus_predicted_mean": 0.37203226669987144,
      "margin2plus_actual_rate": 0.31201434548714885
    },
    "POR_PrimeiraLiga": {
      "status": "通过",
      "n": 1349,
      "base_total_rps": 0.12501226263437717,
      "challenger_total_rps": 0.12512807597254924,
      "challenger_minus_base_rps": 0.00011581333817206607,
      "base_mean_total_average": 2.641686626336099,
      "challenger_mean_total_average": 2.6358585672168418,
      "btts_predicted_mean": 0.4754432363198075,
      "btts_actual_rate": 0.5018532246108228,
      "home_zero_predicted_mean": 0.2657423117091496,
      "home_zero_actual_rate": 0.2453669384729429,
      "away_zero_predicted_mean": 0.336648037100398,
      "away_zero_actual_rate": 0.31801334321719793,
      "margin2plus_predicted_mean": 0.38659563147664905,
      "margin2plus_actual_rate": 0.35285396590066714
    },
    "NED_Eredivisie": {
      "status": "通过",
      "n": 1331,
      "base_total_rps": 0.13320727497007026,
      "challenger_total_rps": 0.13328743106989274,
      "challenger_minus_base_rps": 8.015609982248151e-05,
      "base_mean_total_average": 3.06563451694951,
      "challenger_mean_total_average": 3.0597437791350477,
      "btts_predicted_mean": 0.543561315377574,
      "btts_actual_rate": 0.5687453042824944,
      "home_zero_predicted_mean": 0.21587020589760986,
      "home_zero_actual_rate": 0.1990984222389181,
      "away_zero_predicted_mean": 0.2965019997407599,
      "away_zero_actual_rate": 0.28249436513899323,
      "margin2plus_predicted_mean": 0.42908013634122877,
      "margin2plus_actual_rate": 0.41172051089406464
    },
    "SUI_SuperLeague": {
      "status": "通过",
      "n": 887,
      "base_total_rps": 0.1331597432901343,
      "challenger_total_rps": 0.1335606972649444,
      "challenger_minus_base_rps": 0.0004009539748101032,
      "base_mean_total_average": 3.0680864908167824,
      "challenger_mean_total_average": 3.063870024479797,
      "btts_predicted_mean": 0.5577236848040427,
      "btts_actual_rate": 0.6121758737316798,
      "home_zero_predicted_mean": 0.20662421671259076,
      "home_zero_actual_rate": 0.1826381059751973,
      "away_zero_predicted_mean": 0.28802244834676216,
      "away_zero_actual_rate": 0.24689966178128522,
      "margin2plus_predicted_mean": 0.4214101979164164,
      "margin2plus_actual_rate": 0.3810597519729425
    },
    "SCO_Premiership": {
      "status": "通过",
      "n": 989,
      "base_total_rps": 0.12711414095601498,
      "challenger_total_rps": 0.12745531033347735,
      "challenger_minus_base_rps": 0.0003411693774623692,
      "base_mean_total_average": 2.6968254765557313,
      "challenger_mean_total_average": 2.691490207766648,
      "btts_predicted_mean": 0.4796491799142855,
      "btts_actual_rate": 0.5146612740141557,
      "home_zero_predicted_mean": 0.24554557788023165,
      "home_zero_actual_rate": 0.20525783619817997,
      "away_zero_predicted_mean": 0.34947152250119573,
      "away_zero_actual_rate": 0.3346814964610718,
      "margin2plus_predicted_mean": 0.3975259122385855,
      "margin2plus_actual_rate": 0.39737108190091003
    },
    "SWE_Allsvenskan": {
      "status": "通过",
      "n": 1097,
      "base_total_rps": 0.13132487762384618,