{
  "schema_version": "V5.0.1-two-axis-dynamic-projection-aggregate-r2",
  "generated_at_utc": "2026-07-21T06:37:28+00:00",
  "status": "PASS",
  "requested_domains": [
    "ESP_LaLiga",
    "GER_Bundesliga"
  ],
  "completed_domains": [
    "ESP_LaLiga",
    "GER_Bundesliga"
  ],
  "research_candidates_formal_pit_blocked": [],
  "rejected_keep_formal_weight_0": [
    "ESP_LaLiga",
    "GER_Bundesliga"
  ],
  "failures": {},
  "reports": {
    "ESP_LaLiga": {
      "status": "REJECT_KEEP_FORMAL_WEIGHT_0",
      "reason": null,
      "selected_configurations": [
        "T0.00_D0.00",
        "T0.00_D0.75"
      ],
      "outer_prediction_count": 670,
      "pooled_metrics": {
        "one_x_two_accuracy": {
          "baseline": 0.5,
          "candidate": 0.4955223880597015,
          "candidate_minus_baseline": -0.004477611940298498
        },
        "one_x_two_brier": {
          "baseline": 0.6037378233171548,
          "candidate": 0.6025585756218077,
          "candidate_minus_baseline": -0.001179247695347052
        },
        "one_x_two_rps": {
          "baseline": 0.21083456183501695,
          "candidate": 0.21032412911100506,
          "candidate_minus_baseline": -0.0005104327240118833
        },
        "joint_log": {
          "baseline": 2.835802340071065,
          "candidate": 2.8334678133082725,
          "candidate_minus_baseline": -0.0023345267627923327
        },
        "score_top1": {
          "baseline": 0.13880597014925372,
          "candidate": 0.14328358208955225,
          "candidate_minus_baseline": 0.004477611940298526
        },
        "score_top3": {
          "baseline": 0.373134328358209,
          "candidate": 0.3761194029850746,
          "candidate_minus_baseline": 0.002985074626865647
        },
        "total_top1": {
          "baseline": 0.24776119402985075,
          "candidate": 0.24776119402985075,
          "candidate_minus_baseline": 0.0
        },
        "total_top2": {
          "baseline": 0.4955223880597015,
          "candidate": 0.4955223880597015,
          "candidate_minus_baseline": 0.0
        },
        "total_rps": {
          "baseline": 0.12166054554692107,
          "candidate": 0.12166054554692947,
          "candidate_minus_baseline": 8.396061623727746e-15
        },
        "ah": {
          "baseline": {
            "wins": 296,
            "pushes": 45,
            "losses": 329,
            "decided": 625,
            "hit_rate_excluding_pushes": 0.4736,
            "mean_settlement_payoff": -0.04253731343283582
          },
          "candidate": {
            "wins": 286,
            "pushes": 45,
            "losses": 339,
            "decided": 625,
            "hit_rate_excluding_pushes": 0.4576,
            "mean_settlement_payoff": -0.06791044776119402
          },
          "hit_rate_difference": -0.016000000000000014,
          "mean_settlement_payoff_difference": -0.0253731343283582
        }
      },
      "checks": {
        "two_forward_outer_seasons": true,
        "minimum_outer_predictions_500": true,
        "nonbaseline_configuration_selected_in_both_folds": false,
        "one_x_two_brier_ci_improves": false,
        "one_x_two_rps_ci_improves": false,
        "joint_log_ci_noninferior": false,
        "total_rps_ci_noninferior": true,
        "one_x_two_accuracy_nonworse": false,
        "score_top1_nonworse": true,
        "score_top3_nonworse": true,
        "total_top1_nonworse": true,
        "total_top2_nonworse": true,
        "ah_hit_rate_nonworse_each_outer_season": false,
        "ah_payoff_nonworse_each_outer_season": false,
        "ah_hit_rate_nonworse_pooled": false,
        "ah_payoff_nonworse_pooled": false,
        "probability_conservation": true,
        "same_day_outcomes_withheld": true,
        "formal_pit_handicap_evidence_available": false
      }
    },
    "GER_Bundesliga": {
      "status": "REJECT_KEEP_FORMAL_WEIGHT_0",
      "reason": null,
      "selected_configurations": [
        "T0.00_D0.00",
        "T0.75_D0.75"
      ],
      "outer_prediction_count": 536,
      "pooled_metrics": {
        "one_x_two_accuracy": {
          "baseline": 0.4925373134328358,
          "candidate": 0.4962686567164179,
          "candidate_minus_baseline": 0.0037313432835821003
        },
        "one_x_two_brier": {
          "baseline": 0.6247926401692303,
          "candidate": 0.6192124012211867,
          "candidate_minus_baseline": -0.005580238948043603
        },
        "one_x_two_rps": {
          "baseline": 0.21612619445305967,
          "candidate": 0.2133464087964622,
          "candidate_minus_baseline": -0.0027797856565974777
        },
        "joint_log": {
          "baseline": 3.137317019807073,
          "candidate": 3.129621496148657,
          "candidate_minus_baseline": -0.007695523658415748
        },
        "score_top1": {
          "baseline": 0.0914179104477612,
          "candidate": 0.0914179104477612,
          "candidate_minus_baseline": 0.0
        },
        "score_top3": {
          "baseline": 0.251865671641791,
          "candidate": 0.2537313432835821,
          "candidate_minus_baseline": 0.001865671641791078
        },
        "total_top1": {
          "baseline": 0.21455223880597016,
          "candidate": 0.21828358208955223,
          "candidate_minus_baseline": 0.0037313432835820726
        },
        "total_top2": {
          "baseline": 0.39552238805970147,
          "candidate": 0.40298507462686567,
          "candidate_minus_baseline": 0.007462686567164201
        },
        "total_rps": {
          "baseline": 0.13835588682384753,
          "candidate": 0.13835468397437622,
          "candidate_minus_baseline": -1.2028494713045568e-06
        },
        "ah": {
          "baseline": {
            "wins": 251,
            "pushes": 35,
            "losses": 250,
            "decided": 501,
            "hit_rate_excluding_pushes": 0.500998003992016,
            "mean_settlement_payoff": -0.0009328358208955224
          },
          "candidate": {
            "wins": 253,
            "pushes": 35,
            "losses": 248,
            "decided": 501,
            "hit_rate_excluding_pushes": 0.5049900199600799,
            "mean_settlement_payoff": 0.0065298507462686565
          },
          "hit_rate_difference": 0.003992015968063867,
          "mean_settlement_payoff_difference": 0.007462686567164179
        }
      },
      "checks": {
        "two_forward_outer_seasons": true,
        "minimum_outer_predictions_500": true,
        "nonbaseline_configuration_selected_in_both_folds": false,
        "one_x_two_brier_ci_improves": true,
        "one_x_two_rps_ci_improves": true,
        "joint_log_ci_noninferior": true,
        "total_rps_ci_noninferior": true,
        "one_x_two_accuracy_nonworse": true,
        "score_top1_nonworse": true,
        "score_top3_nonworse": true,
        "total_top1_nonworse": true,
        "total_top2_nonworse": true,
        "ah_hit_rate_nonworse_each_outer_season": true,
        "ah_payoff_nonworse_each_outer_season": true,
        "ah_hit_rate_nonworse_pooled": true,
        "ah_payoff_nonworse_pooled": true,
        "probability_conservation": true,
        "same_day_outcomes_withheld": true,
        "formal_pit_handicap_evidence_available": false
      }
    }
  },
  "formal_weight_change": false,
  "probability_change": false,
  "automatic_promotion": false,
  "formal_promotion_authorized": false,
  "policy": "Two-axis research only. Formal V5 probabilities remain unchanged."
}