{
  "schema_version": "V6.10.3-selective-market-1x2-chronological-r1",
  "generated_at_utc": "2026-07-24T02:55:20+00:00",
  "status": "PASS",
  "formal_current_version": "V5.0.1",
  "market_data_classification": "RETROSPECTIVE_REFERENCE_ONLY_NO_ORIGINAL_QUOTE_TIMESTAMP",
  "split": {
    "development": 2681,
    "validation": 897,
    "latest_test": 901,
    "chronological_within_competition": true
  },
  "targets": {
    "60": {
      "validation_gate": {
        "count": 404,
        "hits": 247,
        "coverage": 0.4503901895206243,
        "accuracy": 0.6113861386138614,
        "pmin": 0.5,
        "margin": 0.0
      },
      "latest_test": {
        "count": 422,
        "hits": 273,
        "coverage": 0.4683684794672586,
        "accuracy": 0.6469194312796208,
        "pmin": 0.5,
        "margin": 0.0
      }
    },
    "65": {
      "validation_gate": {
        "count": 271,
        "hits": 181,
        "coverage": 0.30211817168338906,
        "accuracy": 0.6678966789667896,
        "pmin": 0.56,
        "margin": 0.0
      },
      "latest_test": {
        "count": 288,
        "hits": 197,
        "coverage": 0.3196448390677026,
        "accuracy": 0.6840277777777778,
        "pmin": 0.56,
        "margin": 0.0
      }
    },
    "70": {
      "validation_gate": {
        "count": 153,
        "hits": 111,
        "coverage": 0.1705685618729097,
        "accuracy": 0.7254901960784313,
        "pmin": 0.62,
        "margin": 0.0
      },
      "latest_test": {
        "count": 173,
        "hits": 126,
        "coverage": 0.19200887902330743,
        "accuracy": 0.7283236994219653,
        "pmin": 0.62,
        "margin": 0.0
      }
    }
  },
  "fixed_probability_thresholds": {
    "0.45": {
      "validation": {
        "count": 543,
        "hits": 319,
        "coverage": 0.6053511705685619,
        "accuracy": 0.5874769797421732,
        "pmin": 0.45,
        "margin": 0.0
      },
      "latest_test": {
        "count": 563,
        "hits": 335,
        "coverage": 0.6248612652608213,
        "accuracy": 0.5950266429840142,
        "pmin": 0.45,
        "margin": 0.0
      }
    },
    "0.5": {
      "validation": {
        "count": 404,
        "hits": 247,
        "coverage": 0.4503901895206243,
        "accuracy": 0.6113861386138614,
        "pmin": 0.5,
        "margin": 0.0
      },
      "latest_test": {
        "count": 422,
        "hits": 273,
        "coverage": 0.4683684794672586,
        "accuracy": 0.6469194312796208,
        "pmin": 0.5,
        "margin": 0.0
      }
    },
    "0.55": {
      "validation": {
        "count": 296,
        "hits": 190,
        "coverage": 0.32998885172798215,
        "accuracy": 0.6418918918918919,
        "pmin": 0.55,
        "margin": 0.0
      },
      "latest_test": {
        "count": 317,
        "hits": 211,
        "coverage": 0.3518312985571587,
        "accuracy": 0.6656151419558359,
        "pmin": 0.55,
        "margin": 0.0
      }
    },
    "0.58": {
      "validation": {
        "count": 223,
        "hits": 155,
        "coverage": 0.24860646599777034,
        "accuracy": 0.695067264573991,
        "pmin": 0.58,
        "margin": 0.0
      },
      "latest_test": {
        "count": 244,
        "hits": 171,
        "coverage": 0.27081021087680357,
        "accuracy": 0.7008196721311475,
        "pmin": 0.58,
        "margin": 0.0
      }
    },
    "0.6": {
      "validation": {
        "count": 189,
        "hits": 131,
        "coverage": 0.21070234113712374,
        "accuracy": 0.6931216931216931,
        "pmin": 0.6,
        "margin": 0.0
      },
      "latest_test": {
        "count": 216,
        "hits": 155,
        "coverage": 0.2397336293007769,
        "accuracy": 0.7175925925925926,
        "pmin": 0.6,
        "margin": 0.0
      }
    },
    "0.62": {
      "validation": {
        "count": 153,
        "hits": 111,
        "coverage": 0.1705685618729097,
        "accuracy": 0.7254901960784313,
        "pmin": 0.62,
        "margin": 0.0
      },
      "latest_test": {
        "count": 173,
        "hits": 126,
        "coverage": 0.19200887902330743,
        "accuracy": 0.7283236994219653,
        "pmin": 0.62,
        "margin": 0.0
      }
    },
    "0.65": {
      "validation": {
        "count": 114,
        "hits": 86,
        "coverage": 0.12709030100334448,
        "accuracy": 0.7543859649122807,
        "pmin": 0.65,
        "margin": 0.0
      },
      "latest_test": {
        "count": 130,
        "hits": 98,
        "coverage": 0.14428412874583796,
        "accuracy": 0.7538461538461538,
        "pmin": 0.65,
        "margin": 0.0
      }
    },
    "0.7": {
      "validation": {
        "count": 60,
        "hits": 46,
        "coverage": 0.06688963210702341,
        "accuracy": 0.7666666666666667,
        "pmin": 0.7,
        "margin": 0.0
      },
      "latest_test": {
        "count": 73,
        "hits": 57,
        "coverage": 0.08102108768035517,
        "accuracy": 0.7808219178082192,
        "pmin": 0.7,
        "margin": 0.0
      }
    }
  },
  "target65_by_competition_test": {
    "ARG_Primera": {
      "count": 9,
      "hits": 5,
      "coverage": 0.1,
      "accuracy": 0.5555555555555556,
      "pmin": 0.56,
      "margin": 0.0
    },
    "BRA_SerieA": {
      "count": 24,
      "hits": 17,
      "coverage": 0.35294117647058826,
      "accuracy": 0.7083333333333334,
      "pmin": 0.56,
      "margin": 0.0
    },
    "ENG_PremierLeague": {
      "count": 22,
      "hits": 16,
      "coverage": 0.3235294117647059,
      "accuracy": 0.7272727272727273,
      "pmin": 0.56,
      "margin": 0.0
    },
    "ESP_LaLiga": {
      "count": 12,
      "hits": 11,
      "coverage": 0.1791044776119403,
      "accuracy": 0.9166666666666666,
      "pmin": 0.56,
      "margin": 0.0
    },
    "FRA_Ligue1": {
      "count": 25,
      "hits": 12,
      "coverage": 0.46296296296296297,
      "accuracy": 0.48,
      "pmin": 0.56,
      "margin": 0.0
    },
    "GER_Bundesliga": {
      "count": 19,
      "hits": 12,
      "coverage": 0.35185185185185186,
      "accuracy": 0.631578947368421,
      "pmin": 0.56,
      "margin": 0.0
    },
    "ITA_SerieA": {
      "count": 28,
      "hits": 16,
      "coverage": 0.4117647058823529,
      "accuracy": 0.5714285714285714,
      "pmin": 0.56,
      "margin": 0.0
    },
    "JPN_J1": {
      "count": 16,
      "hits": 9,
      "coverage": 0.23880597014925373,
      "accuracy": 0.5625,
      "pmin": 0.56,
      "margin": 0.0
    },
    "NED_Eredivisie": {
      "count": 21,
      "hits": 16,
      "coverage": 0.39622641509433965,
      "accuracy": 0.7619047619047619,
      "pmin": 0.56,
      "margin": 0.0
    },
    "NOR_Eliteserien": {
      "count": 22,
      "hits": 18,
      "coverage": 0.5365853658536586,
      "accuracy": 0.8181818181818182,
      "pmin": 0.56,
      "margin": 0.0
    },
    "POR_PrimeiraLiga": {
      "count": 24,
      "hits": 16,
      "coverage": 0.4444444444444444,
      "accuracy": 0.6666666666666666,
      "pmin": 0.56,
      "margin": 0.0
    },
    "SCO_Premiership": {
      "count": 16,
      "hits": 11,
      "coverage": 0.4,
      "accuracy": 0.6875,
      "pmin": 0.56,
      "margin": 0.0
    },
    "SUI_SuperLeague": {
      "count": 7,
      "hits": 6,
      "coverage": 0.175,
      "accuracy": 0.8571428571428571,
      "pmin": 0.56,
      "margin": 0.0
    },
    "SWE_Allsvenskan": {
      "count": 11,
      "hits": 8,
      "coverage": 0.2619047619047619,
      "accuracy": 0.7272727272727273,
      "pmin": 0.56,
      "margin": 0.0
    },
    "USA_MLS": {
      "count": 32,
      "hits": 24,
      "coverage": 0.3368421052631579,
      "accuracy": 0.75,
      "pmin": 0.56,
      "margin": 0.0
    }
  },
  "provider_counts": {
    "Pinnacle_closing": 2803,
    "Bet365_closing": 1666,
    "Average_closing": 10
  },
  "governance": {
    "research_only": true,
    "test_not_used_for_gate_selection": true,
    "coverage_always_reported": true,