{
  "schema_version": "V6.11.4-two-beta-draw-bias-1x2-r1",
  "generated_at_utc": "2026-07-24T03:26:07+00:00",
  "status": "PASS",
  "formal_current_version": "V5.0.1",
  "market_data_classification": "RETROSPECTIVE_REFERENCE_ONLY_NO_ORIGINAL_QUOTE_TIMESTAMP",
  "sample": {
    "total": 10070,
    "older": 4960,
    "newer": 5110,
    "older_train": 3963,
    "older_validation": 997,
    "provider_counts": {
      "Pinnacle_closing": 8393,
      "Bet365_closing": 1666,
      "Average_closing": 11
    }
  },
  "older_validation": {
    "market": {
      "count": 997,
      "hits": 513,
      "accuracy": 0.5145436308926781,
      "brier": 0.5901804376819627,
      "log_loss": 0.9892388753643485,
      "pick_counts": {
        "away": 282,
        "home": 712,
        "draw": 3
      }
    },
    "global_two_beta_fit": {
      "beta_decisive": 1.03,
      "beta_draw": 1.01,
      "train_log_loss": 0.9891518148551423
    },
    "global_two_beta": {
      "count": 997,
      "hits": 513,
      "accuracy": 0.5145436308926781,
      "brier": 0.5902165070107516,
      "log_loss": 0.9892788359775176,
      "pick_counts": {
        "away": 279,
        "home": 712,
        "draw": 6
      }
    },
    "provider_two_beta_fits": {
      "Pinnacle_closing": {
        "beta_decisive": 1.03,
        "beta_draw": 1.01,
        "train_log_loss": 0.9891518148551423
      }
    },
    "provider_two_beta": {
      "count": 997,
      "hits": 513,
      "accuracy": 0.5145436308926781,
      "brier": 0.5902165070107516,
      "log_loss": 0.9892788359775176,
      "pick_counts": {
        "away": 279,
        "home": 712,
        "draw": 6
      }
    },
    "selected_family": "global_two_beta"
  },
  "newer_season_test": {
    "market": {
      "count": 5110,
      "hits": 2645,
      "accuracy": 0.5176125244618396,
      "brier": 0.591833840903306,
      "log_loss": 0.9916575271763043,
      "pick_counts": {
        "away": 1538,
        "home": 3532,
        "draw": 40
      }
    },
    "global_fit": {
      "beta_decisive": 1.03,
      "beta_draw": 1.01,
      "train_log_loss": 0.9891773471251039
    },
    "global_two_beta": {
      "count": 5110,
      "hits": 2648,
      "accuracy": 0.5181996086105675,
      "brier": 0.5917212706449644,
      "log_loss": 0.9914116786719437,
      "pick_counts": {
        "away": 1531,
        "home": 3521,
        "draw": 58
      }
    },
    "provider_fits": {
      "Pinnacle_closing": {
        "beta_decisive": 1.03,
        "beta_draw": 1.01,
        "train_log_loss": 0.9891514614693635
      },
      "Average_closing": {
        "beta_decisive": 1.03,
        "beta_draw": 1.01,
        "train_log_loss": 0.9891773471251039
      }
    },
    "provider_two_beta": {
      "count": 5110,
      "hits": 2648,
      "accuracy": 0.5181996086105675,
      "brier": 0.5917212706449644,
      "log_loss": 0.9914116786719437,
      "pick_counts": {
        "away": 1531,
        "home": 3521,
        "draw": 58
      }
    },
    "selected_family": "global_two_beta",
    "selected": {
      "count": 5110,
      "hits": 2648,
      "accuracy": 0.5181996086105675,
      "brier": 0.5917212706449644,
      "log_loss": 0.9914116786719437,
      "pick_counts": {
        "away": 1531,
        "home": 3521,
        "draw": 58
      }
    },
    "selected_vs_market_uplift_pp": 0.058708414872787884,
    "market_selective": {
      "p_ge_0.56": {
        "count": 1470,
        "coverage": 0.2876712328767123,
        "hits": 1011,
        "accuracy": 0.6877551020408164
      },
      "p_ge_0.58": {
        "count": 1240,
        "coverage": 0.24266144814090018,
        "hits": 885,
        "accuracy": 0.7137096774193549
      },
      "p_ge_0.60": {
        "count": 1050,
        "coverage": 0.2054794520547945,
        "hits": 762,
        "accuracy": 0.7257142857142858
      }
    },
    "selected_selective": {
      "p_ge_0.56": {
        "count": 1504,
        "coverage": 0.2943248532289628,
        "hits": 1032,
        "accuracy": 0.6861702127659575
      },
      "p_ge_0.58": {
        "count": 1273,
        "coverage": 0.24911937377690802,
        "hits": 910,
        "accuracy": 0.7148468185388845
      },
      "p_ge_0.60": {
        "count": 1079,
        "coverage": 0.2111545988258317,
        "hits": 782,
        "accuracy": 0.7247451343836886
      }
    }
  },
  "by_competition": {
    "ARG_Primera": {
      "count": 510,
      "market_accuracy": 0.4137254901960784,
      "two_beta_accuracy": 0.41568627450980394,
      "uplift_pp": 0.19607843137255387
    },
    "BRA_SerieA": {
      "count": 380,
      "market_accuracy": 0.5184210526315789,
      "two_beta_accuracy": 0.5157894736842106,
      "uplift_pp": -0.2631578947368318
    },
    "ENG_PremierLeague": {
      "count": 380,
      "market_accuracy": 0.4921052631578947,
      "two_beta_accuracy": 0.4921052631578947,
      "uplift_pp": 0.0
    },
    "ESP_LaLiga": {
      "count": 380,
      "market_accuracy": 0.5421052631578948,
      "two_beta_accuracy": 0.5447368421052632,
      "uplift_pp": 0.2631578947368429
    },
    "FRA_Ligue1": {
      "count": 306,
      "market_accuracy": 0.5359477124183006,
      "two_beta_accuracy": 0.5359477124183006,
      "uplift_pp": 0.0
    },
    "GER_Bundesliga": {
      "count": 306,
      "market_accuracy": 0.5620915032679739,
      "two_beta_accuracy": 0.5620915032679739,
      "uplift_pp": 0.0
    },
    "ITA_SerieA": {
      "count": 380,
      "market_accuracy": 0.5421052631578948,
      "two_beta_accuracy": 0.5473684210526316,
      "uplift_pp": 0.5263157894736858
    },
    "JPN_J1": {
      "count": 380,
      "market_accuracy": 0.49473684210526314,
      "two_beta_accuracy": 0.49473684210526314,
      "uplift_pp": 0.0
    },
    "NED_Eredivisie": {
      "count": 306,
      "market_accuracy": 0.5359477124183006,
      "two_beta_accuracy": 0.5359477124183006,
      "uplift_pp": 0.0
    },
    "NOR_Eliteserien": {
      "count": 240,
      "market_accuracy": 0.6125,
      "two_beta_accuracy": 0.6125,
      "uplift_pp": 0.0
    },
    "POR_PrimeiraLiga": {
      "count": 306,
      "market_accuracy": 0.5751633986928104,
      "two_beta_accuracy": 0.5751633986928104,
      "uplift_pp": 0.0
    },
    "SCO_Premiership": {
      "count": 228,
      "market_accuracy": 0.5087719298245614,
      "two_beta_accuracy": 0.5087719298245614,
      "uplift_pp": 0.0
    },
    "SUI_SuperLeague": {
      "count": 228,
      "market_accuracy": 0.5,
      "two_beta_accuracy": 0.5,
      "uplift_pp": 0.0
    },
    "SWE_Allsvenskan": {
      "count": 240,
      "market_accuracy": 0.5333333333333333,
      "two_beta_accuracy": 0.5333333333333333,
      "uplift_pp": 0.0
    },
    "USA_MLS": {
      "count": 540,
      "market_accuracy": 0.4981481481481482,
      "two_beta_accuracy": 0.4981481481481482,
      "uplift_pp": 0.0
    }
  },
  "governance": {
    "research_only": true,
    "newer_season_never_used_for_fit_or_family_selection": true,
    "formal_probability_change": false,
    "formal_weight_change": false,
    "current_rule_change": false
  }
}