{
  "schema_version": "V6.16.6b-ah-margin-given-total-diagnostic-r1",
  "generated_at_utc": "2026-07-24T14:30:12+00:00",
  "status": "PASS",
  "classification": "ORACLE_TOTAL_DIAGNOSTIC_NOT_DEPLOYABLE",
  "design": {
    "uses_realized_total": true,
    "fitted_parameters": 0,
    "target_margin": "-AH line",
    "legal_parity_enforced": true
  },
  "aggregate": {
    "count": 10367,
    "hits": 5353,
    "accuracy": 0.5163499565930356
  },
  "by_season": {
    "2022/23": {
      "count": 2647,
      "hits": 1326,
      "accuracy": 0.5009444654325652
    },
    "2023/24": {
      "count": 2572,
      "hits": 1360,
      "accuracy": 0.5287713841368584
    },
    "2024/25": {
      "count": 2575,
      "hits": 1329,
      "accuracy": 0.5161165048543689
    },
    "2025/26": {
      "count": 2573,
      "hits": 1338,
      "accuracy": 0.5200155460551885
    }
  },
  "by_competition": {
    "ENG_PremierLeague": {
      "count": 1507,
      "hits": 748,
      "accuracy": 0.49635036496350365
    },
    "GER_Bundesliga": {
      "count": 1211,
      "hits": 576,
      "accuracy": 0.4756399669694467
    },
    "ITA_SerieA": {
      "count": 1517,
      "hits": 850,
      "accuracy": 0.5603164139749506
    },
    "FRA_Ligue1": {
      "count": 1284,
      "hits": 622,
      "accuracy": 0.48442367601246106
    },
    "ESP_LaLiga": {
      "count": 1511,
      "hits": 857,
      "accuracy": 0.5671740569159497
    },
    "NED_Eredivisie": {
      "count": 1211,
      "hits": 584,
      "accuracy": 0.48224607762180016
    },
    "POR_PrimeiraLiga": {
      "count": 1218,
      "hits": 670,
      "accuracy": 0.5500821018062397
    },
    "SCO_Premiership": {
      "count": 908,
      "hits": 446,
      "accuracy": 0.4911894273127753
    }
  },
  "governance": {
    "research_only": true,
    "formal_weight": 0,
    "current_rule_change": false,
    "automatic_promotion": false
  }
}
