{
  "schema_version": "V6.16.6-conditional-margin-ah-r1",
  "generated_at_utc": "2026-07-24T14:28:57+00:00",
  "status": "PASS",
  "formal_current_version": "V5.0.1",
  "classification": "RETROSPECTIVE_MARKET_RESEARCH_NO_ORIGINAL_QUOTE_TIMESTAMP",
  "design": {
    "test_seasons": [
      "2022/23",
      "2023/24",
      "2024/25",
      "2025/26"
    ],
    "strictly_prior_training": true,
    "total_source": "V6.16.3 1X2+OU IPF Top-1 total",
    "conditional_target": "D=home_goals-away_goals given T",
    "ah_role": "feature only, never hard constraint",
    "features": [
      "de-vigged 1X2",
      "de-vigged OU2.5",
      "signed AH line",
      "AH price log-ratio",
      "abs(AH line)",
      "competition one-hot"
    ],
    "quarter_integer_lines_allowed_as_covariates": true
  },
  "by_season": {
    "2022/23": {
      "count": 2357,
      "baseline_score_top1": 0.12346202800169707,
      "conditional_ah_score_top1": 0.12176495545184557,
      "score_top1_delta": -0.0016970725498515055,
      "baseline_score_top3": 0.3360203648705982,
      "conditional_ah_score_top3": 0.2532880780653373,
      "score_top3_delta": -0.0827322868052609,
      "predicted_total_top1_accuracy": 0.2571064913025032,
      "conditional_total_correct_count": 606,
      "baseline_top1_given_total_correct": 0.3316831683168317,
      "ah_top1_given_total_correct": 0.4735973597359736,
      "conditional_top1_delta": 0.1419141914191419,
      "baseline_top3_given_total_correct": 0.5759075907590759,
      "ah_top3_given_total_correct": 0.9851485148514851
    },
    "2023/24": {
      "count": 2270,
      "baseline_score_top1": 0.14537444933920704,
      "conditional_ah_score_top1": 0.13303964757709252,
      "score_top1_delta": -0.012334801762114517,
      "baseline_score_top3": 0.345374449339207,
      "conditional_ah_score_top3": 0.2488986784140969,
      "score_top3_delta": -0.09647577092511012,
      "predicted_total_top1_accuracy": 0.2511013215859031,
      "conditional_total_correct_count": 570,
      "baseline_top1_given_total_correct": 0.3894736842105263,
      "ah_top1_given_total_correct": 0.5298245614035088,
      "conditional_top1_delta": 0.14035087719298245,
      "baseline_top3_given_total_correct": 0.6105263157894737,
      "ah_top3_given_total_correct": 0.9912280701754386
    },
    "2024/25": {
      "count": 2280,
      "baseline_score_top1": 0.12850877192982457,
      "conditional_ah_score_top1": 0.1206140350877193,
      "score_top1_delta": -0.007894736842105274,
      "baseline_score_top3": 0.3293859649122807,
      "conditional_ah_score_top3": 0.24868421052631579,
      "score_top3_delta": -0.08070175438596494,
      "predicted_total_top1_accuracy": 0.2513157894736842,
      "conditional_total_correct_count": 573,
      "baseline_top1_given_total_correct": 0.3472949389179756,
      "ah_top1_given_total_correct": 0.4799301919720768,
      "conditional_top1_delta": 0.13263525305410123,
      "baseline_top3_given_total_correct": 0.5706806282722513,
      "ah_top3_given_total_correct": 0.9895287958115183
    },
    "2025/26": {
      "count": 2279,
      "baseline_score_top1": 0.13163668275559456,
      "conditional_ah_score_top1": 0.12286090390522159,
      "score_top1_delta": -0.008775778850372978,
      "baseline_score_top3": 0.3356735410267661,
      "conditional_ah_score_top3": 0.24747696358051777,
      "score_top3_delta": -0.08819657744624834,
      "predicted_total_top1_accuracy": 0.2505484861781483,
      "conditional_total_correct_count": 571,
      "baseline_top1_given_total_correct": 0.34851138353765326,
      "ah_top1_given_total_correct": 0.4903677758318739,
      "conditional_top1_delta": 0.14185639229422067,
      "baseline_top3_given_total_correct": 0.5499124343257443,
      "ah_top3_given_total_correct": 0.9877408056042032
    }
  },
  "aggregate": {
    "count": 9186,
    "baseline_score_top1": 0.13215763117787938,
    "conditional_ah_score_top1": 0.12453733942956673,
    "score_top1_delta": -0.007620291748312649,
    "baseline_score_top3": 0.33659917265403877,
    "conditional_ah_score_top3": 0.24961898541258437,
    "score_top3_delta": -0.0869801872414544,
    "predicted_total_top1_accuracy": 0.25255824080121925,
    "conditional_total_correct_count": 2320,
    "baseline_top1_given_total_correct": 0.3538793103448276,
    "ah_top1_given_total_correct": 0.49310344827586206,
    "conditional_top1_delta": 0.13922413793103447,
    "baseline_top3_given_total_correct": 0.5767241379310345,
    "ah_top3_given_total_correct": 0.9883620689655173
  },
  "replication": {
    "seasons_top1_improved": 0,
    "seasons_conditional_top1_improved": 4
  },
  "meta": {
    "2022/23": {
      "ENG_PremierLeague": {
        "market_rows": 380,
        "used": 340
      },
      "GER_Bundesliga": {
        "market_rows": 306,
        "used": 270
      },
      "ITA_SerieA": {
        "market_rows": 380,
        "used": 336
      },
      "FRA_Ligue1": {
        "market_rows": 380,
        "used": 340
      },
      "ESP_LaLiga": {
        "market_rows": 380,
        "used": 335
      },
      "NED_Eredivisie": {
        "market_rows": 306,
        "used": 268
      },
      "POR_PrimeiraLiga": {
        "market_rows": 306,
        "used": 270
      },
      "SCO_Premiership": {
        "market_rows": 228,
        "used": 198
      }
    },
    "2023/24": {
      "ENG_PremierLeague": {
        "market_rows": 380,
        "used": 331
      },
      "GER_Bundesliga": {
        "market_rows": 306,
        "used": 270
      },
      "ITA_SerieA": {
        "market_rows": 380,
        "used": 335
      },
      "FRA_Ligue1": {
        "market_rows": 306,
        "used": 266
      },
      "ESP_LaLiga": {
        "market_rows": 380,
        "used": 334
      },
      "NED_Eredivisie": {
        "market_rows": 306,
        "used": 266
      },
      "POR_PrimeiraLiga": {
        "market_rows": 306,
        "used": 270
      },
      "SCO_Premiership": {
        "market_rows": 228,
        "used": 198
      }
    },
    "2024/25": {
      "ENG_PremierLeague": {
        "market_rows": 380,
        "used": 340
      },
      "GER_Bundesliga": {
        "market_rows": 306,
        "used": 268
      },
      "ITA_SerieA": {
        "market_rows": 380,
        "used": 334
      },
      "FRA_Ligue1": {
        "market_rows": 306,
        "used": 268
      },
      "ESP_LaLiga": {
        "market_rows": 380,
        "used": 336
      },
      "NED_Eredivisie": {
        "market_rows": 306,
        "used": 266
      },
      "POR_PrimeiraLiga": {
        "market_rows": 306,
        "used": 270
      },
      "SCO_Premiership": {
        "market_rows": 228,
        "used": 198
      }
    },
    "2025/26": {
      "ENG_PremierLeague": {
        "market_rows": 380,
        "used": 340
      },
      "GER_Bundesliga": {
        "market_rows": 306,
        "used": 268
      },
      "ITA_SerieA": {
        "market_rows": 380,
        "used": 338
      },
      "FRA_Ligue1": {
        "market_rows": 306,
        "used": 268
      },
      "ESP_LaLiga": {
        "market_rows": 380,
        "used": 334
      },
      "NED_Eredivisie": {
        "market_rows": 306,
        "used": 265
      },
      "POR_PrimeiraLiga": {
        "market_rows": 306,
        "used": 269
      },
      "SCO_Premiership": {
        "market_rows": 228,
        "used": 197
      }
    }
  },
  "governance": {
    "research_only": true,
    "formal_weight": 0,
    "current_rule_change": false,
    "automatic_promotion": false
  }
}
