{
  "schema_version": "V6.18.4d-conditional-score-shot-decision-r1",
  "generated_at_utc": "2026-07-24T17:20:00+00:00",
  "status": "REJECT_EXACT_TOP1_PROMOTION_KEEP_DISTRIBUTIONAL_RESEARCH",
  "formal_current_version": "V5.0.1",
  "source_receipt": {
    "path": "football-data/manifests/v6_conditional_score_shot_challenge_v6184_status.json",
    "sha": "0d1647c1c27b0ebbeb21d21e6c30e8ab8c4cb656",
    "schema_version": "V6.18.4-shot-conditional-score-strict-daily-pit-r3"
  },
  "design": {
    "strict_daily_pit": true,
    "total_goals_0_7plus_invariant": true,
    "challenged_component": "P(H|T=t,X) / conditional home-away goal allocation",
    "shot_features": true,
    "competition_only_control": true,
    "market_used": false
  },
  "test_folds": [
    {
      "test_season": "2024/25",
      "n": 2279,
      "formal_score_top1": 0.12329969284774024,
      "shot_score_top1": 0.1303203159280386,
      "score_top1_delta": 0.007020623080298369,
      "formal_score_top3": 0.31943835015357613,
      "shot_score_top3": 0.33611232996928475,
      "score_top3_delta": 0.016673979815708617,
      "score_logloss_delta": -0.01320973652482893,
      "one_x_two_logloss_delta": -0.027598361146470185,
      "one_x_two_rps_delta": -0.008872783721248167,
      "shot_validation_gate": "PASS",
      "competition_only_validation_gate": "NO_PROPER_NONINFERIOR_CANDIDATE"
    },
    {
      "test_season": "2025/26",
      "n": 2279,
      "formal_score_top1": 0.11627906976744186,
      "shot_score_top1": 0.11496270293988592,
      "score_top1_delta": -0.00131636682755594,
      "formal_score_top3": 0.30057042562527425,
      "shot_score_top3": 0.31241772707327775,
      "score_top3_delta": 0.0118473014480035,
      "score_logloss_delta": -0.018418168053174976,
      "one_x_two_logloss_delta": -0.024031870869579474,
      "one_x_two_rps_delta": -0.008115951798185667,
      "shot_validation_gate": "PASS",
      "competition_only_validation_gate": "NO_PROPER_NONINFERIOR_CANDIDATE"
    }
  ],
  "aggregate_descriptive_only": {
    "n": 4558,
    "formal_score_top1": 0.11978938130759105,
    "shot_score_top1": 0.12264150943396226,
    "score_top1_delta": 0.0028521281263712145,
    "formal_score_top3": 0.3100043878894252,
    "shot_score_top3": 0.32426502852128125,
    "score_top3_delta": 0.014260640631856059,
    "mean_score_logloss_delta": -0.015813952289001953,
    "mean_one_x_two_logloss_delta": -0.025815116008024885,
    "mean_one_x_two_rps_delta": -0.008494367759716903
  },
  "decision": {
    "exact_score_top1_breakthrough": false,
    "reason": "Exact-score Top1 delta changes sign across chronological test seasons (+0.702pp then -0.132pp). Aggregate +0.285pp is insufficient to override cross-season instability.",
    "distributional_increment": true,
    "distributional_reason": "Score LogLoss, 1X2 LogLoss, 1X2 RPS and Top3 improve in both test folds while total-goal marginal remains invariant.",
    "formal_promotion": false,
    "formal_weight": 0,
    "runtime_probability_change": false,
    "current_rule_change": false,
    "allowed_next_use": "research-only selective prediction / uncertainty gating; no direct exact-score promotion"
  },
  "governance": {
    "no_test_parameter_retuning": true,
    "no_hand_selected_score": true,
    "no_claim_that_exact_score_is_solved": true,
    "future_exact_score_promotion_requires_new_prospective_evidence": true
  }
}
