{
  "schema_version": "V6.16.7-full-joint-TD-AH-r1",
  "generated_at_utc": "2026-07-24T14:37:31+00:00",
  "status": "PASS",
  "formal_current_version": "V5.0.1",
  "classification": "RETROSPECTIVE_MARKET_RESEARCH_NO_ORIGINAL_QUOTE_TIMESTAMP",
  "design": {
    "strictly_prior_conditional_training": true,
    "total_marginal_source": "V6.16.3 full P(T)",
    "conditional_source": "V6.16.6 P(D|T,X)",
    "score_mapping": "H=(T+D)/2,A=(T-D)/2 with parity/nonnegative gate",
    "7plus": "preserve V6.16.3 conditional structure",
    "final_market_coordination": "same 1X2+OU IPF as V6.16.3",
    "single_total_selected_before_score": false
  },
  "by_season": {
    "2022/23": {
      "count": 2357,
      "baseline_total_rps": 0.12595149806037537,
      "td_total_rps": 0.125953583923946,
      "total_rps_delta": 2.0858635706444417e-06,
      "baseline_total_top1": 0.2571064913025032,
      "td_total_top1": 0.25371234620280014,
      "total_top1_delta": -0.0033941450997030387,
      "baseline_score_top1": 0.12346202800169707,
      "td_score_top1": 0.12897751378871447,
      "score_top1_delta": 0.005515485787017396,
      "baseline_score_top3": 0.3360203648705982,
      "td_score_top3": 0.3326262197708952,
      "score_top3_delta": -0.0033941450997030387,
      "baseline_1x2_brier": 0.5623685570848629,
      "td_1x2_brier": 0.5623685570849145,
      "one_x_two_brier_delta": 5.162537064506978e-14
    },
    "2023/24": {
      "count": 2270,
      "baseline_total_rps": 0.1292228581198288,
      "td_total_rps": 0.12922971885749487,
      "total_rps_delta": 6.8607376660645425e-06,
      "baseline_total_top1": 0.2511013215859031,
      "td_total_top1": 0.252863436123348,
      "total_top1_delta": 0.0017621145374449032,
      "baseline_score_top1": 0.14537444933920704,
      "td_score_top1": 0.13964757709251102,
      "score_top1_delta": -0.005726872246696019,
      "baseline_score_top3": 0.345374449339207,
      "td_score_top3": 0.34140969162995594,
      "score_top3_delta": -0.003964757709251088,
      "baseline_1x2_brier": 0.5560936806526864,
      "td_1x2_brier": 0.5560936806527124,
      "one_x_two_brier_delta": 2.5979218776228663e-14
    },
    "2024/25": {
      "count": 2280,
      "baseline_total_rps": 0.1244535310071846,
      "td_total_rps": 0.12443430378936311,
      "total_rps_delta": -1.9227217821493614e-05,
      "baseline_total_top1": 0.2513157894736842,
      "td_total_top1": 0.25087719298245614,
      "total_top1_delta": -0.00043859649122807154,
      "baseline_score_top1": 0.12850877192982457,
      "td_score_top1": 0.12982456140350876,
      "score_top1_delta": 0.0013157894736841869,
      "baseline_score_top3": 0.3293859649122807,
      "td_score_top3": 0.34210526315789475,
      "score_top3_delta": 0.012719298245614019,
      "baseline_1x2_brier": 0.5685157642540343,
      "td_1x2_brier": 0.5685157642540318,
      "one_x_two_brier_delta": -2.4424906541753444e-15
    },
    "2025/26": {
      "count": 2279,
      "baseline_total_rps": 0.12466319229918678,
      "td_total_rps": 0.12468667953132605,
      "total_rps_delta": 2.3487232139268732e-05,
      "baseline_total_top1": 0.2505484861781483,
      "td_total_top1": 0.24923211935059236,
      "total_top1_delta": -0.001316366827555926,
      "baseline_score_top1": 0.13163668275559456,
      "td_score_top1": 0.12988152698551997,
      "score_top1_delta": -0.0017551557700745957,
      "baseline_score_top3": 0.3356735410267661,
      "td_score_top3": 0.338306274681878,
      "score_top3_delta": 0.0026327336551119074,
      "baseline_1x2_brier": 0.5791668119240997,
      "td_1x2_brier": 0.5791668119240957,
      "one_x_two_brier_delta": -3.9968028886505635e-15
    }
  },
  "aggregate": {
    "count": 9186,
    "baseline_total_rps": 0.12606847755351008,
    "td_total_rps": 0.12607176294436034,
    "total_rps_delta": 3.2853908502605833e-06,
    "baseline_total_top1": 0.25255824080121925,
    "td_total_top1": 0.2516873503156978,
    "total_top1_delta": -0.0008708904855214694,
    "baseline_score_top1": 0.13215763117787938,
    "td_score_top1": 0.1320487698671892,
    "score_top1_delta": -0.00010886131069018368,
    "baseline_score_top3": 0.33659917265403877,
    "td_score_top3": 0.338558676246462,
    "score_top3_delta": 0.0019595035924232507,
    "baseline_1x2_brier": 0.5665112618119793,
    "td_1x2_brier": 0.5665112618119973,
    "one_x_two_brier_delta": 1.7985612998927536e-14
  },
  "replication": {
    "seasons_score_top1_improved": 2,
    "seasons_score_top3_improved": 2,
    "seasons_total_rps_nonworse": 1
  },
  "meta": {
    "2022/23": {
      "ENG_PremierLeague": {
        "market_rows": 380,
        "attempted": 340,
        "converged": 340,
        "max_iterations": 15,
        "max_residual": 9.843237336326638e-13
      },
      "GER_Bundesliga": {
        "market_rows": 306,
        "attempted": 270,
        "converged": 270,
        "max_iterations": 15,
        "max_residual": 9.988676552552533e-13
      },
      "ITA_SerieA": {
        "market_rows": 380,
        "attempted": 336,
        "converged": 336,
        "max_iterations": 13,
        "max_residual": 9.925948951661212e-13
      },
      "FRA_Ligue1": {
        "market_rows": 380,
        "attempted": 340,
        "converged": 340,
        "max_iterations": 13,
        "max_residual": 9.989231664064846e-13
      },
      "ESP_LaLiga": {
        "market_rows": 380,
        "attempted": 335,
        "converged": 335,
        "max_iterations": 14,
        "max_residual": 9.793277300218506e-13
      },
      "NED_Eredivisie": {
        "market_rows": 306,
        "attempted": 268,
        "converged": 268,
        "max_iterations": 16,
        "max_residual": 9.761635944016689e-13
      },
      "POR_PrimeiraLiga": {
        "market_rows": 306,
        "attempted": 270,
        "converged": 270,
        "max_iterations": 12,
        "max_residual": 9.974243653232406e-13
      },
      "SCO_Premiership": {
        "market_rows": 228,
        "attempted": 198,
        "converged": 198,
        "max_iterations": 16,
        "max_residual": 9.930944955272025e-13
      }
    },
    "2023/24": {
      "ENG_PremierLeague": {
        "market_rows": 380,
        "attempted": 331,
        "converged": 331,
        "max_iterations": 13,
        "max_residual": 9.97923965684322e-13
      },
      "GER_Bundesliga": {
        "market_rows": 306,
        "attempted": 270,
        "converged": 270,
        "max_iterations": 14,
        "max_residual": 9.97701921079397e-13
      },
      "ITA_SerieA": {
        "market_rows": 380,
        "attempted": 335,
        "converged": 335,
        "max_iterations": 12,
        "max_residual": 9.982015214404782e-13
      },
      "FRA_Ligue1": {
        "market_rows": 306,
        "attempted": 266,
        "converged": 266,
        "max_iterations": 16,
        "max_residual": 9.993672556163347e-13
      },
      "ESP_LaLiga": {
        "market_rows": 380,
        "attempted": 334,
        "converged": 334,
        "max_iterations": 13,
        "max_residual": 9.877099138577705e-13
      },
      "NED_Eredivisie": {
        "market_rows": 306,
        "attempted": 266,
        "converged": 266,
        "max_iterations": 16,
        "max_residual": 9.894307595459395e-13
      },
      "POR_PrimeiraLiga": {
        "market_rows": 306,
        "attempted": 270,
        "converged": 270,
        "max_iterations": 13,
        "max_residual": 9.970080316890062e-13
      },
      "SCO_Premiership": {
        "market_rows": 228,
        "attempted": 198,
        "converged": 198,
        "max_iterations": 13,
        "max_residual": 9.96203119996153e-13
      }
    },
    "2024/25": {
      "ENG_PremierLeague": {
        "market_rows": 380,
        "attempted": 340,
        "converged": 340,
        "max_iterations": 13,
        "max_residual": 9.943157408542902e-13
      },
      "GER_Bundesliga": {
        "market_rows": 306,
        "attempted": 268,
        "converged": 268,
        "max_iterations": 14,