{
  "schema_version": "V6.16.7a-full-joint-TD-AH-fast-r1",
  "generated_at_utc": "2026-07-24T14:35:12+00:00",
  "status": "PASS",
  "formal_current_version": "V5.0.1",
  "classification": "RETROSPECTIVE_MARKET_RESEARCH_NO_ORIGINAL_QUOTE_TIMESTAMP",
  "design": {
    "train_seasons": [
      "2021/22",
      "2022/23",
      "2023/24",
      "2024/25"
    ],
    "test_season": "2025/26",
    "same_method_as_v6167": true,
    "no_new_parameters": true
  },
  "result": {
    "count": 2279,
    "baseline_total_rps": 0.12466319229918678,
    "td_total_rps": 0.12468667953132608,
    "total_rps_delta": 2.3487232139296488e-05,
    "baseline_total_top1": 0.2505484861781483,
    "td_total_top1": 0.24923211935059236,
    "total_top1_delta": -0.001316366827555926,
    "baseline_score_top1": 0.13163668275559456,
    "td_score_top1": 0.12988152698551997,
    "score_top1_delta": -0.0017551557700745957,
    "baseline_score_top3": 0.3356735410267661,
    "td_score_top3": 0.338306274681878,
    "score_top3_delta": 0.0026327336551119074,
    "baseline_1x2_brier": 0.5791668119240997,
    "td_1x2_brier": 0.5791668119240957,
    "one_x_two_brier_delta": -3.9968028886505635e-15
  },
  "meta": {
    "ENG_PremierLeague": {
      "market_rows": 380,
      "attempted": 340,
      "converged": 340,
      "max_iterations": 12,
      "max_residual": 9.999778782798785e-13
    },
    "GER_Bundesliga": {
      "market_rows": 306,
      "attempted": 268,
      "converged": 268,
      "max_iterations": 14,
      "max_residual": 9.94482274307984e-13
    },
    "ITA_SerieA": {
      "market_rows": 380,
      "attempted": 338,
      "converged": 338,
      "max_iterations": 12,
      "max_residual": 9.943157408542902e-13
    },
    "FRA_Ligue1": {
      "market_rows": 306,
      "attempted": 268,
      "converged": 268,
      "max_iterations": 14,
      "max_residual": 9.614531393253856e-13
    },
    "ESP_LaLiga": {
      "market_rows": 380,
      "attempted": 334,
      "converged": 334,
      "max_iterations": 14,
      "max_residual": 9.948153412153715e-13
    },
    "NED_Eredivisie": {
      "market_rows": 306,
      "attempted": 265,
      "converged": 265,
      "max_iterations": 13,
      "max_residual": 9.997003225237222e-13
    },
    "POR_PrimeiraLiga": {
      "market_rows": 306,
      "attempted": 269,
      "converged": 269,
      "max_iterations": 12,
      "max_residual": 9.972578318695469e-13
    },
    "SCO_Premiership": {
      "market_rows": 228,
      "attempted": 197,
      "converged": 197,
      "max_iterations": 12,
      "max_residual": 9.99644811372491e-13
    }
  },
  "governance": {
    "research_only": true,
    "formal_weight": 0,
    "current_rule_change": false,
    "automatic_promotion": false
  }
}
