{
  "schema_version": "V6.16.1-hgb-total-conditional-score-r1",
  "generated_at_utc": "2026-07-24T14:04:53+00:00",
  "status": "PASS",
  "formal_current_version": "V5.0.1",
  "classification": "RETROSPECTIVE_RESEARCH_ONLY_NO_ORIGINAL_QUOTE_TIMESTAMP",
  "design": {
    "same_features_as_v6160": true,
    "learner": "HistGradientBoostingClassifier",
    "fixed_hyperparameters": {
      "max_iter": 180,
      "learning_rate": 0.05,
      "max_leaf_nodes": 15,
      "min_samples_leaf": 30,
      "l2_regularization": 1.0
    },
    "validation_seasons": [
      "2022/23",
      "2023/24",
      "2024/25"
    ],
    "test_season": "2025/26",
    "test_used_for_selection": false
  },
  "selected_gate": {
    "pmin": 0.32,
    "gapmin": 0.05,
    "validation_worst_accuracy": 0.2175226586102719,
    "validation_aggregate_accuracy": 0.22666666666666666,
    "validation_wilson90_lower": 0.21386362465311612,
    "validation_count": 2775,
    "validation_folds": [
      {
        "all_matches": 2666,
        "selected": 1324,
        "coverage": 0.4966241560390098,
        "total_hits": 288,
        "total_accuracy": 0.2175226586102719,
        "wilson90_lower": 0.1994591546346011,
        "score_eligible": 1324,
        "score_top1_hits": 131,
        "score_top1_accuracy": 0.09894259818731117,
        "score_top3_hits": 281,
        "score_top3_accuracy": 0.2122356495468278,
        "conditional_total_exact_count": 288,
        "conditional_score_top1": 0.4548611111111111,
        "conditional_score_top3": 0.9756944444444444
      },
      {
        "all_matches": 2592,
        "selected": 817,
        "coverage": 0.3152006172839506,
        "total_hits": 201,
        "total_accuracy": 0.2460220318237454,
        "wilson90_lower": 0.22210242230435087,
        "score_eligible": 816,
        "score_top1_hits": 102,
        "score_top1_accuracy": 0.125,
        "score_top3_hits": 199,
        "score_top3_accuracy": 0.24387254901960784,
        "conditional_total_exact_count": 201,
        "conditional_score_top1": 0.5074626865671642,
        "conditional_score_top3": 0.9900497512437811
      },
      {
        "all_matches": 2592,
        "selected": 634,
        "coverage": 0.24459876543209877,
        "total_hits": 140,
        "total_accuracy": 0.22082018927444794,
        "wilson90_lower": 0.19494114691818962,
        "score_eligible": 634,
        "score_top1_hits": 69,
        "score_top1_accuracy": 0.10883280757097792,
        "score_top3_hits": 138,
        "score_top3_accuracy": 0.21766561514195584,
        "conditional_total_exact_count": 140,
        "conditional_score_top1": 0.4928571428571429,
        "conditional_score_top3": 0.9857142857142858
      }
    ]
  },
  "test_2025_26": {
    "all_matches": 2592,
    "selected": 173,
    "coverage": 0.06674382716049383,
    "total_hits": 43,
    "total_accuracy": 0.24855491329479767,
    "wilson90_lower": 0.19865878656472402,
    "score_eligible": 173,
    "score_top1_hits": 22,
    "score_top1_accuracy": 0.12716763005780346,
    "score_top3_hits": 43,
    "score_top3_accuracy": 0.24855491329479767,
    "conditional_total_exact_count": 43,
    "conditional_score_top1": 0.5116279069767442,
    "conditional_score_top3": 1.0
  },
  "test_100_blocks": [
    {
      "all_matches": 100,
      "selected": 9,
      "coverage": 0.09,
      "total_hits": 3,
      "total_accuracy": 0.3333333333333333,
      "wilson90_lower": 0.14197090179499508,
      "score_eligible": 9,
      "score_top1_hits": 2,
      "score_top1_accuracy": 0.2222222222222222,
      "score_top3_hits": 3,
      "score_top3_accuracy": 0.3333333333333333,
      "conditional_total_exact_count": 3,
      "conditional_score_top1": 0.6666666666666666,
      "conditional_score_top3": 1.0,
      "start": 0,
      "stop": 100,
      "first_date": "2025-08-02T00:00:00+00:00",
      "last_date": "2025-08-23T00:00:00+00:00"
    },
    {
      "all_matches": 100,
      "selected": 9,
      "coverage": 0.09,
      "total_hits": 2,
      "total_accuracy": 0.2222222222222222,
      "wilson90_lower": 0.07649473755439642,
      "score_eligible": 9,
      "score_top1_hits": 0,
      "score_top1_accuracy": 0.0,
      "score_top3_hits": 2,
      "score_top3_accuracy": 0.2222222222222222,
      "conditional_total_exact_count": 2,
      "conditional_score_top1": 0.0,
      "conditional_score_top3": 1.0,
      "start": 100,
      "stop": 200,
      "first_date": "2025-08-23T00:00:00+00:00",
      "last_date": "2025-08-31T00:00:00+00:00"
    },
    {
      "all_matches": 100,
      "selected": 8,
      "coverage": 0.08,
      "total_hits": 2,
      "total_accuracy": 0.25,
      "wilson90_lower": 0.08651484419906225,
      "score_eligible": 8,
      "score_top1_hits": 0,
      "score_top1_accuracy": 0.0,
      "score_top3_hits": 2,
      "score_top3_accuracy": 0.25,
      "conditional_total_exact_count": 2,
      "conditional_score_top1": 0.0,
      "conditional_score_top3": 1.0,
      "start": 200,
      "stop": 300,
      "first_date": "2025-08-31T00:00:00+00:00",
      "last_date": "2025-09-20T00:00:00+00:00"
    },
    {
      "all_matches": 100,
      "selected": 8,
      "coverage": 0.08,
      "total_hits": 1,
      "total_accuracy": 0.125,
      "wilson90_lower": 0.028399323737810202,
      "score_eligible": 8,
      "score_top1_hits": 1,
      "score_top1_accuracy": 0.125,
      "score_top3_hits": 1,
      "score_top3_accuracy": 0.125,
      "conditional_total_exact_count": 1,
      "conditional_score_top1": 1.0,
      "conditional_score_top3": 1.0,
      "start": 300,
      "stop": 400,
      "first_date": "2025-09-20T00:00:00+00:00",
      "last_date": "2025-09-27T00:00:00+00:00"
    },
    {
      "all_matches": 100,
      "selected": 6,
      "coverage": 0.06,
      "total_hits": 1,
      "total_accuracy": 0.16666666666666666,
      "wilson90_lower": 0.038105570079342885,
      "score_eligible": 6,
      "score_top1_hits": 1,
      "score_top1_accuracy": 0.16666666666666666,
      "score_top3_hits": 1,
      "score_top3_accuracy": 0.16666666666666666,
      "conditional_total_exact_count": 1,
      "conditional_score_top1": 1.0,
      "conditional_score_top3": 1.0,
      "start": 400,
      "stop": 500,
      "first_date": "2025-09-27T00:00:00+00:00",
      "last_date": "2025-10-05T00:00:00+00:00"
    },
    {
      "all_matches": 100,
      "selected": 8,
      "coverage": 0.08,
      "total_hits": 5,
      "total_accuracy": 0.625,
      "wilson90_lower": 0.3479914384047327,
      "score_eligible": 8,
      "score_top1_hits": 3,
      "score_top1_accuracy": 0.375,
      "score_top3_hits": 5,
      "score_top3_accuracy": 0.625,
      "conditional_total_exact_count": 5,
      "conditional_score_top1": 0.6,
      "conditional_score_top3": 1.0,
      "start": 500,
      "stop": 600,
      "first_date": "2025-10-05T00:00:00+00:00",
      "last_date": "2025-10-25T00:00:00+00:00"
    },
    {
      "all_matches": 100,
      "selected": 8,
      "coverage": 0.08,
      "total_hits": 2,
      "total_accuracy": 0.25,
      "wilson90_lower": 0.08651484419906225,
      "score_eligible": 8,
      "score_top1_hits": 1,
      "score_top1_accuracy": 0.125,
      "score_top3_hits": 2,
      "score_top3_accuracy": 0.25,
      "conditional_total_exact_count": 2,
      "conditional_score_top1": 0.5,
      "conditional_score_top3": 1.0,
      "start": 600,
      "stop": 700,
      "first_date": "2025-10-25T00:00:00+00:00",
      "last_date": "2025-11-01T00:00:00+00:00"
    },
    {
      "all_matches": 100,
      "selected": 7,
      "coverage": 0.07,
      "total_hits": 1,
      "total_accuracy": 0.14285714285714285,
      "wilson90_lower": 0.03254380205478664,
      "score_eligible": 7,
      "score_top1_hits": 0,
      "score_top1_accuracy": 0.0,
      "score_top3_hits": 1,
      "score_top3_accuracy": 0.14285714285714285,
      "conditional_total_exact_count": 1,
      "conditional_score_top1": 0.0,
      "conditional_score_top3": 1.0,
      "start": 700,