{
  "schema_version": "V6.16.9-joint-ipf-selective-r1",
  "generated_at_utc": "2026-07-24T14:42:04+00:00",
  "status": "PASS",
  "formal_current_version": "V5.0.1",
  "classification": "RETROSPECTIVE_MARKET_RESEARCH_NO_ORIGINAL_QUOTE_TIMESTAMP",
  "design": {
    "base": "V6.16.4",
    "strict_prior_season_selection": true,
    "objective": "maximize development Wilson90 lower; minimum count 100 and coverage 5%",
    "test_used_for_gate_selection": false
  },
  "folds": [
    {
      "test_season": "2023/24",
      "development_count": 2357,
      "test_count": 2270,
      "total_rule": {
        "count": 292,
        "hits": 88,
        "accuracy": 0.3013698630136986,
        "wilson90_lower": 0.25919062678527,
        "coverage": 0.12388629613915995,
        "pmin": 0.28,
        "gapmin": 0.06,
        "admissible": true
      },
      "total_test": {
        "count": 239,
        "hits": 67,
        "accuracy": 0.2803347280334728,
        "wilson90_lower": 0.2352087625816287,
        "coverage": 0.1052863436123348,
        "pmin": 0.28,
        "gapmin": 0.06
      },
      "score_rule": {
        "count": 1799,
        "hits": 242,
        "accuracy": 0.13451917732073373,
        "wilson90_lower": 0.12183434402855155,
        "coverage": 0.7632583792957149,
        "pmin": 0.12,
        "gapmin": 0,
        "admissible": true
      },
      "score_test": {
        "count": 1688,
        "hits": 258,
        "accuracy": 0.1528436018957346,
        "wilson90_lower": 0.13899385118718782,
        "coverage": 0.7436123348017621,
        "pmin": 0.12,
        "gapmin": 0
      }
    },
    {
      "test_season": "2024/25",
      "development_count": 4627,
      "test_count": 2280,
      "total_rule": {
        "count": 531,
        "hits": 155,
        "accuracy": 0.2919020715630885,
        "wilson90_lower": 0.2605698870693176,
        "coverage": 0.11476118435271233,
        "pmin": 0.28,
        "gapmin": 0.06,
        "admissible": true
      },
      "total_test": {
        "count": 408,
        "hits": 116,
        "accuracy": 0.28431372549019607,
        "wilson90_lower": 0.24909511282991106,
        "coverage": 0.17894736842105263,
        "pmin": 0.28,
        "gapmin": 0.06
      },
      "score_rule": {
        "count": 1190,
        "hits": 187,
        "accuracy": 0.15714285714285714,
        "wilson90_lower": 0.1405697102790121,
        "coverage": 0.25718608169440244,
        "pmin": 0.14,
        "gapmin": 0.015,
        "admissible": true
      },
      "score_test": {
        "count": 753,
        "hits": 112,
        "accuracy": 0.14873837981407703,
        "wilson90_lower": 0.12866794433136455,
        "coverage": 0.33026315789473687,
        "pmin": 0.14,
        "gapmin": 0.015
      }
    },
    {
      "test_season": "2025/26",
      "development_count": 6907,
      "test_count": 2279,
      "total_rule": {
        "count": 1023,
        "hits": 295,
        "accuracy": 0.2883675464320626,
        "wilson90_lower": 0.2656533362453426,
        "coverage": 0.1481106124221804,
        "pmin": 0.28,
        "gapmin": 0,
        "admissible": true
      },
      "total_test": {
        "count": 327,
        "hits": 84,
        "accuracy": 0.25688073394495414,
        "wilson90_lower": 0.21924702197442356,
        "coverage": 0.14348398420359806,
        "pmin": 0.28,
        "gapmin": 0
      },
      "score_rule": {
        "count": 2278,
        "hits": 349,
        "accuracy": 0.15320456540825286,
        "wilson90_lower": 0.14120354115177602,
        "coverage": 0.3298103373389315,
        "pmin": 0.14,
        "gapmin": 0.005,
        "admissible": true
      },
      "score_test": {
        "count": 707,
        "hits": 104,
        "accuracy": 0.1471004243281471,
        "wilson90_lower": 0.12653464739851888,
        "coverage": 0.3102237823606845,
        "pmin": 0.14,
        "gapmin": 0.005
      }
    }
  ],
  "aggregate_selected_total": {
    "count": 974,
    "hits": 267,
    "accuracy": 0.2741273100616016,
    "wilson90_lower": 0.2512671595917114
  },
  "aggregate_selected_score": {
    "count": 3148,
    "hits": 474,
    "accuracy": 0.150571791613723,
    "wilson90_lower": 0.14038762176551045
  },
  "selected100_total": {
    "blocks": [
      {
        "start": 0,
        "stop": 100,
        "first_date": "2023-09-16T00:00:00+00:00",
        "last_date": "2023-12-17T00:00:00+00:00",
        "hits": 34,
        "accuracy": 0.34
      },
      {
        "start": 100,
        "stop": 200,
        "first_date": "2023-12-17T00:00:00+00:00",
        "last_date": "2024-03-30T00:00:00+00:00",
        "hits": 26,
        "accuracy": 0.26
      },
      {
        "start": 200,
        "stop": 300,
        "first_date": "2024-03-30T00:00:00+00:00",
        "last_date": "2024-10-27T00:00:00+00:00",
        "hits": 27,
        "accuracy": 0.27
      },
      {
        "start": 300,
        "stop": 400,
        "first_date": "2024-10-27T00:00:00+00:00",
        "last_date": "2024-12-22T00:00:00+00:00",
        "hits": 23,
        "accuracy": 0.23
      },
      {
        "start": 400,
        "stop": 500,
        "first_date": "2024-12-23T00:00:00+00:00",
        "last_date": "2025-02-16T00:00:00+00:00",
        "hits": 27,
        "accuracy": 0.27
      },
      {
        "start": 500,
        "stop": 600,
        "first_date": "2025-02-17T00:00:00+00:00",
        "last_date": "2025-04-13T00:00:00+00:00",
        "hits": 31,
        "accuracy": 0.31
      },
      {
        "start": 600,
        "stop": 700,
        "first_date": "2025-04-13T00:00:00+00:00",
        "last_date": "2025-10-26T00:00:00+00:00",
        "hits": 31,
        "accuracy": 0.31
      },
      {
        "start": 700,
        "stop": 800,
        "first_date": "2025-10-26T00:00:00+00:00",
        "last_date": "2026-01-07T00:00:00+00:00",
        "hits": 24,
        "accuracy": 0.24
      },
      {
        "start": 800,
        "stop": 900,
        "first_date": "2026-01-09T00:00:00+00:00",
        "last_date": "2026-03-13T00:00:00+00:00",
        "hits": 28,
        "accuracy": 0.28
      }
    ],
    "summary": {
      "block_count": 9,
      "worst_accuracy": 0.23,
      "mean_accuracy": 0.2788888888888889,
      "blocks_ge_30pct": 3,
      "blocks_ge_40pct": 0,
      "blocks_ge_50pct": 0
    }
  },
  "selected100_score": {
    "blocks": [
      {
        "start": 0,
        "stop": 100,
        "first_date": "2023-09-02T00:00:00+00:00",
        "last_date": "2023-09-30T00:00:00+00:00",
        "hits": 11,
        "accuracy": 0.11
      },
      {
        "start": 100,
        "stop": 200,
        "first_date": "2023-09-30T00:00:00+00:00",
        "last_date": "2023-10-21T00:00:00+00:00",
        "hits": 17,
        "accuracy": 0.17
      },
      {
        "start": 200,
        "stop": 300,
        "first_date": "2023-10-21T00:00:00+00:00",
        "last_date": "2023-11-04T00:00:00+00:00",
        "hits": 13,
        "accuracy": 0.13
      },
      {
        "start": 300,
        "stop": 400,
        "first_date": "2023-11-04T00:00:00+00:00",
        "last_date": "2023-11-25T00:00:00+00:00",
        "hits": 14,
        "accuracy": 0.14
      },
      {
        "start": 400,
        "stop": 500,
        "first_date": "2023-11-25T00:00:00+00:00",
        "last_date": "2023-12-06T00:00:00+00:00",
        "hits": 15,
        "accuracy": 0.15
      },
      {
        "start": 500,
        "stop": 600,
        "first_date": "2023-12-06T00:00:00+00:00",
        "last_date": "2023-12-17T00:00:00+00:00",
        "hits": 19,
        "accuracy": 0.19
      },
      {
        "start": 600,
        "stop": 700,
        "first_date": "2023-12-17T00:00:00+00:00",
        "last_date": "2023-12-30T00:00:00+00:00",
        "hits": 14,
        "accuracy": 0.14
      },
      {
        "start": 700,
        "stop": 800,
        "first_date": "2023-12-30T00:00:00+00:00",
        "last_date": "2024-01-21T00:00:00+00:00",
        "hits": 18,