{
  "schema_version": "V6.16.5b-joint-market-ah-ipf-r2",
  "generated_at_utc": "2026-07-24T14:24:11+00:00",
  "status": "PASS",
  "formal_current_version": "V5.0.1",
  "classification": "RETROSPECTIVE_MARKET_RESEARCH_NO_ORIGINAL_QUOTE_TIMESTAMP",
  "design": {
    "baseline": "V6.16.3 1X2+OU IPF on identical matches",
    "added_constraint": "de-vigged closing AH home-cover probability",
    "eligible_lines": "nonredundant half-goal |h|>=1.5 only",
    "signed_handicap_parser": true,
    "home_cover_condition": "home_goals-away_goals+AHCh>0",
    "no_push_or_quarter_handicap": true,
    "no_fitted_weight": true
  },
  "by_season": {
    "2022/23": {
      "count": 143,
      "baseline_total_rps": 0.13542047582655256,
      "ah_total_rps": 0.13544153889181682,
      "total_rps_delta": 2.1063065264254055e-05,
      "baseline_total_top1": 0.26573426573426573,
      "ah_total_top1": 0.23776223776223776,
      "total_top1_delta": -0.02797202797202797,
      "baseline_score_top1": 0.11188811188811189,
      "ah_score_top1": 0.11188811188811189,
      "score_top1_delta": 0.0,
      "baseline_score_top3": 0.34965034965034963,
      "ah_score_top3": 0.2937062937062937,
      "score_top3_delta": -0.05594405594405594,
      "baseline_1x2_brier": 0.35184491663015716,
      "ah_1x2_brier": 0.35184491663012024,
      "one_x_two_brier_delta": -3.6914915568786455e-14
    },
    "2023/24": {
      "count": 172,
      "baseline_total_rps": 0.12848604634050415,
      "ah_total_rps": 0.12795259864487935,
      "total_rps_delta": -0.0005334476956248002,
      "baseline_total_top1": 0.2558139534883721,
      "ah_total_top1": 0.22674418604651161,
      "total_top1_delta": -0.02906976744186049,
      "baseline_score_top1": 0.14534883720930233,
      "ah_score_top1": 0.13953488372093023,
      "score_top1_delta": -0.005813953488372103,
      "baseline_score_top3": 0.3372093023255814,
      "ah_score_top3": 0.3546511627906977,
      "score_top3_delta": 0.01744186046511631,
      "baseline_1x2_brier": 0.3505082036617584,
      "ah_1x2_brier": 0.35050820366170965,
      "one_x_two_brier_delta": -4.873879078104437e-14
    },
    "2024/25": {
      "count": 173,
      "baseline_total_rps": 0.1268704416386667,
      "ah_total_rps": 0.12660315968027325,
      "total_rps_delta": -0.00026728195839345603,
      "baseline_total_top1": 0.24855491329479767,
      "ah_total_top1": 0.19653179190751446,
      "total_top1_delta": -0.05202312138728321,
      "baseline_score_top1": 0.10982658959537572,
      "ah_score_top1": 0.14450867052023122,
      "score_top1_delta": 0.0346820809248555,
      "baseline_score_top3": 0.3872832369942196,
      "ah_score_top3": 0.3872832369942196,
      "score_top3_delta": 0.0,
      "baseline_1x2_brier": 0.3198344691321227,
      "ah_1x2_brier": 0.3198344691320432,
      "one_x_two_brier_delta": -7.949196856316121e-14
    },
    "2025/26": {
      "count": 131,
      "baseline_total_rps": 0.11784591510901131,
      "ah_total_rps": 0.11814577612735831,
      "total_rps_delta": 0.00029986101834700296,
      "baseline_total_top1": 0.3282442748091603,
      "ah_total_top1": 0.26717557251908397,
      "total_top1_delta": -0.06106870229007633,
      "baseline_score_top1": 0.1450381679389313,
      "ah_score_top1": 0.10687022900763359,
      "score_top1_delta": -0.038167938931297704,
      "baseline_score_top3": 0.3969465648854962,
      "ah_score_top3": 0.32061068702290074,
      "score_top3_delta": -0.07633587786259544,
      "baseline_1x2_brier": 0.40046694435160424,
      "ah_1x2_brier": 0.400466944351609,
      "one_x_two_brier_delta": 4.773959005888173e-15
    }
  },
  "aggregate": {
    "count": 619,
    "baseline_total_rps": 0.12738469999439994,
    "ah_total_rps": 0.12723009745689864,
    "total_rps_delta": -0.00015460253750129715,
    "baseline_total_top1": 0.27140549273021003,
    "ah_total_top1": 0.2294022617124394,
    "total_top1_delta": -0.04200323101777062,
    "baseline_score_top1": 0.12762520193861066,
    "ah_score_top1": 0.12762520193861066,
    "score_top1_delta": 0.0,
    "baseline_score_top3": 0.3667205169628433,
    "ah_score_top3": 0.34248788368336025,
    "score_top3_delta": -0.02423263327948305,
    "baseline_1x2_brier": 0.3528170710466112,
    "ah_1x2_brier": 0.3528170710465679,
    "one_x_two_brier_delta": -4.3298697960381105e-14
  },
  "replication": {
    "seasons_score_top1_improved": 1,
    "seasons_score_top3_improved": 1,
    "seasons_total_rps_improved": 2
  },
  "meta": {
    "2022/23": {
      "ENG_PremierLeague": {
        "market_rows": 21,
        "attempted": 18,
        "converged": 18,
        "failed_or_infeasible": 0,
        "max_iterations": 31,
        "max_residual": 9.71667191151937e-13
      },
      "GER_Bundesliga": {
        "market_rows": 13,
        "attempted": 12,
        "converged": 12,
        "failed_or_infeasible": 0,
        "max_iterations": 31,
        "max_residual": 8.245626403891038e-13
      },
      "ITA_SerieA": {
        "market_rows": 15,
        "attempted": 9,
        "converged": 9,
        "failed_or_infeasible": 0,
        "max_iterations": 27,
        "max_residual": 8.448797217397441e-13
      },
      "FRA_Ligue1": {
        "market_rows": 25,
        "attempted": 23,
        "converged": 23,
        "failed_or_infeasible": 0,
        "max_iterations": 34,
        "max_residual": 9.82436354490801e-13
      },
      "ESP_LaLiga": {
        "market_rows": 19,
        "attempted": 17,
        "converged": 17,
        "failed_or_infeasible": 0,
        "max_iterations": 31,
        "max_residual": 9.382494781107198e-13
      },
      "NED_Eredivisie": {
        "market_rows": 25,
        "attempted": 23,
        "converged": 23,
        "failed_or_infeasible": 0,
        "max_iterations": 30,
        "max_residual": 9.229284003708926e-13
      },
      "POR_PrimeiraLiga": {
        "market_rows": 25,
        "attempted": 21,
        "converged": 21,
        "failed_or_infeasible": 0,
        "max_iterations": 35,
        "max_residual": 8.802958362252866e-13
      },
      "SCO_Premiership": {
        "market_rows": 21,
        "attempted": 20,
        "converged": 20,
        "failed_or_infeasible": 0,
        "max_iterations": 34,
        "max_residual": 9.715561688494745e-13
      }
    },
    "2023/24": {
      "ENG_PremierLeague": {
        "market_rows": 34,
        "attempted": 31,
        "converged": 31,
        "failed_or_infeasible": 0,
        "max_iterations": 29,
        "max_residual": 9.903189379656396e-13
      },
      "GER_Bundesliga": {
        "market_rows": 29,
        "attempted": 29,
        "converged": 29,
        "failed_or_infeasible": 0,
        "max_iterations": 30,
        "max_residual": 9.636735853746359e-13
      },
      "ITA_SerieA": {
        "market_rows": 15,
        "attempted": 14,
        "converged": 14,
        "failed_or_infeasible": 0,
        "max_iterations": 27,
        "max_residual": 9.759970609479751e-13
      },
      "FRA_Ligue1": {
        "market_rows": 10,
        "attempted": 10,
        "converged": 10,
        "failed_or_infeasible": 0,
        "max_iterations": 29,
        "max_residual": 8.75854944126786e-13
      },
      "ESP_LaLiga": {
        "market_rows": 19,
        "attempted": 17,
        "converged": 17,
        "failed_or_infeasible": 0,
        "max_iterations": 28,
        "max_residual": 9.924283617124274e-13
      },
      "NED_Eredivisie": {
        "market_rows": 34,
        "attempted": 33,
        "converged": 33,
        "failed_or_infeasible": 0,
        "max_iterations": 30,
        "max_residual": 9.492406860545088e-13
      },
      "POR_PrimeiraLiga": {
        "market_rows": 29,
        "attempted": 26,
        "converged": 26,
        "failed_or_infeasible": 0,
        "max_iterations": 29,
        "max_residual": 9.28812582401406e-13
      },
      "SCO_Premiership": {
        "market_rows": 12,
        "attempted": 12,
        "converged": 12,
        "failed_or_infeasible": 0,