{
  "schema_version": "V6.16.4-joint-market-ipf-crossseason-r1",
  "generated_at_utc": "2026-07-24T14:15:51+00:00",
  "status": "PASS",
  "formal_current_version": "V5.0.1",
  "classification": "RETROSPECTIVE_MARKET_RESEARCH_NO_ORIGINAL_QUOTE_TIMESTAMP",
  "design": {
    "seasons": [
      "2022/23",
      "2023/24",
      "2024/25",
      "2025/26"
    ],
    "same_algorithm_as_v6163": true,
    "no_parameter_selection": true,
    "constraints": [
      "de-vigged 1X2",
      "de-vigged O/U2.5"
    ],
    "objective": "KL I-projection via IPF"
  },
  "season_results": {
    "2022/23": {
      "count": 2357,
      "prior_total_rps": 0.12834743696458198,
      "ipf_total_rps": 0.12595149806037537,
      "total_rps_delta": -0.0023959389042066126,
      "prior_total_top1": 0.23971149766652525,
      "ipf_total_top1": 0.2571064913025032,
      "total_top1_delta": 0.017394993635977934,
      "prior_score_top1": 0.12134068731438269,
      "ipf_score_top1": 0.12346202800169707,
      "score_top1_delta": 0.0021213406873143853,
      "prior_score_top3": 0.33050487908358084,
      "ipf_score_top3": 0.3360203648705982,
      "score_top3_delta": 0.005515485787017382,
      "prior_1x2_brier": 0.5946487687583702,
      "ipf_1x2_brier": 0.5623685570848629,
      "one_x_two_brier_delta": -0.032280211673507364,
      "prior_1x2_top1": 0.5299109036911328,
      "ipf_1x2_top1": 0.5579126007636827,
      "one_x_two_top1_delta": 0.028001697072549847
    },
    "2023/24": {
      "count": 2270,
      "prior_total_rps": 0.1324237759571536,
      "ipf_total_rps": 0.1292228581198288,
      "total_rps_delta": -0.0032009178373247904,
      "prior_total_top1": 0.22334801762114537,
      "ipf_total_top1": 0.2511013215859031,
      "total_top1_delta": 0.027753303964757725,
      "prior_score_top1": 0.12511013215859032,
      "ipf_score_top1": 0.14537444933920704,
      "score_top1_delta": 0.02026431718061672,
      "prior_score_top3": 0.31718061674008813,
      "ipf_score_top3": 0.345374449339207,
      "score_top3_delta": 0.028193832599118895,
      "prior_1x2_brier": 0.6029609201758095,
      "ipf_1x2_brier": 0.5560936806526864,
      "one_x_two_brier_delta": -0.046867239523123105,
      "prior_1x2_top1": 0.5092511013215859,
      "ipf_1x2_top1": 0.5612334801762114,
      "one_x_two_top1_delta": 0.05198237885462553
    },
    "2024/25": {
      "count": 2280,
      "prior_total_rps": 0.12752967361399128,
      "ipf_total_rps": 0.1244535310071846,
      "total_rps_delta": -0.0030761426068066783,
      "prior_total_top1": 0.24298245614035088,
      "ipf_total_top1": 0.2513157894736842,
      "total_top1_delta": 0.008333333333333331,
      "prior_score_top1": 0.12412280701754386,
      "ipf_score_top1": 0.12850877192982457,
      "score_top1_delta": 0.004385964912280715,
      "prior_score_top3": 0.3206140350877193,
      "ipf_score_top3": 0.3293859649122807,
      "score_top3_delta": 0.00877192982456143,
      "prior_1x2_brier": 0.6047113382507148,
      "ipf_1x2_brier": 0.5685157642540343,
      "one_x_two_brier_delta": -0.0361955739966805,
      "prior_1x2_top1": 0.5074561403508772,
      "ipf_1x2_top1": 0.5451754385964912,
      "one_x_two_top1_delta": 0.03771929824561404
    },
    "2025/26": {
      "count": 2279,
      "prior_total_rps": 0.12702383785505425,
      "ipf_total_rps": 0.12466319229918678,
      "total_rps_delta": -0.0023606455558674716,
      "prior_total_top1": 0.2343132953049583,
      "ipf_total_top1": 0.2505484861781483,
      "total_top1_delta": 0.016235190873189975,
      "prior_score_top1": 0.11627906976744186,
      "ipf_score_top1": 0.13163668275559456,
      "score_top1_delta": 0.015357612988152705,
      "prior_score_top3": 0.2974989030276437,
      "ipf_score_top3": 0.3356735410267661,
      "score_top3_delta": 0.03817463799912241,
      "prior_1x2_brier": 0.6163194774169797,
      "ipf_1x2_brier": 0.5791668119240997,
      "one_x_two_brier_delta": -0.03715266549287999,
      "prior_1x2_top1": 0.49056603773584906,
      "ipf_1x2_top1": 0.5340061430451952,
      "one_x_two_top1_delta": 0.043440105309346166
    }
  },
  "season_deltas": {
    "2022/23": {
      "total_rps": -0.0023959389042066126,
      "total_top1": 0.017394993635977934,
      "score_top1": 0.0021213406873143853,
      "score_top3": 0.005515485787017382,
      "one_x_two_top1": 0.028001697072549847
    },
    "2023/24": {
      "total_rps": -0.0032009178373247904,
      "total_top1": 0.027753303964757725,
      "score_top1": 0.02026431718061672,
      "score_top3": 0.028193832599118895,
      "one_x_two_top1": 0.05198237885462553
    },
    "2024/25": {
      "total_rps": -0.0030761426068066783,
      "total_top1": 0.008333333333333331,
      "score_top1": 0.004385964912280715,
      "score_top3": 0.00877192982456143,
      "one_x_two_top1": 0.03771929824561404
    },
    "2025/26": {
      "total_rps": -0.0023606455558674716,
      "total_top1": 0.016235190873189975,
      "score_top1": 0.015357612988152705,
      "score_top3": 0.03817463799912241,
      "one_x_two_top1": 0.043440105309346166
    }
  },
  "aggregate": {
    "count": 9186,
    "prior_total_rps": 0.1288234120030293,
    "ipf_total_rps": 0.12606847755351008,
    "total_rps_delta": -0.002754934449519214,
    "prior_total_top1": 0.23514043109079033,
    "ipf_total_top1": 0.25255824080121925,
    "total_top1_delta": 0.017417809710428916,
    "prior_score_top1": 0.12170694535162203,
    "ipf_score_top1": 0.13215763117787938,
    "score_top1_delta": 0.010450685826257342,
    "prior_score_top3": 0.31656869148704553,
    "ipf_score_top3": 0.33659917265403877,
    "score_top3_delta": 0.02003048116699324,
    "prior_1x2_brier": 0.6045767882655664,
    "ipf_1x2_brier": 0.5665112618119793,
    "one_x_two_brier_delta": -0.03806552645358707,
    "prior_1x2_top1": 0.5094709340300457,
    "ipf_1x2_top1": 0.5496407576747224,
    "one_x_two_top1_delta": 0.040169823644676694
  },
  "replication": {
    "seasons_total_rps_improved": 4,
    "seasons_total_top1_improved": 4,
    "seasons_score_top1_improved": 4,
    "seasons_score_top3_improved": 4,
    "seasons_1x2_top1_improved": 4
  },
  "meta": {
    "2022/23": {
      "ENG_PremierLeague": {
        "market_rows": 380,
        "matches": 380,
        "attempted": 340,
        "converged": 340,
        "max_iterations": 13,
        "max_residual": 9.96425164601078e-13
      },
      "GER_Bundesliga": {
        "market_rows": 306,
        "matches": 306,
        "attempted": 270,
        "converged": 270,
        "max_iterations": 13,
        "max_residual": 9.992007221626409e-13
      },
      "ITA_SerieA": {
        "market_rows": 380,
        "matches": 380,
        "attempted": 336,
        "converged": 336,
        "max_iterations": 13,
        "max_residual": 9.96647209206003e-13
      },
      "FRA_Ligue1": {
        "market_rows": 380,
        "matches": 380,
        "attempted": 340,
        "converged": 340,
        "max_iterations": 13,
        "max_residual": 9.973410985963937e-13
      },
      "ESP_LaLiga": {
        "market_rows": 380,
        "matches": 380,
        "attempted": 335,
        "converged": 335,
        "max_iterations": 13,
        "max_residual": 9.869882688917642e-13
      },
      "NED_Eredivisie": {
        "market_rows": 306,
        "matches": 306,
        "attempted": 268,
        "converged": 268,
        "max_iterations": 13,
        "max_residual": 9.726941474497153e-13
      },
      "POR_PrimeiraLiga": {
        "market_rows": 306,
        "matches": 306,
        "attempted": 270,
        "converged": 270,
        "max_iterations": 14,
        "max_residual": 9.918732502001149e-13
      },
      "SCO_Premiership": {
        "market_rows": 228,
        "matches": 228,
        "attempted": 198,
        "converged": 198,
        "max_iterations": 13,
        "max_residual": 9.993117444651034e-13
      }
    },
    "2023/24": {
      "ENG_PremierLeague": {
        "market_rows": 380,
        "matches": 380,
        "attempted": 331,