{
  "schema_version": "V6.16.5b-joint-market-ah-ipf-r1",
  "generated_at_utc": "2026-07-24T14:20:47+00:00",
  "status": "PASS",
  "formal_current_version": "V5.0.1",
  "classification": "RETROSPECTIVE_MARKET_RESEARCH_NO_ORIGINAL_QUOTE_TIMESTAMP",
  "design": {
    "baseline": "V6.16.3 1X2+OU IPF on identical matches",
    "added_constraint": "de-vigged closing AH home-cover probability",
    "eligible_lines": "nonredundant half-goal |h|>=1.5 only",
    "no_push_or_quarter_handicap": true,
    "no_fitted_weight": true
  },
  "by_season": {
    "2022/23": {
      "count": 50,
      "baseline_total_rps": 0.13888446459812068,
      "ah_total_rps": 0.14008123445322304,
      "total_rps_delta": 0.0011967698551023642,
      "baseline_total_top1": 0.26,
      "ah_total_top1": 0.22,
      "total_top1_delta": -0.04000000000000001,
      "baseline_score_top1": 0.12,
      "ah_score_top1": 0.14,
      "score_top1_delta": 0.020000000000000018,
      "baseline_score_top3": 0.32,
      "ah_score_top3": 0.28,
      "score_top3_delta": -0.03999999999999998,
      "baseline_1x2_brier": 0.45266817858158653,
      "ah_1x2_brier": 0.4526681785815721,
      "one_x_two_brier_delta": -1.4432899320127035e-14
    },
    "2023/24": {
      "count": 50,
      "baseline_total_rps": 0.1294926969042701,
      "ah_total_rps": 0.12894211483871787,
      "total_rps_delta": -0.0005505820655522242,
      "baseline_total_top1": 0.24,
      "ah_total_top1": 0.18,
      "total_top1_delta": -0.06,
      "baseline_score_top1": 0.16,
      "ah_score_top1": 0.2,
      "score_top1_delta": 0.04000000000000001,
      "baseline_score_top3": 0.44,
      "ah_score_top3": 0.42,
      "score_top3_delta": -0.020000000000000018,
      "baseline_1x2_brier": 0.2976665769885033,
      "ah_1x2_brier": 0.297666576988366,
      "one_x_two_brier_delta": -1.372790769949006e-13
    },
    "2024/25": {
      "count": 45,
      "baseline_total_rps": 0.1472462647401758,
      "ah_total_rps": 0.1471479748997169,
      "total_rps_delta": -9.828984045889833e-05,
      "baseline_total_top1": 0.24444444444444444,
      "ah_total_top1": 0.15555555555555556,
      "total_top1_delta": -0.08888888888888888,
      "baseline_score_top1": 0.06666666666666667,
      "ah_score_top1": 0.06666666666666667,
      "score_top1_delta": 0.0,
      "baseline_score_top3": 0.2222222222222222,
      "ah_score_top3": 0.2222222222222222,
      "score_top3_delta": 0.0,
      "baseline_1x2_brier": 0.4222313260764532,
      "ah_1x2_brier": 0.4222313260765126,
      "one_x_two_brier_delta": 5.939693181744587e-14
    },
    "2025/26": {
      "count": 27,
      "baseline_total_rps": 0.10726008541781365,
      "ah_total_rps": 0.10755892952338321,
      "total_rps_delta": 0.00029884410556955954,
      "baseline_total_top1": 0.37037037037037035,
      "ah_total_top1": 0.2222222222222222,
      "total_top1_delta": -0.14814814814814814,
      "baseline_score_top1": 0.07407407407407407,
      "ah_score_top1": 0.14814814814814814,
      "score_top1_delta": 0.07407407407407407,
      "baseline_score_top3": 0.4444444444444444,
      "ah_score_top3": 0.2222222222222222,
      "score_top3_delta": -0.2222222222222222,
      "baseline_1x2_brier": 0.42200505349260203,
      "ah_1x2_brier": 0.4220050534924663,
      "one_x_two_brier_delta": -1.3572476476042539e-13
    }
  },
  "aggregate": {
    "count": 172,
    "baseline_total_rps": 0.13337768775993267,
    "ah_total_rps": 0.13358672925706774,
    "total_rps_delta": 0.00020904149713507625,
    "baseline_total_top1": 0.26744186046511625,
    "ah_total_top1": 0.19186046511627908,
    "total_top1_delta": -0.07558139534883718,
    "baseline_score_top1": 0.11046511627906977,
    "ah_score_top1": 0.13953488372093023,
    "score_top1_delta": 0.02906976744186046,
    "baseline_score_top3": 0.3488372093023256,
    "ah_score_top3": 0.29651162790697677,
    "score_top3_delta": -0.05232558139534882,
    "baseline_1x2_brier": 0.39483304590840196,
    "ah_1x2_brier": 0.39483304590835205,
    "one_x_two_brier_delta": -4.9904524956900786e-14
  },
  "replication": {
    "seasons_score_top1_improved": 3,
    "seasons_score_top3_improved": 0,
    "seasons_total_rps_improved": 2
  },
  "meta": {
    "2022/23": {
      "ENG_PremierLeague": {
        "market_rows": 10,
        "attempted": 9,
        "converged": 9,
        "failed_or_infeasible": 0,
        "max_iterations": 31,
        "max_residual": 9.71667191151937e-13
      },
      "GER_Bundesliga": {
        "market_rows": 2,
        "attempted": 2,
        "converged": 2,
        "failed_or_infeasible": 0,
        "max_iterations": 31,
        "max_residual": 8.245626403891038e-13
      },
      "ITA_SerieA": {
        "market_rows": 4,
        "attempted": 3,
        "converged": 3,
        "failed_or_infeasible": 0,
        "max_iterations": 27,
        "max_residual": 8.210099267103033e-13
      },
      "FRA_Ligue1": {
        "market_rows": 6,
        "attempted": 5,
        "converged": 5,
        "failed_or_infeasible": 0,
        "max_iterations": 27,
        "max_residual": 9.406919687648951e-13
      },
      "ESP_LaLiga": {
        "market_rows": 3,
        "attempted": 3,
        "converged": 3,
        "failed_or_infeasible": 0,
        "max_iterations": 25,
        "max_residual": 5.935252289646087e-13
      },
      "NED_Eredivisie": {
        "market_rows": 8,
        "attempted": 8,
        "converged": 8,
        "failed_or_infeasible": 0,
        "max_iterations": 30,
        "max_residual": 8.120171202108395e-13
      },
      "POR_PrimeiraLiga": {
        "market_rows": 16,
        "attempted": 12,
        "converged": 12,
        "failed_or_infeasible": 0,
        "max_iterations": 26,
        "max_residual": 8.802958362252866e-13
      },
      "SCO_Premiership": {
        "market_rows": 9,
        "attempted": 8,
        "converged": 8,
        "failed_or_infeasible": 0,
        "max_iterations": 27,
        "max_residual": 9.314771176605063e-13
      }
    },
    "2023/24": {
      "ENG_PremierLeague": {
        "market_rows": 11,
        "attempted": 10,
        "converged": 10,
        "failed_or_infeasible": 0,
        "max_iterations": 29,
        "max_residual": 9.812151091637134e-13
      },
      "GER_Bundesliga": {
        "market_rows": 7,
        "attempted": 7,
        "converged": 7,
        "failed_or_infeasible": 0,
        "max_iterations": 29,
        "max_residual": 9.037215420448774e-13
      },
      "ITA_SerieA": {
        "market_rows": 1,
        "attempted": 1,
        "converged": 1,
        "failed_or_infeasible": 0,
        "max_iterations": 24,
        "max_residual": 6.294964549624638e-13
      },
      "FRA_Ligue1": {
        "market_rows": 1,
        "attempted": 1,
        "converged": 1,
        "failed_or_infeasible": 0,
        "max_iterations": 25,
        "max_residual": 3.5715874702191286e-13
      },
      "ESP_LaLiga": {
        "market_rows": 1,
        "attempted": 1,
        "converged": 1,
        "failed_or_infeasible": 0,
        "max_iterations": 28,
        "max_residual": 4.730660307927792e-13
      },
      "NED_Eredivisie": {
        "market_rows": 9,
        "attempted": 9,
        "converged": 9,
        "failed_or_infeasible": 0,
        "max_iterations": 30,
        "max_residual": 8.165690346118026e-13
      },
      "POR_PrimeiraLiga": {
        "market_rows": 17,
        "attempted": 14,
        "converged": 14,
        "failed_or_infeasible": 0,
        "max_iterations": 29,
        "max_residual": 9.28812582401406e-13
      },
      "SCO_Premiership": {
        "market_rows": 7,
        "attempted": 7,
        "converged": 7,
        "failed_or_infeasible": 0,
        "max_iterations": 25,
        "max_residual": 8.72413252750448e-13
      }
    },
    "2024/25": {
      "ENG_PremierLeague": {
        "market_rows": 10,
        "attempted": 9,
        "converged": 9,
        "failed_or_infeasible": 0,
        "max_iterations": 28,
        "max_residual": 7.848166561075232e-13
      },