{
  "schema_version": "V6.5.0-market-first-selector-r1",
  "generated_at_utc": "2026-07-22T15:58:51+00:00",
  "status": "PASS",
  "design": {
    "fixed_panel_total": 1700,
    "historical_market_domains": 15,
    "market_matched_total": 1500,
    "older_selection_count": 750,
    "newer_test_count": 750,
    "primary_source": "de-vigged historical closing 1X2",
    "v6_role": "agreement diagnostic only, no probability blending",
    "selection_target": "maximum coverage with Wilson90 lower >=65%",
    "minimum_selection": 60,
    "newer_used_for_threshold_or_arm_selection": false
  },
  "arms": {
    "A_market": {
      "selected_rule": {
        "threshold": 0.35,
        "validation": {
          "count": 188,
          "hits": 133,
          "accuracy": 0.7074468085106383,
          "wilson90_lower": 0.6502369165128986,
          "coverage": 0.25066666666666665,
          "competitions_represented": 15,
          "by_direction": {
            "home": {
              "count": 144,
              "hits": 101,
              "accuracy": 0.7013888888888888,
              "wilson90_lower": 0.6354146751774322
            },
            "away": {
              "count": 44,
              "hits": 32,
              "accuracy": 0.7272727272727273,
              "wilson90_lower": 0.6061114506091769
            }
          }
        }
      },
      "newer_test": {
        "count": 178,
        "hits": 123,
        "accuracy": 0.6910112359550562,
        "wilson90_lower": 0.6315391644331525,
        "coverage": 0.23733333333333334,
        "competitions_represented": 15,
        "by_direction": {
          "home": {
            "count": 126,
            "hits": 86,
            "accuracy": 0.6825396825396826,
            "wilson90_lower": 0.6111038150326613
          },
          "away": {
            "count": 52,
            "hits": 37,
            "accuracy": 0.7115384615384616,
            "wilson90_lower": 0.5997825491500042
          }
        }
      }
    },
    "B_agreement": {
      "selected_rule": {
        "threshold": 0.35,
        "validation": {
          "count": 188,
          "hits": 133,
          "accuracy": 0.7074468085106383,
          "wilson90_lower": 0.6502369165128986,
          "coverage": 0.25066666666666665,
          "competitions_represented": 15,
          "by_direction": {
            "home": {
              "count": 144,
              "hits": 101,
              "accuracy": 0.7013888888888888,
              "wilson90_lower": 0.6354146751774322
            },
            "away": {
              "count": 44,
              "hits": 32,
              "accuracy": 0.7272727272727273,
              "wilson90_lower": 0.6061114506091769
            }
          }
        }
      },
      "newer_test": {
        "count": 177,
        "hits": 123,
        "accuracy": 0.6949152542372882,
        "wilson90_lower": 0.6354079121759391,
        "coverage": 0.236,
        "competitions_represented": 15,
        "by_direction": {
          "home": {
            "count": 125,
            "hits": 86,
            "accuracy": 0.688,
            "wilson90_lower": 0.6164632274228031
          },
          "away": {
            "count": 52,
            "hits": 37,
            "accuracy": 0.7115384615384616,
            "wilson90_lower": 0.5997825491500042
          }
        }
      }
    },
    "C_home": {
      "selected_rule": {
        "threshold": 0.37,
        "validation": {
          "count": 131,
          "hits": 95,
          "accuracy": 0.7251908396946565,
          "wilson90_lower": 0.6569677951066876,
          "coverage": 0.17466666666666666,
          "competitions_represented": 15,
          "by_direction": {
            "home": {
              "count": 131,
              "hits": 95,
              "accuracy": 0.7251908396946565,
              "wilson90_lower": 0.6569677951066876
            },
            "away": {
              "count": 0,
              "hits": 0,
              "accuracy": null,
              "wilson90_lower": null
            }
          }
        }
      },
      "newer_test": {
        "count": 112,
        "hits": 78,
        "accuracy": 0.6964285714285714,
        "wilson90_lower": 0.6210275013399416,
        "coverage": 0.14933333333333335,
        "competitions_represented": 14,
        "by_direction": {
          "home": {
            "count": 112,
            "hits": 78,
            "accuracy": 0.6964285714285714,
            "wilson90_lower": 0.6210275013399416
          },
          "away": {
            "count": 0,
            "hits": 0,
            "accuracy": null,
            "wilson90_lower": null
          }
        }
      }
    },
    "D_away": {
      "selected_rule": null,
      "newer_test": null
    }
  },
  "primary_arm_selected_on_older_only": "A_market",
  "primary_newer_test": {
    "count": 178,
    "hits": 123,
    "accuracy": 0.6910112359550562,
    "wilson90_lower": 0.6315391644331525,
    "coverage": 0.23733333333333334,
    "competitions_represented": 15,
    "by_direction": {
      "home": {
        "count": 126,
        "hits": 86,
        "accuracy": 0.6825396825396826,
        "wilson90_lower": 0.6111038150326613
      },
      "away": {
        "count": 52,
        "hits": 37,
        "accuracy": 0.7115384615384616,
        "wilson90_lower": 0.5997825491500042
      }
    }
  },
  "primary_newer_raw65_met": true,
  "primary_newer_wilson65_met": false,
  "governance": {
    "development_only": true,
    "historical_market_archive": true,
    "test_not_used_for_selection": true,
    "automatic_promotion": false,
    "fresh_forward_required": true,
    "formal_weight_change": false,
    "runtime_probability_change": false,
    "current_rule_change": false
  }
}