{
  "schema_version": "V6.5.4-market-first-fresh-confirmation-r1",
  "generated_at_utc": "2026-07-22T16:16:52+00:00",
  "status": "PASS",
  "pre_registered_design": {
    "domains": 15,
    "sample_per_season": 50,
    "fresh_total": 1500,
    "old_identity_exclusion_count": 1700,
    "overlap_allowed": false,
    "sample_seed": "V6.5.4-market-first-disjoint-15domain-v1",
    "sample_outcome_blind": true,
    "frozen_threshold": 0.35,
    "frozen_rule": "market top1 non-draw and confidence>=0.35",
    "confirmation_parameters_tunable": false
  },
  "fresh_older_750_secondary": {
    "total_count": 750,
    "selected_count": 182,
    "hits": 129,
    "accuracy": 0.7087912087912088,
    "wilson90_lower": 0.6506623079713217,
    "coverage": 0.24266666666666667,
    "competitions_represented": 15,
    "by_direction": {
      "home": {
        "count": 141,
        "hits": 101,
        "accuracy": 0.7163120567375887,
        "wilson90_lower": 0.6502524411607353
      },
      "away": {
        "count": 41,
        "hits": 28,
        "accuracy": 0.6829268292682927,
        "wilson90_lower": 0.5552725436651202
      }
    }
  },
  "fresh_newer_750_primary": {
    "total_count": 750,
    "selected_count": 186,
    "hits": 135,
    "accuracy": 0.7258064516129032,
    "wilson90_lower": 0.6690546404237665,
    "coverage": 0.248,
    "competitions_represented": 15,
    "by_direction": {
      "home": {
        "count": 145,
        "hits": 103,
        "accuracy": 0.7103448275862069,
        "wilson90_lower": 0.6449802088961336
      },
      "away": {
        "count": 41,
        "hits": 32,
        "accuracy": 0.7804878048780488,
        "wilson90_lower": 0.6586866528499391
      }
    }
  },
  "combined_1500": {
    "total_count": 1500,
    "selected_count": 368,
    "hits": 264,
    "accuracy": 0.717391304347826,
    "wilson90_lower": 0.6773054210203919,
    "coverage": 0.24533333333333332,
    "competitions_represented": 15,
    "by_direction": {
      "home": {
        "count": 286,
        "hits": 204,
        "accuracy": 0.7132867132867133,
        "wilson90_lower": 0.6674643610374024
      },
      "away": {
        "count": 82,
        "hits": 60,
        "accuracy": 0.7317073170731707,
        "wilson90_lower": 0.6447760734837642
      }
    }
  },
  "primary_raw65_met": true,
  "primary_wilson65_met": true,
  "sample_audit": {
    "ARG_Primera": {
      "older": {
        "season": "2024",
        "processed_disjoint": 328,
        "market_matched_disjoint": 328,
        "sampled": 50,
        "match_stats": {
          "matched": 328
        }
      },
      "newer": {
        "season": "2025",
        "processed_disjoint": 460,
        "market_matched_disjoint": 460,
        "sampled": 50,
        "match_stats": {
          "matched": 460
        }
      }
    },
    "BRA_SerieA": {
      "older": {
        "season": "2024",
        "processed_disjoint": 330,
        "market_matched_disjoint": 330,
        "sampled": 50,
        "match_stats": {
          "matched": 330
        }
      },
      "newer": {
        "season": "2025",
        "processed_disjoint": 330,
        "market_matched_disjoint": 330,
        "sampled": 50,
        "match_stats": {
          "matched": 330
        }
      }
    },
    "ENG_PremierLeague": {
      "older": {
        "season": "2024/25",
        "processed_disjoint": 330,
        "market_matched_disjoint": 330,
        "sampled": 50,
        "match_stats": {
          "matched": 330
        }
      },
      "newer": {
        "season": "2025/26",
        "processed_disjoint": 330,
        "market_matched_disjoint": 330,
        "sampled": 50,
        "match_stats": {
          "matched": 330
        }
      }
    },
    "ESP_LaLiga": {
      "older": {
        "season": "2024/25",
        "processed_disjoint": 330,
        "market_matched_disjoint": 330,
        "sampled": 50,
        "match_stats": {
          "matched": 330
        }
      },
      "newer": {
        "season": "2025/26",
        "processed_disjoint": 330,
        "market_matched_disjoint": 330,
        "sampled": 50,
        "match_stats": {
          "matched": 330
        }
      }
    },
    "FRA_Ligue1": {
      "older": {
        "season": "2024/25",
        "processed_disjoint": 256,
        "market_matched_disjoint": 256,
        "sampled": 50,
        "match_stats": {
          "matched": 256
        }
      },
      "newer": {
        "season": "2025/26",
        "processed_disjoint": 256,
        "market_matched_disjoint": 256,
        "sampled": 50,
        "match_stats": {
          "matched": 256
        }
      }
    },
    "GER_Bundesliga": {
      "older": {
        "season": "2024/25",
        "processed_disjoint": 256,
        "market_matched_disjoint": 256,
        "sampled": 50,
        "match_stats": {
          "matched": 256
        }
      },
      "newer": {
        "season": "2025/26",
        "processed_disjoint": 256,
        "market_matched_disjoint": 256,
        "sampled": 50,
        "match_stats": {
          "matched": 256
        }
      }
    },
    "ITA_SerieA": {
      "older": {
        "season": "2024/25",
        "processed_disjoint": 330,
        "market_matched_disjoint": 330,
        "sampled": 50,
        "match_stats": {
          "matched": 330
        }
      },
      "newer": {
        "season": "2025/26",
        "processed_disjoint": 330,
        "market_matched_disjoint": 330,
        "sampled": 50,
        "match_stats": {
          "matched": 330
        }
      }
    },
    "JPN_J1": {
      "older": {
        "season": "2024",
        "processed_disjoint": 330,
        "market_matched_disjoint": 330,
        "sampled": 50,
        "match_stats": {
          "matched": 330
        }
      },
      "newer": {
        "season": "2025",
        "processed_disjoint": 330,
        "market_matched_disjoint": 330,
        "sampled": 50,
        "match_stats": {
          "matched": 330
        }
      }
    },
    "NED_Eredivisie": {
      "older": {
        "season": "2024/25",
        "processed_disjoint": 256,
        "market_matched_disjoint": 256,
        "sampled": 50,
        "match_stats": {
          "matched": 256
        }
      },
      "newer": {
        "season": "2025/26",
        "processed_disjoint": 256,
        "market_matched_disjoint": 256,
        "sampled": 50,
        "match_stats": {
          "matched": 256
        }
      }
    },
    "NOR_Eliteserien": {
      "older": {
        "season": "2024",
        "processed_disjoint": 190,
        "market_matched_disjoint": 190,
        "sampled": 50,
        "match_stats": {
          "matched": 190
        }
      },
      "newer": {
        "season": "2025",
        "processed_disjoint": 190,
        "market_matched_disjoint": 190,
        "sampled": 50,
        "match_stats": {
          "matched": 190
        }
      }
    },
    "POR_PrimeiraLiga": {
      "older": {
        "season": "2024/25",
        "processed_disjoint": 256,
        "market_matched_disjoint": 256,
        "sampled": 50,
        "match_stats": {
          "matched": 256
        }
      },
      "newer": {
        "season": "2025/26",
        "processed_disjoint": 256,
        "market_matched_disjoint": 256,
        "sampled": 50,
        "match_stats": {
          "matched": 256
        }
      }
    },
    "SCO_Premiership": {
      "older": {
        "season": "2024/25",
        "processed_disjoint": 178,
        "market_matched_disjoint": 178,
        "sampled": 50,
        "match_stats": {
          "matched": 178
        }
      },
      "newer": {
        "season": "2025/26",
        "processed_disjoint": 178,
        "market_matched_disjoint": 178,
        "sampled": 50,
        "match_stats": {
          "matched": 178
        }
      }
    },
    "SUI_SuperLeague": {
      "older": {
        "season": "2024/25",
        "processed_disjoint": 178,
        "market_matched_disjoint": 178,
        "sampled": 50,