{
  "schema_version": "V6.16.0-ordinal-total-conditional-score-r1",
  "generated_at_utc": "2026-07-24T13:59:12+00:00",
  "status": "PASS",
  "formal_current_version": "V5.0.1",
  "classification": "RETROSPECTIVE_RESEARCH_ONLY_NO_ORIGINAL_QUOTE_TIMESTAMP",
  "design": {
    "validation_seasons": [
      "2022/23",
      "2023/24",
      "2024/25"
    ],
    "test_season": "2025/26",
    "team_window": 10,
    "league_window": 100,
    "direct_cumulative_targets": [
      "T>0",
      "T>1",
      "T>2",
      "T>3",
      "T>4",
      "T>5",
      "T>6"
    ],
    "monotone_projection": true,
    "conditional_goal_difference_given_total": true,
    "test_used_for_selection": false
  },
  "selected_gate": {
    "pmin": 0.26,
    "gapmin": 0,
    "validation_worst_accuracy": 0.26184323858742464,
    "validation_aggregate_accuracy": 0.2700525394045534,
    "validation_wilson90_lower": 0.2566073209875403,
    "validation_count": 2855,
    "validation_folds": [
      {
        "all_matches": 2666,
        "selected": 1161,
        "coverage": 0.43548387096774194,
        "total_hits": 304,
        "total_accuracy": 0.26184323858742464,
        "wilson90_lower": 0.2411914251204256,
        "score_eligible": 1161,
        "score_top1_hits": 158,
        "score_top1_accuracy": 0.13608957795004306,
        "score_top3_hits": 304,
        "score_top3_accuracy": 0.26184323858742464,
        "conditional_total_exact_count": 304,
        "conditional_score_top1": 0.5197368421052632,
        "conditional_score_top3": 1.0
      },
      {
        "all_matches": 2592,
        "selected": 817,
        "coverage": 0.3152006172839506,
        "total_hits": 222,
        "total_accuracy": 0.2717258261933905,
        "wilson90_lower": 0.24691109052909743,
        "score_eligible": 817,
        "score_top1_hits": 119,
        "score_top1_accuracy": 0.1456548347613219,
        "score_top3_hits": 222,
        "score_top3_accuracy": 0.2717258261933905,
        "conditional_total_exact_count": 222,
        "conditional_score_top1": 0.536036036036036,
        "conditional_score_top3": 1.0
      },
      {
        "all_matches": 2592,
        "selected": 877,
        "coverage": 0.33834876543209874,
        "total_hits": 245,
        "total_accuracy": 0.27936145952109465,
        "wilson90_lower": 0.25514790839302104,
        "score_eligible": 877,
        "score_top1_hits": 129,
        "score_top1_accuracy": 0.14709236031927023,
        "score_top3_hits": 245,
        "score_top3_accuracy": 0.27936145952109465,
        "conditional_total_exact_count": 245,
        "conditional_score_top1": 0.5265306122448979,
        "conditional_score_top3": 1.0
      }
    ]
  },
  "test_2025_26": {
    "all_matches": 2592,
    "selected": 765,
    "coverage": 0.2951388888888889,
    "total_hits": 192,
    "total_accuracy": 0.25098039215686274,
    "wilson90_lower": 0.2261037481263806,
    "score_eligible": 765,
    "score_top1_hits": 104,
    "score_top1_accuracy": 0.13594771241830064,
    "score_top3_hits": 192,
    "score_top3_accuracy": 0.25098039215686274,
    "conditional_total_exact_count": 192,
    "conditional_score_top1": 0.5416666666666666,
    "conditional_score_top3": 1.0
  },
  "test_100_blocks": [
    {
      "all_matches": 100,
      "selected": 29,
      "coverage": 0.29,
      "total_hits": 5,
      "total_accuracy": 0.1724137931034483,
      "wilson90_lower": 0.08653715859060776,
      "score_eligible": 29,
      "score_top1_hits": 1,
      "score_top1_accuracy": 0.034482758620689655,
      "score_top3_hits": 5,
      "score_top3_accuracy": 0.1724137931034483,
      "conditional_total_exact_count": 5,
      "conditional_score_top1": 0.2,
      "conditional_score_top3": 1.0,
      "start": 0,
      "stop": 100,
      "first_date": "2025-08-02T00:00:00+00:00",
      "last_date": "2025-08-23T00:00:00+00:00"
    },
    {
      "all_matches": 100,
      "selected": 33,
      "coverage": 0.33,
      "total_hits": 7,
      "total_accuracy": 0.21212121212121213,
      "wilson90_lower": 0.11930683376804527,
      "score_eligible": 33,
      "score_top1_hits": 4,
      "score_top1_accuracy": 0.12121212121212122,
      "score_top3_hits": 7,
      "score_top3_accuracy": 0.21212121212121213,
      "conditional_total_exact_count": 7,
      "conditional_score_top1": 0.5714285714285714,
      "conditional_score_top3": 1.0,
      "start": 100,
      "stop": 200,
      "first_date": "2025-08-23T00:00:00+00:00",
      "last_date": "2025-08-31T00:00:00+00:00"
    },
    {
      "all_matches": 100,
      "selected": 34,
      "coverage": 0.34,
      "total_hits": 12,
      "total_accuracy": 0.35294117647058826,
      "wilson90_lower": 0.23358561292995944,
      "score_eligible": 34,
      "score_top1_hits": 6,
      "score_top1_accuracy": 0.17647058823529413,
      "score_top3_hits": 12,
      "score_top3_accuracy": 0.35294117647058826,
      "conditional_total_exact_count": 12,
      "conditional_score_top1": 0.5,
      "conditional_score_top3": 1.0,
      "start": 200,
      "stop": 300,
      "first_date": "2025-08-31T00:00:00+00:00",
      "last_date": "2025-09-20T00:00:00+00:00"
    },
    {
      "all_matches": 100,
      "selected": 32,
      "coverage": 0.32,
      "total_hits": 11,
      "total_accuracy": 0.34375,
      "wilson90_lower": 0.2227602410620698,
      "score_eligible": 32,
      "score_top1_hits": 7,
      "score_top1_accuracy": 0.21875,
      "score_top3_hits": 11,
      "score_top3_accuracy": 0.34375,
      "conditional_total_exact_count": 11,
      "conditional_score_top1": 0.6363636363636364,
      "conditional_score_top3": 1.0,
      "start": 300,
      "stop": 400,
      "first_date": "2025-09-20T00:00:00+00:00",
      "last_date": "2025-09-27T00:00:00+00:00"
    },
    {
      "all_matches": 100,
      "selected": 39,
      "coverage": 0.39,
      "total_hits": 8,
      "total_accuracy": 0.20512820512820512,
      "wilson90_lower": 0.11964645131578355,
      "score_eligible": 39,
      "score_top1_hits": 1,
      "score_top1_accuracy": 0.02564102564102564,
      "score_top3_hits": 8,
      "score_top3_accuracy": 0.20512820512820512,
      "conditional_total_exact_count": 8,
      "conditional_score_top1": 0.125,
      "conditional_score_top3": 1.0,
      "start": 400,
      "stop": 500,
      "first_date": "2025-09-27T00:00:00+00:00",
      "last_date": "2025-10-05T00:00:00+00:00"
    },
    {
      "all_matches": 100,
      "selected": 22,
      "coverage": 0.22,
      "total_hits": 3,
      "total_accuracy": 0.13636363636363635,
      "wilson90_lower": 0.05584132113802161,
      "score_eligible": 22,
      "score_top1_hits": 2,
      "score_top1_accuracy": 0.09090909090909091,
      "score_top3_hits": 3,
      "score_top3_accuracy": 0.13636363636363635,
      "conditional_total_exact_count": 3,
      "conditional_score_top1": 0.6666666666666666,
      "conditional_score_top3": 1.0,
      "start": 500,
      "stop": 600,
      "first_date": "2025-10-05T00:00:00+00:00",
      "last_date": "2025-10-25T00:00:00+00:00"
    },
    {
      "all_matches": 100,
      "selected": 29,
      "coverage": 0.29,
      "total_hits": 6,
      "total_accuracy": 0.20689655172413793,
      "wilson90_lower": 0.11096191867701895,
      "score_eligible": 29,
      "score_top1_hits": 3,
      "score_top1_accuracy": 0.10344827586206896,
      "score_top3_hits": 6,
      "score_top3_accuracy": 0.20689655172413793,
      "conditional_total_exact_count": 6,
      "conditional_score_top1": 0.5,
      "conditional_score_top3": 1.0,
      "start": 600,
      "stop": 700,
      "first_date": "2025-10-25T00:00:00+00:00",
      "last_date": "2025-11-01T00:00:00+00:00"
    },
    {
      "all_matches": 100,
      "selected": 34,
      "coverage": 0.34,
      "total_hits": 10,
      "total_accuracy": 0.29411764705882354,
      "wilson90_lower": 0.18466051662934696,
      "score_eligible": 34,
      "score_top1_hits": 7,
      "score_top1_accuracy": 0.20588235294117646,
      "score_top3_hits": 10,