{
  "schema_version": "V6.3.1-wilson-risk-controlled-r1",
  "generated_at_utc": "2026-07-22T14:32:50+00:00",
  "status": "PASS",
  "design": {
    "source": "V6.2.5 r4 exact pooled cache",
    "selection_data": "older 850 only",
    "wilson90_lower_target": 0.65,
    "min_calibration_selected": 50,
    "arms": {
      "A_both": "non-draw + formal/V6 agreement",
      "B_home_only": "same + home only"
    }
  },
  "arms": {
    "A_both": {
      "calibration_rule": {
        "threshold": 0.44388554710466865,
        "count": 97,
        "hits": 71,
        "accuracy": 0.7319587628865979,
        "wilson90_lower": 0.6524289812003886,
        "coverage": 0.11411764705882353
      },
      "newer_850_test": {
        "status": "PASS",
        "threshold": 0.44388554710466865,
        "count": 87,
        "hits": 63,
        "accuracy": 0.7241379310344828,
        "wilson90_lower": 0.6394639433013343,
        "coverage": 0.10235294117647059,
        "raw_65_met": true
      }
    },
    "B_home_only": {
      "calibration_rule": {
        "threshold": 0.4350718841619695,
        "count": 81,
        "hits": 60,
        "accuracy": 0.7407407407407407,
        "wilson90_lower": 0.6537899144657813,
        "coverage": 0.09529411764705882
      },
      "newer_850_test": {
        "status": "PASS",
        "threshold": 0.4350718841619695,
        "count": 70,
        "hits": 50,
        "accuracy": 0.7142857142857143,
        "wilson90_lower": 0.6188019784621595,
        "coverage": 0.08235294117647059,
        "raw_65_met": true
      }
    }
  },
  "governance": {
    "newer_850_used_for_selection": false,
    "fresh_confirmation_required_if_promising": true,
    "formal_weight_change": false,
    "runtime_probability_change": false,
    "current_rule_change": false
  }
}