{
  "schema_version": "V6.2.9-pooled-asymmetric-r1",
  "generated_at_utc": "2026-07-22T14:28:04+00:00",
  "status": "PASS",
  "design": {
    "cache": "V6.2.5 r4 exact pooled architecture",
    "selection_data": "older 850 only",
    "target": 0.65,
    "min_total": 120,
    "min_per_direction": 20
  },
  "calibration_selected_rule": {
    "home_threshold": 0.29100291075484475,
    "away_threshold": 0.22036528954853019,
    "count": 287,
    "hits": 187,
    "accuracy": 0.6515679442508711,
    "wilson90_lower": 0.6040851482289136,
    "coverage_of_850": 0.3376470588235294,
    "directions": {
      "home": 212,
      "away": 75
    },
    "by_direction": {
      "home": {
        "count": 212,
        "hits": 141,
        "accuracy": 0.6650943396226415,
        "wilson90_lower": 0.6099935474010941
      },
      "away": {
        "count": 75,
        "hits": 46,
        "accuracy": 0.6133333333333333,
        "wilson90_lower": 0.5184322153607125
      }
    }
  },
  "newer_850_asymmetric_test": {
    "count": 268,
    "hits": 162,
    "accuracy": 0.6044776119402985,
    "wilson90_lower": 0.5545396645659469,
    "coverage_of_850": 0.31529411764705884,
    "directions": {
      "home": 176,
      "away": 92
    },
    "by_direction": {
      "home": {
        "count": 176,
        "hits": 113,
        "accuracy": 0.6420454545454546,
        "wilson90_lower": 0.5808689122338235
      },
      "away": {
        "count": 92,
        "hits": 49,
        "accuracy": 0.532608695652174,
        "wilson90_lower": 0.4473416185545467
      }
    },
    "target_65_met": false
  },
  "calibration_direction_survivors": [
    "home"
  ],
  "newer_850_survivors_only_exploratory": {
    "count": 176,
    "hits": 113,
    "accuracy": 0.6420454545454546,
    "wilson90_lower": 0.5808689122338235,
    "coverage_of_850": 0.20705882352941177,
    "directions": {
      "home": 176
    },
    "by_direction": {
      "home": {
        "count": 176,
        "hits": 113,
        "accuracy": 0.6420454545454546,
        "wilson90_lower": 0.5808689122338235
      },
      "away": {
        "count": 0,
        "hits": 0,
        "accuracy": null,
        "wilson90_lower": null
      }
    },
    "target_65_met": false
  },
  "governance": {
    "research_fast_gate": true,
    "newer_850_used_for_threshold_selection": false,
    "newer_850_used_for_direction_survival": false,
    "fresh_confirmation_required": true,
    "formal_weight_change": false,
    "runtime_probability_change": false,
    "current_rule_change": false
  }
}