{
  "schema_version": "V6.2.6-sampled-asymmetric-65-gate-r1",
  "generated_at_utc": "2026-07-22T14:11:39+00:00",
  "status": "PASS",
  "design": {
    "panel": "V6.2.5 r2 fixed 17-domain 50+50 outcome-blind sample",
    "calibration_count": 850,
    "test_count": 850,
    "selection": "home/away confidence thresholds selected only on older 850",
    "eligibility": "non-draw + V6/formal direction agreement",
    "target_accuracy": 0.65,
    "min_total_calibration_selection": 120,
    "min_per_direction_calibration_selection": 20
  },
  "calibration_selected_rule": {
    "home_threshold": 0.2801297701410832,
    "away_threshold": 0.29716776253158955,
    "count": 266,
    "hits": 173,
    "accuracy": 0.650375939849624,
    "wilson90_lower": 0.6009889979800577,
    "coverage_of_850": 0.3129411764705882,
    "predicted_direction_counts": {
      "home": 214,
      "away": 52
    },
    "by_direction": {
      "home": {
        "count": 214,
        "hits": 142,
        "accuracy": 0.6635514018691588,
        "wilson90_lower": 0.6086754832294204
      },
      "away": {
        "count": 52,
        "hits": 31,
        "accuracy": 0.5961538461538461,
        "wilson90_lower": 0.48217625468846587
      }
    }
  },
  "newer_850_test": {
    "status": "PASS",
    "home_threshold": 0.2801297701410832,
    "away_threshold": 0.29716776253158955,
    "count": 256,
    "hits": 165,
    "accuracy": 0.64453125,
    "wilson90_lower": 0.5940470419155388,
    "coverage_of_850": 0.30117647058823527,
    "predicted_direction_counts": {
      "home": 196,
      "away": 60
    },
    "by_direction": {
      "home": {
        "count": 196,
        "hits": 128,
        "accuracy": 0.6530612244897959,
        "wilson90_lower": 0.5953955548005813
      },
      "away": {
        "count": 60,
        "hits": 37,
        "accuracy": 0.6166666666666667,
        "wilson90_lower": 0.5105153040436409
      }
    },
    "target_65_raw_accuracy_met": false
  },
  "comparison_to_v625_pooled_gate": {
    "v625_test_count": 230,
    "v625_test_accuracy": 0.6391304347826087,
    "v625_test_coverage": 0.27058823529411763,
    "v626_test_count": 256,
    "v626_test_accuracy": 0.64453125,
    "v626_test_coverage": 0.30117647058823527,
    "accuracy_delta_pp": 0.540081521739133
  },
  "sample_identity_audit": {
    "domains": 17,
    "unique_1700": 1700,
    "sample_seed": "V6.2.5-17domain-2season-50-v2-identity"
  },
  "governance": {
    "fast_development_gate_only": true,
    "newer_850_not_used_for_threshold_selection": true,
    "not_pristine_promotion_evidence": true,
    "formal_weight_change": false,
    "runtime_probability_change": false,
    "current_rule_change": false,
    "automatic_promotion": false,
    "v610_v613_pristine_forward_untouched": true
  }
}